:1000000000800020BD01000005FF0100C1FE0100CD
:10001000C1FE0100C1FE0100C1FE0100C1FE0100E0
:10002000C1FE0100C1FE0100C1FE010005FF01008B
:1000300005FF0100C1FE0100FDF2010001F3010016
:1000400005FF010005FF010005FF010005FF01009C
:1000500005FF010005FF010005FF010005FF01008C
:1000600005FF010005FF010005FF010005FF01007C
:1000700005FF010005FF010005FF010005FF01006C
:1000800005FF010005FF010005FF010005FF01005C
:1000900005FF010005FF010005FF010005FF01004C
:1000A00005FF010005FF010005FF010005FF01003C
:1000B00005FF010005FF010005FF010005FF01002C
:1000C00005FF010005FF010005FF010005FF01001C
:1000D00005FF010005FF010005FF010005FF01000C
:1000E00005FF010005FF010005FF010005FF0100FC
:1000F00005FF01001510020005FF0100851902002F
:1001000005FF0100CD20020005FF010005FF0100F1
:1001100005FF010005FF010005FF010005FF0100CB
:1001200005FF010005FF010005FF010005FF0100BB
:1001300005FF010005FF010005FF010005FF0100AB
:1001400005FF010005FF010005FF010005FF01009B
:100150009DF80100B9F80100D5F80100F1F801009F
:1001600005FF0100D123020005FF010005FF01008A
:1001700005FF010005FF010005FF010005FF01006B
:1001800005FF010005FF010005FF010005FF01005B
:1001900005FF010005FF010005FF010005FF01004B
:1001A00005FF010005FF010005FF010005FF01003B
:1001B00005FF010005FF010005FF0100574B4CF250
:1001C000205210B5DA814DF62812DA8100BF00BF47
:1001D0001FF09CFE524B4FF010621A63514A9A6313
:1001E000514ADA63514A136913F4807303D153619E
:1001F0004FF4A85313614E4B9A78110703D59A78A0
:1002000042F008029A704B4B4B482A221A704B4B13
:10021000DA1C121AC11E22F00302994288BF002282
:1002200047491FF079FD474B4748DA1C121AC11E97
:1002300022F00302994288BF0022002129F042FEE9
:10024000424943484FF4DE721FF066FD414B424A7B
:10025000802103F8011B9342FBD14FF0E0233C4A7D
:10026000C3F8082D3D4B8A221A70A3F5805324222F
:100270005A70A0221A709A799207FCD59A79D406FE
:10028000FCD4374B9A7902F00C02082AFAD10522E5
:100290001A7143225A719A799006FCD5304A9379A3
:1002A0005906FCD51E4B4FF08171596405219964A4
:1002B00020211170917901F00C010C29FAD1294A01
:1002C0005A604FF0E023284A5A6100229A610722BF
:1002D0001A61264AC3F8202D62B620F089F8134B24
:1002E0005B69DA0705D5224820F076F8214B224ACF
:1002F000DA61224B1B785B0609D51E4C1E4BE26966
:100300009A4204D11A4820F067F80023E3611FF0F5
:1003100003FE29F09DFF1FF0F7FCFEE700200540DB
:1003200000800440823F04000100002B00D0034005
:1003300000D0074000E007402087FF1FE88FFF1F25
:10034000A01C030024A6FF1FE88FFF1F0000000071
:100350000082FF1F00E400E05FE400E00050064080
:1003600000400640C01005003F1901000000202099
:10037000FC8EC66A00E00340A5C3945A00F0074013
:10038000FFFFFFFFFFFFFFFFFFFFFFFFFFFFFFFF7D
:10039000FFFFFFFFFFFFFFFFFFFFFFFFFFFFFFFF6D
:1003A000FFFFFFFFFFFFFFFFFFFFFFFFFFFFFFFF5D
:1003B000FFFFFFFFFFFFFFFFFFFFFFFFFFFFFFFF4D
:1003C000FFFFFFFFFFFFFFFFFFFFFFFFFFFFFFFF3D
:1003D000FFFFFFFFFFFFFFFFFFFFFFFFFFFFFFFF2D
:1003E000FFFFFFFFFFFFFFFFFFFFFFFFFFFFFFFF1D
:1003F000FFFFFFFFFFFFFFFFFFFFFFFFFFFFFFFF0D
:10040000FFFFFFFFFFFFFFFFFFFFFFFFDEF9FFFF23
:100410000548064B1B1AD90F01EBA301491002D066
:10042000034B03B118477047E88FFF1FE88FFF1F8A
:100430000000000008B5054B1BB105490548AFF3A6
:100440000080BDE80840FFF7E3BF00BF00000000E8
:10045000E88FFF1F981C030008B51FF0B7FF0021AD
:1004600008BD00BFFFFFFFFF2DE9F04FD64BD74976
:10047000D3E9042385B0C1E90E231FF0A7FF0021B3
:10048000044617F035FC00210646204617F0C2FB53
:1004900000210546204617F015FC6B1E012B98BF66
:1004A00006F1FF360746304698BF0C3527F0DEFAD6
:1004B000C749064627F0E2FB23F0A8FDC54981465F
:1004C000304627F0DBFB23F0A1FDC34980463046D0
:1004D00027F020FB23F09AFD0646284627F0C6FAAF
:1004E0004FF07E5127F00EFABC4927F013FB23F0A2
:1004F0008DFD494605464FF0804027F001FA414600
:1005000027F000FA26F058FE80463046894626F04D
:1005100053FE02460B464046494626F0EFFC804615
:100520002846894626F048FE02460B464046494684
:1005300026F0E4FC80463846894626F02BFE02462B
:100540000B464046494626F0D9FC8BA3D3E900234D
:1005500026F0D4FC02461746884620460021CDE905
:10056000027817F099FB00210646204617F068FB39
:1005700027F07CFA9A4927F081FB0546304627F0A0
:1005800075FA0146284627F0BDF9002103462046AA
:100590001C4617F06BFB27F069FA924927F06EFBB7
:1005A000214627F0AFF926F007FE8F4BCDE9000179
:1005B00000223846414626F0A1FC23F059FC70A3E6
:1005C000D3E9002304460D4627F0DEF858B36EA3A6
:1005D000D3E900232046294626F08EFC6CA3D3E9FC
:1005E000002326F06BFF27F0EFF826F0D3FD7F4BBA
:1005F000002206460F4626F037FE23F039FC02465D
:100600000B462046294614461D460022784B26F00C
:1006100075FC32463B4626F071FC22462B4626F0FE
:100620006BFC04460D465CA3D3E900232046294613
:1006300026F064FC5AA3D3E9002304460D4626F0B5
:100640005BFC59A3D3E9002326F038FF23F010FC0C
:1006500055A3D3E9002382468B4626F005FE23F0FE
:1006600007FC02460B462046294626F045FC50A3CF
:10067000D3E9002306460F4626F020FF23F0F8FBBF
:100680004BA3D3E900238046894626F0EDFD23F0F5
:10069000EFFB002204460D4600233046394626F083
:1006A0002DFC22462B4626F027FC23F0E1FB27F009
:1006B0008BF8504B044600224046494627F046F846
:1006C000002800F0BC824A4B00224046494626F0F2
:1006D00013FC27F079F80646304627F0C7F946495B
:1006E000054627F0D3FB002800F09E8232A3D3E911
:1006F00000235046594626F0FFFB27F065F80746D1
:10070000731E012B05D806F10C0027F0AFF9013F4D
:100710000546384627F0AAF92D49064627F0AEFAD5
:1007200023F074FC2B498246304627F0A7FA23F0C9
:100730006DFC29498146304627F0ECF923F066FC30
:100740004FF07E518046284627F0DCF8234927F0F9
:10075000E1F923F05BFC1AA3D3E900230546DDE9A8
:10076000020126F0C9FB254B06460F460022DDE9B3
:10077000000145E0AFF3008000000080A2423A4152
:10078000000000008C8A414100000040D07D3C41C7
:100790000000000088D5E1400000000000D0974034
:1007A0000000006066865E400000000000D47640D5
:1007B00000000020A0993E4000000000006CB24004
:1007C000000000802CB44241F892FF1F7891FF1F77
:1007D0000000C8420000C84300A0B64301CDF44168
:1007E00000007042000061450000E03F0000D03F83
:1007F0000000F03F00002B40000020400000384087
:1008000026F05CFE02460B463046394626F076FB63
:1008100002460B46CDE90223D1A3D3E9002326F0FB
:100820004DFE02460B464FF0804051469B46924695
:1008300027F066F8494627F065F826F0BDFC064625
:1008400040460F4626F0B8FC02460B463046394675
:1008500026F054FB064628460F4626F0ADFC02461D
:100860000B463046394626F049FB064620460F46E1
:1008700026F090FC02460B463046394626F03EFBF9
:10088000B9A3D3E9002326F039FBB9A3D3E90023A8
:1008900026F032FBB8A3D3E9002326F0E5FCB8A389
:1008A000D3E9002326F02AFBCD4B0022804689465F
:1008B00026F060FF78B1CA4D002422462B46404600
:1008C000494626F019FB22462B468046894626F0EB
:1008D00051FF0028F1D1002200234046494626F06E
:1008E00035FF88B1BE4F002600240025404649460A
:1008F00032463B4626F002FB22462B46804689467E
:1009000026F024FF0028F1D19FA3D3E90023DDE9DD
:10091000000126F0A9FC42464B4626F0EFFA9CA3C4
:10092000D3E9002304460D465046594626F09CFC68
:1009300052465B4626F098FC02460B462046294666
:1009400026F0DCFAA64B002204460D4626F012FFE4
:1009500078B1A34F002632463B462046294626F072
:10096000CBFA32463B4604460D4626F003FF0028EC
:10097000F1D1002200232046294626F0E7FE98B157
:10098000974F00264FF000084FF0000932463B46D3
:100990002046294626F0B2FA42464B4604460D460A
:1009A00026F0D4FE0028F1D1DDE902AB7AA3D3E929
:1009B00000235046594626F057FC02460B4678A1C4
:1009C000D1E9000126F098FA77A3D3E9002326F0B5
:1009D00075FD22F063FF76A3D3E9002306460F4698
:1009E0005046594626F040FC73A3D3E9002326F075
:1009F00085FA02460B4626F081FA6BA3D3E9002361
:100A000026F05CFD22F04AFF6DA3D3E90023804667
:100A100089465046594626F027FC02460B466AA1F5
:100A2000D1E9000126F068FA5FA3D3E9002326F09C
:100A300045FD22F0A7FE66A3D3E9002382468B463C
:100A40003046394626F010FC63A3D3E9002306465E
:100A50000F464046494626F007FC02460B46304604
:100A6000394626F049FA52465B4626F0FDFB2246FF
:100A70002B4626F043FA5A4B00228046894626F040
:100A800079FE78B1564D002422462B464046494611
:100A900026F032FA22462B468046894626F06AFE28
:100AA0000028F1D1002200234046494626F04EFEA0
:100AB00088B14B4F00260024002532463B46404675
:100AC000494626F01BFA22462B468046894626F0E8
:100AD0003DFE0028F1D14349434B0022D1E90E01EC
:100AE00026F0ECFC02460B464046494626F004FA46
:100AF0003B4B00228046894626F03CFE78B1384DBB
:100B0000002422462B464046494626F0F5F9224667
:100B10002B468046894626F02DFE0028F1D1002282
:100B200000234046494626F011FE88B12C4F00268E
:100B30000024002532463B464046494626F0DEF971
:100B400022462B468046894626F000FE0028F1D139
:100B5000234B00224046494626F0B0FC46E000BF49
:100B600000000000A0D5E14000000080A2423A4110
:100B7000000000802CB44241000000E05BD2B03F96
:100B8000000000801CCA1A40000000E0360BF03F55
:100B9000000000605243FB3E00000060C91CAB3FF8
:100BA000000000608F425F4000000020DCA54C4048
:100BB000000000E0718AEF3F00000020858771404F
:100BC000000000A0F2D79A3E000000007670374087
:100BD000000000A0EEE734BF00000080732AF93E59
:100BE000000038407891FF1F00002E401CA3D3E97D
:100BF000002326F039FB26F0E7FD72B61C49086099
:100C000062B672B60A680B68C1E9042362B6194875
:100C100010F08AF9E8B1174810F0D8F90A2005B0A9
:100C2000BDE8F04F1FF0D8BD0FA3D3E90023504615
:100C3000594626F061F926F0C7FD074660E50E4BE0
:100C400000224046494626F057F926F0BDFD0646EB
:100C500042E5084810F080F9DDE700BFAFF30080FF
:100C600000000000C07A604100000000006BB2404C
:100C70007891FF1F4093FF1F00002A4008B5114BD9
:100C800093F88B1693F8AB26914204D0002283F898
:100C90008B2683F8AB260B4814F034FA00B108BD5C
:100CA000094B0A4A19680A4BA0F1333000FB0133A3
:100CB000B2EB730F0348BDE8084094BF0121002147
:100CC00015F0D8B94093FF1F7891FF1F9999991992
:100CD0009899991970B50C4682B072B62F4A11686E
:100CE00062B61369CB1A002B26DC2D4E2D4D1FF05A
:100CF00053FD2D4B9A68D9681860821A8A42C8BF82
:100D0000DA605A60326801929860019AD5F8283505
:100D100042F20F71D31A8B4294BF0121002121703E
:100D200004D902F51C521032C5F828251D4802B01E
:100D3000BDE8704014F05EBFD06811611844D06007
:100D400091688B42C8BF9360012B03D05068591E35
:100D50000144516012681548114E80FB0250D117B2
:100D6000C1EB6011642000FB11210E4D326800922E
:100D70000098D5F8282542F20F7C821A624594BF6C
:100D800001220022227004D900F51C501030C5F851
:100D90002805044815F028F8A9E700BF7891FF1F3F
:100DA00034A0FF1F4093FF1F0890FF1F1F85EB51CA
:100DB000F8B5164E164D3778044601F09BF904F04D
:100DC000AFFA95F8F8349F4205D01721284610F065
:100DD00097F995F8F8340E48337014F08DF910B97E
:100DE00095F8F83543B92046FFF748FF20460949F2
:100DF000BDE8F840FFF76EBF054810F075F80448ED
:100E000015F04AFB024810F073F8ECE70190FF1F61
:100E10004093FF1F0090FF1F08B51EF0FFFEBDE8C6
:100E200008401EF0FBBE00BF10B5012117201FF0C7
:100E300077FC0E484FF416511EF0A4FB1424012138
:100E400017201FF039FC0A201FF0C6FC17200021D4
:100E50001FF032FC32201FF0BFFC013CEFD1BDE897
:100E60001040012117201FF027BC00BF0888FF1F7A
:100E700038B50920124C134D20F048FB00210A2000
:100E800020F006FB20464DF6C0211EF0C3FA0A23CF
:100E9000A3600D48042120F025FC20F0ABFCFA20D3
:100EA0001FF09AFC012406E020F0DCFCC0B23F28D1
:100EB00008BF85F8374020F0C1FC0028F4DC38BDBD
:100EC000F487FF1F4093FF1F500703002DE9F843ED
:100ED0001B4D1C4C2E681C4FDFF8709040F2EE2822
:100EE00022F044F82378EBB13B78DB071AD52B6866
:100EF000D9F800209B1A0E2B14D901221449154849
:100F000001F0D2F914484FF461411EF011FA124970
:100F10001248022201F0C8F9BDE8F8430021172069
:100F20001FF0CABB2B6822789B1B2AB1B3F5FA6F5E
:100F3000E3D822F01BF8D3E74345FAD9DDE700BF39
:100F400034A0FF1FD0A2FF1FF4A2FF1FF8A2FF1FB3
:100F50006488FF1F6490FF1FE087FF1F4090FF1F02
:100F600070B5274C0546FFF75FFF0FF0CFFB20461B
:100F700010F02AF8234817F053F80026002101202A
:100F800017F05CF81FF022FA314617F027F801211C
:100F900006201FF0C5FBD4F8A41806201FF07AFA2B
:100FA00020460FF09DFF204610F0A8F8314604F5CA
:100FB000DD6010F0EBF8204613F07AF9204610F0CF
:100FC0006DF82846FFF750FA72B60F4B19681A6889
:100FD000C3E9041262B64FF4FA601FF0FDFB20F083
:100FE000E3FFB042D8BF00232846C8BF012384F8DE
:100FF0003830FFF73DFF2846BDE87040FFF766BF79
:101000004093FF1F590400007891FF1F38B5037803
:10101000062B04464ED03A2B4AD14378243B442B2E
:1010200046D8DFE813F016014500450045004500AD
:101030004500450045004500450045004500450088
:101040004500450045004500450045004500450078
:101050004500450045004500450045004500450068
:101060000101C600B600E200CF00EB00AD00450074
:1010700045004500450045009D00450045004500F0
:1010800094008B0082007200690045005F004500FB
:101090004500450045004500450045004500450028
:1010A00045004500450045004500450056004D00FF
:1010B000042038BD4378002B14BF0420012038BD24
:1010C0008178714828F050FF00280CBF04200220CE
:1010D00038BD81786D4828F047FF00280CBF0420F8
:1010E000022038BD84786A48214628F03DFF002858
:1010F00000F0BB80002038BD8178664828F034FFBE
:10110000B0FA80F04009800038BD847862482146FA
:1011100028F02AFF0028EDD16048214628F024FF5E
:1011200000280CBF0420022038BD81785C4828F0DC
:101130001BFF00280CBF0420022038BD81785948CD
:1011400028F012FFB0FA80F04009800038BD8178A5
:10115000554828F009FFB0FA80F04009800038BDFA
:1011600084785248214628F0FFFE0028C2D150481A
:10117000214628F0F9FE002800F08480012038BDC7
:1011800081784C4828F0F0FE00280CBF0420032092
:1011900038BD84784848214628F0E6FE002862D110
:1011A0002146464828F0E0FEB0FA80F04009800071
:1011B00038BD8178424828F0D7FEB0FA80F0400967
:1011C000800038BD85783F48294628F0CDFE0028AC
:1011D00049D14D2D4DD0572D7FF46AAFE378303B88
:1011E000012B8CBF0420022038BD8178294828F0CB
:1011F000BBFE00280CBF0420032038BD8478324891
:10120000214628F0B1FE00287FF474AF2F48214614
:1012100028F0AAFE58BB2E48214628F0A5FE00283B
:101220000CBF0420032038BD2A4929F04DF80028BE
:101230003FF43FAF2849204629F046F800283FF404
:1012400038AFA4782548214628F08EFE78B9244886
:10125000E2E784782348214628F086FE00287FF4C0
:1012600049AF214859E7032038BD2048D4E7022080
:1012700038BDE1781E4828F077FE00280CBF042016
:10128000012038BD1B4848E7E0070300BC07030006
:101290003C080300240903002C0803003408030061
:1012A000140803000808030000080300EC0703000B
:1012B000F4070300C007030084070300E8070300E6
:1012C000800703008807030094070300A0070300BA
:1012D000B407030058070300600703006807030012
:1012E0007C0703009C070300480803004408030030
:1012F0008C070300FC070300002800F00B8510B5E5
:1013000003783A2B044640F0F484FFF77FFE002870
:1013100000F0DC84431EDBB2012B40F2D8840328AA
:1013200040F0EF84C549204628F0CEFF002800F0A9
:10133000D084C349204628F0C7FF002800F0CB84A2
:10134000C049204628F0C0FF002800F0C684BE49EE
:10135000204628F0B9FF002800F0C184BB49204690
:1013600028F0B2FF002800F0BE84B949204628F0DA
:10137000ABFF002800F0B984B649204628F0A4FF4E
:10138000002800F0B484B449204628F09DFF0028CE
:1013900000F0B284B149204628F096FF002800F002
:1013A000AD84AF49204628F08FFF002800F09984D3
:1013B000AC49204628F088FF002800F0A584AA49FF
:1013C000204628F081FF002800F0A084A74920468D
:1013D00028F07AFF002800F09B84A549204628F0D9
:1013E00073FF002800F09984A249204628F06CFF82
:1013F000002800F09484A049204628F065FF0028CA
:1014000000F08F849D49204628F05EFF002800F000
:101410008A849B49204628F057FF002800F08584E5
:101420009849204628F050FF002800F08084964913
:10143000204628F049FF002800F07B84934920468D
:1014400028F042FF002800F076849149204628F0D9
:101450003BFF002800F071848E49204628F034FFBD
:10146000002800F06C848C49204628F02DFF0028CD
:1014700000F067848949204628F026FF002800F004
:1014800062848749204628F01FFF002800F05D8411
:101490008449204628F018FF002800F0588482492B
:1014A000204628F011FF002800F053847F49204691
:1014B00028F00AFF002800F050847D49204628F0DB
:1014C00003FF002800F047847A49204628F0FCFEFC
:1014D000002800F046847849204628F0F5FE0028D0
:1014E00000F03D847549204628F0EEFE002800F00B
:1014F0003E847349204628F0E7FE002800F035843A
:101500007049204628F0E0FE002800F088846E49EB
:10151000204628F0D9FE002800F07F846B49204641
:1015200028F0D2FE002800F076846949204628F091
:10153000CBFE002800F06D846649204628F0C4FEEA
:10154000002800F064846449204628F0BDFE00288D
:1015500000F05B846149204628F0B6FE002800F0C8
:1015600052845F49204628F0AFFE002800F04984ED
:101570005C49204628F0A8FE002800F040845A4923
:10158000204628F0A1FE002800F037845749204665
:1015900028F09AFE002800F02E845549204628F0B5
:1015A00093FE002800F025845249204628F08CFE46
:1015B000002800F01C845049204628F085FE0028B1
:1015C00000F013844D49204628F07EFE002800F0EC
:1015D0000A844B49204628F077FE002800F0018459
:1015E0004849204628F070FE002800F0F88346495C
:1015F000204628F069FE002800F0EF83434920468A
:1016000028F062FE002800F0E6834149204628F0D9
:101610005BFE002800F0DD833E49204628F054FEA2
:10162000002800F0D4833C49204628F04DFE0028D5
:1016300000F0CB833949204672E000BF4C0803001C
:10164000540803005C080300640803006C080300EE
:1016500074080300780803005007030080080300A3
:10166000880803009008030098080300A0080300FE
:10167000A8080300B0080300B8080300C00803006E
:10168000C8080300D0080300D8080300E0080300DE
:10169000E8080300F0080300F8080300000903004D
:1016A00008090300100903001809030020090300BA
:1016B000280903003009030038090300400903002A
:1016C000480903005009030058090300600903009A
:1016D000680903007009030078090300800903000A
:1016E000880903009009030098090300A00903007A
:1016F000A8090300B0090300B8090300C0090300EA
:10170000C8090300D0090300D8090300E009030059
:10171000E8090300F0090300F8090300000A0300C8
:1017200028F0D2FD002800F04E83C549204628F05D
:10173000CBFD002800F04583C249204628F0C4FDB7
:10174000002800F03C83C049204628F0BDFD002859
:1017500000F03383BD49204628F0B6FD002800F094
:101760002A83BB49204628F0AFFD002800F02183E2
:10177000B849204628F0A8FD002800F01883B64993
:10178000204628F0A1FD002800F00F83B349204631
:1017900028F09AFD002800F00683B149204628F081
:1017A00093FD002800F0FD82AE49204628F08CFD14
:1017B000002800F0F183AC49204628F085FD002880
:1017C00000F0E883A949204628F07EFD002800F0BB
:1017D000DF83A749204628F077FD002800F0D68354
:1017E000A449204628F070FD002800F0CD83A249CE
:1017F000204628F069FD002800F0C4839F49204658
:1018000028F062FD002800F0BB839D49204628F0A7
:101810005BFD002800F0B2839A49204628F054FD71
:10182000002800F0A9839849204628F04DFD0028A3
:1018300000F0A0839549204628F046FD002800F0DE
:1018400097839349204628F03FFD002800F08E83BF
:101850009049204628F038FD002800F085838E4905
:10186000204628F031FD002800F07C838B4920467B
:1018700028F02AFD002800F073838949204628F0CB
:1018800023FD002800F06A838649204628F01CFDCD
:10189000002800F061838449204628F015FD0028C7
:1018A00000F058838149204628F00EFD002800F002
:1018B0004F837F49204628F007FD002800F046832B
:1018C0007C49204628F000FD002800F03D837A493D
:1018D000204628F0F9FC002800F0348377492046A0
:1018E00028F0F2FC002800F02B837549204628F0F0
:1018F000EBFC002800F022837249204628F0E4FC2B
:10190000002800F019837049204628F0DDFC0028EB
:1019100000F010836D49204628F0D6FC002800F026
:1019200007836B49204628F0CFFC002800F0FE8298
:101930006849204628F0C8FC002800F0F582664976
:10194000204628F0C1FC002800F0EC8263492046C4
:1019500028F0BAFC002800F0E3826149204628F014
:10196000B3FC002800F0DA825E49204628F0ACFC87
:10197000002800F0D1825C49204628F0A5FC002810
:1019800000F08B825949204628F09EFC002800F088
:1019900082825749204628F097FC002800F079827F
:1019A0005449204628F090FC002800F070825249EB
:1019B000204628F089FC002800F067824F49204625
:1019C00028F082FC002800F05E824D49204628F075
:1019D0007BFC002800F055824A49204628F074FC20
:1019E000002800F04C824849204628F06DFC002871
:1019F00000F043824549204628F066FC002800F0AC
:101A00003A824349204628F05FFC002800F03182EA
:101A10004049204628F058FC002800F028823E4922
:101A2000204628F051FC002800F01F823B49204648
:101A300028F04AFC002800F016823949204671E05F
:101A4000080A0300100A0300180A0300200A030012
:101A5000280A0300300A0300380A0300400A030082
:101A6000480A0300500A0300580A0300600A0300F2
:101A7000680A0300700A0300780A0300800A030062
:101A8000880A0300900A0300980A0300A00A0300D2
:101A9000A80A0300B00A0300B80A0300C00A030042
:101AA000C80A0300D00A0300D80A0300E00A0300B2
:101AB000E80A0300F00A0300F80A0300000B030021
:101AC000080B0300100B0300180B0300200B03008E
:101AD000280B0300300B0300380B0300400B0300FE
:101AE000480B0300500B0300580B0300600B03006E
:101AF000680B0300700B0300780B0300800B0300DE
:101B0000880B0300900B0300980B0300A00B03004D
:101B1000A80B0300B00B0300B80B0300C00B0300BD
:101B2000C80B030028F0D0FB002800F09A81DC49A4
:101B3000204628F0C9FB002800F09181D9492046B1
:101B400028F0C2FB002800F08881D749204628F001
:101B5000BBFB002800F07F81D449204628F0B4FB6D
:101B6000002800F07681D249204628F0ADFB0028FD
:101B700000F06D81CF49204628F0A6FB002800F038
:101B80006481CD49204628F09FFB002800F05B814E
:101B9000CA49204628F098FB002800F05281C84925
:101BA000204628F091FB002800F04981C5492046D5
:101BB00028F08AFB002800F04081C349204628F025
:101BC00083FB002800F03781C049204628F07CFBC9
:101BD000002800F02E81BE49204628F075FB002821
:101BE00000F02581BB49204628F06EFB002800F05C
:101BF0001C81B949204628F067FB002800F01381BA
:101C0000B649204628F060FB002800F00A81B4495C
:101C1000204628F059FB002800F0C180B149204639
:101C200028F052FB002800F0B880AF49204628F089
:101C30004BFB002800F0AF80AC49204628F044FB65
:101C4000002800F0A680AA49204628F03DFB002885
:101C500000F09D80A749204628F036FB002800F0C0
:101C60009480A549204628F02FFB002800F08B80A7
:101C7000A249204628F028FB002800F08280A049D5
:101C8000204628F021FB002879D09E49204628F0E4
:101C90001BFB002871D09C49204628F015FB00282A
:101CA00069D09A49204628F00FFB002861D0984956
:101CB000204628F009FB002855D09649204628F0F8
:101CC00003FB00280CBF04204FF0FF3010BD0120A3
:101CD00010BD102010BD042010BD042010BD042034
:101CE00010BD202010BD042010BD042010BD102008
:101CF00010BD4FF0FF3010BD202010BD4FF480709C
:101D000010BD4FF0FF3010BD102010BD802010BD61
:101D1000102010BD4FF0FF307047102010BD102074
:101D200010BD082010BD102010BD102010BD0820CF
:101D300010BD082010BD102010BD102010BD1020B7
:101D400010BD082010BD102010BD082010BD1020AF
:101D500010BD102010BD102010BD042010BD20208B
:101D600010BD102010BD102010BD042010BD10208B
:101D700010BD102010BD082010BD082010BD10207F
:101D800010BD042010BD082010BD102010BD102073
:101D900010BD082010BD102010BD102010BD042063
:101DA00010BD102010BD102010BD082010BD102047
:101DB00010BD102010BD102010BD102010BD10202F
:101DC00010BD102010BD102010BD102010BD10201F
:101DD00010BD102010BD102010BD102010BD10200F
:101DE00010BD102010BD802010BD102010BD10208F
:101DF00010BD102010BD882010BD102010BD102077
:101E000010BD102010BD102010BD102010BD1020DE
:101E100010BD102010BD102010BD102010BD0420DA
:101E200010BD082010BD102010BD042010BD0420DE
:101E300010BD042010BD082010BD082010BD1020CA
:101E400010BD082010BD082010BD102010BD1020AE
:101E500010BD102010BD102010BD082010BD0420A2
:101E600010BD102010BD102010BD102010BD10207E
:101E700010BD102010BD102010BD082010BD08207E
:101E800010BD102010BD102010BD102010BD082066
:101E900010BD082010BD082010BD082010BD00BFD7
:101EA000D00B0300D80B0300E00B0300E80B03008A
:101EB000F00B0300F80B0300000C0300080C0300F8
:101EC000100C0300180C0300200C0300280C030066
:101ED000300C0300380C0300400C0300480C0300D6
:101EE000500C0300580C0300600C0300680C030046
:101EF000700C0300780C0300800C0300880C0300B6
:101F0000900C0300980C0300A00C0300A80C030025
:101F1000B00C0300B80C0300082010BD082010BD51
:101F2000042010BD042010BD082010BD082010BDE5
:101F3000082010BD082010BD082010BD082010BDCD
:101F4000102010BD102010BD082010BD082010BDAD
:101F5000082010BD082010BD102010BD102010BD9D
:101F6000082010BD082010BD082010BD102010BD95
:101F7000102010BD102010BD102010BD082010BD75
:101F8000102010BD102010BD042010BD102010BD69
:101F9000102010BD102010BD102010BDF8B51D4E32
:101FA00004461D2700253A4631462E301DF0B4FE6A
:101FB0003A463146E564A4F8505004F152001DF051
:101FC000ABFE4FF4E13323604FF4164301214DF68D
:101FD0007C52A3604FF4964384F85E1162604FF424
:101FE000E1414FF4615223614FF41653E1606261A5
:101FF0004FF49651A3614FF416624FF4966384F840
:10200000705084F84251A585E16122626362A56245
:102010002046F8BDC00C0300024B3122A3F870200B
:10202000704700BF1890FF1F044B054A1B68A2F8B9
:1020300070301B0C82F87230704700BF64090300D7
:102040001890FF1F024B3022A3F87020704700BF8A
:102050001890FF1F044B054A1B68A2F870301B0C38
:1020600082F87230704700BF5C0903001890FF1FB0
:10207000024B2322A3F87020704700BF1890FF1F67
:10208000044B18B13122A3F8702070473022A3F816
:10209000702070471890FF1F024B002283F87020B9
:1020A000704700BF1890FF1F70B5114E23213046B6
:1020B00027F05AFF58B1044606F1D200FFF71CF989
:1020C000002804DDA41B844201DAD02800DD70BDA5
:1020D000051B621C3146701927F078FE002DF6DDD5
:1020E0002A4630462021BDE8704027F0EBBE00BFF5
:1020F0008890FF1F30B55A4C83B004F14C00002586
:102100008DF8075000F0D4F804F1280000F0D0F862
:1021100004F5A17104F128000DF1070200F02EF979
:102120000DF1070204F5A17104F14C0000F026F94D
:102130009DF80730002B57D0D222294604F17000B9
:1021400027F0C0FE94F84231063B622B48D8DFE806
:1021500003F083474747474747474747474747476E
:1021600047474747474747474747474747474747FF
:1021700080474747474747474747474747474747B6
:10218000474747474747474747474747477D7A7746
:1021900074716E6B47474747476847474765625DBD
:1021A0005A5747544747474747474747474747478F
:1021B0004747475132000CF017F894F870307BB164
:1021C000FFF772FF27499DF80720A1F1240000F0D6
:1021D000E9F824499DF80720A1F1480000F0E2F851
:1021E000214B93F8E0360BB903B030BD14F006FE76
:1021F00003B030BD03F024FDDFE70BF085FBDCE727
:102200000BF092F9D9E70AF083FAD6E70DF107004F
:1022100007F0A6F9D1E706F0C3FDCEE706F062FDB0
:10222000CBE706F0A1F8C8E701F0CEFFC5E701F063
:10223000C5FEC2E701F04CF9BFE701F01DF9BCE7AC
:1022400000F0D2FEB9E700F06DFEB6E700F050F9FD
:10225000B3E70BF091FFB0E700F03EFEADE700BF43
:102260001890FF1F8890FF1F4093FF1F08B51DF0B7
:10227000D5FC1DF0D3FC0A48FFF790FE094B002265
:10228000002000211A60C3E908015A60C3E90A016D
:102290009A60C3E90C011A615A61DA6008BD00BF97
:1022A0001890FF1F7891FF1F01600271704700BFF7
:1022B0002DE9F041304E0446002500F10708206862
:1022C00003681B69984700282CDD677957BB206895
:1022D00003685B699847C0B206281CD0831FDBB235
:1022E0001A2B21D826FA03F3DB0712D494F8222004
:1022F000531CDBB22244E1181B2B90718F7136D82E
:10230000232884F8223004D1012B1CD884F82250D1
:10231000A5716771D3E794F82230002BF9D101231E
:102320006371E080BDE8F08194F82220531C2244C0
:10233000DBB29071E2181B2B9771E1D91B23232884
:1023400084F82230E5D1A2793A2ADFD1013B234437
:102350009A79232ADAD19D71404628F091F9012714
:10236000421C4146A01D27F031FD6771A7E71B23E2
:1023700084F822306771A2E791000004437983B1A9
:1023800070B51678154606B170BD04460846A11D05
:1023900028F004F9237984F82260A67166712B7005
:1023A00070BD70470379934200D0704770B50468E0
:1023B0000D4651B1084628F063F9236802462946C4
:1023C00020465B68BDE87040184770BD08B51DF039
:1023D00025FCBDE808401DF021BC00BFFFFFFFFF4A
:1023E0002DE9F047404C94F88F34022B82B006461A
:1023F0000F4602D894F898347BB93C481BF0ECFDAA
:10240000A37D012B4FF000024FF0000347D0374867
:1024100002B0BDE8F0471BF083BDD4F8B454D4F843
:10242000B08425F0004140460022002325F0ACF99D
:10243000002842D1D4F8BC94D4F8B8A429F00041C3
:1024400050460022002325F09FF90028D5D05046A1
:102450004946CDE900012B46244842461BF010FCBA
:1024600005460028C9D0D4E9A2010022002325F0A6
:1024700063F978B1D4E9A4010022002325F05CF9C6
:1024800040B1D4E9A6010022002325F055F9B0FAA5
:1024900080F56D0984F8905402B0BDE8F0873046AD
:1024A000394625F067F968B10BA3D3E900230F483B
:1024B00002B0BDE8F0471BF033BDD4F8B8A4D4F89F
:1024C000BC94C4E706A3D3E90023084802B0BDE8E2
:1024D000F0471BF025BD00BF00000060FB21F93F65
:1024E00000000060FB21F9BF4093FF1F8894FF1F8D
:1024F0002DE9F04FA84C94F84351A5F12A03D9B027
:102500002D2B38D8DFE813F09D0137003700370056
:102510003700370089013C003C003C003C003C0097
:102520003C003C003C003C003700370037003700DF
:1025300037003700370027017B01270137005A0198
:1025400037003700370037003700370037003700D3
:10255000370037002E0037003700370037003700CC
:102560003700960194F844312BB98C4C94F87B34A5
:10257000002B40F0958259B0BDE8F04FFFF78CBDBD
:10258000A5F1300A5FFA8AFA72B6854B186862B60E
:10259000844B984205DDA0F50300A0F55640984213
:1025A000F9DC25F063FA80497C4C25F067FB7F4914
:1025B00025F0B0FA24F000FE04F59C667C4B002266
:1025C00024F052FED6E9002324F096FC18F008FF10
:1025D000784BD3E90223CDE906236DA3D3E9002389
:1025E00024F042FECDE9020169A3D3E9002356E9B4
:1025F000020124F039FE24ABCDE900010022184687
:10260000002317F009FC0CAB184621460EF0BCFC69
:102610000023DDE906018DF830305DA3D3E9002306
:1026200024F022FE0DF1300C06460F46BCE80F00E8
:10263000E846A8E80F009CE80300324688E803005B
:102640003B4624A93CA817F037FC214612A80EF0FF
:102650009BFC0DF1480CBCE80F00EE46AEE80F0005
:102660009CE80300324688E803003B4624A94AA8B8
:1026700017F022FCBAF1030F94F88FB400F07E82B9
:1026800094F8303394F86024134300F0FA820DF18B
:10269000C009424948460FF0F3FCBBF1020F00F2BB
:1026A0007D823CA818F0D0F806463CA80F4618F0EA
:1026B000B7F8CDE90801484618F01CFA02460B4667
:1026C0004846CDE90A2318F00BFADDE90A23CDE9E3
:1026D0000223DDE90823CDE90401CDE900233648D2
:1026E0003B4632461BF00AFE4AA818F0ADF80646F3
:1026F0004AA80F4618F094F8CDE90801484618F0AA
:10270000F9F9024648469046894618F0E9F9DDE9AC
:102710000823CDE90401CDE90023CDE9028926484B
:1027200032463B461BF078FDBBF1020F00F2878179
:1027300094F83233002B40F0F28201232F3D84F8CD
:102740007D3484F87E54002384F83630FFF764FC2F
:1027500059B0BDE8F08F114D01200CF0CDF828469E
:102760000EF0FAFB94F84321A2F14102B2FA82F290
:102770000023520985F87C2485F87D3485F87E3461
:1027800085F87B3459B0BDE8F04FFFF745BC00BF7A
:10279000000000A046DF913F1890FF1F4093FF1FED
:1027A0007891FF1F00D6830000D6034B0000C04184
:1027B00000002E40F892FF1F8894FF1FAE4991F849
:1027C0003233002B57D0A8A3D3E90023D1E9CE019F
:1027D00024F04AFDA94C0123CDE94A0100934AA9FE
:1027E0000022204618F08CFC204627F049FFA4491F
:1027F0000222204459B0BDE8F04F1DF08DBA0120EF
:102800000CF07AF89C4B002283F87B24C3F87C24DC
:1028100059B0BDE8F04FFFF7FFBB94F844312C2BC3
:102820002CD0D4F8445143F22C3325F07F459D42FF
:102830003CD1A0E60CF072FC59B0BDE8F04FFFF7B8
:10284000EBBB94F844312C2B38D194F84531722BE2
:1028500000F0CB81D4F8445143F22C3225F07F456F
:1028600095423FF488AE94F84671002F7FF483AE12
:102870006D2B2ED07FE600200021ABE794F8453188
:10288000722B00F0C581D4F8445143F22C3225F06C
:102890007F4595423FF46FAE94F84621002A7FF4BD
:1028A0006AAE322B02D06D2B7FF465AE46F62C5308
:1028B00000269D420CBF03250225BBE1D4F84451FC
:1028C00043F22C3325F07F459D4218BF00273FF48B
:1028D00052AE694C01200CF00FF804F5DD600121C7
:1028E0000EF054FC0A201DF077FF94F8F835002B09
:1028F00040F0D081604812F011FC94F8C034824658
:102900001BB1002284F8C0249A4672B65D4B186849
:1029100062B65D4B984205DDA0F50300A0F5564078
:102920009842F9DC25F0A2F85849594E25F0A6F94D
:10293000584925F0EFF824F03FFC574B002224F0D3
:1029400093FCD6E9002324F0D7FA18F049FD534B45
:10295000D3E9028946A3D3E9002324F085FCCDE91D
:10296000020143A3D3E9002356E9020124F07CFCD1
:102970000022CDE90001002330A817F04DFAA6F59A
:102980009C6124A80EF000FB39A3D3E90023404644
:10299000494624F069FC0DF1900C80468946BCE85C
:1029A0000F00EE46AEE80F009CE803004B468EE8B1
:1029B0000300424630A94AA817F07EFA52464AA9B7
:1029C000A6F59C600FF05AF8A6F59C613CA80FF0A4
:1029D00057FB4AA817F038FF80464AA8894617F0E7
:1029E0001FFF02460B463CA8CDE9062318F082F8EB
:1029F00082463CA88B4618F073F8DDE90623CDE942
:102A00000401CDE90023CDE902AB42464B46A6F5D1
:102A100066701BF001FC0122022384F87D2484F8F7
:102A20007E34002F00F026813B46002284F87A3461
:102A300084F88F7484F87B24FFF7EEFA88E694F824
:102A40008F34534540F22A8194F86034022B00F20F
:102A5000918194F8323384F8783401222F3D84F840
:102A60007D2484F87E546EE600000020DCA54C40F6
:102A7000000000A046DF913F4093FF1F8890FF1F9A
:102A8000240903007891FF1F00D6830000D6034B72
:102A90002098FF1F0000C04100002E40F892FF1F49
:102AA00072B6AB4B186862B6AA4B984205DDA0F52A
:102AB0000300A0F556409842F9DC24F0D7FFA64960
:102AC000A64F25F0DBF8A64925F024F824F074FB86
:102AD000A44B002224F0C8FBD7E9002324F00CFA11
:102AE00018F07EFCA04BD3E9028997A3D3E9002319
:102AF00024F0BAFBCDE9020193A3D3E9002357E9FF
:102B0000020124F0B1FB0022CDE9000100233CA822
:102B100017F082F9A7F59C6130A80EF035FA8AA368
:102B2000D3E900234046494624F09EFB30AD804661
:102B300089460FCD6E460FC695E803004B464246C8
:102B400086E803003CA94AA817F0B6F901200BF06B
:102B5000D3FEA7F59C6012F0E1FA4AA90246A7F558
:102B60009C600EF08BFF0023022284F87D3484F8F1
:102B70007E34A4F87A2484F8363003E6BBF1020FE1
:102B800040F2DD8094F8603494F83023134378D019
:102B90000DF1C009214648460FF072FA94F86034EE
:102BA000012B7FF67EAD3CA817F04EFE02460B4689
:102BB0003CA8CDE90A2317F033FECDE908014846C9
:102BC00017F098FF064648460F4617F089FFDDE9E3
:102BD0000823CDE90401CDE90023CDE90267DDE951
:102BE0000A2362481BF08AFB9EE594F84631A3F164
:102BF0003302062A3FF6BFAC94F84721002A7FF43F
:102C0000BAACD4F84451303BDFB225F07F4560E6E2
:102C100094F84631A3F13005333B062BEDB23FF675
:102C2000AAAC94F84731002B7FF4A5AC2E46002DBA
:102C30003FF4A1AC4E4C01200BF05EFE20460EF09E
:102C40008BF9012104F5DD600EF0A0FA0A201DF0D9
:102C5000C3FD94F8F835002B5DD10123002284F8E0
:102C60007D34A4F87E3484F87B2484F87A5484F884
:102C70008F6487E546F62C539D420CBF0323022345
:102C8000D3E63B4812F04AFA4AA9024638480EF009
:102C9000F5FEFCE4204613F0E3FB2BE694F8322328
:102CA000002A3FF44AAD022B94F860241CD9022A72
:102CB0001AD9032A00F0A3800CF0D6F9A0B1D4E908
:102CC000A2010022002324F037FD88B1D4E9A40139
:102CD0000022002324F030FD50B1D4E9A6010022E7
:102CE000002324F029FD18B1DDE90601FFF778FB88
:102CF0001F4812F013FA4AA902461D480EF0BEFE04
:102D00000023012284F8782484F87D3484F87E340A
:102D100084F87B3417E5204613F0A2FB9DE71448A6
:102D200012F010FA054638B994F87A34022B03D918
:102D3000BAF1020F00F0A78094F88F34B3E7FFF7E1
:102D4000ABF905E5AFF30080000000A046DF913F3E
:102D50007891FF1F00D6830000D6034B2098FF1FF9
:102D60000000C04100002E40F892FF1F8894FF1F12
:102D70004093FF1F524918A84FF000084FF0000978
:102D800018AECDE91E890EF0FFF80FCE6F460FC7C3
:102D900096E80300002287E803004A481EA91CF0B9
:102DA0002DFA064600283FF454AE41A3D3E9002390
:102DB000DDE91E0124F058FA3FA3D3E9002324F0F3
:102DC00053FA24F049FD4246C4F894044B46D4E932
:102DD000A20124F0B1FC78B1D4E9A40142464B46EB
:102DE00024F0AAFC40B1D4E9A60142464B4624F0A7
:102DF000A3FCB0FA80F6760984F8906429E630499D
:102E00001EA8002600271EADCDE918670EF0BCF8FD
:102E10000FCDEC46ACE80F0095E8030000228CE8EB
:102E20000300284818A91CF0E9F900283FF45CAF1A
:102E3000D4E9A20132463B4624F07EFC78B1D4E9C5
:102E4000A40132463B4624F077FC40B1D4E9A60108
:102E500032463B4624F070FC00287FF445AF14A3B3
:102E6000D3E90023DDE9180124F0FEF912A3D3E928
:102E7000002324F0F9F924F0EFFC0123C4F89404B2
:102E800084F8903434E70E4812F048F94AA9024613
:102E90000B480EF0F3FD0323012284F87B2484F811
:102EA0007D3484F87E3484F878544CE4AFF30080A9
:102EB00000000020DCA54C40000000000020AC40D9
:102EC0004093FF1F8894FF1F08B51CF0A7FEBDE8C4
:102ED00008401CF0A3BE00BF0C4B9B7D022B0DD005
:102EE00005D8012B0ED10A4B47221A807047033BAD
:102EF000012B07D8064B41221A807047044B502201
:102F00001A807047024B4C221A8070474093FF1F73
:102F10008890FF1F08B51CF081FEBDE808401CF03A
:102F20007DBE00BF10B5294B93F843312B2B27D022
:102F30002D2B24D1264CD4F8A418FF2935DC1E29CA
:102F400040DC1F212D2BC4F8A4182FD02B2B0FD120
:102F5000084624F08BFD1F4924F0DCFD24F0B6FF69
:102F60000146C4F8A408FF2911DDFF21C4F8A41804
:102F700006201DF08FFABDE81040FFF78DB810BD98
:102F8000134CD4F8A418FF29D9DDFF21E0E71E294E
:102F9000D8BF1F214FF00600D8BFC4F8A4181DF0F9
:102FA00079FABDE81040FFF777B8FF21084624F012
:102FB0005DFD084924F062FE24F088FF0146C4F854
:102FC000A408D0E72D2BC1D1F0E700BF1890FF1F58
:102FD0004093FF1F3333B33F08B51CF01FFEBDE81D
:102FE00008401CF01BBE00BF2DE9F047C04CB4B038
:102FF000204612F077F810B134B0BDE8F0872046D3
:1030000012F080F80028F7D1BA4D95F84331412BE2
:1030100009D04D3BDBB2082BEED840F2411222FA28
:1030200003F3DB07E8D5B24812F078F894F8C0341F
:1030300080461BB1002284F8C024984695F843319D
:10304000413B142BD8D801A252F823F021330000C1
:10305000F92F0000F92F0000F92F0000F92F0000D0
:10306000F92F0000F92F0000F92F0000F92F0000C0
:10307000F92F0000F92F0000F92F0000A130000007
:10308000F92F0000F92F0000F92F0000F92F0000A0
:10309000F92F0000A1300000F92F0000D13100000D
:1030A00094F87C34002B00F05C8172B6924B186867
:1030B00062B6924B984205DDA0F50300A0F556409C
:1030C0009842F9DC24F0D2FC8D49DFF83892DFF821
:1030D00038A224F0D3FD8D4924F01CFD24F06CF8B7
:1030E0008B4B002224F0C0F8D9E9002323F004FF21
:1030F00018F076F97CA3D3E9002324F0B5F8CDE9E4
:10310000020179A3D3E9002359E9020124F0ACF8C4
:103110000022CDE9000100230EA816F07DFE72A367
:10312000D3E90023DAE9020124F09EF806460F46AF
:1031300008A8A9F59C610DF027FF0DF1200CBCE853
:103140000F00EE46AEE80F009CE803003B468EE819
:10315000030032460EA926A816F0AEFE94F83033CE
:10316000002B00F0608162491AA80EF089FF26A8A2
:1031700017F06AFB064626A80F4617F051FB0246D9
:103180000B461AA8CDE9062317F0B4FC80461AA80E
:10319000894617F0A5FCDDE90623CDE90401CDE958
:1031A0000023CDE902893B465A4832461BF034F8E9
:1031B00094F83233002B40F0238195F843314D2BA6
:1031C00000F017814A4834B0BDE8F04713F048B921
:1031D0000E200BF065F905461CF056FD0024034651
:1031E000681C63F307041CF04FFD60F30F24A81C58
:1031F0001CF04AFD0346E81C63F317441CF044FD31
:1032000060F31F64204623F0D7FF3E4E02460B4674
:103210001220C6E900230BF043F905461CF034FDEB
:10322000002460F30704681C1CF02EFD60F30F24DB
:10323000A81C1CF029FD0346E81C63F317441CF08E
:1032400023FD60F31F64204623F0B6FF46E9020128
:1032500072B6294B186862B6284B984205DDA0F576
:103260000300A0F556409842F9DC24F0FFFB244906
:1032700024F004FD254924F04DFC23F09DFF244B50
:10328000002223F0F1FFD6E9002323F035FE18F0E9
:10329000A7F815A3D3E9002323F0E6FFCDE9020147
:1032A00011A3D3E9002356E9020123F0DDFF002238
:1032B000CDE90001002326A816F0AEFD12490AA3AD
:1032C000D3E90023D1E9020123F0CEFF4246CDE944
:1032D0000001074826A90EF0A7FB0F4A0F4B92E802
:1032E00003001860197187E6000000A046DF913FD7
:1032F0004093FF1F1890FF1F7891FF1F00D6830097
:1033000000D6034B2098FF1FF892FF1F0000C0411A
:1033100000002E408894FF1FE00C03008890FF1FE0
:10332000474C01210491D4E9000143A3D3E90023D0
:1033300023F09AFFCDE902013FA3D3E9002354E92A
:10334000020123F091FF0022CDE90001002326A80D
:1033500017F026F8424626A9A4F59A600EF08EFBD7
:10336000BBE772B6374B186862B6374A904205DD44
:10337000A0F50300A0F556409042F9DC24F076FB5E
:103380003249334C24F07AFC324924F0C3FB23F059
:1033900013FF314B002223F067FFD4E9002323F011
:1033A000ABFD18F01DF824A3D3E9002323F05CFF44
:1033B000CDE9020120A3D3E9002354E9020123F05F
:1033C00053FF0022CDE90001002326A816F024FDBA
:1033D000224BD3E9020118A3D3E9002323F044FFD1
:1033E0004246CDE9000126A9A4F59C600EF01CFB25
:1033F000E3E61B4B93E80300286785F87410E1E6C9
:10340000DAE90201FEF7ECFF164811F087FE26A963
:10341000024614480EF032FB0122002384F878247F
:1034200084F87C34C9E64246A9F59C6026A90EF0D2
:1034300025FB98E6AFF30080000000A046DF913F37
:103440001098FF1F7891FF1F00D6830000D6034B12
:103450002098FF1F0000C04100002E40F892FF1F7F
:10346000E00C03004093FF1F08B51CF0D7FBBDE83C
:1034700008401CF0D3BB00BF10B50D4C94F843318D
:1034800003B110BD0B4811F037FE68B17F23A4F8DB
:103490007030094C204627F0F3F8084920440222F6
:1034A000BDE810401CF038BC84F87000F1E700BFA4
:1034B0001890FF1F4093FF1F8890FF1F24090300EF
:1034C00008B51CF0ABFBBDE808401CF0A7BB00BF73
:1034D0002DE9F04F824A92F84331413BA3B00C2BC7
:1034E00013D8DFE803F007127E2C12121212121208
:1034F0001212170092F84431512B00F03C82532BEA
:1035000000F0CF81452B00F0648123B0BDE8F04F7F
:10351000FEF7C2BD92F84431532B7AD0412B00F014
:103520002683552B00F07A83512BEED16D4B002270
:1035300083F8362023B0BDE8F04FFEF76DBD694C2F
:1035400094F83630012B00F0E380022B59D1012191
:1035500004F59A650491D5E900015FA3D3E900233E
:1035600023F082FECDE902015BA3D3E9002355E9F4
:10357000020123F079FE14AECDE900010022002300
:10358000304616F00DFF204611F0C8FD12AA10AB10
:103590000C920B930A9018AD0FCD6C460FC40FCD53
:1035A0000FC495E8030084E8030096E80F0013F0C9
:1035B00043FA4D490446109824F0ACFA24F086FCF6
:1035C00049490546129824F0A5FA24F07FFC4749A2
:1035D00000902B464648224626F092FB23B0BDE8D9
:1035E000F08F92F84431532B00F09681542B00F069
:1035F000E880452B00F08C8123B0BDE8F04FFEF74A
:1036000037BD0023394900931A46394826F078FB24
:10361000E4E772B6374B186862B6374B984205DD5F
:10362000A0F50300A0F556409842F9DC24F01EFAFC
:1036300032492C4F24F022FB314924F06BFA23F05D
:10364000BBFD07F59C642F4B002223F00DFED4E94F
:10365000002323F051FC17F0C3FE1FA3D3E900237E
:1036600023F002FECDE902011BA3D3E9002354E9B4
:10367000020123F0F9FD14AECDE900010022002380
:10368000304616F0C9FB384611F048FD12AB0D93D9
:103690001D4910AB0C9380460FA3D3E90023D1E959
:1036A000020123F0E1FDCDE90A01CDF8208018AD3B
:1036B0000FCD6C460FC495E80F0084E80F0096E824
:1036C0000F0013F055FB11490246094826F018FB7C
:1036D000012387F8363081E7000000A046DF913FE4
:1036E0001890FF1F4093FF1F00007042E80C03007A
:1036F0008890FF1F7891FF1F00D6830000D6034BF0
:103700000000C04100002E40F892FF1FF80C03009B
:1037100072B69F4B186862B69E4B984205DDA0F5C5
:103720000300A0F556409842F9DC24F09FF99A492D
:103730009A4C24F0A3FA9A4924F0ECF923F03CFDCA
:10374000984B002223F090FDD4E9002323F0D4FB12
:1037500017F046FE8CA3D3E9002323F085FDCDE9C5
:10376000020189A3D3E9002354E9020123F07CFD7F
:1037700014AECDE9000100220023304616F04CFBC8
:10378000A4F59C6011F0CAFC12AC87490D94074661
:1037900010ACD1E902017CA3D3E900230C9423F0FF
:1037A00063FDCDE90A01089718AD0FCD6C460FC433
:1037B00095E80F0084E80F0096E80F0013F0D8FAA0
:1037C000F7E67A480EF06EF923B0BDE8F04FFEF749
:1037D0002BBC764C10A9204614AB12AA0EF04AFC62
:1037E00094F88BA6DDE91001BAF1000F40F0E280F9
:1037F0004FF0000A94F8AB36DDE91267002B00F0B9
:10380000B381D4F8BC361A7C012A40F2538372B6D5
:10381000D3F80CB062B6D4F8B8360F93ABEB03050F
:10382000284623F0B7FC624B8046D3E9002330469C
:103830008946394623F060FB0F9A5A4506460F46E3
:1038400000F092810022002323F076FF002840F050
:103850008B81574B002DA3F1100B4FF000024FF05E
:10386000000339463046D4BF0025012523F08CFFE4
:10387000002818BF85F0010584F8A95632463B465A
:103880004046494623F01AFE21F00041C4F8A00644
:10389000CBF80410BAF1000F00F06681FEF7C4FB0C
:1038A0009CE6424C0023204684F87D360EF0EEF96B
:1038B00014AB12AA10A920460EF0DCFBDDE91001C2
:1038C00004F5D262C2E90001D4F89C361A7C012AC0
:1038D00040F2018172B6DA6862B6DDE91201344D58
:1038E000C4F898260123C5E9000184F88B36D4F882
:1038F000BC361A7C012A40F2348272B6DA6862B6AB
:103900000123C4F8B82684F8AB36FEF78DFB65E6D4
:1039100026480EF0BBF957E7244C94F83630012BBB
:1039200000F08A80022B7FF44FAF012104F59A65E5
:103930000491D5E9000114A3D3E9002323F094FCFA
:10394000CDE9020110A3D3E9002355E9020123F0D8
:103950008BFC0023CDE90001002214A816F020FD05
:10396000204611F0DBFB14A9024620460EF086F833
:10397000FEF75AFB32E60D4B002283F88B2683F8C4
:10398000AB2621E7AFF30080000000A046DF913FA7
:103990007891FF1F00D6830000D6034B2098FF1FAD
:1039A0000000C04100002E40F892FF1F4093FF1F0F
:1039B000F099FF1FD4F89C361A7C012A40F2298224
:1039C00072B6D3F80C9062B6894DD4F89886D5E9D2
:1039D000002323F091FAC84506460F463FF408AF8E
:1039E0000022002323F0A8FE00287FF401AFA9EBFA
:1039F0000808B8F1000F4FF000024FF000033946FD
:103A00003046D4BF4FF000094FF0010923F0BCFE4F
:103A1000002818BF89F0010984F88996404623F0F0
:103A2000B9FB32463B4623F049FD21F00041C4F882
:103A3000800645F80C1CDDE672B66E4B186862B65F
:103A40006D4B984205DDA0F50300A0F55640984265
:103A5000F9DC24F00BF86949694C24F00FF9694945
:103A600024F058F823F0A8FB674B002223F0FCFB5E
:103A7000D4E9002323F040FA17F0B2FC5AA3D3E9AB
:103A8000002323F0F1FBCDE9020157A3D3E9002382
:103A900054E9020123F0E8FB0022CDE900010023F4
:103AA00014A816F0B9F9A4F59C6011F037FB57493A
:103AB0004DA3D3E900230546D1E9020123F0D4FB4D
:103AC00006460F46CDE900672A4614A9A4F59C6076
:103AD0000DF0AAFFE2E672B61A68586811781A7AF1
:103AE000007811405A7A104200F08A819A7A02F0E6
:103AF000030209B142F0040242F008029108013ABF
:103B000099720D2A3FF6E7AE01A151F822F000BFED
:103B1000513B0000493B0000613B0000493B000075
:103B2000D7380000593B0000513B0000513B0000DA
:103B3000593B0000D7380000493B0000613B0000C2
:103B4000493B0000513B0000DA68013ADA60C3E605
:103B5000DA680132DA60BFE6DA68023ADA60BBE6B8
:103B6000DA680232DA60B7E6FEF774FA36E5284F13
:103B7000012107F59A640491D4E900011AA3D3E95D
:103B8000002323F071FBCDE9020117A3D3E9002341
:103B900054E9020123F068FB14AECDE900010022D4
:103BA0000023304616F0FCFB384611F0B7FA12AB92
:103BB0000C9310AB0B930A9018AD0FCD6C460FC44D
:103BC0000FCD0FC495E8030084E8030096E80F00CA
:103BD00012F032FF0F4902460F4826F091F80223F7
:103BE00087F83630FAE400BF000000A046DF913FBE
:103BF000D099FF1F7891FF1F00D6830000D6034B9A
:103C00002098FF1F0000C04100002E40F892FF1FC7
:103C10004093FF1FF80C03008890FF1F0E200AF04E
:103C20003FFC05461CF030F800240346681C63F393
:103C300007041CF029F80346A81C63F30F241CF0AA
:103C400023F80346E81C63F317441CF01DF860F3E7
:103C50001F64204623F0B0FABB4F02460B461220E9
:103C6000C7E900230AF01CFC05461CF00DF80024EF
:103C70000346681C63F307041CF006F860F30F2486
:103C8000A81C1CF001F80346E81C63F317441BF062
:103C9000FBFF60F31F64204623F08EFA47E9020120
:103CA00072B6AA4B186862B6A94B984205DDA0F51A
:103CB0000300A0F556409842F9DC23F0D7FEA54951
:103CC000DFF8948223F0DAFFA44923F023FF23F0E6
:103CD00073FAA34B002223F0C7FAD7E9002323F09D
:103CE0000BF917F07DFB96A3D3E9002323F0BCFA70
:103CF000CDE9020157E9020191A3D3E9002323F0A2
:103D0000B3FA14AECDE9000100220023304616F0CC
:103D100083F8404611F002FA12AB0D93914910ABB3
:103D20000C93074686A3D3E90023D1E9020123F0CF
:103D30009BFACDE90A01089718AD0FCD6C460FC468
:103D400095E80F0084E80F0096E80F0013F010F8D4
:103D500085490246854825F0D3FF012388F836308F
:103D60003CE472B61A68586811781A7A00781140E3
:103D70005A7A10423CD09A7A02F0030209B142F01A
:103D8000040242F008029108013A99720D2A3FF6A6
:103D9000B5AD01A151F822F0D93D0000D13D0000A0
:103DA000E93D0000D13D0000FD380000E13D00008C
:103DB000D93D0000D93D0000E13D0000FD38000084
:103DC000D13D0000E93D0000D13D0000D93D00009B
:103DD000DA68013ADA6092E5DA680132DA608EE593
:103DE000DA68023ADA608AE5DA680232DA6086E591
:103DF0009A7A02F003020029C5D042F00402C2E719
:103E00009A7A02F0030200293FF478AE42F00402ED
:103E100074E672B61A6815785A6816781A7A1540D8
:103E20005A7A164200F0B8809A7A02F003020DB175
:103E300042F0040242F008029508013A9D720D2AF0
:103E40003FF6BFAD01A555F822F000BF913E00003E
:103E5000853E0000A93E0000853E0000C3390000F9
:103E60009D3E0000913E0000913E00009D3E0000FE
:103E7000C3390000853E0000A93E0000853E0000D9
:103E8000913E0000DA6802F1FF39C3F80C909AE520
:103E9000DA6802F10109C3F80C9094E5DA68A2F13E
:103EA0000209C3F80C908EE5DA6802F10209C3F842
:103EB0000C9088E572B61A6811785A6810781A7AE8
:103EC00011405A7A10425FD09A7A02F0030209B187
:103ED00042F0040242F008029108013A99720D2A58
:103EE0003FF696AC01A151F822F000BF313F00002F
:103EF000253F00007D3F0000253F000011380000F5
:103F0000713F0000313F0000313F0000713F000071
:103F100011380000253F00007D3F0000253F0000D4
:103F2000313F0000DA6802F1FF3BC3F80CB071E4E6
:103F3000DA6802F1010BC3F80CB06BE4AFF3008058
:103F4000000000A046DF913F2098FF1F7891FF1FDF
:103F500000D6830000D6034B4093FF1F0000C041F2
:103F600000002E40F892FF1FF80C03008890FF1FFE
:103F7000DA68A2F1020BC3F80CB04BE4DA6802F184
:103F8000020BC3F80CB045E49A7A02F00302002950
:103F9000A2D042F004029FE79A7A02F00302002DB9
:103FA0003FF44AAF42F0040246E700BF08B51BF0F9
:103FB00035FEBDE808401BF031BE00BF2DE9F043DF
:103FC0005F4B93F837508BB055B95E4B93F8433144
:103FD0003F2B00F0A7800BB0BDE8F043FEF75CB8C4
:103FE00000233A22CDE90223049305930693079315
:103FF0000893ADF824301DF0FDFB01E01DF032FC0C
:104000001DF01CFC0028F9DC02AF384626F038FB16
:104010004D494C4E384426F085F84C490222C41BC9
:104020001BF07AFE96F84331572B29D83E2B12D835
:10403000213BDBB2172B09D84549012202FA03F3D1
:10404000194081BB41F20942134212D1FEF724F814
:104050000BB0BDE8F0833F3B3E49DBB2012202FAE0
:1040600003F31940F1B93C4A1A40E2B93B4A134202
:10407000ECD0611C38461DF035FB1DF0BBFBE5E7BD
:10408000613BDBB21D2BE1D8012202FA03F3344A73
:104090001A4008D133490B4204D1334A1A40002A4E
:1040A000D4D0E6E70025DFF8C4803846611C1DF057
:1040B00019FB1DF09FFBD8F800300093009FD8F843
:1040C00000300193019B07F5FA779F4225D9002420
:1040D0004FF4965914E01DF0C5FB3319C0B20134FA
:1040E00083F870001DBB232827D0D02C15DC331992
:1040F00083F87050D8F800300193019B9F420CD98F
:104100001DF09CFB0028E6DC4B46013BFDD1D8F8B6
:1041100000300193019B9F42F2D8FDF793FF0BB053
:10412000BDE8F0830BB0BDE8F043FDF793BF00227C
:10413000312883F871208BD0EFE783F8715087E73F
:104140004093FF1F1890FF1F5A91FF1F240903007F
:104150000080FF00054080001004010100011600EE
:1041600004510200010080204000040034A0FF1F21
:1041700008B51BF053FDBDE808401BF04FBD00BF64
:1041800070B5044682B0D0E9000117F02FF90B4D4D
:1041900095F8EE600122C4E9000100232146009653
:1041A000284616F0ADFF284626F06AFA0449022296
:1041B000284402B0BDE870401BF0AEBD8890FF1FE0
:1041C00024090300FFFFFFFF2DE9F047924C94F80C
:1041D0004321A2F1280392B04C2B00F29980DFE832
:1041E00013F0EB00D9009700970097009700970015
:1041F0009700970097009700970097009700970007
:1042000097009700970097009700970097009700F6
:1042100097009700D90097003502EB0097009700B0
:10422000930297009700970097004D009C009C0018
:104230009C0097009700EB00A402FB0197002F0160
:104240000502CB029700D9009700970097009700CE
:10425000970097004D009700C201B201A801970195
:10426000C601DC0297009700970097007102A00238
:10427000F50197009700E0019700D0021CF0A6F826
:10428000664B67490446D86A23F044FC23F01EFEBF
:104290000346DB17201A634C63EB4301C4E90601B4
:1042A00013F0FAFC0646D4E9060113F0C9FC23F02A
:1042B000DDFB5D4923F0E2FC0546304623F0D6FBEA
:1042C0000146284623F01EFB0546D4E9060113F0FB
:1042D000CDFC23F0CBFB524923F0D0FC294623F040
:1042E00011FB22F069FF514D02460B462146E1E9E0
:1042F0000A230122284616F067FE284626F0C0F958
:104300004B490222284412B0BDE8F0471BF004BD1F
:1043100012B0BDE8F047FDF7ABBEA2F14D05454F29
:1043200005EB45086FF0590608EBC808361B07F186
:104330000F094644BA4606EB0A001BF0A5FC0AF832
:10434000010F002800F0B082D145F4D13A49374836
:104350002A4625F0D5FC354826F092F90E2817D8C4
:10436000324E002508F1150808EB050420461BF025
:104370008BFC17F8019F814505F101054946204650
:1043800001D01BF09BFC304626F07AF98542EBDD2C
:10439000264DB5E7294904A80EF01EF894F84331DC
:1043A000412B00F010835A2B00F04483292B00F09E
:1043B000678312B0BDE8F087184913A3D3E900233F
:1043C000D1E9020122F050FF0B4602461B4904A826
:1043D0000DF08AFE94F84331522B00F09582442B65
:1043E00000F03383282BE4D104A815F0F3FD08A3D3
:1043F000D3E9002322F038FF02460B4602A8CDE99C
:104400000223FFF7BDFED4E7000000A046DF913F86
:1044100000000020DCA54C401890FF1FF892FF1F01
:10442000000061457891FF1F000070428890FF1FD7
:10443000240903008790FF1F3C0D03004093FF1FDA
:1044400094F84431423B2E2B3FF662AF01A252F862
:1044500023F000BF85480000114300006B480000B6
:1044600011430000114300001143000011430000FC
:1044700011430000114300001143000011430000EC
:10448000114300005948000011430000D5470000C7
:10449000114300001143000011430000C347000016
:1044A00011430000114300001143000011430000BC
:1044B00011430000114300001143000011430000AC
:1044C000114300001143000011430000114300009C
:1044D00011430000BB4700001143000011430000DE
:1044E000114300001143000011430000114300007C
:1044F000114300001143000011430000114300006C
:10450000114300001143000011430000A7470000C1
:10451000B14BD3E9000123F09FF904AB0022002145
:104520001BF082FD04A9AD4825F0FCFDAC49022238
:10453000E9E6AC4BAC49B3F91820A84812B0BDE885
:10454000F04725F0DDBB94F844314C2B00F0D781C7
:10455000A24D94F85E010090A44900220123284650
:1045600016F0CEFDC9E69D4BA14A1A6021E794F8EA
:104570004401A049994CA0F166000123B0FA80F0F3
:1045800040091A460090204616F0BAFD204626F053
:1045900077F893490222204412B0BDE8F0471BF09F
:1045A000BBBB94F844314C2B00F0A4819249934B4F
:1045B0008A4D0022D1E9000122F080FF0F46064615
:1045C000CDE9046794F85E2104A993E68C4B8D49EC
:1045D000D3F82C218148B1E7894C94F80A35002B97
:1045E00040F0CB810020052204AB98E7844EB47DD7
:1045F000022C00F0D48100F24981012C40F0D981D5
:10460000764D284626F03CF87F49022228441BF0CC
:1046100083FB96F80A357148002B00F04F8126F095
:104620002FF87A49022228441BF076FB744810F0D8
:1046300061FD002800F04A81684826F021F874499D
:10464000022228441BF068FB644857E61BF0BEFEBC
:10465000644B7049704D0446D86A23F05BFA23F02E
:1046600035FC0346DB17201A63EB4301C5E906015D
:1046700013F03EFB0446D5E9060113F0CBFA0646DB
:10468000D5E9060113F01EFB0746D5E9060113F034
:1046900003FBD5E9060113F0D3FAD5E9060113F0BF
:1046A000E5FA5E4A4D4882FB0412E317C3EB62133E
:1046B000642202FB13445A4900943B46324625F0DB
:1046C0001FFB76E64E48454D10F028FD554B1B6804
:1046D0002B801A0C0128AA7000F08A810228B3D11D
:1046E000474810F02FFD002840F0FB813D49002392
:1046F000D1E90201002223F03DF8002814BF57231E
:10470000452384F870309FE7364BD86A22F054FD79
:104710000B4645490246314812B0BDE8F04725F046
:10472000EFBA424A42492D4808E772B63A4B186838
:1047300062B6404B984205DDA0F50300A0F5564057
:104740009842F9DC23F092F93B4923F097FA3B4970
:1047500023F0E0F922F030FD94F8444102460B4684
:104760004C2CCDE9042300F003811C4C012204A948
:10477000204616F029FC09E712B0BDE8F04702F028
:1047800057B894F844012E49144CA0F16600B0FAD1
:1047900080F0400900220123F4E6194B2949D3F89F
:1047A00028210E48CAE6284A0C4B07CA03C31846FC
:1047B0000B4900F8012B0222A5E5244907480222F3
:1047C000BCE6234A054B92E80300232283E803005A
:1047D0001A81EEE51F4AE7E74098FF1F8890FF1F08
:1047E00024090300F892FF1F200D03001898FF1FF3
:1047F000323423000893FF1F2098FF1F00002E4033
:104800004093FF1F4C0D0300A00D0300A80D0300F3
:10481000B00D0300000061457891FF1F1F85EB512B
:10482000FC0C0300440D0300280D03001293FF1F2E
:10483000480D030000D6830000D6034B0000C041A2
:104840000093FF1F340D0300800D0300980D03003B
:104850008C0D0300740D0300AF4AB04B92E80300C7
:104860002322DA8018609980A3E5AD4AAB4B07CAD2
:1048700003C323F8022B1846140CAA4900F8014B75
:10488000022240E5A849A548F02257E6033C012C46
:1048900000F28F80A14D284625F0F2FEA3490222A6
:1048A00028441BF039FAB4E694F87030002B3FF43A
:1048B0004DAD9A4D284625F0E3FE21E525F0E0FEBA
:1048C0009B49022228441BF027FAAFE6994810F0D2
:1048D00009FC002840F0A58096F878348F48002B1A
:1048E00000F0978025F0CCFE9349022228441BF06B
:1048F00013FAA9E6914B9249D3E900230BE78F4BBA
:104900008F4953E9022306E794F844314C2B00F019
:10491000BB8072B68B4B186862B68B4B984205DD34
:10492000A0F50300A0F556409842F9DC23F09EF86C
:1049300086497A4D23F0A2F9854923F0EBF822F05D
:104940003BFC6DA3D3E9002322F08EFC02460B460C
:1049500004A815F051FB6AA3D3E9002322F084FCDC
:104960000F460646CDE9026794F85E2102A9C1E42C
:1049700078496A4825F0C4F91BE5204610F0BCFBD5
:1049800000287FF42FAE04F5A2645FA3D3E90023CF
:10499000D4E9000122F068FC22F05EFF23E65F4DBF
:1049A000284625F06DFE6C49224628441BF0B4F9D8
:1049B0002FE65A4D284625F063FE68490222284416
:1049C0001BF0AAF925E604A815F02AFF50A3D3E9A5
:1049D000002322F049FC514D94F85E410094CDE94A
:1049E00002010022012302A9284616F089FB84E473
:1049F000504810F0A7FB002875D159490023D1E990
:104A00000201002222F0B6FE002814BF45235723DE
:104A100077E625F035FE5349022228441BF07CF945
:104A200012E63E4825F02CFE4B49022228441BF09A
:104A300073F909E604A815F0F7FE35A3D3E90023BE
:104A400022F012FC16F0ECFCD6E404A815F0C6FA2D
:104A50002FA3D3E9002322F007FC94F84451024627
:104A60000B464C2DCDE902233FD02C4D94F85E012E
:104A70000090002202A90123284616F041FB3CE4E5
:104A800004A815F0C9FEB2E472B62E4B186862B6DF
:104A90002D4B984205DDA0F50300A0F55640984245
:104AA000F9DC22F0E3FF294923F0E8F8284923F054
:104AB00031F822F081FB10A3D3E9002322F0D4FBCC
:104AC00002460B4604A815F097FA11A3D3E9002378
:104AD00022F0CAFB02460B461048234925F010F984
:104AE00067E457230DE645230BE615490B4825F0EF
:104AF00007F95EE4AFF300800000004052C1D03FF0
:104B0000000000A0C88E0E40000000E006154E40D8
:104B100000000020DCA54C406C0D03008890FF1FB6
:104B2000600D030024090300980D0300680F0300C3
:104B3000AC0D03004093FF1F380803002098FF1FAF
:104B4000140D03007891FF1F00D6830000D6034B9D
:104B50000000C041540D03009C0D0300A40D030090
:104B6000F892FF1FB40D03000C0D030008B51BF0F5
:104B700055F8BDE808401BF051B800BF10B4204BF9
:104B800093F8842085B03AB9002093F83C20EAB924
:104B9000002005B010BC70471A49D3F890000A688D
:104BA0000092009A121AB2F5FA6FEDD293F87420BF
:104BB000002AE9D00A6801920198D3F88020801A6F
:104BC000B0F5FA6F2CBF00200120DEE70D491C6F05
:104BD0000A680292029A121BB2F5FA6FD8D293F8C1
:104BE000B420002AD4D00A680392D3F8B820039BDB
:104BF0009B1AB3F5FA6F2CBF002000F00100C8E744
:104C00004093FF1F34A0FF1F2DE9F04F87B01BF02A
:104C1000DDFB0021044613F06BF800210646204618
:104C200012F0F8FF00210546204613F04BF86B1EEA
:104C3000012B98BF06F1FF368046304698BF0C35F1
:104C400022F014FFD649064623F018F81FF0DEF9CB
:104C5000D4490746304623F011F81FF0D7F9D2495E
:104C6000034630461E4622F055FF1FF0CFF981461D
:104C7000284622F0FBFE4FF07E5122F043FECB4946
:104C800022F048FF1FF0C2F9394605464FF0804038
:104C900022F036FE314622F035FE22F08DFA06462D
:104CA00048460F4622F088FA02460B4630463946FF
:104CB00022F024F9064628460F4622F07DFA0246E5
:104CC0000B463046394622F019F9064640460F4653
:104CD00022F060FA02460B463046394622F00EF9C1
:104CE00099A3D3E9002322F009F982468B46204696
:104CF000002112F0D1FF00210646204612F0A0FF4D
:104D000022F0B4FEAA4922F0B9FF0546304622F04F
:104D1000ADFE0146284622F0F5FD0021034620465F
:104D20001C4612F0A3FF22F0A1FEA24922F0A6FF2A
:104D3000214622F0E7FD22F03FFA9F4BCDE900012A
:104D400000225046594622F0D9F81FF091F880A36E
:104D5000D3E9002304460D4622F016FD58B37EA386
:104D6000D3E900232046294622F0C6F87CA3D3E9E4
:104D7000002322F0A3FB22F027FD22F00BFA8F4B39
:104D8000002206460F4622F06FFA1FF071F8024625
:104D90000B462046294614461D460022884B22F029
:104DA000ADF832463B4622F0A9F822462B4622F0C7
:104DB000A3F804460D466CA3D3E9002320462946F8
:104DC00022F09CF86AA3D3E9002304460D4622F0A2
:104DD00093F869A3D3E9002322F070FB1FF048F891
:104DE00002460B46CDE9022363A3D3E9002322F058
:104DF0003BFA1FF03DF802460B462046294622F0BA
:104E00007BF85FA3D3E900238046894622F056FB56
:104E10001FF02EF85AA3D3E9002304460D4622F0D2
:104E200023FA1FF025F8002206460F4600234046CD
:104E3000494622F063F832463B4622F05DF81FF007
:104E400017F822F0C1FC5F4B064600222046294697
:104E500022F07CFC002800F01482594B20460022EE
:104E6000294622F049F822F0AFFC0446204622F001
:104E7000FDFD5549804623F009F8002800F0F68131
:104E800041A3D3E90023DDE9020122F035F822F045
:104E90009BFC0546631E012B05D804F10C0022F093
:104EA000E5FD013D8046284622F0E0FD3C490446F0
:104EB00022F0E4FE1FF0AAF83A490746204622F005
:104EC000DDFE1FF0A3F838490546204622F022FEF9
:104ED0001FF09CF84FF07E510446404622F012FD30
:104EE000324922F017FE1FF091F80346594650460A
:104EF000059327A3D3E9002321F0FEFF334B80461F
:104F000089460022DDE9000122F0D8FA02460B466C
:104F10004046494621F0F2FF1FA3D3E90023824611
:104F20008B4622F0CBFA02460B464FF080403946C2
:104F3000CDE9022322F0E4FC294622F0E3FC22F032
:104F40003BF9804644E000BF00000080A2423A41A5
:104F5000000000008C8A414100000040D07D3C41AF
:104F60000000000088D5E1400000000000D097401C
:104F70000000006066865E400000000000D47640BD
:104F800000000020A0993E4000000000006CB240EC
:104F9000000000802CB4424100000000A0D5E14098
:104FA0000000C8420000C84300A0B64301CDF44150
:104FB00000007042000061450000E03F0000D03F6B
:104FC0000000F03F00002B4000002040000038406F
:104FD0002046894622F0F0F802460B4640464946F4
:104FE00021F08CFF044605980D4622F0E5F80246B4
:104FF0000B462046294621F081FF044630460D46E7
:1050000022F0C8F802460B462046294621F076FFDA
:10501000A1A3D3E9002321F071FFA1A3D3E90023C9
:1050200021F06AFFA0A3D3E9002322F01DF9A0A379
:10503000D3E9002321F062FFB74B00228046894666
:1050400022F098FB78B1B44D002422462B4640460E
:10505000494621F051FF22462B468046894622F0E0
:1050600089FB0028F1D1002200234046494622F066
:105070006DFB88B1A84F0026002400254046494614
:1050800032463B4621F03AFF22462B46804689466F
:1050900022F05CFB0028F1D187A3D3E90023DDE9EE
:1050A000000122F0E1F842464B4621F027FFDDE9FE
:1050B000026783A3D3E9002304460D4630463946F0
:1050C00022F0D2F832463B4622F0CEF802460B469A
:1050D0002046294621F012FF8F4B00228046894648
:1050E00022F048FB78B18C4D002422462B464046E6
:1050F000494621F001FF22462B468046894622F090
:1051000039FB0028F1D1002200234046494622F015
:105110001DFB88B1804F00260024002532463B4607
:105120004046494621F0EAFE22462B468046894603
:1051300022F00CFB0028F1D163A3D3E900235046F1
:10514000594622F091F802460B4661A1D1E90001CF
:1051500021F0D2FE60A3D3E9002322F0AFF91EF0C4
:105160009DFB5FA3D3E9002304460D4650465946F4
:1051700022F07AF85CA3D3E9002321F0BFFE0246B7
:105180000B4621F0BBFE54A3D3E9002322F096F98D
:105190001EF084FB56A3D3E9002306460F46504673
:1051A000594622F061F802460B4653A1D1E90001AD
:1051B00021F0A2FE48A3D3E9002322F07FF91EF0DC
:1051C000E1FA4FA3D3E9002382468B4620462946C5
:1051D00022F04AF84CA3D3E9002304460D4630469A
:1051E000394622F041F802460B462046294621F076
:1051F00083FE52465B4622F037F842464B4621F08A
:105200007DFE454B00228046894622F0B3FA78B1F4
:10521000414D002422462B464046494621F06CFE73
:1052200022462B468046894622F0A4FA0028F1D176
:10523000002200234046494622F088FA88B1364FC2
:1052400000260024002532463B464046494621F0D0
:1052500055FE22462B468046894622F077FA0028E2
:10526000F1D14046494607B0BDE8F08F28A3D3E905
:105270000023DDE9020121F03FFE22F0A5FA0546F8
:1052800008E6264B20460022294621F035FE22F072
:105290009BFA0446EAE500BF00000080A2423A41C2
:1052A000000000802CB44241000000E05BD2B03F1F
:1052B000000000801CCA1A40000000E0360BF03FDE
:1052C000000000605243FB3E00000060C91CAB3F81
:1052D000000000608F425F4000000020DCA54C40D1
:1052E000000000E0718AEF3F0000002085877140D8
:1052F000000000A0F2D79A3E000000007670374010
:10530000000000A0EEE734BF00000080732AF93EE1
:1053100000000000006BB2400000384000002A404E
:105320002DE9F04F844D95F838308DB013B90DB09C
:10533000BDE8F08F28460FF0DDFE002860D07F4CDE
:1053400005E01CF045FEC1B2204616F049FB1CF0FA
:105350002BFE0028F5D1DFF8E8A19AF80040002CD8
:10536000E5D175480FF0C6FE0028E0D095F838303A
:10537000002BDCD0FFF702FC0028D8D0714BDFF8FF
:10538000C8B103F110070FCB04AE86E80F0097E811
:105390000F0008AD85E80F00304616F0C5FB074644
:1053A000304616F0D1FB0190304616F0DFFB00903E
:1053B000284616F0E7FB8146284616F0EFFB8046AC
:1053C000284616F001FC4E37019A009B8DF8080024
:1053D00002A88DF80D208DF80C308DF80E708DF828
:1053E0000A908DF8098012F09BFC07461AF0EEFF38
:1053F000B842CBE9060409D101238AF8003096E7C8
:1054000028460FF06FFE002899D190E7304616F03D
:105410008BFB0446304616F097FB8046304616F06C
:10542000A5FB0746284616F0ADFB0646284616F0B3
:10543000B5FB034628461D4616F0C6FB03468DF80D
:105440000830424B8DF80950D3E904234E3402A8AA
:10545000CBE90E238DF80E408DF80D808DF80C7081
:105460008DF80A6012F05CFC05460C461AF0B4FF99
:105470002846214612F0B2FDFFF7C6FB344B044626
:105480000D460022DBE90E0122F018F802460B4619
:105490002046294621F030FD2E4B002204460D46C1
:1054A00022F068F978B12B4F002620462946324673
:1054B0003B4621F021FD32463B4604460D4622F094
:1054C00059F90028F1D1002200232046294622F074
:1054D0003DF998B1DFF87C904FF0000800260027D6
:1054E0002046294642464B4621F008FD32463B46BF
:1054F00004460D4622F02AF90028F1D1154B20462A
:105500002946002221F0DAFF09A3D3E9002321F084
:10551000ABFE22F059F972B6CBF8000062B672B653
:10552000DBF80020DBF80030CBE9042362B663E748
:1055300000000000C07A60414093FF1F7C93FF1F72
:10554000E092FF1FB493FF1F7891FF1FF892FF1F97
:1055500000002E4000003840224B93F8380000B97C
:10556000704710B493F8842085B03AB9002093F8BE
:105570003C20EAB9002005B010BC70471A49D3F8A6
:1055800090000A680092009A121AB2F5FA6FEDD2F2
:1055900093F87420002AE9D00A6801920198D3F8A0
:1055A0008020801AB0F5FA6F2CBF00200120DEE7C2
:1055B0000D491C6F0A680292029A121BB2F5FA6F2B
:1055C000D8D293F8B420002AD4D00A680392D3F832
:1055D000B820039B9B1AB3F5FA6F2CBF002000F094
:1055E0000100C8E74093FF1F34A0FF1F144B93F83E
:1055F000D4200AB90020704700B5124AD3F8D81059
:10560000126883B00192019A521AB2F5FA6F03D36D
:10561000002003B05DF804FB0022D3F8DC0083F81F
:10562000D52022F023FA084922F028FB4FF08041D0
:1056300022F00EFC003818BF012003B05DF804FB17
:105640004093FF1F34A0FF1F0000C8422DE9F04720
:10565000324F334D3B682A688CB00193019B9B1AF3
:10566000B3F5FA6F06D92F4B93F885203AB993F822
:10567000753023B92C4B18780CB0BDE8F0872B4B54
:1056800003F1100C0FCB04AE86E80F009CE80F006E
:1056900008AC84E80F00304616F046FA80463046E3
:1056A00016F052FA8246304616F060FA81462046DD
:1056B00016F068FA0646204616F070FA03462046B1
:1056C0001C4616F081FA08F14E08034602A88DF830
:1056D00008308DF809408DF80DA08DF80C908DF8EC
:1056E0000A608DF80E8012F01BFB04461AF06EFE65
:1056F0003A680292041B029A2A60002C0C4A034664
:10570000B8BF6442042C9361074BCCBF002001203A
:105710000021D16118700CB0BDE8F08734A0FF1FE4
:10572000E492FF1F4093FF1FE892FF1FB493FF1FF7
:105730007891FF1F2DE9F84FB1F100093DDDA0F18F
:10574000080606EBC907B04600240025F8E9022345
:105750002046294621F0D2FB474504460D46F5D1A7
:10576000484621F017FD82468B4620462946524680
:105770005B4621F0A3FE0024804689460025F6E919
:10578000020142464B4621F0B7FB02460B4621F090
:105790006BFD02460B462046294621F0AFFBB7427F
:1057A00004460D46EBD152465B462046294621F081
:1057B00085FEBDE8F84F1DF025BE484621F0EAFC05
:1057C000002482468B460025EDE700BFFFFFFFFF68
:1057D0002DE9F04FDFF82CA00B4CDAF800302268EE
:1057E000A1B01093109B9B1AB3F5FA6F03D9074B26
:1057F00093F83D2072B9064B1D78284621B0BDE8CC
:10580000F08F00BF34A0FF1FF092FF1F4093FF1FD7
:10581000F492FF1F03F13C0ED3F8BC70C24EDFF8C8
:105820000CB3C34DBEE80F000DF1480CACE80F00FF
:10583000BEE80F00ACE80F00BEE80F00ACE80F00B8
:105840009EE803008CE8030012A8D6E9048916F04C
:105850004BF902460B464046494621F04FFB15F0F6
:10586000BFFD21F000431946DBF8003005EBC3080B
:10587000ABA3D3E9002321F0F7FCC8E9000112A88B
:10588000D6E9028916F010F902460B464046494611
:1058900021F032FBDBF8008021F000434FEAC80919
:1058A00019469FA3D3E90023CDF8009021F0DCFC3A
:1058B000A04B0A4603EBC8030146C3E90012B6F940
:1058C0001800CDE9021221F065FC02463846164662
:1058D0000F4622F0CBF8984922F0D0F921F06CFC69
:1058E00002460B463046394621F006FB02460D9033
:1058F0009248D0F800B0BBF10B0F21F00043D8BFA5
:105900000BF1010B8E49D8BFC0F800B0BBF10C0FF2
:105910004944D946A8BF4FF00C09C1E90023844887
:105920000C934946FFF706FF02460B46CDE90423D8
:10593000844B002221F01EFF18B9824B0022CDE9D2
:1059400004237C484946FFF7F5FE02460B46CDE9A5
:1059500006237C4B002221F00DFF18B9794B002261
:10596000CDE9062376484946FFF7E4FE764B002250
:1059700006460F4621F0FEFE002800F0C8803246A1
:105980003B463046394621F0B9FACDE90A01009B81
:1059900055F8382009922B44BBF1000F5F6840F3A3
:1059A000E780634E00250022002310461946F6E8E2
:1059B000022321F0A3FA01354D4502460B46F4DBE4
:1059C0004846CDE90E2321F0E5FBDDE90E2305462F
:1059D0000E46104619462A463346CDE9005621F0B8
:1059E0006DFD02460B460998394621F085FADDE93E
:1059F0000423064621F000451046194621F07EFAA0
:105A000002460B463046294621F0A0FE002840F011
:105A1000A3800746474E0025002200231046194662
:105A2000F6E8022321F06AFA0135A94502460B4641
:105A3000F4DCDDE9002321F041FD02460B46DDE9FF
:105A4000020121F059FADDE9062321F0004506465E
:105A50001946104621F052FA02460B4630462946B6
:105A600021F074FE054678B1DDE9020100224FF015
:105A7000804321F06BFE00280CBF002507F00105D4
:105A8000BBF1000F40F3C3802D4F002600220023FE
:105A900010461946F7E8022321F030FA0136B145E5
:105AA00002460B46F4DCDDE9002321F007FD064643
:105AB0000F46DDF834B0DDF830903B4632465846AC
:105AC000494621F019FA21F00047DDE90A23394659
:105AD00021F03CFE00B31D4B58464946002221F000
:105AE00035FE002808BF0025194B104A1D70B8F17B
:105AF0000B0F08F1010308BF00231360DAF8003030
:105B00001193119B2360284621B0BDE8F08F114B03
:105B10000022CDE90A233AE70546E5E7AFF3008026
:105B2000000000000020AC40F892FF1FEC92FF1F25
:105B30008092FF1F2092FF1F0000C842B891FF1FF4
:105B4000C091FF1F0000F03F0000344000003E40C5
:105B5000F492FF1F0000444027F000410998002202
:105B60004FF0804321F0F2FD071E18BF012751E7D7
:105B7000484621F00FFB02460B4600200021CDE9EC
:105B8000002321F09BFC02460B460998394621F080
:105B9000B3F9DDE90423064621F000451046194615
:105BA00021F0ACF902460B463046294621F0CEFDE5
:105BB000002835D18146DDE900230020002121F0B5
:105BC0007DFC02460B4606460F46DDE9020121F048
:105BD00093F9DDE90623834621F000451046194676
:105BE00021F08CF902460B465846294621F0AEFDBD
:105BF00008B905465DE7DDE9020100224FF0804368
:105C000021F0A4FD00280CBF002509F00105DDE905
:105C100000230020002121F051FC06460F4648E7F2
:105C2000099827F0004100224FF0804321F08EFDBB
:105C3000B0F1000918BF4FF00109BCE7FFFFFFFFFB
:105C40002DE9F04F6A4EDFF8ACC106F174030FCBBB
:105C50009BB00DF1100888E80F0006F184030FCB0C
:105C600008AF06F13C0587E80F000FCD0CAC0FC460
:105C70000FCD0FC40FCD0FC495E803009CF843313E
:105C8000732B84E80300D6F8BC4006D0742B0ED0EA
:105C9000FCF702FA1BB0BDE8F08F96F83830002B05
:105CA00040F0B280FCF7CEF91BB0BDE8F08F96F85B
:105CB0003830002BF6D0FEF761FF0028F2D04046C6
:105CC00015F032FF0446404615F03EFF814640463F
:105CD00015F04CFF8046384615F054FF064638460E
:105CE00015F05CFF0546384615F06EFF03468DF84B
:105CF0000830414BDFF804A18DF80950D3E90423A3
:105D00004E3402A8CAE90E238DF80E408DF80D908E
:105D10008DF80C808DF80A6012F002F805460C46EA
:105D20001AF05AFB2846214612F058F9FEF76CFF8C
:105D3000334B04460D460022DAE90E0121F0BEFB8A
:105D400002460B462046294621F0D6F82D4B00226C
:105D500004460D4621F00EFD78B12A4F002620465C
:105D6000294632463B4621F0C7F832463B460446B8
:105D70000D4621F0FFFC0028F1D10022002320462F
:105D8000294621F0E3FC98B11E4F00264FF0000891
:105D90004FF000092046294632463B4621F0AEF836
:105DA00042464B4604460D4621F0D0FC0028F1D176
:105DB000144B00222046294621F080FB0AA3D3E998
:105DC000002321F051FA21F0FFFC72B6CAF800005E
:105DD00062B672B6DAF80020DAF80030CAE90423B5
:105DE00062B6FCF719F955E700000000C07A60417F
:105DF0004093FF1F1890FF1FF892FF1F7891FF1F1D
:105E000000002E4000003840FEF7B8FE00283FF4A6
:105E100049AF0CA815F048FE82460CA88B4615F039
:105E200063FE064620460C4621F020FECC4921F0B8
:105E300025FFCC4B054621463046002221F0A4FC2C
:105E4000002840F0B681C84B30462146002221F0A0
:105E50007DFC002840F0AD8132463046C34E04F14F
:105E60000044234621463478C6E9042321F0F4FC9B
:105E700004EB440404EBC40404F10E03C1B28146F4
:105E800018460091019319F0FFFE0099814203D05A
:105E9000019B184619F012FF04F10F03C9F3072103
:105EA00018460091019319F0EFFE0099814203D04A
:105EB000019B184619F002FF04F11003C9F30741D2
:105EC00018460091019319F0DFFE0099814203D03A
:105ED000019B184619F0F2FE1134204619F0D4FE49
:105EE0004FEA1969814503D04946204619F0E6FE7C
:105EF0009F4B00225046594621F028FC002859D1DA
:105F00009C4B00225046594621F03EFC002851D1BE
:105F10003478C6E902AB5946504621F09DFC04EBAB
:105F2000440404EBC40404F10A0B5FFA80FA8146CE
:105F3000584619F0A9FE824503D05146584619F03B
:105F4000BDFE04F10B0B584619F09EFEC9F3072A5B
:105F5000824503D05146584619F0B0FE04F10C0BAF
:105F6000584619F091FEC9F3074A824503D05146BD
:105F7000584619F0A3FE0D34204619F085FE4FEA6D
:105F80001969814503D04946204619F097FE70A350
:105F9000D3E90023D6E9020121F090FA82468B462C
:105FA0001DF0F0FBC6E90C01504659461DF076FC89
:105FB000C6E90E01284621F089FF84B204F1C80326
:105FC0009BB242F208018B4202B21DD8357832836F
:105FD00005EB450505EBC50505F1120A50465FFACC
:105FE00082F919F051FE814503D04946504619F017
:105FF00065FE1335284619F047FE240A844203D073
:106000002146284619F05AFE09F0C2FB5A480DF005
:10601000F7FA5A480AF0A4FF58480AF09DFF0120F9
:1060200008F06AFC404615F07FFD0446404615F036
:106030008BFD8246404615F099FD8146384615F0A5
:10604000A1FD8046384615F0A9FD0546384615F0F5
:10605000BBFD03468DF80830D6E904238DF80DA06A
:10606000DFF81CA18DF809504E3402A8CAE90E23AE
:106070008DF80E408DF80C908DF80A8011F050FECE
:1060800005460C461AF0A8F92846214611F0A6FF4D
:10609000FEF7BAFD3B4B04460D460022DAE90E013D
:1060A00021F00CFA02460B462046294620F024FF38
:1060B000354B002204460D4621F05CFB78B1324F8F
:1060C00000262046294632463B4620F015FF324640
:1060D0003B4604460D4621F04DFB0028F1D100223D
:1060E00000232046294621F031FB98B1DFF8989033
:1060F0004FF00008002600272046294642464B461E
:1061000020F0FCFE32463B4604460D4621F01EFBC5
:106110000028F1D11C4B00222046294621F0CEF95F
:106120000DA3D3E9002321F09FF821F04DFB72B6B7
:10613000CAF8000062B672B6DAF80020DAF8003069
:10614000CAE9042362B6602200211FE0AFF3008099
:1061500000000020DCA54C4000000000C07A604137
:106160000000C84200807640008076C0F892FF1F91
:10617000008056C0008056406894FF1F4093FF1F68
:106180007891FF1F00002E40000038400A4823F09D
:1061900099FE60220021094823F094FE602200212C
:1061A000074823F08FFE074B00221A60FBF734FFED
:1061B00070E5054E9CE600BF2092FF1F8092FF1FF6
:1061C000C091FF1FB891FF1FF892FF1F08B519F08B
:1061D00025FDBDE8084019F021BD00BF2DE9F041C3
:1061E0004FF0000E164C174DF4464378067882782F
:1061F0001B0243EA06431A439F0CC2F38516C3F3FE
:10620000053302F03F020CF1030C15F80780AE5D78
:10621000EF5CAB5C84F870808C4584F8717084F816
:10622000726084F873300EF1040E00F1030004F183
:106230000404DADB044B002203F80E20BDE8F081F1
:106240001890FF1F200E03008890FF1FFFFFFFFF25
:106250002DE9F04FC64DC1B06622002126A823F0DB
:1062600031FE28460EF05AFF95F840352C7895F807
:106270000A7595F80B85003B18BF012306465FFAA7
:1062800088F804F00304284607EB430708F00308E6
:106290000EF030FF2301FFB243EA8803A6F10202A9
:1062A0003B43B2FA82F2520943EA801343EAC21333
:1062B000AA7D95F879158DF89830012A95F87834EB
:1062C00001F0070100F02F82022A00F00582032A64
:1062D00000F09C82A2F10402B2FA82F25209920109
:1062E00095F83105DB0043EAC0130B43134395F8DF
:1062F00099258DF89930022A00F0048295F8993595
:10630000FE2B00F0758295F89935FF2B00F07C820A
:1063100095F89935012B14BF00270327022E95F815
:10632000C93500F0F681022B00F0FF8195F8C935E0
:10633000FE2B00F0F58195F8C935FF2B00F0618246
:1063400095F8C935012B14BF4FF000084FF00C0829
:1063500095F8086595F8893706F00306002B40F09C
:10636000BD8195F81148A40164B281480AF0C4FDCA
:1063700047EA061748EA07031C4344EAC01495F8A5
:1063800038608DF89A40FFF7E7F8002840F01E8249
:1063900095F8483595F88B2695F8F8148DF89C10EB
:1063A00046EA43168DF89B6095F87C3622B195F845
:1063B000AB260AB143F0020395F836200AB143F048
:1063C000040395F8F8250AB143F0080395F837203F
:1063D0000AB143F010038DF89D3019F0F7FF654CBA
:1063E000DFF894A10021C4E9060111F081FC064602
:1063F000D4E9060111F00EFC8046D4E9060111F043
:1064000061FC0746D4E9060111F046FC8346D4E955
:10641000060111F015FC8146D4E9060111F026FCB5
:10642000564A8DF8A00082FB0632F317C3EB6213C5
:106430006422DAE9020102FB136645A3D3E90023D3
:106440008DF89EB08DF89F908DF8A1808DF8A27088
:106450008DF8A36020F008FF02460B460CA84449C3
:106460000BF042FE72B6206862B6454B984205DDDD
:10647000A0F50300A0F556409842F9DC21F0F6FAA9
:10648000404921F0FBFB404921F044FB20F094FE01
:1064900031A3D3E9002320F0E7FE02460B460CA807
:1064A00013F0AAFD2EA3D3E9002320F0DDFE8046E1
:1064B0000CA8894613F092FD2BA3D3E9002320F00A
:1064C000D3FECDE9000118A829490BF085FF18A8D3
:1064D00014F0A6F924A3D3E9002320F0C5FECDE9EA
:1064E000020118A814F0A0F91FA3D3E9002320F09B
:1064F000BBFE14F095FFCDE9040172B6246862B6C4
:106500001F4B9C4205DDA4F50304A4F556449C42B0
:10651000F9DC1E4F1E4BD7E90001002220F0CEFF10
:10652000D7E90C23CDE906011A49002020F0E4FC4C
:10653000CDE90A890AAEDDE90089CDE9080196E8CE
:1065400003000DF1A40ECDE90A8925E0AFF3008028
:10655000000000A046DF913F0000004052C1D03F44
:10656000000000A0C88E0E4000000020DCA54C40BA
:106570004093FF1F7891FF1FF892FF1F1F85EB517B
:1065800000D6830000D6034B0000C0412098FF1FB7
:1065900000002E400000F03F8EE80300D7E90E0116
:1065A000CDE9000196E803000DF1AC0C8CE8030086
:1065B000DDE902BCCDE90ABC96E803002DAA82E819
:1065C0000300DDE90412CDE90A1296E803002FABBF
:1065D00083E80300204621F049FA8E4921F04EFB62
:1065E0008D4921F097FA20F0E7FDCDE90A0196E800
:1065F00003000DF1C40C8CE80300DDE906BCCDE915
:106600000ABC57E9028996E8030033AF87E8030024
:10661000CDE90A89DDE9087896E8030035ACCDE9D3
:106620000A7884E80300D5F824153C91D5F82015A4
:106630003B9196E8030037AA82E80300DDE90001F8
:10664000CDE90A0196E8030095F8374039AB83E8B5
:106650000300002C6CD17149DAF82C0021F05AFAB1
:106660001DF016FD21F032FC95F8303395F87D448D
:106670008DF8FA0003F00303012C8DF8FB302FD0C6
:10668000022C36D004F0030395F87E2495F84015CB
:10669000920002F01C02134343EA41138DF8FC30D0
:1066A0003FA80DF19703002213F8011F834282EAED
:1066B0000102F9D15A4C8DF8FD20662126A8FFF77A
:1066C0008DFD204623F0DCFF56490222204441B0D4
:1066D000BDE8F04F19F020BB202201E6402444E63B
:1066E00051480EF009FD002800F08980022385F84A
:1066F0007D344D480EF000FD00287BD1032385F842
:106700007D34C1E7022E95F8C9354FF001077FF4BB
:106710000AAEFE2B09D095F8C935022B7FF40BAEDB
:106720004FF0080814E61022DAE54FF004080FE6EF
:106730001BF060F801E01BF095F81BF07FF80028D3
:10674000F9DC042139481AF0CDFF1BF053F814206E
:106750001AF042F800212E2219A818AE18910C4602
:1067600023F0B0FB0AE0302C0CD01BF07BF8C0B259
:10677000232806F8010B04F1010403D01BF05EF896
:106780000028F0DC04F580730DEB0304002304F80B
:10679000A03C9DF860303F2B7FF45DAF0DF16100B0
:1067A00021F0DEFB202104460DF1610023F0DCFB2B
:1067B000034668B3013021F0CFFBC2B2C0F3072318
:1067C0003D948DF8F8208DF8F93044E7FEF73EFF50
:1067D00090B946F00206FEF7FBFF08B146F0080646
:1067E000FEF704FF00283FF4D3AD46F01006CFE5D6
:1067F000022793E5022347E746F00606EBE7234628
:1068000042E74FF00C08A3E5032787E5302267E550
:106810000246D5E700D6034B0000C04100002041EE
:106820008890FF1F240903004093FF1F50070300B7
:106830002DE9F04F5F4C94F84431413BC3B0312B0C
:106840003ED8DFE813F042003D00BB0003024B02DC
:106850003D003D003D003D003D00D90217034F03C0
:106860003D00B103DA033D0093043D0023053D00E4
:106870003D003D003D003D003D003D003D003D0030
:106880003D003D003D003D003D003D003D003D0020
:106890003D003D003D003D003D003D002D053D001B
:1068A0003D003D003D003D00320094F84531702B25
:1068B00001F09583742B00F00585672B00F08E8323
:1068C00043B0BDE8F04FFBF7D3BB94F84531532BF1
:1068D00000F0F38418AA15AB00201EAD16A904928F
:1068E000029314AA13AB05950391019200931090A3
:1068F00012AB11901290139014901590169018905E
:106900001E9011AA2C4810A916F034FF94F8455196
:10691000A5F130034A2B00F2CD84DFE813F0B90A69
:10692000B70AB50AB30AB10AAF0AAD0AAB0A3A0A06
:10693000CB04CB04CB04CB04CB04CB04CB04CB04DF
:10694000CB04CB04CB04CB04CB04CB04CB04CB04CF
:10695000CB04CB04CB04CB04CB04CB04CB04CB04BF
:10696000CB04CB04CB04CB04CB04CB04CB04CB04AF
:10697000CB04CB04CB04CB04CB04CB04CB04CB049F
:10698000B807430A9807CB04CB04F90ACB04CB041D
:106990009807CB04CB04CB04CB04BB0A1B0B980792
:1069A000CB04A70A3C0ACB04CB04CB04B807CB0426
:1069B000CB04B8071890FF1F8894FF1F94F8453147
:1069C000532B7FF47DAF2AAE5A220021304623F0AC
:1069D00079FAB94B1B681A682A921A89ADF8AC206B
:1069E0009A8CADF8AE201A8DADF8B0209A8BADF828
:1069F000B2209A8AADF8B4205A7B8DF8B6205A7C22
:106A0000DB7B0AB143F00203AC4A8DF8B730136860
:106A10001A682E921A89ADF8BC209A8CADF8BE2067
:106A20001A8DADF8C0209A8BADF8C2209A8AADF8C5
:106A3000C4205A7B8DF8C6205A7CDB7B0AB143F018
:106A400002039F4D8DF8C73005F5AA63D3E9000115
:106A500020F002FF05F5AC64329054E9020120F009
:106A6000FBFE0346D4E90001339320F0F5FE05F563
:106A7000AE62034652E90201349320F0EDFE05F5C3
:106A8000BE62034652E90201359320F0E5FE03465B
:106A90001A20369307F004FD074619F0F5F804466E
:106AA000781C19F0F1F8E4B260F30F241C20ADF863
:106AB000DC4007F0F5FC19F0E7F8034641208DF8BB
:106AC000DE3007F0EDFC19F0DFF8034605F59470B1
:106AD0008DF8DF300CF0BEFB034605F59470ADF881
:106AE000E0300CF0B9FB03462420ADF8E23007F0AB
:106AF000D7FC074619F0C8F80446781C19F0C4F80A
:106B0000E4B260F30F242620ADF8E44007F0C8FC9F
:106B1000074619F0B9F80446781C19F0B5F8E4B244
:106B200060F30F242820ADF8E64007F0B9FC0746D3
:106B300019F0AAF80446781C19F0A6F8E4B260F33C
:106B40000F242A20ADF8E84007F0AAFC074619F008
:106B50009BF80446781C19F097F8E4B2594B0022D0
:106B600060F30F24D5E94E01ADF8EA4020F07CFB3C
:106B70001DF002FA20F050FED5F82C2195F81531C1
:106B8000D5F828118DF8EF20D5F840218DF8EE10BA
:106B9000ADF8EC0095F816118DF8F0200BB141F02E
:106BA000020195F814310BB141F00401464C474BFA
:106BB0008DF8F1100022F4E8080120F055FB1DF0DB
:106BC000DBF920F029FE030CADF8F200000E0022E4
:106BD0008DF8F4308DF8F5003C4BD4E9000120F03D
:106BE00043FB1DF0C9F920F017FE95F8A92695F88A
:106BF0007D36ADF8F600010C000E8DF8FA308DF8F8
:106C0000F81095F889368DF8F9000AB143F00203BF
:106C10002F4A8DF8FB3013788DF8FC3040A80DF129
:106C2000A703002213F8011F984282EA0102F9D15A
:106C30005A213046274C8DF80121FFF7CFFA204624
:106C400023F01EFD244902222044FEE194F8453140
:106C5000423B152B3FF634AE01A252F823F000BFA1
:106C60006D750000C1680000C1680000C1680000C7
:106C7000C1680000C1680000C1680000C168000070
:106C8000C1680000C1680000C1680000C168000060
:106C9000C1680000C16800004D750000C1680000B7
:106CA000F3740000C1680000C1680000C168000002
:106CB000C1680000D57400006087FF1F2487FF1F94
:106CC0004093FF1F00002440C099FF1F000059405F
:106CD0003893FF1F8890FF1F2409030094F8452173
:106CE000A2F13103412B3FF6EBAD01A151F823F0A6
:106CF000D3770000D3770000C1680000C1680000AE
:106D0000C1680000C1680000C1680000C1680000DF
:106D1000C1680000C1680000C1680000C1680000CF
:106D2000C1680000C1680000C1680000C1680000BF
:106D30006B770000C1680000C1680000D3760000D6
:106D4000C1680000C1680000C1680000C16800009F
:106D5000C1680000C1680000C1680000C16800008F
:106D6000C1680000C1680000B77A0000DB7A00004B
:106D7000C1680000D3760000C1680000C16800004F
:106D8000C1680000C1680000C1680000C16800005F
:106D9000C16800006B770000C1680000C168000096
:106DA000C1680000C1680000C1680000C16800003F
:106DB000C1680000C1680000C1680000C16800002F
:106DC000C1680000C1680000C1680000C16800001F
:106DD000C1680000C1680000C1680000C16800000F
:106DE000C1680000C1680000C1680000C1680000FF
:106DF000C1680000C17A000094F84531613B192B4D
:106E00003FF65EAD01A252F823F000BF4F760000BE
:106E1000C168000041760000C1680000C168000040
:106E2000C1680000C1680000C1680000C1680000BE
:106E3000C1680000D1750000C1680000C168000091
:106E4000C1680000C1680000BF750000C168000093
:106E5000C1680000C1680000C1680000C16800008E
:106E6000C1680000C1680000C1680000C16800007E
:106E70008575000094F84531413B162B3FF620AD57
:106E800001A252F823F000BF53760000C376000041
:106E9000BF760000BB760000AF760000C16800003E
:106EA000C1680000A5760000C1680000C16800004C
:106EB000C1680000C1680000C1680000C16800002E
:106EC0009B760000C1680000C1680000C168000036
:106ED00091760000C168000075760000C16800006E
:106EE000C776000094F84531423B2B2B3FF6E8ACC7
:106EF00001A252F823F000BF6179000095790000EB
:106F0000C1680000C1680000C16800007B79000012
:106F1000C16800006D7A0000C1680000C16800000F
:106F2000FD790000397A0000C1680000C1680000E6
:106F3000C1680000C1680000C9790000537A0000F0
:106F4000C1680000C1680000C1680000C16800009D
:106F5000C1680000C1680000C1680000C16800008D
:106F6000C1680000C1680000C1680000C16800007D
:106F7000C1680000C1680000E37900001F7A0000CA
:106F8000C1680000C1680000C1680000C16800005D
:106F9000C1680000C1680000C1680000C16800004D
:106FA000C1680000AF79000094F84531413B122BD5
:106FB00020D8DFE813F0840281027E021F001F0048
:106FC0001F001F001F007A021F001F001F001F006C
:106FD0001F001F001F001F001F007402C64B93F804
:106FE0001531002B00F07481C44BC54A1B68138017
:106FF0001B0C937043B0BDE8F08F94F84531322BF1
:1070000000F0F58726D8312B7FF45AAC72B6BA4D12
:10701000D5F8980720F0BEF805F5E06555E902239C
:1070200020F04CFACDE92A0162B60123B44D94F860
:107030005E011A462AA90090284614F061F82846F5
:1070400023F01EFBAF490222284443B0BDE8F04FB5
:1070500018F062BE333B012B3FF632ACAA4DAB4E6B
:10706000A1A3D3E90023D5E9020120F0FDF80246EF
:107070000B462AA8A6F522710BF036F89AA3D3E99D
:107080000023D5E9020120F0EFF88046894618A8D0
:10709000A6F5227109F078FF00230893A6F1D80322
:1070A0000796069318AD0FCD6F460FC795E80300FE
:1070B00042464B4687E803002AA91EA812F064FF47
:1070C0001EA813F011FD8AA3D3E9002320F0CCF809
:1070D000CDE916011EA813F003FD85A3D3E9002313
:1070E00020F0C2F889468046A6F52270DDE916AB8D
:1070F000CDE92A890EF012F815A9049114A9524677
:107100005B4602900391A6F52270CDE900890AF052
:10711000F9FB14987A4D20F03DF806F58F6353E99A
:10712000022320F0CBF906F59966CDE916011598F2
:1071300020F030F856E9022320F0C0F994F84531E8
:1071400094F85E210092332B4FF00103CDE92A0120
:107150001A460CBF16A92AA9284613F0D1FF684881
:1071600023F08EFA6749022228446EE794F84521FD
:10717000A2F13003422B3FF6A3AB01A151F823F05B
:10718000817400008174000081740000817400002B
:10719000057B0000C1680000C1680000C1680000F4
:1071A000C1680000C1680000C1680000C16800003B
:1071B000C1680000C1680000C1680000C16800002B
:1071C000C1680000F17B0000DB7B0000C1680000AB
:1071D000D77B0000C1680000C1680000C1680000E2
:1071E000C1680000C1680000C1680000C1680000FB
:1071F000C1680000C1680000C1680000C1680000EB
:10720000C1680000C1680000C1680000C1680000DA
:10721000C1680000C1680000C1680000C1680000CA
:10722000B37B0000C1680000C1680000C1680000B5
:10723000C1680000C1680000C1680000C1680000AA
:10724000C1680000C1680000C1680000C16800009A
:10725000737B0000697B00005F7B0000C168000059
:10726000C1680000C1680000C1680000C16800007A
:10727000C1680000C1680000C1680000C16800006A
:10728000C1680000C16800000F7B000094F8453120
:10729000303B032B3FF6AEAEDFE803F0C1918750E1
:1072A00094F84531413B032B3FF60AABDFE803F08E
:1072B000403A3412FAF7DCFE9CE643B0BDE8F04FEA
:1072C000FEF7C6BF0C4B93F81631002B7FF48CAE43
:1072D0000F4B8AE6084BD3F87C0720F0F7FD0246F7
:1072E0000C4966E0AFF30080000000A046DF913F4C
:1072F00000000020DCA54C404093FF1F040E03005B
:107300008890FF1F24090300F892FF1FC895FF1FF4
:10731000080E0300980D0300B74BD3F8780720F050
:10732000D5FDDCE7B44BD3F82C0720F0CFFDD6E732
:10733000B14BD3F8280720F0C9FDD0E7AF4BD3E914
:107340000201A7A3D3E900231FF08EFF02460B46DC
:107350002AA8A9490AF0C8FE2AA812F043FEA2A34F
:10736000D3E900231FF080FF002204460D460023CE
:10737000CDE91E4520F0EAF9A14B0022002840F09B
:107380004E862046294620F0F5F938B19C4B002264
:10739000204629461FF0B0FDCDE91E01994C01227F
:1073A0001EA9204613F010FE49E419F00FF8964983
:1073B0000246944843B0BDE8F04F22F0A1BC19F05A
:1073C00005F8924D0021C5E9060110F091FC044634
:1073D000D5E9060110F01EFC0646D5E9060110F0BD
:1073E00071FC0746D5E9060110F056FCD5E9060107
:1073F00010F026FCD5E90601854D10F037FC85FB21
:107400000435E117C1EB6511642303FB11440094BB
:1074100080497C483B46324622F072FCEAE518F08F
:10742000D5FF7A4E0021C6E9060110F035FC05466D
:10743000D6E9060110F004FC20F018FB764920F094
:107440001DFC0446284620F011FB0146204620F092
:1074500059FA0446D6E9060110F008FC20F006FBB4
:107460006E4920F00BFC214620F04CFA1FF0A4FEE0
:1074700002460B463146E1E90823624C012290E7BF
:107480005D4B604C03EBC203D3E9F40120F0E4F957
:1074900002222346114618F0C7FDFFF7D0BB41205A
:1074A00006F0FEFF18F0F0FB19E75D4B5D491A7816
:1074B0007FE75D4A5D497CE75D4A5C4979E7584B67
:1074C0004D4A187817210F2313FB00131A4457490C
:1074D0004C486FE794F84641002C00F0D085313CD1
:1074E000032C3FF6EDA9DFE814F0E202DE02DA0237
:1074F000D20294F84631313B112B3FF6E1A901A2AB
:1075000052F823F0497D00003F7D0000357D0000EA
:107510002B7D0000217D0000177D00000D7D000007
:10752000037D00005D7D0000C1680000C1680000AF
:10753000C1680000C1680000C1680000C1680000A7
:10754000C1680000537D0000897D000094F8463139
:10755000303B072B3FF6B4A9DFE813F0CB03C3039E
:10756000B803AD039A0387038203570394F84631A7
:10757000303B032B3FF6A4A9DFE813F064015F0161
:107580005A0155011D4916A3D3E90023D1E902018F
:107590001FF06AFE1CF0F6F8264BD3E900231FF01B
:1075A00063FE13A3D3E900231FF05EFE0B462249BE
:1075B0000246144843B0BDE8F04F22F0A1BB1F4B78
:1075C00053E902040AA3D3E9002304F10041EBE7E5
:1075D000094B144993F89824EBE600BFAFF3008001
:1075E000000000A046DF913F000000A0C88E0E40C2
:1075F00000002078C62D09414093FF1FF892FF1F1D
:10760000000038408890FF1FE40D03007891FF1FB1
:107610001F85EB51FC0C0300000070420000614527
:107620003893FF1F980D03006693FF1F480D03005A
:107630005793FF1FE097FF1FB80D03000098FF1F2F
:10764000B549ABA3D3E90023D1E90001ACE7B24BC4
:10765000B6E7242006F024FF054618F015FB044683
:10766000681C18F011FBE4B260F30F24AB49AC487E
:1076700022B29FE6AB49AC4B0022D1E94E011FF08C
:10768000F3FD1CF079FC20F09FF8A849024690E633
:10769000A44BA749D3F840218BE6A24BA549D3F8C8
:1076A0002C2186E69F4BA349D3F8282181E6A248E6
:1076B0000BF0D0FD9D4902467BE62A20CAE7282030
:1076C000C8E72620C6E79C480BF0C6FD974902464E
:1076D0006FE6944D95F87C36002B00F0AC84974B08
:1076E000D3E9020184A3D3E900231FF0BDFD2AAE34
:1076F00002460B46304629460AF01EFD94F84531F5
:10770000522B40F0A98472B68D4B186862B68D4B2F
:10771000984205DDA0F50300A0F556409842F9DC3B
:1077200020F0A4F988497E4D20F0A8FA874920F07E
:10773000F1F91FF041FD72A3D3E900231FF094FD7E
:1077400002460B46304612F057FC6FA3D3E90023E4
:107750001FF08AFD94F85E2106460F4628461EA9B2
:10776000CDE91E6713F030FC69E46E4991F87C3670
:107770002AA8002B00F05B840AF052FE2AA813F01E
:1077800053F863A3D3E900231FF06EFD13F048FE06
:1077900002460B462AA8CDE9182313F041F85CA352
:1077A000D3E900231FF060FD94F845315C4D412B77
:1077B000CDE91E0100F07584DDE9180113F016FE15
:1077C00094F85E410094CDE918010122002318A924
:1077D00032E4312A534D00F06B84D5F8BC36002BCF
:1077E00000F080841A7C012A40F2A38472B6D86823
:1077F00062B61FF0CFFC564BD3E900231FF05EFEAC
:1078000095F8A95603460A460DB102F10042114609
:10781000184694F85E41424D00940123CDE92A01B7
:107820001A462AA908E43F4B3C49D3F88428C0E50E
:107830003C4B3A49D3F8FC27BBE53A4B374993F820
:107840008028B6E5374B354993F8F827B1E5354B35
:10785000632DD3E9A201D3E9A467D3E9A62304D019
:10786000702D00F0B384104619461FF0F5FF39491A
:1078700020F050F9384920F04DF91FF09DFC0246E8
:107880000B462748354922F03BFAFFF7B3BB254C9E
:1078900094F83223002A00F0C184284916A3D3E9C2
:1078A0000023D1E902011FF0DFFC7A2D06460F46C6
:1078B00000F0C184772D00F02A8501230246009351
:1078C00004F5A4700B4615F0CFFF024601F100430A
:1078D000134C104619460123CDE92A0100930022DA
:1078E0002AA9204613F00CFCFFF7A9B9AFF30080DA
:1078F00000002078C62D0941000000A046DF913F1E
:107900000000004052C1D03F000000A0C88E0E40D1
:1079100000000020DCA54C40F097FF1F980D0300ED
:107920008890FF1F4093FF1F00002440F40D0300C8
:107930004C0D0300340D03006894FF1FF892FF1FE5
:107940007891FF1F00D6830000D6034B0000C04192
:10795000E099FF1FE12E654200006145B80D03006C
:1079600094F84631522B00F0D883442B7EF4A8AF14
:10797000A84B1B68A8495A6A1BE594F84631522B5C
:1079800000F0CD83442B7EF49BAFA24B1B68A34930
:107990001A680EE594F84631522B00F0BC83442B54
:1079A0007EF48EAF9B4B1B689D495A6901E594F8A4
:1079B0004631522B00F0B583442B7EF481AF954BBA
:1079C0001B6897495A7CF4E494F84631522B00F036
:1079D0009E83442B7EF474AF8E4B1B689049DA7BF8
:1079E000E7E494F84631522B00F09F83442B7EF459
:1079F00067AF884B1B6888499A6ADAE494F8463185
:107A0000522B00F08283442B7EF45AAF814B1B68CB
:107A100093F92C20012A00F06D84002260E494F890
:107A20004631522B00F07F83442B7EF449AF794BD3
:107A30001B687B49DA69BCE494F84631522B00F0AC
:107A40006883442B7EF43CAF724B1B6874495A7BAD
:107A5000AFE494F84631522B00F06983442B7EF456
:107A60002FAF6C4B1B686E499A68A2E494F84631BC
:107A7000442B00F03E83522B7EF422AF694B93F9E6
:107A80006826012A00F03C840022654991E4664B97
:107A900000229A6043B0BDE8F04FFAF7C5BA624BD6
:107AA00062499A6885E4604B00225A60F2E75E4BB7
:107AB0005E495A687DE45B4B594993F87D2678E42A
:107AC00094F84631522B00F01083442B7EF4F8AE2C
:107AD000504B5B6852495A7A6BE494F84631522B0A
:107AE00000F00583442B7EF4EBAE4A4B5968504BB3
:107AF0000022D1E900011FF0B7FB1FF08DFE4749BE
:107B0000024656E44B4B4C4CD3E90001BEE44B4BD0
:107B10004B494C4DD3E9002300201FF0EDF9CDE98E
:107B20000E010EAA92E803002AAB474A83E803003D
:107B30000DF1A7060DF1AF0016F8013F190903F08A
:107B40000F030235515CD35C85F86E10B04285F8A6
:107B50006F30F1D12323A4F88030FFF74BBA314BBB
:107B60003249D3F8242524E42E4B3049D3F820257C
:107B70001FE4364B334D344A53E90201CDE90E017F
:107B80000EAE96E803002AAB83E803000DF1AF06C2
:107B90000DF1A70111F8013F180903F00F03023599
:107BA000105CD35C85F86E008E4285F86F30F1D1A1
:107BB000D0E71A2006F074FC054618F065F8044674
:107BC000681C18F061F8E4B260F30F2412491A48F7
:107BD000A2B2FFF7EFBB1C2062E41D4B53E9020188
:107BE0001CF0CAF91FF0F0FD10490246FFF7E1BB97
:107BF000184B114C53E902011FF02EFE23460122BF
:107C0000022118F011FAFFF71AB8134B134953E980
:107C10000223CEE42487FF1F980D0300E40D030028
:107C2000E00D03004093FF1F7891FF1FF40D030048
:107C300000005940B098FF1F8890FF1F5098FF1F09
:107C40000000F03F1890FF1F0C0E03006098FF1F0C
:107C5000109BFF1F3099FF1F909BFF1FEC0D03002F
:107C6000994B9A49D3E90023A3E472B6984C04F5E2
:107C7000036353E902011FF0A7FDD4F82058401B0D
:107C8000C4F8300862B69349D4F83028FFF791BBA6
:107C900072B68F4C04F5F463D3E900011FF094FD34
:107CA000D4F89857401BC4F8A80762B68949D4F89D
:107CB000A827FFF77EBB72B6874B53E9020162B675
:107CC0001FF082FD83490246FFF773BB72B6834BF8
:107CD000D3E9000162B61FF077FD7E490246FFF747
:107CE00068BB72B67A4BD3F8202862B67949FFF7A1
:107CF00060BB72B6764BD3F8982762B67549FFF72A
:107D000058BB774B7749D3E9002352E4744B75494C
:107D100053E902234DE4744B7249D3E9002348E44C
:107D2000694B704953E9022343E4704B6D4953E9B1
:107D300002233EE46E4B6B49D3E9002339E46B4BDD
:107D40006849D3E9002334E46A4B664953E90223C6
:107D50002FE4674B5D4953E902232AE45C4B03F5AA
:107D6000BA62D2E9004593F8C91549B2002906DC88
:107D700093F8C9351B0600F1D68200240025594925
:107D80005D4822462B4615E45C4B5049D3E900235D
:107D90000FE41E9871E55A4A5A49574821F0B0FF3E
:107DA000FFF728B94A4D95F86034002B00F0C782E0
:107DB000013B05F110020A95DBB23BA7D7E900674A
:107DC0003BA5D5E900450FF2F009D9E9008900216A
:107DD00002EB03130D910C930B910A9BD3E9F6BAB6
:107DE00007E05846514622462B461FF085F8834649
:107DF0008A465846514632463B461FF0C5FC00288D
:107E0000EFD107E05846514622462B461FF076F840
:107E100083468A465846514642464B461FF096FCDA
:107E20000028EFD158465146002200231FF08EFC57
:107E300008B10AF1004A22A3D3E90023584651466B
:107E40001FF084FC002800F0DC800B9B01330B93B7
:107E50000A9B0C9A10339A420A93BED12A490D9B71
:107E60000B9A254821F04CFFFFF7C4B8184BD3F804
:107E7000940402E5189800E51698FEE41598FCE4D1
:107E80001498FAE41398F8E41298F6E41198F4E4DC
:107E90001098F2E40E4B1D4993F86024164821F027
:107EA0002FFFFFF7A7B800BF00000060FB210940CB
:107EB00000000060FB21194000000060FB2109C0A8
:107EC000000000C0E21DF93F009BFF1FEC0D030006
:107ED0004093FF1FF40D0300709BFF1FE09AFF1FEC
:107EE0000099FF1FB80D0300809BFF1FB09BFF1F71
:107EF000209BFF1F309BFF1F8890FF1FA09BFF1F31
:107F0000BF97FF1F480D0300D80D0300980D030015
:107F1000B94B93F8703413F0010F14BF43202D2098
:107F200013F0020F84F8700014BF50202D2013F0BE
:107F3000040F4FF023014FF0000214BF49232D23FB
:107F400084F8710084F8723084F8731084F8742017
:107F5000FFF750B894F846312C2B7FF4ABA994F876
:107F60004751313DEDB2082D3FF6A4A994F84831B0
:107F7000002B7FF49FA9A04C94F86034AB427FF6AD
:107F800099A904EB0518D8E9D00195A3D3E90023FA
:107F90001FF06AF992A3D3E9002306460F46D8E9F9
:107FA000F6011FF061F9CDE904018DA3D3E90023A7
:107FB000D8E9F4011FF058F9CDE9020188A3D3E90B
:107FC0000023D8E9D2011FF04FF93246CDE9000174
:107FD0003B468A498A4821F093FEFFF70BB8864B4F
:107FE00093F81431002B3FF473A9FEF7FDBF72B66E
:107FF000814DD5F820081FF0CDF805F5EA65FFF7AB
:108000000DB879A3D3E90023584651461FF0BCFBB5
:1080100000283FF41DAF0D9B01330D9318E7204658
:1080200029461EF06BFFCDE91E01FFF7B7B90AF034
:10803000D3F9FFF7A3BB73496DA3D3E90023D1E9BB
:1080400002011FF011F92AAE02460B4630462946BE
:108050000AF04AF8FFF752BB304611F0BFFF60A3A9
:10806000D3E900231FF000F994F85E41644D0094B9
:10807000CDE91E01002201231EA9FEF7DDBF624DDE
:10808000624AEB685E48642101FB03F382FB031242
:10809000DB175F49C3EB223221F032FEEC60FEF7C2
:1080A000A9BF94F85E0100221EA90123FEF7C3BFF9
:1080B000D5F89C36B3B11A7C012A40F2DB8072B647
:1080C000D86862B61FF066F8524BD3E900231FF060
:1080D000F5F995F8895603460A46002D3FF497AB0B
:1080E000FFF793BB1A46FFF792BB4B4BF1E44A4BA9
:1080F000FCE4414B93F92826012A7FF4C5ACD3F860
:108100002C0614F081F90246BFE4434B7FE4424B56
:1081100063E4414B99E4404B45E43F4B29E43E4B3B
:1081200034E43D4B4CE43C4B82E43B4B62E43A4B41
:1081300098E472B619681A7A097811405A6810786A
:108140005A7A104200F08D809A7A02F0030209B147
:1081500042F0040242F008029108013A99720D2A95
:108160003FF645AB01A151F822F000BFAF810000FE
:10817000A5810000C3810000A5810000EF77000009
:10818000B9810000AF810000AF810000B98100001B
:10819000EF770000A5810000C3810000A5810000E9
:1081A000AF810000DA68013ADA60FFF720BBDA68D5
:1081B0000132DA60FFF71BBBDA68023ADA60FFF7D8
:1081C00016BBDA680232DA60FFF711BB3046394677
:1081D0001FF042FB00F10040FFF749BBAFF3008006
:1081E00000000020DCA54C40000000001426F93FF0
:1081F000000000A046DF913F4093FF1FBC0D03002D
:108200008890FF1FF892FF1F0890FF1F8D512C6967
:10821000FC0D0300C099FF1F6087FF1F4D4C012319
:10822000002600272AA900932046CDE92A6712F0EC
:1082300067FFFEF704BD00230246009304F5A47017
:108240000B4615F011FB04460D46304639461BF02F
:1082500099FA22462B461FF007F802460B46FFF715
:1082600037BB9A7A02F0030200293FF475AF42F05F
:10827000040271E772B619681A7A097811405A68CF
:1082800010785A7A104252D09A7A02F0030209B159
:1082900042F0040242F008029108013A99720D2A54
:1082A0003FF60EAF01A151F822F000BFED820000B1
:1082B000E58200004D830000E5820000C1800000DF
:1082C00045830000ED820000ED8200004583000040
:1082D000C1800000E58200004D830000E5820000BF
:1082E000ED820000DA68013ADA60E9E6DA68013224
:1082F000DA60E5E6186B13F0B3FF0246FEF7F0BF55
:10830000D3F86C0614F080F80246FFF7BEBB0223D8
:108310000246009304F5A4700B4615F0A5FA024638
:108320000B46FFF7D5BA05F100410D4627E59A7ACD
:1083300002F003020029AFD042F00402ACE70D9333
:108340000B938BE5DA68023ADA60B9E6DA68023252
:10835000DA60B5E68890FF1F08B517F05FFCBDE84E
:10836000084017F05BBC00BF2DE9F0433D4C94F88A
:108370004331313BCDB0462B4DD8DFE813F05100EF
:1083800051004C004C004C004C004C004C004C0088
:108390004C004C004C004C004C0079009102B5029E
:1083A0004C004C004C004C00F1024C004C004C00C6
:1083B0004C004C004C004C004C004C0047004C0062
:1083C0004C0069014C00F5014C004C004C004C0085
:1083D0004C004C004C004C004C004C004C009103F5
:1083E0004C004C004C00D8034C0000034C004C00E7
:1083F0004C004C004C004C0050034C004C004C0016
:108400004C005D034C004C004C00660394F8443172
:10841000002B00F095834DB0BDE8F043F9F73CBE6A
:10842000114F3EA9384621F003FA3E9BBB42064657
:108430000D4600F0E483002200231FF07DF90028A0
:1084400000F0B68394F843310848312B4FF0000216
:108450004FF0000300F0DF830BF0C6FAF9F7DCFD04
:10846000F3E000BF1890FF1F5C91FF1F4093FF1FB8
:108470000025B1498DF83E5008221AA821F020FEAF
:10848000AE498DF8705009221DA821F019FE94F80C
:108490005E218DF87D501AA912A812F055FC002813
:1084A00000F0D08094F85E3101221DA914A812F0CA
:1084B00089FC002800F0C68072B6A14B186862B62D
:1084C000A04B984205DDA0F50300A0F55640984268
:1084D000F9DC1FF0CBFA9C499C4E1FF0CFFB9C4966
:1084E0001FF018FB1EF068FE9A4B00221EF0BCFE27
:1084F000984B04460D460022DDE912011EF0B4FE41
:1085000002460B46204629461EF0F6FC12F068FF94
:1085100085A3D3E900231EF0A7FE83A3D3E900239C
:10852000CDE90201DDE914011EF09EFE0022CDE935
:108530000001002326A811F06FFC87497AA3D3E934
:108540000023D1E902011EF08FFE20AC804689464F
:1085500020A8314608F018FD0FCC6D460FC594E8F1
:10856000030042464B4685E8030026A93EA811F0C9
:10857000A3FC3EA812F054F90446D6F828010D4693
:108580001FF074FA75491FF0C5FA1EF015FE024679
:108590000B46204629461FF0D9F8002852D1D6F8BC
:1085A0002C011FF063FA6D491FF0B4FA00211FF08F
:1085B0004FFC0446002845D106F5227306F5D87213
:1085C0003EA9009032A811F09FFF32A812F08CFA59
:1085D00057A3D3E900231EF047FE02460B4632A8FC
:1085E000CDE9162312F07CFA51A3D3E900231EF043
:1085F0003BFE02460B463046CDE918230CF08EFDBB
:1086000001230DF13E0111AA039310AB054602911F
:108610000192009304940DF13F0318AA16A9304665
:108620008DF83F500AF020F8002800F0FF829DF8F6
:108630003E30012B00F02683022B06D1484B5722F7
:108640001A8002E0464B21221A804DB0BDE8F0832B
:1086500072B63B4B186862B63A4B984205DDA0F5FE
:108660000300A0F556409842F9DC1FF0FFF93649A7
:108670003C4E1FF003FB36491FF04CFA1EF09CFDE8
:10868000344B00221EF0F0FDD6E900231EF034FC2E
:1086900012F0A6FE24A3D3E900231EF0E5FDCDE9E8
:1086A000020121A3D3E9002356E902011EF0DCFDFB
:1086B0003EADCDE9000100220023284611F0ACFBBD
:1086C000A6F59C600CF02AFD234B0746D3E9020176
:1086D00015A3D3E900231EF0C7FDCDE90C010A97CD
:1086E0000DF5807EBEE80F00EC46ACE80F00BEE85A
:1086F0000F00ACE80F009EE803008CE80300A6F52D
:108700009C6095E80C000AF0EBF80546002800F0A4
:108710005F823035002384F8705084F871304DB09A
:10872000BDE8F083AFF30080000000A046DF913F7A
:1087300000000020DCA54C405C91FF1F6491FF1FEE
:108740007891FF1F00D6830000D6034B4093FF1F94
:108750000000C04100002E40F892FF1F35FA8E3C09
:108760008890FF1F2098FF1FBF48DFF800830CF0A0
:10877000D5FC07460E2005F093FE064617F084FA56
:10878000002560F30705701C17F07EFA60F30F25D3
:10879000B01C17F079FA0346F01C63F3174517F085
:1087A00073FA60F31F6528461EF006FDC8E9000154
:1087B000122005F075FE064617F066FA002560F3F4
:1087C0000705701C17F060FA60F30F25B01C17F056
:1087D0005BFA60F31745F01C17F056FA60F31F655B
:1087E00028461EF0E9FC48E9020172B6A04B186861
:1087F00062B6A04B984205DDA0F50300A0F55640F7
:108800009842F9DC1FF032F99B491FF037FA9B4977
:108810001FF080F91EF0D0FC994B00221EF024FDC1
:10882000D8E900231EF068FB12F0DAFD8CA3D3E92F
:1088300000231EF019FDCDE9020189A3D3E900232D
:1088400058E902011EF010FD3EADCDE90001002205
:108850000023284611F0E0FA8A4981A3D3E90023D6
:10886000D1E902011EF000FDCDE90C010A970DF5DA
:10887000807EBEE80F00EC46ACE80F00BEE80F00BB
:10888000ACE80F009EE803008CE80300764895E80A
:108890000C000AF025F8054600287FF43AAF42E1C3
:1088A000714C20460CF028FC002840F0448194F8DC
:1088B000483503F0FF05002B40F03D810A22294690
:1088C000714821F063F81EF065FC704B00221EF029
:1088D000F5FD04F5A86646E90201F9F79DFB0123C1
:1088E000E57084F83135B0E6694D01210491D5E990
:1088F00000015BA3D3E900231EF0B6FCCDE9020121
:1089000057A3D3E9002355E902011EF0ADFC3EAEAA
:10891000CDE9000100220023304611F041FDA5F50C
:108920009A600CF0FBFB0DF5807E0C90BEE80F000A
:10893000EC46ACE80F00BEE80F00ACE80F009EE884
:108940000F008CE80F00A5F59A6096E80C0009F07E
:1089500023FF0023303084F8700084F8713074E60F
:108960004148837D012B7FF470AE0AF001F80022AC
:1089700000F1300384F8703084F8712065E64548D2
:108980003EA912F0FFFC002846D03E9B47F22F5232
:10899000013B934240D8344D28460CF0ADFB0028F3
:1089A0003AD195F8F834BBBB95F84835032B00F065
:1089B000638194F84431652B00F03C81772B00F003
:1089C00039816E2B01D0732B26D127480CF0A2FFE2
:1089D000314B32480022C0E90023A0F5B8600CF00A
:1089E0009DFB012894F8443100F058816E2B00F073
:1089F0005A81732B00F04E8117F0CEFE3E9BC5F8D6
:108A0000B4054FF47A7202FB03F3C5F8B03572B6C1
:108A1000012385F8483562B6F9F73EFB15E61248A2
:108A20000CF07CFB01280CD90F48032201214DB02A
:108A3000BDE8F0430AF0CABF0B480CF06FFB0128F9
:108A4000F2D9094803220021F1E707480322002157
:108A50004DB0BDE8F0430AF05FBF00BFAFF3008048
:108A6000000000A046DF913F4093FF1F2098FF1FAA
:108A70007891FF1F00D6830000D6034B0000C04151
:108A800000002E40F892FF1F5C91FF1F00004E4037
:108A90001098FF1F5D91FF1F0000F03F0099FF1F1E
:108AA0008549864821F010FC00287FF4B4AC94F886
:108AB0004831002B7FF4AFAC81480CF043FB002819
:108AC0007FF4A9AC7F4D7AA3D3E90023D5E9020155
:108AD0001EF0CAFB3EAF02460B463846784909F005
:108AE00003FB77480CF01AFB71A3D3E900238046FF
:108AF000D5E902011EF0B8FBCDE90C01CDF82880C4
:108B000040AE0FCE6D460FC50FCE0FC596E80300E1
:108B100085E803006A4897E80C0009F0E1FE054685
:108B200000287FF4F6AD66480DF09AFCF1E5644844
:108B3000032201218CE74DB0BDE8F043F9F782BA7A
:108B40005F480CF0FFFA00287FF465AC5D4D58A338
:108B5000D3E90023D5E902011EF086FB0DF1F808E8
:108B600002460B464046564909F0BEFA54480CF0FE
:108B7000D5FA4FA3D3E900230746D5E902011EF039
:108B800073FBCDE90C010A9740AE0FCE6D460FC5C1
:108B90000FCE0FC596E8030085E80300484898E823
:108BA0000C0009F09DFE054600287FF4B2ADBAE73F
:108BB000DFF80C8108F5AE61D1E90001324625F0FD
:108BC00000431EF0C3FD40B1682327F8D43C3CE5C8
:108BD000A6F59C600DF044FC9BE540460CF08CFA39
:108BE000E0B998F8F834EBB998F848355BB198F8E3
:108BF0004835042B07D0672327F8D43C25E56922A4
:108C000023F8D42C21E594F843312D48312B3246FA
:108C10002B467FF421AC0AF08DFE1FE4732327F866
:108C2000D43C12E5652327F8D43C0EE5264B3F22C1
:108C30001A800AE522480CF06DFE94F84431234A6C
:108C400023490020652BC2E900011FD0772B04BF08
:108C5000022385F8993517F09FFD3E9BC5F88405E2
:108C60004FF47A7202FB03F3C5F8803572B6012324
:108C700085F8483562B6CFE695F84835022B7FF483
:108C800098AEC9E6104B45221A80DEE4FE2385F833
:108C90009935E0E7022385F8C935ADE66E2BF9D0AA
:108CA000732B7FF4A9AEFE2385F8C935A4E600BF77
:108CB000000000A046DF913F640E03005B91FF1FA0
:108CC0004093FF1FF892FF1F8890FF1FD098FF1F4F
:108CD0000000F03F08B516F0A1FFBDE8084016F00F
:108CE0009DBF00BF10B5284B93F843314BB3653B94
:108CF000DAB2122A0DD8122B0BD8DFE803F0130AD0
:108D00000A0A0A0A0A0A0A0E0A0A0A0A0E0A0A0ABB
:108D10001300BDE81040F9F7BFB91C480CF0E2F9A8
:108D200000B310BD19480CF0DDF90028F9D117483F
:108D30000CF0E2F90028F4D1BDE8104013480AF025
:108D400029BE124C204684F831350CF0CBF90028AE
:108D5000E7D120460CF0D0F970B12046BDE81040B4
:108D60000CF0F8B909480CF0C7F90028D9D1BDE8D2
:108D7000104006480AF068BE20460AF00BFE204666
:108D8000BDE810400AF060BE1890FF1F4093FF1F1F
:108D900008B516F043FFBDE8084016F03FBF00BF1E
:108DA00038B51E4B93F84331303B232B13D8DFE803
:108DB00003F01616161616121212121212121212B0
:108DC0001212121212331212122F12121212123126
:108DD00012121212121DBDE83840F9F75DB91C4697
:108DE0000F4D28460CF08EF938B138BD0C4D284691
:108DF00003240CF087F90028F7D1E3B285F8793520
:108E000095F8791502462846BDE838400CF0B0BC0C
:108E10000024E5E70224E3E70124E1E71890FF1FBF
:108E20004093FF1F08B516F0F9FEBDE8084016F0A4
:108E3000F5BE00BFFFFFFFFF2DE9F04F87B017F031
:108E4000C5FA002104460EF053FF002106462046D5
:108E50000EF0E0FE0021054620460EF033FF6B1EAB
:108E6000012B98BF06F1FF368046304698BF0C357F
:108E70001EF0FCFDD64906461EF000FF1BF0C6F8AA
:108E8000D449074630461EF0F9FE1BF0BFF8D24920
:108E9000034630461E461EF03DFE1BF0B7F88146E5
:108EA00028461EF0E3FD4FF07E511EF02BFDCB490E
:108EB0001EF030FE1BF0AAF8394605464FF0804000
:108EC0001EF01EFD31461EF01DFD1EF075F9064612
:108ED00048460F461EF070F902460B4630463946AA
:108EE0001EF00CF8064628460F461EF065F90246AD
:108EF0000B46304639461EF001F8064640460F46FE
:108F00001EF048F902460B46304639461DF0F6FF82
:108F100099A3D3E900231DF0F1FF82468B4620463A
:108F200000210EF0B9FE0021064620460EF088FE14
:108F30001EF09CFDAA491EF0A1FE054630461EF01B
:108F400095FD014628461EF0DDFC00210346204623
:108F50001C460EF08BFE1EF089FDA2491EF08EFE0F
:108F600021461EF0CFFC1EF027F99F4BCDE90001F2
:108F70000022504659461DF0C1FF1AF079FF80A328
:108F8000D3E9002304460D461EF0FEFB58B37EA332
:108F9000D3E90023204629461DF0AEFF7CA3D3E988
:108FA00000231EF08BFA1EF00FFC1EF0F3F88F4B1F
:108FB000002206460F461EF057F91AF059FF0246E6
:108FC0000B462046294614461D460022884B1DF0BC
:108FD00095FF32463B461DF091FF22462B461DF081
:108FE0008BFF04460D466CA3D3E900232046294697
:108FF0001DF084FF6AA3D3E9002304460D461DF04B
:109000007BFF69A3D3E900231EF058FA1AF030FF62
:1090100002460B46CDE9022363A3D3E900231EF0E9
:1090200023F91AF025FF02460B46204629461DF07B
:1090300063FF5FA3D3E90023804689461EF03EFA12
:109040001AF016FF5AA3D3E9002304460D461EF07A
:109050000BF91AF00DFF002206460F46002340468A
:1090600049461DF04BFF32463B461DF045FF1AF0C6
:10907000FFFE1EF0A9FB5F4B064600222046294654
:109080001EF064FB002800F01482594B2046002299
:1090900029461DF031FF1EF097FB044620461EF0C6
:1090A000E5FC554980461EF0F1FE002800F0F681EF
:1090B00041A3D3E90023DDE902011DF01DFF1EF0ED
:1090C00083FB0546631E012B05D804F10C001EF03E
:1090D000CDFC013D804628461EF0C8FC3C490446B4
:1090E0001EF0CCFD1AF092FF3A49074620461EF0CA
:1090F000C5FD1AF08BFF3849054620461EF00AFDD3
:109100001AF084FF4FF07E51044640461EF0FAFBF1
:1091100032491EF0FFFC1AF079FF034659465046CB
:10912000059327A3D3E900231DF0E6FE334B8046C9
:1091300089460022DDE900011EF0C0F902460B4617
:10914000404649461DF0DAFE1FA3D3E900238246BC
:109150008B461EF0B3F902460B464FF0804039466D
:10916000CDE902231EF0CCFB29461EF0CBFB1EF0FE
:1091700023F8804644E000BF00000080A2423A414C
:10918000000000008C8A414100000040D07D3C413D
:109190000000000088D5E1400000000000D09740AA
:1091A0000000006066865E400000000000D476404B
:1091B00000000020A0993E4000000000006CB2407A
:1091C000000000802CB4424100000000A0D5E14026
:1091D0000000C8420000C84300A0B64301CDF441DE
:1091E00000007042000061450000E03F0000D03FF9
:1091F0000000F03F00002B400000204000003840FD
:10920000204689461DF0D8FF02460B464046494697
:109210001DF074FE044605980D461DF0CDFF024674
:109220000B46204629461DF069FE044630460D4691
:109230001DF0B0FF02460B46204629461DF05EFE9B
:10924000A1A3D3E900231DF059FEA1A3D3E9002374
:109250001DF052FEA0A3D3E900231EF005F8A0A341
:10926000D3E900231DF04AFEB74B00228046894611
:109270001EF080FA78B1B44D002422462B464046B9
:1092800049461DF039FE22462B46804689461EF08F
:1092900071FA0028F1D100220023404649461EF011
:1092A00055FA88B1A84F00260024002540464946BB
:1092B00032463B461DF022FE22462B46804689461A
:1092C0001EF044FA0028F1D187A3D3E90023DDE999
:1092D00000011DF0C9FF42464B461DF00FFEDDE9BF
:1092E000026783A3D3E9002304460D46304639467E
:1092F0001DF0BAFF32463B461DF0B6FF02460B4654
:10930000204629461DF0FAFD8F4B002280468946F3
:109310001EF030FA78B18C4D002422462B46404690
:1093200049461DF0E9FD22462B46804689461EF03F
:1093300021FA0028F1D100220023404649461EF0C0
:1093400005FA88B1804F00260024002532463B46AE
:10935000404649461DF0D2FD22462B4680468946AE
:109360001EF0F4F90028F1D163A3D3E9002350469D
:1093700059461DF079FF02460B4661A1D1E9000173
:109380001DF0BAFD60A3D3E900231EF097F81AF090
:1093900085FA5FA3D3E9002304460D46504659469B
:1093A0001DF062FF5CA3D3E900231DF0A7FD024678
:1093B0000B461DF0A3FD54A3D3E900231EF07EF855
:1093C0001AF06CFA56A3D3E9002306460F4650461E
:1093D00059461DF049FF02460B4653A1D1E9000151
:1093E0001DF08AFD48A3D3E900231EF067F81AF0A8
:1093F000C9F94FA3D3E9002382468B46204629466C
:109400001DF032FF4CA3D3E9002304460D4630463D
:1094100039461DF029FF02460B46204629461DF01D
:109420006BFD52465B461DF01FFF42464B461DF04A
:1094300065FD454B0022804689461EF09BF978B1B8
:10944000414D002422462B46404649461DF054FD1E
:1094500022462B46804689461EF08CF90028F1D121
:1094600000220023404649461EF070F988B1364F6D
:1094700000260024002532463B46404649461DF062
:109480003DFD22462B46804689461EF05FF90028A6
:10949000F1D14046494607B0BDE8F08F28A3D3E993
:1094A0000023DDE902011DF027FD1EF08DF90546C0
:1094B00008E6264B2046002229461DF01DFD1EF021
:1094C00083F90446EAE500BF00000080A2423A4169
:1094D000000000802CB44241000000E05BD2B03FAD
:1094E000000000801CCA1A40000000E0360BF03F6C
:1094F000000000605243FB3E00000060C91CAB3F0F
:10950000000000608F425F4000000020DCA54C405E
:10951000000000E0718AEF3F000000208587714065
:10952000000000A0F2D79A3E00000000767037409D
:10953000000000A0EEE734BF00000080732AF93E6F
:1095400000000000006BB2400000384000002A40DC
:1095500008B516F063FBBDE8084016F05FBB00BF1E
:109560002DE9F04FA04C94F84351A5F1210393B09D
:10957000592B5BD8DFE813F0CE005A005A005A008E
:109580005A005A005A005A005A005A005A005A000B
:109590005A005A005A005A005A005A005A005A00FB
:1095A0005A005A005A005A005A005A005A005A00EB
:1095B0005A005A005A005A005A00B500A7005A0033
:1095C0005A005A0089005A005A005A005A004E02A6
:1095D0005F005F005F005A005A005A005A001E02E6
:1095E0006C015A005A0067015A005A005A005A008A
:1095F0005A005A005A005A005F015A005A0052019C
:1096000046015A00EE023B045A005A005A005A0022
:10961000EE03E0000E015A005A005D045A001804DF
:109620005A005A005A005A005A00350413B0BDE8D7
:10963000F04FF8F731BD94F84461002EF6D06B4836
:1096400021F01EF80E2871D8A5F14D04DFF89C8199
:1096500004EB440404EBC40400251534C14601E0C6
:1096600018F8016F6719384616F00EFBB04205F185
:1096700001053146384601D016F020FB484620F05F
:10968000FFFF8542ECDD012051E0584E06A930462F
:1096900020F0CEF8069BB34204460D4600F06484E9
:1096A000534B00221EF066F840B1524B0022204678
:1096B00029461EF055F8002840F01486F8F7E0FC23
:1096C00013B0BDE8F08F494B05AA04A903A811F017
:1096D000E1FD8346002840F010855846F8F7D0FC9D
:1096E000EEE794F84451303D092D94BF012700273F
:1096F0000ED80378012B00F0A785312017F030FB3E
:10970000142017F069F854F825103B4815F010FEA6
:1097100038460CE094F84441A4F13103032B05D8FA
:10972000364D95F83560002E00F0C085002013B04E
:10973000BDE8F04FF8F7A4BC94F844010028F6D037
:109740002A4820F09DFF421C0F2AEFD8DFF8B09086
:109750002649484616F0E0FA19F81A7C07EB470745
:1097600007EBC70709F1FF3800261537BC1920465B
:1097700016F08AFA18F8015F854206F101062946BB
:10978000204601D016F09AFA484620F079FF86422A
:10979000ECDD78E794F8444134B1144820F070FFD0
:1097A00002288CBF00240124104806A911F0EAFD0C
:1097B000002883D0069BA3F13C021F2A00F2D48329
:1097C00084B10E4D2220C5F82C3104F069FE95F8C5
:1097D0002C61054616F058FA864203D031462846D9
:1097E00016F06CFA204669E71890FF1F5C91FF1F86
:1097F000000028C000002840E087FF1F4093FF1FA3
:109800001293FF1F7A4806A911F0BCFD05460028F7
:1098100040F0F4832846F8F733FC51E794F84431DC
:109820004C2B00F0C58394F85E31714971480122D8
:1098300011F0C8FA7BE794F85E316D496E48012259
:1098400011F0C0FA73E713B0BDE8F04F01F0A8B90A
:109850006A4BD3E902015EA3D3E900231DF004FDA6
:1098600002460B4606A8664908F03EFC72B6654BF8
:10987000186862B6644B984205DDA0F50300A0F5B8
:1098800056409842F9DC1EF0F1F860491EF0F6F9F6
:109890005F491EF03FF91DF08FFC4FA3D3E9002371
:1098A0001DF0E2FC02460B4606A810F0A5FB04469C
:1098B00006A80D4610F092FB49A3D3E900231DF042
:1098C000D3FC06460E200F4604F0EAFD0346294667
:1098D00020461D4644A3D3E900231DF0C5FC1DF01E
:1098E000BBFF5FFA80F80446284616F0CDF98045A4
:1098F00003D04146284616F0E1F905F10109484632
:1099000016F0C2F9C4F30728804503D04146484603
:1099100016F0D4F905F10209484616F0B5F9C4F37A
:109920000748804503D04146484616F0C7F903353D
:10993000284616F0A9F9240E844203D02146284671
:1099400016F0BCF9122004F0ABFD3946054630464E
:109950001DF082FF0446284616F096F9E6B28642CC
:1099600003D03146284616F0A9F96F1C384616F088
:109970008BF9C4F30726864203D03146384616F0E9
:109980009DF9AF1C384616F07FF9C4F307468642AE
:1099900003D03146384616F091F90335284616F0C3
:1099A00073F9240E844203D02146284616F086F926
:1099B000012083E6124D28460BF09EFB044600284A
:1099C00000F0628300242046B1E600BFAFF30080C0
:1099D000000000A046DF913F0000004052C1D03F90
:1099E00000000020DCA54C40000000A0C88E0E4006
:1099F0005C91FF1F1898FF1F0898FF1FF892FF1F28
:109A00004093FF1F7891FF1F00D6830000D6034BC1
:109A10000000C041C64B00930122019205AB04AA8D
:109A200003A902A811F0C6F8834600283FF455AEFA
:109A30000EF0BAFA04460EF09FFA05460EF084FACC
:109A4000029B8DF81A300246BA4B8DF81C20039AFF
:109A50008DF81920059A8DF81D508DF81820DD6AB3
:109A6000DFF8D4A2D3E904234E3406A8CAE90E23B2
:109A70008DF81E400EF054F9044628460D46AF49B5
:109A80001EF048F81EF022FA041945EBE075204656
:109A900016F0A2FC204629460EF0A0FAFFF7CCF9FA
:109AA000A74B04460D460022DAE90E011DF006FD23
:109AB00002460B46204629461DF01EFAA14B002205
:109AC00004460D461DF056FE78B19E4F00262046F6
:109AD000294632463B461DF00FFA32463B460446C5
:109AE0000D461DF047FE0028F1D10022002320463C
:109AF00029461DF02BFE98B1924F00264FF000082A
:109B00004FF000092046294632463B461DF0F6F943
:109B100042464B4604460D461DF018FE0028F1D182
:109B2000884B2046294600221DF0C8FC7EA3D3E9BD
:109B300000231DF099FB1DF047FE72B6CAF8000025
:109B400062B672B6DAF80020DAF80030CAE9042307
:109B500062B6C2E57C480BF0CDFA002800F03D83E8
:109B600094F84451002200232D2DCDE9062300F066
:109B70005383A5F12B05B5FA85F56D0905F249105A
:109B800005F5A276204420F07BFD012840F2F1810A
:109B9000254495F84A31A3F13A03B3FA83F35B09FC
:109BA0000022A11906A811F00DF98346002800F043
:109BB000B98094F844312D2B00F08B83DDE90654F5
:109BC000624B2846214600221DF0C0FD002840F0CF
:109BD0007E835F4B574E2846214600221DF0D4FD60
:109BE00000283ED12A46234621463478C6E904237C
:109BF00028461DF031FE04EB440404EBC40404F1D8
:109C00000E08C7B20546404616F03EF8874203D01C
:109C10003946404616F052F804F10F08404616F057
:109C200033F8C5F30727874203D03946404616F07C
:109C300045F804F11008404616F026F8C5F307472A
:109C4000874203D03946404616F038F81134204692
:109C500016F01AF82D0E854203D02946204616F03C
:109C60002DF8D6E90423DFF8D0A0CAE90E23FFF7C8
:109C7000E3F8334B04460D460022DAE90E011DF0ED
:109C80001DFC02460B46204629461DF035F92D4B9A
:109C9000002204460D461DF06DFD78B1294F0026C7
:109CA0002046294632463B461DF026F932463B46C1
:109CB00004460D461DF05EFD0028F1D10022002370
:109CC000204629461DF042FD98B1DFF878904FF00C
:109CD0000008002600272046294642464B461DF034
:109CE0000DF932463B4604460D461DF02FFD002877
:109CF000F1D1144B2046294600221DF0DFFB0AA3B8
:109D0000D3E900231DF0B0FA1DF05EFD72B6CAF86B
:109D1000000062B672B6DAF80020DAF80030CAE95C
:109D2000042362B6584602E500000000C07A604194
:109D30005C91FF1FF892FF1F7891FF1F00006145A3
:109D400000002E40000038404093FF1F008076C086
:109D50000080764094F84441002C3FF467ACBE4844
:109D600020F08EFC01283FF661AC4E2C00F0E6821C
:109D7000452C00F0EA82572C7FF458ACB7480BF022
:109D8000E1F9002840F0F182B5490022D1E9020151
:109D900000231DF0EFFC002814BF02220122AF4B6C
:109DA000012083F8C024C2E4AC480BF0A3F90028DA
:109DB00000F01A81AB4820F063FC012840F2D78004
:109DC00094F84A31A3F13A03B3FA83F35B09A24949
:109DD000012206A810F0F6FF0546002843D12846C8
:109DE000A5E494F85E319C499F48002228E594F848
:109DF00044419948003C18BF012420F041FC06A9C9
:109E00000546954811F0BEFA069B03F11E023C2A56
:109E10008CBF002404F001040440032D8CBF0024F7
:109E200004F00104002C40F0E2812046F8F728F904
:109E300046E494F844314C2B00F09D808B4D94F80F
:109E40005E218549284610F07FFF044600283FF434
:109E5000BAADD5E90001864B00221DF005FAC5E92F
:109E60000001204663E4DDE90689824B002240467A
:109E700049461DF06BFC002859D17F4B002240461B
:109E800049461DF081FC002851D1754E3478C6E951
:109E90000289494640461DF0DFFC04EB440404EB14
:109EA000C40404F10A095FFA80F80746484615F031
:109EB000EBFE804503D04146484615F0FFFE04F115
:109EC0000B09484615F0E0FEC7F30728804503D08C
:109ED0004146484615F0F2FE04F10C09484615F0DB
:109EE000D3FEC7F30748804503D04146484615F0E6
:109EF000E5FE0D34204615F0C7FE3F0E874203D025
:109F00003946204615F0DAFE51A3D3E90023D6E9FD
:109F100002011DF0D3FA8046894619F033FCC6E9E8
:109F20000C014046494619F0B9FCC6E90E0105F09E
:109F30002FFC524809F064FB484807F011F8012053
:109F400004F0DAFC45480BF0D5F8002840F0F28127
:109F500042480BF0C7F800283FF441AF3F4806F0F5
:109F6000DFFF2846FFF7E3BB0020FFF7A7BB002376
:109F70002DE7002314E6424806A91FF059FC0022F1
:109F8000002306460F461DF0F5FB00283FF41AADEE
:109F90003C4B0022304639461DF0E2FB00283FF4DE
:109FA00011AD324B0124C3E900672046FFF7BFBB68
:109FB000334806A91FF03CFC2E4B002204460D46F8
:109FC0001DF0D8FB00283FF4B2AB2B4B00222046FB
:109FD00029461DF0C5FB00283FF4A9AB234B012007
:109FE00043E90245FFF7A3BB1C480BF07BF805468D
:109FF00000287FF4DFAE2846FFF799BB069EB7B274
:10A0000007F1C80242F2080192B28A4200F24B8183
:10A01000134A1478168304EB440404EBC40404F1DB
:10A020001208404615F030FEF6B2864203D03146A3
:10A03000404615F043FE1334204615F025FE390A3C
:10A0400081423FF4E7AB204615F038FEFFF7E2BB54
:10A0500000000020DCA54C405C91FF1F4093FF1FD7
:10A06000F892FF1F6191FF1F1098FF1F2098FF1F9C
:10A0700000002E40008056C0008056406894FF1FAC
:10A080005D91FF1F00807640BF4E06A930461FF04D
:10A09000CFFB069BB34280460F463FF494ACBB4BCC
:10A0A00000221DF067FB002800F0BC80B84B404642
:10A0B000394600221DF04AFB002800F0B380AEA311
:10A0C000D3E90023404627F000411DF03FFB002864
:10A0D00040F0B380AF4B0022404639461DF0EEF908
:10A0E000A7A3D3E900231DF0E9F9012405F5A26334
:10A0F000C3E900012046FFF71ABBDDE90487039E90
:10A10000DFF894A20DF0D8FE05460DF0EDFE0446F2
:10A110000DF002FF03468DF81830A04B8DF81A5051
:10A12000D3E904234E3606A8CAE90E238DF8194058
:10A130008DF81D808DF81C708DF81E600DF0F0FDFF
:10A1400005460C4616F048F9284621460DF046FF14
:10A15000FEF772FE924B04460D460022DAE90E012C
:10A160001DF0ACF902460B46204629461CF0C4FE01
:10A170008C4B002204460D461DF0FCFA78B1894F45
:10A1800000262046294632463B461CF0B5FE3246A4
:10A190003B4604460D461DF0EDFA0028F1D10022A1
:10A1A0000023204629461DF0D1FA00283FF4B8AC20
:10A1B0007C4F00264FF000084FF00009204629464A
:10A1C00032463B461CF09AFE42464B4604460D463C
:10A1D0001DF0BCFA0028F1D1A2E473480AF082FF16
:10A1E000834600287FF4BCAC5846FFF7A0BA6E4DFA
:10A1F0002120C5F8283104F053F995F82851064676
:10A2000015F042FD85F0800585423FF40EAE2946EB
:10A21000304615F053FD08E640F245164FF4A570A0
:10A220000125AFE454A3D3E90023404627F00041C1
:10A230001DF08CFA00283FF4C6AB0023012485F8FA
:10A240000A352046FFF773BA584D594CDFF8648140
:10A25000DFF864A1312018F007FE142016F0BCFAD4
:10A2600040F2EE292E6805E0B3F5FA6F3FF650AAEA
:10A2700018F07CFE18F07AFE237853B198F800307D
:10A28000DB0706D52B68DAF800209B1A0E2B3FF669
:10A290003FAA2B6822789B1B002AE5D14B45E7D9C2
:10A2A0003846FFF744BA0025FFF7B4BA05F59470B5
:10A2B00009F0E6F9304604F0F3F8A4F13001C9B230
:10A2C00015F0FCFC012085F8E006FFF730BA334EAC
:10A2D000C7E4DDE9065404F100442A462346CDE9EB
:10A2E00006236DE4204629461DF0B6FA334904469C
:10A2F0001DF0B8FD00287FF45BAB314920461DF00E
:10A30000BBFD00287FF454AB244D2D49EC62204660
:10A310001DF0F8FA2B491DF0FDFB1DF0D7FD2A7842
:10A3200014231B24C1B204FB023015F0C7FC01202A
:10A33000FFF7C4B91C4806F00FFE09E61A4B0022CD
:10A34000012083F8C024FFF7F2B917480AF0FAFE9B
:10A3500068B912490022D1E9020100231DF00AFA6E
:10A36000002814BF0122022219E5022217E501226A
:10A3700015E500BFAFF30080000000A09999B93F38
:10A38000000000E0360BF03F5C91FF1F00003E40F4
:10A390000080564000004E407891FF1FF892FF1F4A
:10A3A00000002E40000038404093FF1F34A0FF1FE4
:10A3B000D0A2FF1FF4A2FF1FF8A2FF1F000040C1A0
:10A3C00000004041000020412DE9F0412C4CA4F553
:10A3D000A37882B00546464608F5AB7714F8010F1E
:10A3E0001FF0A2FBD0B3A742F8D198F85731ABBB0E
:10A3F0000DF1FF300DF1070722E0A3F14102052A1C
:10A4000094BFA3F137024FF0FF3296F84811A1F143
:10A410003003DCB2092C09D9A1F16103052B22D943
:10A42000A1F14103052B19D8A1F13703511C15D017
:10A4300043EA021300F8013F874206F1020615D0F5
:10A4400096F84731A3F13002D1B20929DDD9A3F141
:10A450006102052AD1D8A3F15702D6E70023184696
:10A4600002B0BDE8F081A1F15703DFE702AB13E9C9
:10A470000300012385E80300184602B0BDE8F0811F
:10A480005E91FF1FFFFFFFFF2DE9F04F87B015F032
:10A490009DFF002104460DF02BFC002106462046BE
:10A4A0000DF0B8FB0021054620460DF00BFC6B1E9D
:10A4B000012B98BF06F1FF368046304698BF0C3519
:10A4C0001DF0D4FAD64906461DF0D8FB19F09EFDC2
:10A4D000D449074630461DF0D1FB19F097FDD2490B
:10A4E000034630461E461DF015FB19F08FFD8146D0
:10A4F00028461DF0BBFA4FF07E511DF003FACB4900
:10A500001DF008FB19F082FD394605464FF08040EA
:10A510001DF0F6F931461DF0F5F91CF04DFE06462A
:10A5200048460F461CF048FE02460B463046394668
:10A530001CF0E4FC064628460F461CF03DFE024691
:10A540000B46304639461CF0D9FC064640460F46BD
:10A550001CF020FE02460B46304639461CF0CEFC6D
:10A5600099A3D3E900231CF0C9FC82468B46204600
:10A5700000210DF091FB0021064620460DF060FB06
:10A580001DF074FAAA491DF079FB054630461DF00E
:10A590006DFA014628461DF0B5F900210346204614
:10A5A0001C460DF063FB1DF061FAA2491DF066FB2D
:10A5B00021461DF0A7F91CF0FFFD9F4BCDE90001DE
:10A5C0000022504659461CF099FC19F051FC80A31A
:10A5D000D3E9002304460D461DF0D6F858B37EA3F8
:10A5E000D3E90023204629461CF086FC7CA3D3E94E
:10A5F00000231CF063FF1DF0E7F81CF0CBFD8F4B30
:10A60000002206460F461CF02FFE19F031FC0246D0
:10A610000B462046294614461D460022884B1CF056
:10A620006DFC32463B461CF069FC22462B461CF072
:10A6300063FC04460D466CA3D3E90023204629465B
:10A640001CF05CFC6AA3D3E9002304460D461CF011
:10A6500053FC69A3D3E900231CF030FF19F008FC78
:10A6600002460B46CDE9022363A3D3E900231CF085
:10A67000FBFD19F0FDFB02460B46204629461CF067
:10A680003BFC5FA3D3E90023804689461CF016FFFC
:10A6900019F0EEFB5AA3D3E9002304460D461CF043
:10A6A000E3FD19F0E5FB002206460F460023404675
:10A6B00049461CF023FC32463B461CF01DFC19F0B9
:10A6C000D7FB1DF081F85F4B064600222046294645
:10A6D0001DF03CF8002800F01482594B204600225F
:10A6E00029461CF009FC1DF06FF8044620461DF0B9
:10A6F000BDF9554980461DF0C9FB002800F0F681E0
:10A7000041A3D3E90023DDE902011CF0F5FB1DF0B4
:10A710005BF80546631E012B05D804F10C001DF003
:10A72000A5F9013D804628461DF0A0F93C490446A4
:10A730001DF0A4FA19F06AFC3A49074620461DF0BC
:10A740009DFA19F063FC3849054620461DF0E2F9F0
:10A7500019F05CFC4FF07E51044640461DF0D2F8E3
:10A7600032491DF0D7F919F051FC034659465046BD
:10A77000059327A3D3E900231CF0BEFB334B80468F
:10A7800089460022DDE900011CF098FE02460B46D6
:10A79000404649461CF0B2FB1FA3D3E90023824682
:10A7A0008B461CF08BFE02460B464FF0804039462C
:10A7B000CDE902231DF0A4F829461DF0A3F81CF0F2
:10A7C000FBFC804644E000BF00000080A2423A410A
:10A7D000000000008C8A414100000040D07D3C41D7
:10A7E0000000000088D5E1400000000000D0974044
:10A7F0000000006066865E400000000000D47640E5
:10A8000000000020A0993E4000000000006CB24013
:10A81000000000802CB4424100000000A0D5E140BF
:10A820000000C8420000C84300A0B64301CDF44177
:10A8300000007042000061450000E03F0000D03F92
:10A840000000F03F00002B40000020400000384096
:10A85000204689461CF0B0FC02460B46404649465D
:10A860001CF04CFB044605980D461CF0A5FC024666
:10A870000B46204629461CF041FB044630460D4657
:10A880001CF088FC02460B46204629461CF036FB8D
:10A89000A1A3D3E900231CF031FBA1A3D3E900233A
:10A8A0001CF02AFBA0A3D3E900231CF0DDFCA0A32D
:10A8B000D3E900231CF022FBB74B002280468946D7
:10A8C0001CF058FF78B1B44D002422462B46404678
:10A8D00049461CF011FB22462B46804689461CF057
:10A8E00049FF0028F1D100220023404649461CF0D0
:10A8F0002DFF88B1A84F0026002400254046494678
:10A9000032463B461CF0FAFA22462B4680468946E0
:10A910001CF01CFF0028F1D187A3D3E90023DDE957
:10A9200000011CF0A1FC42464B461CF0E7FADDE9B1
:10A93000026783A3D3E9002304460D463046394617
:10A940001CF092FC32463B461CF08EFC02460B4645
:10A95000204629461CF0D2FA8F4B002280468946B9
:10A960001CF008FF78B18C4D002422462B4640464F
:10A9700049461CF0C1FA22462B46804689461CF007
:10A98000F9FE0028F1D100220023404649461CF080
:10A99000DDFE88B1804F00260024002532463B466C
:10A9A000404649461CF0AAFA22462B468046894674
:10A9B0001CF0CCFE0028F1D163A3D3E9002350465C
:10A9C00059461CF051FC02460B4661A1D1E9000139
:10A9D0001CF092FA60A3D3E900231CF06FFD18F07D
:10A9E0005DFF5FA3D3E9002304460D465046594658
:10A9F0001CF03AFC5CA3D3E900231CF07FFA02466A
:10AA00000B461CF07BFA54A3D3E900231CF056FD3F
:10AA100018F044FF56A3D3E9002306460F465046DC
:10AA200059461CF021FC02460B4653A1D1E9000116
:10AA30001CF062FA48A3D3E900231CF03FFD18F094
:10AA4000A1FE4FA3D3E9002382468B462046294628
:10AA50001CF00AFC4CA3D3E9002304460D46304603
:10AA600039461CF001FC02460B46204629461CF0E4
:10AA700043FA52465B461CF0F7FB42464B461CF03D
:10AA80003DFA454B0022804689461CF073FE78B1A2
:10AA9000414D002422462B46404649461CF02CFAE4
:10AAA00022462B46804689461CF064FE0028F1D1E0
:10AAB00000220023404649461CF048FE88B1364F2C
:10AAC00000260024002532463B46404649461CF0FD
:10AAD00015FA22462B46804689461CF037FE002890
:10AAE000F1D14046494607B0BDE8F08F28A3D3E92D
:10AAF0000023DDE902011CF0FFF91CF065FE0546AC
:10AB000008E6264B2046002229461CF0F5F91CF0E9
:10AB10005BFE0446EAE500BF00000080A2423A4125
:10AB2000000000802CB44241000000E05BD2B03F46
:10AB3000000000801CCA1A40000000E0360BF03F05
:10AB4000000000605243FB3E00000060C91CAB3FA8
:10AB5000000000608F425F4000000020DCA54C40F8
:10AB6000000000E0718AEF3F0000002085877140FF
:10AB7000000000A0F2D79A3E000000007670374037
:10AB8000000000A0EEE734BF00000080732AF93E09
:10AB900000000000006BB2400000384000002A4076
:10ABA0002DE9F04FB44C94F84431413B89B0312B3E
:10ABB0003ED8DFE813F050003D003D003D0081002D
:10ABC0003D003D003D003D003D009E00C800FF00EF
:10ABD0003D0069013D003D0089013D0032003D001E
:10ABE0003D003D003D003D003D003D003D003D007D
:10ABF0003D003D003D003D003D003D003D003D006D
:10AC00003D003D003D003D003D003D003D003D005C
:10AC10003D003D003D003D00420094F84531312BA0
:10AC200001F0EC80322B01F07B81302B00F026828A
:10AC300009B0BDE8F04FF7F72FBA94F84731792BF8
:10AC400001F006826E2B01F0AF82002009B0BDE852
:10AC5000F04FF7F715BA94F84531432B01F0CE8148
:10AC6000633BDAB2102AF0D8102BEED801A252F8CA
:10AC700023F000BFA1B000004BAC00004BAC0000C3
:10AC80004BAC00004BAC00004BAC0000A1B000008E
:10AC90004BAC00004BAC00004BAC00004BAC0000D8
:10ACA0004BAC00004BAC0000A1B000004BAC00006E
:10ACB0004BAC000005B2000094F84531502B01F078
:10ACC0000B8200F2AE81452B00F04B854F2BAFD1AC
:10ACD0006A4806A910F06EFB044620B1069B072BBC
:10ACE00041F22C8300242046F7F7CAF909B0BDE8E9
:10ACF000F08F94F84531613BDBB2192BA5D8604841
:10AD0000012505FA03F21040002841F016800A2BB5
:10AD10009CD194F846312C2B97D194F84731A3F16C
:10AD20003002012A91D894F84821002A8DD1A3F14C
:10AD30003103544AB3FA83F35B0982F8983403F081
:10AD4000A3FC284682E794F84531413B162B3FF699
:10AD50006FAF01A252F823F071B60000E5B5000014
:10AD600059B5000097B4000063B4000031AC000096
:10AD700031AC00001DB4000031AC000031AC00006B
:10AD800031AC000031AC000031AC000031AC00004F
:10AD9000E3B3000031AC000031AC0000D7B30000D9
:10ADA00099B3000031AC0000FDB6000031AC0000EA
:10ADB0002DB3000094F84531423B2B2B3FF638AFC2
:10ADC00001A252F823F000BFBFB7000089B2000013
:10ADD00031AC000063B7000015B900002DB80000C9
:10ADE00031AC000031AC000031AC000031AC0000EF
:10ADF00031AC000059BA000031AC000031AC0000A9
:10AE000031AC000031AC0000DDB9000033BA000005
:10AE100031AC000031AC000031AC000031AC0000BE
:10AE200031AC000031AC000031AC000031AC0000AE
:10AE300031AC000031AC000031AC000031AC00009E
:10AE400031AC000031AC00006BB9000089B20000E9
:10AE500031AC000031AC000031AC000031AC00007E
:10AE600031AC000031AC000031AC000031AC00006E
:10AE700031AC00006DB700001890FF1F5F91FF1FFD
:10AE8000058000024093FF1F94F84531492B01F0E3
:10AE9000C78000F2A980A3F14102022A3FF6C8AEA2
:10AEA000412B00F0C281B3F1420418BF0124CE4807
:10AEB0001FF0E6FB0F2894BF4FF001084FF0000889
:10AEC00040F2B6814046C1E694F84561A6F13004EF
:10AED000422C3FF6ADAE01A353F824F061B100005F
:10AEE00061B1000061B1000061B1000031AC00004F
:10AEF00031AC000031AC000031AC000031AC0000DE
:10AF000031AC000031AC000031AC000031AC0000CD
:10AF100031AC000031AC000031AC000031AC0000BD
:10AF200035BC000031AC000031AC0000B3BC000007
:10AF300031AC000031AC000031AC000031AC00009D
:10AF400031AC000031AC000031AC000031AC00008D
:10AF500031AC000031AC000031AC000031AC00007D
:10AF600031AC000031AC000031AC000031AC00006D
:10AF700031AC000031AC000031AC0000EBBB000094
:10AF800031AC000031AC000031AC000031AC00004D
:10AF900031AC000031AC000031AC000031AC00003D
:10AFA00031AC000031AC000031AC000079BB0000D6
:10AFB0004DBB0000D1BA000031AC00007DBA0000EA
:10AFC00031AC000031AC000031AC000031AC00000D
:10AFD00031AC000031AC000031AC000031AC0000FD
:10AFE00031AC0000B1BB0000532B7FF421AE7E4892
:10AFF00006A910F0DFF9069B132B8CBF002400F08C
:10B000000104002C3FF46FAE784DAA6893423FF4E0
:10B010006AAE4120AB6003F043FA297A14F04EFE89
:10B0200061E6722B7FF404AE94F84631522B00F0A7
:10B030009683442B7FF409AE6D4E6E481FF020FBC3
:10B04000012805467FF401AE94F84831A3F130029F
:10B05000012A3FF6FAAD7268917A00297FF4F5ADC6
:10B06000A3F1310043424341B06B537203F018FA2D
:10B070007368597A14F022FE2846E7E55E4B009388
:10B080000122019205AB04AA03A902A80FF092FDC8
:10B090008346002841F0C6805846F6F7F1FF25E6C2
:10B0A000514800211EF0C4FB49A3D3E900230E46FA
:10B0B00021F0004107461CF067FB00287FF4C5AD76
:10B0C0004A4DD5E9A2011CF0C7FB8046D5E9A40191
:10B0D0001CF0C2FB8146D5E9A6011CF0BDFB03466E
:10B0E000314638461E463CA3D3E900231CF0BCF889
:10B0F0003BA3D3E900231CF0E1F994F84531632B1D
:10B1000001F01081702B01F025811CF0A5FB064693
:10B1100040461CF051F8C5E9A20148461CF04CF825
:10B12000C5E9A40130461CF047F8C5E9A601002195
:10B1300040461CF083FE002801F03880002148467C
:10B140001CF07CFE002801F03180002130461CF00C
:10B1500075FEB0FA80F35B0985F89034012075E53F
:10B16000224D95F84815C9B200290CBF4FF00108CF
:10B170004FF000087FF4A6AE1B480A221EF006FC22
:10B18000431EFE2B074601F21B82A6F11A0003F0B4
:10B1900087F9F9B214F092FD002C41F0EA803846AC
:10B1A0001BF0F8FF154B164E00221CF087F9C6E97C
:10B1B000000195F878359C427FF484AE0B4800225C
:10B1C00021460AF0D5FA404640E500BFAFF30080C3
:10B1D000000000000094D140000000A046DF913F35
:10B1E000000000000020AC405F91FF1F4093FF1F54
:10B1F0002487FF1F6091FF1F5E91FF1F00005940D1
:10B200009098FF1FC7481FF03BFA0F2828BF0F2058
:10B2100004462246C349C44814F07EFDC34B234470
:10B220000022012083F87F2410E5C14B1C783EE604
:10B23000C04BBC49C4EB04171F440F22384614F01E
:10B240006BFD21468D2003F035F9814638461FF00D
:10B2500017FA0E283FF636AE7E1E344616F801AFBA
:10B26000F51B4D44284614F00FFD824551462846F3
:10B2700001D014F023FD38461FF002FA0234E41B1B
:10B28000A042EADA4046E1E40A22AB4800211EF07F
:10B2900029FCAA4BA3FB00235B09642202FB03F3F6
:10B2A000632B7FF6C5AC94F84621522A01F08581C4
:10B2B000442A7FF4CAACA24D296891F82C20013AA7
:10B2C000D2B2032A3FF6C1AC9E4E56F822209342DA
:10B2D0003FF6BBAC94F84521432A01F0D08191F8A8
:10B2E0002020002A7FF4B1ACA86ACB6103F0D8F823
:10B2F0002A686423D169B1FBF3F1C9B214F0DEFC12
:10B300002C6894F92C305A1ED2B2032A42D8E16933
:10B3100056F82220023B914228BF1146022B01F22F
:10B32000E781DFE813F0F904E804D8047D487F4D95
:10B330000A2200211EF02AFBB428034600F3E98705
:10B340006FF0B3029042C5F83401B8BF1346352000
:10B35000C5F8343103F0A4F80446D5F834011CF0E4
:10B3600085FB79491CF0D6FB78491CF087FC18F066
:10B370008FFE4FF086411CF0C5FA1CF0CDFD05464E
:10B38000204614F081FCEDB2854203D029462046C8
:10B3900014F094FC012059E4624806A90FF0F2FF72
:10B3A000044600283FF49FAC069BB52B3FF69AACB1
:10B3B0005E4D3720C5F8403103F072F895F84061D2
:10B3C000054614F061FC86423FF48DAC31462846B8
:10B3D00014F074FC87E45E4809B0BDE8F04F08F053
:10B3E00049B9504806A90FF0CDFF044600283FF4A4
:10B3F0007AAC069BA3F12D022E2A3FF673AC4B4D7F
:10B400002220C5F82C3103F04BF895F82C61054645
:10B4100014F03AFC86423FF466ACD7E7414806A9EF
:10B420000FF0B0FF044600283FF45DAC069B03F12B
:10B430001E023C2A3FF656AC3C4D2120C5F828316F
:10B4400003F02EF895F82851064614F01DFC85F0FF
:10B45000800585423FF447AC2946304614F02EFC67
:10B4600041E43048314D0A2200211EF08FFAB42801
:10B47000034600F34B876FF0B3029042C5F83001EA
:10B48000B8BF13463420C5F8303103F009F804463C
:10B49000D5F8300163E70A22002122481EF076FA2F
:10B4A00006461CF0E3FA214B2A490446D3F87C07F0
:10B4B0001CF030FB014620461CF0D4FC00283FF471
:10B4C000C4AB282002F0ECFF044614F0DDFB054677
:10B4D000601C14F0D9FBEDB260F30F252DB2AE4223
:10B4E0007FF7B3AB2A2002F0DBFF054614F0CCFB5C
:10B4F000F7B2874236B203D03946284614F0DEFB55
:10B500000135284614F0C0FBC6F30721814202D062
:10B51000284614F0D3FB0E4808F0CAF80120FFF7C4
:10B5200095BB00BF5F91FF1FBF97FF1F4093FF1F99
:10B530003893FF1F5793FF1F6091FF1F1F85EB512B
:10B540002487FF1F6C0E0300000070410000704252
:10B550006894FF1F000020410A220021A9481EF024
:10B5600015FA06461CF082FAA74BA8490446D3F800
:10B5700078071CF0CFFA014620461CF07DFC00281D
:10B580003FF463AB2A2002F08BFF044614F07CFBEF
:10B590000546601C14F078FBEDB260F30F252DB268
:10B5A000AE42BFF652AB282002F07AFF054614F0F7
:10B5B0006BFBF7B2874236B203D03946284614F007
:10B5C0007DFB0135284614F05FFBC6F3072181425D
:10B5D00002D0284614F072FB8D4808F063F8012071
:10B5E000FFF734BB0A22002186481EF0CFF9064639
:10B5F0001CF03CFA844B85490446D3F82C071CF018
:10B6000089FA014620461CF02DFC00283FF41DABB2
:10B61000242002F045FF044614F036FB0546601C6A
:10B6200014F032FBEDB260F30F252DB2AE427FF77E
:10B630000CAB262002F034FF054614F025FBF7B2D0
:10B64000874236B203D03946284614F037FB01351D
:10B65000284614F019FBC6F30721814202D0284680
:10B6600014F02CFB6A4808F017F80120FFF7EEBA37
:10B670000A22002163481EF089F906461CF0F6F9FB
:10B68000614B62490446D3F828071CF043FA01468F
:10B6900020461CF0F1FB00283FF4D7AA262002F038
:10B6A000FFFE044614F0F0FA0546601C14F0ECFAB4
:10B6B000EDB260F30F252DB2AE42BFF6C6AA24202C
:10B6C00002F0EEFE054614F0DFFAF7B2874236B21A
:10B6D00003D03946284614F0F1FA0135284614F013
:10B6E000D3FAC6F30721814202D0284614F0E6FAC5
:10B6F000474807F0CBFF0120FFF7A8BA0A22002134
:10B700004048414D1EF042F91BF044FD414B0022E0
:10B710001BF0D4FE404B002206460F461CF034F8C6
:10B72000002840F0FB85C5E94E673C4B00223046BF
:10B7300039461CF00BF808B1384F0026C5E94E67B2
:10B74000362002F0ADFE334B00220446D5E94E010F
:10B750001BF08AFD18F010FC1CF05EF80FE6304E6E
:10B760006BE409B0BDE8F04FF6F76CBC94F84631D5
:10B77000522B00F0FB85442B7FF4B4AA294D2A48B4
:10B780001EF07EFF01287FF4ADAA274806A90FF01E
:10B79000F9FD044600283FF4A5AA069B012B3FF6BD
:10B7A000A1AA2B689B7C002B7FF49CAA286A02F03C
:10B7B00077FE9DF8181014F081FAFFF794BA12483A
:10B7C00009F0A0FC06A9054617480FF0DBFD069A14
:10B7D00085F00103B2F57A7F2CBF002000F0010054
:10B7E00010EA030508D094F84631522B00F0328756
:10B7F000442B00F03B8600252846F6F741FCFFF776
:10B8000075BA00BF5F91FF1F4093FF1F00002041EA
:10B810006894FF1F000024400000284000002240E0
:10B820006087FF1F2487FF1F6091FF1FA44809F056
:10B8300069FC00287FF409AA94F84631522B00F0E5
:10B840000D87442B7FF401AA9E4E9F481EF018FFDF
:10B85000831E082B3FF6F9A99B480A2200211EF0FF
:10B8600041F935682B790446002B7FF4EEA91BF0D3
:10B8700081FC8046286889461BF07CFC02460B460A
:10B88000404649461BF01AFE8046894672B6B568A6
:10B8900028691BF07FFC42464B461BF0E5FC1BF081
:10B8A00093FF286162B6336830691C6002F0F8FDCE
:10B8B000054614F0E9F9E6B2864203D0314628463F
:10B8C00014F0FCF96E1C304614F0DEF9C4F30721C5
:10B8D000814202D0304614F0F1F9AE1C304614F02B
:10B8E000D3F9C4F30741814202D0304614F0E6F99F
:10B8F0000335284614F0C8F9210E814202D02846AB
:10B9000014F0DCF901226E4811460AF0CDFB01204B
:10B91000FFF79CB994F84631522B00F02185442B57
:10B920007FF4E0A9674D68481EF0AAFE831E022B33
:10B930003FF6D8A9644806A90FF024FD0446002864
:10B940003FF4D0A906997F293FF6CCA92B6893F93B
:10B950002C204039012A06917FF4C5A9186B0022DA
:10B96000C9B210F04FFBFFF7BEB9554809F0CAFB4A
:10B9700006A9054654480FF005FD069AA2F11001EC
:10B9800085F0010330298CBF002000F0010010EA8F
:10B9900003053FF431AF94F84631522B00F0558641
:10B9A000442B7FF428AF474C2368206B9A6202F047
:10B9B00077FD236893F8281014F080F92368A668AF
:10B9C000986A1BF0E7FBD6E90E8902460B46404613
:10B9D00049461BF073FDC6E91E010DE794F8463198
:10B9E000522B00F0C084442B7FF42FA9354E3648EB
:10B9F0001EF046FE012805467FF427A994F8483139
:10BA0000A3F13002012A3FF620A93268117C0029F7
:10BA10007FF41BA9A3F131014B424B41F069D37371
:10BA200002F03EFD3368D97B14F048F92846FFF751
:10BA30000DB9234809F066FB054638B994F846313C
:10BA4000522B00F00586442B00F0BA841E4806A94C
:10BA50000FF0B0FC0025CFE6194809F053FB05466E
:10BA600038B994F84631522B00F0F685442B00F09B
:10BA7000308506A914480FF085FCBCE6104C13482D
:10BA800003230A22002184F80B351DF07FFF1BF0F1
:10BA900081FB09A3D3E900231BF010FD04F5A26389
:10BAA000C3E900012046012109F0CCFD0120FFF788
:10BAB000CDB800BFAFF30080000000000088C34095
:10BAC0004093FF1F2487FF1F6091FF1F5F91FF1F9F
:10BAD0000A220021C048C14D1DF058FFC04900F5A1
:10BAE000434250328A4294BF034600233020C5F8B7
:10BAF000243502F0D5FCD5F82455044614F0C4F8DA
:10BB0000EEB2864203D03146204614F0D7F8661CC8
:10BB1000304614F0B9F8C5F30721814202D030460F
:10BB200014F0CCF8A61C304614F0AEF8C5F307416B
:10BB3000814202D0304614F0C1F80334204614F09C
:10BB4000A3F8290E81423FF425AC20E40A2200210B
:10BB5000A148A24D1DF01AFFA14900F54342503201
:10BB60008A4294BF034600232C20C5F8203502F0FA
:10BB700097FCD5F82055C0E7984D95F90835022B6C
:10BB80007FF463A806A8FEF71FFC002800F02685B6
:10BB9000DDE906239348032440E902230121A0F5AF
:10BBA000A46085F80B4509F04DFD0120FFF74EB864
:10BBB00006A8FEF709FC002800F0B983DDE906239A
:10BBC000864C032184F80B15002087491BF094F95B
:10BBD00004F5A26502460B4620460121C5E9002373
:10BBE00009F030FD0120FFF731B81A2002F058FCAF
:10BBF0000A220446002178481DF0C8FE034620466C
:10BC0000DDB29EB214F040F8854203D029462046AA
:10BC100014F054F80134204614F036F8310A814209
:10BC200002D0204614F04AF86C4809F06DFF01205C
:10BC3000FFF70CB80A22002167481DF0A7FE1BF091
:10BC4000A9FA5BA3D3E900231BF00EFB58A3D3E9A9
:10BC5000002304460D461BF08DFD002800F05283A2
:10BC6000624B0022204629461BF070FD08B95F4D4B
:10BC700000245F4E1D2046E9024502F011FC5D4B99
:10BC80000022044656E902011BF0EEFA1BF0C4FD47
:10BC90000546204613F0F8FFEDB2854203D0294651
:10BCA000204614F00BF84D4809F048FF0120FEF73C
:10BCB000CDBF0A22002148481DF068FE0528044631
:10BCC00028BF03241C2002F0EBFBE1B213F0F6FFC7
:10BCD0000120FEF7BBBF08461BF04CFA36A3D3E9A0
:10BCE00000231BF0EBFB1BF097FD81B2E06B11F022
:10BCF000CBF8FFF74FBB08461BF03CFA2EA3D3E965
:10BD000000231BF0DBFB1BF087FD81B2A06B10F062
:10BD1000BBFF0120FEF79ABF08461BF02BFA26A3B3
:10BD2000D3E900231BF0CAFB1BF076FD81B2606BE8
:10BD300011F02AF90120FEF789BF94F846312C2B27
:10BD40007EF483AF244800211DF072FD1CA3D3E9CB
:10BD500000230D4621F0004106461BF015FD00288A
:10BD60007EF473AF18A3D3E90023294630461BF0B5
:10BD70007BFA17A3D3E900231BF0A0FB94F845310D
:10BD80007A2B05460C4600F03184612B00F0698463
:10BD9000632B00F06D84184B01F1004443E9020469
:10BDA00002F072FC0120FEF751BF00BFAFF300802C
:10BDB000000000A09999B93FCD3B7F669EA0F63F59
:10BDC000000000000094D140000000A046DF913F39
:10BDD000000000000020AC405F91FF1F4093FF1F58
:10BDE000A08601006098FF1F0000F03F000039406E
:10BDF0003099FF1F000024400098FF1FAE4B05AA9A
:10BE000004A903A80FF046FA834600283FF444A98A
:10BE1000DDE90487039EDFF8A4A20CF04DF8054687
:10BE20000CF062F804460CF077F803468DF81830F1
:10BE3000A34B8DF81A50D3E904234E3606A8CAE95D
:10BE40000E238DF819408DF81D808DF81C708DF82B
:10BE50001E600BF065FF05460C4614F0BDFA28463F
:10BE600021460CF0BBF8FEF70FFB964B04460D463F
:10BE70000022DAE90E011BF021FB02460B462046A8
:10BE800029461BF039F8904B002204460D461BF062
:10BE900071FC78B18C4F00262046294632463B463D
:10BEA0001BF02AF832463B4604460D461BF062FC66
:10BEB0000028F1D100220023204629461BF046FC31
:10BEC00098B1814F00264FF000084FF0000920463E
:10BED000294632463B461BF011F842464B46044683
:10BEE0000D461BF033FC0028F1D1774B2046294644
:10BEF00000221BF0E3FA6EA3D3E900231BF0B4F990
:10BF00001BF062FC72B6CAF8000062B672B6DAF8CC
:10BF10000020DAF80030CAE9042362B6FFF7BCB8A3
:10BF20000A2206A96948DFF894A11DF0DBFD04464A
:10BF300014F052FA204600210CF050F8FEF7A4FA53
:10BF4000604B04460D460022DAE90E011BF0B6FAFA
:10BF500002460B46204629461AF0CEFF5A4B0022D5
:10BF600004460D461BF006FC78B1574F00262046CC
:10BF7000294632463B461AF0BFFF32463B4604464E
:10BF80000D461BF0F7FB0028F1D1002200232046CC
:10BF900029461BF0DBFB98B1DFF82C914FF000082D
:10BFA000002600272046294642464B461AF0A6FFA7
:10BFB00032463B4604460D461BF0C8FB0028F1D133
:10BFC000414B0022204629461BF078FA38A3D3E9DA
:10BFD00000231BF049F91BF0F7FB72B6CAF800000A
:10BFE00062B672B6DAF80020DAF80030CAE9042343
:10BFF00062B60120F6F744F8FEF778BE344B002015
:10C00000002100220024C3E9A201C3E9A401C3E97D
:10C01000A60183F89044C3F894240120FEF716BECD
:10C020002A4806A90FF0AEF9044600283EF45BAE9C
:10C03000069901293EF656AE264BC9B20420197066
:10C0400013F03CFE224B012283F8E026FEF74BBEA4
:10C05000012294F84531702B00F0BE80742B00F063
:10C06000A880672B7EF4F1AD194B93F8151191421E
:10C070003FF490A993F8161193F8144183F8152111
:10C080000AB144F0020409B144F004040D2002F0A6
:10C0900007FA054613F0F8FD84423FF47BA92146D8
:10C0A000284613F00BFEFFF775B900BFAFF3008011
:10C0B00000000000C07A60415E91FF1F7891FF1F71
:10C0C000F892FF1F00002E40000038405F91FF1FD4
:10C0D0004093FF1F3893FF1F94F84631522B00F016
:10C0E0001B81442B7EF4B1ADA94D94F84801002882
:10C0F0003EF4ACADA7481EF0C3FA06283EF6A5AD47
:10C100000A22A44806A91DF0EDFCA34B421E9A4248
:10C1100004463EF69AAD6E68337A002B7EF495ADF8
:10C120001BF0A0FC9D491BF0F5FC1BF045F8C6E98F
:10C130000001686B02F0B4F9054613F0A5FDE6B204
:10C14000864203D03146284613F0B8FD6E1C3046B7
:10C1500013F09AFDC4F30721814202D0304613F058
:10C16000ADFDAE1C304613F08FFDC4F30741814294
:10C1700002D0304613F0A2FD0335284613F084FDAB
:10C18000210E814202D0284613F098FD844B93F88B
:10C19000F80500287EF45AAD01221846114609F030
:10C1A00083FF0120FEF752BD002252E70123FEF774
:10C1B000D3BF7B4B93F8161191423FF4EBA893F851
:10C1C000151193F8144183F8162109B144F00204C3
:10C1D000002A3FF45BAF57E7714B93F8141191427B
:10C1E0003FF4D8A893F8150193F8161183F8142199
:10C1F000144608B142F0020411B144F00402D4B272
:10C200000D2002F04DF9054613F03EFD844203D0A7
:10C210002146284613F052FD012002F06DFB01205B
:10C22000FEF714BD0BF0C0FE04460BF0A5FE05465C
:10C230000BF08AFE029B8DF81A305A4BDFF868A18A
:10C240008DF81D5002468DF81C20D3E90423CAE95D
:10C250000E23039B8DF819304E34059B8DF8183052
:10C2600006A88DF81E400BF05BFD05460C4614F049
:10C27000B3F8284621460BF0B1FEFEF705F94B4B0B
:10C2800004460D460022DAE90E011BF017F90246BA
:10C290000B46204629461AF02FFE454B0022044645
:10C2A0000D461BF067FA78B1414F0026204629461B
:10C2B00032463B461AF020FE32463B4604460D46C7
:10C2C0001BF058FA0028F1D100220023204629460D
:10C2D0001BF03CFA00283FF408AE354F00264FF023
:10C2E00000084FF000092046294632463B461AF026
:10C2F00005FE42464B4604460D461BF027FA002831
:10C30000F1D1F2E520A5D5E90045B2E4B423FFF769
:10C31000B9B8B423FFF71BB8264DE6E6264F002632
:10C32000FFF70CBA1BF098FA8046FEF7F1BE2348DF
:10C3300005A91DF07DFA02460B4641E4184D8C20FC
:10C3400085F87D3602F0ACF895F87D1613F0B6FC52
:10C35000FEF7C9BC1BF080FA00F10049FEF7D8BE19
:10C36000144DFFF7E0BA134EFFF741BB114DFFF735
:10C3700006BA38461AF00EFF04F1AA0605EBC60607
:10C38000C6E90001FEF715BF000000A09999B93F6A
:10C390002487FF1F6091FF1F3F7E05000AD7233CC3
:10C3A0004093FF1FF892FF1F7891FF1F00002E405F
:10C3B000000038406087FF1F000028405F91FF1F8A
:10C3C000BF4FC0481EF05CF9831E082B3FF63EAB02
:10C3D000BC4806A90EF0EEFF0446002800F0858157
:10C3E0003E68337B002B7FF407AA06981AF0C2FE42
:10C3F0008046B06889461AF0BDFE02460B464046AC
:10C4000049461BF05BF88046894672B6BD682869CC
:10C410001AF0C0FE42464B461AF026FF1BF0D4F934
:10C42000286162B63B68069A78699A6002F038F82B
:10C43000069E054613F028FCB7B2F6B2864203D03A
:10C440003146284613F03AFC0135284613F01CFC0F
:10C45000390A814202D0284613F030FC01229A4862
:10C46000114609F021FE2546FFF7C6B9944F3B68F7
:10C47000F86A5A6202F014F83B6804465E6A13F0E8
:10C4800003FC1FFA86F8F6B2864203D031462046F6
:10C4900013F014FC0134204613F0F6FB4FEA182188
:10C4A000814202D0204613F009FC3B68FE68586ABE
:10C4B0001AF070FED6E906231AF0D6FE1BF084F9B6
:10C4C000BC680023C4F88000636784F87030FFF70D
:10C4D00093B97B4F7B481EF0D3F806A904467948F0
:10C4E0000EF050FF069A511E07298CBF002300F062
:10C4F0000103012C14BF002603F00106002E00F0FA
:10C50000F1803B68997B00297FF476A9587B101A4B
:10C510001AF040FE02460B4600204FF0804116F014
:10C52000DBFE04460D4672B6D7F80880D8F8100036
:10C530001AF030FE22462B461AF096FE1BF044F904
:10C54000C8F8100062B6069B3C68D8B263731AF054
:10C5500021FE0B4602464FF08041002016F0BCFE43
:10C560001BF032F994F92C30013B0146032B07D81C
:10C57000DFE803F01A151E02E06B89B210F0C8FC68
:10C58000B86901F08DFF3B68597B13F097FB4E486B
:10C5900000220121354609F087FDFFF72DB9606BB8
:10C5A00089B210F04BFDEBE7206B0FF09BFDE7E746
:10C5B000A06B89B210F042FDE2E7444DFEF77CBE6D
:10C5C00020461AF0E7FD02460B460020404916F0CF
:10C5D00083FE1BF0F9F80746FEF7D7BD3D4805A9D5
:10C5E0001DF026F902460B46FFF7D4BA3A492EA3AE
:10C5F000D3E90023D1E902011AF036FE17F0C2F8A0
:10C600002BA3D3E900230E4621F0004107461BF07F
:10C610009DF800287EF419AB3A4628462146334659
:10C620001AF04CFF24A3D3E900230C4621F000416B
:10C6300005461BF0A9F800287EF407AB27492A46D7
:10C640002346C1E90023FFF7ABBB204CFFF7ACB991
:10C650001E4FB6E61D4F0AE71C4F3BE71B4EFFF788
:10C66000F4B81F4B01F1004443E90204FFF798BB03
:10C670001B4902462346C1E90023FFF791BB0A7E0E
:10C68000002A7EF4E2AA686A4B6101F009FF2A6879
:10C6900064235169B1FBF3F1C9B213F00FFB012020
:10C6A000FEF7D4BAAFF30080000000A046DF913F50
:10C6B000000000E04D62503F000000401857B63FB8
:10C6C0002487FF1F6091FF1F4093FF1F6087FF1F9C
:10C6D000000010405F91FF1FF892FF1FE097FF1FBF
:10C6E000F097FF1F3546FFF787B80546FFF784B878
:10C6F000206B0FF075FB0120FEF7A8BA08B513F008
:10C700008DFABDE8084013F089BA00BFFFFFFFFFB4
:10C710002DE9F04FAA4A92F843312B3BADF28C6DD4
:10C720003A2B00F28280DFE813F03B008000990092
:10C73000800080008000A700B4008000800080009E
:10C7400080008000800080008000800080008000E9
:10C7500080008000800080008000800080008000D9
:10C76000800080008000800080008000CF0080007A
:10C77000800080008000DE00EC00020111018000DA
:10C7800080008000570180008000800080008000D1
:10C79000800080008000800080008000DF01860033
:10C7A000884D7DA3D3E90023D5E900011AF0A4FB4D
:10C7B00002460B46C5E90023582001F071FE824B6A
:10C7C00000220446D5E900011AF04EFD1AF0FCFFE4
:10C7D0000546204613F058FAE9B2814202D02046BD
:10C7E00013F06CFA661C304613F04EFAC5F30721BD
:10C7F000814202D0304613F061FAA61C304613F095
:10C8000043FAC5F30741814202D0304613F056FA8D
:10C810000334204613F038FA290E814202D0204614
:10C8200013F04CFA694809F0A3F90DF28C6DBDE8DC
:10C83000F04FF5F731BC654C204608F053FC10BBB7
:10C84000634BE0701B68D69394F8F835D69AC4F819
:10C850002825C3B1204609F003FE4EE1594D4EA3F1
:10C86000D3E90023D5E900011AF048FB02460B4644
:10C87000C5E900235820A0E7544C204608F062FC8C
:10C88000002800F040810DF28C6DBDE8F04FF5F707
:10C89000D9BB4E4C204608F055FC0028F3D10121AD
:10C8A0002046022584F8085508F0CCFE092001F046
:10C8B000F7FD044613F0E8F9A84200F01E8129466E
:10C8C000204613F0FBF918E1404C00220023CDE98B
:10C8D0000023204632A3D3E9002308F037FF0223C8
:10C8E00084F80B35A1E7394C00220023CDE9002361
:10C8F0002046384B002208F029FF002384F80B352E
:10C9000093E729A3D3E90023304C0020002104F54C
:10C91000A065CDE90001C5E9002320462D4B00228A
:10C9200008F014FF0023582084F80B3545E7274C06
:10C9300000220023CDE9002320461DA3D3E90023D4
:10C9400008F004FF012384F80B356EE71F4CD4F880
:10C9500020051AF01FFC18A3D3E900231AF0AEFD3E
:10C9600002460B4600201B491AF0C6FA0646D4F8C8
:10C9700024050F461AF00EFC0FA3D3E900231AF08A
:10C980009DFD3B46CDE900013246204608F0DEFE23
:10C99000032384F80B3548E75655854D55D574402B
:10C9A00000000000B2CBEE3F000000202B6F2E41B4
:10C9B000000000E0A1E9EF3F000000000088C34054
:10C9C0001890FF1F4098FF1F000030404093FF1F4A
:10C9D00034A0FF1F0000F03F92F84431412B00F0DB
:10C9E0009680542B7FF421AF92F84531312B7FF4A0
:10C9F0001CAF574D0FCD0FF23019D9E9008948AC63
:10CA0000CDE902890FC44AA7D7E9006795E803007A
:10CA1000002284E803000023CDE9006756A848AD52
:10CA20000DF0FAF90FCDEC46ACE80F0094E80300E6
:10CA300041A3D3E900238CE8030056A9D6A80DF042
:10CA40003BFAD6A80DF0F0FE3DA3D3E900231AF07F
:10CA500055FA4FF0020A02460B463E48CDF800A0B8
:10CA600012F0CAFF3B4812F0AFFFD6A80DF0D8FE77
:10CA700035A3D3E900231AF03FFACDF800A002460F
:10CA80000B46344812F0B8FF324812F09DFF2AA33B
:10CA9000D3E90023D6A956A80DF0AAFC56A80DF09C
:10CAA000A1FA42464B461AF027FACDF800A00246FA
:10CAB0000B46284812F0A0FF264812F085FF56A822
:10CAC0000DF08CFA32463B461AF016FACDF800A06B
:10CAD00002460B461F4812F08FFF1E4812F074FFEB
:10CAE0000DF28C6DBDE8F08F1B4C204608F0FAFA71
:10CAF00000287FF4C8AE84F80A050DF28C6DBDE8FD
:10CB0000F04FF5F789BA012529462046CAE692F882
:10CB10004531303B032B3FF688AEDFE813F083044A
:10CB20000503F5011F0000BF000000007C5FEE3F21
:10CB300000000080E85DE43F000000E04F52ED3F60
:10CB400000000080025FF93F000000601276EB3FBA
:10CB5000B80E03006488FF1F4093FF1F0A216FF087
:10CB6000090013F029F81AF081FFC9491AF0D2FF21
:10CB7000C8491BF083F81AF01FFB02460B466FF002
:10CB800009000A21CDE9062313F016F81AF06EFF0A
:10CB9000BF491AF0BFFFBF491BF070F81AF00CFB39
:10CBA00002460B460A205021CDE9082313F004F871
:10CBB0001AF05CFFB6491AF0ADFFB6491BF05EF8FB
:10CBC00083461AF0F9FA9CA3D3E90023CDE90223A6
:10CBD0009BA3D3E90023DFF8C0C206460F46CDE988
:10CBE0000023BCE80F000DF18808A8E80F009CE8BE
:10CBF00003000024002588E8030022462B46D6A81F
:10CC00000DF00AF90DF1880CBCE80F00E946A9E81F
:10CC10000F0098E80300324689E803003B46D6A996
:10CC20003AA80DF049F988A3D3E90023CDE90223FE
:10CC300087A3D3E90023D6A8CDE9002322462B46BB
:10CC40000DF0EAF80DF1880EBEE80F00EC46ACE8F6
:10CC50000F0098E80300324689E803003B46D6A956
:10CC600048A80DF029F97CA3D3E90023CDE90223DC
:10CC70007BA3D3E90023D6A8CDE9002322462B4687
:10CC80000DF0CAF80DF1880CBCE80F00EE46AEE8D6
:10CC90000F0098E803000DF5AC7A324689E80300EE
:10CCA0003B46D6A950460DF007F90DF59363C3E94D
:10CCB00000450DF59463C3E900450DF59563C3E99F
:10CCC00000450DF5A963C3E900450DF5CF63C3E940
:10CCD00000450D2100237148CDF84035CDF8703660
:10CCE0008DF8803616F03CF850460DF09DFD0B4651
:10CCF0000221024600916A4812F07EFE684812F056
:10CD000063FE3AA80DF0A0FD06463AA80F460DF0C6
:10CD100087FD55A3D3E9002380468946DDE9060156
:10CD20001AF0ECF852A3D3E90023CDE90401DDE9C0
:10CD300008011AF0E3F8CDE90201D6A93246CDE99F
:10CD400000893B46084611F067FA48AB18460DF0DB
:10CD50007BFD48AB064618460F460DF061FD46A325
:10CD6000D3E9002380468946DDE906011AF0C6F8BA
:10CD700043A3D3E90023CDE90401DDE908011AF05A
:10CD8000BDF83B46CDE902013246D6A8CDE900897F
:10CD900011F042FAD6A811F01FF9424B9B7D012BEE
:10CDA00000F0858322462B46D6A811F0B9F805215C
:10CDB0003D4815F0D5FF3A4812F006FE9DF8423581
:10CDC0000022002B00F071830DF5A961374BD1E9EA
:10CDD00000011AF049FA2CA3D3E900231AF06EFBE4
:10CDE000334B00221AF040FA02460B46022400940C
:10CDF0002B4812F001FE2A4812F0E6FDF0AA514637
:10CE00002EA80DF045FB2EA80DF074FE274B002236
:10CE10001AF02AFA1CA3D3E900231AF04FFB00945E
:10CE200002460B461E4812F0E7FD1D4812F0CCFDED
:10CE30002EA83FE0AFF300800030AAE67F76B63F31
:10CE400000000080C737E03F00941BA4CB36DDBF55
:10CE5000000000605DEAF83F008008E9A59CA43F5F
:10CE6000000000200B26D4BF000000E0C16BF73F9C
:10CE70000000004040B7FB3F000000A0EC91E33F02
:10CE800000000060E3B5154000000060FB21094090
:10CE9000DB0F494000003443B80E0300A40E03002A
:10CEA0006488FF1F4093FF1F9C0E030000806640B4
:10CEB00000004E400DF014FE974B00221AF0D4F9FA
:10CEC0007DA3D3E900231AF0F9FA009402460B4639
:10CED000924812F091FD914812F076FD2EA80DF0C7
:10CEE000FBFD8D4B00221AF0BFF973A3D3E9002399
:10CEF0001AF0E4FA009402460B46884812F07CFDD2
:10CF0000864812F061FDEBE56DA3D3E90023CDE97E
:10CF100002236DA3D3E90023814ECDE900230FCE78
:10CF200022AC0FC496E803000027002684E8030023
:10CF300032463B46D6A80CF06FFF0DF1880CBCE8DA
:10CF40000F006D460FC594E8030061A3D3E90023E9
:10CF500085E80300D6A93AA80CF0AEFF5EA3D3E99A
:10CF60000023CDE902235EA3D3E90023D6A8CDE9AF
:10CF7000002332463B460CF04FFF0DF1880EBEE811
:10CF80000F00EC46ACE80F0094E8030050A3D3E98F
:10CF9000002385E80300D6A948A80CF08DFF52A312
:10CFA000D3E90023CDE9022351A3D3E90023D6A876
:10CFB000CDE9002332463B460CF02EFF0DF1880CE4
:10CFC000BCE80F00EE46AEE80F0094E803000DF554
:10CFD000AC7A3FA3D3E9002385E80300D6A95046E5
:10CFE0000CF06AFF0DF59363C3E900670DF59463D8
:10CFF000C3E900670DF59563C3E900670DF5A96303
:10D00000C3E900670DF5CF63C3E900673AA80023C1
:10D01000CDF84035CDF870368DF880360DF014FC23
:10D0200004460D463AA80DF0FBFB22462B4632A5DE
:10D03000D5E90045CDE9044531A5D5E90045CDE95F
:10D040000001CDE90245D6A811F0E6F848A80DF098
:10D05000FBFB04460D4648A80DF0E2FB2B4622469A
:10D0600029A5D5E90045CDE9044529A5D5E900451F
:10D07000CDE90001CDE90245D6A811F0CDF8052192
:10D08000284815F06DFE254812F09EFC9DF84235AB
:10D09000002B00F007820DF5A9611F4B0022D1E99A
:10D0A00000011AF0E1F804A3D3E900231AF006FA0C
:10D0B00002460B469AE600BF00000060FB210940D3
:10D0C0000030AAE67F76B63F00000080C737E03F19
:10D0D00000000060358CE33F00941BA4CB36DDBF1D
:10D0E000000000605DEAF83F008008E9A59CA43FCD
:10D0F000000000200B26D4BF000000E0C16BF73F0A
:10D100000000004040B7FB3F000000A0EC91E33F6F
:10D1100000000060E3B51540008066406488FF1F92
:10D12000B80E03009C0E030000240025D6AE002399
:10D13000C6E95045C6E95245C6E95445C6E97C45AD
:10D14000C6E9C845CDF84035CDF870368DF8803643
:10D1500099A3D3E90023CDE9022399A3D3E90023BE
:10D160000AA8CDE9002322462B460CF055FE96A3D3
:10D17000D3E90023CDE9022395A3D3E9002316A820
:10D18000CDE9002322462B460CF046FE92A3D3E9BC
:10D190000023CDE9022392A3D3E9002322A8CDE9FD
:10D1A000002322462B460DF0A9FC8FA3D3E90023D0
:10D1B000CDE902238EA3D3E900232EA8CDE90023D5
:10D1C00022462B460DF09AFC0AA80CF00BFF804675
:10D1D0000AA889460CF002FF8D4B00221AF044F891
:10D1E00085A3D3E900231AF069F9894BCDE902013F
:10D1F0000022404649461AF037F87FA3D3E90023BE
:10D200001AF05CF9834ACDE90001834956A81CF065
:10D2100077FD56A81DF034FA014656A815F0A0FD7A
:10D220007E4812F0D1FB16A80CF0DCFE804616A852
:10D2300089460CF0D3FE764B00221AF015F86EA347
:10D24000D3E900231AF03AF9714BCDE9020100222B
:10D25000404649461AF008F867A3D3E900231AF0BC
:10D260002DF96F4ACDE900016B4956A81CF048FD25
:10D2700056A81DF005FA014656A815F071FD67483D
:10D2800012F0A2FB0AA80CF0B3FE80460AA8894659
:10D290000CF0A4FE02460B4622A8CDE906230DF0B1
:10D2A00085FC824622A88B460DF07CFCDDE9062336
:10D2B000CDE90401CDE902ABCDE900233046424679
:10D2C0004B4610F0A9FF16A80CF092FE804616A857
:10D2D00089460CF083FE02460B462EA8CDE90623B4
:10D2E0000DF064FC82462EA88B460DF05BFCDDE958
:10D2F0000623CDE90401CDE90023304642464B46E2
:10D30000CDE902AB10F088FF2B4622463CA5D5E9BB
:10D310000045CDE902453CA5D5E900453AA8CDE94F
:10D3200000450CF079FDF0AA3AA948A80CF08AFD56
:10D3300048A80DF03BFC364B002219F095FF2EA3B8
:10D34000D3E900231AF0BAF8022702460B460097E9
:10D35000324812F051FB314812F036FB48A80DF06C
:10D3600021FC2B4B002219F07FFF23A3D3E90023DC
:10D370001AF0A4F8009702460B46284812F03CFB2E
:10D38000264812F021FB48A80DF008FC204B002293
:10D3900019F06AFF18A3D3E900231AF08FF8009759
:10D3A00002460B461D4812F027FB1C4812F00CFBEE
:10D3B000FFF796BBAFF300800030AAE67F76B63F5A
:10D3C00000000080C737E03F00941BA4CB36DDBFD0
:10D3D000000000605DEAF83F0000004040B7FB3FFE
:10D3E000000000E0C16BF73F00000060E3B51540AE
:10D3F000000000A0EC91E33F00000060FB21094029
:10D40000008008E9A59CA43F000000200B26D4BFA3
:10D41000008066407C0E0300840E03006488FF1FBA
:10D42000940E0300D6AC00220023C4E95023C4E9C3
:10D430005223C4E95423C4E97C23C4E9C82322A3AA
:10D44000D3E90023CDE9042321A3D3E90023CDE9C7
:10D45000022321A3D3E900230021CDE900232046A4
:10D460001FA3D3E9002320A7D7E90067CDF8401513
:10D47000CDF870168DF8801610F0CEFE1CA3D3E9FF
:10D48000002320461CA5D5E90045CDE90223CDE9BE
:10D4900004671BA3D3E90023CDE9004510F0BCFECF
:10D4A000FFF71EBB32463B46A0E400239EE400216A
:10D4B00058461AF0E1FC18B113A3D3E9002373E432
:10D4C00013A3D3E900236FE4000000E0C16BF73F32
:10D4D0000000004040B7FBBF00000080C737E03FBE
:10D4E0000030AAE67F76B63F000000A0EC91E33F53
:10D4F00000000060E3B515C0000000605DEAF83F81
:10D5000000941BA4CB36DDBF00000060FB21F93F77
:10D5100000000060FB21F9BF08B512F07FFBBDE8F9
:10D52000084012F07BBB00BF054B93F843212AB99A
:10D5300093F85E2182F0010283F85E21F4F7ACBD1E
:10D540001890FF1F08B512F069FBBDE8084012F003
:10D5500065BB00BFFFFFFFFF032900D970472DE91E
:10D56000F04701EB410404EBC40404F10A0A017022
:10D5700084B00546504612F087FB002604F10B09E3
:10D5800060F30706484612F07FFB04F10C0860F3D5
:10D590000F26404612F078FB04F10D0760F31746A2
:10D5A000384612F071FB60F31F66BF4930461AF02F
:10D5B0004FFC30B9BD4930461AF068FC002800F035
:10D5C0000C8100220023C5E90223504612F05CFBC7
:10D5D000002840F02781484612F056FB002840F012
:10D5E0003781404612F050FB002840F02681384633
:10D5F00012F04AFB002840F01081A9A3D3E90023D0
:10D60000D5E9020119F05AFF06460F4616F0BAF89E
:10D61000C5E90C013046394616F040F9C5E90E015E
:10D6200004F10E0012F030FB0026034604F10F0057
:10D6300063F3070612F028FB60F30F2604F11000D5
:10D6400012F022FB034604F1110063F3174612F0B7
:10D650001BFB60F31F66964930461AF003FC30B995
:10D66000944930461AF008FC002800F0B0802E786B
:10D6700006EB460606EBC6060022002306F10E075F
:10D68000C5E90423384612F0FFFA002840F0B880BC
:10D6900006F10F07384612F0F7FA002840F0A38091
:10D6A00006F11007384612F0EFFA002840F0E0804B
:10D6B0001136304612F0E8FA002840F0D48004F128
:10D6C000120012F0E1FA064604F1130012F0DCFA3F
:10D6D000F6B260F30F26B6B206F1C8039BB242F26F
:10D6E0000802934200F2F0802E8304F1140012F03D
:10D6F000CBFA1AF0B7F970491AF0C0FA6F491AF06C
:10D70000FFF86F49E86206461AF0A2FB30B16B4998
:10D7100030461AF0BBFB002840F0B6806FF00309DA
:10D7200005F11907A9EB0509A14405F11A0805F14E
:10D7300028063C4609EB040012F0A6FA04F8010F93
:10D74000002840D0B442F5D12A785E4901A81CF0E7
:10D75000D7FA01A940461CF0E5FCA0EB08000E2812
:10D760001BD895F8009009EB490909EBC9093E1F40
:10D77000761B4E44304612F087FA3C4617F801AF4C
:10D7800082455146304601D012F098FA40461CF0CE
:10D7900077FF183C641BA042E9DA41A3D3E90023D8
:10D7A000D5E9020119F08AFE06460F4615F0EAFF98
:10D7B000C5E90C013046394616F070F8C5E90E018E
:10D7C00004B0BDE8F087AB7E002BBDD0E5E7304666
:10D7D00019F0F2FCC5E9040171E7304619F0ECFCE0
:10D7E000C5E902011CE73846002106F1100712F0D6
:10D7F00065FA384612F048FA00283FF459AF37E08E
:10D800003846002106F10F0712F058FA384612F098
:10D810003BFA00283FF444AFE5E70021384612F018
:10D820004DFAEAE65046002112F048FA484612F056
:10D830002BFA00283FF4D5AE0AE04046002112F052
:10D840003DFA384612F020FA00283FF4D6AEE4E75D
:10D850004846002112F032FA404612F015FA00282C
:10D860003FF4C5AEE9E70021304612F027FA26E77B
:10D8700038460021113612F021FA304612F004FA2F
:10D8800000283FF41CAFEEE72A780023EB621B2050
:10D89000142300FB0230782112F010FA3EE700BF9B
:10D8A00000000020DCA54C400000B4C20000B442DF
:10D8B0000000B4C30000B443000020410000404118
:10D8C000000040C13C0D03002E7806EB460606EB37
:10D8D000C6064FF0000806F11207A5F81880384672
:10D8E00012F0D2F958B91336304612F0CDF90028AB
:10D8F0003FF4FBAE0021304612F0E0F9F5E6414678
:10D90000384612F0DBF9EEE7084890F84311322967
:10D9100007D93F2907D1064B06491A7870301CF009
:10D92000EFB92F2908D8F4F7B7BB00BF1890FF1F35
:10D93000F892FF1F980D03002DE9F04F303985B0A4
:10D94000CCB2D74D0C2000F0ABFD214612F0B6F959
:10D9500021462846FFF700FED5E90423D149C1E955
:10D960000E2312F033FD002104460AF0C1F9002114
:10D97000064620460AF04EF90021054620460AF0E8
:10D98000A1F96B1E012B98BF06F1FF360746304602
:10D9900098BF0C351AF06AF8C34906461AF06EF9BA
:10D9A00016F034FBC149814630461AF067F916F08B
:10D9B0002DFBBF49804630461AF0ACF816F026FB26
:10D9C000064628461AF052F84FF07E5119F09AFF99
:10D9D000B8491AF09FF816F019FB494605464FF072
:10D9E000804019F08DFF414619F08CFF19F0E4FBDF
:10D9F00080463046894619F0DFFB02460B4640461A
:10DA0000494619F07BFA80462846894619F0D4FB2E
:10DA100002460B464046494619F070FA80463846A1
:10DA2000894619F0B7FB02460B464046494619F0B5
:10DA300065FA87A3D3E9002319F060FA0246174676
:10DA4000884620460021CDE902780AF025F9002118
:10DA5000064620460AF0F4F81AF008F896491AF03B
:10DA60000DF9054630461AF001F80146284619F02E
:10DA700049FF0021034620461C460AF0F7F819F03A
:10DA8000F5FF8E491AF0FAF8214619F03BFF19F01C
:10DA900093FB8B4BCDE9000100223846414619F03B
:10DAA0002DFA16F0E5F96CA3D3E9002304460D46E0
:10DAB00019F06AFE58B36AA3D3E900232046294629
:10DAC00019F01AFA68A3D3E9002319F0F7FC19F04A
:10DAD0007BFE19F05FFB7B4B002206460F4619F0D8
:10DAE000C3FB16F0C5F902460B46204629461446EC
:10DAF0001D460022744B19F001FA32463B4619F0DC
:10DB0000FDF922462B4619F0F7F904460D4658A3B5
:10DB1000D3E900232046294619F0F0F956A3D3E9AA
:10DB2000002304460D4619F0E7F955A3D3E9002375
:10DB300019F0C4FC16F09CF951A3D3E900238246E6
:10DB40008B4619F091FB16F093F902460B462046DE
:10DB5000294619F0D1F94CA3D3E9002306460F4614
:10DB600019F0ACFC16F084F947A3D3E900238046F2
:10DB7000894619F079FB16F07BF9002204460D4620
:10DB800000233046394619F0B9F922462B4619F0E0
:10DB9000B3F916F06DF919F017FE4C4B044600224C
:10DBA0004046494619F0D2FD002840F0B282484B69
:10DBB00000224046494619F09FF919F005FE064635
:10DBC000304619F053FF434905461AF05FF9002823
:10DBD00000F0A9822EA3D3E900235046594619F03C
:10DBE0008BF919F0F1FD0746731E012B05D806F1DC
:10DBF0000C0019F03BFF013F0546384619F036FF8F
:10DC0000294906461AF03AF816F000FA27498246E2
:10DC100030461AF033F816F0F9F9254981463046B6
:10DC200019F078FF16F0F2F94FF07E518046284641
:10DC300019F068FE1F4919F06DFF16F0E7F916A3F9
:10DC4000D3E900230546DDE9020119F055F943E067
:10DC500000000080A2423A41000000008C8A41414D
:10DC600000000040D07D3C410000000088D5E1402C
:10DC70000000000000D097400000006066865E4013
:10DC80000000000000D4764000000020A0993E4033
:10DC900000000000006CB240000000802CB4424143
:10DCA000F892FF1F7891FF1F0000C8420000C84390
:10DCB00000A0B64301CDF441000070420000614570
:10DCC0000000E03F0000D03F0000F03F00002B408C
:10DCD00000002A4000002040D94B06460F46002293
:10DCE000DDE9000119F0EAFB02460B4630463946F1
:10DCF00019F004F902460B46CDE90223B0A3D3E99B
:10DD0000002319F0DBFB02460B464FF080405146E2
:10DD10009B46924619F0F4FD494619F0F3FD19F0BF
:10DD20004BFA064640460F4619F046FA02460B46A5
:10DD30003046394619F0E2F8064628460F4619F0F3
:10DD40003BFA02460B463046394619F0D7F80646EC
:10DD500020460F4619F01EFA02460B463046394659
:10DD600019F0CCF898A3D3E9002319F0C7F898A3C9
:10DD7000D3E9002319F0C0F897A3D3E9002319F0E1
:10DD800073FA97A3D3E9002319F0B8F8AC4B00223B
:10DD90008046894619F0EEFC78B1A94D0024404632
:10DDA000494622462B4619F0A7F822462B468046C4
:10DDB000894619F0DFFC0028F1D1002200234046FB
:10DDC000494619F0C3FC88B19D4F00260024002568
:10DDD0004046494632463B4619F090F822462B46CB
:10DDE0008046894619F0B2FC0028F1D17EA3D3E920
:10DDF0000023DDE9000119F037FA42464B4619F0DD
:10DE00007DF87BA3D3E9002304460D4650465946CE
:10DE100019F02AFA52465B4619F026FA02460B46DA
:10DE20002046294619F06AF8854B002204460D4623
:10DE300019F0A0FC78B1824F002632463B462046BE
:10DE4000294619F059F832463B4604460D4619F06A
:10DE500091FC0028F1D1002200232046294619F028
:10DE600075FC98B1764F00264FF000084FF000097E
:10DE700032463B462046294619F040F842464B467A
:10DE800004460D4619F062FC0028F1D1DDE902AB31
:10DE900059A3D3E900235046594619F0E5F9024643
:10DEA0000B4657A1D1E9000119F026F856A3D3E992
:10DEB000002319F003FB15F0F1FC55A3D3E900236F
:10DEC00006460F465046594619F0CEF952A3D3E9FB
:10DED000002319F013F802460B4619F00FF84AA375
:10DEE000D3E9002319F0EAFA15F0D8FC4CA3D3E9E2
:10DEF0000023804689465046594619F0B5F9024636
:10DF00000B4649A1D1E9000118F0F6FF3EA3D3E981
:10DF1000002319F0D3FA15F035FC45A3D3E900230B
:10DF200082468B463046394619F09EF942A3D3E922
:10DF3000002306460F464046494619F095F9024629
:10DF40000B463046394618F0D7FF52465B4619F06B
:10DF50008BF922462B4618F0D1FF394B0022804620
:10DF6000894619F007FC78B1354D002422462B462E
:10DF70004046494618F0C0FF22462B468046894657
:10DF800019F0F8FB0028F1D1002200234046494651
:10DF900019F0DCFB002855D0294F0026002400256D
:10DFA00032463B464046494618F0A8FF22462B46DB
:10DFB0008046894619F0CAFB0028F1D142E000BF33
:10DFC00000000000A0D5E14000000080A2423A41DC
:10DFD000000000802CB44241000000E05BD2B03F62
:10DFE000000000801CCA1A40000000E0360BF03F21
:10DFF000000000605243FB3E00000060C91CAB3FC4
:10E00000000000608F425F4000000020DCA54C4013
:10E01000000000E0718AEF3F00000020858771401A
:10E02000000000A0F2D79A3E000000007670374052
:10E03000000000A0EEE734BF00000080732AF93E24
:10E04000000038404249434B0022D1E90E0119F04B
:10E0500035FA02460B464046494618F04DFF3E4B06
:10E0600000228046894619F085FB78B13A4D00249C
:10E0700022462B464046494618F03EFF22462B4694
:10E080008046894619F076FB0028F1D10022002352
:10E090004046494619F05AFB88B12F4F002600240C
:10E0A000002532463B464046494618F027FF2246A7
:10E0B0002B468046894619F049FB0028F1D1264BB2
:10E0C00000224046494619F0F9F91DA3D3E900237F
:10E0D00019F0CAF819F078FB72B61D49086062B6EB
:10E0E00072B60A680B68C1E9042362B601F050FBFE
:10E0F0001A4805F085FA1A4802F032FF012000F0B4
:10E10000FBFB174802F028FF05B0BDE8F04FF3F71E
:10E11000C3BF144B00224046494618F0EDFE19F0EB
:10E1200053FB06464CE508A3D3E900235046594665
:10E1300018F0E2FE19F048FB074655E5AFF3008002
:10E1400000000000C07A604100000000006BB24097
:10E150007891FF1F00002E40000038406894FF1F98
:10E160004093FF1F0000F03F08B511F057FDBDE8D8
:10E17000084011F053BD00BF10B5154B93F8433163
:10E18000242B07D0582B1AD0212B10D0BDE81040DB
:10E19000F3F782BF002420460021013411F08EFDE8
:10E1A000B4F5006FF7D1BDE81040F3F735BF094B68
:10E1B0000122BDE8104083F8E026F3F72DBF01F0FF
:10E1C00013FB012001F070FDBDE81040F3F724BF00
:10E1D0001890FF1F4093FF1F08B511F01FFDBDE809
:10E1E000084011F01BBD00BF38B5314B93F84331E7
:10E1F000423B202B12D8DFE803F0151D11114E1100
:10E20000111111111111114854262C331111111132
:10E21000111111111111111111113800BDE83840FF
:10E22000F3F73ABF234802F087FE40B9BDE8384013
:10E23000F3F708BF1F4802F087FE0028F6D0BDE8BC
:10E240003840F3F7E9BE1B4802F05AFE0028F6D129
:10E25000ECE7184802F06CFEBDE83840F3F7DCBE8E
:10E26000144B5B78002BEAD1E0E7124C00253820F4
:10E27000A57000F015F9294611F020FD204602F0A6
:10E280006FFEBDE83840F3F7C7BE0A4802F048FE0B
:10E290000028D4D1CAE7074802F05EFE0028CED19C
:10E2A000C4E7044802F038FE0028C8D0BEE700BF2B
:10E2B0001890FF1F4093FF1F08B511F0AFFCBDE899
:10E2C000084011F0ABBC00BF2DE9F04F044685B00B
:10E2D00000F11A084FF000096F4B5FFA89F12170C5
:10E2E0001A78C820702300FB023011F0E7FC257873
:10E2F00005EB450505EBC5050022002305F10A06DF
:10E30000C4E90223304611F0BFFC18B130460021A9
:10E3100011F0D4FC05F10B06304611F0B5FC18B134
:10E320003046002111F0CAFC05F10C06304611F010
:10E33000ABFC18B13046002111F0C0FC0D35284669
:10E3400011F0A2FC18B12846002111F0B7FC50A32F
:10E35000D3E90023D4E9020119F0B0F806460F46CC
:10E3600015F010FAC4E90C013046394615F096FA5A
:10E37000257805EB450505EBC5050022002305F1D1
:10E380000E06C4E90E01C4E90423304611F07CFCFA
:10E3900018B13046002111F091FC05F10F0630460E
:10E3A00011F072FC18B13046002111F087FC05F124
:10E3B0001006304611F068FC18B13046002111F00B
:10E3C0007DFC1135284611F05FFC18B1284600216C
:10E3D00011F074FC207800EB400000EBC005002732
:10E3E00005F112062783304611F04EFC18B139466C
:10E3F000304611F063FC1335284611F045FC002827
:10E400003ED122780023E3621B20142300FB02305C
:10E41000782111F053FC21494A4601A81BF070FCF9
:10E4200001A940461BF07EFEA0EB08000E281ED876
:10E43000264616F8197B07EB470707EBC707A6F137
:10E44000040AAAEB040ABA44504611F01DFC3546F2
:10E4500016F801BF83455946504601D011F02EFCF5
:10E4600040461CF00DF9183D2D1BA842E7DAB9F122
:10E47000000F02D14FF001092EE705B0BDE8F08F83
:10E480002846002111F01AFCBBE700BFAFF3008063
:10E4900000000020DCA54C403893FF1F3C0D03001A
:10E4A000034B1B78C82202FB03006430704700BF97
:10E4B0003893FF1FC82303FB01006430704700BF7F
:10E4C000F8B56A4B1D7805F12204240104F10C0013
:10E4D00011F0DAFBA0F10100654BB0FA80F04009C1
:10E4E00083F89804204611F0CFFB00260346601CF9
:10E4F00063F3070611F0C8FB60F30F26A01C11F0B0
:10E50000C3FB0346E01C63F3174611F0BDFB60F349
:10E510001F663146304619F091FC68B155493046C6
:10E5200019F0B4FC40B95449304619F091FC18B9BF
:10E53000304618F041FE01E0002000214F4BC3E9B6
:10E540000001201D11F0A0FB00260346601D63F3AF
:10E55000070611F099FB60F30F26A01D11F094FB44
:10E560000346E01D63F3174611F08EFB60F31F6650
:10E570003146304619F062FC68B13E49304619F028
:10E5800085FC40B93C49304619F062FC18B9304668
:10E5900018F012FE01E000200021394F47E9020186
:10E5A00004F1080011F070FB002660F3070604F187
:10E5B000090011F069FB60F30F2604F10A0011F065
:10E5C00063FB034604F10B0063F3174611F05CFB99
:10E5D00060F31F663146304619F030FC68B12549BA
:10E5E000304619F053FC40B92349304619F030FC4D
:10E5F00018B9304618F0E0FD01E000200021214B61
:10E6000005F19004A40043E90201204611F03CFB0F
:10E6100000250346601C63F3070511F035FB60F32A
:10E620000F25A01C11F030FB0346E01C63F31745D7
:10E6300011F02AFB60F31F652946284619F0FEFBFE
:10E6400078B10C49284619F021FC50B90A492846EE
:10E6500019F0FEFB28B9284618F0AEFDC7E9000105
:10E66000F8BD00200021C7E90001F8BD3893FF1F65
:10E670004093FF1FC2B8B23DC2B8B2BDE097FF1FC2
:10E68000F097FF1F0098FF1F2DE9F843784B794E54
:10E69000D3E90001347819F0DFF82234240105466B
:10E6A000204611F0F1FAEFB2874203D039462046F6
:10E6B00011F004FB04F10108404611F0E5FAC5F33E
:10E6C0000727874203D03946404611F0F7FA04F194
:10E6D0000208404611F0D8FAC5F30747874203D035
:10E6E0003946404611F0EAFA0334204611F0CCFADC
:10E6F0002D0E854203D02946204611F0DFFA5E4FE9
:10E70000357857E9020119F0A7F822352D0105F1F6
:10E7100004095FFA80F80446484611F0B5FA8045CE
:10E7200003D04146484611F0C9FA05F105094846AB
:10E7300011F0AAFAC4F30728804503D041464846A1
:10E7400011F0BCFA05F10609484611F09DFAC4F330
:10E750000748804503D04146484611F0AFFA0735D7
:10E76000284611F091FA240E844203D0214628460F
:10E7700011F0A4FA414B357853E9020119F06CF815
:10E7800022352D0105F108095FFA80F80446484654
:10E7900011F07AFA804503D04146484611F08EFACE
:10E7A00005F10909484611F06FFAC4F307288045BE
:10E7B00003D04146484611F081FA05F10A0948465E
:10E7C00011F062FAC4F30748804503D04146484639
:10E7D00011F074FA0B35284611F056FA240E8442D3
:10E7E00003D02146284611F069FAD7E900013478B0
:10E7F00019F032F89034A4000546204611F044FA8E
:10E80000EFB2874203D03946204611F057FA04F19F
:10E810000108404611F038FAC5F30727874203D0B4
:10E820003946404611F04AFA04F10208404611F018
:10E830002BFAC5F30747874203D03946404611F00B
:10E840003DFA0334204611F01FFA2D0E854203D005
:10E850002946204611F032FA3078094B000193F82E
:10E86000981400F50B70BDE8F84311F027BA00BF0B
:10E87000E097FF1F3893FF1FF097FF1F0098FF1FBF
:10E880004093FF1F2DE9F843184B1949C0EB0016C0
:10E890001E44024630461BF033FA30461BF0F0FEB1
:10E8A0000E2820D8134B93F8008008EB880808EB5B
:10E8B0008808771E4FEAC80807F1F2054544AD1BEA
:10E8C000284611F0E1F93C4617F8019F8145494679
:10E8D000284601D011F0F2F930461BF0D1FE023487
:10E8E000A41BA042E8DABDE8F88300BF5793FF1FDE
:10E8F000D00E03003893FF1F2DE9F04FAC4CE3B06E
:10E900000023002205930493039302930193009341
:10E91000194684F8782406461A4604F5A4700EF0C9
:10E9200063FF234604F1480200200021C3E96C0183
:10E93000C3E96E01C3E9700118339342F6D19D4BD0
:10E9400043E902019C4B1D7805EB850505EB850528
:10E95000ED00002705F59478C4E9CE01C4E9A201D1
:10E96000C4E9A401C4E9A6010023A4F8307384F823
:10E97000327384F8607484F87074404684F88F743D
:10E9800084F89074C4F8943411F07EF9012800F0F2
:10E990001D81874806F0D6FB00282ED0874900222B
:10E9A000D1E90201002318F0E5FE002800F064829E
:10E9B000002600270024002522462B46CDE90445E9
:10E9C000CDE90267CDE900457D480FF025FC70A335
:10E9D000D3E9002330463946CDE9044518F08EFAD4
:10E9E000CDE90045CDE9020169A3D3E900237448CC
:10E9F0000FF012FC63B0BDE8F08F704BD3E902A9B1
:10EA000065A3D3E900235046494618F02DFC024681
:10EA10000B46CDE90E235046494690461D4600223E
:10EA2000002318F0A7FE0026002800F02382654F7F
:10EA300094F814314BB1644B504629F00041002248
:10EA400018F0A2FE002840F0F881A37D4FF0000AE4
:10EA5000012BCDF810A000F013824DA3D3E90023C1
:10EA60000FF23C19D9E90089CDE90223CDE90089EB
:10EA70000022002346A80BF093FCDDE90E2346A9F3
:10EA800016A80BF0B5FC16A80BF0A8FA32463B46C8
:10EA900018F0EAFB044616A80D460BF0A3FA32461E
:10EAA0003B4618F0E1FBCDE90045CDE9020100222B
:10EAB000002322A80BF0CCFE3BA3D3E90023CDE931
:10EAC0000089CDE90223CDF810A00022002354A82C
:10EAD0000BF066FCDDE90E2354A92EA80BF088FC90
:10EAE0002EA80BF07BFA32463B4618F0BDFB0446DD
:10EAF0002EA80D460BF076FA32463B4618F0B4FBD2
:10EB0000CDE90045CDE90201002200233AA80BF02F
:10EB10009FFE46A80BF098FE044646A80D460BF053
:10EB20007FFE064622A80F460BF0E4FF804622A88F
:10EB300089460BF0D5FF22462B46CDE90401CDE9ED
:10EB40000289CDE900671E480FF066FB54A80BF060
:10EB50007BFE044654A80D460BF062FE06463AA81A
:10EB60000F460BF0C7FF80463AA889460BF0B8FF66
:10EB7000CDE90289CDE90401CDE9006710482246BC
:10EB80002B460FF049FB63B0BDE8F08FAFF3008078
:10EB900000000060FB21F93F000000A046DF913F2C
:10EBA00000000060FB21E93F000000807CD912409A
:10EBB0004093FF1FB097FF1F3893FF1FF892FF1F6E
:10EBC0008894FF1F0000F03F00002440002E40F01A
:10EBD000BB8105F5827011F057F8002660F3070637
:10EBE00005F2051011F050F860F30F2605F583705B
:10EBF00011F04AF860F3174605F2071011F044F8D7
:10EC000060F31F6605F5847011F03EF8002760F38D
:10EC1000070705F2091011F037F860F30F2705F523
:10EC2000857011F031F860F3174705F20B1011F001
:10EC30002BF860F31F6705F5867011F025F84FF08B
:10EC4000000860F3070805F20D1011F01DF860F3DD
:10EC50000F2805F5877011F017F860F3174805F2D3
:10EC60000F1011F011F860F31F6805F5887011F0AE
:10EC70000BF84FF0000960F3070905F2111011F0CD
:10EC800003F860F30F2905F5897010F0FDFF60F3BC
:10EC9000174905F2131010F0F7FF60F31F6905F52F
:10ECA0008A7010F0F1FF4FF0000A60F3070A05F2D6
:10ECB000151010F0E9FF60F30F2A05F58B7010F0C6
:10ECC000E3FF60F3174A05F2171010F0DDFF60F361
:10ECD0001F6A05F58C7010F0D7FF4FF0000B60F342
:10ECE000070B05F2191010F0CFFF60F30F2B05F59D
:10ECF0008D7010F0C9FF60F3174B05F21B1010F078
:10ED0000C3FF002360F31F6B05F58E70069310F0B0
:10ED1000BBFF069B60F3070305F21D1009930693E2
:10ED200010F0B2FF069B60F30F2305F58F70099377
:10ED3000069310F0A9FF069B60F3174305F21F101E
:10ED40000993069310F0A0FF069B002260F31F6357
:10ED500005F590700D930C93069210F095FF069AAE
:10ED600060F3070205F221100992069210F08CFF61
:10ED7000069A60F30F2205F591700992069210F041
:10ED800083FF069A60F3174205F223100992069258
:10ED900010F07AFF069A002160F31F6205F5927069
:10EDA0000B920A92069110F06FFF069960F307012B
:10EDB00005F225100991069110F066FF069960F39F
:10EDC0000F2105F593700991069110F05DFF0699EA
:10EDD00060F3174105F227100991069110F054FFD6
:10EDE00006990A9A0C9B049260F31F619A48059158
:10EDF0003A46314605460393A0F54A704346CDF89E
:10EE000008B0CDF804A0CDF800900EF0EDFCA5F50B
:10EE10004A700EF021FD914B1D7820352D0105F132
:10EE20000C0010F031FF0128064600F09A80012303
:10EE300084F8783463B0BDE8F08FCDF838800DF1F8
:10EE400040088749404625F000450F9502F08CF8B0
:10EE500012AB0FCB8DE80F000EA898E80C000AF05B
:10EE6000C7FDDDE90E0132463B4618F0FDF9CDE95C
:10EE70000E01EAE57B4FDBE56FA7D7E9006799E56F
:10EE80006FA5D5E900450FF2C019D9E90089002224
:10EE9000CDE900890023CDE9024546A80BF080FAB0
:10EEA000DDE90E2346A916A80BF0A2FA16A80BF06E
:10EEB00095F832463B4618F0D7F902460B4616A89D
:10EEC000CDE906230BF08EF832463B4618F0CCF91C
:10EED00022462B4618F010F8DDE90623CDE90201A1
:10EEE000CDE9002322A8002200230BF0B1FC58A397
:10EEF000D3E90023CDE90089CDE90223CDF810A0A4
:10EF00000022002354A80BF04BFADDE90E2354A98C
:10EF10002EA80BF06DFA2EA80BF060F832463B4697
:10EF200018F0A2F980462EA889460BF05BF832460D
:10EF30003B4618F099F922462B4617F0DDFFCDE944
:10EF40000089CDE90201DFE53946404610F0B6FE02
:10EF5000424B1B781B01394603F5037010F0AEFEDF
:10EF600017E5284610F090FE002760F30707681C9D
:10EF700010F08AFE60F30F27A81C10F085FE60F3E6
:10EF80001747E81C10F080FE60F31F67281D10F083
:10EF90007BFE4FF0000960F30709681D10F074FE56
:10EFA00060F30F29A81D10F06FFE60F31749E81DEC
:10EFB00010F06AFE60F31F6905F1080010F064FEAE
:10EFC0004FF0000860F3070805F1090010F05CFE3F
:10EFD00060F30F2805F10A0010F056FE60F31748A1
:10EFE00005F10B0010F050FE60F31F68384618F072
:10EFF000E3F8C4E9A201484618F0DEF8C4E9A40128
:10F00000404618F0D9F8C4E9A6013846002118F0A6
:10F0100015FF58B14846002118F010FF30B100210B
:10F02000404618F00BFFB0FA80F6760984F8906439
:10F03000FDE600BFAFF3008000000060FB21094047
:10F0400000000060FB21F93F00000060FB21E93F68
:10F05000000000807CD91240B097FF1F3893FF1F3B
:10F060004093FF1F0000F0BFF0B52B4D8FB0294635
:10F0700008A800260027CDE9066701F085FF0DF1FD
:10F08000200CBCE80F00EE46AEE80F009CE8030041
:10F0900000228EE8030006A905F5A47010F092F88E
:10F0A0000446C8B118A3D3E90023DDE9060118F02E
:10F0B000DBF817A3D3E9002318F0D6F818F0CCFB3F
:10F0C0003246C5F894043B46D5E9A20118F034FB5A
:10F0D00028B9204685F8900420460FB0F0BDD5E948
:10F0E000A40132463B4618F027FB0028F1D0D5E9B1
:10F0F000A60132463B4618F01FFBB0FA80F04009EB
:10F10000E8E700BFAFF3008000000020DCA54C4022
:10F11000000000000020AC404093FF1F2DE9F04F9D
:10F12000DFF83CA0DFF83C809AF8002098F87814CB
:10F1300099B04FF49473C82000FB023000230F9362
:10F14000109311931293139314931593169317938B
:10F1500010F0B4FD98F87834002B40F0048303E0FD
:10F160003893FF1F4093FF1F9AF800400F9D04EB58
:10F17000840404EB8404E40004F58277384610F03C
:10F1800083FDEEB2864203D03146384610F096FD3C
:10F1900004F20517384610F077FDC5F307268642BE
:10F1A00003D03146384610F089FD04F583773846A0
:10F1B00010F06AFDC5F30746864203D03146384653
:10F1C00010F07CFD04F20714204610F05DFD2D0EBA
:10F1D000854203D02946204610F070FD9AF8004081
:10F1E000109D04EB840404EB8404E40004F58477AC
:10F1F000384610F049FDEEB2864203D0314638461B
:10F2000010F05CFD04F20917384610F03DFDC5F31F
:10F210000726864203D03146384610F04FFD04F5EC
:10F220008577384610F030FDC5F30746864203D097
:10F230003146384610F042FD04F20B14204610F01F
:10F2400023FD2D0E854203D02946204610F036FDC1
:10F250009AF80040119D04EB840404EB8404E4005C
:10F2600004F58677384610F00FFDEEB2864203D0E3
:10F270003146384610F022FD04F20D17384610F0E2
:10F2800003FDC5F30726864203D03146384610F009
:10F2900015FD04F58777384610F0F6FCC5F30746F0
:10F2A000864203D03146384610F008FD04F20F14B0
:10F2B000204610F0E9FC2D0E854203D02946204659
:10F2C00010F0FCFC9AF80040129D04EB840404EB5F
:10F2D0008404E40004F58877384610F0D5FCEEB2DB
:10F2E000864203D03146384610F0E8FC04F211178C
:10F2F000384610F0C9FCC5F30726864203D03146D4
:10F30000384610F0DBFC04F58977384610F0BCFC79
:10F31000C5F30746864203D03146384610F0CEFC8E
:10F3200004F21314204610F0AFFC2D0E854203D0DA
:10F330002946204610F0C2FC9AF80040139D04EBC9
:10F34000840404EB8404E40004F58A77384610F062
:10F350009BFCEEB2864203D03146384610F0AEFC3C
:10F3600004F21517384610F08FFCC5F307268642C5
:10F3700003D03146384610F0A1FC04F58B773846AF
:10F3800010F082FCC5F30746864203D0314638466A
:10F3900010F094FC04F21714204610F075FC2D0EAA
:10F3A000854203D02946204610F088FC9AF8004098
:10F3B000149D04EB840404EB8404E40004F58C77CE
:10F3C000384610F061FCEEB2864203D03146384632
:10F3D00010F074FC04F21917384610F055FCC5F310
:10F3E0000726864203D03146384610F067FC04F504
:10F3F0008D77384610F048FCC5F30746864203D0A7
:10F400003146384610F05AFC04F21B14204610F026
:10F410003BFC2D0E854203D02946204610F04EFCC1
:10F420009AF80040159D04EB840404EB8404E40086
:10F4300004F58E77384610F027FCEEB2864203D0F2
:10F440003146384610F03AFC04F21D17384610F0E9
:10F450001BFCC5F30726864203D03146384610F020
:10F460002DFC04F58F77384610F00EFCC5F30746E7
:10F47000864203D03146384610F020FC04F21F14B7
:10F48000204610F001FC2D0E854203D0294620466F
:10F4900010F014FC9AF80040169D04EB840404EB71
:10F4A0008404E40004F59077384610F0EDFBEEB2EA
:10F4B000864203D03146384610F000FC04F2211792
:10F4C000384610F0E1FBC5F30726864203D03146EB
:10F4D000384610F0F3FB04F59177384610F0D4FB72
:10F4E000C5F30746864203D03146384610F0E6FBA6
:10F4F00004F22314204610F0C7FB2D0E854203D0E2
:10F500002946204610F0DAFB9AF80040179D04EBDC
:10F51000840404EB8404E40004F59277384610F088
:10F52000B3FBEEB2864203D03146384610F0C6FB3C
:10F5300004F22517384610F0A7FBC5F307268642CC
:10F5400003D03146384610F0B9FB04F593773846BE
:10F5500010F09AFBC5F30746864203D03146384681
:10F5600010F0ACFB04F22714204610F08DFB2D0E9A
:10F57000854203D02946204610F0A0FB98F8785425
:10F58000002D49D0D8E9A245002200232046294673
:10F5900018F0D2F8D8E9A46758BBD8E9A68929465B
:10F5A000204618F059F93946034630461E4618F0F1
:10F5B00053F949460446404618F04EF9C2B2089243
:10F5C000C0F307220992C0F307420A92020E0B927F
:10F5D000230EC4F30742F1B2C6F3072BC6F3074963
:10F5E0005FFA84F8C4F307270C920D93360E0125B9
:10F5F0001EE0002200233046394618F09DF8D8E975
:10F60000A6890028CBD0002200234046494618F0A6
:10F6100093F80028C3D000252E46A946AB462946BC
:10F620000D950C952F46A8460B950A9509950895BA
:10F630009AF80040079120342401204610F024FB62
:10F640000799884202D0204610F038FB631C184608
:10F65000079310F019FB584504D0079B59461846EC
:10F6600010F02CFB04F1020B584610F00DFB48453E
:10F6700003D04946584610F021FB0334204610F0D1
:10F6800003FBB04203D03146204610F017FB9AF836
:10F69000004020342401261D304610F0F5FA404584
:10F6A00003D04146304610F009FB661D304610F08D
:10F6B000EBFAB84203D03946304610F0FFFAA61DE7
:10F6C000304610F0E1FA0C9B984203D019463046C0
:10F6D00010F0F4FA0734204610F0D6FA0D9B984249
:10F6E00003D01946204610F0E9FA9AF80040203479
:10F6F000240104F10806304610F0C6FA089B98422F
:10F7000003D01946304610F0D9FA04F10906304604
:10F7100010F0BAFA099B984203D01946304610F00F
:10F72000CDFA04F10A06304610F0AEFA0A9B984270
:10F7300003D01946304610F0C1FA0B34204610F0C1
:10F74000A3FA0B9B984203D01946204610F0B6FA54
:10F750009AF800000001294600F5037010F0AEFA97
:10F7600019B0BDE8F08F16AB17AA049314AB15A916
:10F770000592029313AA12AB03910192009310AA6F
:10F7800011AB0FA908F5A4700DF0F4FFECE400BF75
:10F7900010B50E4C0022D4F86C37C4F8E826204689
:10F7A000C4F8383705F0CEFC60B1094A094B0A4865
:10F7B0000A49C4F82807C4F82C17C4F87827C4F8F5
:10F7C0007C3710BD064A074BF1E700BF4093FF1F8F
:10F7D0000000A0C10000B442000034C30000344364
:10F7E0000000B4C200008743704700BF2DE9F84312
:10F7F000614E624D347804EB840404EB8404E4002D
:10F8000004F1D008404610F03FFA95F82876013F01
:10F81000FFB2032F98BF5A4A03B203EB830398BF8A
:10F8200052F8272003EB83034FEA830388BF0022AB
:10F830009342C5F8183600F28B80C72B40F28880BF
:10F8400004F1D1084FF00009404685F81C9610F0ED
:10F850001BFA032F98BF4A4A03B203EB830398BFF6
:10F8600052F8272003EB83034FEA830388BF4A46FD
:10F870009342C5F810365CD8C72B5AD904F1DE087C
:10F880004FF00009404685F8149610F0FDF995F800
:10F890006876013FFFB2032F98BF394A03B203EBEA
:10F8A000830398BF52F8272003EB83034FEA8303B7
:10F8B00088BF4A469342C5F8583627D8C72B25D962
:10F8C000DF340026204685F85C6610F0DDF9032F52
:10F8D00098BF2B4A03B203EB830398BF52F827600B
:10F8E00003EB83039B00B342C5F8503601D8C72B06
:10F8F00007D84FF47A730A212046C5F8503610F025
:10F90000DDF9002385F85436BDE8F8834FF47A73A7
:10F910000A214046C5F8583610F0D0F9347895F8E9
:10F92000687604EB8404013F04EB8404FFB2E40036
:10F93000C6E74FF47A730A214046C5F8103610F036
:10F94000BDF9347804EB840404EB8404E40095E707
:10F950004FF47A730A214046C5F8183610F0AEF914
:10F96000347895F8287604EB8404013F04EB840492
:10F97000FFB2E40064E700BF3893FF1F4093FF1F0E
:10F98000DC0E03002DE9F047DFF81483C54D98F82D
:10F99000007007EB870404EB8404E40004F1D20A4E
:10F9A000504610F071F904F1D309C6B2484610F080
:10F9B0006BF960F30F26B6B2B6F57A7F80F0D2808D
:10F9C000C5F8206604F1E00A504610F05DF904F134
:10F9D000E109C6B2484610F057F960F30F26B6B2F7
:10F9E000B6F57A7F80F01B81C5F8606604F1D5001A
:10F9F00010F04AF9A0F11003302B00F20181C5F894
:10FA0000240604F1E30010F03FF9A0F11003302BBD
:10FA100000F2E780C5F86406C82607FB0666304694
:10FA200010F032F9002760F30707701C10F02CF972
:10FA300060F30F27B01C10F027F960F31747F01C94
:10FA400010F022F94FF0000960F31F6704F1CC00B9
:10FA5000C5F8FC7585F8009610F016F9C6B204F1E9
:10FA6000CD0010F011F960F30F26B6B2C5F80466A8
:10FA700004F1CE06304685F8089610F005F9431ECD
:10FA8000DBB2072B00F2988085F80906002704F105
:10FA9000CF0085F80A7610F0F7F8C01B18BF0120D8
:10FAA00085F80B0604F1D40085F80C7610F0ECF81C
:10FAB000C01B18BF012085F80D0604F1D60085F89B
:10FAC0000E7610F0E1F83E4660F3070604F1D70029
:10FAD00010F0DAF860F30F2604F1D80010F0D4F833
:10FAE00060F3174604F1D90010F0CEF860F31F66FA
:10FAF00004F1DA00C5F83C6685F8407610F0C4F8E9
:10FB0000C6B204F1DB0010F0BFF860F30F26B6B206
:10FB1000C5F8446604F1DC06304685F8487610F0F6
:10FB2000B3F8431EDBB2072B32D885F8490600260E
:10FB300004F1DD0085F84A6610F0A6F8831B18BFB3
:10FB4000012304F1E20085F84B3685F84C6610F08D
:10FB50009BF8801B18BF012085F84D0685F84E667E
:10FB6000BDE8F08700245046C5F8204610F08CF818
:10FB7000002840F08980484610F086F8002877D1A8
:10FB800098F8007007EB870404EB8404E40019E79D
:10FB90000427304685F8497610F076F8B842C6D08A
:10FBA0003946304610F08AF898F8004004EB840497
:10FBB00004EB8404E400BAE70427304685F80976AC
:10FBC00010F062F8B8423FF461AF3946304610F0A9
:10FBD00075F898F8004004EB840404EB8404E40016
:10FBE00054E7102104F1E000C5F8641610F066F83F
:10FBF00098F8007007EB870404EB8404E4000BE73B
:10FC0000102104F1D200C5F8241610F057F898F826
:10FC1000007007EB870404EB8404E400F1E60024A1
:10FC20005046C5F8604610F02FF8B8B9484610F0B5
:10FC30002BF838B998F8007007EB870404EB8404BC
:10FC4000E400D3E60021484610F038F898F8007038
:10FC500007EB870404EB8404E400C7E65046214622
:10FC600010F02CF8484610F00FF80028E2D0E9E731
:10FC70000021484610F022F898F8007007EB87043E
:10FC800004EB8404E4009DE65046214610F016F88B
:10FC900048460FF0F9FF00283FF472AFE8E700BFD5
:10FCA0003893FF1F4093FF1F2DE9F041D44C0546C8
:10FCB000FFF768FE29460022204606F0F5F90225E6
:10FCC000402094F80D8694F8096684F8285610F0C0
:10FCD0007BF9CC4A4FF0FF33152107460CF0D8FDD5
:10FCE00001210320C4F8307610F01AFD0121032011
:10FCF00010F0E2FC0121284610F012FD012116202F
:10FD000010F00EFD0121152010F00AFD00212846FB
:10FD100010F0D2FC0021162010F0CEFC012115209D
:10FD200010F0CAFCB8480BF06DFF29460C2010F00B
:10FD3000F7FCD4F830060DF0C5F9D4F830060CF015
:10FD400035FFD4F83006FF210DF0C4F9D4F83006A1
:10FD500003682946DB6A9847D4F8300605210CF081
:10FD600029FDD4F8300603680521DB699847D4F8EB
:10FD70003006036803215B699847D4F83006414692
:10FD80000CF054FDD4F8300641460CF071FDD4F867
:10FD9000300640210DF0A8F9D4F8300601210CF00E
:10FDA0001BFD94F928365A1ED2B2032A40F2D380A2
:10FDB000304617F0EFF902460B4600204FF0804125
:10FDC00013F08AFA0021032010F076FC022540206F
:10FDD00094F84D8694F8496684F8685610F0F4F863
:10FDE000884A4FF0FF33132107460CF051FD0121E3
:10FDF0000520C4F8707610F093FC0121052010F066
:10FE00005BFC0121042010F08BFC0121142010F078
:10FE100087FC0121132010F083FC0021042010F046
:10FE20004BFC0021142010F047FC0121132010F09E
:10FE300043FC75480BF0E6FE29460C2010F070FCE0
:10FE4000D4F870060DF03EF9D4F870060CF0AEFE52
:10FE5000D4F87006FF210DF03DF9D4F87006036860
:10FE60002946DB6A9847D4F8700605210CF0A2FCFD
:10FE7000D4F8700603680521DB699847D4F870064A
:10FE8000036803215B699847D4F8700641460CF07B
:10FE9000CDFCD4F8700641460CF0EAFCD4F87006AC
:10FEA00040210DF021F9D4F8700601210CF094FCEA
:10FEB00094F968365A1ED2B2032A3DD9304617F05B
:10FEC00069F902460B4600204FF0804113F004FA16
:10FED0000021052010F0F0FBFFF788FC94F928368C
:10FEE0005A1ED2B2032A1FD84848D4F8181650F820
:10FEF0002220023B914228BF1146022B00F2718161
:10FF0000DFE813F02A011A010300084617F032F95E
:10FF100039A3D3E9002317F0D1FA17F07DFC81B2A1
:10FF2000D4F838060CF0B0FF94F968365A1ED2B2F5
:10FF3000032A1ED9BDE8F081344951F82210023B52
:10FF4000C82928BFC821AB4200F24481DFE813F082
:10FF5000D000AA00E2002D4951F82210023BC82926
:10FF600028BFC821AB4200F24781DFE803F0775198
:10FF700089002648D4F8581650F82220023B9142B6
:10FF800028BF1146022B00F23181DFE803F0130293
:10FF90002400084617F0EEF817A3D3E9002317F062
:10FFA0008DFA17F039FC81B2D4F87406BDE8F0413F
:10FFB0000CF06ABE084617F0DDF80FA3D3E9002362
:10FFC00017F07CFA17F028FC81B2D4F87006BDE86F
:10FFD000F0410CF0D9BF084617F0CCF806A3D3E9DE
:10FFE000002317F06BFA17F017FC81B2D4F87806EB
:10FFF000BDE8F0410CF048BFCD3B7F669EA0F63FC8
:020000021000EC
:100000004093FF1FAE47E13DA487FF1FDC0E0300B6
:10001000084617F0AFF87CA3D3E9002317F04EFA97
:1000200017F0FAFB81B2D4F834060CF02DFE94F9E7
:100030002856304617F0AEF80B4602464FF0804186
:10004000002013F049F917F0BFFB6B1E0146032B8C
:100050003FF6B8AEDFE803F0B9B3ADA7084617F036
:1000600089F869A3D3E9002317F028FA17F0D4FB25
:1000700081B2D4F830060CF087FF94F92856D8E7FF
:10008000084617F077F860A3D3E9002317F016FAB3
:1000900017F0C2FB81B2D4F838060CF0F5FE94F9E3
:1000A0002856C6E7084617F065F857A3D3E900239A
:1000B00017F004FA17F0B0FB81B2D4F874060CF014
:1000C000E3FD94F96856304617F064F80B46024693
:1000D0004FF08041002013F0FFF817F075FB6B1E06
:1000E0000146032B3FF6F4AEDFE803F058524C46CE
:1000F000084617F03FF844A3D3E9002317F0DEF9D0
:1001000017F08AFB81B2D4F870060CF03DFF94F929
:100110006856D8E7084617F02DF83BA3D3E900232B
:1001200017F0CCF917F078FB81B2D4F878060CF010
:10013000ABFE94F96856C6E7084617F01BF832A3E1
:10014000D3E9002317F0BAF917F066FB81B2D4F8AF
:1001500034060CF099FDE7E6084617F00BF82AA3E1
:10016000D3E9002317F0AAF917F056FB81B2D4F8AF
:1001700030060CF009FFD7E6D4F8780689B20CF007
:10018000C7FEA5E6D4F8740689B20CF057FF9FE6C7
:10019000D4F8700689B20CF051FF99E6D4F86C06D9
:1001A0000BF0A0FF94E6D4F8380689B20CF0B0FE4C
:1001B00008E6D4F8340689B20CF040FF02E6D4F821
:1001C000300689B20CF03AFFFCE5D4F82C060BF0AF
:1001D00089FFF7E5D4F86C060BF002FE94F9685637
:1001E00071E7D4F82C060BF0FBFD9DE6D4F86C0605
:1001F000BDE8F0410BF0F4BDD4F82C060BF0F0FD97
:1002000094F9285615E700BFCD3B7F669EA0F63FC8
:1002100070B58D4C257805EB850505EB8505ED0062
:1002200005F1D20630460FF02FFD18B100213046FF
:100230000FF044FDD33528460FF026FD18B10021FC
:1002400028460FF03BFD2078D523C82505FB00305C
:1002500010210FF033FD237803FB055528460FF0DE
:1002600013FD402803D0402128460FF027FD6E1CC7
:1002700030460FF009FD772803D0772130460FF084
:100280001DFDAE1C30460FF0FFFC1B2803D01B21C8
:1002900030460FF013FD033528460FF0F5FC18B17A
:1002A000002128460FF00AFD257805EB850505EBB2
:1002B0008505ED0005F1CC0630460FF0E5FCC828B9
:1002C00003D0C82130460FF0F9FCCD3528460FF099
:1002D000DBFC18B1002128460FF0F0FC2078C8257F
:1002E000CE2305FB003004210FF0E8FC2078CF235B
:1002F00005FB003000210FF0E1FC2078D12305FB45
:1003000000300A210FF0DAFC2078D02305FB003002
:100310000A210FF0D3FC2078D42305FB0030002104
:100320000FF0CCFC257805EB850505EB8505ED0088
:1003300005F1D20630460FF0A7FC18B10021304677
:100340000FF0BCFCD33528460FF09EFC18B10021FD
:1003500028460FF0B3FC2278E323C82000FB0230CC
:1003600010210FF0ABFC257805EB850505EB850525
:10037000ED0005F1D60630460FF086FC402803D08C
:10038000402130460FF09AFC05F1D70630460FF0B9
:100390007BFC772803D0772130460FF08FFC05F1E6
:1003A000D80630460FF070FC1B2803D01B213046C6
:1003B0000FF084FCD93528460FF066FC18B10021F7
:1003C00028460FF07BFC257805EB850505EB8505B8
:1003D000ED0005F1DA0630460FF056FCC82803D0D0
:1003E000C82130460FF06AFCDB3528460FF04CFC84
:1003F00018B1002128460FF061FC2078C825DC23C5
:1004000005FB003004210FF059FC2078DD2305FBAB
:10041000003000210FF052FC2078DF2305FB003074
:100420000A210FF04BFC2078DE2305FB00300A2167
:100430000FF044FC2078E22305FB00300021BDE8EA
:1004400070400FF03BBC00BF3893FF1FF8B5AD4CB8
:10045000AD4E2078FEF716FA2078C825642705FBF4
:10046000007001210FF02AFC6FF0090220785B2355
:10047000C6E94A23852305FB003076210FF01EFCD8
:10048000207896F82C11862305FB00300FF016FC1F
:100490002078982305FB003000210FF00FFC207816
:1004A000992305FB003000210FF008FC20789A23E7
:1004B00005FB003078210FF001FC20789B2305FB21
:1004C0000030B5210FF0FAFB06F5947003F0D8F870
:1004D00020786F2305FB003000210FF0EFFB207820
:1004E0009C2305FB003000210FF0E8FB20786E23F1
:1004F00005FB003000210FF0E1FB20787A2305FB9B
:10050000003039460FF0DAFB20787B2305FB003002
:1005100004210FF0D3FB20787C2305FB0030102151
:100520000FF0CCFB20787D2305FB003040210FF03D
:10053000C5FB2078802305FB003003210FF0BEFBB4
:10054000257805EB850505EB8505ED0005F17E07B2
:1005500038460FF099FB582803D0582138460FF041
:10056000ADFB7F3528460FF08FFB022803D0022118
:1005700028460FF0A3FB22788123C82000FB02301D
:100580000A210FF09BFB257805EB850505EB85051A
:10059000ED0005F1BC0738460FF076FB592803D073
:1005A000592138460FF08AFB05F1BD0738460FF098
:1005B0006BFB792803D0792138460FF07FFB05F1DA
:1005C000BE0738460FF060FBF32803D0F32138460E
:1005D0000FF074FBBF3528460FF056FB18B1002111
:1005E00028460FF06BFB2078C8254FF4947305FB69
:1005F000003000210FF062FB20786D2305FB0030F6
:1006000000210FF05BFB257805EB850505EB8505E3
:10061000ED0005F1900738460FF036FB18B10021C8
:1006200038460FF04BFB05F1910738460FF02CFBD5
:1006300018B1002138460FF041FB05F1920738460A
:100640000FF022FB18B1002138460FF037FB93352D
:1006500028460FF019FB18B1002128460FF02EFB99
:10066000257805EB850505EB8505ED0005F194077B
:1006700038460FF009FB18B1002138460FF01EFB79
:1006800005F1950738460FF0FFFA18B100213846FA
:100690000FF014FB05F1960738460FF0F5FA18B184
:1006A000002138460FF00AFB973528460FF0ECFA88
:1006B00018B1002128460FF001FB2078C825A5239A
:1006C00005FB003000210FF0F9FA2078C72305FB65
:1006D000003002210FF0F2FAFFF79AFD2278712321
:1006E00015FB023500272846A6F8147186F8167106
:1006F0000FF0CAFA00B9F8BD39462846BDE8F840FF
:100700000FF0DCBA3893FF1F4093FF1F38B500206D
:100710000FF0BAFA00240346012063F307040FF038
:10072000B3FA0346022063F30F240FF0ADFA034639
:10073000032063F317440FF0A7FA294B60F31F64FB
:100740009C4228D000242046002101340FF0B6FA44
:10075000B4F5006FF7D1234D23480024FDF7B4FD15
:100760002C70FFF773FE01232B70FFF76FFE2046FE
:100770002C700FF089FA6A2828D101200FF084FA32
:10078000542819D102200FF07FFA02280AD1032041
:100790000FF07AFA00B938BDBDE8384000210320D7
:1007A0000FF08CBA022108460FF088FA03200FF0F0
:1007B0006BFA0028EFD0EFE7542101200FF07EFA0A
:1007C00002200FF061FA0228E1D0EBE76A2120460F
:1007D0000FF074FA01200FF057FA5428D2D0EBE74B
:1007E0006A5402003893FF1FF892FF1F2DE9F84367
:1007F00004200FF049FA0128D14D00F2D78128706A
:10080000D04C04F10F07C4F1F10630190FF03CFA97
:1008100004F8010F002800F06C81A742F5D1CA4E00
:100820000020FEF72FF8C94CC4F5DC7704F10F085F
:10083000013738190FF028FA04F8010F002800F0EA
:100840005281A045F5D10120FEF71CF82C7804EB6D
:10085000840404EB8404E40004F1640738460FF0D8
:1008600013FA431EDBB2032B00F2AA8100230128F6
:10087000B07586F8353000F0B281022802D0042825
:1008800000F0BD8100220323727586F8793404F1EB
:10089000810840460FF0F8F917F0E8F8AC4917F076
:1008A00039F90021074617F0C9FA002840F02781DE
:1008B000A849384617F0EAFA002840F02081384667
:1008C00016F07AFCDFF8908248E9020104F1850015
:1008D0000FF0DAF9A0F1800304F18600C6F82831A0
:1008E0000FF0D2F9C6F82C0104F19B000FF0CCF9FF
:1008F000034604F19800C6F840310FF0C5F980387E
:1009000017F0B4F8954917F005F9954917F0B6F9BD
:1009100013F0BEFB17F0DAFA80EAE072A2EBE072A5
:10092000B52A0346A8BF3C23C6F8303104F199002C
:100930000FF0AAF9803817F099F8884917F0EAF80B
:10094000874917F09BF913F0A3FB17F0BFFA80EA71
:10095000E072A2EBE072B52A034604F19A04A8BF44
:100960003C23C6F8343120460FF08EF917F07EF89C
:100970007C4917F083F97C49074617F069FA00288B
:1009800040F0CF807949384617F080FA002840F0CF
:10099000C880384616F010FCC6E94E01744CD6F8F3
:1009A0001C0700220023274667E8282316F0F2FBE5
:1009B000C7E90001D6F86C0716F0ECFB54E94C23AC
:1009C00044E90601A4F5046044E9222304F0BAFBDB
:1009D0002C78002800F0D68004EB8404022304EB7A
:1009E000840486F80835E40004F190000FF04CF917
:1009F000002760F3070704F191000FF045F960F359
:100A00000F2704F192000FF03FF960F3174704F14C
:100A100093000FF039F9DFF85C9160F31F674CF237
:100A2000503807EB08034B4588BF002704F19400BA
:100A3000C6F820750FF028F9002760F3070704F1C6
:100A400095000FF021F960F30F2704F196000FF0E5
:100A50001BF960F3174704F197000FF015F960F3E5
:100A60001F67B844C84588BF002704F17100C6F865
:100A700024750FF009F9034603F0010286F81421EA
:100A8000C3F34002C3F3800304F1700086F815211C
:100A900086F816310FF0F8F801463748032901703F
:100AA00040F28180FDF710FC00270123384686F8CC
:100AB000F83586F87C76FFF7F7F8234801F0E6F87A
:100AC0002A78A523C82414FB02342046B523C6F88F
:100AD00040310FF0D9F8142800F28780B060BDE8EB
:100AE000F843FDF7EDBC96F82630002B3FF4ABAE93
:100AF000ACE6154EF37D002B3FF492AE93E6164B19
:100B0000DFF8789040461E214FF0000843E9028943
:100B10000FF0D4F82C7804EB840404EB8404E40094
:100B2000D4E6174B00222046C6E94E230FF0ACF85E
:100B300078283FF433AF782120460FF0BFF82DE737
:100B40003893FF1F5693FF1F4093FF1F6593FF1FAE
:100B5000CDCCCC3D0000C8413099FF1F0000704251
:100B600000007041000020410000104100004041A1
:100B7000809BFF1FA0860100F892FF1F0000084025
:100B80000000284004EB840404EB8404E40004F136
:100B90006D000FF079F8431EDBB2022B28BF012055
:100BA00086F8080520E7FCF7D7FC7DE700242C70C9
:100BB000FFF74CFC01232B70FFF748FC2C701FE65D
:100BC000012138460FF07AF82C7804EB84040122D6
:100BD00004EB84040023B275E40086F83530022269
:100BE0000323727586F8793451E6204639460FF0B2
:100BF00065F83846B060BDE8F843FDF761BC0122F6
:100C0000737586F8792442E608B50FF007F8BDE859
:100C100008400FF003B800BF2DE9F84F04463C3000
:100C20000AF018FCA44BA549DFF894B2002200207A
:100C3000C4E94823C4E94601214604F5947000251F
:100C400002F006FB0026002704F58E63C4E9A267C4
:100C5000C4E9A467C4E9A667C4E9CE67A4F8305321
:100C600084F8325384F8605443E902674FF4003348
:100C7000C4F878340023C4F8943404F5946384F8F9
:100C80007054C4F87C54C4F88054C4F88454C4F834
:100C90008854C4F88C5484F8905484F89854C3E968
:100CA000006704F5966343E90267C3E9006704F54A
:100CB000986343E90267214604F5A96002F012F83F
:100CC0004FF0000A04F5F26204F501634FF0FF09EA
:100CD00084F82896C4F82C56C4F83056C4F8345614
:100CE000C4F8385684F86896C4F86C56C4F8705640
:100CF000C4F87456C4F8785684F88B56C4F89C56D9
:100D000084F8AB56C4F8BC56A4F888572146C2E90B
:100D10000067C2E916ABC2E9126704F69800C2E99F
:100D200014ABA4F81058C3E90267C3E918ABC3E9D0
:100D30001467C3E916AB00F0DFFB214604F69C0004
:100D400005F0B4FD214604F50A6003F007FC4FF0FE
:100D500080734FF0010823604FF4407384F81680CD
:100D600023822946C4E902552571A5821E2204F179
:100D7000170019F0A7F804F59A6384F8388084F80E
:100D80007C54A4F8785484F83550E586A4F81451BE
:100D900084F8165184F8C0544A4AC3E9006743E90D
:100DA000026704F59C63C3E9006743E90267002119
:100DB00004F59E63C3E9001243E902673AA3D3E94D
:100DC000002304F5A06184F8F854C1E900234FF032
:100DD0000203A4F8083504F5A26384F80A5504F563
:100DE000A46284F80B5504F5A861C3E900AB04F5CF
:100DF000AA6342E90267C4F82055C4F82455C4F830
:100E00002855C4F82C55A4F8305541E902AB84F8B4
:100E1000405584F8495584F84855C3E900AB2A4B3E
:100E200004F5AC68002248E90223284B0022C8E9F7
:100E30000023274B04F5AE6E00224EE90223254B1A
:100E40000022CEE900234FF07A53C4F8E035224B5C
:100E50004FF0040C04F5BE61002284F878C584F8D4
:100E600079C541E902231D4B84F8F85504F5D86192
:100E70000022A4F87C56C1E9002304F5DA61C1E937
:100E800000230BA3D3E9002341E9022304F5DC612D
:100E900041E90223204684F8E056C4F8A498BDE84E
:100EA000F88F00BFAFF30080000000202B6F2E41B1
:100EB00000000000006AF84000805B400000244011
:100EC0000000F03F0080464000001040000030402D
:100ED0000000504000C08240000008400000284050
:100EE00000F69C0005F0E4BC00F69C0005F0F4BCA4
:100EF00000F5A96002F080B900F5A96001F004BF17
:100F000000F50A6003F02CBB00F50A6003F00CBC8E
:100F100000F50A6003F0E8BC00F50A6003F006BDC6
:100F200000F50A6003F0B4BD00F50A6003F03EBEB0
:100F300000F50A6003F074BE00F50A6003F0EABF32
:100F400000F50A6003F0D4BF00F50A6003F080BE2C
:100F500000F50A6003F004BF00F50A6003F09EBECE
:100F600000F50A6003F01CBF91F8142102704DF8DF
:100F700004BDD1E946BCD1E94812C0E902BCC0E9D0
:100F800004125DF804BB704791F8152102704DF80A
:100F900004BDD1E946BCD1E94812C0E902BCC0E9B0
:100FA00004125DF804BB704791F8162102704DF8E9
:100FB00004BDD1E946BCD1E94812C0E902BCC0E990
:100FC00004125DF804BB7047FFF710BC38B5044647
:100FD0001620FDF765FA0EF057FE002847D016F0F0
:100FE00045FD294916F04AFE16F0E6F804F5AA6315
:100FF000C3E900011720FDF753FA0EF045FE002863
:101000003ED016F033FD16F0D7F804F5AC6545E98F
:1010100002011820FDF744FA0EF036FE68B316F010
:1010200025FD16F0C9F8C5E900011920FDF738FAC9
:101030000EF02AFEF0B116F019FD16F0BDF804F519
:10104000AE6343E902011C20FDF72AFA0EF01CFEF4
:10105000042828BF042084F8790594F87935DBB298
:1010600084F878352046BDE8384004F05DBC074977
:101070000020BBE706490020E1E706490020D2E74F
:1010800005490020C1E700BF0000C8420000F03F52
:1010900000005040000030400000104070B506468F
:1010A0005820FDF7FDF905460EF0EEFD002403463D
:1010B000681C63F307040EF0E7FD60F30F24A81C1F
:1010C0000EF0E2FD0346E81C63F317440EF0DCFD6E
:1010D00060F31F64204616F05DF8074B002216F0FF
:1010E000C3F806F5A063C3E90001304604F040FDF3
:1010F000BDE8704006F040BC0000B03F704700BF44
:1011000090F8F83408461BB91946C0B20FF0D4BAAB
:101110000121C0B20FF0D0BA08B50EF07FFD0EF07D
:101120007DFDBDE808400148FFF776BD4093FF1FF5
:1011300038B5044672B6D0E92E0116F045FBD4F856
:10114000B050401BC4F8C00062B672B6D4E950017A
:1011500016F03AFBD4F83851401BC4F8480162B687
:1011600038BD00BF72B6D0F8B030D0F8B4209B1AAA
:10117000C0F8C43062B672B6D0F83831D0F83C212D
:101180009B1AC0F84C3162B6704700BF80F8A010BF
:1011900080F82811704700BF10B5044672B6D0E938
:1011A0004001D4E96223C4E93E01C4E96023D4E9E3
:1011B0000A01D4E93E2316F057F8D4E96023C4E9C4
:1011C0003401D4E91E0116F04FF8C4E9560162B6A5
:1011D00010BD00BF2DE9F04719468246104606F0C3
:1011E00057FB06460F46DDE9080106F051FB0446B1
:1011F0000D4672B6164BDDE90A01002216F034F8EE
:10120000DAE904238046894616F02EF802460B469A
:101210003046394616F052F932463B4616F024F86D
:10122000DAE91823CAE92A014046494616F01CF8B3
:1012300002460B462046294616F040F922462B4628
:1012400016F012F8CAE94C0162B6BDE8F08700BF9B
:10125000000010402DE9F047824614461D4672B644
:10126000DDE90C232946C0E94223DDE908232046B5
:1012700016F024F9244F0026CAE93601CAE9386776
:10128000DAE93601DAE9382316F018F9CAE93A0141
:101290000E98DAE9368915F07DFF02460B46404686
:1012A000494616F00BF9DDE90C23CAE94601CAE903
:1012B0006423DAE936232046CAE93C232946DDE9DE
:1012C0000A2316F0FBF8CAE95801CAE95A67DAE9B5
:1012D0005801DAE95A2316F0F1F8CAE95C010F98CF
:1012E00015F058FFDAE9584502460B4620462946D4
:1012F00016F0E4F8CAE96801DAE95823CAE95E237E
:1013000062B6BDE8F08700BF00002040D0F884003E
:1013100043428B4204DC8842B4BF02200120704764
:101320000220704772B6D0F8B0300B60D0F8383178
:10133000136062B6704700BF70B505461E462B6D40
:101340001446A342059A084618DAC4EB43042B6BF3
:10135000C81A0223137015F01DFFD5E9042316F0F7
:10136000ADF8C6E90001204615F014FFD5E91823B1
:1013700016F0A4F8049BC3E9000170BD5942A142D4
:1013800005DD2344CC1A2B6BC01A0223E2E70123AC
:10139000E0E700BFF8B5044619461046D4E9042337
:1013A00015F062FF16F010FA099D9DF82070286074
:1013B000D4E91823DDE9060115F056FF16F004FA0A
:1013C0000A9E012F306015D9236DC0EB43003060B9
:1013D0002B68226B00E0A26813442B60226B514201
:1013E0008B42F8DB9A4205DAA2689B1A2B60226BCB
:1013F0009342F9DCF8BD00BF38B5044672B60B68FD
:10140000C0F8B4301368C0F83C310B68C0F8B03095
:101410001568C0F83851086815F0BCFEC4E92E0103
:10142000284615F0B7FEC4E9500162B638BD00BFCA
:101430002DE9F04104460F4616461D4672B6D0F817
:10144000B000D4F8388162B615F0A4FED4E90423C4
:1014500016F034F8C7E90001404615F09BFED4E9C8
:10146000182316F02BF800220023C6E90001C5E975
:101470000023BDE8F08100BF2DE9F043054685B0AB
:101480000C4672B6D1E90423D1E92E0116F016F804
:10149000D4E9182306460F46D4E9500116F00EF899
:1014A0008046894662B60EA3D3E90023304639460A
:1014B00015F0DAFE02460B46CDE90223404608A3AA
:1014C000D3E90023494615F0CFFE0022CDE9000103
:1014D0000023284609F0BCF9284605B0BDE8F08392
:1014E000000000A046DF913F08B50EF097FBBDE875
:1014F00008400EF093BB00BF01607047F8B5046868
:1015000004F5E06353E902670546D4F8280715F0AF
:1015100053FE32463B4615F0A7FE16F055F9C4F8C7
:101520002007D4F82C0715F047FE32463B4615F04D
:101530009BFE16F049F904F5EA6353E90267C4F823
:101540002407D4F8780715F037FE32463B4615F0ED
:101550008BFE16F039F9C4F87007D4F87C0715F043
:101560002BFE32463B4615F07FFE16F02DF9C4F8EF
:1015700074072420FCF794FF2B6844490446D3F8F1
:10158000280716F0C7FA16F0A1FCC6B207B220462B
:101590000EF07AFB864203D0314620460EF08EFBD9
:1015A000013420460EF070FBC7F30721814202D0C0
:1015B00020460EF083FB2620FCF772FF2B68334990
:1015C0000446D3F82C0716F0A5FA16F07FFCC6B235
:1015D00007B220460EF058FB864203D03146204623
:1015E0000EF06CFB013420460EF04EFBC7F30721D2
:1015F000814202D020460EF061FB2820FCF750FF0C
:101600002B6822490446D3F8780716F083FA16F0BF
:101610005DFCC6B207B220460EF036FB864203D010
:10162000314620460EF04AFB013420460EF02CFBDA
:10163000C7F30721814202D020460EF03FFB2A204B
:10164000FCF72EFF2B6811490446D3F87C0716F0EF
:1016500061FA16F03BFC054620460EF015FB2EB253
:10166000EDB2854203D0294620460EF027FB013417
:1016700020460EF009FBC6F30721814200D1F8BDD8
:101680002046BDE8F8400EF019BB00BF0000204125
:1016900010B52420FCF704FF04460EF0F5FA0F28DD
:1016A00003D00F2120460EF009FB013420460EF036
:1016B000EBFA272803D0272120460EF0FFFA262038
:1016C000FCF7EEFE04460EF0DFFAF12803D0F1211C
:1016D00020460EF0F3FA013420460EF0D5FAD82851
:1016E00003D0D82120460EF0E9FA2820FCF7D8FED6
:1016F00004460EF0C9FA0F2803D00F2120460EF041
:10170000DDFA013420460EF0BFFA272803D0272146
:1017100020460EF0D3FA2A20FCF7C2FE04460EF053
:10172000B3FAF12803D0F12120460EF0C7FA0134B4
:1017300020460EF0A9FAD82800D110BD2046D821A5
:10174000BDE810400EF0BABA2DE9F84310469146B4
:101750001F460E46FCF7A4FE04460EF095FA054619
:10176000601C0EF091FAEDB22C4960F30F25306C3D
:1017700016F0D0F916F0AAFB28498046706C16F0D6
:10178000C9F916F0A3FB2DB24545044601DB85429D
:1017900041DD4846FCF784FE05460EF075FA002F41
:1017A00008BF4446E1B281420FFA84F82FD10135D7
:1017B00028460EF069FAC8F30728804522D1002593
:1017C00020467FB115F0E6FCD6E9042315F04CFD68
:1017D000134B002215F072FE15F0F6FFF063284659
:1017E000BDE8F88315F0D6FCD6E9042315F03CFDDE
:1017F0000B4B002215F062FE15F0E6FFB0632846A1
:10180000BDE8F883414628460EF058FAD7E7284647
:101810000EF054FACBE72C460125D1E70000204119
:101820000000244001680023242201F5DD61FFF758
:101830008BBF00BF01680123262201F5DD61FFF7A0
:1018400083BF00BF01680023282201F5E761FFF78D
:101850007BBF00BF016801232A2201F5E761FFF782
:1018600073BF00BF08B50EF0D9F9BDE808400EF00F
:10187000D5B900BFF8B5044672B6D0F89807D4F8C9
:10188000206862B6D4F89C56ADB115F083FC04F51F
:10189000E06353E9022315F011FE94F889766FBBDB
:1018A00004F5D063D3E9002315F0DEFC15F08CFFBE
:1018B00072B6E86062B6D4F8BC56D5B1304615F0C1
:1018C00069FC04F5EA6353E9022315F0F7FD0B46C2
:1018D00094F8A916024669B91046194604F5D4646D
:1018E000D4E9002315F0C0FC15F06EFF72B6E86075
:1018F00062B6F8BD104603F10041EFE701F1004187
:10190000CEE700BF9DF80810029100F5DD60FFF7FB
:1019100041BD00BF00F5DD60FFF76EBDF8B50023E7
:101920000374044690F840350E46154672B600F52D
:10193000A063D3E9000105F0BBFF04F5F263D3E92E
:101940000C01C3E9120104F50163D3E90E01C3E9F7
:101950001401D4F89837C4F89C37D4F82038C4F868
:101960002438306815F016FC04F5F46306460F467B
:101970002868C3E9006715F00DFC04F5036343E92B
:10198000020162B62046BDE8F84002F039BD00BF52
:101990002DE9F04F89B000230446084617460D464E
:1019A000079309F0A1F8824628468B4609F098F87B
:1019B0001BA3D3E90023804689465046594615F0BB
:1019C00053FC02460B460DF11C0B0DF1180A029751
:1019D00016461F46404612A3D3E900234946CDF8D8
:1019E00010B0CDF80CA015F03FFC04F5DD65CDE995
:1019F00000013B4632462846FFF7CCFC5A4651468A
:101A00002846FFF7F9FC94F87C362BB90023012017
:101A1000E37009B0BDE8F08F2046FFF72BFFF5E734
:101A200000000020DCA54C4070B59CB004460E467A
:101A300001460AA81546FFF7A7FA0023089304F504
:101A40002273079304F5D87306930DF1280CBCE8B4
:101A50000F00EE46AEE80F009CE803008EE803009E
:101A60003146DDE9202310A808F08EFA2A4610A995
:101A70002046FFF78DFF1CB070BD00BF30B58FB0A2
:101A8000002304461546009300F5D87200F5227332
:101A900002A808F039FD2A4602A92046FFF778FF80
:101AA0000FB030BD90F87C3603B9704710B5D0F850
:101AB0009C3682B00446002B61D01A7C012A4BD997
:101AC00072B6D86862B615F065FB04F5D063D3E949
:101AD000002315F0F3FC0A4694F88916034609B171
:101AE00002F10042184604F5E063114653E902236F
:101AF00015F0BAFB15F068FED4F8BC360090002B48
:101B00003FD01A7C012A3ED972B6D86862B615F069
:101B100041FB04F5D463D3E9002315F0CFFC0A465A
:101B200094F8A916034609B102F10042184604F5DB
:101B3000EA63114653E9022315F096FB15F044FEC3
:101B400001AA0346694604F5DD600193FFF754FCE2
:101B50000023E37002B010BD72B61A68586811789D
:101B60001A7A007811405A7A10424BD09A7A02F0D1
:101B7000030209B142F0040242F0080248E01A46AA
:101B8000B0E71A46D2E772B61A68586811781A7A1E
:101B9000007811405A7A104208D09A7A02F0030273
:101BA00009B142F0040242F0080205E09A7A02F01C
:101BB000030209B142F004029108013AD86899720F
:101BC0000D2AA3D801A151F822F000BF6F1C01001B
:101BD000691C0100871C0100691C01000D1B01002C
:101BE000811C01006F1C01006F1C0100811C0100A1
:101BF0000D1B0100691C0100871C0100691C01000C
:101C00006F1C01009A7A02F0030209B142F004024B
:101C10009108013AD86899720D2A3FF653AF01A195
:101C200051F822F0631C01005D1C01007B1C0100C7
:101C30005D1C0100C51A0100751C0100631C010038
:101C4000631C0100751C0100C51A01005D1C010028
:101C50007B1C01005D1C0100631C01000138D86081
:101C600030E70130D8602DE70138D8604EE7013009
:101C7000D8604BE70238D86024E70230D86021E70B
:101C80000238D86042E70230D8603FE790F87C36EF
:101C900003B97047FFF7EEBD2DE9F04F90F87C6671
:101CA0008BB086B1A04B1A788A42044618D04A1EDF
:101CB000062A14D8DFE812F00C00FC0005010E0122
:101CC00017012001F300002528460BB0BDE8F08F76
:101CD000964ADFF85C924FF00008C2E9008919705B
:101CE0000029F0D072B6D4F89887D4F82038089339
:101CF00062B6D4F89C36002B00F0C5801A7C012A0D
:101D000040F2628172B6D86862B604F5D06915F007
:101D100041FAD9E9002315F0D1FB94F889260AB1DC
:101D200001F1004104F5E0650B46024655E9020168
:101D3000CDE9000115F098FA15F046FDD4F8BC364F
:101D40000790002B00F0A6801A7C012A40F2F68052
:101D500072B6D86862B604F5D46715F01BFAD7E9F5
:101D6000002315F0ABFB94F8A9260AB101F100415C
:101D700055E90223CDE9002304F5EA6502460B4646
:101D800055E90201CDE9020115F06EFA15F01CFDCE
:101D9000D9E9002309906649002015F08FFB02461F
:101DA0000B46CDE90423614BD3E900AB52465B46B9
:101DB00015F0D6FC08B1CDE904AB079BA8EB0300F6
:101DC0000028B8BF404215F0E5F9DDE90023804660
:101DD0008946DDE9040115F047FA02460B46404604
:101DE000494615F0C7FC002852D072B6079BC4F8CC
:101DF0009837D4F8980715F0CDF904F5F463C3E9E2
:101E0000000162B655E90223CDE90223474BD3E92D
:101E100000AB3546D7E900234549002015F04EFBBD
:101E200052465B468046894615F09AFC08B9C24680
:101E3000CB46089B099FD81B0028B8BF404215F02D
:101E4000A9F9DDE90223804689465046594615F036
:101E50000BFA02460B464046494615F08BFC00281B
:101E60003FF432AF72B6C4F82078D4F8200815F0E9
:101E700091F904F5036444E9020162B63546284647
:101E80000BB0BDE8F08F1846194604F5D06949E754
:101E90000546BFE71846194604F5D4676CE7234AA0
:101EA00019704FF000084FF00009C2E9008917E7E8
:101EB0001E4ADFF8809019704FF00008C2E90089CF
:101EC0000EE71A4ADFF8709019704FF00008C2E967
:101ED000008905E70FF23809D9E90089134A19701A
:101EE000C2E90089FCE60FF23009D9E900890F4AFE
:101EF0001970C2E90089F3E60FF22409D9E90089D3
:101F00000A4A1970C2E90089EAE600BFAFF300800F
:101F1000000000201111C13F000000201111B13F4D
:101F2000000000201111A13FF09BFF1FE89BFF1F45
:101F30000000F03F0000E03F0000D03F72B61A689A
:101F400011785A6810781A7A11405A7A104200F0C3
:101F500087809A7A02F0030209B142F0040242F04B
:101F600008029108013AD86899720D2A3FF6F2AE3C
:101F700001A151F822F000BFB71F0100B11F0100FD
:101F8000C31F0100B11F0100551D0100BD1F01004D
:101F9000B71F0100B71F0100BD1F0100551D010043
:101FA000B11F0100C31F0100B11F0100B71F0100D5
:101FB0000138D860CEE60130D860CBE60238D86070
:101FC000C8E60230D860C5E672B659681A68127859
:101FD0000878197A11405A7A104239D09A7A02F068
:101FE000030209B142F0040242F008029108013AEA
:101FF000D86899720D2A3FF687AE01A151F822F0F8
:102000003F200100392001004B2001003920010050
:10201000091D0100452001003F2001003F20010073
:1020200045200100091D0100392001004B2001005D
:10203000392001003F2001000138D86064E60130FA
:10204000D86061E60238D8605EE60230D8605BE6B0
:102050009A7A02F003020029C8D042F00402C5E7D0
:102060009A7A02F0030200293FF47BAF42F00402A7
:1020700077E700BF00F5DD60FFF7DAB9FFFFFFFF8C
:10208000D0B50E468AB0044608AB06AA04A906F5E8
:10209000DD60FFF7CDF9DDE9080111A3D3E90023E5
:1020A00015F0E2F80EA3D3E9002306460F46DDE95A
:1020B000040115F0D9F80AA3D3E90023CDE9020100
:1020C000DDE9060115F0D0F83246CDE900013B46C6
:1020D000204608F0BDFB20460AB0D0BDAFF300801B
:1020E000000000A046DF913FF0B59DB00C460546CC
:1020F00010A816461F46FFF7C3FF21460AA8FEF7A1
:1021000043FFCDE9066704F5227308930DF1280C0F
:10211000BCE80F00EE46AEE80F009CE8030004F5B3
:10212000B4728EE80300284610A908F0B5FC2846D2
:102130001DB0F0BDFFFFFFFF2DE9F0430C46D1F8C5
:10214000BC169DB0054616461F46002975D00B7C6F
:10215000012B40F2AD8072B6C86862B615F01AF86D
:1021600004F5D463D3E9002315F0A8F994F8A9C6BF
:10217000BCF1000F49D182A3D3E9002315F074F814
:1021800080468946D4F89C36002B4BD01A7C012A15
:1021900058D972B6D86862B614F0FCFF04F5D06363
:1021A000D3E9002315F08AF994F889C6BCF1000F31
:1021B0003BD173A3D3E9002315F056F8CDE9020112
:1021C00000220023CDE9008910A808F041FB214638
:1021D0000AA8FEF7D9FECDE9066704F52273089335
:1021E0000DF1280CBCE80F00EE46AEE80F009CE8AD
:1021F000030004F5B4728EE80300284610A908F025
:102200004BFC28461DB0BDE8F0835DA3D3E9002355
:1022100001F1004115F028F8D4F89C368046894633
:10222000002BB3D100200021C8E755A3D3E9002338
:1022300001F1004115F018F8C0E74FF000084FF029
:1022400000099FE772B61A6811785A6810781A7AEE
:1022500011405A7A10426BD09A7A02F00302002998
:102260007AD142F008029108013AD86899720D2A91
:1022700091D801A151F822F0532301004D23010010
:10228000652301004D230100972101006B2301000C
:1022900053230100532301006B2301009721010008
:1022A0004D230100652301004D230100532301004C
:1022B00072B60B681A784B6818780B7A1A404B7A0A
:1022C00018422DD08B7A03F00303002A47D143F044
:1022D00008039A08013BC8688A720D2B3FF63DAF90
:1022E00001A252F823F000BF47230100412301005F
:1022F00077230100412301005B21010071230100CC
:102300004723010047230100712301005B210100E5
:1023100041230100772301004123010047230100ED
:102320008B7A03F00303002AD3D043F00403D0E7F1
:102330009A7A02F00302002995D042F0040292E753
:102340000138C86009E70130C86006E70138D86085
:1023500021E70130D8601EE742F0040281E743F034
:102360000403B4E70230D86015E70238D86012E7FA
:102370000238C860F1E60230C860EEE6AFF30080D4
:10238000000000A046DF913FF0B59DB00C46054629
:1023900001F5DD6110A816461F46FFF76DF82146CE
:1023A0000AA8FEF7F1FDCDE9066704F5227308934C
:1023B0000DF1280CBCE80F00EE46AEE80F009CE8DB
:1023C000030004F5B4728EE80300284610A908F053
:1023D00063FB28461DB0F0BD30B59BB00C460546EA
:1023E0000EA8FFF74DFE214608A8FEF7DDFD04F517
:1023F000227306930DF1200CBCE80F00EE46AEE808
:102400000F009CE8030004F5B4728EE80300284630
:102410000EA908F091FA28461BB030BDFFFFFFFF60
:10242000F0B591F87C369BB00546002B61D0D1F811
:10243000BC360C46002B71D01A7C012A79D972B6B1
:10244000D86862B614F0A6FE04F5D463D3E900237D
:1024500015F034F80B4694F8A916024610460029E8
:102460004CD119467EA3D3E9002314F0FDFE0646A5
:102470000F46D4F89C36002B4DD01A7C012A6BD91C
:1024800072B6D86862B614F085FE04F5D063D3E95D
:10249000002315F013F894F889C6BCF1000F40D161
:1024A0006FA3D3E9002314F0DFFECDE9020100227F
:1024B0000023CDE900670EA808F0CAF9214608A854
:1024C000FEF772FD04F5227306930DF1200CBCE8B3
:1024D0000F00EE46AEE80F009CE8030004F5B4726E
:1024E0008EE8030028460EA908F026FA28461BB0FD
:1024F000F0BDFFF771FF28461BB0F0BD03F10041AE
:1025000057A3D3E9002314F0AFFED4F89C36064657
:102510000F46002BB1D100200021C6E7002600277E
:10252000A7E74FA3D3E9002301F1004114F09CFE7B
:10253000BBE772B619681A7A097811405A681078A0
:102540005A7A104248D09A7A02F0030209B142F056
:10255000040242F0080245E072B61A6811785A681F
:1025600010781A7A11405A7A104208D09A7A02F0FA
:10257000030209B142F0040242F0080205E09A7A2F
:1025800002F0030209B142F004029108013AD8684E
:1025900099720D2A3FF676AF01A151F822F000BFE3
:1025A000432601003D2601005B2601003D26010077
:1025B0008524010055260100432601004326010021
:1025C00055260100852401003D2601005B260100FF
:1025D0003D260100432601009A7A02F0030209B168
:1025E00042F004029108013AD86899720D2A3FF628
:1025F00028AF01A151F822F0372601003126010051
:102600004F26010031260100432401004926010024
:102610003726010037260100492601004324010026
:10262000312601004F260100312601003726010026
:102630000138D86005E70130D86002E70138D8607A
:1026400020E70130D8601DE70238D860F9E6023093
:10265000D860F6E60238D86014E70230D86011E797
:10266000000000A046DF913F2DE9F04F8BB00E46F1
:10267000149FDDF854800397CDF8108019780291EB
:102680001546D5E900BCDDF858E0089300F5DD6398
:102690009DF860A00793044618469DF85C300693A9
:1026A00004F59479D6E90023CDE900BC8EF800103A
:1026B000CDF824E0FEF76EFED8F8002039685346C6
:1026C000484600F04BFF20B9069B13B1617D0229FB
:1026D00002D00BB0BDE8F08F089B07981B78CDF8AF
:1026E0001080012B18BF012102910397D5E9004505
:1026F000D6E90023099E3170CDE90045FEF74AFE78
:10270000D8F800203968534648460BB0BDE8F04F72
:1027100000F024BF30B590F8F83583B001910092F5
:10272000E3B1044602F0E8FC78BB94F899358BB924
:1027300094F8C93559B26BB92378012B23D894F892
:10274000F854AB1F012B16D965B10A35EDB22846F6
:1027500003B030BD0725284603B030BD0B25284601
:1027600003B030BD2046E5706A4601A9FFF7D6F8F0
:10277000284603B030BD204602F0E0FC94F8F8543F
:10278000002DE2D1EEE70425E5E7204602F0E2FC69
:102790000525E0E7FFFFFFFF82B02DE9F0419AB089
:1027A0000021044620AD0020CDE90A01CDE90C014D
:1027B0004FF00008284685E80C00CDF824808DF8FD
:1027C0001F8008F02DF842A3D3E9002314F04CFD3C
:1027D0000646D4F828010F4614F0DCFC3EA3D3E9EA
:1027E000002314F089FB32463B4614F0CDFF00284D
:1027F00055D10546D4F82C0114F0CCFC36A3D3E90E
:10280000002314F07BFB32463B4614F09FFF064644
:1028100000283CD104F5227304F5D872009020A959
:102820000EA807F071FE0EA808F05EF928A3D3E900
:10283000002314F019FD02460B460EA8CDE90A2329
:1028400008F04EF922A3D3E9002314F00DFD012373
:1028500003930DF11F03029309AB019308ABCDE97C
:102860000C01009304962EAB0CAA0AA92046FFF790
:10287000FBFE18B3DDE908122046FFF74BFFB0B9A5
:1028800094F8403533B9022384F8403502E084F8E7
:10289000405508201AB0BDE8F04102B07047012051
:1028A00084F840851AB0BDE8F04102B0704784F862
:1028B00040651AB0BDE8F04102B0704784F84005A9
:1028C00006201AB0BDE8F04102B07047AFF30080B7
:1028D00000000020DCA54C40000000E0E2361A3F7A
:1028E00082B070B5A2B00146044626A880E80C006C
:1028F0000EA89DF8C860FEF747FB0DF1380CBCE848
:102900000F00EE46AEE80F009CE803008EE80300DF
:1029100014ADDDE9342326A9284607F0CDFA0C963C
:102920000DF1580EBEE80F00EC46ACE80F00BEE813
:102930000F00ACE80F009EE80F008CE80F00204667
:1029400095E80C00FFF728FF38B9012384F84035DB
:1029500022B0BDE8704002B07047002384F84035D3
:1029600022B0BDE8704002B0704700BFFFFFFFFF1C
:102970002DE9F04F00F5947599B0044600230BAA99
:102980000AA928468DF8273004F5DD6A00F032FEEA
:102990000DF1270212AB01920093DDE90A1210AB90
:1029A0005046FEF7C9FC204602F0B8FB0DAB04937D
:1029B0000CAB0393DDE9122301280CBF4FF0020B8F
:1029C0004FF0010BCDE900235046DDE91023CDF88F
:1029D00008B0FEF7DFFCDDE90C120123284600F009
:1029E000BDFD18B9062019B0BDE8F08F16AA14A9CC
:1029F00028460C9F0D9E00F0FDFD149BA7EB0309DC
:102A0000169BB9F1000FA6EB030804F5D863D3E9D0
:102A10000023B8BFC9F10009A3A1D1E90001B8F1B1
:102A2000000FB8BFC8F1000814F048FD04F5DA63E0
:102A3000D3E9002306460F469BA1D1E9000114F01B
:102A40003DFD9BA3D3E90023CDE90601304639467D
:102A500014F07CFE10B196A7D7E9006794A3D3E9E0
:102A60000023DDE9060114F071FE20B190A3D3E943
:102A70000023CDE90623484614F08CFB32463B4642
:102A800014F01CFD064640460F4614F083FBDDE9BA
:102A9000062314F013FD8046894602460B46304655
:102AA000394614F071FE002800F0AE80844B0022FD
:102AB0003046394614F04AFE00283FD1814B0022AF
:102AC0003046394614F060FE002800F0C68094F8C5
:102AD0000A357D494FF07060002B36D1DDE91223B5
:102AE000DDE91067CDE90623CDE91467CDE91623AA
:102AF0000DF13C08DDE906230EA9CDE9002350467F
:102B000032463B460391CDF81080CDF808B0FEF771
:102B100041FCDDE90E120123284600F01FFD0028CC
:102B20003FF460AFDDE90E120123284600F01CFCE3
:102B300000286CD1112019B0BDE8F08F94F80A3547
:102B40005DA1D1E90001002BC8D0604B002214F038
:102B50008BFBDDE91023CDE91423DDE91223CDE958
:102B600016238046894672B604F5F461D1E9000166
:102B700004F5F86353E90223CDE9060140464946CE
:102B800014F072FB11F0F8F90B46024649469946DB
:102B900004F5046340469046D3E9002314F064FB37
:102BA00004F5036656E9026711F0E6F962B6002300
:102BB0008DF83C3014F008FE14F0ECFA32463B4637
:102BC00014F09CF914F000FE49460646404614F005
:102BD000FBFD14F0DFFADDE9062314F08FF914F0A1
:102BE000F3FD0DF13C0816AB324601460093CDF8DB
:102BF000048014AB5046FEF79FFBDDE91623DDE9A8
:102C00001467CDE9062375E746464F464EE7DDE9F2
:102C10000E120123284600F023FBA8B1204602F043
:102C20007DFA584517D094F8F834063B012B0DD99E
:102C3000DDE90C122046FFF76DFD00287FF4D3AECE
:102C4000032384F84035CEE61020CCE60021204650
:102C500002F074FAECE70320C5E61D4B3046394616
:102C60004FF0804214F000FB94F80A35002B3FF43B
:102C700035AF164B002214F0F7FADDE91223DDE937
:102C80001067CDE90623CDE9162300220023CDE904
:102C900014678046894614F04FFD00283FF463AF67
:102CA0000DF13C0826E700BF0000000080842E41A3
:102CB000000000E00B2E113E000000403333E33FE4
:102CC0000000E03F00C08240008086400000594084
:102CD0003333F33F08B50CF0A1FFBDE808400CF01A
:102CE0009DBF00BF30B4074DC0F8A81000240022DB
:102CF000C0E91245C0E91E4580F8502030BC80F87C
:102D0000802070470000F03F0278012AD3B206D03D
:102D10000078A0F10200B0FA80F040097047184630
:102D2000704700BF38B5D0F8A83093F8F8240446AF
:102D3000002A60D1826E12BBA26B002A00F0A6802E
:102D400094F85120022A00F08D8094F85120FE2A38
:102D500000F0888064490020C4E912010023A363C5
:102D600094F88130022B2DD094F88130FE2B29D09D
:102D70005D4900230020C4E91E01A36638BD94F814
:102D80005120022A03D094F85120FE2AE2D1A26BEE
:102D9000002A67D172B694F85130022B04BF012388
:102DA00084F8513094F85130FE2B04BFFF2384F88F
:102DB00051304D4B0022C4E9122362B694F88130A1
:102DC000022BD1D1A36E002B37D0D4F8A83093F8C2
:102DD000803803F0FF05002B7DD10DF0DDFCD4E938
:102DE0001A23C11A91429CBF9B181D1AA5660DF0AB
:102DF000D3FCE06638BD00238363836672B690F827
:102E00005130022B04BF012380F8513090F851302B
:102E1000FE2B04BFFF2380F8513090F88130022B45
:102E200004BF012380F8813090F88130FE2B02D15D
:102E3000FF2380F8813062B638BD72B694F88130D5
:102E4000022B04BF012384F8813094F88130FE2BDB
:102E500004BFFF2384F88130234B0022C4E91E23E2
:102E600062B638BD93F8F83703F0FF05002B36D172
:102E70000DF092FCD4E90E23C11A91429CBF9B181D
:102E80001D1AA5630DF088FCE06369E772B694F83B
:102E90005130022B04BF012384F8513094F8513093
:102EA000FE2B04BFFF2384F8513094F88130022BAD
:102EB00004BF012384F8813094F88130FE2B04BFD5
:102EC000FF2384F88130084B0022C4E91223C4E9AF
:102ED0001E2362B6B0E70DF05FFCE06638BD0DF072
:102EE0005BFCE0633CE700BF0000F03FD0F8A83097
:102EF00093F8F8242DE930480446002A5BD190F875
:102F00005120022A0DD094F85120FE2A09D094F8BD
:102F10008130022B2AD094F88130FE2B26D0BDE8D8
:102F2000308893F8F837002BF1D172B6D4E916BC8B
:102F300094F851305BB2002B07DC94F851301A063C
:102F40005FD44FF0000B4FF0000CD4F8A85005F5FB
:102F5000F465D5E900015A46634613F0CFFFC5E991
:102F6000000162B694F88130022BD4D1D4F8A83095
:102F700093F88038002BD2D172B6D4E922BC94F8F1
:102F800081305BB2002B07DC94F881301B0634D40F
:102F90004FF0000B4FF0000CD4F8A84004F5036488
:102FA00054E902015A46634613F0A8FF44E90201BE
:102FB00062B6BDE8308800238363836672B690F8FA
:102FC0005130022B04BF012380F8513090F851306A
:102FD000FE2B04BFFF2380F8513090F88130022B84
:102FE00004BF012380F8813090F88130FE2BDFD1BF
:102FF000FF2380F8813062B6DBE70CF100439C468A
:10300000CAE70CF100439C469FE700BF90F851309F
:10301000022B2DE93048044632D090F85130FE2B77
:103020002ED094F88130022B05D094F88130FE2BFD
:1030300001D0BDE83088D4F8A83093F88038002B50
:10304000F7D172B6D4E922BC94F881305BB2002B80
:1030500007DC94F881301B063AD44FF0000B4FF098
:10306000000CD4F8A84004F5036454E902015A4660
:10307000634613F043FF44E9020162B6BDE83088BD
:10308000D4F8A83093F8F837002BCAD172B6D4E937
:1030900016BC94F851305BB2002B07DC94F8513029
:1030A0001A0611D44FF0000B4FF0000CD4F8A850C2
:1030B00005F5F465D5E900015A46634613F01EFF95
:1030C000C5E9000162B6ACE70CF100439C46EDE7B0
:1030D0000CF100439C46C4E7D0F8A83093F8F824DC
:1030E0002DE930480446002A5BD190F85120022A8D
:1030F0000DD094F85120FE2A09D094F88130022B8B
:103100002AD094F88130FE2B26D0BDE8308893F881
:10311000F837002BF1D172B6D4E916BC94F85130CF
:103120005BB2002B07DC94F851301A065FD44FF0E5
:10313000000B4FF0000CD4F8A85005F5F465D5E964
:1031400000015A46634613F0D9FEC5E9000162B694
:1031500094F88130022BD4D1D4F8A83093F8803879
:10316000002BD2D172B6D4E922BC94F881305BB284
:10317000002B07DC94F881301B0634D44FF0000B91
:103180004FF0000CD4F8A84004F5036454E90201A0
:103190005A46634613F0B2FE44E9020162B6BDE846
:1031A000308800238363836672B690F85130022B17
:1031B00004BF012380F8513090F85130FE2B04BF3A
:1031C000FF2380F8513090F88130022B04BF012397
:1031D00080F8813090F88130FE2BDFD1FF2380F81A
:1031E000813062B6DBE70CF100439C46CAE70CF184
:1031F00000439C469FE700BF0278B2B172B60F4A07
:10320000116862B6D2F814C061450ED090F800C0C3
:103210005161BCF1010F09D00278022A08D002786E
:10322000032A07D00378042B06D07047FFF77ABD36
:10323000FFF75CBEFFF7EABEFFF74EBF7891FF1FB6
:1032400008B50CF0EBFCBDE808400CF0E7BC00BF93
:10325000C161704780687047C0687047FFFFFFFF1B
:103260002DE9F843044688461546002B3CD1D0E9A9
:103270000467E469294604F5DD60FEF747F8012894
:103280003CD002282DD1404613F084FF8046D4F86C
:10329000E806894613F07EFF02460B463046394663
:1032A00016461F4600222E4B13F026FE04F5DE6460
:1032B0002C4B002213F0D8FFD4E9022313F0D4FFE3
:1032C00002460B463046394613F016FE02460B46C0
:1032D0004046494614F058FA003818BF0120BDE8AE
:1032E000F8830020BDE8F8831BA3D3E90023D0E9CD
:1032F000040113F003FE06460F46BAE7404613F0FA
:1033000049FF02460B463046394616461F46002204
:10331000134B13F0F1FD134B002213F0A5FF04F53E
:10332000DE63D3E9022313F09FFF8046D4F8E8065A
:10333000894613F02FFF02460B464046494613F0DC
:10334000DDFD02460B463046394614F0FFF90038E1
:1033500018BF0120BDE8F883000000605555B53F57
:103360000000184000002E402DE9F04FD0F81CA0BE
:10337000074685B08B460AF5DD60114615461E46A8
:10338000FDF7C4FF0446F868002E46D113F002FF93
:103390008046B868894613F0FDFE012C6DD0022CE2
:1033A00037D16B4B00224046494614F087F8694BF1
:1033B000002213F059FF0AF5DE6402460B46584618
:1033C000CDE9002313F0E6FE06460F46DAF8E806DC
:1033D000DAF81C17084413F0DDFEDDE9002380460F
:1033E000894610461946D4E9022313F03DFF0246F0
:1033F0000B464046494613F081FD02460B463046D7
:10340000394614F0A3F9003818BF012005B0BDE813
:10341000F08F002005B0BDE8F08F053013F0BAFE44
:103420008046B86889460530CDE9008913F0B2FEC0
:10343000BB69B32B06460F46AFDC012C53D0022CE0
:10344000E7D12846039313F0A5FE039B06460AF531
:10345000DE6403F15A000F4613F09CFED4E91623F4
:1034600013F002FF02460B463046394614F08CF941
:10347000002860D0384B0022A1E7354B002214F021
:103480001DF8344B002213F0EFFE0AF5DE6402460D
:103490000B465846CDE9002313F07CFE06460F4646
:1034A000DAF8E806DAF81C17401A13F073FEDDE9C3
:1034B00000238046894610461946D4E9022313F0BA
:1034C000D3FE02460B464046494613F015FD024620
:1034D0000B463046394614F057F9003818BF012022
:1034E00005B0BDE8F08F2846009313F053FE009B13
:1034F00080460AF5DE64C3F15A00894613F04AFE9D
:10350000D4E9162313F0B0FE02460B464046494666
:1035100014F01CF910B1104B0022BAE70C4B00223A
:103520003046394613F0CAFF0A4B002213F09CFEC6
:1035300002460B46ADE7064B0022DDE9000113F021
:10354000BDFF044B002213F08FFE02460B4636E708
:1035500000004E4000002E40008056402DE9F04112
:1035600004460E46C06917461D4693B9D0F8203769
:103570008B4202DD0020BDE8F081D0F824378B4279
:10358000F8DBD0F870379342F4DCD0F8743793420C
:10359000F0DB01F0D7FD30B9E3699A7D012A08D04C
:1035A0005B7D022B02D00120BDE8F081002DFAD115
:1035B0000DE0002DF7D12B463A4631462046FFF765
:1035C0004FFE0028D6D0E3695B7D022BEBD13A4653
:1035D000314620460023BDE8F041FFF7C5BE00BFDD
:1035E0000023FFF7BBBF00BFC06900F5DD60FDF73A
:1035F0008DBE00BFC06900F5DD60FDF793BE00BF62
:103600002DE9F0410446C06900F69800FEF70AF97A
:10361000E369064603F69800FEF70CF9E369D3F870
:103620002477D3F820270546974203F69800D4BFA5
:1036300000270127FEF706F98046E06900F69800AA
:10364000FEF708F9E169D1F87427D1F870379A428A
:10365000D4BF002707F001073E40354018EA050FA8
:1036600002D008B1BDE8F081BDE8F04101F6980054
:10367000FDF744BFC06900F69800FDF73FBF00BFEB
:10368000C06900F69800FEF703B800BFC06900F6F5
:103690009800FEF7C7B800BFC06900F69800FEF7B3
:1036A000C9B800BFC06900F69800FEF7CBB800BFEC
:1036B000C06900F69800FEF7CDB800BF08B50CF061
:1036C000ADFABDE808400CF0A9BA00BF2DE9F047FB
:1036D00004469A4690F8008090F8F8540E46174633
:1036E00001F00AFD94F848352BB194F84835042BC5
:1036F00001D0BDE8F08758EA050580F0010000F030
:10370000010518BF0025002DF3D0737E5BB2002B9E
:1037100045DC737E1B06D6E902894FD4737E9BB1CC
:10372000384651460022002314F02EF8003818BF06
:103730000120A84208D000224FF08043404649466D
:1037400014F022F8002843D12AF0004538464246BA
:103750004B46294613F0F0FF70B93A462B46C6E9AE
:10376000022372B6B36AD3E90001D6E9022313F04B
:103770007BFDC6E9080162B601233376042384F891
:103780004835384651460022002313F0FDFF90B122
:10379000022373760023E3703360BDE8F087D6E937
:1037A0000289002200234046494613F0E3FF051E2C
:1037B00018BF0125B2E7FE237376EBE70022002352
:1037C0004046494613F0CCFF051E18BF0125A5E76A
:1037D00094F8F835002B8CD0737E022B02D0737EC8
:1037E000FE2B86D1737E022B04BF01237376737E7A
:1037F000FE2B7FF47EAFFF2373767AE7032B2DE950
:10380000F84390F8008004461E460D46174603D044
:1038100090F8F834002B44D1204601F06DFC94F868
:10382000483580F00100B8F1000F14BF002000F00F
:10383000010083BB98B3D5E90289002200234046EA
:10384000494613F079FF10B16B7E002B3DD16B7EA2
:103850006A7E5BB25AB1B7EBD37F08D04046494687
:1038600000224FF0804313F08FFF00283ED1022E3C
:1038700038D0032E1FD094F878150022204601F08E
:1038800077FF84F84865EFB1FE236B760023E37081
:103890002B60BDE8F88394F848359E42CAD0BDE855
:1038A000F88301F029FC94F84835002BF7D094F800
:1038B0004835BDE8F883204602F030F884F84865C2
:1038C000002FE1D102236B76E0E772B66B7E022B0C
:1038D00001D101236B766B7EFE2B04BFFF236B7639
:1038E00062B6DCE7204602F015F8CAE794F8F8352E
:1038F000002BD4D06B7E022B02D06B7EFE2BCED160
:103900006B7E022B04BF01236B766B7EFE2BC6D130
:10391000FF236B76C3E700BF10B490F8F84534B1CD
:10392000134610BC0A4600F5B061FFF767BF10BC34
:10393000704700BF90F8F81559B3D0B516461F462A
:103940000446002200233046394613F0F5FE40B904
:1039500032463B4604F5B0612046BDE8D040FFF753
:10396000B5BE94F89935022B04D094F89935FE2B06
:1039700000D0D0BD94F89935022B04BF012384F800
:10398000993594F89935FE2BF3D1FF2384F89935B6
:10399000D0BD704790F8F8353BB190F89935022BBF
:1039A00004D090F89935FE2B00D0704790F89935E7
:1039B000022B04BF012380F8993590F89935FE2B2E
:1039C00004BFFF2380F89935704700BF10B490F80A
:1039D000F84534B1134610BC0A4600F5B661FFF74E
:1039E0000DBF10BC704700BF90F8F81559B3D0B5A3
:1039F00016461F460446002200233046394613F07F
:103A00009BFE40B932463B4604F5B6612046BDE810
:103A1000D040FFF75BBE94F8C935022B04D094F870
:103A2000C935FE2B00D0D0BD94F8C935022B04BF98
:103A3000012384F8C93594F8C935FE2BF3D1FF234F
:103A400084F8C935D0BD704790F8F8353BB190F88F
:103A5000C935022B04D090F8C935FE2B00D0704731
:103A600090F8C935022B04BF012380F8C93590F8BE
:103A7000C935FE2B04BFFF2380F8C935704700BF4E
:103A800008B50CF0CBF8BDE808400CF0C7B800BF93
:103A900090F92836012210B502755A1ED2B2032AB7
:103AA00004461ED84C48D4F8181650F82220023B81
:103AB000914228BF1146022B00F28280DFE803F01A
:103AC0006A5A0200084613F055FB41A3D3E90023CC
:103AD00013F0F4FC13F0A0FE81B2D4F8380609F01C
:103AE000D3F994F968365A1ED2B2032A00D910BD10
:103AF0003948D4F8581650F82220023B914228BF8A
:103B00001146022B56D8DFE803F0130224000846C2
:103B100013F030FB2EA3D3E9002313F0CFFC13F0F6
:103B20007BFE81B2D4F87406BDE8104009F0ACB851
:103B3000084613F01FFB26A3D3E9002313F0BEFCB5
:103B400013F06AFE81B2D4F87006BDE8104009F0A7
:103B50001BBA084613F00EFB1DA3D3E9002313F094
:103B6000ADFC13F059FE81B2D4F87806BDE81040E0
:103B700009F08AB9084613F0FDFA15A3D3E900232A
:103B800013F09CFC13F048FE81B2D4F8340609F01F
:103B90007BF8A6E7084613F0EDFA0DA3D3E900235E
:103BA00013F08CFC13F038FE81B2D4F8300609F023
:103BB000EBF996E7D4F86C06BDE8104008F010B9B0
:103BC000D4F82C0608F00CF98BE700BFAFF30080A7
:103BD000CD3B7F669EA0F63FEC0E0300FFFFFFFF8C
:103BE0002DE9F04F037C8DB00446ABB1B34BC168F7
:103BF0001B680A9382680A9B4FF47A705B1A00FB79
:103C000002F29A4294F8401503D20023237484F8F8
:103C100040350DB0BDE8F08F00F5DD673846FDF7A3
:103C2000A1FAD4F8AC37002B00F07782002BB8BF94
:103C30005B420493D4F83438002B00F06C82002BE4
:103C4000B8BF5B42DFF878A2059304F5F26504F58E
:103C5000016612E1002BB8BF5B420693D4F83038FE
:103C6000002B00F01981002BB8BF5B422046079360
:103C700001F068FA00284CD172B6D4F820380893C5
:103C800062B6089BDAF8008043453FD02046DDF855
:103C9000209001F043FA8B4BA0F1020B0022D3E9F4
:103CA0000201002313F066FDBBFA8BFB00384FEADC
:103CB0005B1B18BF0120834500F00881C84540F315
:103CC000088172B6D4F8280113F064FA04F59E68EE
:103CD00002460B46D8E9000113F00EF904F5EA6339
:103CE00053E9022313F0C0FA774B0022804689463D
:103CF00013F040FD002800F00A824046494613F0C8
:103D000063FD079B834200DD079062B6089BCAF8FB
:103D1000003094F83035002B00F0008172B6D5E900
:103D2000040113F051FDD4F89837C01AC4F8A8075D
:103D300062B6D5E91223D5E9180113F0BFFB02469C
:103D40000B4613F091FAD5E90023804689461046C8
:103D5000194613F0D3F80B4602464946404613F085
:103D6000ADFB13F031FDD4F8A837002BB8BF5B4290
:103D70008342804610DDD4F8A837002BB8BFC0F1CD
:103D8000000872B6D4F89807404413F003FAC5E966
:103D90000401C4F8A88762B694F89935022B04BFD1
:103DA000012384F8993594F89935FE2B04BFFF233D
:103DB00084F8993572B6D6E9060113F005FDD4F8FA
:103DC0002038C01AC4F8300862B6D6E91423D6E900
:103DD0001A0113F073FB02460B4613F045FAD6E9BD
:103DE0000223804689461046194613F087F80B4691
:103DF00002464946404613F061FB13F0E5FCD4F857
:103E00003038002BB8BF5B428342804610DDD4F8C7
:103E10003038002BB8BFC0F1000872B6D4F82008C3
:103E2000404413F0B7F9C6E90601C4F8308862B619
:103E300094F8C935022B04BF012384F8C93594F8DE
:103E4000C935FE2B04BFFF2384F8C9352378012B25
:103E500024D023793BB194F8093584F80A3503233B
:103E600063740023237194F87D34022B04BF012373
:103E700084F87D34002384F830353846FDF758F94E
:103E8000D4F8A837002B7FF4E5AE01230693D4F8CD
:103E90003038002B7FF4E7AE0123E7E694F80935CC
:103EA00084F80A3500232370032363740A20FAF789
:103EB000F7FA21780BF002FFD5E700BF34A0FF1F0F
:103EC000F49BFF1FF892FF1F0000F03FC8457FF7EB
:103ED000F8AE72B6D4F8280113F05CF904F59E68C8
:103EE00002460B46D8E9000113F006F804F5E0633A
:103EF00053E9022313F0B8F9A74B00228046894604
:103F000013F038FC002800F004814046494613F0C5
:103F10005BFC069B8342C8BF0690F6E6049A069BAC
:103F20009A42B4BF049B069B0993D4F8A837002B90
:103F300002DA099B5B42099372B604F5D863D3E9B0
:103F4000000104F5DA6A94F80A75099ACDE90201CC
:103F50005AE90201002ACDE90001FFB20998C0F236
:103F60001D8113F017F9D5E9008902460B4612F0BE
:103F7000C5FF42464B4613F077F90FF059F9024658
:103F80000B46D5E90C0113F06FF9D5E9182313F0AE
:103F900095FA804689462FB1D5E9142312F0AEFF79
:103FA0008046894629F0004779A3D3E9002340469B
:103FB000394613F0CBFB38B1099B002BB8BF5B42ED
:103FC000B3F57A7F00F31E81404649460022002364
:103FD00013F0B2FB002800F0BF80DDE90023C5E943
:103FE000122362B6059A079B9A42B4BF059B079BB2
:103FF0000993D4F83038002B02DA099B5B4209930D
:1040000072B6DAE9000194F80A75099A04F5DC63DE
:10401000002ACDE9000153E902AB0998FFB2C0F2D2
:10402000CF8013F0B7F8D6E9028902460B4612F0AA
:1040300065FF42464B4613F017F90FF0F9F80246B8
:104040000B46D6E90E0113F00FF9D6E91A2313F047
:1040500035FA804689462FB1D6E9162312F04EFF75
:104060008046894629F0004749A3D3E9002340460A
:10407000394613F06BFB38B1099B002BB8BF5B428C
:10408000B3F57A7F00F3AE80404649460022002314
:1040900013F052FB002842D0C6E914AB62B6237875
:1040A000012B03D02279002A00F0CC80D4F8A82775
:1040B000002A7FF4AEADD4F83028002A7FF4A9ADF1
:1040C0002279002A40F0E880012B00F0E980E378B3
:1040D0001BB92378022B7FF49CAD04F5A063D3E9D0
:1040E000000103F0E5FB72B6D5E90C23C5E9122304
:1040F000D6E90E23C6E9142362B6237D002B7FF494
:1041000088AD20460DB0BDE8F04FFFF7C1BC0120DF
:10411000F7E50120FDE6012394E5012389E5424608
:10412000D6E90E013B4613F0C9F98046894602469E
:104130000B465046594613F027FB00287FD0DDE997
:1041400000AB42464B465046594613F009FB002847
:1041500070D0C6E91489A1E74246D5E90C013B4677
:1041600013F0ACF98046894602460B46DDE90001B2
:1041700013F00AFB00285AD0DDE9020142464B4603
:1041800013F0EEFA00284DD0C5E9128929E700BFE7
:1041900000000040E17A843F0000F03F404212F00E
:1041A000F9FFD5E9008902460B4612F0A7FE424608
:1041B0004B4613F059F80FF03BF801F10041DEE6F1
:1041C000404212F0E7FFD6E9028902460B4612F0A0
:1041D00095FE42464B4613F047F80FF029F801F1DF
:1041E00000412CE7D6E90E01DDE9002313F066F962
:1041F000099B002B8946D8BF01F10049804629F070
:10420000004741E7D5E90C01DDE9022313F056F937
:10421000099B002B8946D8BF01F10049804629F04F
:104220000047D1E6DDE90289C5E91289D9E6DDE971
:104230000089A1E7D046D946C6E914892EE7D046C1
:10424000D9467CE7D5E90A03D4F8A87723F00041E2
:10425000002FB8BF7F4213F0B7FA002808BF012033
:1042600087423FF7D6ACD6E90C03D4F8307823F078
:104270000041002FB8BF7F4213F0A6FA031E08BF0B
:1042800001239F423FF7C5AC074B1B680B930B9B69
:10429000E3600122227420E72046FCF759FE16E76E
:1042A0002046FCF735FE12E734A0FF1FFFFFFFFF9B
:1042B000037D03B1704790F928365A1ED2B201210E
:1042C000032A10B5044601751ED84B48D4F81816B9
:1042D00050F82220023B914228BF1146022B00F2E7
:1042E0008280DFE803F06A5A0200084612F042FFBB
:1042F0003FA3D3E9002313F0E1F813F08DFA81B264
:10430000D4F8380608F0C0FD94F96836D4F8581689
:104310005A1ED2B2032A00D910BD374850F82220C5
:10432000023B914228BF1146022B56D8DFE803F02A
:1043300013022400084612F01DFF2DA3D3E9002329
:1043400013F0BCF813F068FA81B2D4F87406BDE833
:10435000104008F099BC084612F00CFF24A3D3E9E2
:10436000002313F0ABF813F057FA81B2D4F87006BB
:10437000BDE8104008F008BE084612F0FBFE1CA382
:10438000D3E9002313F09AF813F046FA81B2D4F877
:104390007806BDE8104008F077BD084612F0EAFE46
:1043A00013A3D3E9002313F089F813F035FA81B28F
:1043B000D4F8340608F068FCA6E7084612F0DAFEE6
:1043C0000BA3D3E9002313F079F813F025FA81B297
:1043D000D4F8300608F0D8FD96E7D4F86C06BDE8AE
:1043E000104007F0FDBCD4F82C0607F0F9FC8BE771
:1043F000CD3B7F669EA0F63FEC0E0300FFFFFFFF64
:10440000037D03B9704790F928365A1ED2B20021B5
:10441000032A10B5044601751ED84B48D4F810166F
:1044200050F82220023B914228BF1146022B00F295
:104430008280DFE803F06A5A0200084612F09AFE12
:104440003FA3D3E9002313F039F813F0E5F981B263
:10445000D4F8380608F018FD94F96836D4F85016E8
:104460005A1ED2B2032A00D910BD374850F8222074
:10447000023B914228BF1146022B56D8DFE803F0D9
:1044800013022400084612F075FE2DA3D3E9002381
:1044900013F014F813F0C0F981B2D4F87406BDE833
:1044A000104008F0F1BB084612F064FE24A3D3E9E3
:1044B000002313F003F813F0AFF981B2D4F87006BB
:1044C000BDE8104008F060BD084612F053FE1CA382
:1044D000D3E9002312F0F2FF13F09EF981B2D4F871
:1044E0007806BDE8104008F0CFBC084612F042FE46
:1044F00013A3D3E9002312F0E1FF13F08DF981B289
:10450000D4F8340608F0C0FBA6E7084612F032FEE5
:104510000BA3D3E9002312F0D1FF13F07DF981B290
:10452000D4F8300608F030FD96E7D4F86C06BDE804
:10453000104007F055BCD4F82C0607F051FC8BE76F
:10454000CD3B7F669EA0F63FEC0E030008B50BF056
:1045500065FBBDE808400BF061BB00BF0160704720
:104560002DE9F04704460068037813B10020BDE848
:10457000F08700F0C7FD0028F8D1236893F80A15EA
:1045800083F80A0503F5F462D2E9006793F8090697
:1045900083F8091503F5036252E9028912F0EAFD76
:1045A00002460B4600204FF080410EF095FE024679
:1045B0000B463046394616461F460022584B12F02D
:1045C00053FE584B002212F04FFE13F0FDF812F08C
:1045D000E1FD32463B4612F071FF13F0F5F8236817
:1045E000064693F8490612F0C5FD02460B46002028
:1045F0004FF080410EF070FE02460B4640464946A1
:10460000904699460022464B12F02EFE454B002262
:1046100012F02AFE13F0D8F812F0BCFD42464B46C9
:1046200012F04CFF13F0D0F805460120F9F738FFDF
:1046300007460BF029FB5FFA86FA82456AD107F13B
:10464000010840460BF020FBC6F3072981455CD1E9
:1046500007F1020840460BF017FBC6F307498145F6
:104660004ED1033738460BF00FFB310E814243D158
:104670000520F9F715FF06460BF006FBEFB287425F
:1046800035D1771C38460BF0FFFAC5F3072181427C
:1046900029D1B71C38460BF0F7FAC5F30741814220
:1046A0001DD1033630460BF0EFFA290E814212D1AC
:1046B000FAF734FD236801255D700B20F9F7F0FE51
:1046C000236859780BF0FAFA236893F8092583F8E0
:1046D0000A2528464BE730460BF0F0FAE8E7384663
:1046E0000BF0ECFADDE738460BF0E8FAD1E7394693
:1046F00030460BF0E3FAC4E738460BF0DFFAB7E7D1
:10470000494640460BF0DAFAABE7494640460BF023
:10471000D5FA9DE7514638460BF0D0FA8FE700BF37
:104720000000503F0000904003685A7802B970477B
:1047300010B5002204465A700B20F9F7B1FE236829
:10474000BDE8104059780BF0B9BA00BFF0B5044687
:104750000068D0F8083883B023B9D0F89038002B1F
:1047600000F0B980437C012B6ED0022B40D00BB1FE
:1047700003B0F0BD72B62568594E05F5FC6353E9E8
:10478000020113F021F805F5066503463360D5E90B
:10479000000113F019F8534D286062B6256805F53D
:1047A000F463D3E90067D5F8080812F0F3FC324649
:1047B0003B4612F0A3FB13F007F805F5036353E93A
:1047C00002670090D5F8900812F0E4FC32463B46B0
:1047D00012F094FB12F0F8FF01AA0346694628463E
:1047E0000193FDF79BF8236801225A7403B0F0BDD2
:1047F00000F5DD60FCF79CFC2368D3F8FC27002A59
:10480000B6D1D3F8A827002AB2D1D3F88428002A39
:10481000AED1D3F83038002BAAD172B6304B256810
:10482000186812F0B7FC05F5FC6343E902012D4B53
:10483000186812F0AFFC05F50665C5E9000162B61F
:10484000236803225A7493E700F5DD60FCF770FCDF
:104850002568D5F8FC27D5F808389A4288D1D5F8CC
:10486000A837002B84D1D5F88428D5F890389A42FF
:104870007FF47EAFD5F83038002B7FF479AF05F5A3
:10488000F463D3E90067D5F8080812F083FC024608
:104890000B463046394612F02FFB12F095FF05F516
:1048A000036353E902670090D5F8900812F072FC98
:1048B00002460B463046394612F01EFB12F084FFCA
:1048C00001AA0346694628460193FDF727F82368A5
:1048D00002225A744CE70323437403B0F0BD00BFB7
:1048E000F89BFF1FFC9BFF1F03685A7C032A10B52F
:1048F00008BF0022044608BF5A74FFF727FF20684C
:10490000437C032B00D010BD0021022380F840150A
:10491000037000F5DD60FCF739FC0A20F9F7C0FDF3
:104920002368BDE8104019780BF0C8B92DE9F043B1
:10493000044600680378022B83B000F09880427828
:10494000002A00F08F80002B40F0968000F0DAFB08
:10495000002840F09880236893F8F854002D40F028
:10496000948093F8F835002B00F08B800120F9F744
:1049700097FD07460BF088F9002660F30706781CC0
:104980000BF082F960F30F26B81C0BF07DF903469B
:10499000F81C63F317460BF077F960F31F660520E8
:1049A0000096F9F77DFD07460BF06EF9002660F3DF
:1049B0000706781C0BF068F960F30F26B81C0BF0A3
:1049C00063F90346F81C63F317460BF05DF923689F
:1049D00060F31F6693F8090612F0CCFB02460B4603
:1049E00000204FF080410EF077FC80468946009809
:1049F00012F0D0FB42464B4612F036FC12F0E4FEB9
:104A00002368009093F8490612F0B4FB02460B4667
:104A100000204FF080410EF05FFC80468946304612
:104A200012F0B8FB42464B4612F01EFC12F0CCFED0
:104A300023680190012783F8095583F80A551F70F0
:104A40000A20F9F72DFD236819780BF037F9206853
:104A500001AA80F840756946FCF760FF284603B05C
:104A6000BDE8F0830125284603B0BDE8F0830025AA
:104A7000284603B0BDE8F0830225284603B0BDE810
:104A8000F0830525EFE70325EDE70425EBE700BFFD
:104A90002DE9F04303685D7883B0002D00F081803C
:104AA00000220126DA7083F8886783F810680446CC
:104AB0000A200BF091FE3046F9F7F2FC07460BF0A6
:104AC000E3F8002660F30706781C0BF0DDF860F3CE
:104AD0000F26B81C0BF0D8F80346F81C63F31746F2
:104AE0000BF0D2F860F31F6605200096F9F7D8FCAA
:104AF00007460BF0C9F8002660F30706781C0BF098
:104B0000C3F860F30F26B81C0BF0BEF80346F81C80
:104B100063F317460BF0B8F8236860F31F6693F849
:104B2000090612F027FB02460B4600204FF0804199
:104B30000EF0D2FB80468946009812F02BFB4246CD
:104B40004B4612F091FB12F03FFE2368009093F861
:104B5000490612F00FFB02460B4600204FF0804141
:104B60000EF0BAFB80468946304612F013FB4B46E6
:104B7000424612F079FB12F027FE01AA6946019025
:104B80002068FCF7C7FE2068837DA3F10103B3FA18
:104B900083F35B095B004375FDF778F82068FFF746
:104BA00087FB284603B0BDE8F08300BF70B505461B
:104BB0000B20F9F775FC0BF067F82B68041E14BF87
:104BC000012200225A7002D11C70204670BD0A20BA
:104BD000F9F766FC0BF058F8064690B1022814D19C
:104BE0002846FFF755FF2B68044610B11E7020467B
:104BF00070BD1C700A20F9F753FC21460BF05EF8DB
:104C0000E3E72B6804461E70F1E72B6800241C7054
:104C10000A20F9F745FC21460BF050F8204670BDFC
:104C200003681A7802B9704710B5002204461A705A
:104C30000A20F9F735FC236819780BF03FF8206853
:104C400090F8F83503B910BDBDE8104001F008BC7C
:104C500070B50446006890F8F8552DB10378012B23
:104C600002D890F8F83413B10025284670BD00F042
:104C700049FA03460028F7D12068012680F80A3552
:104C800080F8093580F8406500F23C7200F2EC6172
:104C9000FCF744FE23681E71E7E700BFF8B5044641
:104CA000006800F02FFA08B10020F8BD0546206822
:104CB000012380F8383800F59C6C80F8B03700226A
:104CC000002300F59A66CCE900234CE9022329462B
:104CD00046E90223C6E9002300F030FA236803F511
:104CE000F262D2E90C01C2E9120103F50162D2E9D4
:104CF0000E670A20C2E914671D70F9F7D1FB256819
:104D000006460AF0C1FF2F78874204D03946304664
:104D10000AF0D4FF2568002605F23C7205F2EC612A
:104D200085F89965284685F89865C5F88065C5F8C1
:104D3000846585F8C96585F8C865C5F8B065C5F8A6
:104D4000B465FCF7E7FD2068FFF7B2FA206801249C
:104D500080F80A65C470FCF799FF2046F8BD00BFD3
:104D600038B503685A7C032A08BF0022044608BFEE
:104D70005A74FFF7EBFC23685A7C032A00D038BD35
:104D800000251D7183F840552046FFF787FF2068F6
:104D9000294600F5DD60BDE83840FCF7F7B900BFF3
:104DA000F8B504463820F9F77BFB0AF06DFF23685D
:104DB000002814BF012200229A700ED1184600F07C
:104DC000C1F92368002800F08A80D3F8E816C3F8F8
:104DD000EC160022C3F83C27F8BD3920F9F760FB38
:104DE00006460AF051FF00250346701C63F30705D1
:104DF0000AF04AFF60F30F25B01C0AF045FF034696
:104E0000F01C63F317450AF03FFF236860F31F654A
:104E100093F8090612F0AEF902460B4600204FF057
:104E200080410EF059FA06460F46284612F0B2F9B4
:104E300032463B4612F018FA12F0C6FC2568C5F857
:104E4000EC063D20F9F72CFB06460AF01DFF002575
:104E50000346701C63F307050AF016FF60F30F2585
:104E6000B01C0AF011FF0346F01C63F317450AF06B
:104E70000BFF236860F31F6593F8490612F07AF977
:104E800002460B4600204FF080410EF025FA064600
:104E90000F46284612F07EF93B46324612F0E4F9FE
:104EA00012F092FC25680246C5F83C07D5F8EC16CE
:104EB00005F59470FEF794FB23689A7800EA0205E2
:104EC0009D70002D88D13820F9F7EAFA29460AF0BA
:104ED000F5FE23689A78002A3FF470AFF8BDD3F846
:104EE000E816D3F83827C3F8EC16C3F83C27F8BD0A
:104EF00038B504463820F9F7D3FA05460AF0C4FE5F
:104F000018B1002128460AF0D9FE2046BDE83840F5
:104F1000FFF746BF2DE9F04704460068037813B158
:104F20000020BDE8F08700F0E7F80028F8D12368FA
:104F300093F80A1583F80A0503F5F462D2E90067CD
:104F400093F8090683F8091503F5036252E902890B
:104F500012F010F902460B4600204FF080410EF08F
:104F6000BBF902460B463046394616461F4600221C
:104F7000564B12F079F9564B002212F075F912F0E7
:104F800023FC12F007F932463B4612F097FA12F072
:104F90001BFC2368064693F8490612F0EBF802461C
:104FA0000B4600204FF080410EF096F902460B466A
:104FB00040464946904699460022444B12F054F927
:104FC000434B002212F050F912F0FEFB12F0E2F80F
:104FD00042464B4612F072FA12F0F6FB05463920B3
:104FE000F9F75EFA07460AF04FFE5FFA86FA824545
:104FF00067D107F1010840460AF046FEC6F30729CB
:10500000814559D107F1020840460AF03DFEC6F33A
:10501000074981454BD1033738460AF035FE310E3A
:10502000814240D13D20F9F73BFA06460AF02CFEBA
:10503000EFB2874232D1771C38460AF025FEC5F31D
:105040000721814226D1B71C38460AF01DFEC5F360
:10505000074181421AD1033630460AF015FE290E67
:1050600081420FD13820F9F71BFA01210AF026FE00
:105070002046FFF795FE236893F8092583F80A2553
:1050800001204EE730460AF019FEEBE738460AF0F9
:1050900015FEE0E738460AF011FED4E739463046FF
:1050A0000AF00CFEC7E738460AF008FEBAE74946A0
:1050B00040460AF003FEAEE7494640460AF0FEFDD0
:1050C000A0E7514638460AF0F9FD92E70000503F4C
:1050D0000000904008B50AF0A1FDBDE808400AF0C4
:1050E0009DBD00BF0078A0F10200B0FA80F0400939
:1050F000704700BFC078704790F84005003818BF6F
:105100000120704790F840352BB990F848050038D9
:1051100018BF012070470120704700BF10B500F58F
:10512000947482B06946204601AAFEF763FA019999
:105130002046FEF759FA02B010BD00BF80F8F814FF
:10514000704700BF807D033801288CBF00200120FC
:10515000704700BF012380F830357047FFFFFFFF25
:105160002DE9F04FDFF8409290F81631DFF83CB2AD
:10517000ABB000264FF00008CDE90C66CDE90E89F2
:105180008DF83030DFF828920B9200F5227300F58D
:10519000D8778A460A93DBE902017DA3D3E900238D
:1051A0004FF00008CDE9108912F05EF80A9B0896CE
:1051B000079306970CAD804689460FCD6C460FC409
:1051C00095E80300424684E803004B46514612A886
:1051D00004F0DAFEDBE902016DA3D3E9002312F04B
:1051E00043F80A9B0896079306970CAE80468946BB
:1051F0000FCEEC46ACE80F0095E8030084E803000E
:1052000042464B460B991EA804F0BEFE1EA805F0B0
:105210006BFC044612A80D4605F066FC02460B46E0
:105220002046294611F068FE5BA3D3E9002312F063
:105230001BF880461EA8894605F052FC044612A8B9
:105240000D4605F04DFC02460B462046294611F05E
:1052500053FE51A3D3E9002312F006F8554B044640
:105260000D4600224046494612F070FA98B1524F5E
:10527000DFF840B100264FF0000A32463B46404678
:10528000494611F03BFE52465B468046894612F085
:105290005DFA0028F1D1494B00224046494612F000
:1052A00069FA98B1444FDFF814B100264FF0000AB4
:1052B00032463B464046494611F01EFE52465B468A
:1052C0008046894612F056FA0028F1D1394B002267
:1052D0002046294612F03AFA98B1374FDFF8D4B099
:1052E00000264FF0000A32463B462046294611F080
:1052F00005FE52465B4604460D4612F027FA00288A
:10530000F1D12E4B00222046294612F033FA98B1F3
:10531000294FDFF8A8B000264FF0000A32463B467E
:105320002046294611F0E8FD52465B4604460D46EC
:1053300012F020FA0028F1D1DDE93401204B0022DF
:1053400011F092FF02460B4615A1D1E9000112F0BF
:10535000B5F81C4B06460F4640464946002211F060
:1053600083FF32463B4611F07FFF389B0022C3E9A2
:105370000001144B2046294611F076FF3B46324689
:1053800011F072FF399BC3E900012BB0BDE8F08F2B
:10539000000000A046DF913F00000020DCA54C404B
:1053A000000000000020AC4000002440F892FF1FE5
:1053B00000405940008066C0008076400080664012
:1053C00000002E400000E03F2DE9F04F90F80A3534
:1053D000A9B000260027CDE90C67CDE90E67044689
:1053E000002B00F00D8100F5A261914B0022D1E964
:1053F000000111F039FF8F4B002211F035FF86A319
:10540000D3E9002312F05AF8894604F5A461884BC9
:105410000022804651E9020111F026FF7EA3D3E964
:10542000002312F04BF894F84035CDE90801002B29
:1054300040F0B280804BD3E9020179A3D3E9002385
:1054400011F012FF1CAD02460B4628462146FCF720
:105450004BFE284604F0C6FD73A3D3E9002311F0E8
:1054600003FFCDE90601284604F0B8FD6EA3D3E999
:10547000002311F0F9FE04F5947A0DF1400B5A4621
:1054800006460F4650460BA9FEF7B4F85046109951
:10549000FEF7AAF88246DDE9060142464B4611F0C6
:1054A0002BFD5FA3D3E9002311F0DEFEDDE9082325
:1054B000CDE902013046394611F01EFD58A3D3E96B
:1054C000002311F0D1FE0022CDE90001002358464F
:1054D00004F0A2FCDDE9060142464B4611F00EFD48
:1054E0004FA3D3E9002311F0BFFEDDE90823CDE986
:1054F00002013046394611F001FD49A3D3E90023EA
:1055000011F0B2FE0022CDE900010023284604F08C
:1055100083FC0EAB05930CAB454F049394F8163106
:1055200003930026CDE900672A4659462046CDF868
:1055300008A0FFF715FEDDE90C67404B002230465E
:10554000394612F017F9002862D03D4B0022304650
:10555000394612F0FBF808B9394F002604F5FE630E
:1055600043E90267DDE90E67344B002230463946D5
:1055700012F000F9002848D0314B0022304639465D
:1055800012F0E4F808B92E4F002604F50764C4E9C8
:10559000006729B0BDE8F08F274BD3E9020120A3B3
:1055A000D3E9002311F060FE1CAD02460B462846ED
:1055B0002146FCF7E9FE284604F014FD1AA3D3E9BE
:1055C000002311F051FECDE90601284604F006FD46
:1055D00015A3D3E9002311F047FE06460F4672B625
:1055E00004F5036353E9020162B612F0EDF80146D7
:1055F00004F59470FDF7F8FF0DF1400B82464AE781
:1056000000F5FE6343E90267BFE70C4F0026BCE7E5
:105610000A4F0026A2E700BF000000000020AC40B7
:10562000000000A046DF913F00000020DCA54C40B8
:1056300000004E4000002E40F892FF1F000030C0D6
:1056400000003040F8B5D0F81465D0F810753B4B29
:1056500004460D4638463146002212F06DF848B136
:1056600004F5A46353E902010022002312F064F858
:10567000002840D1A37D033B012B43D994F8163178
:10568000002B4AD194F87834002B46D12C4B0022C1
:10569000D3E90201002312F06DF800284BD03A46FE
:1056A000334604F5FE6141E9022372B604F5036353
:1056B00053E9020162B612F087F8014604F59470CE
:1056C000FDF792FF04F5A463012853E9022314BFF8
:1056D0001C491A49002011F0C7FD1B4B002211F094
:1056E000EDFE94F9083504F50766012BC6E90001C3
:1056F0001CD065B9F8BD002384F80B35A37D033BAE
:10570000012BBBD82046FFF75FFE002DF2D004F539
:10571000DD60BDE8F840FBF73FBD2046FFF754FED3
:1057200094F90835012BE4D104F507660022002323
:10573000C6E90023DDE706F10046B0E70000F03FD0
:10574000F892FF1F0000F0BF00002E4030B41D464D
:10575000144600F5A263C3E90045DDE9023400F513
:10576000A46141E9023430BC0121FFF76BBF00BFE7
:105770000429A8BF04212DE9F04F21EAE17505F1C4
:10578000AA0300EBC303D3E9006700F5DE63D3E9A6
:10579000088983B00446019200230022404649460E
:1057A00011F0DEFF00287CD1584B404649460022CC
:1057B00011F05AFD02460B460020554911F07EFEBD
:1057C00004F5E863D3E9088982468B46002200236A
:1057D0004046494611F0C4FF002840F08E804B4BF4
:1057E00040464946002211F03FFD02460B4600208C
:1057F000474911F063FE52465B468046894611F0E8
:10580000AFFF00286DD0002200235046594611F00A
:10581000BBFF70B1002200233046394611F0B4FFBF
:1058200038B152465B463046394611F08FFF0028AA
:1058300060D194F87835AB4256D0EDB284F8785503
:1058400004F5B065D5E902233046394611F074FFFE
:1058500068B9C5E9026772B6D4F8A835D3E9000182
:10586000D5E9022311F000FDC5E9080162B604F58F
:10587000B665D5E902233046394611F05DFF68B9B7
:10588000C5E9026772B6D4F8D815D5E90223D1E983
:10589000000111F0E9FCC5E9080162B603B0BDE8FA
:1058A000F08F04F5E863D3E908890022002340461D
:1058B000494611F055FF0028BBD1144B40464946DC
:1058C000002211F0D1FC02460B460020104911F0D5
:1058D000F5FD002200238046894611F041FF002893
:1058E000A7D1C246CB468EE7019B002BA5D103B0C2
:1058F000BDE8F08F56465F469BE7002200235046E6
:10590000594611F037FF002893D07CE7000024406F
:105910000000F03F01220021FFF72ABF90F879151F
:105920000022FFF725BF00BF90F878150122FFF78E
:105930001FBF00BFFFFFFFFF2DE9F04F00F5E2653D
:105940008BB0044692469B466BA1D1E9000155E914
:10595000022311F0B3FD04F5EC6353E9022305467D
:105960000E4665A1D1E90001CDE9065611F0A6FD6C
:105970005246CDE904015B462846314611F09EFDB2
:105980005F4B00228046894611F0F4FE18B9DFF81B
:1059900070914FF0000804F5D86552465B46C5E9A2
:1059A0000089DDE9040111F089FD554B002206460E
:1059B0000F4611F0DFFE08B9514F0026424604F5AC
:1059C000DA68C8E900674B46DDE9060111F076FDAB
:1059D00032463B46CDE90801DDE9040111F06EFDD8
:1059E00006460F4602460B46DDE9080111F0AEFE01
:1059F00008B1DDE9086732463B465046594611F08A
:105A00007BFA21F00043194600224FF0804311F049
:105A1000BBFE002834D132463B46DDE9060111F0D9
:105A20004DFD3246C5E900013B46DDE9040111F0B8
:105A300045FDC8E9000104F5AE69C9E9006759E907
:105A4000020132463B4611F095FE002838D194F809
:105A5000781520460122FFF78BFE04F5BE6353E95B
:105A60000223CDE90223D8E90067D5E9002304F534
:105A7000DD60CDE90067FBF7ADFB0BB0BDE8F08F53
:105A80001A20F8F70DFD39468146304611F09CFE8C
:105A9000014648465FFA81FB1FFA81FA0AF0F4F8E2
:105AA000834522D109F1010948460AF0EDF84FEA91
:105AB0001A2A8245AFD0514648460AF0FFF8AAE7B5
:105AC000104B00223046394611F0CEFB49E9020165
:105AD0001920F8F7E5FC064659E9020111F09CFE91
:105AE000C1B230460AF0EAF8B1E7594648460AF032
:105AF000E5F8D7E7AFF300800000000080842E4176
:105B0000000028400000E03F70B505461A20F8F775
:105B1000C7FC06460AF0B8F80446701C0AF0B4F850
:105B2000E4B260F30F24A0B211F024FB02460B464E
:105B30002846BDE87040FFF7FFBE00BF30B500F556
:105B4000BE6200F5DA6352E90245D3E9002385B06D
:105B5000CDE90023CDE9024500F5D863D3E9002360
:105B600000F5DD60FBF736FB05B030BDFFFFFFFF42
:105B7000F0B500F5EC6200F5E26352E90267044615
:105B800053E9022318A1D1E9000189B0CDE90267E8
:105B9000CDE90401CDE9002304F5A065D4F864063D
:105BA000D4F82416D5E900230790069104F5DD60AA
:105BB000FBF750FB0E4904F5A2630020C3E9000186
:105BC000002604F5A4630027204643E9026701216B
:105BD000FFF738FDD5E9000109B0BDE8F04001F05C
:105BE00067BE00BFAFF300800000000080842E413C
:105BF0000000F03F2DE9F04F00F5947583B001AA45
:105C000004460E4628466946FDF7F4FC01992846ED
:105C1000FDF7EAFC01AA694607462846FDF7EAFCBB
:105C2000E37823B194F80A3583F00103E370009B15
:105C3000D4F820279A4229DCD4F82427934225DC83
:105C400094F8F834042B3AD0019BD4F8702793428F
:105C500028DBD4F87427934224DC94F8F834052B1D
:105C600004BF002384F8F834A37D012B36D0E378F9
:105C70004BBB2378022B12D194F8F8347BB1204629
:105C8000FBF742F92046FBF767F908E094F8403546
:105C9000042284F8F82463B90EB984F80A6503B0C5
:105CA000BDE8F08F94F84035052284F8F824002BE5
:105CB000F2D0012384F8303503B0BDE8F08F002323
:105CC00084F8F834C0E794F8F834002BE7D0204685
:105CD000FBF736F92046FBF73FF9CAE772B604F541
:105CE000F263D4F898B7D3E9040194F8B0A7D3E9E4
:105CF0000A895FFA8AFA62B611F066FDA0EB0B031F
:105D0000002B2ED0CCBF4FF0010A4FF0000ADDE986
:105D1000001201232846FDF727FB20B9BAF1000F36
:105D200033D1012F4CD094F8F834072B04BF002353
:105D300084F8F834DDE9001228460123FDF790FAD3
:105D400020B9BAF1000F2ED1022F44D094F8F834C4
:105D5000062B8CD1E378002284F8F824002B9ED106
:105D600087E7002200234046494611F0E5FC002861
:105D7000CDD1404649460022002311F005FDB0F187
:105D8000000A18BF4FF0010AC1E7022FCBD194F8E7
:105D90004035072284F8F824002B3FF47DAF01231F
:105DA00084F8303578E7012FD0D194F840350622B9
:105DB00084F8F824002B3FF46FAF84F830756BE75C
:105DC00094F84035072284F8F824002B3FF467AF9D
:105DD00084F8307563E794F84035062284F8F82497
:105DE000002B7FF466AF5AE72DE9F04F044690F898
:105DF0000A058FB00E4617461D4620B372B694F8BA
:105E000048A594F8F8375FFA8AFA002B00F0B580BD
:105E100094F88038B3B9BAF1040F00F00E8104F59C
:105E2000036A04F50468284611F0B4F9D8E90023A0
:105E30005AE9028911F018FA42464B4611F05EF811
:105E40004AE9020162B694F84035002B40F0E28046
:105E5000132D7BDC844A854B02FB0633844AB2EB6C
:105E6000B30F0FD321466846FCF7B6FA684604F034
:105E7000D7FC7BA3D3E9002311F0F6F904F59E6566
:105E8000C5E90001002E73D094F8F83543B194F8B9
:105E90004935042B00F0AF8094F8483584F8493533
:105EA00094F889371BB994F81138002B7CD0012362
:105EB00084F8F834002F46D194F84025002A40F0A9
:105EC000AD8084F80A7594F89925022A08BF84F8F1
:105ED000993594F89935FE2B04BFFF2384F8993542
:105EE00094F8C935022B04BF012384F8C93594F80E
:105EF000C935FE2B02D1FF2384F8C93504F59E6312
:105F0000D4F82801D3E9006711F044F902460B46A2
:105F10003046394611F01AFC40B9D4F82C0111F082
:105F200039F932463B4611F011FC60B194F8403526
:105F3000022284F8F82403F0FF02002B00F0838093
:105F4000012384F830350FB0BDE8F08F2146684654
:105F5000FCF742FA684604F063FC41A3D3E900234E
:105F600011F082F904F59E68632DC8E9000189DD0E
:105F700001212046FFF766FB86E7BAF1040F53D0F4
:105F800004F5F46B04F5F868284611F003F958E9B4
:105F90000223DBE9008911F067F942464B4610F015
:105FA000ADFFCBE9000133E794F8F824D4F82801D9
:105FB000012A08BF84F8F83404F59E63D3E9008908
:105FC00011F0E8F802460B464046494611F0BEFB88
:105FD00038BBD4F82C0111F0DDF802460B464046E0
:105FE000494611F0D1FBE0B994F8F834022BAAD15C
:105FF00084F8F804A7E794F84835002B7FF44CAFF9
:1060000094F80A3523BB94F8781501222046FFF74F
:10601000AFFB41E72046FDF7E3FD19E784F8303593
:106020006CE7002F82D08EE794F89835002BA7D02C
:1060300094F88038002B7FF405AF94F8C835002B16
:106040003FF4EDAEFEE684F80A250FB0BDE8F08F10
:1060500001212046FFF7F6FAD5E700BFAFF3008035
:1060600000000020DCA54C40CDCCCCCC98999919EF
:10607000CCCCCC0CA9B190F8363010B504466BB13D
:1060800007212046FBF708FE38B1E3780BB1002367
:10609000E37023780BB10023237010BD90F87D16B8
:1060A000EFE77047FFFFFFFF2DE9F04F90F8F8355D
:1060B00083B004460E469346002B00F0718172B601
:1060C000D0F8FC0511F056F8B14B002211F0F6F9AA
:1060D0008046D4F80406894611F04CF802460B4677
:1060E0004046494611F0C0F8804694F809068946B2
:1060F00011F040F802460B4600204FF080410DF0B1
:10610000EBF802460B464046494611F0ADF811F057
:106110005BFBC4F8F006074611F0A8FC9D498246D7
:1061200011F0ACFD11F048F804F5DE6580468946B3
:10613000C5E902899849504611F0A0FD11F03CF8DC
:1061400091A3D3E90023C5E906014046494611F071
:10615000B5F980468946C5E904899049504611F051
:106160008DFD11F029F807EBD773002FB8BF033767
:106170005B10BF10C5E90801D4F83C06C4F8183715
:10618000C4F81C7710F0F6FF814B002211F096F94D
:10619000CDE90001D4F8440610F0ECFF02460B46AE
:1061A000DDE9000111F060F8CDE9000194F849063D
:1061B00010F0E0FF02460B4600204FF080410DF04A
:1061C0008BF802460B46DDE9000104F5E86711F0A3
:1061D0004BF811F0F9FAC4F84007054611F046FCF7
:1061E0006C49824611F04AFD10F0E6FF02460B466C
:1061F000C7E9022368495046CDE9002311F03EFD6E
:1062000010F0DAFFDDE90023C7E906011046194660
:106210005DA3D3E9002311F051F902460B46C7E90B
:1062200004235E495046CDE9002311F027FD10F00C
:10623000C3FF05EBD573002DB8BF03355B10AD1060
:10624000C7E90801D4F82006C4F86837C4F86C57C9
:1062500010F0A0FF42464B4611F006F811F0B4FAD8
:106260000025C4F80808D4F86006C4F8FC5784F880
:10627000F85710F08FFFDDE9002310F0F5FF11F063
:10628000A3FAC4F89008C4F8845884F88058D4F865
:10629000980710F07FFF04F5F463C3E90001D4F818
:1062A000200810F077FF04F5036343E9020162B6AA
:1062B00094F87835AA3304EBC303D3E900890023AB
:1062C00084F8993584F89835C4F8803504F5B065BC
:1062D00004F5E263C4F8A8354046D5E902234946EF
:1062E00011F02AFA68B9C5E9028972B6D4F8A8355E
:1062F000D3E90001D5E9022310F0B6FFC5E9080192
:1063000062B694F87835AA3304EBC303D3E9008965
:10631000002384F8C93584F8C835C4F8B03504F5CD
:10632000B66504F5EC63C4F8D8354046D5E90223D8
:10633000494611F001FA68B9C5E9028972B6D4F884
:10634000D835D3E90001D5E9022310F08DFFC5E966
:10635000080162B6F9F71CFA3046F8F7CDFABBF13E
:10636000000F69D104F59470FDF74AF92046FAF759
:10637000F7FD2046FFF7FCFB204603B0BDE8F04FD9
:10638000FFF7C2BBAFF30080000000000020AC406C
:1063900000408F400000B44300C0A84700D6034B24
:1063A00072B600F5D061D1E90001294B002210F04E
:1063B0005BFF11F009FAC4F8F006054611F056FB30
:1063C0002449824611F05AFC10F0F6FE04F5DE670F
:1063D00080468946C7E902891F49504611F04EFCA4
:1063E00010F0EAFE18A3D3E90023C7E906014046EE
:1063F000494611F063F880468946C7E90489174980
:10640000504611F03BFC10F0D7FE05EBD573C7E901
:106410000801002D4FEA6303B8BF0335C4F81837ED
:10642000AD1004F5D463D3E90001C4F81C57084B40
:1064300004F5E8670022CAE62046FAF765FD204623
:10644000FAF77EFD8EE700BF000000000020AC40A0
:10645000008076400000B44300C0A84700D6034B3C
:1064600090F80A3503B1704730B5012183B080F848
:106470000A15044603F0FF05FFF7E4F8044B1B6818
:106480000193019BC4F82835E57003B030BD00BF0F
:1064900034A0FF1FFFFFFFFF2DE9F04FBA4E356814
:1064A000BFF35B8F15F00105BDB004462AD094F808
:1064B0003135FBB194F8F834002B3FD1B34D2B7834
:1064C000002B00F07781B24AB24B12681592159DED
:1064D000DFF8C4A21B68B14AB14FDAF800003D6092
:1064E000EE1A9642A5EB000528D8C72D32D83DB04C
:1064F000BDE8F08FA54A11780029F8D013703DB09F
:10650000BDE8F08F304609F031FD0028CFD0A54B13
:10651000002730460026C3E95067C3E95267C3E944
:106520005467C3E97C67C3E9C867C3F8E851C3F897
:10653000185383F8285309F01FFDB8E72046FDF7EC
:1065400029FA2046FDF780FA002384F831353DB062
:10655000BDE8F08FC01A11F085FA934911F0DAFA0C
:1065600010F02AFE80467019894611F07BFA8E4998
:1065700011F0D0FA10F020FE04F5A863CDE908016F
:1065800053E902017CA3D3E9002310F06DFECDE9AD
:106590000601404649460CF035FFCDE90A01404668
:1065A00049460CF02FFF0DF0EDF8CDE90C01404607
:1065B00049460CF027FF02460B4640464946CDE9C6
:1065C0000E230CF01FFF0DF069F9DDE90889CDE914
:1065D0001001404649460CF015FF02460B46404666
:1065E0004946CDE91223CDE908890CF00BFF0DF0E7
:1065F000C9F8DDE9122380468946DDE9060110F07D
:1066000033FE42464B4610F02FFEDDE90889CDE906
:106610001201404649460CF0F5FE02460B46404644
:106620004946CDE908230CF0EDFE0DF037F9DDE920
:10663000082380468946DDE9060110F015FE424632
:106640004B4610F011FEDDE90A2380468946DDE95C
:10665000060110F009FEDDE90C2310F005FE48A349
:10666000D3E9002310F000FEDDE90E23CDE902019D
:10667000DDE9060110F0F8FDDDE9102310F0F4FD6E
:106680003FA3D3E9002310F0EFFD30AECDE90001C8
:1066900000223046002304F031FA18AB3146184688
:1066A000424A04F03FFADDE9120135A3D3E90023A1
:1066B00010F0DAFD32A3D3E90023CDE90201404610
:1066C000494610F0D1FD0023CDE9000100223046FB
:1066D00004F014FA04F594783146344A0DF1580B5D
:1066E00024A804F01FFA324640465946FCF782FFC0
:1066F00030994046FCF778FF05960290CDF810B02F
:1067000094F815310393284611F0ACF9284911F09B
:1067100001FA10F051FD24AACDE9000118A9204684
:10672000FEF71EFD04F5AE61D1E90089179D169EA6
:1067300025F0004332464046494611F007F800284C
:106740007FF4FCAE40464946DDE930984A4628F0E1
:10675000004310F0FBFF00287FF4F0AE32462B46DA
:106760002046FDF7E7F843464A462046FDF73CF948
:106770003B68CAF80030BAE6000000A09999D93FFA
:10678000000000A046DF913F009CFF1F049CFF1FFC
:1067900034A0FF1F389FFF1F409FFF1FE09304009E
:1067A0003C9FFF1F089CFF1F6F12833A289CFF1F0E
:1067B0006F12033B344BD3E902012DA3D3E900232D
:1067C00010F052FD02460B4630A82146FBF78CFC28
:1067D00030A803F007FC064630A80F4603F0FEFB86
:1067E00032463B4600260027CDE90001CDE904678B
:1067F0002648CDE9026707F00FFD30A803F0EEFB55
:1068000032463B4610F0C0FF58B30FF26C09D9E98D
:10681000008930A803F0E6FB064630A80F4603F0D7
:10682000DDFBCDE9048942464B464FF000084FF0AE
:106830000009CDE9028910F061FB3246CDE9000183
:106840003B46124807F0E8FC114B12481B682493A2
:10685000249B1149036001220B602A703DB0BDE802
:10686000F08F0FF21C09D9E90089D2E7AFF300805D
:10687000000000A046DF913F00000060FB21E9BF5F
:1068800000000060FB21E93FF892FF1F089CFF1FFA
:1068900034A0FF1F389FFF1F409FFF1F08B509F05E
:1068A000BDF9BDE8084009F0B9B900BF0160704703
:1068B00008B50021112009F033FF00210E2009F056
:1068C0002FFF0021102009F02BFFBDE80840002118
:1068D0000F2009F025BF00BF2DE9F04F04460068E6
:1068E00090F8F85483B035B190F84835022B4ED06B
:1068F00003B0BDE8F08F112009F004FF07460E2019
:1069000009F000FF8146102009F0FCFE06460F202A
:1069100009F0F8FE78238046013BFDD1112009F0F3
:10692000F1FE83460E2009F0EDFE0190102009F0E3
:10693000E9FE82460F2009F0E5FE5F45024640D0A1
:10694000344B1D78344F56452CD0344B1A78AA421C
:106950000AD020681D7015B3A5F12D01B1FA81F19F
:1069600002224909FCF7D8FF2D4B39781A788A4260
:10697000BED02068197069B1A1F12D01B1FA81F181
:106980000222490903B0BDE8F04FFDF71FB8FDF73B
:1069900001F8206803B0BDE8F04FFDF755B8FCF7EB
:1069A000F9FFE1E79045D0D1002346453B70CCD0BC
:1069B0000EB92D233B70B8F1000FC6D12B233B70CD
:1069C000C3E7019B9945BBD1DFF848B04F458BF831
:1069D0000050B7D02FB1B9F1000F0ED09BF8005086
:1069E000B0E701902068FEF799FB01280CBF2B232C
:1069F0002D23019A8BF80030EDE720680192FEF715
:106A00008DFB01280CBF2D252B25019A8BF80050FA
:106A100098E700BF479FFF1F469FFF1F459FFF1F2F
:106A2000449FFF1F08B509F0F9F8BDE8084009F0D8
:106A3000F5B800BFFFFFFFFF84B02DE9D0439AB047
:106A400020AC84E80F000026002300272046CDE973
:106A50000A67CDE90C6709938DF81F3003F0E0FE5B
:106A6000B3A3D3E9002310F0FFFBB54C0646D4F8DE
:106A700028010F4610F08EFBAFA3D3E9002310F0DE
:106A80003BFA32463B4610F07FFE002840F0AE80D5
:106A9000D4F82C0110F07EFBA7A3D3E9002310F05B
:106AA0002DFA32463B4610F051FE0646002840F0D3
:106AB000978004F5227304F5D872009020A90EA8DF
:106AC00003F022FD0EA804F00FF899A3D3E90023E8
:106AD00010F0CAFB02460B460EA8CDE90A2303F0CC
:106AE000FFFF93A3D3E9002310F0BEFB0123039320
:106AF00009AB0DF11F02019308ABCDE90C01029225
:106B0000009304962EAB0CAA0AA92046FBF7ACFD15
:106B1000002871D0089810F03DFB04F5E06353E9BC
:106B2000022310F0CBFC804689460998CDE90A89FA
:106B300010F030FB04F5EA6353E9022310F0BEFCC9
:106B4000D4F89C3606460F46CDE90C67DBB11A7CBB
:106B5000012A40F2A98072B6D86862B610F01AFB1A
:106B6000784BD3E9002310F0A9FC0B4694F8891662
:106B70000246404600294AD1494610F0BDF9DDE9F8
:106B80000C67804689464046494610F065FED4F8B9
:106B9000BC362F9A1060BBB11A7C012A3FD972B65D
:106BA000D86862B610F0F6FA674BD3E9002310F00C
:106BB00085FC94F8A94602460B46304639460CBB84
:106BC00010F09AF906460F463046394610F044FE5A
:106BD000309B186000201AB0BDE8D04304B0704765
:106BE00008201AB0BDE8D04304B0704701201AB0A5
:106BF000BDE8D04304B0704706201AB0BDE8D043CA
:106C000004B0704710F07AF906460F46DCE74946B3
:106C100010F074F9DDE90C6780468946B3E772B677
:106C200059681A6812780878197A11405A7A10420D
:106C300000F094809A7A02F0030209B142F0040253
:106C400042F008029108013AD86899720D2AA8D832
:106C500001A151F822F000BF976C0100916C010076
:106C6000A36C0100916C0100A36B01009D6C0100FD
:106C7000976C0100976C01009D6C0100A36B0100F3
:106C8000916C0100A36C0100916C0100976C0100F4
:106C90000138D86085E70130D86082E70238D860D3
:106CA0007FE70230D8607CE772B659681A681278BC
:106CB0000878197A11405A7A104247D09A7A02F02D
:106CC000030209B142F0040242F008029108013ABD
:106CD000D86899720D2A3FF640AF01A151F822F011
:106CE0001F6D0100196D01002B6D0100196D010070
:106CF0005B6B0100256D01001F6D01001F6D010020
:106D0000256D01005B6B0100196D01002B6D010009
:106D1000196D01001F6D01000138D8601DE70130B9
:106D2000D8601AE70238D86017E70230D86014E755
:106D300000000020DCA54C40000000E0E2361A3FD5
:106D40004093FF1FC099FF1FE099FF1F9A7A02F03E
:106D500003020029BAD042F00402B7E79A7A02F09F
:106D6000030200293FF46EAF42F004026AE700BF5D
:106D700084B030B5A3B026AC84E80F000EA81A4941
:106D80009DF8C850FAF700F90DF1380CBCE80F0077
:106D9000EE46AEE80F009CE803008EE8030014AC5A
:106DA000DDE9342326A9204603F086F8379B0C93AF
:106DB000369B0B930A950DF1600EBEE80F00EC4672
:106DC000ACE80F00BEE80F00ACE80F009EE803003F
:106DD0008CE8030094E80F00FFF72EFE23B0BDE817
:106DE000304004B0704700BF4093FF1F08B508F063
:106DF00015FFBDE8084008F011BF00BF08B509F055
:106E000079FE0AF0C1FA0AF0CBFF4FF47A7009F06C
:106E1000E3FC4FF0E023024AC3F80C2D08BD00BF8D
:106E20000400FA050148EAF79BB800BF0490FF1F71
:106E30000148E9F7BDBF00BF0490FF1F08B508F087
:106E4000EDFEBDE8084008F0E9BE00BF0368184742
:106E50000B680360704700BF0B680360704700BF9A
:106E6000704700BF10B5044608F0CCFC204610BDAA
:106E7000434B70B50222434DC3F88820297800297E
:106E800048D0414E0023337072B6404C04F5F46391
:106E9000D3E9000110F098FCD4F89837C01AC4F870
:106EA000A80762B6D4F8A837002B3BD0D4F8A8378F
:106EB00094F80B26002BD4BF0023012384F8B037AD
:106EC00094F8B0379AB3A3B32D4B0122C3F8C42072
:106ED0002E48FAF711F894F8B03780F00100C0B2EC
:106EE00063B3D4F8FC27D4F808389A4201DA0028B2
:106EF0003DD1D4F80828C4F8FC27002384F8F837DB
:106F0000D4F898370133C4F898370123337000233D
:106F10002B7070BD1C49097809B1C3F88420012386
:106F20002B7070BD94F8F837002BF0D0BEE7002B23
:106F3000CAD0134B0122C3F8C820C9E7D4F8FC37E4
:106F4000002B09DD40B1D4F8FC370122013BC4F825
:106F5000FC3784F8F827D8E70023C4F8FC3784F816
:106F6000F837D4F89837013BC4F89837CDE7D4F810
:106F7000FC3701221344C4F8FC3784F8F827C4E72F
:106F800000F00F409C87FF1F709FFF1F4093FF1F63
:106F9000444B70B52022444DC3F8C82029780029FD
:106FA0004AD0424E0023337072B6414C04F503635D
:106FB00053E9020110F008FCD4F82038C01AC4F8D4
:106FC000300862B6D4F83038002B3DD0D4F83038D1
:106FD00094F84B26002BD4BF0023012384F83838C3
:106FE00094F83838002A34D0002B34D02D4B4FF48D
:106FF00000525A602E48F9F77FFF94F8383880F035
:107000000100C0B263B3D4F88428D4F890389A420F
:1070100001DA00283DD1D4F89028C4F88428002350
:1070200084F88038D4F820380133C4F8203801239C
:10703000337000232B7070BD1C49097809B1C3F867
:10704000C42001232B7070BD94F88038002BF0D041
:10705000BCE7002BCAD0134B4FF400529A60C9E72B
:10706000D4F88438002B09DD40B1D4F884380122EB
:10707000013BC4F8843884F88028D8E70023C4F89A
:10708000843884F88038D4F82038013BC4F820389C
:10709000CDE7D4F8843801221344C4F8843884F846
:1070A0008028C4E700F00F409D87FF1F719FFF1FDE
:1070B0004093FF1FFFFFFFFF2DE9F04F92461F4651
:1070C000D1E9102387B0CDE9022391F87030109EEA
:1070D0000C46054613B9437E002B56D1AC4B93F8B2
:1070E0004825042A00F06B8193F80A254AB993F8E1
:1070F0004825012A00F0528193F84825022A00F021
:107100004D8193F80A35002B35D1D6E900010246AE
:1071100021F00043CDE90423DDE9046700220023C8
:107120003046394610F008FB30B1DDE91423C4E9DC
:10713000142307B0BDE8F08F32463B46D4E90E0178
:1071400010F0BCF906460F4602460B46DDE9140175
:1071500010F01AFB002800F01481DDE9120132461C
:107160003B4610F0FDFA002800F00681C4E91467E0
:1071700007B0BDE8F08FD6E90001D4E916230FF07F
:10718000BDFE024621F00043C4E7D0E90289DDE9F3
:1071900002234046494610F0D9FA58B1D6E900BC5E
:1071A000DDE9022358462CF0004110F0CFFA002808
:1071B00040F0A2817648FDF723F96B7E1B0600F1B3
:1071C0003B81744B0022DFF8D0B1CBE900236B7E0A
:1071D000FF2B00F0F9806B7E012B00F0F580D4E9E5
:1071E0000223DBE90089D6E90001CDE90001104660
:1071F00019460FF083FE64A3D3E9002310F034F89E
:1072000042464B4610F030F8DAE9082310F056F900
:10721000DDE900230FF072FEC6E90001D6E90001A6
:107220000022002310F092FA002840F00881DDE9E6
:107230000201D6E9002310F09DFA002840F05A819F
:107240003346D3E90023C6E900236B7E5BB2002BF3
:1072500000F37D816B7E1A064FF0000848BFD5E928
:1072600002834FF0000948BF03F10049D6E900014D
:1072700042464B4610F088FA08B9D6E90089C6E9BB
:1072800000896B7EFF2B03D06B7E012B7FF426AF32
:10729000D6E90089DDE90201424629F0004310F0F9
:1072A00055FA002800F0F48072B6D4E9060110F017
:1072B0008BFA2369C01A206262B6D4E91423D4E998
:1072C0001A0110F0FBF802460B460FF0CDFFD4E98F
:1072D000022380468946104619460FF00FFE0B46E2
:1072E00002464946404610F0E9F810F06DFA236A6C
:1072F000002B8046C0F2FB8072B6206940440FF03C
:1073000049FFC4E90601C4F8208062B6236A206BF5
:1073100083EAE378A8EBE378636B23F0004110F095
:1073200053FA002808BF012080453FF7D7AE00235D
:107330006B762B7600220023C6E9002372B6D7E9CC
:10734000060110F041FA3B69C01A386262B63B6A26
:107350007A6B386B22F0004183EAE377A7EBE3779F
:1073600010F032FA002808BF012087423FF7B6AE7E
:107370000748FCF79DFFB1E6DDE91267C4E9146731
:10738000F6E6DDE91467E8E600000040E17A843FB4
:107390004093FF1F0000F03F789FFF1F6A7E002A86
:1073A0003FF4AFAE6B7E5BB2002B4FF0000200F3F8
:1073B000C7806B7E1B0600F1C3800023AAE62A7EED
:1073C000002A7FF4A2AE8FE6D4E90223DBE900892C
:1073D000D6E90001CDE90001104619460FF08EFDF7
:1073E0005FA3D3E900230FF03FFF42464B460FF067
:1073F0003BFFDAE9082310F061F802460B46DDE9AD
:1074000000010FF079FDC6E90001574BDBE90001EF
:10741000002210F091F900287BD0D6E90001DDE9C7
:10742000022310F0A7F9002840F08F8002ABD3E9C7
:107430000023C6E90023F1E64C4B0022C3E6DDE958
:107440000223904603F100494046D6E9002349460D
:1074500010F07CF900286DD0C6E900896B7E5BB224
:10746000002B6ADC6B7E19064FF0000848BFD5E997
:1074700002834FF0000948BF03F10049D6E900013B
:1074800042464B4610F06CF900287FF4F8AEF4E663
:1074900072B6D4E9060110F097F92369C01A206288
:1074A00062B6D4E91423D4E91A0110F007F80246B1
:1074B0000B460FF0D9FED4E90223804689461046D8
:1074C00019460FF01BFD0B460246494640460FF099
:1074D000F5FF10F079F9236A002BB8BF5B428342B5
:1074E00080467FF713AF236A002BBFF605AFC8F1C4
:1074F000000801E702ABA4E66B7E5BB2002B3FF70E
:10750000BEAE6B7E180625D44FF000084FF0000980
:10751000B5E6DDE90223904603F100494046D6E98D
:107520000023494610F030F908B1D6E90089C6E9D0
:10753000008973E6D6E900898EE7D5E902899DE7DF
:10754000D5E9022121F00043E4E533466FE7D5E9B0
:1075500002898BE609F10043994690E6AFF300807B
:1075600000000040E17A843F0000F03F0000F0BFDF
:107570002DE9F0410C4691F87010074616461D465D
:1075800029B1D4E91E23C6E9002301232B701D482D
:1075900090F80A1509B9BDE8F081FDF7ADFD0028A6
:1075A000F9D194F87030002BF5D12B78002BF2D064
:1075B0007B7E4FFA83F8002BEDD172B6D4E9060139
:1075C00010F002F92369C31A236262B6276A636B5B
:1075D000206B002F23F00041B8BF7F4210F0F4F879
:1075E000031E08BF01239F4206DD72B6D4E91223B1
:1075F000C6E9002362B6CEE772B685F8008062B6AF
:10760000C9E700BF4093FF1F2DE930488C4A8D4DDC
:1076100013688AB0013328461360FDF76DFD00281A
:107620002FD195F84835012B00F0B080864C874B60
:1076300054E95201CDE90401009354E95401234671
:10764000CDE90201A4F59472A4F18801A4F5247097
:10765000FFF732FD54E94E01CDE9040154E9500130
:107660007B4A0092CDE90201A4F18803A4F1D8027B
:107670002146A4F51870FFF71FFD95F89935002BEA
:107680002CD07448744B50E90245CDE90845734C41
:10769000A0F1580108AAA0F51870FFF769FFDDE90D
:1076A0000801D4E9002310F047F8002847D06C48BF
:1076B0006C4B014671E81445CDE906456A4CA0F5CE
:1076C0002C7006AAFFF754FFDDE90601D4E9002378
:1076D00010F032F850B10AB0BDE8308895F8C935DD
:1076E0005AB2002BCDD185F84825CAE7DDE906015D
:1076F0005E4B00220FF0B8FD10F0AEF800210546F9
:1077000010F0B0FBA0B95A49284610F0BFFB78B979
:107710005849284610F0FEF94FF07C5110F0F0F86F
:1077200010F0FAFB232803D9534B1B6803B11860F0
:10773000DDE90623C4E900230AB0BDE83088DDE9AD
:1077400008014A4B00220FF08FFD10F085F8002150
:10775000054610F087FBA0B94549284610F096FB76
:1077600078B94449284610F0D5F94FF07C5110F013
:10777000C7F810F0D1FB232803D9404B1B6803B195
:107780001860DDE90823C4E9002390E795F89935EE
:10779000022B2DD095F89935FE2B29D095F8C935B7
:1077A000022B04D095F8C935FE2B7FF43FAFD5F8F6
:1077B000B035002B3FF43AAF72B6314BD3E900BC81
:1077C00095F8C9355BB2002B07DC95F8C9351B0667
:1077D00032D44FF0000B4FF0000C2A4C5A4654E9BB
:1077E000020163460FF08AFB44E9020162B61DE71D
:1077F000D5F88035002BD1D072B6234BD3E900BC2D
:1078000095F899355BB2002B07DC95F899351A0687
:107810000ED44FF0000B4FF0000C1C4C5A46D4E92C
:10782000000163460FF06AFBC4E9000162B6B5E7E8
:107830000CF100439C46F0E70CF100439C46CCE77A
:107840007891FF1F4093FF1F509BFF1F809FFF1FDA
:10785000889FFF1F209BFF1F729FFF1F489FFF1FD6
:10786000A09BFF1F739FFF1F509FFF1F0000E03F63
:10787000398EE34C00001042689FFF1F609FFF1F7E
:107880001099FF1F709BFF1FE098FF1FE09AFF1FDA
:1078900008B502460B4604A1D1E900010FF00EFE27
:1078A00008BD00BFAFF300800000000080842E41BF
:1078B00070B592B0284B294E029304460D4608A895
:1078C00002A900960696FFF7C3FA21A3D3E9002385
:1078D000204629460FF0C8FC0FF0BEFF00210446E9
:1078E00010F0C0FA10BB1E49204610F0CFFAE8B9DC
:1078F0001C49204610F00EF94FF07C5110F000F8B2
:1079000010F00AFB2328044610D90EA808A90C96EB
:10791000FFF79EFA22460CA9134807F005FF0C9BBF
:107920000EA8DB689847069BDB6800E00F4B08A8B1
:107930009847009B02A8DB6898470D480D49002234
:107940000023C0E90023C1E9002312B070BD00BFCD
:1079500000000040E17A843F09760100FC0E03003C
:10796000398EE34C00001042589FFF1F616E0100EA
:10797000489FFF1F509FFF1F10B54FF0E02292B0AD
:10798000D2F8203D274C23F07F4343F00053C2F848
:10799000203D02A9244B029308A800940694FFF707
:1079A00057FA08A90EA80C94FFF752FA40F60F6296
:1079B0000CA91E4807F0B8FE0C9B0EA8DB68984780
:1079C000069B08A8DB689847009B02A8DB689847DD
:1079D000174B029302A908A800940694FFF738FAFF
:1079E00008A90EA80C94FFF733FA0CA940F60F6211
:1079F000104807F099FE0C9B0EA8DB689847069B81
:107A000008A8DB689847009B02A8DB6898470A4BE8
:107A10000022202183F8441083F8452083F8462073
:107A200012B010BDFC0E0300716E0100609FFF1FBD
:107A3000916F0100689FFF1F00E400E0F8B508F0B7
:107A4000EDF80E4F0E4E08F0E9F80E4800258024A0
:107A50003A463146056004710BF0E4FB0A483A46A9
:107A60003146056004710BF0DDFB084804713A46AD
:107A700031460560BDE8F8400BF0D4BB2087FF1FFE
:107A8000656E0100589FFF1F609FFF1F689FFF1FCB
:107A900058492DE9F043A1FB00435B09A1FB0341D9
:107AA000C3EB03144909A0EB8400534C1070C1EBE5
:107AB0000115A4FB014CA3EB85034FEA1C1C53707A
:107AC0004E4B4F4E4F4FDFF840810CF10400A3FBAB
:107AD00000430CEB4C04A1EBC4019170C11A03EB01
:107AE00051039B08C3EBC303C01A431C0020D3708F
:107AF000014640F26D190DE0B7EBB40F46D3B8EB79
:107B0000341F34BF4C464FF4B77421448C4500F108
:107B100001000FD35FFA80FE0EF2B27313F003057B
:107B200006FB03F4E8D040F26D1421448C4500F1CB
:107B30000100EFD2354E82F806E0A6FB0306770976
:107B4000A5B36420F60900FB17374FF4C87000FB9B
:107B5000163640F26D10ACEB010CDFF8B4E0604477
:107B6000012100230AE013F80E40844234D80C2986
:107B7000A0EB040012D001310133C9B2012B5FFA2E
:107B800083FCF0D12DB9EFB11D2403E04FF4B7749D
:107B9000BBE71C24A04229D3001BECE74FF00D0CDF
:107BA000013082F805C01071BDE8F083642000FB4D
:107BB0001737F6094FF4C87000FB16363FB14FF483
:107BC000B770C8E7002E14BF1C241D24E2E7002E66
:107BD000BFD14FF4B770BEE70CF1010C5FFA8CFC1B
:107BE000013082F805C01071BDE8F0834FF0020C3F
:107BF000D6E700BF89888888ABAAAAAA254992241B
:107C0000295C8FC2285C8F020AD7A3001F85EB5125
:107C10000C0F030070B5084ED6E90023994208BF47
:107C2000904206D005460C46044AFFF731FFC6E9EC
:107C30000054024B587970BDA89FFF1F989FFF1FEB
:107C400070B5084ED6E90023994208BF904206D08D
:107C500005460C46044AFFF71BFFC6E90054024BD9
:107C6000587870BDA89FFF1F989FFF1F70B5084EE2
:107C7000D6E90023994208BF904206D005460C463B
:107C8000044AFFF705FFC6E90054024B187870BD9F
:107C9000A89FFF1F989FFF1F70B5084ED6E90023CD
:107CA000994208BF904206D005460C46044AFFF7A9
:107CB000EFFEC6E90054024B987870BDA89FFF1FE5
:107CC000989FFF1F70B5084ED6E90023994208BF60
:107CD000904206D005460C46044AFFF7D9FEC6E995
:107CE0000054024B187970BDA89FFF1F989FFF1F7B
:107CF00070B5094ED6E90023994208BF904206D0DC
:107D000005460C46054AFFF7C3FEC6E90054034B7F
:107D1000987900F2B27070BDA89FFF1F989FFF1F57
:107D2000F0B5334A8479864604FB02F2C4B1314887
:107D3000314D324E04F2B27C40F2B3730CE09F0737
:107D400009D1B5EBB10F02D3B6EB311F03D302F566
:107D5000A83202F5C07201339C4500FB03F1EED15D
:107D60009EF8050001282CDD254E2649264D04F2FB
:107D7000B274A6FB04367709642303FB1747F609A0
:107D80004FF4C87303FB164604F00304012308E014
:107D900091F800C00133834205FB0C2201F101017F
:107DA0000FD0022BF4D1002CF2D10FB9002EEFD15D
:107DB000013302F51812834202F56E5201F10101FE
:107DC000EFD19EF801309EF80210C3EB03134FF47D
:107DD0006164980004FB01009EF804309EF80040A6
:107DE00009492044013B01FB030010440021F0BD80
:107DF0008033E101295C8FC2285C8F020AD7A3007F
:107E00001F85EB510C0F030080510100F0B5234D8D
:107E1000234E2B683268234F83B00093009B9B1A3C
:107E2000B3F57A7F37D3396801312C680094009B11
:107E300002F57A729B1AB3F57A7F084601F10101C7
:107E4000F3D2326038600094174C2368834211D813
:107E5000164B1B6873B1984701430ED02B680193F2
:107E6000134B019A1B68326003442360114B386046
:107E700002221A70002103B0F0BD0E490C4A0B78A3
:107E800038681268003B18BF012302440B700021C0
:107E9000226003B0F0BD3868D6E700BF34A0FF1FF2
:107EA000909FFF1FA09FFF1F949FFF1FB09FFF1F6A
:107EB000A087FF1F9F9FFF1F70B5094EFFF7A6FF0A
:107EC000D6E90023994208BF904206D005460C46E9
:107ED000044AFFF7DDFDC6E90054024B987870BDF7
:107EE000A89FFF1F989FFF1F70B5094EFFF78EFFD9
:107EF000D6E90023994208BF904206D005460C46B9
:107F0000044AFFF7C5FDC6E90054024B587870BD1E
:107F1000A89FFF1F989FFF1F70B5094EFFF776FFC0
:107F2000D6E90023994208BF904206D005460C4688
:107F3000044AFFF7ADFDC6E90054024B187870BD46
:107F4000A89FFF1F989FFF1F70B5094EFFF75EFFA8
:107F5000D6E90023994208BF904206D005460C4658
:107F6000044AFFF795FDC6E90054024B187970BD2D
:107F7000A89FFF1F989FFF1F70B5094EFFF746FF90
:107F8000D6E90023994208BF904206D005460C4628
:107F9000044AFFF77DFDC6E90054024B587970BDD5
:107FA000A89FFF1F989FFF1F70B50A4EFFF72EFF77
:107FB000D6E90023994208BF904206D005460C46F8
:107FC000054AFFF765FDC6E90054034B987900F2B6
:107FD000B27070BDA89FFF1F989FFF1F10B40A4B7F
:107FE0000A491B680A4A0B4C1268206083B003449C
:107FF0000B60094B019202211970019A074B1A601C
:1080000003B010BC704700BFA087FF1F949FFF1FE5
:1080100034A0FF1FA09FFF1F9F9FFF1F909FFF1F68
:10802000034A0449044B126808601A60FFF7EEBE69
:10803000A09FFF1FB09FFF1F949FFF1F034B04498A
:108040001B68044A0860034413607047A09FFF1F29
:10805000A087FF1F949FFF1F2DE9F04F8DB0D3F82D
:1080600000B00293179B04901B680591584619466F
:10807000069201930FF044FC01460FF043FC169B5F
:108080000146D3F800A007460FF044FD51460646CE
:1080900050460FF03FFD31460FF034FC1B9C0BF0B7
:1080A00083FC9D49054650460FF034FD51460FF0C4
:1080B00031FD31460FF0CCFE002800F02581294625
:1080C00038460FF027FD2946804650460FF022FD26
:1080D0004146064640460FF01DFD314605463046F6
:1080E0000FF018FD0146814628460FF00BFC49466B
:1080F000074628460FF004FC39460FF0BFFD314615
:10810000054630460FF0FEFB41460FF003FD3946B1
:108110000FF0B4FD00F10043074600933946504686
:108120000FF0F8FC2946814650460FF0F3FC294633
:10813000824658460FF0EEFC49460FF0E3FB294615
:108140000FF0E8FC3946039001980FF0E3FC51462C
:108150000FF0D8FB39460FF0DDFC039B01461846B3
:108160000FF0D0FB189B00991B680793199B0246E0
:108170005846D3F800B01A9B1B680393029B1A6001
:108180000FF0C8FC51460FF0BDFB2946824601980E
:108190000FF0C0FC49460FF0B3FB2946814650461C
:1081A0000FF0B8FC3946019048460FF0B3FC019A35
:1081B000014610460FF0A6FBDDF858C00099CCF838
:1081C000000050460FF0A6FC2946824648460FF0B4
:1081D000A1FC014650460FF095FBDDF85CC0079B03
:1081E000CCF800002946184601930FF093FC39465D
:1081F000814658460FF08EFC014648460FF082FB40
:10820000019B189F0099386018460FF083FC29469F
:10821000074658460FF07EFC014638460FF072FBC9
:108220001999039A08601A990A60D4F800903146A7
:1082300048460FF06FFC67680990314638460FF0EA
:1082400069FCA5680A90314628460FF063FC414658
:108250000B9048460FF05EFC4146206038460FF018
:1082600059FC4146606028460FF054FCE568A06068
:10827000414628460FF04EFC3146E06028460FF09C
:1082800049FC069D014654F825000FF03BFBAB006E
:1082900030336B4444F8250053F80C1CE0680FF0B1
:1082A0002FFB059D049FE0600CAA02EB850354F8A8
:1082B000270053F80C1C0FF025FBBB00303344F8AB
:1082C00027006B4454F8250053F80C1C0FF018FBE2
:1082D000179A44F825001568199A029E14681A9A8C
:1082E00033681068169A1168189A12683560169DDE
:1082F0002C60179C20601898016019990A601A9ADE
:1083000013600DB0BDE8F08F044F054BDFF814800B
:10831000054E00933D4601E77A82BA40F404353FAA
:10832000F40435BF5E836C3F15EFC33E2DE9F04783
:108330000C46014616461D4607460FF0EBFB21464C
:10834000804620460FF0E6FB014640460FF0DAFA81
:108350004FF07C5181460FF0DDFB424BA3EB6908E7
:10836000414682460FF0D6FB41460FF0D3FB014653
:108370004FF07F500FF0C4FA41460FF0CBFB804620
:10838000414650460FF0C6FB41460FF0C3FB014685
:108390004FF07F500FF0B4FA014640460FF0BAFBA1
:1083A00049460FF0B7FB304980460FF06FFD00B92A
:1083B00000242D492C6040460BF0C6FB014627F0F7
:1083C00000400FF09FFA00210446306038460FF05D
:1083D0003FFD10B12B682C601C46346021462046BE
:1083E0000FF098FBD5F800800746414640460FF055
:1083F00091FB014638460FF085FA1A4F4FF07C5139
:1084000081460FF087FBA7EB6907394680460FF0DE
:1084100081FB39460FF07EFB01464FF07F500FF095
:108420006FFA39460FF076FB0746394640460FF0A3
:1084300071FB39460FF06EFB01464FF07F500FF095
:108440005FFA014638460FF065FB014607462046B5
:108450000FF060FB3060286839460FF05BFB286046
:10846000BDE8F0879E59375FBD3786352DE9F04F5F
:10847000A5B08B46014615461E460B920E93074645
:1084800008900FF047FB3146044630460FF042FBA0
:10849000014620460FF036FA3099044608460FF0A0
:1084A00039FB014620460FF02DFA59461490384604
:1084B0000FF030FB2E99044630460FF02BFB01469F
:1084C00020460FF01FFA3199044630980FF022FB36
:1084D000014620460FF016FA5946159058460FF0FF
:1084E00019FB2E99044608460FF014FB014620465E
:1084F0000FF008FA3199044608460FF00BFB0146CD
:1085000020460FF0FFF92946169038460FF002FB7F
:108510002F99044630460FF0FDFA014620460FF031
:10852000F1F93299044630980FF0F4FA01462046EA
:108530000FF0E8F92946179058460FF0EBFA2F99FB
:1085400004462E980FF0E6FA014620460FF0DAF9BD
:108550003299044631980FF0DDFA014620460FF0BB
:10856000D1F92946189028460FF0D4FA2F990446DD
:1085700008460FF0CFFA014620460FF0C3F93299B2
:10858000044608460FF0C6FA014620460FF0BAF935
:1085900000234FF07E52199023922093219322932F
:1085A0004FF0040A0DF180090DF1640818AF17AE01
:1085B00016AD15AC14AB0222012100208DE8F000AD
:1085C000CDF81490CDF81080FFF746FD14AB0022D3
:1085D000022101208DE8F000CDF81490CDF8108034
:1085E000FFF73AFD8DE8F000CDF81490CDF810803B
:1085F00014AB012200210220FFF72EFDBAF1010A7F
:10860000D8D1209E219D229C314630460FF082FA1F
:108610002946079028460FF07DFA214680462046DD
:108620000FF078FA2146824630460FF073FA294659
:10863000814630460FF06EFA21460C9028460FF026
:1086400069FA239F3146064638460FF063FA2946F9
:10865000054638460FF05EFA2146844638466446A1
:108660000FF058FA5146099040460FF04BF9014679
:108670000FF048F901464FF07E500FF041F9459B4D
:10868000099A18600C9B0A921146184609930FF03C
:1086900037F901460FF036F9469B214618604846E7
:1086A0000FF030F901460FF02DF9479B0A9A186038
:1086B000099B114618460FF025F901460FF022F9E3
:1086C000489B079F1860514638460FF01BF901463A
:1086D0000FF018F901464FF07E500FF011F9499B49
:1086E0002946186030460FF00BF901460FF00AF9E1
:1086F0004A9B2146186048460FF002F901460FF0E8
:1087000001F94B9B2946186030460FF0FBF80146F3
:108710000FF0F8F84C9B4146186038460FF0F2F81D
:1087200001460FF0EFF801464FF07E500FF0E8F8E9
:108730004D9BDDF820801860459B489A1B68099383
:1087400005464146184616680FF0E4F959460446B6
:1087500030460D960FF0DEF9014620460FF0D2F8B4
:108760004B9A0B9FD2F800A0469A044639465046D1
:1087700016680FF0CFF9014620460FF0C3F80790B6
:10878000499A0C9641463046D2F800900FF0C2F953
:108790005946044648460FF0BDF9014620460FF001
:1087A000B1F84C9AD2F80080479A044612680A92AF
:1087B000394640460FF0AEF9014620460FF0A2F8C8
:1087C00008994A9C07460A9826680FF0A3F959466B
:1087D000044630460FF09EF9014620460FF092F80D
:1087E000294604460B980FF095F9014620460FF0F4
:1087F00089F8DDF838B00890594609980FF08AF9E1
:108800002E9904460D980FF085F9014620460FF089
:1088100079F82F99044650460FF07CF9014620461E
:108820000FF070F859460E900C980FF073F92E99CE
:10883000044648460FF06EF9014620460FF062F8F4
:108840002F99044640460FF065F9014620460FF087
:1088500059F8594604460A980FF05CF92E99834658
:1088600030460FF057F9014658460FF04BF82946AD
:1088700083462F980FF04EF9014658460FF042F804
:108880003099834609980FF045F931990B900D986E
:108890000FF040F90B9B014618460FF033F8329960
:1088A0000B9050460FF036F90B9B014618460FF01F
:1088B00029F8309982460C980FF02CF90B903199D9
:1088C00048460FF027F90B9B014618460FF01AF89F
:1088D0003299814640460FF01DF9014648460FF097
:1088E00011F8309980460A980FF014F931998146B1
:1088F00030460FF00FF9014648460FF003F82946BD
:10890000064632980FF006F9014630460EF0FAFF9F
:108910000799814608460FF0FDF80E9A0B92114612
:10892000054610460FF0F6F8014628460EF0EAFF1D
:108930005146054650460FF0EDF8014628460EF028
:10894000E1FF3946054638460FF0E4F82146064671
:1089500020460FF0DFF8014630460EF0D3FF4146C7
:10896000064640460FF0D6F8014630460EF0CAFFE4
:1089700008990A9008460FF0CDF859460646584621
:108980000FF0C8F8014630460EF0BCFF49460646D7
:1089900048460FF0BFF8014630460EF0B3FF0A9983
:1089A000064628460FF054FADDF81CC00CF10042D0
:1089B00096460D9229460B9A002840F0DA82099BD0
:1089C0000A9D0D9703F10043109307F100430B93A9
:1089D00004F100430C9308F10043099302F10043B2
:1089E00007930AF100430E94CDF84880CDF83CE09F
:1089F0000A91674614461193D046DDF828A0304608
:108A000051460FF043FA002824D00F9B089F08938B
:108A1000479B459A1B681360479B109A1A604A9AB5
:108A2000489B1168489A1B6811604A9A03F10043F9
:108A300013604D9A4B9B11684B9A1B6811604D9ABD
:108A4000C8465C4603F10043DDF84490DDF81CB0F5
:108A500013605646294630460FF018FA002840F0B9
:108A6000BE82089B0B930D9B08934D9BCDF82490E1
:108A7000CDF830B0DDF84890DDF838B01B684D9A7D
:108A80002146136038461AAA1BABFFF74FFCDDF8EE
:108A90006CA0514650460EF035FF51460FF03AF8A3
:108AA00001464FF07E500EF02BFF1A9B0A930546AD
:108AB000194618460EF026FF51460FF02BF82946AE
:108AC000079038460FF026F82146064607980FF023
:108AD00021F8014630460EF015FF3C9B08991860BE
:108AE00028460FF017F85946064607980FF012F877
:108AF000014630460EF006FF3D9B0B991860284654
:108B00000FF008F80C99064607980FF003F8014695
:108B100030460EF0F7FE3E9B1860079B03F10046BF
:108B2000314638460EF0F6FF2146074628460EF03D
:108B3000F1FF014638460EF0E5FE3F9B08991860AC
:108B400030460EF0E7FF5946044628460EF0E2FF95
:108B5000014620460EF0D6FE409B0B991860304629
:108B60000EF0D8FF0C99044628460EF0D3FF0146BC
:108B700020460EF0C7FE419B449A1860429BC3F802
:108B80000080439BC3F80090099B13603C9A1668D1
:108B9000429A17681DAB1CAA39463046FFF7C6FB40
:108BA0001D9D294628460EF0ADFE29460EF0B2FF67
:108BB00001464FF07E500EF0A3FE1C9B0893194611
:108BC000044618460EF09EFE0E90014628460EF012
:108BD000A1FF2146834630460EF09CFF5946804651
:108BE00038460EF097FF014640460EF08BFE3D9A48
:108BF000DDF80CC112680F9011462046DCF80080A9
:108C00000C920EF087FF414681465846CDF82CB0B5
:108C10000EF080FF014648460EF074FE3E9A10901A
:108C2000D2F80090204649460EF074FF0999834619
:108C30000B980EF06FFF014658460EF063FE0B9A3C
:108C40000346304602F10046314611930EF062FFB2
:108C50002146834638460EF05DFF014658460EF029
:108C600051FE0C9A0346314610460C930EF052FF0B
:108C70004146074620460EF04DFF014638460EF0AD
:108C800041FE3146804648460EF044FF09990646AB
:108C900020460EF03FFF014630460EF033FE409A6C
:108CA0003F9CD2F80090D4F800B0419C0D901EAAD1
:108CB0001FAB2468099441464846FFF737FB1F9CC9
:108CC000214620460EF01EFE21460EF023FF0146EF
:108CD0004FF07E500EF014FE1E9B1393194606466D
:108CE00018460EF00FFE1290014620460EF012FFBD
:108CF0003C9A0F9F17603D9A109F17603E9A119FF4
:108D000017603146074658460EF004FF39460F906B
:108D10000C980EF0FFFE0F9A014610460EF0F2FD81
:108D20003F9A3146106048460EF0F4FE39460F90E7
:108D300040460EF0EFFE0F9A014610460EF0E2FD9F
:108D4000409A3146106009980EF0E4FE39460F90C3
:108D50000D980EF0DFFE0F9A014610460EF0D2FD80
:108D6000419A1060584607F1004B59460EF0D2FE6A
:108D700031460F900C980EF0CDFE0F9A014610462A
:108D80000EF0C0FD429A5946106048460EF0C2FEF1
:108D90003146814640460EF0BDFE014648460EF083
:108DA000B1FD439A5946106009980EF0B3FE314662
:108DB00080460D980EF0AEFE014640460EF0A2FD34
:108DC000449A5146106050460EF0A4FE01460EF043
:108DD00099FD4FF07E510EF093FD294680462846BE
:108DE0000EF098FE01460EF08DFD4FF07E510D9075
:108DF0000EF086FD8146014640460EF08BFE339A0A
:108E00002146106020460EF085FE01460EF07AFDE8
:108E10004FF07E510EF074FD4FF0814106460898E8
:108E20000EF078FE139B099319460EF073FE41462F
:108E30000EF070FE29460EF06DFE21460EF06AFE21
:108E40003146834607980EF065FE014658460EF0FF
:108E500059FD349A4FF0814110600A980EF05AFE85
:108E6000099B0C9319460EF055FE51460EF052FE2A
:108E700021460EF04FFE414683460E980EF04AFE04
:108E800029460EF047FE31460EF044FE0146584694
:108E90000EF036FD359A10600D9A4FF07E50114657
:108EA0000EF02EFD02461146079809920EF032FE92
:108EB000369A4FF0414110600A980EF02BFE089947
:108EC0000EF028FE0C9B079319460EF023FE514628
:108ED0000EF020FE29460EF01DFE21460EF01AFE71
:108EE0003146834640460EF015FE014658460EF0C8
:108EF00009FD379A089910600A980EF00BFE294672
:108F00000EF008FE31460EF005FE079B0546194699
:108F100050460EF0FFFD21460EF0FCFD01462846AE
:108F20000EF0F0FC4FF08141054650460EF0F2FD88
:108F3000014628460EF0EEFD39460EF0E1FC389B66
:108F4000099A1860399BDDF82CB0C3F800B01146BF
:108F500012980EF0DFFD21460EF0DCFD3A9B314603
:108F6000186048460EF0D6FD3B9B186025B0BDE862
:108F7000F08F459B0C991960099B0C9203F10041FD
:108F8000469BCDF824A01960079B0B93489B19685A
:108F9000499B1868489B1860499B01F10041196082
:108FA0004B9B19684C9B18684B9B18604C9B01F1BC
:108FB00000411960459B1B6803F10043109302F1C7
:108FC00000430E930AF10043129307F100430F93FD
:108FD00004F10043079308F1004311930DE5469B0C
:108FE000479A46991B6812680A60479A499903F1A3
:108FF00000431360499B4A9A1B6812680A604A9AA8
:109000004C9903F1004313604C9B4D9A1B68126806
:109010000A6003F1004332E503A3D3E900230AF019
:10902000C9B900BFAFF3008000000060FB21194008
:109030002DE970430C4615460646D2E90423D1E9D2
:1090400002010EF011F9D5E9022380468946D4E9E0
:1090500004010EF009F902460B46404649460DF060
:109060004BFFC6E90001D5E90023D4E904010EF065
:10907000FBF8D5E9042380468946D4E900010EF0C7
:10908000F3F802460B46404649460DF035FFC6E967
:109090000201D5E90223D4E900010EF0E5F8D5E993
:1090A000002380468946D4E902010EF0DDF802462D
:1090B0000B46404649460DF01FFFC6E90401BDE8D6
:1090C000708300BFF8B5D1E9002304460D46D0E90E
:1090D00000010EF0C9F8D5E9022306460F46D4E98F
:1090E00002010EF0C1F802460B46304639460DF03B
:1090F00005FFD5E9042306460F46D4E904010EF026
:10910000B3F802460B46304639460DF0F7FEF8BD7F
:109110002DE9F04FD0E9022389B0D0E90067D1E909
:109120000089CDE900230C46D0E90412D4E902AB52
:10913000CDE904123B46324630463946CDE902AB12
:109140000EF092F8D4E904AB0D460446DDE90001C7
:1091500002460B460EF088F802460B46204629468A
:109160000DF0CCFE04460D46DDE9040102460B4637
:109170000EF07AF802460B46204629460DF0BEFE58
:109180000AF040F94246CDE906014B4640464946C1
:109190000EF06AF804460D46DDE9020102460B4670
:1091A0000EF062F802460B46204629460DF0A6FE58
:1091B000524604460D465B46504659460EF054F85A
:1091C00002460B46204629460DF098FE0AF01AF991
:1091D000424604460D464B46304639460EF044F8AA
:1091E000DDE9022306460F46DDE900010EF03CF8FA
:1091F00002460B46304639460DF080FE5246064682
:109200000F465B46DDE904010EF02EF802460B46E0
:10921000304639460DF072FEDDE9062306460F465C
:10922000204629460EF020F802460B4630463946C5
:109230000EF044F909B0BDE8F04F09F0FBBF00BFE4
:109240002DE9F04FD1E9004583B0D1E902898A4682
:10925000834622462B46204629460EF005F8DAE9D9
:1092600004230646CDE900230F4642464B464046BE
:1092700049460DF0F9FF02460B46304639460DF0DF
:109280003DFEDDE9002306460F46104619460DF067
:10929000EBFF02460B46304639460DF02FFE0AF032
:1092A000B1F802460B4600200E490EF007F922469F
:1092B0002B4606460F460DF0D7FFCBE9000132469C
:1092C000DAE902013B460DF0CFFFCBE9020132465D
:1092D000DAE904013B460DF0C7FFCBE9040103B016
:1092E000BDE8F08F0000F03F2DE9F047DDE9088987
:1092F00004464946404692461D460AF043FA064651
:109300000F46504629460AF03DFA02460B463046C3
:1093100039460DF0A9FFC4E90001504605F10041AE
:109320000AF0BCFA02460B46304639460DF09CFF67
:10933000C4E90201404649460AF0B0FAC4E9040112
:10934000BDE8F08701F1480CD1E90023C0E9002312
:10935000D1E90223C0E90223D1E9042318318C4565
:1093600000F1180040E90223EED1704730B4A1F1BA
:1093700008031031F3E90245C0E90045D3E9064589
:10938000C0E90245D3E90C45994200F1180040E9D3
:109390000245EFD130BC70472DE9F0478246DAE94B
:1093A0001089DAE90E34D0E9080188B0CDE900343B
:1093B00042464B46DAE90A67CDE906010DF054FF53
:1093C000DAE906230446CDE902230D4632463B4640
:1093D000DDE900010DF048FF02460B462046294614
:1093E0000DF08AFDDAE90C45DAE90023CDE9044500
:1093F0000DF03AFF02460B464046494690469946D4
:10940000DDE902230DF030FFDDE9042304460D46BB
:10941000304639460DF028FF02460B4620462946C5
:109420000DF06AFDDAE902230DF01EFF02460B463D
:10943000404649460DF060FDDDE9022304460D4635
:10944000DDE900010DF010FFDDE9042306460F46BB
:10945000DDE906010DF008FF02460B4630463946AD
:109460000DF04AFDDAE904230DF0FEFE02460B463C
:10947000204629460DF042FD08B0BDE8F08700BF48
:109480002DE9F04F834687B008468A46FFF784FFF0
:1094900002460B46002089490EF010F8DAE90A343A
:1094A00080468946DAE91001CDE90034DAE908237B
:1094B000DAE90E67CDE902010DF0D6FEDDE9002301
:1094C00004460D46304639460DF0CEFE02460B46A8
:1094D000204629460DF010FD42464B460DF0C4FED5
:1094E000CBE9000130463946DAE9046732463B46AB
:1094F0000DF0BAFEDAE9022304460D46DDE9020169
:109500000DF0B2FE02460B46204629460DF0F4FC53
:1095100042464B460DF0A8FECBE90201DDE9000111
:10952000DAE902230DF0A0FEDAE9082304460D462D
:10953000304639460DF098FE02460B462046294635
:109540000DF0DAFC42464B460DF08EFECBE90401ED
:10955000DAE90A3418462146DAE90C23DAE9106719
:10956000CDE902010DF080FEDAE9062304460D463E
:10957000304639460DF078FE02460B462046294615
:109580000DF0BAFC42464B460DF06EFECBE90601EB
:10959000DAE90023DAE90C4530463946CDE90045E1
:1095A000DAE90467CDE904230DF05EFEDDE900236E
:1095B00004460D46304639460DF056FE02460B462F
:1095C000204629460DF098FC42464B460DF04CFED5
:1095D000CBE9080130463946DAE9066732463B46B0
:1095E0000DF042FEDDE9042304460D46DDE90201EB
:1095F0000DF03AFE02460B46204629460DF07CFC53
:1096000042464B460DF030FEDAE90E34CBE90A0152
:10961000CDE902341A463046234639460DF024FE81
:10962000DAE9082304460D46DDE900010DF01CFED1
:1096300002460B46204629460DF05EFC42464B464C
:109640000DF012FECBE90C01DAE90223DAE90C0194
:109650000DF00AFEDAE9006704460D463246DDE900
:1096600002013B460DF000FE02460B46204629460D
:109670000DF042FC42464B460DF0F6FDCBE90E01E3
:109680003046DAE9082339460DF0EEFDDAE9022327
:1096900004460D46DAE906010DF0E6FD02460B46EA
:1096A000204629460DF028FC42464B460DF0DCFDD5
:1096B000CBE9100107B0BDE8F08F00BF0000F03F1C
:1096C0002DE9F04F85B001F14803029302F1480300
:1096D00089460190039302F1600BDDF80C80DDF800
:1096E00004A0A8F148064F4600240025F6E806230A
:1096F000F7E802010DF0B8FD02460B462046294668
:109700000DF0FCFB464504460D46EFD106F1080876
:10971000D845EAE80245E4D1019B18330193029B46
:1097200009F118099945D8D105B0BDE8F08F00BFFF
:109730002DE9F04F83B0A2F108038846A0F1080A92
:1097400001F1480B019302F11009019E47460024E4
:109750000025F6E90223F7E802010DF085FD024637
:109760000B46204629460DF0C9FB4E4504460D46E2
:10977000EFD108F11808D845EAE90245E5D103B070
:10978000BDE8F08F30B40C4D002200230024C0E966
:109790000045C0E90845C0E91045C0E9062330BCD2
:1097A000C0E90C23C0E90223C0E90E23C0E9042369
:1097B000C0E90A23704700BF0000F03F82B02DE9E6
:1097C000D043DDE9088906A981E80C000446494632
:1097D000404609F0D7FF06460F46404649460AF084
:1097E0005DF89DF81830012B06D0022B40D00BB34A
:1097F000BDE8D04302B070470B460246C4E90423DB
:1098000000220023C4E90623C4E90223C4E90E238D
:10981000C4E90A23254B206301F100410022C4E979
:109820000067C4E91067C4E908236163BDE8D04359
:1098300002B070470B460246C4E90E230022002303
:10984000C4E90623C4E90C23C4E90223C4E90423C0
:10985000164BA06201F100410022C4E90867C4E987
:109860001067C4E90023E162BDE8D04302B070474D
:109870000B460246C4E906230C4BA0600022C4E953
:10988000102301F1004100220023C4E90067C4E96C
:109890000867C4E90C23C4E90E23C4E90423C4E91E
:1098A0000A23E160BDE8D04302B070470000F03FFA
:1098B0002DE9F041214DB8B00024CDE91445CDE9A2
:1098C0001C45CDE92445171E4FF000044FF000055C
:1098D000CDE91A45CDE92045CDE91645CDE922452A
:1098E000CDE91845CDE91E45804624DD0C4600250E
:1098F00026AE04F1080393E803008DE8030002A8F4
:1099000094E80C00FFF75AFF02AA14A93046FFF7AB
:10991000D7FE01354822314614A806F0FDF9AF42C2
:1099200004F11004E5D148223146404606F0F4F92E
:1099300038B0BDE8F08126AEF5E700BF0000F03F8B
:109940002DE9F843D0E9048904460E4617461D4622
:109950000022254B404649460DF0F8FE002835D040
:10996000224B0022404649460DF00EFFD8B140463A
:10997000494609F087FCC7E90001D4E90A0303F16D
:109980000041D4E9102309F0A5FCC6E90001D4E99F
:10999000020303F10041D4E9002309F09BFCC5E96F
:1099A0000001BDE8F8830CA3D3E90023C7E9002335
:1099B00000220023C6E90023D4E90823D4E90601E4
:1099C00009F088FCC5E90001BDE8F88304A3D3E9E8
:1099D0000023EBE7AFF3008000000060FB21F9BF3C
:1099E00000000060FB21F93F0000F03F0000F0BFE5
:1099F00082B02DE9F04708A981E80C009DF82030DD
:109A0000002B68D0D0E90045824635A3D3E9002376
:109A1000204629460DF09AFE00285CD132A3D3E9F6
:109A20000023204629460DF01FFC31A3D3E9002373
:109A300006460F460DF062FA02460B462EA1D1E90A
:109A400000010DF03BFD32463B460DF057FA2CA3CA
:109A5000D3E900230DF008FC09F078FF2AA3D3E92D
:109A6000002306460F46DDE90A010DF047FA0246DB
:109A70000B4627A1D1E900010DF020FD2C4B8046BB
:109A800089460022DDE90C010DF018FD02460B4667
:109A9000404649460DF0E8FB32463B4606460F4637
:109AA0001DA1D1E900010DF009FD1DA3D3E900239B
:109AB0000DF024FA02460B46304639460DF0D4FB31
:109AC00019A3D3E900230DF0CFFB22462B460DF05E
:109AD00015FACAE90001BDE8F04702B0704700BFBF
:109AE000000000E051B8AEBF00000000DCA54C4013
:109AF000000000E0A3701440000000A099992440E9
:109B0000000000A046DF913F0000000000107140FF
:109B10000000000000B0714000000080EB51F03FF9
:109B2000000000E032965F3F000000604B10333FC2
:109B300000908F40FFFFFFFF82B02DE9F04708A99A
:109B400081E80C009DF82030002B69D0D0E9004559
:109B5000824635A3D3E90023204629460DF0F6FDC1
:109B600000285DD132A3D3E90023204629460DF019
:109B70007BFB31A3D3E9002306460F460DF0BEF967
:109B800002460B462EA1D1E900010DF097FC3246AA
:109B90003B460DF0B3F92CA3D3E900230DF064FB91
:109BA00009F0D4FE2AA3D3E9002306460F46DDE9D7
:109BB0000A010DF0A3F902460B4627A1D1E90001E5
:109BC0000DF07CFC2A4B804689460022DDE90C0121
:109BD0000DF074FC02460B46404649460DF044FB2E
:109BE00032463B4606460F46002022490DF066FCF1
:109BF0001BA3D3E900230DF081F902460B46304642
:109C000039460DF031FB18A3D3E900230DF02CFBEE
:109C100002460B46204629460DF06EF9CAE90001BE
:109C2000BDE8F04702B07047000000E051B8AEBF99
:109C300000000000DCA54C40000000A099991140F4
:109C4000000000A0703D1D40000000A046DF913FD5
:109C500000000000001071400000000000B07140E2
:109C6000000000209A24563F000000604B10333F54
:109C700000908F400000F03F704700BF704700BF6A
:109C80002DE9F0470D46BCB00646D0E90601144662
:109C90000DF0E2FD8246D6E904010DF0DDFD8146BE
:109CA000D6E902010DF0D8FD8046D6E900010DF09D
:109CB000D3FD3BAB1F933AAB1E9339AB1D9338AB2F
:109CC0001C9337AB1B9336AB1A9335AB199334AB5C
:109CD000189333AB179332AB169331AB159330AB6C
:109CE00014932FAB13932EAB12932DAB11932CAB7C
:109CF00010932BAB0F932AAB0E9329AB0D9328AB8C
:109D00000C9327AB0B9326AB0A9325AB099324AB9B
:109D1000089323AB079322AB069321AB0593074629
:109D2000D6E910010DF098FD0490D6E90E010DF072
:109D300093FD0390D6E90C010DF08EFD0290D6E95B
:109D40000A010DF089FD0190D6E908010DF084FDAE
:109D500053464A46009041463846FEF787FB219815
:109D60000DF02AFAC5E9000122980DF025FAC5E99F
:109D7000020123980DF020FAC5E9040124980DF0A2
:109D80001BFAC5E9060125980DF016FAC5E9080188
:109D900026980DF011FAC5E90A0127980DF00CFA82
:109DA000C5E90C0128980DF007FAC5E90E012998BC
:109DB0000DF002FAC5E9100133980DF0FDF9C4E980
:109DC000000134980DF0F8F9C4E9020135980DF05E
:109DD000F3F9C4E9040136980DF0EEF9C4E906017F
:109DE00037980DF0E9F9C4E9080138980DF0E4F965
:109DF000C4E90A0139980DF0DFF9C4E90C013A9879
:109E00000DF0DAF9C4E90E013B980DF0D5F9C4E97B
:109E100010013CB0BDE8F087C0E902230122022313
:109E2000027480F82030DDE90023C0E90623DDE973
:109E300002234FF0000C03F10043C0E90A2380F82D
:109E400000C070472DE9F0410446904601F110072B
:109E500001F120050FC9BAB00DF1280C8CE80F00F4
:109E600097E80F000EAE86E80F0095E80F000DF1A1
:109E7000480E8EE80F00614616A80322FFF718FD72
:109E8000424616A928A8FFF71BFC04AB06AA08A99E
:109E900028A8FFF755FDDDE90401DDE90623CDE93A
:109EA0000201CDE900232046DDE9082300F026FE6B
:109EB00020463AB0BDE8F0812DE9F0471F46AEB02C
:109EC0000023CDE91833012301F1200E164601F1DC
:109ED000100A8DF8603004460FC90DF1300888E88B
:109EE0000F009AE80F000DF1400989E80F009EE885
:109EF0000F000DF1500C8CE80F003B4632461EA1BE
:109F0000D1E900010CF0F8FF9DF8D850CDE91A0115
:109F1000042241461CA8FFF7CBFC0AAB1CA808AAE8
:109F200006A9FFF70DFDD5B9DDE90A2314A1D1E992
:109F300000010CF0E1FFDDE90667DDE90889FFF7C4
:109F40006BF8CDE90089CDE90201049532463B4624
:109F5000204600F025FA20462EB0BDE8F08738AB49
:109F60000FCB8DE80F0036AB0CCB08A8FFF740FDF8
:109F7000DAE700BFAFF3008000000060FB21F93F8B
:109F800000000060FB2109402DE9F04194B00DF183
:109F9000680E0446884616461F46BEE80F00EC468B
:109FA0009DF88850ACE80F009EE8030032468CE82C
:109FB00003003B46414606A8FFF77EFF2046DDE949
:109FC0002023009506A900F09FFA204614B0BDE8B2
:109FD000F08100BFD0E90201704700BFD0E906015F
:109FE000704700BFD0E90A0303F10041704700BF8A
:109FF000D0E90A01704700BF38B50446194610463B
:10A00000D4E90A230CF07AFFFFF706F800220023B8
:10A0100004460D460DF09AFB40B12046294606A3A2
:10A02000D3E900230CF06AFF04460D46204629467A
:10A0300038BD00BFAFF3008000000060FB21194075
:10A040002DE9F04FD1E900678FB00C4604910590DF
:10A05000834639463046CDE9062309F093FBD4E91F
:10A0600002458046894620462946CDE9008909F007
:10A0700089FB02460B4640464946CDE902230DF0D6
:10A08000F3F8BDA3D3E90023884621F000418146BF
:10A090000DF05CFBA0BB3046394609F0FFFB0246E1
:10A0A0000B461E46204629461546CDE9085609F0BE
:10A0B000F5FB03460C46CDE90A3402460B4628461A
:10A0C00031460DF0D1F802460B46DBE904010CF0F5
:10A0D00013FF4A4643460DF0F1F9AF4B0022044608
:10A0E0000D460DF033FB064650B9AC4B002220461E
:10A0F00029460DF049FB38B130460FB0BDE8F08F6E
:10A1000000200FB0BDE8F08F2046294609F0BAF8CC
:10A1100002460B469AA1D1E90001CDE90C230CF0CF
:10A12000EBFE0B461D46049B02461446DDE9060184
:10A13000D3E90423CDE906450CF0E0FE02460B46C8
:10A1400082468B46204629460CF0D6FE8CA3D3E9E6
:10A15000002304460D460DF017FBA0B10FF228298D
:10A16000D9E9008986A7D7E90067204629464246F3
:10A170004B460CF0C1FE32463B4604460D460DF000
:10A1800003FB0028F1D182A3D3E90023204629460E
:10A190000DF0E6FAA0B10FF2F019D9E900897CA719
:10A1A000D7E900672046294642464B460CF0A6FEFA
:10A1B00032463B4604460D460DF0D2FA0028F1D156
:10A1C00052465B46DDE90C010CF096FE6CA3D3E928
:10A1D000002325F0004980460D460DF0D5FAA0B1C8
:10A1E0000FF2A41BDBE900AB65A7D7E90067404687
:10A1F000294652465B460CF07FFE32463B4680467F
:10A200000D460DF0C1FA0028F1D161A3D3E9002376
:10A21000404629460DF0A4FAA0B10FF26C1BDBE911
:10A2200000AB5BA7D7E900674046294652465B462C
:10A230000CF064FE32463B4680460D460DF090FA27
:10A240000028F1D1424625F00043204649460DF052
:10A250007DFA18B9DDE90C34CDE90634DDE906678D
:10A260003046394609F08EFA04460D4630463946E6
:10A2700009F014FBDDE900AB22462B4680468946F7
:10A28000504659460CF0F0FFDDE9022304460D4626
:10A29000DDE908010CF0E8FF42464B4606460F4652
:10A2A000504659460CF0E0FFDDE90A230CF0DCFFD4
:10A2B00002460B46304639460CF01EFE22462B461F
:10A2C00009F008F80D4605990446D1E90023D1E9C3
:10A2D000020108F0FFFF02460B46204629460CF01B
:10A2E0000BFE27A3D3E90023804689460DF04CFAE4
:10A2F00098B125A7D7E9006721A5D5E900454046D3
:10A30000494632463B460CF0F7FD22462B46804636
:10A3100089460DF039FA0028F1D11DA3D3E90023B5
:10A32000404649460DF01CFA98B117A5D5E90045FD
:10A3300017A7D7E900674046494622462B460CF04E
:10A34000DDFD32463B46804689460DF009FA00287D
:10A35000F1D1189BC3E90089049BDDE90601D3E92B
:10A3600004230CF0C9FD199BC3E9000101200FB0C3
:10A37000BDE8F08FAFF30080000000809997713D39
:10A3800000000060FB21094000000060FB21194033
:10A3900000000060FB2109C00000F0BF0000F03F9A
:10A3A000F8B5044616461F460FA1D1E90001DDE9C4
:10A3B00008230CF0A1FD9DF82850FEF72DFEDDE9E5
:10A3C0000623C4E90623022384F820300022012357
:10A3D000C4E90A01C4E9026784F8305020462270BB
:10A3E0002374F8BDAFF3008000000060FB2109403A
:10A3F0002DE9F0431F46ADB00023CDE9163301230C
:10A4000001F1200E0546164601F110098DF858306D
:10A410000FC90AAC84E80F0099E80F000DF1380865
:10A4200088E80F009EE80F000DF1480C8CE80F0043
:10A4300032463B4614A1D1E900010CF05DFD042237
:10A4400001F10043189021461AA81993FFF730FA3A
:10A4500008AB06AA04A91AA8FFF772FA0999089A84
:10A4600001F10043CDE90223DDE906232846CDE9C9
:10A470000023DDE90423FFF7CFFC28462DB0BDE81B
:10A48000F08300BFAFF3008000000060FB21F93FC4
:10A490002DE9F0410446904601F1100701F1200535
:10A4A0000FC9BAB00DF1280C8CE80F0097E80F0027
:10A4B0000EAE86E80F0095E80F000DF1480E8EE80D
:10A4C0000F00614616A80322FFF7F2F9424616A9CB
:10A4D00028A8FFF7F5F808AB06AA04A928A8FFF7F3
:10A4E0002FFA0999089A01F10043CDE90223DDE929
:10A4F00006232046CDE90023DDE9042300F0A8F976
:10A5000020463AB0BDE8F0812DE9F04FADF50D7D64
:10A510001C469DF85862059682460D469046D3E942
:10A520000001002200230DF007F9002845D0D4E9EE
:10A530000201002200230DF0FFF800283DD0D4E9ED
:10A540000401002200230DF0F7F8002835D0002E7A
:10A5500000F0508105F110039B460AAB049395E887
:10A560000F0016AE86E80F009BE80F0005F1200EE5
:10A570000DF1680989E80F009EE80F000DF1780CD5
:10A580008CE80F0044AF314632A80322FFF790F960
:10A59000424632A93846FFF793F8049B08AA06A959
:10A5A0003846FFF7CDF9DDE9082395A1D1E900018F
:10A5B0000CF0A2FC804689462DE005F110039B4675
:10A5C0000AAB049395E80F0016AE86E80F009BE8EF
:10A5D0000F0005F1200E0DF1680989E80F009EE8D3
:10A5E0000F000DF1780C8CE80F0044AF31460322C8
:10A5F00032A8FFF75DF9424632A93846FFF760F806
:10A60000049B08AA06A93846FFF79AF9059B002B78
:10A61000C9D1DDE90889D4E9006500223046294620
:10A6200000230DF089F8002869D0D4E90201002246
:10A6300000230DF081F8002861D0D4E90401002244
:10A6400000230DF079F8002859D0059B002B6FD01E
:10A650006BA3D3E90023DDE90A010CF04FFC68A3EA
:10A66000D3E9002305460C460DF08EF8A0B10FF299
:10A670009819D9E9008962A7D7E9006728462146D9
:10A6800042464B460CF038FC32463B4605460C46EB
:10A690000DF07AF80028F1D15DA3D3E90023284614
:10A6A00021460DF05DF8A0B157A7D7E900670FF27A
:10A6B0006019D9E900892846214632463B460CF00C
:10A6C0001DFC42464B4605460C460DF049F8002855
:10A6D000F1D1284604F10041DDE90823CDE902016A
:10A6E00047A1D1E900010CF007FCDDE90645CDE901
:10A6F000000122462B46504600F0AAF828E0DDE98A
:10A7000044BC0EA942460DF130080191CDF80080FD
:10A71000CDE910BCD7E902BCCDE912BCD7E904BC35
:10A720004B46214610A8CDE914BCFFF789FCA0B91F
:10A7300004990A680B9901F10043CDE90223DDE990
:10A7400008235046CDE90023DDE9062300F080F818
:10A7500050460DF50D7DBDE8F08FD8F800B0DDE96D
:10A760000E8905F100450123CDE92465D4E90401F2
:10A7700002268DF8983042464B468DF888600CF0E2
:10A78000BDFBCDE92801D4E902030D9D8DF8B86029
:10A7900003F100415A462B46CDE92C01CDE9302387
:10A7A00022A9002356A804228DF8A830FFF780F8CC
:10A7B00056A968A8FEF7DAFD68AA39467AA8FEF716
:10A7C0007FFFDDE98223DDE9880108F083FD5E4635
:10A7D00005F10047CDE906010246CDE90089CDE942
:10A7E00002670B46504600F033F850460DF50D7DDC
:10A7F000BDE8F08F424629465046FFF749FEA7E7DD
:10A8000000000060FB21094000000060FB211940AE
:10A8100000000060FB2109C0D0E90201704700BFC1
:10A82000D0E90601704700BF08B5D0E90A2304A1AA
:10A83000D1E900010CF060FBBDE80840FEF7ECBB7D
:10A8400000000060FB210940D0E90A01704700BF09
:10A85000C0E9022301220223027480F82030DDE9DE
:10A860000023C0E90623DDE902234FF0000C03F1C9
:10A870000043C0E90A2380F800C07047FFFFFFFFD4
:10A880002DE9F04F174601F1100901F120050446AA
:10A890000FC9BDB00DF1300C8CE80F0099E80F0026
:10A8A00010AE86E80F0095E80F000DF1500E8EE80F
:10A8B0000F006146032218A89DF81881FEF7F8FFE3
:10A8C0003A4618A92AA8FEF7FBFE0AAB2AA808AA4E
:10A8D00006A9FFF735F8B8F1000F1DD10B9B0A98B8
:10A8E00003F1004112A3D3E900230CF005FBDDE9DD
:10A8F0000667DDE908ABFEF78FFBCDE900ABCDE9DC
:10A900000201CDF8108032463B462046FFF748FD55
:10A9100020463DB0BDE8F08F48AB0FCB8DE80F006F
:10A9200046AB0CCB08A8FFF707F9D7E7AFF30080D9
:10A9300000000060FB2109402DE9F04FC7B005463B
:10A94000DDF858819DF840B1D8E900A60C461746BD
:10A9500050463146002200230CF0EEFE002869D05C
:10A96000D8F80C30D8F808200793069210461946FC
:10A97000002200230CF0E0FED8E90489002862D10F
:10A9800001218DF8E810D4E9020106F100464246A3
:10A990004B46CDE934013996D4E906014FF0000861
:10A9A0000226CDF8E0A08DF8C8808DF8D8600CF0B4
:10A9B000A5FA069B4093D4E90A9A079B8DF8F88084
:10A9C00003F10043CDE93C01052232A90EA84193D1
:10A9D000CDE9449A8DF80861FEF76AFF3A460EA960
:10A9E00020A8FEF76DFE0CAB20A80AAA08A9FEF766
:10A9F000A7FFBBF1000F41D10D9B0C9803F1004163
:10AA000023A3D3E900230CF077FADDE90867DDE939
:10AA10000A89FEF701FBCDE90089CDE90201CDF8F5
:10AA200010B032463B462846FFF7BAFC284647B0EE
:10AA3000BDE8F08FD8F808300693D8F80C300793AB
:10AA4000D8E904899CE700220023404649460CF0DF
:10AA500073FE002894D00DF5A07CBCE80F006E4674
:10AA60000FC69CE803003A4686E8030028462146C4
:10AA7000FFF706FF284647B0BDE8F08F52AB0FCB7B
:10AA80008DE80F0050AB0CCB0AA8FFF755F8B3E7E1
:10AA900000000060FB21094070B596B00DF1680E12
:10AAA000229B069304460D461646BEE80F00EC4670
:10AAB000ACE80F009EE8030032468CE8030029460C
:10AAC00008A8FFF739FF2046DDE9202308A9FFF792
:10AAD0008FFC204616B070BDD0E90201704700BF60
:10AAE000D0E90601704700BFD0E90A0303F1004135
:10AAF000704700BFD0E90A01704700BFC0E90223D8
:10AB000001220223027480F82030DDE90023C0E92D
:10AB10000623DDE902234FF0000CC0E90A2380F888
:10AB200000C070472DE9F0410446904601F110073E
:10AB300001F120050FC9BAB00DF1280C8CE80F0007
:10AB400097E80F000EAE86E80F0095E80F000DF1B4
:10AB5000480E8EE80F00614616A80322FEF7A8FEF5
:10AB6000424616A928A8FEF7ABFD06AB08AA04A921
:10AB700028A8FEF7E5FE0799069A01F10043CDE902
:10AB80000223DDE908232046CDE90023DDE9042383
:10AB9000FFF742F920463AB0BDE8F081D0E9020162
:10ABA000704700BFD0E90601704700BFD0E90A0135
:10ABB000704700BF2DE9F04786B0904699460E9C3D
:10ABC0009DF83CA000234FF0FF3202600B60C8F8F4
:10ABD0000030C9F800302578202D06460F4603D1F5
:10ABE00014F8015F202DFBD02046BAF1000F07D0EA
:10ABF0000FF046FD082853D0002006B0BDE8F087CE
:10AC00000FF03EFD0728F7D18DF804508DF806A00F
:10AC100004AD0DF1040A63788DF805300A22294647
:10AC200050460EF0B3FE00F5FF437F33B3F5803F8F
:10AC300003D2049B534500D03060A3783A2BDBD17C
:10AC4000E3788DF8103023798DF811300A22002333
:10AC500003A928468DF812300EF098FE00F5FF4348
:10AC60007F33B3F5803F03D2039BAB4218BF3860FC
:10AC700063792E2BC0D1A379303BC8F800303368FC
:10AC8000172BB9D83B683B2BB6D8D8F80030B3F5B2
:10AC9000167FB1D2D9F800303B2BADD80120ACE7FC
:10ACA00063788DF804500DF1040A04AD8DF8053079
:10ACB0000A220023294650468DF806300EF066FE23
:10ACC00000F5FF437F33B3F5803F03D2049B534528
:10ACD00000D03060A3783A2B8ED1E3788DF8103015
:10ACE00023798DF811300A22002303A928468DF814
:10ACF00012300EF04BFE00F5FF437F33B3F5803F7B
:10AD000003D2039BAB4218BF386063793A2B7FF4C0
:10AD100073AFA3798DF8083002ADE3798DF809306F
:10AD200003A900230A2228468DF80A300EF02EFED1
:10AD300000F5FF437F33B3F5803FA0D2039BAB42C6
:10AD40009DD0C9F800009AE770B586B0CDE9001231
:10AD5000054605AB04AA03A902A8FFF72BFF04468A
:10AD600038B303980CF082FE13490CF087FF0646B7
:10AD700002980CF07BFE014630460CF0C3FD0646FF
:10AD800004980CF073FE0D490CF078FF0146304634
:10AD90000CF0B8FD064605980CF068FE08490CF06A
:10ADA0006DFF014630460CF0ADFD0CF005FAC5E92B
:10ADB0000001204606B070BD00007042000016443D
:10ADC000000061452DE9F04F91F80080B8F1200FA7
:10ADD00089B00C46074616461D4604D114F8018F6B
:10ADE000B8F1200FFAD020460FF04AFC15B906281A
:10ADF00000F0B080092803D0002009B0BDE8F08F32
:10AE00004FF0000A002E00F0AA80B8F12D0F00F0DC
:10AE1000CB80B8F12B0FEFD1674B0022CDE9002397
:10AE200063788DF810300DF11809A3788DF8113082
:10AE30000DF1100B00230A22494658468DF81230B6
:10AE40000EF0A4FD00F5FF437F33B3F5803F80464D
:10AE5000D2D2069B5B45CFD00334237803F0EF02B8
:10AE60002A2A01D0DF2BC7D163788DF81830A37858
:10AE70008DF819300A224FF0000305A948468DF8D5
:10AE80001A300EF083FD00F5FF437F33B3F5803FAA
:10AE90008346B1D2059B4B45AED01DB3BAF1000F2E
:10AEA00040F08780E3783A2B01D0272BA4D1237977
:10AEB0008DF80C300DF10C0963798DF80D3005A972
:10AEC00000240A2248468DF80E400EF05FFD00F582
:10AED000FF437F33B3F5803F05466AD2059B4B4560
:10AEE00008BF2546002E0BBF00236FF059034FF417
:10AEF000B4725A2243453FF77FAF4245FFF67CAF1D
:10AF0000BBF13B0F3FF678AF3B2D3FF675AF584690
:10AF10000CF0ACFD29490CF0B1FE044640460CF0A3
:10AF2000A5FD014620460CF0EDFC044628460CF039
:10AF30009DFD23490CF0A2FE014620460CF0E2FCE8
:10AF40000CF03AF9DDE900230CF08EF9C7E90001B5
:10AF5000012052E74FF0010A002E7FF456AF6378CC
:10AF60008DF811300DF118090DF1100BA3788DF843
:10AF700010800A22494658468DF812308DF8136029
:10AF80000EF004FD00F5FF437F33B3F5803F8046AC
:10AF9000BFF432AF069B5B453FF42EAF064B002259
:10AFA000CDE90023033458E7064B0022CDE9002306
:10AFB00036E7002596E700BF0000F03F0000704232
:10AFC000000061450000F0BF2DE9F04FD1E90037E6
:10AFD0008BB0064603931846029227F0004142A325
:10AFE000D3E900230BF08AFF04460D4608F040FF2A
:10AFF000804689462046294642464B460BF07CFF58
:10B000003B4B00220CF030F982468B4608F030FFB3
:10B0100002460B46504659460BF06EFFDFF8D4E06F
:10B0200004460D46BEE80F000DF1140CACE80F000D
:10B03000DEF800308CF80030029B204629460022C2
:10B04000B3B32B4B0CF010F904460D46002200233D
:10B05000204629460CF070FB30B1002200235046F8
:10B0600059460CF069FB78BB03983946002200234F
:10B070000CF06CFB88BB0023ADF81030494640460D
:10B080000CF0A2FB2946034620461C460CF09CFB14
:10B090005946019050460CF097FB2346009005A9B5
:10B0A000304604AA0EF02CFE01200BB0BDE8F08F54
:10B0B000114B0CF0D9F82E238DF81F3031230446A4
:10B0C0000D468DF82230C1E7002200234046494654
:10B0D0000CF032FB0028C7D0CDE72D23ADF810309F
:10B0E000CCE700BFAFF30080000000E01038223F43
:10B0F00000004E40180F030000002440FFFFFFFF38
:10B100002DE9F04FD1E9004589B00646174698462B
:10B1100000220023204629469DF848900CF016FB9B
:10B12000002870D156A3D3E90023204629460BF00E
:10B13000E5FE04460D4608F09BFE0CF045FB8346F9
:10B140000CF028F802460B46204629460BF0D4FEA8
:10B150004D4B00220CF088F804460D4608F088FE9E
:10B1600002460B46204629460BF0C6FE464B0022FF
:10B170000CF07AF80CF028FB444B03900FCB0DF148
:10B18000100A8AE80F00B8F1000F1BD04FF0010C35
:10B190002FB10CF120036B44332203F80E2CB9F1CC
:10B1A000000F1CD0294620460CF00EFB039A00929B
:10B1B00003465A46514630460EF0A2FD012009B022
:10B1C000BDE8F08F324B0FCBD646AEE807002EF825
:10B1D000023B1B0C4FF0000C8EF80030D8E70CF14E
:10B1E00020030DEB030C29460CF8079C20460CF0BD
:10B1F000EBFA5A460346514630460EF081FD0120D7
:10B2000009B0BDE8F08F22462B461DA1D1E900010F
:10B210000BF072FE04460D4608F02AFE0CF0D4FA3C
:10B2200083460BF0B7FF02460B46204629460BF03B
:10B2300063FE154B00220CF017F804460D4608F08B
:10B2400017FE02460B46204629460BF055FE0E4BD4
:10B2500000220CF009F80CF0B7FA0C4B03900FCB5E
:10B260000DF1100A8AE80F00B8F1000FAAD02D23C3
:10B270008DF810304FF0010C8AE700BFAFF300806B
:10B28000000000E01038223F00004E403C0F030059
:10B290002C0F03002DE9F041074684B018461C46E8
:10B2A0000E4615460FF0ECF9082803D0002004B034
:10B2B000BDE8F08123788DF80030E84663788DF89A
:10B2C00001300A22002303A940468DF802300EF017
:10B2D0005DFB00F5FF437F33B3F5803F03D2039B53
:10B2E000434518BF3060A3782F2BDFD1E3788DF86A
:10B2F00004300DF1040823798DF805300A2200236B
:10B3000003A940468DF806300EF040FB00F5FF43E0
:10B310007F33B3F5803F03D2039B434518BF2860BA
:10B3200063792F2BC2D1A3798DF808300DF108086D
:10B33000E3798DF8093003A900230A2240468DF8ED
:10B340000A300EF023FB00F5FF437F33B3F5803F57
:10B3500003D2039B434518BF38603368013B0B2B76
:10B36000A4D82B68013B1E2BA0D83B68632B9DD82B
:10B370000B2BCCBF03F5FA6303F634033B600120CB
:10B3800095E700BF30B583B00D460A2201A90446F7
:10B390000EF0FCFA00F50043B3F5803F06D2019BA6
:10B3A000A34203D02860012003B030BD002003B0C9
:10B3B00030BD00BF30B583B00D460A2201A9044656
:10B3C0000EF090FBB0F5803F06D2019BA34203D064
:10B3D0002860012003B030BD002003B030BD00BFA5
:10B3E000014B002207F0E6BF0080764038B500220E
:10B3F0000A4B07F0DFFF0022002304460D460CF045
:10B40000A5F938B120462946044B00220BF076FD01
:10B4100004460D462046294638BD00BF00807640D0
:10B4200038B500220A4B07F0C5FF0022002304466E
:10B430000D460CF08BF938B120462946044B00220A
:10B440000BF05CFD04460D462046294638BD00BF82
:10B450000080764000220221028082808260027396
:10B460000282426102768283026280F82420028591
:10B47000C26280F830200287C263A0F84820C2640C
:10B48000A0F858200266A0F868200267A0F878208B
:10B49000C0F88020A0F88820C0F89020A0F898205C
:10B4A000C0F8A02080F8B910A0F8BA2080F8BC201D
:10B4B000C0F8C020C0F8C420C0F8C820C0F8CC2014
:10B4C000C0F8D020C0F8D420A0F8A82080F8AA2086
:10B4D000704700BF38B5057804462D2D08BF0134EC
:10B4E00020460CF03DFD2378642202FB00F0A3F11E
:10B4F0003002092A05D814F8013FA3F13002092AC5
:10B50000F9D92E2B03D02D2D08BF404238BD6378CA
:10B51000303B092BF7D8A27803EB8303303A00EBDA
:10B520004300092A98BF80182D2D08BF404238BD1E
:10B5300070B50D4604460CF013FD1C4BA3FB002315
:10B540005B092B80642202FB13002278184BA2F1C6
:10B550003001092900FB03F305D814F8012FA2F1EB
:10B5600030010929F9D92E2A0AD0124A03EB8303A4
:10B570000133A2FB03235B0800226B602A7270BDBB
:10B580006078A0F13001092904F10104EDD8084ADE
:10B59000094E14F8010FA6FB02C2D20802FB0133C8
:10B5A000A0F130010929F4D9DFE700BF1F85EB5175
:10B5B00080969800ABAAAAAACDCCCCCC2DE9F041BC
:10B5C00090F8A9708CB004465FB390F8AA30A3F14C
:10B5D0004102052A78D9A3F16102052A94BF573B9D
:10B5E000303B94F8AB20A2F141011B010529DBB2ED
:10B5F00040F23B81A2F16101052994BF573A303AEC
:10B60000134494F8A820DBB29A4200F0B980D4F831
:10B61000D03001330027C4F8D03038460CB0BDE834
:10B62000F08190F8BA6046B390F8B930022B03D09D
:10B6300090F8AA20002A49D1D4F8C450002DECD0AB
:10B640002B4604F1AA0804E02D6B002DE5D0D4F8B8
:10B65000C430996AA86A0EF037FE06460028DCD18D
:10B66000EA6A94F8BA309A42D7DCEDD10F2241460B
:10B6700028460EF025FDEE73E6E700F1AA08BE4964
:10B6800040460EF021FE30B1BC4940460EF01CFE93
:10B69000002840F0EC800126D4F8C05084F8B9604E
:10B6A000C4F8C4502DB9B8E72D6BC4F8C450002DB0
:10B6B000B3D0A86A41460EF007FE0028F4DBACD0F8
:10B6C0000023C4F8C430A8E7373B8AE746EA4316AC
:10B6D000013E282EB0D801A353F826F00FB901007F
:10B6E00003B90100F3B80100E7B80100D7B80100C1
:10B6F00019B901006DB9010061B901004BB9010030
:10B7000039B6010039B6010039B6010039B6010079
:10B7100039B6010039B6010039B6010039B6010069
:10B7200039B6010039B6010039B6010039B6010059
:10B7300039B6010039B6010039B6010039B6010049
:10B7400039B6010039B6010039B6010039B6010039
:10B7500039B6010039B6010039B601000FB9010050
:10B760003BB9010003B90100F3B80100E7B80100DB
:10B77000D7B8010031B9010027B9010057B901005C
:10B78000D4F8D43094F8BC200133C4F8D4307AB360
:10B79000D4F8CC3094F8B9100133C4F8CC30002977
:10B7A00000F0F480012929D0D4F8C450002D3FF4D2
:10B7B00034AFDFF8CC812B4640F201160DE00EF0DD
:10B7C000EDFED8F800300B930B9B2B62AE842D6BF3
:10B7D000002D3FF422AFD4F8C430996AA86A0EF065
:10B7E00073FD0346294605F11000002BE7D014E74E
:10B7F00094F8B930002B4AD0012BD5D1604E236C80
:10B80000E36333680293029B636433680193236D9F
:10B81000E36440F20115019B2587A4F84850636555
:10B82000002AC1D0092204F11C01201D04F074FA81
:10B83000092204F1280104F1100004F06DFA3368C4
:10B840000993099B6363636E236633680493049AC8
:10B8500033680393039BE265626F2580A4F8585018
:10B860002267E366A4F868509EE7373AC8E6454980
:10B8700040460EF029FD00283FF40EAF42494046F5
:10B880000EF022FD061E18BF0126760004E73C4D8F
:10B89000226D2B680593059B636540F20113E264FA
:10B8A000A4F848302B680893089A2B680793D4F8BB
:10B8B00094100798C4F88C2040F20113D4F8A42007
:10B8C000C4F89C00C4F89010A4F88830C4F8A020F4
:10B8D000A4F8983068E7A2F15702B2FA82F252094E
:10B8E00080F83020A8E600F12801AA30FFF720FEFA
:10B8F000A2E6A2F15302B2FA82F2520980F82420A1
:10B900009AE600F11C01AA30FFF712FE94E6AA3075
:10B91000FFF7E0FD20658FE6302A94BF0022012268
:10B9200080F8BC2088E6AA30FFF7D4FD606783E684
:10B93000AA30FFF7CFFD60667EE6A2F14102B2FABF
:10B9400082F2520980F8BC2076E6AA30FFF7C2FDE9
:10B95000C4F8840070E6AA300CF002FB20646BE6A9
:10B96000AA30FFF7B7FDC4F8A40065E6AA300CF0D2
:10B97000F7FAC4F894005FE64C0F0300540F03007D
:10B9800034A0FF1F5C0F0300640F0300134D2B68EE
:10B990000593059A236DE36440F20116626504F194
:10B9A0001C010922A4F84860201D04F0B5F9092201
:10B9B00004F1280104F1100004F0AEF92B680A9399
:10B9C0000A9B6363D4F88430C4F880302B680693F4
:10B9D000069B2680E367A4F8786063E734A0FF1F26
:10B9E00038B5D0F8C830A1F10A02013304460D463B
:10B9F000C0F8C830222A2ED8DFE802F0182D2D1802
:10BA00002D2D2D2D2D2D2D2D2D2D2D2D2D2D2D2D66
:10BA10002D2D2D2D2D2D402D2D2D2D2D182D1200A0
:10BA200090F8A83083F02C0380F8A83094F8BB304D
:10BA30000E2B2ED9002094F8BA30A5F12A05002249
:10BA40000133B5FA85F56D0984F8BA3084F8BB2066
:10BA500084F8A95038BD90F8BB300D2B05D8C2181A
:10BA6000013380F8BB3082F8AA1094F8A900C0B95D
:10BA700094F8A8305D4084F8A85038BD0020022317
:10BA8000A4F8A80084F8B930A4F8BA0084F8BC007F
:10BA900038BD2344002283F8AA202046FFF78EFDFC
:10BAA000C9E7002038BD00BF38B5044600238068D0
:10BAB00063700BF0D7FF0B490CF0E0F80546A08847
:10BAC0000BF0D4FF014628460BF01CFF0BF074FB73
:10BAD000247B02460B460CB101F100431046194687
:10BAE00038BD00BF286B6E4E38B504460023406950
:10BAF00063700BF0B7FF0B490CF0C0F80546208AC5
:10BB00000BF0B4FF014628460BF0FCFE0BF054FB93
:10BB1000247E02460B460CB101F100431046194643
:10BB200038BD00BF286B6E4E4368064AA2FB03C2B5
:10BB30006421520901FB123303F5FA6300224270BB
:10BB400098B270471F85EB514368074AA2FB031365
:10BB50005B09A2FB03124FF0640C520900210CFB9D
:10BB600012334170D8B270471F85EB514368044AC5
:10BB70000021A2FB03234170C3F34730704700BF8D
:10BB80005917B7D14368044A0021A2FB032341702F
:10BB9000C3F38740704700BF83DE1B4308494368F7
:10BBA000084AA1FB03135B0BA2FB031252094FF0DF
:10BBB000640C00210CFB12334170D8B2704700BFF7
:10BBC0005917B7D11F85EB514368074AA2FB0313EE
:10BBD0005B09A2FB03124FF0640C520900210CFB1D
:10BBE00012334170D8B270471F85EB5190F81CC0DA
:10BBF0004160BCF1020FC26001D18368184703F0B5
:10BC000019BB00BF436810B41C685A68216811430F
:10BC100002682160154C16491460D160154C164914
:10BC200014611160417A154A5C180A3194F824C0F5
:10BC300053F8214002EBCC0149680C60017A5C1892
:10BC400003EB810194F818C0CC6902EBCC01496880
:10BC50000C60817A10BC581803EB810390F8300017
:10BC6000596B02EBC00253681960704701401F0016
:10BC7000011000380110007800001F8068120300D6
:10BC800043681A68596813680B431360704700BF14
:10BC900070B4016B4A4A0979D177C16A0979117781
:10BCA000016B09791177826A03462AB34168C96832
:10BCB0008A4243D9C46A006B521A21689A620D689D
:10BCC00003F12404A5424FF0010259D01C68E56835
:10BCD00015F0804F0D6829D12D780E6845F000458C
:10BCE00001360E60656336490079C87612B1DB6AA9
:10BCF0001B79CB7670BC70470168324C406B0A638D
:10BD0000CC62CC6824F08044CC6004682E4924685E
:10BD10004FF0030C8C4283F825C039D1037F426079
:10BD2000022BC26038D170BC836818472D880E681A
:10BD300045F0004502360E606563D4E7C16A0968C4
:10BD4000CC8B260402F1FF3031D4C0F30E00C8833F
:10BD5000CC8B186BA4B2CC820468E58B2D041ED466
:10BD6000C2F30E05E583E58BADB2E5820D680024D4
:10BD7000013A9C6203F1240418BF0122A542A5D117
:10BD80001968CC6893F8244044F000444C63AAE757
:10BD90002346114670BC184770BC03F04BBAE58BC4
:10BDA000C2F3080605F47E453543E583DBE7CC8B1B
:10BDB000C0F3080004F47E442043C883C8E700BFF2
:10BDC0000080004000000FFFEDBB010008B50248F5
:10BDD000FFF75EFF08BD00BFA487FF1FFFFFFFFF47
:10BDE0002DE9F041056B0446406988460BF0C2F925
:10BDF000064640460F460BF0BDF902460B4630465C
:10BE000039460BF031FA7A4B00220BF02DFA74A36D
:10BE1000D3E9002306460F460BF050FB754B00227A
:10BE20000BF06AF80BF0F8FCC3B20F2B25F04005BD
:10BE30000ED92563E26A94F83B1022F01F021F2BF3
:10BE400094BF1A4342F01F02E26299B9BDE8F08143
:10BE500045F0400564A3D3E9002325633046394605
:10BE60000BF02CFB634B00220BF046F80BF0D4FCDC
:10BE7000C3B2DFE76049614ACB6BD4F8308043F44A
:10BE80008053CB63D568D368C5F380659A014FEAC8
:10BE9000C50540F1978045F004050C2DEFB208BFB1
:10BEA0002F4640F09080564E94F83800002104F060
:10BEB00003FC33684FF00042DA62C8F307425A636A
:10BEC000DA6A002AFCDA986B4FF00042DA6200026C
:10BED000C8F3072280B25A63DA6A002AFCDA996B47
:10BEE000C9B201435FFA88F24FF00040D8620902FC
:10BEF0005A63DA6A002AFCDA9B6B94F838005FFA1E
:10BF000083F848EA0108012104F0D6FB0C2D4FEA22
:10BF1000181803D03A483946FFF7B2FE3649C4F83C
:10BF20003480CB6B354AD4F82C8043F48053CB63F8
:10BF3000D568D368C5F380659B014FEAC50547D531
:10BF400045F004050C2DEFB208BF2F4641D194F8FF
:10BF50003800002104F0B0FB33684FF00042DA6291
:10BF6000C8F307425A63DA6A002AFCDA986B4FF08A
:10BF70000042DA620002C8F3072280B25A63DA6A2A
:10BF8000002AFCDA996BC9B201435FFA88F24FF0DC
:10BF90000040D86209025A63DA6A002AFCDA9E6B12
:10BFA00094F83800F6B20E43012104F085FB0C2D05
:10BFB0004FEA161603D012483946FFF761FE666352
:10BFC000BDE8F081EFB20E480C21FFF759FE6AE799
:10BFD000EFB20B480C21FFF753FEB8E7AFF3008038
:10BFE00000000000C0EB12410000000040240441AA
:10BFF000000040400000E03F0080044000C00240DC
:10C00000A487FF1FF8B5C36A3F2923F4BF33054651
:10C0100028BF3F2123F480730AB143F4803395F89D
:10C020003B2043EA0124EC6202B9F8BD2A492B4ABD
:10C03000CB6B43F48053CB63D668D368C6F380667A
:10C040009B014FEAC60640D546F004060C2EF7B217
:10C0500008BF37463AD195F83800002104F02CFB90
:10C060001F4B1B684FF00042DA62C4F307425A6369
:10C07000DA6A002AFCDA986B4FF00042DA620002BA
:10C08000C4F3072280B25A63DA6A002AFCDA996B99
:10C09000C9B2E4B201434FF00042DA6209025C63C4
:10C0A000DA6A002AFCDA9C6B95F83800E4B20C439B
:10C0B000012104F001FB0C2E4FEA141403D00848B0
:10C0C0003946FFF7DDFD6C63F8BDF7B204480C217B
:10C0D000FFF7D6FDBFE700BF0080044000C002406C
:10C0E000A487FF1FFF29F8B5056A044617DD564BE4
:10C0F0004FF480721D4094F83B30E2632562DBB957
:10C10000E26BE3682069A16902FB03F300FB03F320
:10C110004E4AB2FBF3F31944A360E161F8BD7F29F5
:10C1200058DD494B1D4094F83B30802245F0010515
:10C13000E2632562002BE3D04549464ACB6B43F4CA
:10C140008053CB63D668D368C6F380669B014FEA01
:10C15000C60649D546F004060C2EF7B208BF37468E
:10C1600043D1002194F8380004F0A6FA3A4B1B683A
:10C170002A0C4FF00041D9625A63DA6A002AFCDACD
:10C18000986B4FF00042DA620002C5F3072280B2DA
:10C190005A63DA6A002AFCDA996BC9B2EDB201433C
:10C1A0004FF00042DA6209025D63DA6A002AFCDAC3
:10C1B0009D6B94F83800EDB20D43012104F07CFA38
:10C1C0000C2E4FEA151503D023483946FFF758FDCA
:10C1D000656395E73F290DDC1F2911DD1A4B1D40D2
:10C1E000202245F0030586E7F7B21B480C21FFF734
:10C1F00047FDB6E7144B1D40402245F002057AE7A3
:10C200000F2907DC0729104B0ADD1D40082245F0E5
:10C21000050570E7114B2B40102243F401756AE7C6
:10C22000032904DD1D40042245F0060563E70129CA
:10C2300004DD1D40022245F007055CE71D40012298
:10C2400045F0080557E700BFF0FD0F000087930396
:10C250000080044000C00240A487FF1FF0FF0F00D1
:10C260002DE9F84390F83B30002B00F0C380076BBA
:10C2700027F0300444F01004A7420546046359D166
:10C28000DFF878815E4AD36B43F48053D3635D4B10
:10C29000DF68DB68C7F380679B014FEAC70743D5B8
:10C2A00047F004070C2FFEB208BF3E463DD195F87B
:10C2B0003800002104F000FAD8F800304FF00042B6
:10C2C000DA62C4F307425A63DA6A002AFCDA986B2E
:10C2D0004FF00042DA620002C4F3072280B25A63D0
:10C2E000DA6A002AFCDA996BC9B2E4B201434FF072
:10C2F0000042DA6209025C63DA6A002AFCDA9C6BAB
:10C3000095F83800E4B20C43012104F0D5F90C2F64
:10C310004FEA141803D039483146FFF7B1FCC5F88D
:10C320003480A00BBDE8F883FEB234480C21FFF73F
:10C33000A7FCBCE7324AD36B43F48053D363A2F526
:10C34000E032D368D268C3F3806992014FEAC90929
:10C3500049D549F00409B9F10C0F5FFA89F608BF15
:10C360004E4642D1DFF8948095F83800002104F061
:10C37000A3F9D8F800304FF00042DA62C4F3074264
:10C380005A63DA6A002AFCDA986BC4F307240002C5
:10C390004FF00042DA6280B25C63DA6A002AFCDAAB
:10C3A000996B07F0CF07C9B247F0100701434FF070
:10C3B0000042DA6209025F63DA6A002AFCDA9F6BE4
:10C3C00095F83800FFB20F43012104F075F9B9F177
:10C3D0000C0F4FEA171703D008483146FFF750FCFF
:10C3E0002C6B6F634EE75FFA89F604480C21FFF768
:10C3F00047FCB7E74FF0FF3094E700BFA487FF1F6B
:10C400000080044000C002402DE9F84390F83B3022
:10C41000044623BB7E4F002660690AF0ABFE236B07
:10C420005B0604460D4616D475A1D1E900013246DB
:10C430003B460AF019FF22462B460BF03FF8754B9E
:10C4400000220AF011FF734B00220AF00DFF0BF0DF
:10C45000E3F9BDE8F8836CA1D1E90001E7E7076BD8
:10C4600027F0300545F02005AF42056365D1DFF8C0
:10C47000A8816A4AD36B43F48053D363684BDE6868
:10C48000DB68C6F380669A014FEAC6064FD546F0D0
:10C4900004060C2EF7B208BF374649D194F838008D
:10C4A000002104F009F9D8F800304FF00042DA62B8
:10C4B000C5F307425A63DA6A002AFCDA986B4FF038
:10C4C0000042DA620002C5F3072280B25A63DA6AD8
:10C4D000002AFCDA996BC9B2EDB201434FF0004279
:10C4E000DA6209025D63DA6A002AFCDA9D6B94F86D
:10C4F0003800EDB20D43012104F0DEF80C2E4FEAB6
:10C50000151803D044483946FFF7BAFBC4F8348005
:10C51000C5F384300AF02EFE424B00220AF0EEFCF6
:10C520003B4B00220AF0A0FE06460F4674E7F7B226
:10C5300039480C21FFF7A4FBB0E7384AD36B43F42A
:10C540008053D363A2F5E032D368D268C3F3806925
:10C5500091014FEAC90949D549F00409B9F10C0F15
:10C560005FFA89F608BF4E4642D1DFF8AC8094F8F6
:10C570003800002104F0A0F8D8F800304FF0004255
:10C58000DA62C5F307425A63DA6A002AFCDA986B6A
:10C59000C5F3072500024FF00042DA6280B25D6306
:10C5A000DA6A002AFCDA996B07F0CF07C9B247F0C4
:10C5B000200701434FF00042DA6209025F63DA6A42
:10C5C000002AFCDA9F6B94F83800FFB20F43012178
:10C5D00004F072F8B9F10C0F4FEA171703D00E48A8
:10C5E0003146FFF74DFB256B676342E75FFA89F63B
:10C5F00009480C21FFF744FBB7E700BFAFF3008009
:10C60000000000400AD7D33F00000060B81EC53FBD
:10C610000000A03F00408F40A487FF1F008004401F
:10C6200000C002400000F03F90F8252090F828C09C
:10C63000036861F3061280F82520426A1B684FEAFE
:10C640000C6C4CEA12226C21184700BF90F825C0F0
:10C6500090F8262010B40CF07F0C01F0010422F0B9
:10C660000702C1F342010A434CEAC41C046880F883
:10C6700025C080F8262090F828102468426A090610
:10C6800041EA122223466C2110BC184790F826C0BC
:10C6900090F8272010B40CF07F0C01F0010422F078
:10C6A0000102C1F340010A434CEAC41C046880F84B
:10C6B00026C080F8272090F828102468426A0906CE
:10C6C00041EA122223466C2110BC184790F827201B
:10C6D00090F828C0036861F3410280F82720426A7D
:10C6E0001B684FEA0C6C4CEA12226C21184700BF01
:10C6F00090F828C0426A036861F3030C80F828C0F0
:10C700004FEA0C6C1B684CEA12226C21184700BFE0
:10C7100000B5036883B05B686C219847C0F30210D2
:10C7200003B05DF804FB00BF00B5036883B05B682D
:10C730006C219847C0F3C31003B05DF804FB00BF41
:10C7400000B5036883B05B686C219847C0F3C130C3
:10C7500003B05DF804FB00BF00B5036883B05B68FD
:10C760006C219847C0F3404003B05DF804FB00BF64
:10C7700000B5036883B05B686C219847C0F3036021
:10C7800003B05DF804FB00BF10B404680A46C1F3AF
:10C790000721246880F82610C2F3074180F827108B
:10C7A000110E80F82810234680F8252010BC6C213B
:10C7B000184700BF90F8252090F828C0036861F35F
:10C7C000030280F82520426A1B684FEA0C6C4CEA91
:10C7D00012226C21184700BF90F828C0426A0368F3
:10C7E00061F3041C80F828C04FEA0C6C1B684CEA0B
:10C7F00012226C21184700BF03686F215B6818473D
:10C8000010B4C27D0468C1F3014C2468417522F064
:10C81000030242EA0C02C1F3072CC2752346C1F39E
:10C82000110210BC80F816C000211847427D61F348
:10C830008202427510B442690468C2F3112223686F
:10C8400010BC0021184700BF10B490F832200468D3
:10C85000C1F3054C2468018622F03F0242EA0C0233
:10C8600080F832202346C1F3150210BC702118470E
:10C8700090F8322061F3820280F8322010B4026B0B
:10C880000468C2F31502236810BC7021184700BF6A
:10C89000C2604FF07C5202611A4A0260827A81863D
:10C8A00022F00F028272026B816980F83C3002F044
:10C8B0007C4242F4A02242F490620263026A02F4D3
:10C8C0007E420262426A30B40F4D002401F47001CE
:10C8D00002F0800244600481846344758475C475E9
:10C8E0008462816195F90040C1694262C26A9C42DA
:10C8F00001F4704102F0FE02B8BF2B70C16130BC80
:10C90000C262704778100300B49FFF1F90F8340094
:10C9100003F0D2BE836B03B17047294A29492A48E4
:10C9200030B4146802E00133172B46D031F8022BE3
:10C93000B0FBF2F29442F6D3244A254952F8233050
:10C94000CC7A1A0902F4706223F47043134343F063
:10C950007850D4B172B6CA7AD50708D54FF0E02C1A
:10C96000CD68DCF880412C40CCF880418C61940784
:10C9700008D54FF0E02C0D69DCF884412C40CCF850
:10C980008441CC6152070ED462B60A68D1688142F4
:10C9900007D0104C1049146043F0FC43D060136181
:10C9A000116030BC70474FF0E0244D69D4F8882105
:10C9B0002A400A62C4F88821E6E71623BCE700BFD4
:10C9C000DC87FF1F6C0F0300005125029C0F030042
:10C9D000A487FF1F01403F0000003F80836B03B12D
:10C9E00070470D4AD37A002BFAD0D80704D54FF000
:10C9F000E0219069C1F80001990704D54FF0E021CA
:10CA0000D069C1F804015B07EAD54FF0E023126A50
:10CA1000C3F80821E4E700BFA487FF1F806B0B4623
:10CA200008B100F011BC064A12684FF00041D16213
:10CA30005363D36A002BFCDA906BC0B2704700BF1F
:10CA4000A487FF1F2DE9F04105460F46FFF762FF5F
:10CA500000212846FFF75AFF39462846FFF7DEFF38
:10CA6000042400212846FFF7D9FF631E13F0FF04BA
:10CA7000F7D195F93C30012B4FF001060EDD05246E
:10CA800000212846FFF7CAFF631E13F0FF04F7D109
:10CA900095F93C30013676B2B342F0DC01212846EC
:10CAA000FFF734FF1823013BFDD1DFF88080002120
:10CAB0002846FFF72BFF98F90030B3420EDD05241E
:10CAC00000212846FFF7AAFF631E13F0FF04F7D1E9
:10CAD00098F90030013676B2B342F0DC3946284688
:10CAE000FFF79CFF002128752846FFF797FF0021DC
:10CAF00004462846FFF792FF2402044300212846FB
:10CB0000FFF78CFF2402002104432846FFF786FF2D
:10CB10002402034628461C43FFF760FF28460121F4
:10CB2000FFF7F4FE2046BDE8F08100BFB49FFF1F71
:10CB300070B5054614460E46FFF7ECFE0021284668
:10CB4000FFF7E4FE46F080012846FFF767FF210E5D
:10CB500028752846FFF762FFC4F307412846FFF710
:10CB60005DFFC4F307212846FFF758FFE1B22846CE
:10CB7000FFF754FF95F93C30012B0FDD012605240A
:10CB800000212846FFF74AFF631E13F0FF04F7D188
:10CB900095F93C30013676B2B342F0DC2846FFF717
:10CBA0001DFF01212846FFF7B1FE70BD416910B598
:10CBB0000446C1F31121FFF723FE61682046C1F34B
:10CBC000130100F005FBE179204600F083FAA1682B
:10CBD0002046C1F3130100F087FAA26923682046BA
:10CBE0001B68C2F3130214219847A38BE27EC3F3A0
:10CBF0000B0342EA0322236820461B68152198474D
:10CC0000238CE28BC3F3080342EA034223682046E5
:10CC10001B682D21984794F82430628C03F07F0321
:10CC200042EA0342236820461B683321984794F860
:10CC30002830616A1B0643EA11212046FFF7A4FD54
:10CC400094F82C30A16A03F001031B0643EA11217A
:10CC5000204600F05BFAE26A2368120A1B6820464D
:10CC60006E219847216B2046C1F31501FFF7ECFDBB
:10CC700094F83320236820461B68BDE8104002F07A
:10CC800003027221184700BF38B50C4605462049FB
:10CC9000C0680AF03FFF0BF03FF942F6415382B201
:10CCA00003FB02F2120A1B4B02FB04FC1F2101FBD7
:10CCB0000332BCFBF2F2FF2A02F1FF3408D87F2ACC
:10CCC0009CBF01F1FF31C9B27E2CF0D9D3B201E093
:10CCD00000231A461F29286885F8433028BF1F21E2
:10CCE00003680C4628460B2198472146284600F049
:10CCF0008FFA20460AF0BAFE29690AF00BFF0BF002
:10CD00000BF9C1B22846BDE8384000F073BA00BF45
:10CD100000FF7F47FE440100F8B5836B044642EAFA
:10CD20004145CBB190F82600002103F0C5FCC5F3C6
:10CD30000741A06B00F088FAC5F30721A06B00F053
:10CD400083FAA06BE9B200F07FFA94F82600012183
:10CD5000BDE8F84003F0B0BC066B4549454803E028
:10CD60000133172B00F0818031F8022BB0FBF2F277
:10CD70009642F5D3404A414E52F823301A0902F444
:10CD8000706223F470431343F27A43F078511AB37C
:10CD900072B6F27AD70708D54FF0E02CF768DCF8C6
:10CDA00080013840CCF88001B061900708D54FF081
:10CDB000E02C3769DCF884013840CCF88401F0615C
:10CDC000570708D54FF0E0207769D0F888213A401E
:10CDD000C0F88821326262B63268D068884207D0D3
:10CDE00043F0FC4326481060D1601361254B13606B
:10CDF00094F82600002103F05FFC33684FF00042F6
:10CE0000DA62C5F307425A63DA6A002AFCDA4FF0A5
:10CE10000042996BDA62C5F307225A63DA6A002A84
:10CE2000FCDA4FF00042EDB2996BDA625D63DA6AC8
:10CE3000002AFCDAF27A9B6B002A86D0D00704D550
:10CE40004FF0E023B169C3F80011910704D54FF00A
:10CE5000E023F169C3F8041153077FF576AF4FF073
:10CE6000E023326AC3F808216FE7162382E700BF88
:10CE70006C0F0300005125029C0F0300A487FF1FC5
:10CE800001403F0000003F8070B5044608460AF0AC
:10CE9000EDFD1B490AF03EFE1A490AF0EFFEA16AB9
:10CEA00006460AF037FE18490AF0E8FE4FF07E51B8
:10CEB0000AF026FD0BF030F8C5B20F2D1AD801216B
:10CEC000204600F041F9A16A30460AF023FE0F49DE
:10CED0000AF0D4FE4FF07E510AF012FD0BF01CF860
:10CEE000C5B21F2D2946204628BF1F21BDE870402E
:10CEF00000F09CB90021204600F026F9F1E700BFC0
:10CF0000D504354200007A4452B89E3EC3F5283E0F
:10CF1000202914D820291FD8DFE801F01F1E221E67
:10CF2000251E1E1E281E1E1E1E1E1E1E2B1E1E1E03
:10CF30001E1E1E1E1E1E1E1E1E1E1E1E2E008029B2
:10CF40001DD0B1F5807F02D1002100F00FB940293A
:10CF500018D1022100F00AB97047082100F006B983
:10CF6000072100F003B9062100F000B9052100F007
:10CF7000FDB8042100F0FAB8032100F0F7B8012150
:10CF800000F0F4B8704700BF70B5044608460AF0D8
:10CF90006DFD25490AF0BEFD24490AF06FFE2449C3
:10CFA0000646E0680AF0AEFC31460AF0B3FD2149BE
:10CFB0000AF064FE4FF07E510AF0A2FC0AF0ACFFCA
:10CFC000C5B20F2D236829D89B68012120469847B8
:10CFD0001749E0680AF096FC31460AF09BFD1649B5
:10CFE0000AF04CFE4FF07E510AF08AFC0AF094FFE2
:10CFF000C5B21F2D28BF1F252946204600F008F97D
:10D0000028460AF033FD21690AF084FD0AF084FF06
:10D01000C1B22046BDE8704000F0ECB89B6800212A
:10D0200020469847E5E700BFD504354200007A4422
:10D030000AD7A33C6666A63EEC51383E202914D898
:10D04000202921D8DFE801F02120252029202020D7
:10D050002D202020202020203120202020202020B2
:10D0600020202020202020203500802925D0B1F547
:10D07000807F03D1036800215B6A1847402920D1D3
:10D08000036802215B6A1847704702680821526AE8
:10D09000104702680721526A104702680621526A47
:10D0A000104702680521526A104702680421526A3B
:10D0B000104702680321526A1047036801215B6A26
:10D0C0001847704708B5036801215B68984700F06E
:10D0D000010008BD10B404682468C1710A462346E3
:10D0E000112110BC184700BF10B4827A0468C1F344
:10D0F000034C2468018122F00F0242EA0C02827282
:10D100002346C1F3130210BC1321184790F82C20BA
:10D1100010B40468C1F3006C22F00102246880F8A6
:10D12000291042EA0C0280F82C20C1F3072CC1F32D
:10D13000074280F82B20234621F07E4210BC80F865
:10D140002AC06D21184700BF427D90F818C061F3D6
:10D150008612427542694FEA0C6C4CEA1222072192
:10D16000FFF7DABD407DC009704700BFF8B504463F
:10D170000F46FFF7F7FF00B1F8BD6379257A67F333
:10D1800003036371636806462D06204645EA1325AE
:10D19000FFF7E8FFC5F307220146C5F3074358B17F
:10D1A000E3702B0EA270657023712A46314620462B
:10D1B000BDE8F840FFF7B0BDE3712B0EA2716571B9
:10D1C00023722A462046BDE8F840FFF7A5BD00BF00
:10D1D00010B482790468C1F3034C2468818022F082
:10D1E0000F0242EA0C0282712346C1F3130210BC03
:10D1F00010211847027961F30402027110B44268E9
:10D200000468C2F31302236810BC1021184700BF42
:10D21000427961F30402427110B442680468C2F3B7
:10D220001302236810BC1021184700BF427C90F8FD
:10D2300014C061F30402427402694FEA0C6C4CEAB8
:10D2400012220621FFF768BDF8B505460E460079A3
:10D25000002103F031FA0724002746FA04F313F003
:10D2600001034FF00101287808BF194603F024FAA2
:10D270000121287903F020FAA87803F043FA031E6D
:10D2800018BF0123A3403B4328790021DFB203F0FC
:10D2900013FA013CE1D1F3074CBF01212146287864
:10D2A00003F00AFA2879012103F006FAA87803F0BE
:10D2B00029FA00280CBF384647F00100F8BD00BF2E
:10D2C0002DE9F04FADF5477D1446804630221846D3
:10D2D0008B4600210A930CF0F5FD0021631E651DAD
:10D2E000C4F101020846D41813F8011F19B10CA9A2
:10D2F00041F820400130AB42F5D1099004460028A6
:10D3000000F0EC8036AB0CAA0DF1480E06939C465B
:10D310000792CDF820E00023002600279C4240F32E
:10D32000DA8011680BEBC101D1E90001EEE80201DE
:10D33000DDF81C90E246002513E0AC4213DD1168D5
:10D3400001EB410108EB0110D9F8001000EBC1011D
:10D35000D1E900010135062DEAE8020109F10409CD
:10D3600008D09C42E9DCAB420DBF8D4930463946BE
:10D370000020EFE70133062B02F104020CF1300C20
:10D38000CCD14FF4907200217EA80CF09BFD7EABB7
:10D390000B93029300230193019A7EA9C2EBC2036F
:10D3A00001EBC30304938AAB0593029B03F10808C6
:10D3B000134601330393019B8B464FF000090699F6
:10D3C00000919945D1E900450DF50A7A2BD0DBE9AA
:10D3D0000023204629460AF071F8039B09F1010950
:10D3E000994548E9020133D0009B029EF3E90245CA
:10D3F00057460093F7E80223F6E8020109F034FFEC
:10D4000002460B462046294609F076FD464504466D
:10D410000D46EFD1019B99450BF1380B0AF1300A0B
:10D4200008F10808D3D15CA3D3E90023204629469C
:10D430000AF096F9002851D12046294605F0E2FF6E
:10D44000049BC3E90001039B09F101099945CBD174
:10D45000069BCDF8049030330693029B3033029341
:10D460004B46062B98D1DDE912457EAB00930DF1BA
:10D47000A8094FF0000B009B2046D3E90023294662
:10D480000AF01CF80BF1010BCA46BBF1060FEAE8E3
:10D49000020128D0089B059FF3E902452AAE0893B4
:10D4A000B046D6E90023F7E8020109F0DDFE0246A6
:10D4B0000B462046294609F01FFDC84506F108061F
:10D4C00004460D46ECD1009B38330093059B303366
:10D4D0000593D146CFE73046394627E700200DF5C2
:10D4E000477DBDE8F08F36AB01930DF1A008042312
:10D4F000DDF82CA00093C146019B73E90245BBF106
:10D50000060F01933DD01EAB0AF58C7702934E4671
:10D51000F6E90223F7E90C0109F0A6FE02460B46E4
:10D520002046294609F0E8FCB04504460D46EFD1F7
:10D53000DAE9462309F0C2FF009B0133C9E9000183
:10D5400009D0009B013B0BF1FF3B0093AAF1380A85
:10D55000A9F10809D0E7DDF808A0099807990A9E03
:10D560000022FAE8024551F8043B013206EBC303FE
:10D570009042C3E90045F4DC01200DF5477DBDE88C
:10D58000F08FDAE946232046294609F097FFC9E9DA
:10D590000001D6E7AFF30080000000E05D72323C8E
:10D5A0000000F03F2DE9F04F8DB00A93DDE916340D
:10D5B000DDF860A00190CDE90234DAE90045089277
:10D5C00000230022204629460AF0B6F8E8B1DAE93D
:10D5D000026700220023304639460AF0ADF8DAE946
:10D5E0000489B0B100220023404649460AF0A4F85D
:10D5F00078B1DDE90201089A0A9BCDE9160101988C
:10D600000DB0BDE8F04FFBF76FBEDAE90489DAE947
:10D610000267DDE9020142464B4609F06FFC804695
:10D6200089462046294606F0ADF802460B462046BC
:10D63000294614461D4606F031F9CDE9040130466D
:10D64000394606F09FF882468B463046394606F04A
:10D6500025F9CDE906014046494606F093F8024611
:10D660000B46404649469046994606F017F9424611
:10D6700006460F464B462046294609F0F5FD324640
:10D68000804689463B462046294609F0EDFD524634
:10D6900006460F465B46DDE9040109F0E5FD32462A
:10D6A00004460D463B46DDE9060109F0DDFD024674
:10D6B0000B462046294609F01FFC089D0A9C02469D
:10D6C0000B4628462146CDE9082306F05BF804F115
:10D6D0000043CDE902012846194606F0DFF842462C
:10D6E00004460D464B46DDE9020109F0BDFDDDE9CA
:10D6F0000823CDE90A012046294609F0B5FD024676
:10D700000B46DDE90A0109F0F7FB019B4246C3E93C
:10D7100000014B462046294609F0A6FDDDE9082315
:10D7200004460D46DDE9020109F09EFD02460B4666
:10D730002046294609F0E2FBDDF80480C8E9020131
:10D74000DDE90623DDE9040109F08EFD32460446D9
:10D750000D463B465046594609F086FD02460B46AB
:10D760002046294609F0CAFBC8E904010DB0BDE80E
:10D77000F08F00BFF8B504460F46D0E90801164601
:10D780001D460AF069F83860D4E90A010AF064F825
:10D790003060D4E90C010AF05FF82860D4E90E018A
:10D7A0000AF05AF8069B1860D4E910010AF054F800
:10D7B000079B1860D4E912010AF04EF8089B186024
:10D7C000D4E914010AF048F8099B1860D4E916015D
:10D7D0000AF042F80A9B1860D4E918010AF03CF8F4
:10D7E0000B9B1860F8BD00BF70B50446084616468E
:10D7F0001D4609F0E1FCC4E90801304609F0DCFCF3
:10D80000C4E90A01284609F0D7FCC4E90C010498D0
:10D8100009F0D2FCC4E90E01059809F0CDFCC4E979
:10D820001001069809F0C8FCC4E91201079809F034
:10D83000C3FCC4E91401089809F0BEFCC4E9160150
:10D84000099809F0B9FC0022012384F8E821C4E911
:10D85000180184F8EA3170BD00F120016830FBF74F
:10D860000FBE00BFFFFFFFFF2DE9F04F0646B9B026
:10D87000194696F8EA319DF808A11046CDE9000155
:10D88000002B00F088800022002309F073FF00289D
:10D8900000F0868078A5D5E900453022002108A84F
:10D8A0000CF010FB012308A9032214A88DF83030D6
:10D8B00002238DF84030CDE90E45FBF7F9FF06F164
:10D8C000200214A926A8FBF7FBFE00220023CDE9C5
:10D8D0000223CDE90423CDE9062326A806AB04AA3A
:10D8E00002A9FCF72DF8DDE9060303F1004164A36A
:10D8F000D3E9002309F000FB61A3D3E900238046AC
:10D90000894609F041FF98B15FA7D7E900675CA598
:10D91000D5E9004532463B464046494609F0ECFA17
:10D9200022462B468046894609F02EFF0028F1D179
:10D9300057A3D3E900234046494609F007FF98B1B1
:10D9400051A5D5E9004552A7D7E9006722462B46E5
:10D950004046494609F0D2FA32463B46804689465F
:10D9600009F0F4FE0028F1D1BAF1010F1CD0BAF190
:10D97000020F2BD0BAF1000F0DD1494B00224046C7
:10D98000494609F071FC3EA3D3E9002309F096FD56
:10D9900039B0BDE8F08F0020002139B0BDE8F08F2C
:10D9A0003DA5D5E9004578E7DDE90023DDE904017F
:10D9B00009F0A2FA3A4B002209F056FC30A3D3E951
:10D9C000002309F07BFD39B0BDE8F08FDDE9046785
:10D9D0003046394605F062FF82468B46DDE900019C
:10D9E00005F05CFF04460D463046394605F0CAFE98
:10D9F00006460F46DDE9000105F0C4FE02460B466F
:10DA000040464946CDE9002305F0BCFEDDE9002390
:10DA1000804689463046394609F026FC42464B4648
:10DA200009F022FC22462B4606460F465046594630
:10DA300009F01AFC02460B463046394609F05EFAF8
:10DA4000184B002204460D4609F09EFE30B1154DDC
:10DA500000242046294605F0EDFBABE7124B0022DF
:10DA60002046294609F072FE0028F2D00E4D00240F
:10DA7000EFE700BFAFF3008000000060FB21F93F3B
:10DA800000000060FB21094000000060FB211940FC
:10DA900000000060FB2109C000000060FB21F9BF0D
:10DAA000008066400000F03F0000F0BF2DE9F04F1D
:10DAB00000F5AC75ADF5017D044629464C48DFF80C
:10DAC00034A1DFF834B1FCF7D9F802A82946FBF7F6
:10DAD0004DFC04F5D07502A94848FCF7CFF829465B
:10DAE0004748FCF7CBF814A82946FBF73FFC14A9DC
:10DAF0004448FCF7C3F814A926A8FBF7C1FC26A9E3
:10DB00004148FCF7BBF826AA14A938A804F120065E
:10DB1000FBF7D6FD38A95046FCF7B0F826AA02A9B3
:10DB2000304604F16805FBF7CBFD31463748FCF77A
:10DB3000A5F831462846FBF7A3FC29465846FCF7D2
:10DB40009DF82A46314638A8FBF7BAFD04F1B00724
:10DB500038A9F8345046FCF791F822462846394651
:10DB6000FCF78EF839462A48FCF788F82146294800
:10DB7000FCF784F83846FBF70FFC804620468946C0
:10DB8000FBF70AFC02460B465CA82146CDE90023C0
:10DB9000FBF7ECFB6EA8FBF7F5FDDDE90023404643
:10DBA000494609F061FBCDE97E016EA91A48FCF7F0
:10DBB00065F85CAA6EA94AA8FBF782FD4AAA394615
:10DBC0002846FBF77DFD29465846FCF757F82946BD
:10DBD0003046FBF7CBFB2A46314638A8FBF770FDF1
:10DBE00038A95046FCF74AF80DF5017DBDE8F08FE5
:10DBF000AC100300D0100300D8100300B4100300D1
:10DC0000BC100300C4100300CC100300A80D0300D7
:10DC1000E0100300E4100300E810030038B500F53D
:10DC2000E875044600F5DC7200F5D0712846FBF774
:10DC3000FFF929462846FBF703FB29460E4804F561
:10DC4000C475FCF719F804F5B87204F5AC712846F0
:10DC5000FBF7EEF929462846FBF7F2FA2946074872
:10DC6000FCF70AF82046FFF721FF0023012084F883
:10DC7000E83184F8EA0138BDF0100300F810030021
:10DC80002DE9F04F0546A1B095F8E9410990012C26
:10DC9000DDE92A0130D90024CDE914230023CDE9A0
:10DCA00018340CAB059305F1080A05F11803CDE90A
:10DCB000160193A5D5E900450DF1400B089314A971
:10DCC0005AE902230291FAE902671AA8CDE900672E
:10DCD000FFF768FCDDE91E678F4B002230463946AE
:10DCE000DAE9008909F032FD30B98C4B0022304668
:10DCF000394609F049FD18B1002021B0BDE8F08F88
:10DD00003046394605F0BEFA02460B467EA1D1E9FF
:10DD10000001CDE90A2309F0EFF802460B4616464A
:10DD20001F464046494600220023CDE9066709F018
:10DD3000E5F88046894602460B463046394603E000
:10DD40003046394622462B4609F0D6F86EA3D3E971
:10DD5000002306460F4609F017FD0028F0D107E022
:10DD60003046394622462B4609F0C8F806460F468B
:10DD700067A3D3E900233046394609F0F1FC0028B7
:10DD8000EED14B46DDE90A01424627F0004903E0A7
:10DD90004046394622462B4609F0AEF85AA3D3E94D
:10DDA000002380460F4609F0EFFC0028F0D107E081
:10DDB0004046394622462B4609F0A0F880460F46D9
:10DDC00053A3D3E900234046394609F0C9FC002893
:10DDD000EED1424627F000433046494609F0B6FCF2
:10DDE000002800F08880DDE906894046494605F0B4
:10DDF000C9FC06460F464046494605F04FFD002245
:10DE0000002309F031FA02460B460020002109F0F8
:10DE100073F832463B4605F05DFADDE91A23064603
:10DE20000F46DDE91C0105F055FA02460B46304667
:10DE3000394603E03046394622462B4609F05CF865
:10DE400031A3D3E9002306460F4609F09DFC0028C4
:10DE5000F0D12FA3D3E900233046394609F080FCE6
:10DE600070B13046394622462B4609F047F828A3C0
:10DE7000D3E9002306460F4609F072FC0028F0D1D2
:10DE8000059BE3E802670593DDE90623EBE802233F
:10DE9000089B53457FF413AFDDE91001DDE90C2346
:10DEA000099FC7E90401C7E90023CDE9000107F58F
:10DEB000AC70FBF719FADDE91201DDE90E23C7E9C1
:10DEC0000601C7E9022314ACCDE9000107F5B870DB
:10DED000FBF70AFA0FCC07F5A0750FC594E803000D
:10DEE000022685E80300384687F8E86121B0BDE8DE
:10DEF000F04FFFF793BEDDE90A23CDE9062372E771
:10DF000000000060FB21194000000060FB21094077
:10DF100000000060FB2109C00000F0BF0000F03FDE
:10DF20002DE9F04788B0044616461F4604AA06AB02
:10DF300002A96830FBF704FDDDE9060132463B46E5
:10DF400008F0DAFF8046894602460B46D4E9000114
:10DF500008F0D2FF06460F46C4E90067D4E9020183
:10DF600042464B4608F0C8FF32463B46D4E90467B8
:10DF700004F5AC75C4E90201CDE900672846FBF75A
:10DF8000B3F9D4E90623CDE9002304F5B87AD4E93E
:10DF900002235046FBF7A8F904F5DC7104F5D070B4
:10DFA000FBF7B6F806460F4628465146FBF7B0F891
:10DFB00002460B463046394608F09EFF0223C4E96C
:10DFC0007C0184F8E8312046FFF728FE08B0BDE860
:10DFD000F08700BFFFFFFFFF2DE9F04FD0E90623D8
:10DFE00093B0CDE902230368069300F5AC730E935A
:10DFF00000F5B8730F9300F5D073109300F5DC7340
:10E0000011930523D0E90445D0F804900793804686
:10E01000002100207EA3D3E9002309F025F9224640
:10E020002B4606460F4608F069FF04460D46DDE91B
:10E030000223C8E904453046394608F05FFFC8E9C5
:10E040000601CDE900450E9D069A4B462846FBF792
:10E050004BF9D8E90623CDE900230F9CD8E9022328
:10E060002046FBF741F921462846FBF751F80446C4
:10E070000D4610981199FBF74BF802460B462046C7
:10E08000294608F039FF03460C46C8E97C34D8E934
:10E090000634CDE90A0118462146CDE9023405F0DF
:10E0A000FDFBD8E902BA06460F465846514605F030
:10E0B00069FB0D46D8F85C11D8F8582101F10043EE
:10E0C0000446194610463B463246CDE9086709F03A
:10E0D000CBF822462B4609F0C7F80022002308F0AF
:10E0E0000DFFD8E90445CDE90C012046294605F08D
:10E0F000D5FBCDE90401D8E9001906910846494647
:10E1000005F040FB0F46D8F87411D8F8702101F1E2
:10E110000043064619461046DDE9042309F0A4F839
:10E1200032463B4609F0A0F8DDE90C2308F0E6FE94
:10E1300002460B4658460AF10041CDE90C2305F092
:10E14000ADFB0F46D8F86411D8F860A101F1004B7F
:10E15000DDE9082306465946504609F085F832465F
:10E160003B4609F081F8DDE90C2308F0C7FE0246C2
:10E170000B46069809F10041CDE9082305F08EFB16
:10E180000F46D8F87C11D8F878A101F1004BDDE9F1
:10E19000042306465946504609F066F832463B4687
:10E1A00009F062F8DDE9082308F0A8FE06460F46EC
:10E1B000DDE9020105F0E6FAD8E95A2309F054F83E
:10E1C00032463B4608F09AFE06460F462046294650
:10E1D00005F0D8FAD8E9602309F046F832463B4604
:10E1E00008F08CFE0B460246DDE90A0109F066F9EB
:10E1F000079B013B07937FF40DAF0223404688F84D
:10E20000E83113B0BDE8F04FFFF708BDAFF3008071
:10E21000000000A09999E93F2DE9F04F83B0044632
:10E22000DDE90C01CDE9000194F8E80118254FF46F
:10E23000D07B15FB00B02044DDE90E89DDE91067D5
:10E24000FBF752F894F8E8112A4815FB01B1214474
:10E25000FBF712FDCDE9006794F8E8014FF4AC7AC2
:10E2600015FB00A0424620444B46FBF73DF894F8CE
:10E27000E831214815FB03A12144FBF7FDFC94F88C
:10E28000E83104EBC302C2E90089C2E9046794F8EB
:10E29000E9210133DBB2012A98BF84F8E931022B6E
:10E2A00084F8E83105D0002384F8EA3103B0BDE8F2
:10E2B000F08F04F5DC7104F5D070FAF729FF0646FB
:10E2C0000F4604F5AC7004F5B871FAF721FF0B4660
:10E2D00002463946304608F00FFE94F8E831022B2A
:10E2E000C4E97C01DFD1204603B0BDE8F04FFFF761
:10E2F00095BC00BFF0100300F810030030B41D46B9
:10E3000090F81833082B13D800EB03111446C1E919
:10E310007E45DDE90245C1E98045DDE90445C1E905
:10E32000A245DDE906450133C1E9A44580F818336B
:10E3300030BC7047FFFFFFFF2DE9F04FFBB000241A
:10E340001893859B849F1190A3F1080603F1280977
:10E3500016911492B8461796CDF840900025E6E93C
:10E36000024530224046002190440BF0ABFD4E4563
:10E37000F5D1119B93F81833002B00F0DF81A7F142
:10E380000803199300231593984600240023CDE930
:10E390001234149B0293119B03EB08194FEA0813E4
:10E3A0000693D9E9A423CDE900231AA8D9E9A22329
:10E3B000FFF7F8F81AAA169920A8FBF7B9F920A9CF
:10E3C0000846FAF73DFFDDE9240323F000419AA354
:10E3D000D3E9002309F0BAF9002800F0A4819C4B8E
:10E3E000002000210022CDE96E01CDE97223002436
:10E3F000002320AA6EA926A8CDE97034FAF718FEEA
:10E4000026A90846FAF71CFF26AA20A92CA8FAF785
:10E410000FFE2CA90846FAF713FF189B08EB4808D3
:10E4200003EBC806D6E90001DDE9202308F064FD0E
:10E43000DDE92223CDE93201D6E9020108F05CFDD5
:10E44000DDE92423CDE93401D6E9040108F054FDC7
:10E45000CDE9360126A932A8FAF734FE06460F4662
:10E4600032A82CA9CDE90C67FAF72CFE3246824679
:10E470008B463B4630463946CDE90EAB08F0F4FEFC
:10E48000524606460F465B465046594608F0ECFE9B
:10E4900002460B463046394608F030FD02460B4630
:10E4A000DDE9120108F02AFDCDE9120156AC0DF5A7
:10E4B000DC7862AD00220023CDE95623CDE9582354
:10E4C000CDE95A23624B0022E4E8022356A920AA90
:10E4D0005CA8FAF7ADFD26A95CA8FAF7F3FDE5E81C
:10E4E00002012CA95CA8FAF7EDFD5CAB9C42E8E8C0
:10E4F0000201DFD10DF5E47ACDF810A0DDF858A0C7
:10E500000DF5CC7B0026DDF850E074460FCC0DF104
:10E51000E00CACE80F0094E803008CE80300BEE8D0
:10E520000F003EAD0FC594E8030042AF85E803003D
:10E530000DF1F008002E00F0F080012E00F0F880C0
:10E54000DDE93C01119B069A9C183DA3D3E9002309
:10E5500008F0D4FC3AA3D3E90023C8E90001D7E9C5
:10E56000000108F0C9FCC7E9000138A9D4E9A223D9
:10E570000291D9E9A47844A8CDE90078FFF712F810
:10E580003EA9D4E9A2230291D9E9A4454AA8CDE93C
:10E590000045FFF707F844AA514650A8FBF7C8F812
:10E5A0004AAA514656A8FBF7C3F8DDE95623DDE930
:10E5B000500108F0A1FC24A3D3E9002308F07EFF5A
:10E5C000DDE95823CDE95C01DDE9520108F094FC56
:10E5D0001DA3D3E9002308F071FFDDE95A23CDE93B
:10E5E0005E01DDE9540108F087FC17A3D3E900239D
:10E5F00008F064FFCDE9600126A95CA8FAF762FD86
:10E60000EBE902012CA95CA8FAF75CFD049BE3E9A5
:10E6100002010136032E04937FF475AF199B099311
:10E620006EAB0A9362AB0B93179B08936EAB9B4642
:10E6300010E000BFAFF30080000000C0CCCCEC3F86
:10E64000000000A0F2D77A3E000000A0F2D78A3E78
:10E650000000F03F0B9B099EF3E802010B930A9B1D
:10E66000F3E802890A93DDE90C23CDE90401CDE941
:10E67000068908F0F9FDDDE90E2304460D46404603
:10E68000494608F0F1FD02460B462046294608F0AF
:10E6900035FC089C02460B46F4E90201089408F098
:10E6A0002DFCC4E900010DF5DC7A62AFF7E8022326
:10E6B000DDE9040108F0D8FDFAE8028904460D46B8
:10E6C00042464B46DDE9060108F0CEFD02460B4608
:10E6D0002046294608F012FC02460B46F6E90201E4
:10E6E00008F00CFCBB45C6E90001DFD1099B109A7C
:10E6F00030330993089B9342ACD1159A119B013298
:10E7000093F8183315925FFA82F843453FF641AE0D
:10E71000DDE912017BB0BDE8F08FDDE938010DF1D4
:10E72000E0083EAF0EE70A490020002200235AE627
:10E73000DDE93A010DF1E80840AF03E700230024CA
:10E74000CDE91234DDE912017BB0BDE8F08F00BFE6
:10E750000000F03FFFFFFFFF2DE9F04FADF2444D09
:10E76000289290F8EA219DF8684419900A9427911C
:10E77000269222B1199E96F818239A4206D20023B7
:10E78000269326980DF2444DBDE8F08F06F16803FC
:10E7900019464AA82993FAF7D5FDDDE94A23CDE9C0
:10E7A0008023DDE94C23CDE98223DDE94E23CDE949
:10E7B0008423DDE95023CDE99223DDE95223CDE91D
:10E7C0009423DDE9542380A90846CDE99623FAF77E
:10E7D00037FD80A992A8FAF775FCDDE9802304468D
:10E7E0000D4608F041FD02460B46DDE9920108F0B6
:10E7F00083FBDDE98223CDE992012046294608F01A
:10E8000033FD02460B46DDE9940108F075FBDDE9B6
:10E810008423CDE994012046294608F025FD0B46C6
:10E820000246DDE9960108F067FBCDE9960192A961
:10E830000DF5487B0846FAF703FD92AA80A95846D1
:10E84000FAF7F6FB59465846FAF7FAFCDDE9802359
:10E85000CDE94A23DDE98223CDE94C23DDE9842398
:10E86000CDE94E23DDE99223CDE95023DDE9942360
:10E87000CDE95223DDE99623CDE95423DDE9C82310
:10E88000CDE95623DBE90223CDE95823DBE9042354
:10E8900006F5A075CDE95A230FCD2CAC0FC495E831
:10E8A000030096F8186384E80300002E32D0002697
:10E8B000DDF864A03446CAAD0AEB0413D3E9802323
:10E8C0000DF58E6CCDE98023BCE80F005F460FC7C5
:10E8D0009CE8030087E8030095E80F008DE80F002F
:10E8E00080A89BE80C00FBF783F8DDE980890AEB40
:10E8F000041392AA04EB440402EBC400D3E97E2380
:10E90000CDE90089FAF7F0FC01369AF81833F4B231
:10E91000A342D1D8199CCDF800B05CAB01932CAACE
:10E9200092AB4AA92046FFF707FD94F818330C93E1
:10E93000002B00F030840C9BDDF864A0013BDBB2BF
:10E940000AF1100202EB03130FF22C29D9E9008916
:10E950008BA7D7E900670493002308930693DAE9AD
:10E96000A45407E02846214632463B4608F0C4FA44
:10E9700005460C462846214642464B4608F004FF11
:10E980000028EFD107E02846214632463B4608F0F2
:10E99000B5FA05460C467CA3D3E900232846214658
:10E9A00008F0D4FE0028EED128462146002200239C
:10E9B00008F0CCFE08B104F1004475A3D3E90023AC
:10E9C0002846214608F0C2FE002800F0BD80069BC4
:10E9D00001330693049B0AF1100A9A45BFD10A9BA2
:10E9E0000C9883428CBF042306230493069B022BBE
:10E9F00007DD089B0C98022BC2BF049B43F0010368
:10EA0000049308F0B7FB64A3D3E9002308F02CFCBF
:10EA1000CDE90C01664B2A930023ADF8AC304FF0E2
:10EA2000FF33089300220023CDE90623DA46F8AD30
:10EA30000DF54E7903240122E31E02FA03F3049A32
:10EA40001A4268D02AAB1B5D002B64D1DAE92A0197
:10EA5000DDE90C2308F084FE00285CD16EAB7AAEB1
:10EA60004A46F2E80C01E3E80201B342F9D180AB77
:10EA70002AAA6EA95846FEF723FC002872D000226D
:10EA80000023CDF828A0CDF838B00DF1A808A5F1E5
:10EA9000300680AF92469B4618F8013B6BB1D7E930
:10EAA0000023D6E9000108F0DFFB02460B46504682
:10EAB000594608F023FA82468B460836AE4207F1E3
:10EAC0000807E9D15246DDF828A0DAE92A675B4653
:10EAD0003046394608F010FA02460B46CDE90A23C3
:10EAE00000220023DDF838B008F04EFE18B90022ED
:10EAF0000023CDE90A2332463B46DDE90A0108F04E
:10EB0000DDFCDDE9062306460F4608F03DFE10B1A8
:10EB1000CDE9066708940134062C0AF1380A05F19C
:10EB2000300509F1080986D1089C631C42D0DDE953
:10EB300006011BA3D3E9002308F008FE002839D101
:10EB40002AAA012313556AE717A3D3E9002328460D
:10EB5000214608F019FE00283FF43CAF089B013322
:10EB6000089337E7DAE92A23CDE90A2316461F4638
:10EB7000C1E700BFAFF3008000000060FB21094047
:10EB800000000060FB21194000000060FB2109C06B
:10EB9000000000C0E21DF93F000000A0F7C6B03E33
:10EBA000000000E04D62703F000000001426F93FB5
:10EBB000010101004AA95CA8FAF7C4FB00231893DD
:10EBC000DDE92C34CDE92034DDE92E34CDE92234E1
:10EBD000DDE93034CDE92434B7A4D4E90034CDE9FB
:10EBE0000434B94C0023CDE91634199ECDF800B099
:10EBF00032AB2CAA0193304692AB4AA9FFF79CFB9B
:10EC0000044696F818030D4608F0C4FA02460B466F
:10EC10002046294608F052FC04F0F4FBDDE91667B3
:10EC200004460D46002200233046394608F08EFD8A
:10EC300030B932463B462046294608F087FD88B168
:10EC40004AA95CA8CDE91645FAF77CFBDDE92C342E
:10EC5000CDE92034DDE92E34CDE92234DDE930344C
:10EC6000CDE92434DDE90401984B002208F046F98F
:10EC70005E4604460D46D6E900012B46224608F0C2
:10EC8000F3FAE6E80E010DF58E639E42F3D19DF88E
:10EC9000AB30E3B19DF8AC30CBB1DBE92C03002203
:10ECA00023F000418A4B08F0DFFA04460D46224665
:10ECB000DBE92A012B4608F021F92246CBE92A019B
:10ECC0002B46DBE9380108F019F9CBE938013EABF6
:10ECD0002AAA32A95846FEF7F3FA002800F08C81E0
:10ECE0003E9B3F9C0A931A461846214623460C94A5
:10ECF00008F0BAFA419B409D0E9306460F462A46FD
:10ED00001946284608F0B0FA02460B463046394606
:10ED100008F0F4F8DDE9423A06460F461A460F932A
:10ED200018465146534608F09FFA02460B463046B5
:10ED3000394608F0E3F862A3D3E9002306460F46FC
:10ED400008F004FD002840F01D823046394604F0EA
:10ED500059FB0A9A0C9B06460F4610461946324646
:10ED60003B4608F0ABFB02460B46CDE906230E9965
:10ED700032463B46284608F0A1FB02460B46CDE949
:10ED800014230F9832463B46514608F097FBCDE9D5
:10ED900008013046394604F0F5FC80468946304685
:10EDA000394604F07BFD4246CDE912014B46474906
:10EDB0000020CDE9108908F09FF8DDE9066780465C
:10EDC000894632463B463046394608F04DFA4246BF
:10EDD0004B4608F049FADDE9102308F08FF8DDE929
:10EDE0001423CDE96E013046394608F03DFA42461B
:10EDF0004B4608F039FADDE9122306460F46DDE9F5
:10EE0000080108F031FACDE91C0102460B463046F4
:10EE1000394608F071F8DDE90823CDE97001DDE934
:10EE2000060108F021FA42464B4608F01DFADDE9DA
:10EE30001223CDE91A01DDE9140108F015FA0A469A
:10EE40000146CDE91E1213460246DDE91A0108F01B
:10EE500055F8CDE97201DDE91C233046394608F04A
:10EE60004DF8DDE91467CDE9740132463B46304682
:10EE7000394608F0F9F942464B4608F0F5F9DDE964
:10EE8000102308F03BF8DDE90823CDE97601304690
:10EE9000394608F0E9F942464B4608F0E5F9DDE964
:10EEA000122306460F46DDE9060108F0DDF90A46A1
:10EEB0000146CDE906120DE0000000E00B2E113EE8
:10EEC000000000004C48B4390000F0BF0000F03FE3
:10EED0000000D03F134639460246304608F00CF891
:10EEE000DDE91E23CDE97801DDE91A0108F004F817
:10EEF000DDE90623CDE97A013046394607F0FEFF09
:10EF0000DDE90823CDE97C011046194608F0ACF98B
:10EF100042464B4608F0A8F9DDE9102307F0EEFF62
:10EF2000CDE97E016EAC21464AAA80A8FAF7C8FB5B
:10EF300080A94AA8FAF706FADDE94439DDE92C018F
:10EF40001A4606934B4607F0D9FFDDE94687CDE91F
:10EF50002C014246DDE92E013B4607F0CFFFDDE9FB
:10EF60004864CDE92E013246DDE93001234607F041
:10EF7000C5FF2A46CDE930010C9D0E9825F00041D1
:10EF800020F000430A9807F0B9FF0F9A2AF00043D7
:10EF900007F0B4FF069A29F0004307F0AFFF42469E
:10EFA00027F0004307F0AAFF324624F0004307F0A1
:10EFB000A5FF81A3D3E9002308F0C8FB002840F097
:10EFC000E680DDE904017E4B002208F04DF902469F
:10EFD0000B46CDE9042378A3D3E9002308F0B6FB60
:10EFE00020B175A4D4E90034CDE90434189B013371
:10EFF0001E2B18937FF4F9ADDDF8648098F8183370
:10F00000002B00F0D38000273E460024002508EBAB
:10F0100006132CA81946D3E9A2230290D1E9A40132
:10F02000CDE9000180A8FEF7BDFA80AA4AA958469A
:10F03000FAF77EFB59465846FAF702F906EB460600
:10F0400092AB03EBC6015846FAF762F802460B464C
:10F0500008F00AF902460B462046294607F04EFF03
:10F060000137044698F81803FEB286420D46CED307
:10F0700008F090F802460B462046294608F01EFA92
:10F0800004F0C0F9DDE9166704460D4600220023AE
:10F090003046394608F05AFB002860D122462B46FC
:10F0A0003046394608F066FB002858D1DDE91601E4
:10F0B0000022002308F04AFB00287FF460AB9DF893
:10F0C000AB301BB900230024CDE920349DF8AC30CF
:10F0D0001BB900230024CDE922349DF8AD301BB9C3
:10F0E00000230024CDE92434299C5CA92046FAF7AA
:10F0F00029F92146199C04F12000FAF737F9224634
:10F10000DDE92034C2E95034DDE92234C2E9523469
:10F11000DDE92434DDE91601C2E954349DF8AC3050
:10F12000C2E9C80114469DF8AD205B0043EA8203A2
:10F130009DF8AB20134384F82833012384F8EA3187
:10F14000279B0BB1C3E90001289B002B3FF419ABAF
:10F15000189A26981A600DF2444DBDE8F08F4AA91E
:10F160005CA8CDE91645FAF7EDF8DDE92C34CDE9D8
:10F170002034DDE92E34CDE92234DDE93034CDE927
:10F18000243493E76EAC2046FAF7FCFACBE6189BE2
:10F190000133189330E70A9B002B0CBF062304238E
:10F1A000049300240023CDE90C3433E4002200232F
:10F1B00014461D4660E700BF000000809997713D2E
:10F1C0000000E03FF0B589B00DF1380E05460E465F
:10F1D0001746BEE80F000DF1080CACE80F009EE8E2
:10F1E000030004248CE803003A4623460094314689
:10F1F0002846FFF7B1FA09B0F0BD00BFF0B589B0FD
:10F200000DF1380E05460E461746BEE80F000DF10B
:10F21000080CACE80F009EE8030003248CE8030010
:10F220003A462346009431462846FFF795FA09B03E
:10F23000F0BD00BFEFF3108272B6437F5BB9017F70
:10F24000012930B40BD0032913D00123437702B92D
:10F2500062B630BC70470AB962B670477047124C4C
:10F260002168B1B1114943610B688361086058613D
:10F27000EBE70F4D0F492C688CB143610B6883613C
:10F2800058614FF0E0234FF080540860C3F8044DFC
:10F29000DBE7064B4161816120601860D5E744617E
:10F2A00084612860EDE700BFB89FFF1FC89FFF1F64
:10F2B000C09FFF1FBC9FFF1F70B5EFF3108272B697
:10F2C0000C4C206880B10C4E00254369236073B15B
:10F2D0009D6102B962B6836845779847EFF3108263
:10F2E00072B620680028F0D102B962B670BD3360F2
:10F2F000EFE700BFC09FFF1FBC9FFF1FFFF7DCBFF2
:10F30000024A136801331360704700BF34A0FF1F27
:10F310000368C9B21B6818470368C9B21B6818475D
:10F320000368C9B21B6818470368C9B21B6818474D
:10F33000084B10B503EB51030446B3FBF1F001F0A9
:10F340000DFB054B1B7803B110BD2046BDE81040F6
:10F3500003F084BE004495086188FF1F08B5084685
:10F3600001F0FEFC012008BD08B5084601F0F8FCDC
:10F37000012008BD38B508460D460BF081F904465A
:10F380000146284601F0F6FC204638BD10B5084677
:10F390001446114601F0EEFC204610BD0846114609
:10F3A00001F016BF0846114601F0F6BE01F00EBE90
:10F3B00008B5084601F0AAFC003818BF012008BDB6
:10F3C00008B5084601F080FC003818BF012008BDD0
:10F3D0000846114601F010BC084601F04BBC00BFC6
:10F3E000084601F0EDBB00BF01F084BB10B5036817
:10F3F0001446DB6998472046BDE8104001F01CBB6D
:10F4000001F0BEBD01F076BD01F060BD01F03ABD76
:10F4100001F044BD084B10B503EB51030446B3FBA8
:10F42000F1F001F0E5FE054B1B7803B110BD20465D
:10F43000BDE8104003F012BE004495086288FF1F2B
:10F4400008B5084602F0D2F8012008BD08B5084604
:10F4500002F0CCF8012008BD38B508460D460BF087
:10F460000FF904460146284602F03CF9204638BD13
:10F4700010B508461446114602F034F9204610BD76
:10F480000846114602F05CBB0846114602F03CBB40
:10F4900002F054BA08B5084602F088F8003818BFE0
:10F4A000012008BD08B5084602F05EF8003818BF14
:10F4B000012008BD0846114601F0EABF084602F0E7
:10F4C00025B800BF084601F0C7BF00BF01F05CBF10
:10F4D00010B50648144600EB5100B0FBF1F001F006
:10F4E00087FE2046BDE8104001F0F0BE00449508BC
:10F4F00002F0FEB902F0B6B902F0A0B902F07AB992
:10F5000002F084B90368064A1B68934205D110B51E
:10F51000C8B202F06BF8012010BDC9B2184700BF95
:10F520004DF401000368064A1B68934205D110B5EB
:10F53000C8B202F05BF8012010BDC9B2184700BF85
:10F540004DF401000368064A1B68934205D110B5CB
:10F55000C8B202F04BF8012010BDC9B2184700BF75
:10F560004DF401000368064A1B68934205D110B5AB
:10F57000C8B202F03BF8012010BDC9B2184700BF65
:10F580004DF40100084B10B503EB51030446B3FBE7
:10F59000F1F002F05BFB054B1B7803B110BD204678
:10F5A000BDE8104003F05ABD00A24A046388FF1F63
:10F5B00008B5084602F0B6FC012008BD08B50846AB
:10F5C00002F0B0FC012008BD38B508460D460BF02E
:10F5D00057F804460146284602F0AEFC204638BDE6
:10F5E00010B508461446114602F0A6FC204610BD90
:10F5F0000846114602F01ABE0846114602F0FABD4E
:10F6000002F052BD08B5084602F06CFC003818BF85
:10F61000012008BD08B5084602F042FC003818BFBA
:10F62000012008BD0846114602F00CBC084602F055
:10F6300035BC00BF084602F0E9BB00BF02F0B0BB1A
:10F6400010B50648144600EB5100B0FBF1F002F093
:10F65000FDFA2046BDE8104002F044BB00A24A0477
:10F6600002F0FCBC02F0B4BC02F09EBC02F078BC1C
:10F6700002F082BC0368064A1B68934205D110B5AC
:10F68000C8B202F04FFC012010BDC9B2184700BF3C
:10F69000BDF501000368064A1B68934205D110B509
:10F6A000C8B202F03FFC012010BDC9B2184700BF2C
:10F6B000BDF501000368064A1B68934205D110B5E9
:10F6C000C8B202F02FFC012010BDC9B2184700BF1C
:10F6D000BDF501000368064A1B68934205D110B5C9
:10F6E000C8B202F01FFC012010BDC9B2184700BF0C
:10F6F000BDF50100704700BF704700BF704700BFF5
:10F70000704700BF704700BF38B5064CA4F16005D4
:10F7100054F8083C2046DB68183C9847AC42F7D1C7
:10F7200038BD00BF20A0FF1F2DE9F043036887B05C
:10F7300004469046002B3ED000229A600122DA60F7
:10F74000294DDFF8A8901D442D1151F8083B009376
:10F7500005EB4506F60002A85B68984706F1080726
:10F7600059F806304F443846DB689847009B204ADA
:10F77000009202A949F8063038469B689847009BDA
:10F7800002A8DB68984723681A49C3F8008003225F
:10F790009A6005F14402531103F13823207968542B
:10F7A000403301209B0002F01F0200FA02F21A60AF
:10F7B00007B0BDE8F083104AD36B43F40003D36372
:10F7C00000BF0E4B01221A6003F580730C4A0360E0
:10F7D00098680028B4D0103393422360F8D10020F9
:10F7E000206007B0BDE8F083008FFCBFD09FFF1FF3
:10F7F0003812030044E400E000800440007003403D
:10F80000407103400368002B3DD02DE9F0471E4CAA
:10F81000DFF878901E4A1C44241104F14406731149
:10F8200004EB4404E40003F1382386B060339F0006
:10F830004FF0010A59F80430009204F1080806F06C
:10F840001F06144A02920AFA06F6C8440546DB6807
:10F850003E6040469847009B0F4A009249F80430AA
:10F86000404602A99B689847009B02A8DB6898471E
:10F870002A6800239360C2F80CA0C7F800612B60CF
:10F8800006B0BDE8F0877047008FFCBFD09FFF1F18
:10F89000FC0E0300F5F60100381203000448054A87
:10F8A00050F8083B01211B68C2F80C11184700BF33
:10F8B000D09FFF1F007003400448054A836901215F
:10F8C0001B68C2F81C112030184700BFD09FFF1FD3
:10F8D000007003400448054A036B01211B68C2F80D
:10F8E0002C113830184700BFD09FFF1F0070034015
:10F8F0000448054A836C01211B68C2F83C11503052
:10F90000184700BFD09FFF1F00700340084B0948F5
:10F91000094A0A4910B40A4C1C6098609C6118623C
:10F920001C6398639C64186510BC002003F07ABCCB
:10F93000D09FFF1FF5F601002087FF1F09F7010088
:10F94000FC0E030070B5012A8AB008BF0A22A1B3D9
:10F950004FF0210E02E05FFA86FE2946B1FBF2F578
:10F9600002FB15145FFA84FC092C0CF1300498BFDB
:10F970005FFA84FC0EF1280488BF0CF1370C6C444C
:10F9800088BF5FFA8CFC91420EF1FF3604F824CC5C
:10F99000E1D24BB10EF1FF3E5FFA8EFE0EF128036D
:10F9A0006B442D2203F8242C036801A95B68CEF177
:10F9B0002202714498470AB070BD30228DF825208C
:10F9C0004FF0210EE5E700BF00B5036883B040F6B5
:10F9D0000D22ADF804205B68022201A9984703B00C
:10F9E0005DF804FB034B022888BF034618461B68DA
:10F9F0005B6818476488FF1F2DE9F04F194687B0F0
:10FA00000646104614469A4607F0C8FE9DF8407018
:10FA1000002840F0A9802AF000455F4B2046294687
:10FA20004FF0FF3207F0BAFE48B95B4B204629463B
:10FA30004FF0FF3207F094FE002800F08E80574B05
:10FA4000204651464FF0604207F09EFE00287BD1D1
:10FA5000534B204651464FF0604207F077FE002896
:10FA600072D1204651460022002307F06FFE054662
:10FA7000002875D1002F7AD00FF21419D9E9008926
:10FA800048494FF0000B00204B460BF1010B42465A
:10FA900007F0EAFB5FFA8BF3BB42F5D302460B4655
:10FAA0002046514607F02AFA8946804607F0B4FE00
:10FAB0000F2F28BF0F278246019707F05BFB0246F6
:10FAC0000B464046494607F017FA2B4680468946C2
:10FAD0000A2251463046FFF735FF2E234D468DF85A
:10FAE00008300DF109027B1EDFF8BC9044468346C6
:10FAF00052FA83FA02AF4FF0000842464B462046C6
:10FB0000294607F0B1FB0D46044607F085FEC0B25A
:10FB100000F1300307F8013F07F03CFB02460B46BB
:10FB20002046294607F0E8F9BA4504460D46E4D1D7
:10FB3000019A336801325B68D2B202A93046984715
:10FB4000584607B0BDE8F08F336818495B68032258
:10FB5000304607B0BDE8F04F184733681449F5E761
:10FB60000AF1004A012585E733681249EEE70D4B9B
:10FB700000222046514607F0C1F907F04DFE2B4602
:10FB800001460A22304607B0BDE8F04FFFF7DABE63
:10FB9000000000A09999B93FFFFFEF7FFFFFEF4101
:10FBA000FFFFEFC10000E03F0000244050120300BF
:10FBB0004C12030048120300884200DB704770B407
:10FBC000114C2268091AEAB1104B114E114D83FBFA
:10FBD000023C9444D317C3EB2C4306FB132244F29C
:10FBE000A71C05FB03F30CFB0233002B02DA03F125
:10FBF0000043013BB3FBF1F201FB123223601044DE
:10FC000070BC7047044BF5E730A0FF1F5F0B4E83BD
:10FC10001DF30100ECF4FFFF42CE0C1F10B5174B93
:10FC20000FCB84B0EC468CE80F00154B5A78910747
:10FC300017D51A78124C12F0700218BF1A70802172
:10FC40000023E171332223710323E272A37272B69F
:10FC50004CF001032046984762B6237813F07003F6
:10FC600009D1084B064901E0013B02D04A78D2078E
:10FC7000FAD504B010BD237004B010BD54120300B7
:10FC800000000240410D0300B0F5006F11D210B525
:10FC9000094B5B78DB07044604D504F1A0542078B7
:10FCA000C0B210BD04F1A054FFF7B8FF2078C0B275
:10FCB00010BD0020704700BF00000240B0F5006F8B
:10FCC0001FD238B50F4B5B78DA0704460D4610D5C6
:10FCD00004F1A0542378AB420AD00A4A137813F0F7
:10FCE000700318BF1370074A25705378DB07FCD5E3
:10FCF00038BD04F1A054FFF791FF2378AB42ECD15B
:10FD0000F6E770470000024008B5F7F78BF8F7F701
:10FD10008FF803F02BF9FAE701B441EA000313F07E
:10FD200003036FD1403A41D351F8043B40F8043B00
:10FD300051F8043B40F8043B51F8043B40F8043BC5
:10FD400051F8043B40F8043B51F8043B40F8043BB5
:10FD500051F8043B40F8043B51F8043B40F8043BA5
:10FD600051F8043B40F8043B51F8043B40F8043B95
:10FD700051F8043B40F8043B51F8043B40F8043B85
:10FD800051F8043B40F8043B51F8043B40F8043B75
:10FD900051F8043B40F8043B51F8043B40F8043B65
:10FDA00051F8043B40F8043B403ABDD2303211D305
:10FDB00051F8043B40F8043B51F8043B40F8043B45
:10FDC00051F8043B40F8043B51F8043B40F8043B35
:10FDD000103AEDD20C3205D351F8043B40F8043B05
:10FDE000043AF9D204320AD0D2071CBF11F8013B01
:10FDF00000F8013B03D30B7803704B78437001BCD0
:10FE0000704700BF0C2A4AD310F0030311D0C3F18E
:10FE10000403D21ADB071CBF11F8013B00F8013BB9
:10FE200007D311F8013B00F8013B11F8013B00F842
:10FE3000013B11F003033FF475AF30B4043AC91A23
:10FE4000C3F1040C51F8044B022B19D0032B0BD037
:10FE5000240A51F8043B1D0644EA050440F8044B0B
:10FE60001C46043AF4D216E0240E51F8043B1D025D
:10FE700044EA050440F8044B1C46043AF4D20AE074
:10FE8000240C51F8043B1D0444EA050440F8044BDB
:10FE90001C46043AF4D20432B1EB0C0130BC043AF3
:10FEA000A0D3013A11F8013B00F8013BF9D20B78DD
:10FEB00003704B7843708B78837001BC704700BF30
:10FEC00008B50F4C636B58030DD4636B59050FD401
:10FED000636B1A0511D4636BDB04F3D502F0F6F8FB
:10FEE000636B5803F1D502F073FA636B5905EFD5D4
:10FEF00001F090F8636B1A05EDD501F043FDEAE7D8
:10FF00000080044008B5FFF7DBFF00BF014B102263
:10FF10001A80704700200540704700BF094A08B5A5
:10FF20000346106833B169460344A1F580518B4202
:10FF300001D2136008BD0AF085F90C2303604FF06D
:10FF4000FF3008BD1C88FF1F002070474FF0FF30B6
:10FF5000704700BF4FF400534B600020704700BF54
:10FF6000012070474FF0FF30704700BF0078B0FAB3
:10FF700080F04009704700BF01230370704700BF45
:10FF8000FEE7FFFFEFF31383CBB9EFF31080A0B9C7
:10FF9000EFF3058343B94FF48070EFF311835BB146
:10FFA000984228BF184670470F2BF6D9054AD05CF7
:10FFB000EFF31183002BF3D17047184670474FF0D1
:10FFC000FF307047F0E300E007F0CEBF01F1FF3CE7
:10FFD00070B56546002401E070460134B0FBF2FEC6
:10FFE00002FB1E03092B03F130068ABF3733F3B23D
:10FFF000DBB2904205F8013FEED2631C0022CA54E6
:020000022000DC
:10000000C8187CB162461CF8015F10F801ED8CF84D
:1000100000E0A1EB0C030232013B521A23449A4246
:100020000570EFDB084670BD2DE9F04F894685B0BD
:100030000146044690461F4607F032FF89EAE976FA
:10004000A6EBE976002840F0458124F00045B6494A
:10005000284607F025FF78BBB349284607F002FF82
:1000600050BB0021204607F0F3FE002840F0EC8052
:10007000032E6FDD0325B9F1000FA6EB050562DB4A
:100080000021204607F0E4FE002840F078814E234E
:10009000492146227B703970FB1CBA7035B1184675
:1000A0002A46202109F00EFF03462B440022184661
:1000B0001A7005B0BDE8F08F02AB01AA4146204698
:1000C00009F022FDDDF804B058EA0B034646054668
:1000D00051D101230278954D01939B46944BDA460A
:1000E000342A88BF1D46029B002B5DD00AF1010A0D
:1000F000A9EB0A04002C07EB0A0640F3A180224674
:100100002021384609F0DEFE264407EB040C2D239F
:10011000BBF1000F0CF8013B57D061DAB8F1000FCA
:100120005ED06346302103F8021BCBF1000B2E2278
:100130008CF8012018465A4609F0C4FE002300EB53
:100140000B0C01934CE02DB138462A46202109F0D2
:10015000B9FE2F440021204607F07AFE002800F067
:10016000DB804E232D2049214622BB7038707970E8
:100170003B1DFA709AE7CBF10003984580F2A68008
:10018000C8F1000B4FF0010A684DCDF804B050469D
:10019000D345B8BF0AF1010ABBF1000F68D1029B39
:1001A0000AF1010A002BA1D1A9EB0A04002C07EBEC
:1001B0000A0647DD22462021384609F083FE264400
:1001C00007EB040CBBF1000FA7D1B8F1000F07D06B
:1001D0006346302203F8022B2E228CF801209C4625
:1001E000B44522D2634615F8012B03F8012BB34224
:1001F0001CD0019A2E20013A0EE08CF801000CF17F
:10020000020CB445634602F1FF320ED215F8011B11
:1002100003F8011BB34209D00192002AEDD09C469D
:10022000B445634602F1FF32F0D36646B9F1000FE0
:100230000EDB002333703B46184605B0BDE8F08F57
:10024000BC4664E7BC46BDE7042E8ADD042512E700
:10025000CA44BAF1000F6FEA0A04EADA24EAE47445
:10026000013430462246202109F02CFE2644E0E7E6
:10027000BFF639AFB8F1000F3FF435AF0BEB080311
:10028000984208F1020A7FF62EAFB8F1000F07DDA1
:10029000284D2046294607F03DFC013E0446F8D192
:1002A00002AB03AA3146204609F02EFCDDF804B06B
:1002B000039B08F10102A3EB0B03934208BF0BF170
:1002C000010B054608BFCDF804B00CE70AF0D8F9D9
:1002D00082465DE70021204607F0BAFD002814BFE2
:1002E00004250325B5422EDAB9F1000FA6EB05056A
:1002F00022DB4FF07E53204663F31E00002107F0FF
:10030000A7FDC0BB4E2241237B703A70FB1CBA7024
:10031000002D7FF4C4AEC9E64E23492146227B70EE
:100320003970FB1CBA70C1E6FFFF7F7F64120300C7
:10033000B40D0300000020412DB138462A4620218B
:1003400009F0C0FD2F444FF07E53204663F31E009A
:10035000002107F07DFD4E2238B141232D21BB70D5
:1003600039707A703B1DFA70A0E641237B703A70B9
:10037000FB1CBA709AE62D2307F8013BC2E72D2338
:1003800007F8013B83E600BF10B40F4B53F8302051
:1003900092F880422CB1012391B182F8803010BCD8
:1003A000704703EBC0035B681A6821B922F00202B0
:1003B00010BC1A60704742F0030210BC1A6070470C
:1003C00082F8003110BC704768120300014B1868B6
:1003D000704700BF00D00340034B002210215A6138
:1003E0005A6018605961704700D00340704700BFE1
:1003F000F0B54FF0E0244FF400054FF0807CC4F8D6
:100400000851C4F808C14FF0007CC4F808C11D4A67
:100410001D481E494FF0806CC4F808C128230027EE
:1004200048F6FF7609254FF0006CC4F808C183B088
:1004300057609660D3605361D3615362D362536354
:10044000D3635364156047608660C3604361056091
:100450004F608E60CB604B610D6002F027FEFFF7AE
:10046000C5FF0B4C23680093009B132BFAD902F0B5
:1004700069FB23680193019BB3F5967FF9D303B021
:10048000F0BD00BF008003400090034000800B409F
:1004900034A0FF1F28287F4B36D000291B783FDD72
:1004A000012202FA03FC614510B554D2C21E012A92
:1004B00070D9202867D0192865D0774A926802FB46
:1004C000011222FA03F3421F1B2A7DD8DFE812F043
:1004D000C600BF007C007C00B800B1007C007C003E
:1004E0007C007C007C007C007C007C007C00AA00FE
:1004F000A3009C0095007C00CD007C007C007C006B
:100500007C007C007C00D40018780B2895BFC0F1DB
:100510000C000C3801FA00F041FA00F002F02ABE9B
:10052000212817D85D4B53F8302092F8801203EB46
:10053000C00300293CD001215B6882F80011012032
:100540004FF4A27182F8800219601A6822F020022A
:100550001A6070477047212814D8504B53F8301058
:1005600091F8804203EBC00344B35B6881F88020BC
:100570004FF4A272012081F880021A601A6822F0FA
:1005800020021A6010BD464A926802FB011222FA4C
:1005900003F398E7434CA268042802FB011222FAF5
:1005A00003F270D1404BA2614FF45171596310BDF9
:1005B0005B68196821F002011960C0E75B681A687E
:1005C00042F003021A60D3E72128DBD87F29D4BF89
:1005D00000210121FFF7D8FE304B03EBC00253F896
:1005E0003010536801244FF4A27281F880421A60DF
:1005F0001A6822F020021A6010BD27482B4A836136
:1006000040F24441916010BD2348284A036140F202
:100610004441516010BD2048254A036440F24441E2
:10062000916110BD1C48224A836340F244415161EC
:1006300010BD19481D4A836240F24441116110BD4A
:1006400015481A4A036240F24441D16010BD124875
:10065000174A036340F24441116110BD0E48144A29
:10066000836440F24441D16110BD0D48114A836159
:100670004FF45171D16410BD09480E4A03614FF423
:100680005171916410BD084B22614FF4517119638F
:1006900010BD00BF2088FF1F0080034068120300C8
:1006A00000800B40009003400090044000B00440E4
:1006B00000C0044000A00440212816D810B4104BFC
:1006C00053F8302092F880422CB1012371B982F89E
:1006D000003110BC704703EBC0035B681A6849B176
:1006E00042F0030210BC1A607047704782F88030F5
:1006F00010BC704722F0020210BC1A60704700BFA5
:1007000068120300212806D8044B53F8303093F8C0
:100710000002C0B270470020704700BF681203009B
:10072000212820D81B4A02EBC00301295B680FD0A7
:1007300004291DD052F83000002280F8802299B19F
:10074000022922D003290DD14FF481721A6070471B
:1007500052F830004FF4A27280F880121A601A68C2
:1007600022F020021A6070474FF480721A607047BE
:1007700052F830104FF4A272012081F880021A6002
:100780001A6842F020021A60704740F203121A60A1
:10079000704700BF6812030072B60D494FF0E022A7
:1007A00093690868D2F8042D62B6520102D5322B43
:1007B00088BF0130074AC3F58C334FF47A7103F2D6
:1007C0003F13A2FB032301FB00F000EB1310704763
:1007D00034A0FF1F398EE3382DE9F843044672B682
:1007E000204F4FF0E02293693D68D2F8042D62B6A5
:1007F000520102D5322B88BF01350CB9BDE8F88310
:10080000DFF86490DFF86480A9EB0303A8FB0323FF
:100810004FF47A7202FB05F505EB13154FF0E02655
:1008200072B6B1693A68D6F804CD62B6A9EB010395
:10083000A8FB03031CF0806FC5EB13134FF47A7011
:1008400002D0322988BF013200FB0233B3F57A7F30
:1008500004D3013CD2D005F57A75E1E702F086FBBE
:10086000DEE700BF34A0FF1F3F190100398EE338D7
:100870002DE9F84F314B1B6807460BB101221A7066
:10088000DFF8BC90DFF8BC8099F80040D8F8003061
:100890002D4D01349C422B782AD303F0FF0A002B04
:1008A0003ED15446294EDFF8A8B005E033791B0647
:1008B00023D42B78A3420AD1FFF764FB4028F5DD4F
:1008C000FF28F6DD02F052FB2B78A342F4D03F2C38
:1008D00029D9204B403C1B68FFB21F551E4A1B4BB9
:1008E00001211170BC2289F800A0DA70BDE8F88FF0
:1008F0009C425FFA84FAD5D0E9E72B78D8F800104B
:100900005A1C8A42DBB203D23F2A10D8D1B201E08E
:1009100000210A461BF80230DBB2F3712970C8E7E8
:100920004FF0000A54460A4BFFB21F55D6E7D1B22A
:10093000084A3F3B1268D35CDBB2EEE788A0FF1F9A
:10094000D0A0FF1F3088FF1FD8A0FF1F00A00640C7
:1009500090A0FF1FD4A0FF1F8CA0FF1F2A4A2B4985
:10096000536B70B443F48063294D536300232B70A1
:10097000284E0B70284C2949237032780B70284977
:100980000B709AB3152A03D1264B40F213329A61A9
:10099000254B1B78012B31D0052B03D1214B4FF474
:1009A0005172DA612028214B214C38BF2020C0F33E
:1009B000443C83F800C0C0F3471C00F01F0083F8DC
:1009C00001C00422987202209A70D87488205A7547
:1009D0004FF0E021187440223C20D87084F82D207C
:1009E0004FF4005370BCC1F804317047114B40F212
:1009F00013321A640C4B1B78012BCDD10D4B4FF4E5
:100A000051725A64CEE700BF0080044084A0FF1FEB
:100A10007CA0FF1F85A0FF1FD0A0FF1FD8A0FF1F35
:100A20008CA0FF1F00C004403488FF1F00A00640B8
:100A300000E400E000A00440294B29499B7800F025
:100A4000030203F0EC031343420700F00F0248BF18
:100A500043F01003042A8B7003D18B7943F04003D9
:100A60008B711F4B5A79C30602F0EF021C4B48BF33
:100A700042F010025A719A79810602F0EF0211D504
:100A800042F0100281059A710FD59A78154942F00B
:100A9000A0029A700978144B03EBC10340F246326E
:100AA0005B6814E09A71820505D4104B104A1968EE
:100AB000914211D070479A780A4942F0A0029A7088
:100AC0000978094B03EBC10340F247325B680749E1
:100AD00007481A600860704700221A60704700BF1C
:100AE00000A006403488FF1F6812030088A0FF1F83
:100AF000D400D442284B5B6B5B054CD510B5274C1A
:100B0000237823B102F032FA2378002BFAD1244A59
:100B1000244B4FF0E0204FF400540021C0F88441F2
:100B2000D1701B7863B3152B1BD01F4B1B7803F0C0
:100B30007F03012B1FD0052B0ED01C4B184A1C4CD9
:100B40001C48196892F804C0D279002323700370FE
:100B500009B101230B7010BD174B40F20312DA618B
:100B6000EBE7154B40F203129A610F4B1B7803F031
:100B70007F03012BDFD1114B40F203125A64DCE7F3
:100B80000E4B40F203121A64074B1B7803F07F03ED
:100B9000012BD0D1EFE77047008004408CA0FF1FED
:100BA00000A0064085A0FF1F3488FF1F38A0FF1F4C
:100BB0007CA0FF1F84A0FF1F00C0044000A00440D1
:100BC0000A4A38B50546137803F0FF04002BFAD122
:100BD00001212846FFF7A4FD21462846FFF76CFDBA
:100BE000034A044B52F835201A6038BD8CA0FF1F11
:100BF0006812030088A0FF1F09B140F08000194A65
:100C00001378834217D010B4174C646B64050FD56A
:100C100003F07F03012B21D0052B14D0002900F015
:100C20007F0314BF60214421012B10D0052B03D07A
:100C3000107010BC704770470C4B41F44071D96183
:100C4000107010BC7047094B0024DC61E6E7084BCC
:100C500041F440715964107010BC7047044B00247B
:100C60005C64DBE73488FF1F0080044000C0044060
:100C700000A00440104A137883420AD00F49496B00
:100C8000490505D5ABB1152B09D068B1152801D0A0
:100C9000107070470A4B40F213319961F8E7084B26
:100CA000002199610028F1D1064B40F213311964FB
:100CB000EEE704490B64E8E785A0FF1F00800440CD
:100CC00000C0044000A004400D4B5B6B13F4806334
:100CD00013D0212803D90B4B0020186070470A4B12
:100CE00010B5084C53F8303023600121FFF718FD90
:100CF000236800221A70012010BD1846704700BFFB
:100D00000080044038A0FF1F68120300104B5B6B8B
:100D100013F4806312D012280BD0142810D10D4B7D
:100D200040F202325A610C4A537B01200343537351
:100D300070470A4B40F20232DA60F4E71846704717
:100D4000054A537B03F0FE0300205373704700BF36
:100D50000080044000C0044000A0064000A0044001
:100D6000034B5B6B5B0501D5FFF782BD704700BF8E
:100D7000008004402DE9F84F394B5B6B5A053CD598
:100D8000384B1B680BB101221A704718B84231D298
:100D9000354EDFF8D880364CDFF8D89000F1010AE4
:100DA00013E003F0FF0B53B34FF0000B5D46324AE4
:100DB0001AF8013C5355524630490123BA420B7090
:100DC0000AF1010A86F800B014D23578D8F800305C
:100DD0000135AB422378E4D9AB425FFA85FB0FD0F3
:100DE0003F2DE4D9264B1AF8012C1B68403D5A557B
:100DF0005246E1E71F4BBC22DA70BDE8F88F5D4632
:100E00006FF0430389F8033006E099F804301B06BD
:100E10000BD42378AB42E3D1FFF7B4F84028F4DDDC
:100E2000FF28F6DD02F0A2F8F3E72378D8F80010E7
:100E30005A1C9142DBB203D93F2A0AD8D1B201E051
:100E400000210A460C4B9B5CDBB289F8073021700D
:100E5000DFE7D1B20A4A3F3B1268D35CDBB2F4E76A
:100E60000080044088A0FF1FD0A0FF1F3088FF1F14
:100E7000D8A0FF1F00A0064090A0FF1F8CA0FF1F5E
:100E8000D4A0FF1F10B5044C237823B102F06EF8F4
:100E90002378002BFAD110BD8CA0FF1F084A094B04
:100EA00011781A789142C8B2D3B202D2013B181A13
:100EB0007047054A1268013A1344181A704700BF78
:100EC000D0A0FF1FD8A0FF1F3088FF1F064A074B86
:100ED00011781A789142D0B23CBF054A1268CBB261
:100EE00038BF9B18181A70477CA0FF1F84A0FF1FF3
:100EF0002C88FF1F1B4B1C491A780B789A422ED066
:100F000010B55FFA82FE194AD8B21268431C9A42A1
:100F100019D93F2B1BD85FFA83FC1548C05CC0B2BF
:100F200081F800C01349096861B19E453CBF724415
:100F3000D31A114A126828BFAEEB03039A4201D3B9
:100F400000230B7010BD4FF0000C6346E5E70B4C1F
:100F50003F382468205C5FFA83FCC0B2E0E74FF0C2
:100F6000FF3070477CA0FF1F84A0FF1F2C88FF1F4D
:100F70003CA0FF1F38A0FF1F2888FF1F80A0FF1F75
:100F80000D4A0E4B11781B789942DAB211D00C49F8
:100F90000968531C994207D93F2B06D9094B3F3AA0
:100FA0001B68985CC0B270470023074AD05CC0B28F
:100FB00070474FF0FF3070477CA0FF1F84A0FF1FD9
:100FC0002C88FF1F80A0FF1F3CA0FF1F0C4B5B6BFA
:100FD0005B0514D50B4B0C48DA78402102F0CB02AC
:100FE000DA705974DA78094942F03402DA70084A42
:100FF00003781268DBB20B700AB1002313707047DC
:101000000080044000A0064084A0FF1F7CA0FF1FBA
:1010100038A0FF1F2DE9F041504C237913F0300F19
:1010200047D072B6A37D03F0FF01002B58D062B603
:10103000DFF82C814B4898F800304B4A0578166849
:101040004A4F5FFA83FC4A4BEDB2D3F800E008E068
:101050001DB14FF0000C07F80C304A1E12F0FF01D2
:1010600012D0E3790CF101029642DBB2F0D995423D
:10107000ACF13F00F1D03F2A6DD994464A1E12F0E0
:10108000FF010EF80030ECD15FFA8CF388F80030E5
:10109000384B196869B1AC453CBF721B02EB0C03BD
:1010A000354A126828BFACEB05039A429CBF012366
:1010B0000B702A48C3781E06DDB216D46A060DD519
:1010C000264B1B795B0609D52C4B2D491B6800224A
:1010D0000A7003B11A70214B3C22DA70BDE8F0812E
:1010E0004023E279637462B6E3E703791C06E5D531
:1010F000244B254ADFF894E01C7816689EF80030EF
:10110000234A244FD2F800C0E4B2DBB207E00379EF
:101110000023FA5CD2B2C271027D072A11D8A34221
:1011200003F101010ED08E42F1D93F290279A3F1DA
:101130003F0301D80B46ECE71CF803200B46D2B264
:10114000E9E7DCB2054B8EF800401A79110644BF7E
:101150007C22DA70B2E794467DE700BF00A006402B
:101160007CA0FF1F84A0FF1F2C88FF1F3CA0FF1F37
:1011700080A0FF1F38A0FF1F2488FF1F88A0FF1F2B
:101180008CA0FF1FD0A0FF1F3088FF1FD8A0FF1F1B
:10119000D4A0FF1F90A0FF1F094B10B4186060B1CE
:1011A00001F14004074B084801F11A021A60074B8D
:1011B0000460283110BC196070474024F2E700BF7A
:1011C00080A0FF1F2888FF1F2C88FF1F2488FF1F77
:1011D000054B186018B1054B403119607047034B3F
:1011E00040211960704700BFD4A0FF1F3088FF1F47
:1011F0002A4A2B49536B70B443F40063294D53635F
:10120000294E2A4C327800232B700B70284923700A
:101210000B702849092A0B7033D01A2A03D1264BA8
:1012200040F213325A60254B1B780A2B31D01F2B0A
:1012300003D1214B4FF451721A602028204B214CCE
:1012400038BF2020C0F3443C83F800C0C0F3471CE3
:1012500000F01F0083F801C00422987202209A70E7
:10126000D87488205A754FF0E021187440223C2031
:10127000D87084F82F204FF4004370BCC1F80431BB
:101280007047114B40F21332DA600C4B1B780A2B7B
:10129000CDD10D4B4FF451721A61CEE7008004405E
:1012A00028A1FF1F20A1FF1F4488FF1F5CA1FF1F73
:1012B00064A1FF1F30A1FF1F00D004404C88FF1F16
:1012C00000B0064000E400E000B00440294B29498A
:1012D0009B7800F0030203F0EC031343420700F095
:1012E0000F0248BF43F01003042A8B7003D18B799F
:1012F00043F040038B711F4B5A79C30602F0EF0293
:101300001C4B48BF42F010025A719A79810602F0D4
:10131000EF0211D542F0100281059A710FD59A782B
:10132000154942F0A0029A700978144B03EBC103EF
:1013300040F246325B6814E09A71820505D4104B86
:10134000104A1968914211D070479A780A4942F0C0
:10135000A0029A700978094B03EBC10340F24732AF
:101360005B68074907481A600860704700221A60E6
:10137000704700BF00B006404C88FF1F6812030092
:101380002CA1FF1FD400D642294B5B6B1B054DD50A
:1013900010B5284C237823B101F0E8FD2378002B09
:1013A000FAD1254A254B4FF0E0204FF400440021AC
:1013B000C0F88441D1701B78092B2CD01A2B1BD07C
:1013C0001F4B1B7803F07F030A2B1FD01F2B0ED05F
:1013D0001C4B194A1C4C1D48196892F804C0D2795C
:1013E00000232370037009B101230B7010BD184B4B
:1013F00040F203121A60EBE7154B40F203125A60F9
:101400000F4B1B7803F07F030A2BDFD1114B40F207
:1014100003121A61DCE70F4B40F20312DA60084B4B
:101420001B7803F07F030A2BD0D1EFE7704700BF92
:101430000080044030A1FF1F00B006404488FF1F19
:101440004C88FF1FDCA0FF1F20A1FF1F28A1FF1F4A
:1014500000D0044000B004400A4A38B5054613786D
:1014600003F0FF04002BFAD101212846FFF758F9B9
:1014700021462846FFF720F9034A044B52F835204D
:101480001A6038BD30A1FF1F681203002CA1FF1F96
:1014900009B140F08000194A1378834217D010B484
:1014A000174C646B24050FD503F07F030A2B21D062
:1014B0001F2B14D0002900F07F0314BF60214421AA
:1014C0000A2B10D01F2B03D0107010BC7047704730
:1014D0000C4B41F440711960107010BC7047094BFF
:1014E00000241C60E6E7084B41F44071196110705C
:1014F00010BC7047044B00241C61DBE74C88FF1FC5
:101500000080044000D0044000B00440124B1A7820
:1015100082420CD01149496B090507D5092A16D01A
:101520001A2A0AD009280DD01A2801D0187070473D
:101530000B4A40F213315160F8E7094A00210928AB
:101540005160F1D1074A40F21331D160EEE7054A0C
:101550000021D160E6E700BF4488FF1F00800440FF
:1015600000D0044000B004400D4B5B6B13F40063EB
:1015700013D0212803D90B4B0020186070470A4B69
:1015800010B5084C53F8303023600121FFF7C8F83C
:10159000236800221A70012010BD1846704700BF52
:1015A00000800440DCA0FF1F681203000C4B5B6B43
:1015B00013F4006312D0172809D10A4B0A4A40F2EB
:1015C00002319960537B0120034353737047064AED
:1015D000537B03F0FE030020537370471846704797
:1015E0000080044000B0044000B006402DE9F84FF0
:1015F000334B5B6B1A053AD5324B1B6806460BB171
:1016000001221A70DFF8C090DFF8C08099F800401E
:10161000D8F800302E4D0134A3422B7829D99C42B2
:101620005FFA84FA14D12B4FDFF8ACB005E03B79B8
:101630001B0623D42B78A3420AD1FEF7A3FC402833
:10164000F5DDFF28F6DD01F091FC2B78A342F4D004
:10165000272C29D9214B283C1B68F6B21E55204A5D
:101660001C4B01211170BC2289F800A0DA70BDE882
:10167000F88F03F0FF0AA3B95446D4E72B78D8F8C3
:1016800000105A1C9142DBB208D9272A10D8D1B2D7
:101690001BF80230DBB2FB712970CBE700210A4650
:1016A000F6E74FF0000A54460B4BF6B21E55D6E74C
:1016B000D1B20A4A273B1268D35CDBB2EBE700BF2A
:1016C000008004402CA1FF1F5CA1FF1F4888FF1F62
:1016D00064A1FF1F00B0064034A1FF1F60A1FF1FDF
:1016E00030A1FF1F2DE9F84F394B5B6B1A053CD534
:1016F000384B1B680BB101221A704718B84231D21F
:10170000354EDFF8D880364CDFF8D89000F1010A6A
:1017100013E003F0FF0B53B34FF0000B5D46324A6A
:101720001AF8013C5355524630490123BA420B7016
:101730000AF1010A86F800B014D23578D8F80030E2
:101740000135AB422378E4D9AB425FFA85FB0FD079
:10175000272DE4D9264B1AF8012C1B68283D5A5531
:101760005246E1E71F4BBC22DA70BDE8F88F5D46B8
:101770006FF0430389F8033006E099F804301B0644
:101780000BD42378AB42E3D1FEF7FCFB4028F4DD19
:10179000FF28F6DD01F0EAFBF3E72378D8F8001024
:1017A0005A1C9142DBB203D9272A0AD8D1B201E0F0
:1017B00000210A460C4B9B5CDBB289F80730217094
:1017C000DFE7D1B20A4A273B1268D35CDBB2F4E709
:1017D000008004402CA1FF1F5CA1FF1F4888FF1F51
:1017E00064A1FF1F00B0064034A1FF1F30A1FF1FFE
:1017F00060A1FF1F10B5044C237823B101F0B6FBA4
:101800002378002BFAD110BD30A1FF1F084A094BE5
:1018100011781A789142C8B2D3B202D2013B181A99
:101820007047054A1268013A1344181A704700BFFE
:101830005CA1FF1F64A1FF1F4888FF1F064A074BDA
:1018400011781A789142D0B23CBF054A1268CBB2E7
:1018500038BF9B18181A704720A1FF1F28A1FF1F2F
:101860004088FF1F1B4B1C491A780B789A422ED0D8
:1018700010B55FFA82FE194AD8B21268431C9A4228
:1018800019D93F2B1BD85FFA83FC1548C05CC0B246
:1018900081F800C01349096861B19E453CBF72449C
:1018A000D31A114A126828BFAEEB03039A4201D340
:1018B00000230B7010BD4FF0000C6346E5E70B4CA6
:1018C0003F382468205C5FFA83FCC0B2E0E74FF049
:1018D000FF30704720A1FF1F28A1FF1F4088FF1F76
:1018E000E0A0FF1FDCA0FF1F3C88FF1F24A1FF1FFB
:1018F0000D4A0E4B11781B789942DAB211D00C497F
:101900000968531C994207D93F2B06D9094B3F3A26
:101910001B68985CC0B270470023074AD05CC0B215
:1019200070474FF0FF30704720A1FF1F28A1FF1F15
:101930004088FF1F24A1FF1FE0A0FF1F0C4B5B6B23
:101940001B0514D50B4B0C48DA78402102F0CB0272
:10195000DA705974DA78094942F03402DA70084AC8
:1019600003781268DBB20B700AB100231370704762
:101970000080044000B0064028A1FF1F20A1FF1FE7
:10198000DCA0FF1F2DE9F041504C237913F0300FFC
:1019900047D072B6A37D03F0FF01002B58D062B68A
:1019A000DFF82C814B4898F800304B4A05781668D0
:1019B0004A4F5FFA83FC4A4BEDB2D3F800E008E0EF
:1019C0001DB14FF0000C07F80C304A1E12F0FF0159
:1019D00012D0E3790CF101029642DBB2F0D99542C4
:1019E000ACF13F00F1D03F2A6DD994464A1E12F067
:1019F000FF010EF80030ECD15FFA8CF388F800306C
:101A0000384B196869B1AC453CBF721B02EB0C0343
:101A1000354A126828BFACEB05039A429CBF0123EC
:101A20000B702A48C3781E06DDB216D46A060DD59F
:101A3000264B1B795B0609D52C4B2D491B680022D0
:101A40000A7003B11A70214B3C22DA70BDE8F081B4
:101A50004023E279637462B6E3E703791C06E5D5B7
:101A6000244B254ADFF894E01C7816689EF8003075
:101A7000234A244FD2F800C0E4B2DBB207E0037976
:101A80000023FA5CD2B2C271027D072A11D8A342A8
:101A900003F101010ED08E42F1D927290279A3F179
:101AA000270301D80B46ECE71CF803200B46D2B203
:101AB000E9E7DCB2054B8EF800401A79110644BF05
:101AC0007C22DA70B2E794467DE700BF00B00640A2
:101AD00020A1FF1F28A1FF1F4088FF1FE0A0FF1FBC
:101AE00024A1FF1FDCA0FF1F3888FF1F2CA1FF1FB0
:101AF00030A1FF1F5CA1FF1F4888FF1F64A1FF1FCB
:101B000060A1FF1F34A1FF1F094B10B4186060B122
:101B100001F14004074B084801F11A021A60074B13
:101B20000460283110BC196070474024F2E700BF00
:101B300024A1FF1F3C88FF1F4088FF1F3888FF1F1C
:101B4000054B186018B1054B283119607047034BDD
:101B500028211960704700BF60A1FF1F4888FF1F40
:101B60002DE9F84F314B1B6807460BB101221A7063
:101B7000DFF8BC90DFF8BC8099F80040D8F800305E
:101B80002D4D01349C422B782AD303F0FF0A002B01
:101B90003ED15446294EDFF8A8B005E033791B0644
:101BA00023D42B78A3420AD1FEF7ECF94028F5DDC7
:101BB000FF28F6DD01F0DAF92B78A342F4D0272CC8
:101BC00029D9204B283C1B68FFB21F551E4A1B4BCE
:101BD00001211170AC2289F800A0DA70BDE8F88FFD
:101BE0009C425FFA84FAD5D0E9E72B78D8F8001048
:101BF0005A1C8A42DBB203D2272A10D8D1B201E0A4
:101C000000210A461BF80230DBB2F3712970C8E7E5
:101C10004FF0000A54460A4BFFB21F55D6E7D1B227
:101C2000084A273B1268D35CDBB2EEE7B8A1FF1F7E
:101C3000E8A1FF1F5C88FF1FF0A1FF1F00C0064046
:101C4000C0A1FF1FECA1FF1FBCA1FF1F1D4A1E4921
:101C5000536B2DE9F04343F480531C4DDFF8708043
:101C6000DFF870901C4F1D4E5363002388F800303E
:101C7000202889F800303B7033702B7040F2133508
:101C80008D6002F5103238BF20204FF45175CD60C1
:101C9000C0F344311170C0F3471E114C82F801E0CB
:101CA00000F01F002C2190724FF0E02C9370137401
:101CB000D17040224FF4003384F83120CCF8043145
:101CC000BDE8F0830080044000C00440BCA1FF1FB9
:101CD000ACA1FF1FB4A1FF1FE8A1FF1FF0A1FF1FD0
:101CE00000E400E0294B29499B7800F0030203F04F
:101CF000EC031343420700F00F0248BF43F0100308
:101D0000042A8B7003D18B7943F040038B711F4BF6
:101D10005A79C30602F0EF021C4B48BF42F0100292
:101D20005A719A79810602F0EF0211D542F0100241
:101D300081059A710FD59A78154942F0A0029A70E0
:101D40000978144B03EBC10340F246325B6814E0A0
:101D50009A71820505D4104B104A1968914211D02E
:101D600070479A780A4942F0A0029A700978094BA4
:101D700003EBC10340F247325B68074907481A602A
:101D80000860704700221A60704700BF00C006401C
:101D90006088FF1F68120300B8A1FF1FD400D8425B
:101DA00038B5134B5B6BDB0420D5124C237823B181
:101DB00001F0DCF82378002BFAD10F4A0F494FF0DD
:101DC000E024002340F203104FF40035C4F884519E
:101DD000D3708860C8600A490A4C0B4809681579B5
:101DE000D2792370037009B101230B7038BD00BF95
:101DF00000800440BCA1FF1F00C0064000C004409A
:101E000068A1FF1FACA1FF1FB4A1FF1F0A4A38B58C
:101E10000546137803F0FF04002BFAD10121284670
:101E2000FEF77EFC21462846FEF746FC034A044B9B
:101E300052F835201A6038BDBCA1FF1F681203009C
:101E4000B8A1FF1F09B140F08000114A1378834206
:101E500016D010B40F4C646BE4040ED503F07F036E
:101E6000082B02D10C4B0024DC60002900F07F031A
:101E700014BF60214421082B03D0107010BC7047A0
:101E80007047054B41F44071D960107010BC704729
:101E90006088FF1F0080044000C00440704700BFFE
:101EA0000D4B5B6B13F4805313D0212803D90B4BDC
:101EB0000020186070470A4B10B5084C53F83030BA
:101EC00023600121FEF72CFC236800221A700120F8
:101ED00010BD1846704700BF0080044068A1FF1F76
:101EE000681203000C4B5B6B13F4805312D00E2866
:101EF00009D10A4B0A4A40F202315960537B012052
:101F0000034353737047064A537B03F0FE030020DC
:101F100053737047184670470080044000C0044067
:101F200000C00640034B5B6BDB0401D5FFF718BE16
:101F3000704700BF0080044079B170B5074E044679
:101F40004518736BDB0404F1010403D514F8010C8C
:101F5000FFF706FEAC42F4D170BD7047008004402C
:101F600010B5044C237823B101F000F82378002B3E
:101F7000FAD110BDBCA1FF1F084A094B11781A788D
:101F80009142C8B2D3B202D2013B181A7047054A37
:101F90001268013A1344181A704700BFE8A1FF1FE6
:101FA000F0A1FF1F5C88FF1F064A074B11781A78C3
:101FB0009142D0B23CBF054A1268CBB238BF9B18E1
:101FC000181A7047ACA1FF1FB4A1FF1F5888FF1F4C
:101FD0001B4B1C491A780B789A422ED010B55FFA29
:101FE00082FE194AD8B21268431C9A4219D93F2B73
:101FF0001BD85FFA83FC1548C05CC0B281F800C0F2
:102000001349096861B19E453CBF7244D31A114A15
:10201000126828BFAEEB03039A4201D300230B7072
:1020200010BD4FF0000C6346E5E70B4C3F382468C9
:10203000205C5FFA83FCC0B2E0E74FF0FF307047EE
:10204000ACA1FF1FB4A1FF1F5888FF1F6CA1FF1F89
:1020500068A1FF1F5488FF1FB0A1FF1F0D4A0E4B40
:1020600011781B789942DAB211D00C490968531CD7
:10207000994207D93F2B06D9094B3F3A1B68985C18
:10208000C0B270470023074AD05CC0B270474FF01F
:10209000FF307047ACA1FF1FB4A1FF1F5888FF1F7E
:1020A000B0A1FF1F6CA1FF1F054B064A1B78064914
:1020B0001268DBB20B700AB100231370704700BFC7
:1020C000B4A1FF1F68A1FF1FACA1FF1F30B43A4BA2
:1020D0001A79950624D5394D3949DB792A780C6867
:1020E000D8B2531C9C42D2B231D8364B1A7802F087
:1020F000FF0322B1002213463349C8542A703349E2
:10210000096869B1324A10789842C2B28ABFA21AED
:102110009B1A9B182F4A12689A429CBF01230B708E
:10212000254AD3781C06D9B21ED44A060DD5224BB7
:102130001B795B0609D5284B28491B6800220A70C9
:1021400003B11A701C4B2C22DA7030BC70471D4949
:1021500009789942D3D03F2B2CD921493F3A0968BD
:102160008854DAB22A70CAE713791806DDD51D4BF8
:1021700017481D7803789D42DCB208D01A4A1268CD
:10218000631C9A4206D9272B0DD8DAB204E06C23DF
:10219000D370CAE700221346144CE35CDBB2064C52
:1021A000E3710270C1E7124A273C1568DAB22B5D71
:1021B000DBB2F4E7DAB29FE700C00640ACA1FF1F34
:1021C0005888FF1FB4A1FF1F6CA1FF1F68A1FF1F4C
:1021D000F0A1FF1F5088FF1FB8A1FF1FBCA1FF1F68
:1021E000B0A1FF1FE8A1FF1F5C88FF1FC0A1FF1F58
:1021F000ECA1FF1F094B10B4186060B101F140045D
:10220000074B084801F11A021A60074B0460283195
:1022100010BC196070474024F2E700BFB0A1FF1F57
:102220005488FF1F5888FF1F5088FF1F054B1860F8
:1022300018B1054B283119607047034B28211960EC
:10224000704700BFECA1FF1F5C88FF1F704700BFF5
:10225000704700BF704700BF431E032B17D872B6EC
:102260000C4951F8230080B110B40B4CB0F800C0F9
:1022700034F81320A2EB0C02D0F804C041F823C0BC
:1022800024F8132062B610BC704762B67047002075
:10229000704700BF84A2FF1FD4A2FF1F013803288C
:1022A0000BD872B6074B53F8203043B100205B685F
:1022B0000130002BFBD162B67047002070471846F2
:1022C000F9E700BFACA2FF1F10B472B6194A1A4C4E
:1022D000042312F8011B090743F0010C05D554F83B
:1022E000331061B154F83C10B9B10433142BF0D160
:1022F00062B6124B00221A7010BC00F09BBC0F4952
:1023000004EBC302083050600A780D4844F83300EB
:10231000013A0A7062B610BC7047084A094904EBDA
:10232000CC0308305860137844F83C10013B13701C
:1023300062B6F0E7F41303000080FF1FDCA2FF1F6A
:1023400088004000C8004000421E032A0ED81C4BE3
:10235000400140F0100010B4034472B6194CA05C68
:1023600003281CD8DFE800F0131503187047052078
:10237000A05413F0080F088814BFC822882208311F
:1023800042EA004259601A6062B610BC70470320EE
:10239000EEE708330220EBE708330420E8E70A4BB6
:1023A00053F8220038B1094B53F82200416043F83A
:1023B000221062B6E9E743F82210044BF7E700BFAA
:1023C0000080FF1FCCA2FF1FACA2FF1FBCA2FF1FFB
:1023D0002DE9F04FDFF8CCA2DFF8CCB285B03DE0BC
:1023E000B24D9E0805EBC607013A796813F0080361
:1023F000D4B2A1F1080040F0B88055F836204FEA79
:10240000124C120C21F808CC00F0A78021F8063CF1
:1024100041F8043CA64B53F82420002A00F0018226
:10242000A44B53F82420506043F82400A24B33F807
:102430001420944423F814C000F0DCFB002800F0C2
:10244000E98117F0080F9D4B00F1080018BF5B46AB
:10245000786045F8363008238AF880309AF8803062
:102460005907DCB21BD5964B1B78ABB195490A785E
:1024700002F0FF032AB1013BDBB20B70002B00F02E
:10248000468391490A7802F0FF032AB1013BDBB28F
:102490000B70002B00F0EB8104238AF8803014F0DD
:1024A000080200F0CC819AF89020D3B2120997D19B
:1024B000DFF8F8919B0809EBC30459F8330064680E
:1024C000C0F3830009287CD00FD80138012808D830
:1024D0007E4A158842F22100854200F0FB8149F8CE
:1024E00033B001238AF89430B5E70D28F9D1D4E947
:1024F0000007774D49F833B0744E764CC9F8102078
:1025000083B240F2816CC9F818202A6063454FF00D
:102510000102C6E90007227000F2FF80B3F5D06F18
:1025200080F0CB82B3F5817F00F0268240F2DE801E
:1025300040F2023293427BD107F07F07042F00F272
:102540000881020C40F00581634911F8273043F0FF
:10255000020301F82730134670E017F0080F574BBD
:1025600018BF5B4645F8363075E700F063FB5B4902
:102570005B4A51F82430002B00F05781586841F82D
:102580002400115D03F108007860032905D8DFE815
:1025900001F0120F1502042111551A8817F0080FC7
:1025A00014BFC823882343EA024345F8363052E774
:1025B00002211155F1E703211155EEE705211155CF
:1025C000EBE7434D2A683AB34649424C0F884648E8
:1025D00094F800E00678402F3B4628BF4023BEF128
:1025E000000F8EF0010E84F800E046F0020486F041
:1025F0000106067009EBC400426014BFC8208820A1
:1026000040EA03401A44FB1A9BB249F834000B809D
:10261000002B00F036812A602C4B1A88B2F5A06F8F
:102620007FF45FAF9A788AF8982000225A7058E7B2
:10263000B3F5A06F40F08D8000221346B6F806C0B7
:102640002948944528BF944667460278402F28BF02
:10265000402742F0020E3E0409EBCE0846F0C806C1
:10266000C8F8043049F83E6000263B442670BCEBB5
:10267000070782F00106067040F01181BCF13F0FA0
:102680004FF0010509D946F00206027009EBC602B7
:1026900025705360882349F8363001238AF8943036
:1026A0001FE700BF00200740C80040000080FF1F58
:1026B00084A2FF1F94A2FF1FD4A2FF1F8800400026
:1026C000D0A2FF1FD1A2FF1FFCA2FF1FA4A2FF1FC9
:1026D00078A2FF1F75A2FF1FC0200740ACA2FF1FFA
:1026E000CCA2FF1F76A2FF1F74A2FF1F802B00F059
:1026F0008B81822B2DD107F07F07042F29D8A74A81
:1027000000231380A64B13F827309F0740F1FC816C
:1027100001231370A14B022290E742F2210C634582
:10272000BBD01DD942F2212293420DD1BFB2002F5E
:1027300082D19C4B1A689C4B1A609C4BC0F307409B
:1027400000221870134679E742F2213293423FF497
:1027500073AF0F238AF8C03001238AF89430C0E6A3
:10276000B3F5086F00F04A81B3F5106FF1D1904BCB
:10277000C0F307400425187059F835301A0606D4FE
:102780000135142D0CD059F835301A06F8D509EB5F
:10279000C50301355868083800F04CFA142DF2D101
:1027A000844A854B0292854A0192854E854ADFF81C
:1027B00018820394009200251C4656F8047B2FB122
:1027C00038467F6800F036FA002FF9D1009BD8F820
:1027D000007043F8045B46F8045C00932FB1384660
:1027E0007F6800F027FA002FF9D1029B48F8045BBC
:1027F00043F8045B0293019B23F8025B0193237867
:10280000023B032B00F20981DFE813F03F010401D2
:102810003F0104016D4A45F8360013780133137007
:1028200019E643F82400674BFEE5115D022926D026
:102830007FF611AE03291DD1012313550BE6E007E6
:102840006ED4210621D4A20708D5614B93F88820C5
:102850000221D2B283F8882083F88010E30603D5E2
:102860005B4B102283F8802005B0BDE8F08F00F0AC
:1028700059FB11E617F0080F14BF03230223135569
:10288000E9E53F2F98BF0022C5E6514B80220D217C
:1028900083F8C01083F88020A207DFD5D5E746F083
:1028A00002060270402F09EBC6003A4628BF4022BC
:1028B00043601004134440F088000121BA1A49F81B
:1028C0003600217055D02B60424B1A8001238AF8C4
:1028D000943006E692885AB93F4AE51D14F8011B68
:1028E00002F8011FAC42F9D13C4A1268862A3CD05A
:1028F0003B4C3C4825780278002D85F00105257079
:1029000042F0020482F00102027009EBC4024FF0AF
:102910000000506014BFC822882249F83420DEE548
:102920002B4B30483049314C022583F894500270CB
:102930002F480C602F4D48608C600D24CD60FF2027
:102940000A618A6183F8C04001219F2483F88800CE
:1029500083F8800083F8982083F88C0083F8844003
:1029600083F8941005B0BDE8F08F234A0F20107053
:10297000BEE73F2FA7D890E607F07F07042F3FF66A
:10298000E8AE000C7FF4E5AE054A12F8273023F0DC
:10299000020302F82730002213464FE67CA2FF1FF5
:1029A000C020074034A0FF1FF8A2FF1FF4A2FF1FA2
:1029B000D0A2FF1FBCA2FF1FCCA2FF1FD4A2FF1FEB
:1029C00084A2FF1F94A2FF1FACA2FF1FDCA2FF1F67
:1029D0000020074076A2FF1FEBA2FF1FECA2FF1F03
:1029E00075A2FF1F74A2FF1F0080FF1F8800400018
:1029F000F4A1FF1F34A2FF1FD1A2FF1F484B49497A
:102A00001B780B700B4619E6464A00231380454B92
:102A1000022213E64FF001032370434BB34204F14B
:102A200001047FF4CAAE414E039CDFF80481414F9C
:102A300000233370042518F8013B3F4AAB541B07B1
:102A400025D445F0020145F0030204350023142D7E
:102A500049F8313049F83230EDD1384F25783A789D
:102A600042F0020009EBC00C85F00106CCF80430FE
:102A7000002D4DD1882382F0010226703A7049F86A
:102A8000303001238AF894302BE52570C5E700F03B
:102A9000B1F8002832D009EBC5030830586049F876
:102AA000357000F0A7F808B345F0010309EBC30245
:102AB0000830506049F833B0C3E7214A5368002B0F
:102AC0003FF447AE000CBFB204E013690C32002B98
:102AD0003FF43FAE11888142F7D15188B942F4D119
:102AE000000A03280CBF1A781289A7E5337801334E
:102AF000337045F0010349F83300A2E7337849F811
:102B0000350001333370CCE7064B022296E500BE58
:102B10002670C82382F001063E7049F83030BCE5CB
:102B2000D0A2FF1F7CA2FF1F94A2FF1FDCA2FF1FE9
:102B3000F413030088004000C020074074A2FF1F68
:102B4000A013030070B500F035FB00231A4A1946A4
:102B500042F8331002EBC3000133142B4160F7D16C
:102B6000164C174B606B174D40F480206063C2F326
:102B7000072483F89C40144CFF204FF0010CC2F353
:102B80000746120E83F8B0604FF0E02E83F8B420B1
:102B900083F8800083F88800187483F894C021704B
:102BA00083F884C0702385F849304FF400721023F5
:102BB000CEF80821237270BD0080FF1F0080044002
:102BC0000020074000E400E00021074000F0ACB81E
:102BD00000F07CB800F056B800F090B800F076B97C
:102BE00000F050B90846114600F0BAB8084600F0A7
:102BF0003BB900BF72B60D490B68B3FA83F00B28DE
:102C000010DC4FF00042C24023EA02030B6062B6C0
:102C1000074A00EBC000C10002EBC0000023535084
:102C20004360704762B60020704700BF7488FF1F82
:102C3000BC83FF1F0E4BC31AB3F5587F10D20D4A49
:102C4000127872B972B60C4A0C49A2FB03230868C9
:102C50004FF000421B0922FA03F303430B6062B6F4
:102C60007047074A1278002AECD0FFF72DBB00BF4F
:102C7000BC83FF1FDCA2FF1F398EE3387488FF1F5F
:102C8000D0A2FF1F38B50F4C206878B14388028866
:102C9000C11801339A420D7A02D94380284638BDC3
:102CA000FFF7C8FF00232360284638BD064B1B787A
:102CB0002BB10320FFF7D0FA20600028E6D14FF0B7
:102CC000FF35EBE7E0A2FF1FD0A2FF1F10B5094CB4
:102CD000206818B143881844007A10BD064B1B7851
:102CE0002BB10320FFF7B8FA20600028F2D14FF093
:102CF000FF3010BDE0A2FF1FD0A2FF1F084B094A02
:102D00001B6810B594881BB11A885B88D31A1C44C1
:102D10000CB1204610BD00F029F9204610BD00BFBF
:102D2000E0A2FF1FD4A2FF1F0B4B1B789BB110B575
:102D30000A4C206848B1FFF77DFF00230320236081
:102D4000FFF78AFA30B1FFF775FF0320FFF784FA27
:102D50000028F8D110BD7047D0A2FF1FE0A2FF1FCE
:102D60002DE9F04FDFF8EC9083B0012289F80020C4
:102D7000019179B3384FDFF8E480019D384EDFF8D8
:102D8000E4A083463968A1B3B1F802E0CEF1400C6B
:102D9000AC4528BFAC460EEB0C040022A4B2327046
:102DA000A5EB0C054C8001F10802BCF1000F0AD024
:102DB0000EF1FF3E7244DC441BF8014B02F8014F58
:102DC000DC45F9D14C883F2C0BD805228AF800202D
:102DD000002DD7D10198002389F8003003B0BDE859
:102DE000F08F40220A800420FFF7AEFA00223A60FA
:102DF000EBE798F800202AB348F6014408E0013CCC
:102E000019D03278BAB900F0B1F898F80020CAB1F8
:102E10000420FFF743FA0728F1D84FF0010389F89F
:102E20000030FFF7E7FE014638600028ACD1013CD6
:102E300089F80000E5D101234FF0FF30337003B073
:102E4000BDE8F08F00234FF0FF3089F8003003B069
:102E5000BDE8F08FE5A2FF1FE8A2FF1FD0A2FF1F71
:102E6000E4A2FF1FFCA2FF1F00B583B003460121AF
:102E70000DF107008DF80730FFF772FF03B05DF822
:102E800004FB00BF38B50E4D0E4C2868012323709B
:102E900028B140880023C0F14000237038BD0A4BA0
:102EA0001B7813B90020207038BD0420FFF7F6F915
:102EB0000728F7D8FFF79EFE28600028E9D1F1E740
:102EC000E8A2FF1FE5A2FF1FD0A2FF1FF8B5114B1C
:102ED0001B788BB1104E114D346801272F7064B1EF
:102EE0000F4B00271F706388238021460420FFF7C3
:102EF0002BFA376000232B70F8BDFFF77BFE084BE1
:102F0000014620B104201C70FFF71EFAF2E71F7083
:102F1000F0E700BFD0A2FF1FE8A2FF1FE5A2FF1F3E
:102F2000FCA2FF1F38B50E4B1B7853B90D4C21681E
:102F300041B103F0FF054B880B800420FFF704FA32
:102F4000256038BDFFF756FE014620B1BDE8384088
:102F50000420FFF7F9B9044B01221A7038BD00BFF5
:102F6000E5A2FF1FE8A2FF1FFCA2FF1F2DE9F84307
:102F7000324E337863B1324F3A784AB90122D907D9
:102F80003A7043D49A0726D400225B073A7001D4E2
:102F9000BDE8F8832B4B1A68002AF9D0EFF30582BD
:102FA000002AF5D1EFF3108572B6186800283AD0E0
:102FB000254C2178002936D142691A6001232370FB
:102FC000002A37D0916105B962B60025836845773C
:102FD00098472570DCE7DFF8748098F80020002A15
:102FE000D2D00025DFF868902B4659F8234023689B
:102FF00020461B690135984708B12369984798F81E
:103000000020EBB29A42F0D83378BDE7FFF776FEA6
:1030100068B9104B1B780BB93378B3E7337803F0FA
:10302000FE033370AEE7002DB2D162B6B0E700F018
:10303000BFF8EEE7084B1A60C5E700BF7888FF1FAE
:10304000FDA2FF1FB89FFF1FC49FFF1F0CA3FF1F00
:1030500000A3FF1FFD100300C89FFF1F70B4104E98
:10306000104D3478D4B1621ED2B2291D2B4601EB2B
:10307000820101E08B4205D053F8042B8242F9D142
:1030800070BC7047631CDBB2074A3370137845F895
:10309000240043F00203137070BC70470123F3E770
:1030A0000CA3FF1F00A3FF1F7888FF1F2A4B2B4A8A
:1030B0006020E1211870597013782948082B34D00A
:1030C0000A2B20D00C2B274B0CBF15213D2112229F
:1030D0008160C2609960DA60234B21491B78214AE4
:1030E000CBB101230B621362204B1D491B781D4A93
:1030F000012B13D9042B1BD884234B6253621C4B26
:1031000001221A707047174B192113228160C26087
:103110009960DA60E0E70B621362E5E780234B62B7
:103120005362134B01221A7070470E4B0121ECE7DA
:10313000082B06D885234B6253620D4B01221A706F
:103140007047102B94BF862387234B625362084B32
:1031500001221A70704700BF004007407988FF1FA6
:1031600000B0034000B00B400DA3FF1F7A88FF1F83
:103170000EA3FF1F0B4A0C49D36A43F48053D3625A
:103180000B784BB1094B802283F82120074B80F349
:103190000C0000B218807047044BC02283F8212035
:1031A000F4E700BF008004400DA3FF1F00C00C40E7
:1031B000704700BF10B584B072B6174A7024412022
:1031C0000F2180231470D0719171137013781B0636
:1031D000FCD5906862B6114B114C984238BF00EB99
:1031E000800001A938BF40000A22FCF7EFFE01A9C8
:1031F0002046002311F8012B01333AB10A2B20F8A5
:10320000022FF7D11623237004B010BD5B00DBB290
:10321000237004B010BD00BF0000024080969800EB
:103220000889FF1F03460846194606F067BC00BF21
:1032300000F0E8B8F8B504460D4601F04DFB224613
:1032400006460F462B462046294604F0A7FA40B909
:103250002046294600F0E6FA084B002204F094FAD2
:1032600010B930463946F8BD06F0ECFF034621227E
:103270001A600348BDE8F84000F030BC0000F03FA1
:10328000241B0300F8B504460D4601F079FD2246E3
:1032900006460F462B462046294604F07FFA40B9E1
:1032A0002046294600F0BEFA084B002204F06CFAD2
:1032B00010B930463946F8BD06F0C4FF0346212256
:1032C0001A600348BDE8F84000F008BC0000F03F79
:1032D000241B030001F08CBF2DE9F84314461D4662
:1032E0008046894602F098F9224606460F462B464C
:1032F0002046294604F052FA78B9002200234046BD
:10330000494604F019FAD8B1002200232046294684
:1033100004F012FA28B1264F002630463946BDE89F
:10332000F8832046294600F05BFB0028F5D02046B4
:1033300029460022002304F009FA0028EDD02CE0F1
:103340003046394600F04CFBA0B100220023304645
:10335000394604F0F1F90028DFD04046494600F034
:103360003FFB0028D9D02046294600F039FB002831
:10337000D3D012E04046494600F032FB0028E4D0AA
:103380002046294600F02CFB0028DED032463B4682
:103390003046394604F002FA20B906F053FF2223E2
:1033A0000360BAE706F04EFF21230360B5E700BFD4
:1033B0000000F03FF8B514461D4603F0BFF8224662
:1033C00006460F462B462046294604F0E7F930B959
:1033D000204629460022002304F0AEF910B93046F9
:1033E0003946F8BD06F02EFF00220023212101609E
:1033F0001046194604F062F806460F463046394634
:10340000F8BD00BFF8B504460D4600F0CBFB2246E0
:1034100006460F462B462046294604F0BFF930B930
:10342000204629460022002304F090F910B93046C6
:103430003946F8BD06F006FF002200232121016075
:103440001046194604F03AF806460F46304639460B
:10345000F8BD00BFFFFFFFFF2DE9F84FBC4B21F087
:1034600000469E4204460D468A461CDDB94B9E42EC
:103470000DDC0AD0B84BB94AB94CBAF1000FD8BF2D
:10348000134620461946BDE8F88F0028F2D02246A0
:103490002B462046294603F031FD04460B462046C4
:1034A0001946BDE8F88FAF4B9E4200F3B080A3F100
:1034B000DE739E4240F39D804FF0FF3B22462B4639
:1034C0002046294603F0D0FE02460B468046894638
:1034D00003F0CAFE86A3D3E9002306460F4603F095
:1034E000C3FE85A3D3E9002303F008FD32463B4623
:1034F00003F0BAFE82A3D3E9002303F0FFFC3246B7
:103500003B4603F0B1FE80A3D3E9002303F0F6FCB1
:1035100032463B4603F0A8FE7DA3D3E9002303F027
:10352000EDFC32463B4603F09FFE7BA3D3E900232C
:1035300003F0E4FC42464B4603F096FE78A3D3E941
:103540000023804689463046394603F08DFE76A337
:10355000D3E9002303F0D0FC32463B4603F084FE5F
:1035600073A3D3E9002303F0C7FC32463B4603F0C4
:103570007BFE71A3D3E9002303F0BEFC32463B4639
:1035800003F072FE6EA3D3E9002303F0B5FC3246CC
:103590003B4603F069FEBBF1FF3F02460B46404647
:1035A000494656D003F0AAFC6F4E22462B4603F044
:1035B0005BFE6E4B06EBCB064FEACB0B5B44D3E9CD
:1035C000002303F099FC22462B4603F095FC0B46A2
:1035D0000246D6E9000103F08FFCBAF1000F044661
:1035E0000B46BFF64EAF01F1004320461946BDE839
:1035F000F88F55A3D3E9002303F080FC5C4B002235
:1036000004F0C2F800283FF457AF2B4639E700F02A
:1036100009F9584B9E4204460D462CDCA3F5502375
:103620009E4253DD524B002203F066FC504B06468F
:103630000F464FF0010B20462946002203F05EFCA6
:1036400002460B463046394603F038FF04460D4625
:1036500034E703F053FC22462B4603F005FE0246F6
:103660000B462046294603F047FC04460B462046FD
:103670001946BDE8F88F404B9E421CDA3F4B0022B2
:1036800003F03AFC02460B462046294614461D46E6
:1036900000223A4B03F0E8FD354B002203F02EFCEC
:1036A00002460B462046294603F008FF4FF0020B66
:1036B00004460D4602E702460B460020304903F05F
:1036C000FDFE4FF0030B04460D46F7E602460B469F
:1036D00003F014FC264B002203F00EFC4FF0000B0D
:1036E00006460F462046294600224FF08043A5E7B4
:1036F00011DA22E33AAD903FEB0D76244B7BA93FE4
:10370000513DD0A0660DB13F6E204CC5CD45B73FB1
:10371000FF8300922449C23F0D5555555555D53F5D
:103720002F6C6A2C44B4A2BF9AFDDE522DDEAD3F51
:103730006D9A74AFF2B0B33F711623FEC671BC3FF1
:10374000C4EB98999999C93F9C7500883CE4377EF1
:10375000FFFF0F440000F07FFB21F93FFB21F9BF81
:10376000182D4454FFFFDB3FF81303001814030027
:103770000000F03FFFFFF23F008003400000F83FF1
:103780000000F0BF254A21F00043934223DD10B52D
:10379000234A934286B009DD02460B4603F0ACFB98
:1037A00002460B461046194606B010BD02AA02F0AA
:1037B0009BFC00F00304012C11D0022C23D0CCB1CF
:1037C0000124DDE90423DDE90201009400F0B4FDE9
:1037D00002460B46E6E70022002300F07DBCDDE94F
:1037E0000423DDE90201009400F0A6FD024601F188
:1037F0000043D7E7DDE90423DDE9020100F06CFCBA
:1038000002460B46CEE7DDE90423DDE9020100F0C4
:1038100063FC024601F10043C4E700BFFB21E93F1E
:10382000FFFFEF7F21F0004319467047DFF860C0CB
:10383000F8B521F000430027634504460D461646BF
:10384000176022DC844653EA0C0C1ED0DFF844C01B
:1038500001EA0C0C0A46BCF1000F09D10E4B002204
:1038600003F002FD6FF0350704460A4621F00043DD
:1038700022F0FF421B1522F4E002A3F2FE3342F0D5
:103880007F553B4445F40015336020462946F8BD7A
:10389000FFFFEF7F0000F07F0000504310B5294A82
:1038A00021F00043934286B020DD274A934209DD90
:1038B00002460B4603F020FB02460B461046194613
:1038C00006B010BD02AA02F00FFC00F003000128B0
:1038D00018D002282AD0F0B1DDE90423DDE9020185
:1038E00000F0FAFB024601F10043E7E700230093F2
:1038F0000022002300F020FD02460B461046194628
:1039000006B010BDDDE90423DDE9020100F0E4FBAF
:1039100002460B46D2E70124DDE90423DDE902017A
:10392000009400F009FD02460B46C7E70124DDE9DB
:103930000423DDE90201009400F0FEFC024601F1DF
:103940000043BBE7FB21E93FFFFFEF7F10B5144ABF
:1039500021F00043934286B019DD124A934205DDFF
:1039600002460B4603F0C8FA06B010BD02AA02F0E8
:10397000BBFB440004F00204C4F10104DDE90423AC
:10398000DDE90201009400F09BFD06B010BD0123AB
:1039900000930022002300F093FD06B010BD00BF8D
:1039A000FB21E93FFFFFEF7F38B5044600F0E6F961
:1039B00021460546204604F073FA20B9002120462E
:1039C00004F046FA08B9284638BD06F03BFC002151
:1039D00021230360084604F051F90546284638BD06
:1039E00041F0004000F58010C00F7047FFFFFFFF5F
:1039F00070B51646C1F30A5204460D460B465ABB33
:103A000021F00043034326D02F4B002203F02CFC6F
:103A10002E4B9E4204460D4648DBC1F30A520B462C
:103A2000363A4CF250318E421EDC164440F2FE72A1
:103A3000964219DC002E28DC16F1350F2DDB23F021
:103A4000FF4323F4E003363643EA06512046204B79
:103A5000002203F009FC70BD40F2FF7C6245E0D11A
:103A6000024603F04BFA70BD05F0004343F0FC4101
:103A700041F45F1141F410510FA3D3E9002315481D
:103A800041F03C0103F0F0FB70BD23F0FF4323F451
:103A9000E003204643EA065170BD05F0004343F0C1
:103AA000D27141F4B7310C4841F01F0104A3D3E9AE
:103AB000002303F0D9FB70BD9C7500883CE4377E81
:103AC00059F3F8C21F6EA50100005043B03CFFFF40
:103AD0000000903C9C75008859F3F8C20149002011
:103AE000704700BF0000F87FD0B506460F46144669
:103AF00006F0A8FB0346394630461C60D0BD00BF27
:103B000030B583B080B1144603F10045CDE90045DE
:103B100010461946DDE9002303F0A6FB222203B07C
:103B2000BDE83040FFF7E0BF14461D46EEE700BF9A
:103B300000224FF08053FFF7E3BF00BF00224FF099
:103B4000E043FFF7DDBF00BF38B505460C4600F087
:103B50000FF808B9204638BD204600F009F828B112
:103B60002146284604F092F90028F3D0284638BDB3
:103B700030F000400ED0A0F50003B3F1FE4F0DD39E
:103B8000074B421E9A4207D9A0F1FF40B0FA80F0DD
:103B90004009704702207047032070470420704797
:103BA000FEFF7F002DE9F84F714E8E4305460C460F
:103BB00000F0A580002902460B4651DD08155DD0B6
:103BC000C3F31301C307A0F2FF3641F4801103D4FD
:103BD000490001EBD2715200D30F002503EB4103E2
:103BE000761052001620AC464FF400110CEB010485
:103BF0009C4203DC1B1B04EB010C0D445B000138F1
:103C000003EBD2734FEA51014FEA4202EED107466D
:103C100020244FF0004109E040D05B00013C03EB61
:103C2000D2734FEA51014FEA420241D0634501EBA2
:103C3000000EF1DDBEF1000F0EEB01000BDBE046E4
:103C4000A3EB0C03964588BF03F1FF33A2EB0E02F2
:103C50000F44C446E1E70028F1DB0CF10108EFE76F
:103C600021F00046064346D000296FD10846D30A0A
:103C700015385205002BFAD0DE0274D400215B0007
:103C8000DD020C4601F10101F9D515468A40C1F16A
:103C9000200125FA01F1001B0B4391E79645BCD8A2
:103CA000BEF1000F0EEB0100D5DB98460023CDE7F7
:103CB000134312D0DFF8BCA0DFF8BCB0DAE9000192
:103CC000DBE9002303F018F9DAE9008902460B4624
:103CD0004046494603F044FDF8B97C086B1003F1F7
:103CE0007F53EA0703F5001348BF44F0004403EB99
:103CF000065125460C4628462146BDE8F88F024667
:103D00000B4603F0B1FA2A46234603F0F7F80546BE
:103D10000C4628462146BDE8F88FB7F1FF3FDAE9A7
:103D20000001DBE900231AD003F0E8F8DAE90089A2
:103D300002460B464046494603F008FD88B1B91CCF
:103D400007F1020408BF01356408C7E703F0D4F89F
:103D500002460B4603F0B2FB05460C46CBE70135A5
:103D6000BCE70137B9E7154620214FF0FF3490E753
:103D70000000F07F2089FF1F2889FF1F20F00042EC
:103D8000B2F1FF4F2DE9F041044654D2002A50D041
:103D90000028034657DB14F0FF4F4FEAE05009D1EB
:103DA00014F400025BD15B001C02114602F1010217
:103DB000F9D5401AC3F3160242F40002C307A0F17A
:103DC0007F0558BF520000246D1052004FF0190EAD
:103DD00021464FF0807C01EB0C039342DDBF03EBE7
:103DE0000C016444D31A1346BEF1010E4FEA43029C
:103DF0004FEA5C0CEFD1BBB11A4E1B4F30683968EB
:103E0000D6F8008003F07CFD0146404604F02AF815
:103E100050B130683968366803F074FD01463046A9
:103E200004F016F8B8B10234601000F17C5000EBD9
:103E3000C550BDE8F081014603F06CFE214603F059
:103E400061FDBDE8F081014603F05AFD014603F033
:103E500015FFBDE8F081013424F00104E4E74FF0E0
:103E6000FF31A6E73089FF1F3489FF1FFFFFFFFFE7
:103E7000C1F30A522DE9F843A2F2FF35132D0B4688
:103E800084460C460646074632DC002D20DB384AC5
:103E900042FA05F901EA09020243884614D032A326
:103EA000D3E9002303F02AF80022002303F06CFC7E
:103EB00040B1002C03DA4FF480132B41984428EAD8
:103EC000090400262346B44660461946BDE8F88337
:103ED00025A3D3E9002303F011F80022002303F007
:103EE00053FC0028EED0002C26DB00263446E9E700
:103EF000332D08DDB5F5806FE6D1024602F0FEFFF6
:103F000084460B46E0E7A2F213424FF0FF3828FA4E
:103F100002F810EA080FD7D013A3D3E9002302F068
:103F2000EDFF0022002303F02FFC0028CAD0002C54
:103F30000EDB27EA0806C5E724F0004434430D4BA6
:103F4000002C4FF000060CBF4FF000441C46B9E7B0
:103F5000142D06D0C5F134050123AB401F44BE42E9
:103F6000E7D90134E5E700BF9C7500883CE4377E63
:103F7000FFFF0F000000F0BF38B5C1F30A54A4F2F0
:103F8000FF32132A0B4684468E4605461DDC002A66
:103F90000DDB1D49114103EA0100284312D04FF403
:103FA00000231341734423EA010E002108E001F0CD
:103FB000004E013204BF4EF07F5E4EF4401E0021E1
:103FC00073468C466046194638BD332A08DDB2F583
:103FD000806FF7D1024602F091FF84460B46F1E76D
:103FE000A4F213444FF0FF30E04010EA0C0FE9D088
:103FF000C2F1330201219140491928BF03F1010E9A
:1040000021EA0001DCE700BFFFFF0F002DE9F041CE
:10401000C0F3C7557F3D162D044620F0004725DC30
:10402000002D804614DB174F2F4138421BD0164914
:1040300003F068FC002103F029FFA0B1002C03DA93
:104040004FF400032B41984428EA0700BDE8F081B3
:104050000D4903F057FC002103F018FF18B1002CA4
:104060000CDB002000E02046BDE8F081B7F1FF4FF7
:10407000F9D3014603F046FCBDE8F081002FF2D0F1
:104080000248F1E7FFFF7F00CAF24971000080BFDC
:1040900008B5C0F3C7537F3B162B014615DC002B38
:1040A00002460BDB0B481841014205D04FF480015A
:1040B0001941114421EA0001084608BD013300F00E
:1040C0000041F9D141F07E51F6E7802BF4D103F0A5
:1040D00019FC08BDFFFF7F002DE9F04F21F00048DB
:1040E00087B0B8F1795F92469B460646019170DA37
:1040F00003F06AFB002800F0F480019B3246194669
:10410000304603F0B1F87AA3D3E9002304460D4604
:1041100003F0AAF878A3D3E9002302F0EFFE2246C9
:104120002B4603F0A1F876A3D3E9002302F0E4FEC6
:1041300022462B4603F098F873A3D3E9002302F03C
:10414000DDFE22462B4603F08FF871A3D3E900234E
:1041500002F0D2FE22462B4603F086F86EA3D3E986
:10416000002302F0CBFE22462B4603F07DF8CDE97A
:1041700002016B4B00222046294603F075F8DDE969
:104180000223804689462046294603F06DF84D46B5
:10419000DDF804904446B0460F46064652465B465C
:1041A0004046494603F060F802460B463046394621
:1041B00002F0A2FE02460B462046294602F09CFE73
:1041C00002460B460020574902F096FE07B0BDE8B4
:1041D000F08F019B024603F047F845A3D3E9002383
:1041E00004460D4603F040F843A3D3E9002302F050
:1041F00085FE22462B4603F037F841A3D3E900237E
:1042000002F07AFE22462B4603F02EF83EA3D3E9B5
:10421000002302F073FE22462B4603F025F83CA350
:10422000D3E9002302F068FE22462B4603F01CF877
:1042300039A3D3E9002302F061FE2B46224603F0A6
:1042400013F8394B9845CDE9020192DD374B98457B
:104250004FF000023DDCA8F50013324900209046E3
:10426000994602F049FECDE904012D4B002220467B
:10427000294602F0F9FF42464B4602F03DFEDDE9D9
:104280000223804689462046294602F0EDFF4D462E
:10429000DDF804904446B0460F46064652465B465B
:1042A0004046494602F0E0FF02460B46304639469A
:1042B00002F022FE02460B462046294602F01CFE72
:1042C00002460B46DDE9040102F016FE07B0BDE828
:1042D000F08F174BDFF85C90CDE904234FF0000816
:1042E000C3E71049002007B0BDE8F08FAFF30080AE
:1042F000D43888BEE9FAA8BDC4B1B4BD9EEE213E53
:10430000AD529C804F7E923E9015CB19A001FA3E93
:104310007751C1166CC1563F4C5555555555A53F63
:104320000000E03F0000F03F3233D33F0000E93FA0
:104330000000E73F0000D23F2DE9F04F994687B0DB
:1043400021F00043B3F1795F90460446019104DA0D
:1043500003F03AFA002800F08F80019B22461946AC
:10436000204602F081FF019B06460F463246194661
:1043700020463B4602F078FF43A3D3E90023824660
:104380008B463046394602F06FFF41A3D3E9002344
:1043900002F0B2FD32463B4602F066FF3EA3D3E98F
:1043A000002302F0ABFD32463B4602F05DFF3CA32A
:1043B000D3E9002302F0A0FD32463B4602F054FF51
:1043C00039A3D3E9002302F099FD109BCDE9020146
:1043D000002B37D0384B00224046494602F044FFBC
:1043E000DDE90223CDE904015046594602F03CFFC5
:1043F00002460B46DDE9040102F07EFD32463B46F3
:1044000002F032FF42464B4602F076FD28A3D3E984
:10441000002306460F465046594602F025FF024645
:104420000B463046394602F069FD02460B462046EF
:10443000019902F061FD04460D462046294607B069
:10444000BDE8F08F02460B463046394602F00CFFBD
:1044500017A3D3E9002302F04FFD52465B4602F05A
:1044600003FF2246019B02F049FD04460D4620460B
:10447000294607B0BDE8F08F019D2046294607B0C8
:10448000BDE8F08FAFF300807CD5CF5A3AD9E53D37
:10449000EB9C2B8AE6E55A3E7DFEB157E31DC73EF5
:1044A000D561C119A0012A3FA6F810111111813F51
:1044B000495555555555C53F0000E03FFFFFFFFFEB
:1044C0002DE9F04F9B46D44B89B021F000449C422B
:1044D00092460F4606460791009450DC03F074F9AB
:1044E000814600286FD1129B01333343234300F0F0
:1044F000DF81129B012B00F0E88152465B4630467B
:10450000394602F0FBFC0D4602460B460020C3492B
:1045100002F0D4FF32463B4606460F46484629463F
:1045200002F0EAFC02460B465046594602F0E4FC13
:104530004A463B4602F098FE02460B461446484661
:104540004A4629461D463B4602F08EFEB44B0022E9
:1045500002F0D4FC02460B462046294602F0CEFC6F
:1045600032463B4602F080FE4A463B4602F0C6FC1D
:1045700004460D462046294609B0BDE8F08FA94BF8
:10458000009A9A421FDD002904DA07F100430BF17B
:10459000004B1F4632463B4681A1D1E9000102F0A3
:1045A000ABFC52465B4604460D467FA1D1E90001B3
:1045B00002F0A2FC22462B4602F0A0FC4FF0000ABB
:1045C000D34606460F4632463B463046394602F051
:1045D0004BFE02460B468046894602F045FE4246A7
:1045E00004460D464B463046394602F03DFE70A368
:1045F000D3E90023CDE902012046294602F034FE2A
:104600006DA3D3E9002302F079FC22462B4602F089
:104610002BFE6BA3D3E9002302F070FC22462B464D
:1046200002F022FE68A3D3E9002302F067FC2246D1
:104630002B4602F019FE66A3D3E9002302F05EFCCC
:1046400022462B4602F010FE63A3D3E9002302F0BA
:1046500055FC42464B4602F007FE61A3D3E9002316
:10466000CDE904012046294602F0FEFD5EA3D3E910
:10467000002302F043FC22462B4602F0F5FD5CA32A
:10468000D3E9002302F03AFC22462B4602F0ECFD6F
:1046900059A3D3E9002302F031FC22462B4602F055
:1046A000E3FD57A3D3E9002302F028FC22462B4662
:1046B00002F0DAFD54A3D3E9002302F01FFC024606
:1046C0000B46DDE9040102F019FCDDE9022302F0EA
:1046D000CBFD52465B4602F011FC42464B4602F0CF
:1046E000C3FD52465B4602F009FC49A3D3E900230F
:1046F00004460D46DDE9020102F0B6FD22462B46D6
:1047000002F0FCFB82468B4652465B4630463946F9
:1047100002F0F4FB434B009A9A4204460D4600F324
:104720008380129B012B36D002460B4600203B496A
:1047300002F0C4FE002432463B4606460F462046A1
:10474000294602F0D9FB02460B465046594602F074
:10475000D3FB22463B4602F087FD02460B4620462D
:1047600029469046994622463B4602F07DFD2C4B59
:10477000002202F0C3FB02460B464046494602F0C7
:10478000BDFB32463B4602F06FFD22463B4602F03F
:10479000B5FB04460D462046294609B0BDE8F08F1A
:1047A000182D4454FB21E93F075C143326A6813CB5
:1047B000D47ABF74702AFB3EE9A7F0320FB8123FDB
:1047C00068108D1AF726303F1583E0FEC8DB573F8F
:1047D00093846EE9E326823FFE41B31BBAA1AB3F4F
:1047E000735360DBCB75F3BEA69237A0887E143F6F
:1047F0000165F2F2D844433F280356C9226D6D3F4C
:1048000037D60684F464963F7AFE10111111C13F29
:10481000635555555555D53FFFFF2F3E0000F0BF5E
:104820000000F03F2794E53F129802F0B3FC2246C7
:10483000804689462B462046294602F015FD424611
:10484000CDE900014B462046294602F057FB0246BF
:104850000B46DDE9000102F031FE52465B4602F0F4
:104860004BFB02460B463046394602F045FB0246FA
:104870000B4602F043FB02460B464046494602F017
:104880003BFB079B9B1703F002030446C3F10100A7
:104890000D4602F07FFC02460B462046294602F0F8
:1048A000E3FC04460D462046294609B0BDE8F08FDA
:1048B00030463946FEF7B6FF02460B460020044953
:1048C00002F0FCFD04460D4665E734463D4662E7CE
:1048D0000000F03FFFFFFFFF2DE9F84FC44E21F02D
:1048E0000043B34205460C460DDD03F1404303F59A
:1048F0008013034340F0B980002940F3C0800020BA
:104900000021BDE8F88FBB4EB34208DCBA4A93429F
:1049100000F3BA809CA1D1E90001BDE8F88F00291D
:10492000C0F2708102460B460020B44902F0E4FA5E
:10493000B34B002202F098FC04460D46FFF732F913
:1049400093A3D3E90023894680462946204602F0F6
:104950008BFC91A3D3E9002302F0D0FA22462B4628
:1049600002F082FC8EA3D3E9002302F0C5FA2246AE
:104970002B4602F079FC8CA3D3E9002302F0BEFAA7
:1049800022462B4602F070FC89A3D3E9002302F0F3
:10499000B3FA22462B4602F067FC87A3D3E9002333
:1049A00002F0ACFA22462B4602F05EFC84A3D3E967
:1049B000002382468B462046294602F055FC82A3FE
:1049C000D3E9002302F098FA22462B4602F04CFC71
:1049D0007FA3D3E9002302F091FA22462B4602F08E
:1049E00043FC7DA3D3E9002302F086FA22462B463E
:1049F00002F03AFC814B002202F080FA02460B469C
:104A00005046594602F05AFD42464B4602F02CFCF5
:104A1000002682468B4632464B463046494602F0D7
:104A200023FC02460B462046294602F065FA324630
:104A300004460D464B464046494602F05FFA0246A0
:104A40000B462046294602F039FD02460B465046E9
:104A5000594602F053FA32464B4602F04FFA0246EC
:104A60000B4602F04BFABDE8F88F02460B4602F007
:104A700043FA02460B4602F021FDBDE8F88F58A12B
:104A8000D1E90001BDE8F88F02460B4602F0ECFBCD
:104A90003FA3D3E9002306460F4602F0E5FB3EA301
:104AA000D3E9002302F02AFA32463B4602F0DCFB4F
:104AB0003BA3D3E9002302F01FFA32463B4602F043
:104AC000D3FB39A3D3E9002302F018FA32463B4660
:104AD00002F0CAFB36A3D3E9002302F00DFA3246F6
:104AE0003B4602F0C1FB34A3D3E9002302F006FAEF
:104AF00032463B4602F0B8FB31A3D3E9002380469F
:104B000089463046394602F0AFFB2FA3D3E9002394
:104B100002F0F2F932463B4602F0A6FB2CA3D3E9A1
:104B2000002302F0EBF932463B4602F09DFB2AA33C
:104B3000D3E9002302F0E0F932463B4602F094FB51
:104B40002E4B002202F0DAF902460B464046494657
:104B500002F0B4FC2A46234602F086FB02460B46CE
:104B600021A1D1E9000102F0C7F902460B4628460F
:104B7000214602F0C1F902460B4603A1D1E900012A
:104B800002F0BAF9BDE8F88F182D4454FB21F93F23
:104B900009F7FD0DE13D023F88B20175E0EF493FA5
:104BA0003B8F68B52882A43F5544880E55C1C93F44
:104BB0007D6FEB0312D6D43F555555555555C53F1E
:104BC00082922EB1C5B8B33F59018D1B6C06E63FEA
:104BD000C88A599CE52A00404B2D8A1C273A03407D
:104BE000182D4454FB210940075C143326A6913C40
:104BF000FFFFEF3FFFFFDF3F0000603C0000F03FA2
:104C00000000E03F5C4B002202F078F95B4B002291
:104C100002F02AFB40A3D3E9002304460D4602F02C
:104C200023FB3FA3D3E9002302F068F922462B4679
:104C300002F01AFB3CA3D3E9002302F05DF92246FF
:104C40002B4602F011FB3AA3D3E9002302F056F9F8
:104C500022462B4602F008FB37A3D3E9002302F0DB
:104C60004BF922462B4602F0FFFA35A3D3E9002385
:104C700002F044F922462B4602F0F6FA80468946B5
:104C800020462946FEF78EFF2FA3D3E900230646D0
:104C90000F462046294602F0E7FA2DA3D3E9002368
:104CA00002F02AF922462B4602F0DEFA2AA3D3E9C3
:104CB000002302F023F922462B4602F0D5FA28A35E
:104CC000D3E9002302F018F922462B4602F0CCFA71
:104CD000294B002202F012F902460B464046494693
:104CE00002F0ECFB32463B4602F0BEFA1EA3D3E9CB
:104CF000002302F001F932463B4602F0FFF802467B
:104D00000B4602F0FBF802460B4619A1D1E900015F
:104D100002F0F2F8BDE8F88F09F7FD0DE13D023F22
:104D200088B20175E0EF493F3B8F68B52882A43F08
:104D30005544880E55C1C93F7D6FEB0312D6D43F51
:104D4000555555555555C53F82922EB1C5B8B33FFF
:104D500059018D1B6C06E63FC88A599CE52A004024
:104D60004B2D8A1C273A0340075C143326A6913C3E
:104D7000182D4454FB2109400000F03F0000E03FA3
:104D80002DE9704FC44B21F00048984586B0044689
:104D90000D4632DD08F1404808F5801858EA000851
:104DA0000ED002460B4602F0A7F80B46024602F070
:104DB00085FB04460B462046194606B0BDE8708FB9
:104DC00099A3D3E9002302F04FFA22462B4604466A
:104DD0000D461046194696A3D3E9002302F044FA83
:104DE00002460B462046294602F088F804460B4648
:104DF0002046194606B0BDE8708FA84B98450E4670
:104E00000FDCB8F1795F80F251818BA3D3E90023E5
:104E100002F074F8A24B002202F0B6FC002840F029
:104E2000FF8020462946FEF7FDFC02460B46002087
:104E30009B4902F061F89B4B002202F015FA80A317
:104E4000D3E9002304460D4602F00EFA7EA3D3E90F
:104E5000002302F053F822462B4602F005FA7CA309
:104E6000D3E9002302F048F822462B4602F0FCF971
:104E700079A3D3E9002302F041F822462B4602F041
:104E8000F3F977A3D3E9002302F036F822462B4644
:104E900002F0EAF974A3D3E9002302F02FF82246C6
:104EA0002B4602F0E1F972A3D3E90023CDE900011A
:104EB0002046294602F0D8F96FA3D3E9002302F077
:104EC0001BF822462B4602F0CFF96DA3D3E900234D
:104ED00002F014F822462B4602F0C6F96AA3D3E981
:104EE000002302F009F822462B4602F0BDF96C4B74
:104EF000002202F003F8CDE9020120462946FEF720
:104F000051FE694B984582468B4668DC02460B464B
:104F100001F0F4FFDDE90223CDE90401DDE9000140
:104F200002F0CCFA02460B46DDE9040102F09CF9DE
:104F30004FF00008CDE9000142465B464046594625
:104F400002F092F902460B462046294601F0D4FFB2
:104F5000424604460D465B465046594601F0CEFF98
:104F600002460B462046294602F0A8FA02460B46A6
:104F700001F0C4FF02460B462DA1D1E9000101F06A
:104F8000BBFF02460B46DDE9000101F0B5FF4246DA
:104F900004460D465B464046594601F0AFFF0246C7
:104FA0000B463BA1D1E9000101F0A6FF02460B46EA
:104FB0002046294601F0A0FF0B46024634A1D1E964
:104FC000000101F099FF04460B46002E3FF7F3AEB7
:104FD00003F100432046194606B0BDE8708FDDE9B5
:104FE0000223DDE9000102F069FA52465B4602F055
:104FF0003BF952465B4601F081FF02460B4601F049
:105000007DFF0BA3D3E9002301F076FF0B46024698
:1050100005A1D1E9000101F06FFF04460B46D4E77A
:105020002B46C8E6AFF30080182D4454FB21F93F0E
:10503000075C143326A6913C9C7500883CE4377EBF
:1050400009F7FD0DE13D023F88B20175E0EF493FF0
:105050003B8F68B52882A43F5544880E55C1C93F8F
:105060007D6FEB0312D6D43F555555555555C53F69
:1050700082922EB1C5B8B33F59018D1B6C06E63F35
:10508000C88A599CE52A00404B2D8A1C273A0340C8
:10509000182D4454FB21E93FFFFFEF3FFFFFDF3FA7
:1050A0000000F03F0000E03F3233EF3F02460B4686
:1050B00002F0DAF838A3D3E900238046894602F0EB
:1050C000D3F837A3D3E9002301F018FF42464B463B
:1050D00002F0CAF834A3D3E9002301F00DFF4246E1
:1050E0004B4602F0C1F832A3D3E9002301F006FFDA
:1050F00042464B4602F0B8F82FA3D3E9002301F053
:10510000FBFE42464B4602F0AFF82DA3D3E9002345
:1051100001F0F4FE42464B4602F0A6F82AA3D3E97A
:10512000002382468B464046494602F09DF828A35C
:10513000D3E9002301F0E0FE42464B4602F094F82A
:1051400025A3D3E9002301F0D9FE42464B4602F0E5
:105150008BF823A3D3E9002301F0CEFE42464B4651
:1051600002F082F8204B002201F0C8FE02460B46F6
:105170005046594602F0A2F922462B4602F074F836
:1051800022462B4601F0BAFE04460B46204619463D
:1051900006B0BDE8708F00BF09F7FD0DE13D023F8D
:1051A00088B20175E0EF493F3B8F68B52882A43F84
:1051B0005544880E55C1C93F7D6FEB0312D6D43FCD
:1051C000555555555555C53F82922EB1C5B8B33F7B
:1051D00059018D1B6C06E63FC88A599CE52A0040A0
:1051E0004B2D8A1C273A03400000F03FFFFFFFFFD2
:1051F0002DE9F84F9E465342DFF87C9113432EF081
:10520000004848EAD3734B4516460D4607463DD83D
:105210004442044321F0004A4AEAD4744C45034610
:105220008B4633D80EF1404404F5801414433DD02E
:105230004FEAAE7404F002045AEA030344EAD1745C
:105240002CD058EA020235D0C84546D0CA4531D0E4
:10525000AAEB080ABAF1747F4FEA2A5339DABEF191
:10526000000F46DA3C3344DA00200021012C58D0EC
:10527000022C49D084B134A3D3E9002301F03CFED1
:1052800033A3D3E9002301F037FE05E03A46304668
:1052900071462B4601F032FEBDE8F88F022C10D08B
:1052A000032CF9D12CA1D1E90001F5E7BDE8F84FB5
:1052B000FEF7D2B8BBF1000F07DB29A1D1E900014D
:1052C000EAE723A1D1E90001E6E727A1D1E900013E
:1052D000E2E723A1D1E90001C8E7C24504F1FF34A8
:1052E00023D0022C29D8254B03EBC403D3E90001BA
:1052F000D2E7324673463846294602F0DFF8FEF719
:1053000091FAFEF7A9F8B1E70FA3D3E9002301F062
:10531000F3FD02460B460EA1D1E9000101F0ECFDC0
:10532000BAE701F100431946B6E7022C08D8144B3E
:1053300003EBC403D3E90001AEE700200021ABE793
:105340000BA1D1E90001A7E7075C143326A6A13C15
:10535000182D4454FB210940182D4454FB2109C049
:10536000182D4454FB21F93F182D4454FB21F9BF5B
:10537000182D4454FB21E93F0000F07F5014030036
:10538000381403002DE9F84323F000479E469C465D
:1053900057EA0203054690462FD010461446984A15
:1053A00021F0004991450B4627DC4242954E0243CD
:1053B00047EAD272B24220D8B945AE462A4601F039
:1053C000004606DCC0F2CB804545C0F0C88000F046
:1053D000FF808C491940F9B9B9F1000F40F0E28023
:1053E000BEF1000F754640F30881A1F213416D0034
:1053F000002D01F1FF31FADC12E0734642462846E7
:1054000001F032FF0B46024602F058F805460B4603
:1054100028461946BDE8F8834FEA2951A1F2FF3129
:10542000784D0CEA050585B9002F40F0AC800028C6
:10543000804640F3E080A5F213454FEA4808B8F1F2
:10544000000F05F1FF35F8DC02E03D15A5F2FF3550
:10545000DFF8B481414572DBC3F3130343F48013D7
:10546000DFF8A4E1754559DBCCF3130C4CF4801C38
:10547000101A491B0BD11DE050EA0E0344D04FEA2D
:10548000DE73013903EB40034FEA4E0211D0A3EB68
:105490000C00944288BF00F1FF300028A2EB040EFC
:1054A0004FEAD277E8DA013907EB43034FEA4202C9
:1054B000EDD1101BA3EB0C0C944288BF0CF1FF3C08
:1054C000BCF1000FA4BF0246634653EA020105D1B6
:1054D0001AE0D10F01EB43035200013DB3F5801FE9
:1054E000F7DB49498D4269DA491B142976DC05F25C
:1054F0001E40CA4003FA00F043FA01F10E4340EAAD
:1055000002031D46334683E7404BF60F03EBC60309
:10551000D3E9005328461946BDE8F883AEEB0504ED
:105520001F2C24DD3A4C491BA4EB050C00FA0CFCA3
:1055300018BF0024ABD1A3EB0C0C1046C0E7A8EBBE
:105540000108B8F11F0F0CDC01F21E4309FA08F93B
:105550002EFA03F30EFA08F243EA090380E70B463A
:1055600056E72B4B5B1A0EFA03F3002278E705F29D
:105570001E4C07FA04FE20FA0CFC00FA04F44CEA74
:105580000E0C101B75E74FEAC728B8F1000F1E4D2F
:105590007FF75EAF4FEA4808B8F1000F05F1FF351D
:1055A000F8DC55E74FEAC925002D17497FF738AFDA
:1055B0006D00002D01F1FF31FADC31E7A3F5801316
:1055C000334305F2FF3543EA05510B4615461FE705
:1055D0000E4B03EB1673D3E9005319E71F2906DCC2
:1055E00005F21E4022FA01F183400B4389E7084A85
:1055F000521B134185E7074D2AE7064910E700BF14
:10560000FFFFEF7F0000F07F02FCFFFF6814030044
:10561000E2FBFFFFEDFBFFFF2DE9F04F23F0004A17
:1056200007465AEA020093B014461D46884610D138
:10563000FB19754988F400225241984291411FD2CA
:105640003846414622462B4601F058FC13B0BDE8CF
:10565000F08F11466D4A28F0004991459B46464619
:105660003B4614DD06F1404606F580161E43E7D1A1
:105670002319654985F4002252419E429141DFD3AE
:10568000634C00231846214613B0BDE8F08F3ED08E
:105690005E4A9245E6DC00F08880002E69DB00223D
:1056A000009279B9594A924500F08380584A924550
:1056B00000F09780BBF1804F00F09684554A9345E7
:1056C00000F0B783384641460293FEF7ABF8029BE1
:1056D0004BB3009AF30F013B0A93134300F0888009
:1056E0004D4B9A4540F39E8003F104739A454B4B12
:1056F00040F30E84994540F38784BBF1000F40F3DB
:105700008784002013B0BDE8F04FFEF717BA002FD2
:1057100096D1BDE7384641460093FEF783F8009BDB
:10572000002B65D10093B9F1000F04D0384B26F05F
:1057300040429A42CDD1BBF1000F05DA02460B463A
:105740000020334901F0BAFE002EBFF67FAF009B68
:1057500009F1404909F5801959EA030940F06884C4
:1057600002460B4601F0C8FB02460B4601F0A6FEBE
:105770006CE72B4A92452EDCA2F1547292450FDD64
:105780004FEA2A52A2F2FF32142A40F34384C2F1B4
:10579000340221FA02F000FA02F28A4200F0718427
:1057A00000220092002981D08CE700293FF475AFD8
:1057B00058E709F1404202F580121A433FF460AF06
:1057C000164B994540F36983BBF1000FC0F25F832C
:1057D000204629463AE70222009200293FF462AFB0
:1057E00070E7BBF1000FC0F2F783384641462DE762
:1057F0003A4643463846414601F07EFB02460B4698
:1058000001F05CFE22E700BF0000F0FF0000F07F27
:105810000000F03F0000E03F0000E041FFFFEF3FED
:10582000FFFF3F43D64B334000222BB9D54B01F04D
:105830001BFD6FF0340289464FEA2953A3F2FF3370
:105840009A18D14B0B92C9F3130949F07F56994529
:1058500046F4401607DDCD4B994540F3F283013203
:105860000B92A6F5801600220023CDE90823CDE98E
:105870001023C74B0022CDE906230027DDE90623CC
:105880003146824601F038FBB346DDE90623804607
:10589000894650463146CDE90CAB01F02FFB02465C
:1058A0000B460020BA4901F009FE0A460146CDE93F
:1058B0000E12134649460246404601F0D5FC0A4600
:1058C00083469446CDE902BC4FF0000CCDF808C0E9
:1058D0007610DDE902AB46F00056014606F50023DE
:1058E000CDE904120020D91906460F4602460B46A0
:1058F0005046594601F0B8FC02460B464046494620
:1059000001F0FAFADDE90623804689463046394639
:1059100001F0F2FA02460B46DDE90C0101F0ECFA67
:1059200052465B4601F0A0FC02460B464046494603
:1059300001F0E2FADDE90E2301F096FCDDE90467EF
:10594000CDE9060132463B463046394601F08CFC33
:1059500079A3D3E9002306460F4601F085FC78A31E
:10596000D3E9002301F0CAFA32463B4601F07CFC41
:1059700075A3D3E9002301F0C1FA32463B4601F09A
:1059800073FC73A3D3E9002301F0B8FA32463B4617
:1059900001F06AFC70A3D3E9002301F0AFFA3246AC
:1059A0003B4601F061FC6EA3D3E9002301F0A6FAA7
:1059B0003246804689463B463046394601F054FC23
:1059C00002460B464046494601F04EFC524606460A
:1059D0000F465B46DDE9040101F090FADDE906239C
:1059E00001F042FC32463B4601F088FA52468046BE
:1059F00089465B465046594601F036FC02460B4646
:105A0000CDE90C23634B002201F078FA42464B4665
:105A100001F074FA00260F4632463B46504659467E
:105A200001F022FC5B4B82468B4600223046394611
:105A300001F062FADDE90C2301F05EFA02460B4642
:105A40004046494601F058FADDE9042301F00CFC18
:105A50003246804689463B46DDE9060101F004FCFA
:105A600002460B464046494601F048FA80468946C0
:105A700002460B465046594601F040FA00263AA32A
:105A8000D3E9002330460F4601F0EEFB52465B4659
:105A900082468B463046394601F02EFA02460B46C6
:105AA0004046494601F028FA31A3D3E9002301F02A
:105AB000DBFB31A3D3E900238046894630463946D3
:105AC00001F0D2FB02460B464046494601F016FA69
:105AD000DDE9102301F012FA80460B98894601F0A7
:105AE00059FB424606460F464B4650465946CDE9BD
:105AF00004AB01F003FADDE9082301F0FFF93246B7
:105B00003B4601F0FBF9002032463B4682468B467D
:105B100001F0F2F9DDE9082301F0EEF9DDE90423F3
:105B200001F0EAF902460B464046494601F0E4F925
:105B300032E000BFAFF30080EF4E454A287ECA3FF7
:105B400065DBC9934A86CD3F01411DA96074D13FF1
:105B50004D268F515555D53FFFAB6FDBB66DDB3F03
:105B6000033333333333E33F000000E009C7EE3F34
:105B7000FD033ADC09C7EE3FF5015B14E02F3EBEA2
:105B80000000F07F000040438E98030079B60B00C0
:105B90000000F03F00000840CDE90201009B0A9A96
:105BA000013B13430CBFD44BD44B0022CDE904235B
:105BB0000023CDE900450093DDE9008920464246F7
:105BC0004B46294601F098F952465B4601F04CFBE2
:105BD000224606460F462B46DDE9020101F044FB52
:105BE00002460B463046394601F088F942464B469C
:105BF00006460F465046594601F036FB0B46024614
:105C000004460D463046394601F078F9BC4B9942BE
:105C1000804689468A4640F3168101F13F4303F5E9
:105C2000E003034340F02282A1A3D3E900233046DE
:105C3000394601F063F92246CDE900012B46404682
:105C4000494601F059F902460B46DDE9000101F031
:105C50009BFD002840F00A82CAF30A534FF48012D9
:105C6000A3F2FE3342FA03F35344A649C3F30A52A4
:105C7000A2F2FF3241FA02FCC3F31301C2F1140293
:105C800041F4801141FA02FE00200CEA0301BAF14E
:105C9000000FCDF808E002460B4602DA7146494291
:105CA00002912046294601F027F9029B1B0500932B
:105CB00002460B4604460D463046394601F01EF9B1
:105CC00089464FF000087CA3D3E9002340464946AB
:105CD00001F0CAFA224682468B462B464046494688
:105CE00001F00AF902460B463046394601F004F944
:105CF00073A3D3E9002301F0B7FA73A3D3E9002318
:105D000004460D464046494601F0AEFA02460B46AF
:105D10002046294601F0F2F806460F4602460B4699
:105D20005046594601F0EAF852465B4604460D4695
:105D300001F0E2F802460B463046394601F0DCF845
:105D4000224682468B462B462046294601F08CFA95
:105D50005FA3D3E9002306460F4601F085FA5EA350
:105D6000D3E9002301F0C8F832463B4601F07CFA43
:105D70005BA3D3E9002301F0C1F832463B4601F0B2
:105D800073FA59A3D3E9002301F0B6F832463B4633
:105D900001F06AFA56A3D3E9002301F0AFF83246C6
:105DA0003B4601F061FA02460B462046294601F0C7
:105DB000A3F806460F4602460B462046294601F048
:105DC00053FA002280468946304639464FF08043D8
:105DD00001F092F802460B464046494601F06EFB40
:105DE000524606460F465B462046294601F03CFADD
:105DF00052465B4601F082F802460B463046394671
:105E000001F07AF822462B4601F076F802460B465E
:105E100000203A4901F070F8009D0C462C44B4F57E
:105E2000801FC0F21F812146DDE9042301F01CFA26
:105E30000CE4002EFFF646AC3846414613B0BDE8F0
:105E4000F04FFDF7AFBEDFF8C0C021F0004363455F
:105E500040F3D2802D4B0B4403430AD122462B46FC
:105E600001F04AF832463B4601F084FC00283FF43A
:105E7000F3AEDDE904010022002301F067FC0038E5
:105E800018BF012013B0BDE8F04FFDF751BE00234D
:105E9000002418462146FFF7D9BBBBF1000FF6DA04
:105EA00005F1004320461946FFF7D0BBAFF3008051
:105EB000FE822B654715973C00000000432EE63F0D
:105EC000EF39FAFE422EE63F396CA80C615C20BE29
:105ED000D0A4BE726937663EF16BD2C541BDBB3EF0
:105EE0002CDE25AF6A56113F93BDBE166CC1663FCE
:105EF0003E5555555555C53F0000F0BF0000F03FD9
:105F0000FFFF8F400000F0FFFFCB904000346F3F59
:105F1000994579DB704B99453FF7EFAB6E4B00220B
:105F200000F0EAFF60A3D3E9002306460F4601F024
:105F30009BF95FA3D3E90023804689463046394662
:105F400001F092F9654B82468B4600223046394675
:105F500001F08AF902460B4657A1D1E9000100F091
:105F6000CBFF32463B4601F07FF902460B4600204C
:105F70005B4900F0C1FF3246CDE902013B463046A5
:105F8000394601F071F902460B46DDE9020101F0E4
:105F90006BF94BA3D3E9002301F066F902460B46E7
:105FA0005046594600F0A8FF02460B4606460F46EB
:105FB0004046494600F0A2FF002042464B4682463A
:105FC0008B4600F099FF02460B463046394600F0FA
:105FD00093FFCDE90201E1E53A4643463E49002000
:105FE00001F06CFAFFF732BB3A4638464346414669
:105FF00001F03AF9FFF72ABB394A934252DCDDE956
:106000000023009202925CE6BBF1000FFFF679AB31
:10601000002037E700297FF47DABC2F114024AFA71
:1060200002F000FA02F2524535D00091FFF73EBB74
:10603000009B012B7FF40AAB01F100431946FFF7E7
:1060400005BB21A3D3E90023CDE9082320A3D3E98D
:106050000023CDE91023234B0022CDE906234FF482
:1060600080270BE4029AFDF7C3FCDDE6DDE90401BD
:106070000022002301F06AFB003818BF0120FFF75F
:1060800041BB00F00100C0F10202009200293FF480
:106090000DABFFF717BB00F00100C0F10202009248
:1060A000FFF704BB1B15D9E5000000604715F73F5B
:1060B00044DF5DF80BAE543E555555555555D53F0B
:1060C000FE822B654715F73F0000004003B8E23F12
:1060D00006D0CF43EBFD4C3E0000F03F0000D03F28
:1060E0000000E03F0000F83F2DE9F04F1446B64AAB
:1060F00021F00045954291B040F38580B34A954226
:106100000F4626DC0029A6A3D3E9002340F3C4816F
:1061100000F0F2FEAE4B9D428046894600F088803A
:10612000A1A3D3E9002300F0E7FE02460B46C4E931
:1061300000234046494600F0DFFE9BA3D3E900233D
:1061400000F0DAFEC4E902010126304611B0BDE8D4
:10615000F08FA04A954240F38B809F4A95425DDCC8
:106160002E15A6F21646A5EB06518946804601F08B
:106170002BFB01F00FF802460B4640464946CDE99D
:106180000A2300F0B9FE954B002201F06DF8894614
:10619000804601F019FB054600F0FCFF02460B4665
:1061A00040464946CDE90C2300F0A6FE8B4B002269
:1061B00001F05AF802460B46CDE90E2300220023D7
:1061C00001F0BAFA002800F06581002D0CBF012310
:1061D0000223834A019202220092214632460AA8F3
:1061E00000F062FA002F0646AFDAD4E9000505F1A7
:1061F0000041C4E90001E168A26801F10043C4E97B
:1062000002237642A1E70026C4E900010022002310
:106210003046C4E9022311B0BDE8F08F02460B46B8
:1062200000F06AFE0026C4E90201C4E900018CE71F
:106230005FA3D3E9002300F05FFE5FA3D3E900234F
:106240008046894600F058FE02460B46C4E900230A
:106250004046494600F050FE57A3D3E9002300F022
:106260004BFE0126C4E90201304611B0BDE8F08FB3
:10627000FDF7D8FA52A3D3E900238046894600F0FF
:10628000F3FF584B002200F039FE01F09DFA06465C
:1062900000F080FF42A3D3E9002382468B46CDE97C
:1062A00004AB00F0E1FF02460B464046494600F0D1
:1062B00023FE3DA3D3E90023CDE902015046594610
:1062C00000F0D2FF1F2E8046894612DC464B721E1C
:1062D00053F82230AB420CD002460B46DDE90201F6
:1062E00000F00AFE02460B46C4E9002382468B46B4
:1062F000B4E02B150793DDE902014B46424600F05E
:10630000FBFDC1F30A53C3EB1553102B8B4682469A
:1063100040F3A08026A3D3E90023DDE9040100F0C7
:10632000A3FF8046894602460B46DDE9020100F0E4
:10633000E3FD82468B4652465B46DDE9020100F0F2
:10634000DBFD42464B4600F0D7FD1BA3D3E90023FB
:1063500080468946DDE9040100F086FF42464B464F
:1063600000F0CAFD02460B46804689465046594613
:10637000CDE908AB00F0C0FD079AC1F30A53D31A68
:10638000312B8B46824631DC02460B46C4E90023A2
:10639000DDE90823CDE9022360E000BFAFF3008010
:1063A00000004054FB21F93F3163621A61B4D03DD3
:1063B0000000601A61B4D03D7370032E8A19A33BAC
:1063C00083C8C96D305FE43FFB21E93F7BD90240C0
:1063D000FB21F93FFB213941FFFFEF7F00007041B6
:1063E000F81403000000E03F7814030048A3D3E949
:1063F0000023DDE9040100F037FF804689460246AC
:106400000B46DDE9080100F077FD82468B465246D7
:106410005B46DDE90801CDE902AB00F06DFD4246C7
:106420004B4600F069FD3CA3D3E900238046894632
:10643000DDE9040100F018FF42464B4600F05CFD28
:1064400002460B46804689465046594600F054FDA8
:106450008B46824652465B46C4E9002352465B4661
:10646000DDE9020100F048FD42464B4600F044FDE4
:10647000002F02460B46C4E90223BFF666AE0BF1BD
:10648000004301F10041A060C4F800A06360E16036
:1064900076425AE603239CE600F030FD264B9D42EF
:1064A0008046894616D01EA3D3E9002300F026FDBE
:1064B00002460B46C4E900234046494600F01CFD55
:1064C00017A3D3E9002300F019FD4FF0FF36C4E90C
:1064D00002013AE614A3D3E9002300F00FFD14A350
:1064E000D3E900238046894600F008FD02460B46AA
:1064F000C4E900234046494600F0FEFC0CA3D3E962
:10650000002300F0FBFC4FF0FF36C4E902011CE65B
:106510000000002E8A19A33BC14920259A837B39AC
:106520003163621A61B4D03D0000601A61B4D03D9D
:106530007370032E8A19A33BFB21F93F2DE9F04F1D
:1065400023F0004555EA020C83B050D00E4601916D
:10655000504926F0004A8A4507461446984642DCD0
:106560008D429B4691464BDD05F1004505F58015B2
:10657000154338D138463146FDF754F90B460246EB
:10658000414620461D461446FDF74CF9424B0BEAA6
:10659000030306460F46002B53D122462B462046C6
:1065A000294600F0ABFC32463B4601F0EDF888B1DD
:1065B0002046294632463B4600F09EFC02460B46EA
:1065C00004460D4600F09AFC32463B4601F0D2F8F4
:1065D000002854D1019B03F00043204683EA0501C3
:1065E00003B0BDE8F08F224638463146434600F0FE
:1065F0003BFE02460B4600F061FF03B0BDE8F08FA2
:1066000026498D421BDC1046194600F077FC0B46EC
:10661000024631463846FEF7B5FE03460E46AAEB63
:10662000050AA7EB09075AEA070A31D1184631468D
:106630000022002300F018FE03B0BDE8F08F3B46B7
:10664000EDE7174B002200F00FFE80468946024618
:106650000B462046294601F097F80028BAD020467C
:10666000294632463B4600F047FC04460D4640466C
:10667000494622462B4601F073F80028AAD020464E
:10668000294632463B4600F037FC04460D46A1E75A
:106690001F466FE7FFFFEF7F0000E07FFFFFDF7F18
:1066A0000000E03FFFFFFFFF2DE9F04FADF5197D42
:1066B0001C4608930B91B64BA29953F821300593D1
:1066C00012F1140F04F1FF3306460393C0F23A832C
:1066D000B049D31E81FB0301DB17C3EBA103079372
:1066E0000133A3EB8303DB00D3180693079A039BC4
:1066F000D41A059AD7181BD40137DDF88CA2274489
:1067000020AD4FF000084FF0000908E05AF82400CF
:1067100000F040FD0134BC42E5E8020108D0002C45
:10672000F4DA013440464946BC42E5E80201F6D1BC
:10673000059B002BC0F2C083089BDDF80C9020AABB
:1067400002EBC30ADA000292059AA6F108011A4484
:1067500004910DF5E07B019201EBC308039B002B34
:10676000C0F29C81049E57460024002577E902234D
:10677000F6E9020100F078FD02460B462046294664
:1067800000F0BCFB464504460D46EFD1019B09F1E4
:1067900001099945EBE802450AF1080ADED1049B9C
:1067A000DDF808B0059A01929B440CAB03EB820321
:1067B000043B09930CAB03EB82030A93019A98AB59
:1067C00003EBC203002A53E9284529DD0DF5E07AE1
:1067D0000AEBC2080DF130096F4B00222046294612
:1067E00000F042FD00F0F0FF00F0D4FC6B4B002203
:1067F00006460F4600F038FD02460B462046294665
:1068000000F07AFB00F0E0FF78E9022349F8040B7E
:106810003946304600F072FBD04504460D46DBD1C8
:10682000DDF81890204629464A46FDF7E1F8002297
:106830004FF07F5304460D4600F016FDFDF718FBA0
:10684000574B002200F010FD02460B462046294619
:1068500000F052FB0D46044600F0B6FF804600F003
:1068600099FC0B4602462946204600F045FB4B4664
:10687000002B06460F4640F39580019A501E0CAA45
:10688000C9F1180352F8202042FA03F404FA03F382
:10689000D21AC9F117010CAB42FA01F5002D43F8E9
:1068A0002020A04400F3888000220023304639468F
:1068B00000F042FF002800F04C82019B059A5C1E0C
:1068C000A2420EDC0CAA0A9E980002EB830300226F
:1068D00053F8041DB34242EA0102F9D1002A40F004
:1068E000E080059B0CAA013B52F82330002B40F0BE
:1068F000CF80099A012352F8041D01330029FAD0F0
:10690000019AD318029302F10108079B019A03EB45
:10691000080A0AF1804AA39B0AF1FF3A03EB8A0AAC
:10692000089B03F10053013B134420A901EBC30969
:1069300070AB03EBC20301935AF8040F00F02AFC7A
:10694000039B002BE9E902011FDB049E4F46002454
:10695000002501E077E90201F6E9022300F084FC5A
:1069600002460B462046294600F0C8FA5E4504461A
:106970000D46EFD1019BE3E902450193029B08F12B
:1069800001089845D8DD019318E700240025F1E7B8
:1069900040160300ABAAAA2A0000703E0000704116
:1069A000000020406BD1019B0CAA013B52F8235000
:1069B000ED15002D7FF778AF019B002B08F1010842
:1069C00040F3C5810C9C002C51D1019B012B20D0A0
:1069D0000CAB012253F8044F002C4BD0531C0CA9D4
:1069E000C4F1807441F822400199994210DD0CAA4B
:1069F0000CA852F8232000EB830300EB81006FF01A
:106A00007F4100E01A688A1A43F8042B8342F9D1C7
:106A10000124069B002B0EDD012B00F06881022B68
:106A200009D1019B5A1E0CAB0CA953F82230C3F3B9
:106A3000150341F82230022D7FF436AF32463B4633
:106A4000B349002000F058FA06460F46002C3FF4E8
:106A50002BAF069AAE490020FCF7CAFF02460B4650
:106A60003046394600F048FA06460F461CE7012337
:106A70000022B4E7019901328A42ABD1C9E7A54BA4
:106A8000002200F077FE002840F04A8105460BE71F
:106A9000019B03F10108CDF8088036E700240025AA
:106AA00074E6069B0294A3F118010CABCDE90358E0
:106AB00053F824300691224653B9031F0CA803440F
:106AC00053F8040D013A18390028F9D002920691C2
:106AD000069A8F490020FCF78BFF029B002B04468F
:106AE0000D46C0F2DF8103F1010B0CAB03EB8B060B
:106AF0004FEACB030693DFF8209270AB03EBCB0792
:106B00004FF0000856F8040D00F044FB22462B46D7
:106B100000F0AAFB4B4667E902014246204629469F
:106B200000F0A2FB0CAB9E4204460D46EAD1069B48
:106B3000CDF81CB0DDF814B0083B70AA02EB0309D5
:106B4000BBF1000F48AB4FF0000801932EDB6EA3A2
:106B5000D3E90023DFF8C4A14F4600260024002516
:106B600003E0B04510DBFAE90223F7E8020100F088
:106B70007BFB02460B462046294600F0BFF9013652
:106B8000B34504460D46ECDA019B029903EBC803BA
:106B90008845C3E90045A9F108094FEAC80A08F188
:106BA000010206D0BBF1000F9046D0DA0024002588
:106BB000EAE7A29ADDF81CB0022A22DC002A00F3E0
:106BC000FB8017D1A29A069C019D13462C441046C7
:106BD000194674E9022300F091F9A54202460B46DA
:106BE000F5D1039909B103F1004319460B9B1046F7
:106BF000C3E90001049B03F007000DF5197DBDE812
:106C0000F08FA29A032AF5D1029A9B46002A00F03F
:106C100066815BE902672046294632463B4600F022
:106C20006DF9A046A94604460D4622462B4630463D
:106C3000394600F061F94B46424600F05FF9CBE976
:106C400000016BE90245019B5B45E2D1029B012BF0
:106C500040F34581019B5344D3E900459B465BE9E2
:106C600002672046294632463B4600F047F9A046D7
:106C7000A94604460D4622462B463046394600F0CA
:106C80003BF94B46424600F039F9CBE900016BE98C
:106C900002454AAB5B45E2D1019A0AF108040023A0
:106CA000144402F110051A461846114674E90223ED
:106CB00000F024F9A54203460A46F5D103990029BC
:106CC00040F0C4801846019B0B9C1146D3E9022377
:106CD000C4E90223DDE94823C4E90023049BC4E995
:106CE000040103F007000DF5197DBDE8F08F019B4D
:106CF0005A1E0CAB0CA953F82230C3F3160341F80B
:106D0000223098E6AFF3008000000040FB21F93FFD
:106D10000000F03F0000E03F0000703E001603005E
:106D2000019B002B08F10108C8BF02253FF74AAEBE
:106D300032463B466B49002000F0DEF8022506464D
:106D40000F46B1E500216FF017030791CCE4002452
:106D50005FE6069C304639466242CDE90358FCF7AF
:106D600047FE614B002206460F4600F003FD002857
:106D700062D0019B00225D1C18345C4B06943046A7
:106D80003946029500F070FA00F01EFD044600F04E
:106D900001FA554B002200F067FA02460B463046D6
:106DA000394600F0A9F800F00FFD0CAA019B42F84B
:106DB000230042F825408BE6019C002604EBCB0B18
:106DC0003346304619467BE9022300F097F85C45CC
:106DD00006460B46F5D1039A3046002A50D1194693
:106DE0000B9B3246C3E900010B46DDE9480100F088
:106DF00083F80B4602990029024611DD029E48AD38
:106E0000012410461946F5E9022300F077F8013411
:106E1000A64202460B46F4DA039909B103F1004396
:106E200019460B9B1046C3E90201049B03F00700BF
:106E30000DF5197DBDE8F08F3046394600F0C4FCF1
:106E4000019B02930CAA42F8230041E60B9E33619A
:106E5000019B02F1004298681C6872611A465B68E7
:106E600003F10045D36803F10041049BC6E9020128
:106E700003F00700C6E900450DF5197DBDE8F08F68
:106E80000B9A194603F10043536016600B463246D5
:106E9000DDE9480100F030F80B460299002902466E
:106EA000ACDCBBE7A29B022B0DDC002B14DC7FF4D7
:106EB000A1AEA29A134694E6A6F108030493089B98
:106EC000DB0002936BE4A29B032B7FF493AE0023C1
:106ED00048A91A460191F1E6002633467BE70023D4
:106EE0001A46EBE60000F03F000070410000703EE3
:106EF00081F0004102E000BF83F0004330B54FEA6B
:106F000041044FEA430594EA050F08BF90EA020FD7
:106F10001FBF54EA000C55EA020C7FEA645C7FEA6A
:106F2000655C00F0E2804FEA5454D4EB5555B8BF8D
:106F30006D420CDD2C4480EA020281EA030382EAFE
:106F4000000083EA010180EA020281EA0303362D90
:106F500088BF30BD11F0004F4FEA01314FF4801C63
:106F60004CEA113102D0404261EB410113F0004F75
:106F70004FEA03334CEA133302D0524263EB43032C
:106F800094EA050F00F0A780A4F10104D5F1200ECA
:106F90000DDB02FA0EFC22FA05F2801841F1000125
:106FA00003FA0EF2801843FA05F359410EE0A5F1F9
:106FB00020050EF1200E012A03FA0EFC28BF4CF02A
:106FC000020C43FA05F3C01851EBE37101F00045E0
:106FD00007D54FF0000EDCF1000C7EEB00006EEBED
:106FE0000101B1F5801F1BD3B1F5001F0CD3490877
:106FF0005FEA30004FEA3C0C04F101044FEA4452CE
:1070000012F5800F80F09A80BCF1004F08BF5FEA54
:10701000500C50F1000041EB045141EA050130BD34
:107020005FEA4C0C404141EB0101013C28BFB1F546
:10703000801FE9D291F0000F04BF01460020B1FA91
:1070400081F308BF2033A3F10B03B3F120020CDA64
:107050000C3208DD02F1140CC2F10C0201FA0CF042
:1070600021FA02F10CE002F11402D8BFC2F1200CA7
:1070700001FA02F120FA0CFCDCBF41EA0C0190405D
:10708000E41AA2BF01EB0451294330BD6FEA0404A6
:107090001F3C1CDA0C340EDC04F11404C4F1200291
:1070A00020FA04F001FA02F340EA030021FA04F3A3
:1070B00045EA030130BDC4F10C04C4F1200220FAFA
:1070C00002F001FA04F340EA0300294630BD21FA38
:1070D00004F0294630BD94F0000F83F4801306BFFE
:1070E00081F480110134013D4EE77FEA645C18BFF2
:1070F0007FEA655C29D094EA050F08BF90EA020F89
:1071000005D054EA000C04BF1946104630BD91EA80
:10711000030F1EBF0021002030BD5FEA545C05D183
:107120004000494128BF41F0004130BD14F58004C2
:107130003CBF01F5801130BD01F0004545F0FE4136
:1071400041F470014FF0000030BD7FEA645C1ABF6B
:10715000194610467FEA655C1CBF0B46024650EAA2
:10716000013406BF52EA033591EA030F41F40021CE
:1071700030BD00BF90F0000F04BF0021704730B554
:107180004FF4806404F132044FF000054FF0000129
:1071900050E700BF90F0000F04BF0021704730B5EA
:1071A0004FF4806404F1320410F0004548BF4042BF
:1071B0004FF000013EE700BF42004FEAE2014FEA14
:1071C00031014FEA02701FBF12F07F4393F07F4FEF
:1071D00081F06051704732F07F4208BF704793F0F2
:1071E0007F4F04BF41F40021704730B54FF4607405
:1071F00001F0004521F000411CE700BF50EA010208
:1072000008BF704730B54FF000050AE050EA0102B0
:1072100008BF704730B511F0004502D5404261EB20
:1072200041014FF4806404F132045FEA915C3FF461
:10723000D8AE4FF003025FEADC0C18BF03325FEAFE
:10724000DC0C18BF033202EBDC02C2F1200300FAAF
:1072500003FC20FA02F001FA03FE40EA0E0021FAD4
:1072600002F11444BDE600BF70B54FF0FF0C4CF4C2
:10727000E06C1CEA11541DBF1CEA135594EA0C0F74
:1072800095EA0C0F00F0DEF82C4481EA030621EAAF
:107290004C5123EA4C5350EA013518BF52EA0335EA
:1072A00041F4801143F4801338D0A0FB02CE4FF09C
:1072B0000005E1FB02E506F00042E0FB03E54FF0CC
:1072C0000006E1FB03569CF0000F18BF4EF0010EC4
:1072D000A4F1FF04B6F5007F64F5407404D25FEAC0
:1072E0004E0E6D4146EB060642EAC62141EA555173
:1072F0004FEAC52040EA5E504FEACE2EB4F1FD0CB5
:1073000088BFBCF5E06F1ED8BEF1004F08BF5FEA32
:10731000500E50F1000041EB045170BD06F00046E4
:1073200046EA010140EA020081EA0301B4EB5C0491
:10733000C2BFD4EB0C0541EA045170BD41F4801189
:107340004FF0000E013C00F3AB8014F1360FDEBFAE
:10735000002001F0004170BDC4F10004203C35DA8A
:107360000C341BDC04F11404C4F1200500FA05F30D
:1073700020FA04F001FA05F240EA020001F00042AE
:1073800021F0004110EBD37021FA04F642EB060124
:107390005EEA430E08BF20EAD37070BDC4F10C044E
:1073A000C4F1200500FA04F320FA05F001FA04F212
:1073B00040EA020001F0004110EBD37041F10001FE
:1073C0005EEA430E08BF20EAD37070BDC4F1200509
:1073D00000FA05F24EEA020E20FA04F301FA05F271
:1073E00043EA020321FA04F001F0004121FA04F219
:1073F00020EA020000EBD3705EEA430E08BF20EAE9
:10740000D37070BD94F0000F0FD101F00046400022
:1074100041EB010111F4801F08BF013CF7D041EAA4
:10742000060195F0000F18BF704703F000465200A8
:1074300043EB030313F4801F08BF013DF7D043EA79
:107440000603704794EA0C0F0CEA135518BF95EA2F
:107450000C0F0CD050EA410618BF52EA4306D1D1B6
:1074600081EA030101F000414FF0000070BD50EAD5
:10747000410606BF1046194652EA430619D094EA5F
:107480000C0F02D150EA013613D195EA0C0F05D149
:1074900052EA03361CBF104619460AD181EA03019D
:1074A00001F0004141F0FE4141F470014FF0000055
:1074B00070BD41F0FE4141F4780170BD70B54FF0F0
:1074C000FF0C4CF4E06C1CEA11541DBF1CEA135570
:1074D00094EA0C0F95EA0C0F00F0A7F8A4EB050452
:1074E00081EA030E52EA03354FEA013100F0888049
:1074F0004FEA03334FF0805545EA131343EA126312
:107500004FEA022245EA111545EA10654FEA0026C6
:107510000EF000419D4208BF964244F1FD0404F57F
:10752000407402D25B084FEA3202B61A65EB0305DB
:107530005B084FEA32024FF480104FF4002CB6EB98
:10754000020E75EB030E22BFB61A754640EA0C0018
:107550005B084FEA3202B6EB020E75EB030E22BF58
:10756000B61A754640EA5C005B084FEA3202B6EB99
:10757000020E75EB030E22BFB61A754640EA9C0058
:107580005B084FEA3202B6EB020E75EB030E22BF28
:10759000B61A754640EADC0055EA060E18D04FEAE6
:1075A000051545EA16754FEA06164FEAC30343EA86
:1075B00052734FEAC2025FEA1C1CC0D111F4801F53
:1075C0000BD141EA00014FF000004FF0004CB6E74C
:1075D00011F4801F04BF01430020B4F1FD0C88BFEB
:1075E000BCF5E06F3FF6AFAEB5EB030C04BFB6EBF6
:1075F000020C5FEA500C50F1000041EB045170BDE9
:107600000EF0004E4EEA113114EB5C04C2BFD4EB15
:107610000C0541EA045170BD41F480114FF0000E99
:10762000013C90E645EA060E8DE60CEA135594EA15
:107630000C0F08BF95EA0C0F3FF43BAF94EA0C0F18
:107640000AD150EA01347FF434AF95EA0C0F7FF48D
:1076500025AF104619462CE795EA0C0F06D152EAE1
:1076600003353FF4FDAE1046194622E750EA4106C5
:1076700018BF52EA43067FF4C5AE50EA41047FF4D6
:107680000DAF52EA43057FF4EBAE12E74FF0FF3C3B
:1076900006E000BF4FF0010C02E000BF4FF0010C0C
:1076A0004DF804CD4FEA410C7FEA6C5C4FEA430C85
:1076B00018BF7FEA6C5C1BD001B050EA410C0CBFD4
:1076C00052EA430C91EA030F02BF90EA020F002036
:1076D000704710F1000F91EA030F58BF994208BF9D
:1076E00090422CBFD8176FEAE37040F0010070475A
:1076F0004FEA410C7FEA6C5C02D150EA013C07D1B1
:107700004FEA430C7FEA6C5CD6D152EA033CD3D0FB
:107710005DF8040B704700BF8446104662468C46F5
:107720001946634600E000BF01B5FFF7B7FF002828
:1077300048BF10F1000F01BD4DF808EDFFF7F4FF51
:107740000CBF012000205DF808FB00BF4DF808EDDC
:10775000FFF7EAFF34BF012000205DF808FB00BFFF
:107760004DF808EDFFF7E0FF94BF012000205DF821
:1077700008FB00BF4DF808EDFFF7CEFF94BF0120D6
:1077800000205DF808FB00BF4DF808EDFFF7C4FFCF
:1077900034BF012000205DF808FB00BF4FEA410C18
:1077A0007FEA6C5C02D150EA013C0AD14FEA430CFB
:1077B0007FEA6C5C02D152EA033C02D14FF0000038
:1077C00070474FF0010070474FEA410212F5001276
:1077D00015D211D56FF47873B3EB625212D94FEA18
:1077E000C12343F0004343EA505311F0004F23FA02
:1077F00002F018BF404270474FF00000704750EA57
:10780000013005D111F0004008BF6FF00040704713
:107810004FF00000704700BF4A0011D212F500126D
:1078200011D20DD56FF47873B3EB62520ED44FEAD8
:10783000C12343F0004343EA505323FA02F0704758
:107840004FF00000704750EA013002D14FF0FF3096
:1078500070474FF0000070474FEA4102B2F1E04339
:1078600024BFB3F5001CDCF1FE5C0DD901F0004C27
:107870004FEAC0024CEA5070B2F1004F40EB830077
:1078800008BF20F00100704711F0804F21D113F1A3
:107890003872BCBF01F00040704741F480114FEADC
:1078A0005252C2F11802C2F1200C10FA0CF320FA65
:1078B00002F018BF40F001004FEAC1234FEAD32382
:1078C00003FA0CFC40EA0C0023FA02F34FEA4303EC
:1078D000CCE77FEA625307D150EA01331EBF4FF075
:1078E000FE4040F44000704701F0004040F0FE4090
:1078F00040F40000704700BF80F0004002E000BF8D
:1079000081F0004142001FBF5FEA410392EA030F8A
:107910007FEA226C7FEA236C6AD04FEA1262D2EBD4
:107920001363C1BFD218414048404140B8BF5B42D9
:10793000192B88BF704710F0004F40F4000020F072
:107940007F4018BF404211F0004F41F4000121F088
:107950007F4118BF494292EA030F3FD0A2F10102D2
:1079600041FA03FC10EB0C00C3F1200301FA03F110
:1079700000F0004302D5494260EB4000B0F5000F33
:1079800013D3B0F1807F06D340084FEA310102F1F2
:107990000102FE2A51D2B1F1004F40EBC25008BFA4
:1079A00020F0010040EA03007047490040EB00006E
:1079B000013A28BFB0F5000FEDD2B0FA80FCACF16F
:1079C000080CB2EB0C0200FA0CF0AABF00EBC2509C
:1079D00052421843BCBFD0401843704792F0000F8A
:1079E00081F4000106BF80F400000132013BB5E7DD
:1079F0004FEA41037FEA226C18BF7FEA236C21D053
:107A000092EA030F04D092F0000F08BF08467047B7
:107A100090EA010F1CBF0020704712F07F4F04D185
:107A2000400028BF40F00040704712F100723CBF98
:107A300000F50000704700F0004343F0FE4040F4C2
:107A4000000070477FEA226216BF08467FEA236380
:107A50000146420206BF5FEA412390EA010F40F46B
:107A6000800070474FF0000304E000BF10F00043B7
:107A700048BF40425FEA000C08BF704743F096439E
:107A800001464FF000001CE050EA010208BF7047B9
:107A90004FF000030AE000BF50EA010208BF704740
:107AA00011F0004302D5404261EB41015FEA010C55
:107AB00002BF84460146002043F0B64308BFA3F14D
:107AC0008053A3F50003BCFA8CF2083AA3EBC2532F
:107AD00010DB01FA02FC634400FA02FCC2F120024E
:107AE000BCF1004F20FA02F243EB020008BF20F085
:107AF0000100704702F1200201FA02FCC2F12002EB
:107B000050EA4C0021FA02F243EB020008BF20EADF
:107B1000DC7070474FF0FF0C1CEAD0521EBF1CEA0D
:107B2000D15392EA0C0F93EA0C0F6FD01A4480EAFB
:107B3000010C400218BF5FEA41211ED04FF00063E4
:107B400043EA501043EA5111A0FB01310CF0004010
:107B5000B1F5000F3EBF490041EAD3715B0040EA36
:107B6000010062F17F02FD2A1DD8B3F1004F40EB06
:107B7000C25008BF20F00100704790F0000F0CF0D9
:107B8000004C08BF49024CEA502040EA51207F3A9D
:107B9000C2BFD2F1FF0340EAC250704740F4000078
:107BA0004FF00003013A5DDC12F1190FDCBF00F069
:107BB00000407047C2F10002410021FA02F1C2F117
:107BC000200200FA02FC5FEA310040F1000053EAB3
:107BD0004C0308BF20EADC70704792F0000F00F001
:107BE000004C02BF400010F4000F013AF9D040EA07
:107BF0000C0093F0000F01F0004C02BF490011F49B
:107C0000000F013BF9D041EA0C018FE70CEAD15398
:107C100092EA0C0F18BF93EA0C0F0AD030F0004C18
:107C200018BF31F0004CD8D180EA010000F00040CC
:107C3000704790F0000F17BF90F0004F084691F08A
:107C4000000F91F0004F14D092EA0C0F01D14202C4
:107C50000FD193EA0C0F03D14B0218BF084608D18D
:107C600080EA010000F0004040F0FE4040F40000D7
:107C7000704740F0FE4040F4400070474FF0FF0C6A
:107C80001CEAD0521EBF1CEAD15392EA0C0F93EAB1
:107C90000C0F69D0A2EB030280EA010C49024FEA03
:107CA000402037D04FF0805343EA111143EA1013BC
:107CB0000CF000408B4238BF5B0042F17D024FF474
:107CC000000C8B4224BF5B1A40EA0C00B3EB510F4F
:107CD00024BFA3EB510340EA5C00B3EB910F24BF38
:107CE000A3EB910340EA9C00B3EBD10F24BFA3EBBD
:107CF000D10340EADC001B0118BF5FEA1C1CE0D185
:107D0000FD2A3FF650AF8B4240EBC25008BF20F037
:107D1000010070470CF0004C4CEA50207F32C2BF8B
:107D2000D2F1FF0340EAC250704740F400004FF028
:107D30000003013A37E792F0000F00F0004C02BF59
:107D4000400010F4000F013AF9D040EA0C0093F023
:107D5000000F01F0004C02BF490011F4000F013B7D
:107D6000F9D041EA0C0195E70CEAD15392EA0C0FE5
:107D700008D142027FF47DAF93EA0C0F7FF470AF1D
:107D8000084676E793EA0C0F04D14B023FF44CAF60
:107D900008466EE730F0004C18BF31F0004CCAD1F5
:107DA00030F000427FF45CAF31F000437FF43CAF31
:107DB0005FE700BF4FF0FF3C06E000BF4FF0010C53
:107DC00002E000BF4FF0010C4DF804CD4FEA400235
:107DD0004FEA41037FEA226C18BF7FEA236C11D07F
:107DE00001B052EA530C18BF90EA010F58BFB2EB32
:107DF000030088BFC81738BF6FEAE17018BF40F0B2
:107E0000010070477FEA226C02D15FEA402C05D165
:107E10007FEA236CE4D15FEA412CE1D05DF8040BEA
:107E2000704700BF844608466146FFE70FB5FFF77D
:107E3000C9FF002848BF10F1000F0FBD4DF808ED35
:107E4000FFF7F4FF0CBF012000205DF808FB00BF26
:107E50004DF808EDFFF7EAFF34BF012000205DF880
:107E600008FB00BF4DF808EDFFF7E0FF94BF0120CD
:107E700000205DF808FB00BF4DF808EDFFF7D2FFCA
:107E800094BF012000205DF808FB00BF4DF808ED0D
:107E9000FFF7C8FF34BF012000205DF808FB00BFDA
:107EA0004FEA40024FEA41037FEA226C02D15FEAC7
:107EB000402C08D17FEA236C02D15FEA412C02D129
:107EC0004FF0000070474FF0010070474FEA40024A
:107ED000B2F1FE4F0FD34FF09E03B3EB12620DD9F8
:107EE0004FEA002343F0004310F0004F23FA02F062
:107EF00018BF404270474FF00000704712F1610F09
:107F000001D1420205D110F0004008BF6FF00040DF
:107F100070474FF00000704742000ED2B2F1FE4FA2
:107F20000BD34FF09E03B3EB126209D44FEA002348
:107F300043F0004323FA02F070474FF0000070470F
:107F400012F1610F01D1420202D14FF0FF307047B0
:107F50004FF00000704700BF0A22002101F016BD5B
:107F60000A22002101F012BD024B0146186800F000
:107F700003B800BFE08FFF1F2DE9F04F01F10B06A2
:107F8000162E83B0044624D8102900F2BA8000F0DF
:107F9000A3FA102618220220B54F3A44A2F1080194
:107FA00053688B4200F0BA805A68D96822F0030205
:107FB0001A449D68E9608D60516841F001012046D6
:107FC000516003F1080500F08DFA284603B0BDE8C2
:107FD000F08F36F0070600F19480B14200F29180F4
:107FE00000F07AFAB6F5FC7FC0F09A81730A00F0CF
:107FF0008F80042B00F26F81B30903F1390003F184
:10800000380CC3009A4F3B44A3F108055B689D42BE
:1080100006D10CE0002980F22781DB689D4206D062
:108020005A6822F00302911B0F29F3DD60463D6977
:10803000DFF840C265457CD06A6822F00302931BDA
:108040000F2B00F37B81002BC7E904CC80F26C81FD
:10805000B2F5007F80F01A81D308796801334FEAC6
:10806000521E012202FA0EF20A4357F833E0C5F815
:1080700008E007EBC3010839E9607A6047F833503C
:10808000CEF80C50831001219940914257D81142EB
:1080900006D120F003004900114200F10400FAD09B
:1080A00007EBC0094D468646D5F80C80454508D1FA
:1080B0001DE1002B80F22481D8F80C80454500F0AA
:1080C0001681D8F8042022F00302931B0F2BF0DD59
:1080D0002046D8E9025408EB060146F00106C8F82C
:1080E0000460EC60A56043F00104C7E90411C1E934
:1080F00002CC4C6048F8023000F0F4F908F10805B1
:1081000002E00C2323600025284603B0BDE8F08F71
:108110004FF4007340204FF03F0C73E7D3689A424E
:1081200008BF02307FF440AF3D69DFF848C16545C4
:1081300082D17A688310012199409142A7D9BD6804
:108140006B6823F003094E4503D8A9EB06030F2BF8
:108150007ADCDFF824B1494BDBF800201B680132E0
:10816000334405EB090A00F0338103F580530F33E4
:1081700023F47F6828F00F084146204602F03AF8C1
:10818000411C024600F0F380824500F2EE803C4B39
:10819000196841441960084600F04E81DBF8001070
:1081A000019301311BBFA2EB0A010918CBF8002093
:1081B000196012F0070B00F01781CBF108010A4497
:1081C000CBF5805190440831A1EB0801C1F30B0AB3
:1081D00051462046009202F00DF8421CDDE90023D2
:1081E00000F04F81801A00EB0A081968BA6048F065
:1081F00001005144BD425060196000F02981B9F17D
:108200000F0F40F227816868A9F10C0C2CF0070CC5
:1082100000F0010040EA0C0068604FF0050E05EB2D
:108220000C00BCF10F0FC0E901EE00F23281506882
:108230001546144B1A688A4238BF1960124B1A68E7
:108240008A4238BF196094E0AA1943F0010346F04E
:1082500001066E602046BA60536000F043F90835AD
:10826000284603B0BDE8F08FD9681A44A1E600BFE4
:108270003889FF1F4089FF1F408DFF1F40A3FF1F4C
:1082800010A3FF1F38A3FF1F3CA3FF1FB2F5206FF1
:108290004FEA522363D3142B00F2B78003F15C0141
:1082A000C9005B3307EB010E7958AEF1080E8E451D
:1082B00000F091804B6823F00303934202D9896850
:1082C0008E45F7D1D1F80CE07A68C5E9021ECEF8E8
:1082D0000850CD60D6E6142B59D9542B00F29D805E
:1082E000330B03F16F0003F16E0CC3008AE60EF14D
:1082F000010E1EF0030F05F108057FF4D5AE51E025
:10830000424445465368D8F80C1043F001035360CB
:1083100055F8083F2046D9608B6000F0E3F8F3E69B
:10832000F00806F1080237E62A442046536843F075
:1083300001035360083500F0D5F8E5E6A919204699
:1083400046F0010643F001046E60C7E90411C1E97B
:1083500002CC4C60AB5000F0C5F80835D4E6930968
:1083600003F13901C90038339CE7BD425FD0BD68D5
:10837000686820F003084645A8EB060302D80F2BD7
:108380003FF762AF204600F0ADF80025BCE603F1F0
:108390005C0003F15B0CC30034E659F808394B4527
:1083A00040F0968010F0030F00F1FF30F5D17B68AC
:1083B00023EA01037B60490099423FF6C0AE19B938
:1083C000BDE649000EF1040E1942FAD0704667E688
:1083D00003F11008D0E69A104FF001087B6808FA04
:1083E00002F21A437A6070E702EB08014942C1F3D6
:1083F0000B0A51462046009201F0FCFE431CDDE9C9
:1084000000237FF4EFAEDA46EFE6542B25D8130BAA
:1084100003F16F01C9006E3344E7B3F5AA7F25D895
:10842000F30B03F1780003F1770CC300EAE5294B65
:10843000186840441860B1E6CAF30B0CBCF1000F99
:108440007FF4ACAEBD68C84448F001006860F0E657
:108450001546EEE60123536094E7B3F5AA7F23D8CF
:10846000D30B03F17801C90077331BE740F2545274
:10847000934223D8B30C03F17D0003F17C0CC300BD
:10848000C0E5ABF1080BD844A8EB02084FF0000A96
:10849000ABE605F108012046009302F003FABD683F
:1084A000009B68681968C4E640F254518B420BD8AF
:1084B000930C03F17D01C9007C33F3E64FF47E7326
:1084C0007F204FF07E0C9DE54FF47E717E23E9E620
:1084D0007B6870E710A3FF1F014801F0E1BE00BFF9
:1084E00088A4FF1F014801F0DDBE00BF88A4FF1F64
:1084F0002DE9F84F1746002900F098800C4607F147
:108500000B058046FFF7E8FF162D54F8041C5BD8D6
:1085100010252A46AF425CD821F003069642A4F10A
:10852000080962DABC4BD3F808C009EB06008445A1
:1085300000F09780D0F804C02CF0010303445B687E
:10854000DB0768D42CF0030C06EB0C03934247DAEC
:10855000CB0710D454F8083CA9EB030ADAF804302E
:1085600023F003018C44B444944580F211817318C4
:10857000934280F2E88039464046FFF7FDFC07460B
:10858000E0B154F8043C23F001034B44A0F108028D
:10859000934200F0D280321F242A00F2F580132A81
:1085A00000F2AC8003462246116819605168596098
:1085B00092689A602146404602F074F94046FFF7FF
:1085C00091FF3846BDE8F88F25F00705002D2A46B3
:1085D000A0DA0C23C8F8003000273846BDE8F88F31
:1085E0001E46D0E90223D3609A60731B0F2B22D85A
:1085F000D9F8043003F0010333434E44C9F8043082
:10860000736843F00103736040462746FFF76AFF33
:108610003846BDE8F88FC907ADD454F8083CA9EB3B
:10862000030ADAF8041021F00301A0E7BDE8F84FCF
:108630001146FFF7A1BCD9F8042009EB050102F0AF
:1086400001024E4443F001032A43C9F804204B6061
:10865000736843F0010308317360404602F022F969
:10866000D2E7DCF8040020F0030B06EB0B0C05F15D
:10867000100084454DDAC9073FF57DAF54F8081C5A
:10868000A9EB010ADAF8041021F003018B44B3448A
:1086900058453FF76CAF5746DAF80C1057F8080FFB
:1086A000321F242AC160886000F2DB80132A40F266
:1086B000D6802168CAF808106168CAF80C101B2A15
:1086C00000F2DF8008340AF110022168116061684D
:1086D0005160A16891600AEB0501ABEB050242F025
:1086E000010299604A60DAF8043003F001032B4379
:1086F0004046CAF80430FFF7F5FE6EE723680360D2
:10870000636843601B2A68D804F1080200F108037B
:108710004AE709EB05029A60ACEB050343F001035D
:10872000536054F8043C03F001032B43404644F8E3
:10873000043CFFF7D7FE27464FE750F8043C23F0F0
:1087400003031E4451E75746DAF80C1057F8080F98
:10875000321F242AC16088604CD8132A48D9216866
:10876000CAF808106168CAF80C101B2A56D80834D9
:108770000AF110021E462368136063685360A36801
:108780009360D1463C4630E7214601F01FFB11E7DC
:10879000D0E902135746CB60996057F8081FDAF802
:1087A0000C30CB60321F242A99602DD8132A29D986
:1087B0002368CAF808306368CAF80C301B2A42D80C
:1087C00008340AF1100322681A6062685A60A268CD
:1087D0009A606646D1463C4607E7A3688360E36833
:1087E000C360242A26D004F1100200F11003DBE656
:1087F0003A46BFE7214638461E46D14601F0E6FA22
:108800003C46F2E63B46DEE7214638466646D14620
:1088100001F0DCFA3C46E8E63889FF1FA168CAF897
:108820001010E168CAF81410242A20D010340AF17C
:1088300018029FE7236903616169416104F118022D
:1088400000F11803B0E6A368CAF81030E368CAF86C
:108850001430242A21D010340AF11803B3E73A4621
:1088600033E72146384601F0B1FA164B33E7226967
:10887000CAF818206269CAF81C2018340AF12002CC
:1088800078E7A168CAF81010E168CAF81410242A21
:108890000DD010340AF1180217E72369CAF818300E
:1088A0006369CAF81C3018340AF120038BE7226987
:1088B000CAF818206269CAF81C2018340AF120028C
:1088C00003E700BF3889FF1F2DE9F04FA1B08946AB
:1088D000002107921C9100220021CDE9041280465C
:1088E00049461B910F4611F8012B2D2A5ED801A095
:1088F00050F822F08F8A0200AD890200AD89020093
:10890000AD890200AD890200AD890200AD89020087
:10891000AD890200AD890200E3880200E38802000D
:10892000E3880200E3880200E3880200AD890200C8
:10893000AD890200AD890200AD890200AD89020057
:10894000AD890200AD890200AD890200AD89020047
:10895000AD890200AD890200AD890200AD89020037
:10896000AD890200AD890200AD890200AD89020027
:10897000AD890200E3880200AD890200AD890200E2
:10898000AD890200AD890200AD890200AD89020007
:10899000AD890200AD890200AD890200AD890200F7
:1089A00037910200AD890200239102000021099154
:1089B000302A79D0002308932F2A144640F22985C3
:1089C0004FF0000A38465646554612E00130082D51
:1089D0001B90C8BF0AEB8A0A0478C6BF02EB4A02A2
:1089E000A2F1300AA3F130062F2C05F10105224631
:1089F0006BDD06EB8603392C02EB4303E6DDA2496F
:108A0000012201F017FB002834D11B9B1A460133C9
:108A10001B935478002D40F09C85302C40F0478506
:108A2000C3F10102981801331B931C78302CF9D044
:108A3000A4F13103082B00F224831B9F431CA4F1F3
:108A4000300E0A9301253C464FF0000B06EB8606DC
:108A50000EEB46060020631C1B936478A4F13001E2
:108A6000092900F2DC8201308E46002940F0AD84F5
:108A70001B9CF0E70020652CAB460A90864601D08F
:108A8000452C2FD1002D74D1089B034370D1079B37
:108A900013B1079BC3F800904FF0000BD94658461E
:108AA000494621B0BDE8F08F7A7802F0DF02582AFB
:108AB00000F06E8401371B973A78302AFAD0002AEA
:108AC00000F0C7800123089376E76F49012201F087
:108AD000B1FA002800F0D080AB464FF0000ECDF880
:108AE00028E0704600230B93002D00F08E80304666
:108AF000FEF740FB02460B46CDE90423DDE90A23DD
:108B0000BBF1000F08BFAB46102DA3EB02032C46B0
:108B1000A8BF1024092D0C9313DD5C4B03EBC40399
:108B200053E91223FEF7A0FBCDE904015046FEF7FE
:108B300021FB02460B46DDE90401FEF7DFF9CDE932
:108B400004010F2D00F3A8800C9B002B00F0138470
:108B50000C9B40F36B83162B40F3E4840C9AC5F115
:108B60002503934280F20C850C9B2C1B1C4499E03E
:108B70000025DDF86C9009F101031B9399F8014081
:108B80002B2C00F07B822D2C00F0198200230C93FB
:108B9000A4F13003092B00F20D82302C05D11B9B70
:108BA00001331B931C78302CFAD0A4F13103082B2D
:108BB00098D81B9A0B92531C1B93A4F13001547844
:108BC0002F2C09DC00F033BC01331B939CF80140CF
:108BD0002F2CA2F1300106DD01EB8102392C9C46DD
:108BE00004EB4202F0DD0B9A9B1A082B40F31F8422
:108BF00044F61F630B930C9B002B3FF475AF0B9B4C
:108C00005B420B93002D7FF472AF089B034320D18E
:108C1000BEF1000F7FF43BAF692C00F0268400F317
:108C20001E83492C00F021844E2C7FF430AF18496C
:108C30001BA802F049FA00283FF429AF1B9B1B78C0
:108C4000282B00F078851348FAF748FF83468946B9
:108C500002E04FF0000BD946079A0AB11B9B136044
:108C6000099B002B3FF41BAF09F10043994658467E
:108C7000494621B0BDE8F08F1B9B0A905A1C1B92FD
:108C80005C78AB46EAE600BF50160300001A03000A
:108C900060160300241B03000C9B2C1B1C44002C9F
:108CA00040F3008314F00F000AD0BB4901EBC00170
:108CB000DDE90423D1E90001FEF7D6FACDE904018C
:108CC00034F00F0340F06382002308933946009686
:108CD0002B465A46404602F07FFB15900746002877
:108CE00000F04E83DDE90A329B1A0C9A002AA8BFD5
:108CF00000230D9322EAE27200239B4614929A46C7
:108D00007968404602F0E8FA8146002800F02281A6
:108D10003A690232920007F10C010C30F6F7FCFFC1
:108D2000DDE904010A910B461EA901911DA90B90D2
:108D300002460091404602F0FDFE1C90002800F023
:108D4000F8800121404602F0EFFB8246002800F047
:108D500001811D9B002BC0F2F0800D9A149D9E187E
:108D6000089A1E9C9B1A23448C4A013B9342C4F1EF
:108D7000360480F2A380D21A1F2AA4EB020400F367
:108D8000FF80012393400F9300231093089B2544F9
:108D90003444A6421D443346A8BF2346AB42A8BF75
:108DA0002B46002B02DDE41AED1AF61A0D9B002B60
:108DB00000F39F80002C00F3B3800C9B002B00F38A
:108DC000D580002D00F3BD80002E08DD51463246CF
:108DD000404602F0E5FC8246002800F0BB801C996A
:108DE0004A46404602F074FD8346002800F0B280F7
:108DF0000026C368C66051460E9302F049FDB0429A
:108E0000C0F24E8400F0D3835146584602F0F2FE81
:108E100000224FF0804304460D46FEF7A1FC0028D7
:108E200051D00E9B002B00F0D7805D4B11935C4D11
:108E3000059B10960F9300240F9A5A4E5A4B1640DA
:108E40009E4200F0F280089B7BB1B6F1D46F0CD843
:108E5000DDE910014EA3D3E90023FEF781FC0028D1
:108E600040F07D8105F1D6639D1BDDE90A1002F01B
:108E7000D9FD02460B4620462946FEF7F5F9DDE905
:108E80000A32FEF73BF8CDE904010C46089B23B9F2
:108E9000444B23409E4200F0FD801C99404602F066
:108EA00041FA4946404602F03DFA5146404602F03A
:108EB00039FA5946404602F035FA21E701230020ED
:108EC000CDE90F3062E7394B002220462946FEF7F4
:108ED000CBF9CDE910010B460E990246002976D157
:108EE00003F1004312921393059B0F93DDE91245A2
:108EF000A2E751461A46404602F0F2FB824648B3CA
:108F000001461C9A404602F03DFB18B30E901C9996
:108F1000404602F007FA0E9B1C93002C7FF74DAFE2
:108F20001C992246404602F03BFC1C9000287FF42E
:108F300044AFCDF830905E4610E0149A0D9ED51ADD
:108F40000EE749462A46404602F02AFC81460028A0
:108F50007FF43AAFCDF830905E461C98DFF844902D
:108F60002223C8F800304FF0000BC5E04946149AA0
:108F7000404602F0B5FB814600287FF422AFE9E7C6
:108F80000B4AD31A012202FA03F3CDE90F23FDE6BF
:108F90000000C0FFFFFFDF41001A030002FCFFFFDB
:108FA0000000F03F0000F07F0000E07F0000E03FA5
:108FB000E2FBFFFF0023CDF86C900B9394E50123B7
:108FC0000C9309F102031B9399F80240E0E5DDE9F7
:108FD0001023CDE9122387E7DDE90412002940F0D0
:108FE000AD80C2F313030F92002B40F0AD80A44B71
:108FF000002220462946FEF7A9FB002840F0A08267
:10900000A04B204629460022FEF72EF9CDE910019B
:1090100001F1004318901993DDE918450CE7652C20
:109020004FF0010E3FF4A5AD2AE5A2F1547305936C
:10903000DDE904231046194602F0F4FC02460B4613
:1090400020462946FEF710F9DDE90423FDF756FF17
:109050008D4A8E4B0A409A42CDE904017BD90A9A87
:1090600003F154739A4203D10B9B01333FF472AF67
:10907000874A4FF0FF33CDE904320EE700230C930B
:109080009FE7652C00F0E480452C00F0E1804FF074
:10909000010EBAE5109E119D3046294607F020FBCF
:1090A000FEF7B4F80B46024629463046FDF724FF8A
:1090B0000E9D049E45EA060CC4F313065CEA060303
:1090C00004460D4600F0A98067A3D3E90023FEF70C
:1090D0003DFB48B966A3D3E9002320462946FEF7A5
:1090E00053FB00283FF4D9AEDDE904341C98CDF8D9
:1090F00030905E46A1469B460146404602F012F97A
:109100000C99404602F00EF95146404602F00AF929
:109110001599404602F006F93146404602F002F940
:109120009AE501220992791C1B917A78002A3FF472
:10913000AEAC0F463CE400220992F4E7DDE90412EC
:10914000012900F07C810F924D49524D0023CDE959
:109150001031002470E601F15474059496E6DDE9BF
:109160001001FEF759FB012838BF0120FEF702F875
:10917000CDE910010B460E990246002940F070819E
:1091800003F1004316921793DDE916456AE6B3F53D
:109190009A7F00F3F580102B4FEA23143E4B40F3E7
:1091A000E082DDE904019A4608930023994614F011
:1091B000010F09F101094FEA640404D0DAE9002340
:1091C000FEF752F80123012C0AF1080AEFD10BB186
:1091D000CDE90401089B03EBC90A059BA3F1547375
:1091E0000593DDE90423DAE90001FEF73DF8264B9B
:1091F000CDE904010B400A4628498B4200F2C080A9
:10920000A1F580118B4240F2448221494FF0FF3397
:10921000CDE904310023089358E517A3D3E90023CF
:10922000FEF794FA00283FF438AE5DE71633FFF6F8
:1092300033ADDDE90A329A1A194B03EBC203DDE9BB
:109240000401D3E90023FEF739F98346894603E593
:109250004FF0000BCDF828B04FF0010E14E46E2C47
:109260003FF4E5AC13E400BF9535A094FFFFDF3F6A
:1092700035E5AF350000E03F9535A094FFFFCF3FC7
:109280000000F03F0000E03F0000F07FFFFF9F7C08
:10929000FFFFEF7F0000F0BFD81903000000A07CA3
:1092A000001A03003FF410AD644214F00F020AD01C
:1092B000AA4B03EBC203DDE90401D3E90023FEF767
:1092C000FDF8CDE9040124113FF4FEAC1F2C35DC80
:1092D00014F01003DDE9040118BF6A23DFF880925F
:1092E00008930023E20704D5D9E90023FDF7BCFF6A
:1092F0000123641009F10809F4D10BB1CDE904018F
:10930000089B93B1DDE90401C1F30A52C2F16B037A
:10931000002B0ADD1F2B40F34C820020342B0490DD
:1093200040F360824FF05C730593DDE90401002295
:109330000023FEF701FA00283FF4C8AC22234FF0C7
:10934000000BC8F80030D94686E41E9A049203F256
:1093500033421F9B23F4801343EA02530593E00535
:1093600002D543F0004305937E4A1A401AB900F033
:1093700069FF22230360DDE904349B46A1466BE4C8
:109380002223DFF8E091C8F800304FF0000B63E4CF
:109390000293099B01931CAB0093734A1DAB1BA95D
:1093A000404601F0D7FB10F00F0504463FF451ACE6
:1093B000062D7FD1079B0137002B3FF46DAB4FF09B
:1093C000000B1F60D946FFF76ABB0A9B1B9C034436
:1093D0000A93012805F101031A4615D0284400F12B
:1093E000FF3C03E046009C450DD001332A46082A85
:1093F0001D4606EB8600F5D9102BDCBF0AEB8A0A66
:109400004FEA4A0AEFE70232082D46DC1546FFF71D
:109410001DBB56490122384600F00CFE002878D0CA
:109420004FF0000BDA465E465D46FFF756BB44F64A
:109430001F639942A8BF19460B91FFF7DCBBDDE91A
:1094400004340F94002C7FF47FAECDF830905E464C
:1094500022234FF0000B1C98C8F80030D9464BE689
:10946000DDE91023CDE916238EE641491BA801F062
:109470002BFE00283FF40BAB1B9B3E49013B1BA876
:109480001B9301F021FE10B91B9B01331B93DFF8E6
:10949000D4904FF0000BFFF7DFBB102ADCBF0AEBC4
:1094A0008A0A01EB4A0A15460020FFF7D4BA0020C9
:1094B000FFF7BEBA1C9A3AB135211EA802F0C4FBD0
:1094C0001C99404601F02EFF013D1D9B042D00F22A
:1094D000A18101A252F825F04B93020009950200E8
:1094E00003950200ED9402004B9302004FF0FF330E
:1094F0006FF00045CDE90435E3057FF53CAF059BF2
:109500002FE7184B0593F7E71E9B04931F9B0593CA
:1095100025E71B9B1A4601331B9354780646824667
:10952000FFF77BBA0C980D4901EBC001DDE904237C
:10953000D1E90001FDF798FE83468946FFF78CBB11
:109540000D4B0E4C11930E9B10930023CDE9183454
:1095500062E5AB460A90FFF781BA00BF001A03002C
:10956000901603000000F07F6416030050160300FD
:1095700054160300581603000000E03F0000E0BF4F
:10958000A54CC5F10F0504EBC501DDE90423D1E9C4
:109590000001FDF769FE0C9B5D1B04EBC504D4E9DB
:1095A0000023FDF761FE83468946FFF755BB0E9BFE
:1095B000CDF830905E46109FDDE90A9B002B00F04D
:1095C000AA80DDE90445954BC5F3130199422A466B
:1095D0003BD0002F00F0A880DDE904231F421C4689
:1095E00021D00E9B58464946002B00F0BE8002F069
:1095F00019FA089D02460B467DB1C4F30A54C4F122
:109600006B04002C09DD240504F17F53002203F5CF
:109610004013FDF729FE02460B4658464946FDF722
:109620006DFC83468946089B6BB17D4B5846494685
:109630000022FDF719FE7B4B0B408946834613B988
:109640002223C8F800301C9856E5089B0499002B8B
:1096500000F0B780734B2B40B3F1D46F00F2B180B0
:109660001B0DC3F16B034FF0FF3000FA03F3994277
:10967000AFD16D4B9A4200F0C8806A4B134003F59E
:109680008013059300230493DDE904349B46A1462F
:10969000C9E702F15473059300230893FFF716BB43
:1096A000DDE904010E9BCDF8309003435D465E4634
:1096B000DDE90A9BB7D1C1F313030C46002BB2D1ED
:1096C00021F000431B0D1B05B3F1D66FABD96B69BD
:1096D00013B92B69012BA6DD31460122404602F069
:1096E0005FF85146064602F0D3F800289BDD089B40
:1096F000002B7FD14B4B2340A3F580136FEA13530C
:109700006FEA035305934FF0FF330493DDE904340C
:109710009B46A14687E7DDE90412C2F313030B431E
:1097200014467FF456AFE2E7DDE904340F9A1A429B
:109730003FF479AF55E73D491BA81EAA01F0DEFCB6
:1097400005287FF480AA1F9B43F0FF4343F4E00306
:1097500005931E9B0493DDE904349B46A146FFF765
:109760007BBA08934FF0000934E502F05BF9089DDD
:1097700002460B4645B3C4F30A54C4F16B04002CF3
:1097800009DD240504F17F530E9A03F54013FDF71C
:109790006BFD02460B4658464946FDF7ADFB0022DD
:1097A000002383468946FDF7C7FF00283FF43DAFFD
:1097B0004EE64FF0FF3202FA03F3049A1A40049285
:1097C000B3E54FF0FF3352E758464946FDF794FBA7
:1097D0000022002383468946FDF7AEFF00283FF4B0
:1097E00032AF35E6C2F14B024FF0FF3393400B40EE
:1097F00005939AE50B4B2340B3F1D66F3FF77CAF4F
:10980000B3F15C7F3FF711AF22E601317FF435AF52
:10981000FFF7A3BB0023A2E5001A0300FFFF0F0020
:10982000000050390000F07FFFFFEF7F7816030043
:1098300010B4044C044B84460A46206810BC6146B0
:10984000FFF742B8E08FFF1F548DFF1F012B2DE95A
:10985000F84F41D0242B1F463ED880464A488E46BA
:1098600075461EF801BB10F80B4014F00804F7D140
:10987000BBF12D0F71D0BBF12B0F08BF9EF800B0CC
:109880006FF0004908BF05F1020E002B42D0102BEB
:1098900055D0B9FBF7F60025284607FB169A05E0D8
:1098A00033D007FB00C001251EF801BBABF1300C23
:1098B000BCF1090F06D9ABF1410CBCF1190F12D85C
:1098C000ABF1370C634517DDB5F1FF3FECD08642B5
:1098D000E6D24FF0FF35E7E700F0B4FC1623036053
:1098E0000020BDE8F88FABF1610CBCF1190F03D873
:1098F000ABF1570C6345E7DC6B1C25D084B9002A1B
:10990000EFD095BB1160BDE8F88FE245C9DA4FF0A2
:10991000FF35C9E7BBF1300F04D00A273B46B8E753
:109920004042ECE79EF8003003F0DF03582B20D1D3
:1099300010279EF801B03B460EF1020EA9E7BBF1DD
:10994000300F19D01F46A4E72223C8F8003072B1A7
:109950000EF1FF3148461160D5E79EF800B04FF098
:10996000004905F1020E01248FE78146F0E74846E1
:10997000B7E708273B468CE79EF8000000F0DF00C1
:109980005828D5D01F4684E7B916030010B4044CFC
:1099900084461346206810BC0A466146FFF756BF4E
:1099A000E08FFF1F2DE9F04707464C480E4635462D
:1099B00016F801EB10F80EC01CF0080CF7D1BEF140
:1099C0002D0F5AD0BEF12B0F03BF96F800E064466E
:1099D000AE1C64465BB1102B54D04FF0FF38B8FB7F
:1099E000F3F803FB08FA6FEA0A0A994608E0BEF1A9
:1099F000300F5AD00A23DFF8E8804FF0050A994665
:109A00000025284605E02CD009FB00C0012516F8EA
:109A100001EBAEF1300CBCF1090F06D9AEF1410CEF
:109A2000BCF1190F0BD8AEF1370C634510DDB5F161
:109A3000FF3FECD04045E6D94FF0FF35E7E7AEF108
:109A4000610CBCF1190F03D8AEF1570C6345EEDC85
:109A50006B1C0BD004B140420AB165B91160BDE87E
:109A6000F087D445D0DD4FF0FF35D0E722233B60AF
:109A70002846002AF3D0711EF0E796F800E0012492
:109A8000AE1CA7E7BEF1300F21D1307800F0DF0027
:109A9000582816D14FF0100996F801E04FF00F0A40
:109AA00002366FF070484B46AAE7337803F0DF03C5
:109AB000582BEFD008234FF0070A6FF06048994603
:109AC0009EE799466FF070484FF00F0A98E74FF005
:109AD0000F0A6FF07048994692E700BFB91603006D
:109AE0009999991910B4044C84461346206810BC07
:109AF0000A466146FFF756BFE08FFF1F13460A462E
:109B00000146022000F02ABE70B50C4682B0154610
:109B10001E46FDF751FB2246002400962B46019479
:109B200002F0FEF802B070BD024B0344587800F01A
:109B300044007047B8160300024A0349034800F086
:109B4000BBB800BF488DFF1F69D90200C08EFF1F40
:109B50000C4B4168994210B5044601D003F004FF54
:109B6000A168094B994202D0204603F0FDFEE1684E
:109B7000064B994204D02046BDE8104003F0F4BEE5
:109B800010BD00BF44A3FF1FACA3FF1F14A4FF1F01
:109B90002DE9F8432A4C2B4B2B48DFF8B090DFF827
:109BA000B0802C4F1860002504230822294604F1B8
:109BB0005C00294E6566C4E90253C4E90055C4E956
:109BC0000455A56100F07EF9244B636708222946FD
:109BD00004F1C400C4E90749C4E90987C4E91A5576
:109BE000C4E91E55C4F8CC502567C4F88050E6621D
:109BF00000F068F91A4BC4F8DC30294604F1680318
:109C0000082204F59670C4F88430C4E92298C4E9A7
:109C10002476C4E93455C4E93855C4F83451C4F83D
:109C2000D850C4F8E85000F04DF904F1D003C4E96D
:109C30003C98C4E93E76C4F8EC30BDE8F88300BF38
:109C400044A3FF1F7CA4FF1F399B0200419D02001B
:109C5000659D0200A59D0200C59D0200090001004E
:109C60001200020010B504460A4800F019FB636BAD
:109C700023B9094B094A1B68626323B1BDE8104050
:109C8000044800F00FBBFFF783FFBDE81040014818
:109C900000F008BB8CA4FF1F7CA4FF1F519B020097
:109CA000014800F0FDBA00BF8CA4FF1F014800F07E
:109CB000F9BA00BF8CA4FF1F2DE9F84380460F4678
:109CC00016464FF00009D6E90154013D11D4A3898D
:109CD000012B05F1FF3508D9B4F90E3001332146C7
:109CE00003D04046B84749EA00096B1C04F16804F8
:109CF000EDD13668002EE6D14846BDE8F88300BFB6
:109D00000EB410B59DB06FF000411FABCDE9060158
:109D10000491094953F8042B0290084C08680193F8
:109D200002A9059402F04EF8029B00221A701DB0A1
:109D3000BDE8104003B07047E08FFF1F0802FFFF2F
:109D400010B50C46B1F90E1000F03EFA002803DB06
:109D5000236D0344236510BDA38923F48053A3819D
:109D600010BD00BF2DE9F0410C46B1F90C101F46A3
:109D7000CB05054616460BD421F48051A1813B4604
:109D8000B4F90E1032462846BDE8F04100F044BA5E
:109D9000B4F90E100223002200F000FAB4F90C10FE
:109DA000EAE700BF10B50C46B1F90E1000F0F6F965
:109DB000A389421C0EBF23F4805343F480532065D3
:109DC000A38110BDB1F90E1000F0D6B988420DD9AB
:109DD0008B1883420AD900EB020CBAB1624613F821
:109DE00001CD02F801CD9942F9D170470F2A0ED862
:109DF000034602F1FF3C4AB10CF1010C013B8C44DB
:109E000011F8012B03F8012F6145F9D1704740EAA1
:109E100001039B0750D1A2F1100370B501F1200C92
:109E200023F00F0501F1100E00F11004AC441B09E2
:109E30005EF8105C44F8105C5EF80C5C44F80C5C56
:109E40005EF8085C44F8085C5EF8045C44F8045C66
:109E50000EF1100EE64504F11004E9D1013312F0C1
:109E60000C0F01EB031102F00F0400EB031327D0DA
:109E7000043C24F003064FEA940C1E441C1F8E463B
:109E80005EF8045B44F8045FB442F9D10CF10104BC
:109E900002F0030203EB840301EB840102F1FF3CB7
:109EA0004AB10CF1010C013B8C4411F8012B03F871
:109EB000012F6145F9D170BD02F1FF3C03469BE7DC
:109EC0002246EBE7830730B548D0541E002A3FD026
:109ED000CAB2034601E0013C3AD303F8012B9D07C7
:109EE000F9D1032C2DD9CDB245EA05250F2C45EA31
:109EF000054536D9A4F1100222F00F0C03F1200E13
:109F0000E6444FEA121C03F1100242E9045542E90B
:109F1000025510327245F8D10CF1010214F00C0F09
:109F200003EB021204F00F0C13D0ACF1040323F086
:109F300003030433134442F8045B9342FBD10CF057
:109F400003042CB1C9B21C4403F8011B9C42FBD191
:109F500030BD64461346002CF4D1F9E7034614469D
:109F6000BFE71A46A446E0E711F0FF01034644D0DC
:109F7000820732D110B5046841EA012E4EEA0E4E36
:109F80008EEA0402A2F1013323EA0203A4F10132B2
:109F900022EA0402134313F0803F0FD150F8044F1C
:109FA00084EA0E0CA4F10133ACF1013223EA04037C
:109FB00022EA0C02134313F0803FEFD0037823B959
:109FC00036E010F8013F002B32D09942F9D110BD94
:109FD0008A4211D09A071846CCD0184613F8012BA4
:109FE000002AF5D1104670479907184607D0184641
:109FF00001330278002AF7D170478207F7D102684F
:10A00000A2F1013323EA020313F0803F08D150F894
:10A01000042FA2F1013323EA020313F0803FF6D0AC
:10A020000378002BE8D010F8013F002BFBD17047DC
:10A03000184610BD002A3ED040EA01039B0730B508
:10A0400084462FD1032A2DD90B4608E0043A8446D2
:10A05000194625D01EF0803F22D1032A22D9046858
:10A06000194653F8045BA4F1013EAC4284462EEA43
:10A07000040E00F10400E9D09CF800000C78A04226
:10A080001BD1E64668B11EF8010F11F8014FA2EB93
:10A090000E03A04203F1FF330FD11CEB0303F1D1F8
:10A0A000002030BD9CF800000C78844205D1012AC4
:10A0B000F6D0E646E6E710467047001B30BD00BF0D
:10A0C00040EA01039B0730B501D1032A0FD884462B
:10A0D00001F1FF3E07E01EF8011F03F8011B541EAB
:10A0E000C1B19C4622466346002AF4D130BD0B46DE
:10A0F0008446194653F8045BA5F1013424EA0504AB
:10A1000014F0803FE4D1043A032A4CF8045B19466A
:10A11000EFD8DDE79444002CE8D003F8011B634539
:10A12000FBD130BD41EA00029207034615D10A680F
:10A13000A2F1013020EA020010F0803F0DD101F1C0
:10A14000040C43F8042B61465CF8042BA2F10130A7
:10A1500020EA020010F0803FF3D011F8012B1846DE
:10A1600003F8012B002AF8D1704700BF014B93F888
:10A1700028017047548DFF1F38B5074D0022044653
:10A1800008462A60F5F7E2FE431C00D038BD2B6874
:10A19000002BFBD0236038BD80A4FF1F38B50C46D0
:10A1A000084D8446114620461A4600232B6064461B
:10A1B000F5F7D8FE431C00D038BD2B68002BFBD030
:10A1C000236038BD80A4FF1F38B50C46084D844677
:10A1D000114620461A4600232B606446F5F7B4FE6C
:10A1E000431C00D038BD2B68002BFBD0236038BD4A
:10A1F00080A4FF1F38B5074D0022044608462A6098
:10A20000F5F78CFE431C00D038BD2B68002BFBD02B
:10A21000236038BD80A4FF1F38B50C46084D844626
:10A22000114620461A4600232B606446F5F7DAFBF8
:10A23000431C00D038BD2B68002BFBD0236038BDF9
:10A2400080A4FF1F014B1868704700BFE08FFF1FFD
:10A2500070B50D4E0D4D761BB61006D0002455F886
:10A26000043B01349847A642F9D1094E094D761BAB
:10A2700007F0B8FCB61006D0002455F8043B0134B2
:10A280009847A642F9D170BDF01B0300F01B0300F4
:10A29000941C0300F01B0300704700BF704700BF11
:10A2A000704700BF704700BFFFFFFFFFFFFFFFFFCA
:10A2B000FFFFFFFFFFFFFFFFFFFFFFFFFFFFFFFFAE
:10A2C000A2EB0300704700BF02780B78012A28BF79
:10A2D0009A42F5D16DE9044540EA0104CDE90267EF
:10A2E0006FF0000C4FEA447212B380EA010414F0DC
:10A2F000070F6AD100F0070420F0070004F00305FF
:10A3000021F007014FEAC505F0E8042314F0040F1B
:10A31000F1E804670CFA05F462EA040266EA04064E
:10A320000AD063EA0403624667EA0407664603E06C
:10A33000F0E80423F1E8046782FA4CF582EA0604A7
:10A34000A4FA8CF46CBB83FA4CF583EA0705A5FAF2
:10A350008CF595B950E9022351E9026782FA4CF570
:10A3600082EA0604A4FA8CF483FA4CF583EA070522
:10A37000A5FA8CF52543DBD09CB92DBAB5FA85F446
:10A3800024F0070427FA04F1DDE9026723FA04F355
:10A3900003F0FF0001F0FF01FDE80445A0EB010020
:10A3A000704724BAB4FA84F424F0070426FA04F1BE
:10A3B000DDE9026722FA04F202F0FF0001F0FF017A
:10A3C000FDE80445A0EB0100704714F0030F3CD1F9
:10A3D00010F0030428D150F8082B51F8083B82FAFA
:10A3E0004CF582EA0305A5FA8CF55DB950F8042C0A
:10A3F00051F8043C82FA4CF582EA0305A5FA8CF583
:10A40000002DE8D02DBAB5FA85F424F0070423FA1C
:10A4100004F122FA04F202F0FF0001F0FF01FDE86E
:10A420000445A0EB010070474FEAC40420F003008C
:10A4300050F8082B21F0030151F8083B0CFA04F402
:10A4400062EA040263EA0403C9E710F003041AD0C5
:10A45000A1EB040120F00300E40750F8042B06D020
:10A460000FD28B785FFAA2F4E41A06D12BB1CB7825
:10A470005FFAB2F4E41A00D11BB920465DF8104B24
:10A48000704701F1040150F8042BCC0721F00301BF
:10A4900051F8043B48D824D222F07F4482FA4CF58C
:10A4A00094EA1325A5FA8CF50AD165B951F8043B55
:10A4B00084EA0204B4EB036F0ED150F8042BEBE7EF
:10A4C0004FEA132355E035F07F454DD10878FDE87C
:10A4D0000445C0F1000070474FEA126203F0FF0329
:10A4E00047E002EA1C4482FA4CF594EA1345A5FAC7
:10A4F0008CF50AD165B951F8043B84EA0204B4EB47
:10A50000034F0CD150F8042BEBE74FEA134330E034
:10A5100015EA1C4528D10B884FEA124229E04FEA80
:10A52000124203EA1C4324E002F0FF0482FA4CF5D5
:10A5300094EA1365A5FA8CF50AD165B951F8043B84
:10A5400084EA0204B4EB032F09D150F8042BEBE7A3
:10A550004FEA13630DE015F0FF0F05D10B684FEACA
:10A56000122223F07F4304E04FF00000FDE8044591
:10A57000704712BA1BBA82FA4CF482EA0304A4FAB6
:10A580008CF5B5FA85F402FA04F203FA04F34FEA03
:10A590001260FDE80445A0EB1360704780EA0102F9
:10A5A000844612F0030F4FD111F0030F32D14DF852
:10A5B000044D11F0040F51F8043B0BD0A3F101320C
:10A5C0009A4312F0803F04BF4CF8043B51F8043B1F
:10A5D00016D100BF51F8044BA3F101329A4312F097
:10A5E000803FA4F101320BD14CF8043BA24312F09E
:10A5F000803F04BF51F8043B4CF8044BEAD023469B
:10A600000CF8013B13F0FF0F4FEA3323F8D15DF84C
:10A61000044B704711F0010F06D011F8012B0CF814
:10A62000012B002A08BF704711F0020FBFD031F88C
:10A63000022B12F0FF0F16BF2CF8022B8CF8002013
:10A6400012F47F4FB3D1704711F8012B0CF8012B96
:10A65000002AF9D1704700BFFFFFFFFFFFFFFFFF98
:10A66000FFFFFFFFFFFFFFFFFFFFFFFFFFFFFFFFFA
:10A67000FFFFFFFFFFFFFFFFFFFFFFFFFFFFFFFFEA
:10A6800090F800F06DE9024520F007016FF0000C32
:10A6900010F0070491F820F040F049804FF00004DA
:10A6A0006FF00700D1E9002391F840F000F10800B5
:10A6B00082FA4CF2A4FA8CF283FA4CF3A2FA8CF3ED
:10A6C0004BBBD1E9022382FA4CF200F10800A4FA54
:10A6D0008CF283FA4CF3A2FA8CF3E3B9D1E90423A8
:10A6E00082FA4CF200F10800A4FA8CF283FA4CF3DF
:10A6F000A2FA8CF37BB9D1E9062301F1200182FA99
:10A700004CF200F10800A4FA8CF283FA4CF3A2FA9E
:10A710008CF3002BC6D0002A04BF04301A4612BAAC
:10A72000B2FA82F2FDE8024500EBD2007047D1E9AF
:10A73000002304F00305C4F100004FEAC50514F03E
:10A74000040F91F840F00CFA05F562EA05021CBF0F
:10A7500063EA050362464FF00004A9E72DE9F047DC
:10A76000DFF874A00646DAF8000098460F469146D6
:10A77000FFF796FD194B1C6824B365681F2D24DC78
:10A780005EB96B1C0235DAF80000636044F825708E
:10A79000FFF788FD0020BDE8F08704EB8501012369
:10A7A000C1F88890D4F88821AB401A43022EC4F82F
:10A7B0008821C1F80881E4D1D4F88C211A43C4F867
:10A7C0008C21DEE7064C1C60D7E7DAF80000FFF7C3
:10A7D00069FD4FF0FF30DEE7E48FFF1F20A6FF1F6B
:10A7E00090A4FF1F024B13B1024800F005B8704758
:10A7F00000000000ADDB0200002301461A461846A7
:10A80000FFF7ACBFF8B5244F0C460646FDF764FED3
:10A81000BB685D68C4F57E610F3125F003054B19F7
:10A8200023F47F6323F00F03A3F58054B4F5805F16
:10A8300007DB00213046FFF7DDFCBB682B44984264
:10A8400004D03046FDF74EFE0020F8BD6142304690
:10A85000FFF7D0FC01300DD0104ABB682D1B45F02E
:10A8600001055D60136830461B1B1360FDF73AFE5F
:10A870000120F8BD00213046FFF7BCFCBA68831AFE
:10A880000F2BDEDD43F001035360054B03491B68CA
:10A89000C01A0860D5E700BF3889FF1F10A3FF1F4B
:10A8A000408DFF1F002961D0F8B50C460646FDF724
:10A8B00013FE54F8042C7B4FA4F1080522F001018B
:10A8C00005EB010CB868DCF80430604523F00303A5
:10A8D00000F08B80D207CCF8043032D454F8082C26
:10A8E000AD1A1144AA6807F1080082426AD00CEB45
:10A8F0000304D4F804E0EC68D4601EF0010FA260F9
:10A9000000F0978041F001036B60CCF80010B1F5C6
:10A91000007F35D27868CB080122490901338A408B
:10A92000024357F833107A6007EBC302083AC5E9CF
:10A93000021247F83350CD603046BDE8F840FDF7CD
:10A94000D1BD0CEB03025268D00710D4194407F1B3
:10A950000800DCF80830834273D0DCF80C20DA60A1
:10A96000936041F001036B606950D0E7704741F09C
:10A970000103B1F5007F44F8043CCCF80010C9D3C2
:10A98000B1F5206F4FEA512348D28B0903F139000A
:10A9900003F13802C300F818FB580838984259D020
:10A9A0005A6822F003028A4202D99B689842F7D182
:10A9B000D868C5E902308560DD603046BDE8F84002
:10A9C000FDF790BD0CEB03025268D20763D40B4431
:10A9D000DCE90212CA60916043F001026A6030460D
:10A9E000EB50BDE8F840FDF77DBD0B44D10707D41F
:10A9F00054F8082CAD1A1344D5E90212CA609160CC
:10AA000043F001026A60284ABD6012689A4293D8F6
:10AA1000264B30461968FFF7F5FE8DE7142B0AD94F
:10AA2000542B1FD80B0B03F16F0003F16E02C30010
:10AA3000B1E719448DE703F15C0003F15B02C30049
:10AA4000A9E741F00103C7E90455C5E902006B60BD
:10AA5000695071E779689210012404FA02F20A43FE
:10AA60007A60A6E7B3F5AA7F06D8CB0B03F178008E
:10AA700003F17702C3008EE740F25452934206D8A6
:10AA80008B0C03F17D0003F17C02C30083E74FF4DC
:10AA90007E737E227FE741F001036B60CCF80010EB
:10AAA0004AE700BF3889FF1F448DFF1F40A3FF1FE7
:10AAB0002DE9F0410469B4EB611F2FDD00F1140EA4
:10AAC0004E1111F01F0C0EEB84050EEB86032BD0FC
:10AAD0005EF8261004339D4221FA0CF1CCF12008D7
:10AAE00018D977461A6802FA08F20A4347F8042B85
:10AAF00053F8041B9D4221FA0CF1F3D8A31B9B00D1
:10AB0000053B9B0801330EEB83044EF82310C9B1BB
:10AB1000043417E0416174460029F9D10023036130
:10AB200000234361BDE8F0819D4288BF00F110021F
:10AB3000F4D953F8041B42F8041F9D42F9D8A41B12
:10AB40000EEB8404A4EB0E039B1074450361E7D065
:10AB5000BDE8F0812DE9F04F0C688A46A17885B0F8
:10AB6000302900909346029340F0C4816FF00100B9
:10AB7000001BE21C8318144612F8011B3029F9D07F
:10AB8000DFF8C48218F80120002A00F0DE80227865
:10AB9000002718F802203D4626462AB116F8012F54
:10ABA00018F80220002AF9D1A84901930122304661
:10ABB000FFF740FA019B814600284CD0002D4DD173
:10ABC0003278A94602F0DF02502A35464FD0CAF843
:10ABD0000060002F68D12B1B013B072B394604DD99
:10ABE0005B10072B01F10101FADC009800F074FB07
:10ABF0008246002800F05A8200F11406AC42019609
:10AC000080F0C8810027CDF80C909049A1463C46C1
:10AC10000CE0202F19D0384604372A7818F8022083
:10AC200002F00F02824014434D4545D015F8012D26
:10AC30002E2AEED14D45ECD301222846FFF7FAF932
:10AC400082490028F0D0202FE5D1002046F8044B9F
:10AC500004270446E1E7002D00F03981327802F044
:10AC6000DF02AD1B502A4FEA85093546AFD16A781D
:10AC70002B2A00F01D812D2A00F09D806E1C0020E3
:10AC800018F802104A1E182A00F29380727818F8F9
:10AC9000022010390136002A54D100B149428944BA
:10ACA000CAF80060002F96D0002B14BF002506259F
:10ACB000284605B0BDE8F08FDDF80C90234646F835
:10ACC000043B1846019BF61AB610CAF8106000F053
:10ACD000DBFB7601DBF80040361AA6426FDCC0F2DF
:10ACE000E9800027DBF808304B45C0F24A81DBF8E9
:10ACF00004304B4546DDA3EB09094C457CDCDBF811
:10AD00000C20022A00F05E81032A00F07A81012AD9
:10AD100000F068810098514600F004FB50250E9A1F
:10AD200000232846136005B0BDE8F08F01EB8101D8
:10AD300002EB4102A2F1100116F8012F18F80220CF
:10AD4000002AAAD0192AF1DDA7E740490193012280
:10AD50002046FFF76FF9019B00286BD1617818F846
:10AD60000120651C002A67D030292C4605D114F833
:10AD7000013F302BFBD018F80320B2FA82F77F098D
:10AD8000012309E7012557B1DBF80C30022B5FD016
:10AD9000032B61D0012B00F0828045F010050E9B43
:10ADA000C3F800A0029B2846C3F8009005B0BDE898
:10ADB000F08F2E460BE70120AA78AE1C60E7361B09
:10ADC0003146504600F06EFF074678B1721E5311AF
:10ADD0000199012751F8231002F01F0307FA03F32A
:10ADE0000B4203D0BA4200F3E080022731465046BE
:10ADF000B144FFF75DFE75E709F1FF35002F40F024
:10AE0000CC80002D40F0CB806B11019A05F01F051E
:10AE100052F823200123AB4013424946504618BF45
:10AE200047F00207A4EB0904FFF742FE0225DBF816
:10AE30000490A8E72178254601F0DF01502900F0B1
:10AE4000BD80CAF800502FE77818030050160300A1
:10AE50000F9BC3F101030F930F9B002B9DD0DAF8DA
:10AE60001070DDF80480BA004346019208EB8700B9
:10AE7000002103E0984243F8041C3ED91E4653F8D3
:10AE8000042BB2F1FF3FF5D00132022D326000F009
:10AE9000BD8014F01F0440F0E38021257FE7BA074E
:10AEA0007FF57BAF019B1B681F43FB07D7D474E77B
:10AEB000002081E7A21B51460098A9EB020900F08F
:10AEC0006FFC00F114038246019300270AE77278B1
:10AED00018F80200711C002800F09F800D4611F840
:10AEE000012F18F802000028F8D1751B4FEA8509D8
:10AEF0000E4667E60234002342E6DAF808309F4245
:10AF000080F28D803B460AEB830201210133022D42
:10AF1000CAF81030516179D09F42BADA002B40F361
:10AF20009880DAF8142008EB83030AF118008342B2
:10AF30004FEA520240F2AE804446016842EAC172D2
:10AF400044F8042B50F8042B83424FEA5202F4D801
:10AF5000A3EB0A03193B9B08013348F8232008EBB5
:10AF60008303002A40F09A80A3EB08029210434525
:10AF7000CAF8102070D0DBF8083009F101094B4500
:10AF80008BDA0098514600F0CDF90E9A0023136039
:10AF9000A3258DE6019E002391E6012734E729468B
:10AFA000504600F07FFE07462EE7B11E504600F0E7
:10AFB00079FE00283FF419AF032717E74FF0000987
:10AFC000012754E60F9A002A7FF4A4AE02990B6081
:10AFD000019B0122CAF810201A600E9B6225C3F85B
:10AFE00000A065E64C457FF495AE012CEED0611EC5
:10AFF000504600F057FE00283FF48CAEDBF80430DA
:10B00000E4E70F9A002A3FF485AEDFE7DBF8003073
:10B01000013BA34232D02225C1E60E46D2E5DAF842
:10B0200004100098013100F057F90646C0B3DAF871
:10B03000103002339A000AF10C010C30F4F76CFE68
:10B040005146009800F06EF906F114083369B246D3
:10B0500059E70023CAF810300023CAF814308AE7F1
:10B06000019B4344C4F1200453F8040C00F00CFA93
:10B07000A042BFF612AFDAF810304FE7631104F0C8
:10B080001F0458F823200123A34013420CBF22259C
:10B09000212584E6C8F8002043466AB1043363E7FB
:10B0A000074B08483246842102F0EAFD044B05486C
:10B0B0005246E42102F0E4FDCAF81020CCE700BFBC
:10B0C000001803001418030010B4046809E014F811
:10B0D000013FA3F1410CBCF1190F98BF20339342FB
:10B0E00008D111F8012B002AF1D1013404600120AC
:10B0F00010BC7047002010BC704700BF2DE9F04F16
:10B10000096885B04B1111F01F01029002EB830317
:10B11000039140F08F801D1F0193029B01991C68D1
:10B12000002341F8043C61780134002900F0988044
:10B13000DFF87491A846AC469A461E460EE02029D8
:10B1400000F28C80564506DDC44501D2072B5BDD3D
:10B15000624551D3082314F8011FA1B119F8010069
:10B160000028ECD00133082B06F101063ADCDCF8AC
:10B170000010090100F00F000843CCF8000014F89B
:10B18000011F0029EAD1002E6AD0C44501D2072B45
:10B1900074DD624552D2111F634653F8040B41F827
:10B1A000040FAB42F9D9A5EB0C0323F00303691C90
:10B1B00004330CF1010C614538BF04231344002112
:10B1C00043F8041BAB42FBD9019B53F8043C2BB959
:10B1D000AA4249D055F8043D002BF9D0052005B00E
:10B1E000BDE8F08F6245B6D200234CF8043C194606
:10B1F000ACF1040C0123BDE70023ACF104084CF8CA
:10B20000043CB246C446A6E7C3F10801DCF80030AE
:10B210008900C1F1200E60469B46476807FA0EF38D
:10B2200043EA0B0327FA01FB036040F804BF4045E3
:10B23000F3D38DE7191D01911D466EE7039B002B8B
:10B24000C2D0039B0198C3F120014FF0FF33CB40E4
:10B2500050F8041C0B4040F8043CB8E7292909D0F9
:10B26000042005B0BDE8F08F012305202B6005B058
:10B27000BDE8F08F029901340C6084E7DCF800101F
:10B28000C3F108039B00C3F12007644608466668C3
:10B2900006FA07F1014326FA03F0216044F8040F8F
:10B2A0004445F4D375E700BF7818030082B049B174
:10B2B0005AB16BB113780B601278101E18BF0120C1
:10B2C00002B0704701A9002AF3D1104602B07047BE
:10B2D0006FF00100F4E700BF436C70B505460C4603
:10B2E0004BB153F8240080B1026843F824200023B6
:10B2F000C0E9033370BD2122042102F0E1FC0346C2
:10B3000068640028EDD1002070BD012101FA04F627
:10B31000721D9200284602F0D3FC0028F3D0C0E949
:10B320000146E4E731B1436C4A6853F822000860F3
:10B3300043F82210704700BF2DE9F0410D69074620
:10B340000E461C4601F1140E0020DEF800108BB2F0
:10B3500002FB03434FEA134C090C02FB01CC013002
:10B360009BB203EB0C4385424EF8043B4FEA1C446E
:10B37000EBDC3CB1B368AB4207DD06EB850301357E
:10B380005C6135613046BDE8F08171683846013155
:10B39000FFF7A2FF8046A8B13269023206F10C0124
:10B3A00092000C30F4F7B8FC7B6C726853F82210F2
:10B3B000316043F82260464606EB850301355C6147
:10B3C0003561DFE7024B03484246BA2102F058FCE0
:10B3D00000180300781903002DE9F8431746274A9F
:10B3E0001E4608330C46092E82FB03124FEAE37314
:10B3F0000546C3EB620339DD4FF0010C00214FEA33
:10B400004C0C634501F10101F9DC2846FFF764FFAC
:10B41000014668B3089B4361092F4FF001030361A4
:10B4200012DC0A340927BE420BDDF61B264414F851
:10B43000013B0A22303B2846FFF77EFFA642014629
:10B44000F5D10846BDE8F88304F10909C8463C4433
:10B4500018F8013B0A22303B2846FFF76DFFA04554
:10B460000146F5D1A7F108044C44DCE70021CCE704
:10B470000A46034B0348D32102F002FC398EE3381D
:10B480000018030078190300020C12040346CAB91D
:10B490000304102013F07F4F04BF1B02083013F089
:10B4A000704F04BF1B01043013F0404F04BF9B00DA
:10B4B0000230002B05DB13F0804F00F1010008BFC4
:10B4C000202070470020E5E7036813F007020146DB
:10B4D00007D0DA071FD4980721D55B080B6001203D
:10B4E000704798B2A0B11046DAB20AB908301B0A08
:10B4F0001A0704BF1B0904309A0704BF9B080230D7
:10B50000DA0703D45B0800F1010006D00B60704736
:10B510001B0C1020E8E700207047202070479B0894
:10B520000B600220704700BF38B5436C04460D46DF
:10B530004BB15868B0B102685A6000220123C0E9DB
:10B540000435C26038BD2122042102F0B9FB034654
:10B5500060640028EDD1094B0948002240F24511F2
:10B5600002F08EFB1C220121204602F0A9FB0028DC
:10B57000F1D001220223C0E90123DEE70018030015
:10B58000781903002DE9F04F0E691569AE4285B0B8
:10B590008846144605DB2A46234635460C461646A1
:10B5A0009846A3686168AF19BB42B8BF0131FFF785
:10B5B00093FE0190002800F08780019B03F114099D
:10B5C00009EB870AD14505D24B46002243F8042BEC
:10B5D0009A45FBD808F1140808EB860B04F1140314
:10B5E000D8451A4603EB85055FD22B1B153B23F08C
:10B5F000030304331534A54238BF0423CDE902A761
:10B60000AC461F46924605E0090C29D1C34509F115
:10B61000040948D958F8041B8DB2002DF4D05646C1
:10B620004C46002356F8041B22681FFA81FE90B294
:10B63000090C05FB0E00120C034405FB012202EB72
:10B6400013429BB243EA0243B44544F8043B4FEA39
:10B650001243E7D849F8073058F8041C090CD5D034
:10B66000D9F8003050461A464C4600260588120C80
:10B6700001FB052216449BB243EA064344F8043B0F
:10B6800050F8045B22682D0C93B201FB053303EBE9
:10B69000164384454FEA1346E8D8C34549F80730B6
:10B6A00009F10409B6D8DDE902A7002F02DC05E0A4
:10B6B000013F03D05AF8043D002BF9D0019B1846F6
:10B6C0001F6105B0BDE8F08F034B0448019A4FF4A9
:10B6D000B17102F0D5FA00BF001803007819030019
:10B6E00012F003032DE9F0411446064632D10D460F
:10B6F000A41020D0D6F84080B8F1000F33D0E30773
:10B700004FF0000707D4641015D0D8F80000A8B196
:10B710008046E307F7D5424629463046FFF732FF19
:10B72000B5B16968736C641053F821202A6043F83E
:10B7300021500546E9D12846BDE8F0814246414600
:10B740003046FFF71FFFC8F8000007608046E0E7BB
:10B750000546D8E7013B0F4A52F823200023FFF7A4
:10B76000EBFD0546C4E701213046FFF7B5FD8046F5
:10B7700040B1012340F27122C0E904320023306459
:10B780000360BCE7044B0548424640F2451102F015
:10B7900077FA00BFC81A03000018030078190300E5
:10B7A0002DE9F0470C4690462669A368496806EBE8
:10B7B0006216751C9D4207464FEA621904DD5B0064
:10B7C0009D4201F10101FADC3846FFF785FD844610
:10B7D000002851D0B9F1000F00F114000EDD09F17D
:10B7E00005024FEA820E03460CEB8202002143F869
:10B7F000041B9342FBD1AEF114031844216904F1F8
:10B80000140318F01F0803EB81012DD0C8F12009A3
:10B8100086464FF0000A1A6802FA08F242EA0A0263
:10B820004EF8042B53F8042B994222FA09FAF2D865
:10B830000B1B153B23F00303043304F11502914263
:10B8400038BF0423BAF1000F18BF2E4640F803A0FA
:10B850007B6C6268CCF8106053F82210216060465F
:10B8600043F82240BDE8F087043853F8042B40F831
:10B87000042F9942F9D8EBE7034B044862464FF492
:10B88000EF7102F0FDF900BF001803007819030002
:10B890000B6984460069C01A15D10CF1140C1431DF
:10B8A0000CEB830210B401EB830301E0944508D252
:10B8B00052F8044D53F8041D8C42F7D004D24FF0D7
:10B8C000FF3010BC70477047012010BC704700BFAC
:10B8D0002DE9F84F0F691369FF1A002F0E469046A5
:10B8E0007FD101F11405143202EB830205EB8303CF
:10B8F00001E09D4278D253F8041D52F8044DA14254
:10B90000F7D069D37168FFF7E7FC8146002877D04C
:10B910003569D8F81020C76008F1140E06F114003C
:10B9200009F1140A06F110010EEB820200EB850703
:10B9300056464FF0000C5EF8044B51F804BFA3B21A
:10B940001CFA8BFCACEB03034FEA144CCCEB1B4C06
:10B950000CEB234C9BB243EA0C43724546F8043B84
:10B960004FEA2C4CE7D8A2EB0801153908F115086D
:10B97000424521F0030404F1040438BF04242044A8
:10B9800021F0030238BF002287425244544418D9A0
:10B990002646014651F8043B1CFA83FC4FEA2C4230
:10B9A00002EB13421FFA8CFC4CEA02438F4246F82A
:10B9B000043B4FEA224CEDD8013F3F1A27F0030722
:10B9C000E21923B952F8043D013D002BFAD0C9F821
:10B9D00010504846BDE8F88F334601274646984642
:10B9E00090E7F9DB00278DE70021FFF775FC814622
:10B9F00068B101220023C9E904234846BDE8F88F55
:10BA0000064B07484A4640F2452102F039F9034BFC
:10BA100003484A4640F2372102F032F90018030089
:10BA200078190300114B0B40A3F15073002B03DD79
:10BA300000221946104670475B42B3F1A07F4FEADF
:10BA4000235206DA4FF40023134100221946104610
:10BA50007047A2F114031E2BDABF4FF00042DA4008
:10BA60000122002319461046704700BF0000F07FF6
:10BA70002DE9F843066900F1140808EB8606A6F1E3
:10BA8000040956F8047C3846FFF7FEFCC0F1200399
:10BA90000A280B601CDDC8450CD2B0F10B0356F828
:10BAA000082C2DD147F07F5545F440151046294606
:10BAB000BDE8F883B0F10B02F4D007FA02F242F0CD
:10BAC0007F5545F44015002210462946BDE8F8830D
:10BAD000C0F10B0327FA03F2C84542F07F553CBF83
:10BAE00056F8082CDA4000F1150328BF002207FAA7
:10BAF00003F345F440151A4310462946BDE8F88380
:10BB0000C3F120009F4022FA00F10F43A6F1080183
:10BB1000884502FA03F238BF56F80C3C47F07F55CF
:10BB200038BFC34045F4401538BF1A431046294674
:10BB3000BDE8F88370B5012182B016461D46FFF7B7
:10BB4000CBFB044600284AD02B46C5F30A55C3F365
:10BB500013030DB143F48013002E019314D101A8F7
:10BB6000FFF7B2FC019B636101212030216115B315
:10BB7000069BA5F2334505441D60079BC0F13500C7
:10BB80001860204602B070BD68460096FFF79CFC26
:10BB900008B3019B0099C0F1200203FA02F20A43A4
:10BBA000C34001936261002B14BF02210121A361F4
:10BBB0002161002DDCD104EB8102A0F23243106937
:10BBC000069A1360FFF760FC079BC0EB41101860FA
:10BBD000204602B070BDDDE900236261E3E7034B5C
:10BBE0000348224640F20F3102F04AF800180300E1
:10BBF000781903002DE9F04383B00E4669460746E5
:10BC0000FFF736FF04460D46304601A9FFF730FF27
:10BC100033693A69D21ADDE900369B1B03EB421304
:10BC2000002B0BDD05EB03594D4602460B46204623
:10BC30002946FBF743FC03B0BDE8F083C3EB0333B5
:10BC400001EB03573946F0E70139491101F1010CC5
:10BC5000116902F1140303EB81018B4200EB8C0CA0
:10BC600016D210B5A0F1040E53F8044B4EF8044F51
:10BC70009942F9D88B1A153B23F003030433184477
:10BC8000844504D9002340F8043B8445FBD810BD0B
:10BC9000844505D9002340F8043B8445FBD8704710
:10BCA000704700BF03694A11934200F1140009DA9A
:10BCB00000EB830302E053F8042DBAB98342FAD8AB
:10BCC000002070470FDD11F01F010CD010B450F8A8
:10BCD000224000EB820324FA01F28A4094420BD006
:10BCE000012010BC704700EB8203E7E7012070479A
:10BCF00053F8042D002AF3D18342F9D8002010BC58
:10BD0000704700BF49B1FF2A02D80A70012070476E
:10BD10008A2303604FF0FF3070470846704700BF2A
:10BD20002DE9F04788B01E46119D254B80461F68BF
:10BD3000894614466DB3109B019407A90491032111
:10BD4000CDE9026300914B464246384602F088F83E
:10BD5000079B31689842C1F100012B460AD2A1EB42
:10BD6000000C10F8012B03F8012B079A82420CEB10
:10BD70000001F6D88C4220DD621A1A44302103F803
:10BD8000011B9342FBD100231370284608B0BDE885
:10BD9000F087BA6C04F123039A4201DDFD6CCAE717
:10BDA00004F1240AF96C52463846FCF7A1FB05461B
:10BDB0000028EAD0C7E912A0BDE71A46E3E700BFB2
:10BDC000E08FFF1F2DE9F04FD9B00C460C91904643
:10BDD0000E93824601F0E6FE036819931846FEF7BB
:10BDE0004FFC08221790002128A8FEF76BF8A389C2
:10BDF0001F0603D52369002B00F03F8700232FAADD
:10BE00000024CDE92D33CDE91A33CDE91C3313934A
:10BE1000189309930023CDE914342C92914644469B
:10BE2000A046784BD3F8E450FEF7A0F9034628A8C3
:10BE30000090424624A95046A847002800F0B08050
:10BE4000C0F2A680249A252A034601D09844E8E748
:10BE5000B8EB0407064640F0A78000234FF0FF32FE
:10BE60008DF887309B460B9308F1010898F8003055
:10BE700008922B25202608F10108A3F120025A2A56
:10BE800000F2C280DFE812F0E602C000C000E1026A
:10BE9000C000C000C0006A00C000C00008028402E8
:10BEA000C0001302C702C000C2025B005B005B005F
:10BEB0005B005B005B005B005B005B00C000C000E0
:10BEC000C000C000C000C000C0004301C000890124
:10BED0001D02430143014301C000C000C000C00077
:10BEE0001802C000C0009602C000C000C000B1012E
:10BEF000C000A902C000C000DD06C000C000C00034
:10BF0000C000C000C000C000C0004301C0008901E3
:10BF1000E2014301430143017702E2017F00C000D7
:10BF20008902C0005F02DA0632027F00C000B10160
:10BF30007C00B406C000C000B806C0007C00A3F1BD
:10BF40003002002118F8013B01EB810102EB4101B5
:10BF5000A3F13002092AF5D90B918EE7504601F082
:10BF600021FE43681C931846FEF78AFB1D90074686
:10BF7000504601F017FE83681A93002F40F0B185F8
:10BF800098F8003077E798F800304BF0200B72E714
:10BF90000822002128A8FDF795FF0123984440E7D7
:10BFA000B8EB0407064611D02E9B3B442E932D9BE5
:10BFB0000133072BC9E900472D9319DC09F1080962
:10BFC000099B3B440993002E7FF447AF2E9B002B27
:10BFD00041F001820C9BB3F90C3013F0400F099B28
:10BFE00018BF4FF0FF330993099859B0BDE8F08F9F
:10BFF0000C992CAA504602F0D7FE0028EAD10DF188
:10C00000BC09DDE7548DFF1F1093002BDED000220A
:10C010008DF8FC3001238DF8872007930D920A9349
:10C0200008921292169211923FAC1BF0020302D0BA
:10C030000799023107911BF084010F9105D10B99EB
:10C0400007980F1A002F00F382832E9E82B10122DF
:10C05000C9F804202D9A013201360DF18701072A13
:10C060002E962D92C9F8001000F3BD8309F108093E
:10C0700083B12D9B22AA01330236C9F80020072B79
:10C080004FF002022E962D93C9F8042000F3C083CE
:10C0900009F108090F9B802B00F08182089B0A9A06
:10C0A0009F1A002F00F3BC821BF4807F40F01E8299
:10C0B0000A9BC9F804301E442D9BC9F80040013387
:10C0C000072B2E962D9300F3378309F108091BF0F7
:10C0D000040F05D00B9B079A9C1A002C00F3A48335
:10C0E000099B0B9A07998A42ACBF9B185B1809936E
:10C0F000002E40F0CA8200232D930D9B1BB10D9999
:10C100005046FEF7CFFB0DF1BC09444688E610937C
:10C110000E9B073323F00701F1E80223CDE9142336
:10C12000DDE9142323F000450E9116461046B34B6B
:10C1300029464FF0FF32FBF731FB002840F0FC842A
:10C14000AE4B304629464FF0FF32FBF709FB002883
:10C1500040F0F284DDE9140100220023FBF7F6FA37
:10C16000002841F038809DF88720A54CA54B2BF086
:10C17000800B10994729C8BF1C46002303210D934B
:10C1800007910A910893129316931193002A3FF492
:10C190004CAF079B0133079347E7432B109303D022
:10C1A0001BF0100F00F051850E9E082200212AA8D6
:10C1B0003FACFDF787FE2AAB56F8042B21465046CC
:10C1C00002F0AAFD034601330A9001F0C3820A9BE4
:10C1D0000E9623EAE373079300228DF887200D92D1
:10C1E00008921292169211921FE70E9F109357F821
:10C1F000044B00238DF88730002C00F04D85109BF8
:10C20000532B00F0D4861BF01003119340F0CF861F
:10C21000089B5D1C01F0CC8011991A46204601F064
:10C22000DFFC0D90002801F051830D9B11999DF8C2
:10C2300087200E971B1B0A9323EAE373079373234C
:10C240000891129116910D9110939FE71BF0200F0A
:10C2500010930E9B3CD0073323F007031A46114678
:10C260005B6851F8082B0E911946002BC0F201842F
:10C27000089B013300F0A88252EA01032BF08005ED
:10C2800040F0A382089B002B40F0A482AB46002321
:10C2900008930A9358ACFFE00E9B53F8042B0B92C3
:10C2A000002A80F20C840B9A0E9352420B9298F85B
:10C2B00000304BF0040BDEE598F800304BF0080B33
:10C2C000D9E54BF0100B1BF0200F10930E9BC2D141
:10C2D0001BF0100F40F0FE831BF0400F00F0F683C0
:10C2E00033F9042B0E93D1170B46BEE70E9B53F880
:10C2F000042B0E9347F63003ADF888307820424B7C
:10C3000018934BF002050021022310900020089C96
:10C310008DF88700601C00F0A88052EA010025F02B
:10C32000800B40F0A180002C40F09586002BAED110
:10C3300015F001030A9300F0C78330238DF85F31B5
:10C340000DF25F14A8E01BF0200F40F0E5831BF016
:10C35000100F40F086861BF0400F40F07F871BF4E3
:10C36000007F00F07E860E9B099953F8042B0E93F4
:10C370001170444654E598F80030682B03BF98F8D4
:10C3800001304BF4007B08F101084BF0400B72E5E3
:10C3900098F800308DF887506DE598F800306C2BD8
:10C3A00003BF98F801304BF0200B08F101084BF067
:10C3B000100B60E510934BF0100B1BF0200100F008
:10C3C0004A830E9B073323F00703596853F8082B61
:10C3D0000E932BF48065002398E710934BF0100523
:10C3E00015F0200100F028830E9B073323F007038C
:10C3F000596853F8082B0E93012387E7FFFFEF7F5F
:10C40000D41A03004C1203000C0E030098F80030FD
:10C410004BF0800B2FE5414611F8013B2A2B01F030
:10C420007F82A3F13002092A884698BF002101F2D9
:10C43000768118F8013B01EB810102EB4101A3F188
:10C440003002092AF5D9089117E598F800304BF029
:10C45000010B10E59DF88730002B7FF491AD98F823
:10C4600000308DF8876006E55D46012B00F0AD8158
:10C47000022B58AC1FD1189802F00F031209C35CAD
:10C4800004F8013D42EA0172090952EA0103F3D1BD
:10C4900058AB1B1BAB460A930A9908989DF8872056
:10C4A00081424FF00003B8BF01460D9307911293EC
:10C4B000169311936AE602F00703D20842EA41722A
:10C4C000C908303352EA0106204604F8013DF2D192
:10C4D000E907DDD5302BDBD03023023804F8013CEE
:10C4E00058AB1B1AAB460A930446D5E7109B652B45
:10C4F00040F3DC80DDE9140100220023FBF71CF986
:10C50000002800F0C8810123C9F804302D9BBD4AE2
:10C51000C9F8002001330136072B2E962D9300F326
:10C52000398509F10809239B139A934280F2C2824C
:10C53000179B199A1E44C9E900232D9B2E9601339F
:10C54000072B2D9300F38D8309F10809139B5C1EC3
:10C55000002C7FF7BCAD102C2D9BAB4D40F35585C7
:10C56000324610270C9E05E009F10809103C102CFA
:10C5700040F34A8501331032072BC9E90057CDE952
:10C580002D32F1DD2CAA3146504602F00DFC002878
:10C5900040F08380DDE92D320DF1BC09E6E70B9B0D
:10C5A000079A9F1A002F7FF779AD102F2D9B964D7C
:10C5B00023DD324626460C9C04E0103F102F09F183
:10C5C000080918DD013310321021072BCDE92D3277
:10C5D000C9F80050C9F80410EFDD2CAA21465046D6
:10C5E0000DF1BC0902F0E0FB002856D1103F102FDE
:10C5F000DDE92D32E6DC3446164601333E44072B96
:10C60000CDE92D36C9F80050C9F8047000F316853D
:10C61000089B0A9A9F1A002F09F108097FF744AD79
:10C62000102F2D9B784D22DD324626460C9C04E0CF
:10C63000103F102F09F1080917DD013310321021C6
:10C64000072BCDE92D32C9F80050C9F80410EFDDF1
:10C650002CAA2146504602F0A7FBF0B9103F102F3C
:10C66000DDE92D320DF1BC09E7DC34461646013315
:10C670003E44072BCDE92D36C9F80050C9F80470A7
:10C6800000F3CD8109F108090EE50C992CAA50465A
:10C6900002F08AFB00283FF42EAD0D9B002B3FF4E7
:10C6A00099AC0D995046FEF7FDF893E4139B012BCE
:10C6B00040F36E812D9FC9F8004001231F440136CD
:10C6C000072FC9F804302E962D9700F3D98109F170
:10C6D0000809179B199A01371E44072FC9E900233F
:10C6E000CDE92D7600F3D98109F10809DDE91401BE
:10C6F00000220023FBF720F8002840F06781139BFD
:10C700000137013B01341E44072FC9F800402D9723
:10C71000C9F804302E9600F34C8109F108091B9BDF
:10C72000C9F8043001371E44072F26ABCDE92D761A
:10C73000C9F800307FF7C9AC0C992CAA504602F01A
:10C7400033FB0028A9D12E9E0DF1BC09BFE4102FA8
:10C75000DDE92D212D4D27DDCDE91E381026D046EF
:10C76000A2460C9C04E0103F102F09F1080916DDC9
:10C7700001321031072AC9E90056CDE92D21F2DD39
:10C780002CAA214640460DF1BC0902F00DFB002801
:10C7900040F0F283103F102FDDE92D21E8DC5446F4
:10C7A0001E9BC246DDF87C80C9F8005001327E181D
:10C7B000072ACDE92D26C9F8047000F3CC839DF833
:10C7C000872009F1080941E45D460A2A71F1000356
:10C7D00080F02983303201238DF85F21AB460A9324
:10C7E0000DF25F1458E60C991E932CAA504602F0E5
:10C7F000DBFA00287FF451AF2E9E1E9B0DF1BC0981
:10C8000036E400BF64120300081B0300F81A03009B
:10C810000C992CAA504602F0C7FA00287FF43DAFCD
:10C820002E9E0DF1BC0935E4102C2D9BB84D1FDD5B
:10C83000DDF830B0102704E0103C102C09F1080995
:10C8400016DD01331036072BC9E90057CDE92D3627
:10C85000F2DD2CAA594650460DF1BC0902F0A4FAAB
:10C8600000287FF41AAF103C102CDDE92D36E8DCEF
:10C8700001332644072BC9E90054CDE92D367FF753
:10C880002FAC0C992CAA504602F08EFA00287FF4A7
:10C8900004AF2E9E24E42399002940F32783119DA1
:10C8A000139B9D42A8BF1D46002D0BDD2D9B013320
:10C8B0002E44072BC9E900452E962D9300F3DD8603
:10C8C00009F10809119F002DA8BF7F1B002F00F35D
:10C8D000F481119B1BF4806F23440A9340F014826F
:10C8E000239B139A934203DB1BF0010F00F0A584F6
:10C8F000179A19991644C9E900122D9A2E960132F9
:10C90000072A2D9200F3C68609F10809139AA51883
:10C91000D41A0A9BED1AA542A8BF2546002D0DDDAD
:10C92000C9F800302D9BC9F8045001332E44072B61
:10C930002E962D9300F3BE8609F10809002DA8BF9D
:10C94000641B002C7FF7C3AB102C2D9B714D40F363
:10C950005C83324610270C9E05E009F10809103C63
:10C96000102C40F3518301331032072BC9E90057D3
:10C97000CDE92D32F1DD2CAA3146504602F014FAF1
:10C9800000287FF48AAEDDE92D320DF1BC09E6E71F
:10C990001BF0010F7FF48EAE2D9FC9F800400123DC
:10C9A0001F440136072FC9F804302E962D977FF7C4
:10C9B000B4AE0C992CAA504602F0F6F900287FF488
:10C9C0006CAEDDE92D760DF1BC09A8E6139B5C1E6B
:10C9D000002C7FF7A4AE102C4E4D40F34C83324612
:10C9E00010230C9E05E009F10809103C102C40F3BF
:10C9F000418301371032072FC9E90053CDE92D7269
:10CA0000F1DD2CAA3146504602F0CEF900287FF421
:10CA100044AEDDE92D720DF1BC091023E5E70C9958
:10CA20002CAA504602F0C0F900287FF436AE2E9EA4
:10CA30000DF1BC09FFF738BB15F0100360D115F0FC
:10CA4000400200F073830E9850F8042B0E901946A4
:10CA500092B201235AE41BF0100368D11BF040028C
:10CA600000F056830E9850F8042B0E90194692B29F
:10CA7000AFE4524261EB41015D462D20012346E4C3
:10CA80000C992CAA504602F08FF900287FF405AECD
:10CA9000DDE92D760DF1BC091BE60C992CAA504658
:10CAA00002F082F900287FF4F8ADDDE92D760DF172
:10CAB000BC091BE61BF0010F3FF409AB38E50E93F0
:10CAC00098F80030FFF7D7B958ACE5E41BF4007FC5
:10CAD00040F0BD8353F8042B0E93D1170B46FFF79C
:10CAE000C4BB1A9B002B3FF44BAA1A9B1B78002B4C
:10CAF0003FF446AA98F800304BF4806BFFF7BBB9BF
:10CB00000E9B53F8042B0E930123FFF7FFBB00BFCE
:10CB1000F81A0300081B03000E9B099853F8041B26
:10CB20000E93C217C1E900024446FFF779B90E9B84
:10CB300053F8042B0E934CE4DDE9140102460B4636
:10CB4000FAF72CFE002840F07586109B612B00F050
:10CB50005B85412B00F0AC85089B0133109B23F0D3
:10CB60002003079300F06384472B04D1089B002B1C
:10CB700008BF01230893DDE914010A46002A4BF49B
:10CB80008073CDF83CB0C0F2E1859B460023164689
:10CB90001E9307460D93109B413B252B00F26783A4
:10CBA000DFE813F0520465036503650349044E048E
:10CBB0006503650365036503650365036503650335
:10CBC0006503650365036503650365036503650325
:10CBD0006503650365036503650365036503650315
:10CBE00065036503650365036503650349044E0436
:10CBF00010935D46FFF7F4BB1093B74B18931BF0EF
:10CC0000200100F0FC800E9B073323F007035968D6
:10CC100053F8082B0E931BF0010F0AD052EA0103C0
:10CC200007D0109B8DF8893030234BF0020B8DF824
:10CC300088302BF480650223FFF768BB1093FFF761
:10CC4000BCBB1093A54B1893D9E70E9B012153F859
:10CC5000042B07918DF8FC200E930A913FACFFF74F
:10CC6000BBBA0C992CAA504602F09EF800287FF41B
:10CC700014AD2E9E0DF1BC0968E440215046FBF72F
:10CC80007BF90C9B18601861002800F060860C9AF4
:10CC900040235361FFF7B2B8089B0D94062B214641
:10CCA00028BF06230894224607938D4C0E970A93BB
:10CCB000129116911191FFF769BA102F2D9B894D92
:10CCC00040F34582324626460C9C05E009F10809EE
:10CCD000103F102F40F33982013310321021072BFF
:10CCE000CDE92D32C9F80050C9F80410EEDD2CAAA8
:10CCF0002146504602F058F800287FF4CEACDDE91A
:10CD00002D320DF1BC09E3E7139B0A9DCDF83C8061
:10CD10004A46DDF85890CDF828B0E31808931A9FDA
:10CD2000DDF874B0DDF83080129B10943146B9F113
:10CD3000000F2ED083BB013F09F1FF391C9BC2E9D4
:10CD4000003B2D9B01335944072B2E912D935FDC23
:10CD50000832089B38785B1B8342A8BF0346002B30
:10CD60001E460BDD2D98013019440728C2E90053F7
:10CD70002E912D9000F3568138780832002EACBFEA
:10CD8000841B0446002C0BDC0544129BB9F1000FF8
:10CD9000D0D1002B00F0D483129B013B1293CDE73E
:10CDA000102C2D981DDD102604E0103C102C02F1F3
:10CDB000080216DD01304B4B10310728C2E900365E
:10CDC000CDE92D01F1DD2CAA4146504601F0ECFFE2
:10CDD00000287FF462AC103C102CDDE92D012FAA55
:10CDE000E8DC01303F4B546021440728CDE92D0198
:10CDF000136000F3FB83387808320544C5E71BF065
:10CE0000100300F0BC800E9B53F8042B0E9302E736
:10CE10002CAA4146504601F0C7FF00287FF43DACE4
:10CE20002E992FAA95E7CDF834902F4BDDF8689016
:10CE3000CDF81C8005F480674FF0000C58AC4FF023
:10CE4000CC3B0A9505E00A2A71F1000134D3424631
:10CE50003146501840F10000A3FB005626F00305B0
:10CE600005EB9605401B151A61F1000E0BFB05F64C
:10CE700003FB0E66A5FB03852E4408F0010E052575
:10CE8000AEFB055E2D184FEA5808303504F8015CFA
:10CE900048EAC6780CF1010C013C7608002FD2D08C
:10CEA00099F800008445CED1BCF1FF0FCBD00A2AFF
:10CEB00071F1000180F098810A9DCDF8689058AB1F
:10CEC0001B1BDDF81C80DDF83490CDF84CC0AB4660
:10CED0000A93FFF7E1BA00BF0C0E0300DC1A03004F
:10CEE000F01A0300081B0300CDCCCCCC0123C9F8F9
:10CEF00004302D9BBA4AC9F8002001330136072BB4
:10CF00002E962D9300F38C8109F10809002940F039
:10CF1000BE80139A0BF0010313433FF4D8A8179B6C
:10CF200019999A19C9E900132D9B2E920133072BE9
:10CF30002D9300F36E8209F108091399C9F8004096
:10CF400001338E18072BCDE92D36C9F804107FF771
:10CF5000BCA8FFF7F1BB0C991E932CAA504601F018
:10CF600023FF00287FF499AB9DF887202E9E1E9BFF
:10CF70000DF1BC09FFF76AB8C246FFF78EBB1BF084
:10CF8000400200F0B8800E9850F8042B0E9019461D
:10CF900092B240E60C992CAA504601F005FF0028F9
:10CFA0007FF47BAB2E9E0DF1BC09FFF7BCBA2AAE15
:10CFB0000822002130462594FCF784FF089B5A1C68
:10CFC00000F0D4800025CDF81C80CDF834B0A84600
:10CFD0009B460CE03FA9504601F09EFE431C404496
:10CFE00000F0B883584508DC00F035848046259A67
:10CFF000525933460435002AECD1CDF82880DDF8AB
:10D0000034B0DDF81C80BEE0164601332644072B01
:10D01000C9F80050C9F80440CDE92D367FF755A86E
:10D02000FFF78ABB2CAA4146504601F0BDFE0028FE
:10D030007FF433AB38782E992FAA9FE60C992CAA4F
:10D04000504601F0B1FE00287FF427AB2E9E0DF173
:10D05000BC09FFF723B8012B5D467FF409AAFFF74F
:10D06000B9BB0E9B099953F8042B444611600E93EB
:10D07000FEF7D6BE164601372644072FCDE92D769A
:10D08000C9F80050C9F804407FF747AB91E4179BFB
:10D0900019989A19C9E900032D9B2E920133072B89
:10D0A0002D9300F3B68109F108090029BFF645AFB9
:10D0B0004F4210314B4D80F2888349461026A146DD
:10D0C0000C9C04E00831103F102F40F37C830133A7
:10D0D0001032072BC1E90056CDE92D32F2DD2CAA22
:10D0E0002146504601F060FE00287FF4D6AADDE913
:10D0F0002D322FA9E7E70E9B1BF400711ABF1146D2
:10D1000053F8042B53F8042B0E9318BFD2B282E5C8
:10D110000E9B1BF400711ABF114653F8042B53F8F1
:10D12000042B0E9318BFD2B2FFF753B90E9B15F420
:10D1300000711ABF114653F8042B53F8042B0E93B9
:10D1400018BFD2B20123FFF7E1B8344616460133C7
:10D150003E44072BCDE92D36C9F80050C9F80470BC
:10D1600000F34A8109F10809FFF7B3BB0023194610
:10D17000009625AA504601F0F5FD034601330A90BA
:10D1800000F0E88225940A9B002B3DD0632B00F32E
:10D19000298100230D933FAC082200213046FCF783
:10D1A00091FE0A9D00962B4625AA2146504601F085
:10D1B000D9FD854240F0C4830A990E970023635439
:10D1C00021EAE1719DF88720089307911293169345
:10D1D0001193FEF7DBBF2D228DF88720FEF7C5BF28
:10D1E00064120300081B03001D9B1C99E41A1A46D5
:10D1F0002046FCF765FF99F80120A54B0AB109F11B
:10D2000001094FF0000C22E60A9B9DF887200E973B
:10D21000CDE907331293169311930D93FEF7B6BF22
:10D220000C992CAA504601F0BFFD00287FF435AAC6
:10D2300023992E9E0DF1BC0968E6139A0A99A51848
:10D240006D1AD41AA542A8BF2546FFF777BB13F97C
:10D25000042B0E93D1170B46FFF707B80E9B0999C5
:10D2600053F8042B0E9311804446FEF7D9BD089B5A
:10D270000A9302232AA9049125A90A9D039123A9AF
:10D2800000933A46334601950291504600F0E8FD7E
:10D29000079B472B044600F0A381462B054405D18C
:10D2A0000378302B00F0B882239B1D44384631466A
:10D2B00000220023FAF740FA002800F066812B468E
:10D2C0001B1B1393079B472B00F04A81079B462BA0
:10D2D00000F00082239B1193119B079A013B412A86
:10D2E000239300F023829DF840200021002BB8BF3B
:10D2F000119B8DF89820BABFC3F101032D222B2278
:10D30000092B8DF8992040F34F820DF1AF05614E46
:10D310002A46104686FB0321DA17C2EBA10202EB74
:10D320008201A3EB4101303100F8011C1946632949
:10D33000134600F1FF32ECDC3033D9B2831E9D423C
:10D3400002F8011C40F2E98213460DF19A0201E055
:10D3500013F8011B02F8011B9D42F9D10DF1B10335
:10D360000DF19A021B1A134426AA9B1A1B93139BB6
:10D370001B9A012B1A440A9240F349820A9B179A7E
:10D3800013440A930F9B0A9A23F4806343F4807B2F
:10D3900022EAE272002312930792169311931E9BC6
:10D3A000002B40F0EB809DF887200893FEF7EEBE3F
:10D3B00020460E97FDF764F9119B089320EAE0716F
:10D3C000129316930D9373239DF887200A9007916B
:10D3D0001093FEF7DBBE0C992CAA504601F0E4FC3A
:10D3E000FEF7F8BD591C5046FAF7C6FD0446002862
:10D3F00000F0B0810D90CFE60C992CAA504601F0B8
:10D40000D3FC00287FF449A92E9E0DF1BC09FFF73B
:10D4100060BA0C992CAA504601F0C6FC00287FF493
:10D420003CA9DDE92D3223990DF1BC093DE6062327
:10D430000893FFF7A0BB089B01330A93022319E767
:10D44000089B0A93032315E73846314623AAF6F7CB
:10D45000EDF900224FF07F53F9F706FF0022002379
:10D4600006460F46FAF768F908B1012323930A4BE1
:10D470000A93089BCDF84C90013BCDE9118B2546D2
:10D48000DDF828B0CDF858A098461F940DE000BFF5
:10D49000CDCCCCCC67666666DC1A03000022002384
:10D4A00008F1FF38FAF748F9E8B9AE4B00223046E8
:10D4B0003946F9F7D9FE0F460646FAF785F90446CC
:10D4C000F9F768FE0B46024639463046F9F714FD77
:10D4D0001BF80430B8F1FF3FAA46C14605F8013BEE
:10D4E00006460F46DAD1A04B002230463946DDE928
:10D4F000118BCDF84490DDF84C90CDE912A4DDF805
:10D5000058A01F9CFAF740F9002840F03181964B53
:10D51000304639460022FAF70FF918B1139BDE079F
:10D5200000F12681119B002B07DB119B01332B445B
:10D53000302205F8012BAB42FBD12B1B1393C1E624
:10D54000109C139BDDF828B0DDF83C801A97E31897
:10D550009D4228BF1D4691460E460A95FFF7C0B969
:10D56000239B1193DD1C02DB089A934219DD109B6B
:10D57000023B109323F020030793ADE62D220023F6
:10D580008DF887200893FEF704BE2A9BAB42BFF4B8
:10D5900097AE30215A1C2A9219702A9B9D42F9D8C5
:10D5A0008EE6119B139A9342C0F2C5800F9B13F035
:10D5B000010F119B00F04D81179A13440A930F9BA2
:10D5C000590503D5119B002B00F356810A9B23EAD2
:10D5D000E373079367231093002312931693DEE6F9
:10D5E0000F9BDB0700F19F802A9B69E62CAA41462E
:10D5F000504601F0D9FB00287FF44FA838782E99C7
:10D600002FAA0544FFF7C1BB78238DF8893030235A
:10D610008DF888304BF002030F93089B632B00F3C7
:10D62000ED8000230D933FACDDE914121346002B6F
:10D630004BF4817B67DB1E46109B23F0200307938E
:10D6400000230F461E93109B612B7FF4A4AA38463B
:10D65000314623AAF6F7EAF800224FF07F53F9F794
:10D6600003FE0022002306460F46FAF765F808B1CC
:10D67000012323933D4B0A93FBE60C992CAA5046B9
:10D6800001F092FB00287FF408A82E9E0DF1BC0942
:10D69000FFF718B90C992CAA504601F085FB002819
:10D6A0007EF4FBAF239B2E9E0DF1BC09FFF72EB934
:10D6B0005823AAE70C992CAA504601F075FB0028C4
:10D6C0007EF4EBAF239C139B2E9E1C1B0DF1BC091B
:10D6D000FFF734B9239A0F9B1192002A03F001033C
:10D6E00040F3088108990B4340F0FD80119B0A9399
:10D6F000662310930F9B5A0500F1C0800A9B23EA12
:10D70000E373079368E7109B23F020030793DDE999
:10D71000142303F100462D2317461E9393E700229E
:10D720000892FEF7AABB0A9D2544BFE5109A0F3266
:10D73000D2B20121DAE5139B179A9A18119B0A922B
:10D74000002B40F38F8067231093D3E79B46002381
:10D750000D93DCE70C9AB2F90C3043F0400393814F
:10D76000FEF73BBC000030400000E03F0C0E030021
:10D77000129B0A9A2A93D17B15F8013C8B422A46C8
:10D7800009D1302002F8010C2A9A531E2A9312F86C
:10D79000013C9942F6D0392B0BBF0A9B01339B7A8F
:10D7A000DBB202F8013CC8E6002940F08C80302250
:10D7B0008DF89A200DF19B02303302F8013B26AB25
:10D7C000D31A1B93D3E54C46894601333A44072BC1
:10D7D000CDE92D32C9F80050C9F804707FF7ABAB22
:10D7E0000C992CAA504601F0DFFA00287EF455AFC0
:10D7F000DDE92D320DF1BC09FFF79FBB591C5046E6
:10D80000FAF7BAFB04460028A4D00D900CE70F9B52
:10D81000D8077FF5B7ADB1E5384631460022002381
:10D82000F9F78AFF00287FF43FAD0A9BC3F101039B
:10D8300023933AE5159B4A4C002BB4BF2D229DF84B
:10D840008720484BB8BF8DF887202BF0800BFEF760
:10D8500090BC0A93B3E6089BDDF81C80DDF834B079
:10D860000A9390E4C3F101031A4422EAE273079396
:10D8700067230A921093AFE6672310931A990B78E7
:10D88000FF2B59D00025119A284603E001300131C1
:10D89000FF2B08D0934206DAD21A4B78002BF5D131
:10D8A0000B780135F4E711921A9116901295129A9D
:10D8B000169B1D9913440A9A01FB03230A9323EA3A
:10D8C000E37307936BE50DF19A0275E7089B0793E5
:10D8D0000A9373239DF887200E9708901290169054
:10D8E0001093FEF753BC179BD518294466230A9161
:10D8F0001093FFE6089A134305D10123662207938C
:10D9000010920A9368E6179B5D1C2A4422EAE27390
:10D91000079366230A9210935EE602231B9326E583
:10D920000E9A98F80130884652F8041B0E9241EA8C
:10D93000E1710891FEF79FBA002312931693B6E7A0
:10D940000C9A938943F040039381FEF7A6BE0C2303
:10D95000CAF800304FF0FF330993FEF745BB00BF14
:10D96000D81A03004812030070B500294BD00646B0
:10D970000C4610B1436B002B48D0636ED80734D5EA
:10D98000B4F90C30002B3ED02146304600F050F860
:10D99000E36A054633B1E169304698470028B8BFCD
:10D9A0004FF0FF35A3891A063CD4216B41B104F135
:10D9B0004003994202D03046FCF774FF00232363F2
:10D9C000616C21B13046FCF76DFF00236364FCF706
:10D9D00067F9636E0022DB07A2811FD5A06DFCF7FB
:10D9E0005DFCFCF763F9284670BDA3899905CBD48B
:10D9F000A06DFCF755FCB4F90C30002BC4D1656E5A
:10DA000015F0010505D00025284670BDFCF72AF960
:10DA1000B3E7A06DFCF746FC284670BDA06DFCF78F
:10DA200041FCDBE721693046FCF73CFFBDE700BF66
:10DA3000B1F90C20F8B50C461107074642D46368CB
:10DA400042F40062002BA28159DDA56A002D54D05A
:10DA500000233E683B6093B212F4805253D1E169D7
:10DA600001233846A847421C63D0A389A56A5B07F7
:10DA700005D56368C01A236B0BB1E36BC01AE1696B
:10DA8000024600233846A847411C3ED13B68002B84
:10DA90003BD01D2B01D0162B52D1A38922692260C5
:10DAA00023F4006300216160A381216B3E6021B3F8
:10DAB00004F14003994202D03846FCF7F3FE0020FF
:10DAC0002063F8BD2669C6B193B2256826609A071F
:10DAD0000CBF63690023AD1BA3600CE0D4F824C025
:10DAE000E1692B4632463846E047B0F1000CA5EB21
:10DAF0000C05664416DD002DF0DC0020F8BDE36B5C
:10DB0000002BA2DCF9E7206DB1E7B4F90C302269F3
:10DB1000226023F40063A3810022DB046260C4D589
:10DB20002065C2E7A38943F040034FF0FF30A38193
:10DB3000F8BD3B68002B98D01D2B06D0162B04D0C7
:10DB4000A38943F04003A381F8BD3E60D5E700BF41
:10DB500038B50C46054608B1436B03B3B4F90C0065
:10DB600088B1636EDB0701D481050FD528462146B5
:10DB7000FFF75EFF636EDA07054602D4A3899B05B3
:10DB800008D5284638BD0546284638BDA06DFCF7A7
:10DB900087FBEBE7A06DFCF785FB284638BDFCF75B
:10DBA00061F8DBE700487047448EFF1F38B5074D2A
:10DBB000074C2C1BA41005D0013C55F8043D984798
:10DBC000002CF9D1BDE8384004F064B80000000032
:10DBD00000000000FFFFFFFFFFFFFFFFFFFFFFFF51
:10DBE00001F0FF01102A2BDB10F0070F08D010F80E
:10DBF000013B013A8B422DD010F0070F42B3F6D112
:10DC0000F0B441EA012141EA014122F007047FF02A
:10DC100000070023F0E80256083C85EA010586EA81
:10DC2000010685FA47F5A3FA87F586FA47F6A5FABD
:10DC300087F68EB9EED1F0BC01F0FF0102F00702C9
:10DC400032B110F8013B013A83EA010313B1F8D174
:10DC50000020704701387047002D06BF3546033855
:10DC6000073815F0010F07D1013015F4807F02BF8E
:10DC7000013015F4C03F0130F0BC0138704700BFDF
:10DC800000B50B4C25681446EE681A4685B003466D
:10DC90000D464CB107490095CDE9011430460649BF
:10DCA00001F06EF8F2F76CF904490C46F3E700BF97
:10DCB000E08FFF1F181B0300281B0300241B030019
:10DCC00038B5A1FB02148CBBFAF756F90546E0B152
:10DCD00050F8042C22F00302043A242A17D8132AFD
:10DCE0001AD91B2AC0E900441DD9242A14BF00F107
:10DCF000100200F118024FF00003C0E9024404BF13
:10DD000004614461C2E900339360284638BD21466E
:10DD1000FCF7D8F8284638BD02460023C2E9003394
:10DD20009360284638BD00F10802F6E7FCF78AFA4E
:10DD30000C2300250360E8E72DE9F04F03690C6927
:10DD4000A34283B0C0F28880013C01F11405A30016
:10DD500000F11408009355F8243058F824200133BA
:10DD60008A469A4208EB8401814605EB84070191BB
:10DD7000B2FBF3F63AD34FF0000CAE464046624693
:10DD800063465EF804BB01681FFA8BFC06FB0C338C
:10DD90004FEA134C4FEA1B4B06FB0BCC9BB2D31A3A
:10DDA0001FFA8CF213FA81F3C2EB114202EB234209
:10DDB0009BB243EA0243774540F8043B4FEA2242D4
:10DDC0004FEA1C43DDD2009B58F8033073B9019B26
:10DDD000043B984504D307E0984504F1FF3403D28F
:10DDE00053F80429002AF7D0C9F810405146484694
:10DDF000FDF74EFD00282BDB01364146002355F888
:10DE0000040BD1F800C082B29A1A030C12FA8CF2F9
:10DE1000C3EB1C4303EB224392B242EA0342AF42FC
:10DE200041F8042B4FEA2343E9D258F8242008EBA9
:10DE300084036AB9043B984504D307E0984504F18C
:10DE4000FF3403D253F80429002AF7D0C9F8104050
:10DE5000304603B0BDE8F08F002003B0BDE8F08F7E
:10DE60002DE9F04F816B99B090469946CDE9048930
:10DE7000259D044641B1C26B4A60012393408B60EB
:10DE8000FDF750FA0023A363B9F1000AB4BF0123E0
:10DE900000232B60764BBCBF2AF0004ACDF814A0BB
:10DEA00033EA0A0300F0AB80DDE90423104619468B
:10DEB00000220023CDE90A01F9F73EFC074678B1BC
:10DEC000249A01231360269B002B00F0AE83694B3C
:10DED000269A1360013B0393039819B0BDE8F08FB5
:10DEE00016AB019317AB00932046DDE90A23FDF73B
:10DEF00021FE5FEA1A56054640F09780DDE9167666
:10DF00003E4406F23243202B40F3A683C3F1400384
:10DF10000AFA03FA06F2124328FA03F04AEA00006A
:10DF2000F9F728F90123013EA1F1F8710F93524B43
:10DF30000022F8F7E1FF48A3D3E90023F9F794F9A9
:10DF400047A3D3E90023F8F7D9FF80463046894636
:10DF5000F9F720F944A3D3E90023F9F785F902463C
:10DF60000B4640464946F8F7C9FF80468946F9F70F
:10DF70002BFC00228346002340464946F9F7E6FB86
:10DF8000002840F04583BBF1160F00F234833B4B71
:10DF900003EBCB03D3E90023DDE90A01F9F7D6FB54
:10DFA000002871D00023BF1B0E937B1E0BF1FF3B9B
:10DFB000069300F1278300230993BBF1000F6ADA6F
:10DFC000099BCDF81CB0A3EB0B030993CBF1000325
:10DFD0000D93229B092B4FF0000B65D8052B40F3C6
:10DFE0003983043B22930026229B023B032B00F241
:10DFF0006786DFE813F04E044B0442042504249A9C
:10E00000CAF3130A42F20F735AEA080A13601AD1CC
:10E01000269B002B00F06386194B03930833269A46
:10E020000398136019B0BDE8F08FDDE90A12C2F35E
:10E030001303084643F07F510F97A6F2FF36169F51
:10E0400041F4401173E7269B002B40F0DB830D4B1E
:10E05000039341E7AFF3008061436F63A787D23F2B
:10E06000B3C8608B288AC63FFB799F501344D33FC7
:10E070000000F07F651203000000F83F001A030063
:10E08000581B0300641B0300BF1B7B1E069300F19B
:10E090007E840E900990069B5B44CDE9063B0023ED
:10E0A0000D93229B092B99D90023CDE92233012618
:10E0B0004FF0FF330C960893089B12930021E16305
:10E0C0002046FDF709F90390002800F00186039B24
:10E0D000A363089B0E2B00F21381002E00F0108129
:10E0E0000799002940F35584AE4B01F00F0203EB72
:10E0F000C2034FEA2118C905D3E9006740F1118432
:10E10000A94BDDE90A01D3E90823F9F7D7F9CDE9ED
:10E11000100108F00F084FF0030AB8F1000F13D0F8
:10E12000DFF8849218F0010F09D030463946D9E95A
:10E130000023F9F799F80AF1010A06460F465FEA4B
:10E14000680809F10809EDD1DDE9100132463B46C6
:10E15000F9F7B4F9804689460E9B43B1934B0022F0
:10E1600040464946F9F7F2FA002840F02A85504621
:10E17000F9F710F842464B46F9F776F88C4B002237
:10E18000F8F7BCFEA1F15073CDE910011193089B83
:10E19000002B00F09980079B1493089B13930C9B12
:10E1A000002B00F0A584139A7E4B8249039E03EB5B
:10E1B000C20353E902230020F9F780F9DDE91023B7
:10E1C000F8F79AFECDE9100149464046F9F7FCFA06
:10E1D0000746F8F7DFFF02460B4640464946F8F788
:10E1E0008BFE30378046894602460B4606F8017B97
:10E1F000DDE91001F9F7C8FA002840F02785CDF8CD
:10E2000054B00027DDE910AB1095139D13942AE05C
:10E210000137AF4280F22A85674B504659460022AB
:10E22000F9F722F8644B002282468B464046494665
:10E23000F9F71AF889468046F9F7C6FA0446F8F75E
:10E24000A9FF02460B4640464946F8F755FE3034D2
:10E2500006F8014B52465B4680468946F9F776FA46
:10E26000002840F0F18442464B4650490020F8F720
:10E2700043FE52465B46F9F769FA0028C8D0DDE94B
:10E280001343109D039A079302E0B24200F0C68444
:10E29000B14616F8013D392BF7D00133DBB23370AC
:10E2A000079B0133079392E15046F8F773FF42460C
:10E2B0004B46F8F7D9FF3E4B0022F8F71FFEA1F1BD
:10E2C0005073CDE9100111933C4B40464946002262
:10E2D000F8F712FEDDE9108942464B4606460F4626
:10E2E000F9F752FA8246002840F0A884424609F124
:10E2F000004330463946F9F729FA002840F04583B3
:10E30000179B002BC0F28C80079A0E2A00F388809E
:10E31000244B03EBC203D3E900AB239B002B1BDA96
:10E32000089B002B18DC40F02E83244B5046002223
:10E330005946F8F799FF02460B46DDE90A01F9F75D
:10E340000FFADDF820A05646002800F0B982239B82
:10E35000DDF80C80DF43BBE2DDE90A7852465B461C
:10E3600038464146F9F7AAF8F9F72EFA814609909E
:10E37000F8F710FF52465B46F8F776FF039E0B4610
:10E38000024641463846F8F7B7FD09F1300306F872
:10E39000013B089B012B00F05C8306940127049548
:10E3A0001C462AE0001A0300D81903000000F03FC1
:10E3B00000001C400000E03F00002440000014402A
:10E3C00052465B4640464946F9F778F8F9F7FCF9BA
:10E3D0000546F8F7DFFE52465B46F8F745FF013782
:10E3E0000B46024649464046F8F786FD05F13003E4
:10E3F000A74206F8013B00F02983A54B0022F8F75D
:10E4000033FF0022002380468946F9F795F900285A
:10E41000D6D0049D069C079B01330793B146D6E0F6
:10E420000C9A002A00F00781229A012A40F3948274
:10E43000089B03F1FF380D9B434580F25E820D9BE4
:10E44000CDF83480A8EB03039B444FF00008089BF1
:10E45000002BC0F22F83069A1A440692099A174697
:10E460001A44099201212046FDF75EF8064667B17D
:10E47000069900290B4608DD099AB942A8BF3B4618
:10E48000D21AFF1ACB1A099206930D9B63B10C9B0B
:10E49000002B00F0B682B8F1000F00F331820D9B23
:10E4A000B3EB080240F0168301212046FDF73CF84B
:10E4B000BBF1000F824600F3D480229B012B40F376
:10E4C000A7814FF000090120BBF1000F40F0D5807B
:10E4D000069B184410F01F0000F09881C0F1200343
:10E4E000042B00F3AD8040F02482099B002B05DD56
:10E4F00029461A462046FDF753F90546069B002B90
:10E5000005DD51461A462046FDF74AF982460E9B24
:10E51000002B40F05C81089B002B40F343810C9B57
:10E52000002B40F0C680079B01330793DDF80C8079
:10E53000DDF82090012707E0294600230A22204623
:10E54000FCF7FAFE0137054651462846FFF7F4FB73
:10E55000B94500F1300308F8013BEDDC089A002AC8
:10E56000C8BF9346039AD8BF4FF0010B93440027CE
:10E570002946012220460493FDF712F9514605462B
:10E58000FDF786F9002840F3DC811BF8013C039A73
:10E590000BF1FF3B04E05A4500F0EE811BF8013D12
:10E5A000392B0BF10109F6D001338BF800305146BD
:10E5B0002046FCF7B7FE56B12FB1B74203D039461B
:10E5C0002046FCF7AFFE31462046FCF7ABFE29465D
:10E5D0002046FCF7A7FE002389F80030249B079A09
:10E5E0001A60269B002B3FF477AC0398C3F8009089
:10E5F00019B0BDE8F08F0123BF1B0E937B1E06935D
:10E600007FF5D9ACC7F10103099300230693D4E445
:10E610005846F8F7BFFD42464B46F9F78DF80028FB
:10E620007FF4B1AC0BF1FF3BADE41A4B03930398BD
:10E6300019B0BDE8F08FDDF83480099F0C9E16E715
:10E64000C0F11C00099B03440993069B0344074443
:10E6500006934AE70126C7E4C3F1200308FA03F052
:10E660005EE401465A462046FDF73AF8229B012B0C
:10E67000824640F3BA814FF00009DAF810300AEB15
:10E6800083031869FCF700FFC0F1200020E700BFFA
:10E690000000244064120300314600230A22204671
:10E6A000FCF74AFE129B002B064640F3F382CDE9AD
:10E6B0000783002F00F31A81B9F1000F40F0E381C6
:10E6C000B046049B039F089903F001027B1E194486
:10E6D000229B0C92134309910A9351462846FFF757
:10E6E0002BFB314683462846FDF7D2F84246514679
:10E6F00081462046FDF7ECF8C26801460BF1300375
:10E70000002A42D1069028460893FDF7C1F80699E1
:10E7100004902046FCF706FE049A089B1AB90A9951
:10E72000002900F0A982B9F1000FC0F2718122998D
:10E7300049EA01090C9951EA090900F06981002AA6
:10E7400000F3BC81099A3B7007F101099742CB465F
:10E7500000F0BA81294600230A222046FCF7ECFD8E
:10E760004645054631464FF000034FF00A02204669
:10E7700012D0FCF7E1FD4146064600230A2220465E
:10E78000FCF7DAFD4F468046A7E720460493FCF7E6
:10E79000C9FD049B0122C6E7FCF7CEFD4F460646A5
:10E7A00080469AE7229B022B79DC0C9B002B80D1C0
:10E7B000079B5146013328460793FFF7BDFADDF862
:10E7C0000CB000F130030BF8013B0027D0E65146B6
:10E7D0002846FDF75DF80028BFF69DAE29460023C8
:10E7E0000A222046FCF7A8FD079B03F1FF380C9B8B
:10E7F0000546002B7FF450AF129B002B40F3438261
:10E80000089393E6B64B0393033308E41C2019E7FF
:10E81000DDE9041200297FF454AEC2F31303002B88
:10E820007FF44FAEAF4B1340002B00F00B82099BDF
:10E8300001330993069B013306934FF0010942E629
:10E8400001230C93239B079A134412930133012B4A
:10E850001F460893B8BF01270021172FE1637FF7F8
:10E860002FAC012204235B0003F11400B8421146CF
:10E8700002F10102F7D9E16322E401230C93239B07
:10E88000002B59DD129308931F46E5E700230C93F4
:10E89000D8E700230C93F2E7129BCDE90783089B8E
:10E8A000002B7FF454AD514605222046FCF744FD71
:10E8B000014682462846FCF7EBFF00287FF747AD6C
:10E8C000039B079F3122984603F8012B01370393DE
:10E8D00051462046FCF726FD7B1CDDF80C90079383
:10E8E000CDF80C80002E7FF46EAE70E631463A46CD
:10E8F0002046FCF755FF0646DEE6A3EB0808A6E532
:10E90000314642462046FCF7EBFE2A4601460646C3
:10E910002046FCF737FE294605462046FCF702FD57
:10E92000BDE5DDE90A234FF0020ACDE91023FFF728
:10E93000F4BBC0F13C0085E6012323930893FFF765
:10E94000BBBB03D1049BDB073FF51FAED9461BF8C9
:10E95000013D302BFAD02AE60F9A002A00F02D81D3
:10E9600003F23343069ADDF834801A440692099A7A
:10E9700017461A44099275E5079B039A01330793DA
:10E980003123137013E64FF0000A5646DFE40E9071
:10E9900038E600F03D81079A534B564206F00F02CD
:10E9A00003EBC203D3E90023DDE90A01F8F75CFCBD
:10E9B00036118046894600F078814C4F00234FF095
:10E9C000020AF20706D5D7E90023F8F74DFC0AF151
:10E9D000010A0123761007F10807F2D1002B3FF45A
:10E9E000BBAB80468946FFF7B7BB049B002B7FF487
:10E9F00042AEDDE90412C2F31303002B3FF412AF61
:10EA000039E629460D9A2046FCF76AFE05464BE595
:10EA1000002A12DD2946012220460493FCF7C0FE9D
:10EA200051460546FCF734FF0028049B40F318814B
:10EA3000392B00F0F9800BF13103B94609F8013B9D
:10EA4000079B0133374607934646B0E50995069C78
:10EA5000049D02460B46F8F751FA52465B46804643
:10EA60008946F8F791FE60B952465B4640464946F2
:10EA7000F8F762FE00283FF4CEAC099BD9077FF57A
:10EA8000CAAC039A04E471682046FCF725FC0746EB
:10EA9000002800F00E81336902339A0006F10C0160
:10EAA0000C30F1F739F9394601222046FCF778FE9F
:10EAB000804606E6DDE908239F1AD3E4392B00F0EF
:10EAC000B380B9460133B9E7079A01323746079256
:10EAD00046464DE529462046FCF702FE0546E3E49E
:10EAE000641B03000000F07F001A0300D819030024
:10EAF000DDF84CA0814901EBCA01DDE9102351E9A1
:10EB00000201F8F7B1FBCDE9100149464046F8F79C
:10EB10005BFE0646F8F73EFB0B460246494640467A
:10EB2000F8F7EAF9039F53463036012B07F8016BDB
:10EB30008046894600F0B780139E039B1E44704BAD
:10EB4000002240464946F8F78FFB89468046F8F791
:10EB50003BFE8246F8F71EFB0AF1300A02460B46DE
:10EB600040464946F8F7C8F907F801ABBE4280466F
:10EB70008946E4D1634B0022DDE91001F8F7BEF9C4
:10EB800042464B46F8F7E2FD002864D1DDE9102348
:10EB90005C490020F8F7B0F942464B46F8F7F4FD1F
:10EBA00000283FF4ADABB146013E19F8013C302BD3
:10EBB000F9D0149B0133079309E5169BC3F1360383
:10EBC000D0E6089B002B3FF46FAB129B002B7FF726
:10EBD00097AB079A013ACDE913324046484B0022E1
:10EBE0004946F8F741FB804689460AF10100F8F7EB
:10EBF000D1FA42464B46F8F737FB434B0022F8F771
:10EC00007DF9A1F15073CDE910011193FFF7C7BA57
:10EC1000DDE90A894FF0020AFFF79EBA079B01332C
:10EC200007933123FFF73BBB079BBB460133079399
:10EC3000392337460BF8013B4646A8E44FF0000A5B
:10EC400056463DE699463EE4109D139C149B0133C5
:10EC50000793B146BBE4149B039A0793FFF718BBD5
:10EC60007FF4EBAEDA077FF5E8AEE1E6DDF854B00D
:10EC7000109D139CFFF744BB392BD5D0B9F1000F81
:10EC80003FF7D9AED9E6229B022B3FF705AECDF870
:10EC90001C808DE5229B022B3FF7FEAD129BCDF829
:10ECA0001C80089305E53E4664E74FF0020AFFF733
:10ECB00053BA164B16483A4640F2EF21FEF7E0FFF2
:10ECC0000026E66331462046FCF706FB039050B968
:10ECD0000E4B0F48002240F2AF11FEF7D1FF0D4B53
:10ECE0000393FFF7F9B8039BA3634FF0FF3312932D
:10ECF0000893012323960C93FFF702BB001A03002D
:10ED0000000024400000E03F00001C400018030009
:10ED1000681B0300581B030070B5054684B05BB147
:10ED20001C4669B10E4B2846D3F8E0602346B04735
:10ED3000431C0FD004B070BD00F582740029F1D1DE
:10ED4000074A2346D2F8E06028460A4601A9B047A0
:10ED5000431CEFD100228A2322602B6004B070BDD7
:10ED6000548DFF1F00B583B0DDF810C0CDE9003C25
:10ED70004FF0FF3301F0B6FB03B05DF804FB00BFBA
:10ED80000EB410B583B005AB064C53F8042B0193B9
:10ED90000146206800F0C4F803B0BDE8104003B09D
:10EDA000704700BFE08FFF1F2DE9F04F9368176891
:10EDB00083B09246002B70D081468A6808680C4662
:10EDC000083743E0A38913F4906F2ED0D4E90416DA
:10EDD000A0EB010806EB460606EBD67608F101002B
:10EDE00076102844B042324684BF064632465B0560
:10EDF00037D511464846F9F7BFF8019000283AD0B8
:10EE000042462169F0F788FFA289019B22F49062B3
:10EE100042F08002A281A6EB080203EB08006661C3
:10EE2000A260236120602E46A84642465946FAF762
:10EE3000CDFFDAF80830A2682068921B40445B1BC3
:10EE4000A2602060CAF808303BB3083757E902B522
:10EE5000002DFAD0AA4216469046B3D92E46A846AF
:10EE6000E3E74846F9F744FB03460028D3D121697C
:10EE70004846FBF717FDA3890C2243F04003C9F86D
:10EE800000204FF0FF30A38100220023CAF80820A1
:10EE9000CAF8043003B0BDE8F08F00200023CAF8A0
:10EEA000043003B0BDE8F08F2DE9F84F4B6E9C04A1
:10EEB00090462DD59368126843B38B46064602F1FF
:10EEC000080959E9025A5FEA9A0715D0043D00245F
:10EED00001E0A7420ED055F8041F5A46304601F013
:10EEE00051FA431C04F10104F3D10023C8E90133B2
:10EEF000BDE8F88FD8F808302AF0030AA3EB0A031C
:10EF0000C8F8083009F10809002BDAD10020ECE735
:10EF100001F008F80023C8E90133BDE8F88F00BF0D
:10EF20002DE9F04FC5B00DF1500A83460391164606
:10EF30000021082250461C460793FAF7C3FFBBF195
:10EF4000000F04D0DBF83430002B00F0A186039AC8
:10EF5000536EDB0740F11C85B2F90C108AB29504A0
:10EF600009D4039B41F4005199818AB219465B6E22
:10EF700023F400534B66100740F10481039B1B6987
:10EF8000002B00F0FF8002F01A030A2B00F008812A
:10EF90000023CDE91933CDE90D331BAA0B93189249
:10EFA00091460C930593B0464446A64BD3F8E450E3
:10EFB000FBF7DCF82246034612A9CDF800A058461C
:10EFC000A847002800F04081C0F23381129A252A18
:10EFD000034601D01C44E8E7B4EB0806054640F0C0
:10EFE0003781002361788DF8433004F101080693DE
:10EFF0004FF0FF371E462B2408F10108A1F1200332
:10F000005A2B00F26581DFE813F09F026301630170
:10F010009A026301630163016A006301630167028D
:10F02000770263017202810263017C025B005B0074
:10F030005B005B005B005B005B005B005B006301EF
:10F0400063016301630163016301630163016301A0
:10F05000460284006301630163016301630163018C
:10F060006301630163016301E20063016301630102
:10F070001D026301C402630163019405630163011E
:10F080006301630163016301630163016301630160
:10F0900046028600630163016301B70286007F00B8
:10F0A0006301AA026301E702E400D7027F00630163
:10F0B0001D027C00720563016301740563017C001D
:10F0C000A1F13003002218F8011B02EB820203EBCE
:10F0D0004202A1F13003092BF5D906928EE758467A
:10F0E000FEF760FD43680D931846FBF7C9FA0E90D2
:10F0F00005465846FEF756FD83680C93002D40F0F8
:10F10000DF8498F8001077E798F8001046F02006A2
:10F1100072E746F01006B40640F17881079B07338A
:10F1200023F007031A46596852F8083B07920A462B
:10F130000029C0F27A84791C00F0A78526F08001AE
:10F14000029153EA020100F048840A2B72F1000197
:10F1500080F0498530338DF80F31029E01230493EE
:10F160000DF20F14049BBB42B8BF3B460293002331
:10F1700008939DF84330002B00F0B880029B0133C8
:10F180000293B3E0039D5846294601F03FF800285A
:10F1900040F05686AA8902F01A030A2B7FF4F8AED3
:10F1A0000399B1F90E30002BFFF6F2AE4B6EDB0780
:10F1B00002D4970540F118860399234632465846F3
:10F1C00000F070FE0590059845B0BDE8F08F46F060
:10F1D000100616F0200200F02681079B073323F06B
:10F1E000070319465A6851F8083B079126F48061D5
:10F1F0000291002100208DF84300781C00F000826D
:10F20000029820F0800653EA020040F0F881002FB7
:10F2100040F04385002940F0E483029B13F0010392
:10F22000049300F0208430238DF80F310DF20F1479
:10F2300098E7082200215046FAF744FE01231C44B7
:10F24000B3E600BF548DFF1FB4EB080605461AD085
:10F25000199B1A9A01333244072BC9E900861A9286
:10F2600019931ADD002A00F0B483039918AA5846AE
:10F27000FFF71AFED8B90DF16C09059B33440593CD
:10F28000002D7FF4AEAE1A9B002B40F0CA85039B85
:10F290000022B3F90C3019920CE009F10809ECE7EF
:10F2A000B346089B1BB108995846FBF7FBFA039B32
:10F2B000B3F90C30039A526E12F0010F9AB200F0BB
:10F2C0009C80500600F1C885059845B0BDE8F08FD8
:10F2D0000029D8D000238DF8433001238DF8AC10DD
:10F2E000029304932BAC002308931F4616F00203ED
:10F2F000099302D0029B0233029316F084030A930F
:10F3000005D1069B029A9D1A002D00F39482DDE937
:10F310001903411C9DF8432082B101220133C9F831
:10F32000042007290DF14302CDE91913C9F8002083
:10F3300000F36482084609F108090131099ADAB13B
:10F3400011AA0233C9F8002007294FF00202CDE9C3
:10F350001913C9F8042040F36982002B00F0588388
:10F36000039918AA5846FFF79FFD002899D1DDE9B7
:10F3700019030DF16C09411C0A9A802A00F0828160
:10F38000049ABD1A002D00F3E081049AC9F80040E8
:10F3900013440729CDE91913C9F8042040F36C81FF
:10F3A000002B00F09E82039918AA5846FFF77CFDB7
:10F3B00000287FF476AF1A9B0DF16C09750705D50F
:10F3C000069A0299541A002C00F39582DDE9052172
:10F3D00002988142ACBF521812180592002B40F0DF
:10F3E000FE81089900231993002900F048815846AE
:10F3F000FBF758FA0DF16C09D6E59C053FF561AFB6
:10F40000039CA06DFAF74EFFA2895AE7F006079A0F
:10F4100000F13E83710640F1388332F9043B0792D4
:10F42000DA17114684E616F01003079940F0288396
:10F4300016F0400000F020831A4651F8043B079173
:10F440009BB2D3E6079B1A4600238DF84330134640
:10F4500053F8044B0293002C00F02D84532900F044
:10F460008A8316F0100540F086837B1C00F0CC8464
:10F470003A4629462046FEF7B3FB0890002800F0E4
:10F48000B884031B029A049323EAE3732F4607927E
:10F49000029308956DE6432902D0F50640F15283A8
:10F4A000079D0822002116A82BACFAF70BFD16AB1E
:10F4B00055F8042B21465846FFF72EFC034601332E
:10F4C000049000F0CE84049B079523EAE373029333
:10F4D00000238DF8433006E7079B53F8042B069270
:10F4E000002A80F2BB82069A5242CDE9062398F8A0
:10F4F000001046F004067FE598F800108DF84340B0
:10F500007AE598F8001046F0800675E5424612F854
:10F51000011B2A2900F0B084A1F13003092B904689
:10F520004FF000073FF66AAD18F8011B07EB87079D
:10F5300003EB4707A1F13003092BF5D95EE598F8F5
:10F54000001046F0010657E59DF84330002B7FF48C
:10F55000D8AD202398F800108DF843304CE598F88A
:10F5600000106C2903BF98F8011046F0200608F13E
:10F57000010846F010063FE598F80010682903BF1F
:10F5800098F8011046F4007608F1010846F04006AC
:10F5900032E546F010030293029B13F0200200F0C4
:10F5A0002582079B073323F0070319465A6851F851
:10F5B000083B079101211DE6079A46F002030293DA
:10F5C00052F8043B079247F63002ADF84420A14AB6
:10F5D0000B92022100220DE6B70600F16782F506C4
:10F5E00000F16183740600F1EE83B00540F15B83A6
:10F5F000079B059953F8042B07931170D4E40296E6
:10F6000001293FF4A2AD022944AC11D10B9803F0BB
:10F610000F011B09415C04F8011D43EA0273120942
:10F6200053EA0201F3D1029E44AB1B1B049399E5FC
:10F6300003F00701DB0843EA4273D208303153EA92
:10F640000205204604F8011DF2D1029EF307EBD516
:10F650003029E8D03023023804F8013C44AB1B1AAF
:10F66000029E049304467DE5049B1B9401221C9397
:10F670001A9319920DF16C0909F108099EE60DF132
:10F680006C0991E4069A029D551B002D7FF778AE18
:10F69000102D40F3D383194643460994B846039C82
:10F6A00037465E469B4607E000F1020C09F1080967
:10F6B0001046103D102D1FDD674BC9F80030421C6D
:10F6C00010311023072ACDE91921C9F80430EBDDE8
:10F6D00018AA002900F08C80214630460DF16C09F3
:10F6E000FFF7E2FB00287FF4DBADDDE91901103DF7
:10F6F000102D00F1010CDFDC5A46099CB3460B4685
:10F700003E4647469046544AC9F804502B44BCF143
:10F71000070FCDE919C3C9F8002040F3A781002BDA
:10F7200000F02C83039918AA5846FFF7BDFB002868
:10F730007FF4B7AD049ADDE91903BD1A002D00F17D
:10F7400001010DF16C097FF720AE102D32DD194655
:10F7500043460994B046039C5E4610279B4607E04B
:10F7600000F1020C09F108091046103D102D1ADDB8
:10F77000421C394B1031072AC9E90037CDE919215C
:10F78000EEDD18AA29B3214630460DF16C09FFF7CA
:10F790008BFB00287FF484ADDDE91901103D102DAD
:10F7A00000F1010CE4DC5A46099C0B46B346614665
:10F7B00046469046284AC9F804502B440729CDE90B
:10F7C0001913C9F8002000F3F38009F10809013189
:10F7D000DBE54FF0010C08460DF16C09C5E7039914
:10F7E00018AA5846FFF760FB00283FF4FAAD58E529
:10F7F0004FF0010C08460DF16C095AE7002B00F0A0
:10F800000C81039918AA5846FFF74EFB00287FF495
:10F8100048ADDDE919030DF16C09411C8EE50223A9
:10F8200011AA1C931B9201210DF16C09084609F1E4
:10F830000809411CA0E5102D40F3E282DDE919130F
:10F84000184643460F94B846039C37465E469B468F
:10F850000CE000BF0C0E0300D41B030001F1020CEE
:10F8600009F108091146103D102D1DDDB24BC9F8F4
:10F8700000304A1C10301023072ACDE91920C9F89E
:10F880000430EBDD18AA30B3214630460DF16C0987
:10F89000FFF70AFB00287FF403ADDDE91910103DE6
:10F8A000102D01F1010CE1DC5A460F9C0346B346D2
:10F8B00060463E46474690469F4AC9F804502B444E
:10F8C0000728CDE91903C9F8002000F3B68009F133
:10F8D0000809411C1EE501464FF0010C0DF16C09B1
:10F8E000C1E7760719934AD5069A0299541A002C53
:10F8F00045DD0DF16C09102C40F39D821999039E92
:10F90000102506E0881C09F108091146103C102C4E
:10F910001ADD4A1C88481033072AC9E90005CDE9D9
:10F920001923EFDD18AA2BB331465846FFF7BCFA6E
:10F9300000287FF4B6ACDDE91913103C102C01F15E
:10F9400001000DF16C09E4DC7B4AC9F80440234452
:10F950000728CDE91903C9F800207FF737AD73B147
:10F96000039918AA5846FFF79FFA00287FF499AC2C
:10F970001A9B2BE5012019460DF16C09C6E7DDE95C
:10F98000053202998A42ACBF9B185B18059328E5A3
:10F99000039BB3F90C108F058AB23FF5E0AA1D4610
:10F9A000986DFAF77DFCB5F90C108AB2FFF7D7BA5B
:10F9B000002B3FF459AE039918AA5846FFF774FA82
:10F9C00000287FF46EAC19991A9B01310DF16C0976
:10F9D000DBE419920DF16C094FE4002F7FF4BAAB10
:10F9E000029E0027049744ACFFF7BCBB029B13F0B8
:10F9F000100354D1029A12F0400000F06781079979
:10FA00001A4651F8043B07919BB20121FFF7F2BB64
:10FA1000012118460DF16C09AEE4099A002A5ED165
:10FA2000184601210DF16C09A6E45B4262EB42022B
:10FA300002962D200121FFF7DEBB002B00F08D8008
:10FA4000039918AA5846FFF72FFA00287FF429AC2B
:10FA5000DDE919030DF16C09411C5BE498F8001015
:10FA60000793FFF7C9BA44ACFFF77CBB09F108095B
:10FA70000CF10101604683E416F4007240F09181BC
:10FA800051F8043B0791FFF7B1BBB30500F1828148
:10FA900052F8043B0792DA171146FFF749BB079962
:10FAA00051F8043B07910121FFF7A4BB079B059880
:10FAB00053F8041B0793C217C1E90002FFF774BA99
:10FAC0000C9B002B3FF41DAB0C9B1B78002B3FF4D1
:10FAD00018AB98F8001046F48066FFF78DBA022341
:10FAE00011AA1C931B9201200DF16C099FE602964E
:10FAF00052E5124B0B9316F020025FD0079B0733A1
:10FB000023F0070318465A6850F8083B0790F4079B
:10FB100009D553EA020006D08DF84510302146F091
:10FB200002068DF8441026F4806102910221FFF74D
:10FB300061BB034B0B93DEE7C41B03000C0E0300F9
:10FB4000DC1A0300079B012153F8042B02918DF866
:10FB5000AC20079304912BACBAE49DF84320002A13
:10FB600040F02681099A002A7FF459AE18460121F7
:10FB70000DF16C0904E40021082216A81394FAF789
:10FB8000A1F9791C00F0B280002507942C460CE006
:10FB90002BA95846FFF7C0F8421C204400F06181B1
:10FBA000B84208DC00F065810446139A525916AB3E
:10FBB0000435002AECD10494079CA5E016F010034C
:10FBC00007980CD116F0400405D01A4650F8043BB3
:10FBD00007909BB29BE716F4007240F0D58050F876
:10FBE000043B079093E70299CDF8208001F48066EA
:10FBF000DDF8308004974FF0000C44AC05E00A2B90
:10FC000072F1000236D33B462A46DFF890E299189B
:10FC100041F10001AEFB010525F0030000EB95006A
:10FC2000091A581A4FF0CC3562F1000705FB00F5B0
:10FC30000EFB0755A0FB0E70054407F0010E0520D2
:10FC4000AEFB000E40187F08303004F8010C47EA84
:10FC5000C5770CF1010C013C6D08002ECFD098F84F
:10FC600000106145CBD1BCF1FF0FC8D00A2B72F157
:10FC700000026CD244AB1B1B049FCDF83080029E67
:10FC8000DDF820800493FFF76DBA0296FFF75DBAA6
:10FC90005846F9F7E7FFFFF75AB9012902967FF4B2
:10FCA000B2ACFFF757BA079B059953F8042B1160C4
:10FCB0000793FFF779B9062F3B46029A784C0792D3
:10FCC00028BF062304930293FFF70DBB029B0799FD
:10FCD00013F4007214BF51F8043B51F8043B079130
:10FCE0001CBF0246DBB20121FFF784BA16AB0093BA
:10FCF0000023194613AA5846FFF734F80346013388
:10FD0000049000F0AE801394049B7BB3632B62DC01
:10FD1000002308932BAC0822002116A8FAF7D2F88A
:10FD2000049D16AB009313AA2B4621465846FFF7B5
:10FD300019F8854240F0AB80029B049A0793002398
:10FD4000A3541F4622EAE2730293FFF712BA0E9BF6
:10FD50000D99E41A1A462046FAF7B2F998F80130DC
:10FD60000BB108F101084FF0000C4CE7029B079320
:10FD7000049B02931F460893FFF7FBB90121184625
:10FD80000DF16C09FFF7FCBA50F8043B07902246CE
:10FD9000DBB2BCE612F9043B0792DA171146FFF713
:10FDA000C7B951F8043B07910246DBB2FFF71EBA10
:10FDB00001231C9301210DF143031B930DF16C09E9
:10FDC0000B46FFF7B7BA079B059953F8042B079327
:10FDD0001180FFF7E9B8591C5846F8F7CDF80446EA
:10FDE00000283ED0089096E7886DFAF75BFAFFF797
:10FDF000E3B9029B049702970793089FFFF7B9B9ED
:10FE000019981A9B013057E5029B07932046FAF791
:10FE100037FC20EAE0732F46049002930895FFF721
:10FE2000A8B9039918AA5846FFF73EF800283FF4EE
:10FE30002EAAFFF73CBA1998013085E58C4662E49A
:10FE4000039B5B6ED90707D4039B9B899A0503D458
:10FE5000039B986DFAF726FA4FF0FF330593FFF7EF
:10FE600033BA039AB2F90C3043F040039381FFF7A1
:10FE700021BA079C049747E7079B98F8011053F8AD
:10FE8000047B0793904647EAE777FFF7B5B8039AF4
:10FE9000938943F040039381FFF703BACDCCCCCCD8
:10FEA000F01A0300F0B51F468B89ADF26C4D23F0BC
:10FEB0000203ADF80C304B6E1993CB89ADF80E30C0
:10FEC000CB6907934B6A09931AAB009304934FF4E1
:10FED0008063154606460293059316A800230C4638
:10FEE0000693FAF7D9F92A463B4669463046FFF7AA
:10FEF00017F8051E07DB69463046FDF729FE002886
:10FF000018BF4FF0FF35BDF80C305B0603D5A38951
:10FF100043F04003A3811698FAF7C0F928460DF282
:10FF20006C4DF0BD9368002B00F081802DE9F04FFF
:10FF3000B1F90C300C461907804683B0174698B2C9
:10FF400023D523690BB310F002033D682BD04FF08B
:10FF5000000ADFF8B4B256465E453346524628BF23
:10FF60005B464046002E4FD0E169D4F824C0E047FC
:10FF7000002852DDBB681B1A8244361ABB60002B76
:10FF8000EAD1002003B0BDE8F08F2146404600F0E2
:10FF90003DF9002840F03481B4F90C303D6898B246
:10FFA00010F00203D3D110F0010942D14E463EB306
:10FFB0008205D4F808B040F18180B3455A4600F27A
:10FFC000B18010F4906F40F0BE80206801924946E5
:10FFD000F9F7FCFEA368019AA3EB0B012368A1606B
:10FFE0001344B24623600026BB68A3EB0A03D14446
:10FFF000BB60002BC5D0B4F90C0080B2002ED7D165
:020000023000CC
:10000000D5E900960835D2E7D5E900A60835A3E77B
:1000100021464046FDF79CFD80B3B4F90C3043F017
:1000200040034FF0FF30A38103B0BDE8F08F002004
:1000300070471E46BA46994618461F4666B388B3AF
:100040004A46D4E904C32068A168B24228BF3246B8
:10005000604504D901EB030B5A4500F3A780934296
:1000600064DCE169D4F824C03A464046E047B0F188
:10007000000BD2DDB9EB0B09CAD00120DAF8083049
:10008000A3EB0B035F44A6EB0B06CAF80830002B6A
:100090003FF477AF002ED2D16E682B460835002E84
:1000A000FAD01F6832460A213846FDF799FD00282C
:1000B00000F09D800130A0EB0709C1E720682369AB
:1000C000984217D86269B24214D86FF00043B34225
:1000D00028BF3346E16993FBF2F3D4F824C002FB56
:1000E00003F340464A46E047B0F1000A95DDA6EB2F
:1000F0000A0679E7B345DA4628BFB2465246494672
:10010000F9F764FEA3682268A3EB0A035244A360D4
:100110002260002BEBD121464046FDF719FD002857
:10012000E5D07AE72068B34632464FE73946019278
:10013000F9F74CFE019AA3689B1AA3602368134445
:100140002360934696E723682169A3EB010B63695B
:1001500003EB430A0AEBDA7A0BF101034FEA6A0A6E
:1001600033445345524684BF9A46524643052CD5E4
:1001700011464046F7F700FF00283BD05A46216958
:100180000190EFF7C9FDA289019B22F4906242F031
:100190008002A28103EB0B002361AAEB0B03C4F8DE
:1001A00014A0A3602060B34632460FE739465A4692
:1001B000F9F70CFE23685B44236021464046FDF7B7
:1001C000C7FC00283FF456AF27E74046F8F790F900
:1001D00003460028DED121694046FAF763FBB4F9F3
:1001E0000C300C2223F08003C8F8002017E7721CA3
:1001F000914626E70C22B4F90C30C8F800200EE72F
:100200004FF0FF30BEE600BF00FCFF7F38B5314B3A
:100210001B6805460C4613B15A6B002A4ED0B4F940
:100220000C3018079AB21CD5216929B312F00100CD
:1002300007D00020A06060694042A06139B1002071
:1002400038BD950758BF6069A0600029F7D1120634
:1002500058BF0846F4D543F04003A3814FF0FF3068
:1002600038BDD1062ED5520714D4216943F00803B6
:10027000A3819AB20029D9D102F42070B0F5007F91
:10028000D4D02146284600F03FF9B4F90C3021695A
:100290009AB2CBE7216B51B104F14002914204D0F4
:1002A0002846FAF7FFFAB4F90C30002222632169DC
:1002B0000022C4E9001223F02403D7E71846F9F717
:1002C000D1FCACE7092243F040032A604FF0FF3035
:1002D000A38138BDE08FFF1F2DE9F04383B00746AF
:1002E00088461446F9F742FF012803D108F1FF338D
:1002F000FE2B37D90DF10409424604F15C0349464F
:100300003846FEF709FD421C064633D028B39DF857
:1003100004C0002509E023685A1C226083F800C04D
:100320000135B54219D219F801CFA368013B002B62
:10033000A360F0DAD4F818E07345614622463846E7
:1003400002DBBCF10A0FE6D100F04AF9431CE7D109
:100350000646304603B0BDE8F0834646304603B05B
:10036000BDE8F0835FFA88FC8DF804C006460DF105
:100370000409CEE7A389304643F04003A38103B0CC
:10038000BDE8F08330B5536E13F0010FB2F90C30B5
:10039000144683B005469AB201D198051CD5900445
:1003A00006D4626E43F4005342F40052A3816266A5
:1003B00022462846FFF790FF636EDA07054602D40F
:1003C000A3899B0502D5284603B030BDA06DF9F77F
:1003D00069FF284603B030BDA06D0191F9F760FFB9
:1003E000B4F90C3001999AB2D9E700BF2DE9F04F6A
:1003F00089B0DDE9138A129F0191814603921E465E
:10040000B8F1000F55D0019B002B57D0039B1D68FE
:10041000002F63D0741E2EB3019B0293043D00266F
:100420000AE0019B13BB2A68002A35D0BC4557D28D
:10043000013C631C664615D0D8F8003055F8042FEF
:100440000093DAF8E0C0D8F804B0434605A948465E
:10045000E047421C37D000EB060CBC45E1D9009BBD
:10046000C8E9003B304609B0BDE8F08F00280CDD3C
:10047000029B18445A1E05A900F1FF3E11F8013BEA
:1004800002F8013F7245F9D10290039B1A680432C9
:100490001A602A68002AC9D1019B0BB1039B1A601C
:1004A0000CF1FF3600223046C8F8002009B0BDE844
:1004B000F08F019B00F58678002BA7D1039B4FF0AE
:1004C000FF371D68A6E706468A2100223046C9F894
:1004D0000010C8F8002009B0BDE8F08F3E46C1E723
:1004E0006646BFE710B584B0054C069800900798A3
:1004F0000190044800680294FFF778FF04B010BD33
:10050000548DFF1FE08FFF1F2DE9F0418B890C46B2
:10051000990796B008D504F143030122C4E90432D7
:10052000236016B0BDE8F081B4F90E10002906462C
:1005300025DB6A4600F0ACF800281FDB019D05F4BE
:100540007045A5F50055B5FA85F54FF480686D093D
:100550004FF4006741463046F7F70EFDE0B1B4F9BD
:100560000C30C4F8148043F0800320602061A38124
:1005700035BB3B43A38116B0BDE8F081A38913F0DE
:10058000800519D04FF040080025414630462F46DF
:10059000F7F7F2FC0028E2D1B4F90C309A05C0D488
:1005A00023F0030304F1430243F002030121C4E9F1
:1005B0000421A3812260B4E74FF480682F46C9E785
:1005C000B4F90E10304600F079F810B9B4F90C30D7
:1005D000CFE7A38923F0030343F001031BB2C8E76D
:1005E000F8B50D461446064610B1436B002B4CD0AF
:1005F000B4F90C20A369A360170790B21BD5236937
:10060000CBB1EDB281042F4622D522686169D31A9D
:10061000994229DD0133A1680139A160511C216093
:10062000157062699A4227D0A389DB0701D50A2D8C
:1006300022D03846F8BD21463046FFF7E7FD08BB1B
:10064000B4F90C20236990B2EDB281042F46DCD4BA
:1006500042F40052A281626E616922F40052626625
:100660002268D31A9942D5DC21463046FDF770FA4C
:1006700040B922680123CEE721463046FDF768FAEB
:100680000028D6D04FF0FF37D3E7F9F7EBFAAFE702
:1006900070B50C46084D03460026204611461C4600
:1006A0002E60EFF757FC431C00D070BD2B68002B69
:1006B000FBD0236070BD00BF80A4FF1F38B5074D7D
:1006C0000022044608462A60EFF74AFC431C00D08B
:1006D00038BD2B68002BFBD0236038BD80A4FF1FE2
:1006E00038B505460C462846214600220023F7F778
:1006F0002DF828B928462146BDE8384000F00AB850
:10070000284604F1004100F005F8404261EB410148
:1007100038BD00BFD0B50C4B002206460F46F6F799
:10072000A3FDF7F779F80446F6F724FD074B0022FE
:10073000F6F79AFD02460B4630463946F6F7DCFBE3
:10074000F7F76AF82146D0BD0000F03D0000F04107
:100750003A463F2300FFFFFF3A41302C332300008D
:100760003A412A2C332300002A30313233343536D3
:10077000373839504357414200000000450000001F
:100780002B2D0000414D550041434400415355512C
:10079000000000002B2D67475051735324210000A7
:1007A0004F6F49693A303132333435363738634325
:1007B0006D725700783F7E4D5641610074730000A2
:1007C00041614363446465666747684C4D4E4F50D2
:1007D0006D6E6F52725354745658575A0000000091
:1007E000426243464F5051525300000065776E738A
:1007F0006700000050534155463F610031324000D0
:100800002365776E7300000047434D533031323318
:10081000340000002161424365646747684C6D4DB8
:100820006E4E6F4F72745455587A0000522B2D54EF
:10083000534C5100656430313200000030313233A6
:10084000000000003F0000005800FFFF3A41452330
:10085000000000003A434123000000003A434D23CA
:10086000000000003A435323000000003A435523A0
:10087000000000003A4423003A45442300000000F1
:100880003A464123000000003A465623000000008B
:100890003A466123000000003A467E230000000033
:1008A0003A472823000000003A47292300000000AF
:1008B0003A474123000000003A474323000000006C
:1008C0003A474423000000003A47444C230000000C
:1008D0003A474723000000003A474C23000000003D
:1008E0003A474D23000000003A474E230000000025
:1008F0003A474F23000000003A475223000000000F
:100900003A47524C230000003A47532300000000AE
:100910003A47534C230000003A475423000000009C
:100920003A475642230000003A475644230000004D
:100930003A47564E230000003A4756502300000025
:100940003A475654230000003A47566223000000FD
:100950003A475723000000003A475841302300002F
:100960003A475841312300003A47584132230000AA
:100970003A475841332300003A4758413423000096
:100980003A475841352300003A4758413623000082
:100990003A475841372300003A475841382300006E
:1009A0003A475841532300003A4758416123000019
:1009B0003A475841772300003A4758417A230000CC
:1009C0003A475843532300003A47584450302300D5
:1009D0003A475844503123003A4758445032230094
:1009E0003A475844503323003A4758445034230080
:1009F0003A475844503523003A475844503623006C
:100A00003A475844503723003A475844523123005C
:100A10003A475844523223003A475844523323004D
:100A20003A475844523423003A4758445235230039
:100A30003A475844523623003A4758445723000057
:100A40003A475844573123003A475845302300006D
:100A50003A475845312300003A47584532230000B1
:100A60003A475845412300003A475845442300007F
:100A70003A4758454F2300003A4758455044230011
:100A80003A475845505223003A47584552230000F0
:100A90003A4758455A2300003A47584572442300C4
:100AA0003A475845725223003A47584C45230000B4
:100AB0003A47584C482300003A47584C4F2300000F
:100AC0003A47584C532300003A47584C55230000EE
:100AD0003A47584C572300003A47584D42442300A8
:100AE0003A47584D425223003A47584D4344230059
:100AF0003A47584D435223003A47584D4744230044
:100B00003A47584D475223003A47584D494423002D
:100B10003A47584D495223003A47584D4C44230018
:100B20003A47584D4C5223003A47584D4D44230004
:100B30003A47584D4D5223003A47584D52442300EE
:100B40003A47584D525223003A47584D53442300D8
:100B50003A47584D535223003A47584D63442300B7
:100B60003A47584D635223003A47584D6D4423008D
:100B70003A47584D6D5223003A47584F41230000E1
:100B80003A47584F422300003A47584F432300004A
:100B90003A47584F492300003A47584F5323000023
:100BA0003A475850312300003A475850322300004A
:100BB0003A475850332300003A4758503423000036
:100BC0003A475852412300003A4758524223000006
:100BD0003A475852442300003A47585258230000DD
:100BE0003A475852652300003A475852662300009E
:100BF0003A475852722300003A4758526423000083
:100C00003A475854302300003A47585431230000E3
:100C10003A475854322300003A47585433230000CF
:100C20003A47586C582300003A475872672300002F
:100C30003A475872702300003A47587274230000F4
:100C40003A475A23000000003A47612300000000A1
:100C50003A476323000000003A4764230000000085
:100C60003A47644C230000003A4765230000000027
:100C70003A476623000000003A476723000000005F
:100C80003A476823000000003A476D230000000047
:100C90003A476E23000000003A476F23000000002F
:100CA0003A477223000000003A47724C23000000CC
:100CB0003A477423000000003A573F2300FFFFFF2C
:100CC0000000000000000000000000000000000024
:100CD00000000000000000000000000000FFFFFF17
:100CE0004E2F412300FFFFFF25642C252B30366457
:100CF0002C252B3036642300256400FF2530326418
:100D00002F253032642F2530326423002530382ED1
:100D100035662300252B30382E3566230000000071
:100D2000252B303464230000252B30352E316623EB
:100D300000000000252B3032642A230053697465BB
:100D4000202564003F2300002573230025303264F2
:100D50002A230000252B30382E36662300000000A1
:100D60004F6374202037203230323600312E362E39
:100D7000313000005465656E417374726F0000007D
:100D8000556E6976657273616C00000030303A30E0
:100D9000303A30300000000025642300500000008D
:100DA000470000004C000000540000004E0000000E
:100DB000480000003100FFFF2566230025302E3853
:100DC000662C25302E38662C25302E38662C2530A2
:100DD0002E3866230000000025642C2564230000C3
:100DE00025752300256C752300000000256C662303
:100DF00000000000256C642300000000256C6425C1
:100E000025230000792300006E23000030313233A7
:100E100034353637383961626364656600FFFFFF39
:100E20004142434445464748494A4B4C4D4E4F503A
:100E30005152535455565758595A61626364656606
:100E40006768696A6B6C6D6E6F70717273747576BA
:100E50007778797A303132333435363738392B2F49
:100E600000FFFFFF616C69676E00FFFFD0070000A5
:100E7000D0070000B80B0000B80B0000706F696E5F
:100E80007420310025732009205B25662C202566FF
:100E90005D000000706F696E742032006572726FC1
:100EA00072000000417A696D757468205074333A9D
:100EB0002000FFFFFFFFFFFF000000000000000018
:100EC00000000000000024400000000000405940E5
:100ED0004D6F756E7420256400FFFFFFD007000082
:100EE000D0070000B80B0000B80B0000D0070000CE
:100EF000D0070000B80B0000B80B00004D6E0100D9
:100F0000516E0100596E0100616E01001F1C1F1E11
:100F10001F1E1F1F1E1F1E1F2573253032643A25FA
:100F20003032643A2530326400FFFFFF25303264EE
:100F30002A253032643A2530326400002B253032C5
:100F4000642A253032643A25303264004750524DCD
:100F500043000000474E524D4300000047504747B2
:100F600041000000474E47474100FFFF02000300D9
:100F700004000500060008000A000C001000140020
:100F80001800200028003800400060008000C000E9
:100F900000018001000280020003FFFF00000080CA
:100FA000000001800000000000000280000001003D
:100FB00001100000000002000110010003200000E9
:100FC00001000200032001000430000003200200A1
:100FD000032003000540000005400100065000000A
:100FE0000650010007600000076001000870000063
:100FF00007600200087001003C80044000100000FF
:10100000041A0000FF7F000011100000CDBD010098
:101010000C08000000020000000200000B070000A6
:1010200040020000000200000D0E0000400200001F
:10103000000200000A020906141715160F0000002E
:101040000002000000020000000200000002000098
:101050000002000000020000000200000002000088
:101060000002000001010202040408081000000050
:10107000000000000000000031CB010045CA010063
:10108000CDC6010059C70100F9C701004DC60100D6
:1010900029C7010029C6010011C70100F1C60100DE
:1010A00071C701008DC6010041C701006463414161
:1010B0002000000064634141740000006463484400
:1010C000200000006463484474000000696E7600EC
:1010D000746573740000000054696E7600000000AF
:1010E00075000000760000006469616700FFFFFF83
:1010F0006463484400000000646341410000FFFF56
:10110000000000000000000069F301008DF3010001
:1011100011F401000DF4010009F4010005F40100CF
:1011200001F4010031F30100EDF30100E9F30100E6
:10113000E1F30100D9F30100D1F30100C1F3010093
:10114000B1F30100ADF30100A5F301009DF301002F
:1011500011F3010019F3010021F3010029F301004B
:1011600075F301005DF301000000000000000000C5
:101170004DF4010071F4010001F50100FDF40100DE
:10118000F9F40100F5F40100F1F4010015F4010097
:10119000D1F40100CDF40100C5F40100BDF401005B
:1011A000B5F40100A5F4010095F4010091F40100EB
:1011B00089F4010081F4010025F5010045F50100E5
:1011C00065F5010005F5010059F4010041F4010045
:1011D0000000000000000000BDF50100E1F5010085
:1011E00071F601006DF6010069F6010065F6010077
:1011F00061F6010085F5010041F601003DF60100B0
:1012000035F601002DF6010025F6010015F6010066
:1012100005F6010001F60100F9F50100F1F5010004
:1012200095F60100B5F60100D5F6010075F601004E
:10123000C9F50100B1F50100F9F60100FDF6010064
:1012400001F7010005F701006E616E00696E66002E
:101250006F7666006FF07F030370037813F0800FE2
:10126000FBD070473000FFFF4008FE4340A0044021
:101270004408FE4344A004400018FE4300C004405C
:101280003000FE43309004403400FE43349004406C
:101290001C18FE431CC004401018FE4310C004403C
:1012A0000818FE4308C004400C18FE430CC004405C
:1012B0000C10FE430CB004401010FE4310B004406C
:1012C0001810FE4318B004401C10FE431CB004402C
:1012D0001410FE4314B004400418FE4304C004403C
:1012E0000010FE4300B004400008FE4300A004408C
:1012F0000408FE4304A004400C08FE430CA0044074
:101300000808FE4308A004401418FE4314C004401B
:101310001818FE4318C004400410FE4304B00440F3
:101320000810FE4308B004401400FE43149004402B
:101330004C08FE434CA004400420FE4304D004406B
:101340002410FE4324B004402010FE4320B004408B
:101350002810FE4328B004402C10FE432CB004405B
:101360000020FE4300D004404808FE4348A004404B
:101370001000FE4310900440000000000000000038
:10138000ED2B0200E52B0200E12B0200DD2B020019
:10139000D92B0200D52B0200D12B0200CD2B02004D
:1013A00000010000C088FF1F1200000000020000C2
:1013B0007C88FF1F4300000000030000D488FF1F4B
:1013C0000000000001030904D888FF1F000000008E
:1013D00002030904F088FF1F000000000303090452
:1013E0000889FF1F0000000000000000000000004E
:1013F00000000000001519154FBB610567ACDD3F0B
:10140000182D4454FB21E93F9BF681D20B73EF3F2B
:10141000182D4454FB21F93FE2652F227F2B7A3CA3
:10142000075C143326A6813CBDCBF07A8807703C5C
:10143000075C143326A6913C182D4454FB21E9BFC8
:10144000D221337F7CD90240D221337F7CD902C0A4
:101450000000000000000080182D4454FB210940CA
:10146000182D4454FB2109C00000000000000000BA
:101470000000000000000080FB21F93FFB21094033
:101480007CD91240FB2119407A6A1F407CD9224046
:10149000BBFD2540FB2129403A462C407A6A2F406B
:1014A0005C4731407CD932409C6B3440BBFD3540B9
:1014B000DB8F3740FB2139401BB43A403A463C4071
:1014C0005AD83D407A6A3F404C7E40405C4741409C
:1014D0006C1042407CD942408CA243409C6B4440FB
:1014E000AC344540BBFD4540CBC64640DB8F474052
:1014F000EB584840FB21494083F9A200444E6E005E
:10150000FC291500D1572700DD34F50062DBC0004F
:101510003C999500419043006351FE00BBDEAB0057
:10152000B761C5003A6E2400D24D42004906E00082
:1015300009EA2E001C92D100EB1DFE0029B11C000F
:10154000E83EA700F535820044BB2E009CE98400EC
:10155000B4267000417E5F00D69139005383390074
:101560009CF439008B5F840028F9BD00F81F3B0014
:10157000DEFF97000F980500112FEF000A5A8B002D
:101580006D1F6D00CF7E360009CB2700464FB70098
:101590009E663F002DEA5F00BA277500E5EBC700A5
:1015A0003D7BF100F739070092528A00FB6BEA009D
:1015B0001FB15F00085D8D00300356007BFC4600C4
:1015C000F0AB6B0020BCCF0036F49A00E3A91D00FD
:1015D0005E619100081BE60085996500A0145F001C
:1015E0008D40680080D8FF0027734D00060631004B
:1015F000CA561500C9A873007BE260006B8CC0005E
:1016000000000040FB21F93F000000002D44743E23
:10161000000000809846F83C0000006051CC783B08
:1016200000000080831BF0390000004020257A383C
:10163000000000802282E336000000001DF36935BF
:10164000020000000300000004000000060000008B
:101650002E0000006E660000696E6974790000005B
:10166000616E00FF35000000CEFBFFFFCB030000E2
:10167000010000000000000034000000CEFBFFFF6E
:10168000CB0300000100000000000000FFFFFFFF8F
:10169000BC89D897B2D29C3C33A7A8D523F6493948
:1016A0003DA7F444FD0FA5329D978CCF08BA5B256A
:1016B000436FAC64280668110020202020202020E1
:1016C00020202828282828202020202020202020F2
:1016D0002020202020202020208810101010101002
:1016E000101010101010101010040404040404044E
:1016F00004040410101010101010414141414141E8
:1017000001010101010101010101010101010101C9
:1017100001010101101010101010424242424242D9
:101720000202020202020202020202020202020299
:101730000202020210101010200000000000000041
:101740000000000000000000000000000000000099
:101750000000000000000000000000000000000089
:101760000000000000000000000000000000000079
:101770000000000000000000000000000000000069
:101780000000000000000000000000000000000059
:101790000000000000000000000000000000000049
:1017A0000000000000000000000000000000000039
:1017B000000000000000000000FFFFFF4C435F43FB
:1017C0004F4C4C41544500004C435F4354595045E5
:1017D000000000004C435F4D4F4E455441525900AC
:1017E0004C435F4E554D4552494300004C435F54B6
:1017F000494D45004C435F4D4553534147455300C8
:1018000042616C6C6F6320737563636565646564C6
:10181000000000002F646174612F6A656E6B696E51
:10182000732F776F726B73706163652F474E552D01
:10183000746F6F6C636861696E2F61726D2D3131E9
:101840002F7372632F6E65776C69622D637967778A
:10185000696E2F6E65776C69622F6C6962632F7396
:1018600074646C69622F6764746F612D6765746856
:1018700065782E6300FFFFFF0000000000000000FD
:101880000000000000000000000000000000000058
:101890000000000000000000000000000000000048
:1018A000000000000000000010111213141516179C
:1018B0001819000000000000001A1B1C1D1E1F004C
:1018C0000000000000000000000000000000000018
:1018D0000000000000000000001A1B1C1D1E1F005D
:1018E00000000000000000000000000000000000F8
:1018F00000000000000000000000000000000000E8
:1019000000000000000000000000000000000000D7
:1019100000000000000000000000000000000000C7
:1019200000000000000000000000000000000000B7
:1019300000000000000000000000000000000000A7
:101940000000000000000000000000000000000097
:101950000000000000000000000000000000000087
:101960000000000000000000000000000000000077
:1019700000000000000000002F646174612F6A65A0
:101980006E6B696E732F776F726B73706163652F07
:10199000474E552D746F6F6C636861696E2F61726D
:1019A0006D2D31312F7372632F6E65776C69622DE7
:1019B00063796777696E2F6E65776C69622F6C69E2
:1019C00062632F7374646C69622F6D707265632E2D
:1019D0006300FFFFFFFFFFFF0080E03779C3414353
:1019E000176E05B5B5B89346F5F93FE9034F384D85
:1019F000321D30F94877825A3CBF737FDD4F157531
:101A0000000000000000F03F000000000000244043
:101A100000000000000059400000000000408F401E
:101A2000000000000088C34000000000006AF84089
:101A30000000000080842E4100000000D0126341AD
:101A40000000000084D797410000000065CDCD4123
:101A5000000000205FA00242000000E87648374204
:101A6000000000A2941A6D42000040E59C30A242A2
:101A70000000901EC4BCD64200003426F56B0C4317
:101A80000080E03779C3414300A0D88557347643BE
:101A900000C84E676DC1AB43003D9160E458E1431F
:101AA000408CB5781DAF154450EFE2D6E41A4B4494
:101AB00092D54D06CFF08044F64AE1C7022DB544D9
:101AC000B49DD9794378EA4405000000190000006C
:101AD0007D000000494E46004E414E003031323309
:101AE000343536373839414243444546000000001A
:101AF000286E756C6C2900FF2020202020202020DB
:101B00002020202020202020303030303030303055
:101B100030303030303030302C2066756E63746970
:101B20006F6E3A2000000000617373657274696F14
:101B30006E2022257322206661696C65643A2066F6
:101B4000696C6520222573222C206C696E65202526
:101B500064257325730A00FF496E66696E6974799E
:101B6000000000004E614E002F646174612F6A65B1
:101B70006E6B696E732F776F726B73706163652F15
:101B8000474E552D746F6F6C636861696E2F61727B
:101B90006D2D31312F7372632F6E65776C69622DF5
:101BA00063796777696E2F6E65776C69622F6C69F0
:101BB00062632F7374646C69622F64746F612E6347
:101BC00000FFFFFF20202020202020202020202098
:101BD0002020202030303030303030303030303045
:101BE00030303030F8B500BFF8BC08BC9E467047B6
:101BF000E5A7020035040000190E00006D22000068
:101C0000CD230000C92E0000152F0000D92F0000A1
:101C100069340000C1340000AD3F00007141000094
:101C20006D4B0000CD61000059830000D58C000091
:101C3000918D0000258E000051950000FDC600002A
:101C400019D5000045D5000069E10000D9E1000088
:101C5000B9E20000090C010019110100E9140100AA
:101C600065180100D52C010041320100BD3601008C
:101C7000813A01004D450100D55001009D680100E9
:101C8000256A0100ED6D01003D6E01003D7A010005
:041C90000DF9010049
:041C9400F8B500BFE0
:081C98008C15FF7F0100000024
:101CA000000000007C99FF1FE099FF1F509BFF1F61
:101CB000789AFF1F72000000760000007800000094
:101CC000790000007E0000007B0000007A00000028
:101CD0007C0000007F000000870000008B000000F7
:101CE0003C99FF1FC099FF1FC89AFF1F289AFF1F2A
:101CF00064000000680000006A0000006B00000043
:101D0000700000006D0000006C0000006E0000001C
:101D10007100000082000000860000000101000048
:101D20002C01000000C00240F80F0300000000007A
:101D300000000000000000000000000000000000A3
:101D40000000000000000000000000000000000093
:101D500000000000000000000000000080841E0061
:101D60000811030000000000E8030000000000006C
:101D70004D2202007011030000000000E803000083
:101D80000000000051220200D811030000000000F2
:101D9000E8030000000000005522020024A6FF1FF7
:101DA00008000000280000001A00000040000000A9
:101DB0004000000001000000280000001A000000A0
:101DC0004000000009000000280000000A00000098
:101DD000280000001A000000400000002800000059
:101DE000080101018013030000000000E803000067
:101DF00000000000FFFFFFFF010A0400090243008A
:101E0000020100C0320904000001020201000524A1
:101E10000010010524010101042402060524060026
:101E2000010705820310004009040100020A0000B6
:101E3000000705030240000007058402400000007F
:101E40001201100102000040C01683047502010255
:101E50000301000004030904180354006500650031
:101E60006E00730079006400750069006E006F00F9
:101E70001603550053004200200053006500720015
:101E8000690061006C0000000C030000000000000D
:101E90000000000000000000000000000000000042
:101EA000000000000000F03F59F3F8C21F6EA501CA
:101EB0000000803F6042A20D000000000000000012
:101EC0003889FF1F3889FF1F4089FF1F4089FF1F86
:101ED0004889FF1F4889FF1F5089FF1F5089FF1F36
:101EE0005889FF1F5889FF1F6089FF1F6089FF1FE6
:101EF0006889FF1F6889FF1F7089FF1F7089FF1F96
:101F00007889FF1F7889FF1F8089FF1F8089FF1F45
:101F10008889FF1F8889FF1F9089FF1F9089FF1FF5
:101F20009889FF1F9889FF1FA089FF1FA089FF1FA5
:101F3000A889FF1FA889FF1FB089FF1FB089FF1F55
:101F4000B889FF1FB889FF1FC089FF1FC089FF1F05
:101F5000C889FF1FC889FF1FD089FF1FD089FF1FB5
:101F6000D889FF1FD889FF1FE089FF1FE089FF1F65
:101F7000E889FF1FE889FF1FF089FF1FF089FF1F15
:101F8000F889FF1FF889FF1F008AFF1F008AFF1FC3
:101F9000088AFF1F088AFF1F108AFF1F108AFF1F71
:101FA000188AFF1F188AFF1F208AFF1F208AFF1F21
:101FB000288AFF1F288AFF1F308AFF1F308AFF1FD1
:101FC000388AFF1F388AFF1F408AFF1F408AFF1F81
:101FD000488AFF1F488AFF1F508AFF1F508AFF1F31
:101FE000588AFF1F588AFF1F608AFF1F608AFF1FE1
:101FF000688AFF1F688AFF1F708AFF1F708AFF1F91
:10200000788AFF1F788AFF1F808AFF1F808AFF1F40
:10201000888AFF1F888AFF1F908AFF1F908AFF1FF0
:10202000988AFF1F988AFF1FA08AFF1FA08AFF1FA0
:10203000A88AFF1FA88AFF1FB08AFF1FB08AFF1F50
:10204000B88AFF1FB88AFF1FC08AFF1FC08AFF1F00
:10205000C88AFF1FC88AFF1FD08AFF1FD08AFF1FB0
:10206000D88AFF1FD88AFF1FE08AFF1FE08AFF1F60
:10207000E88AFF1FE88AFF1FF08AFF1FF08AFF1F10
:10208000F88AFF1FF88AFF1F008BFF1F008BFF1FBE
:10209000088BFF1F088BFF1F108BFF1F108BFF1F6C
:1020A000188BFF1F188BFF1F208BFF1F208BFF1F1C
:1020B000288BFF1F288BFF1F308BFF1F308BFF1FCC
:1020C000388BFF1F388BFF1F408BFF1F408BFF1F7C
:1020D000488BFF1F488BFF1F508BFF1F508BFF1F2C
:1020E000588BFF1F588BFF1F608BFF1F608BFF1FDC
:1020F000688BFF1F688BFF1F708BFF1F708BFF1F8C
:10210000788BFF1F788BFF1F808BFF1F808BFF1F3B
:10211000888BFF1F888BFF1F908BFF1F908BFF1FEB
:10212000988BFF1F988BFF1FA08BFF1FA08BFF1F9B
:10213000A88BFF1FA88BFF1FB08BFF1FB08BFF1F4B
:10214000B88BFF1FB88BFF1FC08BFF1FC08BFF1FFB
:10215000C88BFF1FC88BFF1FD08BFF1FD08BFF1FAB
:10216000D88BFF1FD88BFF1FE08BFF1FE08BFF1F5B
:10217000E88BFF1FE88BFF1FF08BFF1FF08BFF1F0B
:10218000F88BFF1FF88BFF1F008CFF1F008CFF1FB9
:10219000088CFF1F088CFF1F108CFF1F108CFF1F67
:1021A000188CFF1F188CFF1F208CFF1F208CFF1F17
:1021B000288CFF1F288CFF1F308CFF1F308CFF1FC7
:1021C000388CFF1F388CFF1F408CFF1F408CFF1F77
:1021D000488CFF1F488CFF1F508CFF1F508CFF1F27
:1021E000588CFF1F588CFF1F608CFF1F608CFF1FD7
:1021F000688CFF1F688CFF1F708CFF1F708CFF1F87
:10220000788CFF1F788CFF1F808CFF1F808CFF1F36
:10221000888CFF1F888CFF1F908CFF1F908CFF1FE6
:10222000988CFF1F988CFF1FA08CFF1FA08CFF1F96
:10223000A88CFF1FA88CFF1FB08CFF1FB08CFF1F46
:10224000B88CFF1FB88CFF1FC08CFF1FC08CFF1FF6
:10225000C88CFF1FC88CFF1FD08CFF1FD08CFF1FA6
:10226000D88CFF1FD88CFF1FE08CFF1FE08CFF1F56
:10227000E88CFF1FE88CFF1FF08CFF1FF08CFF1F06
:10228000F88CFF1FF88CFF1F008DFF1F008DFF1FB4
:10229000088DFF1F088DFF1F108DFF1F108DFF1F62
:1022A000188DFF1F188DFF1F208DFF1F208DFF1F12
:1022B000288DFF1F288DFF1F308DFF1F308DFF1FC2
:1022C000FFFFFFFF0000020000000000030000000D
:1022D00044A3FF1F430000000000000000000000B6
:1022E00000000000000000000000000000000000EE
:1022F000000000004300000000000000000000009B
:1023000000000000000000000000000000000000CD
:10231000000000004300000000000000000000007A
:1023200000000000000000000000000000000000AD
:10233000000000004300000000000000000000005A
:10234000000000000000000000000000000000008D
:10235000000000004300000000000000000000003A
:10236000000000000000000000000000000000006D
:10237000000000004300000000000000000000001A
:10238000000000000000000000000000000000004D
:1023900000000000430000000000000000000000FA
:1023A000000000000000000000000000000000002D
:1023B0000000000005BD0200ADB2020000000000F8
:1023C000B816030050160300241B0300241B03004F
:1023D000241B0300241B0300241B0300241B0300F5
:1023E000241B0300241B0300241B0300FFFFFFFF2B
:1023F000FFFFFFFFFFFFFFFFFFFF00000100415352
:1024000043494900000000000000000000000000F7
:102410000000000000000000000000000000415328
:1024200043494900000000000000000000000000D7
:10243000000000000000000000000000000000009C
:102440000000000044A3FF1FACA3FF1F14A4FF1F44
:10245000000000000000000000000000000000007C
:10246000000000000000000000000000000000006C
:10247000000000000000000000000000000000005C
:10248000000000000000000000000000000000004C
:10249000000000000000000000000000000000003C
:1024A000000000000000000000000000000000002C
:1024B000000000000000000000000000000000001C
:1024C000000000000000000000000000000000000C
:1024D00000000000000000000100000000000000FB
:1024E0000E33CDAB34126DE6ECDE05000B000000C0
:1024F00000000000000000000000000000000000DC
:1025000000000000000000000000000000000000CB
:1025100000000000000000000000000000000000BB
:1025200000000000000000000000000000000000AB
:10253000000000000000000000000000000000009B
:10254000000000000000000000000000000000008B
:10255000000000000000000000000000000000007B
:08256000C08EFF1F84A4FF1FC1
:00000001FF
