:1000000000800020BD010000916200004D620000F0
:100010004D6200004D6200004D6200004D62000024
:100020004D6200004D6200004D62000091620000D0
:10003000916200004D6200007D5B0000815B00006A
:1000400091620000916200009162000091620000E4
:1000500091620000916200009162000091620000D4
:1000600091620000916200009162000091620000C4
:1000700091620000916200009162000091620000B4
:1000800091620000916200009162000091620000A4
:100090009162000091620000916200009162000094
:1000A0009162000091620000916200009162000084
:1000B0009162000091620000916200009162000074
:1000C0009162000091620000916200009162000064
:1000D0009162000091620000916200009162000054
:1000E0009162000091620000916200009162000044
:1000F00091620000596E00009162000005710000DD
:10010000916200002D820000916200009162000067
:100110009162000091620000916200009162000013
:100120009162000091620000916200009162000003
:100130009162000091620000795A00009162000013
:1001400091620000916200009162000091620000E3
:100150003D5E0000595E0000755E0000915E00008B
:100160009162000009740000916200009162000039
:1001700091620000916200009162000091620000B3
:1001800091620000916200009162000091620000A3
:100190009162000091620000916200009162000093
:1001A0009162000091620000916200009162000083
:1001B000916200009162000091620000574B4CF286
:1001C000205210B5DA814DF62812DA8100BF00BF47
:1001D00006F062F8524B4FF010621A63514A9A636C
:1001E000514ADA63514A136913F4807303D153619E
:1001F0004FF4A85313614E4B9A78110703D59A78A0
:1002000042F008029A704B4B4B482A221A704B4B13
:10021000DA1C121AC11E22F00302994288BF002282
:10022000474905F03FFF474B4748DA1C121AC11EE9
:1002300022F00302994288BF002200210BF0B8F996
:10024000424943484FF4DE7205F02CFF414B424ACD
:10025000802103F8011B9342FBD14FF0E0233C4A7D
:10026000C3F8082D3D4B8A221A70A3F5805324222F
:100270005A70A0221A709A799207FCD59A79D406FE
:10028000FCD4374B9A7902F00C02082AFAD10522E5
:100290001A7143225A719A799006FCD5304A9379A3
:1002A0005906FCD51E4B4FF08171596405219964A4
:1002B00020211170917901F00C010C29FAD1294A01
:1002C0005A604FF0E023284A5A6100229A610722BF
:1002D0001A61264AC3F8202D62B606F093F8134B34
:1002E0005B69DA0705D5224806F080F8214B224ADF
:1002F000DA61224B1B785B0609D51E4C1E4BE26966
:100300009A4204D11A4806F071F80023E36105F01F
:10031000C9FF0BF043FA05F0BDFEFEE700200540E3
:1003200000800440823F04000100002B00D0034005
:1003300000D0074000E007402087FF1F508FFF1FBD
:1003400048180100B898FF1F508FFF1F00000000E1
:100350000082FF1F00E400E05FE400E00050064080
:1003600000400640C01005003F1901000000202099
:10037000E1F7C96A00E00340A5C3945A00F00740C2
:10038000FFFFFFFFFFFFFFFFFFFFFFFFFFFFFFFF7D
:10039000FFFFFFFFFFFFFFFFFFFFFFFFFFFFFFFF6D
:1003A000FFFFFFFFFFFFFFFFFFFFFFFFFFFFFFFF5D
:1003B000FFFFFFFFFFFFFFFFFFFFFFFFFFFFFFFF4D
:1003C000FFFFFFFFFFFFFFFFFFFFFFFFFFFFFFFF3D
:1003D000FFFFFFFFFFFFFFFFFFFFFFFFFFFFFFFF2D
:1003E000FFFFFFFFFFFFFFFFFFFFFFFFFFFFFFFF1D
:1003F000FFFFFFFFFFFFFFFFFFFFFFFFFFFFFFFF0D
:10040000FFFFFFFFFFFFFFFFFFFFFFFFDEF9FFFF23
:100410000548064B1B1AD90F01EBA301491002D066
:10042000034B03B118477047508FFF1F508FFF1FBA
:100430000000000008B5054B1BB105490548AFF3A6
:100440000080BDE80840FFF7E3BF00BF00000000E8
:10045000508FFF1F4018010000690B699842D4BFFC
:1004600000200120704700BF80698B690028B8BF59
:100470004042002BB8BF5B429842D4BF002001200D
:10048000704700BF2DE9F043184C8C460025C1F1A0
:1004900004064378077890F802E01B0243EA07431A
:1004A00043EA0E0E4FEA9348CEF38517C3F30533A4
:1004B0000EF03F0E033514F80890E75D14F8038042
:1004C00014F80E308CF80330AA428CF800908CF8A7
:1004D00001808CF8027006EB0C0300F103000CF1B4
:1004E000040CD6DC0022CA54BDE8F083A40F01003E
:1004F000036818470B680360704700BF0B68036010
:10050000704700BF704700BFC36A00F12C0233B1CF
:100510000120D96A52F8043F0860002BF9D17047D6
:1005200010B5044605F03EFC204610BD154B1A7868
:1005300072B930B5144C217883B051B11349684673
:1005400003F03CFC237883F00103237003B030BD3B
:1005500070470E4803F0BAFC0D49054609F0BAFE93
:1005600030B10C49284609F0C9FE10B9094D00E028
:10057000074D094B1D60237883F00103237003B0FE
:1005800030BD00BF6490FF1F2487FF1FF091FF1F45
:10059000F3FFC742F3FFC7C22887FF1F70B5174B91
:1005A000174E1B681B794FF47A7103FB01F130463B
:1005B00005F0F6F8134B1B68586809F01DF8124B4C
:1005C0001B68044618790D4609F016F802460B46DA
:1005D00000204FF0804107F0BDFE02460B4620464A
:1005E000294609F083F809F031FB0146304605F051
:1005F000E3F8064B01221A7070BD00BF988FFF1FF1
:10060000A891FF1F6090FF1F7C90FF1F8090FF1F2D
:1006100010B51C4CA26DA36F5068D4F8AC101B1A17
:10062000002BB8BF5B428B4216DBD4F8B00083428C
:100630000BDBE16FCB1A5168106800FB0313D3602A
:10064000D168536899420FD010BD0B440020E36776
:10065000C4F8B0000B46EEE700215800C4F8B01013
:10066000C4F8AC10E067E6E7074805F09BFB206A9A
:100670000023A36005F0E8F9606ABDE8104005F0CA
:10068000E3B900BFA08FFF1FAC8FFF1F70B50379C8
:100690006F2B044624D8482B18D9493B262B1FD84A
:1006A000DFE803F0231E1E1E1E1E231E281E1E1E14
:1006B0001E1E1E1E1E1E1E1E1E1E1E1E1E1E1E1E5A
:1006C0001E1E1E1E231E1E1E1E1E23002B2B01D0AF
:1006D0002D2B05D1164B9B6813B1164B1E78F6B126
:1006E00094F8290080F0010070BD00680368DB68A1
:1006F0009847EFE7104B9B6813B1104B00221A602C
:100700000B4B9B6833B10B4B1A781AB901221A7044
:10071000FFF77EFF002384F82930012070BD0125FA
:100720001D70FFF775FF84F82960284670BD00BF73
:10073000A08FFF1F948FFF1FA490FF1F5C90FF1FCF
:1007400070B5846DA36A01261E60626823681A442E
:10075000036B626000F1300C9BB15A69002A09DB1F
:100760009A6A16605968D3F800E025695A6971449D
:100770005960521B1969114459615CF8043F002B00
:10078000EBD1436A114A816900251560DB00556889
:1007900003F1804303F56033294419610D21116091
:1007A000DA68C16E22F080025025DA60DD6019B986
:1007B0006268E3689A4200D070BDC36D012280F880
:1007C0002820002BF8D0BDE8704018470080034077
:1007D000036A8B4210B5044623D0C3698B4200D014
:1007E00010BD8369002BFBD072B6204AC369A16992
:1007F00000201060DB00506803F1804303F5603394
:10080000014419610D211160DA68502122F0800243
:10081000DA60D96062B620690368BDE810405B68A1
:1008200018470069124A03689B6893421BD1C36A48
:100830002C3033B10121DA6A50F8043F1160002BEB
:10084000F9D194F82430002BCAD004F1080005F047
:10085000A9FA0023E069636005F0F6F8206ABDE8B4
:10086000104005F0F1B89847EBE700BF0080034067
:10087000090500001F4B204A5B6811688B4237D086
:100880002DE9F0411D4913600C6884B094F8008094
:10089000A078019300210293039305F005FE012146
:1008A000404605F001FE6023013BFDD10121607847
:1008B00005F03AFEA1786078FE2205F071FE01ADE8
:1008C00004AF15F8016B6078012105F02DFEA178C9
:1008D0006078324605F064FEBD42F2D10021404608
:1008E00005F0E2FD6023013BFDD104B0BDE8F081DD
:1008F000704700BFA891FF1F8490FF1F3891FF1F12
:1009000070B54368044621B39A6812F0020216D00B
:10091000204A18689042204A2ED9B2FBF1F15A6859
:10092000A0EB020C61451AD30A44121A00240120DC
:100930009C60D86003201A609860196070BD012423
:1009400003209A60DC60144AB2FBF1F21A609860EE
:1009500070BDABB19A6822F002029A6070BD206946
:100960000268002501249D601268DC600324196080
:100970009C60BDE870401047B2FBF1F21A6070BD98
:10098000064A1268002AE5D00221012090476368D8
:10099000E0E700BF7F320200005125021C92FF1FDA
:1009A0002DE9F041866FC56F876D044631462846B4
:1009B0007B6809F085FC002850D1D4F88C8028464B
:1009C000414609F0E1F900210546404609F0A0FC46
:1009D000294600283CD0304609F09AFC00B935463B
:1009E000E567284609F0B4FC064694F890300BB150
:1009F000002E38D0BB68B34228D0002E3A68ACBF76
:100A000001234FF0FF339A4217D0E36A73B104F128
:100A10002C0101201A68554201321D600CBF1B6B6E
:100A20005B6B186051F8043F002BF3D1636F03EB4D
:100A30004303DB0001D0013BFDD186EAE671A1EB67
:100A4000E671201DFFF75CFFA36D9E60BDE8F0819D
:100A5000304609F03FFC0028C1D0C1E7304609F01C
:100A600077FC0646C1E704F10C0005F09BF9206A0B
:100A7000A66004F0E9FF606A04F0E6FFA26DE36D92
:100A8000966084F89060002BE0D0BDE8F0411847F4
:100A9000F8B58368C3B1836D856F5A68D0F8AC3000
:100AA000AD1A002DB8BF6D429D42044600F1040608
:100AB0000BDBD0F8B0309D4236DBC06F854222DBC5
:100AC00000213046FFF71CFFF8BDD0F8A80009F060
:100AD0000BFA0746284609F00BFA0146384609F09A
:100AE0005BFA0546D4E9240109F018FA01462846C4
:100AF00009F04AF907F09CFC09F02AFC014630464F
:100B0000FFF7FEFEF8BD401B013809F0F1F905467C
:100B1000D4F8A80009F0E8F90146284609F03CFAA3
:100B20000546D4E92601DFE7D0F88810E7E700BFE3
:100B300070B50025044680F8295001262068036816
:100B40001B69984700281FDD206803685B69984788
:100B500094F82A30C0B26BB1E36AE218232803F19B
:100B60000103907114D01E2BE36204BF84F82A5055
:100B7000E562E3E73A28E1D1E36A84F82A60E21803
:100B800001339071E362D9E794F8290038B970BD58
:100B90000023012284F8292084F82A30E362A01D72
:100BA0000AF02EFE012815D9E28844F23A639A42EF
:100BB00010D1237A2371032810D9637A63712C2B07
:100BC00016D1012384F8283004F10A0009F0BCFD95
:100BD000606207E0002084F8290070BD0023637183
:100BE00084F8283000230120A37184F8290070BD07
:100BF000002384F82830F5E738B5054609B19A4254
:100C00000CD228680C49036801225B6898470024CD
:100C100028680368DB689847204638BD049B9A42E1
:100C2000EFD8059B00681A6003680C465B680349AF
:100C300001229847ECE700BFE00D0100640D0100C0
:100C400038B505460C4659B90068144903680122B5
:100C50005B68984728680368DB689847204638BD7A
:100C60009879D1B2884210D8DA798A420DD31A79AC
:100C70008A4203D01868197105F0E6F92868084916
:100C8000036801225B689847E4E728680349036822
:100C900001225B6898470024DCE700BFE00D0100FB
:100CA000640D010030B504461A481B4A1B4B1C4911
:100CB000006812681B6809680079526849685B68B7
:100CC000B3FBF2F395B0B1FBF2F20490154816496C
:100CD0000068007903901548006800790290144874
:100CE000006840680190134800684068009007A8B9
:100CF0000AF07CFB256807A80AF082FD2B680246F3
:100D000007A95B682846984720680368DB6898470E
:100D100015B030BD7490FF1F9C90FF1F7890FF1F8F
:100D2000A491FF1F7090FF1F680D0100988FFF1F97
:100D30006090FF1F6C90FF1F30B51449144B154A8B
:100D400009681B6812684968134C1B79127993B0C3
:100D50000291246811492479096801944968009135
:100D600004460F4905A80AF041FB256805A80AF0CA
:100D700047FD2B68024605A95B682846984720680E
:100D80000368DB68984713B030BD00BFE891FF1FD0
:100D90007C90FF1FA090FF1F5890FF1F9C90FF1F8B
:100DA000900D01002DE9F047DAB0862200210446BB
:100DB00005A80AF0FDFB5448544A006812685449DB
:100DC000544BD0F80480526809681B68B2FBF8F2F3
:100DD000ADF80420504A89885B681268B3FBF8F3C9
:100DE000ADF806304D4BADF8081092881B68ADF891
:100DF0000A204B4A1B798DF80C301268494B127946
:100E00001B688DF80D20484A1B798DF80E3012684A
:100E1000464B12791B688DF80F20454A1B798DF8D7
:100E200010301268434B8DF81180C8F307218DF8FC
:100E3000121012791B68DFF800918DF813209B883F
:100E4000ADF8143009F1280701AD002605E0B945D9
:100E5000AB74EB7405F10D052DD059F804AB0B22E2
:100E60000AF1080127A805F01DF98AF81260DAF8DE
:100E700004209DF89C305268002BE8D0B2FBF8F2B9
:100E8000B2F5803F2ABF0022D1B21146A97429468B
:100E900038BFC2F3072201F8132F0DF1A60027AACD
:100EA00001E012F8013F01F8013F8242F9D1B94552
:100EB00005F10D05D1D10DF103030DF1980C0021C1
:100EC00013F8012F634581EA0201F9D196228DF8CA
:100ED000991001A827A9FFF7D5FA256808460AF056
:100EE0008FFC2B68024627A95B6828469847206834
:100EF0001249036801225B68984720680368DB6831
:100F000098475AB0BDE8F0879C90FF1FA491FF1F3F
:100F10006C90FF1F7890FF1F6090FF1F988FFF1F3E
:100F20007090FF1F7490FF1FA090FF1F7C90FF1F09
:100F30005890FF1FE891FF1F688FFF1FA80D010049
:100F40002DE9F047584A5949126888B000230193A7
:100F500002938DF80C304B6855495268B3FBF2F39D
:100F60004FF6FF7293428E6828BF13460546DCB2E7
:100F7000ADF80430002E67D04E4BD6F800A01B68A9
:100F8000187908F039FB02460B4600204FF08041EB
:100F900007F0E0F9484B804689464848B0FBFAF034
:100FA0009F6808F039FB42464B4608F0C9FC21F027
:100FB0000043194608F072FE414B4249ADF8060065
:100FC000186808F0E9FF09F0C3F9ADF80800002F30
:100FD00036D001268DF80A6001AB0DF10B0200211D
:100FE00001E013F8014F9A4281EA0401F9D1092284
:100FF00001A88DF80C1004A9FFF744FA2C680846E4
:101000000AF0FEFB2368024604A95B682046984765
:1010100028682D49036801225B689847286803689F
:10102000DB68984708B0BDE8F087254B254918686C
:10103000ADF8066008F0B0FF09F08AF9ADF80800D5
:10104000003E18BF0126C5E71B4B9B68002BECD068
:10105000184AD3F800801368187908F0CDFA0246D0
:101060000B4600204FF0804107F074F906460F460A
:101070001248B0FBF8F008F0CFFA32463B4608F0D1
:101080005FFC21F00043194608F008FE0C4B0D49A7
:10109000ADF80600186808F07FFF09F059F901263D
:1010A000ADF8080096E700BF9C90FF1FA891FF1FB6
:1010B000A490FF1F7C90FF1FA08FFF1F00512502EF
:1010C0002887FF1F0000C842A80D01002DE9F04F3E
:1010D00083B0DDE90C911E469DF8383001918046C1
:1010E000174673B1104631460022002308F084FDF4
:1010F000002848D0D8F800005349036801225B68F3
:10110000984726F000463146384608F09FFD09F121
:10111000FF358346284608F07FFA07F0ABF908F060
:1011200095FDB9F1010F044622DD08F075FA02467B
:101130000B463846314608F04BFDC8B1DFF80CA12C
:10114000DFF80C9107E008F067FA3A46334608F0FA
:101150005DFD68B1013DD8F80000036801225B68BD
:1011600051469847A9FB0434E408012D2046EAD1F2
:10117000D8F80000594604F0F7FE019B002B0ADC6A
:1011800003B0BDE8F08FD8F80000324903680122AF
:101190005B689847B5E7D8F800002F49036801223B
:1011A0005B689847DDF80490484608F035FA07F088
:1011B00061F9044658460D4608F02EFA02460B46E1
:1011C0003846314608F0DAF82B46224608F08EFA07
:1011D00008F03CFD09F1FF358246284608F01CFA6C
:1011E00007F048F908F032FD4B46012B044622D0A7
:1011F00008F012FA02460B463846314608F0E8FC81
:10120000C8B1DFF848B0DFF8489007E008F004FA0A
:101210003A46334608F0FAFC68B1013DD8F80000C0
:10122000036801225B6859469847A9FB0434E40827
:10123000012D2046EAD1D8F80000514603B0BDE8A0
:10124000F04F04F091BE00BFAC0D0100E00D0100B5
:10125000CDCCCCCCB00D0100600D01002DE9F04FDC
:101260005B4D5C4C2A6863685268B3FBF2F3064638
:1012700000685949594FDFF868A1B3F5803F03680A
:1012800024BFC2EB024262605B6885B001229847CE
:101290002B6862685B68B2FBF3FB584608F0ACF958
:1012A00004258046894642F21074204608F0B4F9BD
:1012B00002460B464046494608F08AFC0122394660
:1012C00058B1306803685B6898478AFB0423013D86
:1012D0004FEAE474C4EBA304E7D15946306804F044
:1012E00043FE30683F49036801225B6898473E4BE4
:1012F0009B68002B5ED03D4A1F681368187908F080
:101300007BF902460B4600204FF0804107F022F89F
:10131000374B04460D46B3FBF7F008F07DF9224643
:101320002B4608F00DFB21F00043194608F0B6FCEF
:10133000044608F061F92F4B00228046894608F0E8
:1013400047FC90B130682549036801225B689847E3
:10135000294B40464946002208F03AFC28B1306843
:101360001E49036801225B6898472146306804F0F3
:10137000FBFD30681B49036801225B6898471F4BDF
:10138000186808F05BF901240B460221024601911E
:10139000009130460294FFF799FE306818490368BF
:1013A00022465B68984730680368DB6805B0BDE893
:1013B000F04F1847134B9C681CB10C4B27681B68F7
:1013C0009CE730680549036801225B689847C6E7D7
:1013D0009C90FF1FA891FF1FB40D0100E00D0100BC
:1013E00067666666B80D0100A490FF1F7C90FF1F22
:1013F0000051250200005940000024402887FF1FAB
:10140000A80D0100A08FFF1F2DE9F04F85B00B7ACA
:101410000025064601950295ADF80C508DF80E504A
:10142000002B5ED00C460B22083101A804F03AFED6
:101430002E4B62681B68A57452685B68B2FBF3FBB5
:10144000BBF5803F306848D2036829495B68294F63
:10145000DFF8A4A001229847584608F0CDF80425EB
:101460008046894642F21074204608F0D5F80246BC
:101470000B464046494608F0ABFB0122394658B1BD
:10148000306803685B6898478AFB0423013D4FEA94
:10149000E474C4EBA304E7D15946306804F064FD5A
:1014A00030681649036801225B689847346801A8D0
:1014B0000AF0A6F9236802465B6801A9204698470E
:1014C00030680F49036801225B68984730680368F9
:1014D000DB68984705B0BDE8F08F0A49036802222F
:1014E000F2E70068074903680222EDE79C90FF1FBE
:1014F000C00D0100E00D010067666666B80D0100D1
:10150000A80D0100BC0D010070B5044600681D491E
:1015100003681D4D5B680222984720681B490368D9
:1015200011225B6898472068036829465B6801229E
:10153000984720681649036805225B689847206829
:10154000036829465B6801229847206811490368AF
:1015500005225B6898472068036801225B6829467A
:1015600098472068032104F0FFFC20680A490368BB
:1015700001225B68984720680368BDE87040DB681B
:10158000184700BFC40D0100B80D0100C80D0100CF
:10159000DC0D0100E40D0100A80D010038B5037950
:1015A0003F3B04463F2B21D8DFE803F025202C20C9
:1015B00020202020203320202020842020202020B4
:1015C0002020208B2020202020202020202092203E
:1015D000202020202020202020202020202020200B
:1015E0002020202020992020202020A390F82900CE
:1015F00080F0010038BDFFF731FE002384F8293068
:10160000012038BDFFF7CEFB002384F829300120EC
:1016100038BDFFF779FF256839492B680A225B68D6
:1016200028469847284604F0A7FC256835492B68CA
:1016300008225B6828469847284604F09DFC2568E8
:1016400031492B6839225B6828469847284604F0C0
:1016500093FC25682D492B6858225B6828469847DB
:10166000284604F089FC256829492B682A225B68F2
:1016700028469847284604F07FFC256825492B68B2
:101680000A225B6828469847284604F075FC2568BE
:1016900021492B684E225B6828469847284604F06B
:1016A0006BFC20680368DB689847002384F82930C6
:1016B000012038BDFFF740FB002384F829300120CA
:1016C00038BDFFF721FF002384F82930012038BD01
:1016D000FFF736FC002384F82930012038BD437918
:1016E000303B092BF6D80D4A52F82310FFF78CFE39
:1016F000F0E7FFF7D7FA002384F82930012038BD3E
:10170000EC0D0100F80D0100040E0100400E010077
:101710009C0E0100C80E0100D40E0100688FFF1F4F
:101720002DE9F84301210A2004F0FEFE01210A20E0
:1017300004F0BAFE964B974E1B68974C187908F048
:10174000D7FB964908F028FC08F028FE33684FF0D4
:101750000309054678201F7984F8009004F0F2FD13
:101760008F4A4FF0FF330A21804603F069FB0121C5
:101770001420C4F80C8004F0D7FE0121142004F0DA
:1017800093FE0121162004F0CFFE0121152004F064
:10179000CBFE01210A2004F0C7FE0021162004F030
:1017A00083FE0021152004F07FFE01210A2004F0B1
:1017B0007BFE7C4802F0C0FB02210C2004F0B4FE4A
:1017C000E06803F021FDE06803F092FBE068FF2190
:1017D00003F022FDE06803680221DB6A9847E068B5
:1017E000052102F02BFFE06803680521DB699847BB
:1017F000E068036849465B699847E068012102F0A8
:1018000059FFE068012102F06DFFE068402103F01C
:101810000DFDE068012102F023FF94F900305A1E0B
:10182000D2B24A4543D9384607F0F6FE02460B4687
:1018300000204FF0804106F08DFD0021142004F0BF
:1018400033FE594B1B68586807F0D6FE33680446D0
:1018500018790D4607F0D0FE02460B4600204FF0E7
:10186000804106F077FD02460B462046294607F0E8
:101870003DFF08F0EBF901464C4803F09DFF4C4B4F
:101880004A481B681B794FF47A7103FB01F103F09E
:1018900087FF484B45481B681979003918BF01215B
:1018A00003F06CFF444B02221A70BDE8F8834349F1
:1018B00051F82220023B954228BF1546022B5CD8E6
:1018C000DFE803F026023700284607F095FE2EA336
:1018D000D3E9002308F034F808F0E0F981B2E068B9
:1018E00003F026F994F90050384607F095FE0B46B0
:1018F00002464FF08041002006F02CFD08F0A6F9CA
:101900006B1E0146032B98D8DFE803F0332E292401
:10191000284607F071FE1CA3D3E9002308F010F855
:1019200008F0BCF981B2A06803F0D0FB94F9005034
:10193000DAE7284607F060FE13A3D3E9002307F097
:10194000FFFF08F0ABF981B2206903F0F9F994F9CF
:101950000050C9E7206989B203F036FA6DE7E06804
:1019600089B203F00DFC68E7A06889B203F008FCB7
:1019700063E7606802F0DEFC5FE72946606802F01A
:10198000C7FB94F90050AFE7CD3B7F669EA0F63FC2
:101990005890FF1F7C90FF1F2C87FF1F00002041E5
:1019A0009A99993D4087FF1F6C90FF1FA891FF1FD8
:1019B0007090FF1FA090FF1F8090FF1F940F0100E9
:1019C00038B505680446284604F024FBA379834211
:1019D00002D8E27982420ED261798B420CD8E37947
:1019E0008B4209D323798B4206D021712846BDE86A
:1019F000384004F029BB207138BD00BFC2680B68B5
:101A0000934217D30269934214D84268934213D089
:101A100070B50468436082B001AD0193261D204675
:101A200015F8011B013404F00FFBB442F7D101207B
:101A300002B070BD002070470120704730B583B000
:101A40000546019269B9006803680C465B680D4958
:101A50000122984728680368DB689847204603B04E
:101A600030BD184601A9FFF7C9FF0446286803687E
:101A700001225B6814B104499847EBE70149984794
:101A8000E8E700BFE00D0100640D0100F8B5044671
:101A9000064654F8035B2D1AC71D033D281904F0B0
:101AA000B9FA04F8010FBC42F8D17368F2689342A6
:101AB00002D33269934206D906F108013046BDE8E7
:101AC000F840FFF79BBFF8BDC2680B68934217D37D
:101AD0000269934214D84268934213D070B50468E7
:101AE000436082B001AD0193261D204615F8011B0D
:101AF000013404F0A9FAB442F7D1012002B070BD5C
:101B0000002070470120704730B583B00546019230
:101B100069B9006803680C465B680D490122984763
:101B200028680368DB689847204603B030BD184634
:101B300001A9FFF7C9FF04462868036801225B6812
:101B400014B104499847EBE701499847E8E700BF1B
:101B5000E00D0100640D0100F8B50446064654F896
:101B6000035B2D1AC71D033D281904F053FA04F82E
:101B7000010FBC42F8D17368F268934202D3326914
:101B8000934206D906F108013046BDE8F840FFF758
:101B90009BBFF8BDF8B5002407468460C46004828A
:101BA000847414200D4604F0CDFB0E4B03612B68AA
:101BB0008460C46003600646FFF7CEFF2D687E6038
:101BC0003C462B1D44F8073B033D07F11206ED1B75
:101BD000281904F01FFA04F8010FB442F8D138466E
:101BE000F8BD00BF009435772DE9F0478246914655
:101BF0004D1E00F10804C1F1010600F11208002792
:101C00000CE099B1002F18BF002104F8011BDAF88D
:101C10000030184404F018FA444509D0701915F83A
:101C2000011F2329EDD101270021EEE70127ECE771
:101C3000DAF8000000218AF812100A3004F004FAE1
:101C4000DAF804004946FFF73FFF0120BDE8F087BE
:101C50002DE9F043142083B004F074FB1023002717
:101C6000012583604FF40073684E03610760C5600F
:101C70000446FFF70BFF0820346004F063FB3223B7
:101C80004FF0040843714AF20A03C0F80080C38091
:101C90000446FFF795FE5E4BDFF878911C60082044
:101CA00004F050FB0523036040F2027380F80580C6
:101CB000C3800446FFF784FE574B14201C6004F0D9
:101CC00041FB06230360C8234FF00A0883604FF4EA
:101CD0004873C0F80C8003610446FFF7D7FE4F4BF2
:101CE00008201C6004F02EFB4FF48073C0F80080C5
:101CF0004771C3800446FFF763FE494B1C6033689D
:101D00005B68C3EB0348C8454FF0140028BFC846C2
:101D100004F018FB0B238760C7600360C0F81080D5
:101D20000446FFF719FF33685E683E4BC6EB064674
:101D30004E454FF0140028BF4E461C6004F002FBD5
:101D40000F224FF6FF730260C7600661836004468E
:101D5000FFF702FF344B14201C6004F0F3FA142642
:101D600040F2E737132303608660C56007610446CD
:101D7000FFF78CFE2D4B30461C6004F0E3FA17236E
:101D80008660C560076103600446FFF77FFE284B4D
:101D9000284D1C60082004F0D5FA1E2646F20137B3
:101DA0001B2303604671C7800446FFF709FE224BE0
:101DB00008201C6004F0C6FA1C2303604671C7802B
:101DC0000446FFF7FDFD1D4B08201C6004F0BAFA25
:101DD0001D2303604671C7800446FFF7F1FD184BD1
:101DE00001961C6005F12806142004F0ABFA01A945
:101DF0000446FFF7CFFE019B45F8044B0F33AE427C
:101E00000193F1D103B0BDE8F08300BF9C90FF1FA8
:101E10005890FF1F009435777C90FF1FE891FF1FBB
:101E2000A090FF1FA491FF1F7890FF1F6C90FF1FD1
:101E30006090FF1F688FFF1F988FFF1F7090FF1F1C
:101E40007490FF1F08B5474B186800F10801FFF7B1
:101E5000D5FD454B1B6859799A798A4209D8DA79B8
:101E60008A4206D31A798A4203D01868197104F09D
:101E7000EBF83E4B1B6859799A798A4209D8DA798E
:101E80008A4206D31A798A4203D01868197104F07D
:101E9000DBF8374B186800F10801FFF7AFFD354B51
:101EA0001B6859799A798A4209D8DA798A4206D325
:101EB0001A798A4203D01868197104F0C5F82E4BBC
:101EC000186800F10801FFF7FFFD2C4B186800F1BE
:101ED0000801FFF7F9FD2A4B186800F10801FFF728
:101EE0008DFD284B186800F10801FFF787FD264B90
:101EF0001B6859799A798A4209D8DA798A4206D3D5
:101F00001A798A4203D01868197104F09DF81F4BA2
:101F10001B6859799A798A4209D8DA798A4206D3B4
:101F20001A798A4203D01868197104F08DF8184B99
:101F30001B6859799A798A4209D8DA798A4206D394
:101F40001A798A4203D01868197104F07DF8114B90
:101F5000002003F1280153F8042B99421072FAD1A2
:101F600008BD00BF9C90FF1F5890FF1F7C90FF1F73
:101F7000E891FF1FA090FF1FA491FF1F7890FF1F03
:101F80006C90FF1F6090FF1F988FFF1F7090FF1FC6
:101F90007490FF1F688FFF1F70B5002106464078C0
:101FA00004F0C2FA00252C46707804F0AFFA012143
:101FB00000FA05F3B0781C430D4404F075FAB078CC
:101FC000002104F071FA082DE4B2EDD1204670BD75
:101FD0002DE9F04190F8008004460D4680780021FC
:101FE0001746602604F060FA0121404604F05CFACE
:101FF0003346013BFDD16D006078012165F07F051E
:1020000004F092FA05F0FE02A178607804F0C8FAB4
:102010006078012104F088FAA17860783A4604F0EB
:10202000BFFA0021404604F03FFA013EFDD1BDE871
:10203000F08100BFF0B52D4D2C6889B0002C42D046
:10204000002220460721FFF7C3FF2D682F78A878CC
:10205000002104F029FA0121384604F025FA602312
:10206000013BFDD10121687804F05EFAA978687817
:10207000FF2204F095FA0DF1FF340DF11E062846FB
:10208000FFF78AFF04F8010FB442F8D10021384667
:1020900004F00AFA6023013BFDD1DDE900239A42F6
:1020A00009D0134A134B126852685A60124A5B688F
:1020B000136009B0F0BD114B1B685B689A42F0D801
:1020C0000C4B5A60F2E7032004F03CF9044603236A
:1020D00004200226207063700121A67004F024FA07
:1020E0000121304604F020FA2C60A9E73891FF1F47
:1020F000A491FF1FA891FF1FEC91FF1F7890FF1F75
:1021000038B590F86430124A0260044600F10C05BC
:102110008BB9104B6360284603F044FE0023A36094
:10212000206A03F091FC606A03F08EFC284603F0FD
:1021300039FE204638BD284603F034FE0023206ACD
:10214000A36003F081FC606A03F07EFCE1E700BF5E
:10215000380F01002C0F010010B5034B036004463B
:10216000FFF7CEFF204610BD700F010010B5054BE4
:1021700003600446FFF7C4FF2046942104F0E4F80E
:10218000204610BD700F010010B5034B03600446DC
:10219000FFF7B6FF204610BD540F010010B5054BE8
:1021A00003600446FFF7ACFF2046B82104F0CCF8EA
:1021B000204610BD540F010010B50446FFF7A0FFE4
:1021C0002046782104F0C0F8204610BD88422FD068
:1021D0002DE9F843804689461646051DA94516D0C7
:1021E0002868D8F80010B0472F462C46043580B137
:1021F000B84555F8044C06D0A7EB0802414608F153
:10220000040009F059F9A945C8F80040E8D1BDE833
:10221000F88355F8047C03E054F8043C44F804398E
:1022200054F8041C3846B0470028F5D12760D5E79C
:10223000704700BF0B1A402B2DE9F0411BDD07460C
:102240004037884639461646FFF7C0FF474510D04D
:102250003D683C4603E054F8043C44F8043954F823
:10226000041C2846B0470028F5D10437B84525603E
:10227000EED1BDE8F081FFF7A9FFBDE8F08100BF16
:102280002DE9F04F9846531E83B003EBD373B1EBA7
:10229000630F0C9E01920F46044645DA4FEA63092C
:1022A0008A4600E0DA460AF101056FF0404303EB8D
:1022B000450354F8350054F823104FEA450B04EB5E
:1022C000C505B04718B10BF1FF3B04EB8B0529683E
:1022D00044F82A10CB45E5DB019BDA072AD50BF140
:1022E000FF3909EBD979BB454FEA690908DC16E0EB
:1022F00054F8291044F82B104F45CB460FDA91467D
:1023000054F829004146B04709F1FF3202EBD2727E
:10231000521004EB89050028EAD104EB8B05C5F8BF
:10232000008003B0BDE8F08F019BDB0700EB810567
:10233000F5D48B46019B023B03EBD373BBEB630FDE
:10234000CDD10BF1010304EBC3025B0052F8042C66
:102350002A6003F1FF3B04EB8B05C0E72DE9F04F4A
:102360008946091A402983B040F390800746924677
:1023700098464E46002A61D007F1040BCC107868CD
:1023800057F82410C0470AF1FF3A59F8041C0028F6
:1023900037D057F82400C047002845D03B6857F88D
:1023A00024203A6047F82430786839684D465E4604
:1023B00002E056F8040F3968C0470028F9D12C1FF5
:1023C00021683868C0472546043C0028F8D1AE4251
:1023D00009D233462968326843F8041B2A607068C2
:1023E00039681E46E8E74946434652463046FFF7FD
:1023F000B5FFF11B402949DDBAF1000F1ED0B146EF
:10240000BCE77868C047A0B959F8041C57F8240005
:10241000C0473B680028C2D059F8042C3A6049F8FC
:10242000043C78683968C1E759F8041C7868C047EB
:1024300078BBD7E9000139607860B7E78C10A51E3A
:102440006D10CDF8008057F82530224629463846D1
:10245000FFF716FF07EB8509013D59F8043DCDF85C
:102460000080224629463846FFF70AFF002DF3D1A7
:1024700056F8043D3A683260F41BCDF80080A21093
:1024800000213846FFF7FCFE042CF1DC03B0BDE868
:10249000F08F3B68C0E700BF836833B15C4B1B68BB
:1024A00013B101210220184770472DE9F04700F1D0
:1024B0002C0808EB8107B84504460D4616464FEA3E
:1024C000810910D04FEAA902B2FA82F2C2F11F02CA
:1024D0005200394640464F4BFFF740FF4D4A3946C0
:1024E0004046FFF7A7FEE16AA1658B69002B00F06B
:1024F0008480002BB8BF5B420B61012D4FF00003BD
:102500008B6011DD09F128002044424652F8045F37
:10251000AB69002BB8BF5B422B61D1F810C0904271
:10252000CCEB43036B61F1D1B8456DD004F13003BE
:102530009F424D6A07D053F8042B526A954228BF38
:1025400015469F42F7D10023271D84F8903084F868
:102550002830384603F066FA2062384603F062FA03
:10256000606203F033FA616904F1080003F0BAF91C
:10257000A36D276F98695A6807F0BAFCC4F8800009
:10258000284607F0B1FC0546384607F0ADFC014689
:10259000284607F001FD204907F0B2FD0023C4F8EA
:1025A0008400E36772B6D4F88430C4F8883062B629
:1025B00072B6D4F88010304607F0EEFCE16FA067E9
:1025C00007F0A6FED8B1D4F88830C4F88C3062B6D3
:1025D000124A236AE16900201060DB00506803F1B1
:1025E000804303F5603301440D2019611060DA68FF
:1025F000502122F08002DA60D960BDE8F087D4F87B
:10260000883003F10043E0E7E36A5D6A9BE700BFBF
:102610001C92FF1F690400000024744900800340DD
:102620002DE9F043534B544C1B6883B0002B62D010
:10263000A368002B00F08580504B514D1B6801931F
:10264000019B2A689B1A0A2B02D803B0BDE8F083CD
:102650004C4A4D4B10685B68C01A06F0DDFF4B4BCF
:102660001B680646586800EB800040000F4606F0E5
:10267000C3FF474B1B6880461879894606F0BCFFAC
:1026800002460B4600204FF0804105F063FE0246F3
:102690000B464046494607F029F802460B46002003
:1026A0003C4907F04DF932463B4607F01FF807F06A
:1026B00015FB4FF07E51064607F00CFE002838D17E
:1026C0004FF07E56002384F8903072B6D4F8801014
:1026D000304607F061FCE16FA06707F019FE0028A3
:1026E0003ED0D4F88830C4F88C3062B600232B601A
:1026F00003B0BDE8F08394F89030A3B9A26D012334
:10270000526884F8903072B60021D4F8800007F047
:1027100043FCE16FA06707F0FBFD30B3D4F88830CD
:10272000C4F88C3062B6164B00221A6003B0BDE8C4
:10273000F0831949304607F0EBFD0028C2D1164E50
:10274000C0E7A06E104DA36604EB80010846CD6281
:102750004FF07E52036301212046FFF79DFE6BE799
:10276000D4F8883003F10043BDE7D4F8883003F192
:102770000043D5E75C90FF1FA490FF1FC892FF1F86
:10278000908FFF1FEC91FF1FA891FF1F6C90FF1F00
:102790007C90FF1F00002440000080BFD0B51F4B7D
:1027A0001F4C1B681B794FF47A7103FB01F1204623
:1027B00002F0F6FF1B4B1B68586806F01DFF1A4B12
:1027C0001B68064618790F4606F016FF02460B46B0
:1027D00000204FF0804105F0BDFD02460B4630461B
:1027E000394606F083FF07F031FA0146204602F031
:1027F000E3FF0E48836E00EB83020B3300EB830391
:102800000026D46286664FF07E525E600121FFF79B
:1028100043FE074B02221A70D0BD00BF7090FF1F0D
:10282000A891FF1F6C90FF1F7C90FF1FA490FF1FBB
:102830008090FF1F38B503794F2B04464DD01AD82E
:102840002D2B61D0492B2ED13B4B1B780022022B24
:1028500080F8292001D0FFF7A1FF206837490368DD
:10286000374A5B684FF0FF350D6000211160354934
:10287000012298470EE0692B01D06F2B0ED1206802
:102880002E4A016800234D6813602E4984F82930D0
:102890000122A84720680368DB68984794F829005C
:1028A00080F0010038BD2B2BF8D1234B1B78002280
:1028B000022B80F829200ED0FFF770FF94F8290032
:1028C00080F00100204B1D491A681D4B52681A60A8
:1028D00001240C6038BD0120F4E7174B1B7800225F
:1028E000022B80F8292001D0FFF758FF164B2068F3
:1028F0001A6812495568124A0368156001220A6075
:102900005B6810499847C5E70B4B1B780022022BE8
:1029100080F829200DD0FFF741FF94F8290080F0BE
:1029200001000649064B4FF0FF3400220C601A608C
:1029300038BD0120F5E700BF8090FF1F5C90FF1FAE
:10294000EC91FF1F640D01007890FF1F2DE9F04FFF
:1029500000F12C0505EB8106B54285B0044688469A
:1029600091464FEA81070FD0BA10B2FA82F2C2F153
:102970001F02520031462846A24BFFF7EFFCA14A46
:1029800031462846FFF756FCD4F82CB0C4F858B0AE
:10299000B8F1010F40F31F81E019DBF810A02830D7
:1029A0002A4652F8041F0B699042CAEB43034B615D
:1029B000F7D1DBF81C300193B542DBF820300293ED
:1029C00000F0028104F130039E4200F00781DBF841
:1029D00024501A4610681146426A954228BF15468F
:1029E0000A1D9642F6D1DBF818C01A6892698CEA83
:1029F000EC7682EAE270A6EBEC76A0EBE270B042F5
:102A00009E46ACBF30469446714503F10403ECD1B9
:102A1000BAF1000F00F0C18007F06AFA494607F0EA
:102A2000BBFA07F0BBFC002800F0B780DBF8180009
:102A30000028B8BF404207F05BFAB8F1000F8146AA
:102A400040F3D480504607F053FA274407F1280892
:102A50008246002704F1280B5BF8046F306907F009
:102A600047FA514607F04CFB494607F095FAB3691F
:102A7000064683EAE370A0EBE37007F039FA0146FB
:102A8000304607F03DFB3946064607F041FC00B1F1
:102A90003746C345E0D13946484607F031FB07F0D9
:102AA0007DFC04F104094FF0000B074684F828B0C0
:102AB000484602F0B7FF2062484602F0B3FF60626A
:102AC00002F084FF616909F1040002F00BFFA06DC0
:102AD000029B4168019E4FEA4508C568C4F88870AA
:102AE0006D1AA167C4F88430A3FB0301A7FB073765
:102AF000C4E92837002D0397A6FB067AB8BF6D42BC
:102B0000C4E92601C01BC4F88060029361EB0A018E
:102B1000C4E9247A4246C4F8A880E5675B4607F01A
:102B20005DFC401941EBE571CE0F361841F1000113
:102B3000760846EAC176B54232D3029BD81B039B86
:102B4000424663EB0A015B4607F048FC864234DCF0
:102B5000C4F8B060C4F8AC6001994846FDF7D0FEF7
:102B6000A268002A44D0236A27490120D0600025AA
:102B7000E069956003249460DB000D604A6803F10E
:102B8000804303F5603302440D241A610C60DA6857
:102B9000502122F08002DA60D96005B0BDE8F08FE4
:102BA0000D2003F0A7FC192003F038FD0D2003F0E1
:102BB000A1FC192003F032FDF2E7C0EB4606C4F891
:102BC000AC00C4F8B060C7E7E36A98695D6A0028A2
:102BD000B8BF40421CE7DBF810A0EAE6DBF81800BB
:102BE000DBF824500028B8BF404211E7002752E725
:102BF000064B1B68002BB6D0022101209847A26823
:102C0000B1E700BF59040000008003401C92FF1F81
:102C1000124B1B685B6898421FD8114B1B78012B25
:102C200070B5044601D0FDF7B9FC0E4E0E4B0025E1
:102C3000214630461D7002F0DFFD0C48836E85662C
:102C400000EB83020B3300EB8303D66201214FF0CC
:102C50007E525D60FFF77AFE70BD70477890FF1F6F
:102C60008090FF1FA891FF1F948FFF1FA08FFF1F51
:102C700070B50379213B84B00446522B54D8DFE869
:102C800013F06301530053005801530053005300E5
:102C9000530053005300530053005300530053009C
:102CA00059006C007100810083008D008F0091003D
:102CB000A50053005300530053005300530053002A
:102CC0005300530053005300530053005300B3000C
:102CD000530053005300530053005300530053005C
:102CE000C00053005300CA00530053005300530068
:102CF000530053005300530053005300530053003C
:102D0000530053005300E8005300530053000C01DC
:102D1000530053005300530053001B015300530052
:102D2000530053003D013F0190F8290080F001005D
:102D300004B070BDAE4B416A1A68AE4B52681B6856
:102D400001FB02F2204694F82810FEF7DDFE002376
:102D5000012084F8293004B070BDA54B416A1A687F
:102D6000A54BEBE7A54B626A1B6894F82810204638
:102D7000FEF764FEA24A00230120137084F8293074
:102D800004B070BD9F4BEEE79F4B94F824201B6866
:102D900094F828102046FDF753FFEBE79B4BF4E730
:102DA0009B4BF2E79B4D426A2B6890F82810FDF789
:102DB00047FF2B6898481979003918BF012102F0A4
:102DC000DDFC002384F829300120B1E7884B626ADA
:102DD0001B6894F828102046FEF730FE00230120DF
:102DE00084F8293004B070BD90F82830002BF5D05D
:102DF0007F4B406A1B685B6803FB00F0FFF708FF2E
:102E0000ECE77C4B1B685868FFF702FF002384F84F
:102E1000293001208CE7764A774B12681B68406A9C
:102E2000526803A901915B68009300FB02F294F8D9
:102E3000281000232046FDF7DFFE0028CED0774B78
:102E4000754A1B7803995160002BC7D1FDF712FD1D
:102E5000C4E7734D426A2B6890F82810FDF7F0FE26
:102E60000028BBD06F4E2B6896F900201B79511EAD
:102E7000C9B203EB830303294FEA4303AED86A4880
:102E800050F82110023A8B4228BF0B46022A00F26A
:102E9000A580DFE802F0726381004379303B092BA3
:102EA0009CD8624A52F823301A7A002A96D05B687E
:102EB0005868FFF7ADFE91E75D4D426A2B6890F8C8
:102EC0002810FDF7BDFE002888D02B68554E1879D4
:102ED00006F0A2FB0B4602464FF08041002005F0B1
:102EE00039FA06F0B3FE96F90030013B0146032B98
:102EF0003FF674AFDFE803F06E69645F4D4B66E741
:102F00004579303D092D3FF669AF0B3007F01CFCC9
:102F1000374A6062126845495268034602FB03F370
:102F200051F82500039303AA04F11101FEF75CFE9A
:102F300054E7002420460021013403F085F8B4F55D
:102F4000006FF7D1FEF77EFF03F0F6FC04F072F895
:102F50004FF47A7003F062FB04F054FA184606F05E
:102F60004BFB21A3D3E9002306F0EAFC06F096FE12
:102F700081B2F06801F0DCFD30E7184606F03CFB5A
:102F800019A3D3E9002306F0DBFC06F087FE81B22B
:102F9000B06802F09BF821E7184606F02DFB12A35B
:102FA000D3E9002306F0CCFC06F078FE81B230694C
:102FB00001F0C6FE12E7306989B201F005FF0DE7A6
:102FC000F06889B202F0DCF808E7B06889B202F074
:102FD000D7F803E7706801F0ADF9FFE670681946AD
:102FE00001F096F8FAE600BFCD3B7F669EA0F63F63
:102FF0009C90FF1FA491FF1F7890FF1F6C90FF1FF4
:103000008090FF1F6090FF1F988FFF1F7090FF1F21
:103010007490FF1FA090FF1FA891FF1F6490FF1FD7
:103020005890FF1F2C87FF1F940F0100688FFF1F10
:103030007C90FF1FE891FF1F70B50546FDF778FDF6
:1030400088B195F82930044653B12846FDF71EFB98
:1030500050B995F829301BB12846FEF79FFA18B9E8
:103060000F4EB36813B10024204670BD95F8293087
:10307000002BF8D02846FFF7DDFB0028F4D1B36819
:10308000002BF0D1074B9B68002BECD195F8293031
:10309000002BE8D02846BDE87040FFF7E9BD00BF2F
:1030A000A08FFF1FA490FF1F08B50D4B9B6873B145
:1030B0000C4B01221A70FFF7B3FA0B48FFF7BCFF65
:1030C00000B108BDBDE808400848FFF7B5BF084B90
:1030D0009B68002BECD1034A1370FDF7CBFBEAE7AA
:1030E000A08FFF1F6490FF1F7091FF1F3C91FF1F77
:1030F000A490FF1F2DE9F04F162285B015213E4800
:10310000DFF8F8B0DFF8F8A002F004FB3D483E4BD2
:103110003E49C0F804A0002480254FF0060941F282
:10312000F95841F288370526C0E91C765A46C0E9AD
:103130000244057480F82840C465046680F8644041
:103140008466C0F81890C466C0F81C8003604061B3
:1031500005F066F82E482F4B466703602E4E2F4928
:10316000C0F804A001235A46C0F81890C0F81C808B
:1031700007678460C460057480F82840C4650466ED
:1031800080F86440846680F89040C366406105F032
:1031900047F8234F33680393224B039A1A6038464B
:1031A000092100F04BF939461F4800F09FFB3368B6
:1031B0001E490193019B0B63336802931C481D4B0E
:1031C0004C620C8581F82A40CC625C621C8583F8D5
:1031D0002A40DC620460184C029E0C60174919609A
:1031E0005A46174905711E6305F01AF805B0BDE887
:1031F000F04F02F0D9BE00BFA891FF1F2087FF1F2C
:103200002C0F0100A08FFF1F540F01008921000027
:10321000A490FF1F700F0100C892FF1F59210000EA
:103220008890FF1F6890FF1FF091FF1F3C91FF1FC8
:103230001092FF1F7091FF1FBC87FF1F7C87FF1F2D
:10324000210500002DE9F043012193B0172003F080
:103250006BF90A240121172003F026F90A2003F054
:10326000DDF91720002103F01FF9322003F0D6F911
:10327000013CEFD10121152003F056F91620012160
:1032800003F052F92146162003F00EF921461520CD
:1032900003F00AF90121172003F006F9584DFEF753
:1032A000D7FC0221092003F03FF9FA2003F0B6F918
:1032B000284600F02FFB03460124284663B9012C61
:1032C00040F0928000F016FC284600F023FB0346F5
:1032D00001342846002BF2D049480B2100F0CCFCE9
:1032E0004748012100F0FAFC454900220CA800F0F3
:1032F00065FD0021424800F0E9FD4249044606F020
:10330000E9FF00287AD04049204606F0F7FF00B9CF
:103310003D4C3E4B3A481C60002100F0DFFC3C4B2A
:103320001968FF221A7121B13A4B3B480B441B111B
:103330001A543A4B3A4C029302A908A800940694F6
:10334000FDF7D8F808A90EA80C94FDF7D3F8354A74
:103350002F48354D354C364FDFF8D8900CA902F088
:10336000B3FC0C9B0EA8DB689847069B08A8DB689B
:103370009847009B02A8DB689847FEF7D1F9FEF753
:1033800059FE2E6840F2EE2804F00CFE2378F3B1CB
:103390003B78DB071BD52B68D9F800209B1A0E2B36
:1033A00015D9254C002003F087FB0021012003F0F4
:1033B00045FB20464DF6C02102F0FAFB0A2300210E
:1033C0001720A36013B0BDE8F04303F06DB82B687D
:1033D00022789B1B2AB1B3F5FA6FE2D804F0E2FD24
:1033E000D2E74345FAD9DCE7642003F017F9284611
:1033F00000F080FB032C3FF46FAF65E7014C88E7DA
:10340000F091FF1FF3FFC742F3FFC7C22887FF1FDA
:103410001092FF1F008FFCBF44E400E02D05000068
:10342000840F0100FF94BA0AC892FF1FD894FF1FAF
:10343000FC94FF1F0095FF1F7C87FF1F38B50D46CA
:1034400004460021284603F06FF8094B0122227040
:1034500053F8351061600023E37323822372637293
:10346000A372E37223736373A373A37438BD00BFA5
:10347000B0120100426872B6002382F8803262B650
:103480007C20302102E010F0FF0024D00B46013BED
:10349000FDD192F800320138002BF4D072B601232E
:1034A00082F8003182F8803262B64FF43453013B27
:1034B000FDD172B600214FF4D26382F88012013B35
:1034C000FDD192F80002B0FA80F0400962B642F2F3
:1034D0007063013BFDD17047CA07436810D572B6CF
:1034E000012183F80011F02283F88012013AFDD106
:1034F00083F8801062B64FF4A563013BFDD170479D
:1035000072B6012183F800114FF4C36283F8801270
:10351000013AFDD183F8801062B67823013BFDD1DA
:10352000704700BF436872B6012183F880124822B9
:1035300083F80011013AFDD10021F02283F88012B6
:10354000013AFDD193F80002C0B262B64FF49F6316
:10355000013BFDD1704700BF01232DE9F0439C469C
:103560004FF0080E4FF4C3687827F0264FF4A56596
:1035700013E072B684F800C1B14684F880C2B9F194
:103580000109FCD184F880C062B62C46013CFDD113
:103590005B00BEF1010EDBB216D019424468E8D1DF
:1035A00072B684F800C1C14684F880C2B9F101093D
:1035B000FCD184F880C062B63C46013CFDD15B0082
:1035C000BEF1010EDBB2E8D142B972B6436883F8AE
:1035D00080224368012183F8001162B6BDE8F083C0
:1035E0002DE9F0414FF0010C00240822E6464FF08F
:1035F00048082746F0264FF49F65436872B683F863
:1036000080E2414683F800E10139FDD183F8807200
:1036100031460139FDD193F80032DBB262B629465A
:103620000139FDD14FEA4C010BB14CEA0404013AD7
:103630005FFA81FCE1D12046BDE8F0812DE9F04739
:10364000002288465521FFF787FF08F1FF3704461F
:1036500008F1070801214FF4C36678254FF0F00EFA
:103660004FF4A56C17F8019F0822012312E072B6EF
:1036700080F80011F24680F88012BAF1010AFCD1FC
:1036800080F8801062B660460138FDD15B00013AD7
:10369000DBB216D019EA030F6068E8D172B680F881
:1036A0000011B24680F88012BAF1010AFCD180F80C
:1036B000801062B628460138FDD15B00013ADBB2CA
:1036C000E8D172B6636883F88022636883F80011DA
:1036D00062B64745C6D1BDE8F08700BF0123F0B50B
:1036E000082219464FF4C3677826F0254FF4A56EDB
:1036F00012E072B684F80011AC4684F88012BCF176
:10370000010CFCD184F8801062B67446013CFDD1F6
:103710005B00013ADBB216D013F0CC0F4468E8D15D
:1037200072B684F80011BC4684F88012BCF1010C1A
:10373000FCD184F8801062B63446013CFDD15B00B8
:10374000013ADBB2E8D172B6436883F8802243685D
:10375000012183F8001162B6F0BD00BF0023C373DE
:1037600003828374037243728372C372037343735D
:10377000837370472DE9F047867C044626B100200C
:103780002082A074BDE8F08789461546FFF772FED7
:103790000028F4D0C5BB2A46EC212046FFF7DCFE0A
:1037A00001264FF00008C24637462046FFF7BAFE12
:1037B00005462046FFF7B6FE012D2BD0854232D1BB
:1037C000237CBB4204EB080330D91A7A164225D178
:1037D000082F2ED86774BA4600251A7A22EA060204
:1037E0001A72294620467600FFF776FE013716F05A
:1037F000FF06FFB2D9D108F101085FFA88F8B8F1E5
:10380000080F19D00126D0E73246F0212046FFF7F5
:10381000A3FEC5E701280FD004EB08031A7A324350
:103820001A720125DDE704EB0803D6E7F6D0082F6E
:10383000D0D9BA460025D0E7402FA0D984F810A0EF
:10384000BAF1000F01D10123A374227A002A96D085
:1038500009F1FF33083409F1070901E014F8012FD9
:1038600003F8012F4B45F9D101208BE7034689B1BD
:10387000094A00EB010C002013F8011B414001F044
:103880000F0002EB1111105C097C634580EA010016
:10389000F2D1704708467047E80F01002DE9F0416A
:1038A0008046C0680F4616460025FFF757FF03E025
:1038B0000135EBB29E4214D3D8F80C0001223946F0
:1038C000FFF758FFEBB2044658B19E42F0D10721F2
:1038D0003846FFF7CBFFFB798342E9D12046BDE8AC
:1038E000F08100242046BDE8F08100BF4FF0090CB4
:1038F000002210B4064C80F803C04FF0FF0C446067
:10390000027210BC0280C261A0F818C0C16070478A
:1039100001010100C079704738B504460D46C06802
:10392000FFF7A8FDE06895B12946FFF787FE002262
:10393000B421E068FFF710FEE068FFF7F3FD0546ED
:10394000E068FFF797FDB5FA85F0400938BDFFF74D
:10395000C5FEECE770B50546C0680C461646FFF795
:1039600089FD00B970BD2146E868FFF767FEE86889
:103970000022BE21FFF7F0FD741E0836E868FFF74D
:103980002FFE04F8010FB442F8D1E868FFF772FD8A
:10399000A0F10100B0FA80F0400970BD10B51446E6
:1039A000FFF7D8FF38B1631E04F1080113F8010FC7
:1039B00010B98B42FAD110BD08212046FFF756FFFF
:1039C000237A181AB0FA80F0400910BD38B50446C1
:1039D000C0680D46FFF74EFDD0B1E068EDB1294655
:1039E000FFF72CFE2278E0684821FFF7B5FD237829
:1039F0007BB16378CBB9142002F010FE63787BB9F9
:103A0000E068FFF737FDA0F10100B0FA80F040094F
:103A100038BD142002F002FEF2E7FFF75FFEE1E797
:103A2000A078012102F040FDEAE7A078002102F031
:103A30003BFDE0E770B504460D46C0681646FFF74B
:103A400019FDE0682946FFF7F9FDE06800224E21E4
:103A5000FFF782FDB178E0680022FFF77DFDF17885
:103A6000E0680022FFF778FD2B78102B04D0317925
:103A7000E0680022FFF770FDA3792BB129462046AC
:103A8000BDE87040FFF7A2BFE068BDE87040FFF7F7
:103A9000F1BC00BF0B78102B2AD010B584B001AA5E
:103AA0000C46FFF77BFF68B123783B2B15D09DF8C0
:103AB00008305F2B1AD007D81F2B0BD03F2B14BF19
:103AC00000200A2004B010BD7F2B14BF00200C2062
:103AD00004B010BD092004B010BD9DF908209DF868
:103AE0000830002AE5DA0C2004B010BD0B20E9E70D
:103AF0000C2070472DE9F0412B4F82B0044603257E
:103B00000026E068FFF72AFEE6712672322002F0F6
:103B100085FD4FF0010807E007216846FFF7A6FE84
:103B20009DF8073083420FD0E06801226946FFF715
:103B300021FE0028F0D1E3791BB9013D15F0FF0506
:103B4000DFD102B0BDE8F081E2799DF800300132AA
:103B5000422BE271E8D8272B11D8102B01D0222B51
:103B6000E2D1237A013323722378A3B16946204638
:103B7000FFF790FFE378834238BFE070D4E7283B3B
:103B8000DBB227FA03F3DB07CED5237A01332372A6
:103B90002378002BEAD169462046FFF7BDFE0028B6
:103BA000E4D084F80080E1E7010008042DE9F04149
:103BB00015460A78102A84B004461F461FD00DF11E
:103BC0000408082D0E4642464CD9FFF7E7FE0028B0
:103BD0004ED00C2DA8BF0C25A5F10A03022BEDB287
:103BE00044D86B01013BDBB29DF808209A4206D015
:103BF0004246314620468DF80830FFF71BFF1FB1C3
:103C0000012004B0BDE8F081E379E570012BF7D91C
:103C1000E068FFF7A3FDE379002BF1D0002503E076
:103C2000E279EBB29A42EBD9E3780C2B05F101056E
:103C30004FF0010201A9E3D0E068FFF79BFD0028E7
:103C4000EED0072101A8FFF711FE9DF80B3083424B
:103C5000E6D101A92046FFF71DFFE378834238BF74
:103C6000E070DDE7FFF79AFE10B109251F23BBE7DF
:103C7000002004B0BDE8F08130B5082983B00546C6
:103C80002AD90C29A8BF0C21E868E970FFF766FD66
:103C9000EB79FBB1002403E0EA79E3B29A4219D947
:103CA000E868012269460134FFF764FD0028F3D07B
:103CB00007216846FFF7DAFD9DF807308342EBD114
:103CC000EA78012369462846FFF770FFEA79E3B2F4
:103CD0009A42E5D803B030BD0921D5E7017170479C
:103CE000F0B5437983B00446ABB103789BB9194F63
:103CF000154640F2ED2607E03B680193019B5B1BF4
:103D0000B34219D804F04EF9E068FFF70BFC012824
:103D1000F2D103B0F0BD0939C9B202299CBF0E4BE4
:103D200033F81150637888BF40F2EE256BB928460E
:103D300002F074FC63780BB903B0F0BDA0780121E8
:103D400003B0BDE8F04002F0AFBBA078002102F064
:103D5000ABFBECE7C892FF1F08100100F0B5002391
:103D60000D4683B00446036043601146284616465C
:103D7000FFF790FE10B9204603B0F0BD0746E86893
:103D8000FFF778FBE8683146FFF758FC2A78E868C7
:103D90004421FFF7E1FB084A0123126801922370D6
:103DA0002B79019A6260002BE5D028463946FFF74F
:103DB00097FF204603B0F0BDC892FF1F70B5CB79C6
:103DC00082B093420C4605466E4607D828463246D6
:103DD0002146FFF7C3FF284602B070BD314620469A
:103DE000FFF75CFDF2E700BF92F901C00B782F48A6
:103DF0005178BCF1000FACBF4FF0000C84463B2B58
:103E000026D010B592F800E04FEACE0040EAC1207B
:103E1000282B40EA0C0010D0102B0DD1D4795CB1C6
:103E20002349937901EAC001E31A2039DB0193FBAE
:103E3000F4F30B4443EA0C0010BDBEF1500F20D048
:103E4000BEF1FF0FF8D11B4B072908BF184610BD64
:103E500092F90430002B137805DBC90241EAC30153
:103E600041EA0C007047D80713D59378D9071AD4C4
:103E70009A0716D4104A114813F0040F08BF1046D1
:103E800070470529D8D192790D4B0C2A08BF1846E6
:103E900010BDD80000F4FC6040EAC12040EA0C00EC
:103EA0007047084870470848704700BF0000F8FF97
:103EB00080FF07000083FFFF80E4FFFF0082FFFF19
:103EC0008082FFFF8081FFFF0081FFFFC3798B426B
:103ED00001D81248704710B586B00A4601A90446B9
:103EE000FFF7DCFC10B90D4806B010BD03AA01A90C
:103EF0002046FFF753FD0028F5D003AA01A920466C
:103F0000FFF772FF10F5DC5FEDDD05F0F1FF4FF01C
:103F1000705106F041F806B010BD00BF0000FEC2AF
:103F200090F81CC04160BCF1020FC26001D18368EF
:103F3000184701F0BFBD00BF436810B41C685A6841
:103F40002168114302682160154C16491460D16044
:103F5000154C164914611160417A154A5C180A31F2
:103F600094F824C053F8214002EBCC0149680C605E
:103F7000017A5C1803EB810194F818C0CC6902EB5C
:103F8000CC0149680C60817A10BC581803EB81039E
:103F900090F83000596B02EBC0025368196070470B
:103FA00001401F00011000380110007800001F8040
:103FB000B012010043681A68596813680B43136014
:103FC000704700BF70B4016B4A4A0979D177C16A62
:103FD00009791177016B09791177826A03462AB34F
:103FE0004168C9688A4243D9C46A006B521A216881
:103FF0009A620D6803F12404A5424FF0010259D0E2
:104000001C68E56815F0804F0D6829D12D780E6881
:1040100045F0004501360E60656336490079C87683
:1040200012B1DB6A1B79CB7670BC70470168324CE9
:10403000406B0A63CC62CC6824F08044CC60046896
:104040002E4924684FF0030C8C4283F825C039D1E7
:10405000037F4260022BC26038D170BC836818476E
:104060002D880E6845F0004502360E606563D4E782
:10407000C16A0968CC8B260402F1FF3031D4C0F349
:104080000E00C883CC8B186BA4B2CC820468E58B7D
:104090002D041ED4C2F30E05E583E58BADB2E58297
:1040A0000D680024013A9C6203F1240418BF012228
:1040B000A542A5D11968CC6893F8244044F0004487
:1040C0004C63AAE72346114670BC184770BC01F048
:1040D000F1BCE58BC2F3080605F47E453543E58364
:1040E000DBE7CC8BC0F3080004F47E442043C88394
:1040F000C8E700BF0080004000000FFF213F000024
:1041000008B50248FFF75EFF08BD00BF4087FF1FEC
:104110002DE9F041056B04464069884605F06CFACC
:10412000064640460F4605F067FA02460B46304603
:10413000394605F0DBFA7A4B002205F0D7FA74A372
:10414000D3E9002306460F4605F0FAFB754B002223
:1041500005F014F905F0A2FDC3B20F2B25F04005C0
:104160000ED92563E26A94F83B1022F01F021F2B40
:1041700094BF1A4342F01F02E26299B9BDE8F08190
:1041800045F0400564A3D3E9002325633046394652
:1041900005F0D6FB634B002205F0F0F805F07EFD3C
:1041A000C3B2DFE76049614ACB6BD4F8308043F497
:1041B0008053CB63D568D368C5F380659A014FEA15
:1041C000C50540F1978045F004050C2DEFB208BFFE
:1041D0002F4640F09080564E94F83800002102F0AF
:1041E00063F933684FF00042DA62C8F307425A635A
:1041F000DA6A002AFCDA986B4FF00042DA620002B9
:10420000C8F3072280B25A63DA6A002AFCDA996B93
:10421000C9B201435FFA88F24FF00040D862090248
:104220005A63DA6A002AFCDA9B6B94F838005FFA6A
:1042300083F848EA0108012102F036F90C2D4FEA13
:10424000181803D03A483946FFF7B4FE3649C4F887
:104250003480CB6B354AD4F82C8043F48053CB6345
:10426000D568D368C5F380659B014FEAC50547D57E
:1042700045F004050C2DEFB208BF2F4641D194F84C
:104280003800002102F010F933684FF00042DA6282
:10429000C8F307425A63DA6A002AFCDA986B4FF0D7
:1042A0000042DA620002C8F3072280B25A63DA6A77
:1042B000002AFCDA996BC9B201435FFA88F24FF029
:1042C0000040D86209025A63DA6A002AFCDA9E6B5F
:1042D00094F83800F6B20E43012102F0E5F80C2DF7
:1042E0004FEA161603D012483946FFF763FE66639D
:1042F000BDE8F081EFB20E480C21FFF75BFE6AE7E4
:10430000EFB20B480C21FFF755FEB8E7AFF3008082
:1043100000000000C0EB12410000000040240441F6
:10432000000040400000E03F0080044000C0024028
:104330004087FF1FFF29F8B5056A044617DD564B75
:104340004FF480721D4094F83B30E2632562DBB984
:10435000E26BE3682069A16902FB03F300FB03F34E
:104360004E4AB2FBF3F31944A360E161F8BD7F2923
:1043700058DD494B1D4094F83B30802245F0010543
:10438000E2632562002BE3D04549464ACB6B43F4F8
:104390008053CB63D668D368C6F380669B014FEA2F
:1043A000C60649D546F004060C2EF7B208BF3746BC
:1043B00043D1002194F8380002F076F83A4B1B689C
:1043C0002A0C4FF00041D9625A63DA6A002AFCDAFB
:1043D000986B4FF00042DA620002C5F3072280B208
:1043E0005A63DA6A002AFCDA996BC9B2EDB201436A
:1043F0004FF00042DA6209025D63DA6A002AFCDAF1
:104400009D6B94F83800EDB20D43012102F04CF899
:104410000C2E4FEA151503D023483946FFF7CAFD85
:10442000656395E73F290DDC1F2911DD1A4B1D40FF
:10443000202245F0030586E7F7B21B480C21FFF761
:10444000B9FDB6E7144B1D40402245F002057AE75E
:104450000F2907DC0729104B0ADD1D40082245F013
:10446000050570E7114B2B40102243F401756AE7F4
:10447000032904DD1D40042245F0060563E70129F8
:1044800004DD1D40022245F007055CE71D400122C6
:1044900045F0080557E700BFF0FD0F0000879303C4
:1044A0000080044000C002404087FF1FF0FF0F0063
:1044B00090F8252090F828C0036861F3061280F870
:1044C0002520426A1B684FEA0C6C4CEA12226C21D0
:1044D000184700BF90F825C090F8262010B40CF0C3
:1044E0007F0C01F0010422F00702C1F342010A43EC
:1044F0004CEAC41C046880F825C080F8262090F897
:1045000028102468426A090641EA122223466C21D7
:1045100010BC184790F826C090F8272010B40CF073
:104520007F0C01F0010422F00102C1F340010A43B3
:104530004CEAC41C046880F826C080F8272090F854
:1045400028102468426A090641EA122223466C2197
:1045500010BC184790F8272090F828C0036861F332
:10456000410280F82720426A1B684FEA0C6C4CEA33
:1045700012226C21184700BF90F828C0426A0368D5
:1045800061F3030C80F828C04FEA0C6C1B684CEAFE
:1045900012226C21184700BF00B5036883B05B6826
:1045A0006C219847C0F3021003B05DF804FB00BF14
:1045B00000B5036883B05B686C219847C0F3C310F3
:1045C00003B05DF804FB00BF00B5036883B05B680F
:1045D0006C219847C0F3C13003B05DF804FB00BF05
:1045E00000B5036883B05B686C219847C0F3404016
:1045F00003B05DF804FB00BF00B5036883B05B68DF
:104600006C219847C0F3036003B05DF804FB00BF62
:1046100010B404680A46C1F30721246880F8261004
:10462000C2F3074180F82710110E80F828102346A6
:1046300080F8252010BC6C21184700BF90F8252079
:1046400090F828C0036861F3030280F82520426ACD
:104650001B684FEA0C6C4CEA12226C21184700BF11
:1046600090F828C0426A036861F3041C80F828C0EF
:104670004FEA0C6C1B684CEA12226C21184700BFF1
:1046800003686F215B68184710B4C27D0468C1F3EA
:10469000014C2468417522F0030242EA0C02C1F386
:1046A000072CC2752346C1F3110210BC80F816C056
:1046B00000211847427D61F38202427510B44269BD
:1046C0000468C2F31122236810BC0021184700BF00
:1046D00010B40468246841640A462346702110BC63
:1046E000184700BF90F8462010B461F382020468B6
:1046F00080F846202468426C2346702110BC18477D
:10470000C2604FF07C5202611A4A0260827A81864E
:1047100022F00F028272026B816980F83C3002F055
:104720007C4242F4A02242F490620263026A02F4E4
:104730007E420262426A30B40F4D002401F47001DF
:1047400002F0800244600481846344758475C475FA
:104750008462816195F90040C1694262C26A9C42EB
:1047600001F4704102F0FE02B8BF2B70C16130BC91
:10477000C26270471C1101001892FF1F90F83400AC
:1047800001F092BE836B03B17047294A29492A4838
:1047900030B4146802E00133172B46D031F8022BF5
:1047A000B0FBF2F29442F6D3244A254952F8233062
:1047B000CC7A1A0902F4706223F47043134343F075
:1047C0007850D4B172B6CA7AD50708D54FF0E02C2C
:1047D000CD68DCF880412C40CCF880418C61940796
:1047E00008D54FF0E02C0D69DCF884412C40CCF862
:1047F0008441CC6152070ED462B60A68D168814206
:1048000007D0104C1049146043F0FC43D060136192
:10481000116030BC70474FF0E0244D69D4F8882116
:104820002A400A62C4F88821E6E71623BCE700BFE5
:104830007887FF1F10100100005125024010010071
:104840004087FF1F01403F0000003F80836B03B1A2
:1048500070470D4AD37A002BFAD0D80704D54FF011
:10486000E0219069C1F80001990704D54FF0E021DB
:10487000D069C1F804015B07EAD54FF0E023126A62
:10488000C3F80821E4E700BF4087FF1F806B0B4699
:1048900008B100F0CBBD064A12684FF00041D1626A
:1048A0005363D36A002BFCDA906BC0B2704700BF31
:1048B0004087FF1F2DE9F04105460F46FFF762FFD5
:1048C00000212846FFF75AFF39462846FFF7DEFF4A
:1048D000042400212846FFF7D9FF631E13F0FF04CC
:1048E000F7D195F93C30012B4FF001060EDD052480
:1048F00000212846FFF7CAFF631E13F0FF04F7D11B
:1049000095F93C30013676B2B342F0DC01212846FD
:10491000FFF734FF1823013BFDD1DFF88080002131
:104920002846FFF72BFF98F90030B3420EDD05242F
:1049300000212846FFF7AAFF631E13F0FF04F7D1FA
:1049400098F90030013676B2B342F0DC3946284699
:10495000FFF79CFF002128752846FFF797FF0021ED
:1049600004462846FFF792FF24020443002128460C
:10497000FFF78CFF2402002104432846FFF786FF3F
:104980002402034628461C43FFF760FF2846012106
:10499000FFF7F4FE2046BDE8F08100BF1892FF1F2C
:1049A00070B5054614460E46FFF7ECFE002128467A
:1049B000FFF7E4FE46F080012846FFF767FF210E6F
:1049C00028752846FFF762FFC4F307412846FFF722
:1049D0005DFFC4F307212846FFF758FFE1B22846E0
:1049E000FFF754FF95F93C30012B0FDD012605241C
:1049F00000212846FFF74AFF631E13F0FF04F7D19A
:104A000095F93C30013676B2B342F0DC2846FFF728
:104A10001DFF01212846FFF7B1FE70BD10B4827E54
:104A20000468C1F3034C2468018322F00F0242EAB8
:104A30000C0282762346C1F3130210BC14211847DE
:104A400010B4427F0468C1F3034C2468C17622F09D
:104A50000F0242EA0C02C1F3072C42772346C1F34E
:104A6000130210BC80F81CC015211847038C026883
:104A700023F4FF7310B423F00103C1F3084423436C
:104A80001468C183038421F07E4223462D2110BC8B
:104A9000184700BF10B490F824200468C1F3064CF6
:104AA0002468418422F07F0242EA0C0280F824202C
:104AB0002346C1F3160210BC3321184710B4046812
:104AC000C1F30722246880F82E20C1F3074280F842
:104AD0002D1080F82F20234621F07F4210BC6E213C
:104AE000184700BF10B50446FFF70AFE0D492160C4
:104AF000502184F8251041210A2084F8271006212E
:104B0000094AE07184F83D1001204FF48371074B8E
:104B100084F82600E1871020226484F8280063646A
:104B2000204610BD58110100000408001E000CC4EE
:104B300038B50C4605462049C06805F02DFA05F049
:104B40002DFC42F6415382B203FB02F2120A1B4BC8
:104B500002FB04FC1F2101FB0332BCFBF2F2FF2A23
:104B600002F1FF3408D87F2A9CBF01F1FF31C9B29E
:104B70007E2CF0D9D3B201E000231A461F29286801
:104B800085F8433028BF1F2103680C4628460B21B7
:104B900098472146284600F003FC204605F0A8F976
:104BA000296905F0F9F905F0F9FBC1B22846BDE81D
:104BB000384000F0E7BB00BF00FF7F47FE44010024
:104BC0000A46016880F843200B680B21184700BF94
:104BD000F8B5836B044642EA4145CBB190F8260014
:104BE000002101F061FCC5F30741A06B00F01EFC41
:104BF000C5F30721A06B00F019FCA06BE9B200F02F
:104C000015FC94F826000121BDE8F84001F04CBCE9
:104C1000066B4549454803E00133172B00F08180BE
:104C200031F8022BB0FBF2F29642F5D3404A414EE6
:104C300052F823301A0902F4706223F470431343CC
:104C4000F27A43F078511AB372B6F27AD70708D5E0
:104C50004FF0E02CF768DCF880013840CCF8800198
:104C6000B061900708D54FF0E02C3769DCF884017B
:104C70003840CCF88401F061570708D54FF0E020A8
:104C80007769D0F888213A40C0F88821326262B64C
:104C90003268D068884207D043F0FC432648106051
:104CA000D1601361254B136094F82600002101F0B8
:104CB000FBFB33684FF00042DA62C5F307425A63E8
:104CC000DA6A002AFCDA4FF00042996BDA62C5F327
:104CD00007225A63DA6A002AFCDA4FF00042EDB28A
:104CE000996BDA625D63DA6A002AFCDAF27A9B6B0E
:104CF000002A86D0D00704D54FF0E023B169C3F86D
:104D00000011910704D54FF0E023F169C3F80411B5
:104D100053077FF576AF4FF0E023326AC3F80821DE
:104D20006FE7162382E700BF101001000051250233
:104D3000401001004087FF1F01403F0000003F80FE
:104D400070B50446084605F0D3F81B4905F024F970
:104D50001A4905F0D5F9A16A064605F01DF918496A
:104D600005F0CEF94FF07E5105F00CF805F016FB7A
:104D7000C5B20F2D1AD80121204600F087FAA16A8A
:104D8000304605F009F90F4905F0BAF94FF07E51A8
:104D900004F0F8FF05F002FBC5B21F2D294620469E
:104DA00028BF1F21BDE8704000F008BB002120464D
:104DB00000F06CFAF1E700BFD504354200007A44F8
:104DC00052B89E3EC3F5283E202914D820291FD86A
:104DD000DFE801F01F1E221E251E1E1E281E1E1E9D
:104DE0001E1E1E1E2B1E1E1E1E1E1E1E1E1E1E1ED6
:104DF0001E1E1E1E2E0080291DD0B1F5807F02D1FF
:104E0000002100F055BA402918D1022100F050BA13
:104E10007047082100F04CBA072100F049BA06217A
:104E200000F046BA052100F043BA042100F040BA70
:104E3000032100F03DBA012100F03ABA704700BFEB
:104E400038B5044600F02EFBB4F84030E28F94F8F9
:104E5000421094F874C0244D256023F4716322F449
:104E6000E16223F00F0343F4806322F0070221F094
:104E70003F0142F48372A4F840300123E28784F8B2
:104E8000653041F00802A4F8703094F8671084F897
:104E9000263010232CF00F0C84F8422084F82830A0
:104EA000124A94F83D3084F874C021F003014FF0A9
:104EB0000A0C62640622002084F807C084F8671098
:104EC0004FF0500C412162F30303A4F8720084F800
:104ED0006600A4F86E0084F825C084F827102046E8
:104EE00084F83D3038BD00BF941101001E000CC491
:104EF000416870B50446C1F3130100F031FAE1795D
:104F0000204600F089F9A1682046C1F3130100F0A2
:104F10008DF961692046C1F31121FFF7B5FBA16945
:104F20002046C1F31301FFF779FDA38BE17EC3F3A4
:104F30000B0341EA03212046FFF782FD238CE18B1E
:104F4000C3F3080341EA03412046FFF78FFD94F8BD
:104F50002430618C03F07F0341EA03412046FFF7D0
:104F600099FD94F82830616A1B0643EA1121204616
:104F7000FFF74EFB94F82C30A16A03F001031B06E7
:104F800043EA1121204600F063F9E16A2046090A4C
:104F9000FFF794FD616C2046FFF79AFBE16B20461A
:104FA000C1F3122100F018FA216C2046C1F315015B
:104FB00000F0B0F994F843102046FFF701FEB4F872
:104FC00048102046C1F30B0100F0A4FA94F84A10EF
:104FD000204601F0010100F0ADFA94F84B30E16C8D
:104FE000204643EA012100F0B3FA94F84F1020461E
:104FF00001F0030100F0C2FA216D204600F0CEFA64
:10500000616D2046C1F3110100F0CEFA94F85730DB
:1050100094F85810204643EA012100F0DBFAA16D14
:105020002046C1F3132100F0E3FAB4F85C102046E7
:1050300000F0F8FA94F86030B4F85E1003F07F03E3
:1050400041EA0341204600F0F7FA216E2046C1F301
:105050000F2100F007FB94F8633094F864102046A9
:1050600043EA012100F00CFB616E2046C1F31121DF
:1050700000F014FBB4F86810204600F033FBB4F8DD
:105080006A102046C1F30B0100F0C0F9B4F86C10AF
:105090002046C1F30A0100F053F9B4F86E30B4F8B9
:1050A0007010204643EA014100F026FB216894F885
:1050B00074300D68B4F8722003F00F0342EA034223
:1050C00020462B463D21BDE87040184770B5044688
:1050D000084604F00DFF254904F05EFF244905F061
:1050E0000FF824490646E06804F04EFE314604F00D
:1050F00053FF214905F004F84FF07E5104F042FEC1
:1051000005F04CF9C5B20F2D236829D89B68012101
:10511000204698471749E06804F036FE314604F00F
:105120003BFF164904F0ECFF4FF07E5104F02AFEDD
:1051300005F034F9C5B21F2D28BF1F25294620468A
:1051400000F02EF9284604F0D3FE216904F024FF74
:1051500005F024F9C1B22046BDE8704000F012B954
:105160009B68002120469847E5E700BFD5043542FB
:1051700000007A440AD7A33C6666A63EEC51383E4E
:10518000202914D8202921D8DFE801F0212025206A
:10519000292020202D2020202020202031202020E8
:1051A00020202020202020202020202035008029A1
:1051B00025D0B1F5807F03D1036800215B6A1847D1
:1051C000402920D1036802215B6A184770470268B2
:1051D0000821526A104702680721526A1047026884
:1051E0000621526A104702680521526A1047026878
:1051F0000421526A104702680321526A104703686B
:1052000001215B6A1847704708B5036801215B6894
:10521000984700F0010008BD10B404682468C1710B
:105220000A462346112110BC184700BF10B4827AE9
:105230000468C1F3034C2468018122F00F0242EAA2
:105240000C0282722346C1F3130210BC13211847CB
:1052500090F82C2010B40468C1F3006C22F0010215
:10526000246880F8291042EA0C0280F82C20C1F34F
:10527000072CC1F3074280F82B20234621F07E4201
:1052800010BC80F82AC06D21184700BF427D90F8FD
:1052900018C061F38612427542694FEA0C6C4CEA01
:1052A00012220721FFF794BC407DC009704700BF60
:1052B000F8B504460F46FFF7F7FF00B1F8BD637974
:1052C000257A67F303036371636806462D0620465B
:1052D00045EA1325FFF7E8FFC5F307220146C5F3AA
:1052E000074358B1E3702B0EA270657023712A46F4
:1052F00031462046BDE8F840FFF76ABCE3712B0E4B
:10530000A271657123722A462046BDE8F840FFF776
:105310005FBC00BF10B490F842200468C1F3054C94
:105320002468A0F8401022F03F0242EA0C0280F804
:1053300042202346C1F3150210BC0A21184700BFC2
:1053400010B40468B0F86C20246861F30A02A0F875
:105350006C202346C1F30A0210BC3821184700BF55
:1053600010B482790468C1F3034C2468818022F070
:105370000F0242EA0C0282712346C1F3130210BCF1
:1053800010211847027961F30402027110B44268D7
:105390000468C2F31302236810BC1021184700BF31
:1053A000427961F30402427110B442680468C2F3A6
:1053B0001302236810BC1021184700BF427C90F8EC
:1053C00014C061F30402427402694FEA0C6C4CEAA7
:1053D00012220621FFF7FCBB10B490F83F200468AE
:1053E000C1F3024C246880F83D1022F0070242EA23
:1053F0000C02C1F3072C80F83F202346C1F31202B0
:1054000010BC80F83EC00921184700BF10B40468E2
:10541000B0F86A20246861F30B02A0F86A202346E2
:10542000C1F30B0210BC3421184700BFF8B5054684
:105430000E460079002101F037F80724002746FACC
:1054400004F313F001034FF00101287808BF194657
:1054500001F02AF80121287901F026F8A87801F056
:1054600055F8031E18BF0123A3403B4328790021B0
:10547000DFB201F019F8013CE1D1F3074CBF012183
:105480002146287801F010F82879012101F00CF864
:10549000A87801F03BF800280CBF384647F001001F
:1054A000F8BD00BF38B50446FFF71CFBA06C164BD7
:1054B000626DE16C034043F4803302F47C02A36428
:1054C0006265A36D226E1148206001F07C4103F0FB
:1054D000704302F08002E164A365616EE36E2266B0
:1054E000A26E002501F07C4102F0704203F4784383
:1054F0000120E366E565064B6166A266A4F87000CC
:1055000025652046636438BD00F0FE00D01101001F
:1055100080040500C1F30B020168B0F848C010B464
:105520000C6862F30B0C2346A0F848C010BC0321A2
:10553000184700BF0A46016890F84AC010B40C68CA
:1055400062F3000C234680F84AC010BC04211847BF
:1055500010B404680A46C1F30721246880F84C108F
:10556000C2F3074180F84D10110E80F84E1023460B
:1055700080F84B2010BC0521184700BF01F0030242
:10558000016890F84FC010B40C6862F3010C234618
:1055900080F84FC010BC2021184700BF03680A469E
:1055A0001B682121184700BF10B490F856200468EA
:1055B000C1F3014C2468A0F8541022F0030242EA1F
:1055C0000C0280F856202346C1F3110210BC23219F
:1055D000184700BF10B4046824680A46090A80F816
:1055E0005810234680F8572010BC2421184700BFCC
:1055F00010B490F85B200468C1F3034C246880F871
:10560000591022F00F0242EA0C02C1F3072C80F875
:105610005B202346C1F3130210BC80F85AC0252139
:10562000184700BF10B404682468A0F85C100A464C
:105630002346262110BC184710B490F86020046857
:10564000C1F3064C2468A0F85E1022F07F0242EA03
:105650000C0280F860202346C1F3160210BC2721FB
:10566000184700BF10B4046824680A46090A80F885
:105670006210234680F8612010BC2821184700BF23
:1056800010B4046824680A46090A80F864102346A6
:1056900080F8632010BC2A21184700BF70B504466B
:1056A0000D4629B9036820215B689847C0B2C0B194
:1056B00094F867302268C5F30140166884F8655095
:1056C00023F00303C5F30721034384F8661084F82D
:1056D0006730C5F31102204633462B21BDE87040E8
:1056E000184770BD10B404682468A0F868100A4612
:1056F00023462C2110BC184710B4046824680A46BD
:10570000090CA0F870102346A0F86E2010BC3A21B6
:10571000184700BF184B70B553F83160044600209D
:105720006060A163C8B206F58071E16206F1800194
:10573000A16253F83230E26303F18002226303F581
:105740008072626340F6C412012562624FF44871B0
:105750006422A1612262E261C6F800512946C3F8C1
:105760008050256000F0E0FE94F83C00294600F0EF
:10577000DBFE204670BD00BFB0120100C26B074BBC
:1057800053F8323003F1800203F5807311B11946EA
:1057900013460A4602634363704700BFB01201001C
:1057A000034A044B914298BF0B464362704700BFC7
:1057B0001FA1070020A10700002910B40BDB0C4C2F
:1057C000026BA1424FF00103A8BF2146036010BC49
:1057D000136081617047074B426B4FF0FF34994271
:1057E0000460B8BF19460124146010BC8161704781
:1057F000E0930400206CFBFF4368C91A10B40DD479
:10580000026B012303601360426810BC81EAE173FC
:10581000A3EBE1731144C16003617047436B4FF028
:10582000FF34012204601A60EEE700BF704700BF3A
:10583000024B186803681B68184700BF2092FF1FBF
:10584000024B586803681B68184700BF2092FF1F6F
:10585000024B986803681B68184700BF2092FF1F1F
:10586000024BD86803681B68184700BF2092FF1FCF
:10587000426808B55AB1154B13441B114433DBB2CF
:10588000443B032B03D8DFE803F01115190D104B2F
:105890001B6800220260ABB10121084698474FF017
:1058A000FF3008BD0B4B0360032008BD0A4B0360AB
:1058B000002008BD094B0360012008BD084B0360B0
:1058C000022008BD4FF0FF3008BD00BF008FFCBFB5
:1058D0001C92FF1F307103400071034010710340A0
:1058E00020710340F0B58DB02F4B304A0093071D57
:1058F00004460E4608A802A906930292FAF7FAFD9A
:105900002B4A06A9384600F0DFF9069B0546DB68FE
:1059100008A89847009B02A8DB6898475DB9254B0B
:105920001B682BB103210120984703200DB0F0BD67
:1059300003200DB0F0BD2046FFF79AFF1E4B6168B3
:1059400043F820602022227221B11C4B0B441B1112
:105950001B495A541B4B53F82030029302A91A4B8F
:10596000009308A80693FAF7C5FD114A06A9384620
:1059700000F0AAF9069B08A8DB689847009B02A8DC
:10598000DB689847236833B19A68002022F002024E
:105990009A600DB0F0BD074A1268002AF4D00221C7
:1059A000012090472368EFE7840F01002D58000085
:1059B000005125021C92FF1F2092FF1F008FFCBF89
:1059C00044E400E0141201000412010010B4134C6E
:1059D00022780ABB124B4FF6FF711A6010209960B3
:1059E000D30003F1804303F560330132D96821F01D
:1059F0008001D960D968082A21F04001D960D860B7
:105A0000EED1074B4FF0E0220D2018604FF080419F
:105A10000123C2F80411237010BC70473092FF1F9D
:105A200000800340064B0146002053F8042F1AB1B2
:105A300001300828F9D17047024B43F82010704715
:105A40003092FF1F3492FF1F072811D810B472B68E
:105A5000C30003F1804303F560330649DA6800248C
:105A600022F04002DA6041F8204062B610BC704774
:105A7000704700BF3492FF1F70B50D4D0024E30046
:105A800003F1804303F56033DA6802F0C002C02AF4
:105A900009D155F82400DA68066822F04002366819
:105AA000DA602146B0470134082CE8D170BD00BF50
:105AB0003492FF1FEFF3108272B6437F5BB9017F10
:105AC000012930B40BD0032913D00123437702B945
:105AD00062B630BC70470AB962B670477047124C64
:105AE0002168B1B1114943610B6883610860586155
:105AF000EBE70F4D0F492C688CB143610B68836154
:105B000058614FF0E0234FF080540860C3F8044D13
:105B1000DBE7064B4161816120601860D5E7446195
:105B200084612860EDE700BF5492FF1F6492FF1F5D
:105B30005C92FF1F5892FF1F70B5EFF3108272B690
:105B40000C4C206880B10C4E00254369236073B172
:105B50009D6102B962B6836845779847EFF310827A
:105B600072B620680028F0D102B962B670BD336009
:105B7000EFE700BF5C92FF1F5892FF1FFFF7DCBFEB
:105B8000024A136801331360704700BFC892FF1FB9
:105B90000368C9B21B6818470368C9B21B68184775
:105BA0000368C9B21B6818470368C9B21B68184765
:105BB000084B10B503EB51030446B3FBF1F000F0C2
:105BC000EFFD054B1B7803B110BD2046BDE810402A
:105BD00002F060BA00449508B987FF1F08B508466F
:105BE00000F0E0FF012008BD08B5084600F0DAFF2C
:105BF000012008BD38B508460D4605F001FE0446F3
:105C00000146284600F0D8FF204638BD10B50846AA
:105C10001446114600F0D0FF204610BD084611463C
:105C200001F0F8B90846114601F0D8B901F0F0B812
:105C300008B5084600F08CFF003818BF012008BDE9
:105C400008B5084600F062FF003818BF012008BD03
:105C50000846114600F0F2BE084600F02DBF00BF16
:105C6000084600F0CFBE00BF00F066BE10B5036866
:105C70001446DB6998472046BDE8104000F0FEBDA1
:105C800001F0A0B801F058B801F042B801F01CB81A
:105C900001F026B8704700BF704700BF704700BFD3
:105CA000704700BF704700BF38B5064CA4F16005CF
:105CB00054F8083C2046DB68183C9847AC42F7D1C2
:105CC00038BD00BFB892FF1F2DE9F043036887B0CD
:105CD00004469046002B3ED000229A600122DA60F2
:105CE000294DDFF8A8901D442D1151F8083B009371
:105CF00005EB4506F60002A85B68984706F1080721
:105D000059F806304F443846DB689847009B204AD4
:105D1000009202A949F8063038469B689847009BD4
:105D200002A8DB68984723681A49C3F80080032259
:105D30009A6005F14402531103F138232079685425
:105D4000403301209B0002F01F0200FA02F21A60A9
:105D500007B0BDE8F083104AD36B43F40003D3636C
:105D600000BF0E4B01221A6003F580730C4A0360DA
:105D700098680028B4D0103393422360F8D10020F3
:105D8000206007B0BDE8F083008FFCBF6892FF1F62
:105D90009012010044E400E00080044000700340E1
:105DA000407103400368002B3DD02DE9F0471E4CA5
:105DB000DFF878901E4A1C44241104F14406731144
:105DC00004EB4404E40003F1382386B060339F0001
:105DD0004FF0010A59F80430009204F1080806F067
:105DE0001F06144A02920AFA06F6C8440546DB6802
:105DF0003E6040469847009B0F4A009249F80430A5
:105E0000404602A99B689847009B02A8DB68984718
:105E10002A6800239360C2F80CA0C7F800612B60C9
:105E200006B0BDE8F0877047008FFCBF6892FF1F87
:105E3000840F0100955C0000901201000448054A9F
:105E400050F8083B01211B68C2F80C11184700BF2D
:105E50006892FF1F007003400448054A83690121CE
:105E60001B68C2F81C112030184700BF6892FF1F42
:105E7000007003400448054A036B01211B68C2F807
:105E80002C113830184700BF6892FF1F0070034084
:105E90000448054A836C01211B68C2F83C1150304C
:105EA000184700BF6892FF1F00700340084B094865
:105EB000094A0A4910B40A4C1C6098609C61186237
:105EC0001C6398639C64186510BC002002F0A8B99C
:105ED0006892FF1F955C00002087FF1FA95C0000EF
:105EE000840F010070B5012A8AB008BF0A22A1B34D
:105EF0004FF0210E02E05FFA86FE2946B1FBF2F573
:105F000002FB15145FFA84FC092C0CF1300498BFD5
:105F10005FFA84FC0EF1280488BF0CF1370C6C4446
:105F200088BF5FFA8CFC91420EF1FF3604F824CC56
:105F3000E1D24BB10EF1FF3E5FFA8EFE0EF1280367
:105F40006B442D2203F8242C036801A95B68CEF171
:105F50002202714498470AB070BD30228DF8252086
:105F60004FF0210EE5E700BF0029BABF49422D23BB
:105F700000230A22FFF7B6BF00B5036883B040F6DE
:105F80000D22ADF804205B68022201A9984703B0F6
:105F90005DF804FB034B022888BF034618461B68C4
:105FA0005B681847BC87FF1F10B5174B0FCB84B039
:105FB000EC468CE80F00154B5A78910717D51A78E4
:105FC000124C12F0700218BF1A7080210023E17188
:105FD000332223710323E272A37272B64CF00103E1
:105FE0002046984762B6237813F0700309D1084B16
:105FF000064901E0013B02D04A78D207FAD504B045
:1060000010BD237004B010BDA012010000000240BA
:10601000410D0300B0F5006F11D210B5094B5B784C
:10602000DB07044604D504F1A0542078C0B210BDAB
:1060300004F1A054FFF7B8FF2078C0B210BD0020D3
:10604000704700BF00000240B0F5006F1FD238B5A6
:106050000F4B5B78DA0704460D4610D504F1A054C7
:106060002378AB420AD00A4A137813F0700318BFA2
:106070001370074A25705378DB07FCD538BD04F14F
:10608000A054FFF791FF2378AB42ECD1F6E77047BD
:106090000000024008B5FDF7D5F8FDF705F801F05E
:1060A00081FFFAE701B441EA000313F003036FD163
:1060B000403A41D351F8043B40F8043B51F8043BCB
:1060C00040F8043B51F8043B40F8043B51F8043BD2
:1060D00040F8043B51F8043B40F8043B51F8043BC2
:1060E00040F8043B51F8043B40F8043B51F8043BB2
:1060F00040F8043B51F8043B40F8043B51F8043BA2
:1061000040F8043B51F8043B40F8043B51F8043B91
:1061100040F8043B51F8043B40F8043B51F8043B81
:1061200040F8043B51F8043B40F8043B51F8043B71
:1061300040F8043B403ABDD2303211D351F8043B11
:1061400040F8043B51F8043B40F8043B51F8043B51
:1061500040F8043B51F8043B40F8043B103AEDD2C0
:106160000C3205D351F8043B40F8043B043AF9D211
:1061700004320AD0D2071CBF11F8013B00F8013BE2
:1061800003D30B7803704B78437001BC704700BF9A
:106190000C2A4AD310F0030311D0C3F10403D21A1E
:1061A000DB071CBF11F8013B00F8013B07D311F8D6
:1061B000013B00F8013B11F8013B00F8013B11F0F5
:1061C00003033FF475AF30B4043AC91AC3F1040CA9
:1061D00051F8044B022B19D0032B0BD0240A51F891
:1061E000043B1D0644EA050440F8044B1C46043AEF
:1061F000F4D216E0240E51F8043B1D0244EA0504D3
:1062000040F8044B1C46043AF4D20AE0240C51F83E
:10621000043B1D0444EA050440F8044B1C46043AC0
:10622000F4D20432B1EB0C0130BC043AA0D3013AF1
:1062300011F8013B00F8013BF9D20B7803704B7861
:1062400043708B78837001BC704700BF08B50F4C5A
:10625000636B58030DD4636B59050FD4636B1A0538
:1062600011D4636BDB04F3D501F0E0FF636B5803DB
:10627000F1D501F0C9F8636B5905EFD500F0ECFDDD
:10628000636B1A05EDD500F03DFFEAE7008004409E
:1062900008B5FFF7DBFF00BF014B10221A807047E3
:1062A00000200540704700BF094A08B50346106842
:1062B00033B169460344A1F580518B4201D213608A
:1062C00008BD05F065FA0C2303604FF0FF3008BDF0
:1062D0009087FF1F002070474FF0FF30704700BFCE
:1062E0004FF400534B600020704700BF01207047FF
:1062F0004FF0FF30704700BFFEE700BFFEE7FFFF33
:10630000EFF31383CBB9EFF31080A0B9EFF305835C
:1063100043B94FF48070EFF311835BB1984228BF0B
:10632000184670470F2BF6D9054AD05CEFF311835E
:10633000002BF3D17047184670474FF0FF3070477D
:10634000F0E300E004F004BA04F00ABA01F1FF3C03
:1063500070B56546002401E070460134B0FBF2FEE2
:1063600002FB1E03092B03F130068ABF3733F3B259
:10637000DBB2904205F8013FEED2631C0022CA5402
:10638000C8187CB162461CF8015F10F801ED8CF86A
:1063900000E0A1EB0C030232013B521A23449A4263
:1063A0000570EFDB084670BD10B40F4B53F830207A
:1063B00092F880422CB1012391B182F8803010BC58
:1063C000704703EBC0035B681A6821B922F0020230
:1063D00010BC1A60704742F0030210BC1A6070478C
:1063E00082F8003110BC7047B0120100034B00224C
:1063F00010215A615A6018605961704700D00340FB
:10640000704700BFF0B54FF0E0244FF400054FF0A7
:10641000807CC4F80851C4F808C14FF0007CC4F86F
:1064200008C11D4A1D481E494FF0806CC4F808C1C0
:106430002823002748F6FF7609254FF0006CC4F8A2
:1064400008C183B057609660D3605361D3615362D3
:10645000D3625363D3635364156047608660C3603F
:10646000436105604F608E60CB604B610D6001F051
:1064700039FEFFF7C5FF0B4C23680093009B132BDD
:10648000FAD901F07BFB23680193019BB3F5967F5A
:10649000F9D303B0F0BD00BF00800340009003407B
:1064A00000800B40C892FF1F212816D810B4104B53
:1064B00053F8302092F880422CB1012371B982F850
:1064C000003110BC704703EBC0035B681A6849B128
:1064D00042F0030210BC1A607047704782F88030A7
:1064E00010BC704722F0020210BC1A60704700BF57
:1064F000B0120100212805D8034B53F83030012297
:1065000083F88021704700BFB0120100212806D80F
:10651000044B53F8303093F80002C0B270470020AB
:10652000704700BFB0120100212820D81B4A02EB9F
:10653000C00301295B680FD004291DD052F8300038
:10654000002280F8802299B1022922D003290DD19E
:106550004FF481721A60704752F830004FF4A27203
:1065600080F880121A601A6822F020021A607047C0
:106570004FF480721A60704752F830104FF4A272D4
:10658000012081F880021A601A6842F020021A6025
:10659000704740F203121A60704700BFB01201004A
:1065A0002DE9F843DFF870800E46174608250124D0
:1065B00008EBC1090CE0012283F8802093F88022C7
:1065C000F2B1012283F800216400013DE4B221D040
:1065D000212803D807EA0401FFF7E6FE212EF3D8AD
:1065E00058F8363093F88022002AE4D1D9F8041004
:1065F0000A6842F003020A6093F88022002AE0D180
:10660000D9F804201368640023F00203013D1360ED
:10661000E4B2DDD1BDE8F883B01201002DE9F84302
:10662000044672B6204F4FF0E02293693D68D2F8DD
:10663000042D62B6520102D5322B88BF01350CB948
:10664000BDE8F883DFF86490DFF86480A9EB03030A
:10665000A8FB03234FF47A7202FB05F505EB131533
:106660004FF0E02672B6B1693A68D6F804CD62B64A
:10667000A9EB0103A8FB03031CF0806FC5EB131308
:106680004FF47A7002D0322988BF013200FB023306
:10669000B3F57A7F04D3013CD2D005F57A75E1E7F2
:1066A00001F080FCDEE700BFC892FF1F3F19010028
:1066B000398EE3382DE9F84F314B1B6807460BB193
:1066C00001221A70DFF8BC90DFF8BC8099F8004016
:1066D000D8F800302D4D01349C422B782AD303F09A
:1066E000FF0A002B3ED15446294EDFF8A8B005E042
:1066F00033791B0623D42B78A3420AD1FFF700FE7F
:106700004028F5DDFF28F6DD01F04CFC2B78A34294
:10671000F4D03F2C29D9204B403C1B68FFB21F55B9
:106720001E4A1B4B01211170BC2289F800A0DA70AF
:10673000BDE8F88F9C425FFA84FAD5D0E9E72B7860
:10674000D8F800105A1C8A42DBB203D23F2A10D874
:10675000D1B201E000210A461BF80230DBB2F3712E
:106760002970C8E74FF0000A54460A4BFFB21F5584
:10677000D6E7D1B2084A3F3B1268D35CDBB2EEE702
:106780001C93FF1F6493FF1FA087FF1F6C93FF1FC5
:1067900000A006402493FF1F6893FF1F2093FF1F54
:1067A0002A4A2B49536B70B443F48063294D5363D9
:1067B00000232B70284E0B70284C29492370327807
:1067C0000B7028490B709AB3152A03D1264B40F25F
:1067D00013329A61254B1B78012B31D0052B03D145
:1067E000214B4FF45172DA612028214B214C38BFE4
:1067F0002020C0F3443C83F800C0C0F3471C00F0E5
:106800001F0083F801C00422987202209A70D87485
:1068100088205A754FF0E021187440223C20D8702F
:1068200084F82D204FF4005370BCC1F80431704738
:10683000114B40F213321A640C4B1B78012BCDD153
:106840000D4B4FF451725A64CEE700BF00800440F4
:106850001893FF1F1093FF1F1993FF1F6493FF1FCF
:106860006C93FF1F2093FF1F00C00440A487FF1FED
:1068700000A0064000E400E000A00440294B2949A4
:106880009B7800F0030203F0EC031343420700F08F
:106890000F0248BF43F01003042A8B7003D18B7999
:1068A00043F040038B711F4B5A79C30602F0EF028D
:1068B0001C4B48BF42F010025A719A79810602F0CF
:1068C000EF0211D542F0100281059A710FD59A7826
:1068D000154942F0A0029A700978144B03EBC103EA
:1068E00040F246325B6814E09A71820505D4104B81
:1068F000104A1968914211D070479A780A4942F0BB
:10690000A0029A700978094B03EBC10340F24732A9
:106910005B68074907481A600860704700221A60E0
:10692000704700BF00A00640A487FF1FB0120100FF
:106930001C93FF1FD400D442284B5B6B5B054CD5E6
:1069400010B5274C237823B101F02CFB2378002BC2
:10695000FAD1244A244B4FF0E0204FF40054002198
:10696000C0F88441D1701B7863B3152B1BD01F4B2B
:106970001B7803F07F03012B1FD0052B0ED01C4B7F
:10698000184A1C4C1C48196892F804C0D27900239C
:106990002370037009B101230B7010BD174B40F237
:1069A0000312DA61EBE7154B40F203129A610F4BC9
:1069B0001B7803F07F03012BDFD1114B40F2031250
:1069C0005A64DCE70E4B40F203121A64074B1B7843
:1069D00003F07F03012BD0D1EFE770470080044024
:1069E0002093FF1F00A006401993FF1FA487FF1FDD
:1069F000CC92FF1F1093FF1F1893FF1F00C004408D
:106A000000A004400A4A38B50546137803F0FF0495
:106A1000002BFAD101212846FFF786FD21462846A2
:106A2000FFF742FD034A044B52F835201A6038BD87
:106A30002093FF1FB01201001C93FF1F09B140F00B
:106A40008000194A1378834217D010B4174C646B36
:106A500064050FD503F07F03012B21D0052B14D043
:106A6000002900F07F0314BF60214421012B10D0C6
:106A7000052B03D0107010BC704770470C4B41F4CD
:106A80004071D961107010BC7047094B0024DC6163
:106A9000E6E7084B41F440715964107010BC704730
:106AA000044B00245C64DBE7A487FF1F00800440E4
:106AB00000C0044000A00440104A137883420AD06A
:106AC0000F49496B490505D5ABB1152B09D068B104
:106AD000152801D0107070470A4B40F213319961AC
:106AE000F8E7084B002199610028F1D1064B40F2EC
:106AF00013311964EEE704490B64E8E71993FF1FAB
:106B00000080044000C0044000A004400D4B5B6BBB
:106B100013F4806313D0212803D90B4B0020186095
:106B200070470A4B10B5084C53F8303023600121F0
:106B3000FFF7FAFC236800221A70012010BD1846E6
:106B4000704700BF00800440CC92FF1FB0120100CC
:106B5000104B5B6B13F4806312D012280BD01428F7
:106B600010D10D4B40F202325A610C4A537B012086
:106B70000343537370470A4B40F20232DA60F4E782
:106B800018467047054A537B03F0FE0300205373F9
:106B9000704700BF0080044000C0044000A00640D1
:106BA00000A00440034B5B6B5B0501D5FFF782BD82
:106BB000704700BF008004402DE9F84F394B5B6BF4
:106BC0005A053CD5384B1B680BB101221A70471887
:106BD000B84231D2354EDFF8D880364CDFF8D89045
:106BE00000F1010A13E003F0FF0B53B34FF0000B69
:106BF0005D46324A1AF8013C53555246304901234A
:106C0000BA420B700AF1010A86F800B014D2357846
:106C1000D8F800300135AB422378E4D9AB425FFAB3
:106C200085FB0FD03F2DE4D9264B1AF8012C1B68A9
:106C3000403D5A555246E1E71F4BBC22DA70BDE891
:106C4000F88F5D466FF0430389F8033006E099F84A
:106C500004301B060BD42378AB42E3D1FFF750FB83
:106C60004028F4DDFF28F6DD01F09CF9F3E72378F6
:106C7000D8F800105A1C9142DBB203D93F2A0AD837
:106C8000D1B201E000210A460C4B9B5CDBB289F8D3
:106C900007302170DFE7D1B20A4A3F3B1268D35C6C
:106CA000DBB2F4E7008004401C93FF1F6493FF1FD6
:106CB000A087FF1F6C93FF1F00A006402493FF1FB7
:106CC0002093FF1F6893FF1F10B5044C237823B156
:106CD00001F068F92378002BFAD110BD2093FF1F33
:106CE000084A094B11781A789142C8B2D3B202D23D
:106CF000013B181A7047054A1268013A1344181AE2
:106D0000704700BF6493FF1F6C93FF1FA087FF1F96
:106D1000064A074B11781A789142D0B23CBF054A17
:106D20001268CBB238BF9B18181A70471093FF1F18
:106D30001893FF1F9C87FF1F1B4B1C491A780B7869
:106D40009A422ED010B55FFA82FE194AD8B2126864
:106D5000431C9A4219D93F2B1BD85FFA83FC154874
:106D6000C05CC0B281F800C01349096861B19E459A
:106D70003CBF7244D31A114A126828BFAEEB03031A
:106D80009A4201D300230B7010BD4FF0000C6346F4
:106D9000E5E70B4C3F382468205C5FFA83FCC0B207
:106DA000E0E74FF0FF3070471093FF1F1893FF1F6D
:106DB0009C87FF1FD092FF1FCC92FF1F9887FF1F59
:106DC0001493FF1F0D4A0E4B11781B789942DAB2CB
:106DD00011D00C490968531C994207D93F2B06D999
:106DE000094B3F3A1B68985CC0B270470023074AC2
:106DF000D05CC0B270474FF0FF3070471093FF1F58
:106E00001893FF1F9C87FF1F1493FF1FD092FF1F33
:106E10000C4B5B6B5B0514D50B4B0C48DA784021AF
:106E200002F0CB02DA705974DA78094942F0340280
:106E3000DA70084A03781268DBB20B700AB10023DB
:106E4000137070470080044000A006401893FF1F95
:106E50001093FF1FCC92FF1F2DE9F041504C237976
:106E600013F0300F47D072B6A37D03F0FF01002B63
:106E700058D062B6DFF82C814B4898F800304B4A66
:106E8000057816684A4F5FFA83FC4A4BEDB2D3F897
:106E900000E008E01DB14FF0000C07F80C304A1E6E
:106EA00012F0FF0112D0E3790CF101029642DBB23D
:106EB000F0D99542ACF13F00F1D03F2A6DD994460C
:106EC0004A1E12F0FF010EF80030ECD15FFA8CF38D
:106ED00088F80030384B196869B1AC453CBF721B6B
:106EE00002EB0C03354A126828BFACEB05039A424B
:106EF0009CBF01230B702A48C3781E06DDB216D44E
:106F00006A060DD5264B1B795B0609D52C4B2D49FE
:106F10001B6800220A7003B11A70214B3C22DA7000
:106F2000BDE8F0814023E279637462B6E3E7037958
:106F30001C06E5D5244B254ADFF894E01C7816683A
:106F40009EF80030234A244FD2F800C0E4B2DBB2EE
:106F500007E003790023FA5CD2B2C271027D072AEE
:106F600011D8A34203F101010ED08E42F1D93F297D
:106F70000279A3F13F0301D80B46ECE71CF803208C
:106F80000B46D2B2E9E7DCB2054B8EF800401A7925
:106F9000110644BF7C22DA70B2E794467DE700BF59
:106FA00000A006401093FF1F1893FF1F9C87FF1F30
:106FB000D092FF1F1493FF1FCC92FF1F9487FF1FD7
:106FC0001C93FF1F2093FF1F6493FF1FA087FF1FC9
:106FD0006C93FF1F6893FF1F2493FF1F094B10B48E
:106FE000186060B101F14004074B084801F11A0232
:106FF0001A60074B0460283110BC196070474024A8
:10700000F2E700BF1493FF1F9887FF1F9C87FF1FA5
:107010009487FF1F054B186018B1054B403119606C
:107020007047034B40211960704700BF6893FF1FF2
:10703000A087FF1F294B5B6B1B054DD510B5284C56
:10704000237823B100F0AEFF2378002BFAD1254A34
:10705000254B4FF0E0204FF400440021C0F884415C
:10706000D1701B78092B2CD01A2B1BD01F4B1B78EF
:1070700003F07F030A2B1FD01F2B0ED01C4B194A85
:107080001C4C1D48196892F804C0D2790023237063
:10709000037009B101230B7010BD184B40F20312AD
:1070A0001A60EBE7154B40F203125A600F4B1B7846
:1070B00003F07F030A2BDFD1114B40F203121A6158
:1070C000DCE70F4B40F20312DA60084B1B7803F049
:1070D0007F030A2BD0D1EFE7704700BF0080044048
:1070E000C493FF1F00B00640B087FF1FB887FF1F83
:1070F0007093FF1FB493FF1FBC93FF1F00D0044089
:1071000000B004402DE9F041504C237913F0300FCA
:1071100047D072B6A37D03F0FF01002B58D062B6B2
:10712000DFF82C814B4898F800304B4A05781668F8
:107130004A4F5FFA83FC4A4BEDB2D3F800E008E017
:107140001DB14FF0000C07F80C304A1E12F0FF0181
:1071500012D0E3790CF101029642DBB2F0D99542EC
:10716000ACF13F00F1D03F2A6DD994464A1E12F08F
:10717000FF010EF80030ECD15FFA8CF388F8003094
:10718000384B196869B1AC453CBF721B02EB0C036C
:10719000354A126828BFACEB05039A429CBF012315
:1071A0000B702A48C3781E06DDB216D46A060DD5C8
:1071B000264B1B795B0609D52C4B2D491B680022F9
:1071C0000A7003B11A70214B3C22DA70BDE8F081DD
:1071D0004023E279637462B6E3E703791C06E5D5E0
:1071E000244B254ADFF894E01C7816689EF800309E
:1071F000234A244FD2F800C0E4B2DBB207E003799F
:107200000023FA5CD2B2C271027D072A11D8A342D0
:1072100003F101010ED08E42F1D927290279A3F1A1
:10722000270301D80B46ECE71CF803200B46D2B22B
:10723000E9E7DCB2054B8EF800401A79110644BF2D
:107240007C22DA70B2E794467DE700BF00B00640CA
:10725000B493FF1FBC93FF1FAC87FF1F7493FF1FE6
:10726000B893FF1F7093FF1FA887FF1FC093FF1FD6
:10727000C493FF1FF093FF1FB487FF1FF893FF1FF6
:10728000F493FF1FC893FF1F704700BF431E032BDB
:1072900017D872B60C4951F8230080B110B40B4CCA
:1072A000B0F800C034F81320A2EB0C02D0F804C0F0
:1072B00041F823C024F8132062B610BC704762B6B0
:1072C00070470020704700BF8C94FF1FDC94FF1FA5
:1072D000013803280BD872B6074B53F8203043B15E
:1072E00000205B680130002BFBD162B670470020A4
:1072F00070471846F9E700BFB494FF1F10B472B688
:10730000194A1A4C042312F8011B090743F0010C17
:1073100005D554F8331061B154F83C10B9B10433B9
:10732000142BF0D162B6124B00221A7010BC00F080
:107330009DBC0F4904EBC302083050600A780D4829
:1073400044F83300013A0A7062B610BC7047084A2C
:10735000094904EBCC0308305860137844F83C101A
:10736000013B137062B6F0E73C1401000080FF1F80
:10737000E494FF1F88004000C8004000421E032A1A
:107380000ED81C4B400140F0100010B4034472B6FC
:10739000194CA05C03281CD8DFE800F01315031873
:1073A00070470520A05413F0080F088814BFC822A6
:1073B0008822083142EA004259601A6062B610BC65
:1073C00070470320EEE708330220EBE70833042080
:1073D000E8E70A4B53F8220038B1094B53F8220072
:1073E000416043F8221062B6E9E743F82210044BEB
:1073F000F7E700BF0080FF1FD494FF1FB494FF1F66
:10740000C494FF1F00BE00BF2DE9F04FDFF8CCA2EF
:10741000DFF8CCB285B03DE0B24D9E0805EBC60763
:10742000013A796813F00803D4B2A1F1080040F0E2
:10743000B88055F836204FEA124C120C21F808CCCF
:1074400000F0A78021F8063C41F8043CA64B53F815
:107450002420002A00F00182A44B53F8242050601D
:1074600043F82400A24B33F81420944423F814C0AA
:1074700000F0DCFB002800F0E98117F0080F9D4BBD
:1074800000F1080018BF5B46786045F836300823E5
:107490008AF880309AF880305907DCB21BD5964BB9
:1074A0001B78ABB195490A7802F0FF032AB1013B82
:1074B000DBB20B70002B00F0468391490A7802F092
:1074C000FF032AB1013BDBB20B70002B00F0EB8114
:1074D00004238AF8803014F0080200F0CC819AF876
:1074E0009020D3B2120997D1DFF8F8919B0809EBED
:1074F000C30459F833006468C0F3830009287CD0C2
:107500000FD80138012808D87E4A158842F2210098
:10751000854200F0FB8149F833B001238AF89430AA
:10752000B5E70D28F9D1D4E90007774D49F833B014
:10753000744E764CC9F8102083B240F2816CC9F8C1
:1075400018202A6063454FF00102C6E90007227047
:1075500000F2FF80B3F5D06F80F0CB82B3F5817F6E
:1075600000F0268240F2DE8040F2023293427BD16C
:1075700007F07F07042F00F20881020C40F005811C
:10758000634911F8273043F0020301F8273013460E
:1075900070E017F0080F574B18BF5B4645F83630C0
:1075A00075E700F063FB5B495B4A51F82430002B20
:1075B00000F05781586841F82400115D03F108007C
:1075C0007860032905D8DFE801F0120F15020421C5
:1075D00011551A8817F0080F14BFC823882343EAEF
:1075E000024345F8363052E702211155F1E70321F5
:1075F0001155EEE705211155EBE7434D2A683AB3E3
:107600004649424C0F88464894F800E00678402FDF
:107610003B4628BF4023BEF1000F8EF0010E84F8D8
:1076200000E046F0020486F00106067009EBC40093
:10763000426014BFC820882040EA03401A44FB1A65
:107640009BB249F834000B80002B00F036812A6091
:107650002C4B1A88B2F5A06F7FF45FAF9A788AF846
:10766000982000225A7058E7B3F5A06F40F08D8043
:1076700000221346B6F806C02948944528BF944610
:1076800067460278402F28BF402742F0020E3E0492
:1076900009EBCE0846F0C806C8F8043049F83E6049
:1076A00000263B442670BCEB070782F001060670FB
:1076B00040F01181BCF13F0F4FF0010509D946F0B0
:1076C0000206027009EBC60225705360882349F850
:1076D000363001238AF894301FE700BF00200740AE
:1076E000C80040000080FF1F8C94FF1F9C94FF1F68
:1076F000DC94FF1F88004000D894FF1FD994FF1F1F
:107700000495FF1FAC94FF1F8094FF1F7D94FF1F03
:10771000C0200740B494FF1FD494FF1F7E94FF1F26
:107720007C94FF1F802B00F08B81822B2DD107F0E2
:107730007F07042F29D8A74A00231380A64B13F8EC
:1077400027309F0740F1FC8101231370A14B0222D7
:1077500090E742F2210C6345BBD01DD942F22122B1
:1077600093420DD1BFB2002F82D19C4B1A689C4B23
:107770001A609C4BC0F3074000221870134679E74B
:1077800042F2213293423FF473AF0F238AF8C030A4
:1077900001238AF89430C0E6B3F5086F00F04A81FF
:1077A000B3F5106FF1D1904BC0F30740042518706A
:1077B00059F835301A0606D40135142D0CD059F875
:1077C00035301A06F8D509EBC50301355868083875
:1077D00000F04CFA142DF2D1844A854B0292854A6E
:1077E0000192854E854ADFF81882039400920025A5
:1077F0001C4656F8047B2FB138467F6800F036FAF5
:10780000002FF9D1009BD8F8007043F8045B46F8CC
:10781000045C00932FB138467F6800F027FA002FF0
:10782000F9D1029B48F8045B43F8045B0293019B87
:1078300023F8025B01932378023B032B00F20981BA
:10784000DFE813F03F0104013F0104016D4A45F8F0
:10785000360013780133137019E643F82400674BA0
:10786000FEE5115D022926D07FF611AE03291DD158
:10787000012313550BE6E0076ED4210621D4A2079D
:1078800008D5614B93F888200221D2B283F8882072
:1078900083F88010E30603D55B4B102283F8802029
:1078A00005B0BDE8F08F00F059FB11E617F0080FA6
:1078B00014BF032302231355E9E53F2F98BF00228D
:1078C000C5E6514B80220D2183F8C01083F880203B
:1078D000A207DFD5D5E746F002060270402F09EB7C
:1078E000C6003A4628BF402243601004134440F0CB
:1078F00088000121BA1A49F83600217055D02B6052
:10790000424B1A8001238AF8943006E692885AB9CD
:107910003F4AE51D14F8011B02F8011FAC42F9D1E2
:107920003C4A1268862A3CD03B4C3C482578027879
:10793000002D85F00105257042F0020482F001025D
:10794000027009EBC4024FF00000506014BFC8225F
:10795000882249F83420DEE52B4B30483049314C41
:10796000022583F8945002702F480C602F4D486018
:107970008C600D24CD60FF200A618A6183F8C040CD
:1079800001219F2483F8880083F8800083F89820E1
:1079900083F88C0083F8844083F8941005B0BDE828
:1079A000F08F234A0F201070BEE73F2FA7D890E634
:1079B00007F07F07042F3FF6E8AE000C7FF4E5AE3A
:1079C000054A12F8273023F0020302F8273000227C
:1079D00013464FE68494FF1FC0200740C892FF1F44
:1079E0000095FF1FFC94FF1FD894FF1FC494FF1F36
:1079F000D494FF1FDC94FF1F8C94FF1F9C94FF1FE7
:107A0000B494FF1FE494FF1F002007407E94FF1FE3
:107A1000F394FF1FF494FF1F7D94FF1F7C94FF1FBE
:107A20000080FF1F88004000FC93FF1F3C94FF1F55
:107A3000D994FF1F484B49491B780B700B4619E638
:107A4000464A00231380454B022213E64FF0010300
:107A50002370434BB34204F101047FF4CAAE414E9C
:107A6000039CDFF80481414F00233370042518F88C
:107A7000013B3F4AAB541B0725D445F0020145F0BA
:107A8000030204350023142D49F8313049F832300F
:107A9000EDD1384F25783A7842F0020009EBC00C5E
:107AA00085F00106CCF80430002D4DD1882382F0FA
:107AB000010226703A7049F8303001238AF8943078
:107AC0002BE52570C5E700F0B1F8002832D009EBAE
:107AD000C5030830586049F8357000F0A7F808B3BE
:107AE00045F0010309EBC3020830506049F833B098
:107AF000C3E7214A5368002B3FF447AE000CBFB2E6
:107B000004E013690C32002B3FF43FAE1188814230
:107B1000F7D15188B942F4D1000A03280CBF1A7872
:107B20001289A7E533780133337045F0010349F832
:107B30003300A2E7337849F8350001333370CCE7DE
:107B4000064B022296E500BE2670C82382F001068D
:107B50003E7049F83030BCE5D894FF1F8494FF1F75
:107B60009C94FF1FE494FF1F3C1401008800400018
:107B7000C02007407C94FF1FE813010070B500F09F
:107B800017FB00231A4A194642F8331002EBC300D0
:107B90000133142B4160F7D1164C174B606B174D16
:107BA00040F480206063C2F3072483F89C40144CA7
:107BB000FF204FF0010CC2F30746120E83F8B060AD
:107BC0004FF0E02E83F8B42083F8800083F888001B
:107BD000187483F894C0217083F884C0702385F8EA
:107BE00049304FF400721023CEF80821237270BD83
:107BF0000080FF1F008004400020074000E400E0F8
:107C00000021074000F0ACB800F07CB800F056B896
:107C100000F090B800F076B900F050B9084611466F
:107C200000F0BAB8084600F03BB900BF72B60D4983
:107C30000B68B3FA83F00B2810DC4FF00042C2400F
:107C400023EA02030B6062B6074A00EBC000C100E2
:107C500002EBC000002353504360704762B600201F
:107C6000704700BFCC87FF1FBC83FF1F0E4BC31A9A
:107C7000B3F5587F10D20D4A127872B972B60C4A19
:107C80000C49A2FB032308684FF000421B0922FAAB
:107C900003F303430B6062B67047074A1278002A69
:107CA000ECD0FFF72BBB00BFBC83FF1FE494FF1F8A
:107CB000398EE338CC87FF1FD894FF1F38B50F4C9F
:107CC000206878B143880288C11801339A420D7A3E
:107CD00002D94380284638BDFFF7C8FF0023236040
:107CE000284638BD064B1B782BB10320FFF7CEFA90
:107CF00020600028E6D14FF0FF35EBE7E894FF1F46
:107D0000D894FF1F10B5094C206818B14388184457
:107D1000007A10BD064B1B782BB10320FFF7B6FA93
:107D200020600028F2D14FF0FF3010BDE894FF1F13
:107D3000D894FF1F084B094A1B6810B594881BB1E3
:107D40001A885B88D31A1C440CB1204610BD00F081
:107D500029F9204610BD00BFE894FF1FDC94FF1FE7
:107D60000B4B1B789BB110B50A4C206848B1FFF74C
:107D70007DFF002303202360FFF788FA30B1FFF76F
:107D800075FF0320FFF782FA0028F8D110BD704775
:107D9000D894FF1FE894FF1F2DE9F04FDFF8EC9017
:107DA00083B0012289F80020019179B3384FDFF8C0
:107DB000E480019D384EDFF8E4A083463968A1B322
:107DC000B1F802E0CEF1400CAC4528BFAC460EEB5A
:107DD0000C040022A4B23270A5EB0C054C8001F11A
:107DE0000802BCF1000F0AD00EF1FF3E7244DC44E1
:107DF0001BF8014B02F8014FDC45F9D14C883F2CB0
:107E00000BD805228AF80020002DD7D10198002335
:107E100089F8003003B0BDE8F08F40220A800420CA
:107E2000FFF7ACFA00223A60EBE798F800202AB39B
:107E300048F6014408E0013C19D03278BAB900F0A4
:107E4000B1F898F80020CAB10420FFF741FA0728DA
:107E5000F1D84FF0010389F80030FFF7E7FE014643
:107E600038600028ACD1013C89F80000E5D101233D
:107E70004FF0FF30337003B0BDE8F08F00234FF0B8
:107E8000FF3089F8003003B0BDE8F08FED94FF1F9C
:107E9000F094FF1FD894FF1FEC94FF1F0495FF1F61
:107EA00000B583B0034601210DF107008DF80730BE
:107EB000FFF772FF03B05DF804FB00BF38B50E4D4D
:107EC0000E4C28680123237028B140880023C0F19C
:107ED0004000237038BD0A4B1B7813B90020207076
:107EE00038BD0420FFF7F4F90728F7D8FFF79EFE06
:107EF00028600028E9D1F1E7F094FF1FED94FF1FFF
:107F0000D894FF1FF8B5114B1B788BB1104E114D53
:107F1000346801272F7064B10F4B00271F706388EE
:107F2000238021460420FFF729FA376000232B70B5
:107F3000F8BDFFF77BFE084B014620B104201C7002
:107F4000FFF71CFAF2E71F70F0E700BFD894FF1F9D
:107F5000F094FF1FED94FF1F0495FF1F38B50E4BE3
:107F60001B7853B90D4C216841B103F0FF054B88D4
:107F70000B800420FFF702FA256038BDFFF756FE9C
:107F8000014620B1BDE838400420FFF7F7B9044BA3
:107F900001221A7038BD00BFED94FF1FF094FF1F3F
:107FA0000495FF1F2DE9F843324E337863B1324F09
:107FB0003A784AB90122D9073A7043D49A0726D4AD
:107FC00000225B073A7001D4BDE8F8832B4B1A6896
:107FD000002AF9D0EFF30582002AF5D1EFF31085DE
:107FE00072B6186800283AD0254C2178002936D17D
:107FF00042691A6001232370002A37D0916105B9C4
:1080000062B600258368457798472570DCE7DFF87E
:10801000748098F80020002AD2D00025DFF86890FC
:108020002B4659F82340236820461B6901359847A1
:1080300008B12369984798F80020EBB29A42F0D82B
:108040003378BDE7FFF776FE68B9104B1B780BB9A4
:108050003378B3E7337803F0FE033370AEE7002DD7
:10806000B2D162B6B0E700F0A1F8EEE7084B1A60B3
:10807000C5E700BFD087FF1F0595FF1F5492FF1F64
:108080006092FF1F1495FF1F0895FF1F2412010027
:108090006492FF1F70B4104E104D3478D4B1621E3C
:1080A000D2B2291D2B4601EB820101E08B4205D0A3
:1080B00053F8042B8242F9D170BC7047631CDBB2C9
:1080C000074A3370137845F8240043F00203137015
:1080D00070BC70470123F3E71495FF1F0895FF1F3D
:1080E000D087FF1F2A4B2B4A6020E121187059705E
:1080F00013782948082B34D00A2B20D00C2B274B7F
:108100000CBF15213D2112228160C2609960DA60A6
:10811000234B21491B78214ACBB101230B62136207
:10812000204B1D491B781D4A012B13D9042B1BD84A
:1081300084234B6253621C4B01221A707047174B09
:10814000192113228160C2609960DA60E0E70B6256
:108150001362E5E780234B625362134B01221A70CE
:1081600070470E4B0121ECE7082B06D885234B62A4
:1081700053620D4B01221A707047102B94BF862357
:1081800087234B625362084B01221A70704700BF6D
:1081900000400740D187FF1F00B0034000B00B40F4
:1081A0001595FF1FD287FF1F1695FF1F704700BF51
:1081B00010B584B072B6174A702441200F21802375
:1081C0001470D0719171137013781B06FCD59068F0
:1081D00062B6114B114C984238BF00EB800001A9E8
:1081E00038BF40000A22FEF7B1F801A9204600235B
:1081F00011F8012B01333AB10A2B20F8022FF7D1E5
:108200001623237004B010BD5B00DBB2237004B0F2
:1082100010BD00BF00000240809698006088FF1FDC
:1082200003460846194602F0F7BF00BF30B43A4B88
:108230001A79950624D5394D3949DB792A780C68A5
:10824000D8B2531C9C42D2B231D8364B1A7802F0C5
:10825000FF0322B1002213463349C8542A70334920
:10826000096869B1324A10789842C2B28ABFA21A2C
:108270009B1A9B182F4A12689A429CBF01230B70CD
:10828000254AD3781C06D9B21ED44A060DD5224BF6
:108290001B795B0609D5284B28491B6800220A7008
:1082A00003B11A701C4B2C22DA7030BC70471D4988
:1082B00009789942D3D03F2B2CD921493F3A0968FC
:1082C0008854DAB22A70CAE713791806DDD51D4B37
:1082D00017481D7803789D42DCB208D01A4A12680C
:1082E000631C9A4206D9272B0DD8DAB204E06C231E
:1082F000D370CAE700221346144CE35CDBB2064C91
:10830000E3710270C1E7124A273C1568DAB22B5DAF
:10831000DBB2F4E7DAB29FE700C006405C95FF1FCE
:108320007C88FF1F6495FF1F1C95FF1F1895FF1F7A
:10833000A095FF1F7888FF1F6895FF1F6C95FF1F92
:108340006095FF1F9895FF1F8088FF1F7095FF1F86
:108350009C95FF1F2DE9F84314461D46804689462B
:1083600000F00AF9224606460F462B4620462946CB
:1083700001F056FC78B9002200234046494601F03E
:108380001DFCD8B1002200232046294601F016FC2E
:1083900028B1264F002630463946BDE8F8832046EE
:1083A000294600F061F80028F5D020462946002231
:1083B000002301F00DFC0028EDD02CE030463946BA
:1083C00000F052F8A0B1002200233046394601F0F7
:1083D000F5FB0028DFD04046494600F045F800286C
:1083E000D9D02046294600F03FF80028D3D012E02B
:1083F0004046494600F038F80028E4D02046294697
:1084000000F032F80028DED032463B46304639468E
:1084100001F006FC20B903F0BBF922230360BAE7A0
:1084200003F0B6F921230360B5E700BF0000F03F79
:1084300038B5044600F026F821460546204601F0EE
:1084400071FF20B90021204601F044FF08B92846F9
:1084500038BD03F09DF9002121230360084601F097
:108460004FFE0546284638BD41F0004000F580101B
:10847000C00F704702460B4600200149FFF76ABF54
:108480000000244020F00042B2F1FF4F2DE9F041FE
:10849000044654D2002A50D00028034657DB14F07B
:1084A000FF4F4FEAE05009D114F400025BD15B00AA
:1084B0001C02114602F10102F9D5401AC3F316025B
:1084C00042F40002C307A0F17F0558BF5200002408
:1084D0006D1052004FF0190E21464FF0807C01EBD9
:1084E0000C039342DDBF03EB0C016444D31A134623
:1084F000BEF1010E4FEA43024FEA5C0CEFD1BBB173
:108500001A4E1B4F30683968D6F8008001F03AFCEB
:108510000146404601F0E8FE50B1306839683668DF
:1085200001F032FC0146304601F0D4FEB8B102340D
:10853000601000F17C5000EBC550BDE8F0810146B1
:1085400001F02AFD214601F01FFCBDE8F081014643
:1085500001F018FC014601F0D3FDBDE8F0810134C3
:1085600024F00104E4E74FF0FF31A6E78488FF1F01
:108570008888FF1FFFFFFFFF2DE9F04F23F0004A1F
:1085800007465AEA020093B014461D46884610D1A9
:10859000FB19754988F400225241984291411FD23B
:1085A0003846414622462B4600F0EAFE13B0BDE8AD
:1085B000F08F11466D4A28F0004991459B4646468A
:1085C0003B4614DD06F1404606F580161E43E7D112
:1085D0002319654985F4002252419E429141DFD31F
:1085E000634C00231846214613B0BDE8F08F3ED0FF
:1085F0005E4A9245E6DC00F08880002E69DB0022AE
:10860000009279B9594A924500F08380584A9245C0
:1086100000F09780BBF1804F00F09684554A934557
:1086200000F0B78338464146029300F00DFD029BEF
:108630004BB3009AF30F013B0A93134300F0888079
:108640004D4B9A4540F39E8003F104739A454B4B82
:1086500040F30E84994540F38784BBF1000F40F34B
:108660008784002013B0BDE8F04F00F091BD002FCB
:1086700096D1BDE738464146009300F0E5FC009BEB
:10868000002B65D10093B9F1000F04D0384B26F0D0
:1086900040429A42CDD1BBF1000F05DA02460B46AB
:1086A0000020334901F04CF9002EBFF67FAF009B4C
:1086B00009F1404909F5801959EA030940F0688435
:1086C00002460B4600F05AFE02460B4601F038F90E
:1086D0006CE72B4A92452EDCA2F1547292450FDDD5
:1086E0004FEA2A52A2F2FF32142A40F34384C2F125
:1086F000340221FA02F000FA02F28A4200F0718498
:1087000000220092002981D08CE700293FF475AF48
:1087100058E709F1404202F580121A433FF460AF76
:10872000164B994540F36983BBF1000FC0F25F839C
:10873000204629463AE70222009200293FF462AF20
:1087400070E7BBF1000FC0F2F783384641462DE7D2
:108750003A4643463846414600F010FE02460B4674
:1087600001F0EEF822E700BF0000F0FF0000F07F0C
:108770000000F03F0000E03F0000E041FFFFEF3F5E
:10878000FFFF3F43D64B334000222BB9D54B00F0BF
:10879000ADFF6FF0340289464FEA2953A3F2FF334D
:1087A0009A18D14B0B92C9F3130949F07F5699459A
:1087B00046F4401607DDCD4B994540F3F283013274
:1087C0000B92A6F5801600220023CDE90823CDE9FF
:1087D0001023C74B0022CDE906230027DDE906233D
:1087E0003146824600F0CAFDB346DDE906238046E5
:1087F000894650463146CDE90CAB00F0C1FD02463A
:108800000B460020BA4901F09BF80A460146CDE923
:108810000E12134649460246404600F067FF0A46DC
:1088200083469446CDE902BC4FF0000CCDF808C059
:108830007610DDE902AB46F00056014606F500234E
:10884000CDE904120020D91906460F4602460B4610
:108850005046594600F04AFF02460B4640464946FC
:1088600000F08CFDDDE90623804689463046394616
:1088700000F084FD02460B46DDE90C0100F07EFDB0
:1088800052465B4600F032FF02460B4640464946E0
:1088900000F074FDDDE90E2300F028FFDDE9046738
:1088A000CDE9060132463B463046394600F01EFF10
:1088B00079A3D3E9002306460F4600F017FF78A3FB
:1088C000D3E9002300F05CFD32463B4600F00EFF8A
:1088D00075A3D3E9002300F053FD32463B4600F078
:1088E00005FF73A3D3E9002300F04AFD32463B465F
:1088F00000F0FCFE70A3D3E9002300F041FD3246F6
:108900003B4600F0F3FE6EA3D3E9002300F038FDF0
:108910003246804689463B463046394600F0E6FE00
:1089200002460B464046494600F0E0FE52460646E7
:108930000F465B46DDE9040100F022FDDDE9062378
:1089400000F0D4FE32463B4600F01AFD5246804607
:1089500089465B465046594600F0C8FE02460B4623
:10896000CDE90C23634B002200F00AFD42464B4642
:1089700000F006FD00260F4632463B46504659465B
:1089800000F0B4FE5B4B82468B46002230463946EF
:1089900000F0F4FCDDE90C2300F0F0FC02460B468D
:1089A0004046494600F0EAFCDDE9042300F09EFE63
:1089B0003246804689463B46DDE9060100F096FED8
:1089C00002460B464046494600F0DAFC804689469E
:1089D00002460B465046594600F0D2FC00263AA308
:1089E000D3E9002330460F4600F080FE52465B4636
:1089F00082468B463046394600F0C0FC02460B46A4
:108A00004046494600F0BAFC31A3D3E9002300F008
:108A10006DFE31A3D3E900238046894630463946AE
:108A200000F064FE02460B464046494600F0A8FCB2
:108A3000DDE9102300F0A4FC80460B98894600F085
:108A4000EBFD424606460F464B4650465946CDE999
:108A500004AB00F095FCDDE9082300F091FC324600
:108A60003B4600F08DFC002032463B4682468B465A
:108A700000F084FCDDE9082300F080FCDDE904233C
:108A800000F07CFC02460B464046494600F076FC6E
:108A900032E000BFAFF30080EF4E454A287ECA3F68
:108AA00065DBC9934A86CD3F01411DA96074D13F62
:108AB0004D268F515555D53FFFAB6FDBB66DDB3F74
:108AC000033333333333E33F000000E009C7EE3FA5
:108AD000FD033ADC09C7EE3FF5015B14E02F3EBE13
:108AE0000000F07F000040438E98030079B60B0031
:108AF0000000F03F00000840CDE90201009B0A9A07
:108B0000013B13430CBFD44BD44B0022CDE90423CB
:108B10000023CDE900450093DDE900892046424667
:108B20004B46294600F02AFC52465B4600F0DEFD2B
:108B3000224606460F462B46DDE9020100F0D6FD2F
:108B400002460B463046394600F01AFC42464B4678
:108B500006460F465046594600F0C8FD0B460246F1
:108B600004460D463046394600F00AFCBC4B99429B
:108B7000804689468A4640F3168101F13F4303F55A
:108B8000E003034340F02282A1A3D3E9002330464F
:108B9000394600F0F5FB2246CDE900012B46404660
:108BA000494600F0EBFB02460B46DDE9000101F00F
:108BB0002DF8002840F00A82CAF30A534FF48012BD
:108BC000A3F2FE3342FA03F35344A649C3F30A5215
:108BD000A2F2FF3241FA02FCC3F31301C2F1140204
:108BE00041F4801141FA02FE00200CEA0301BAF1BF
:108BF000000FCDF808E002460B4602DA7146494202
:108C000002912046294600F0B9FB029B1B05009308
:108C100002460B4604460D463046394600F0B0FB8E
:108C200089464FF000087CA3D3E90023404649461B
:108C300000F05CFD224682468B462B464046494664
:108C400000F09CFB02460B463046394600F096FB8E
:108C500073A3D3E9002300F049FD73A3D3E90023F4
:108C600004460D464046494600F040FD02460B468C
:108C70002046294600F084FB06460F4602460B4676
:108C80005046594600F07CFB52465B4604460D4672
:108C900000F074FB02460B463046394600F06EFB8E
:108CA000224682468B462B462046294600F01EFD72
:108CB0005FA3D3E9002306460F4600F017FD5EA32D
:108CC000D3E9002300F05AFB32463B4600F00EFD8C
:108CD0005BA3D3E9002300F053FB32463B4600F090
:108CE00005FD59A3D3E9002300F048FB32463B467B
:108CF00000F0FCFC56A3D3E9002300F041FB324610
:108D00003B4600F0F3FC02460B462046294600F0A5
:108D100035FB06460F4602460B462046294600F024
:108D2000E5FC002280468946304639464FF08043B4
:108D300000F024FB02460B464046494600F000FE88
:108D4000524606460F465B462046294600F0CEFCBA
:108D500052465B4600F014FB02460B46304639464D
:108D600000F00CFB22462B4600F008FB02460B46A7
:108D700000203A4900F002FB009D0C462C44B4F55B
:108D8000801FC0F21F812146DDE9042300F0AEFC04
:108D90000CE4002EFFF646AC3846414613B0BDE861
:108DA000F04F00F0FBB9DFF8C0C021F0004363458D
:108DB00040F3D2802D4B0B4403430AD122462B466D
:108DC00000F0DCFA32463B4600F016FF00283FF484
:108DD000F3AEDDE904010022002300F0F9FE0038C3
:108DE00018BF012013B0BDE8F04F00F0CBB900234D
:108DF000002418462146FFF7D9BBBBF1000FF6DA75
:108E000005F1004320461946FFF7D0BBAFF30080C1
:108E1000FE822B654715973C00000000432EE63F7D
:108E2000EF39FAFE422EE63F396CA80C615C20BE99
:108E3000D0A4BE726937663EF16BD2C541BDBB3E60
:108E40002CDE25AF6A56113F93BDBE166CC1663F3E
:108E50003E5555555555C53F0000F0BF0000F03F49
:108E6000FFFF8F400000F0FFFFCB904000346F3FCA
:108E7000994579DB704B99453FF7EFAB6E4B00227C
:108E800000F07CFA60A3D3E9002306460F4600F009
:108E90002DFC5FA3D3E9002380468946304639463E
:108EA00000F024FC654B82468B4600223046394652
:108EB00000F01CFC02460B4657A1D1E9000100F06E
:108EC0005DFA32463B4600F011FC02460B4600209C
:108ED0005B4900F053FA3246CDE902013B46304689
:108EE000394600F003FC02460B46DDE9020100F0C2
:108EF000FDFB4BA3D3E9002300F0F8FB02460B4631
:108F00005046594600F03AFA02460B4606460F46CE
:108F10004046494600F034FA002042464B4682461D
:108F20008B4600F02BFA02460B463046394600F0DD
:108F300025FACDE90201E1E53A4643463E490020E3
:108F400000F0FEFCFFF732BB3A4638464346414646
:108F500000F0CCFBFFF72ABB394A934252DCDDE933
:108F60000023009202925CE6BBF1000FFFF679ABA2
:108F7000002037E700297FF47DABC2F114024AFAE2
:108F800002F000FA02F2524535D00091FFF73EBBE5
:108F9000009B012B7FF40AAB01F100431946FFF758
:108FA00005BB21A3D3E90023CDE9082320A3D3E9FE
:108FB0000023CDE91023234B0022CDE906234FF4F3
:108FC00080270BE4029A00F043F8DDE6DDE90401B6
:108FD0000022002300F0FCFD003818BF0120FFF73D
:108FE00041BB00F00100C0F10202009200293FF4F1
:108FF0000DABFFF717BB00F00100C0F102020092B9
:10900000FFF704BB1B15D9E5000000604715F73FCB
:1090100044DF5DF80BAE543E555555555555D53F7B
:10902000FE822B654715F73F0000004003B8E23F82
:1090300006D0CF43EBFD4C3E0000F03F0000D03F98
:109040000000E03F0000F83F21F000431946704760
:1090500070B51646C1F30A5204460D460B465ABB7C
:1090600021F00043034326D02F4B002200F03EFBAB
:109070002E4B9E4204460D4648DBC1F30A520B4676
:10908000363A4CF250318E421EDC164440F2FE72EB
:10909000964219DC002E28DC16F1350F2DDB23F06B
:1090A000FF4323F4E003363643EA06512046204BC3
:1090B000002200F01BFB70BD40F2FF7C6245E0D156
:1090C000024600F05DF970BD05F0004343F0FC413D
:1090D00041F45F1141F410510FA3D3E90023154867
:1090E00041F03C0100F002FB70BD23F0FF4323F48C
:1090F000E003204643EA065170BD05F0004343F00B
:10910000D27141F4B7310C4841F01F0104A3D3E9F7
:10911000002300F0EBFA70BD9C7500883CE4377EBC
:1091200059F3F8C21F6EA50100005043B03CFFFF89
:109130000000903C9C75008859F3F8C2D0B50646F3
:109140000F46144602F024FB0346394630461C60A5
:10915000D0BD00BF30B583B080B1144603F10045E7
:10916000CDE9004510461946DDE9002300F0BEFABE
:10917000222203B0BDE83040FFF7E0BF14461D4691
:10918000EEE700BF00224FF08053FFF7E3BF00BFC0
:1091900000224FF0E043FFF7DDBF00BF2DE9F84F9D
:1091A000714E8E4305460C4600F0A580002902460C
:1091B0000B4651DD08155DD0C3F31301C307A0F2C0
:1091C000FF3641F4801103D4490001EBD271520003
:1091D000D30F002503EB4103761052001620AC4656
:1091E0004FF400110CEB01049C4203DC1B1B04EB4D
:1091F000010C0D445B00013803EBD2734FEA5101BF
:109200004FEA4202EED1074620244FF0004109E028
:1092100040D05B00013C03EBD2734FEA51014FEAAF
:10922000420241D0634501EB000EF1DDBEF1000FBB
:109230000EEB01000BDBE046A3EB0C03964588BF69
:1092400003F1FF33A2EB0E020F44C446E1E700280E
:10925000F1DB0CF10108EFE721F00046064346D0B0
:1092600000296FD10846D30A15385205002BFAD0D1
:10927000DE0274D400215B00DD020C4601F1010125
:10928000F9D515468A40C1F1200125FA01F1001BEC
:109290000B4391E79645BCD8BEF1000F0EEB0100E1
:1092A000D5DB98460023CDE7134312D0DFF8BCA0EE
:1092B000DFF8BCB0DAE90001DBE9002300F05EF87A
:1092C000DAE9008902460B464046494600F08AFC2E
:1092D000F8B97C086B1003F17F53EA0703F500131C
:1092E00048BF44F0004403EB065125460C4628468F
:1092F0002146BDE8F88F02460B4600F0F7F92A46F2
:10930000234600F03DF805460C4628462146BDE8B8
:10931000F88FB7F1FF3FDAE90001DBE900231AD04B
:1093200000F02EF8DAE9008902460B46404649462D
:1093300000F04EFC88B1B91C07F1020408BF0135EA
:109340006408C7E700F01AF802460B4600F0F8FA86
:1093500005460C46CBE70135BCE70137B9E71546B2
:1093600020214FF0FF3490E70000F07F9088FF1F2E
:109370009888FF1F81F0004102E000BF83F00043A6
:1093800030B54FEA41044FEA430594EA050F08BFA0
:1093900090EA020F1FBF54EA000C55EA020C7FEA64
:1093A000645C7FEA655C00F0E2804FEA5454D4EBE1
:1093B0005555B8BF6D420CDD2C4480EA020281EAAB
:1093C000030382EA000083EA010180EA020281EAE3
:1093D0000303362D88BF30BD11F0004F4FEA013135
:1093E0004FF4801C4CEA113102D0404261EB410144
:1093F00013F0004F4FEA03334CEA133302D05242CA
:1094000063EB430394EA050F00F0A780A4F1010485
:10941000D5F1200E0DDB02FA0EFC22FA05F28018BF
:1094200041F1000103FA0EF2801843FA05F35941A5
:109430000EE0A5F120050EF1200E012A03FA0EFC24
:1094400028BF4CF0020C43FA05F3C01851EBE3714E
:1094500001F0004507D54FF0000EDCF1000C7EEB6B
:1094600000006EEB0101B1F5801F1BD3B1F5001FA9
:109470000CD349085FEA30004FEA3C0C04F10104C8
:109480004FEA445212F5800F80F09A80BCF1004FF1
:1094900008BF5FEA500C50F1000041EB045141EA73
:1094A000050130BD5FEA4C0C404141EB0101013C3C
:1094B00028BFB1F5801FE9D291F0000F04BF01462B
:1094C0000020B1FA81F308BF2033A3F10B03B3F1FD
:1094D00020020CDA0C3208DD02F1140CC2F10C028D
:1094E00001FA0CF021FA02F10CE002F11402D8BFEB
:1094F000C2F1200C01FA02F120FA0CFCDCBF41EAB7
:109500000C019040E41AA2BF01EB0451294330BD85
:109510006FEA04041F3C1CDA0C340EDC04F1140462
:10952000C4F1200220FA04F001FA02F340EA030039
:1095300021FA04F345EA030130BDC4F10C04C4F17F
:10954000200220FA02F001FA04F340EA030029465F
:1095500030BD21FA04F0294630BD94F0000F83F4A9
:10956000801306BF81F480110134013D4EE77FEA8C
:10957000645C18BF7FEA655C29D094EA050F08BFD8
:1095800090EA020F05D054EA000C04BF19461046B9
:1095900030BD91EA030F1EBF0021002030BD5FEAFD
:1095A000545C05D14000494128BF41F0004130BD25
:1095B00014F580043CBF01F5801130BD01F0004579
:1095C00045F0FE4141F470014FF0000030BD7FEAEC
:1095D000645C1ABF194610467FEA655C1CBF0B46E7
:1095E000024650EA013406BF52EA033591EA030FFE
:1095F00041F4002130BD00BF90F0000F04BF0021F6
:10960000704730B54FF4806404F132044FF0000528
:109610004FF0000150E700BF90F0000F04BF0021A1
:10962000704730B54FF4806404F1320410F0004507
:1096300048BF40424FF000013EE700BF42004FEA02
:10964000E2014FEA31014FEA02701FBF12F07F437F
:1096500093F07F4F81F06051704732F07F4208BF36
:10966000704793F07F4F04BF41F40021704730B53D
:109670004FF4607401F0004521F000411CE700BF89
:1096800050EA010208BF704730B54FF000050AE00C
:1096900050EA010208BF704730B511F0004502D50D
:1096A000404261EB41014FF4806404F132045FEA0F
:1096B000915C3FF4D8AE4FF003025FEADC0C18BFB8
:1096C00003325FEADC0C18BF033202EBDC02C2F1AA
:1096D000200300FA03FC20FA02F001FA03FE40EA3C
:1096E0000E0021FA02F11444BDE600BF70B54FF040
:1096F000FF0C4CF4E06C1CEA11541DBF1CEA13551E
:1097000094EA0C0F95EA0C0F00F0DEF82C4481EA85
:10971000030621EA4C5123EA4C5350EA013518BFA5
:1097200052EA033541F4801143F4801338D0A0FB92
:1097300002CE4FF00005E1FB02E506F00042E0FB3F
:1097400003E54FF00006E1FB03569CF0000F18BF45
:109750004EF0010EA4F1FF04B6F5007F64F54074ED
:1097600004D25FEA4E0E6D4146EB060642EAC62180
:1097700041EA55514FEAC52040EA5E504FEACE2EED
:10978000B4F1FD0C88BFBCF5E06F1ED8BEF1004FF0
:1097900008BF5FEA500E50F1000041EB045170BD6C
:1097A00006F0004646EA010140EA020081EA0301B0
:1097B000B4EB5C04C2BFD4EB0C0541EA045170BDAC
:1097C00041F480114FF0000E013C00F3AB8014F126
:1097D000360FDEBF002001F0004170BDC4F100046F
:1097E000203C35DA0C341BDC04F11404C4F12005F0
:1097F00000FA05F320FA04F001FA05F240EA02004B
:1098000001F0004221F0004110EBD37021FA04F680
:1098100042EB06015EEA430E08BF20EAD37070BD3A
:10982000C4F10C04C4F1200500FA04F320FA05F099
:1098300001FA04F240EA020001F0004110EBD3709B
:1098400041F100015EEA430E08BF20EAD37070BD0B
:10985000C4F1200500FA05F24EEA020E20FA04F3E4
:1098600001FA05F243EA020321FA04F001F0004193
:1098700021FA04F220EA020000EBD3705EEA430E04
:1098800008BF20EAD37070BD94F0000F0FD101F033
:109890000046400041EB010111F4801F08BF013C6C
:1098A000F7D041EA060195F0000F18BF704703F0AA
:1098B0000046520043EB030313F4801F08BF013D31
:1098C000F7D043EA0603704794EA0C0F0CEA1355ED
:1098D00018BF95EA0C0F0CD050EA410618BF52EAA7
:1098E0004306D1D181EA030101F000414FF00000AD
:1098F00070BD50EA410606BF1046194652EA4306BB
:1099000019D094EA0C0F02D150EA013613D195EA2E
:109910000C0F05D152EA03361CBF104619460AD176
:1099200081EA030101F0004141F0FE4141F4700180
:109930004FF0000070BD41F0FE4141F4780170BD70
:1099400070B54FF0FF0C4CF4E06C1CEA11541DBFD5
:109950001CEA135594EA0C0F95EA0C0F00F0A7F8D7
:10996000A4EB050481EA030E52EA03354FEA013104
:1099700000F088804FEA03334FF0805545EA131317
:1099800043EA12634FEA022245EA111545EA1065DF
:109990004FEA00260EF000419D4208BF964244F176
:1099A000FD0404F5407402D25B084FEA3202B61A95
:1099B00065EB03055B084FEA32024FF480104FF469
:1099C000002CB6EB020E75EB030E22BFB61A7546DD
:1099D00040EA0C005B084FEA3202B6EB020E75EB70
:1099E000030E22BFB61A754640EA5C005B084FEAD8
:1099F0003202B6EB020E75EB030E22BFB61A7546A5
:109A000040EA9C005B084FEA3202B6EB020E75EBAF
:109A1000030E22BFB61A754640EADC0055EA060E70
:109A200018D04FEA051545EA16754FEA06164FEAB3
:109A3000C30343EA52734FEAC2025FEA1C1CC0D15F
:109A400011F4801F0BD141EA00014FF000004FF0EC
:109A5000004CB6E711F4801F04BF01430020B4F1AD
:109A6000FD0C88BFBCF5E06F3FF6AFAEB5EB030C65
:109A700004BFB6EB020C5FEA500C50F1000041EB62
:109A8000045170BD0EF0004E4EEA113114EB5C042F
:109A9000C2BFD4EB0C0541EA045170BD41F4801102
:109AA0004FF0000E013C90E645EA060E8DE60CEA0A
:109AB000135594EA0C0F08BF95EA0C0F3FF43BAF27
:109AC00094EA0C0F0AD150EA01347FF434AF95EADE
:109AD0000C0F7FF425AF104619462CE795EA0C0FC2
:109AE00006D152EA03353FF4FDAE1046194622E78F
:109AF00050EA410618BF52EA43067FF4C5AE50EA69
:109B000041047FF40DAF52EA43057FF4EBAE12E758
:109B10004FF0FF3C06E000BF4FF0010C02E000BF39
:109B20004FF0010C4DF804CD4FEA410C7FEA6C5C1C
:109B30004FEA430C18BF7FEA6C5C1BD001B050EABF
:109B4000410C0CBF52EA430C91EA030F02BF90EAAA
:109B5000020F0020704710F1000F91EA030F58BF69
:109B6000994208BF90422CBFD8176FEAE37040F0CB
:109B7000010070474FEA410C7FEA6C5C02D150EA69
:109B8000013C07D14FEA430C7FEA6C5CD6D152EA24
:109B9000033CD3D05DF8040B704700BF84461046E9
:109BA00062468C461946634600E000BF01B5FFF7E8
:109BB000B7FF002848BF10F1000F01BD4DF808EDB8
:109BC000FFF7F4FF0CBF012000205DF808FB00BF89
:109BD0004DF808EDFFF7EAFF34BF012000205DF8E3
:109BE00008FB00BF4DF808EDFFF7E0FF94BF012030
:109BF00000205DF808FB00BF4DF808EDFFF7CEFF31
:109C000094BF012000205DF808FB00BF4DF808ED6F
:109C1000FFF7C4FF34BF012000205DF808FB00BF40
:109C20004FEA410C7FEA6C5C02D150EA013C0AD158
:109C30004FEA430C7FEA6C5C02D152EA033C02D14A
:109C40004FF0000070474FF0010070474FEA4102AB
:109C500012F5001215D211D56FF47873B3EB62527E
:109C600012D94FEAC12343F0004343EA505311F0A5
:109C7000004F23FA02F018BF404270474FF0000037
:109C8000704750EA013005D111F0004008BF6FF075
:109C9000004070474FF00000704700BF4A0011D2EB
:109CA00012F5001211D20DD56FF47873B3EB625236
:109CB0000ED44FEAC12343F0004343EA505323FA42
:109CC00002F070474FF00000704750EA013002D1B7
:109CD0004FF0FF3070474FF0000070474FEA4102ED
:109CE000B2F1E04324BFB3F5001CDCF1FE5C0DD9FA
:109CF00001F0004C4FEAC0024CEA5070B2F1004F44
:109D000040EB830008BF20F00100704711F0804F46
:109D100021D113F13872BCBF01F00040704741F40B
:109D200080114FEA5252C2F11802C2F1200C10FA0F
:109D30000CF320FA02F018BF40F001004FEAC123F3
:109D40004FEAD32303FA0CFC40EA0C0023FA02F397
:109D50004FEA4303CCE77FEA625307D150EA01336D
:109D60001EBF4FF0FE4040F44000704701F000403D
:109D700040F0FE4040F40000704700BF80F000401B
:109D800002E000BF81F0004142001FBF5FEA4103D3
:109D900092EA030F7FEA226C7FEA236C6AD04FEAD3
:109DA0001262D2EB1363C1BFD21841404840414018
:109DB000B8BF5B42192B88BF704710F0004F40F4CA
:109DC000000020F07F4018BF404211F0004F41F4E6
:109DD000000121F07F4118BF494292EA030F3FD0B2
:109DE000A2F1010241FA03FC10EB0C00C3F12003C5
:109DF00001FA03F100F0004302D5494260EB400054
:109E0000B0F5000F13D3B0F1807F06D340084FEABE
:109E1000310102F10102FE2A51D2B1F1004F40EBB3
:109E2000C25008BF20F0010040EA0300704749001B
:109E300040EB0000013A28BFB0F5000FEDD2B0FAB8
:109E400080FCACF1080CB2EB0C0200FA0CF0AABFDB
:109E500000EBC25052421843BCBFD0401843704779
:109E600092F0000F81F4000106BF80F4000001327F
:109E7000013BB5E74FEA41037FEA226C18BF7FEA56
:109E8000236C21D092EA030F04D092F0000F08BF98
:109E90000846704790EA010F1CBF0020704712F07F
:109EA0007F4F04D1400028BF40F00040704712F1BE
:109EB00000723CBF00F50000704700F0004343F023
:109EC000FE4040F4000070477FEA226216BF084659
:109ED0007FEA23630146420206BF5FEA412390EA1C
:109EE000010F40F4800070474FF0000304E000BF12
:109EF00010F0004348BF40425FEA000C08BF7047C3
:109F000043F0964301464FF000001CE050EA010286
:109F100008BF70474FF000030AE000BF50EA01029B
:109F200008BF704711F0004302D5404261EB410188
:109F30005FEA010C02BF84460146002043F0B643AD
:109F400008BFA3F18053A3F50003BCFA8CF2083AD2
:109F5000A3EBC25310DB01FA02FC634400FA02FCDB
:109F6000C2F12002BCF1004F20FA02F243EB0200E2
:109F700008BF20F00100704702F1200201FA02FC44
:109F8000C2F1200250EA4C0021FA02F243EB020037
:109F900008BF20EADC7070474FF0FF0C1CEAD0527B
:109FA0001EBF1CEAD15392EA0C0F93EA0C0F6FD03C
:109FB0001A4480EA010C400218BF5FEA41211ED01A
:109FC0004FF0006343EA501043EA5111A0FB013106
:109FD0000CF00040B1F5000F3EBF490041EAD371DB
:109FE0005B0040EA010062F17F02FD2A1DD8B3F157
:109FF000004F40EBC25008BF20F00100704790F0C6
:10A00000000F0CF0004C08BF49024CEA502040EA17
:10A0100051207F3AC2BFD2F1FF0340EAC2507047DD
:10A0200040F400004FF00003013A5DDC12F1190F1B
:10A03000DCBF00F000407047C2F10002410021FA8D
:10A0400002F1C2F1200200FA02FC5FEA310040F1A5
:10A05000000053EA4C0308BF20EADC70704792F01E
:10A06000000F00F0004C02BF400010F4000F013A56
:10A07000F9D040EA0C0093F0000F01F0004C02BF51
:10A08000490011F4000F013BF9D041EA0C018FE7C0
:10A090000CEAD15392EA0C0F18BF93EA0C0F0AD0C6
:10A0A00030F0004C18BF31F0004CD8D180EA0100EC
:10A0B00000F00040704790F0000F17BF90F0004F85
:10A0C000084691F0000F91F0004F14D092EA0C0F67
:10A0D00001D142020FD193EA0C0F03D14B0218BFFA
:10A0E000084608D180EA010000F0004040F0FE4040
:10A0F00040F40000704740F0FE4040F440007047DC
:10A100004FF0FF0C1CEAD0521EBF1CEAD15392EA5A
:10A110000C0F93EA0C0F69D0A2EB030280EA010C4A
:10A1200049024FEA402037D04FF0805343EA1111E3
:10A1300043EA10130CF000408B4238BF5B0042F141
:10A140007D024FF4000C8B4224BF5B1A40EA0C00E6
:10A15000B3EB510F24BFA3EB510340EA5C00B3EB18
:10A16000910F24BFA3EB910340EA9C00B3EBD10F06
:10A1700024BFA3EBD10340EADC001B0118BF5FEA58
:10A180001C1CE0D1FD2A3FF650AF8B4240EBC25081
:10A1900008BF20F0010070470CF0004C4CEA502042
:10A1A0007F32C2BFD2F1FF0340EAC250704740F491
:10A1B00000004FF00003013A37E792F0000F00F083
:10A1C000004C02BF400010F4000F013AF9D040EA01
:10A1D0000C0093F0000F01F0004C02BF490011F495
:10A1E000000F013BF9D041EA0C0195E70CEAD1538D
:10A1F00092EA0C0F08D142027FF47DAF93EA0C0F74
:10A200007FF470AF084676E793EA0C0F04D14B0257
:10A210003FF44CAF08466EE730F0004C18BF31F009
:10A22000004CCAD130F000427FF45CAF31F0004303
:10A230007FF43CAF5FE700BF4FF0FF3C06E000BF9C
:10A240004FF0010C02E000BF4FF0010C4DF804CDBF
:10A250004FEA40024FEA41037FEA226C18BF7FEACF
:10A26000236C11D001B052EA530C18BF90EA010FD1
:10A2700058BFB2EB030088BFC81738BF6FEAE17060
:10A2800018BF40F0010070477FEA226C02D15FEAFC
:10A29000402C05D17FEA236CE4D15FEA412CE1D068
:10A2A0005DF8040B704700BF844608466146FFE72F
:10A2B0000FB5FFF7C9FF002848BF10F1000F0FBD11
:10A2C0004DF808EDFFF7F4FF0CBF012000205DF80A
:10A2D00008FB00BF4DF808EDFFF7EAFF34BF01208F
:10A2E00000205DF808FB00BF4DF808EDFFF7E0FF28
:10A2F00094BF012000205DF808FB00BF4DF808ED79
:10A30000FFF7D2FF94BF012000205DF808FB00BFDB
:10A310004DF808EDFFF7C8FF34BF012000205DF8BD
:10A3200008FB00BF4FEA40024FEA41037FEA226C7C
:10A3300002D15FEA402C08D17FEA236C02D15FEAA8
:10A34000412C02D14FF0000070474FF001007047E0
:10A350004FEA4002B2F1FE4F0FD34FF09E03B3EB32
:10A3600012620DD94FEA002343F0004310F0004F72
:10A3700023FA02F018BF404270474FF000007047C8
:10A3800012F1610F01D1420205D110F0004008BF67
:10A390006FF0004070474FF00000704742000ED24F
:10A3A000B2F1FE4F0BD34FF09E03B3EB126209D410
:10A3B0004FEA002343F0004323FA02F070474FF0C6
:10A3C0000000704712F1610F01D1420202D14FF03B
:10A3D000FF3070474FF00000704700BF7BB972B983
:10A3E0000029BEBF00204FF0004106E008BF002852
:10A3F0001CBF6FF000414FF0FF3000F0A3B9ADF18A
:10A40000080C6DE904CE002909DB002B1ADB00F0F3
:10A4100035F8DDF804E0DDE9022304B0704740427E
:10A4200061EB4101002B1BDB00F028F8DDF804E0B4
:10A43000DDE9022304B0404261EB4101524263EB8B
:10A4400043037047524263EB430300F017F8DDF813
:10A4500004E0DDE9022304B0404261EB41017047B2
:10A46000524263EB430300F009F8DDF804E0DDE954
:10A47000022304B0524263EB430370472DE9F047D7
:10A48000089E0D4604460F46002B4AD18A42944648
:10A4900065D9B2FA82F343B102FA03FCC3F1200298
:10A4A0009F4020FA02F217439C404FEA1C4E1FFACD
:10A4B0008CF5B7FBFEF1220C0EFB117742EA074246
:10A4C00001FB05F090420AD91CEB020201F1FF37B3
:10A4D00080F01B81904240F2188102396244121AC6
:10A4E000A4B2B2FBFEF00EFB102244EA024400FBD1
:10A4F00005F5A5420AD91CEB040400F1FF3280F0F7
:10A500000681A54240F203816444023840EA0140DA
:10A51000641B00211EB1DC400023C6E90043BDE8F6
:10A52000F0878B4208D9002E00F0EC800021C6E9AC
:10A5300000050846BDE8F087B3FA83F1002949D148
:10A54000AB4202D3824200F2F780841A65EB030229
:10A5500001201746002EE2D0C6E90047DFE702B926
:10A56000FFDEB2FA82F3002B40F08F808A1A4FEAA6
:10A570001C471FFA8CFE0121B2FBF7F507FB1520E3
:10A58000220C42EA00420EFB05F0904208D91CEB77
:10A59000020205F1FF3802D2904200F2CA8045461D
:10A5A000121AA4B2B2FBF7F007FB102244EA0244ED
:10A5B0000EFB00FEA64508D91CEB040400F1FF3297
:10A5C00002D2A64500F2BA801046A4EB0E0440EA7F
:10A5D00005409FE7C1F120078B4022FA07FC4CEAB7
:10A5E000030C05FA01F420FA07F3FD40234300FAB7
:10A5F00001F94FEA1C401FFA8CFEB5FBF0F81C0C69
:10A6000000FB185544EA054408FB0EF5A54202FA82
:10A6100001F20BD91CEB040408F1FF3A80F08780AB
:10A62000A54240F28480A8F102086444641B9DB2F4
:10A63000B4FBF0F300FB134445EA044403FB0EFEB5
:10A64000A64508D91CEB040403F1FF306BD2A645E4
:10A6500069D9023B644443EA0840A0FB0283A4EBAF
:10A660000E049C42C6461D4655D352D056B1B9EB96
:10A670000E0364EB050404FA07F7CB40CC401F43FC
:10A68000C6E900740021BDE8F087C3F1200102FA99
:10A6900003FC20FA01F225FA01F19D402A434FEA1A
:10A6A0001C471FFA8CFEB1FBF7F007FB1015110CCD
:10A6B00041EA054100FB0EF58D4204FA03F408D986
:10A6C0001CEB010100F1FF382FD28D422DD9023849
:10A6D0006144491B92B2B1FBF7F507FB151142EA41
:10A6E000014205FB0EF1914208D91CEB020205F173
:10A6F000FF3816D2914214D9023D6244521A45EAFB
:10A70000004139E73146304609E73946E7E6104669
:10A71000FCE6C145AAD2B8EB020E63EB0C0501388A
:10A72000A4E74546EAE7034695E74046D1E7D04629
:10A730007CE7023D624433E708460BE76444023895
:10A7400043E700BF704700BF0A22002100F058BD58
:10A75000024B0146186800F00BB800BF488FFF1F7E
:10A76000024B0146186801F05DB900BF488FFF1F1A
:10A770002DE9F04F01F10B06162E83B0044624D8C4
:10A78000102900F2BA8000F0A3FA10261822022045
:10A79000B54F3A44A2F1080153688B4200F0BA80E9
:10A7A0005A68D96822F003021A449D68E9608D60F6
:10A7B000516841F001012046516003F1080500F0A5
:10A7C0008DFA284603B0BDE8F08F36F0070600F199
:10A7D0009480B14200F2918000F07AFAB6F5FC7FE5
:10A7E000C0F09A81730A00F08F80042B00F26F8111
:10A7F000B30903F1390003F1380CC3009A4F3B440D
:10A80000A3F108055B689D4206D10CE0002980F2A7
:10A810002781DB689D4206D05A6822F00302911B13
:10A820000F29F3DD60463D69DFF840C265457CD005
:10A830006A6822F00302931B0F2B00F37B81002B2D
:10A84000C7E904CC80F26C81B2F5007F80F01A81F8
:10A85000D308796801334FEA521E012202FA0EF240
:10A860000A4357F833E0C5F808E007EBC30108399D
:10A87000E9607A6047F83350CEF80C50831001211C
:10A880009940914257D8114206D120F00300490067
:10A89000114200F10400FAD007EBC0094D4686468C
:10A8A000D5F80C80454508D11DE1002B80F22481AC
:10A8B000D8F80C80454500F01681D8F8042022F025
:10A8C0000302931B0F2BF0DD2046D8E9025408EB5E
:10A8D000060146F00106C8F80460EC60A56043F08C
:10A8E0000104C7E90411C1E902CC4C6048F8023008
:10A8F00000F0F4F908F1080502E00C2323600025BC
:10A90000284603B0BDE8F08F4FF4007340204FF0AD
:10A910003F0C73E7D3689A4208BF02307FF440AF20
:10A920003D69DFF848C1654582D17A68831001210D
:10A9300099409142A7D9BD686B6823F003094E4541
:10A9400003D8A9EB06030F2B7ADCDFF824B1494BBF
:10A95000DBF800201B680132334405EB090A00F0E4
:10A96000338103F580530F3323F47F6828F00F08F9
:10A970004146204600F0E4FE411C024600F0F38010
:10A98000824500F2EE803C4B19684144196008464C
:10A9900000F04E81DBF80010019301311BBFA2EBE8
:10A9A0000A010918CBF80020196012F0070B00F01B
:10A9B0001781CBF108010A44CBF58051904408314E
:10A9C000A1EB0801C1F30B0A51462046009200F0AA
:10A9D000B7FE421CDDE9002300F04F81801A00EB36
:10A9E0000A081968BA6048F001005144BD4250603D
:10A9F000196000F02981B9F10F0F40F227816868D2
:10AA0000A9F10C0C2CF0070C00F0010040EA0C003E
:10AA100068604FF0050E05EB0C00BCF10F0FC0E9AC
:10AA200001EE00F2328150681546144B1A688A42D2
:10AA300038BF1960124B1A688A4238BF196094E017
:10AA4000AA1943F0010346F001066E602046BA6081
:10AA5000536000F043F90835284603B0BDE8F08F95
:10AA6000D9681A44A1E600BFA088FF1FA888FF1F6D
:10AA7000A88CFF1FD495FF1FA495FF1FCC95FF1F27
:10AA8000D095FF1FB2F5206F4FEA522363D3142BEA
:10AA900000F2B78003F15C01C9005B3307EB010EE4
:10AAA0007958AEF1080E8E4500F091804B6823F086
:10AAB0000303934202D989688E45F7D1D1F80CE09F
:10AAC0007A68C5E9021ECEF80850CD60D6E6142B90
:10AAD00059D9542B00F29D80330B03F16F0003F121
:10AAE0006E0CC3008AE60EF1010E1EF0030F05F195
:10AAF00008057FF4D5AE51E0424445465368D8F886
:10AB00000C1043F00103536055F8083F2046D9600C
:10AB10008B6000F0E3F8F3E6F00806F1080237E690
:10AB20002A442046536843F001035360083500F07F
:10AB3000D5F8E5E6A919204646F0010643F00104E0
:10AB40006E60C7E90411C1E902CC4C60AB5000F063
:10AB5000C5F80835D4E6930903F13901C900383343
:10AB60009CE7BD425FD0BD68686820F00308464599
:10AB7000A8EB060302D80F2B3FF762AF204600F088
:10AB8000ADF80025BCE603F15C0003F15B0CC300EB
:10AB900034E659F808394B4540F0968010F0030F21
:10ABA00000F1FF30F5D17B6823EA01037B604900A7
:10ABB00099423FF6C0AE19B9BDE649000EF1040E48
:10ABC0001942FAD0704667E603F11008D0E69A10F1
:10ABD0004FF001087B6808FA02F21A437A6070E7C6
:10ABE00002EB08014942C1F30B0A5146204600928C
:10ABF00000F0A6FD431CDDE900237FF4EFAEDA464A
:10AC0000EFE6542B25D8130B03F16F01C9006E3307
:10AC100044E7B3F5AA7F25D8F30B03F1780003F1DD
:10AC2000770CC300EAE5294B186840441860B1E688
:10AC3000CAF30B0CBCF1000F7FF4ACAEBD68C84486
:10AC400048F001006860F0E61546EEE60123536027
:10AC500094E7B3F5AA7F23D8D30B03F17801C90099
:10AC600077331BE740F25452934223D8B30C03F1DD
:10AC70007D0003F17C0CC300C0E5ABF1080BD844A8
:10AC8000A8EB02084FF0000AABE605F108012046E8
:10AC9000009300F0C7FEBD68009B68681968C4E6B1
:10ACA00040F254518B420BD8930C03F17D01C90043
:10ACB0007C33F3E64FF47E737F204FF07E0C9DE5EE
:10ACC0004FF47E717E23E9E67B6870E7A495FF1F51
:10ACD000014800F08BBD00BF1C97FF1F014800F02A
:10ACE00087BD00BF1C97FF1F2DE9F84F17460029AD
:10ACF00000F098800C4607F10B058046FFF7E8FF4F
:10AD0000162D54F8041C5BD810252A46AF425CD897
:10AD100021F003069642A4F1080962DABC4BD3F88D
:10AD200008C009EB0600844500F09780D0F804C005
:10AD30002CF0010303445B68DB0768D42CF0030CA0
:10AD400006EB0C03934247DACB0710D454F8083CC7
:10AD5000A9EB030ADAF8043023F003018C44B4446D
:10AD6000944580F211817318934280F2E88039464D
:10AD70004046FFF7FDFC0746E0B154F8043C23F0E1
:10AD800001034B44A0F10802934200F0D280321F2D
:10AD9000242A00F2F580132A00F2AC8003462246F2
:10ADA000116819605168596092689A60214640465E
:10ADB00000F038FE4046FFF791FF3846BDE8F88FB7
:10ADC00025F00705002D2A46A0DA0C23C8F800302C
:10ADD00000273846BDE8F88F1E46D0E90223D3602D
:10ADE0009A60731B0F2B22D8D9F8043003F00103AB
:10ADF00033434E44C9F80430736843F00103736071
:10AE000040462746FFF76AFF3846BDE8F88FC90776
:10AE1000ADD454F8083CA9EB030ADAF8041021F089
:10AE20000301A0E7BDE8F84F1146FFF7A1BCD9F830
:10AE3000042009EB050102F001024E4443F0010336
:10AE40002A43C9F804204B60736843F001030831BA
:10AE50007360404600F0E6FDD2E7DCF8040020F025
:10AE6000030B06EB0B0C05F1100084454DDAC90706
:10AE70003FF57DAF54F8081CA9EB010ADAF804107D
:10AE800021F003018B44B34458453FF76CAF57465C
:10AE9000DAF80C1057F8080F321F242AC1608860B6
:10AEA00000F2DB80132A40F2D6802168CAF808102D
:10AEB0006168CAF80C101B2A00F2DF8008340AF11E
:10AEC00010022168116061685160A16891600AEB0D
:10AED0000501ABEB050242F0010299604A60DAF825
:10AEE000043003F001032B434046CAF80430FFF757
:10AEF000F5FE6EE723680360636843601B2A68D829
:10AF000004F1080200F108034AE709EB05029A6020
:10AF1000ACEB050343F00103536054F8043C03F029
:10AF200001032B43404644F8043CFFF7D7FE274675
:10AF30004FE750F8043C23F003031E4451E7574603
:10AF4000DAF80C1057F8080F321F242AC160886005
:10AF50004CD8132A48D92168CAF808106168CAF881
:10AF60000C101B2A56D808340AF110021E4623681A
:10AF7000136063685360A3689360D1463C4630E732
:10AF8000214600F099FA11E7D0E902135746CB6049
:10AF9000996057F8081FDAF80C30CB60321F242A6A
:10AFA00099602DD8132A29D92368CAF80830636814
:10AFB000CAF80C301B2A42D808340AF11003226860
:10AFC0001A6062685A60A2689A606646D1463C463A
:10AFD00007E7A3688360E368C360242A26D004F1EE
:10AFE000100200F11003DBE63A46BFE7214638467F
:10AFF0001E46D14600F060FA3C46F2E63B46DEE7EC
:10B00000214638466646D14600F056FA3C46E8E608
:10B01000A088FF1FA168CAF81010E168CAF81410D0
:10B02000242A20D010340AF118029FE72369036113
:10B030006169416104F1180200F11803B0E6A368E8
:10B04000CAF81030E368CAF81430242A21D010342A
:10B050000AF11803B3E73A4633E72146384600F0D1
:10B060002BFA164B33E72269CAF818206269CAF82E
:10B070001C2018340AF1200278E7A168CAF81010E1
:10B08000E168CAF81410242A0DD010340AF118020D
:10B0900017E72369CAF818306369CAF81C301834F6
:10B0A0000AF120038BE72269CAF818206269CAF8FE
:10B0B0001C2018340AF1200203E700BFA088FF1FFC
:10B0C000012B2DE9F84F41D0242B1F463ED8804656
:10B0D0004A488E4675461EF801BB10F80B4014F026
:10B0E0000804F7D1BBF12D0F71D0BBF12B0F08BFB6
:10B0F0009EF800B06FF0004908BF05F1020E002B6A
:10B1000042D0102B55D0B9FBF7F60025284607FB97
:10B11000169A05E033D007FB00C001251EF801BBDD
:10B12000ABF1300CBCF1090F06D9ABF1410CBCF10D
:10B13000190F12D8ABF1370C634517DDB5F1FF3F9E
:10B14000ECD08642E6D24FF0FF35E7E700F020FB77
:10B15000162303600020BDE8F88FABF1610CBCF151
:10B16000190F03D8ABF1570C6345E7DC6B1C25D0F6
:10B1700084B9002AEFD095BB1160BDE8F88FE24595
:10B18000C9DA4FF0FF35C9E7BBF1300F04D00A2709
:10B190003B46B8E74042ECE79EF8003003F0DF039F
:10B1A000582B20D110279EF801B03B460EF1020E1D
:10B1B000A9E7BBF1300F19D01F46A4E72223C8F836
:10B1C000003072B10EF1FF3148461160D5E79EF8AC
:10B1D00000B04FF0004905F1020E01248FE78146CF
:10B1E000F0E74846B7E708273B468CE79EF80000A3
:10B1F00000F0DF005828D5D01F4684E74114010035
:10B2000010B4044C84461346206810BC0A466146BC
:10B21000FFF756BF488FFF1F13460A46014602201C
:10B2200000F05CBB024A0349034800F0BBB800BF12
:10B23000B08CFF1F79DF0000288EFF1F0C4B416888
:10B24000994210B5044601D002F096FEA168094B60
:10B25000994202D0204602F08FFEE168064B9942E7
:10B2600004D02046BDE8104002F086BE10BD00BFED
:10B27000D895FF1F4096FF1FA896FF1F2DE9F843A2
:10B280002A4C2B4B2B48DFF8B090DFF8B0802C4FC6
:10B290001860002504230822294604F15C00294E89
:10B2A0006566C4E90253C4E90055C4E90455A561C3
:10B2B00000F07EF9244B63670822294604F1C4009C
:10B2C000C4E90749C4E90987C4E91A55C4E91E5508
:10B2D000C4F8CC502567C4F88050E66200F068F9E5
:10B2E0001A4BC4F8DC30294604F16803082204F53F
:10B2F0009670C4F88430C4E92298C4E92476C4E97D
:10B300003455C4E93855C4F83451C4F8D850C4F899
:10B31000E85000F04DF904F1D003C4E93C98C4E9C9
:10B320003E76C4F8EC30BDE8F88300BFD895FF1F27
:10B330001097FF1F25B200002DB4000051B400008B
:10B3400091B40000B1B40000090001001200020035
:10B3500010B504460A4800F049FA636B23B9094B5B
:10B36000094A1B68626323B1BDE81040044800F03D
:10B370003FBAFFF783FFBDE81040014800F038BA3C
:10B380002097FF1F1097FF1F3DB20000014800F0FB
:10B390002DBA00BF2097FF1F014800F029BA00BF57
:10B3A0002097FF1F2DE9F84380460F4616464FF0C1
:10B3B0000009D6E90154013D11D4A389012B05F1FF
:10B3C000FF3508D9B4F90E300133214603D0404689
:10B3D000B84749EA00096B1C04F16804EDD13668EE
:10B3E000002EE6D14846BDE8F88300BF0EB410B584
:10B3F0009DB06FF000411FABCDE9060104910949F2
:10B4000053F8042B0290084C0868019302A9059494
:10B4100000F0E0FF029B00221A701DB0BDE8104052
:10B4200003B07047488FFF1F0802FFFF10B50C469E
:10B43000B1F90E1000F06EF9002803DB236D034410
:10B44000236510BDA38923F48053A38110BD00BFE1
:10B450002DE9F0410C46B1F90C101F46CB0505460D
:10B4600016460BD421F48051A1813B46B4F90E104D
:10B4700032462846BDE8F04100F074B9B4F90E1028
:10B480000223002200F030F9B4F90C10EAE700BF03
:10B4900010B50C46B1F90E1000F026F9A389421C34
:10B4A0000EBF23F4805343F480532065A38110BD65
:10B4B000B1F90E1000F006B988420DD98B188342FD
:10B4C0000AD900EB020CBAB1624613F801CD02F8BA
:10B4D00001CD9942F9D170470F2A0ED8034602F1E7
:10B4E000FF3C4AB10CF1010C013B8C4411F8012BDB
:10B4F00003F8012F6145F9D1704740EA01039B072A
:10B5000050D1A2F1100370B501F1200C23F00F050A
:10B5100001F1100E00F11004AC441B095EF8105C40
:10B5200044F8105C5EF80C5C44F80C5C5EF8085C57
:10B5300044F8085C5EF8045C44F8045C0EF1100EFC
:10B54000E64504F11004E9D1013312F00C0F01EBD0
:10B55000031102F00F0400EB031327D0043C24F086
:10B5600003064FEA940C1E441C1F8E465EF8045BD3
:10B5700044F8045FB442F9D10CF1010402F0030273
:10B5800003EB840301EB840102F1FF3C4AB10CF1AF
:10B59000010C013B8C4411F8012B03F8012F61458C
:10B5A000F9D170BD02F1FF3C03469BE72246EBE771
:10B5B000830730B548D0541E002A3FD0CAB2034694
:10B5C00001E0013C3AD303F8012B9D07F9D1032C8C
:10B5D0002DD9CDB245EA05250F2C45EA054536D9CA
:10B5E000A4F1100222F00F0C03F1200EE6444FEA02
:10B5F000121C03F1100242E9045542E902551032CF
:10B600007245F8D10CF1010214F00C0F03EB021299
:10B6100004F00F0C13D0ACF1040323F00303043344
:10B62000134442F8045B9342FBD10CF003042CB1A9
:10B63000C9B21C4403F8011B9C42FBD130BD6446D7
:10B640001346002CF4D1F9E703461446BFE71A4627
:10B65000A446E0E740EA01039B0730B501D1032A85
:10B660000FD8844601F1FF3E07E01EF8011F03F8E2
:10B67000011B541EC1B19C4622466346002AF4D1E8
:10B6800030BD0B468446194653F8045BA5F10134DE
:10B6900024EA050414F0803FE4D1043A032A4CF86C
:10B6A000045B1946EFD8DDE79444002CE8D003F89A
:10B6B000011B6345FBD130BD014B93F82801704756
:10B6C000BC8CFF1F38B5074D0022044608462A608F
:10B6D000FAF702FE431C00D038BD2B68002BFBD0CC
:10B6E000236038BD1497FF1F38B50C46084D8446BB
:10B6F000114620461A4600232B606446FAF7F8FDEF
:10B70000431C00D038BD2B68002BFBD0236038BD14
:10B710001497FF1F38B50C46084D84461146204645
:10B720001A4600232B606446FAF7D4FD431C00D070
:10B7300038BD2B68002BFBD0236038BD1497FF1F4A
:10B7400038B5074D0022044608462A60FAF7ACFDDA
:10B75000431C00D038BD2B68002BFBD0236038BDC4
:10B760001497FF1F38B50C46084D844611462046F5
:10B770001A4600232B606446FAF70CFC431C00D0E9
:10B7800038BD2B68002BFBD0236038BD1497FF1FFA
:10B79000014B1868704700BF488FFF1F70B50D4EF2
:10B7A0000D4D761BB61006D0002455F8043B01342D
:10B7B0009847A642F9D1094E094D761B06F030F89C
:10B7C000B61006D0002455F8043B01349847A64231
:10B7D000F9D170BD2C1801002C1801003C18010093
:10B7E0002C180100704700BF704700BF704700BFB2
:10B7F000704700BFFFFFFFFFFFFFFFFFFFFFFFFFDF
:10B8000090F800F06DE9024520F007016FF0000CA0
:10B8100010F0070491F820F040F049804FF0000448
:10B820006FF00700D1E9002391F840F000F1080023
:10B8300082FA4CF2A4FA8CF283FA4CF3A2FA8CF35B
:10B840004BBBD1E9022382FA4CF200F10800A4FAC2
:10B850008CF283FA4CF3A2FA8CF3E3B9D1E9042316
:10B8600082FA4CF200F10800A4FA8CF283FA4CF34D
:10B87000A2FA8CF37BB9D1E9062301F1200182FA07
:10B880004CF200F10800A4FA8CF283FA4CF3A2FA0D
:10B890008CF3002BC6D0002A04BF04301A4612BA1B
:10B8A000B2FA82F2FDE8024500EBD2007047D1E91E
:10B8B000002304F00305C4F100004FEAC50514F0AD
:10B8C000040F91F840F00CFA05F562EA05021CBF7E
:10B8D00063EA050362464FF00004A9E72DE9F0474B
:10B8E000DFF874A00646DAF8000098460F46914645
:10B8F000FFF77CFF194B1C6824B365681F2D24DCFF
:10B900005EB96B1C0235DAF80000636044F82570FC
:10B91000FFF76EFF0020BDE8F08704EB85010123EF
:10B92000C1F88890D4F88821AB401A43022EC4F89D
:10B930008821C1F80881E4D1D4F88C211A43C4F8D5
:10B940008C21DEE7064C1C60D7E7DAF80000FFF731
:10B950004FFF4FF0FF30DEE74C8FFF1FB498FF1F03
:10B960002497FF1F024B13B1024800F005B870473F
:10B9700000000000BDE10000002301461A46184601
:10B98000FFF7ACBFF8B5244F0C460646FFF7A0F909
:10B99000BB685D68C4F57E610F3125F003054B1966
:10B9A00023F47F6323F00F03A3F58054B4F5805F85
:10B9B00007DB00213046FFF7C3FEBB682B449842EB
:10B9C00004D03046FFF78AF90020F8BD61423046C6
:10B9D000FFF7B6FE01300DD0104ABB682D1B45F0B5
:10B9E00001055D60136830461B1B1360FFF776F995
:10B9F0000120F8BD00213046FFF7A2FEBA68831A85
:10BA00000F2BDEDD43F001035360054B03491B6838
:10BA1000C01A0860D5E700BFA088FF1FA495FF1FCC
:10BA2000A88CFF1F002961D0F8B50C460646FFF729
:10BA30004FF954F8042C7B4FA4F1080522F00101C2
:10BA400005EB010CB868DCF80430604523F0030313
:10BA500000F08B80D207CCF8043032D454F8082C94
:10BA6000AD1A1144AA6807F1080082426AD00CEBB3
:10BA70000304D4F804E0EC68D4601EF0010FA26067
:10BA800000F0978041F001036B60CCF80010B1F535
:10BA9000007F35D27868CB080122490901338A40FA
:10BAA000024357F833107A6007EBC302083AC5E93E
:10BAB000021247F83350CD603046BDE8F840FFF73A
:10BAC0000DB90CEB03025268D00710D4194407F1EA
:10BAD0000800DCF80830834273D0DCF80C20DA6010
:10BAE000936041F001036B606950D0E7704741F00B
:10BAF0000103B1F5007F44F8043CCCF80010C9D331
:10BB0000B1F5206F4FEA512348D28B0903F1390078
:10BB100003F13802C300F818FB580838984259D08E
:10BB20005A6822F003028A4202D99B689842F7D1F0
:10BB3000D868C5E902308560DD603046BDE8F84070
:10BB4000FFF7CCB80CEB03025268D20763D40B4466
:10BB5000DCE90212CA60916043F001026A6030467B
:10BB6000EB50BDE8F840FFF7B9B80B44D10707D454
:10BB700054F8082CAD1A1344D5E90212CA6091603A
:10BB800043F001026A60284ABD6012689A4293D865
:10BB9000264B30461968FFF7F5FE8DE7142B0AD9BE
:10BBA000542B1FD80B0B03F16F0003F16E02C3007F
:10BBB000B1E719448DE703F15C0003F15B02C300B8
:10BBC000A9E741F00103C7E90455C5E902006B602C
:10BBD000695071E779689210012404FA02F20A436D
:10BBE0007A60A6E7B3F5AA7F06D8CB0B03F17800FD
:10BBF00003F17702C3008EE740F25452934206D815
:10BC00008B0C03F17D0003F17C02C30083E74FF44A
:10BC10007E737E227FE741F001036B60CCF8001059
:10BC20004AE700BFA088FF1FAC8CFF1FD495FF1F01
:10BC300082B049B15AB16BB113780B601278101E03
:10BC400018BF012002B0704701A9002AF3D11046A5
:10BC500002B070476FF00100F4E700BF436C70B5AD
:10BC600005460C464BB153F8240080B1026843F8F6
:10BC700024200023C0E9033370BD2122042102F0F7
:10BC80005FFB034668640028EDD1002070BD0121F0
:10BC900001FA04F6721D9200284602F051FB0028BA
:10BCA000F3D0C0E90146E4E731B1436C4A6853F888
:10BCB0002200086043F82210704700BF2DE9F041D0
:10BCC0000D6907460E461C4601F1140E0020DEF8F1
:10BCD00000108BB202FB03434FEA134C090C02FB2A
:10BCE00001CC01309BB203EB0C4385424EF8043B80
:10BCF0004FEA1C44EBDC3CB1B368AB4207DD06EB1A
:10BD0000850301355C6135613046BDE8F0817168BD
:10BD100038460131FFF7A2FF8046A8B132690232EE
:10BD200006F10C0192000C30FAF7BCF97B6C7268DA
:10BD300053F82210316043F82260464606EB850333
:10BD400001355C613561DFE7024B03484246BA21A9
:10BD500002F0D6FA881501009C150100020C1204AD
:10BD60000346CAB90304102013F07F4F04BF1B021F
:10BD7000083013F0704F04BF1B01043013F0404F24
:10BD800004BF9B000230002B05DB13F0804F00F155
:10BD9000010008BF202070470020E5E7036813F08A
:10BDA0000702014607D0DA071FD4980721D55B08A0
:10BDB0000B600120704798B2A0B11046DAB20AB900
:10BDC00008301B0A1A0704BF1B0904309A0704BF76
:10BDD0009B080230DA0703D45B0800F1010006D0AB
:10BDE0000B6070471B0C1020E8E7002070472020F4
:10BDF00070479B080B600220704700BF38B5436C4A
:10BE000004460D464BB15868B0B102685A60002232
:10BE10000123C0E90435C26038BD2122042102F0AB
:10BE20008FFA034660640028EDD1094B09480022CF
:10BE300040F2451102F064FA1C220121204602F072
:10BE40007FFA0028F1D001220223C0E90123DEE7B6
:10BE5000881501009C1501002DE9F04F0E69156948
:10BE6000AE4285B08846144605DB2A462346354651
:10BE70000C4616469846A3686168AF19BB42B8BF26
:10BE80000131FFF7EBFE0190002800F08780019B55
:10BE900003F1140909EB870AD14505D24B4600226C
:10BEA00043F8042B9A45FBD808F1140808EB860BDD
:10BEB00004F11403D8451A4603EB85055FD22B1B0A
:10BEC000153B23F0030304331534A54238BF042384
:10BED000CDE902A7AC461F46924605E0090C29D1E0
:10BEE000C34509F1040948D958F8041B8DB2002D47
:10BEF000F4D056464C46002356F8041B22681FFA1D
:10BF000081FE90B2090C05FB0E00120C034405FBE8
:10BF1000012202EB13429BB243EA0243B44544F8C8
:10BF2000043B4FEA1243E7D849F8073058F8041C9D
:10BF3000090CD5D0D9F8003050461A464C46002698
:10BF40000588120C01FB052216449BB243EA064306
:10BF500044F8043B50F8045B22682D0C93B201FBBB
:10BF6000053303EB164384454FEA1346E8D8C3452F
:10BF700049F8073009F10409B6D8DDE902A7002F16
:10BF800002DC05E0013F03D05AF8043D002BF9D054
:10BF9000019B18461F6105B0BDE8F08F034B0448B4
:10BFA000019A4FF4B17102F0ABF900BF881501009E
:10BFB0009C15010012F003032DE9F04114460646DA
:10BFC00032D10D46A41020D0D6F84080B8F1000F31
:10BFD00033D0E3074FF0000707D4641015D0D8F82A
:10BFE0000000A8B18046E307F7D54246294630460F
:10BFF000FFF732FFB5B16968736C641053F8212004
:10C000002A6043F821500546E9D12846BDE8F08171
:10C01000424641463046FFF71FFFC8F80000076060
:10C020008046E0E70546D8E7013B0F4A52F8232057
:10C030000023FFF743FE0546C4E701213046FFF722
:10C040000DFE804640B1012340F27122C0E9043266
:10C05000002330640360BCE7044B0548424640F2CD
:10C06000451102F04DF900BFE816010088150100E6
:10C070009C1501002DE9F0470C4690462669A368FF
:10C08000496806EB6216751C9D4207464FEA621925
:10C0900004DD5B009D4201F10101FADC3846FFF747
:10C0A000DDFD8446002851D0B9F1000F00F11400E5
:10C0B0000EDD09F105024FEA820E03460CEB820207
:10C0C000002143F8041B9342FBD1AEF11403184442
:10C0D000216904F1140318F01F0803EB81012DD02E
:10C0E000C8F1200986464FF0000A1A6802FA08F2E1
:10C0F00042EA0A024EF8042B53F8042B994222FA22
:10C1000009FAF2D80B1B153B23F00303043304F1A7
:10C110001502914238BF0423BAF1000F18BF2E4612
:10C1200040F803A07B6C6268CCF8106053F82210D2
:10C130002160604643F82240BDE8F087043853F898
:10C14000042B40F8042F9942F9D8EBE7034B04483D
:10C1500062464FF4EF7102F0D3F800BF881501007A
:10C160009C1501000B6984460069C01A15D10CF1B9
:10C17000140C14310CEB830210B401EB830301E0C7
:10C18000944508D252F8044D53F8041D8C42F7D060
:10C1900004D24FF0FF3010BC70477047012010BC34
:10C1A000704700BF2DE9F84F0F691369FF1A002F80
:10C1B0000E4690467FD101F11405143202EB830242
:10C1C00005EB830301E09D4278D253F8041D52F839
:10C1D000044DA142F7D069D37168FFF73FFD814656
:10C1E000002877D03569D8F81020C76008F1140E00
:10C1F00006F1140009F1140A06F110010EEB820297
:10C2000000EB850756464FF0000C5EF8044B51F8E2
:10C2100004BFA3B21CFA8BFCACEB03034FEA144C33
:10C22000CCEB1B4C0CEB234C9BB243EA0C4372450A
:10C2300046F8043B4FEA2C4CE7D8A2EB080115392D
:10C2400008F11508424521F0030404F1040438BF45
:10C250000424204421F0030238BF002287425244C4
:10C26000544418D92646014651F8043B1CFA83FC75
:10C270004FEA2C4202EB13421FFA8CFC4CEA0243B9
:10C280008F4246F8043B4FEA224CEDD8013F3F1A5B
:10C2900027F00307E21923B952F8043D013D002BB2
:10C2A000FAD0C9F810504846BDE8F88F3346012748
:10C2B0004646984690E7F9DB00278DE70021FFF717
:10C2C000CDFC814668B101220023C9E90423484618
:10C2D000BDE8F88F064B07484A4640F2452102F078
:10C2E0000FF8034B03484A4640F2372102F008F8A2
:10C2F000881501009C15010070B5012182B0164619
:10C300001D46FFF7ABFC044600284AD02B46C5F378
:10C310000A55C3F313030DB143F48013002E0193A8
:10C3200014D101A8FFF73AFD019B63610121203080
:10C33000216115B3069BA5F2334505441D60079B9B
:10C34000C0F135001860204602B070BD6846009606
:10C35000FFF724FD08B3019B0099C0F1200203FA06
:10C3600002F20A43C34001936261002B14BF022111
:10C370000121A3612161002DDCD104EB8102A0F237
:10C3800032431069069A1360FFF7E8FC079BC0EB85
:10C3900041101860204602B070BDDDE900236261E3
:10C3A000E3E7034B0348224640F20F3101F0A8FFB8
:10C3B000881501009C15010049B1FF2A02D80A70B6
:10C3C000012070478A2303604FF0FF307047084612
:10C3D000704700BF2DE9F04FD9B00C460C91904644
:10C3E0000E93824601F0E6FE036819931846FFF7A4
:10C3F00007FA08221790002128A8FFF7D9F8A38987
:10C400001F0603D52369002B00F03F8700232FAAC6
:10C410000024CDE92D33CDE91A33CDE91C33139334
:10C42000189309930023CDE914342C929146444685
:10C43000A046784BD3F8E450FFF73EF9034628A80E
:10C440000090424624A95046A847002800F0B0803A
:10C45000C0F2A680249A252A034601D09844E8E732
:10C46000B8EB0407064640F0A78000234FF0FF32E8
:10C470008DF887309B460B9308F1010898F800303F
:10C4800008922B25202608F10108A3F120025A2A40
:10C4900000F2C280DFE812F0E602C000C000E10254
:10C4A000C000C000C0006A00C000C00008028402D2
:10C4B000C0001302C702C000C2025B005B005B0049
:10C4C0005B005B005B005B005B005B00C000C000CA
:10C4D000C000C000C000C000C0004301C00089010E
:10C4E0001D02430143014301C000C000C000C00061
:10C4F0001802C000C0009602C000C000C000B10118
:10C50000C000A902C000C000DD06C000C000C0001D
:10C51000C000C000C000C000C0004301C0008901CD
:10C52000E2014301430143017702E2017F00C000C1
:10C530008902C0005F02DA0632027F00C000B1014A
:10C540007C00B406C000C000B806C0007C00A3F1A7
:10C550003002002118F8013B01EB810102EB41019F
:10C56000A3F13002092AF5D90B918EE7504601F06C
:10C5700021FE43681C931846FFF742F91D900746B9
:10C58000504601F017FE83681A93002F40F0B185E2
:10C5900098F8003077E798F800304BF0200B72E7FE
:10C5A0000822002128A8FFF703F80123984440E758
:10C5B000B8EB0407064611D02E9B3B442E932D9BCF
:10C5C0000133072BC9E900472D9319DC09F108094C
:10C5D000099B3B440993002E7FF447AF2E9B002B11
:10C5E00041F001820C9BB3F90C3013F0400F099B12
:10C5F00018BF4FF0FF330993099859B0BDE8F08F89
:10C600000C992CAA504602F00FFF0028EAD10DF138
:10C61000BC09DDE7BC8CFF1F1093002BDED000228D
:10C620008DF8FC3001238DF8872007930D920A9333
:10C6300008921292169211923FAC1BF0020302D0A4
:10C640000799023107911BF084010F9105D10B99D5
:10C6500007980F1A002F00F382832E9E82B10122C9
:10C66000C9F804202D9A013201360DF18701072AFD
:10C670002E962D92C9F8001000F3BD8309F1080928
:10C6800083B12D9B22AA01330236C9F80020072B63
:10C690004FF002022E962D93C9F8042000F3C083B8
:10C6A00009F108090F9B802B00F08182089B0A9AF0
:10C6B0009F1A002F00F3BC821BF4807F40F01E8283
:10C6C0000A9BC9F804301E442D9BC9F80040013371
:10C6D000072B2E962D9300F3378309F108091BF0E1
:10C6E000040F05D00B9B079A9C1A002C00F3A4831F
:10C6F000099B0B9A07998A42ACBF9B185B18099358
:10C70000002E40F0CA8200232D930D9B1BB10D9982
:10C710005046FFF787F90DF1BC09444688E61093AF
:10C720000E9B073323F00701F1E80223CDE9142320
:10C73000DDE9142323F000450E9116461046B34B55
:10C7400029464FF0FF32FDF76BFA002840F0FC84D9
:10C75000AE4B304629464FF0FF32FDF743FA002832
:10C7600040F0F284DDE9140100220023FDF730FAE5
:10C77000002841F038809DF88720A54CA54B2BF070
:10C78000800B10994729C8BF1C46002303210D9335
:10C7900007910A910893129316931193002A3FF47C
:10C7A0004CAF079B0133079347E7432B109303D00C
:10C7B0001BF0100F00F051850E9E082200212AA8C0
:10C7C0003FACFEF7F5FE2AAB56F8042B2146504647
:10C7D00002F0E2FD034601330A9001F0C3820A9B96
:10C7E0000E9623EAE373079300228DF887200D92BB
:10C7F00008921292169211921FE70E9F109357F80B
:10C80000044B00238DF88730002C00F04D85109BE1
:10C81000532B00F0D4861BF01003119340F0CF8609
:10C82000089B5D1C01F0CC8011991A46204601F04E
:10C83000DFFC0D90002801F051830D9B11999DF8AC
:10C8400087200E971B1B0A9323EAE3730793732336
:10C850000891129116910D9110939FE71BF0200FF4
:10C8600010930E9B3CD0073323F007031A46114662
:10C870005B6851F8082B0E911946002BC0F2018419
:10C88000089B013300F0A88252EA01032BF08005D7
:10C8900040F0A382089B002B40F0A482AB4600230B
:10C8A00008930A9358ACFFE00E9B53F8042B0B92AD
:10C8B000002A80F20C840B9A0E9352420B9298F845
:10C8C00000304BF0040BDEE598F800304BF0080B1D
:10C8D000D9E54BF0100B1BF0200F10930E9BC2D12B
:10C8E0001BF0100F40F0FE831BF0400F00F0F683AA
:10C8F00033F9042B0E93D1170B46BEE70E9B53F86A
:10C90000042B0E9347F63003ADF888307820424B65
:10C9100018934BF002050021022310900020089C80
:10C920008DF88700601C00F0A88052EA010025F015
:10C93000800B40F0A180002C40F09586002BAED1FA
:10C9400015F001030A9300F0C78330238DF85F319F
:10C950000DF25F14A8E01BF0200F40F0E5831BF000
:10C96000100F40F086861BF0400F40F07F871BF4CD
:10C97000007F00F07E860E9B099953F8042B0E93DE
:10C980001170444654E598F80030682B03BF98F8BE
:10C9900001304BF4007B08F101084BF0400B72E5CD
:10C9A00098F800308DF887506DE598F800306C2BC2
:10C9B00003BF98F801304BF0200B08F101084BF051
:10C9C000100B60E510934BF0100B1BF0200100F0F2
:10C9D0004A830E9B073323F00703596853F8082B4B
:10C9E0000E932BF48065002398E710934BF010050D
:10C9F00015F0200100F028830E9B073323F0070376
:10CA0000596853F8082B0E93012387E7FFFFEF7F48
:10CA1000F4160100F81601000417010098F8003020
:10CA20004BF0800B2FE5414611F8013B2A2B01F01A
:10CA30007F82A3F13002092A884698BF002101F2C3
:10CA4000768118F8013B01EB810102EB4101A3F172
:10CA50003002092AF5D9089117E598F800304BF013
:10CA6000010B10E59DF88730002B7FF491AD98F80D
:10CA700000308DF8876006E55D46012B00F0AD8142
:10CA8000022B58AC1FD1189802F00F031209C35C97
:10CA900004F8013D42EA0172090952EA0103F3D1A7
:10CAA00058AB1B1BAB460A930A9908989DF8872040
:10CAB00081424FF00003B8BF01460D9307911293D6
:10CAC000169311936AE602F00703D20842EA417214
:10CAD000C908303352EA0106204604F8013DF2D17C
:10CAE000E907DDD5302BDBD03023023804F8013CD8
:10CAF00058AB1B1AAB460A930446D5E7109B652B2F
:10CB000040F3DC80DDE9140100220023FDF756F834
:10CB1000002800F0C8810123C9F804302D9BBD4ACC
:10CB2000C9F8002001330136072B2E962D9300F310
:10CB3000398509F10809239B139A934280F2C28236
:10CB4000179B199A1E44C9E900232D9B2E96013389
:10CB5000072B2D9300F38D8309F10809139B5C1EAD
:10CB6000002C7FF7BCAD102C2D9BAB4D40F35585B1
:10CB7000324610270C9E05E009F10809103C102CE4
:10CB800040F34A8501331032072BC9E90057CDE93C
:10CB90002D32F1DD2CAA3146504602F045FC00282A
:10CBA00040F08380DDE92D320DF1BC09E6E70B9BF7
:10CBB000079A9F1A002F7FF779AD102F2D9B964D66
:10CBC00023DD324626460C9C04E0103F102F09F16D
:10CBD000080918DD013310321021072BCDE92D3261
:10CBE000C9F80050C9F80410EFDD2CAA21465046C0
:10CBF0000DF1BC0902F018FC002856D1103F102F8F
:10CC0000DDE92D32E6DC3446164601333E44072B7F
:10CC1000CDE92D36C9F80050C9F8047000F3168527
:10CC2000089B0A9A9F1A002F09F108097FF744AD63
:10CC3000102F2D9B784D22DD324626460C9C04E0B9
:10CC4000103F102F09F1080917DD013310321021B0
:10CC5000072BCDE92D32C9F80050C9F80410EFDDDB
:10CC60002CAA2146504602F0DFFBF0B9103F102FEE
:10CC7000DDE92D320DF1BC09E7DC344616460133FF
:10CC80003E44072BCDE92D36C9F80050C9F8047091
:10CC900000F3CD8109F108090EE50C992CAA504644
:10CCA00002F0C2FB00283FF42EAD0D9B002B3FF499
:10CCB00099AC0D995046FEF7B5FE93E4139B012BFA
:10CCC00040F36E812D9FC9F8004001231F440136B7
:10CCD000072FC9F804302E962D9700F3D98109F15A
:10CCE0000809179B199A01371E44072FC9E9002329
:10CCF000CDE92D7600F3D98109F10809DDE91401A8
:10CD000000220023FCF75AFF002840F06781139BA4
:10CD10000137013B01341E44072FC9F800402D970D
:10CD2000C9F804302E9600F34C8109F108091B9BC9
:10CD3000C9F8043001371E44072F26ABCDE92D7604
:10CD4000C9F800307FF7C9AC0C992CAA504602F004
:10CD50006BFB0028A9D12E9E0DF1BC09BFE4102F5A
:10CD6000DDE92D212D4D27DDCDE91E381026D046D9
:10CD7000A2460C9C04E0103F102F09F1080916DDB3
:10CD800001321031072AC9E90056CDE92D21F2DD23
:10CD90002CAA214640460DF1BC0902F045FB0028B3
:10CDA00040F0F283103F102FDDE92D21E8DC5446DE
:10CDB0001E9BC246DDF87C80C9F8005001327E1807
:10CDC000072ACDE92D26C9F8047000F3CC839DF81D
:10CDD000872009F1080941E45D460A2A71F1000340
:10CDE00080F02983303201238DF85F21AB460A930E
:10CDF0000DF25F1458E60C991E932CAA504602F0CF
:10CE000013FB00287FF451AF2E9E1E9B0DF1BC0931
:10CE100036E400BFE00D01004417010034170100A3
:10CE20000C992CAA504602F0FFFA00287FF43DAF7F
:10CE30002E9E0DF1BC0935E4102C2D9BB84D1FDD45
:10CE4000DDF830B0102704E0103C102C09F108097F
:10CE500016DD01331036072BC9E90057CDE92D3611
:10CE6000F2DD2CAA594650460DF1BC0902F0DCFA5D
:10CE700000287FF41AAF103C102CDDE92D36E8DCD9
:10CE800001332644072BC9E90054CDE92D367FF73D
:10CE90002FAC0C992CAA504602F0C6FA00287FF459
:10CEA00004AF2E9E24E42399002940F32783119D8B
:10CEB000139B9D42A8BF1D46002D0BDD2D9B01330A
:10CEC0002E44072BC9E900452E962D9300F3DD86ED
:10CED00009F10809119F002DA8BF7F1B002F00F347
:10CEE000F481119B1BF4806F23440A9340F0148259
:10CEF000239B139A934203DB1BF0010F00F0A584E0
:10CF0000179A19991644C9E900122D9A2E960132E2
:10CF1000072A2D9200F3C68609F10809139AA5186D
:10CF2000D41A0A9BED1AA542A8BF2546002D0DDD97
:10CF3000C9F800302D9BC9F8045001332E44072B4B
:10CF40002E962D9300F3BE8609F10809002DA8BF87
:10CF5000641B002C7FF7C3AB102C2D9B714D40F34D
:10CF60005C83324610270C9E05E009F10809103C4D
:10CF7000102C40F3518301331032072BC9E90057BD
:10CF8000CDE92D32F1DD2CAA3146504602F04CFAA3
:10CF900000287FF48AAEDDE92D320DF1BC09E6E709
:10CFA0001BF0010F7FF48EAE2D9FC9F800400123C6
:10CFB0001F440136072FC9F804302E962D977FF7AE
:10CFC000B4AE0C992CAA504602F02EFA00287FF439
:10CFD0006CAEDDE92D760DF1BC09A8E6139B5C1E55
:10CFE000002C7FF7A4AE102C4E4D40F34C833246FC
:10CFF00010230C9E05E009F10809103C102C40F3A9
:10D00000418301371032072FC9E90053CDE92D7252
:10D01000F1DD2CAA3146504602F006FA00287FF4D2
:10D0200044AEDDE92D720DF1BC091023E5E70C9942
:10D030002CAA504602F0F8F900287FF436AE2E9E56
:10D040000DF1BC09FFF738BB15F0100360D115F0E6
:10D05000400200F073830E9850F8042B0E9019468E
:10D0600092B201235AE41BF0100368D11BF0400276
:10D0700000F056830E9850F8042B0E90194692B289
:10D08000AFE4524261EB41015D462D20012346E4AD
:10D090000C992CAA504602F0C7F900287FF405AE7F
:10D0A000DDE92D760DF1BC091BE60C992CAA504642
:10D0B00002F0BAF900287FF4F8ADDDE92D760DF124
:10D0C000BC091BE61BF0010F3FF409AB38E50E93DA
:10D0D00098F80030FFF7D7B958ACE5E41BF4007FAF
:10D0E00040F0BD8353F8042B0E93D1170B46FFF786
:10D0F000C4BB1A9B002B3FF44BAA1A9B1B78002B36
:10D100003FF446AA98F800304BF4806BFFF7BBB9A8
:10D110000E9B53F8042B0E930123FFF7FFBB00BFB8
:10D1200034170100441701000E9B099853F8041BA3
:10D130000E93C217C1E900024446FFF779B90E9B6E
:10D1400053F8042B0E934CE4DDE9140102460B4620
:10D15000FCF766FD002840F07586109B612B00F0FF
:10D160005B85412B00F0AC85089B0133109B23F0BD
:10D170002003079300F06384472B04D1089B002B06
:10D1800008BF01230893DDE914010A46002A4BF485
:10D190008073CDF83CB0C0F2E1859B460023164673
:10D1A0001E9307460D93109B413B252B00F267838E
:10D1B000DFE813F0520465036503650349044E0478
:10D1C000650365036503650365036503650365031F
:10D1D000650365036503650365036503650365030F
:10D1E00065036503650365036503650365036503FF
:10D1F00065036503650365036503650349044E0420
:10D2000010935D46FFF7F4BB1093B74B18931BF0D8
:10D21000200100F0FC800E9B073323F007035968C0
:10D2200053F8082B0E931BF0010F0AD052EA0103AA
:10D2300007D0109B8DF8893030234BF0020B8DF80E
:10D2400088302BF480650223FFF768BB1093FFF74B
:10D25000BCBB1093A54B1893D9E70E9B012153F843
:10D26000042B07918DF8FC200E930A913FACFFF739
:10D27000BBBA0C992CAA504602F0D6F800287FF4CD
:10D2800014AD2E9E0DF1BC0968E440215046FDF717
:10D290006FFA0C9B18601861002800F060860C9AE9
:10D2A00040235361FFF7B2B8089B0D94062B21462B
:10D2B00028BF06230894224607938D4C0E970A93A5
:10D2C000129116911191FFF769BA102F2D9B894D7C
:10D2D00040F34582324626460C9C05E009F10809D8
:10D2E000103F102F40F33982013310321021072BE9
:10D2F000CDE92D32C9F80050C9F80410EEDD2CAA92
:10D300002146504602F090F800287FF4CEACDDE9CB
:10D310002D320DF1BC09E3E7139B0A9DCDF83C804B
:10D320004A46DDF85890CDF828B0E31808931A9FC4
:10D33000DDF874B0DDF83080129B10943146B9F1FD
:10D34000000F2ED083BB013F09F1FF391C9BC2E9BE
:10D35000003B2D9B01335944072B2E912D935FDC0D
:10D360000832089B38785B1B8342A8BF0346002B1A
:10D370001E460BDD2D98013019440728C2E90053E1
:10D380002E912D9000F3568138780832002EACBFD4
:10D39000841B0446002C0BDC0544129BB9F1000FE2
:10D3A000D0D1002B00F0D483129B013B1293CDE728
:10D3B000102C2D981DDD102604E0103C102C02F1DD
:10D3C000080216DD01304B4B10310728C2E9003648
:10D3D000CDE92D01F1DD2CAA4146504602F024F89A
:10D3E00000287FF462AC103C102CDDE92D012FAA3F
:10D3F000E8DC01303F4B546021440728CDE92D0182
:10D40000136000F3FB83387808320544C5E71BF04E
:10D41000100300F0BC800E9B53F8042B0E9302E720
:10D420002CAA4146504601F0FFFF00287FF43DAC96
:10D430002E992FAA95E7CDF834902F4BDDF8689000
:10D44000CDF81C8005F480674FF0000C58AC4FF00D
:10D45000CC3B0A9505E00A2A71F1000134D342461B
:10D460003146501840F10000A3FB005626F003059A
:10D4700005EB9605401B151A61F1000E0BFB05F636
:10D4800003FB0E66A5FB03852E4408F0010E05255F
:10D49000AEFB055E2D184FEA5808303504F8015CE4
:10D4A00048EAC6780CF1010C013C7608002FD2D076
:10D4B00099F800008445CED1BCF1FF0FCBD00A2AE9
:10D4C00071F1000180F098810A9DCDF8689058AB09
:10D4D0001B1BDDF81C80DDF83490CDF84CC0AB464A
:10D4E0000A93FFF7E1BA00BF041701001817010003
:10D4F0002C17010044170100CDCCCCCC0123C9F876
:10D5000004302D9BBA4AC9F8002001330136072B9D
:10D510002E962D9300F38C8109F10809002940F023
:10D52000BE80139A0BF0010313433FF4D8A8179B56
:10D5300019999A19C9E900132D9B2E920133072BD3
:10D540002D9300F36E8209F108091399C9F8004080
:10D5500001338E18072BCDE92D36C9F804107FF75B
:10D56000BCA8FFF7F1BB0C991E932CAA504601F002
:10D570005BFF00287FF499AB9DF887202E9E1E9BB1
:10D580000DF1BC09FFF76AB8C246FFF78EBB1BF06E
:10D59000400200F0B8800E9850F8042B0E90194607
:10D5A00092B240E60C992CAA504601F03DFF0028AB
:10D5B0007FF47BAB2E9E0DF1BC09FFF7BCBA2AAEFF
:10D5C0000822002130462594FDF7F2FF089B5A1CE3
:10D5D00000F0D4800025CDF81C80CDF834B0A846EA
:10D5E0009B460CE03FA9504601F0D6FE431C404448
:10D5F00000F0B883584508DC00F035848046259A51
:10D60000525933460435002AECD1CDF82880DDF894
:10D6100034B0DDF81C80BEE0164601332644072BEB
:10D62000C9F80050C9F80440CDE92D367FF755A858
:10D63000FFF78ABB2CAA4146504601F0F5FE0028B0
:10D640007FF433AB38782E992FAA9FE60C992CAA39
:10D65000504601F0E9FE00287FF427AB2E9E0DF125
:10D66000BC09FFF723B8012B5D467FF409AAFFF739
:10D67000B9BB0E9B099953F8042B444611600E93D5
:10D68000FEF7D6BE164601372644072FCDE92D7684
:10D69000C9F80050C9F804407FF747AB91E4179BE5
:10D6A00019989A19C9E900032D9B2E920133072B73
:10D6B0002D9300F3B68109F108090029BFF645AFA3
:10D6C0004F4210314B4D80F2888349461026A146C7
:10D6D0000C9C04E00831103F102F40F37C83013391
:10D6E0001032072BC1E90056CDE92D32F2DD2CAA0C
:10D6F0002146504601F098FE00287FF4D6AADDE9C5
:10D700002D322FA9E7E70E9B1BF400711ABF1146BB
:10D7100053F8042B53F8042B0E9318BFD2B282E5B2
:10D720000E9B1BF400711ABF114653F8042B53F8DB
:10D73000042B0E9318BFD2B2FFF753B90E9B15F40A
:10D7400000711ABF114653F8042B53F8042B0E93A3
:10D7500018BFD2B20123FFF7E1B8344616460133B1
:10D760003E44072BCDE92D36C9F80050C9F80470A6
:10D7700000F34A8109F10809FFF7B3BB00231946FA
:10D78000009625AA504601F02DFE034601330A906B
:10D7900000F0E88225940A9B002B3DD0632B00F318
:10D7A000298100230D933FAC082200213046FDF76C
:10D7B000FFFE0A9D00962B4625AA2146504601F001
:10D7C00011FE854240F0C4830A990E9700236354EA
:10D7D00021EAE1719DF8872008930791129316932F
:10D7E0001193FEF7DBBF2D228DF88720FEF7C5BF12
:10D7F000E00D0100441701001D9B1C99E41A1A4614
:10D800002046FDF727FF99F80120A54B0AB109F141
:10D8100001094FF0000C22E60A9B9DF887200E9725
:10D82000CDE907331293169311930D93FEF7B6BF0C
:10D830000C992CAA504601F0F7FD00287FF435AA78
:10D8400023992E9E0DF1BC0968E6139A0A99A51832
:10D850006D1AD41AA542A8BF2546FFF777BB13F966
:10D86000042B0E93D1170B46FFF707B80E9B0999AF
:10D8700053F8042B0E9311804446FEF7D9BD089B44
:10D880000A9302232AA9049125A90A9D039123A999
:10D8900000933A46334601950291504600F020FE2F
:10D8A000079B472B044600F0A381462B054405D176
:10D8B0000378302B00F0B882239B1D443846314654
:10D8C00000220023FCF77AF9002800F066812B463D
:10D8D0001B1B1393079B472B00F04A81079B462B8A
:10D8E00000F00082239B1193119B079A013B412A70
:10D8F000239300F023829DF840200021002BB8BF25
:10D90000119B8DF89820BABFC3F101032D222B2261
:10D91000092B8DF8992040F34F820DF1AF05614E30
:10D920002A46104686FB0321DA17C2EBA10202EB5E
:10D930008201A3EB4101303100F8011C1946632933
:10D94000134600F1FF32ECDC3033D9B2831E9D4226
:10D9500002F8011C40F2E98213460DF19A0201E03F
:10D9600013F8011B02F8011B9D42F9D10DF1B1031F
:10D970000DF19A021B1A134426AA9B1A1B93139BA0
:10D980001B9A012B1A440A9240F349820A9B179A68
:10D9900013440A930F9B0A9A23F4806343F4807B19
:10D9A00022EAE272002312930792169311931E9BB0
:10D9B000002B40F0EB809DF887200893FEF7EEBE29
:10D9C00020460E97FDF71CFF119B089320EAE0719B
:10D9D000129316930D9373239DF887200A90079155
:10D9E0001093FEF7DBBE0C992CAA504601F01CFDEB
:10D9F000FEF7F8BD591C5046FCF7BAFE0446002855
:10DA000000F0B0810D90CFE60C992CAA504601F0A1
:10DA10000BFD00287FF449A92E9E0DF1BC09FFF7EC
:10DA200060BA0C992CAA504601F0FEFC00287FF445
:10DA30003CA9DDE92D3223990DF1BC093DE6062311
:10DA40000893FFF7A0BB089B01330A93022319E751
:10DA5000089B0A93032315E73846314623AA00F0B2
:10DA600017FC00224FF07F53FBF740FE00220023FB
:10DA700006460F46FCF7A2F808B1012323930A4B90
:10DA80000A93089BCDF84C90013BCDE9118B2546BC
:10DA9000DDF828B0CDF858A098461F940DE000BFDF
:10DAA000CDCCCCCC67666666181701000022002337
:10DAB00008F1FF38FCF782F8E8B9AE4B0022304697
:10DAC0003946FBF713FE0F460646FCF7BFF804463F
:10DAD000FBF7A2FD0B46024639463046FBF74EFCEB
:10DAE0001BF80430B8F1FF3FAA46C14605F8013BD8
:10DAF00006460F46DAD1A04B002230463946DDE912
:10DB0000118BCDF84490DDF84C90CDE912A4DDF8EE
:10DB100058A01F9CFCF77AF8002840F03181964B02
:10DB2000304639460022FCF749F818B1139BDE074E
:10DB300000F12681119B002B07DB119B01332B4445
:10DB4000302205F8012BAB42FBD12B1B1393C1E60E
:10DB5000109C139BDDF828B0DDF83C801A97E31881
:10DB60009D4228BF1D4691460E460A95FFF7C0B953
:10DB7000239B1193DD1C02DB089A934219DD109B55
:10DB8000023B109323F020030793ADE62D220023E0
:10DB90008DF887200893FEF704BE2A9BAB42BFF4A2
:10DBA00097AE30215A1C2A9219702A9B9D42F9D8AF
:10DBB0008EE6119B139A9342C0F2C5800F9B13F01F
:10DBC000010F119B00F04D81179A13440A930F9B8C
:10DBD000590503D5119B002B00F356810A9B23EABC
:10DBE000E373079367231093002312931693DEE6E3
:10DBF0000F9BDB0700F19F802A9B69E62CAA414618
:10DC0000504601F011FC00287FF44FA838782E9977
:10DC10002FAA0544FFF7C1BB78238DF88930302344
:10DC20008DF888304BF002030F93089B632B00F3B1
:10DC3000ED8000230D933FACDDE914121346002B59
:10DC40004BF4817B67DB1E46109B23F02003079378
:10DC500000230F461E93109B612B7FF4A4AA384625
:10DC6000314623AA00F014FB00224FF07F53FBF74C
:10DC70003DFD0022002306460F46FBF79FFF08B13B
:10DC8000012323933D4B0A93FBE60C992CAA5046A3
:10DC900001F0CAFB00287FF408A82E9E0DF1BC09F4
:10DCA000FFF718B90C992CAA504601F0BDFB0028CB
:10DCB0007EF4FBAF239B2E9E0DF1BC09FFF72EB91E
:10DCC0005823AAE70C992CAA504601F0ADFB002876
:10DCD0007EF4EBAF239C139B2E9E1C1B0DF1BC0905
:10DCE000FFF734B9239A0F9B1192002A03F0010326
:10DCF00040F3088108990B4340F0FD80119B0A9383
:10DD0000662310930F9B5A0500F1C0800A9B23EAFB
:10DD1000E373079368E7109B23F020030793DDE983
:10DD2000142303F100462D2317461E9393E7002288
:10DD30000892FEF7AABB0A9D2544BFE5109A0F3250
:10DD4000D2B20121DAE5139B179A9A18119B0A9215
:10DD5000002B40F38F8067231093D3E79B4600236B
:10DD60000D93DCE70C9AB2F90C3043F04003938139
:10DD7000FEF73BBC000030400000E03F041701000C
:10DD8000129B0A9A2A93D17B15F8013C8B422A46B2
:10DD900009D1302002F8010C2A9A531E2A9312F856
:10DDA000013C9942F6D0392B0BBF0A9B01339B7A79
:10DDB000DBB202F8013CC8E6002940F08C8030223A
:10DDC0008DF89A200DF19B02303302F8013B26AB0F
:10DDD000D31A1B93D3E54C46894601333A44072BAB
:10DDE000CDE92D32C9F80050C9F804707FF7ABAB0C
:10DDF0000C992CAA504601F017FB00287EF455AF71
:10DE0000DDE92D320DF1BC09FFF79FBB591C5046CF
:10DE1000FCF7AEFC04460028A4D00D900CE70F9B45
:10DE2000D8077FF5B7ADB1E538463146002200236B
:10DE3000FBF7C4FE00287FF43FAD0A9BC3F101034A
:10DE400023933AE5159B4A4C002BB4BF2D229DF835
:10DE50008720484BB8BF8DF887202BF0800BFEF74A
:10DE600090BC0A93B3E6089BDDF81C80DDF834B063
:10DE70000A9390E4C3F101031A4422EAE273079380
:10DE800067230A921093AFE6672310931A990B78D1
:10DE9000FF2B59D00025119A284603E001300131AB
:10DEA000FF2B08D0934206DAD21A4B78002BF5D11B
:10DEB0000B780135F4E711921A9116901295129A87
:10DEC000169B1D9913440A9A01FB03230A9323EA24
:10DED000E37307936BE50DF19A0275E7089B0793CF
:10DEE0000A9373239DF887200E970890129016903E
:10DEF0001093FEF753BC179BD518294466230A914B
:10DF00001093FFE6089A134305D101236622079375
:10DF100010920A9368E6179B5D1C2A4422EAE2737A
:10DF2000079366230A9210935EE602231B9326E56D
:10DF30000E9A98F80130884652F8041B0E9241EA76
:10DF4000E1710891FEF79FBA002312931693B6E78A
:10DF50000C9A938943F040039381FEF7A6BE0C23ED
:10DF6000CAF800304FF0FF330993FEF745BB00BFFE
:10DF7000FC1601000017010070B500294BD00646C1
:10DF80000C4610B1436B002B48D0636ED80734D5D4
:10DF9000B4F90C30002B3ED02146304600F050F84A
:10DFA000E36A054633B1E169304698470028B8BFB7
:10DFB0004FF0FF35A3891A063CD4216B41B104F11F
:10DFC0004003994202D03046FDF72CFD0023236325
:10DFD000616C21B13046FDF725FD00236364FDF738
:10DFE000D5F9636E0022DB07A2811FD5A06DFDF776
:10DFF000FBFBFDF7D1F9284670BDA3899905CBD469
:10E00000A06DFDF7F3FBB4F90C30002BC4D1656EA5
:10E0100015F0010505D00025284670BDFDF798F9DB
:10E02000B3E7A06DFDF7E4FB284670BDA06DFDF7DA
:10E03000DFFBDBE721693046FDF7F4FCBDE700BFFD
:10E04000B1F90C20F8B50C461107074642D46368B5
:10E0500042F40062002BA28159DDA56A002D54D044
:10E0600000233E683B6093B212F4805253D1E169C1
:10E0700001233846A847421C63D0A389A56A5B07E1
:10E0800005D56368C01A236B0BB1E36BC01AE16955
:10E09000024600233846A847411C3ED13B68002B6E
:10E0A0003BD01D2B01D0162B52D1A38922692260AF
:10E0B00023F4006300216160A381216B3E6021B3E2
:10E0C00004F14003994202D03846FDF7ABFC002032
:10E0D0002063F8BD2669C6B193B2256826609A0709
:10E0E0000CBF63690023AD1BA3600CE0D4F824C00F
:10E0F000E1692B4632463846E047B0F1000CA5EB0B
:10E100000C05664416DD002DF0DC0020F8BDE36B45
:10E11000002BA2DCF9E7206DB1E7B4F90C302269DD
:10E12000226023F40063A3810022DB046260C4D573
:10E130002065C2E7A38943F040034FF0FF30A3817D
:10E14000F8BD3B68002B98D01D2B06D0162B04D0B1
:10E15000A38943F04003A381F8BD3E60D5E700BF2B
:10E1600038B50C46054608B1436B03B3B4F90C004F
:10E1700088B1636EDB0701D481050FD5284621469F
:10E18000FFF75EFF636EDA07054602D4A3899B059D
:10E1900008D5284638BD0546284638BDA06DFDF790
:10E1A00025FBEBE7A06DFDF723FB284638BDFDF707
:10E1B000CFF8DBE700487047AC8DFF1F38B5074D3F
:10E1C000074C2C1BA41005D0013C55F8043D984782
:10E1D000002CF9D1BDE8384003F030BB000000004E
:10E1E00000000000FFFFFFFFFFFFFFFFFFFFFFFF3B
:10E1F00001F0FF01102A2BDB10F0070F08D010F8F8
:10E20000013B013A8B422DD010F0070F42B3F6D1FB
:10E21000F0B441EA012141EA014122F007047FF014
:10E2200000070023F0E80256083C85EA010586EA6B
:10E23000010685FA47F5A3FA87F586FA47F6A5FAA7
:10E2400087F68EB9EED1F0BC01F0FF0102F00702B3
:10E2500032B110F8013B013A83EA010313B1F8D15E
:10E260000020704701387047002D06BF354603383F
:10E27000073815F0010F07D1013015F4807F02BF78
:10E28000013015F4C03F0130F0BC0138704700BFC9
:10E29000DFF860C0F8B521F000430027634504466D
:10E2A0000D461646176022DC844653EA0C0C1ED03D
:10E2B000DFF844C001EA0C0C0A46BCF1000F09D19A
:10E2C0000E4B0022FBF712FA6FF0350704460A46A0
:10E2D00021F0004322F0FF421B1522F4E002A3F2DA
:10E2E000FE3342F07F553B4445F400153360204631
:10E2F0002946F8BDFFFFEF7F0000F07F000050438C
:10E3000000B50B4C25681446EE681A4685B00346E6
:10E310000D464CB107490095CDE901143046064938
:10E3200001F06EF8F7F7EAFF04490C46F3E700BF87
:10E33000488FFF1F54170100641701006017010088
:10E3400038B5A1FB02148CBBFCF712FA0546E0B10C
:10E3500050F8042C22F00302043A242A17D8132A76
:10E360001AD91B2AC0E900441DD9242A14BF00F180
:10E37000100200F118024FF00003C0E9024404BF8C
:10E3800004614461C2E900339360284638BD2146E8
:10E39000FDF70EF9284638BD02460023C2E90033D6
:10E3A0009360284638BD00F10802F6E7FDF7F0F962
:10E3B0000C2300250360E8E72DE9F04F03690C69A1
:10E3C000A34283B0C0F28880013C01F11405A30090
:10E3D00000F11408009355F8243058F82420013334
:10E3E0008A469A4208EB8401814605EB8407019135
:10E3F000B2FBF3F63AD34FF0000CAE46404662460D
:10E4000063465EF804BB01681FFA8BFC06FB0C3305
:10E410004FEA134C4FEA1B4B06FB0BCC9BB2D31AB3
:10E420001FFA8CF213FA81F3C2EB114202EB234282
:10E430009BB243EA0243774540F8043B4FEA22424D
:10E440004FEA1C43DDD2009B58F8033073B9019B9F
:10E45000043B984504D307E0984504F1FF3403D208
:10E4600053F80429002AF7D0C9F81040514648460D
:10E47000FDF778FE00282BDB01364146002355F8D6
:10E48000040BD1F800C082B29A1A030C12FA8CF273
:10E49000C3EB1C4303EB224392B242EA0342AF4276
:10E4A00041F8042B4FEA2343E9D258F8242008EB23
:10E4B00084036AB9043B984504D307E0984504F106
:10E4C000FF3403D253F80429002AF7D0C9F81040CA
:10E4D000304603B0BDE8F08F002003B0BDE8F08FF8
:10E4E0002DE9F04F816B99B090469946CDE90489AA
:10E4F000259D044641B1C26B4A60012393408B6065
:10E50000FDF7D2FB0023A363B9F1000AB4BF0123D6
:10E5100000232B60764BBCBF2AF0004ACDF814A034
:10E5200033EA0A0300F0AB80DDE904231046194604
:10E5300000220023CDE90A01FBF740FB074678B132
:10E54000249A01231360269B002B00F0AE83694BB5
:10E55000269A1360013B0393039819B0BDE8F08F2E
:10E5600016AB019317AB00932046DDE90A23FDF7B4
:10E57000C3FE5FEA1A56054640F09780DDE916763D
:10E580003E4406F23243202B40F3A683C3F14003FE
:10E590000AFA03FA06F2124328FA03F04AEA0000E4
:10E5A000FBF72AF80123013EA1F1F8710F93524BBA
:10E5B0000022FAF7E3FE48A3D3E90023FBF796F81D
:10E5C00047A3D3E90023FAF7DBFE804630468946AD
:10E5D000FBF722F844A3D3E90023FBF787F80246B0
:10E5E0000B4640464946FAF7CBFE80468946FBF784
:10E5F0002DFB00228346002340464946FBF7E8FAFC
:10E60000002840F04583BBF1160F00F234833B4BEA
:10E6100003EBCB03D3E90023DDE90A01FBF7D8FACA
:10E62000002871D00023BF1B0E937B1E0BF1FF3B14
:10E63000069300F1278300230993BBF1000F6ADAE8
:10E64000099BCDF81CB0A3EB0B030993CBF100039E
:10E650000D93229B092B4FF0000B65D8052B40F33F
:10E660003983043B22930026229B023B032B00F2BA
:10E670006786DFE813F04E044B0442042504249A15
:10E68000CAF3130A42F20F735AEA080A13601AD146
:10E69000269B002B00F06386194B03930833269AC0
:10E6A0000398136019B0BDE8F08FDDE90A12C2F3D8
:10E6B0001303084643F07F510F97A6F2FF36169FCB
:10E6C00041F4401173E7269B002B40F0DB830D4B98
:10E6D000039341E7AFF3008061436F63A787D23FA5
:10E6E000B3C8608B288AC63FFB799F501344D33F41
:10E6F0000000F07FE10D01000000F83F201601004E
:10E7000094170100A0170100BF1B7B1E069300F1A8
:10E710007E840E900990069B5B44CDE9063B002366
:10E720000D93229B092B99D90023CDE92233012691
:10E730004FF0FF330C960893089B12930021E1637E
:10E740002046FDF78BFA0390002800F00186039B1A
:10E75000A363089B0E2B00F21381002E00F01081A2
:10E760000799002940F35584AE4B01F00F0203EBEB
:10E77000C2034FEA2118C905D3E9006740F11184AB
:10E78000A94BDDE90A01D3E90823FBF7D9F8CDE964
:10E79000100108F00F084FF0030AB8F1000F13D072
:10E7A000DFF8849218F0010F09D030463946D9E9D4
:10E7B0000023FAF79BFF0AF1010A06460F465FEABB
:10E7C000680809F10809EDD1DDE9100132463B4640
:10E7D000FBF7B6F8804689460E9B43B1934B002267
:10E7E00040464946FBF7F4F9002840F02A85504698
:10E7F000FAF712FF42464B46FAF778FF8C4B00229D
:10E80000FAF7BEFDA1F15073CDE910011193089BF9
:10E81000002B00F09980079B1493089B13930C9B8B
:10E82000002B00F0A584139A7E4B8249039E03EBD4
:10E83000C20353E902230020FBF782F8DDE910232D
:10E84000FAF79CFDCDE9100149464046FBF7FEF979
:10E850000746FAF7E1FE02460B4640464946FAF7FC
:10E860008DFD30378046894602460B4606F8017B0F
:10E87000DDE91001FBF7CAF9002840F02785CDF843
:10E8800054B00027DDE910AB1095139D13942AE0D6
:10E890000137AF4280F22A85674B50465946002225
:10E8A000FAF724FF644B002282468B4640464946D5
:10E8B000FAF71CFF89468046FBF7C8F90446FAF7C9
:10E8C000ABFE02460B4640464946FAF757FD303448
:10E8D00006F8014B52465B4680468946FBF778F9BD
:10E8E000002840F0F18442464B4650490020FAF798
:10E8F00045FD52465B46FBF76BF90028C8D0DDE9C1
:10E900001343109D039A079302E0B24200F0C684BD
:10E91000B14616F8013D392BF7D00133DBB2337025
:10E92000079B0133079392E15046FAF775FE424682
:10E930004B46FAF7DBFE3E4B0022FAF721FDA1F130
:10E940005073CDE9100111933C4B404649460022DB
:10E95000FAF714FDDDE9108942464B4606460F469C
:10E96000FBF754F98246002840F0A884424609F19A
:10E97000004330463946FBF72BF9002840F0458329
:10E98000179B002BC0F28C80079A0E2A00F3888018
:10E99000244B03EBC203D3E900AB239B002B1BDA10
:10E9A000089B002B18DC40F02E83244B504600229D
:10E9B0005946FAF79BFE02460B46DDE90A01FBF7D2
:10E9C00011F9DDF820A05646002800F0B982239BFB
:10E9D000DDF80C80DF43BBE2DDE90A7852465B4696
:10E9E00038464146FAF7ACFFFBF730F9814609900B
:10E9F000FAF712FE52465B46FAF778FE039E0B4684
:10EA0000024641463846FAF7B9FC09F1300306F8E8
:10EA1000013B089B012B00F05C83069401270495C1
:10EA20001C462AE020160100F81501000000F03F06
:10EA300000001C400000E03F0000244000001440A3
:10EA400052465B4640464946FAF77AFFFBF7FEF826
:10EA50000546FAF7E1FD52465B46FAF747FE0137F5
:10EA60000B46024649464046FAF788FC05F130035A
:10EA7000A74206F8013B00F02983A54B0022FAF7D4
:10EA800035FE0022002380468946FBF797F80028D0
:10EA9000D6D0049D069C079B01330793B146D6E070
:10EAA0000C9A002A00F00781229A012A40F39482EE
:10EAB000089B03F1FF380D9B434580F25E820D9B5E
:10EAC000CDF83480A8EB03039B444FF00008089B6B
:10EAD000002BC0F22F83069A1A440692099A174611
:10EAE0001A44099201212046FDF788F9064667B1CC
:10EAF000069900290B4608DD099AB942A8BF3B4692
:10EB0000D21AFF1ACB1A099206930D9B63B10C9B84
:10EB1000002B00F0B682B8F1000F00F331820D9B9C
:10EB2000B3EB080240F0168301212046FDF766F999
:10EB3000BBF1000F824600F3D480229B012B40F3EF
:10EB4000A7814FF000090120BBF1000F40F0D580F4
:10EB5000069B184410F01F0000F09881C0F12003BC
:10EB6000042B00F3AD8040F02482099B002B05DDCF
:10EB700029461A462046FDF77DFA0546069B002BDE
:10EB800005DD51461A462046FDF774FA82460E9B73
:10EB9000002B40F05C81089B002B40F343810C9BD1
:10EBA000002B40F0C680079B01330793DDF80C80F3
:10EBB000DDF82090012707E0294600230A2220469D
:10EBC000FDF77CF80137054651462846FFF7F4FB70
:10EBD000B94500F1300308F8013BEDDC089A002A42
:10EBE000C8BF9346039AD8BF4FF0010B9344002748
:10EBF0002946012220460493FDF73CFA514605467A
:10EC0000FDF7B0FA002840F3DC811BF8013C039AC1
:10EC10000BF1FF3B04E05A4500F0EE811BF8013D8B
:10EC2000392B0BF10109F6D001338BF80030514636
:10EC30002046FDF739F856B12FB1B74203D0394617
:10EC40002046FDF731F831462046FDF72DF82946DC
:10EC50002046FDF729F8002389F80030249B079A05
:10EC60001A60269B002B3FF477AC0398C3F8009002
:10EC700019B0BDE8F08F0123BF1B0E937B1E0693D6
:10EC80007FF5D9ACC7F10103099300230693D4E4BF
:10EC90005846FAF7C1FC42464B46FAF78FFF002868
:10ECA0007FF4B1AC0BF1FF3BADE41A4B0393039837
:10ECB00019B0BDE8F08FDDF83480099F0C9E16E78F
:10ECC000C0F11C00099B03440993069B03440744BD
:10ECD00006934AE70126C7E4C3F1200308FA03F0CC
:10ECE0005EE401465A462046FDF764F9229B012B5B
:10ECF000824640F3BA814FF00009DAF810300AEB8F
:10ED000083031869FDF72AF8C0F1200020E700BF4F
:10ED100000002440E00D0100314600230A22204675
:10ED2000FCF7CCFF129B002B064640F3F382CDE9A3
:10ED30000783002F00F31A81B9F1000F40F0E3813F
:10ED4000B046049B039F089903F001027B1E1944FF
:10ED5000229B0C92134309910A9351462846FFF7D0
:10ED60002BFB314683462846FDF7FCF942465146C7
:10ED700081462046FDF716FAC26801460BF13003C2
:10ED8000002A42D1069028460893FDF7EBF9069930
:10ED900004902046FCF788FF049A089B1AB90A9948
:10EDA000002900F0A982B9F1000FC0F27181229907
:10EDB00049EA01090C9951EA090900F06981002A20
:10EDC00000F3BC81099A3B7007F101099742CB46D9
:10EDD00000F0BA81294600230A222046FCF76EFF84
:10EDE0004645054631464FF000034FF00A022046E3
:10EDF00012D0FCF763FF4146064600230A22204654
:10EE0000FCF75CFF4F468046A7E720460493FCF7DB
:10EE10004BFF049B0122C6E7FCF750FF4F46064616
:10EE200080469AE7229B022B79DC0C9B002B80D139
:10EE3000079B5146013328460793FFF7BDFADDF8DB
:10EE40000CB000F130030BF8013B0027D0E651462F
:10EE50002846FDF787F90028BFF69DAE2946002316
:10EE60000A222046FCF72AFF079B03F1FF380C9B80
:10EE70000546002B7FF450AF129B002B40F34382DA
:10EE8000089393E6B64B0393033308E41C2019E779
:10EE9000DDE9041200297FF454AEC2F31303002B02
:10EEA0007FF44FAEAF4B1340002B00F00B82099B59
:10EEB00001330993069B013306934FF0010942E6A3
:10EEC00001230C93239B079A134412930133012BC4
:10EED0001F460893B8BF01270021172FE1637FF772
:10EEE0002FAC012204235B0003F11400B842114649
:10EEF00002F10102F7D9E16322E401230C93239B81
:10EF0000002B59DD129308931F46E5E700230C936D
:10EF1000D8E700230C93F2E7129BCDE90783089B07
:10EF2000002B7FF454AD514605222046FCF7C6FE67
:10EF3000014682462846FDF715F900287FF747ADC0
:10EF4000039B079F3122984603F8012B0137039357
:10EF500051462046FCF7A8FE7B1CDDF80C90079379
:10EF6000CDF80C80002E7FF46EAE70E631463A4646
:10EF70002046FDF77FF80646DEE6A3EB0808A6E587
:10EF8000314642462046FDF715F82A460146064618
:10EF90002046FCF761FF294605462046FCF784FE23
:10EFA000BDE5DDE90A234FF0020ACDE91023FFF7A2
:10EFB000F4BBC0F13C0085E6012323930893FFF7DF
:10EFC000BBBB03D1049BDB073FF51FAED9461BF843
:10EFD000013D302BFAD02AE60F9A002A00F02D814D
:10EFE00003F23343069ADDF834801A440692099AF4
:10EFF00017461A44099275E5079B039A0133079354
:10F000003123137013E64FF0000A5646DFE40E90EA
:10F0100038E600F03D81079A534B564206F00F0246
:10F0200003EBC203D3E90023DDE90A01FAF75EFB33
:10F0300036118046894600F078814C4F00234FF00E
:10F04000020AF20706D5D7E90023FAF74FFB0AF1C7
:10F05000010A0123761007F10807F2D1002B3FF4D3
:10F06000BBAB80468946FFF7B7BB049B002B7FF400
:10F0700042AEDDE90412C2F31303002B3FF412AFDA
:10F0800039E629460D9A2046FCF794FF05464BE5E4
:10F09000002A12DD2946012220460493FCF7EAFFEC
:10F0A00051460546FDF75EF80028049B40F31881A1
:10F0B000392B00F0F9800BF13103B94609F8013B17
:10F0C000079B0133374607934646B0E50995069CF2
:10F0D000049D02460B46FAF753F952465B468046BA
:10F0E0008946FAF793FD60B952465B464046494669
:10F0F000FAF764FD00283FF4CEAC099BD9077FF5F1
:10F10000CAAC039A04E471682046FCF7A7FD0746E1
:10F11000002800F00E81336902339A0006F10C01D9
:10F120000C30F6F7BFFF394601222046FCF7A2FF5C
:10F13000804606E6DDE908239F1AD3E4392B00F068
:10F14000B380B9460133B9E7079A013237460792CF
:10F1500046464DE529462046FCF72CFF0546E3E4EC
:10F16000A01701000000F07F20160100F815010033
:10F17000DDF84CA0814901EBCA01DDE9102351E91A
:10F180000201FAF7B3FACDE9100149464046FAF711
:10F190005DFD0646FAF740FA0B46024649464046F0
:10F1A000FAF7ECF8039F53463036012B07F8016B52
:10F1B0008046894600F0B780139E039B1E44704B27
:10F1C000002240464946FAF791FA89468046FAF706
:10F1D0003DFD8246FAF720FA0AF1300A02460B4654
:10F1E00040464946FAF7CAF807F801ABBE428046E6
:10F1F0008946E4D1634B0022DDE91001FAF7C0F83B
:10F2000042464B46FAF7E4FC002864D1DDE91023BE
:10F210005C490020FAF7B2F842464B46FAF7F6FC92
:10F2200000283FF4ADABB146013E19F8013C302B4C
:10F23000F9D0149B0133079309E5169BC3F13603FC
:10F24000D0E6089B002B3FF46FAB129B002B7FF79F
:10F2500097AB079A013ACDE913324046484B00225A
:10F260004946FAF743FA804689460AF10100FAF75F
:10F27000D3F942464B46FAF739FA434B0022FAF7E4
:10F280007FF8A1F15073CDE910011193FFF7C7BAD0
:10F29000DDE90A894FF0020AFFF79EBA079B0133A6
:10F2A00007933123FFF73BBB079BBB460133079313
:10F2B000392337460BF8013B4646A8E44FF0000AD5
:10F2C00056463DE699463EE4109D139C149B01333F
:10F2D0000793B146BBE4149B039A0793FFF718BB4F
:10F2E0007FF4EBAEDA077FF5E8AEE1E6DDF854B087
:10F2F000109D139CFFF744BB392BD5D0B9F1000FFB
:10F300003FF7D9AED9E6229B022B3FF705AECDF8E9
:10F310001C808DE5229B022B3FF7FEAD129BCDF8A2
:10F320001C80089305E53E4664E74FF0020AFFF7AC
:10F3300053BA164B16483A4640F2EF21FEF7E0FF6B
:10F340000026E66331462046FCF788FC039050B95E
:10F350000E4B0F48002240F2AF11FEF7D1FF0D4BCC
:10F360000393FFF7F9B8039BA3634FF0FF331293A6
:10F370000893012323960C93FFF702BB201601008C
:10F38000000024400000E03F00001C408815010000
:10F39000A41701009417010070B5054684B05BB155
:10F3A0001C4669B10E4B2846D3F8E0602346B047AF
:10F3B000431C0FD004B070BD00F582740029F1D158
:10F3C000074A2346D2F8E06028460A4601A9B0471A
:10F3D000431CEFD100228A2322602B6004B070BD51
:10F3E000BC8CFF1F00B583B0DDF810C0CDE9003C38
:10F3F0004FF0FF3301F0B6FB03B05DF804FB00BF34
:10F400000EB410B583B005AB064C53F8042B019332
:10F410000146206800F0C4F803B0BDE8104003B016
:10F42000704700BF488FFF1F2DE9F04F93681768A2
:10F4300083B09246002B70D081468A6808680C46DB
:10F44000083743E0A38913F4906F2ED0D4E9041653
:10F45000A0EB010806EB460606EBD67608F10100A4
:10F4600076102844B042324684BF064632465B05D9
:10F4700037D511464846FBF77BF9019000283AD072
:10F4800042462169F6F70EFEA289019B22F49062A2
:10F4900042F08002A281A6EB080203EB080066613D
:10F4A000A260236120602E46A84642465946FCF7DA
:10F4B00003F8DAF80830A2682068921B40445B1B0E
:10F4C000A2602060CAF808303BB3083757E902B59C
:10F4D000002DFAD0AA4216469046B3D92E46A84629
:10F4E000E3E74846FBF700FC03460028D3D1216937
:10F4F0004846FCF797FAA3890C2243F04003C9F869
:10F5000000204FF0FF30A38100220023CAF808201A
:10F51000CAF8043003B0BDE8F08F00200023CAF819
:10F52000043003B0BDE8F08F2DE9F84F4B6E9C041A
:10F5300090462DD59368126843B38B46064602F178
:10F54000080959E9025A5FEA9A0715D0043D0024D8
:10F5500001E0A7420ED055F8041F5A46304601F08C
:10F5600051FA431C04F10104F3D10023C8E901332B
:10F57000BDE8F88FD8F808302AF0030AA3EB0A0395
:10F58000C8F8083009F10809002BDAD10020ECE7AF
:10F5900001F008F80023C8E90133BDE8F88F00BF87
:10F5A0002DE9F04FC5B00DF1500A83460391164680
:10F5B0000021082250461C460793FBF7F9FFBBF1D8
:10F5C000000F04D0DBF83430002B00F0A186039A42
:10F5D000536EDB0740F11C85B2F90C108AB295041A
:10F5E00009D4039B41F4005199818AB219465B6E9C
:10F5F00023F400534B66100740F10481039B1B6901
:10F60000002B00F0FF8002F01A030A2B00F00881A3
:10F610000023CDE91933CDE90D331BAA0B931892C2
:10F6200091460C930593B0464446A64BD3F8E4505C
:10F63000FCF742F82246034612A9CDF800A058462E
:10F64000A847002800F04081C0F23381129A252A91
:10F65000034601D01C44E8E7B4EB0806054640F039
:10F660003781002361788DF8433004F10108069357
:10F670004FF0FF371E462B2408F10108A1F12003AB
:10F680005A2B00F26581DFE813F09F0263016301EA
:10F690009A026301630163016A0063016301670207
:10F6A000770263017202810263017C025B005B00EE
:10F6B0005B005B005B005B005B005B005B00630169
:10F6C000630163016301630163016301630163011A
:10F6D0004602840063016301630163016301630106
:10F6E0006301630163016301E2006301630163017C
:10F6F0001D026301C4026301630194056301630198
:10F7000063016301630163016301630163016301D9
:10F7100046028600630163016301B70286007F0031
:10F720006301AA026301E702E400D7027F006301DC
:10F730001D027C00720563016301740563017C0096
:10F74000A1F13003002218F8011B02EB820203EB47
:10F750004202A1F13003092BF5D906928EE75846F3
:10F76000FEF728FD43680D931846FCF749F80E9004
:10F7700005465846FEF71EFD83680C93002D40F0A9
:10F78000DF8498F8001077E798F8001046F020061C
:10F7900072E746F01006B40640F17881079B073304
:10F7A00023F007031A46596852F8083B07920A46A5
:10F7B0000029C0F27A84791C00F0A78526F0800128
:10F7C000029153EA020100F048840A2B72F1000111
:10F7D00080F0498530338DF80F31029E0123049368
:10F7E0000DF20F14049BBB42B8BF3B4602930023AB
:10F7F00008939DF84330002B00F0B880029B013342
:10F800000293B3E0039D5846294601F03FF80028D3
:10F8100040F05686AA8902F01A030A2B7FF4F8AE4C
:10F820000399B1F90E30002BFFF6F2AE4B6EDB07F9
:10F8300002D4970540F1188603992346324658466C
:10F8400000F070FE0590059845B0BDE8F08F46F0D9
:10F85000100616F0200200F02681079B073323F0E4
:10F86000070319465A6851F8083B079126F480614E
:10F870000291002100208DF84300781C00F00082E6
:10F88000029820F0800653EA020040F0F881002F31
:10F8900040F04385002940F0E483029B13F001030C
:10F8A000049300F0208430238DF80F310DF20F14F3
:10F8B00098E7082200215046FBF77AFE01231C44FA
:10F8C000B3E600BFBC8CFF1FB4EB080605461AD098
:10F8D000199B1A9A01333244072BC9E900861A9200
:10F8E00019931ADD002A00F0B483039918AA584628
:10F8F000FFF71AFED8B90DF16C09059B3344059347
:10F90000002D7FF4AEAE1A9B002B40F0CA85039BFE
:10F910000022B3F90C3019920CE009F10809ECE768
:10F92000B346089B1BB108995846FCF77BF8039B2C
:10F93000B3F90C30039A526E12F0010F9AB200F034
:10F940009C80500600F1C885059845B0BDE8F08F51
:10F950000029D8D000238DF8433001238DF8AC1056
:10F96000029304932BAC002308931F4616F0020366
:10F97000099302D0029B0233029316F084030A9388
:10F9800005D1069B029A9D1A002D00F39482DDE9B1
:10F990001903411C9DF8432082B101220133C9F8AB
:10F9A000042007290DF14302CDE91913C9F80020FD
:10F9B00000F36482084609F108090131099ADAB1B5
:10F9C00011AA0233C9F8002007294FF00202CDE93D
:10F9D0001913C9F8042040F36982002B00F0588302
:10F9E000039918AA5846FFF79FFD002899D1DDE931
:10F9F00019030DF16C09411C0A9A802A00F08281DA
:10FA0000049ABD1A002D00F3E081049AC9F8004061
:10FA100013440729CDE91913C9F8042040F36C8178
:10FA2000002B00F09E82039918AA5846FFF77CFD30
:10FA300000287FF476AF1A9B0DF16C09750705D588
:10FA4000069A0299541A002C00F39582DDE90521EB
:10FA500002988142ACBF521812180592002B40F058
:10FA6000FE81089900231993002900F04881584627
:10FA7000FBF7D8FF0DF16C09D6E59C053FF561AFAA
:10FA8000039CA06DFBF7B4FEA2895AE7F006079A23
:10FA900000F13E83710640F1388332F9043B07924E
:10FAA000DA17114684E616F01003079940F0288310
:10FAB00016F0400000F020831A4651F8043B0791ED
:10FAC0009BB2D3E6079B1A4600238DF843301346BA
:10FAD00053F8044B0293002C00F02D84532900F0BE
:10FAE0008A8316F0100540F086837B1C00F0CC84DE
:10FAF0003A4629462046FEF77BFB0890002800F096
:10FB0000B884031B029A049323EAE3732F460792F7
:10FB1000029308956DE6432902D0F50640F1528321
:10FB2000079D0822002116A82BACFBF741FD16AB60
:10FB300055F8042B21465846FFF72EFC03460133A7
:10FB4000049000F0CE84049B079523EAE3730293AC
:10FB500000238DF8433006E7079B53F8042B0692E9
:10FB6000002A80F2BB82069A5242CDE9062398F819
:10FB7000001046F004067FE598F800108DF8434029
:10FB80007AE598F8001046F0800675E5424612F8CE
:10FB9000011B2A2900F0B084A1F13003092B904603
:10FBA0004FF000073FF66AAD18F8011B07EB870717
:10FBB00003EB4707A1F13003092BF5D95EE598F86F
:10FBC000001046F0010657E59DF84330002B7FF406
:10FBD000D8AD202398F800108DF843304CE598F804
:10FBE00000106C2903BF98F8011046F0200608F1B8
:10FBF000010846F010063FE598F80010682903BF99
:10FC000098F8011046F4007608F1010846F0400625
:10FC100032E546F010030293029B13F0200200F03D
:10FC20002582079B073323F0070319465A6851F8CA
:10FC3000083B079101211DE6079A46F00203029353
:10FC400052F8043B079247F63002ADF84420A14A2F
:10FC50000B92022100220DE6B70600F16782F5063D
:10FC600000F16183740600F1EE83B00540F15B831F
:10FC7000079B059953F8042B07931170D4E402965F
:10FC800001293FF4A2AD022944AC11D10B9803F035
:10FC90000F011B09415C04F8011D43EA02731209BC
:10FCA00053EA0201F3D1029E44AB1B1B049399E576
:10FCB00003F00701DB0843EA4273D208303153EA0C
:10FCC0000205204604F8011DF2D1029EF307EBD590
:10FCD0003029E8D03023023804F8013C44AB1B1A29
:10FCE000029E049304467DE5049B1B9401221C9311
:10FCF0001A9319920DF16C0909F108099EE60DF1AC
:10FD00006C0991E4069A029D551B002D7FF778AE91
:10FD1000102D40F3D383194643460994B846039CFB
:10FD200037465E469B4607E000F1020C09F10809E0
:10FD30001046103D102D1FDD674BC9F80030421CE6
:10FD400010311023072ACDE91921C9F80430EBDD61
:10FD500018AA002900F08C80214630460DF16C096C
:10FD6000FFF7E2FB00287FF4DBADDDE91901103D70
:10FD7000102D00F1010CDFDC5A46099CB3460B46FE
:10FD80003E4647469046544AC9F804502B44BCF1BD
:10FD9000070FCDE919C3C9F8002040F3A781002B54
:10FDA00000F02C83039918AA5846FFF7BDFB0028E2
:10FDB0007FF4B7AD049ADDE91903BD1A002D00F1F7
:10FDC00001010DF16C097FF720AE102D32DD1946CF
:10FDD00043460994B046039C5E4610279B4607E0C5
:10FDE00000F1020C09F108091046103D102D1ADD32
:10FDF000421C394B1031072AC9E90037CDE91921D6
:10FE0000EEDD18AA29B3214630460DF16C09FFF743
:10FE10008BFB00287FF484ADDDE91901103D102D26
:10FE200000F1010CE4DC5A46099C0B46B3466146DE
:10FE300046469046284AC9F804502B440729CDE984
:10FE40001913C9F8002000F3F38009F10809013102
:10FE5000DBE54FF0010C08460DF16C09C5E703998D
:10FE600018AA5846FFF760FB00283FF4FAAD58E5A2
:10FE70004FF0010C08460DF16C095AE7002B00F019
:10FE80000C81039918AA5846FFF74EFB00287FF40F
:10FE900048ADDDE919030DF16C09411C8EE5022323
:10FEA00011AA1C931B9201210DF16C09084609F15E
:10FEB0000809411CA0E5102D40F3E282DDE9191389
:10FEC000184643460F94B846039C37465E469B4609
:10FED0000CE000BF041701001018010001F1020C32
:10FEE00009F108091146103D102D1DDDB24BC9F86E
:10FEF00000304A1C10301023072ACDE91920C9F818
:10FF00000430EBDD18AA30B3214630460DF16C0900
:10FF1000FFF70AFB00287FF403ADDDE91910103D5F
:10FF2000102D01F1010CE1DC5A460F9C0346B3464B
:10FF300060463E46474690469F4AC9F804502B44C7
:10FF40000728CDE91903C9F8002000F3B68009F1AC
:10FF50000809411C1EE501464FF0010C0DF16C092A
:10FF6000C1E7760719934AD5069A0299541A002CCC
:10FF700045DD0DF16C09102C40F39D821999039E0B
:10FF8000102506E0881C09F108091146103C102CC8
:10FF90001ADD4A1C88481033072AC9E90005CDE953
:10FFA0001923EFDD18AA2BB331465846FFF7BCFAE8
:10FFB00000287FF4B6ACDDE91913103C102C01F1D8
:10FFC00001000DF16C09E4DC7B4AC9F804402344CC
:10FFD0000728CDE91903C9F800207FF737AD73B1C1
:10FFE000039918AA5846FFF79FFA00287FF499ACA6
:10FFF0001A9B2BE5012019460DF16C09C6E7DDE9D6
:020000021000EC
:10000000053202998A42ACBF9B185B18059328E51C
:10001000039BB3F90C108F058AB23FF5E0AA1D4689
:10002000986DFBF7E3FBB5F90C108AB2FFF7D7BA6E
:10003000002B3FF459AE039918AA5846FFF774FAFB
:1000400000287FF46EAC19991A9B01310DF16C09EF
:10005000DBE419920DF16C094FE4002F7FF4BAAB89
:10006000029E0027049744ACFFF7BCBB029B13F031
:10007000100354D1029A12F0400000F067810799F2
:100080001A4651F8043B07919BB20121FFF7F2BBDE
:10009000012118460DF16C09AEE4099A002A5ED1DF
:1000A000184601210DF16C09A6E45B4262EB4202A5
:1000B00002962D200121FFF7DEBB002B00F08D8082
:1000C000039918AA5846FFF72FFA00287FF429ACA5
:1000D000DDE919030DF16C09411C5BE498F800108F
:1000E0000793FFF7C9BA44ACFFF77CBB09F10809D5
:1000F0000CF10101604683E416F4007240F0918136
:1001000051F8043B0791FFF7B1BBB30500F18281C1
:1001100052F8043B0792DA171146FFF749BB0799DB
:1001200051F8043B07910121FFF7A4BB079B0598F9
:1001300053F8041B0793C217C1E90002FFF774BA12
:100140000C9B002B3FF41DAB0C9B1B78002B3FF44A
:1001500018AB98F8001046F48066FFF78DBA0223BA
:1001600011AA1C931B9201200DF16C099FE60296C7
:1001700052E5124B0B9316F020025FD0079B07331A
:1001800023F0070318465A6850F8083B0790F40715
:1001900009D553EA020006D08DF84510302146F00B
:1001A00002068DF8441026F4806102910221FFF7C7
:1001B00061BB034B0B93DEE700180100041701003D
:1001C00018170100079B012153F8042B02918DF8A9
:1001D000AC20079304912BACBAE49DF84320002A8D
:1001E00040F02681099A002A7FF459AE1846012171
:1001F0000DF16C0904E40021082216A81394FBF702
:10020000D7F9791C00F0B280002507942C460CE049
:100210002BA95846FFF7C0F8421C204400F061812A
:10022000B84208DC00F065810446139A525916ABB7
:100230000435002AECD10494079CA5E016F01003C5
:1002400007980CD116F0400405D01A4650F8043B2C
:1002500007909BB29BE716F4007240F0D58050F8EF
:10026000043B079093E70299CDF8208001F4806663
:10027000DDF8308004974FF0000C44AC05E00A2B09
:1002800072F1000236D33B462A46DFF890E2991815
:1002900041F10001AEFB010525F0030000EB9500E4
:1002A000091A581A4FF0CC3562F1000705FB00F52A
:1002B0000EFB0755A0FB0E70054407F0010E05204C
:1002C000AEFB000E40187F08303004F8010C47EAFE
:1002D000C5770CF1010C013C6D08002ECFD098F8C9
:1002E00000106145CBD1BCF1FF0FC8D00A2B72F1D1
:1002F00000026CD244AB1B1B049FCDF83080029EE1
:10030000DDF820800493FFF76DBA0296FFF75DBA1F
:100310005846FBF71DF8FFF75AB9012902967FF4FA
:10032000B2ACFFF757BA079B059953F8042B11603D
:100330000793FFF779B9062F3B46029A784C07924C
:1003400028BF062304930293FFF70DBB029B079976
:1003500013F4007214BF51F8043B51F8043B0791A9
:100360001CBF0246DBB20121FFF784BA16AB009333
:100370000023194613AA5846FFF734F80346013301
:10038000049000F0AE801394049B7BB3632B62DC7B
:10039000002308932BAC0822002116A8FBF708F9CC
:1003A000049D16AB009313AA2B4621465846FFF72F
:1003B00019F8854240F0AB80029B049A0793002312
:1003C000A3541F4622EAE2730293FFF712BA0E9B70
:1003D0000D99E41A1A462046FBF73CF998F80130CB
:1003E0000BB108F101084FF0000C4CE7029B07939A
:1003F000049B02931F460893FFF7FBB9012118469F
:100400000DF16C09FFF7FCBA50F8043B0790224647
:10041000DBB2BCE612F9043B0792DA171146FFF78C
:10042000C7B951F8043B07910246DBB2FFF71EBA89
:1004300001231C9301210DF143031B930DF16C0962
:100440000B46FFF7B7BA079B059953F8042B0793A0
:100450001180FFF7E9B8591C5846FAF789F90446A4
:1004600000283ED0089096E7886DFBF7C1F9FFF7AA
:10047000E3B9029B049702970793089FFFF7B9B966
:1004800019981A9B013057E5029B07932046FBF70A
:10049000B7F920EAE0732F46049002930895FFF71E
:1004A000A8B9039918AA5846FFF73EF800283FF468
:1004B0002EAAFFF73CBA1998013085E58C4662E414
:1004C000039B5B6ED90707D4039B9B899A0503D4D2
:1004D000039B986DFBF78CF94FF0FF330593FFF703
:1004E00033BA039AB2F90C3043F040039381FFF71B
:1004F00021BA079C049747E7079B98F8011053F827
:10050000047B0793904647EAE777FFF7B5B8039A6D
:10051000938943F040039381FFF703BACDCCCCCC51
:100520002C170100F0B51F468B89ADF26C4D23F0FE
:100530000203ADF80C304B6E1993CB89ADF80E3039
:10054000CB6907934B6A09931AAB009304934FF45A
:100550008063154606460293059316A800230C46B1
:100560000693FBF73FF92A463B4669463046FFF7BC
:1005700017F8051E07DB69463046FDF7F1FD002838
:1005800018BF4FF0FF35BDF80C305B0603D5A389CB
:1005900043F04003A3811698FBF726F928460DF295
:1005A0006C4DF0BD9368002B00F081802DE9F04F79
:1005B000B1F90C300C461907804683B0174698B243
:1005C00023D523690BB310F002033D682BD04FF005
:1005D000000ADFF8B4B256465E453346524628BF9D
:1005E0005B464046002E4FD0E169D4F824C0E04776
:1005F000002852DDBB681B1A8244361ABB60002BF0
:10060000EAD1002003B0BDE8F08F2146404600F05B
:100610003DF9002840F03481B4F90C303D6898B2BF
:1006200010F00203D3D110F0010942D14E463EB37F
:100630008205D4F808B040F18180B3455A4600F2F3
:10064000B18010F4906F40F0BE802068019249465E
:10065000FAF732FFA368019AA3EB0B012368A160AC
:100660001344B24623600026BB68A3EB0A03D144BF
:10067000BB60002BC5D0B4F90C0080B2002ED7D1DE
:10068000D5E900960835D2E7D5E900A60835A3E7F5
:1006900021464046FDF764FD80B3B4F90C3043F0C9
:1006A00040034FF0FF30A38103B0BDE8F08F00207E
:1006B00070471E46BA46994618461F4666B388B329
:1006C0004A46D4E904C32068A168B24228BF324632
:1006D000604504D901EB030B5A4500F3A780934210
:1006E00064DCE169D4F824C03A464046E047B0F102
:1006F000000BD2DDB9EB0B09CAD00120DAF80830C3
:10070000A3EB0B035F44A6EB0B06CAF80830002BE3
:100710003FF477AF002ED2D16E682B460835002EFD
:10072000FAD01F6832460A213846FDF761FD0028DD
:1007300000F09D800130A0EB0709C1E72068236924
:10074000984217D86269B24214D86FF00043B3429E
:1007500028BF3346E16993FBF2F3D4F824C002FBCF
:1007600003F340464A46E047B0F1000A95DDA6EBA8
:100770000A0679E7B345DA4628BFB24652464946EB
:10078000FAF79AFEA3682268A3EB0A035244A36017
:100790002260002BEBD121464046FDF7E1FC00280A
:1007A000E5D07AE72068B34632464FE739460192F2
:1007B000FAF782FE019AA3689B1AA3602368134488
:1007C0002360934696E723682169A3EB010B6369D5
:1007D00003EB430A0AEBDA7A0BF101034FEA6A0AE8
:1007E00033445345524684BF9A46524643052CD55E
:1007F00011464046F9F7BCFF00283BD05A46216914
:100800000190F5F74FFCA289019B22F4906242F01F
:100810008002A28103EB0B002361AAEB0B03C4F857
:1008200014A0A3602060B34632460FE739465A460B
:10083000FAF742FE23685B44236021464046FDF7F9
:100840008FFC00283FF456AF27E74046FAF74CFAF2
:1008500003460028DED121694046FBF7E3F8B4F9EE
:100860000C300C2223F08003C8F8002017E7721C1C
:10087000914626E70C22B4F90C30C8F800200EE7A8
:100880004FF0FF30BEE600BF00FCFF7F38B5314BB4
:100890001B6805460C4613B15A6B002A4ED0B4F9BA
:1008A0000C3018079AB21CD5216929B312F0010047
:1008B00007D00020A06060694042A06139B10020EB
:1008C00038BD950758BF6069A0600029F7D11206AE
:1008D00058BF0846F4D543F04003A3814FF0FF30E2
:1008E00038BDD1062ED5520714D4216943F0080330
:1008F000A3819AB20029D9D102F42070B0F5007F0B
:10090000D4D02146284600F03FF9B4F90C302169D3
:100910009AB2CBE7216B51B104F14002914204D06D
:100920002846FBF77FF8B4F90C30002222632169D6
:100930000022C4E9001223F02403D7E71846FAF78F
:1009400007FDACE7092243F040032A604FF0FF3077
:10095000A38138BD488FFF1F2DE9F04383B00746C0
:1009600088461446FAF7A8FE012803D108F1FF33A0
:10097000FE2B37D90DF10409424604F15C034946C8
:100980003846FEF709FD421C064633D028B39DF8D1
:1009900004C0002509E023685A1C226083F800C0C7
:1009A0000135B54219D219F801CFA368013B002BDC
:1009B000A360F0DAD4F818E0734561462246384661
:1009C00002DBBCF10A0FE6D100F04AF9431CE7D183
:1009D0000646304603B0BDE8F0834646304603B0D5
:1009E000BDE8F0835FFA88FC8DF804C006460DF17F
:1009F0000409CEE7A389304643F04003A38103B046
:100A0000BDE8F08330B5536E13F0010FB2F90C302E
:100A1000144683B005469AB201D198051CD59004BE
:100A200006D4626E43F4005342F40052A38162661E
:100A300022462846FFF790FF636EDA07054602D488
:100A4000A3899B0502D5284603B030BDA06DFAF7F7
:100A5000CFFE284603B030BDA06D0191FAF7C6FE67
:100A6000B4F90C3001999AB2D9E700BF2DE9F04FE3
:100A700089B0DDE9138A129F0191814603921E46D7
:100A8000B8F1000F55D0019B002B57D0039B1D6878
:100A9000002F63D0741E2EB3019B0293043D0026E9
:100AA0000AE0019B13BB2A68002A35D0BC4557D207
:100AB000013C631C664615D0D8F8003055F8042F69
:100AC0000093DAF8E0C0D8F804B0434605A94846D8
:100AD000E047421C37D000EB060CBC45E1D9009B37
:100AE000C8E9003B304609B0BDE8F08F00280CDDB6
:100AF000029B18445A1E05A900F1FF3E11F8013B64
:100B000002F8013F7245F9D10290039B1A68043242
:100B10001A602A68002AC9D1019B0BB1039B1A6095
:100B20000CF1FF3600223046C8F8002009B0BDE8BD
:100B3000F08F019B00F58678002BA7D1039B4FF027
:100B4000FF371D68A6E706468A2100223046C9F80D
:100B50000010C8F8002009B0BDE8F08F3E46C1E79C
:100B60006646BFE710B584B0054C0698009007981C
:100B70000190044800680294FFF778FF04B010BDAC
:100B8000BC8CFF1F488FFF1F2DE9F0418B890C465D
:100B9000990796B008D504F143030122C4E9043251
:100BA000236016B0BDE8F081B4F90E1000290646A6
:100BB00025DB6A4600F0ACF800281FDB019D05F438
:100BC0007045A5F50055B5FA85F54FF480686D09B7
:100BD0004FF4006741463046F9F7CAFDE0B1B4F979
:100BE0000C30C4F8148043F0800320602061A3819E
:100BF00035BB3B43A38116B0BDE8F081A38913F058
:100C0000800519D04FF040080025414630462F4658
:100C1000F9F7AEFD0028E2D1B4F90C309A05C0D442
:100C200023F0030304F1430243F002030121C4E96A
:100C30000421A3812260B4E74FF480682F46C9E7FE
:100C4000B4F90E10304600F079F810B9B4F90C3050
:100C5000CFE7A38923F0030343F001031BB2C8E7E6
:100C6000F8B50D461446064610B1436B002B4CD028
:100C7000B4F90C20A369A360170790B21BD52369B0
:100C8000CBB1EDB281042F4622D522686169D31A17
:100C9000994229DD0133A1680139A160511C21600D
:100CA000157062699A4227D0A389DB0701D50A2D06
:100CB00022D03846F8BD21463046FFF7E7FD08BB95
:100CC000B4F90C20236990B2EDB281042F46DCD434
:100CD00042F40052A281626E616922F4005262669F
:100CE0002268D31A9942D5DC21463046FDF738FAFE
:100CF00040B922680123CEE721463046FDF730FA9D
:100D00000028D6D04FF0FF37D3E7FAF721FBAFE743
:100D100070B50C46084D03460026204611461C4679
:100D20002E60F5F7DDFA431C00D070BD2B68002B58
:100D3000FBD0236070BD00BF1497FF1F38B5074D6F
:100D40000022044608462A60F5F7D0FA431C00D07A
:100D500038BD2B68002BFBD0236038BD1497FF1FD4
:100D60002E00FFFF3100FFFF7E2530357520253036
:100D700035752025303375202530337520253033E7
:100D800075202530337520253033752300FFFFFF94
:100D90004D25752025752025303375202530337578
:100DA00020253033752300FF2300FFFF2B000000B8
:100DB0002D00FFFF3F0000002000FFFF3023000058
:100DC0005000FFFF242000005465656E417374726B
:100DD0006F20466F6375736572000000322E342EEB
:100DE00030000000312E362E3200FFFF2420436FEA
:100DF0006D6D616E647300002420482048656C703E
:100E00000000000024202B20737461727420466F50
:100E100063757320696E2C202D20537461727420C9
:100E2000466F637573206F75742C2020616C6C2085
:100E3000776974686F7574207265706C7900000052
:100E400024204F20737461727420466F6375732081
:100E5000696E2C204920537461727420466F63754B
:100E600073206F75742C206F2053746F7020466F41
:100E700063757320696E2C20692053746F7020464F
:100E80006F63757320696E2C2020616C6C2077690C
:100E90007468207265706C790000000051207374D2
:100EA0006F702C204720476F746F2C2050205061AA
:100EB000726B2C20532053796E632C20572057726D
:100EC0006974652C203F0000242053657474696E9A
:100ED00067730000242030207374617274502C20DA
:100EE00031206D6178502C2032206C6F7753202C8C
:100EF00020332068696768532C203420636D644177
:100F000063632C2035206D4163632C2036206D44B3
:100F100065632C2037206D5265762C2038206D4972
:100F20006E7000FF0000000000000000D10700000C
:100F3000000000000000000041070000F96200000E
:100F40000905000000000000000000000000000093
:100F50000000000041070000910A000009050000A0
:100F6000892100009D210000000000000000000019
:100F700041070000A10900000905000059210000F7
:100F80006D210000F1040000F5040000FD040000E4
:100F900005050000D0070000D0070000B80B0000D6
:100FA000B80B00004142434445464748494A4B4C30
:100FB0004D4E4F505152535455565758595A6162DD
:100FC000636465666768696A6B6C6D6E6F70717279
:100FD000737475767778797A3031323334353637C1
:100FE00038392B2F00FFFFFF005EBCE2613FDD833D
:100FF000C29C7E20A3FD1F41009D23BE46DB65F8F9
:101000008C11AF32CA57E9745E00BC007701FFFF54
:101010000200030004000500060008000A000C009E
:101020001000140018002000280038004000600064
:101030008000C00000018001000280020003FFFF69
:10104000000000800000018000000000000002801D
:10105000000001000110000000000200011001006A
:101060000320000001000200032001000430000002
:10107000032002000320030005400000054001009A
:1010800006500000065001000760000007600100E4
:101090000870000007600200087001003C800440F6
:1010A00000100000041A0000FF7F00001110000073
:1010B000014100000C0800000002000000020000D6
:1010C0000B07000040020000000200000D0E0000AF
:1010D00040020000000200000A020906141715165B
:1010E0000F000000000200000002000000020000EB
:1010F00000020000000200000002000000020000E8
:1011000000020000000200000101020204040808BD
:10111000100000000000000000000000A1490000D5
:10112000B548000055450000E1450000814600003B
:10113000D5440000B1450000B144000099450000CD
:1011400079450000F945000015450000C94500003B
:101150000000000000000000A1490000B5480000A8
:1011600055450000E145000081460000D5440000DF
:10117000B1450000B14400009945000079450000E8
:10118000F945000015450000C945000000000000B9
:1011900000000000A1490000B548000055450000CE
:1011A000E145000081460000D5440000B145000043
:1011B000B14400009945000079450000F945000060
:1011C00015450000C94500000000000000000000B7
:1011D000A1490000B548000055450000E145000068
:1011E00081460000D5440000B1450000B144000034
:1011F0009945000079450000F945000015450000BB
:10120000C9450000F1040000F5040000FD040000E1
:1012100005050000315800004158000051580000F9
:101220006158000000FFFFFF000000000000000008
:10123000E95B00000D5C0000915C00008D5C00002B
:10124000895C0000855C0000815C0000B15B0000EF
:101250006D5C0000695C0000615C0000595C00008E
:10126000515C0000415C0000315C00002D5C00001E
:10127000255C00001D5C0000915B0000995B000094
:10128000A15B0000A95B0000F55B0000DD5B0000D6
:10129000995C00009D5C0000A15C0000A55C000062
:1012A0006FF07F030370037813F0800FFBD070475B
:1012B0004008FE4340A004404408FE4344A00440CC
:1012C0000018FE4300C004403000FE43309004404C
:1012D0003400FE43349004401C18FE431CC00440FC
:1012E0001018FE4310C004400818FE4308C0044014
:1012F0000C18FE430CC004400C10FE430CB004401C
:101300001010FE4310B004401810FE4318B0044003
:101310001C10FE431CB004401410FE4314B00440E3
:101320000418FE4304C004400010FE4300B0044013
:101330000008FE4300A004400408FE4304A004404B
:101340000C08FE430CA004400808FE4308A004401B
:101350001418FE4314C004401818FE4318C004407B
:101360000410FE4304B004400810FE4308B00440DB
:101370001400FE43149004404C08FE434CA004406B
:101380000420FE4304D004402410FE4324B0044053
:101390002010FE4320B004402810FE4328B0044033
:1013A0002C10FE432CB004400020FE4300D004402B
:1013B0004808FE4348A004401000FE43109004403B
:1013C0000000000000000000257C00001D7C0000E3
:1013D000197C0000157C0000117C00000D7C0000D1
:1013E000097C0000057C0000000100001888FF1F38
:1013F0001200000000020000D487FF1F430000001D
:10140000000300002C88FF1F0000000001030904F6
:101410003088FF1F00000000020309044888FF1FF6
:1014200000000000030309046088FF1F00000000A3
:101430000000000000000000000000000015191569
:101440000020202020202020202028282828282094
:10145000202020202020202020202020202020208C
:1014600020881010101010101010101010101010F4
:1014700010040404040404040404041010101010E4
:1014800010104141414141410101010101010101AE
:101490000101010101010101010101011010101000
:1014A0001010424242424242020202020202020280
:1014B00002020202020202020202020210101010D4
:1014C00020000000000000000000000000000000FC
:1014D000000000000000000000000000000000000C
:1014E00000000000000000000000000000000000FC
:1014F00000000000000000000000000000000000EC
:1015000000000000000000000000000000000000DB
:1015100000000000000000000000000000000000CB
:1015200000000000000000000000000000000000BB
:1015300000000000000000000000000000000000AB
:1015400000FFFFFF4C435F434F4C4C4154450000AC
:101550004C435F4354595045000000004C435F4DDD
:101560004F4E4554415259004C435F4E554D4552E4
:10157000494300004C435F54494D45004C435F4D87
:10158000455353414745530042616C6C6F63207370
:101590007563636565646564000000002F646174B1
:1015A000612F6A656E6B696E732F776F726B7370E4
:1015B0006163652F474E552D746F6F6C6368616969
:1015C0006E2F61726D2D31312F7372632F6E6577BF
:1015D0006C69622D63796777696E2F6E65776C69C8
:1015E000622F6C6962632F7374646C69622F6D7013
:1015F0007265632E6300FFFF0080E03779C34143CB
:10160000176E05B5B5B89346F5F93FE9034F384D68
:10161000321D30F94877825A3CBF737FDD4F157514
:10162000000000000000F03F000000000000244027
:1016300000000000000059400000000000408F4002
:10164000000000000088C34000000000006AF8406D
:101650000000000080842E4100000000D012634191
:101660000000000084D797410000000065CDCD4107
:10167000000000205FA00242000000E876483742E8
:10168000000000A2941A6D42000040E59C30A24286
:101690000000901EC4BCD64200003426F56B0C43FB
:1016A0000080E03779C3414300A0D88557347643A2
:1016B00000C84E676DC1AB43003D9160E458E14303
:1016C000408CB5781DAF154450EFE2D6E41A4B4478
:1016D00092D54D06CFF08044F64AE1C7022DB544BD
:1016E000B49DD9794378EA44050000001900000050
:1016F0007D000000494E4600696E66004E414E0076
:101700006E616E00303132333435363738396162CC
:10171000636465660000000030313233343536379B
:10172000383941424344454600000000286E756C3C
:101730006C2900FF20202020202020202020202095
:1017400020202020303030303030303030303030D9
:10175000303030302C2066756E6374696F6E3A20BD
:1017600000000000617373657274696F6E2022253A
:101770007322206661696C65643A2066696C652035
:10178000222573222C206C696E6520256425732523
:10179000730A00FF496E66696E6974790000000083
:1017A0004E614E002F646174612F6A656E6B696EC5
:1017B000732F776F726B73706163652F474E552D72
:1017C000746F6F6C636861696E2F61726D2D31315A
:1017D0002F7372632F6E65776C69622D63796777FB
:1017E000696E2F6E65776C69622F6C6962632F7307
:1017F00074646C69622F64746F612E6300FFFFFF75
:1018000020202020202020202020202020202020D8
:1018100030303030303030303030303030303030C8
:10182000F8B500BFF8BC08BC9E46704765B900001B
:0C18300035040000F5300000AD5E000043
:04183C00F8B500BF3C
:08184000E069FF7F01000000D8
:101848000000000001000000F3FFC7C2FF00000015
:101858000000000000000000000000000000000080
:1018680000C002409C1001000000000000000000C1
:101878000000000000000000000000000000000060
:101888000000000000000000000000000000000050
:10189800000000000000000080841E0030120100DB
:1018A80000000000E803000000000000897200004A
:1018B800B898FF1F280000001A0000004000000030
:1018C8004000000001000000280000004000000067
:1018D80009000000280000000A010000C8130100E8
:1018E80000000000E803000000000000FFFFFFFF09
:1018F800010A040009024300020100C03209040081
:101908000001020201000524001001052401010163
:10191800042402060524060001070582031000407E
:1019280009040100020A0000000705030240000044
:101938000705840240000000120110010200004067
:10194800C0168304750201020301000004030904A0
:1019580018035400650065006E0073007900640088
:10196800750069006E006F001603550053004200B1
:101978002000530065007200690061006C000000DF
:101988000C03000000000000000000000000000040
:1019980000000000000000002800000040000000D7
:1019A800280000000000803F6042A20D00000000F7
:1019B800000000000000F03F59F3F8C21F6EA501B7
:1019C8000000000000000000A088FF1FA088FF1F83
:1019D800A888FF1FA888FF1FB088FF1FB088FF1FB7
:1019E800B888FF1FB888FF1FC088FF1FC088FF1F67
:1019F800C888FF1FC888FF1FD088FF1FD088FF1F17
:101A0800D888FF1FD888FF1FE088FF1FE088FF1FC6
:101A1800E888FF1FE888FF1FF088FF1FF088FF1F76
:101A2800F888FF1FF888FF1F0089FF1F0089FF1F24
:101A38000889FF1F0889FF1F1089FF1F1089FF1FD2
:101A48001889FF1F1889FF1F2089FF1F2089FF1F82
:101A58002889FF1F2889FF1F3089FF1F3089FF1F32
:101A68003889FF1F3889FF1F4089FF1F4089FF1FE2
:101A78004889FF1F4889FF1F5089FF1F5089FF1F92
:101A88005889FF1F5889FF1F6089FF1F6089FF1F42
:101A98006889FF1F6889FF1F7089FF1F7089FF1FF2
:101AA8007889FF1F7889FF1F8089FF1F8089FF1FA2
:101AB8008889FF1F8889FF1F9089FF1F9089FF1F52
:101AC8009889FF1F9889FF1FA089FF1FA089FF1F02
:101AD800A889FF1FA889FF1FB089FF1FB089FF1FB2
:101AE800B889FF1FB889FF1FC089FF1FC089FF1F62
:101AF800C889FF1FC889FF1FD089FF1FD089FF1F12
:101B0800D889FF1FD889FF1FE089FF1FE089FF1FC1
:101B1800E889FF1FE889FF1FF089FF1FF089FF1F71
:101B2800F889FF1FF889FF1F008AFF1F008AFF1F1F
:101B3800088AFF1F088AFF1F108AFF1F108AFF1FCD
:101B4800188AFF1F188AFF1F208AFF1F208AFF1F7D
:101B5800288AFF1F288AFF1F308AFF1F308AFF1F2D
:101B6800388AFF1F388AFF1F408AFF1F408AFF1FDD
:101B7800488AFF1F488AFF1F508AFF1F508AFF1F8D
:101B8800588AFF1F588AFF1F608AFF1F608AFF1F3D
:101B9800688AFF1F688AFF1F708AFF1F708AFF1FED
:101BA800788AFF1F788AFF1F808AFF1F808AFF1F9D
:101BB800888AFF1F888AFF1F908AFF1F908AFF1F4D
:101BC800988AFF1F988AFF1FA08AFF1FA08AFF1FFD
:101BD800A88AFF1FA88AFF1FB08AFF1FB08AFF1FAD
:101BE800B88AFF1FB88AFF1FC08AFF1FC08AFF1F5D
:101BF800C88AFF1FC88AFF1FD08AFF1FD08AFF1F0D
:101C0800D88AFF1FD88AFF1FE08AFF1FE08AFF1FBC
:101C1800E88AFF1FE88AFF1FF08AFF1FF08AFF1F6C
:101C2800F88AFF1FF88AFF1F008BFF1F008BFF1F1A
:101C3800088BFF1F088BFF1F108BFF1F108BFF1FC8
:101C4800188BFF1F188BFF1F208BFF1F208BFF1F78
:101C5800288BFF1F288BFF1F308BFF1F308BFF1F28
:101C6800388BFF1F388BFF1F408BFF1F408BFF1FD8
:101C7800488BFF1F488BFF1F508BFF1F508BFF1F88
:101C8800588BFF1F588BFF1F608BFF1F608BFF1F38
:101C9800688BFF1F688BFF1F708BFF1F708BFF1FE8
:101CA800788BFF1F788BFF1F808BFF1F808BFF1F98
:101CB800888BFF1F888BFF1F908BFF1F908BFF1F48
:101CC800988BFF1F988BFF1FA08BFF1FA08BFF1FF8
:101CD800A88BFF1FA88BFF1FB08BFF1FB08BFF1FA8
:101CE800B88BFF1FB88BFF1FC08BFF1FC08BFF1F58
:101CF800C88BFF1FC88BFF1FD08BFF1FD08BFF1F08
:101D0800D88BFF1FD88BFF1FE08BFF1FE08BFF1FB7
:101D1800E88BFF1FE88BFF1FF08BFF1FF08BFF1F67
:101D2800F88BFF1FF88BFF1F008CFF1F008CFF1F15
:101D3800088CFF1F088CFF1F108CFF1F108CFF1FC3
:101D4800188CFF1F188CFF1F208CFF1F208CFF1F73
:101D5800288CFF1F288CFF1F308CFF1F308CFF1F23
:101D6800388CFF1F388CFF1F408CFF1F408CFF1FD3
:101D7800488CFF1F488CFF1F508CFF1F508CFF1F83
:101D8800588CFF1F588CFF1F608CFF1F608CFF1F33
:101D9800688CFF1F688CFF1F708CFF1F708CFF1FE3
:101DA800788CFF1F788CFF1F808CFF1F808CFF1F93
:101DB800888CFF1F888CFF1F908CFF1F908CFF1F43
:101DC800988CFF1F988CFF1FFFFFFFFF0000020089
:101DD8000000000003000000D895FF1F430000002A
:101DE80000000000000000000000000000000000EB
:101DF8000000000000000000000000004300000098
:101E080000000000000000000000000000000000CA
:101E18000000000000000000000000004300000077
:101E280000000000000000000000000000000000AA
:101E38000000000000000000000000004300000057
:101E4800000000000000000000000000000000008A
:101E58000000000000000000000000004300000037
:101E6800000000000000000000000000000000006A
:101E78000000000000000000000000004300000017
:101E8800000000000000000000000000000000004A
:101E980000000000000000000000000043000000F7
:101EA800000000000000000000000000000000002A
:101EB800000000000000000000000000B9C300009E
:101EC80031BC00000000000040140100600D01005A
:101ED800601701006017010060170100601701001A
:101EE800601701006017010060170100601701000A
:101EF80060170100FFFFFFFFFFFFFFFFFFFFFFFF6E
:101F0800FFFF000001004153434949000000000061
:101F180000000000000000000000000000000000B9
:101F28000000000000004153434949000000000040
:101F38000000000000000000000000000000000099
:101F4800000000000000000000000000D895FF1FFE
:101F58004096FF1FA896FF1F000000000000000029
:101F68000000000000000000000000000000000069
:101F78000000000000000000000000000000000059
:101F88000000000000000000000000000000000049
:101F98000000000000000000000000000000000039
:101FA8000000000000000000000000000000000029
:101FB8000000000000000000000000000000000019
:101FC8000000000000000000000000000000000009
:101FD80000000000000000000000000000000000F9
:101FE80001000000000000000E33CDAB34126DE696
:101FF800ECDE05000B0000000000000000000000FF
:1020080000000000000000000000000000000000C8
:1020180000000000000000000000000000000000B8
:1020280000000000000000000000000000000000A8
:102038000000000000000000000000000000000098
:102048000000000000000000000000000000000088
:102058000000000000000000000000000000000078
:102068000000000000000000288EFF1F1897FF1FC7
:00000001FF
