:0200000460009A
:100000004643464200000156000000000103030081
:1000100000000000000000000000000000000000E0
:1000200000000000000000000000000000000000D0
:1000300000000000000000000000000000000000C0
:1000400000000000010408000000000000000000A3
:100050000000200000000000000000000000000080
:100060000000000000000000000000000000000090
:100070000000000000000000000000000000000080
:10008000EB04180A063204260000000000000000FD
:10009000050404240000000000000000000000002F
:1000A0000000000000000000000000000000000050
:1000B0000604000000000000000000000000000036
:1000C0000000000000000000000000000000000030
:1000D00020041808000000000000000000000000DC
:1000E0000000000000000000000000000000000010
:1000F0000000000000000000000000000000000000
:10010000D8041808000000000000000000000000F3
:100110000204180804200000000000000000000095
:1001200000000000000000000000000000000000CF
:10013000600400000000000000000000000000005B
:1001400000000000000000000000000000000000AF
:10015000000000000000000000000000000000009F
:10016000000000000000000000000000000000008F
:10017000000000000000000000000000000000007F
:10018000000000000000000000000000000000006F
:10019000000000000000000000000000000000005F
:1001A000000000000000000000000000000000004F
:1001B000000000000000000000000000000000003F
:1001C000000100000010000001000000000000001D
:1001D000000001000000000000000000000000001E
:1001E000000000000000000000000000000000000F
:1001F00000000000000000000000000000000000FF
:10020000FFFFFFFFFFFFFFFFFFFFFFFFFFFFFFFFFE
:10021000FFFFFFFFFFFFFFFFFFFFFFFFFFFFFFFFEE
:10022000FFFFFFFFFFFFFFFFFFFFFFFFFFFFFFFFDE
:10023000FFFFFFFFFFFFFFFFFFFFFFFFFFFFFFFFCE
:10024000FFFFFFFFFFFFFFFFFFFFFFFFFFFFFFFFBE
:10025000FFFFFFFFFFFFFFFFFFFFFFFFFFFFFFFFAE
:10026000FFFFFFFFFFFFFFFFFFFFFFFFFFFFFFFF9E
:10027000FFFFFFFFFFFFFFFFFFFFFFFFFFFFFFFF8E
:10028000FFFFFFFFFFFFFFFFFFFFFFFFFFFFFFFF7E
:10029000FFFFFFFFFFFFFFFFFFFFFFFFFFFFFFFF6E
:1002A000FFFFFFFFFFFFFFFFFFFFFFFFFFFFFFFF5E
:1002B000FFFFFFFFFFFFFFFFFFFFFFFFFFFFFFFF4E
:1002C000FFFFFFFFFFFFFFFFFFFFFFFFFFFFFFFF3E
:1002D000FFFFFFFFFFFFFFFFFFFFFFFFFFFFFFFF2E
:1002E000FFFFFFFFFFFFFFFFFFFFFFFFFFFFFFFF1E
:1002F000FFFFFFFFFFFFFFFFFFFFFFFFFFFFFFFF0E
:10030000FFFFFFFFFFFFFFFFFFFFFFFFFFFFFFFFFD
:10031000FFFFFFFFFFFFFFFFFFFFFFFFFFFFFFFFED
:10032000FFFFFFFFFFFFFFFFFFFFFFFFFFFFFFFFDD
:10033000FFFFFFFFFFFFFFFFFFFFFFFFFFFFFFFFCD
:10034000FFFFFFFFFFFFFFFFFFFFFFFFFFFFFFFFBD
:10035000FFFFFFFFFFFFFFFFFFFFFFFFFFFFFFFFAD
:10036000FFFFFFFFFFFFFFFFFFFFFFFFFFFFFFFF9D
:10037000FFFFFFFFFFFFFFFFFFFFFFFFFFFFFFFF8D
:10038000FFFFFFFFFFFFFFFFFFFFFFFFFFFFFFFF7D
:10039000FFFFFFFFFFFFFFFFFFFFFFFFFFFFFFFF6D
:1003A000FFFFFFFFFFFFFFFFFFFFFFFFFFFFFFFF5D
:1003B000FFFFFFFFFFFFFFFFFFFFFFFFFFFFFFFF4D
:1003C000FFFFFFFFFFFFFFFFFFFFFFFFFFFFFFFF3D
:1003D000FFFFFFFFFFFFFFFFFFFFFFFFFFFFFFFF2D
:1003E000FFFFFFFFFFFFFFFFFFFFFFFFFFFFFFFF1D
:1003F000FFFFFFFFFFFFFFFFFFFFFFFFFFFFFFFF0D
:10040000FFFFFFFFFFFFFFFFFFFFFFFFFFFFFFFFFC
:10041000FFFFFFFFFFFFFFFFFFFFFFFFFFFFFFFFEC
:10042000FFFFFFFFFFFFFFFFFFFFFFFFFFFFFFFFDC
:10043000FFFFFFFFFFFFFFFFFFFFFFFFFFFFFFFFCC
:10044000FFFFFFFFFFFFFFFFFFFFFFFFFFFFFFFFBC
:10045000FFFFFFFFFFFFFFFFFFFFFFFFFFFFFFFFAC
:10046000FFFFFFFFFFFFFFFFFFFFFFFFFFFFFFFF9C
:10047000FFFFFFFFFFFFFFFFFFFFFFFFFFFFFFFF8C
:10048000FFFFFFFFFFFFFFFFFFFFFFFFFFFFFFFF7C
:10049000FFFFFFFFFFFFFFFFFFFFFFFFFFFFFFFF6C
:1004A000FFFFFFFFFFFFFFFFFFFFFFFFFFFFFFFF5C
:1004B000FFFFFFFFFFFFFFFFFFFFFFFFFFFFFFFF4C
:1004C000FFFFFFFFFFFFFFFFFFFFFFFFFFFFFFFF3C
:1004D000FFFFFFFFFFFFFFFFFFFFFFFFFFFFFFFF2C
:1004E000FFFFFFFFFFFFFFFFFFFFFFFFFFFFFFFF1C
:1004F000FFFFFFFFFFFFFFFFFFFFFFFFFFFFFFFF0C
:10050000FFFFFFFFFFFFFFFFFFFFFFFFFFFFFFFFFB
:10051000FFFFFFFFFFFFFFFFFFFFFFFFFFFFFFFFEB
:10052000FFFFFFFFFFFFFFFFFFFFFFFFFFFFFFFFDB
:10053000FFFFFFFFFFFFFFFFFFFFFFFFFFFFFFFFCB
:10054000FFFFFFFFFFFFFFFFFFFFFFFFFFFFFFFFBB
:10055000FFFFFFFFFFFFFFFFFFFFFFFFFFFFFFFFAB
:10056000FFFFFFFFFFFFFFFFFFFFFFFFFFFFFFFF9B
:10057000FFFFFFFFFFFFFFFFFFFFFFFFFFFFFFFF8B
:10058000FFFFFFFFFFFFFFFFFFFFFFFFFFFFFFFF7B
:10059000FFFFFFFFFFFFFFFFFFFFFFFFFFFFFFFF6B
:1005A000FFFFFFFFFFFFFFFFFFFFFFFFFFFFFFFF5B
:1005B000FFFFFFFFFFFFFFFFFFFFFFFFFFFFFFFF4B
:1005C000FFFFFFFFFFFFFFFFFFFFFFFFFFFFFFFF3B
:1005D000FFFFFFFFFFFFFFFFFFFFFFFFFFFFFFFF2B
:1005E000FFFFFFFFFFFFFFFFFFFFFFFFFFFFFFFF1B
:1005F000FFFFFFFFFFFFFFFFFFFFFFFFFFFFFFFF0B
:10060000FFFFFFFFFFFFFFFFFFFFFFFFFFFFFFFFFA
:10061000FFFFFFFFFFFFFFFFFFFFFFFFFFFFFFFFEA
:10062000FFFFFFFFFFFFFFFFFFFFFFFFFFFFFFFFDA
:10063000FFFFFFFFFFFFFFFFFFFFFFFFFFFFFFFFCA
:10064000FFFFFFFFFFFFFFFFFFFFFFFFFFFFFFFFBA
:10065000FFFFFFFFFFFFFFFFFFFFFFFFFFFFFFFFAA
:10066000FFFFFFFFFFFFFFFFFFFFFFFFFFFFFFFF9A
:10067000FFFFFFFFFFFFFFFFFFFFFFFFFFFFFFFF8A
:10068000FFFFFFFFFFFFFFFFFFFFFFFFFFFFFFFF7A
:10069000FFFFFFFFFFFFFFFFFFFFFFFFFFFFFFFF6A
:1006A000FFFFFFFFFFFFFFFFFFFFFFFFFFFFFFFF5A
:1006B000FFFFFFFFFFFFFFFFFFFFFFFFFFFFFFFF4A
:1006C000FFFFFFFFFFFFFFFFFFFFFFFFFFFFFFFF3A
:1006D000FFFFFFFFFFFFFFFFFFFFFFFFFFFFFFFF2A
:1006E000FFFFFFFFFFFFFFFFFFFFFFFFFFFFFFFF1A
:1006F000FFFFFFFFFFFFFFFFFFFFFFFFFFFFFFFF0A
:10070000FFFFFFFFFFFFFFFFFFFFFFFFFFFFFFFFF9
:10071000FFFFFFFFFFFFFFFFFFFFFFFFFFFFFFFFE9
:10072000FFFFFFFFFFFFFFFFFFFFFFFFFFFFFFFFD9
:10073000FFFFFFFFFFFFFFFFFFFFFFFFFFFFFFFFC9
:10074000FFFFFFFFFFFFFFFFFFFFFFFFFFFFFFFFB9
:10075000FFFFFFFFFFFFFFFFFFFFFFFFFFFFFFFFA9
:10076000FFFFFFFFFFFFFFFFFFFFFFFFFFFFFFFF99
:10077000FFFFFFFFFFFFFFFFFFFFFFFFFFFFFFFF89
:10078000FFFFFFFFFFFFFFFFFFFFFFFFFFFFFFFF79
:10079000FFFFFFFFFFFFFFFFFFFFFFFFFFFFFFFF69
:1007A000FFFFFFFFFFFFFFFFFFFFFFFFFFFFFFFF59
:1007B000FFFFFFFFFFFFFFFFFFFFFFFFFFFFFFFF49
:1007C000FFFFFFFFFFFFFFFFFFFFFFFFFFFFFFFF39
:1007D000FFFFFFFFFFFFFFFFFFFFFFFFFFFFFFFF29
:1007E000FFFFFFFFFFFFFFFFFFFFFFFFFFFFFFFF19
:1007F000FFFFFFFFFFFFFFFFFFFFFFFFFFFFFFFF09
:10080000FFFFFFFFFFFFFFFFFFFFFFFFFFFFFFFFF8
:10081000FFFFFFFFFFFFFFFFFFFFFFFFFFFFFFFFE8
:10082000FFFFFFFFFFFFFFFFFFFFFFFFFFFFFFFFD8
:10083000FFFFFFFFFFFFFFFFFFFFFFFFFFFFFFFFC8
:10084000FFFFFFFFFFFFFFFFFFFFFFFFFFFFFFFFB8
:10085000FFFFFFFFFFFFFFFFFFFFFFFFFFFFFFFFA8
:10086000FFFFFFFFFFFFFFFFFFFFFFFFFFFFFFFF98
:10087000FFFFFFFFFFFFFFFFFFFFFFFFFFFFFFFF88
:10088000FFFFFFFFFFFFFFFFFFFFFFFFFFFFFFFF78
:10089000FFFFFFFFFFFFFFFFFFFFFFFFFFFFFFFF68
:1008A000FFFFFFFFFFFFFFFFFFFFFFFFFFFFFFFF58
:1008B000FFFFFFFFFFFFFFFFFFFFFFFFFFFFFFFF48
:1008C000FFFFFFFFFFFFFFFFFFFFFFFFFFFFFFFF38
:1008D000FFFFFFFFFFFFFFFFFFFFFFFFFFFFFFFF28
:1008E000FFFFFFFFFFFFFFFFFFFFFFFFFFFFFFFF18
:1008F000FFFFFFFFFFFFFFFFFFFFFFFFFFFFFFFF08
:10090000FFFFFFFFFFFFFFFFFFFFFFFFFFFFFFFFF7
:10091000FFFFFFFFFFFFFFFFFFFFFFFFFFFFFFFFE7
:10092000FFFFFFFFFFFFFFFFFFFFFFFFFFFFFFFFD7
:10093000FFFFFFFFFFFFFFFFFFFFFFFFFFFFFFFFC7
:10094000FFFFFFFFFFFFFFFFFFFFFFFFFFFFFFFFB7
:10095000FFFFFFFFFFFFFFFFFFFFFFFFFFFFFFFFA7
:10096000FFFFFFFFFFFFFFFFFFFFFFFFFFFFFFFF97
:10097000FFFFFFFFFFFFFFFFFFFFFFFFFFFFFFFF87
:10098000FFFFFFFFFFFFFFFFFFFFFFFFFFFFFFFF77
:10099000FFFFFFFFFFFFFFFFFFFFFFFFFFFFFFFF67
:1009A000FFFFFFFFFFFFFFFFFFFFFFFFFFFFFFFF57
:1009B000FFFFFFFFFFFFFFFFFFFFFFFFFFFFFFFF47
:1009C000FFFFFFFFFFFFFFFFFFFFFFFFFFFFFFFF37
:1009D000FFFFFFFFFFFFFFFFFFFFFFFFFFFFFFFF27
:1009E000FFFFFFFFFFFFFFFFFFFFFFFFFFFFFFFF17
:1009F000FFFFFFFFFFFFFFFFFFFFFFFFFFFFFFFF07
:100A0000FFFFFFFFFFFFFFFFFFFFFFFFFFFFFFFFF6
:100A1000FFFFFFFFFFFFFFFFFFFFFFFFFFFFFFFFE6
:100A2000FFFFFFFFFFFFFFFFFFFFFFFFFFFFFFFFD6
:100A3000FFFFFFFFFFFFFFFFFFFFFFFFFFFFFFFFC6
:100A4000FFFFFFFFFFFFFFFFFFFFFFFFFFFFFFFFB6
:100A5000FFFFFFFFFFFFFFFFFFFFFFFFFFFFFFFFA6
:100A6000FFFFFFFFFFFFFFFFFFFFFFFFFFFFFFFF96
:100A7000FFFFFFFFFFFFFFFFFFFFFFFFFFFFFFFF86
:100A8000FFFFFFFFFFFFFFFFFFFFFFFFFFFFFFFF76
:100A9000FFFFFFFFFFFFFFFFFFFFFFFFFFFFFFFF66
:100AA000FFFFFFFFFFFFFFFFFFFFFFFFFFFFFFFF56
:100AB000FFFFFFFFFFFFFFFFFFFFFFFFFFFFFFFF46
:100AC000FFFFFFFFFFFFFFFFFFFFFFFFFFFFFFFF36
:100AD000FFFFFFFFFFFFFFFFFFFFFFFFFFFFFFFF26
:100AE000FFFFFFFFFFFFFFFFFFFFFFFFFFFFFFFF16
:100AF000FFFFFFFFFFFFFFFFFFFFFFFFFFFFFFFF06
:100B0000FFFFFFFFFFFFFFFFFFFFFFFFFFFFFFFFF5
:100B1000FFFFFFFFFFFFFFFFFFFFFFFFFFFFFFFFE5
:100B2000FFFFFFFFFFFFFFFFFFFFFFFFFFFFFFFFD5
:100B3000FFFFFFFFFFFFFFFFFFFFFFFFFFFFFFFFC5
:100B4000FFFFFFFFFFFFFFFFFFFFFFFFFFFFFFFFB5
:100B5000FFFFFFFFFFFFFFFFFFFFFFFFFFFFFFFFA5
:100B6000FFFFFFFFFFFFFFFFFFFFFFFFFFFFFFFF95
:100B7000FFFFFFFFFFFFFFFFFFFFFFFFFFFFFFFF85
:100B8000FFFFFFFFFFFFFFFFFFFFFFFFFFFFFFFF75
:100B9000FFFFFFFFFFFFFFFFFFFFFFFFFFFFFFFF65
:100BA000FFFFFFFFFFFFFFFFFFFFFFFFFFFFFFFF55
:100BB000FFFFFFFFFFFFFFFFFFFFFFFFFFFFFFFF45
:100BC000FFFFFFFFFFFFFFFFFFFFFFFFFFFFFFFF35
:100BD000FFFFFFFFFFFFFFFFFFFFFFFFFFFFFFFF25
:100BE000FFFFFFFFFFFFFFFFFFFFFFFFFFFFFFFF15
:100BF000FFFFFFFFFFFFFFFFFFFFFFFFFFFFFFFF05
:100C0000FFFFFFFFFFFFFFFFFFFFFFFFFFFFFFFFF4
:100C1000FFFFFFFFFFFFFFFFFFFFFFFFFFFFFFFFE4
:100C2000FFFFFFFFFFFFFFFFFFFFFFFFFFFFFFFFD4
:100C3000FFFFFFFFFFFFFFFFFFFFFFFFFFFFFFFFC4
:100C4000FFFFFFFFFFFFFFFFFFFFFFFFFFFFFFFFB4
:100C5000FFFFFFFFFFFFFFFFFFFFFFFFFFFFFFFFA4
:100C6000FFFFFFFFFFFFFFFFFFFFFFFFFFFFFFFF94
:100C7000FFFFFFFFFFFFFFFFFFFFFFFFFFFFFFFF84
:100C8000FFFFFFFFFFFFFFFFFFFFFFFFFFFFFFFF74
:100C9000FFFFFFFFFFFFFFFFFFFFFFFFFFFFFFFF64
:100CA000FFFFFFFFFFFFFFFFFFFFFFFFFFFFFFFF54
:100CB000FFFFFFFFFFFFFFFFFFFFFFFFFFFFFFFF44
:100CC000FFFFFFFFFFFFFFFFFFFFFFFFFFFFFFFF34
:100CD000FFFFFFFFFFFFFFFFFFFFFFFFFFFFFFFF24
:100CE000FFFFFFFFFFFFFFFFFFFFFFFFFFFFFFFF14
:100CF000FFFFFFFFFFFFFFFFFFFFFFFFFFFFFFFF04
:100D0000FFFFFFFFFFFFFFFFFFFFFFFFFFFFFFFFF3
:100D1000FFFFFFFFFFFFFFFFFFFFFFFFFFFFFFFFE3
:100D2000FFFFFFFFFFFFFFFFFFFFFFFFFFFFFFFFD3
:100D3000FFFFFFFFFFFFFFFFFFFFFFFFFFFFFFFFC3
:100D4000FFFFFFFFFFFFFFFFFFFFFFFFFFFFFFFFB3
:100D5000FFFFFFFFFFFFFFFFFFFFFFFFFFFFFFFFA3
:100D6000FFFFFFFFFFFFFFFFFFFFFFFFFFFFFFFF93
:100D7000FFFFFFFFFFFFFFFFFFFFFFFFFFFFFFFF83
:100D8000FFFFFFFFFFFFFFFFFFFFFFFFFFFFFFFF73
:100D9000FFFFFFFFFFFFFFFFFFFFFFFFFFFFFFFF63
:100DA000FFFFFFFFFFFFFFFFFFFFFFFFFFFFFFFF53
:100DB000FFFFFFFFFFFFFFFFFFFFFFFFFFFFFFFF43
:100DC000FFFFFFFFFFFFFFFFFFFFFFFFFFFFFFFF33
:100DD000FFFFFFFFFFFFFFFFFFFFFFFFFFFFFFFF23
:100DE000FFFFFFFFFFFFFFFFFFFFFFFFFFFFFFFF13
:100DF000FFFFFFFFFFFFFFFFFFFFFFFFFFFFFFFF03
:100E0000FFFFFFFFFFFFFFFFFFFFFFFFFFFFFFFFF2
:100E1000FFFFFFFFFFFFFFFFFFFFFFFFFFFFFFFFE2
:100E2000FFFFFFFFFFFFFFFFFFFFFFFFFFFFFFFFD2
:100E3000FFFFFFFFFFFFFFFFFFFFFFFFFFFFFFFFC2
:100E4000FFFFFFFFFFFFFFFFFFFFFFFFFFFFFFFFB2
:100E5000FFFFFFFFFFFFFFFFFFFFFFFFFFFFFFFFA2
:100E6000FFFFFFFFFFFFFFFFFFFFFFFFFFFFFFFF92
:100E7000FFFFFFFFFFFFFFFFFFFFFFFFFFFFFFFF82
:100E8000FFFFFFFFFFFFFFFFFFFFFFFFFFFFFFFF72
:100E9000FFFFFFFFFFFFFFFFFFFFFFFFFFFFFFFF62
:100EA000FFFFFFFFFFFFFFFFFFFFFFFFFFFFFFFF52
:100EB000FFFFFFFFFFFFFFFFFFFFFFFFFFFFFFFF42
:100EC000FFFFFFFFFFFFFFFFFFFFFFFFFFFFFFFF32
:100ED000FFFFFFFFFFFFFFFFFFFFFFFFFFFFFFFF22
:100EE000FFFFFFFFFFFFFFFFFFFFFFFFFFFFFFFF12
:100EF000FFFFFFFFFFFFFFFFFFFFFFFFFFFFFFFF02
:100F0000FFFFFFFFFFFFFFFFFFFFFFFFFFFFFFFFF1
:100F1000FFFFFFFFFFFFFFFFFFFFFFFFFFFFFFFFE1
:100F2000FFFFFFFFFFFFFFFFFFFFFFFFFFFFFFFFD1
:100F3000FFFFFFFFFFFFFFFFFFFFFFFFFFFFFFFFC1
:100F4000FFFFFFFFFFFFFFFFFFFFFFFFFFFFFFFFB1
:100F5000FFFFFFFFFFFFFFFFFFFFFFFFFFFFFFFFA1
:100F6000FFFFFFFFFFFFFFFFFFFFFFFFFFFFFFFF91
:100F7000FFFFFFFFFFFFFFFFFFFFFFFFFFFFFFFF81
:100F8000FFFFFFFFFFFFFFFFFFFFFFFFFFFFFFFF71
:100F9000FFFFFFFFFFFFFFFFFFFFFFFFFFFFFFFF61
:100FA000FFFFFFFFFFFFFFFFFFFFFFFFFFFFFFFF51
:100FB000FFFFFFFFFFFFFFFFFFFFFFFFFFFFFFFF41
:100FC000FFFFFFFFFFFFFFFFFFFFFFFFFFFFFFFF31
:100FD000FFFFFFFFFFFFFFFFFFFFFFFFFFFFFFFF21
:100FE000FFFFFFFFFFFFFFFFFFFFFFFFFFFFFFFF11
:100FF000FFFFFFFFFFFFFFFFFFFFFFFFFFFFFFFF01
:10100000D1002043ED15006000000000000000004A
:101010002010006000100060002803600000000045
:10102000000000600034030000000000FFFFFFFF2D
:10103000FFFFFFFFFFFFFFFFFFFFFFFFFFFFFFFFC0
:10104000FFFFFFFFFFFFFFFFFFFFFFFFFFFFFFFFB0
:10105000FFFFFFFFFFFFFFFFFFFFFFFFFFFFFFFFA0
:10106000FFFFFFFFFFFFFFFFFFFFFFFFFFFFFFFF90
:10107000FFFFFFFFFFFFFFFFFFFFFFFFFFFFFFFF80
:10108000FFFFFFFFFFFFFFFFFFFFFFFFFFFFFFFF70
:10109000FFFFFFFFFFFFFFFFFFFFFFFFFFFFFFFF60
:1010A000FFFFFFFFFFFFFFFFFFFFFFFFFFFFFFFF50
:1010B000FFFFFFFFFFFFFFFFFFFFFFFFFFFFFFFF40
:1010C000FFFFFFFFFFFFFFFFFFFFFFFFFFFFFFFF30
:1010D000FFFFFFFFFFFFFFFFFFFFFFFFFFFFFFFF20
:1010E000FFFFFFFFFFFFFFFFFFFFFFFFFFFFFFFF10
:1010F000FFFFFFFFFFFFFFFFFFFFFFFFFFFFFFFF00
:10110000FFFFFFFFFFFFFFFFFFFFFFFFFFFFFFFFEF
:10111000FFFFFFFFFFFFFFFFFFFFFFFFFFFFFFFFDF
:10112000FFFFFFFFFFFFFFFFFFFFFFFFFFFFFFFFCF
:10113000FFFFFFFFFFFFFFFFFFFFFFFFFFFFFFFFBF
:10114000FFFFFFFFFFFFFFFFFFFFFFFFFFFFFFFFAF
:10115000FFFFFFFFFFFFFFFFFFFFFFFFFFFFFFFF9F
:10116000FFFFFFFFFFFFFFFFFFFFFFFFFFFFFFFF8F
:10117000FFFFFFFFFFFFFFFFFFFFFFFFFFFFFFFF7F
:10118000FFFFFFFFFFFFFFFFFFFFFFFFFFFFFFFF6F
:10119000FFFFFFFFFFFFFFFFFFFFFFFFFFFFFFFF5F
:1011A000FFFFFFFFFFFFFFFFFFFFFFFFFFFFFFFF4F
:1011B000FFFFFFFFFFFFFFFFFFFFFFFFFFFFFFFF3F
:1011C000FFFFFFFFFFFFFFFFFFFFFFFFFFFFFFFF2F
:1011D000FFFFFFFFFFFFFFFFFFFFFFFFFFFFFFFF1F
:1011E000FFFFFFFFFFFFFFFFFFFFFFFFFFFFFFFF0F
:1011F000FFFFFFFFFFFFFFFFFFFFFFFFFFFFFFFFFF
:10120000FFFFFFFFFFFFFFFFFFFFFFFFFFFFFFFFEE
:10121000FFFFFFFFFFFFFFFFFFFFFFFFFFFFFFFFDE
:10122000FFFFFFFFFFFFFFFFFFFFFFFFFFFFFFFFCE
:10123000FFFFFFFFFFFFFFFFFFFFFFFFFFFFFFFFBE
:10124000FFFFFFFFFFFFFFFFFFFFFFFFFFFFFFFFAE
:10125000FFFFFFFFFFFFFFFFFFFFFFFFFFFFFFFF9E
:10126000FFFFFFFFFFFFFFFFFFFFFFFFFFFFFFFF8E
:10127000FFFFFFFFFFFFFFFFFFFFFFFFFFFFFFFF7E
:10128000FFFFFFFFFFFFFFFFFFFFFFFFFFFFFFFF6E
:10129000FFFFFFFFFFFFFFFFFFFFFFFFFFFFFFFF5E
:1012A000FFFFFFFFFFFFFFFFFFFFFFFFFFFFFFFF4E
:1012B000FFFFFFFFFFFFFFFFFFFFFFFFFFFFFFFF3E
:1012C000FFFFFFFFFFFFFFFFFFFFFFFFFFFFFFFF2E
:1012D000FFFFFFFFFFFFFFFFFFFFFFFFFFFFFFFF1E
:1012E000FFFFFFFFFFFFFFFFFFFFFFFFFFFFFFFF0E
:1012F000FFFFFFFFFFFFFFFFFFFFFFFFFFFFFFFFFE
:10130000FFFFFFFFFFFFFFFFFFFFFFFFFFFFFFFFED
:10131000FFFFFFFFFFFFFFFFFFFFFFFFFFFFFFFFDD
:10132000FFFFFFFFFFFFFFFFFFFFFFFFFFFFFFFFCD
:10133000FFFFFFFFFFFFFFFFFFFFFFFFFFFFFFFFBD
:10134000FFFFFFFFFFFFFFFFFFFFFFFFFFFFFFFFAD
:10135000FFFFFFFFFFFFFFFFFFFFFFFFFFFFFFFF9D
:10136000FFFFFFFFFFFFFFFFFFFFFFFFFFFFFFFF8D
:10137000FFFFFFFFFFFFFFFFFFFFFFFFFFFFFFFF7D
:10138000FFFFFFFFFFFFFFFFFFFFFFFFFFFFFFFF6D
:10139000FFFFFFFFFFFFFFFFFFFFFFFFFFFFFFFF5D
:1013A000FFFFFFFFFFFFFFFFFFFFFFFFFFFFFFFF4D
:1013B000FFFFFFFFFFFFFFFFFFFFFFFFFFFFFFFF3D
:1013C000FFFFFFFFFFFFFFFFFFFFFFFFFFFFFFFF2D
:1013D000FFFFFFFFFFFFFFFFFFFFFFFFFFFFFFFF1D
:1013E000FFFFFFFFFFFFFFFFFFFFFFFFFFFFFFFF0D
:1013F000FFFFFFFFFFFFFFFFFFFFFFFFFFFFFFFFFD
:10140000824205D051F8043B40F8043B8242F9D8AF
:10141000704700BF044A05494FF0000342F8043BFF
:101420009142FBD8704700BFC0420020805A002084
:1014300080B5BFF34F8F00F0EDF8534C534B0820AD
:101440005349C3F85401534AC3F800115248C3F832
:10145000F0405249FFF7D4FF514A52495248FFF732
:10146000CFFF524CFFF7D6FF4FF470004FF0E02152
:1014700000234F4AC1F8880D44F823200133B02BD4
:10148000FAD14C4B80214C4A03F8011B9342FBD10B
:101490004FF0E025494F4A4A4FF0FF31C5F8084D5B
:1014A0000026D5F8243D43F4E023C5F8243DFB692C
:1014B00023F07F0343F04003FB617B6A23F07F034B
:1014C00043F040037B629166D1661167516700F07B
:1014D000A9F83C4B63223C49A3633C4BE3630323E1
:1014E0006A613B4AAE612B61C5F8202DD5F8FC2D11
:1014F000384B42F08072C5F8FC2D1A6842F00102A8
:101500001A605B680B6000F017F9334800F0BCFA12
:10151000F96E324B324A41F44051F9661E60C3F80D
:101520000861C3F81861C3F82861C3F83861936B88
:10153000DB0708D442F615632A4951651365936B9E
:1015400043F001039363264A274C936843F0011349
:10155000936000F055FA00F08BFA00F01BF900F0F0
:101560005BF82368132BFCD900F0ACF92368B3F5C2
:10157000967FFBD300F054F800F050F800F07CFAAE
:1015800000F07EFA30BFFDE70C0D111300800D4016
:101590001B10182088C4020000000000641D0060B9
:1015A000C0420020F0E10260000000200040002066
:1015B000C101020000E400E0A0E400E000C00F4030
:1015C00000C00A40C1E10100085A0020C5E1010045
:1015D00000002020001000E00046C3230040084027
:1015E00000400D400000C0560C5A0020054B4FF43F
:1015F0002A01054A05485A641864054A99639546C4
:10160000FFF716FF00C00A40FFAFAAAA070020009C
:1016100000000520704700BF704700BF704700BF43
:1016200000BF704710B44FF0E0230021102432486F
:10163000C3F8941DC3F89C4D1124C3F8A00D2F4886
:10164000C3F89C4D1224C3F8A00D2D48C3F89C4D3F
:101650002C4AC3F8A00D2C4C42F015022B48C3F8BD
:101660009C4DC3F8A00D2A4C2A48C3F89C4DC3F8E2
:10167000A00D294CC3F89C2D2848294AC3F8A04D39
:10168000C3F89C0DC3F8A02D02F5A022254C0C3206
:101690002548C3F89C4DC3F8A02D244AC3F89C0DDF
:1016A000C3F8A02D02F14062214C02322148C3F858
:1016B0009C4DC3F8A02D0A32C3F89C0DC3F8A02D91
:1016C00000BF00BF00BF00BF00BF0122C3F8942DC0
:1016D000BFF34F8FBFF36F8FC3F8501FBFF34F8F10
:1016E000BFF36F8FD3F8142D5DF8044B42F44032F2
:1016F000C3F8142D704700BF3F00001025000807F5
:1017000009001000805A0020130020002100020769
:1017100014000020250008130900001016002020E6
:1017200027000B1317000040180000602F000B0764
:10173000190000701A000080F0B4154A40274FF4D9
:1017400080314FF480564FF400554FF4404443F23B
:101750004200136913F0020F0ED113F4005F0FD093
:1017600013F4805F0ED0002BF3DA13F4803F0BD11B
:101770005B060BD5F0BC7047946151619061E8E75E
:101780005561E6E75661E4E79161E2E75761E0E71A
:1017900000800D403F4A03203F49F3EE095AD2F83A
:1017A00080304FF0000C9FED3D6A23F001039FED68
:1017B0003C5A30B4C2F88030C2F89000D1F8E01042
:1017C000384DCBB2384C39482B6007EE903A0B0DB0
:1017D000C1F30B21F8EEE77A06EE903A07EE101A05
:1017E000334BB8EEC77A2160F8EEE66A314937EE3E
:1017F000C66A37EEC55A76EEC76A77EEE57A26EE08
:10180000266AC3ED006A25EE265AD2F8803067EECC
:10181000A64AC0ED007AC6EE275A274885EE276A09
:10182000C4EEA76A75EE875AFCEEE55A36EE076AF3
:1018300015EE904ABCEEC66A43EA045376EE877A08
:10184000C2F8803016EE103AD2F89041FCEEE77AFA
:1018500001EA0341214317EE903AC2F89011C3F315
:101860000B03D2F890110B431449C2F89031D2F80F
:10187000803043F00203C2F88030114B80F840C042
:10188000C1F840314FF0E023012230BCC3F80821F9
:10189000704700BF00810D4000441F400000AA4275
:1018A0000000B442D8590020D4590020DC5900204F
:1018B000E05900200000FF0F00E400E0004000209D
:1018C000A9030200314B40F6617210B5C3F8202124
:1018D00040F2044400F0DCF82D4A2E49D2F8803062
:1018E0002D4843F00303C2F880302C4BC1F860410F
:1018F00002681A4203D1D1F8A8319A071BD0254AB1
:101900004FF00041244B5963D2F8403143F00203B9
:10191000C2F84031D2F840319B07FBD44FF400307D
:101920004FF0E0211C4B4FF00042C1F88C0219200F
:101930009A6300F099F8184A4FF08040154C002146
:1019400090630A20164B11604FF42072C4F8A8016E
:10195000184600F085F84FF4800203464FF48100EA
:1019600040F243111860C4F858311A640D4B0E4A06
:10197000C4F84811C3F804224FF0E0224FF40031BC
:101980000123C2F80C11C4F8403110BD00800D4095
:1019900000C00F4000002E4000900D40001C1E00B3
:1019A00000000020004000209105020008B50E4B09
:1019B0001B6E9B0700D4FBBE72B60C4B00200C4A7A
:1019C000C3F8400103F160430A49A3F55F231164A2
:1019D0009D46BFF34F8F4FF400130748074ADB695A
:1019E00002609B68984700BF00441F4000002E40E3
:1019F00000C00A400300200000802020000012EBFD
:101A0000104BA020104AD96E41F4403110B4D96671
:101A100040F23764D96E41F44071D96654649064E1
:101A2000936C1B06FCD4094A40F23761A023516431
:101A30009364936C13F08003FBD1054A13705DF837
:101A4000044B704700C00F4000400C4000800C4029
:101A5000525A0020F8B500BFF8BC08BC9E4670473B
:101A60005FF800F0495A02005FF800F065F20100EB
:101A70005FF800F02D0002005FF800F0D55D020075
:101A80005FF800F039F901005FF800F075EF010030
:101A90005FF800F0010D02000501000011080000D0
:101AA000051D0000C51E000069280000B5280000C3
:101AB00089290000C52D0000152E0000ED3700001B
:101AC000FD370000ED43000069530000E9550000B8
:101AD000CD7E0000897F00001D800000C1840000D1
:101AE000E1B1000039BE000065BE0000E9C700009A
:101AF00059C8000039C900005911010089160100B8
:101B0000E9190100B91D0100A1300100D93501001A
:101B1000AD390100153D0100C54701001953010011
:101B2000B16701006D690100E56C01000D6D0100F8
:081B30001D79010069EC0100C0
:101B380000110000010000002C861F400100000079
:101B4800011000000100000000000000000000007B
:101B580002060000030000001C861F400000000071
:101B6800030700000300000020861F40000000005B
:101B7800040800000300000024861F400000000045
:101B880005110000030000002C861F400000000023
:101B9800070F00000100000048861F4001000000F8
:101BA800080E00000100000044861F4001000000EC
:101BB8001E170000010000003C861F4000000000C6
:101BC8001F1600000100000038861F4000000000BA
:101BD800200A0000010000000000000000000000D2
:101BE800210900000300000028861F4000000000B3
:101BF800220700000300000020861F4001000000AB
:101C080023060000030000001C861F40010000009E
:101C1800240500000300000018861F400100000092
:101C2800250400000300000014861F400100000086
:101C3800260900000300000028861F40010000005C
:101C4800270800000300000024861F400100000050
:101C580012000000160355005300420020005300F4
:101C680065007200690061006C00000018035400F0
:101C7800650065006E0073007900640075006900F6
:101C88006E006F000403090409026200030100C02A
:101C980032080B00020202010009040000010202DE
:101CA8000100052400100105240101010424020695
:101CB800052406000107058203100010090401002D
:101CC800020A00000007050302400000070584021D
:101CD8004000000904020002FF6AFF0007058102B4
:101CE80040000107050102400001000009026200EE
:101CF800030100C032080B000202020100090400BF
:101D0800000102020100052400100105240101015F
:101D180004240206052406000107058203100005B5
:101D280009040100020A000000070503020002007E
:101D3800070584020002000904020002FF6AC700C6
:101D480007058102000201070501020002010000E7
:0C1D58000A060002EF020140010000003A
:101D6400000000000000000000000000000000006F
:101D7400000000000000000000000000000000005F
:101D8400F8B54FF084439D695A6915400DD0254F2D
:101D940001269D6195FAA5F4B4FA84F457F8243029
:101DA40006FA04F49847A543F4D11F4B9D695A6978
:101DB40015400DD01D4F01269D6195FAA5F4B4FA86
:101DC40084F457F8243006FA04F49847A543F4D170
:101DD400174B9D695A6915400DD0164F01269D6118
:101DE40095FAA5F4B4FA84F457F8243006FA04F406
:101DF4009847A543F4D1104B9D695A6915400DD0FD
:101E04000E4F01269D6195FAA5F4B4FA84F457F8AF
:101E1400243006FA04F49847A543F4D1BFF34F8F56
:101E2400F8BD00BF003B002000400042803B002082
:101E340000800042003C002000C00042803C0020A2
:101E44000548064B1B1AD90F01EBA301491002D018
:101E5400034B03B118477047C0420020C042002022
:101E64000000000008B5054B1BB105490548AFF358
:101E74000080BDE80840FFF7E3BF00BF000000009A
:101E8400845900200034036008B520F013F80021C1
:101E940008BD00BF00000000F8B5EF4BEF4FD3E9D9
:101EA40004232DED0A8BC7E90E2320F003F8064620
:101EB400002117F029FD00210546304617F0B6FC35
:101EC40004460021304617F009FD631E04EE100A93
:101ED400012B01D8013D0C3407EE905AB7EE009B5C
:101EE400B0EE008B0021B8EEE76B07EE904AB8EE37
:101EF400C44B3046B8EEE77B9FEDA53B9FEDA60BA8
:101F04009FEDA75B86EE032B86EE003B37EE097B45
:101F140026EE056B9FEDA41B9FEDA55BBBFE466BF8
:101F240027EE017BBBFE477BBBFE422B38EE428B88
:101F3400BBFE433B38EE038B38EE068B38EE078B43
:101F440038EE048B38EE058B17F0B2FC0346002103
:101F540030460AEE103A17F07FFC06EE100A002114
:101F6400B8EECA7B3046B8EEC66B9FED935B86EE47
:101F740005AB3AEE07AB17F085FC06EE900AB6EE19
:101F8400007B9FED8F3BB8EEE65B38EE077B85EE7A
:101F9400036BBBFE477B9FED8C4BB4EEC47BF1EE31
:101FA40010FA36EE0A6B17DD37EE099BB5EE005BCF
:101FB4009FED874B9FED883B37EE444B84EE037BCC
:101FC400BDEEC77BB8EEC77B27EE055B39EE079BFA
:101FD400BBFE457B39EE477B9FED813B9FED822B1A
:101FE4009FED6F5B37EE037B9FED6F4B37EE422B1C
:101FF4009FED7F1B82EE053BB2EE0B2BBBFE433BFA
:1020040023EE055BBBFE455B37EE457B87EE045B49
:1020140037EE017BBBFE455B25EE044BB4EEC25BA1
:10202400BBFE444BF1EE10FA37EE447BBBFE477B1C
:10203400BDEEC77B40F1A981B7EE004B35EE445BA2
:10204400FDEEC57B17EE903A022B40F38D819FED98
:102054006A5B33EE453BBDEEC33BB8EEC33B07EED4
:10206400903AB0EE000BB8EEE75BB8EEC77B9FED9D
:10207400484B9FED491B9FED4A2B83EE049B83EE57
:10208400014B23EE023BB7EE002B9FED5D1B35EEBB
:10209400025BBBFE433B9FED442B25EE025B38EE17
:1020A400412BBBFE455BBBFE499B30EE490BBBFE9F
:1020B400448B30EE080BB3EE084B30EE033B9FED40
:1020C4003C0B33EE055B9FED508B35EE077B9FEDAC
:1020D400505B37EE007B37EE417BA7EE058B86EE37
:1020E400045B9FED4D7BB4EEC48BF1EE10FA32EE3F
:1020F400055B85EE073B06DB38EE448BB4EEC48B00
:10210400F1EE10FAF8DAB5EEC08BF1EE10FA08D55C
:10211400B3EE087B38EE078BB5EEC08BF1EE10FA08
:10212400F8D4B3EE087B9FED3E2B9FED3F4BA6EE1C
:10213400028B23EE044BA3EE048BB4EEC78BF1EEBB
:1021440010FA06DB38EE478BB4EEC78BF1EE10FACB
:10215400F8DAB5EEC08BF1EE10FA08D5B3EE087BD1
:1021640038EE078BB5EEC08BF1EE10FAF8D49FED84
:10217400306B9FED319B9FED324B9FED330BA5EE02
:10218400069BA5EE440B9FED32AB69E0AFF30080F4
:1021940000000000000059400000000000007940E9
:1021A4000000000000D4764061545227A0993E40BC
:1021B40000000080A2423A410000000000004E40AE
:1021C400000000000020AC40000000008C8A414167
:1021D40000000040D07D3C410000000088D5E14073
:1021E4000000000000D097406666666666865E4022
:1021F400000000000000000000000000006CB2407D
:10220400000000802CB4424198B05E8E1CCA1A4073
:10221400D7E5E7EA5BD2B03F00000000A0D5E1407B
:10222400F2E1F1E7360BF03F05A227655243FB3E8E
:1022340043AD69DE718AEF3FEC51B81E858771406A
:1022440028806264C91CAB3FC3F5285C8F425F40A1
:10225400F8C1631ADCA54C40704900205852002094
:102264009FED517B39EE099B9FED51BB80EE0A0B2C
:10227400A5EE47BB21F088FAB0EE40CB89EE0A0BFD
:1022840021F082FAB0EE406B8BEE0A0B9FED4A9B75
:102294009FED4B7B29EE469BACEE079B21F0ECF9BE
:1022A400B3EE087BA9EE008BB4EEC78BF1EE10FA07
:1022B40006DB38EE478BB4EEC78BF1EE10FAF8DA92
:1022C400B5EEC08BF1EE10FA08D5B3EE087B38EE0C
:1022D400078BB5EEC08BF1EE10FAF8D4B2EE0E5BBC
:1022E400B3EE087B97ED0E4B84EE056B38EE468B10
:1022F400B4EEC78BF1EE10FA06DB38EE478BB4EE82
:10230400C78BF1EE10FAF8DAB5EEC08BF1EE10FAE5
:1023140008D5B3EE087B38EE078BB5EEC08BF1EE33
:1023240010FAF8D4B3EE085B9FED276B88EE057BBB
:1023340027EE067BBDEEC77B72B687ED007A62B6E8
:1023440072B63A683B68C7E9042362B6224810F0C3
:1023540053FF18B3204810F097FF0A20BDEC0A8BF6
:10236400BDE8F8401EF02EBE9FED195B5A1E33EEF9
:10237400453B012ABDEEC33B3FF66FAE13EE102A78
:102384000C33013A03EE102A67E6B2EE0A4B35EE3F
:10239400445BFDEEC57B17EE903A55E60E4810F00F
:1023A40043FFD7E7AFF3008048AFBC9AF2D79A3E19
:1023B400FF21FDF67570374054E41071732AF93E1D
:1023C40003B34291EEE734BF00000000C07A6041DD
:1023D40000000000006BB240B0490020114B93F89C
:1023E4008B1693F8AB26914210B504D0002283F8E3
:1023F4008B2683F8AB260B4814F056FE00B110BDB3
:1024040009490A4C09680A4B0A4A04FB0133054886
:10241400B2EB730FBDE8104094BF0121002115F009
:10242400B1BC00BFB049002058520020CDCCCCCC68
:102434009899991999999919F8B50C4672B62D4A33
:10244400116862B61369CB1A002B23DC2A4E2B4D7C
:102454001EF00CFE2A4B9A68D968821A186098609C
:102464008A425A6042F20F71C8BFDA603268D5F806
:102474002835D31A8B4294BF01210021217004D93D
:1024840042F210731344C5F828351C48BDE8F840DF
:1024940015F04CBAD06811611844D06091688B4231
:1024A40000DD9360012B03D05068591E0144516034
:1024B400126842F20F7C1348D1170F4E80FB025072
:1024C4000E4DC1EB6011642000FB11213068D5F87A
:1024D4002825821A624594BF01220022227004D961
:1024E40042F210770744C5F82875044815F028FB14
:1024F400AEE700BF585200200C5A0020B04900201B
:10250400145A00201F85EB51F8B5164E0446164D9B
:10251400377801F0EBF904F0DFFD95F8F8349F42C9
:1025240005D01721284610F053FF95F8F8340E48CB
:10253400337014F0B3FD10B995F8F83543B920465B
:10254400FFF74CFF20460949BDE8F840FFF774BF88
:10255400054810F031FE044815F022FE024810F040
:102564002FFEECE74B5A0020B04900204A5A0020C5
:1025740008B51EF047FEBDE808401EF043BE00BF8C
:102584000121172010B51EF0D7FD00224FF416517B
:102594000C4814241DF0C6FD012117201EF090FDE7
:1025A4000A201EF00FFD172000211EF089FD3220A5
:1025B4001EF008FD013CEFD101211720BDE81040B9
:1025C4001EF07EBD383300202DE9F8431B4D40F248
:1025D400EE281B4C1B4FDFF880902E6820F022FE63
:1025E4002378F3B13B78DB071BD52B68D9F800209F
:1025F4009B1A0E2B15D901221349144801F054FAE1
:1026040000224FF4614112481DF08CFD104911481D
:10261400022201F049FA00211720BDE8F8431EF018
:102624004FBD2B6822789B1B2AB1B3F5FA6FE2D811
:1026340020F0F8FDD2E74345FAD9DCE70C5A002034
:102644005C5A00205B5A0020C832002058580020F1
:10265400D8320020345800202C5A002070B5174C72
:102664000F21174E012520461DF0CAFE20460022E8
:102674000E211DF029FF204600224DF6C0211DF039
:1026840051FD0A2304220F492046A3601EF0F6F9E7
:1026940020461DF005FDFA201EF094FC06E01DF016
:1026A400B5FCC0B23F2808BF86F8375020461DF05D
:1026B4005BFC03462046002BF1DC70BD9833002000
:1026C400B04900204825002070B5284C0546FFF786
:1026D40057FF00260FF072FF204610F0D1FD24486A
:1026E40017F09CFA0021012017F0A6FA1FF0E2FB74
:1026F400314617F075FA012106201EF01DFDD4F8AD
:10270400A41806201FF09EFA204610F051FD204622
:1027140010F05CFE314604F5DD6010F0A1FE2046A9
:1027240013F09AFD204610F025FE2846FFF7B4FB6F
:1027340072B6104B19681A68C3E9041262B64FF4F2
:10274400FA601EF03FFC0C481DF00EFC03462846C0
:10275400B342D4BF0023012384F83830FFF77EFF4F
:102764002846BDE87040FFF72FBF00BFB0490020E6
:1027740029010000585200203833002030B5037876
:1027840083B00446062B4FD03A2B4AD14378243BDE
:10279400442B46D8DFE813F02001450045004500EE
:1027A40045004500450045004500450045004500FD
:1027B40045004500450045004500450045004500ED
:1027C40045004500450045004500450045004500DD
:1027D40045000401C800B800E400D100ED00AF00DA
:1027E400450045004500450045009F004500450063
:1027F400450096008D00840074006B004500610064
:10280400450045004500450045004500450045009C
:102814004500450045004500450045004500580079
:102824004F00042003B030BD4378002B14BF0420B4
:10283400012003B030BD81787F4825F007F80028D7
:102844000CBF04200220EDE781787C4824F0FEFFD1
:1028540000280CBF04200220E4E781787848019125
:1028640024F0F4FF002800F0CA800020DAE7817821
:10287400744824F0EBFFB0FA80F040098000D1E7FF
:1028840081787148019124F0E1FF0028EDD101998C
:102894006E4824F0DBFF00280CBF04200220C1E7AF
:1028A40081786B4824F0D2FF00280CBF042002205A
:1028B400B8E78178674824F0C9FFB0FA80F040098E
:1028C4008000AFE78178644824F0C0FFB0FA80F05C
:1028D40040098000A6E784786048214624F0B6FFCA
:1028E4000028C2D121465E4824F0B0FF002800F041
:1028F4009A80012096E781785A4824F0A7FF00289F
:102904000CBF042003208DE781785748019124F0FF
:102914009DFF002871D10199544824F097FFB0FA23
:1029240080F0400980007DE78178514824F08EFFD3
:10293400B0FA80F04009800074E785784D48294654
:1029440024F084FF002858D14D2D63D0572D7FF4F7
:1029540068AFE378303B012B8CBF0420022061E791
:102964008178384824F072FF00280CBF042003202B
:1029740058E781784048019124F068FF00287FF4EB
:1029840074AF01993D4824F061FF002840D10199BA
:102994003B4824F05BFF00280CBF0420032041E7E0
:1029A400384925F001F900283FF43CAF3649204668
:1029B40025F0FAF800283FF435AFA17833480191A7
:1029C40024F044FF20BB0199314824F03FFF002844
:1029D4000CBF0420032025E781782E48019124F0C0
:1029E40035FF00287FF441AF01992B4824F02EFFD6
:1029F40000280CBF0420022014E7032012E70199E9
:102A0400264824F023FF00280CBF0420032009E7F4
:102A1400022007E7E178224824F018FF00280CBFC1
:102A240004200120FEE621461E4824F00FFF002862
:102A34000CBF04200220F5E6941E0020701E002026
:102A4400F01E0020E41F0020E01E0020E81E0020ED
:102A5400C81E0020BC1E0020B41E0020A01E0020A2
:102A6400A81E0020741E0020381E00209C1E00207A
:102A7400341E00203C1E0020481E0020541E00204E
:102A8400681E00200C1E0020141E00201C1E0020A6
:102A9400301E0020501E0020FC1E0020F81E0020C6
:102AA400401E0020B01E0020002800F00B8510B549
:102AB400037804463A2B40F0F484FFF75FFE0028C5
:102AC40000F0DC84431EDBB2012B40F2D8840328DF
:102AD40040F0EF84C549204625F066F8002800F050
:102AE400D084C349204625F05FF8002800F0CB8449
:102AF400C049204625F058F8002800F0C684BE4995
:102B0400204625F051F8002800F0C184BB49204636
:102B140025F04AF8002800F0BE84B949204625F083
:102B240043F8002800F0B984B649204625F03CF863
:102B3400002800F0B484B449204625F035F8002874
:102B440000F0B284B149204625F02EF8002800F0A8
:102B5400AD84AF49204625F027F8002800F0998479
:102B6400AC49204625F020F8002800F0A584AA49A5
:102B7400204625F019F8002800F0A084A749204633
:102B840025F012F8002800F09B84A549204625F082
:102B94000BF8002800F09984A249204625F004F897
:102BA400002800F09484A049204624F0FDFF00286A
:102BB40000F08F849D49204624F0F6FF002800F0A1
:102BC4008A849B49204624F0EFFF002800F0858486
:102BD4009849204624F0E8FF002800F080849649B4
:102BE400204624F0E1FF002800F07B84934920462E
:102BF40024F0DAFF002800F076849149204624F07E
:102C0400D3FF002800F071848E49204624F0CCFFC5
:102C1400002800F06C848C49204624F0C5FF00286D
:102C240000F067848949204624F0BEFF002800F0A4
:102C340062848749204624F0B7FF002800F05D84B1
:102C44008449204624F0B0FF002800F058848249CB
:102C5400204624F0A9FF002800F053847F49204631
:102C640024F0A2FF002800F050847D49204624F07F
:102C74009BFF002800F047847A49204624F094FF03
:102C8400002800F046847849204624F08DFF00286F
:102C940000F03D847549204624F086FF002800F0AA
:102CA4003E847349204624F07FFF002800F03584D9
:102CB4007049204624F078FF002800F088846E498B
:102CC400204624F071FF002800F07F846B492046E1
:102CD40024F06AFF002800F076846949204624F035
:102CE40063FF002800F06D846649204624F05CFFF1
:102CF400002800F064846449204624F055FF00282D
:102D040000F05B846149204624F04EFF002800F067
:102D140052845F49204624F047FF002800F049848C
:102D24005C49204624F040FF002800F040845A49C2
:102D3400204624F039FF002800F037845749204604
:102D440024F032FF002800F02E845549204624F058
:102D54002BFF002800F025845249204624F024FF4C
:102D6400002800F01C845049204624F01DFF002850
:102D740000F013844D49204624F016FF002800F08B
:102D84000A844B49204624F00FFF002800F00184F8
:102D94004849204624F008FF002800F0F8834649FB
:102DA400204624F001FF002800F0EF834349204629
:102DB40024F0FAFE002800F0E6834149204624F07E
:102DC400F3FE002800F0DD833E49204624F0ECFEAB
:102DD400002800F0D4833C49204624F0E5FE002876
:102DE40000F0CB833949204672E000BF0C1F00205D
:102DF400141F00201C1F0020241F00202C1F002053
:102E0400341F0020381F002048250020401F0020C8
:102E1400481F0020501F0020581F0020601F002062
:102E2400681F0020701F0020781F0020801F0020D2
:102E3400881F0020901F0020981F0020A01F002042
:102E4400A81F0020B01F0020B81F0020C01F0020B2
:102E5400C81F0020D01F0020D81F0020E01F002022
:102E6400E81F0020F01F0020F81F00200020002091
:102E740008200020102000201820002020200020FE
:102E8400282000203020002038200020402000206E
:102E940048200020502000205820002060200020DE
:102EA400682000207020002078200020802000204E
:102EB400882000209020002098200020A0200020BE
:102EC400A8200020B0200020B8200020C02000202E
:102ED40024F06AFE002800F04E83C549204624F001
:102EE40063FE002800F04583C249204624F05CFEBE
:102EF400002800F03C83C049204624F055FE0028F9
:102F040000F03383BD49204624F04EFE002800F033
:102F14002A83BB49204624F047FE002800F0218381
:102F2400B849204624F040FE002800F01883B64932
:102F3400204624F039FE002800F00F83B3492046D0
:102F440024F032FE002800F00683B149204624F024
:102F54002BFE002800F0FD82AE49204624F024FE1A
:102F6400002800F0F183AC49204624F01DFE00281F
:102F740000F0E883A949204624F016FE002800F05A
:102F8400DF83A749204624F00FFE002800F0D683F3
:102F9400A449204624F008FE002800F0CD83A2496D
:102FA400204624F001FE002800F0C4839F492046F7
:102FB40024F0FAFD002800F0BB839D49204624F04C
:102FC400F3FD002800F0B2839A49204624F0ECFD7A
:102FD400002800F0A9839849204624F0E5FD002844
:102FE40000F0A0839549204624F0DEFD002800F07F
:102FF40097839349204624F0D7FD002800F08E8360
:103004009049204624F0D0FD002800F085838E49A5
:10301400204624F0C9FD002800F07C838B4920461B
:1030240024F0C2FD002800F073838949204624F06F
:10303400BBFD002800F06A838649204624F0B4FDD5
:10304400002800F061838449204624F0ADFD002867
:1030540000F058838149204624F0A6FD002800F0A2
:103064004F837F49204624F09FFD002800F04683CB
:103074007C49204624F098FD002800F03D837A49DD
:10308400204624F091FD002800F03483774920463F
:1030940024F08AFD002800F02B837549204624F093
:1030A40083FD002800F022837249204624F07CFD31
:1030B400002800F019837049204624F075FD00288B
:1030C40000F010836D49204624F06EFD002800F0C6
:1030D40007836B49204624F067FD002800F0FE8238
:1030E4006849204624F060FD002800F0F582664916
:1030F400204624F059FD002800F0EC826349204664
:1031040024F052FD002800F0E3826149204624F0B7
:103114004BFD002800F0DA825E49204624F044FD8D
:10312400002800F0D1825C49204624F03DFD0028AF
:1031340000F08B825949204624F036FD002800F027
:1031440082825749204624F02FFD002800F079821E
:103154005449204624F028FD002800F0708252498A
:10316400204624F021FD002800F067824F492046C4
:1031740024F01AFD002800F05E824D49204624F018
:1031840013FD002800F055824A49204624F00CFD26
:10319400002800F04C824849204624F005FD002810
:1031A40000F043824549204624F0FEFC002800F04C
:1031B4003A824349204624F0F7FC002800F031828B
:1031C4004049204624F0F0FC002800F028823E49C3
:1031D400204624F0E9FC002800F01F823B492046E9
:1031E40024F0E2FC002800F016823949204671E000
:1031F400C8200020D0200020D8200020E02000207B
:10320400E8200020F0200020F820002000210020E9
:103214000821002010210020182100202021002056
:1032240028210020302100203821002040210020C6
:103234004821002050210020582100206021002036
:1032440068210020702100207821002080210020A6
:10325400882100209021002098210020A021002016
:10326400A8210020B0210020B8210020C021002086
:10327400C8210020D0210020D8210020E0210020F6
:10328400E8210020F0210020F82100200022002065
:1032940008220020102200201822002020220020D2
:1032A4002822002030220020382200204022002042
:1032B40048220020502200205822002060220020B2
:1032C4006822002070220020782200208022002022
:1032D4008822002024F068FC002800F09A81DC4950
:1032E400204624F061FC002800F09181D949204651
:1032F40024F05AFC002800F08881D749204624F0A5
:1033040053FC002800F07F81D449204624F04CFC73
:10331400002800F07681D249204624F045FC00289C
:1033240000F06D81CF49204624F03EFC002800F0D7
:103334006481CD49204624F037FC002800F05B81ED
:10334400CA49204624F030FC002800F05281C849C4
:10335400204624F029FC002800F04981C549204674
:1033640024F022FC002800F04081C349204624F0C8
:103374001BFC002800F03781C049204624F014FCCF
:10338400002800F02E81BE49204624F00DFC0028C0
:1033940000F02581BB49204624F006FC002800F0FB
:1033A4001C81B949204624F0FFFB002800F013815A
:1033B400B649204624F0F8FB002800F00A81B449FD
:1033C400204624F0F1FB002800F0C180B1492046DA
:1033D40024F0EAFB002800F0B880AF49204624F02E
:1033E400E3FB002800F0AF80AC49204624F0DCFB6E
:1033F400002800F0A680AA49204624F0D5FB002826
:1034040000F09D80A749204624F0CEFB002800F060
:103414009480A549204624F0C7FB002800F08B8047
:10342400A249204624F0C0FB002800F08280A04975
:10343400204624F0B9FB002879D09E49204624F088
:10344400B3FB002871D09C49204624F0ADFB002832
:1034540069D09A49204624F0A7FB002861D09849F6
:10346400204624F0A1FB002855D09649204624F09C
:103474009BFB00280CBF04204FF0FF3010BD01203F
:1034840010BD102010BD042010BD042010BD042068
:1034940010BD202010BD042010BD042010BD10203C
:1034A40010BD4FF0FF3010BD202010BD4FF48070D0
:1034B40010BD4FF0FF3010BD102010BD802010BD96
:1034C400102010BD4FF0FF307047102010BD1020A9
:1034D40010BD082010BD102010BD102010BD082004
:1034E40010BD082010BD102010BD102010BD1020EC
:1034F40010BD082010BD102010BD082010BD1020E4
:1035040010BD102010BD102010BD042010BD2020BF
:1035140010BD102010BD102010BD042010BD1020BF
:1035240010BD102010BD082010BD082010BD1020B3
:1035340010BD042010BD082010BD102010BD1020A7
:1035440010BD082010BD102010BD102010BD042097
:1035540010BD102010BD102010BD082010BD10207B
:1035640010BD102010BD102010BD102010BD102063
:1035740010BD102010BD102010BD102010BD102053
:1035840010BD102010BD102010BD102010BD102043
:1035940010BD102010BD802010BD102010BD1020C3
:1035A40010BD102010BD882010BD102010BD1020AB
:1035B40010BD102010BD102010BD102010BD102013
:1035C40010BD102010BD102010BD102010BD04200F
:1035D40010BD082010BD102010BD042010BD042013
:1035E40010BD042010BD082010BD082010BD1020FF
:1035F40010BD082010BD082010BD102010BD1020E3
:1036040010BD102010BD102010BD082010BD0420D6
:1036140010BD102010BD102010BD102010BD1020B2
:1036240010BD102010BD102010BD082010BD0820B2
:1036340010BD102010BD102010BD102010BD08209A
:1036440010BD082010BD082010BD082010BD00BF0B
:103654009022002098220020A0220020A8220020EE
:10366400B0220020B8220020C0220020C82200205E
:10367400D0220020D8220020E0220020E8220020CE
:10368400F0220020F822002000230020082300203C
:1036940010230020182300202023002028230020AA
:1036A400302300203823002040230020482300201A
:1036B400502300205823002060230020682300208A
:1036C4007023002078230020082010BD082010BD9E
:1036D400042010BD042010BD082010BD082010BD1A
:1036E400082010BD082010BD082010BD082010BD02
:1036F400102010BD102010BD082010BD082010BDE2
:10370400082010BD082010BD102010BD102010BDD1
:10371400082010BD082010BD082010BD102010BDC9
:10372400102010BD102010BD102010BD082010BDA9
:10373400102010BD102010BD042010BD102010BD9D
:10374400102010BD102010BD102010BD2F4B84463A
:103754002DE9F04F00259E461C464FF0010BC56431
:103764004FF4E13AA0F850504DF67C594FF4164806
:103774004FF4E1474FF49646BEE80F00CCF82E0014
:10378400CCF83210CCF83620CCF83A30BEE807003A
:10379400CCF83E00CCF84210CCF846209EF800E06D
:1037A4000FCCCCF85200CCF85610CCF85A20CCF8F8
:1037B4005E304FF416538CF84AE007CCCCF8620024
:1037C4006046CCF866104FF49651CCF86A204FF45A
:1037D40061528CF86EE08CF85EB1CCF810608CF815
:1037E40070508CF84251ACF82C50CCE905234FF4BE
:1037F4001663CCE907134FF49663CCE900A9CCE92E
:103804000287CCE90935BDE8F08F00BF281D0020F0
:10381400024B3122A3F87020704700BF0C580020DF
:10382400044A054B1268110CA3F8702083F8721037
:10383400704700BF242000200C580020024B302287
:10384400A3F87020704700BF0C580020044A054BB1
:103854001268110CA3F8702083F87210704700BF2F
:103864001C2000200C580020024B2322A3F87020B7
:10387400704700BF0C580020044B18B13122A3F844
:10388400702070473022A3F8702070470C58002035
:10389400024B002283F87020704700BF0C580020B0
:1038A40070B5114E2321304623F0D0FF58B10246A3
:1038B40006F1D200941BFFF7F7F824EAE47383427D
:1038C40001DAD02800DD70BD051B621C3146701979
:1038D40023F0EEFE002DF6DD2A4630462021BDE819
:1038E400704023F061BF00BF7C58002030B55A4CB3
:1038F40083B0002504F14C008DF8075000F0D8F88F
:1039040004F1280000F0D4F804F5A17104F12800B2
:103914000DF1070200F05EF90DF1070204F5A17143
:1039240004F14C0000F056F99DF80730002B57D0F5
:10393400D222294604F1700023F036FF94F8423174
:10394400063B622B48D8DFE803F0834747474747E5
:1039540047474747474747474747474747474747F3
:1039640047474747474747478047474747474747AA
:1039740047474747474747474747474747474747D3
:1039840047474747477D7A7774716E6B4747474788
:10399400476847474765625D5A5747544747474713
:1039A40047474747474747474747475132000AF089
:1039B4000BFE94F870307BB1FFF772FF27499DF836
:1039C4000720A1F1240000F019F924499DF80720EB
:1039D400A1F1480000F012F9214B93F8E0360BB93D
:1039E40003B030BD15F04AF803B030BD03F0E0F881
:1039F400DFE70AF0DDFADCE70AF0D6F8D9E709F0E8
:103A0400A7FAD6E70DF1070006F012FCD1E706F09D
:103A140073F9CEE706F012F9CBE705F0DDFCC8E751
:103A240001F0B6FEC5E701F0A1FDC2E701F0ACF874
:103A3400BFE701F07FF8BCE700F05EFEB9E700F0F5
:103A4400F3FDB6E700F06CF9B3E70AF085FDB0E7E3
:103A540000F0C2FDADE700BF0C5800207C580020E8
:103A6400B049002008B51DF0CDFB1DF0CBFB0A4882
:103A7400FFF76CFE094B0022002000211A601A6136
:103A84005A605A619A60DA60C3E90801C3E90A011D
:103A9400C3E90C0108BD00BF0C5800205852002097
:103AA4001FF01CBB1FF0D6BA01600271704700BF43
:103AB4002DE9F0430446444D83B0444E206800276A
:103AC400DFF80C8103681B69AB4231D11FF0C2FAE5
:103AD400002830DD94F80590B9F1000F2BD120684F
:103AE40003685B69B3426DD11FF0F8FAC0B20628CF
:103AF40024D0831FDBB21A2B2AD848FA03F3DB073E
:103B04000FD594F82220531C2244DBB290711B2B56
:103B140004EB030284F82230977134D91B2384F810
:103B2400223084F80590206803681B69AB42CDD02D
:103B340098470028CEDC03B0BDE8F08394F8223027
:103B4400002BEED10123E080637103B0BDE8F08364
:103B540094F82220531C2244DBB290711B2B04EBFB
:103B6400030284F8223097710DD91B23232884F88B
:103B74002230D6D1A2793A2A0ED084F82270A771C5
:103B840084F80590CFE72328CBD194F82230012B79
:103B9400F3D9A2793A2AF0D1013B23449A79232A12
:103BA400EBD1E11D4FF001099F710846019124F00A
:103BB400D7F9019900EB0902A01D23F079FD84F8DF
:103BC4000590B0E7984791E7451D0000411D0000AE
:103BD4006EFFFFFB437970B5044613B116781546A2
:103BE40006B170BD0846A11D24F048F92379667119
:103BF40084F82260A6712B7070BD00BF03799342D4
:103C040000D0704770B50D46046851B1084624F0E1
:103C1400A7F923680246294620465B68BDE8704040
:103C2400184770BD08B51DF0EDFABDE808401DF059
:103C3400E9BA00BF0000000010B5374C94F88F3487
:103C4400032B2DED028BB0EE408B02D894F8983400
:103C540073B932481BF040FAA37D012B3FD02F48A3
:103C6400BDEC028B9FED260BBDE810401BF0E8B9BC
:103C740004F5966393ED000B04F59863B0EEC07BF6
:103C840013ED021BB5EEC07BF1EE10FA06DCB0EECC
:103C9400C17BB5EEC07BF1EE10FADADD1F481BF0F4
:103CA400A7F80028D5D094EDA27BB5EE407BF1EEC9
:103CB40010FA0FD194EDA47BB5EE407BF1EE10FA2F
:103CC40008D194EDA67BB5EE407BF1EE10FA14BF5B
:103CD4000120002084F89004BDEC028B10BDB5EEE9
:103CE400C08B0E489FED080B9FED097BF1EE10FA97
:103CF400BDEC028B20FE070BBDE810401BF0A0B901
:103D04000000000000000000182D4454FB21F93F7E
:103D1400182D4454FB21F9BFB0490020F84A002073
:103D24002DE9F043BA4C2DED048B94F84351BBB00C
:103D3400A5F12A032D2B38D8DFE813F03B01370017
:103D4400370037003700370024013E003E003E00B4
:103D54003E003E003E003E003E003E00370037007D
:103D640037003700370037003700D6001401D6007B
:103D74003700F400370037003700370037003700CA
:103D840037003700370037002E0037003700370080
:103D9400370037003700320194F844312BB99D4C79
:103DA40094F87B34002B40F028823BB0BDEC048BAC
:103DB400BDE8F043FFF76CBDA5F13006F6B272B66C
:103DC400954B1B6862B6954A934203DD94490B44B4
:103DD4009342FCDC07EE903AB3EE084B8D4CB2EE06
:103DE4000E5BB8EEE77B0EAF04F59C689FED803B5D
:103DF40098ED000B9FED808B87EE036B26EE046B32
:103E040096EE050B18F008FA864B14A820EE082B42
:103E140018ED021B9FED7A0B93ED029B21EE081B1C
:103E240017F034F9384621460FF012FA10AB29EE98
:103E3400080B0FCB8DE80F0014A92CA897E80C00F1
:103E440017F06AF9032E94F88F7402D1032F40F20D
:103E5400748294F8303394F86024134300F0B982E8
:103E64006C4920A810F044FA032F40F2208294F801
:103E74006034012B40F2E2822CA86B4F17F094FCC3
:103E84002CA8B0EE408B17F07DFC20A88DED060B1E
:103E940017F0C2FD20A88DED040B17F0B3FD3846D2
:103EA400B0EE403BB0EE480B9DED042B9DED061BA0
:103EB4001BF034FA94F88F34B34240F2998294F8A8
:103EC4006034022B00F2048301222F3D94F8323334
:103ED40084F87D2484F87E5484F87834002384F8AC
:103EE4003630FFF795FC38E04A4D01200CF028FCF1
:103EF40028460FF099F994F843210023A2F14102D6
:103F040085F87D34B2FA82F285F87E3485F87B3404
:103F1400520985F87C243BB0BDEC048BBDE8F0432A
:103F2400FFF776BC3B4B93F83223002A5BD093ED2A
:103F3400CE7B9FED356B27EE067B01233B4C0022A5
:103F44002CA9009320468DED2C7B18F02DF82046EB
:103F540024F006F8364B1B8823523BB0BDEC048B8F
:103F6400BDE8F08301200CF0EBFB2A4B002283F820
:103F74007B24C3F87C243BB0BDEC048BBDE8F04348
:103F8400FFF746BC94F844312C2B53D0D4F8445159
:103F940043F22C3325F07F459D4240F0E48104E751
:103FA4000CF098FF3BB0BDEC048BBDE8F043FFF789
:103FB4002FBC94F844312C2B74D194F84531722BD6
:103FC40000F0F481D4F8446143F22C3226F07F46A9
:103FD40096423FF4EAAE94F84671002F7FF4E5AEC2
:103FE4006D2B69D0E1E69FED067BA6E7AFF3008079
:103FF40000000000C07A6041399D52A246DF913F23
:104004000000000000000000F8C1631ADCA54C4069
:104014000C580020B04900205852002000D68300DC
:10402400002A7CFF70490020F84A00207C580020B8
:10403400E41F002094F84531722B40F0818194F8FC
:104044004631A3F13005343B052BEDB23FF6ADAE5E
:1040540094F84731002B7FF4A8AE002D3FF4A5AEB1
:104064002E46CB4C01200CF06BFB20460FF0DCF805
:10407400012104F5DD600FF0F3F90A201CF0A2FF22
:1040840094F8F835002B40F0AF810123002284F826
:104094007A5484F88F6484F87D34A4F87E3484F8E8
:1040A4007B2438E7D4F8446143F22C3326F07F466E
:1040B4009E423FF47AAE0027B54C01200CF040FB41
:1040C400012104F5DD600FF0CBF90A201CF07AFF22
:1040D40094F8F835002B40F0AD81AD4812F0F0FFB4
:1040E40094F8C03480461BB10022984684F8C0245A
:1040F40072B6A84B1B6862B6A7498B4203DDA74D75
:104104002B448B42FCDC07EE903AB3EE084BA44DF3
:10411400B2EE0E5BB8EEE77B0DF120099FED963B06
:1041240095ED000B9FED968B87EE036B26EE046BEB
:1041340096EE050B18F070F89A4B14A820EE082B95
:1041440015ED021B9FED900B93ED029B21EE081BD6
:1041540016F09CFFA5F59C6148460FF079F80AAB70
:1041640029EE080B0FCB8DE80F0014A92CA899E8B1
:104174000C0016F0D1FF42462CA9A5F59C600FF067
:10418400CDFDA5F59C6120A810F0B2F82CA817F07D
:104194000BFB2CA8B0EE408B17F0F4FA20A88DEDA1
:1041A400060B17F039FC20A88DED040B17F02AFC40
:1041B400A5F56670B0EE403BB0EE480B9DED042BC8
:1041C4009DED061B1BF040F80122022384F87D2498
:1041D40084F87E34002F40F0058146F62C539E422D
:1041E4000CBF03230223002284F87A3484F88F74EA
:1041F40084F87B24FFF70CFBAFE672B6654B1B68B3
:1042040062B6654A934203DD64490B449342FCDC85
:1042140007EE903AB3EE084B614DB2EE0E5BB8EE8A
:10422400E77B14AE9FED543B95ED000B9FED548B53
:1042340087EE036B26EE046B96EE050B17F0ECFF8E
:10424400584B20A820EE082B15ED021B9FED4E0BBA
:1042540093ED029B21EE081B16F018FFA5F59C6157
:1042640030460EF0F5FF16AB29EE080B0FCB8DE8A8
:104274000F0020A92CA896E80C0016F04DFF012091
:104284000CF05EFAA5F59C6012F01AFF2CA9024608
:10429400A5F59C600FF042FD0023022284F87D34D2
:1042A40084F87E34A4F87A2484F8363033E62CA8D3
:1042B40017F07AFA2CA8B0EE408B17F063FA20A816
:1042C4008DED060B17F0A8FB20A88DED040B17F05D
:1042D40099FB3548B0EE403BB0EE480B9DED042B06
:1042E4009DED061B1BF01AF82CA817F05DFA2CA8FC
:1042F400B0EE408B17F046FA20A88DED060B17F0B0
:104304008BFB20A88DED040B17F07CFB2648B0EE48
:10431400403BB0EE480B9DED042B9DED061B1AF0BF
:1043240093FF94F83233002B40F0C48001232F3DD7
:1043340084F87D3484F87E54D0E5FFF7A9FA0CE6BE
:10434400D4F8445143F22C3225F07F4595423FF492
:104354002CAD94F84621002A7FF427AD322B02D0ED
:104364006D2B7FF422AD46F62C5300269D420CBFE4
:104374000325022575E600BF00000000C07A6041F5
:10438400399D52A246DF913F00000000000000006A
:10439400B04900205852002000D68300002A7CFF38
:1043A400904E002070490020F84A002094F84631CD
:1043B400A3F13402052A3FF6F8AC94F84721002A09
:1043C4007FF4F3AC303BD4F84461DFB226F07F468F
:1043D40072E67B4812F074FE2CA9024678480FF06E
:1043E4009DFC3DE53B46FEE6204613F0C1FE4CE64F
:1043F40094F83223002A99D0032B04D994F860341A
:10440400032B00F2A280B0EE490BFFF715FC6C48B9
:1044140012F056FE2CA9024669480FF07FFC0023D7
:10442400012284F87D3484F87E3484F8782484F876
:104434007B3453E5204613F09BFE4EE62CA8614FD7
:1044440017F0B2F92CA8B0EE408B17F09BF920A816
:104454008DED060B17F0E0FA20A88DED040B17F094
:10446400D1FA3846B0EE403BB0EE480B9DED042B3C
:104474009DED061B1AF052FF2CA817F095F92CA8F5
:10448400B0EE408B17F07EF920A88DED060B17F0E7
:10449400C3FA20A88DED040B17F0B4FA3846B0EE39
:1044A400403BB0EE480B9DED042B9DED061B1AF02E
:1044B400CBFEFFE4424812F017FE054628B994F8F3
:1044C4007A34022B01D9022E5DD094F88F3493E70D
:1044D4000023002208A93846CDE9082300221BF056
:1044E400A9FC034600283FF4EFAC9FED314B9DED52
:1044F400087B9FED315B94EDA26B27EE047BB5EE58
:10450400406B27EE057BF1EE10FAB7EEC77B87ED23
:10451400D37A0FD194EDA47BB5EE407BF1EE10FA83
:1045240008D194EDA67BB5EE407BF1EE10FA14BFF2
:104534000123002384F89034214812F0C1FD2CA9F2
:1045440002461F480FF0EAFBBEE40CF079FC002899
:104554003FF459AF94EDA27BB5EE407BF1EE10FA37
:104564007FF455AF94EDA47BB5EE407BF1EE10FAE9
:104574007FF44DAF94EDA67BB5EE407BF1EE10FADF
:104584003FF441AF43E70E4812F09AFD2CA90246CE
:104594000B480FF0C3FB0323012284F8785484F8FA
:1045A4007D3484F87E3484F87B2497E4AFF3008070
:1045B400F8C1631ADCA54C40000000000020AC40A8
:1045C400B0490020F84A002008B51CF01BFEBDE8E5
:1045D40008401CF017BE00BF0C4B9B7D022B0DD076
:1045E40005D8012B0ED10A4B47221A807047033B92
:1045F400012B07D8064B41221A807047044B5022E6
:104604001A807047024B4C221A807047B049002030
:104614007C58002008B51CF0F5FDBDE808401CF0EE
:10462400F1BD00BF0000000008B52D4B93F84331E5
:104634002D2B01D02B2B4AD12A4AD2F8A418FF29BA
:1046440023DC1E2944DC1F212D2BC2F8A41821D001
:104654002B2B13D107EE901A9FED1F6BB8EEE77B5F
:1046640027EE067BFDEEC77B17EE901AFF29C2F8F2
:10467400A4181FDDFF231946C2F8A43806201DF034
:10468400E1FABDE80840FFF703B9FF212D2BC2F87A
:10469400A418DDD107EE901A9FED0F5BB8EEE77B0F
:1046A40087EE056BFDEEC67B17EE901AFF29C2F864
:1046B400A418DFDC1E29E1DC1F2306201946C2F8FA
:1046C400A4381DF0BFFABDE80840FFF7E1B808BD03
:1046D4002D2BBDD1DEE700BF666666666666F63FD3
:1046E4000C580020B049002008B51CF08BFDBDE833
:1046F40008401CF087BD00BF2DE9F043C24C2DEDEE
:10470400028B2046B5B012F0BFFC20B135B0BDEC31
:10471400028BBDE8F083204612F0C6FC0028F5D1D8
:10472400BA4D95F84331413BDBB2142BEED8B84A6D
:1047340042FA03F313F00106E8D1204612F0C0FC5C
:1047440094F8C034074613B11F4684F8C06495F842
:104754004331413B142BD9D801A252F823F000BFB6
:104764005F2B0000AD290000AD290000AD29000039
:10477400AD290000AD290000AD290000AD290000DD
:10478400AD290000AD290000AD290000AD290000CD
:10479400552A0000AD290000AD290000AD29000014
:1047A400AD290000AD290000552A0000AD29000004
:1047B4009B2B000094F87C34002B00F03D8172B6F2
:1047C400944B1B6862B6944A934203DD93490B44AD
:1047D4009342FCDC07EE903AB3EE084B904EB2EEF7
:1047E4000E5BB8EEE77BDFF84C920DF120089FEDED
:1047F400803B96ED000B9FED808B87EE036B26EEDE
:10480400046B96EE050B17F007FD0EA820EE082B9F
:1048140016ED021B9FED7A0B21EE081B16F036FCF9
:10482400A6F59C61404699ED020B20EE080B8DED38
:10483400040B0EF00DFD0AAB0FCB9DED040B8DE8C0
:104844000F000EA926A898E80C0016F065FC94F851
:104854003033002B00F043816B491AA80FF048FD58
:1048640026A816F0A1FF26A8B0EE408B16F08AFF0A
:104874001AA88DED060B17F0CFF81AA88DED040BCE
:1048840017F0C0F86748B0EE403BB0EE480B9DED22
:10489400042B9DED061B1AF0D7FC94F83233002B41
:1048A40040F00A8195F843314D2B00F0FE805648C4
:1048B40035B0BDEC028BBDE8F04313F059BC5A4C43
:1048C400012126A89FED4C7B94ED002B14ED021BD7
:1048D4009FED4B0B22EE072B21EE071B16F0ECFD90
:1048E4003A4626A9A4F59A600FF018FA4F4A504B9D
:1048F40092E803001860197108E70E2000240BF0F9
:10490400BDFC05461CF0A2FC0346681C444E63F340
:1049140007041CF09BFC60F30F24A81C1CF096FCFD
:104924000346E81C63F317441CF090FC0346122072
:1049340063F31F6407EE904A0024B7EEE77A86ED2E
:10494400007B0BF09BFC05461CF080FC60F3070425
:10495400681C1CF07BFC60F30F24A81C1CF076FC84
:104964000346E81C63F317441CF070FC60F31F64F7
:1049740007EE904AB7EEE77A06ED027B72B6254B56
:104984001B6862B6244A934203DD24490B449342D4
:10499400FCDC07EE903AB3EE084BB2EE0E5BB8EED9
:1049A400E77B9FED133B96ED000B9FED138B87EE9A
:1049B400036B26EE046B96EE050B17F02DFC26A870
:1049C40020EE082B16ED021B9FED0D0B21EE081BAC
:1049D40016F05CFB174B26A93A460B4893ED020BE5
:1049E40020EE080B0FF074F980E700BFAFF30080EE
:1049F40000000000C07A6041399D52A246DF913F19
:104A04000000000000000000B04900200C58002005
:104A1400FEEFEBFF5852002000D68300002A7CFFF3
:104A2400904E0020F84A0020804E00208023002071
:104A34007C5800207049002072B6334B1B6862B664
:104A4400324A934203DD32490B449342FCDC07EEC5
:104A5400903AB3EE084B2F4CB2EE0E5BB8EEE77B08
:104A64009FED233B94ED000B9FED238B87EE036BAF
:104A740026EE046B96EE050B17F0CEFB26A820EE6F
:104A8400082B14ED021B9FED1E0B21EE081B16F0E4
:104A9400FDFA214B3A4626A9A4F59C6093ED020B3E
:104AA40020EE080B0FF014F9FCE61C4B93E803000E
:104AB400286785F87410FAE699ED020BFFF7BCF845
:104AC400174812F0FDFA26A9024615480FF026F9F8
:104AD4000122002384F8782484F87C34E2E63A4600
:104AE400A6F59C6026A90FF019F9B5E6AFF300808E
:104AF40000000000C07A6041399D52A246DF913F18
:104B040000000000000000005852002000D683007E
:104B1400002A7CFF904E0020704900208023002052
:104B2400B049002008B51CF06DFBBDE808401CF03E
:104B340069BB00BF10B50B4C94F8433103B110BDF1
:104B4400094812F0ABFA50B17F23A4F87030074C37
:104B5400204623F005FA064B1B88235210BD84F827
:104B64007000F4E70C580020B04900207C58002065
:104B7400E41F002008B51CF045FBBDE808401CF00C
:104B840041BB00BF00000000AF4A2DE9F0412DED0C
:104B9400028B92F84331A0B0413B0C2B13D8DFE8D1
:104BA40003F007128230121212121212121219009A
:104BB40092F84431512B00F00A82532B00F0A78164
:104BC400452B00F0578120B0BDEC028BBDE8F041CD
:104BD400FEF75EBE92F84431532B7ED0412B00F099
:104BE400D782552B00F00783512BECD1974B002231
:104BF40083F8362020B0BDEC028BBDE8F041FEF70F
:104C040007BE924C94F83630012B00F0BA80022B88
:104C14005BD104F59A6312AD012128469FED847B94
:104C240093ED002B13ED021B9FED830B22EE072B5C
:104C340021EE071B16F040FC204612F041FA10AAA0
:104C44000EAB0DF1580E0A90EC46CDE90B32BEE8DE
:104C54000F00ACE80F00BEE80F00ACE80F009EE8C0
:104C640003008CE8030095E80F0013F039FDDFED35
:104C7400786A0246DDED107A9DED0E7A67EEA67A2B
:104C8400744927EE267A7448FDEEE77ABDEEC77ABA
:104C9400CDED007A17EE103A22F0A4FC20B0BDEC62
:104CA400028BBDE8F08192F84431532B00F06A8105
:104CB400542B00F0B180452B00F0608120B0BDEC96
:104CC400028BBDE8F041FEF7CFBD00236149624885
:104CD4001A46009322F086FCE0E772B65F4B1B682D
:104CE40062B65F4A934203DD5E490B449342FCDCA7
:104CF40007EE903AB3EE084B544EB2EE0E5BB8EEAC
:104D0400E77B12AD06F59C649FED4D3B94ED000BE3
:104D14009FED478B87EE036B26EE046B96EE050B37
:104D240017F07AFA284620EE082B14ED021B9FEDAB
:104D3400420B6C4621EE081B16F0A8F9304612F01F
:104D4400BFF9494B08900DF1580C93ED020B10ABD1
:104D54000A930EAB20EE080B0993BCE80F000FC4B6
:104D64009CE80F0084E80F0095E80F0013F02EFE76
:104D74003E490246384822F035FC012386F8363095
:104D84008CE772B6354B1B6862B6354A934203DD35
:104D940034490B449342FCDC07EE903AB3EE084BE3
:104DA400334CB2EE0E5BB8EEE77B12AD9FED243BC5
:104DB40094ED000B9FED1E8B87EE036B26EE046BC8
:104DC40096EE050B17F028FA284620EE082B14ED72
:104DD400021B9FED190B21EE081B16F057F9A4F5E1
:104DE4009C6012F06DF910AB1F4A0DF1580C08903D
:104DF4006C4692ED020B0A930EAB099320EE080B5E
:104E0400BCE80F000FC49CE80F0084E80F0095E88D
:104E14000F0013F0DBFD2AE70C480EF091FF20B0E1
:104E2400BDEC028BBDE8F041FEF7FABCAFF30080A5
:104E3400399D52A246DF913F0000000000000000AF
:104E440000000000C07A60410C580020B0490020E6
:104E540000007042882300207C5800205852002013
:104E640000D68300002A7CFF70490020982300208C
:104E7400904E0020BE4C12AB10AA0EA920460FF093
:104E840033FA94F88B369DED0E7B002B40F0A68010
:104E9400002394F8AB269DED107B002A00F0568188
:104EA400D4F8BC26117E012940F2F68272B651690B
:104EB40062B6D4F8B826AF488D1A8A4206EE905AE4
:104EC400B8EEE65B90ED006B37EE467B00F03E817A
:104ED400B5EE407BF1EE10FA00F0388185EE076BF9
:104EE400B5EEC07BF1EE10FACCBF01220022002DFA
:104EF400C8BF82F0010284F8A926B0EEC66B00EDAB
:104F0400046B002B00F02281FEF78AFCC6E6984C65
:104F14000023204684F87D360FF012F812AB10AA55
:104F24000EA920460FF0E0F904F5D262D4F89C36BD
:104F3400DDE90E01C2E900011A7E012A40F2BD80BA
:104F440072B65A6962B601238A49C4F8982684F86D
:104F54008B36D4F8BC36DDE91067C1E900671A7EE8
:104F6400012A40F2DB8172B65A6962B60123C4F8A1
:104F7400B82684F8AB36FEF753FC8FE67C480EF077
:104F8400DFFF4CE77A4C94F83630012B58D0022BD3
:104F94007FF445AF04F59A63012112A89FED6E7B5F
:104FA40093ED002B13ED021B9FED6D0B22EE072BEF
:104FB40021EE071B16F080FA204612F081F812A9A0
:104FC400024620460EF0AAFEFEF72AFC66E6684B6F
:104FD400002283F88B2683F8AB2620E7D4F89C16AE
:104FE4000A7E012A40F2F38172B64A6962B66249C6
:104FF400D4F8980691ED006B904237EE467B3FF46F
:1050040047AFB5EE407BF1EE10FA3FF441AF121A10
:10501400B5EEC07B06EE902AF1EE10FAB8EEE65B30
:10502400CCBF0120002085EE076B002AC8BF80F0AA
:10503400010084F88906B0EEC66B01ED046B28E725
:1050440072B64E4B1B6862B64D4A934203DD4D491E
:105054000B449342FCDC07EE903AB3EE084B4A4C07
:10506400B2EE0E5BB8EEE77B9FED3F3B94ED000B99
:105074009FED398B87EE036B26EE046B96EE050BE2
:1050840017F0CAF812A820EE082B14ED021B9FEDAE
:10509400340B21EE081B15F0F9FFA4F59C6012F007
:1050A4000FF83A4B024612A9A4F59C6093ED020B4B
:1050B40020EE080B0EF00CFE26E772B6D3E90010C2
:1050C4009A68096800681140DA68104200F0768135
:1050D4001A7C02F0030209B142F0040242F0080211
:1050E4009108013A19740D2A3FF62BAF01A151F82A
:1050F40022F000BFD5330000CD330000E5330000BB
:10510400CD330000E3310000DD330000D53300006F
:10511400D5330000DD330000E3310000CD3300005F
:10512400E5330000CD330000D53300005A69013A5D
:105134005A6107E75A6901325A6103E75A69023A28
:105144005A61FFE65A6902325A61FBE6FEF77EFBBA
:10515400A4E500BFAFF30080399D52A246DF913F22
:10516400000000000000000000000000C07A604160
:10517400B0490020605000204050002058520020C8
:1051840000D68300002A7CFF904E00207049002046
:10519400B94F12AE012116AD07F59A6330466C463D
:1051A4009FEDAF7B93ED002B13ED021B9FEDAE0B38
:1051B40022EE072B21EE071B16F07EF9384611F07C
:1051C4007FFF10AB0A900C930EAB0B930FCD0FC463
:1051D4000FCD0FC495E8030084E8030096E80F00A0
:1051E40013F07EFAA5490246A54822F0FBF90223F2
:1051F40087F8363052E50E2000250BF03FF80646BE
:105204001CF024F803462C46701C63F307051CF0BD
:105214001DF89C4F60F30F25B01C1CF017F80346D3
:10522400F01C63F317451CF011F80346122063F3D6
:105234001F6507EE905AB7EEE77A87ED007B0BF017
:105244001DF805461CF002F80346681C63F30704C6
:105254001BF0FCFF60F30F24A81C1BF0F7FF0346B0
:10526400E81C63F317441BF0F1FF60F31F6407EEBF
:10527400904AB7EEE77A07ED027B72B6824B1B6861
:1052840062B6824A934203DD81490B449342FCDCBB
:1052940007EE903AB3EE084BB2EE0E5B12AEB8EEE8
:1052A400E77BDFF8D48116AD6C469FED713B97ED3B
:1052B400000B9FED6B8B87EE036B26EE046B96EE73
:1052C400050B16F0A9FF304620EE082B17ED021B44
:1052D4009FED650B21EE081B15F0D8FE404611F03A
:1052E400EFFE6C4B089093ED020B10AB0A930EABE0
:1052F40020EE080B09930FCD0FC495E80F0084E846
:105304000F0096E80F0013F061FB5C4902465C480D
:1053140022F068F9012388F83630BFE472B6D3E985
:1053240000109A68096800681140DA6810423DD09C
:105334001A7C02F0030209B142F0040242F00802AE
:105344009108013A19740D2A3FF60EAE01A151F8E5
:1053540022F000BF353600002D360000453600002F
:105364002D360000093200003D36000035360000BD
:10537400353600003D360000093200002D360000AD
:10538400453600002D360000353600005A69013AD2
:105394005A61EAE55A6901325A61E6E55A69023A04
:1053A4005A61E2E55A6902325A61DEE51A7C02F07A
:1053B40003020029C4D042F00402C1E71A7C02F0BF
:1053C400030200293FF48CAE42F0040288E672B670
:1053D40008688A68006810404A681568CA681542F7
:1053E40000F0AA800A7C02F0030208B142F0040231
:1053F40042F008029008013A08740D2A3FF6F5AD10
:1054040001A050F822F000BFE9360000E1360000A8
:10541400F9360000E13600008B320000F13600005E
:10542400E9360000E9360000F13600008B32000056
:10543400E1360000F9360000E1360000E9360000EC
:105444004A69013A4A61D1E54A6901324A61CDE5C6
:105454004A69023A4A61C9E54A6902324A61C5E5C4
:10546400399D52A246DF913F000000000000000079
:1054740000000000C07A6041B04900209823002059
:105484007C580020904E00205852002000D6830003
:10549400002A7CFF7049002072B610689168006889
:1054A400084051680D68D1680D423DD0117C01F06F
:1054B400030108B141F0040141F0080188080139F1
:1054C40010740D293FF6F3AC01A050F821F000BF91
:1054D400B1370000A9370000C1370000A937000028
:1054E4004F310000B9370000B1370000B137000078
:1054F400B93700004F310000A9370000C137000060
:10550400A9370000B1370000516901395161CFE476
:10551400516901315161CBE4516902395161C7E4E8
:10552400516902315161C3E4117C01F00301002887
:10553400C4D041F00401C1E70A7C02F00302002850
:105544003FF458AF42F0040254E700BF08B51BF023
:1055540059FEBDE808401BF055BE00BF08B51BF05E
:1055640051FEBDE808401BF04DBE00BF684B2DE95D
:10557400F04F93F8374089B054B9664B93F84331F0
:105584003F2B00F0B38009B0BDE8F04FFEF780B9BF
:1055940000233A22604806930546ADF81C30CDE955
:1055A4000023CDE90233CDE904331AF079FD01E09B
:1055B4001AF02CFD28461AF0D7FC03462846002B87
:1055C400F6DC6D46534F284622F0CAFC5349284462
:1055D40022F01AFA524B421B1B88038097F843317E
:1055E400572B2CD83E2B13D8213BDBB2172B0AD8D0
:1055F400012101FA03F34B491940002932D141F248
:1056040009410B4212D1FEF743F909B0BDE8F08F0E
:105614003F3B0121DBB201FA03F34349194001BBCB
:1056240042491940F1B942490B42ECD001322946B2
:1056340039481BF023FA38481AF032FDE3E7613B9E
:10564400DBB21D2BDFD8012101FA03F339491940DC
:1056540008D13948034204D1384919400029D2D02D
:10566400E4E7002401322946DFF8DC902A481BF0E5
:1056740005FA29481AF014FDD9F80020D9F80030A9
:1056840002F5FA7843453BD24FF0000B224E2C4DE5
:10569400DFF8B8A017E030461AF0B8FC07EB0B03AC
:1056A400C0B283F8700034BB23282ED00BF1010B59
:1056B400BBF1D00F24DC07EB0B0383F87040D9F85F
:1056C400003098451CD930461AF04EFC0028E2DC24
:1056D4001C4B69681A68AAFB0232C823920C03FBAC
:1056E40002F26B685B1A9A42FBD8E8E709B0BDE89E
:1056F400F04FFEF7ABB80022312883F8712084D034
:10570400FEF79CF809B0BDE8F08F83F871407CE7A0
:10571400B04900200C580020983300204E59002036
:10572400E41F00200080FF000540800010040101F8
:105734000001160004510200010080204000040012
:10574400001000E0743200200C5A002083DE1B435A
:1057540030B50D4D83B0044690ED000B16F064FD9A
:1057640095F8EE0000230122214684ED000B009001
:10577400284616F019FC284622F0F2FB034B1B883E
:105784002B5203B030BD00BF7C580020E41F002022
:105794002DE9F047964C2DED048B94F8432194B0F9
:1057A400A2F128034C2B00F29B80DFE813F0F700F2
:1057B400DC009900990099009900990099009900DA
:1057C400990099009900990099009900990099000D
:1057D40099009900990099009900990099009900FD
:1057E400DC009900FF01F700990099007702990005
:1057F4009900990099004D00A000A000A000990014
:105804009900F700B402D902990031018B024F02CA
:105814009900DC0099009900990099009900990079
:105824004D009900C701B7019901A501CB015602AA
:1058340099009900990099005C028702F901990086
:105844009900E501990041021CF034FB694B6A4C54
:1058540093ED0B7A694DB7EEC77A9FED5D9B27EE0A
:10586400097BFDEEC77B17EE901A401A4FEAE171EF
:1058740061EB4101A061E16114F01AF80346D4E937
:10588400060108EE103A13F0E7FF06EE100AB8EE30
:10589400C87BB8EEC66B9FED505BD4E9060186EE7B
:1058A400058B38EE078B13F0EDFF06EE100A214648
:1058B40001222846B8EEC66B283186EE097B37EE06
:1058C400087B81ED007B16F0FFFA284622F048FBA6
:1058D4004B4B1B882B5214B0BDEC048BBDE8F087F6
:1058E40014B0BDEC048BBDE8F047FDF7BDBFA2F1D9
:1058F4004D056FF05906434F05EB4508361B07F17C
:105904000F09BA4608EBC808464406EB0A001BF028
:105914009DFC0AF8010F002800F0B982D145F4D1AA
:105924002A463949354821F05DFE344822F018FBF7
:105934000E2816D8002508F11508304E08EB05048A
:1059440017F8019F013520461BF080FC814549462C
:10595400204601D01BF086FD304622F001FB854233
:10596400ECDD264D92E1294906A80EF051FE94F88B
:105974004331412B00F032835A2B00F05083292B02
:10598400A9D106A815F0FAFE04A89FED157B20EE18
:10599400070B8DED040BFFF7DBFE9CE7154B06A808
:1059A4001A4993ED020B9FED107B20EE070B0EF0CE
:1059B400C3FC94F84331522B00F09D82442B00F039
:1059C4003D83282B87D106A815F032FCDCE700BF05
:1059D400000000000020AC400000000000004E4029
:1059E400F8C1631ADCA54C40399D52A246DF913FB1
:1059F4000C58002070490020585200207C58002088
:105A0400E41F00207B580020DC230020B049002044
:105A140094F84431423B2E2B3FF662AF01A252F878
:105A240023F000BF63400000813B000045400000BC
:105A3400813B0000813B0000813B0000813B000072
:105A4400813B0000813B0000813B0000813B000062
:105A5400813B00002F400000813B00001940000002
:105A6400813B0000813B0000813B000001410000BC
:105A7400813B0000813B0000813B0000813B000032
:105A8400813B0000813B0000813B0000813B000022
:105A9400813B0000813B0000813B0000813B000012
:105AA400813B0000F9400000813B0000813B000085
:105AB400813B0000813B0000813B0000813B0000F2
:105AC400813B0000813B0000813B0000813B0000E2
:105AD400813B0000813B0000813B0000134100003A
:105AE400BF4BC049C048B3F9182014B0BDEC048BB7
:105AF400BDE8F04721F076BDBC4B002106AA08465C
:105B040093ED000BB7EEC00B1BF09CFE06A9B64844
:105B140021F07AFFB64B1B880380DCE694F844310D
:105B24004C2B00F0E28194F85E010123AE4D00227B
:105B34000090B049284616F037FAC6E6AA4BAE4A9A
:105B44001A60C8E694F844510123A74CA5F16605F0
:105B5400AA4920461A46B5FA85F56D09009516F04E
:105B640023FA204622F0FCF9A14B1B88235214B0DF
:105B7400BDEC048BBDE8F08794F844314C2BA04B6A
:105B840000F0A781B2EE0E6B974D94F85E2106A942
:105B9400284693ED005B85EE067B8DED067B92E651
:105BA400984B99499048D3F82C219EE71CF082F930
:105BB4008B4B964D93ED0B7A9FED856BB7EEC77AC1
:105BC40027EE067BFDEEC77B17EE901A401A4FEACC
:105BD400E17161EB4101C5E9060113F095FE04464C
:105BE400D5E9060113F022FE0246D5E90601039227
:105BF40013F074FE0290D5E9060113F059FED5E9BD
:105C0400060113F029FED5E90601814D13F03AFE91
:105C1400E117029B85FB04056420039AC1EB65111F
:105C240000FB11447B497048009421F0DBFC52E6F0
:105C340094F8440101236C4C0022A0F166007649DB
:105C4400B0FA80F040090090204688E714B0BDEC1B
:105C5400048BBDE8F04701F05BBE6A4B6F496248B4
:105C6400D3F8282141E7674811F02AFA6C4B5E4DBE
:105C740001281B684FEA13422B80AA7000F09E8112
:105C8400022800F08881584822F06AF9584B1B8892
:105C94002B5214B0BDEC048BBDE8F087504B614926
:105CA400D3ED0B7A5048B7EEE77A53EC172B14B0C8
:105CB400BDEC048BBDE8F04721F094BC5A4A5B4923
:105CC400494812E74F4CA37D022B00F05C8100F29F
:105CD400D380012B40F04F81434D284622F040F9F8
:105CE400534B1B882B5294F80A353F48002B00F085
:105CF400D88022F035F94F4B1B882B52414811F0C4
:105D0400CBF9002800F0D380374822F029F94A4B18
:105D14001B882B52B7E772B63C4B1B6862B6474AE6
:105D2400934203DD46490B449342FCDC07EE903A70
:105D3400B3EE085B94F84431B8EEE77B4C2B9FED4F
:105D4400264B87EE046B26EE056B8DED066B00F09B
:105D5400C580254C012206A9204616F0B5F800E7B7
:105D6400284C94F80A35002B40F0F4809FED350A56
:105D74000521002006AAC7E61B4C334A234607CA5E
:105D840003C31B491A700B88A4F80930A3E52F4AF2
:105D9400174C154B92E80300228818601971A3F878
:105DA400052098E52A4B104C114D93E80700234633
:105DB40003C3100C298823F8022B1870A4F80B10C5
:105DC40089E5FA22234908488FE600BFAFF3008033
:105DD400000000000020AC4000000000C07A6041D8
:105DE40070490020C02300207C580020B04E0020C1
:105DF400E41F0020884E0020323423008049002014
:105E0400904E0020B0490020EC230020585200207E
:105E14001F85EB519C23002078490020D4230020C7
:105E2400E4230020C82300208A490020E82300201E
:105E340040240020482400205024002000D6830061
:105E4400002A7CFF00000000142400200C24002001
:105E540000240020382400200322A949A94844E64C
:105E6400A94A2324A74B92E803001C8183E803007A
:105E740031E5A44CA54A81E7033B012B7BD8A14D16
:105E8400284622F06DF8A24B1B882B522BE794F87E
:105E94007030002B3FF444AD9A4D284622F060F850
:105EA400F4E622F05DF89B4B1B882B5226E79A48B8
:105EB40011F0EAF8002840F0AB8094F87834914867
:105EC400002B00F09F8022F04BF8944B1B882B5240
:105ED400D9E693498B48D3E90023E8E691498948F8
:105EE40053EC162B21F07EFBF5E48F4B8C4985484F
:105EF40053E90223DBE694F844314C2B00F0B680DE
:105F040072B68A4B1B6862B6894A934203DD89499B
:105F14000B449342FCDC07EE903AB3EE085B06A810
:105F2400784DB8EEE77B9FED6C4B9FED6D0B87EEE4
:105F3400046B26EE056B26EE000B15F08DF994F834
:105F44005E2104A928469FED687B20EE070B8DEDAA
:105F5400040BB8E4204611F0A1F800287FF406AF42
:105F640004F5A2649FED627B94ED000B20EE070B19
:105F7400B7EEC00BFCE6634D284621F0F1FF6E4BF3
:105F84001B882B52AFE65F4D284621F0E9FF6B4B8F
:105F94001B882B52A7E6604811F0A6F8002840F0B1
:105FA4008E80674B93ED027BB5EEC07BF1EE10FA69
:105FB400ACBF5723452384F8703064E6564811F08B
:105FC40093F800287DD15E4B93ED027BB5EEC07B48
:105FD400F1EE10FAACBF45235723ECE706A8494D70
:105FE40015F0D0FB94F85E21012304A90092284601
:105FF40000229FED417B20EE070B8DED040B15F085
:10600400D3FF62E421F0ACFF4E4B1B882B523AE6DF
:106014003C4821F0A5FF494B1B882B5233E606A8C8
:1060240015F0B6FB9FED347B20EE070B16F014F948
:1060340004A88DED040BFFF78BFB4CE406A815F0C8
:10604400FBF894F844319FED2C7B4C2B20EE070B8E
:106054008DED040B37D094F85E010123294D002205
:10606400009004A9284615F09FFF2EE472B62F4B2A
:106074001B6862B62E4A934203DD2E490B449342B9
:10608400FCDC07EE903AB3EE085B06A8B8EEE77BBB
:106094009FED114B9FED120B87EE046B26EE056B03
:1060A40026EE000B15F0D8F8274916489FED127B11
:1060B40020EE077B53EC172B21F094FA0BE45723C3
:1060C40079E7452377E716490E4853EC102B21F066
:1060D40089FA00E4AFF3008000000000C07A604158
:1060E40066732D3852C1D03FC4ACAEA4C88E0E40E6
:1060F400A687E5F206154E40F8C1631ADCA54C40AC
:10610400382400207C5800202C2400202024002047
:106114006C2500204C240020B0490020EC1E0020F7
:10612400B4230020F4230020904E00205852002075
:1061340000D68300002A7CFF442400203C24002055
:106144007049002054240020AC23002008B51BF023
:1061540059F8BDE808401BF055B800BF1D4B93F833
:10616400842052B11C49D3F890000A68121AB2F57F
:10617400FA6F23D293F8742012BB93F83C0058B101
:10618400186F10B4144C2168091AB1F5FA6F04D3CE
:1061940000205DF8044B7047704793F8B400002862
:1061A400F7D02168D3F8B8305DF8044BCB1AB3F5B7
:1061B400FA6F2CBF002002F0010070470022DCE7D8
:1061C4000A68D3F88010521AB2F5FA6F2CBF002275
:1061D4000122D2E7B04900200C5A00200000000040
:1061E40070B52DED0A8B1BF065FE0646002113F0F9
:1061F4008BFB00210546304613F018FB04460021B2
:10620400304613F06BFB631E04EE100A012B01D819
:10621400013D0C3407EE905AB7EE009BB0EE008BB4
:106224000021B8EEE76B07EE904AB8EEC44B304657
:10623400B8EEE77B9FEDD23B9FEDD30B9FEDD45B94
:1062440086EE032B86EE003B37EE097B26EE056BCC
:106254009FEDD11B9FEDD25BBBFE466B27EE017B0E
:10626400BBFE477BBBFE422B38EE428BBBFE433B5F
:1062740038EE038B38EE068B38EE078B38EE048B42
:1062840038EE058B13F014FB0346002130460AEE6A
:10629400103A13F0E1FA06EE100A0021B8EECA7BB8
:1062A4003046B8EEC66B9FEDC05B86EE05AB3AEEAA
:1062B40007AB13F0E7FA06EE900AB6EE007B9FED0B
:1062C400BC3BB8EEE65B38EE077B85EE036BBBFEAA
:1062D400477B9FEDB94BB4EEC47BF1EE10FA36EE7A
:1062E4000A6B17DD37EE099BB5EE005B9FEDB44BEF
:1062F4009FEDB53B37EE444B84EE037BBDEEC77B8D
:10630400B8EEC77B27EE055B39EE079BBBFE457BEA
:1063140039EE477B9FEDAE3B9FEDAF2B9FED9C5B32
:1063240037EE037B9FED9C4B37EE422B9FEDAC1B6E
:1063340082EE053BB2EE0B2BBBFE433B23EE055B2B
:10634400BBFE455B37EE457B87EE045B37EE017B96
:10635400BBFE455B25EE044BB4EEC25BBBFE444B77
:10636400F1EE10FA37EE447BBBFE477BBDEEC77BF4
:1063740040F1FD80B7EE004B35EE445BFDEEC57B8E
:1063840017EE903A022B40F3E1809FED975B33EEDA
:10639400453BBDEEC33BB8EEC33B07EE903AB0EECF
:1063A400000BB8EEE75BB8EEC77B9FED754B9FED36
:1063B400761B9FED772B83EE049B83EE014B23EE3C
:1063C400023BB7EE002B9FED8A1B35EE025BBBFE52
:1063D400433B9FED712B25EE025B38EE412BBBFE58
:1063E400455BBBFE499B30EE490BBBFE448B30EE54
:1063F400080BB3EE084B30EE033B9FED690B33EE15
:10640400055B9FED7D8B35EE077B9FED7D5B37EE66
:10641400007B37EE417BA7EE058B86EE045B9FED98
:106424007A7BB4EEC48BF1EE10FA32EE055B85EEA6
:10643400073B06DB38EE448BB4EEC48BF1EE10FA66
:10644400F8DAB5EEC08BF1EE10FA08D5B3EE087B9E
:1064540038EE078BB5EEC08BF1EE10FAF8D4B3EE3C
:10646400087B9FED6B2B9FED6C4BA6EE028B23EE0E
:10647400044BA3EE048BB4EEC78BF1EE10FA06DBEB
:1064840038EE478BB4EEC78BF1EE10FAF8DAB5EEBE
:10649400C08BF1EE10FA08D5B3EE087B38EE078B0B
:1064A400B5EEC08BF1EE10FAF8D49FED5D6B9FED65
:1064B4005E9B9FED5F4B9FED600BA5EE069BA5EEEB
:1064C400440B9FED5FAB9FED607B39EE099B9FED25
:1064D40060BB80EE0A0BA5EE47BB1DF055F9B0EE8C
:1064E40040CB89EE0A0B1DF04FF9B0EE406B8BEEFA
:1064F4000A0B9FED599B9FED5A7B29EE469BACEE10
:10650400079B1DF0B9F8B3EE087BA9EE008BB4EE3F
:10651400C78BF1EE10FA06DB38EE478BB4EEC78B6F
:10652400F1EE10FAF8DAB5EEC08BF1EE10FA08D5F8
:10653400B3EE087B38EE078BB5EEC08BF1EE10FAA4
:10654400F8D4B0EE480BBDEC0A8B70BD9FED465BF2
:106554005A1E33EE453B012ABDEEC33B3FF61BAF4B
:1065640013EE102A0C33013A03EE102A13E7B2EEAD
:106574000A4B35EE445BFDEEC57B17EE903A01E71E
:1065840000000000000059400000000000007940B5
:106594000000000000D4764061545227A0993E4088
:1065A40000000080A2423A410000000000004E407A
:1065B400000000000020AC40000000008C8A414133
:1065C40000000040D07D3C410000000088D5E1403F
:1065D4000000000000D097406666666666865E40EE
:1065E400000000000000000000000000006CB24049
:1065F400000000802CB4424198B05E8E1CCA1A4040
:10660400D7E5E7EA5BD2B03F00000000A0D5E14047
:10661400F2E1F1E7360BF03F05A227655243FB3E5A
:1066240043AD69DE718AEF3FEC51B81E8587714036
:1066340028806264C91CAB3FC3F5285C8F425F406D
:10664400F8C1631ADCA54C4048AFBC9AF2D79A3E15
:10665400FF21FDF67570374054E41071732AF93E3A
:1066640003B34291EEE734BF00000000006BB24078
:106674001D4B93F8380000B9704793F884209AB101
:106684001A49D3F890000A68121AB2F5FA6F29D29F
:1066940093F8742042B10A68D3F88010521AB2F504
:1066A400FA6F2CBF0022012293F83C000028E3D0AB
:1066B400186F10B40D4C2168091AB1F5FA6F0DD298
:1066C40093F8B40058B12168D3F8B830CB1AB3F5B5
:1066D400FA6F2CBF002002F0010000E000205DF8FA
:1066E400044B70470022DFE7B04900200C5A002019
:1066F400134B93F8D400E8B1124AD3F8D8101268B7
:10670400521AB2F5FA6F14D2D3ED377AB0EE006BA9
:106714000022B8EEE77B83F8D5209FED074B87EE88
:10672400045BB4EEC65BF1EE10FA4CBF01201046D8
:1067340070470020704700BF00000000000059406F
:10674400B04900200C5A00202DE9F047304F8AB0A0
:10675400304E3B6832689B1AB3F5FA6F06D92E4B5C
:1067640093F885203AB993F8753023B92B4B1878F0
:106774000AB0BDE8F0872A4B02AD06AC03F1100C59
:106784000FCB85E80F009CE80F0084E80F00284633
:1067940016F0CAF88046284616F0D8F882462846ED
:1067A40008F14E0816F0E6F88146204616F0EEF899
:1067B4000546204616F0F6F8034620461C4616F019
:1067C40007F9034668468DF801408DF800308DF8CE
:1067D40005A08DF804908DF802508DF8068013F012
:1067E400ABF804461BF066FB3B680021041B0D4A12
:1067F40033600346002CD1619361B8BF6442074BF8
:10680400042CCCBF0020012018700AB0BDE8F0872A
:106814000C5A0020D4540020B0490020455A0020CE
:10682400244A002058520020002924DD00EBC10234
:1068340003469FED177BB3EC026B9A4237EE067B5F
:10684400F9D106EE901AB8EEE64B9FED116B87EE88
:10685400045BB0EC027B37EE457B8242A7EE076B0C
:10686400F7D186EE047BB5EE407BF1EE10FA09D445
:10687400B1EEC70B704707EE901A9FED056BB8EEAB
:10688400E74BEEE7B0EE470B1CF0CABDAFF3008058
:1068940000000000000000002DE9F04FBA4DBB4E8F
:1068A4002B6832689B1AB3F5FA6F2DED0A8B8FB003
:1068B40003D9B74B93F83D2032B9B64B18780FB0D3
:1068C400BDEC0A8BBDE8F08F03F13C0C93ED2F9ADD
:1068D4006C46DFF8D882B04FDFF8CC92BCE80F00EA
:1068E4000FC4BCE80F000FC4BCE80F0098ED04AB64
:1068F4000FC49CE803009FED9C8B84E8030068466A
:1069040015F0F6FF3AEE000B15F086FCB0EEC00B66
:106914003B68684620EE080B09EBC30398ED02BB05
:1069240083ED000B15F0C8FFB8EEC99B3BEE40BBEE
:10693400B8F91830994A0AEE103AD7F80080B0EE48
:10694400CBBB974BB8EECAAB02EBC80203EBC80350
:106954002BEE08BB4FEAC80B9FED855B82ED00BBB5
:1069640089EE056B8F4AD2F800A0BAF10B0F3AEE0C
:1069740046ABB0EECAAB83ED00AB03DC0AF1010A0F
:10698400C2F800A05446B7EE00CB87480C2CA8BF31
:106994000C242146FFF748FFB4EECC0B21467F4878
:1069A400F1EE10FA20FE0C9BFFF73EFFB4EECC0B89
:1069B40021467B48F1EE10FA20FE0C8BFFF734FFE2
:1069C400B3EE047BB4EEC70BF1EE10FA6CDB30EEE1
:1069D400000BD944BAF1000F99ED003B40F38580D8
:1069E400714A00239FED647B0133B2EC026BA34236
:1069F40037EE067BF8DB06EE904A39EE099BB8EEDB
:106A0400E64B87EE046B33EE467BB0EEC77BB4EE09
:106A1400C97BF1EE10FA5CD40020604A00239FED9C
:106A2400567B0133B2EC026B9C4237EE067BF8DCFA
:106A340087EE046B38EE088B3BEE467BB0EEC77BEB
:106A4400B4EEC78BF1EE10FA33DC0020544A002375
:106A54009FED497B0133B2EC026B9C4237EE067B1F
:106A6400F8DC87EE046B3AEE466BB0EEC66BB4EE20
:106A7400C06BF1EE10FA1AD5B3EE0E7BB4EEC7ABD1
:106A8400F1EE10FA58BF0020424BB8F10B0F18700A
:106A940008F1010308BF00233B602B6833600FB08B
:106AA400BDEC0A8BBDE8F08F9FED350B91E700201C
:106AB400EAE7B0EE007B00F00100B4EEC7BBF1EEF4
:106AC40010FA58BF0020BAF1000FBFDC9FED2A7BFB
:106AD400C7E7B0EEC33BB0EE007BB4EEC73BF1EECC
:106AE40010FA4CBF0120002097E707EE904A39EED8
:106AF400099BB8EEE74B9FED206B86EE047B33EEEB
:106B0400477BB0EEC77BB4EEC97BF1EE10FA1CD420
:106B1400002038EE088B9FED187B87EE046B3BEE6C
:106B2400467BB0EEC77BB4EEC87BF1EE10FA01D41D
:106B3400002098E7B0EE007B00F00100B4EEC7BB84
:106B4400F1EE10FA58BF0020C0E7B0EEC33BB0EE40
:106B5400007BB4EEC73BF1EE10FA4CBF01200020DD
:106B6400D7E700BFAFF30080000000000020AC4076
:106B74000000000000005940000000000000000078
:106B840000000000000044400C5A0020DC540020A7
:106B9400B0490020465A0020D85400205045002017
:106BA400F04400209C520020B04500207049002091
:106BB4002DE9F047604CDFF88C8104F1740304F193
:106BC400840704F13C0E2DED048B9AB00FCB04AE78
:106BD40008AD0DF1300C86E80F0097E80F0085E84A
:106BE4000F00BEE80F00ACE80F00BEE80F00ACE8F1
:106BF4000F00BEE80F00ACE80F0098F84331D4F85A
:106C0400BC70732B9EE803008CE8030008D0742B3F
:106C140012D0FCF73DFE1AB0BDEC048BBDE8F08742
:106C240094F83830002B40F08F80FCF707FE1AB040
:106C3400BDEC048BBDE8F08794F83830002BF4D019
:106C4400FFF78CFA0028F0D0304615F06DFE0446AC
:106C5400304615F07BFE804630464E3415F08AFEF1
:106C64000746284615F092FE0646284615F09AFE79
:106C7400034628461D4615F0ABFE03468DF80E402C
:106C84002E4C02A88DF808302D4B8DF809508DF844
:106C94000D808DF80C708DF80A60D3E90423C4E9E3
:106CA4000E2312F049FE054601911BF015F9284602
:106CB400019912F095FFFFF793FAB2EE0E5BB3EE73
:106CC400087B94ED0E4B84EE056B30EE460BB4EE70
:106CD400C70BF1EE10FA06DB30EE470BB4EEC70B30
:106CE400F1EE10FAF8DAB5EEC00BF1EE10FA08D5B1
:106CF400B3EE087B30EE070BB5EEC00BF1EE10FAE5
:106D0400F8D4B3EE085B9FED0A6B80EE057B27EEAB
:106D1400067BBDEEC77B72B684ED007A62B672B6AE
:106D240022682368C4E9042362B6FCF771FD72E7A4
:106D340000000000C07A6041B04900205852002091
:106D4400704900200C580020FFF708FA00283FF48F
:106D54006CAF0CA815F0B0FD0CA8B0EE409B15F07C
:106D6400C7FD07EE907A9FEDC26BB8EEE77BB4EEF9
:106D7400C60B9FEDC15BF1EE10FA87EE058B00F3B5
:106D84007181DFF840839FEDBE7BB4EEC70BF1EE5B
:106D940010FA42D4B1EE400B98F8004004EB4404DE
:106DA400F7EEC07B04EBC404CDED017A04F10E09C7
:106DB400019F4846FFB288ED040B1AF047FA874258
:106DC40003D0394648461AF04DFB019F04F10F09E0
:106DD400C7F3072748461AF039FA874203D03946E1
:106DE40048461AF03FFB019F04F11009C7F3074717
:106DF40048461AF02BFA874203D0394648461AF01F
:106E040031FB019F11343F0E20461AF01FFA8742CE
:106E140003D0394620461AF025FB9FED9B7BB4EE48
:106E2400C79BF1EE10FA5BD49FED997BB4EEC79B40
:106E3400F1EE10FA54DC98F80040F7EEC97B04EB4D
:106E44004404CDED017A04EBC404019F04F10A0962
:106E5400FFB2484688ED029B1AF0F8F9874203D046
:106E6400394648461AF0FEFA019F04F10B09C7F3AC
:106E7400072748461AF0EAF9874203D039464846BC
:106E84001AF0F0FA019F04F10C09C7F307474846CA
:106E94001AF0DCF9874203D0394648461AF0E2FA80
:106EA400019F0D343F0E20461AF0D0F9874203D0DB
:106EB400394620461AF0D6FA98ED026B9FED767BA0
:106EC40086EE079BB0EE490B1CF0D6FBB0EE407B80
:106ED400B0EE490B88ED0C7B1CF056FC88ED0E0BD4
:106EE400FDEEC87B42F20802CDED017ABDF80490B4
:106EF400BDF9041009F1C8039BB293421FD898F856
:106F04000070CCB2A8F8181007EB470707EBC707C7
:106F140007F1120A50461AF099F9844203D0214627
:106F240050461AF09FFA13374FEA192938461AF0D7
:106F34008DF9814503D0494638461AF093FA0AF090
:106F4400F1FA59480EF084FB58480CF071F957488F
:106F54000CF06AF9012009F0F3FB304615F0E4FC6B
:106F64000446304615F0F2FC814630464E3415F0A6
:106F740001FD0746284615F009FD0646284615F08A
:106F840011FD034628461D4615F022FD03468DF8E3
:106F94000E40474C02A88DF808308DF809508DF842
:106FA4000D908DF80C708DF80A60D8E90423C4E9BB
:106FB4000E2312F0C1FC054601911AF08DFF2846FC
:106FC400019912F00DFEFFF70BF9B2EE0E5BB3EE72
:106FD400087B94ED0E4B84EE056B30EE460BB4EE5D
:106FE400C70BF1EE10FA06DB30EE470BB4EEC70B1D
:106FF400F1EE10FAF8DAB5EEC00BF1EE10FA08D59E
:10700400B3EE087B30EE070BB5EEC00BF1EE10FAD1
:10701400F8D4B3EE085B9FED226B80EE057B27EE80
:10702400067BBDEEC77B72B684ED007A62B672B69B
:1070340022682368C4E9042362B6602200211D4843
:1070440020F0B2FB602200211B4820F0ADFB60223F
:1070540000211A4820F0A8FB194B00221A60FCF703
:10706400D7FBD8E5DFF85C80D7E600BFAFF300803C
:10707400000000000080764000000000000059403D
:1070840000000000008076C000000000008056C0B0
:107094000000000000805640F8C1631ADCA54C4093
:1070A40000000000C07A6041D84A0020B0490020A6
:1070B4005852002050450020B0450020F0440020E4
:1070C4009C5200207049002008B51AF09BF8BDE8D6
:1070D40008401AF097B800BF2DE9F04F764E8DB0F6
:1070E40096F8383013B90DB0BDE8F08F30460FF084
:1070F400D3FF002863D0714C714D06E018F086FF71
:1071040001462846C9B215F071FB204618F02CFF41
:1071140003462046002BF1D16A4C2578002DE2D19C
:1071240065480FF0B9FF0028DDD096F83830002B01
:10713400D9D0FFF713F80028D5D0634B04AF08AEBD
:10714400DFF88C8103F1100C0FCB87E80F009CE86B
:107154000F0086E80F00384615F0E6FB81463846F6
:1071640015F0F4FB0190384609F14E0915F002FCC4
:107174000090304615F00AFC8346304615F012FCA8
:107184008246304615F024FC019A009B8DF80800D5
:1071940002A88DF80D208DF80C308DF80E908DF826
:1071A4000AB08DF809A012F0C7FB81461AF082FEDE
:1071B4004845C8E9060508D10123237093E7304602
:1071C4000FF062FF002896D18DE7384615F0ACFB2E
:1071D4000546384615F0BAFB824638464E3515F05A
:1071E400C9FB8146304615F0D1FB0746304615F001
:1071F400D9FB034630461E4615F0EAFB034602A8B7
:107204008DF80E508DF80830304B8DF80DA08DF8A8
:107214000C908DF80A708DF80960D3E90423C8E94D
:107224000E2312F089FB054600911AF055FE2846FC
:10723400009912F0D5FCFEF7D3FFB2EE0E5BB3EE6D
:10724400087B98ED0E4B84EE056B30EE460BB4EEE6
:10725400C70BF1EE10FA06DB30EE470BB4EEC70BAA
:10726400F1EE10FAF8DAB5EEC00BF1EE10FA08D52B
:10727400B3EE087B30EE070BB5EEC00BF1EE10FA5F
:10728400F8D4B3EE085B9FED0A6B80EE057B27EE26
:10729400067BBDEEC77B72B688ED007A62B672B625
:1072A400D8F80020D8F80030C8E9042362B683E790
:1072B40000000000C07A6041B0490020383300204B
:1072C400EC490020425A0020244A00207049002042
:1072D400585200202DE9F0414FF0000E174C184D84
:1072E400F44643780CF1030C067804341B028278CC
:1072F4008C450EF1040E43EA064300F1030042EA12
:1073040003024FEA9347C3F30533C2F3851602F031
:107314003F0215F80780AE5DEF5CAB5C84F86C80CF
:1073240084F86D7084F86E6084F86F30D9DB054B97
:10733400002203F80E20BDE8F08100BF0C580020A5
:10734400F82400207C58002008B519F05BFFBDE844
:10735400084019F057BF00BF2DE9F04F2DED088B01
:10736400B7B0D74C002166221CA820F01DFA204695
:107374000FF0A6FE94F8402525780646003A94F8C6
:107384000A3594F80B8505F0030518BF0122204641
:107394005FFA88F803EB420308F00308DFB20FF04A
:1073A4007BFEA6F102022B0194F87915B2FA82F25F
:1073B40043EA880301F0070152093B4343EA80137F
:1073C40043EAC213A27D012A8DF8703094F8783410
:1073D40000F00C82022A00F0E081032A00F0868289
:1073E400A2F10402B2FA82F252099201DB0094F88B
:1073F400310543EAC0130B43134394F89925022A39
:107404008DF8713000F0E18194F89935FE2B00F08D
:107414005F8294F89935FF2B00F0668294F89935D1
:10742400012B14BF00270327022E94F8C93500F05E
:10743400D381022B00F0DC8194F8C935FE2B00F0D7
:10744400D28194F8C935FF2B00F04B8294F8C935EA
:10745400012B14BF4FF000084FF00C0894F8086596
:1074640094F8893706F00306002B40F0988194F8CD
:107474001158AD016DB247EA061791480BF0A4FE0E
:1074840094F8386048EA07031D4345EAC0158DF8AF
:107494007250FFF7EDF8002840F0088294F8482570
:1074A40094F8F83446EA421694F88B268DF8743032
:1074B4008DF8736094F87C3622B194F8AB260AB147
:1074C40043F0020394F836200AB143F0040394F81D
:1074D400F8250AB143F0080394F837200AB143F0C1
:1074E40010038DF875301AF0E5FC764E0021764DC8
:1074F400C6E9060112F008FA0746D6E9060112F0B9
:1075040095F98146D6E9060112F0E8F98046D6E9F4
:10751400060112F0CDF98346D6E9060112F09CF972
:107524008246D6E9060112F0ADF9684A8DF8780072
:1075340002A882FB0732FB176149C3EB6213642282
:107544008DF876B002FB13778DF877A08DF87990DB
:107554008DF87A808DF87B7095ED020B9FED4E7B54
:1075640020EE070B0CF0E8FE72B6336862B6584A98
:10757400934203DD57490B449342FCDC07EE903AF7
:10758400B3EE085B02A8B8EEE77B9FED454B9FED99
:10759400460B9FED47AB87EE046B9FED47BB26EE92
:1075A400056B26EE000B13F057FE02A820EE0AAB83
:1075B40013F042FE42490EA820EE0B9B0DF028F872
:1075C4000EA814F0DFF80EA820EE0B8B14F0E0F8F0
:1075D40020EE0B0B14F040FE72B6336862B63C4AE0
:1075E400934203DD3B490B449342FCDC07EE903AA3
:1075F400394AB2EE0E2B6B46B8EEE77B0DF17C0BED
:10760400B3EE083B0DF1840A0DF18C090DF19408D9
:1076140027AF29AE0DF1AC0E0DF1B40C9FED205B3C
:107624008DED00AB93E8030087EE056BB7EE007BAE
:1076340092ED005B8DED009B8BE8030085EE024B21
:1076440093E803008DED008B8AE8030093E80300C0
:107654008DED000B89E8030093E8030092ED0C5BC9
:1076640088E8030052E902AB37EE457BD2E90E8984
:1076740026EE036B8DED006B93E803008DED004B5C
:1076840087E8030093E8030086E80300CDE900AB34
:1076940024E000BFAFF30080399D52A246DF913F42
:1076A40000000000C07A604166732D3852C1D03F9B
:1076B400C4ACAEA4C88E0E40F8C1631ADCA54C401D
:1076C400B049002058520020704900201F85EB511A
:1076D40000D68300002A7CFF904E0020D4F8242595
:1076E40093E803003292D4F820258DED007B8EE8D8
:1076F400030093E80300319294F837208CE80300E8
:10770400CDE9008993E803002FAB83E80300002A46
:1077140071D1B2EE047AD5ED0B7A94F8303394F843
:107724007D5467EE877A03F00303012D8DF8D3307F
:10773400F8FE677AFDEEE77A17EE903A8DF8D230CC
:107744002FD0022D36D005F0030194F87E240DF1DC
:107754006F0394F84005920002F01C0211430022CA
:1077640041EA401135A88DF8D41013F8011F834263
:1077740082EA0102F9D1604C66211CA88DF8D5205B
:10778400FFF7A8FD204620F0EBFB5C4B1B8823523F
:1077940037B0BDEC088BBDE8F08F202226E64025EB
:1077A40069E657480FF07AFC002800F0988002231D
:1077B40084F87D3452480FF071FC002840F08A8030
:1077C4000323194684F87D34BFE7022E4FF00107E6
:1077D40094F8C9357FF42DAEFE2B09D094F8C93541
:1077E400022B7FF42EAE4FF0080837E61022FDE599
:1077F4004FF0040832E64348424E18F051FC01E0D1
:1078040018F004FC304618F0AFFB03463046002B5A
:10781400F6DC04223C493B484FF0000819F02EF9ED
:10782400384818F03DFC142019F0CCFB41462E22B8
:107834000FA84646CDF838800EAFDFF8C8801FF099
:10784400B3FF09E0302E0ED018F0E0FB0136C0B2D1
:10785400232807F8010B06D0404618F085FB0346A1
:107864004046002BEEDC06F1D8030DEB03060023A3
:1078740006F8A03C9DF838303F2B7FF44AAF0DF159
:1078840039001EF05DF8202106460DF139001FF085
:10789400DDFF68B301301EF04FF8C0F30723C2B216
:1078A40033968DF8D0208DF8D13032E7FEF74CFFB7
:1078B40090B946F00206FEF7EFFF08B146F008065D
:1078C400FEF716FF00283FF4E9AD46F01006E5E5A3
:1078D4000227A9E5022138E746F00606EBE7294628
:1078E40033E74FF00C08B9E503279DE530227DE529
:1078F40003460246D4E700BF7C580020E41F002062
:10790400B0490020983300204825002000000000E2
:10791400F0B55B4C2DED048B94F84431BFB0413B82
:10792400312B3ED8DFE813F044003D00B0000302E1
:107934004A023D003D003D003D003D00D8021603D3
:107944004E033D00B003E0033D0088043D001805EC
:107954003D003D003D003D003D003D003D003D003B
:107964003D003D003D003D003D003D003D003D002B
:107974003D003D003D003D003D003D003D00220531
:107984003D003D003D003D003D00320094F845318E
:10799400702B01F03883742B00F00985672B00F0FD
:1079A400FB843FB0BDEC048BBDE8F040FBF75CBF4B
:1079B40094F84511532900F0E884324D002395F8DA
:1079C40078240C930D930E930F93109311931293A9
:1079D40014931A93002A41F02883A1F130034A2B0F
:1079E40000F2D084DFE813F02E0A2B0A280A250AB5
:1079F400220A1F0A1C0A100AB10ACE04CE04CE04BD
:107A0400CE04CE04CE04CE04CE04CE04CE04CE04E2
:107A1400CE04CE04CE04CE04CE04CE04CE04CE04D2
:107A2400CE04CE04CE04CE04CE04CE04CE04CE04C2
:107A3400CE04CE04CE04CE04CE04CE04CE04CE04B2
:107A4400CE04CE04CE04CE04CE04B6076C0A950749
:107A5400CE04CE044D0ACE04CE049507CE04CE0443
:107A6400CE04CE04450ACE049507CE04380A310A62
:107A7400CE04CE04CE04B607CE04CE04B60700BFAF
:107A84000C580020B049002094F84531532B88D17C
:107A940026AE5A22002130461FF086FEC04B1B68DA
:107AA4001A6826921A89ADF89C209A8CADF89E200B
:107AB4001A8DADF8A0209A8BADF8A2209A8AADF861
:107AC400A4205A7B8DF8A6205A7CDB7B0AB143F0B4
:107AD4000203B44A8DF8A73013681A682A921A89E7
:107AE400ADF8AC209A8CADF8AE201A8DADF8B0206C
:107AF4009A8BADF8B2209A8AADF8B4205A7B8DF8EF
:107B0400B6205A7CDB7B0AB143F00203A64D1A204F
:107B14008DF8B73005F5AC6305F5AA6105F5AE62DD
:107B240013ED024B93ED005B05F5BE63B7EEC44B5A
:107B3400B7EEC55B12ED026B13ED027B91ED003BDA
:107B4400B7EEC66B8DED2F4AB7EEC77B8DED305A7D
:107B5400B7EEC33B8DED316A8DED327A8DED2E3A61
:107B640008F08CFB074619F071FB0446781C19F0E9
:107B74006DFB0346E4B21C2063F30F24ADF8CC4044
:107B840008F07CFB19F062FB034641208DF8CE30EF
:107B940008F074FB19F05AFB034605F594708DF850
:107BA400CF300DF0D3FB034605F59470ADF8D0301B
:107BB4000DF0CEFB03462420ADF8D23008F05EFB76
:107BC400074619F043FB0446781C19F03FFB0346B3
:107BD400E4B2262063F30F24ADF8D44008F04EFB42
:107BE400074619F033FB0446781C19F02FFB0346B3
:107BF400E4B2282063F30F24ADF8D64008F03EFB2E
:107C0400074619F023FB0446781C19F01FFB0346B2
:107C1400E4B22A2063F30F24ADF8D84008F02EFB19
:107C2400074619F013FB0446781C19F00FFBB2EE5B
:107C3400046BD5F82831E4B2D5F8401160F30F2471
:107C44008DF8DE30D5F82C018DF8E01095F815315B
:107C540095F81621ADF8DA408DF8DF0095ED4E7BEE
:107C640027EE067BB8FE477BBCEEC77B17EE101AE7
:107C7400ADF8DC100BB142F0020295F814310BB1EF
:107C840042F00402494B8DF8E12095F8A90695F8D5
:107C940089169FED415B93ED006B93ED087B95F89E
:107CA4007D3626EE056B8DF8EA3027EE057BB8FEAF
:107CB400466BFCEEC66BB8FE477BFCEEC77B16EE4C
:107CC400903A1A0EADF8E2301C0C17EE903A8DF88B
:107CD400E520ADF8E6301A0C1B0E8DF8E4408DF863
:107CE400E8208DF8E93008B141F00201304A0DF185
:107CF40097033CA88DF8EB1012788DF8EC20002245
:107D040013F8011F984282EA0102F9D15A21304640
:107D1400284C8DF8F120FFF7DDFA204620F020F9F9
:107D2400254B1B8823523FB0BDEC048BF0BD94F867
:107D34004531423B152B3FF634AE01A252F823F0F5
:107D4400DD680000435C0000435C0000435C00000D
:107D5400435C0000435C0000435C0000435C0000A3
:107D6400435C0000435C0000435C0000435C000093
:107D7400435C0000435C0000BD680000435C0000FD
:107D840063680000435C0000435C0000435C000047
:107D9400435C0000456800000000000000005940FA
:107DA400DC34002018350020B04900203050002079
:107DB400545A00207C580020E41F002094F84521E8
:107DC400A2F13103412B3FF6ECAD01A151F823F0B0
:107DD4002F6B00002F6B0000435C0000435C00002D
:107DE400435C0000435C0000435C0000435C000013
:107DF400435C0000435C0000435C0000435C000003
:107E0400435C0000435C0000435C0000435C0000F2
:107E1400CD6A0000435C0000435C00004D6A000032
:107E2400435C0000435C0000435C0000435C0000D2
:107E3400435C0000435C0000435C0000435C0000C2
:107E4400435C0000435C0000676E0000396E000074
:107E5400435C00004D6A0000435C0000435C00008A
:107E6400435C0000435C0000435C0000435C000092
:107E7400435C0000CD6A0000435C0000435C0000EA
:107E8400435C0000435C0000435C0000435C000072
:107E9400435C0000435C0000435C0000435C000062
:107EA400435C0000435C0000435C0000435C000052
:107EB400435C0000435C0000435C0000435C000042
:107EC400435C0000435C0000435C0000435C000032
:107ED400435C00001D6E000094F84531613B192B92
:107EE4003FF65FAD01A252F823F000BF45690000E0
:107EF400435C000035690000435C0000435C000003
:107F0400435C0000435C0000435C0000435C0000F1
:107F1400435C000029690000435C0000435C0000EE
:107F2400435C0000435C000019690000435C0000EE
:107F3400435C0000435C0000435C0000435C0000C1
:107F4400435C0000435C0000435C0000435C0000B1
:107F5400F568000094F84531413B162B3FF621ADFE
:107F640001A252F823F000BF496900003D6A0000F5
:107F7400396A0000356A0000296A0000435C000089
:107F8400435C00001D6A0000435C0000435C000089
:107F9400435C0000435C0000435C0000435C000061
:107FA400116A0000435C0000435C0000435C000075
:107FB4008D690000435C00006D690000435C0000B3
:107FC400416A000094F84531423B2B2B3FF6E9AC63
:107FD40001A252F823F000BF396C00008D6C000040
:107FE400435C0000435C0000435C0000556C0000EF
:107FF400435C0000CB6D0000435C0000435C000068
:10800400396D0000936D0000435C0000435C000088
:10801400435C0000435C0000716C0000776D00005D
:10802400435C0000435C0000435C0000435C0000D0
:10803400435C0000435C0000435C0000435C0000C0
:10804400435C0000435C0000435C0000435C0000B0
:10805400435C0000435C00005B6D0000AF6D0000FA
:10806400435C0000435C0000435C0000435C000090
:10807400435C0000435C0000435C0000435C000080
:10808400435C0000A96C000094F84531413B122B7D
:108094003FF649AE01A252F823F000BF3168000058
:1080A4002B68000025680000C75F0000C75F000060
:1080B400C75F0000C75F0000C75F00001B680000C7
:1080C400C75F0000C75F0000C75F0000C75F000014
:1080D400C75F0000C75F0000C75F0000C75F000004
:1080E400C75F00000B68000094F84531322B00F0A4
:1080F400928724D8312B7FF454AC72B6BC4B03F571
:10810400F36203F5E06392ED007AB8EEC77B13EDFA
:10811400025B87EE056B8DED266B62B6B54D0123D0
:1081240094F85E0126A91A460090284613F03CFFF5
:1081340028461FF015FFB04B1B882B52F3E5333B49
:10814400012B3FF62EACAD4D26A8A94914AE95EDF2
:10815400020B9FEDA39B9FEDA48B20EE090B0CF06B
:10816400EBF8A349304695ED020BA54D20EE090B23
:108174008DED060B0BF06CF8A5F1D803CDE90435B1
:1081840016AB0FCB9DED060B8DE80F0026A91AA8A0
:1081940096E80C0013F02CF81AA813F037FC20EE24
:1081A400080B1AA88DED120B13F02CFC20EE088B93
:1081B400A5F522709DED120B8DED268B8DED060B32
:1081C4000EF07EFF11AB014610AAA5F52270B0EEA9
:1081D400481B9DED060B0BF001FDDDED107A05F556
:1081E4008F6305F59965B8EEE76BDDED117A94F8C8
:1081F4005E21B8EEE77B13ED023B15ED024B94F8DC
:10820400453186EE035B7B4D332B4FF0010387EE44
:10821400046B8DED125B8DED266B00F024870092CC
:1082240026A91A46284613F0BFFE72481FF098FE8E
:10823400714B1B882B5276E594F84501A0F130036D
:10824400422B3FF6AEAB01A252F823F0ED670000DB
:10825400ED670000ED670000ED670000A96E000007
:10826400435C0000435C0000435C0000435C00008E
:10827400435C0000435C0000435C0000435C00007E
:10828400435C0000435C0000435C0000435C00006E
:108294008F6E0000756E0000435C0000956F000057
:1082A400435C0000435C0000435C0000435C00004E
:1082B400435C0000435C0000435C0000435C00003E
:1082C400435C0000435C0000435C0000435C00002E
:1082D400435C0000435C0000435C0000435C00001E
:1082E400435C0000435C0000435C00006F6F0000CF
:1082F400435C0000435C0000435C0000435C0000FE
:10830400435C0000435C0000435C0000435C0000ED
:10831400435C0000435C0000435C00002F6F0000DE
:10832400216F0000136F0000435C0000435C0000F9
:10833400435C0000435C0000435C0000435C0000BD
:10834400435C0000435C0000435C0000435C0000AD
:10835400435C0000C36E000094F84531303B032BAE
:108364003FF6E1ACDFE803F0BB8A845894F845316A
:10837400413B032B3FF615ABDFE813F03000200040
:10838400E600E400FBF770FACDE43FB0BDEC048BEB
:10839400BDE8F040FEF7E0BF154B93F815315BB133
:1083A400184A1268134B110C1A809970BBE4104BD5
:1083B40093F81631002BF3D1134AF2E7134BD3EDA4
:1083C400007A1349FDEEE77A0A4817EE902A3FB087
:1083D400BDEC048BBDE8F0401FF004B90D4BEEE793
:1083E400399D52A246DF913FF8C1631ADCA54C4087
:1083F400B04900207C580020E41F00207049002070
:10840400384C0020BC1D0020C01D0020DC50002082
:1084140038240020D8500020C14B26A8C1499FED24
:10842400B67B93ED020B20EE070B0BF085FF26A81D
:1084340012F006FF9FEDB27B20EE070BB3EE087B34
:10844400B5EEC00B8DED1A0BF1EE10FA00F14E866D
:10845400B4EEC70BF1EE10FA03DB30EE470B8DEDF3
:108464001A0BB14C01221AA9204613F02DFD54E435
:1084740019F020FDAD490246AB48A8E7AC4D19F010
:1084840019FD0021C5E9060111F03EFA0446D5E9BB
:10849400060111F0CBF90246D5E90601099211F063
:1084A4001DFA0690D5E9060111F002FAD5E9060194
:1084B40011F0D2F9D5E906019E4D11F0E3F9E11767
:1084C400069B85FB04056420099AC1EB651100FB3A
:1084D40011449949944800941FF084F823E419F056
:1084E400E9FC934C0021904DC4E9060111F0E0F938
:1084F4000346D4E9060108EE103A11F0ADF906EE90
:10850400100AB8EEC87BB8EEC66B9FED7F5BD4E96A
:10851400060186EE058B38EE078B11F0B3F907EEF2
:10852400900A214601222846B8EEE76B20319FEDE0
:10853400785B86EE057B37EE087B81ED007B13F0DC
:10854400C3FCF5E57D4B3AE77D4B38E7754B0221DB
:10855400754C03EBC0030846224693EDF40BB7EECB
:10856400C00B19F06FF9FFF7D8BB412007F086FE66
:1085740018F06CFE024673497EE7734B71496A48F2
:108584001A7824E7714A724976E7724A704973E7A8
:108594006D490F231720634A0C786D4913FB0403BC
:1085A4001A4469E794F84641002C00F0CB85313C2D
:1085B400032C3FF6F6A9DFE814F0DC02D802D3025C
:1085C400C90294F84631313B112B3FF6EAA901A2C6
:1085D40052F823F053720000457200003772000015
:1085E400297200001B7200000D720000FF71000070
:1085F400F17100007D720000435C0000435C0000E8
:10860400435C0000435C0000435C0000435C0000EA
:10861400435C00006F7200006172000094F8463100
:10862400303B072B3FF6BDA9DFE813F0E603DE037A
:10863400D203C603870372036C03660394F84631BE
:10864400303B032B3FF6ADA9DFE813F05D01570182
:1086540051014B01404B414933489FED2F7B93ED32
:10866400006B26EE077B53EC172B3FB0BDEC048B5D
:10867400BDE8F0401EF0B6BF394B38492A489FED9B
:10868400267B13ED026BECE7264B2E49264893F824
:1086940098249CE6334B314923489FED1F7B93ED8F
:1086A400006BDEE72F4BE8E7242007F0E7FD0546E3
:1086B40018F0CCFD0446681C18F0C8FD0346E4B26B
:1086C4002049194863F30F2422B280E6154BB2EE19
:1086D400046B2549144893ED4E7B27EE067BB8FEC8
:1086E400477BFDEEC77B17EE902A70E60D4B1F49C2
:1086F4000D48D3F840216AE6399D52A246DF913FE6
:10870400C4ACAEA4C88E0E400000000000004E4071
:10871400000000000020AC407BAD3173C62D094140
:1087240070490020B04900207C5800209C1D002086
:10873400585200201F85EB519C2300202C5100200F
:108744002851002038240020545A0020D649002003
:10875400E8230020C7490020504E00208C1D002033
:10876400704E0020604E0020AC1D0020EC23002041
:10877400B74BB849B848D3F82C2128E6B44BB549CF
:10878400B548D3F8282122E6B4480CF0DFFDB449FB
:10879400024671E62A2088E7282086E7262084E717
:1087A400AE480CF0D5FDAE49024665E6A84991F8FD
:1087B4007C36002B00F0B584AA4B26AE9FED9A7B45
:1087C40093ED020B304620EE070B0BF0DDFD94F821
:1087D4004531522B40F0908472B6A34B1B6862B6AD
:1087E400A24A934203DDA2490B449342FCDC07EE08
:1087F400903AB3EE085B3046974DB8EEE77B9FEDB9
:108804008C4B9FED8D0B87EE046B26EE056B26EEED
:10881400000B12F021FD94F85E211AA928469FED61
:10882400887B20EE070B8DED1A0B88E6884926A875
:1088340091F87C369FED848B002B00F07F840BF045
:108844000BFF26A812F0A4FF20EE080B13F004FD82
:1088540026A88DED140B12F095FF20EE080B94F86A
:108864004531412B8DED1A0B00F07E847A4D9DED40
:10887400140B13F0D9FC94F85E010023012200903C
:1088840014A928468DED140B13F08EFB50E4312A05
:108894006F4D00F07584D5F8BC36002B00F0898448
:1088A4001A7E012A40F2B18472B693ED056A62B66B
:1088B400704AB8EEC66B95F8A93692ED005B86EE69
:1088C400057B0BB1B1EE477B94F85E010123624D49
:1088D40026A900901A4628468DED267B13F064FBEA
:1088E40026E45B4B64495C48D3F884286FE5584B15
:1088F40061495948D3F8FC2769E5554B5E49564808
:1089040093F8802863E5524B5B49534893F8F82762
:108914005DE5632995EDA25B95EDA46B95EDA67BD2
:1089240000F0CD8470290CBFB7EEC67BB7EEC77BD1
:10893400DFED526ADFED527A27EE267A5149464836
:1089440067EE277AB7EEE77A53EC172B1EF04AFE50
:10895400FFF7E9B995F83223002A00F0A384414BCC
:108964007A299FED317B93ED020B20EE070B00F08B
:10897400F284772914BF01210221434816F064F8D8
:10898400354C0123002226A9204600938DED260BA9
:1089940013F00AFBFFF7C1B994F84631522B00F0EB
:1089A4002784442B7EF4FDAF384B1B6832492A4898
:1089B4005A6A0CE594F84631522B00F01084442B8B
:1089C4007EF4EFAF314B1B68314923481A68FEE44B
:1089D40094F84631522B00F00E84442B7EF4E1AF20
:1089E4002A4B1B682B491C48DA7BF0E494F8463187
:1089F400522B00F00584442B7EF4D3AF234B1B6829
:108A0400244915485A69E2E494F84631522B00F09F
:108A1400EB83442B7EF4C5AF1C4B1B681D490E48E9
:108A24005A7CD4E4AFF30080399D52A246DF913FD3
:108A340000000000C07A604166732D3852C1D03FF7
:108A4400C4ACAEA4C88E0E40F8C1631ADCA54C4079
:108A5400B0490020D42300207C580020D84A0020AC
:108A6400AC1D0020704900205852002000D683001D
:108A7400002A7CFF5050002038240020E12E65425B
:108A8400000061458C1D0020F84A002018350020A4
:108A94009C1D0020981D002094F84631522B00F0B4
:108AA400AD83442B7EF47DAFB14B1B6893F92C202E
:108AB400012A00F0538400225DE594F84631522BDC
:108AC40000F08B83442B7EF46CAFA94B1B68A9493F
:108AD400A9489A6A7BE494F84631522B00F08283C9
:108AE400442B7EF45EAFA24B1B68A449A2489A684B
:108AF4006DE494F84631522B00F08583442B7EF4C8
:108B040050AF9B4B1B689D499B485A7B5FE494F88C
:108B14004631522B00F06A83442B7EF442AF944BCF
:108B24001B6896499448DA6951E494F84631442B19
:108B340000F04783522B7EF434AF914B93F96826AF
:108B4400012A00F0118400228C4995E48D4B002207
:108B54009A603FB0BDEC048BBDE8F040FAF760BE0C
:108B6400884B894984489A6831E4864B00225A60CC
:108B7400EFE7844B844980485A6828E494F84631E6
:108B8400522B00F01A83442B7EF40BAF784B5B68B6
:108B94007A4979485A7A1AE494F84631522B00F00B
:108BA4000E83442B7EF4FDAE714B5B6877497248AB
:108BB4009FED6D6B93ED007B27EE067BFCEEC77B90
:108BC40017EE902A03E46E4B6C496B4893F87D26AC
:108BD400FFF7FDBB6E4B6C49674813ED027BB8FE93
:108BE400477BFDEEC77B17EE902AFFF7F0BB694B7E
:108BF4000121614C022013ED020B2246B7EEC00B9B
:108C040018F020FEFFF789B8634B02215A4C08463E
:108C1400224693ED000BB7EEC00B18F013FEFFF7DE
:108C24007CB85E49B7EE007B0AAA26AB0DF1970625
:108C34005B4D0DF19F0791ED006B37EE467B8DED9B
:108C44000A7B92E80300574A83E8030016F8013FC1
:108C54000235190903F00F03B742515CD35C85F860
:108C64006E1085F86F30F1D12323A4F88030FFF71C
:108C74005AB8434B44494048D3F82425FFF7A7BBCF
:108C84003F4B41493C48D3F82025FFF7A0BB464958
:108C94000AAA26AB0DF197050DF19F0651E90201D1
:108CA400CDE90A0192E803003E4A83E803003C4907
:108CB40015F8013F0231180903F00F03AE42105CAE
:108CC400D35C81F86E0081F86F30F1D1CCE71A20C3
:108CD40007F0D4FA054618F0B9FA0446681C18F0EF
:108CE400B5FA0346E4B22349234863F30F24A2B23E
:108CF400FFF76DBB1C2039E42C4B2D491E4853E96A
:108D04000223B2E42B4B2A491B48D3E90023ACE4E9
:108D140072B61B4A02F5036313ED027BD2F82018E6
:108D2400FDEEC77B17EE903A5B1AC2F8303862B694
:108D34001549D2F83028FFF79FBB72B6104A02F5E6
:108D4400F46393ED007BD2F89817FDEEC77B17EE22
:108D5400903A5B1AC2F8A83762B60B49D2F8A82732
:108D6400FFF78ABBAFF30080000000000000594009
:108D740018350020382400207C580020981D00203D
:108D8400B049002058520020AC1D00209C1D00203A
:108D940080510020A04F0020204F0020C04E002012
:108DA4000C580020C41D0020D04E0020005200208A
:108DB400A41D00207051002072B6B94B13ED027B44
:108DC40062B6FDEEC77BB74917EE902AFFF754BB96
:108DD40072B6B54B93ED007B62B6FDEEC77BB1492D
:108DE40017EE902AFFF748BB72B6B04BD3F8202891
:108DF40062B6AC49FFF740BB72B6AC4BD3F89827C8
:108E040062B6A849FFF738BBDDED147AB7EEE77A0E
:108E1400A749A84853EC172B1EF0E4FBFEF783BFC9
:108E2400DDED127AF2E7DDED117AEFE7DDED107A90
:108E3400ECE7DDED0F7AE9E7DDED0E7AE6E7DDED4F
:108E44000D7AE3E7DDED0C7AE0E79B4A9B4999480C
:108E54001EF0C8FBFEF767BF994B9549D3ED007A26
:108E64009448B7EEE77A53EC172B1EF0BBFBFEF7E2
:108E74005ABF95F8602493498E481EF0B3FBFEF761
:108E840052BF95F870342321002213F0010F84F8A7
:108E9400731084F8742014BF43212D2113F0020FA2
:108EA40084F8701014BF50222D2213F0040F84F89C
:108EB400712014BF49232D2384F87230FEF733BF89
:108EC40095F86034002B00F061825A1E7749002324
:108ED400D2B201F110009FED684B9FED696B9FEDDD
:108EE4006A5B9FED6B3B9FED6C2B00EB02101A4607
:108EF40091EDF67BB4EEC47BF1EE10FA09DD37EEAA
:108F0400467BB4EEC47BF1EE10FAF8DC01E037EEF8
:108F1400067BB4EEC57BF1EE10FAF8D4B5EEC07B57
:108F2400F1EE10FA48BFB1EE477BB4EEC37BF1EE2D
:108F340010FA40F19180013210318842D8D162494F
:108F44005C481EF04FFBFEF7EEBEDDED1A7A5DE7DE
:108F54005E4B57495748D3E90023FFF786BB5B4B69
:108F64005349544853E90223FFF77FBB584B5049F8
:108F74005048D3E90023FFF778BB564B4C494D4882
:108F840053E90223FFF771BB534B4949494853E95D
:108F94000223FFF76ABB514B45494648D3E90023F6
:108FA400FFF763BB4C4B42494248D3E90023FFF728
:108FB4005CBB4B4B3E493F4853E90223FFF755BB8B
:108FC400484B49493B48D3E90023FFF74EBB434B89
:108FD4004549384853E90223FFF747BB334901F5B4
:108FE400BA63D3E9002391F8C90540B2002806DC2E
:108FF40091F8C915090600F1BE81002200232C490D
:109004002C48FFF732BB294B93F81431002B3FF463
:10901400D3A9FFF7C5B972B6244B03F5026203F571
:10902400EA6392ED007AFFF770B81AA914AB12AA9A
:1090340005F5A470CDE9043111AB10A9CDE90232D4
:109044000FAA0EABCDE900210CA90DAA15F086FCE0
:1090540094F84511FEF7C1BCB4EEC27BF1EE10FAF0
:10906400C8BF013368E7009212A928461A4612F0D5
:109074009BFFFFF7DAB800BF182D4454FB210940C9
:10908400182D4454FB211940182D4454FB2109C0C8
:10909400AE70CFC0E21DF93F82E9B8E71326F93F6D
:1090A400E0510020AC1D002050510020B0490020A8
:1090B4008C1D00207C5800202F4E0020E823002027
:1090C400444E002038240020901D0020704F0020C2
:1090D400F0510020705100202052002090510020B7
:1090E400A051002010520020A41D002030EE070BD8
:1090F4008DED1A0BFFF7B5B93046AF4D12F09CF861
:1091040094F85E2101231AA90092284600229FEDBB
:10911400A47B20EE070B8DED1A0B12F045FFFFF731
:1091240007B8A64B26AE9FEDA07B93ED020B30460D
:1091340020EE070B0BF000F9FFF749BB0BF068FAC0
:10914400FFF77FBB9E4D64219E4AEB689A4801FB62
:1091540003F382FB0312DB179B49C3EB22321EF09D
:1091640041FAEC60FEF7DFBD94F85E010123924DF5
:10917400002200901AA9284612F016FFFEF7D8BF65
:10918400D5F89C36ABB11A7E012A40F29C8072B6A7
:1091940093ED056A62B68D4AB8EEC66B95F88936CA
:1091A40092ED005B86EE057B002B3FF48DABFFF761
:1091B40089BB9FED7F7BFFF787BB854BE7E4844B3F
:1091C400F3E4844B93F92826012A7FF4BCACD3F84A
:1091D4002C0613F0F5FF0246B6E47D4B76E47C4B97
:1091E400FFF7F1BB7A4B7FE4794B16E4784B97E4B5
:1091F400774BFFF7DABB764BFFF7F3BB744B54E4C2
:10920400734BFFF7FCBB724B7CE472B619689A6827
:10921400096811405A681068DA68104200F09280B8
:109224001A7C02F0030209B142F0040242F008027F
:109234009108013A19740D2A3FF637AB01A151F890
:1092440022F000BF277500001D7500003B7500006B
:109254001D7500004B6B0000317500002775000080
:1092640027750000317500004B6B00001D75000070
:109274003B7500001D750000277500005A69013A0E
:109284005A61FFF712BB5A6901325A61FFF70DBBED
:109294005A69023A5A61FFF708BB5A6902325A61A5
:1092A400FFF703BB444C0123002000210093CDE9C8
:1092B400260126A9204612F077FEFEF72EBDB7EE52
:1092C400C57BFFF735BB72B619689A680968114007
:1092D4005A681068DA68104250D01A7C02F003020F
:1092E40009B142F0040242F008029108013A1974EB
:1092F4000D2A3FF64DAF01A151F822F0DD750000B3
:10930400D575000039760000D57500003174000071
:1093140031760000DD750000DD7500003176000057
:1093240031740000D575000039760000D575000051
:10933400DD7500005A69013A5A6129E75A69013218
:109344005A6125E71A7C02F0030200293FF470AF4A
:1093540042F004026CE70021FFF70FBB186B13F017
:10936400A7FE0246FFF707B9D3F86C0613F028FFEF
:109374000246FFF7E9BB83F0004340E61A7C02F0A3
:1093840003020029B1D042F00402AEE71A46D6E542
:109394005A69023A5A61FBE65A6902325A61F7E69F
:1093A400F8C1631ADCA54C40399D52A246DF913FB7
:1093B40000000000000000007C58002070490020DC
:1093C400145A00208D512C69B41D00203050002007
:1093D400DC340020B04900202DE9F041AA4C2DEDE9
:1093E400028B94F84331CEB0313B462B4DD8DFE8A5
:1093F40013F0530053004C004C004C004C004C0044
:109404004C004C004C004C004C004C004C007100D3
:1094140048026E024C004C004C004C00A1024C006F
:109424004C004C004C004C004C004C004C004C00D8
:1094340047004C004C005D014C00B9014C004C004D
:109444004C004C004C004C004C004C004C004C00B8
:109454004C0040034C004C004C007E034C00CF02F7
:109464004C004C004C004C004C004C001F034C00C2
:109474004C004C004C002E034C004C004C003603B6
:1094840094F84431002B00F000834EB0BDEC028B05
:10949400BDE8F041FAF7FCB97C4D40A928461DF01F
:1094A4003BFE409BB0EE408BAB4200F05183B5EEE7
:1094B400400BF1EE10FA40F0248394F843317448E1
:1094C400312B9FED690B00F04F830CF091FAFAF702
:1094D4009FF9C4E0002508226C491CA88DF8465069
:1094E4001EF060FA09226B491FA88DF878501EF00F
:1094F40059FA94F85E211CA914A88DF8855012F02D
:10950400ABFB002800F0A88094F85E3101221FA96B
:1095140016A812F0E1FB002800F09E8072B65E4BA4
:109524001B6862B65D4A934203DD5D490B44934276
:10953400FCDC07EE903AB2EE0E5BB3EE084B22ADC4
:10954400B8EEE77B524C9FED4A3B9DED140B9FED2B
:109554004A8B87EE036B25EE400B26EE046BA6EEDA
:10956400050B12F059FE28A820EE082B9DED161BC2
:109574009FED3D0B21EE081B11F088FD494B214660
:10958400284693ED020B20EE080B8DED0E0B09F02F
:109594005FFE24AB0FCB9DED0E0B8DE80F0028A9C9
:1095A40040A895E80C0011F0B7FD40A812F0EAF8C5
:1095B400D4ED4A7AB8EEE77B27EE087BB4EEC70B0E
:1095C400F1EE10FA48D4D4ED4B7AB8EEE77B27EEEF
:1095D400087BB5EEC07BF1EE10FA3DD404F522739E
:1095E40004F5D87240A934A812F00AF834A812F08D
:1095F4000DFA34A800259FED228B20EE080B8DED8B
:10960400180B12F0FFF920EE080B20468DED1A0B13
:109614000DF056FD012301460DF14602204612AC21
:109624008DF8471018A90094CDE9033513ABCDE9A3
:1096340001320DF147031AAA0BF026F9002800F0B5
:109644009E829DF84630012B00F0C582022B06D184
:10965400154B57221A8002E0134B21221A804EB078
:10966400BDEC028BBDE8F0810000000000000000AA
:1096740000000000C07A6041399D52A246DF913F4C
:10968400F8C1631ADCA54C400C5800205059002046
:10969400B0490020585900205852002000D68300B9
:1096A400002A7CFF704900207C58002072B6B04B21
:1096B4001B6862B6AF4A934203DDAF490B44934241
:1096C400FCDC07EE903AB3EE084BAC4EB2EE0E5B08
:1096D400B8EEE77B40AD9FED9E3B96ED000B9FED12
:1096E4009E8B87EE036B26EE046B96EE050B12F051
:1096F40093FD284620EE082B16ED021B9FED980BD8
:1097040021EE081B11F0C2FCA6F59C600DF0D8FCFC
:109714009B4B0DF5847E0A90EC4693ED020BBEE85C
:109724000F00ACE80F00BEE80F00ACE80F009EE8A5
:10973400030020EE080B8CE80300A6F59C6095E876
:109744000C000BF0B5F90546002800F0EA8130352D
:10975400002384F8705084F871304EB0BDEC028B55
:10976400BDE8F081874800250DF0AAFC06460E20CE
:10977400DFF8088206F082FD074617F067FD60F304
:109784000705781C17F062FD60F30F25B81C17F06D
:109794005DFD0346F81C63F3174517F057FD60F3AE
:1097A4001F65122007EE905A0025B7EEE77A88ED80
:1097B400007B06F063FD074617F048FD60F30705DC
:1097C400781C17F043FD60F30F25B81C17F03EFD1D
:1097D40060F31745F81C17F039FD60F31F6507EEB9
:1097E400905AB7EEE77A08ED027B72B6604B1B68BD
:1097F40062B6604A934203DD5F490B449342FCDC4A
:1098040007EE903AB3EE084BB2EE0E5B40ADB8EE05
:10981400E77B9FED4F3B98ED000B9FED4F8B87EE61
:10982400036B26EE046B96EE050B12F0F5FC28464E
:1098340020EE082B18ED021B9FED490B21EE081BAF
:1098440011F024FC4E4B0DF5847E0A96EC4693ED04
:10985400020BBEE80F00ACE80F00BEE80F00ACE856
:109864000F009EE8030020EE080B8CE80300454837
:1098740095E80C000BF01CF9054600287FF467AF4F
:1098840031E1404C20460DF009FC002840F03281C3
:1098940094F8483503F0FF05002B40F02B810A2291
:1098A400294639481DF0EAFC07EE900A04F5A8633E
:1098B400B8EEE77B9FED2C5B87EE056B03ED026B47
:1098C400F9F7A6FF0123E57084F83135C7E62F4D7B
:1098D40040AE012130469FED207B95ED002B15ED28
:1098E400021B9FED1F0B22EE072B21EE071B11F02D
:1098F400E3FDA5F59A600DF0E3FB0DF5847E0C9075
:10990400EC46BEE80F00ACE80F00BEE80F00ACE880
:109914000F009EE80F008CE80F00A5F59A6096E80A
:109924000C000BF03DF80023303084F8713084F8DB
:10993400700094E61348837D012B7FF490AE0BF006
:10994400FBF80023303084F8713084F8700086E628
:1099540000000000C07A6041399D52A246DF913F69
:1099640000000000000000000000000000004E4065
:109974005852002000D68300002A7CFF904E00201D
:1099840070490020B049002050590020804E00202A
:1099940040A99D4812F010FC002846D0409B47F295
:1099A4002F52013B934240D8984D28460DF076FB48
:1099B40000283AD195F8F834BBBB95F84835032B09
:1099C40000F0038194F84431772B00F0DC80652BA0
:1099D40000F0D980732B01D06E2B26D18B480DF06B
:1099E40087FE8B4B8B480022C0E90023A0F5B860AA
:1099F4000DF066FB012894F8443100F0F8806E2BDA
:109A040000F0FA80732B00F0EE8017F02FFB409BE0
:109A14004FF47A72C5F8B40502FB03F3C5F8B03508
:109A240072B6012385F8483562B6F9F731FF16E6B8
:109A340076480DF045FB01280ED903220121734815
:109A44004EB0BDEC028BBDE8F0410BF0C7BF6F48D0
:109A54000DF036FB0128F0D903220021EFE70322A1
:109A640000216A484EB0BDEC028BBDE8F0410BF01A
:109A740069BF694969481EF097F800287FF405AD6D
:109A840094F84831002B7FF400AD60480DF02CFBB6
:109A940000287FF4FAACDFF8908140AF5B4942AE16
:109AA40038466D469FED568B98ED020B20EE080B61
:109AB4000AF042FC55480DF003FB0A900FCE98EDD6
:109AC400020B0FC50FCE0FC596E8030020EE080B5E
:109AD40085E803004D4897E80C000AF0E9FF0546C5
:109AE40000287FF434AE49480EF042FB2FE60322EF
:109AF4000121B6E74EB0BDEC028BBDE8F041F9F7A9
:109B04009DBE424EB0EEC07B06F5AE6393ED006B96
:109B1400B4EEC76BF1EE10FA08D5682325F8D43CEF
:109B24009DE5A6F59C600EF023FB10E630460DF093
:109B3400B5FAE0B996F8F834EBB996F848355BB164
:109B440096F84835042B07D0672325F8D43C86E5DE
:109B5400692223F8D42C82E594F84331B0EE480B03
:109B64002A48312B7FF4B1AC0BF0F6FEAFE473233B
:109B740025F8D43C73E5652325F8D43C6FE5284BE0
:109B84003F221A806BE521480DF0B2FD94F8443170
:109B940000201F49234A652BC2E900011FD0772BFF
:109BA40002D1022385F8993517F060FA409B4FF4EF
:109BB4007A72C5F8840502FB03F3C5F8803572B6E2
:109BC400012385F8483562B62FE795F84835022B0E
:109BD4007FF4F8AE29E7124B45221A803FE5FE23B5
:109BE40085F89935E0E7022385F8C9350DE76E2B32
:109BF400F9D0732B7FF409AFFE2385F8C93504E748
:109C0400399D52A246DF913F51590020B0490020AE
:109C14000000F03F704F0020582400204F590020CE
:109C24007C580020404F00207049002008B517F0F0
:109C3400E9FABDE8084017F0E5BA00BF284B10B5B3
:109C440093F843314BB3653BDAB2122A0DD8122B89
:109C54000BD8DFE803F0130A0A0A0A0A0A0A0A0EF2
:109C64000A0A0A0A0E0A0A0A1300BDE81040F9F7A4
:109C74000FBE1C480DF008FA00B310BD19480DF0D2
:109C840003FA0028F9D117480DF008FA0028F4D196
:109C94001448BDE810400BF085BE124C204684F8F1
:109CA40031350DF0F1F90028E7D120460DF0F6F931
:109CB40070B12046BDE810400DF01EBA09480DF001
:109CC400EDF90028D9D10748BDE810400BF0B6BE25
:109CD40020460BF067FE2046BDE810400BF0AEBEF8
:109CE4000C580020B049002008B517F08BFABDE8E5
:109CF400084017F087BA00BF38B51E4B93F84331BC
:109D0400303B232B13D8DFE803F016161616161271
:109D140012121212121212121212121212331212FE
:109D2400122F12121212123112121212121DBDE847
:109D34003840F9F7ADBD1C460F4D28460DF0B4F977
:109D440038B138BD0C4D032428460DF0ADF9002878
:109D5400F7D1E3B20246284685F8793595F87915A6
:109D6400BDE838400DF02EBC0024E5E70224E3E70B
:109D74000124E1E70C580020B049002008B517F091
:109D840041FABDE8084017F03DBA00BF00000000EA
:109D940070B52DED0A8B18F08DF8064600210FF0F2
:109DA400B3FD0021054630460FF040FD0446002176
:109DB40030460FF093FD631E04EE100A012B01D808
:109DC400013D0C3407EE905AB7EE009BB0EE008BC9
:109DD4000021B8EEE76B07EE904AB8EEC44B30466C
:109DE400B8EEE77B9FEDD23B9FEDD30B9FEDD45BA9
:109DF40086EE032B86EE003B37EE097B26EE056BE1
:109E04009FEDD11B9FEDD25BBBFE466B27EE017B22
:109E1400BBFE477BBBFE422B38EE428BBBFE433B73
:109E240038EE038B38EE068B38EE078B38EE048B56
:109E340038EE058B0FF03CFD0346002130460AEE58
:109E4400103A0FF009FD06EE100A0021B8EECA7BA5
:109E54003046B8EEC66B9FEDC05B86EE05AB3AEEBE
:109E640007AB0FF00FFD06EE900AB6EE007B9FEDF8
:109E7400BC3BB8EEE65B38EE077B85EE036BBBFEBE
:109E8400477B9FEDB94BB4EEC47BF1EE10FA36EE8E
:109E94000A6B17DD37EE099BB5EE005B9FEDB44B03
:109EA4009FEDB53B37EE444B84EE037BBDEEC77BA1
:109EB400B8EEC77B27EE055B39EE079BBBFE457BFF
:109EC40039EE477B9FEDAE3B9FEDAF2B9FED9C5B47
:109ED40037EE037B9FED9C4B37EE422B9FEDAC1B83
:109EE40082EE053BB2EE0B2BBBFE433B23EE055B40
:109EF400BBFE455B37EE457B87EE045B37EE017BAB
:109F0400BBFE455B25EE044BB4EEC25BBBFE444B8B
:109F1400F1EE10FA37EE447BBBFE477BBDEEC77B08
:109F240040F1FD80B7EE004B35EE445BFDEEC57BA2
:109F340017EE903A022B40F3E1809FED975B33EEEE
:109F4400453BBDEEC33BB8EEC33B07EE903AB0EEE3
:109F5400000BB8EEE75BB8EEC77B9FED754B9FED4A
:109F6400761B9FED772B83EE049B83EE014B23EE50
:109F7400023BB7EE002B9FED8A1B35EE025BBBFE66
:109F8400433B9FED712B25EE025B38EE412BBBFE6C
:109F9400455BBBFE499B30EE490BBBFE448B30EE68
:109FA400080BB3EE084B30EE033B9FED690B33EE29
:109FB400055B9FED7D8B35EE077B9FED7D5B37EE7B
:109FC400007B37EE417BA7EE058B86EE045B9FEDAD
:109FD4007A7BB4EEC48BF1EE10FA32EE055B85EEBB
:109FE400073B06DB38EE448BB4EEC48BF1EE10FA7B
:109FF400F8DAB5EEC08BF1EE10FA08D5B3EE087BB3
:10A0040038EE078BB5EEC08BF1EE10FAF8D4B3EE50
:10A01400087B9FED6B2B9FED6C4BA6EE028B23EE22
:10A02400044BA3EE048BB4EEC78BF1EE10FA06DBFF
:10A0340038EE478BB4EEC78BF1EE10FAF8DAB5EED2
:10A04400C08BF1EE10FA08D5B3EE087B38EE078B1F
:10A05400B5EEC08BF1EE10FAF8D49FED5D6B9FED79
:10A064005E9B9FED5F4B9FED600BA5EE069BA5EEFF
:10A07400440B9FED5FAB9FED607B39EE099B9FED39
:10A0840060BB80EE0A0BA5EE47BB19F07DFBB0EE7A
:10A0940040CB89EE0A0B19F077FBB0EE406B8BEEE8
:10A0A4000A0B9FED599B9FED5A7B29EE469BACEE24
:10A0B400079B19F0E1FAB3EE087BA9EE008BB4EE2E
:10A0C400C78BF1EE10FA06DB38EE478BB4EEC78B84
:10A0D400F1EE10FAF8DAB5EEC08BF1EE10FA08D50D
:10A0E400B3EE087B38EE078BB5EEC08BF1EE10FAB9
:10A0F400F8D4B0EE480BBDEC0A8B70BD9FED465B07
:10A104005A1E33EE453B012ABDEEC33B3FF61BAF5F
:10A1140013EE102A0C33013A03EE102A13E7B2EEC1
:10A124000A4B35EE445BFDEEC57B17EE903A01E732
:10A1340000000000000059400000000000007940C9
:10A144000000000000D4764061545227A0993E409C
:10A1540000000080A2423A410000000000004E408E
:10A16400000000000020AC40000000008C8A414147
:10A1740000000040D07D3C410000000088D5E14053
:10A184000000000000D097406666666666865E4002
:10A19400000000000000000000000000006CB2405D
:10A1A400000000802CB4424198B05E8E1CCA1A4054
:10A1B400D7E5E7EA5BD2B03F00000000A0D5E1405C
:10A1C400F2E1F1E7360BF03F05A227655243FB3E6F
:10A1D40043AD69DE718AEF3FEC51B81E858771404B
:10A1E40028806264C91CAB3FC3F5285C8F425F4082
:10A1F400F8C1631ADCA54C4048AFBC9AF2D79A3E2A
:10A20400FF21FDF67570374054E41071732AF93E4E
:10A2140003B34291EEE734BF00000000006BB2408C
:10A2240008B516F0EFFFBDE8084016F0EBBF00BF1D
:10A234002DE9F047A54C2DED048B94F8435194B0CF
:10A24400A5F12103592B5BD8DFE813F0D3005A00A2
:10A254005A005A005A005A005A005A005A005A002A
:10A264005A005A005A005A005A005A005A005A001A
:10A274005A005A005A005A005A005A005A005A000A
:10A284005A005A005A005A005A005A005A00B8009C
:10A29400AA005A005A005A008B005A005A005A0069
:10A2A4005A0028046100610061005A005A005A00F3
:10A2B4005A00560380035A005A001E025A005A00DC
:10A2C4005A005A005A005A005A005A0030035A00E1
:10A2D4005A0023034A015A0056014E025A005A00FA
:10A2E4005A005A002502E70014015A005A003E039E
:10A2F4005A0086025A005A005A005A005A0038037B
:10A3040014B0BDEC048BBDE8F047F9F7C1BA94F87A
:10A314004491B9F1000FF3D06D481DF021FE0E28D1
:10A3240073D8A5F14D046A4F002604EB4404B846E3
:10A3340004EBC404153401E017F8019FA519013694
:10A34400284616F083FF034649462846994501D01E
:10A3540017F088F840461DF003FE8642ECDD01202C
:10A3640054E05B4C08A920461CF0D6FE089BA3428F
:10A374000ED0BAEE087BB4EEC70BF1EE10FA07DB91
:10A38400B2EE087BB4EEC70BF1EE10FA40F2A185F1
:10A394000020F9F771FA14B0BDEC048BBDE8F08726
:10A3A4004B4B07AA06A905A811F08EFE0546002806
:10A3B40040F0E4842846F9F75FFAECE794F8445156
:10A3C400303D092D94BF0127002710D80378012BB5
:10A3D40000F0388531213F4816F028F9142016F092
:10A3E400F1FD002254F825103A4815F09BFE38463A
:10A3F4000CE094F84441A4F13103032B05D8364D05
:10A4040095F83560002E00F04F85002014B0BDECA7
:10A41400048BBDE8F047F9F72FBA94F844010028FB
:10A42400F4D02B481DF09CFD421C0F2AEDD8DFF818
:10A43400AC9000262649484609F1FF3817F034F954
:10A4440019F81A7C07EB470707EBC7071537BC1940
:10A4540018F8015F0136204616F0F8FE85422946B9
:10A46400204601D016F0FEFF48461DF079FD8642D5
:10A47400EDDD74E794F8444134B115481DF070FDE6
:10A4840002288CBF0024012408A9114811F094FE6D
:10A4940000283FF47EAF089BA3F13C021F2A3FF63D
:10A4A40077AF84B10C4D2220C5F82C3105F0E6FEBF
:10A4B40095F82C61054616F0C9FE864203D0314654
:10A4C400284616F0CFFF204663E700BF0C58002053
:10A4D40050590020D8320020B04900208A49002079
:10A4E40008A9994811F068FE0646002840F0C08388
:10A4F4003046F9F7C1F94EE794480CF0CDFD002839
:10A5040000F0328494F84451002200232B2D18BF0C
:10A514002D2D0CBF0125002505F249102044CDE95D
:10A5240008231DF01DFD012840F23C83631993F8B4
:10A534004A31A3F13A03B3FA83F35B0905F5A27137
:10A54400002208A8214411F0C7FB0546002800F0AA
:10A55400998094F844312D2B9DED087B03D1B1EE05
:10A56400477B8DED087B9FED726BB4EEC67BF1EEFD
:10A5740010FA00F1AB84764F9FED6F6BB4EEC67B9F
:10A58400F1EE10FA3FDC3C78F7EEC76B04EB4404C1
:10A59400CDED026A04EBC404029E04F10E08F6B287
:10A5A400404687ED047B16F051FE864203D03146C7
:10A5B400404616F057FF029E04F10F08C6F3072623
:10A5C400404616F043FE864203D03146404616F01C
:10A5D40049FF029E04F11008C6F30746404616F0F0
:10A5E40035FE864203D03146404616F03BFF029EBC
:10A5F4001134360E204616F029FE864203D0314629
:10A60400204616F02FFF534CD7E90423C4E90E2348
:10A61400FFF7BEFBB2EE0E5BB3EE087B94ED0E4B80
:10A6240084EE056B30EE460BB4EEC70BF1EE10FA78
:10A6340006DB30EE470BB4EEC70BF1EE10FAF8DA96
:10A64400B5EEC00BF1EE10FA08D5B3EE087B30EE90
:10A65400070BB5EEC00BF1EE10FAF8D4B3EE085BBD
:10A664009FED376B80EE057B27EE067BBDEEC77B47
:10A6740072B684ED007A62B672B622682368C4E9C1
:10A68400042362B62846C1E614B0BDEC048BBDE8D1
:10A69400F04700F035BF94F84441002C3FF430AE4D
:10A6A40029481DF05DFC01283FF62AAE4E2C00F02F
:10A6B4004184452C00F04584572C7FF421AE234877
:10A6C4000CF012FD002840F04C84214B93ED027BEA
:10A6D400B5EEC07BF1EE10FAACBF022201221B4B97
:10A6E400012083F8C02491E694F844411648003CC4
:10A6F40018BF01241DF034FC08A90546124811F0C6
:10A704005BFD089B03F11E023C2A8CBF002404F06D
:10A7140001040440032D8CBF002404F00104002C28
:10A7240040F0D0822046F9F7A7F834E6AFF3008072
:10A7340000000000008076C0000000000080764029
:10A7440000000000C07A604150590020B049002048
:10A75400704900205852002073480CF09DFC0028DA
:10A7640000F0F88271481DF0FBFB012840F21882CA
:10A7740094F84A31A3F13A03B3FA83F35B09012253
:10A784006B4908A811F0A8FA054600283FF47AAFEF
:10A794009FED5F6B9DED087BB4EEC67BF1EE10FA86
:10A7A4005BD49FED5D6BB4EEC67BF1EE10FA54DC26
:10A7B400604FF7EEC76B3C78CDED026A04EB4404BE
:10A7C400029E04EBC404F6B204F10A08404687ED85
:10A7D400027B16F03BFD864203D03146404616F01C
:10A7E40041FE029E04F10B08C6F30726404616F00C
:10A7F4002DFD864203D03146404616F033FE029EBC
:10A8040004F10C08C6F30746404616F01FFD8642C5
:10A8140003D03146404616F025FE029E0D34360E16
:10A82400204616F013FD864203D03146204616F02A
:10A8340019FE97ED026B9FED3A7B86EE078BB0EE27
:10A84400480B18F019FFB0EE407BB0EE480B87EDD3
:10A854000C7B18F099FF87ED0E0B06F063FE36486B
:10A864000AF0F6FE304808F0E3FC012005F068FF2A
:10A874002D480CF011FC002840F058832A480CF0B5
:10A8840003FC00283FF4FEAE274808F0B1FC28463C
:10A89400BCE594F844314C2B00F09D8194F85E3172
:10A8A40001222349254811F017FAAFE594F85E31E7
:10A8B40001221F49224811F00FFAA7E594F85E31EE
:10A8C40000221B491F48F6E794F844314C2B00F052
:10A8D4006B811D4D94F85E211549284611F0BCF991
:10A8E40000283FF493ADB2EE0E6B95ED007B27EE9E
:10A8F400067B85ED007B89E50B4D28460CF0CEFBED
:10A904000446002800F0F381002420467EE500BFC1
:10A9140000000000008056C0000000000080564087
:10A92400F8C1631ADCA54C40B049002055590020F9
:10A934005059002070490020D84A0020884E002039
:10A94400784E0020804E0020904E0020C04B08A876
:10A95400C0499FEDAD7B93ED020B20EE070B09F090
:10A96400EBFC72B6BC4B1B6862B6BC4A934203DD77
:10A97400BB490B449342FCDC07EE903AB3EE085B10
:10A9840008A8B8EEE77B9FEDA24B9FEDA30B9FEDCC
:10A99400A49B87EE046B26EE056B26EE000B10F0ED
:10A9A4005BFC08A8B0EE408B10F046FC0E2020EEB5
:10A9B400099B05F063FC04469FED9B7B28EE078B07
:10A9C400F7EEC87BCDED027A16F040FC029DEDB2A5
:10A9D400854203D02946204616F044FD029D661C9C
:10A9E400C5F30725304616F031FC854203D02946CD
:10A9F400304616F037FD029DA61CC5F307453046C8
:10AA040016F024FC854203D02946304616F02AFD70
:10AA1400E51C029C240E284616F018FC844203D040
:10AA24002146284616F01EFD122005F027FCF7EEFD
:10AA3400C97B0446CDED027A16F008FC029DEDB206
:10AA4400854203D02946204616F00CFD029D661C63
:10AA5400C5F30725304616F0F9FB854203D0294695
:10AA6400304616F0FFFC029DA61CC5F30745304690
:10AA740016F0ECFB854203D02946304616F0F2FC72
:10AA8400E51C029C240E284616F0E0FB844203D009
:10AA94002146284616F0E6FC01207AE47148012498
:10AAA40007AB06AA05A9CDE9000404A811F00AF829
:10AAB400054600283FF47EAC0FF078F806460FF008
:10AAC4005DF804460FF042F8059A049B8DF82120A6
:10AAD4005F4A8DF82230079B8DF825408DF82400BD
:10AAE4005D4C92ED0B8A8DF8203006F14E03D2E9CD
:10AAF40004018DF82630C4E90E0108A80EF01CFFED
:10AB0400B7EEC87A9FED4A6B27EE067BFDEEC77B56
:10AB140017EE903A181841EBE371CDE9020117F0F2
:10AB2400DBF9DDE902010FF05BF8FFF731F9B2EE72
:10AB34000E5BB3EE087B94ED0E4B84EE056B30EEAA
:10AB4400460BB4EEC70BF1EE10FA06DB30EE470B02
:10AB5400B4EEC70BF1EE10FAF8DAB5EEC00BF1EE75
:10AB640010FA08D5B3EE087B30EE070BB5EEC00B38
:10AB7400F1EE10FAF8D4B3EE085B9FED256B80EE8E
:10AB8400057B27EE067BBDEEC77B72B684ED007AAB
:10AB940062B672B622682368C4E9042362B609E483
:10ABA4000023ECE50023C9E408A92F481CF0B4FAFB
:10ABB400B5EEC00BF1EE10FAFFF627AC9FED1E7B4D
:10ABC400B4EEC70BF1EE10FA3FF61FAC274B012091
:10ABD40083ED000B1AE408A923481CF09DFA9FEDAD
:10ABE400187BB4EEC70BF1EE10FAFFF60EAC9FED36
:10ABF400167BB4EEC70BF1EE10FA3FF606AC1B4B16
:10AC0400012003ED020B01E4399D52A246DF913F7E
:10AC140000000000C07A604166732D3852C1D03FF5
:10AC2400F8C1631ADCA54C40C4ACAEA4C88E0E4077
:10AC3400000000000020AC400000000000807640CE
:10AC440000000000008056C0000000000080564054
:10AC540070490020B04900205852002000D68300DB
:10AC6400002A7CFF5059002051590020904E0020AA
:10AC7400089D42F20801AFB207F1C80292B28A42BB
:10AC840000F20F81C24A14781583EDB204EB440438
:10AC940004EBC40404F11208404616F0D7FA8542C6
:10ACA40003D02946404616F0DDFB13343F0A204604
:10ACB40016F0CCFA87423FF41BAC3946204616F016
:10ACC400D1FB15E4B34D2120C5F8283105F0D6FA9F
:10ACD40095F82851064616F0B9FA85F080058542A4
:10ACE4003FF420AD2946304616F0BCFB1AE5AA4EC7
:10ACF40008A930461CF010FA089BB3423FF405AE95
:10AD0400B3EE0E7BB4EEC70BF1EE10FAC0F28980FD
:10AD14009FED977BB4EEC70BF1EE10FA40F1818002
:10AD2400B0EEC07B9FED946BB4EEC67BF1EE10FAEF
:10AD340000F1818005F5A26501249FED917B9FEDD3
:10AD4400926B204680EE075B85EE067B85ED007BEB
:10AD5400FFF75CBB8F480CF097F9054600287FF499
:10AD640001AD2846FFF752BB8A480CF08DF9054621
:10AD740000287FF4C7AB2846FFF748BBDDE9054947
:10AD8400DDF81C800EF09AFE07460EF0AFFE064674
:10AD94000EF0C4FE03464E3408A88DF821608DF8E9
:10ADA40020307B4B8DF826407C4C8DF825908DF817
:10ADB40024808DF82270D3E90423C4E90E230EF015
:10ADC400BBFD0646029117F087F8304602990EF053
:10ADD40007FFFEF7DDFFB2EE0E5BB3EE087B94EDEA
:10ADE4000E4B84EE056B30EE460BB4EEC70BF1EE62
:10ADF40010FA06DB30EE470BB4EEC70BF1EE10FA97
:10AE0400F8DAB5EEC00BF1EE10FA7FF5B4AEB3EE9E
:10AE1400087B30EE070BB5EEC00BF1EE10FAF8D458
:10AE2400A9E6B0EEC00B9FED547BB4EEC70BF1EE78
:10AE340010FA7FF56AAD0023012485F80A3520460F
:10AE4400FFF7E4BA3120564D18F058F9142016F0E3
:10AE5400B9F8544C2E6840F2EE29DFF84C81DFF843
:10AE64004CA105E0B3F5FA6F3FF6C1AA18F0DAF980
:10AE740018F0D8F9237853B198F80030DB0706D5D9
:10AE84002B68DAF800209B1A0E2B3FF6B0AA2B6829
:10AE940022789B1B002AE5D14B45E7D93846FFF7BA
:10AEA400B5BA0026FFF724BB05F594700AF010FC30
:10AEB400304605F0E3F9A4F13001C9B216F0D2FA34
:10AEC4000123184685F8E036FFF7A0BA304FFFF7A4
:10AED4009ABBB7EEC00BFAEE086AB4EEE60AF1EEDE
:10AEE40010FA7FF6D9ADF2EE086AB4EEE60AF1EE96
:10AEF40010FABFF6D1ADB7EEC06A254BB2EE045BD3
:10AF0400142219781B2036EE077B83ED0B0A00FB15
:10AF1400012027EE057BFDEEC77BCDED027A9DF87F
:10AF2400081016F09FFA0120FFF733BA194808F009
:10AF34007BF9A3E4174B0022012083F8C024FFF718
:10AF440065BA14480CF0D0F870B9114B93ED027B3C
:10AF5400B5EEC07BF1EE10FAACBF01220222FFF77E
:10AF6400BEBB0222FFF7BBBB0122FFF7B8BB00BF89
:10AF740000000000008056409A9999999999B93F28
:10AF84000000000000004E40F2E1F1E7360BF03F14
:10AF940070490020B0490020505900205852002028
:10AFA4000C5A00205C5A00205B5A00202C5A0020C6
:10AFB4002DE9F0412C4C82B00546A4F5A378464611
:10AFC40008F5AB7714F8010F1CF020FAC8B3A742B8
:10AFD400F8D198F85731A3BB0DF1FF300DF10707F5
:10AFE40021E0A3F14102052A94BFA3F137024FF0F7
:10AFF400FF3296F84811A1F13003DCB2092C09D9CB
:10B00400A1F16103052B21D9A1F14103052B18D826
:10B01400A1F13703511C14D043EA0213023600F89D
:10B02400013F874215D096F84731A3F13002D1B2DF
:10B034000929DED9A3F16102052AD2D8A3F1570266
:10B04400D7E70023184602B0BDE8F081A1F1570309
:10B05400E0E702AB13E90300012385E80300184687
:10B0640002B0BDE8F08100BF52590020000000008A
:10B0740070B52DED0A8B16F01DFF064600210EF06B
:10B0840043FC0021054630460EF0D0FB0446002167
:10B0940030460EF023FC631E04EE100A012B01D887
:10B0A400013D0C3407EE905AB7EE009BB0EE008BD6
:10B0B4000021B8EEE76B07EE904AB8EEC44B304679
:10B0C400B8EEE77B9FEDD23B9FEDD30B9FEDD45BB6
:10B0D40086EE032B86EE003B37EE097B26EE056BEE
:10B0E4009FEDD11B9FEDD25BBBFE466B27EE017B30
:10B0F400BBFE477BBBFE422B38EE428BBBFE433B81
:10B1040038EE038B38EE068B38EE078B38EE048B63
:10B1140038EE058B0EF0CCFB0346002130460AEED8
:10B12400103A0EF099FB06EE100A0021B8EECA7B25
:10B134003046B8EEC66B9FEDC05B86EE05AB3AEECB
:10B1440007AB0EF09FFB06EE900AB6EE007B9FED78
:10B15400BC3BB8EEE65B38EE077B85EE036BBBFECB
:10B16400477B9FEDB94BB4EEC47BF1EE10FA36EE9B
:10B174000A6B17DD37EE099BB5EE005B9FEDB44B10
:10B184009FEDB53B37EE444B84EE037BBDEEC77BAE
:10B19400B8EEC77B27EE055B39EE079BBBFE457B0C
:10B1A40039EE477B9FEDAE3B9FEDAF2B9FED9C5B54
:10B1B40037EE037B9FED9C4B37EE422B9FEDAC1B90
:10B1C40082EE053BB2EE0B2BBBFE433B23EE055B4D
:10B1D400BBFE455B37EE457B87EE045B37EE017BB8
:10B1E400BBFE455B25EE044BB4EEC25BBBFE444B99
:10B1F400F1EE10FA37EE447BBBFE477BBDEEC77B16
:10B2040040F1FD80B7EE004B35EE445BFDEEC57BAF
:10B2140017EE903A022B40F3E1809FED975B33EEFB
:10B22400453BBDEEC33BB8EEC33B07EE903AB0EEF0
:10B23400000BB8EEE75BB8EEC77B9FED754B9FED57
:10B24400761B9FED772B83EE049B83EE014B23EE5D
:10B25400023BB7EE002B9FED8A1B35EE025BBBFE73
:10B26400433B9FED712B25EE025B38EE412BBBFE79
:10B27400455BBBFE499B30EE490BBBFE448B30EE75
:10B28400080BB3EE084B30EE033B9FED690B33EE36
:10B29400055B9FED7D8B35EE077B9FED7D5B37EE88
:10B2A400007B37EE417BA7EE058B86EE045B9FEDBA
:10B2B4007A7BB4EEC48BF1EE10FA32EE055B85EEC8
:10B2C400073B06DB38EE448BB4EEC48BF1EE10FA88
:10B2D400F8DAB5EEC08BF1EE10FA08D5B3EE087BC0
:10B2E40038EE078BB5EEC08BF1EE10FAF8D4B3EE5E
:10B2F400087B9FED6B2B9FED6C4BA6EE028B23EE30
:10B30400044BA3EE048BB4EEC78BF1EE10FA06DB0C
:10B3140038EE478BB4EEC78BF1EE10FAF8DAB5EEDF
:10B32400C08BF1EE10FA08D5B3EE087B38EE078B2C
:10B33400B5EEC08BF1EE10FAF8D49FED5D6B9FED86
:10B344005E9B9FED5F4B9FED600BA5EE069BA5EE0C
:10B35400440B9FED5FAB9FED607B39EE099B9FED46
:10B3640060BB80EE0A0BA5EE47BB18F00DFAB0EEF9
:10B3740040CB89EE0A0B18F007FAB0EE406B8BEE67
:10B384000A0B9FED599B9FED5A7B29EE469BACEE31
:10B39400079B18F071F9B3EE087BA9EE008BB4EEAD
:10B3A400C78BF1EE10FA06DB38EE478BB4EEC78B91
:10B3B400F1EE10FAF8DAB5EEC08BF1EE10FA08D51A
:10B3C400B3EE087B38EE078BB5EEC08BF1EE10FAC6
:10B3D400F8D4B0EE480BBDEC0A8B70BD9FED465B14
:10B3E4005A1E33EE453B012ABDEEC33B3FF61BAF6D
:10B3F40013EE102A0C33013A03EE102A13E7B2EECF
:10B404000A4B35EE445BFDEEC57B17EE903A01E73F
:10B4140000000000000059400000000000007940D6
:10B424000000000000D4764061545227A0993E40A9
:10B4340000000080A2423A410000000000004E409B
:10B44400000000000020AC40000000008C8A414154
:10B4540000000040D07D3C410000000088D5E14060
:10B464000000000000D097406666666666865E400F
:10B47400000000000000000000000000006CB2406A
:10B48400000000802CB4424198B05E8E1CCA1A4061
:10B49400D7E5E7EA5BD2B03F00000000A0D5E14069
:10B4A400F2E1F1E7360BF03F05A227655243FB3E7C
:10B4B40043AD69DE718AEF3FEC51B81E8587714058
:10B4C40028806264C91CAB3FC3F5285C8F425F408F
:10B4D400F8C1631ADCA54C4048AFBC9AF2D79A3E37
:10B4E400FF21FDF67570374054E41071732AF93E5C
:10B4F40003B34291EEE734BF00000000006BB2409A
:10B504002DE9F047B44C8AB094F84431413B312BD7
:10B514003ED8DFE813F050003D003D003D008100BF
:10B524003D003D003D003D003D009E00C800FF0081
:10B534003D0069013D003D008A013D0032003D00AF
:10B544003D003D003D003D003D003D003D003D000F
:10B554003D003D003D003D003D003D003D003D00FF
:10B564003D003D003D003D003D003D003D003D00EF
:10B574003D003D003D003D00420094F84531312B33
:10B5840001F07081322B01F0F980302B00F0288219
:10B594000AB0BDE8F047F8F77BB994F84731792B46
:10B5A40001F0E4816E2B01F08F8200200AB0BDE827
:10B5B400F047F8F761B994F84531432B01F0C381A2
:10B5C400633BDAB2102AF0D8102BEED801A252F85D
:10B5D40023F000BFA59C00004B9800004B9800008E
:10B5E4004B9800004B9800004B980000A59C00006D
:10B5F4004B9800004B9800004B9800004B980000BB
:10B604004B9800004B980000A59C00004B9800004C
:10B614004B980000BD9D000094F84531502B01F07B
:10B62400E78100F2B081452B01F0C9814F2BAFD1E6
:10B6340008A96A4810F0D8FD044620B1089B072BDE
:10B6440041F2048300242046F8F716F90AB0BDE855
:10B65400F08794F84531613BDBB2192BA5D801255D
:10B664005F4805FA03F21040002841F041800A2B9C
:10B674009CD194F846312C2B97D194F84731A3F1FF
:10B684003002012A91D894F84821002A8DD1A3F1DF
:10B694003103544AB3FA83F35B0982F8983404F013
:10B6A40005FF284682E794F84531413B162B3FF6C7
:10B6B4006FAF01A252F823F0CB9F000061A00000FD
:10B6C400379F000009A30000D7A2000031980000B2
:10B6D400319800008FA200003198000031980000DA
:10B6E4003198000031980000319800003198000032
:10B6F40055A20000319800003198000049A20000D2
:10B7040009A2000031980000A9A1000031980000AE
:10B71400F7A0000094F84531423B2B2B3FF638AF9D
:10B7240001A252F823F000BFA3A300008D9E0000E5
:10B734003198000037A40000E1A30000D5A4000064
:10B7440031980000319800003198000031980000D1
:10B75400319800008FA40000319800003198000057
:10B764003198000031980000B9A5000069A40000D8
:10B7740031980000319800003198000031980000A1
:10B784003198000031980000319800003198000091
:10B794003198000031980000319800003198000081
:10B7A400319800003198000061A600008D9E0000D1
:10B7B4003198000031980000319800003198000061
:10B7C4003198000031980000319800003198000051
:10B7D400319800000FA600000C5800205359002097
:10B7E40005800002B049002094F84511492900F071
:10B7F400AD8700F2AB80A1F14103022B3FF6C8AE46
:10B80400412900F09E81B1F1420418BF0124D64EB3
:10B8140030461CF0A5FB0F2894BF4FF001084FF0F1
:10B82400000840F2B1814046C0E694F84561A6F1B3
:10B834003004422C3FF6ACAE01A353F824F000BF11
:10B84400519D0000519D0000519D0000519D00003C
:10B8540031980000319800003198000031980000C0
:10B8640031980000319800003198000031980000B0
:10B8740031980000319800003198000031980000A0
:10B8840031980000B5A800003198000031980000FC
:10B8940091A8000031980000319800003198000010
:10B8A4003198000031980000319800003198000070
:10B8B4003198000031980000319800003198000060
:10B8C4003198000031980000319800003198000050
:10B8D4003198000031980000319800003198000040
:10B8E40045A800003198000031980000319800000C
:10B8F4003198000031980000319800003198000020
:10B90400319800003198000031980000319800000F
:10B914000DA80000C3A700003BA700003198000059
:10B9240003A700003198000031980000319800000E
:10B9340031980000319800003198000031980000DF
:10B944003198000031980000CFA6000053297FF4FD
:10B954001FAE08A9844810F047FC089B132B8CBF2A
:10B96400002400F00104002C3FF46DAE7F4DAA6862
:10B9740093423FF468AE4120AB6004F07FFC297A27
:10B9840015F070FD5FE6722B7FF402AE94F8463139
:10B99400522B00F0B483442B7FF407AE744E7548E9
:10B9A4001CF0DEFA012805467FF4FFAD94F8483117
:10B9B400A3F13002012A3FF6F8AD7268917A0029AA
:10B9C4007FF4F3ADA3F1310043424341B06B5372B2
:10B9D40004F054FC7368597A15F044FD2846E5E5F3
:10B9E4006548012407AB06AA05A9CDE9000404A80B
:10B9F40010F068F80546002841F0B8802846F7F7AB
:10BA04003BFF23E6002158481BF086FBB0EEC06BD9
:10BA14009FED4D7BB4EEC76BF1EE10FA3FF7C5AD69
:10BA2400524D94F845319FED4A5B95EDA46B9FED23
:10BA34004A4B20EE050B632BB7EEC66B95EDA65B68
:10BA440095EDA27BF7EEC56BB7EEC77B80EE045B8A
:10BA540001F0F280702B0CBFB7EEC56BF7EEC56B2F
:10BA6400B5EE407A0120B7EEC77AB7EEC64AF1EEDA
:10BA740010FAB5EE406AB7EEE65A0CBF034600234F
:10BA8400F1EE10FAF5EE406A03F0010318BF00234B
:10BA9400F1EE10FA03F0010318BF0023434085EDD3
:10BAA400A27B85EDA44B85EDA65B85F890347DE5FE
:10BAB4002E4D95F84815C9B200290CBF4FF0010866
:10BAC4004FF000087FF4AFAE0A2227481BF0D6FBE4
:10BAD400431E0746FE2B01F2E981A6F11A0004F089
:10BAE400CDFBF9B215F0BEFC002C41F0C78007EE87
:10BAF400907A224BB8EEE77B9FED195B87EE056BDE
:10BB040083ED006B95F878359C427FF48CAE174832
:10BB1400002221460BF056FD404647E512481CF032
:10BB24001FFA044610490F2C154828BF0F2422463B
:10BB340015F0BAFD0D4B00220120234483F87F2425
:10BB440034E5104B1C7862E6000000000094D140FC
:10BB5400399D52A246DF913F000000000020AC4016
:10BB6400000000000000594053590020B049002053
:10BB7400183500205459002052590020004F00204D
:10BB84002F4E0020545A0020C4EB0415D44B3268C5
:10BB9400214617358D205A511D447368B2686B6075
:10BBA400B389AA60AB81B37BAB7304F071FB8146AC
:10BBB40028461CF0D5F90E283FF635AE6F1E3C46DC
:10BBC40017F801AF7E1B4E44304615F03FFB82450B
:10BBD4005146304601D015F045FC023428461CF08D
:10BBE400BFF9641B8442EADD4046DFE40A220021F7
:10BBF400BC481BF0F1FBBC4B6421A3FB00235B0995
:10BC040001FB03F3632B7FF6C3AC94F84621522A5D
:10BC140001F03481442A7FF4C8ACB44D296891F80A
:10BC24002C20013AD2B2032A3FF6BFACB04E56F8EC
:10BC3400222093423FF6B9AC94F84521432A01F0FF
:10BC44005B8191F82020002A7FF4AFACA86ACB6115
:10BC540004F014FB2A686423D169B1FBF3F1C9B27F
:10BC640015F000FC2A6892F92C10481EC0B2032873
:10BC740000F22881D369023956F82000834228BF94
:10BC8400034607EE103A022901F24C81DFE811F075
:10BC94000E051F05FF040A22002196481BF0EEFA48
:10BCA400954BF2EE046A07EE100AD3ED007AB8EE73
:10BCB400C77A039067EEA67AB4EEE77AF1EE10FA4B
:10BCC400FFF673AC2A2004F0D9FA054615F0BEFA43
:10BCD4000446681CE4B215F0B9FA039B60F30F2420
:10BCE40024B2A342BFF661AC9DF80C60282004F096
:10BCF400C5FA054615F0AAFA8642BDF90C4003D0F0
:10BD04003146284615F0AEFB0135C4F30724284616
:10BD140015F09CFA844203D02146284615F0A2FB74
:10BD2400764809F0E7FC012040E40A22002171482A
:10BD34001BF0A4FA724BF2EE046A07EE100AD3ED7C
:10BD4400007AB8EEC77A039067EEA67AB4EEE77A83
:10BD5400F1EE10FAFFF629AC262004F08FFA05461E
:10BD640015F074FA0446681CE4B215F06FFA039BEC
:10BD740060F30F2424B2A342BFF617AC9DF80C6005
:10BD8400242004F07BFA054615F060FA8642BDF9DA
:10BD94000C4003D03146284615F064FB0135C4F34A
:10BDA4000724284615F052FA844203D02146284637
:10BDB40015F058FB514809F091FC0120FFF7F6BB40
:10BDC4000A2200214B481BF059FA4E4BF2EE046A4A
:10BDD40007EE100AD3ED007AB8EEC77A039067EE47
:10BDE400A67AB4EEE77AF1EE10FA3FF6DEAB242041
:10BDF40004F044FA054615F029FA0446681CE4B236
:10BE040015F024FA039B60F30F2424B2A3427FF7B6
:10BE1400CCAB9DF80C60262004F030FA054615F0F2
:10BE240015FA8642BDF90C4003D03146284615F078
:10BE340019FB0135C4F30724284615F007FA844298
:10BE440003D02146284615F00DFB2C4809F04CFC84
:10BE54000120FFF7ABBB0A22002126481BF00EFA93
:10BE6400B428034600F3DB866FF0B3021C4D904206
:10BE7400C5F83401B8BF13463520C5F8343104F091
:10BE8400FDF995ED4D6AB2EE0E7B0546B8EEC66B34
:10BE94009FED0F4B26EE076B9FED0F5B86EE047B49
:10BEA400B8FE477B37EE057BFCEEC77BCDED037A0E
:10BEB40015F0CCF99DF80C40844203D02146284665
:10BEC40015F0D0FA0120FFF771BB00BFAFF300807B
:10BED4000000000000004E40000000000000604030
:10BEE400B0490020545900201F85EB51183500201B
:10BEF400481D00205359002028510020D84A002012
:10BF0400D8500020DC5000200A220021C2481BF037
:10BF1400B5F907EE900AB2EE044BB8EEE76BB2EE59
:10BF2400085B86EE047BB4EEC57BF1EE10FA00F3F9
:10BF34007A86B2EE026BB94D85ED4E7BB4EE467B4C
:10BF4400F1EE10FA48BFB0EE467B362085ED4E7B0D
:10BF540004F094F9B2EE046B95ED4E7B054627EEA2
:10BF6400067BB8FE477B9FE708A9AB4810F024F98D
:10BF7400044600283FF467AB089BB52B3FF662AB41
:10BF8400A64D3720C5F8403104F078F995F84061A2
:10BF9400054615F05BF986423FF455AB3146284619
:10BFA40015F060FAFFF74FBB9D480AB0BDE8F047B3
:10BFB40009F088BB08A9984810F0FEF80446002848
:10BFC4003FF441AB089BA3F12D022E2A3FF63AAB76
:10BFD400924D2220C5F82C3104F050F995F82C61CB
:10BFE400054615F033F986423FF42DABD6E708A990
:10BFF400894810F0E1F8044600283FF424AB089B7C
:10C0040003F11E023C2A3FF61DAB844D2120C5F8E6
:10C01400283104F033F995F82851064615F016F93D
:10C0240085F0800585423FF40EAB2946304615F075
:10C0340019FAFFF708BB0A22002177481BF01EF902
:10C04400B428034600F3F4856FF0B302734D9042B5
:10C05400C5F83001B8BF13463420C5F8303104F0B8
:10C064000DF995ED4C6A0EE70A2200216A481BF08F
:10C0740005F96C4BF2EE046A07EE100AD3ED007A70
:10C08400B8EEC77A039067EEA67AB4EEE77AF1EEDB
:10C0940010FA3FF68AAA282004F0F0F8054615F0B5
:10C0A400D5F80446681CE4B215F0D0F8039B60F39D
:10C0B4000F2424B2A3427FF778AA9DF80C602A20AB
:10C0C40004F0DCF8054615F0C1F88642BDF90C40D1
:10C0D40003D03146284615F0C5F90135C4F30724C9
:10C0E400284615F0B3F8844203D02146284615F0BB
:10C0F400B9F94B4809F004FB0120FFF757BA4A4E3F
:10C104004DE446480AF0D0FF08A90546474810F018
:10C1140053F8089A85F00103B2F57A7F2CBF00200A
:10C1240000F0010010EA03053FF468AC94F84631CE
:10C13400522B00F0D786442B00F06B8600255DE47B
:10C1440094F84631522B00F08D85442B7FF47AAA63
:10C15400374D36481BF004FF023802283FF672AA16
:10C1640008A9324810F028F8044600283FF46AAAC7
:10C1740008997F293FF666AA2B68403993F92C2049
:10C184000891012A7FF45FAA0022C9B2186B10F04B
:10C19400A1FEFFF758BA94F84731792B00F06B856C
:10C1A4006E2B7FF402AA00231C4C94F8F8259A42C3
:10C1B4003FF488AE84F8F83505F0EAF9012318460F
:10C1C40084F8E036FFF7F2B914480AF06DFF05462B
:10C1D40038B994F84631522B00F08286442B00F093
:10C1E400C78508A9114800250FF0FEFF06E40B4897
:10C1F4000AF05AFF054638B994F84631522B00F03C
:10C204006786442B00F0468508A9084800250FF0EE
:10C21400D3FFFFF7F3BB00BF53590020B049002000
:10C22400D84A00202C510020DC340020545900202E
:10C2340018350020C8480AF037FF00287FF4B5A954
:10C2440094F84631522B00F04586442B7FF4ADA977
:10C25400C24DC3481BF084FE023808283FF6A5A946
:10C264000A220021BE481BF0B7F82B6804461A794D
:10C27400002A7FF49AA993ED007A06EE904AB8EE6C
:10C28400477BB8EE666B86EE075B72B6AB6893EDE0
:10C29400047AB8EEC77B27EE057BBDEEC77B83ED42
:10C2A400047A62B62B68E6B228691C6003F0E6FFE4
:10C2B400054614F0CBFF864203D03146284615F0DC
:10C2C400D1F86E1CC4F30727304614F0BFFF874231
:10C2D40003D03946304615F0C5F8AE1CC4F3074701
:10C2E400304614F0B3FF874203D03946304615F088
:10C2F400B9F80335240E284614F0A8FF844203D06D
:10C304002146284615F0AEF80122934811460BF059
:10C3140053FD0120FFF74AB994F84631522B00F03F
:10C32400A484442B7FF441A98C4E8D481BF018FE45
:10C33400012805467FF439A994F84831A3F1300265
:10C34400012A3FF632A93268117C00297FF42DA915
:10C35400A3F13101F0694B424B41D37303F08EFFDB
:10C364003368D97B15F07EF82846FFF71FB994F897
:10C374004631522B00F07C84442B7FF463A9774D23
:10C3840077481BF0EDFD01287FF45CA908A97448E7
:10C394000FF012FF044600283FF454A9089B012B18
:10C3A4003FF650A92B689B7C002B7FF44BA9286A8D
:10C3B40003F064FF9DF8201015F054F8FFF743B91B
:10C3C40065480AF071FE08A9054665480FF0F4FEB9
:10C3D400089A85F00103A2F1100130298CBF0020D6
:10C3E40000F0010010EA03053FF408AB94F846316D
:10C3F400522B00F07285442B7FF4A0AE574C236877
:10C40400206B9A6203F03AFF236893F8281015F022
:10C4140029F82268A36892ED0A7A93ED0E5BB8EED0
:10C42400C77B85EE076B83ED1E6BFFF7E7BA08A8A1
:10C43400FEF7BEFD002800F003849DED080BB7EE67
:10C44400007B45480322012100F5A26337EE407BBF
:10C4540080F80B2583ED007B0BF02CF80120FFF70F
:10C46400A5B83D4C03230A2200213E4884F80B352D
:10C474001AF004FF07EE900A04F5A2632046012196
:10C48400B8EEE77B9FED325B87EE056B83ED006BC7
:10C494000BF010F80120FFF789B80A220021314877
:10C4A4001AF0ECFE4CF2503203462F492A4D30204C
:10C4B4001A448A4288BF0023C5F8243503F0DEFEFF
:10C4C400D5F82455EEB2044614F0C0FE864203D0DB
:10C4D4003146204614F0C6FF661CC5F307273046D4
:10C4E40014F0B4FE874203D03946304614F0BAFF44
:10C4F400A61CC5F30747304614F0A8FE874203D0B4
:10C504003946304614F0AEFF03342D0E204614F0A5
:10C514009DFE85423FF4D6AC2946204614F0A2FF86
:10C52400D0E40A2200210F481AF0A8FE4CF250323F
:10C5340003460D49084D2C201A448A4288BF002323
:10C54400C5F8203503F09AFED5F82055BAE700BFA8
:10C55400000000000088C340B049002018350020C6
:10C564005459002053590020A0860100B64D95F976
:10C574000835022B7FF419A808A8FEF719FD002836
:10C5840000F07F849DED080BB04B03220121A3F53D
:10C59400A46085F80B2503ED020B0AF08BFF012044
:10C5A400FFF704B81A2003F069FE0A2204460021AA
:10C5B400A7481AF063FE03462046DDB29EB214F08B
:10C5C40045FE854203D02946204614F04BFF013432
:10C5D400360A204614F03AFE864203D031462046FD
:10C5E40014F040FF98480BF03BF90120FEF7DEBF42
:10C5F4000A22002196481AF041FE04461C20052C0C
:10C6040028BF032403F03AFEE1B214F02BFF01200B
:10C61400FEF7CCBF0A2200218D481AF02FFE07EE48
:10C62400900A9FED7D6BB8EEE77B27EE067BB4EEB8
:10C63400C67BF1EE10FAC0F2EB82B3EE096BB4EEF6
:10C64400C67BF1EE10FA58BFB0EE467B814C1D203C
:10C6540004ED027B03F012FEB2EE046B054614ED0A
:10C66400027B27EE067BFCEEC77BCDED037A14F04C
:10C67400EDFD9DF80C40844203D02146284614F079
:10C68400F1FE71480BF006F90120FEF78FBFB8EEFA
:10C69400C77BD06B9FED625B87EE056BBCEEC66B10
:10C6A40016EE103A99B211F0B7FA0BE4B8EEC77B64
:10C6B400506B9FED5B5B87EE056BBCEEC66B16EEB5
:10C6C400103A99B211F070FC0120FEF76FBFB8EE7A
:10C6D400C77B906B9FED525B87EE056BBCEEC66B20
:10C6E40016EE103A99B211F0C5F90120FEF75EBFBB
:10C6F40094F846312C2B7EF458AF002154481AF09C
:10C704000BFDB0EEC06B9FED487BB4EEC76BF1EE52
:10C7140010FA3EF74AAF94F845319FED457B9FED03
:10C72400466B7A2B20EE070B80EE067B00F0CC8361
:10C73400612B00F0D983632B00F0DA83464B03EDC1
:10C74400027B03F0B3FE0120FEF730BF08A9404886
:10C754000FF032FD044600283EF475AF0899012914
:10C764003EF670AF3D4BC9B20420197014F07AFE46
:10C77400354B012283F8E026FEF765BF0A2208A99B
:10C7840033481AF029FE0546354C15F0A5FB28461A
:10C7940000210DF025FAFEF76BFCB2EE0E5BB3EE52
:10C7A400087B94ED0E4B84EE056B30EE460BB4EE35
:10C7B400C70BF1EE10FA06DB30EE470BB4EEC70BF5
:10C7C400F1EE10FAF8DAB5EEC00BF1EE10FA08D576
:10C7D400B3EE087B30EE070BB5EEC00BF1EE10FAAA
:10C7E400F8D4B3EE085B9FED166B80EE057B27EE65
:10C7F400067BBDEEC77B72B684ED007A62B672B674
:10C8040022682368C4E9042362B60120F7F734F8E8
:10C81400FEF71CBFAFF300809A9999999999B93F93
:10C82400CD3B7F669EA0F63F000000000094D140FF
:10C83400399D52A246DF913F000000000020AC4029
:10C8440000000000C07A6041B0490020D04E0020B2
:10C8540053590020A04F0020704E0020545A00204D
:10C8640058520020BA4B07AA06A905A80FF02CFCC1
:10C87400054600283FF4C2A8DDF81C80DDE905491F
:10C884000DF01CF907460DF031F906460DF046F996
:10C8940003464E3408A88DF82030AE4B8DF8264060
:10C8A400AD4C8DF821608DF825908DF824808DF89D
:10C8B4002270D3E90423C4E90E230DF03DF80646A3
:10C8C400039115F009FB304603990DF089F9FEF741
:10C8D400CFFBB2EE0E5BB3EE087B94ED0E4B84EE11
:10C8E400056B30EE460BB4EEC70BF1EE10FA06DB27
:10C8F40030EE470BB4EEC70BF1EE10FAF8DAB5EEF2
:10C90400C00BF1EE10FA08D5B3EE087B30EE070B3E
:10C91400B5EEC00BF1EE10FAF8D4B3EE085B9FED60
:10C92400886B80EE057B27EE067BBDEEC77B72B677
:10C9340084ED007A62B672B622682368C4E90423DF
:10C9440062B6FFF75BB8854B002400250020002267
:10C9540003F29441C3E9A2450860012083F89024BE
:10C96400C3E9A445C3E9A645FEF720BE012294F815
:10C974004531702B00F0BD80742B00F0A780672B2D
:10C984007EF413AE754B93F8151191423FF49AAAB5
:10C9940093F8161193F8144183F815210AB144F061
:10C9A400020409B144F004040D2003F067FC0546B9
:10C9B40014F04CFC84423FF485AAFFF77FBA94F844
:10C9C4004731792B00F029816E2B7EF4EEAD0023E4
:10C9D400624C94F87C269A423FF474AA84F87C361C
:10C9E40004F0D6FD0123184684F8E036FEF7DEBDD8
:10C9F40094F84631522B00F00E81442B7EF4D5ADD1
:10CA0400574D94F8480100283EF4D0AD55481BF02A
:10CA1400A7FA06283EF6C9AD0A2208A951481AF019
:10CA2400DBFC514B421E04469A423EF6BEAD6B6897
:10CA34001A7A002A7EF4B9AD07EE900AE6B2686B62
:10CA4400B8EEE77B9FED406B27EE067B83ED007B22
:10CA540003F014FC054614F0F9FB864203D031467A
:10CA6400284614F0FFFC6E1CC4F30727304614F06C
:10CA7400EDFB874203D03946304614F0F3FCAE1C7C
:10CA8400C4F30747304614F0E1FB874203D039462C
:10CA9400304614F0E7FC0335240E284614F0D6FB88
:10CAA400844203D02146284614F0DCFC2B4B93F837
:10CAB400F80500287EF47AAD0122184611460BF0E1
:10CAC4007BF90120FEF772BD002250E7234B93F857
:10CAD400161191423FF4F6A993F8151193F81441F5
:10CAE40083F8162109B144F00204002A3FF45CAF34
:10CAF40058E71A4B93F8141191423FF4E3A993F8C1
:10CB04001501144693F8161183F8142108B142F064
:10CB1400020411B144F00404E4B20D2003F0AEFBAE
:10CB2400054614F093FB844203D02146284614F0B2
:10CB340099FC012003F004FE0120FEF737BD00BF7D
:10CB440000000000C07A60417B14AE47E17A843F64
:10CB5400525900207049002058520020B04900204A
:10CB640018350020545900203F7E05000DF01EF8B2
:10CB740004460DF003F806460CF0E8FF049A059B02
:10CB840007998DF82220C24A8DF824008DF82130AF
:10CB940004F14E038DF82010BE4C8DF826308DF82C
:10CBA4002560D2E90401C4E90E0108A80CF0C4FE12
:10CBB4000646039115F090F9304603990DF010F8EC
:10CBC400FEF756FAB2EE0E5BB3EE087B94ED0E4B15
:10CBD40084EE056B30EE460BB4EEC70BF1EE10FAA3
:10CBE40006DB30EE470BB4EEC70BF1EE10FAF8DAC1
:10CBF400B5EEC00BF1EE10FA7FF58FAEB3EE087B05
:10CC040030EE070BB5EEC00BF1EE10FAF8D484E663
:10CC1400B0EE467B1AE5A04DF3E60123D8E6B42333
:10CC24009E4DFFF729B9B0EE457B9C4DFFF78DB9BA
:10CC3400B4239A4DFFF710BAB7EEC57BFEF710BFC9
:10CC440007A997481AF068FAFFF7F9BB934D8C20AF
:10CC540085F87D3603F012FB95F87D1614F002FC7E
:10CC6400FEF7F1BC8C4DFFF774BA8B4EFFF75DBB3A
:10CC7400894DFFF785BB0123FFF796BA07EE907A3B
:10CC840004F1AA03B8EEE77B05EBC30383ED007B55
:10CC9400FEF738BF834F84481BF062F908A90646A3
:10CCA40081480FF089FA089B5A1E072A8CBF00247A
:10CCB40000F00104012E14BF002404F00104002C30
:10CCC40000F02D813A68917B00297EF497AE527B67
:10CCD400B0EE000B9B1A01EE103AB8EEC11B16F031
:10CCE400EFFE72B6BB6893ED047AB8EEC77B27EE0D
:10CCF400007BBDEEC77B83ED047A62B6089BB0EE81
:10CD0400000B3D68DAB26B7301EE102AB8EEC11B5A
:10CD140016F0D6FE95F92C30FDEEC07B013B17EEE4
:10CD2400901A032B07D8DFE803F01A1E150289B204
:10CD3400E86B10F0CDFFB869254603F09FFA3B6815
:10CD4400597B14F08FFB0022012154480BF034F876
:10CD5400FEF754BE89B2A86B11F09EF9EBE7286B7D
:10CD640010F008F9E7E789B2686B11F095F9E2E78A
:10CD74004C4E4D481BF0F4F8023808283FF631AA0F
:10CD840008A949480FF030FA0446002800F0C7808B
:10CD940033681A7B002A7EF431AE93ED027ADDED1E
:10CDA400086AB8EE477BB8EE666B86EE075B72B630
:10CDB400B36893ED047AB8EEC77B27EE057BBDEE2E
:10CDC400C77B83ED047A62B63368089A70699A6007
:10CDD40003F054FA089E054614F038FAB7B2F6B2D6
:10CDE400864203D03146284614F03CFB01353F0A05
:10CDF400284614F02BFA874203D03946284614F00B
:10CE040031FB01222548254611460AF0D5FFFEF7DD
:10CE1400F5BD244C2368E06A5A6203F02FFA2368B4
:10CE240006465F6A14F012FA1FFA87F8FFB28742C7
:10CE340003D03946304614F015FB01364FEA182862
:10CE4400304614F003FA804503D04146304614F0CE
:10CE540009FB20680022D4E9023190ED097A91EDB2
:10CE6400066BB8EEC77B27EE067BBDEEC77B83ED72
:10CE7400207A5A6783F87020FEF7C0BD064DFEF78E
:10CE8400CDBE07A906481AF047F9FFF77DBB00BFDE
:10CE94007049002058520020DC340020B0490020A2
:10CEA40053590020183500205459002007EE904AA9
:10CEB400B1EE000BB8EEE71B16F002FEFDEEC07BF0
:10CEC40017EE907AFEF709BE1A4B83ED007B38E427
:10CED400194FE0E6184DFFF7BCB9174CFFF78FBAAE
:10CEE400154E46E7144C95E7144B03ED027B28E4FA
:10CEF400124B83ED007B24E40A7E002A7EF455ABBA
:10CF0400686A4B6103F0BAF92A6864235169B1FB7A
:10CF1400F3F1C9B214F0A6FA0120FEF747BB254687
:10CF2400FEF76CBD106B17EE101A0FF011FF012005
:10CF3400FEF73CBB504E0020DC340020604E002045
:10CF440008B514F05FF9BDE8084014F05BB900BF00
:10CF5400C14A2DE9F0412DED0A8B92F84331ADF52C
:10CF6400D06D2B3B3A2B00F28280DFE813F09B005C
:10CF740080003B00800080008000D600E500800037
:10CF8400800080008000800080008000800080009D
:10CF9400800080008000800080008000800080008D
:10CFA400800080008000800080008000800080007D
:10CFB400000180008000800080000C011801300115
:10CFC4003C018000800080007D01800080008000A2
:10CFD400800080008000800080008000800080004D
:10CFE400EC0188009D4C582094ED007B9FED8E6BE6
:10CFF40037EE067B84ED007B03F040F994ED007B73
:10D00400B3EE006B054627EE067BFDEEC77B17EEFD
:10D01400904A14F01BF9E1B2814202D0284614F080
:10D0240021FA6E1CC4F30727304614F00FF9874227
:10D0340003D03946304614F015FAAE1CC4F3074742
:10D04400304614F003F9874203D03946304614F0D1
:10D0540009FA0335240E284614F0F8F8844203D064
:10D064002146284614F0FEF97D480AF025FC0DF50A
:10D07400D06DBDEC0A8BBDE8F041F6F709BC784CE5
:10D0840020460AF001F800284ED1764A94F8F83583
:10D094001268E070C4F82825002B45D020460BF018
:10D0A40067F859E16D4D582095ED007B9FED5E6B5F
:10D0B40037EE467B85ED007B03F0E0F8B3EE006BC2
:10D0C400044695ED007B27EE067BFDEEC77B17EE4D
:10D0D400905A14F0BBF8E9B2814240F05381661CC7
:10D0E400C5F30727304614F0B1F8874240F0458174
:10D0F400A61CC5F30747304614F0A8F8874240F051
:10D10400378103342D0E204614F0A0F88542ABD0AD
:10D114002946204614F0A6F9A6E7514C204609F00A
:10D12400E3FF002800F020810DF5D06DBDEC0A8BE3
:10D13400BDE8F041F6F782BB494C204609F0D4FF24
:10D144000028F1D102250121204684F808550AF06F
:10D15400B1F9092003F092F8044614F077F8A842D4
:10D1640000F0FA802946204614F07CF9F4E03C4CA7
:10D174009FED2F1B9FED300B20460AF017FA022378
:10D1840084F80B3573E7364CB7EE000B9FED281B84
:10D1940020460AF00BFA002384F80B3567E7304C7D
:10D1A400B7EE000B26A3D3E9002304F5A0662046BE
:10D1B4009FED1F1BC6E900230AF0F8F9002358204D
:10D1C40084F80B3503F05AF896ED007B18E7244CED
:10D1D4009FED171B9FED1C0B20460AF0E7F9012376
:10D1E40084F80B3543E71E4CB7EE000BD4F820351A
:10D1F400204607EE903AD4F82435B8EEE76B07EEF4
:10D20400903A9FED131BB8EEE77B86EE015B87EE49
:10D21400011B30EE450B0AF0C9F9032384F80B35E2
:10D2240025E700BFAFF300805655555555D57440DA
:10D234000000000000000000BD4DD3F5B1CBEE3F6F
:10D24400000000202B6F2E41007F94DDA1E9EF3F09
:10D25400000000000088C3400C580020B04E00209D
:10D26400B04900200C5A002092F84431412B00F0C0
:10D274008D80542B7FF4FBAE92F84531312B7FF433
:10D28400F6AE46AE544D34460FCD9FED479B9FED11
:10D29400488B0FC495E80300B0EE492BB0EE481B51
:10D2A40084E803009FED440B54A80DF0EFFE48AB57
:10D2B4000FCB9FED430B8DE80F0054A9D4A896E83B
:10D2C4000C000DF029FFD4A80EF062FA02214348A5
:10D2D4009FED3D7B30EE070B13F016FC3F4813F037
:10D2E400F5FBD4A80EF04EFA02213C489FED387BA2
:10D2F40030EE470B13F008FC384813F0E7FBD4A9D1
:10D3040054A89FED2F0B0EF0FFF854A80DF098FFD2
:10D31400022130EE490B314813F0F6FB2F4813F08D
:10D32400D5FB54A80DF088FF022130EE480B2B48A2
:10D3340013F0EAFB294813F0C9FB0DF5D06DBDECE1
:10D344000A8BBDE8F081264C204609F09DFE00289A
:10D354007FF4EAAE84F80A050DF5D06DBDEC0A8BB6
:10D36400BDE8F041F6F754BA012520462946ECE61B
:10D374003946304614F076F8C3E63946304614F0A0
:10D3840071F8B5E6204614F06DF8A8E692F8453138
:10D39400303B032B3FF66BAEDFE813F075038002DE
:10D3A40098012400AFF30080CE805ED27B5FEE3F15
:10D3B400D0DD6F81E85DE43F000000000000000064
:10D3C400F2894FE24F52ED3FB001D33F025FF93F84
:10D3D400E4329D651276EB3F80020020C8320020C3
:10D3E400B04900200A216FF0090013F03FFC07EE5A
:10D3F400900A0A216FF00900B8EEE77B20AFAE4E29
:10D4040022AC3D460DF5A8789FED8FBB9FED90CBE8
:10D414009FED918B27EE0B7B87EE0CAB13F026FC74
:10D4240007EE900A50210A20B8EEE77B27EE0B7B2B
:10D4340087EE0C9B13F01AFC07EE900AB8EEE77B1C
:10D44400B0EE480B27EE0B7B0FCE87EE0CBB0FC55F
:10D4540096E803009FED822B9FED831B85E8030074
:10D46400D4A80DF013FE94E80F008DE80F00D4A9A2
:10D4740038A897E80C00B0EE4B0B0DF04DFEB0EE63
:10D48400480BD4A89FED7A2B9FED7B1B0DF0FEFD7E
:10D49400B0EE4B0B94E80F008DE80F00D4A946A81A
:10D4A40097E80C000DF038FEB0EE480BD4A89FEDC1
:10D4B400742B9FED751B0DF0E9FDB0EE4B0B94E85A
:10D4C4000F008DE80F00D4A9404697E80C000DF03A
:10D4D40023FE0DF592630D21784883ED008B0DF545
:10D4E400936383ED008B0DF5946383ED008B0DF551
:10D4F400A86383ED008B0DF5CE6383ED008B0023D1
:10D50400CDF83835CDF868368DF8783615F00CFE40
:10D5140040460EF03DF90221694813F0F5FA6848D7
:10D5240013F0D4FA38A80EF03FF938A8B0EE40CB87
:10D534000EF028F9D4A8B0EE401B9FED553B9FEDAB
:10D54400562BB0EE4C0B3AEE033B39EE022B11F0A6
:10D554007BFE46A80EF028F946A8B0EE40CB0EF0AC
:10D5640011F9D4A8B0EE401B9FED4D3B9FED4E2B1F
:10D57400B0EE4C0B3AEE033B39EE022B11F064FE95
:10D58400D4A811F0A9FD4F4B9B7D012B00F0AC8278
:10D59400B0EE480BD4A811F053FD05214A4815F00C
:10D5A400C3FD474813F092FA9DF83A35002B00F07A
:10D5B40098820DF5A8639FED264B93ED007B9FEDBC
:10D5C400225B9FED3B6B27EE047B87EE050B20EE81
:10D5D400060B02213A4813F097FA394813F076FA09
:10D5E400EEAA41462CA80DF0D3FF2CA80EF014FA95
:10D5F400022133489FED169B9FED138B20EE090B00
:10D6040080EE080B13F080FA2D4813F05FFA2CA873
:10D614000EF0F8F9022120EE090B294880EE080BE0
:10D6240013F072FA264813F051FA2CA80EF0E6F91A
:10D63400022120EE090B224880EE080B13F064FA55
:10D644001F4813F043FA78E6182D4454FB2109408F
:10D6540000000000008066400000000000000000A0
:10D66400A4A72D978076B63FDB300A82C737E03F08
:10D67400C525EC33CC36DDBF65E1EB6B5DEAF83FE5
:10D68400402C0CFBA49CA43F89EC832C0B26D4BF18
:10D694007FF8F9EFC16BF73F21B1DD3D40B7FB3FA8
:10D6A4005D328E91EC91E33FD9CEF753E3B515404B
:10D6B4000000000000004E4080020020882400206A
:10D6C400C8320020B04900208024002020AF704ED2
:10D6D40022AC0DF5A8783D460FCE9FED518B0FC5BA
:10D6E40096E803009FED502B9FED511B85E8030046
:10D6F400B0EE480BD4A80DF0C9FC94E80F009FEDE0
:10D704004E0B8DE80F00D4A938A897E80C000DF053
:10D7140003FDB0EE480BD4A89FED492B9FED4A1BA7
:10D724000DF0B4FC94E80F009FED430B8DE80F005F
:10D73400D4A946A897E80C000DF0EEFCB0EE480B17
:10D74400D4A89FED432B9FED441B0DF09FFC94E860
:10D754000F009FED390B8DE80F00D4A9404697E8E0
:10D764000C000DF0D9FC0DF59262002338A882ED6F
:10D77400008B0DF5936282ED008B0DF5946282EDC2
:10D78400008B0DF5A862CDF8383582ED008B0DF5D0
:10D79400CE62CDF8683682ED008B8DF878360EF0C7
:10D7A40003F8B0EE409B38A80DF0ECFFD4A8B0EE1F
:10D7B400401BB0EE490B9FED2A3B9FED2B2B11F044
:10D7C40043FD46A80DF0F0FFB0EE409B46A80DF0D7
:10D7D400D9FFD4A8B0EE401BB0EE490B9FED243B1B
:10D7E4009FED252B11F030FD05212A4815F09CFCF6
:10D7F400294813F06BF99DF83A35002B00F06E813F
:10D804000DF5A8639FED1E5B93ED007B9FED1E6BF2
:10D8140027EE057B87EE060BDBE600BFAFF3008047
:10D824000000000000000000A4A72D978076B63FFA
:10D83400DB300A82C737E03FF65B8A41358CE33F31
:10D84400C525EC33CC36DDBF65E1EB6B5DEAF83F13
:10D85400402C0CFBA49CA43F89EC832C0B26D4BF46
:10D864007FF8F9EFC16BF73F21B1DD3D40B7FB3FD6
:10D874005D328E91EC91E33FD9CEF753E3B5154079
:10D884000000000000806640182D4454FB2109402C
:10D894008002002080240020C83200209FED988B55
:10D8A4000023D4AC08A8B0EE480B84ED508B84ED73
:10D8B400528B84ED548B9FED942BCDF838359FED2E
:10D8C400941B84ED7C8BCDF868368DF8783684ED26
:10D8D400C88B0DF0DBFBB0EE480B14A89FED8E2B2C
:10D8E4009FED8F1B0DF0D2FBB0EE480B20A89FEDEF
:10D8F4008E2B9FED8F1B0EF093F8B0EE480B2CA8E7
:10D904009FED8D2B9FED8E1B0EF08AF808A80DF06D
:10D9140097FCB0EE40BB08A80DF08EFC9A4A9B49D8
:10D9240054A89FED89AB9FED8A9B20EE0A0B2BEE4A
:10D934000ABB80EE096B8BEE097B8DED026B8DEDDE
:10D94400007B19F04FFE54A81AF00AFB014654A8B4
:10D9540015F0EAFB8E4813F0B9F814A80DF070FC2A
:10D96400B0EE40BB14A80DF067FC20EE0A0B894A08
:10D9740054A886492BEE0ABB80EE096B8BEE097B1B
:10D984008DED026B8DED007B19F02CFE54A81AF07E
:10D99400E7FA014654A815F0C7FB7D4813F096F842
:10D9A40008A80DF053FC08A8B0EE40BB0DF044FCF1
:10D9B40020A88DED060B0EF081F820A88DED040B48
:10D9C4000EF078F82046B0EE403BB0EE4B0B9DEDE8
:10D9D400042B9DED061B11F037FC14A80DF036FC4A
:10D9E40014A8B0EE40BB0DF027FC2CA88DED060B5F
:10D9F4000EF064F82CA88DED040B0EF05BF82046B5
:10DA0400B0EE403BB0EE4B0B9DED042B9DED061BA1
:10DA140011F01AFCB0EE480B38A89FED4F2B9FED88
:10DA2400501B0DF033FBEEAA38A946A80DF03EFBBF
:10DA340046A80EF043F820EE0A0B0221544880EE6B
:10DA4400090B13F061F8524813F040F846A80EF0A1
:10DA540031F8022120EE0A0B4D4880EE090B13F039
:10DA640053F84B4813F032F846A80EF01FF8022181
:10DA740020EE0A0B464880EE090B13F045F84448A3
:10DA840013F024F859E4D4AC0022002300212046EA
:10DA9400C4E95023C4E95223C4E954239FED243B31
:10DAA400CDF838159FED302BC4E97C239FED181B6E
:10DAB400CDF868169FED140BC4E9C8238DF87816C9
:10DAC40011F0C2FB20469FED1E3B9FED292B9FEDDD
:10DAD400141B9FED110B11F0B7FB2EE4B0EE480BB5
:10DAE40077E59FED070B74E5B4EEC8BB9FED220B01
:10DAF4009FED237BF1EE10FA20FE070B4AE500BFF1
:10DB04000000000000000000A4A72D978076B63F17
:10DB1400DB300A82C737E03FC525EC33CC36DDBFA6
:10DB240065E1EB6B5DEAF83F21B1DD3D40B7FB3FBA
:10DB34007FF8F9EFC16BF73FD9CEF753E3B5154042
:10DB44005D328E91EC91E33F00000000008066405E
:10DB5400182D4454FB210940402C0CFBA49CA43FE9
:10DB640089EC832C0B26D4BF21B1DD3D40B7FBBF2C
:10DB7400D9CEF753E3B515C0182D4454FB21F93F12
:10DB8400182D4454FB21F9BF602400206824002090
:10DB9400C83200207824002008B513F033FBBDE818
:10DBA400084013F02FBB00BF054B93F843212AB95B
:10DBB40093F85E2182F0010283F85E21F5F768BED6
:10DBC4000C58002008B513F01DFBBDE8084013F005
:10DBD40019BB00BF00000000032900D970472DE9DC
:10DBE400F04701EB41040026054604EBC40404F1AC
:10DBF4000A0A04F10B0904F10C0804F10D072DEDD8
:10DC0400028B017084B0504613F020FB60F30706CA
:10DC1400484613F01BFB60F30F26404613F016FB37
:10DC240060F31746384613F011FB60F31F66DFED0F
:10DC3400DA7A07EE106AB4EEE77AF1EE10FA07D456
:10DC4400DFEDD67AB4EEE77AF1EE10FA40F31C81F8
:10DC5400002200235046C5E9022313F0F7FA0028F6
:10DC640040F03681484613F0F1FA002840F046812E
:10DC7400404613F0EBFA002840F03581384613F0A3
:10DC8400E5FA002840F01F8195ED026B9FEDC07B03
:10DC940086EE078BB0EE480B15F0EEFC85ED0C0B11
:10DCA400B0EE480B15F070FD85ED0E0B04F10E007F
:10DCB400002613F0CBFA034604F10F0063F30706C2
:10DCC40013F0C4FA60F30F2604F1100013F0BEFA47
:10DCD400034604F1110063F3174613F0B7FADFEDBE
:10DCE400B07A60F31F6607EE106AB4EEE77AF1EEDD
:10DCF40010FA07D9DFEDAB7AB4EEE77AF1EE10FA59
:10DD0400C0F2BD802E780022002306EB460606EB07
:10DD1400C60606F10E07C5E90423384613F096FA41
:10DD2400002840F0C38006F10F07384613F08EFA3E
:10DD3400002840F0AE8006F11007384613F086FA4A
:10DD4400002840F0EB801136304613F07FFA0028AB
:10DD540040F0DF8004F1120013F078FA064604F173
:10DD64001300F6B213F072FA42F2080260F30F26BF
:10DD7400B6B206F1C8039BB2934200F2E6802E834A
:10DD840004F1140013F062FA07EE900AB2EE043BB9
:10DD9400B8EE676AB2EE084BFAEE085AB7EEC66AF6
:10DDA40086EE037B37EE447BB7EEC77BB4EEE57AB1
:10DDB40085ED0B7AF1EE10FA07D5F2EE087AB4EE9F
:10DDC400E77AF1EE10FA00F3B5806FF0030905F17C
:10DDD400190705F11A0805F12806A9EB0509A1445C
:10DDE4003C4609EB040013F031FA04F8010F002853
:10DDF40041D0B442F5D12A7801A86B4919F0F2FB5D
:10DE040001A9404619F000FEA0EB08000E281BD81B
:10DE140095F8009009EB490909EBC9093C4617F844
:10DE240001AF261F761B4E44304613F00FFA82458D
:10DE34005146304601D013F015FB183C40461AF009
:10DE44008FF8641BA042E9DA95ED026B9FED507BDD
:10DE540086EE078BB0EE480B15F00EFC85ED0C0B2F
:10DE6400B0EE480B15F090FC85ED0E0B04B0BDEC44
:10DE7400028BBDE8F087AB7E002BBCD0E4E7B7EEA5
:10DE8400C77A85ED047B65E7B7EEC77A85ED027B3B
:10DE94000CE7384606F11007002113F0E3FA384680
:10DEA40013F0D4F900283FF44EAF37E0384606F1BA
:10DEB4000F07002113F0D6FA384613F0C7F90028EB
:10DEC4003FF439AFE5E70021384613F0CBFADBE63F
:10DED4005046002113F0C6FA484613F0B7F900285B
:10DEE4003FF4C6AE0AE04046002113F0BBFA3846C0
:10DEF40013F0ACF900283FF4C7AEE4E7484600212C
:10DF040013F0B0FA404613F0A1F900283FF4B6AE7E
:10DF1400E9E70021304613F0A5FA1BE7113638462D
:10DF2400002113F09FFA304613F090F900283FF4D3
:10DF340011AFEEE700232A781B207821EB6214232B
:10DF440000FB023013F08EFA3FE72E784FF0000802
:10DF540006EB4606A5F8188006EBC60606F112077E
:10DF6400384613F073F958B91336304613F06EF986
:10DF740000283FF405AF0021304613F073FAFFE6A2
:10DF84004146384613F06EFAEEE700BFAFF3008067
:10DF9400F8C1631ADCA54C400000B4C20000B442CE
:10DFA4000000B4C30000B443DC23002000000000E0
:10DFB400084890F84311322907D93F2907D1064B65
:10DFC400703006491A7819F00DBB2F2908D8F5F7D7
:10DFD4005FBC00BF0C58002070490020382400208A
:10DFE40030390C20F0B5C9B2EB4CEC4E2DED0A8B58
:10DFF40083B0019102F042F9019913F033FA0199C7
:10E004002046FFF7E9FDD4E90423C6E90E2313F003
:10E0140051FF074600210BF077FC002105463846E6
:10E024000BF004FC0446002138460BF057FC631E39
:10E0340004EE100A012B01D8013D0C3407EE905A6E
:10E04400B7EE009BB0EE008B0021B8EEE76B07EE55
:10E05400904AB8EEC44B3846B8EEE77B9FEDA03B40
:10E064009FEDA10B9FEDA25B86EE032B86EE003B9A
:10E0740037EE097B26EE056B9FED9F1B9FEDA05BA2
:10E08400BBFE466B27EE017BBBFE477BBBFE422BF0
:10E0940038EE428BBBFE433B38EE038B38EE068BE7
:10E0A40038EE078B38EE048B38EE058B0BF000FC52
:10E0B4000346002138460AEE103A0BF0CDFB06EE7B
:10E0C400100A0021B8EECA7B3846B8EEC66B9FED45
:10E0D4008E5B86EE05AB3AEE07AB0BF0D3FB06EE98
:10E0E400900AB6EE007B9FED8A3BB8EEE65B38EE15
:10E0F400077B85EE036BBBFE477B9FED874BB4EE3E
:10E10400C47BF1EE10FA36EE0A6B17DD37EE099B8D
:10E11400B5EE005B9FED824B9FED833B37EE444BA6
:10E1240084EE037BBDEEC77BB8EEC77B27EE055BB1
:10E1340039EE079BBBFE457B39EE477B9FED7C3B6D
:10E144009FED7D2B9FED6A5B37EE037B9FED6A4B62
:10E1540037EE422B9FED7A1B82EE053BB2EE0B2B82
:10E16400BBFE433B23EE055BBBFE455B37EE457BC5
:10E1740087EE045B37EE017BBBFE455B25EE044B6B
:10E18400B4EEC25BBBFE444BF1EE10FA37EE447BB7
:10E19400BBFE477BBDEEC77B00F19581B2EE0A4B17
:10E1A40035EE445BFDEEC57B17EE903A022B40F34F
:10E1B40095819FED655B33EE453BBDEEC33BB8EE09
:10E1C400C33B07EE903AB0EE000BB8EEE75BB8EE57
:10E1D400C77B9FED434B9FED441B9FED452B83EE87
:10E1E400049B83EE014B23EE023BB7EE002B9FED25
:10E1F400581B35EE025BBBFE433B9FED3F2B25EEE8
:10E20400025B38EE412BBBFE455BBBFE499B30EE07
:10E21400490BBBFE448B30EE080BB3EE084B30EEDB
:10E22400033B9FED370B33EE055B9FED4B8B35EED8
:10E23400077B9FED4B5B37EE007B37EE417BA7EE10
:10E24400058B86EE045B9FED487BB4EEC48BF1EE48
:10E2540010FA32EE055B85EE073B06DB38EE448BA5
:10E26400B4EEC48BF1EE10FAF8DAB5EEC08BF1EE31
:10E2740010FA08D5B3EE087B38EE078BB5EEC08BE9
:10E28400F1EE10FAF8D4B3EE087B9FED392B9FED35
:10E294003A4BA6EE028B23EE044BA3EE048BB4EEB2
:10E2A400C78BF1EE10FA06DB38EE478BB4EEC78B62
:10E2B400F1EE10FAF8DAB5EEC08BF1EE10FA08D5EB
:10E2C400B3EE087B38EE078BB5EEC08BF1EE10FA97
:10E2D400F8D49FED2B6B9FED2C9B9FED2D4B5FE0B6
:10E2E40000000000000059400000000000007940D8
:10E2F4000000000000D4764061545227A0993E40AB
:10E3040000000080A2423A410000000000004E409C
:10E31400000000000020AC40000000008C8A414155
:10E3240000000040D07D3C410000000088D5E14061
:10E334000000000000D097406666666666865E4010
:10E34400000000000000000000000000006CB2406B
:10E35400000000802CB4424198B05E8E1CCA1A4062
:10E36400D7E5E7EA5BD2B03F00000000A0D5E1406A
:10E37400F2E1F1E7360BF03F05A227655243FB3E7D
:10E3840043AD69DE718AEF3FEC51B81E8587714059
:10E3940028806264C91CAB3F704900205852002099
:10E3A4009FED570BA5EE069BA5EE440B9FED56ABD8
:10E3B4009FED577B39EE099B9FED57BB80EE0A0B0F
:10E3C400A5EE47BB15F0E0F9B0EE40CB89EE0A0BA1
:10E3D40015F0DAF9B0EE406B8BEE0A0B9FED509B13
:10E3E4009FED517B29EE469BACEE079B15F044F95B
:10E3F400B3EE087BA9EE008BB4EEC78BF1EE10FAF6
:10E4040006DB38EE478BB4EEC78BF1EE10FAF8DA80
:10E41400B5EEC08BF1EE10FA08D5B3EE087B38EEFA
:10E42400078BB5EEC08BF1EE10FAF8D4B2EE0E5BAA
:10E43400B3EE087B96ED0E4B84EE056B38EE468BFF
:10E44400B4EEC78BF1EE10FA06DB38EE478BB4EE70
:10E45400C78BF1EE10FAF8DAB5EEC08BF1EE10FAD4
:10E4640008D5B3EE087B38EE078BB5EEC08BF1EE22
:10E4740010FAF8D4B3EE085B9FED2D6B88EE057BA4
:10E4840027EE067BBDEEC77B72B686ED007A62B6D8
:10E4940072B632683368C6E9042362B603F042F800
:10E4A400274807F0D5F8274804F0C2FE012002F0FF
:10E4B40047F9244804F0B8FE03B0BDEC0A8BBDE86C
:10E4C400F040F5F7E5B9B7EE004B35EE445BFDEEF1
:10E4D400C57B17EE903A022B3FF76BAE5A1E9FEDA9
:10E4E400165B012A33EE453BBDEEC33B3FF667AEF8
:10E4F40013EE102A0C33013A03EE102A5FE600BF34
:10E50400C3F5285C8F425F40F8C1631ADCA54C4018
:10E5140048AFBC9AF2D79A3EFF21FDF6757037409A
:10E5240054E41071732AF93E03B34291EEE734BF09
:10E5340000000000C07A604100000000006BB2409F
:10E54400D84A0020B049002008B512F05BFEBDE8AF
:10E55400084012F057BE00BF154B10B593F8433175
:10E56400242B07D0582B1AD0212B10D0BDE81040F3
:10E57400F5F78EB9002420460134002112F072FF11
:10E58400B4F5876FF7D1BDE81040F5F741B9094BF1
:10E594000122BDE8104083F8E026F5F739B904F00C
:10E5A40051FA012003F0A8FABDE81040F5F730B99C
:10E5B4000C580020B049002008B512F023FEBDE835
:10E5C400084012F01FBE00BF38B5314B93F84331F9
:10E5D400423B202B12D8DFE803F0151D11114E1118
:10E5E400111111111111114854262C33111111114B
:10E5F400111111111111111111113800BDE8384018
:10E60400F5F746B9234804F0FFFD40B9BDE83840AA
:10E61400F5F714B91F4804F0FFFD0028F6D0BDE853
:10E624003840F5F7F5B81B4804F0D2FD0028F6D1C0
:10E63400ECE7184804F0E4FDBDE83840F5F7E8B825
:10E64400144B5B78002BEAD1E0E7124C002538200C
:10E65400A57001F013FE294612F004FF204604F0D1
:10E66400E7FDBDE83840F5F7D3B80A4804F0C0FD2B
:10E674000028D4D1CAE7074804F0D6FD0028CED13B
:10E68400C4E7044804F0B0FD0028C8D0BEE700BFCA
:10E694000C580020B049002008B512F0B3FDBDE8C5
:10E6A400084012F0AFBD00BF214B9A68D2E90010B8
:10E6B400D3680968006810B41842946801EA040138
:10E6C4002ED0137C03F00303D9B943F0080399084F
:10E6D400013B11740D2B0BD8DFE803F00D071C0769
:10E6E4000A160D0D160A071C070D5369013B5361E9
:10E6F4005DF8044B704753695DF8044B0133536173
:10E70400704743F00403E0E753695DF8044B023BB0
:10E714005361704753695DF8044B0233536170478A
:10E72400137C03F003030029D1D043F00403CEE7A4
:10E7340034540020224BD3F89C20D2E90010D36833
:10E744000968006810B41842946801EA04012ED0E4
:10E75400137C03F00303D9B943F008039908013B80
:10E7640011740D2B0BD8DFE803F00D071C070A16F4
:10E774000D0D160A071C070D5369013B53615DF823
:10E78400044B704753695DF8044B01335361704780
:10E7940043F00403E0E753695DF8044B023B536123
:10E7A400704753695DF8044B023353617047137C1F
:10E7B40003F003030029D1D043F00403CEE700BFE4
:10E7C40034540020224BD3F88C20D2E90010D368B3
:10E7D4000968006810B41842946801EA04012ED054
:10E7E400137C03F00303D9B943F008039908013BF0
:10E7F40011740D2B0BD8DFE803F00D071C070A1664
:10E804000D0D160A071C070D5369013B53615DF892
:10E81400044B704753695DF8044B013353617047EF
:10E8240043F00403E0E753695DF8044B023B536192
:10E83400704753695DF8044B023353617047137C8E
:10E8440003F003030029D1D043F00403CEE700BF53
:10E8540034540020224BD3F89020D2E90010D3681E
:10E864000968006810B41842946801EA04012ED0C3
:10E87400137C03F00303D9B943F008039908013B5F
:10E8840011740D2B0BD8DFE803F00D071C070A16D3
:10E894000D0D160A071C070D5369013B53615DF802
:10E8A400044B704753695DF8044B0133536170475F
:10E8B40043F00403E0E753695DF8044B023B536102
:10E8C400704753695DF8044B023353617047137CFE
:10E8D40003F003030029D1D043F00403CEE700BFC3
:10E8E40034540020224BD3F89420D2E90010D3688A
:10E8F4000968006810B41842946801EA04012ED033
:10E90400137C03F00303D9B943F008039908013BCE
:10E9140011740D2B0BD8DFE803F00D071C070A1642
:10E924000D0D160A071C070D5369013B53615DF871
:10E93400044B704753695DF8044B013353617047CE
:10E9440043F00403E0E753695DF8044B023B536171
:10E95400704753695DF8044B023353617047137C6D
:10E9640003F003030029D1D043F00403CEE700BF32
:10E9740034540020224BD3F89820D2E90010D368F5
:10E984000968006810B41842946801EA04012ED0A2
:10E99400137C03F00303D9B943F008039908013B3E
:10E9A40011740D2B0BD8DFE803F00D071C070A16B2
:10E9B4000D0D160A071C070D5369013B53615DF8E1
:10E9C400044B704753695DF8044B0133536170473E
:10E9D40043F00403E0E753695DF8044B023B5361E1
:10E9E400704753695DF8044B023353617047137CDD
:10E9F40003F003030029D1D043F00403CEE700BFA2
:10EA040034540020214BDA68D2E90010D368096835
:10EA1400006810B41842946801EA04012ED0137CF3
:10EA240003F00303D9B943F008039908013B1174B7
:10EA34000D2B0BD8DFE803F00D071C070A160D0D8C
:10EA4400160A071C070D5369013B53615DF8044B1B
:10EA5400704753695DF8044B01335361704743F0C9
:10EA64000403E0E753695DF8044B023B53617047CC
:10EA740053695DF8044B023353617047137C03F010
:10EA840003030029D1D043F00403CEE7345400201B
:10EA9400214B1A69D2E90010D3680968006810B4E0
:10EAA4001842946801EA04012ED0137C03F0030396
:10EAB400D9B943F008039908013B11740D2B0BD805
:10EAC400DFE803F00D071C070A160D0D160A071CD4
:10EAD400070D5369013B53615DF8044B704753695B
:10EAE4005DF8044B01335361704743F00403E0E7DE
:10EAF40053695DF8044B023B5361704753695DF8F9
:10EB0400044B023353617047137C03F00303002961
:10EB1400D1D043F00403CEE734540020214B5A698A
:10EB2400D2E90010D3680968006810B418429468E8
:10EB340001EA04012ED0137C03F00303D9B943F096
:10EB440008039908013B11740D2B0BD8DFE803F07F
:10EB54000D071C070A160D0D160A071C070D53692D
:10EB6400013B53615DF8044B704753695DF8044BF6
:10EB740001335361704743F00403E0E753695DF8E0
:10EB8400044B023B5361704753695DF8044B0233F5
:10EB940053617047137C03F003030029D1D043F081
:10EBA4000403CEE734540020214B9A69D2E90010C3
:10EBB400D3680968006810B41842946801EA040133
:10EBC4002ED0137C03F00303D9B943F0080399084A
:10EBD400013B11740D2B0BD8DFE803F00D071C0764
:10EBE4000A160D0D160A071C070D5369013B5361E4
:10EBF4005DF8044B704753695DF8044B013353616E
:10EC0400704743F00403E0E753695DF8044B023BAB
:10EC14005361704753695DF8044B02335361704785
:10EC2400137C03F003030029D1D043F00403CEE79F
:10EC340034540020214BDA69D2E90010D368096802
:10EC4400006810B41842946801EA04012ED0137CC1
:10EC540003F00303D9B943F008039908013B117485
:10EC64000D2B0BD8DFE803F00D071C070A160D0D5A
:10EC7400160A071C070D5369013B53615DF8044BE9
:10EC8400704753695DF8044B01335361704743F097
:10EC94000403E0E753695DF8044B023B536170479A
:10ECA40053695DF8044B023353617047137C03F0DE
:10ECB40003030029D1D043F00403CEE734540020E9
:10ECC400214B1A6AD2E90010D3680968006810B4AD
:10ECD4001842946801EA04012ED0137C03F0030364
:10ECE400D9B943F008039908013B11740D2B0BD8D3
:10ECF400DFE803F00D071C070A160D0D160A071CA2
:10ED0400070D5369013B53615DF8044B7047536928
:10ED14005DF8044B01335361704743F00403E0E7AB
:10ED240053695DF8044B023B5361704753695DF8C6
:10ED3400044B023353617047137C03F0030300292F
:10ED4400D1D043F00403CEE734540020214B5A6A57
:10ED5400D2E90010D3680968006810B418429468B6
:10ED640001EA04012ED0137C03F00303D9B943F064
:10ED740008039908013B11740D2B0BD8DFE803F04D
:10ED84000D071C070A160D0D160A071C070D5369FB
:10ED9400013B53615DF8044B704753695DF8044BC4
:10EDA40001335361704743F00403E0E753695DF8AE
:10EDB400044B023B5361704753695DF8044B0233C3
:10EDC40053617047137C03F003030029D1D043F04F
:10EDD4000403CEE734540020214B9A6AD2E9001090
:10EDE400D3680968006810B41842946801EA040101
:10EDF4002ED0137C03F00303D9B943F00803990818
:10EE0400013B11740D2B0BD8DFE803F00D071C0731
:10EE14000A160D0D160A071C070D5369013B5361B1
:10EE24005DF8044B704753695DF8044B013353613B
:10EE3400704743F00403E0E753695DF8044B023B79
:10EE44005361704753695DF8044B02335361704753
:10EE5400137C03F003030029D1D043F00403CEE76D
:10EE640034540020214BDA6AD2E90010D3680968CF
:10EE7400006810B41842946801EA04012ED0137C8F
:10EE840003F00303D9B943F008039908013B117453
:10EE94000D2B0BD8DFE803F00D071C070A160D0D28
:10EEA400160A071C070D5369013B53615DF8044BB7
:10EEB400704753695DF8044B01335361704743F065
:10EEC4000403E0E753695DF8044B023B5361704768
:10EED40053695DF8044B023353617047137C03F0AC
:10EEE40003030029D1D043F00403CEE734540020B7
:10EEF400214B1A6BD2E90010D3680968006810B47A
:10EF04001842946801EA04012ED0137C03F0030331
:10EF1400D9B943F008039908013B11740D2B0BD8A0
:10EF2400DFE803F00D071C070A160D0D160A071C6F
:10EF3400070D5369013B53615DF8044B70475369F6
:10EF44005DF8044B01335361704743F00403E0E779
:10EF540053695DF8044B023B5361704753695DF894
:10EF6400044B023353617047137C03F003030029FD
:10EF7400D1D043F00403CEE734540020214B5A6B24
:10EF8400D2E90010D3680968006810B41842946884
:10EF940001EA04012ED0137C03F00303D9B943F032
:10EFA40008039908013B11740D2B0BD8DFE803F01B
:10EFB4000D071C070A160D0D160A071C070D5369C9
:10EFC400013B53615DF8044B704753695DF8044B92
:10EFD40001335361704743F00403E0E753695DF87C
:10EFE400044B023B5361704753695DF8044B023391
:10EFF40053617047137C03F003030029D1D043F01D
:10F004000403CEE734540020214B9A6BD2E900105C
:10F01400D3680968006810B41842946801EA0401CE
:10F024002ED0137C03F00303D9B943F008039908E5
:10F03400013B11740D2B0BD8DFE803F00D071C07FF
:10F044000A160D0D160A071C070D5369013B53617F
:10F054005DF8044B704753695DF8044B0133536109
:10F06400704743F00403E0E753695DF8044B023B47
:10F074005361704753695DF8044B02335361704721
:10F08400137C03F003030029D1D043F00403CEE73B
:10F0940034540020214BDA6BD2E90010D36809689C
:10F0A400006810B41842946801EA04012ED0137C5D
:10F0B40003F00303D9B943F008039908013B117421
:10F0C4000D2B0BD8DFE803F00D071C070A160D0DF6
:10F0D400160A071C070D5369013B53615DF8044B85
:10F0E400704753695DF8044B01335361704743F033
:10F0F4000403E0E753695DF8044B023B5361704736
:10F1040053695DF8044B023353617047137C03F079
:10F1140003030029D1D043F00403CEE73454002084
:10F12400214B1A6CD2E90010D3680968006810B446
:10F134001842946801EA04012ED0137C03F00303FF
:10F14400D9B943F008039908013B11740D2B0BD86E
:10F15400DFE803F00D071C070A160D0D160A071C3D
:10F16400070D5369013B53615DF8044B70475369C4
:10F174005DF8044B01335361704743F00403E0E747
:10F1840053695DF8044B023B5361704753695DF862
:10F19400044B023353617047137C03F003030029CB
:10F1A400D1D043F00403CEE734540020214B5A6CF1
:10F1B400D2E90010D3680968006810B41842946852
:10F1C40001EA04012ED0137C03F00303D9B943F000
:10F1D40008039908013B11740D2B0BD8DFE803F0E9
:10F1E4000D071C070A160D0D160A071C070D536997
:10F1F400013B53615DF8044B704753695DF8044B60
:10F2040001335361704743F00403E0E753695DF849
:10F21400044B023B5361704753695DF8044B02335E
:10F2240053617047137C03F003030029D1D043F0EA
:10F234000403CEE734540020214B9A6CD2E9001029
:10F24400D3680968006810B41842946801EA04019C
:10F254002ED0137C03F00303D9B943F008039908B3
:10F26400013B11740D2B0BD8DFE803F00D071C07CD
:10F274000A160D0D160A071C070D5369013B53614D
:10F284005DF8044B704753695DF8044B01335361D7
:10F29400704743F00403E0E753695DF8044B023B15
:10F2A4005361704753695DF8044B023353617047EF
:10F2B400137C03F003030029D1D043F00403CEE709
:10F2C40034540020214BDA6CD2E90010D368096869
:10F2D400006810B41842946801EA04012ED0137C2B
:10F2E40003F00303D9B943F008039908013B1174EF
:10F2F4000D2B0BD8DFE803F00D071C070A160D0DC4
:10F30400160A071C070D5369013B53615DF8044B52
:10F31400704753695DF8044B01335361704743F000
:10F324000403E0E753695DF8044B023B5361704703
:10F3340053695DF8044B023353617047137C03F047
:10F3440003030029D1D043F00403CEE73454002052
:10F35400214B1A6DD2E90010D3680968006810B413
:10F364001842946801EA04012ED0137C03F00303CD
:10F37400D9B943F008039908013B11740D2B0BD83C
:10F38400DFE803F00D071C070A160D0D160A071C0B
:10F39400070D5369013B53615DF8044B7047536992
:10F3A4005DF8044B01335361704743F00403E0E715
:10F3B40053695DF8044B023B5361704753695DF830
:10F3C400044B023353617047137C03F00303002999
:10F3D400D1D043F00403CEE734540020214B5A6DBE
:10F3E400D2E90010D3680968006810B41842946820
:10F3F40001EA04012ED0137C03F00303D9B943F0CE
:10F4040008039908013B11740D2B0BD8DFE803F0B6
:10F414000D071C070A160D0D160A071C070D536964
:10F42400013B53615DF8044B704753695DF8044B2D
:10F4340001335361704743F00403E0E753695DF817
:10F44400044B023B5361704753695DF8044B02332C
:10F4540053617047137C03F003030029D1D043F0B8
:10F464000403CEE734540020214B9A6DD2E90010F6
:10F47400D3680968006810B41842946801EA04016A
:10F484002ED0137C03F00303D9B943F00803990881
:10F49400013B11740D2B0BD8DFE803F00D071C079B
:10F4A4000A160D0D160A071C070D5369013B53611B
:10F4B4005DF8044B704753695DF8044B01335361A5
:10F4C400704743F00403E0E753695DF8044B023BE3
:10F4D4005361704753695DF8044B023353617047BD
:10F4E400137C03F003030029D1D043F00403CEE7D7
:10F4F40034540020214BDA6DD2E90010D368096836
:10F50400006810B41842946801EA04012ED0137CF8
:10F5140003F00303D9B943F008039908013B1174BC
:10F524000D2B0BD8DFE803F00D071C070A160D0D91
:10F53400160A071C070D5369013B53615DF8044B20
:10F54400704753695DF8044B01335361704743F0CE
:10F554000403E0E753695DF8044B023B53617047D1
:10F5640053695DF8044B023353617047137C03F015
:10F5740003030029D1D043F00403CEE73454002020
:10F58400214B1A6ED2E90010D3680968006810B4E0
:10F594001842946801EA04012ED0137C03F003039B
:10F5A400D9B943F008039908013B11740D2B0BD80A
:10F5B400DFE803F00D071C070A160D0D160A071CD9
:10F5C400070D5369013B53615DF8044B7047536960
:10F5D4005DF8044B01335361704743F00403E0E7E3
:10F5E40053695DF8044B023B5361704753695DF8FE
:10F5F400044B023353617047137C03F00303002967
:10F60400D1D043F00403CEE734540020214B5A6E8A
:10F61400D2E90010D3680968006810B418429468ED
:10F6240001EA04012ED0137C03F00303D9B943F09B
:10F6340008039908013B11740D2B0BD8DFE803F084
:10F644000D071C070A160D0D160A071C070D536932
:10F65400013B53615DF8044B704753695DF8044BFB
:10F6640001335361704743F00403E0E753695DF8E5
:10F67400044B023B5361704753695DF8044B0233FA
:10F6840053617047137C03F003030029D1D043F086
:10F694000403CEE734540020214B9A6ED2E90010C3
:10F6A400D3680968006810B41842946801EA040138
:10F6B4002ED0137C03F00303D9B943F0080399084F
:10F6C400013B11740D2B0BD8DFE803F00D071C0769
:10F6D4000A160D0D160A071C070D5369013B5361E9
:10F6E4005DF8044B704753695DF8044B0133536173
:10F6F400704743F00403E0E753695DF8044B023BB1
:10F704005361704753695DF8044B0233536170478A
:10F71400137C03F003030029D1D043F00403CEE7A4
:10F7240034540020214BDA6ED2E90010D368096802
:10F73400006810B41842946801EA04012ED0137CC6
:10F7440003F00303D9B943F008039908013B11748A
:10F754000D2B0BD8DFE803F00D071C070A160D0D5F
:10F76400160A071C070D5369013B53615DF8044BEE
:10F77400704753695DF8044B01335361704743F09C
:10F784000403E0E753695DF8044B023B536170479F
:10F7940053695DF8044B023353617047137C03F0E3
:10F7A40003030029D1D043F00403CEE734540020EE
:10F7B400214B1A6FD2E90010D3680968006810B4AD
:10F7C4001842946801EA04012ED0137C03F0030369
:10F7D400D9B943F008039908013B11740D2B0BD8D8
:10F7E400DFE803F00D071C070A160D0D160A071CA7
:10F7F400070D5369013B53615DF8044B704753692E
:10F804005DF8044B01335361704743F00403E0E7B0
:10F8140053695DF8044B023B5361704753695DF8CB
:10F82400044B023353617047137C03F00303002934
:10F83400D1D043F00403CEE734540020214B5A6F57
:10F84400D2E90010D3680968006810B418429468BB
:10F8540001EA04012ED0137C03F00303D9B943F069
:10F8640008039908013B11740D2B0BD8DFE803F052
:10F874000D071C070A160D0D160A071C070D536900
:10F88400013B53615DF8044B704753695DF8044BC9
:10F8940001335361704743F00403E0E753695DF8B3
:10F8A400044B023B5361704753695DF8044B0233C8
:10F8B40053617047137C03F003030029D1D043F054
:10F8C4000403CEE734540020214B9A6FD2E9001090
:10F8D400D3680968006810B41842946801EA040106
:10F8E4002ED0137C03F00303D9B943F0080399081D
:10F8F400013B11740D2B0BD8DFE803F00D071C0737
:10F904000A160D0D160A071C070D5369013B5361B6
:10F914005DF8044B704753695DF8044B0133536140
:10F92400704743F00403E0E753695DF8044B023B7E
:10F934005361704753695DF8044B02335361704758
:10F94400137C03F003030029D1D043F00403CEE772
:10F9540034540020214BDA6FD2E90010D3680968CF
:10F96400006810B41842946801EA04012ED0137C94
:10F9740003F00303D9B943F008039908013B117458
:10F984000D2B0BD8DFE803F00D071C070A160D0D2D
:10F99400160A071C070D5369013B53615DF8044BBC
:10F9A400704753695DF8044B01335361704743F06A
:10F9B4000403E0E753695DF8044B023B536170476D
:10F9C40053695DF8044B023353617047137C03F0B1
:10F9D40003030029D1D043F00403CEE734540020BC
:10F9E400224BD3F88020D2E90010D368096800685C
:10F9F40010B41842946801EA04012ED0137C03F079
:10FA04000303D9B943F008039908013B11740D2B82
:10FA14000BD8DFE803F00D071C070A160D0D160AB4
:10FA2400071C070D5369013B53615DF8044B704794
:10FA340053695DF8044B01335361704743F0040389
:10FA4400E0E753695DF8044B023B53617047536927
:10FA54005DF8044B023353617047137C03F00303D6
:10FA64000029D1D043F00403CEE700BF3454002072
:10FA7400224BD3F88420D2E90010D36809680068C7
:10FA840010B41842946801EA04012ED0137C03F0E8
:10FA94000303D9B943F008039908013B11740D2BF2
:10FAA4000BD8DFE803F00D071C070A160D0D160A24
:10FAB400071C070D5369013B53615DF8044B704704
:10FAC40053695DF8044B01335361704743F00403F9
:10FAD400E0E753695DF8044B023B53617047536997
:10FAE4005DF8044B023353617047137C03F0030346
:10FAF4000029D1D043F00403CEE700BF34540020E2
:10FB0400224BD3F88820D2E90010D3680968006832
:10FB140010B41842946801EA04012ED0137C03F057
:10FB24000303D9B943F008039908013B11740D2B61
:10FB34000BD8DFE803F00D071C070A160D0D160A93
:10FB4400071C070D5369013B53615DF8044B704773
:10FB540053695DF8044B01335361704743F0040368
:10FB6400E0E753695DF8044B023B53617047536906
:10FB74005DF8044B023353617047137C03F00303B5
:10FB84000029D1D043F00403CEE700BF3454002051
:10FB9400214B1A68D2E90010D3680968006810B4D0
:10FBA4001842946801EA04012ED0137C03F0030385
:10FBB400D9B943F008039908013B11740D2B0BD8F4
:10FBC400DFE803F00D071C070A160D0D160A071CC3
:10FBD400070D5369013B53615DF8044B704753694A
:10FBE4005DF8044B01335361704743F00403E0E7CD
:10FBF40053695DF8044B023B5361704753695DF8E8
:10FC0400044B023353617047137C03F00303002950
:10FC1400D1D043F00403CEE734540020214B5A687A
:10FC2400D2E90010D3680968006810B418429468D7
:10FC340001EA04012ED0137C03F00303D9B943F085
:10FC440008039908013B11740D2B0BD8DFE803F06E
:10FC54000D071C070A160D0D160A071C070D53691C
:10FC6400013B53615DF8044B704753695DF8044BE5
:10FC740001335361704743F00403E0E753695DF8CF
:10FC8400044B023B5361704753695DF8044B0233E4
:10FC940053617047137C03F003030029D1D043F070
:10FCA4000403CEE7345400200B4610B5272800F295
:10FCB4009B81DFE810F0900186017D0174016B01E6
:10FCC40062015901500147013E0135012C01230114
:10FCD4001A0111010801FF00F600ED00E400DB0049
:10FCE400D200C900C000B700AE00A5009C0093007C
:10FCF4008A00810078006E0064005A0050004600BB
:10FD04003C0032002800B94C0422B9492720C4F829
:10FD14009C3011F03FFC012010BDB44C0422B549C5
:10FD24002620C4F8983011F035FC012010BDAF4CEA
:10FD34000422B1492520C4F8943011F02BFC012091
:10FD440010BDAA4C0422AD492420C4F8903011F00F
:10FD540021FC012010BDA54C0422A9492320C4F88C
:10FD64008C3011F017FC012010BDA04C0422A549D1
:10FD74002220C4F8883011F00DFC012010BD9B4CEA
:10FD84000422A1492120C4F8843011F003FC01208D
:10FD940010BD964C04229D492020C4F8803011F0F7
:10FDA400F9FB012010BD914C042299491F20E367FF
:10FDB40011F0F0FB012010BD8C4C042295491E204B
:10FDC400A36711F0E7FB012010BD884C042292497F
:10FDD4001D20636711F0DEFB012010BD834C04225B
:10FDE4008E491C20236711F0D5FB012010BD7F4CE8
:10FDF40004228B491B20E36611F0CCFB012010BDCB
:10FE04007A4C042287491A20A36611F0C3FB01200F
:10FE140010BD764C042284491920636611F0BAFBA4
:10FE2400012010BD714C042280491820236611F072
:10FE3400B1FB012010BD6D4C04227D491720E36500
:10FE440011F0A8FB012010BD684C0422794916204A
:10FE5400A36511F09FFB012010BD644C0422764978
:10FE64001520636511F096FB012010BD5F4C042240
:10FE740072491420236511F08DFB012010BD5B4CE9
:10FE840004226F491320E36411F084FB012010BDA8
:10FE9400564C04226B491220A36411F07BFB012011
:10FEA40010BD524C042268491120636411F072FBA6
:10FEB400012010BD4D4C042264491020236411F02C
:10FEC40069FB012010BD494C042261490F20E36302
:10FED40011F060FB012010BD444C04225D490E204A
:10FEE400A36311F057FB012010BD404C04225A4972
:10FEF4000D20636311F04EFB012010BD3B4C042226
:10FF040056490C20236311F045FB012010BD374CEA
:10FF1400042253490B20E36211F03CFB012010BD85
:10FF2400324C04224F490A20A36211F033FB012012
:10FF340010BD2E4C04224C490920636211F02AFBA7
:10FF4400012010BD294C042248490820236211F0E5
:10FF540021FB012010BD254C042245490720E36103
:10FF640011F018FB012010BD204C04224149062049
:10FF7400A36111F00FFB012010BD1C4C04223E496B
:10FF84000520636111F006FB012010BD0422174C0B
:10FF94003A491046236111F0FDFA012010BD134CBB
:10FFA400042237490320E36011F0F4FA012010BD64
:10FFB4000E4C042233490220A36011F0EBFA012015
:10FFC40010BD0446094804222F494360012011F062
:10FFD400E1FA204610BD054C04222C490020236080
:10FFE40011F0D8FA012010BD002010BD34540020B7
:0CFFF400D5C9000015CC000085CB000032
:02000004600199
:10000000F5CA000065CA0000A1DD000011DD000096
:1000100081DC0000F5DB000069DB0000DDDA0000B8
:1000200051DA0000C5D9000039D90000ADD8000070
:1000300021D8000095D7000009D700007DD6000028
:10004000F1D5000065D50000D9D400004DD40000E2
:10005000C1D3000035D30000A9D200001DD200009A
:1000600091D1000005D1000079D00000EDCF000053
:1000700061CF0000D5CE000049CE0000BDCD00000C
:1000800031CD0000A5CC000049C90000BDDE000054
:1000900031DE00002DE9F04F2DED088B9FED71ABA7
:1000A0009FED729B85B04FF00009044600F11A08DD
:1000B0009FED70BA5FFA89F16F4BC82021701A78F2
:1000C000702300FB023011F0CFF9257805EB4505D0
:1000D00005EBC50505F10A0684ED029B304611F0DB
:1000E000B7F818B13046002111F0BEF905F10B0642
:1000F000304611F0ADF818B13046002111F0B4F9D6
:1001000005F10C06304611F0A3F818B13046002175
:1001100011F0AAF90D35284611F09AF818B12846C1
:10012000002111F0A1F994ED027B87EE0A8BB0EE6D
:10013000480B13F0A3FA84ED0C0BB0EE480B13F050
:1001400025FB257805EB450505EBC50505F10E06F4
:1001500084ED0E0B304684ED049B11F079F818B154
:100160003046002111F080F905F10F06304611F0FC
:100170006FF818B13046002111F076F905F110063C
:10018000304611F065F818B13046002111F06CF9D5
:100190001135284611F05CF818B12846002111F0FD
:1001A00063F92078002700EB4000278300EBC005AF
:1001B00005F11206304611F04BF818B139463046B9
:1001C00011F052F91335284611F042F8002841D1B8
:1001D000142322781B20782184ED0BBA00FB023017
:1001E00011F042F94A46254901A817F0FDF901A985
:1001F000404617F00BFCA0EB08000E281FD826463F
:1002000016F8197B07EB470707EBC707354616F8C3
:1002100001BFA5F1040AAAEB040ABA44504611F042
:1002200017F80346594650469B4501D011F01CF97A
:10023000183D404617F096FE2D1BA842E6DAB9F1AC
:10024000000F02D14FF0010934E705B0BDEC088B77
:10025000BDE8F08F2846002111F006F9B8E700BF8D
:10026000AFF30080F8C1631ADCA54C400000000029
:100270000000000000000000545A0020DC23002091
:10028000034BC8221B7802FB03006430704700BF99
:10029000545A0020C82303FB01006430704700BF9C
:1002A00000000000F8B57B4B00251E7806F1220403
:1002B000240104F10C0010F0CBFFA0F10100764BFB
:1002C000B0FA80F0400983F89804204610F0C0FF8F
:1002D0000346601C63F3070510F0BAFF60F30F25B7
:1002E000A01C10F0B5FF0346E01C63F3174510F0A7
:1002F000AFFF60F31F6507EE905AF4EE677AF1EEF8
:1003000010FA12D1DFED657A07EE105AB4EEE77AF3
:10031000F1EE10FA09DCDFED627AB4EEE77AF1EE85
:1003200010FA02D4B7EEC77A01E09FED587B5D4B1F
:10033000201D002583ED007B10F08AFF0346601D21
:1003400063F3070510F084FF60F30F25A01D10F084
:100350007FFF0346E01D63F3174510F079FF60F35C
:100360001F6507EE905AF4EE677AF1EE10FA12D19B
:10037000DFED4A7A07EE105AB4EEE77AF1EE10FAA2
:1003800009DCDFED477AB4EEE77AF1EE10FA02D439
:10039000B7EEC77A01E09FED3D7B434F002504F1A6
:1003A000080007ED027B10F053FF60F3070504F12E
:1003B000090010F04DFF60F30F2504F10A0010F062
:1003C00047FF034604F10B0063F3174510F040FFAD
:1003D00060F31F6507EE905AF4EE677AF1EE10FABB
:1003E00012D1DFED2E7A07EE105AB4EEE77AF1EE75
:1003F00010FA09DCDFED2A7AB4EEE77AF1EE10FAB2
:1004000002D4B7EEC77A01E09FED207B06F190059C
:10041000264B0024AD00284603ED027B10F018FFA8
:100420000346681C63F3070410F012FF60F30F2407
:10043000A81C10F00DFF0346E81C63F3174410F0EE
:1004400007FF60F31F6407EE904AF4EE677AF1EE5F
:1004500010FA14D1DFED117A07EE104AB4EEE77A04
:10046000F1EE10FA0BDCDFED0E7AB4EEE77AF1EE86
:1004700010FA04D4B7EEC77A87ED007BF8BD9FED84
:10048000037B87ED007BF8BDAFF300800000000028
:1004900000000000545A0020B0490020C2B8B23D0C
:1004A000C2B8B2BD504E0020604E0020704E0020F9
:1004B000814B93ED007B2DE9F041804EF7EEC77B39
:1004C00082B03478CDED017A2234019D2401EDB261
:1004D000204610F0BDFE854203D02946204610F08C
:1004E000C3FF019D671CC5F30725384610F0B0FE19
:1004F000854203D02946384610F0B6FF019DA71C5F
:10050000C5F30745384610F0A3FE854203D02946BF
:10051000384610F0A9FF019D03342D0E204610F03F
:1005200097FE854203D02946204610F09DFF644D7A
:10053000347815ED027B2234F7EEC77B240104F1F9
:100540000408CDED017A019F404610F081FEFFB214
:10055000874203D03946404610F086FF019F04F1E0
:100560000508C7F30727404610F072FE874203D004
:100570003946404610F078FF019F04F10608C7F3A2
:100580000747404610F064FE874203D03946404694
:1005900010F06AFFE71D019C240E384610F058FE4B
:1005A000844203D02146384610F05EFF454B347834
:1005B00013ED027B2234F7EEC77B240104F1080817
:1005C000CDED017A019F404610F042FEFFB2874216
:1005D00003D03946404610F047FF019F04F1090857
:1005E000C7F30727404610F033FE874203D0394651
:1005F000404610F039FF019F04F10A08C7F307478E
:10060000404610F025FE874203D03946404610F0A0
:100610002BFF04F10B07019C240E384610F018FE46
:10062000844203D02146384610F01EFF347895ED01
:10063000007B9034F7EEC77BA4002046CDED017A15
:1006400010F006FE019DEDB2854203D029462046FA
:1006500010F00AFF019D671CC5F30725384610F00E
:10066000F7FD854203D02946384610F0FDFE019D76
:10067000A71CC5F30745384610F0EAFD854203D0B4
:100680002946384610F0F0FE019D03342D0E204619
:1006900010F0DEFD854203D02946204610F0E4FE2E
:1006A0003078094B000193F8981400F50B7002B0F4
:1006B000BDE8F04110F0D8BE504E0020545A002042
:1006C000604E0020704E0020B04900202DE9F84314
:1006D000184BC0EB0016024617491E44304616F070
:1006E00083FF304617F03EFC0E2821D8134B771EAF
:1006F00093F8008008EB880808EB88084FEAC808E0
:100700003C4617F8019F04F1F2054544AD1B28460D
:1007100010F09EFD034649462846994501D010F049
:10072000A3FE0234304617F01DFCA41BA042E7DAFA
:10073000BDE8F883C7490020001F0020545A00205C
:10074000000000009FEDCC4A00232DE9F04FCB4D77
:10075000F0EE443AB0EE443A8046F0EE442A05F515
:10076000A470B0EE442A85F87834F0EE441A0026DE
:10077000B0EE441A0027F0EE440AB0EE440A2DED24
:10078000048BE1B00EF02CF92B4605F1480218332A
:10079000C3E96667C3E96867C3E96A679342F6D14C
:1007A000B74B4FF000090022A5F8309385F832933B
:1007B00085F8609485F8709485F88F9485F8909406
:1007C0005A62C5E9CE67C5E9A267C5E9A467C5E96C
:1007D000A66743E90267AB4F3C7804EB840404EB63
:1007E0008404E40004F59476304610F031FDA0F165
:1007F0000100B0FA80F0400918B1B8F1000F40F0E4
:100800004581B8F1010F00F04C81002800F04981CA
:10081000002604F5827010F01BFD002760F3070628
:1008200004F2051010F014FD4FF0000860F30F26DD
:1008300004F5837010F00CFD4FF0000A60F31746CA
:1008400004F2071010F004FD4FF0000B60F31F6678
:1008500004F5847010F0FCFC60F3070704F2091043
:100860004FF0000910F0F4FC60F30F2704F58570D9
:1008700010F0EEFC60F3174704F20B1010F0E8FCE8
:1008800060F31F6704F5867010F0E2FC60F3070860
:1008900004F20D1010F0DCFC60F30F2804F58770F3
:1008A00010F0D6FC60F3174804F20F1010F0D0FCE3
:1008B00060F31F6804F5887010F0CAFC60F3070A43
:1008C00004F2111010F0C4FC60F30F2A04F58970D3
:1008D00010F0BEFC60F3174A04F2131010F0B8FCDD
:1008E00060F31F6A04F58A7010F0B2FC60F3070B26
:1008F00004F2151010F0ACFC60F30F2B04F58B70B4
:1009000010F0A6FC60F3174B04F2171010F0A0FCD7
:1009100060F31F6B04F58C7010F09AFC002360F3F9
:10092000070304F219100693049310F091FC049B42
:1009300060F30F2304F58D700693049310F088FC88
:10094000049B60F3174304F21B100693049310F00A
:100950007FFC049B60F31F6304F58E70CDE90A33BE
:1009600010F076FC002260F3070204F21D100692DC
:10097000049210F06DFC049A60F30F2204F58F705E
:100980000692049210F064FC049A60F3174204F299
:100990001F100692049210F05BFC049A60F31F6231
:1009A00004F59070CDE9082210F052FC002160F3AC
:1009B000070104F221100691049110F049FC0499FA
:1009C00060F30F2104F591700691049110F040FC42
:1009D000049960F3174104F223100691049110F07A
:1009E00037FC049960F31F6104F59270069104913D
:1009F00010F02EFC60F3070904F2251010F028FC1B
:100A000060F30F2904F5937010F022FC60F317498E
:100A100004F2271010F01CFC0499089A60F31F6977
:100A20000A9B03EE901A03EE102A02EE10BA02EEB1
:100A3000903A01EE90AA04EE109A01EE108A00EEB0
:100A4000907A00EE106A10480DF0CAFF0E480DF0C3
:100A5000F7FF0C4B1C782034240104F10C0010F03B
:100A6000F7FB012800F0F780012385F8783461B0A6
:100A7000BDEC048BBDE8F08F00000000B049002001
:100A8000204E0020545A0020F84A002049463046A3
:100A900010F0EAFC38784946000100F5037010F0C8
:100AA000E3FCD64806F022FBD54B48B3D5489FED72
:100AB000C58B93ED027B9FEDC59BB0EE483BB4EE3A
:100AC000C87BB0EE481BB0EE480BF1EE10FA28FEE2
:100AD000099BB0EE492B0EF0B9FBB0EE483BB0EEEF
:100AE000481BC8489FEDBB0B39EE002B0EF0AEFB48
:100AF000C44861B0BDEC048BBDE8F04F0EF06EB998
:100B000093ED027B9FEDB56BB7EE008B95F814313A
:100B1000B5EEC07B27EE066BBFEE005BF1EE10FA80
:100B20008DED0C6B28FE058B4BB1B0EEC77BB2EEA2
:100B3000045BB4EEC57BF1EE10FA00F36581AB7D8A
:100B4000002144A8012B9FEDA32B9FEDA61B9FED39
:100B50009D0B00F0F6800AF0B1FC44A914A89DEDAD
:100B60000C0B0AF0D3FC14A80AF068FB20EE081B5B
:100B700014A88DED041B0AF065FB20A820EE082BBD
:100B80009DED041B9FED8F0B0AF014FE002152A86F
:100B90009FED962B9FED931B9FED8A0B0AF08EFC29
:100BA00052A92CA89DED0C0B0AF0B0FC2CA80AF061
:100BB00045FB20EE081B2CA88DED041B0AF042FB20
:100BC00020EE082B38A89DED041B9FED7E0B0AF04C
:100BD000F1FD44A80AF0EAFD44A8B0EE408B0AF00B
:100BE000D3FD20A88DED060B0AF018FF20A88DED8F
:100BF000040B0AF009FF8348B0EE403BB0EE480B0F
:100C00009DED042B9DED061B0EF020FB52A80AF073
:100C1000CDFD52A8B0EE408B0AF0B6FD38A88DEDA0
:100C2000060B0AF0FBFE38A88DED040B0AF0ECFE73
:100C3000B0EE403BB0EE480B72489DED042B9DEDAD
:100C4000061B0EF003FB6F480EF0C8F861B0BDEC58
:100C5000048BBDE8F08F2046002610F0F9FA034619
:100C6000601C4FF0000863F3070610F0F1FA00274C
:100C700060F30F26A01C10F0EBFA0346E01C63F3B0
:100C8000174610F0E5FA60F31F66201D10F0E0FA39
:100C900060F30708601D10F0DBFA60F30F28A01D59
:100CA00010F0D6FA60F31748E01D10F0D1FA60F3A7
:100CB0001F6804F1080010F0CBFA60F3070704F195
:100CC000090010F0C5FA60F30F2704F10A0010F0D4
:100CD000BFFA60F3174704F10B0010F0B9FA07EE02
:100CE000906A06EE908A60F31F67F5EE407AB7EEE1
:100CF000E77AB7EEE65AF1EE10FAF5EE406A06EE44
:100D0000907A85EDA27B07EE907A0CBF0123002339
:100D1000F1EE10FAF5EE407A03F00103B7EEE66A61
:100D200018BF0023F1EE10FA03F0010318BF0023EF
:100D300083F0010385EDA45B85EDA66B85F8903407
:100D400092E60AF0BBFB44A914A89DED0C0B0AF037
:100D5000DDFB14A80AF072FA20EE081B14A89FED20
:100D6000259B8DED041B0AF06DFAB0EE492B20A8EF
:100D7000A0EE082B9DED041B9FED120B0AF01AFD4F
:100D8000002152A89FED192B9FED161B9FED0D0B17
:100D90000AF094FB52A92CA89DED0C0B0AF0B6FBAF
:100DA0002CA80AF04BFA20EE081B2CA88DED041B92
:100DB0000AF048FAB0EE492BA0EE082B02E700BF7C
:100DC000AFF300800000000000000000182D445424
:100DD000FB210940182D4454FB21F93F399D52A2B3
:100DE00046DF913F182D4454FB21E93FD221337F48
:100DF0007CD91240182D4454FB21F9BFB049002082
:100E000070490020F84A0020B0EEC66B0EAC0B49CA
:100E100020468DED0C6B02F011FA10AB0FCB8DE874
:100E20000F000CA894E80C0009F06CFF9DED0C7B02
:100E300027EE087B8DED0C7B81E600BFB0490020DA
:100E40000000000010B59FED1D7B82B0214C0022F8
:100E5000694620468DED007B0EF0DCFFC8B1A4F59D
:100E6000A4739FED184B9DED007B9FED185B94EDF7
:100E7000506B27EE047BB5EE406B27EE057BF1EE61
:100E800010FAB7EEC77B84EDD37A04D0024683F81C
:100E9000902402B010BD93EDA47BB5EE407BF1EE43
:100EA00010FAF3D193EDA67BB5EE407BF1EE10FA8C
:100EB00014BF01220022EAE7AFF300800000000027
:100EC00000000000F8C1631ADCA54C4000000000DF
:100ED0000020AC40F84A00202DE9F04F0E4C4FF4B2
:100EE0009473C8200D4F227899B097F8781400FBBE
:100EF000023000230F9310931193129313931493C2
:100F000015931693179310F0AFFA97F87834002BD7
:100F100040F0F68204E000BF545A0020B04900209F
:100F200025780F9E05EB85055FFA86F805EB8505AC
:100F3000ED0005F58279484610F08AF9804503D026
:100F40004146484610F090FA05F20519C6F3072805
:100F5000484610F07DF9804503D04146484610F0E0
:100F600083FA05F58379C6F30748484610F070F90F
:100F7000804503D04146484610F076FA05F2071541
:100F8000360E284610F064F9864203D031462846D2
:100F900010F06AFA2578109E05EB85055FFA86F851
:100FA00005EB8505ED0005F58479484610F050F90C
:100FB000804503D04146484610F056FA05F209191B
:100FC000C6F30728484610F043F9804503D0414650
:100FD000484610F049FA05F58579C6F307484846B2
:100FE00010F036F9804503D04146484610F03CFAEF
:100FF00005F20B15360E284610F02AF9864203D06A
:101000003146284610F030FA2578119E05EB85050B
:101010005FFA86F805EB8505ED0005F5867948460B
:1010200010F016F9804503D04146484610F01CFAEE
:1010300005F20D19C6F30728484610F009F9804556
:1010400003D04146484610F00FFA05F58779C6F3FC
:101050000748484610F0FCF8804503D04146484612
:1010600010F002FA05F20F15360E284610F0F0F8CF
:10107000864203D03146284610F0F6F92578129EB4
:1010800005EB85055FFA86F805EB8505ED0005F5AE
:101090008879484610F0DCF8804503D04146484640
:1010A00010F0E2F905F21119C6F30728484610F0CE
:1010B000CFF8804503D04146484610F0D5F905F5F4
:1010C0008979C6F30748484610F0C2F8804503D036
:1010D0004146484610F0C8F905F21315360E284669
:1010E00010F0B6F8864203D03146284610F0BCF91D
:1010F0002578139E05EB85055FFA86F805EB8505D7
:10110000ED0005F58A79484610F0A2F8804503D035
:101110004146484610F0A8F905F21519C6F307280C
:10112000484610F095F8804503D04146484610F0F7
:101130009BF905F58B79C6F30748484610F088F807
:10114000804503D04146484610F08EF905F2171548
:10115000360E284610F07CF8864203D031462846E9
:1011600010F082F92578149E05EB85055FFA86F864
:1011700005EB8505ED0005F58C79484610F068F81B
:10118000804503D04146484610F06EF905F2191922
:10119000C6F30728484610F05BF8804503D0414667
:1011A000484610F061F905F58D79C6F307484846C1
:1011B00010F04EF8804503D04146484610F054F9EF
:1011C00005F21B15360E284610F042F8864203D071
:1011D0003146284610F048F92578159E05EB85051F
:1011E0005FFA86F805EB8505ED0005F58E79484632
:1011F00010F02EF8804503D04146484610F034F9EF
:1012000005F21D19C6F30728484610F021F880455D
:1012100003D04146484610F027F905F58F79C6F30B
:101220000748484610F014F8804503D04146484628
:1012300010F01AF905F21F15360E284610F008F8BE
:10124000864203D03146284610F00EF92578169EC6
:1012500005EB85055FFA86F805EB8505ED0005F5DC
:10126000907948460FF0F4FF804503D04146484648
:1012700010F0FAF805F22119C6F3072848460FF0D6
:10128000E7FF804503D04146484610F0EDF805F5EC
:101290009179C6F3074848460FF0DAFF804503D03E
:1012A0004146484610F0E0F805F22315360E284670
:1012B0000FF0CEFF864203D03146284610F0D4F816
:1012C0002578179E05EB85055FFA86F805EB850501
:1012D000ED0005F5927948460FF0BAFF804503D03E
:1012E0004146484610F0C0F805F22519C6F3072814
:1012F00048460FF0ADFF804503D04146484610F008
:10130000B3F805F59379C6F3074848460FF0A0FFF8
:10131000804503D04146484610F0A6F805F227154F
:10132000360E28460FF094FF864203D031462846F9
:1013300010F09AF897F87864002E3ED097EDA27BD3
:1013400097EDA46BB5EE407BF1EE10FA28D097ED47
:10135000A65BF7EEC55B0126F7EEC66BF7EEC77B23
:1013600015EE903ADAB217EE907A0892C3F307229C
:10137000F9B2C7F3072B0992C3F307421B0EC7F359
:10138000074A0A923F0E0B9316EE903AC3F30742B8
:101390005FFA83F9C3F307281B0E0C920D9318E034
:1013A000B5EE406B97EDA65BF1EE10FAD1D1B5EE3C
:1013B000405BF1EE10FACCD100263746B246B34678
:1013C0003146B046B146CDE90C66CDE90A66CDE9B5
:1013D00008662578079120352D0128460FF038FF43
:1013E0000799884202D0284610F03EF86B1C184638
:1013F00007930FF02DFF584504D0079B5946184618
:1014000010F032F805F1020B58460FF021FF50455D
:1014100003D05146584610F027F8033528460FF000
:1014200017FFB84203D03946284610F01DF825783A
:1014300020352D012F1D38460FF00AFF484503D0F7
:101440004946384610F010F86F1D38460FF000FF7F
:10145000404503D04146384610F006F8AF1D3846E7
:101460000FF0F6FE0C9B984203D0194638460FF059
:10147000FBFF073528460FF0EBFE0D9B984203D08B
:10148000194628460FF0F0FF257820352D0105F18B
:10149000080738460FF0DCFE089B984203D0194637
:1014A00038460FF0E1FF05F1090738460FF0D0FE8E
:1014B000099B984203D0194638460FF0D5FF05F135
:1014C0000A0738460FF0C4FE0A9B984203D019461B
:1014D00038460FF0C9FF0B3528460FF0B9FE0B9BBD
:1014E000984203D0194628460FF0BEFF20783146B7
:1014F000000100F503700FF0B7FF19B0BDE8F08FE1
:1015000017A916AB15AA07F5A470CDE9043114ABE1
:1015100013A9CDE9023212AA11ABCDE9002110AA1C
:101520000FA90DF01DFAFBE410B5144C0022D4F8FD
:101530006C372046C4F8E826C4F8383705F0D6FDE5
:1015400004F5E56300280E48BBEE046A04F22C7231
:101550009FED0C7A186004F5EF63DFED0B7A04F26F
:101560007C74DFED0A6A07FE067A094947FEA67A0F
:1015700083ED007A1160C4ED007A10BDB0490020FF
:10158000000034C30000B4C2000087430000B4422E
:1015900000003443074B93F87C2693F8F8150AB102
:1015A00041F00201044AC820C723127800FB023030
:1015B0000FF05ABFB0490020545A00202DE9F843DB
:1015C000814D824C2E7806EB860606EB8606F600E9
:1015D00006F1D00948460FF03BFE94F8287603B296
:1015E000013F03EB8303FFB203EB8303032F4FEAB7
:1015F0008303C4F8183600F2E380754A52F82720B6
:10160000C72B76D9934294BF4FF000084FF00108E2
:10161000B8F1000F6DD1D13684F81C8630460FF03A
:1016200017FE032F02B202EB820202EB82024FEAA4
:101630008202C4F8102600F2C580654B53F82730AB
:10164000934278D3C72A8CBF00270127002F72D17D
:101650002A78DE23C82684F8147616FB0236304634
:101660000FF0F6FD94F8682603B2013A03EB83030A
:10167000D2B203EB8303032A4FEA8303C4F858363C
:1016800002D8534951F82270C72B76D99F422CBFFC
:1016900000270127002F70D12A78DF23C82584F87E
:1016A0005C7615FB023528460FF0D2FD94F86826CB
:1016B00003B2013A03EB8303D2B203EB8303032AA1
:1016C0004FEA8303C4F8503602D8414951F82270DA
:1016D000C72B01D99F4207D24FF47A730A212846BB
:1016E000C4F850360FF0C0FE002384F85436BDE82D
:1016F000F8834FF47A730A214846C826C4F818368E
:101700000FF0B2FED1222978002316FB012684F8BF
:101710001C3630460FF09CFD94F8287602B2013F4B
:1017200002EB8202FFB202EB8202032F4FEA820237
:10173000C4F8102681D94FF47A7330460A21C8269E
:10174000C4F810360FF090FEDE222978002316FB35
:10175000012684F8143630460FF07AFD94F8682696
:1017600003B2013A03EB8303D2B203EB8303032AF0
:101770004FEA8303C4F8583683D94FF47A730A21A9
:101780003046C4F858360FF06FFE2978DF22C8259E
:10179000002315FB012584F85C3628460FF058FD20
:1017A00094F8682603B2013A03EB8303D2B203EB49
:1017B0008303032A4FEA8303C4F8503685D98BE7A5
:1017C00000221DE743463BE7545A0020B049002061
:1017D0007C1D00202DE9F047DFF81883C44D98F8F0
:1017E000007007EB870404EB8404E40004F1D20AE0
:1017F00004F1D30950460FF02BFDC6B248460FF056
:1018000027FD60F30F26B6B2B6F57A7F80F0D3805D
:10181000C5F8206604F1E00A04F1E10950460FF032
:1018200017FDC6B248460FF013FD60F30F26B6B29F
:10183000B6F57A7F80F01C81C5F8606604F1D500AA
:101840000FF006FDA0F11003302B00F20281C5F865
:10185000240604F1E3000FF0FBFCA0F11003302B91
:1018600000F2E880C5F86406C8264FF0000907FBBF
:101870000666002730460FF0EBFC60F30707701C8C
:101880000FF0E6FC60F30F27B01C0FF0E1FC60F3F3
:101890001747F01C0FF0DCFC60F31F6704F1CC006D
:1018A00085F80096C5F8FC750FF0D2FCC6B204F1BD
:1018B000CD000FF0CDFC04F1CE0760F30F2685F8C4
:1018C00008963846B6B2C5F804660FF0C1FC431E50
:1018D000DBB2072B00F2998085F80906002704F196
:1018E000CF0085F80A760FF0B3FCC01B85F80C76A4
:1018F0003E4618BF012085F80B0604F1D4000FF016
:10190000A7FCC01B85F80E7618BF012085F80D06D0
:1019100004F1D6000FF09CFC60F3070604F1D70039
:101920000FF096FC60F30F2604F1D8000FF090FC46
:1019300060F3174604F1D9000FF08AFC60F31F66CC
:1019400004F1DA0085F84076C5F83C660FF080FCBB
:10195000C6B204F1DB000FF07BFC85F8487660F33B
:101960000F2604F1DC07B6B23846C5F844660FF01E
:101970006FFC431EDBB2072B33D885F849060026DF
:1019800004F1DD0085F84A660FF062FC034604F1BD
:10199000E20085F84C669B1B18BF012385F84B3687
:1019A0000FF056FC801B85F84E6618BF012085F8A5
:1019B0004D06BDE8F08700245046C5F820460FF0DC
:1019C00047FC002840F0898048460FF041FC002881
:1019D00077D198F8007007EB870404EB8404E400E7
:1019E00018E70426384685F849660FF031FCB04206
:1019F000C5D0314638460FF037FD98F8004004EB6B
:101A0000840404EB8404E400B9E70426384685F82E
:101A100009660FF01DFCB0423FF460AF3146384616
:101A20000FF022FD98F8004004EB840404EB8404DA
:101A3000E40053E7102104F1E000C5F864160FF04C
:101A400013FD98F8007007EB870404EB8404E400AE
:101A50000AE7102104F1D200C5F824160FF004FDA6
:101A600098F8007007EB870404EB8404E400F0E6C8
:101A700000245046C5F860460FF0EAFBB8B9484666
:101A80000FF0E6FB38B998F8007007EB870404EB19
:101A90008404E400D2E6002148460FF0E5FC98F803
:101AA000007007EB870404EB8404E400C6E65046AC
:101AB00021460FF0D9FC48460FF0CAFB0028E2D0BF
:101AC000E9E7002148460FF0CFFC98F8007007EBDB
:101AD000870404EB8404E4009CE6504621460FF0A2
:101AE000C3FC48460FF0B4FB00283FF472AFE8E7B0
:101AF000B0490020545A002000000000F0B5D54C39
:101B000003252DED028B83B00190FFF763FE0022C9
:101B10000199204606F052F994F80936782094F895
:101B20000D7608EE103A84F828560FF059FE4FF063
:101B3000FF329FEDC90A064609210CF007F9012181
:101B40002846C4F834660FF0F9FA012128460FF050
:101B5000B9FA012102200FF0F1FA012116200FF04D
:101B6000EDFA012109200FF0E9FA002102200FF01F
:101B7000A9FA002116200FF0A5FA012109200FF083
:101B8000A1FAB6480AF0B4FF02210C200FF0D6FAF1
:101B9000D4F834060CF0C6FAD4F834060CF02CF95C
:101BA000FF21D4F834060CF0C5FAD4F8340602212B
:101BB0000368DB6A98470521D4F834060BF078FCFB
:101BC000D4F8340605210368DB699847D4F8340655
:101BD000294603685B6998473946D4F834060BF008
:101BE000A7FC3946D4F834060BF0BCFC4021D4F8ED
:101BF00034060CF0A9FA0121D4F834060BF06AFC83
:101C000094F928365A1ED2B2AA4240F2D280B8EED7
:101C1000C81BB0EE000B11F055FF03200021074652
:101C20000FF050FA94F84936782094F84D6608EE93
:101C3000103A84F868760FF0D3FD4FF0FF329FED35
:101C4000860A05460A210CF081F801210520C4F816
:101C500074560FF073FA012105200FF033FA0121B9
:101C600004200FF06BFA012114200FF067FA012114
:101C70000A200FF063FA002104200FF023FA00215C
:101C800014200FF01FFA01210A200FF01BFA7348ED
:101C90000AF02EFF02210C200FF050FAD4F874063F
:101CA0000CF040FAD4F874060CF0A6F8FF21D4F832
:101CB00074060CF03FFAD4F8740602210368DB6A5C
:101CC00098470521D4F874060BF0F2FBD4F874069B
:101CD00005210368DB699847D4F874063946036820
:101CE0005B6998473146D4F874060BF021FC314605
:101CF000D4F874060BF036FC4021D4F874060CF0CE
:101D000023FA0121D4F874060BF0E4FB94F9683649
:101D10005A1ED2B2BA423DD9B8EEC81BB0EE000B83
:101D200011F0D0FE002105200FF0CCF9FFF746FCA2
:101D300094F928365A1ED2B2032A21D84848023BC9
:101D4000D4F8181650F82220914228BF1146022BD1
:101D500000F29D81DFE813F044013201030007EE39
:101D6000901AD4F83806B8EEE77B9FED385B87EE23
:101D7000056BBCEEC66B16EE103A99B20BF04EFF37
:101D800094F968365A1ED2B2032A20D903B0BDECAA
:101D9000028BF0BD3249023B51F82210C82928BFFE
:101DA000C821022B00F26C81DFE813F0E000BD00D7
:101DB000F4002B49023B51F82210C82928BFC82142
:101DC000022B00F27281DFE803F086639A00244858
:101DD000023BD4F8581650F82220914228BF1146F1
:101DE000022B00F25981DFE803F018023D0007EEF4
:101DF000901AD4F87406B8EEE77B9FED145B87EE7B
:101E0000056BBCEEC66B16EE103A99B203B0BDEC92
:101E1000028BBDE8F0400BF02FBE07EE901AD4F80D
:101E20007006B8EEE77B9FED095B87EE056BBCEEB5
:101E3000C66B16EE103A99B203B0BDEC028BBDE84A
:101E4000F0400CF0B3B800BFAFF30080CD3B7F662D
:101E50009EA0F63FB04900209A99993D7832002023
:101E60007C1D002007EE901AD4F87806B8EEE77BC8
:101E70009FED925B87EE056BBCEEC66B16EE103ADB
:101E800099B203B0BDEC028BBDE8F0400BF0C6BECA
:101E900007EE901AD4F83406B8EEE77B9FED875B27
:101EA00087EE056BBCEEC66B16EE103A99B20BF0DE
:101EB000E3FD94F92856B8EEC81BB0EE000B11F004
:101EC00001FE6B1EBDEEC00B032B3FF6A6AEDFE896
:101ED00003F0D0C8C0B807EE901AD4F83006B8EEB8
:101EE000E77B9FED765B87EE056BBCEEC66B16EE6F
:101EF000103A99B20CF05AF894F92856DBE707EE3D
:101F0000901AD4F83806B8EEE77B9FED6C5B87EE4D
:101F1000056BBCEEC66B16EE103A99B20BF07EFE66
:101F200094F92856C7E707EE901AD4F87406B8EE6D
:101F3000E77B9FED625B87EE056BBCEEC66B16EE32
:101F4000103A99B20BF098FD94F96856B8EEC81B98
:101F5000B0EE000B11F0B6FD6B1EBDEEC00B032BF7
:101F60003FF6E0AEDFE803F0665E564E07EE901AED
:101F7000D4F87006B8EEE77B9FED505B87EE056BFB
:101F8000BCEEC66B16EE103A99B20CF00FF894F94D
:101F90006856DBE707EE901AD4F87806B8EEE77BD0
:101FA0009FED465B87EE056BBCEEC66B16EE103AF6
:101FB00099B20BF033FE94F96856C7E707EE901A12
:101FC000D4F83406B8EEE77B9FED3C5B87EE056BFB
:101FD000BCEEC66B16EE103A99B20BF04DFDCFE693
:101FE00007EE901AD4F83006B8EEE77B9FED335B2E
:101FF00087EE056BBCEEC66B16EE103A99B20BF08D
:10200000D5FFBDE610EE103AD4F8780699B20BF081
:1020100061FE87E610EE103AD4F8740699B20CF01F
:102020003DF87FE610EE103AD4F8700699B20CF045
:1020300035F877E610EE101AD4F86C060AF09CFF1B
:1020400070E610EE103AD4F8380699B20BF042FE62
:10205000E3E510EE103AD4F8340699B20CF01EF80D
:10206000DBE510EE103AD4F8300699B20CF016F811
:10207000D3E510EE101AD4F82C060AF07DFFCCE55B
:10208000D4F86C060AF066FE94F968565EE7D4F858
:102090002C060AF05FFE73E6D4F86C0603B0BDECC4
:1020A000028BBDE8F0400AF055BED4F82C060AF0C9
:1020B00051FE94F92856FEE6AFF30080CD3B7F66D3
:1020C0009EA0F63F70B58D4C257805EB850505EB98
:1020D0008505ED0005F1D20630460FF0B9F818B1CC
:1020E000002130460FF0C0F9D33528460FF0B0F884
:1020F00018B1002128460FF0B7F9D5232078C8255C
:10210000102105FB00300FF0AFF9237803FB0555D4
:1021100028460FF09DF8402803D0402128460FF0B4
:10212000A3F96E1C30460FF093F8772803D077217F
:1021300030460FF099F9AE1C30460FF089F81B2895
:1021400003D01B2130460FF08FF9033528460FF0DE
:102150007FF818B1002128460FF086F9257805EBA5
:10216000850505EB8505ED0005F1CC0630460FF041
:102170006FF8C82803D0C82130460FF075F9CD3567
:1021800028460FF065F818B1002128460FF06CF9C9
:10219000C825CE232078042105FB00300FF064F918
:1021A000CF232078002105FB00300FF05DF9D1230B
:1021B00020780A2105FB00300FF056F9D023207853
:1021C0000A2105FB00300FF04FF92078D4230021BD
:1021D00005FB00300FF048F9257805EB850505EB88
:1021E0008505ED0005F1D20630460FF031F818B143
:1021F000002130460FF038F9D33528460FF028F883
:1022000018B1002128460FF02FF92278E323C820C7
:10221000102100FB02300FF027F9257805EB85052A
:1022200005EB8505ED0005F1D60630460FF010F8F8
:10223000402803D0402130460FF016F905F1D706AB
:1022400030460FF005F8772803D0772130460FF09D
:102250000BF905F1D80630460EF0FAFF1B2803D023
:102260001B2130460FF000F9D93528460EF0F0FF5B
:1022700018B1002128460FF0F7F8257805EB850501
:1022800005EB8505ED0005F1DA0630460EF0E0FFBE
:10229000C82803D0C82130460FF0E6F8DB352846C1
:1022A0000EF0D6FF18B1002128460FF0DDF8C82542
:1022B0002078DC23042105FB00300FF0D5F82078CE
:1022C000DD23002105FB00300FF0CEF82078DF235E
:1022D0000A2105FB00300FF0C7F82078DE230A2121
:1022E00005FB00300FF0C0F82078E223002105FB49
:1022F0000030BDE870400FF0B7B800BF545A00205E
:10230000F8B5AD4CC8256427AC4E2078FEF7DEF951
:102310002078012105FB00700FF0A6F86FF009028C
:102320005B2320787621C6E94A23852305FB00300C
:102330000FF09AF88623207896F82C1105FB0030D0
:102340000FF092F898232078002105FB00300FF061
:102350008BF899232078002105FB00300FF084F8DA
:102360009A232078782105FB00300FF07DF89B231D
:102370002078B52105FB00300FF076F806F5947053
:1023800003F0A8F96F232078002105FB00300FF03F
:102390006BF89C232078002105FB00300FF064F8D7
:1023A0006E232078002105FB00300FF05DF87A23C2
:1023B0002078394605FB00300FF056F87B23207853
:1023C000042105FB00300FF04FF87C23207810210A
:1023D00005FB00300FF048F87D232078402105FBF5
:1023E00000300FF041F880232078032105FB0030F6
:1023F0000FF03AF8257805EB850505EB8505ED002E
:1024000005F17E0738460EF023FF582803D05821E7
:1024100038460FF029F87F3528460EF019FF0228BC
:1024200003D0022128460FF01FF822788123C8200C
:102430000A2100FB02300FF017F8257805EB85051F
:1024400005EB8505ED0005F1BC0738460EF000FFF1
:10245000592803D0592138460FF006F805F1BD0779
:1024600038460EF0F5FE792803D0792138460EF073
:10247000FBFF05F1BE0738460EF0EAFEF32803D055
:10248000F32138460EF0F0FFBF3528460EF0E0FE8F
:1024900018B1002128460EF0E7FFC8254FF49473C9
:1024A0002078002105FB00300EF0DEFF20786D2340
:1024B000002105FB00300EF0D7FF257805EB8505E0
:1024C00005EB8505ED0005F1900738460EF0C0FEDE
:1024D00018B1002138460EF0C7FF05F191073846C4
:1024E0000EF0B6FE18B1002138460EF0BDFF05F122
:1024F000920738460EF0ACFE18B1002138460EF0B7
:10250000B3FF933528460EF0A3FE18B100212846EC
:102510000EF0AAFF257805EB850505EB8505ED0096
:1025200005F1940738460EF093FE18B100213846A5
:102530000EF09AFF05F1950738460EF089FE18B1A6
:10254000002138460EF090FF05F1960738460EF050
:102550007FFE18B1002138460EF086FF97352846D9
:102560000EF076FE18B1002128460EF07DFFC8253A
:10257000A52320780021002705FB00300EF074FF12
:10258000C7232078022105FB00300EF06DFFFFF716
:1025900099FD22787123A6F8147186F8167115FB3F
:1025A000023528460EF054FE00B9F8BD39462846DB
:1025B000BDE8F8400EF058BF545A0020B049002042
:1025C000002038B504460EF043FE0346012063F3B5
:1025D00007040EF03DFE0346022063F30F240EF0C5
:1025E00037FE0346032063F317440EF031FE294BF8
:1025F00060F31F649C4228D000242046013400214F
:102600000EF032FFB4F5876FF7D1234D0024234835
:10261000FDF740FD2C70FFF773FE01232B70FFF7D1
:102620006FFE20462C700EF013FE6A2828D1012080
:102630000EF00EFE542819D102200EF009FE0228D9
:102640000AD103200EF004FE00B938BD002103209A
:10265000BDE838400EF008BF022108460EF004FF26
:1026600003200EF0F5FD0028EFD0EFE75421012004
:102670000EF0FAFE02200EF0EBFD0228E1D0EBE7AF
:102680006A2120460EF0F0FE01200EF0E1FD5428F4
:10269000D2D0EBE76A540200545A0020704900205F
:1026A000000000002DE9F84F904F0025904E3C7837
:1026B00004EB840404EB8404E40004F1E60B04F16D
:1026C000F0000EF0C5FD04F1E70A86F87D065846D5
:1026D0000EF0BEFD60F3070504F1E80950460EF068
:1026E000B7FD60F30F2504F1E90848460EF0B0FD90
:1026F00060F3174540460EF0ABFD60F31F6506F52D
:10270000D06307EE905A9FED756BB8EEE77B27EE2E
:10271000067BB5EEC07B83ED007BF1EE10FA77D936
:102720009FED706BB4EEC67BF1EE10FA70DC002505
:1027300004F1EA0004F1EB0904F1EC0B86F8885689
:102740000EF086FD401B86F88A5604F1ED0A04F16E
:10275000EE0818BF012086F8890648460EF078FD7D
:1027600060F3070558460EF073FD60F30F255046E1
:102770000EF06EFD60F3174540460EF069FD60F304
:102780001F655C4B07EE905A9FED546BB8EEE77BEC
:1027900027EE067BB5EEC07B83ED007BF1EE10FAF1
:1027A00006D99FED506BB4EEC67BF1EE10FA1FDD3B
:1027B00048460EF04DFDDC2840F0848058460EF06F
:1027C00047FD052851D150460EF042FD002842D168
:1027D00040460EF03DFD002838D13C780022464BA3
:1027E00004EB8404434904EB8404E400C1E90023BE
:1027F000002504F1EF0086F8A8560EF029FD401BD5
:1028000086F8AA5618BF012086F8A906BDE8F88FF9
:1028100058460EF01DFDDC284AD150460EF018FD3A
:1028200005283BD148460EF013FD68BB40460EF02C
:102830000FFD20BB3C7800222F4B04EB84042F4972
:1028400004EB8404C1E90023E40070E70021404662
:102850000EF00AFEC1E7504600210EF005FE40468C
:102860000EF0F6FC0028B8D0F0E7584605210EF02F
:10287000FBFD50460EF0ECFC0028A9D0EBE7002150
:1028800040460EF0F1FDD5E7484600210EF0ECFD84
:1028900040460EF0DDFC0028CCD0F0E75046052184
:1028A0000EF0E2FD48460EF0D3FC0028BED0EBE768
:1028B0005846DC210EF0D8FD50460EF0C9FC052824
:1028C000B0D0EBE74846DC210EF0CEFD58460EF0C6
:1028D000BFFC05283FF477AFC7E700BF7B14AE47C6
:1028E000E17A843F000000000020AC40545A0020F0
:1028F000B04900205050002000002E4030500020F1
:102900002DE9F843FFF7CEFE1C200EF069FF494F7A
:10291000044602211920DFF82C810EF00FFC022161
:102920001B200EF00BFCD7F89C61D7F8BC5100239C
:1029300041494FF4FA6ED7F890C1A6606361E56033
:102940003E4B4868D8F80020C4F800C0A3FB023210
:10295000920C0EFB02F2D7F8B0E1C4F804E04B6829
:102960001B1A9A42FBD8DCF800302146DEF8002022
:1029700019201E424FF4FA6914BF012300231542A7
:102980002F4D18BF43F002032374FDF78FF9214642
:1029900020761B20FDF78AF9237EC5F89C46184453
:1029A00020761C200EF01CFF022104461F200EF092
:1029B000C5FB022121200EF0C1FBD7F8FCC1D7F8DE
:1029C000F0E10023C4F808C0D7F81C621A49C4F823
:1029D00000E0D7F810726361E660184B4868D8F8D9
:1029E00000206760A3FB0232920C09FB02F24B68E5
:1029F0001B1A9A42FBD8DEF8003021463A681F20A5
:102A00001CEA030F14BF01230023164218BF43F032
:102A100002032374FDF74AF9034621462120237659
:102A2000FDF744F9237EC5F8BC4618442076BDE87E
:102A3000F88300BF742B0020001000E083DE1B43EE
:102A4000B049002074320020034B93F87C3603B960
:102A50007047FFF755BF00BFB04900202DE9F8438C
:102A60000420E04D2DED048B0EF0F2FB012800F266
:102A7000F0812870DC4C04F10F07C4F1F106301925
:102A80000EF0E6FB04F8010F002800F08A81A7424F
:102A9000F5D1D64E0020FDF719FED54C40F2B917FE
:102AA00004F10F083F1B38190EF0D2FB04F8010F98
:102AB000002800F07081A045F5D10120FDF706FE49
:102AC0002C7804EB840404EB8404E40004F1640730
:102AD00038460EF0BDFB431EDBB2032B00F2C38170
:102AE00000230128B07586F8353000F0CB8102282C
:102AF00002D0042800F0DB8100220323727586F8DF
:102B0000793404F1810738460EF0A2FB07EE900AF3
:102B1000B84BB8EEE77B9FEDAF6B27EE067BB5EECB
:102B2000407BF1EE10FA00F04281B3EE096BB4EE97
:102B3000C67BF1EE10FA00F33A8103ED027B04F15B
:102B40008500B2EE0E8B0EF083FB034604F1860087
:102B5000803BC6F828310EF07BFB034604F19B0056
:102B6000C6F82C310EF074FBC6F8400104F1980051
:102B70000EF06EFBA0F1800304F199009A3406EE8A
:102B8000103A9FED969BB8EEC66B26EE096B86EE6B
:102B9000087BB8FE477BFDEEC77B17EE903A83EAD1
:102BA000E372A2EBE372B52AA8BF3C23C6F830312A
:102BB0000EF04EFBA0F18003204606EE103AB8EE70
:102BC000C66B26EE096B86EE087BB8FE477BFDEEF2
:102BD000C77B17EE903A83EAE372A2EBE372B52A61
:102BE000A8BF3C23C6F834310EF032FB07EE900A42
:102BF000B2EE044BB8EEE77BB2EE025B87EE046BFD
:102C0000B4EEC56BF1EE10FA00F1FE80B2EE087B77
:102C1000B4EEC76BF1EE10FA00F3F68086ED4E6B62
:102C2000D6F81C374FF0000873484FF0000907EE44
:102C3000903AD6F86C37A0F59872B8EEE76B07EECD
:102C4000903A0346B8EEE77B63E8288983ED006B92
:102C5000D2E9002300ED067B40E92223A0F50460C1
:102C600004F044FA2F78002800F0DD8007EB870796
:102C7000022307EB870786F80835FF00002407F1D9
:102C800090000EF0E5FA4CF2503860F3070407F1BB
:102C900091000EF0DDFADFF8689160F30F2407F180
:102CA00092000EF0D5FA60F3174407F193000EF08E
:102CB000CFFA60F31F6407F1940004EB08034B455F
:102CC00088BF0024C6F8204500240EF0C1FA60F346
:102CD000070407F195000EF0BBFA60F30F2407F12B
:102CE00096000EF0B5FA60F3174407F197000EF066
:102CF000AFFA60F31F6407F17100A044C84588BFB4
:102D00000024C6F824450EF0A3FA034607F170002C
:102D100003F0010286F81421C3F34002C3F38003D9
:102D200086F8152186F816310EF092FA334B0328F7
:102D3000187040F289801846FDF7ACF92A78C7234D
:102D4000C82000FB02300EF083FA00F00102C0F34D
:102D5000400086F8F82586F87C06002840F0A4801C
:102D60000020C824FEF7CAFE204801F0EBF82978BD
:102D7000A522B52314FB0124C6F8403120460EF0ED
:102D800067FA142800F28480B060BDEC048BBDE8C3
:102D9000F843FDF787BA96F82630002B3FF48DAE46
:102DA0008EE6124EF37D002B3FF474AE75E64FF0C5
:102DB0000008DFF8509038461E2143E902890EF0E2
:102DC00053FB2C7804EB840404EB8404E400B6E6A3
:102DD000AFF300809A9999999999B93F0000000042
:102DE00000004E40545A0020C6490020B04900203F
:102DF000D5490020A04F0020F0510020704900204C
:102E0000A08601000000084000222B4B2046C6E9A6
:102E10004E230EF01DFA78283FF402AF78212046A9
:102E20000EF022FBFCE607EB870707EB8707FF00A6
:102E300007F16D000EF00CFA431EDBB2022B28BF27
:102E4000012086F8080519E701461846FAF7C6FE7C
:102E500074E700242C70FFF753FA01232B70FFF75F
:102E60004FFA2C7006E6012138460EF0FDFA2C7858
:102E70000122002304EB8404B27504EB840486F879
:102E80003530E40002220323727586F8793438E67F
:102E9000204600210EF0E8FA0020BDEC048BB06063
:102EA000BDE8F843FDF7FEB9FFF72AFD58E7012218
:102EB000737586F8792424E60000284008B50EF0E2
:102EC000A3F9BDE808400EF09FB900BF2DE9F04F0F
:102ED00005463C300027FF26012405F5A46905F5C9
:102EE000A86805F5A06B05F5A26A2DED048B85B0E9
:102EF000B7EE009B09F0CAF90022A84B294605F558
:102F00009470C5E946230022A54B9FED9C8BC5E933
:102F1000482302F01BFA05F58E63A5F8307305F21D
:102F2000944285F83273002185F8607405F5A96034
:102F300085EDA28B85EDA48B85EDA68B85EDCE8BE3
:102F400003ED028B4FF4003385F87074C5F87C7480
:102F5000C5F8783405F59663C5F88074C5F88474AF
:102F6000C5F88874C5F88C7485F89074116005F5FF
:102F7000946285F89874294682ED008B03ED028BEC
:102F800083ED008B05F5986303ED028B01F042FFA2
:102F900005F5F26205F50163C5F82C76C5F83076C3
:102FA000294685F8286605F69800C5F83476C5F8F0
:102FB000387685F86866C5F86C76C5F87076C5F819
:102FC0007476C5F8787685F88B76C5F89C7685F8A2
:102FD000AB76C5F8BC76A5F8887782ED008B82EDDC
:102FE000169B82ED128B82ED149BA5F8107883ED71
:102FF000028B83ED189B83ED148B83ED169B00F001
:10300000ADFB294605F69C0005F08CFA294605F52E
:103010000A6003F091FA4FF080733946AC752B606B
:103020004FF440731E2205F117002B822F71AF82DF
:10303000C5E9027714F0BAFB05F59A6385F83840C4
:1030400005F59E6C85F87C7405F5AA60A5F8787482
:1030500005F5BE6485F8357005F5D86EEF8605F583
:10306000AC61A5F8147105F5AE6285F81671F5EE40
:10307000005A85F8C074B0EE087B009005F5BC607E
:10308000029401902846CDF80CE005F5DC6E9FED2A
:103090003D4B03ED028B83ED008B05F59C6303ED47
:1030A000028B83ED008B8CED004B9FED384B0CEDCC
:1030B000028B4FF0020C85F8F87405F5DA638BED9E
:1030C000004B85F80A75A5F808C585F80B758AEDDB
:1030D000009B09ED028BC5F82075C5F82475C5F86D
:1030E0002875C5F82C75A5F83075DFF8B89008ED8F
:1030F000029B4FF0000885F8407585F84975009CE3
:1031000085F8487584ED009B41E902894FF000087D
:10311000DFF89490029CC1E900894FF00008DFF8C5
:103120008C9042E902894FF00008DFF88490C2E9F0
:1031300000894FF0040285F8782585F87925019AF1
:103140009FED146BC2ED005A039A04ED027B85F8E3
:10315000F875A5F87C7682ED007B83ED007B03EDAE
:10316000026B0EED026B85F8E076C5F8A46805B039
:10317000BDEC048BBDE8F08FAFF3008000000000D1
:103180000000000000000000008046400000002019
:103190002B6F2E4100000000006AF8400000244020
:1031A00000805B40000010400000304000005040B4
:1031B00000C0824000F69C0005F0B6B900F69C0005
:1031C00005F0C6B900F5A96002F088B800F5A9605D
:1031D00001F02EBE00F50A6003F0B0B900F50A60F8
:1031E00003F08CBA00F50A6003F066BB00F50A60D4
:1031F00003F084BB00F50A6003F02ABC00F50A6006
:1032000003F0AEBC00F50A6003F0E6BC00F50A600E
:1032100003F058BE00F50A6003F040BE00F50A60F6
:1032200003F0F2BC00F50A6003F074BD00F50A601B
:1032300003F010BD00F50A6003F08CBD91ED467BF4
:1032400091F8142180ED027B91ED487B027080EDB6
:10325000047B704791ED467B91F8152180ED027B50
:1032600091ED487B027080ED047B704791ED467BC9
:1032700091F8162180ED027B91ED487B027080ED84
:10328000047B7047FFF7EABB0000000030B504463E
:1032900083B01620FCF7F4FF0DF0DAFF0190002850
:1032A00055D007EE900ADFED336AF8EEE77A87EE45
:1032B000A67AB7EEC77A04F5AA63172083ED007BE0
:1032C000FCF7DEFF0DF0C4FF0190002848D007EEA8
:1032D000900AB8EEE77AB7EEC77A04F5AC65182025
:1032E00005ED027BFCF7CCFF0DF0B2FF0190A0B31F
:1032F00007EE900AB8EEE77AB7EEC77A192085EDA7
:10330000007BFCF7BDFF0DF0A3FF019010B307EEAB
:10331000900AB8EEE77AB7EEC77A04F5AE631C20E0
:1033200003ED027BFCF7ACFF0DF092FF0346204655
:10333000042B28BF042384F8793594F87935DBB25F
:1033400084F8783503B0BDE8304004F0DDB9B7EE5D
:10335000007BB0E79FED057BDFE7B3EE007BCDE7B9
:10336000B1EE007BB9E700BFAFF3008000000000C2
:10337000000050400000C84270B506465820FCF7D7
:103380007FFF002405460DF063FF0346681C63F3CE
:1033900007040DF05DFF60F30F24A81C0DF058FF2B
:1033A0000346E81C63F317440DF052FF024606F58E
:1033B000A063304662F31F6407EE104ABAEECE7B7C
:1033C00083ED007B04F07AFABDE8704006F0C6B8E1
:1033D000704700BF90F8F83408461BB91946C0B2D0
:1033E0000DF070BE0121C0B20DF06CBE08B50DF03D
:1033F0000BFF0DF009FF0248BDE80840FFF766BD6E
:10340000B049002072B690ED2E7BD0F8B020FDEED2
:10341000C77B17EE903A9B1AC0F8C03062B672B6FE
:1034200090ED507BD0F83821FDEEC77B17EE903A37
:103430009B1AC0F8483162B6704700BF72B6D0F828
:10344000B030D0F8B4209B1AC0F8C43062B672B65F
:10345000D0F83831D0F83C219B1AC0F84C3162B614
:10346000704700BF80F8A01080F82811704700BF97
:1034700072B690ED405BD0E9622390ED0A6B80ED6F
:103480003E5B90ED1E7BC0E9602390ED3E4B90EDDE
:10349000605B26EE046B27EE057B80ED346B80EDE0
:1034A000567B62B6704700BF10B52DED068BB0EEAF
:1034B00041AB0446B0EE428B05F0ECFFB0EE409B12
:1034C000B0EE4A0B05F0E6FF72B6B1EE002B94EDBC
:1034D000185B28EE022B94ED046B22EE066B22EEB5
:1034E000052B89EE065B80EE027B25EE095B27EE5D
:1034F000007B84ED2A5B84ED4C7B62B6BDEC068BD1
:1035000010BD00BF06EE101A07EE102A72B680EE4C
:10351000014B00221C4B80EE025BB8EEC66BB8EE8E
:10352000C77B80ED423B80ED643B80ED364BC0E9CC
:10353000382390ED362B90ED383B82EE034B80ED37
:103540003A4B90ED363B83EE064B80ED464B90EDCB
:10355000366B80ED3C6B80ED585BC0E95A2390EDF3
:10356000584B90ED5A5B84EE056B80ED5C6B90EDF3
:10357000585B85EE076B80ED686BD0E95823C0E996
:103580005E2362B6704700BF00002040D0F8843050
:1035900058428842CCBF002001208B42B8BF002097
:1035A000C0F10200C0B2704772B6D0F8B0300B6004
:1035B000D0F83831136062B6704700BF30B4046D84
:1035C00094421DDAC2EB4402046B091B022407EE8D
:1035D000901A039D90ED044BB8EEE76B07EE902A2E
:1035E0002C70B8EEE77B86EE045B83ED005B90ED1C
:1035F000185B029B87EE056B30BC83ED006B704758
:10360000C4F1000C944506DD2244046BACEB0202CD
:10361000091B0224DBE70124D9E700BF90ED187BEA
:1036200090ED046B012921EE071B20EE060BFDEE49
:10363000C17BBDEEC00B82ED000AC3ED007A21D93B
:10364000016D10B417EE904AC4EB41041C60016B8D
:1036500013680B441360016B4C42A34207DA816884
:103660000B441360016BC1F1000C6345F7DB994219
:1036700005DA81685B1A1360016B8B42F9DC5DF837
:10368000044B7047704700BF72B60B68C0F8B43087
:103690001368C0F83C310B68C0F8B0301368C0F84C
:1036A000383107EE903A91ED006AB8EEE77BB8EE5C
:1036B000C66B80ED2E6B80ED507B62B6704700BF0D
:1036C0000000000072B690ED2C6A90ED4E7A62B662
:1036D00090ED044BB8EEC66BB8EEC77B86EE045B8C
:1036E0009FED066B81ED005B90ED184B87EE045B60
:1036F00082ED005B83ED006B704700BF00000000AF
:103700000000000010B5044672B691ED2E4B91ED0D
:10371000045B91ED506B91ED187B84EE052B86EEEA
:10372000071B62B69FED057B9FED060B22EE072B74
:1037300021EE071B08F03EF8204610BD399D52A22D
:1037400046DF913F000000000000000008B50DF0CA
:103750005BFDBDE808400DF057BD00BF016070473C
:10376000F0B5044683B02420236803F5E56503F231
:103770002C7103F5E06295ED004A03F5EF6591EDDC
:10378000005A03F27C71B7EEC44A95ED006AB7EEB9
:10379000C55A91ED007AB7EEC66AB7EEC77A12ED58
:1037A000022B03F5EA6224EE024B25EE025BBDEE2E
:1037B000C44B12ED023BBDEEC55B14EE102A26EEA3
:1037C000036BC3F8202715EE102A27EE037BC3F8FE
:1037D0002427BDEEC66BBDEEC77B16EE102AC3F8DC
:1037E000702717EE102AC3F87427FCF749FD2368E9
:1037F000B2EE047A054603F5E563D3ED007A67EE91
:10380000877AFDEEE77ACDED017A0DF021FD9DF886
:103810000460BDF90470864203D0314628460DF09D
:1038200023FE0135C7F3072728460DF011FD874217
:1038300003D0394628460DF017FE2620FCF720FD60
:103840002368B2EE047A054603F22C73D3ED007AB6
:1038500067EE877AFDEEE77ACDED017A0DF0F8FCA0
:103860009DF80460BDF90470864203D031462846B5
:103870000DF0FAFD0135C7F3072728460DF0E8FCE7
:10388000874203D0394628460DF0EEFD2820FCF78C
:10389000F7FC2368B2EE047A054603F5EF63D3ED37
:1038A000007A67EE877AFDEEE77ACDED017A0DF0CA
:1038B000CFFC9DF80460BDF90470864203D0314608
:1038C00028460DF0D1FD0135C7F3072728460DF036
:1038D000BFFC874203D0394628460DF0C5FD2A209B
:1038E000FCF7CEFC2368B2EE047A044603F27C7344
:1038F000D3ED007A67EE877AFDEEE77ACDED017AB7
:103900000DF0A6FC9DF80450BDF90460854203D07B
:10391000294620460DF0A8FD0134C6F307262046AF
:103920000DF096FC864201D103B0F0BD3146204631
:1039300003B0BDE8F0400DF097BD00BF10B52420E6
:10394000FCF79EFC04460DF083FC0F2803D00F21EA
:1039500020460DF089FD013420460DF079FC272822
:1039600003D0272120460DF07FFD2620FCF788FCA0
:1039700004460DF06DFCF12803D0F12120460DF036
:1039800073FD013420460DF063FCD82803D0D82104
:1039900020460DF069FD2820FCF772FC04460DF06E
:1039A00057FC0F2803D00F2120460DF05DFD013498
:1039B00020460DF04DFC272803D0272120460DF08E
:1039C00053FD2A20FCF75CFC04460DF041FCF12875
:1039D00003D0F12120460DF047FD013420460DF0C3
:1039E00037FCD82800D110BD2046D821BDE81040B2
:1039F0000DF03ABD2DE9F04110460D4617461E4622
:103A0000FCF73EFC80460DF023FC044608F1010063
:103A10000DF01EFCF2EE046AD5ED107AE4B295EDDD
:103A2000117A67EEA67A60F30F2427EE267A24B285
:103A3000FDEEE77A17EE90CAFDEEC77A644517EE01
:103A400090EA15DB744513DC012007EE904A5EB363
:103A5000B8EEE76BB2EE045B95ED047B26EE076BE8
:103A600086EE057BBDEEC77B85ED0F7ABDE8F08164
:103A7000002E14BF744664463846FCF701FC074626
:103A80000DF0E6FBE1B20FFA84F8814222D1013752
:103A9000C8F3072838460DF0DBFB804514D1002021
:103AA00007EE904A002ED3D1B8EEE77BB2EE045B6E
:103AB00095ED046B27EE067B87EE056BBDEEC66BBE
:103AC00085ED0E6ABDE8F081384641460DF0CCFC2C
:103AD0000020E5E738460DF0C7FCD8E70168002371
:103AE000242201F5DD61FFF785BF00BF01680123D6
:103AF000262201F5DD61FFF77DBF00BF01680023CD
:103B0000282201F5E761FFF775BF00BF01680123B7
:103B10002A2201F5E761FFF76DBF00BF08B50DF080
:103B200073FBBDE808400DF06FBB00BF10B472B668
:103B3000D0F89827D0F8203862B6D0F89C46C4B1A7
:103B400007EE902A00F5E06190F88926B8EEE76B61
:103B500011ED025B86EE057BAAB300F5D06292ED13
:103B6000006B27EE467BBDEEC77B72B684ED057A0F
:103B700062B6D0F8BC16C1B100F5EA6207EE903A21
:103B800090F8A94600F5D460B8EEE76B12ED025B41
:103B900086EE057B90ED006B54B127EE467BBDEEC3
:103BA000C77B72B681ED057A62B65DF8044B70474B
:103BB00027EE067BBDEEC77B72B681ED057A62B655
:103BC0005DF8044B704700F5D06292ED006B27EE74
:103BD000067BBDEEC77B72B684ED057A62B6C8E798
:103BE00000F5DD60FFF71ABD00F5DD60FFF74CBDA5
:103BF000002370B5037404460E46154690F8403510
:103C000072B600F5A06393ED000B05F04FFC04F5D0
:103C1000F26204F5016304F5F46192ED0C7B82ED30
:103C2000127B93ED0E7B04F5036283ED147BD4F8D5
:103C30009837C4F89C37D4F82038C4F8243896ED67
:103C4000006A95ED007AB8EEC66BB8EEC77B81EDE1
:103C5000006B02ED027B62B62046BDE8704002F0C8
:103C6000B1BB00BF10B50023044608462DED028B02
:103C700084B001920393009107F0CAFE0098B0EE61
:103C8000408B07F0C1FE04F5DD6003AB019902AA89
:103C900000909FED0E7B20EE071B28EE070BFFF731
:103CA000BDFC03AA02A90098FFF7EEFC94F87C364D
:103CB00033B900230120E37004B0BDEC028B10BDCA
:103CC0002046FFF733FFF4E7AFF30080F8C1631A33
:103CD000DCA54C40F0B59BB004460F46014608AE4B
:103CE000154630468DED060BFFF7B4FA04F5227247
:103CF0000AAB059204F5D87204920FCB9DED060B2A
:103D00008DE80F0039460EA896E80C0007F072FA0D
:103D10002A460EA92046FFF7A5FF1BB0F0BD00BF45
:103D200030B58DB0154600F52273044600F5D87203
:103D3000684607F067FC2A4669462046FFF792FF6F
:103D40000DB030BD90F87C3603B97047D0F89C3682
:103D500010B5044682B0002B5ED01A7E012A48D9E5
:103D600072B65A6962B607EE902A04F5D06394F8E9
:103D70008926B8EEE76B93ED005B86EE057B0AB112
:103D8000B1EE477B04F5E062D4F8BC3612ED026B6D
:103D900027EE067BBDEEC77B8DED007A002B3ED073
:103DA0001A7E012A3ED972B65A6962B607EE902A87
:103DB00004F5D46394F8A926B8EEE76B93ED005BA5
:103DC00086EE057B0AB1B1EE477B04F5EA6301AAF2
:103DD000694604F5DD6013ED026B27EE067BBDEE50
:103DE000C77B8DED017AFFF74FFC0023E37002B033
:103DF00010BD72B6D3E900109A68096800681140D6
:103E0000DA6810424CD01A7C02F0030209B142F089
:103E1000040242F0080249E09FED487BB2E79FEDC3
:103E2000477BD2E772B6D3E900109A680968006848
:103E30001140DA68104208D01A7C02F0030209B17E
:103E400042F0040242F0080205E01A7C02F003028C
:103E500009B142F004029108013A19740D2AA3D85D
:103E600001A151F822F000BFAD210100A521010000
:103E7000CD210100A521010045200100C52101003F
:103E8000AD210100AD210100C52101004520010047
:103E9000A5210100CD210100A5210100AD210100D6
:103EA0001A7C02F0030209B142F004029108013ABF
:103EB00019740D2A3FF655AF01A151F822F000BF49
:103EC0009D21010095210100BD21010095210100E6
:103ED000FF1F0100B52101009D2101009D2101006E
:103EE000B5210100FF1F010095210100BD21010046
:103EF000952101009D2101005A69013A5A6131E77B
:103F00005A6901325A612DE75A69013A5A614CE700
:103F10005A6901325A6148E75A69023A5A6121E7FF
:103F20005A6902325A611DE75A69023A5A613CE7FE
:103F30005A6902325A6138E7AFF30080000000008E
:103F40000000000090F87C3603B97047FFF7EEBD23
:103F50000000000090F87C260AB900207047034654
:103F6000B0482DE9F04104788C4211D04C1E062C4B
:103F70000DD8DFE814F00700EF00F600D000DF00F6
:103F8000E700D800A84C0026A84FC4E900670170DC
:103F9000002900F0B18072B6D3F89817D3F8204802
:103FA00062B6D3F89C06002800F0A980057E012D9A
:103FB00040F2428172B6456962B607EE905A03F547
:103FC000D06E93F88906B8EEE76B9EED005B86EE47
:103FD000057B08B1B1EE477B03F5E06CD3F8BC0676
:103FE0001CED022B22EE077BFDEEC77B17EE905AED
:103FF000002800F08B80067E012E40F2B98072B658
:10400000466962B607EE906A03F5D46693F8A9068E
:10401000B8EEE77B96ED005B1CED022B87EE056B9F
:1040200008B1B1EE466BB7EE004B7F48491B03F574
:10403000EA6C9EED007B1CED023B84EE075B23EEF9
:10404000066B90ED007BFDEEC66BB4EE475BF1EEC8
:1040500010FA98BFB0EE475B0029B8BF494225EE81
:10406000025B04EE901A16EE901AB8EEE44BB4EE32
:10407000C54BF1EE10FA47DB72B6C3F8985703F55B
:10408000F36595ED007A03F5F465B8EEC77B85ED31
:10409000007B62B61CED023B90ED007B1046B7EE54
:1040A000004B641A96ED005B84EE056BB4EEC76BB3
:1040B000F1EE10FA88BFB0EE467B002CB8BF644228
:1040C00027EE037B06EE904AB8EEE66BB4EEC76BC4
:1040D000F1EE10FA11DB72B6C3F8201803F5026195
:1040E00003F5036391ED007AB8EEC77B03ED027B25
:1040F00062B61046BDE8F0810020BDE8F0819FED7A
:10410000417B03F5D06E67E70020C8E79FED3D6B6C
:1041100003F5D46687E7444C01703CA7D7E90067F4
:10412000C4E9006734E7404C002600270170C4E969
:1041300000672DE73C4C017036A7D7E90067C4E95A
:10414000006725E7384C017034A7D7E90067C4E958
:1041500000671DE7344C0026354F0170C4E9006745
:1041600016E7314C0026334F0170C4E900670FE7B2
:1041700072B6066837684668D6F8008086683740A9
:10418000C66818EA060F00F0A780067C06F0030652
:104190000FB146F0040646F00806B708013E077462
:1041A0000D2E3FF62DAF01A757F826F08924010008
:1041B0008124010099240100812401009D22010035
:1041C0009124010089240100892401009124010027
:1041D0009D22010081240100992401008124010015
:1041E000892401004669013E46610AE746690136B5
:1041F000466106E74669023E466102E746690236C5
:104200004661FEE6000000000000000011111111DF
:104210001111C13F111111111111B13F11111111E2
:104220001111A13F4D5A0020604900200000F03FCD
:104230000000E03F0000D03F72B6466805682D6878
:10424000376886682E40C5682F423DD0057C05F052
:1042500003050EB145F0040545F00805AE08013D23
:1042600006740D2D3FF6A7AE01A656F825F000BF47
:104270004D250100452501005D2501004525010072
:1042800053220100552501004D2501004D25010057
:104290005525010053220100452501005D2501003F
:1042A000452501004D2501004569013D456183E635
:1042B0004569013545617FE64569023D45617BE61B
:1042C00045690235456177E6057C05F00305002E5A
:1042D000C4D045F00405C1E7067C06F00306002FB4
:1042E0003FF45BAF46F0040657E700BF00F5DD6022
:1042F000FFF7E8B910B58C4686B0044604AB0CF560
:10430000DD6002AA6946FFF7DDF920469FED097BD3
:104310009DED002B9DED021B9DED040B22EE072B66
:1043200021EE071B20EE070B07F044FA204606B0EB
:1043300010BD00BF399D52A246DF913F30B59DB000
:104340000C46054610A88DED080BFFF7D3FF21465C
:104350000AA8FEF77FFF04F522730DF1280CEE4644
:104360000693BCE80F009DED080BAEE80F009CE83B
:10437000030004F5B4728EE80300284610A907F084
:104380001DFB28461DB030BD00000000D1F8BC3632
:1043900030B50C4605462DED028BB0EE408B9BB040
:1043A000002B63D01A7E012A40F2988072B65A69B7
:1043B00062B604F5D46307EE902A93ED006BB8EE75
:1043C000E77B94F8A93687EE061B9FED7A7B002BDE
:1043D00040D121EE071BD4F89C36002B40D01A7E2A
:1043E000012A46D972B65A6962B604F5D06307EE5F
:1043F000902A93ED006BB8EEE77B94F8893687EE50
:10440000062B9FED6C7B73BB22EE072B0EA89FED56
:104410006B0B07F0CFF9214608A8FEF71BFF04F548
:1044200022730DF1200CEE460693B0EE480BBCE86B
:104430000F00AEE80F009CE8030004F5B4728EE8AC
:10444000030028460EA907F0B9FA28461BB0BDECB8
:10445000028B30BDD4F89C3621EE471B002BBED119
:104460009FED562BD2E722EE472BCFE79FED531B54
:10447000B1E772B61A6811685A6810689A681140F4
:10448000DA68104268D01A7C02F0030200297BD15E
:1044900042F008029108013A19740D2AA3D801A12B
:1044A00051F822F01D2801001528010031280100D3
:1044B0001528010083260100392801001D2801006C
:1044C0001D2801003928010083260100152801005C
:1044D00031280100152801001D28010072B61A6854
:1044E00011685A6810689A681140DA6810422BD037
:1044F0001A7C02F00302002949D142F00802910817
:10450000013A19740D2A3FF652AF01A151F822F079
:104510000D28010005280100492801000528010097
:104520004B260100412801000D2801000D28010043
:10453000412801004B2601000528010049280100FF
:10454000052801000D2801001A7C02F00302002951
:10455000D5D042F00402D2E71A7C02F0030200290F
:1045600098D042F0040295E75A69013A5A611FE770
:104570005A6901325A611BE75A69013A5A6133E7B5
:104580005A6901325A612FE742F0040280E742F093
:104590000402B2E75A6902325A6125E75A69023ABF
:1045A0005A6121E75A69023A5A6101E75A690232AF
:1045B0005A61FDE6399D52A246DF913F000000009E
:1045C0000000000030B59DB00C46054601F5DD61E8
:1045D00010A88DED080BFFF795F821460AA8FEF705
:1045E00039FE04F522730DF1280CEE460693BCE863
:1045F0000F009DED080BAEE80F009CE8030004F5EA
:10460000B4728EE80300284610A907F0D7F92846AF
:104610001DB030BD30B59BB00C4605460EA8FFF767
:1046200069FE214608A8FEF721FE04F522730DF16C
:10463000200CEE460693BCE80F00AEE80F009CE8A5
:10464000030004F5B4728EE8030028460EA907F0B3
:104650001DF928461BB030BD0000000091F87C36E3
:1046600030B505469BB0002B57D0D1F8BC360C4670
:10467000002B60D01A7E012A63D972B65A6962B6DD
:1046800007EE902A04F5D46394F8A926B8EEE77BE8
:1046900093ED006B87EE061B9FED787B002A41D1DE
:1046A00021EE071BD4F89C36002B41D01A7E012A3C
:1046B0005AD972B65A6962B604F5D06307EE902AE9
:1046C00093ED006BB8EEE77B94F8893687EE062B06
:1046D0009FED6A7B93BB22EE072B0EA89FED690B23
:1046E00007F068F8214608A8FEF7C0FD04F522731C
:1046F0000DF1200CEE460693BCE80F00AEE80F006B
:104700009CE8030004F5B4728EE8030028460EA965
:1047100007F0BCF828461BB030BDFFF77BFF2846EA
:104720001BB030BDD4F89C3621EE471B002BBDD109
:104730009FED542BD1E79FED531BB3E722EE472BA0
:10474000CBE772B619689A68096811405A68106810
:10475000DA68104246D01A7C02F0030209B142F036
:10476000040242F0080243E072B61A6811685A68FF
:1047700010689A681140DA68104208D01A7C02F07A
:10478000030209B142F0040242F0080205E01A7C7B
:1047900002F0030209B142F004029108013A1974CF
:1047A0000D2A87D801A151F822F000BFF12A01009B
:1047B000E92A0100112B0100E92A01005129010019
:1047C000092B0100F12A0100F12A0100092B010047
:1047D00051290100E92A0100112B0100E92A0100F9
:1047E000F12A01001A7C02F0030209B142F004022E
:1047F0009108013A19740D2A3FF640AF01A151F812
:1048000022F000BFE12A0100D92A0100012B01009A
:10481000D92A010019290100F92A0100E12A010021
:10482000E12A0100F92A010019290100D92A010011
:10483000012B0100D92A0100E12A01005A69013A3D
:104840005A611CE75A6901325A6118E75A69013AFC
:104850005A6130E75A6901325A612CE75A69023AC3
:104860005A610CE75A6902325A6108E75A69023AFA
:104870005A6120E75A6902325A611CE7399D52A2F7
:1048800046DF913F00000000000000002DE9F04FDE
:1048900085B00E4619789446039300F5DD6B109BA6
:1048A00000F594799DF844500446009358460195CC
:1048B000009D9DF848A00292DDE90E7896ED000B70
:1048C0009CED001B43463A462970FEF7A7FE53466F
:1048D000D8F800204846396800F06CFE20B9019DE8
:1048E00015B1617D022902D005B0BDE8F08F039BB0
:1048F00058463A461B78012B029B18BF012193EDC5
:10490000001B009B96ED000B19704346FEF786FED8
:104910005346D8F800204846396805B0BDE8F04F46
:1049200000F048BE30B590F8F83583B0CDE90021ED
:10493000E3B1044602F0B4FB78BB94F899358BB927
:1049400094F8C93559B26BB92378012B23D894F860
:10495000F854AB1F012B16D965B10A35EDB22846C4
:1049600003B030BD0725284603B030BD0B252846CF
:1049700003B030BD20466A4601A9E570FFF738F95B
:10498000284603B030BD204602F0ACFB94F8F85442
:10499000002DE2D1EEE70425E5E72046052502F0EB
:1049A000ADFBE0E782B030B52DED028B9BB0044645
:1049B000002520A9099508468DF81F509FED377BEB
:1049C0009FED388B81E80C008DED0A7B8DED0C7B23
:1049D00006F0DAFED4ED4A7A20EE080BB8EEE77B5B
:1049E0009FED326B37EE467BB4EEC07BF1EE10FAF2
:1049F00049DCD4ED4B7AB8EEE77B37EE067BB4EEBC
:104A0000C07BF1EE10FA34D404F5227304F5D872A9
:104A100020A90EA806F0F6FD0EA806F0F9FF20EE7C
:104A2000080B0EA88DED0A0B06F0EEFF20EE080B2A
:104A300001220DF11F0309A9204602932EABCDE9F7
:104A4000032508AACDE900210CAA0AA98DED0C0BBB
:104A5000FFF71CFF0346E8B12046DDE90812FFF727
:104A600061FFA0B994F8403533B9022384F840358A
:104A700002E0082084F840551BB0BDEC028BBDE875
:104A8000304002B07047012084F84055F4E784F8C4
:104A90004055F1E7062084F84035EDE700000000BE
:104AA00000000000F8C1631ADCA54C402D431CEB4C
:104AB000E2361A3F82B0F0B5A5B0044610AE2AA97E
:104AC0009DF8D87016AD304681E80C0021468DED7A
:104AD0000E0BFEF7BFFB12AB0FCB9DED0E0B8DE85F
:104AE0000F002AA9284696E80C0006F017FB0DF1E6
:104AF000600E0C97EC46BEE80F00ACE80F00BEE875
:104B00000F00ACE80F009EE80F008CE80F00204675
:104B100095E80C00FFF746FF38B9012384F84035CB
:104B200025B0BDE8F04002B07047002384F840355E
:104B300025B0BDE8F04002B0704700BF2DE9F0435A
:104B400000F5947793B00023044605AA04A93846DB
:104B500004F5DD688DF80F3000F076FD0DF10F02E1
:104B60000CAB4046CDE90032DDE904120AABFEF79A
:104B700025FD204602F0A6FA012807AB40460CBFEF
:104B80004FF002094FF0010906AA49469DED0C1BA2
:104B90009DED0A0BFEF742FD01233846DDE90612C2
:104BA00000F008FD18B9062013B0BDE8F0833846C0
:104BB00010AA0EA9069E079D00F046FD04F5D863D5
:104BC000B6EE001B9FED816B93ED005B04F5DA639D
:104BD00086EE053B93ED005B0E9B86EE054BF61AC9
:104BE000109B002EA5EB0305B8BF7642002D06EE04
:104BF000906AB8BF6D42B8EEE65B9FED767BB0EE93
:104C0000472BB4EE473BF1EE10FA48BFB0EE473BFE
:104C1000B4EE474B07EE905AB8EEE76BF1EE10FAA0
:104C200085EE037B48BFB0EE424B86EE045BB4EEEC
:104C3000C57BF1EE10FA37FE057BB4EEC17BF1EED9
:104C400010FA2FD49FED656BB4EEC67BF1EE10FA2F
:104C500040F39E8094F80A359FED627B43BB09AD1B
:104C60009DED0A0B9DED0C1B8DED0E0B8DED101BBC
:104C70002B46404608AA4946FEF7D0FC0123384699
:104C8000DDE9081200F096FC00288CD0012338469C
:104C9000DDE9081200F0CAFB002853D1112013B03F
:104CA000BDE8F08394F80A359FED507B002BD6D0F9
:104CB0009FED506BDDE90A2327EE067BCDE90E233D
:104CC000DDE90C23CDE9102372B604F5F86313ED8A
:104CD000026B04F5046393ED005B27EE066B04F5AD
:104CE000F46327EE057BB8FE466B93ED005B04F59D
:104CF0000363B8FE477B13ED024B62B6BDEEC77B84
:104D00000022BDEEC66B10AB8DF8242009ADB8EEC5
:104D1000C77B0093B8EEC66B0EAB4046019537EEED
:104D2000047B36EE056BFDEEC77B17EE902AFDEE99
:104D3000C67B17EE901AFEF741FC9DED0E0B9DED24
:104D4000101B95E70123099A3846089900F006FBE5
:104D5000A8B1204602F0B6F9484517D094F8F834C7
:104D6000063B012B0DD92046DDE90612FFF7DAFDDF
:104D700000287FF419AF032384F8403514E710208E
:104D800012E70021204602F0ADF9ECE703200BE723
:104D90009FED1A6B94F80A3527EE067B002B3FF443
:104DA0005EAF9FED146B9DED0A0B9DED0C1B27EE86
:104DB000067B8DED0E0B8DED101BB5EE407BF1EEFD
:104DC00010FA81D109AD53E7AFF300800000000075
:104DD00080842E4195D626E80B2E113E000000005F
:104DE00000C082400000000000808640333333332F
:104DF0003333E33F000000000000594033333333C6
:104E00003333F33F08B50CF0FFF9BDE808400CF070
:104E1000FBB900BFB7EE007B0022C0F8A81080F8F5
:104E2000502080F8802080ED127B80ED1E7B704743
:104E30000278012AD3B206D00078A0F10200B0FABD
:104E400080F0400970471846704700BF38B5D0F869
:104E5000A830044693F8F824002A5ED1826E12BB73
:104E6000A26B002A00F0A08094F85120022A00F0E2
:104E70008A8094F85120FE2A00F085800022644B3D
:104E80000021C4E91223A16394F88130022B2DD0B4
:104E900094F88130FE2B29D000225D4B0021C4E91B
:104EA0001E23A16638BD94F85120022A03D094F83D
:104EB0005120FE2AE2D1A26B002A64D172B694F886
:104EC0005130022B02D1012384F8513094F8513033
:104ED000FE2B02D1FF2384F8513000224C4BC4E951
:104EE000122362B694F88130022BD1D1A36EB3BBEA
:104EF00072B694F88130022B02D1012384F88130FC
:104F000094F88130FE2B02D1FF2384F881300022F7
:104F10003F4BC4E91E2362B638BD0023836383661A
:104F200072B690F85130022B02D1012380F8513033
:104F300094F85130FE2B02D1FF2384F8513094F8BD
:104F40008130022B02D1012384F8813094F8813022
:104F5000FE2B02D1FF2384F8813062B638BDD4F82D
:104F6000A83093F8803803F0FF05002B41D10CF0F6
:104F70007FF8D4E91A23C11A914245D9A5660CF0ED
:104F800077F8E06638BD93F8F83703F0FF05A3BB68
:104F90000CF06EF8D4E90E23C11A914231D9A56301
:104FA0000CF066F8E0636FE772B694F85130022BAC
:104FB00002D1012384F8513094F85130FE2B02D1F4
:104FC000FF2384F8513094F88130022B02D1012361
:104FD00084F8813094F88130FE2B02D1FF2384F8CD
:104FE000813000220A4BC4E91223C4E91E2362B6B1
:104FF000B4E70CF03DF8E06638BD0CF039F8E0633A
:1050000042E713441D1ACAE713441D1AB6E700BF4E
:105010000000F03FD0F8A83093F8F824002A51D1CE
:1050200090F85120022A0CD090F85120FE2A08D086
:1050300090F88130022B25D090F88130FE2B21D0C2
:10504000704793F8F837002BF2D172B690ED166BDB
:1050500090F851305BB2002B05DC90F851301A0605
:1050600055D49FED2C6BD0F8A83003F5F46393ED85
:10507000007B37EE067B83ED007B62B690F88130D3
:10508000022BD9D1D0F8A83093F88038002BD7D193
:1050900072B690ED226B90F881305BB2002B05DC8C
:1050A00090F881301B062FD49FED1A6BD0F8A830F2
:1050B00003F5036313ED027B37EE067B03ED027B02
:1050C00062B6704700238363836672B690F85130EE
:1050D000022B02D1012380F8513090F85130FE2B81
:1050E00002D1FF2380F8513090F88130022B02D199
:1050F000012380F8813090F88130FE2BE0D1FF232E
:1051000080F8813062B67047B1EE466BCEE7B1EE03
:10511000466BA8E7000000000000000090F8513046
:10512000022B2CD090F85130FE2B28D090F88130F3
:10513000022B04D090F88130FE2B00D07047D0F8BD
:10514000A83093F88038002BF8D172B690ED226B1E
:1051500090F881305BB2002B05DC90F881301B06A3
:1051600030D49FED1A6BD0F8A83003F5036313ED2C
:10517000027B37EE067B03ED027B62B67047D0F808
:10518000A83093F8F837002BD0D172B690ED166B9B
:1051900090F851305BB2002B05DC90F851301A06C4
:1051A0000DD49FED0A6BD0F8A83003F5F46393EDAE
:1051B000007B37EE067B83ED007B62B6B6E7B1EE8F
:1051C000466BF0E7B1EE466BCDE700BF0000000094
:1051D00000000000D0F8A83093F8F824002A51D13C
:1051E00090F85120022A0CD090F85120FE2A08D0C5
:1051F00090F88130022B25D090F88130FE2B21D001
:10520000704793F8F837002BF2D172B690ED166B19
:1052100090F851305BB2002B05DC90F851301A0643
:1052200055D49FED2C6BD0F8A83003F5F46393EDC3
:10523000007B37EE067B83ED007B62B690F8813011
:10524000022BD9D1D0F8A83093F88038002BD7D1D1
:1052500072B690ED226B90F881305BB2002B05DCCA
:1052600090F881301B062FD49FED1A6BD0F8A83030
:1052700003F5036313ED027B37EE067B03ED027B40
:1052800062B6704700238363836672B690F851302C
:10529000022B02D1012380F8513090F85130FE2BBF
:1052A00002D1FF2380F8513090F88130022B02D1D7
:1052B000012380F8813090F88130FE2BE0D1FF236C
:1052C00080F8813062B67047B1EE466BCEE7B1EE42
:1052D000466BA8E700000000000000000278CAB199
:1052E00010B472B6144A116862B65469A1420ED065
:1052F00090F800C05161BCF1010F0CD00278022A75
:105300000DD00278032A0ED00378042B0FD05DF85D
:10531000044B704770475DF8044BFFF797BD5DF88D
:10532000044BFFF777BE5DF8044BFFF7F7BE5DF85F
:10533000044BFFF74FBF00BF5852002008B50BF0D9
:1053400063FFBDE808400BF05FBF00BFC16170475D
:1053500080687047C06870470000000010B52DEDF0
:10536000028B82B090ED048B019111461BB19FED31
:105370002D7B38EE078BC46904F5DD60FEF706F976
:10538000012829D0022822D1B1EE084B04F5DD62B4
:10539000B2EE0E5B04F5DE6392ED006A38EE448BEC
:1053A000DDED017AB8EEC66BB8EEE77B25EE485B23
:1053B00093ED024BA5EE046BB4EEC67BF1EE10FA52
:1053C000CCBF0120002002B0BDEC028B10BD00203C
:1053D00002B0BDEC028B10BDB1EE086B04F5DD62CE
:1053E000B2EE0E3BDDED017A04F5DE6392ED007A5C
:1053F00038EE466BB8EEE75BB8EEC77B26EE036B84
:1054000093ED024BA6EE047BB4EEC75BF1EE10FA0F
:105410004CBF0120002002B0BDEC028B10BD00BFCC
:10542000AFF30080555555555555B53FF0B5C76993
:1054300083B01D460446019107F5DD60114616460E
:10544000FEF7A4F895BB94ED037A94ED026AB8EEEA
:10545000C77BB8EEC66B012854D0022823D1B2EE28
:105460000E5B07F5DE629FED4F4B87EE046B26EE79
:10547000056BD7F8E836D7F81C17DDED017A0B4439
:10548000B8EEE75B07EE103A92ED024BB8EEC77B41
:10549000A4EE067BB4EEC75BF1EE10FA4CBF012020
:1054A000002003B0F0BD002003B0F0BDE368A269A6
:1054B0000533B32A07EE903AA36803F10503B8EE6B
:1054C000E77B06EE903AB8EEE66BC4DC01283DD0EF
:1054D0000228E8D102F15A0307F5DE6206EE906A6F
:1054E00005EE103AB8EEE66BB8EEC55B92ED164BE2
:1054F00025EE045BB4EEC56BF1EE10FA47DD9FEDCF
:105500002B6BB6E79FED274BB2EE0E5B07F5DE6225
:1055100086EE047B27EE056BD7F8E836D7F81C1724
:10552000DDED017A5B1AB8EEE75B07EE103A92ED1B
:10553000024BB8EEC77BA4EE467BB4EEC75BF1EE40
:1055400010FACCBF0120002003B0F0BDC2F15A0315
:1055500007EE906A07F5DE6207EE103AB8EEE75BF9
:1055600092ED164BB8EEC77B27EE047BB4EEC75B1B
:10557000F1EE10FA02D59FED0D6BCDE79FED094BD3
:10558000B2EE0E5B86EE047B27EE056BC4E79FED63
:10559000054BB2EE0E5B87EE046B26EE056B68E7FB
:1055A000AFF300800000000000004E40000000004B
:1055B000008056402DE9F04104460E4617461D4630
:1055C000C06993B9D0F820378B4202DD0020BDE8D6
:1055D000F081D0F824378B42F8DBD0F87037934253
:1055E000F4DCD0F874379342F0DB01F07FFD38B97A
:1055F000E3699A7D012A06D05B7D022B00D185B13B
:105600000120BDE8F081002DFAD12B463A46314603
:105610002046FFF7A3FE0028D8D0E3695B7D022B6C
:10562000EED13A46314620460023BDE8F041FFF76F
:10563000FDBE00BF0023FFF7BDBF00BFC06900F57E
:10564000DD60FDF7A3BF00BFC06900F5DD60FDF7B9
:10565000ABBF00BF2DE9F0410446C06900F69800D9
:10566000FEF73CFAE369064603F69800FEF73EFAB9
:10567000E3690546D3F8247703F69800D3F820278A
:105680009742D4BF00270127FEF738FA8046E06929
:1056900000F69800FEF73AFAE169D1F87427D1F8DC
:1056A00070379A42D4BF002707F001073E403540CB
:1056B00018EA050F02D008B1BDE8F08101F69800A4
:1056C000BDE8F041FEF74CB8C06900F69800FEF75F
:1056D00047B800BFC06900F69800FEF72FB900BFB9
:1056E000C06900F69800FEF7F9B900BFC06900F67E
:1056F0009800FEF7FBB900BFC06900F69800FEF7FE
:10570000FDB900BFC06900F69800FEF7FFB900BF01
:1057100008B50BF079FDBDE808400BF075BD00BF82
:10572000F8B504460D46067890F8F8742DED028B16
:10573000B0EE408B01F0B4FC94F8483533B194F8E6
:105740004835042B02D0BDEC028BF8BD3E4380F0FF
:10575000010000F0010018BF00200028F3D0B5EED2
:10576000C08B6B7E5BB2F1EE10FACCBF012200223F
:10577000002B37DC6B7E1B0695ED027B3CD46B7EE9
:1057800082425BB207D033B1B0EE006BB4EEC67BA1
:10579000F1EE10FA38DCB0EEC86BB4EE476BF1EE08
:1057A00010FA0CD085ED026B72B6AB6A95ED026B08
:1057B00093ED007B27EE067B85ED087B62B6B5EEA8
:1057C000C08B04230122F1EE10FA2A7684F84835C2
:1057D000CCBF0223FE23BDEC028B6B760023E3706B
:1057E0002B60F8BD95ED027BB5EEC07BF1EE10FAB3
:1057F000ACBF01200020C2E7B5EEC07BF1EE10FA8D
:1058000094BF01200020BAE794F8F835002B9AD015
:105810006B7E022B02D06B7EFE2B94D16B7E022B13
:1058200001D101236B766B7EFE2B8CD1FF236B762F
:1058300089E700BF032B2DE9F04104461E460D46C3
:10584000174690F8008003D090F8F834002B3AD136
:10585000204601F025FC94F8483580F00100B8F1AD
:10586000000F14BF002000F0010033BB48B395EDDA
:10587000027BB5EE407BF1EE10FA02D16B7E002B7D
:1058800051D16A7E6B7EB7EBD21F5BB200D023BBD7
:10589000022E55D0032E3CD094F8781500222046D5
:1058A00001F092FE84F84865002F39D0FE236B7614
:1058B0000023E3702B60BDE8F08194F848359E42E8
:1058C000D4D0BDE8F08101F0EBFB94F84835002B13
:1058D000F7D094F84835BDE8F081B0EE006BB4EE37
:1058E000C67BF1EE10FAD3DD94F8F835002BE8D042
:1058F0006B7E022B02D06B7EFE2BE2D16B7E022BE5
:1059000001D101236B766B7EFE2BDAD1FF236B7600
:10591000D7E7204601F0F2FE84F84865002FC5D194
:1059200002236B76C4E772B66B7E022B01D1012392
:105930006B766B7EFE2B01D1FF236B7662B6C0E7E0
:10594000204601F0D7FEADE7134690F8F82522B1C6
:105950000A4600F5B061FFF76DBF704790F8F83563
:10596000014683B1B5EE400BF1EE10FA03D000F51D
:10597000B061FFF7D5BE90F89935022B04D090F8AE
:105980009935FE2B00D0704791F89935022B02D142
:10599000012381F8993591F89935FE2BF3D1FF2336
:1059A00081F89935704700BF90F8F8353BB190F811
:1059B0009935022B04D090F89935FE2B00D0704712
:1059C00090F89935022B02D1012380F8993590F88F
:1059D0009935FE2BF3D1FF2380F89935704700BF2E
:1059E000134690F8F82522B10A4600F5B661FFF794
:1059F00021BF704790F8F835014683B1B5EE400BF2
:105A0000F1EE10FA03D000F5B661FFF789BE90F809
:105A1000C935022B04D090F8C935FE2B00D0704751
:105A200091F8C935022B02D1012381F8C93591F8CB
:105A3000C935FE2BF3D1FF2381F8C935704700BF6C
:105A400090F8F8353BB190F8C935022B04D090F8A6
:105A5000C935FE2B00D0704790F8C935022B02D112
:105A6000012380F8C93590F8C935FE2BF3D1FF2307
:105A700080F8C935704700BF08B50BF0C5FBBDE81D
:105A800008400BF0C1BB00BF00000000012290F9EC
:105A9000283610B502755A1E0446D2B2032A20D801
:105AA0005248023BD4F8181650F82220914228BFE1
:105AB0001146022B00F28E80DFE803F074620200D0
:105AC00007EE901AD4F83806B8EEE77B9FED455BF9
:105AD00087EE056BBCEEC66B16EE103A99B208F075
:105AE0009DF894F968365A1ED2B2032A00D910BD27
:105AF0003E48023BD4F8581650F82220914228BF65
:105B00001146022B60D8DFE803F01502280007EEEB
:105B1000901AD4F87406B8EEE77B9FED325BBDE8CF
:105B2000104087EE056BBCEEC66B16EE103A99B2CC
:105B300007F0A2BF07EE901AD4F87006B8EEE77B24
:105B40009FED285BBDE8104087EE056BBCEEC66B91
:105B500016EE103A99B208F029BA07EE901AD4F866
:105B60007806B8EEE77B9FED1F5BBDE8104087EE3F
:105B7000056BBCEEC66B16EE103A99B208F04EB843
:105B800007EE901AD4F83406B8EEE77B9FED155B6C
:105B900087EE056BBCEEC66B16EE103A99B207F0B5
:105BA0006BFF9EE707EE901AD4F83006B8EEE77B5D
:105BB0009FED0C5B87EE056BBCEEC66B16EE103AE4
:105BC00099B208F0F3F98CE7D4F86C06BDE8104000
:105BD00007F0C0B8D4F82C0607F0BCF881E700BF86
:105BE000AFF30080CD3B7F669EA0F63F581D00209E
:105BF00000000000037C2DE9F04F04462DED048BDE
:105C000089B0ABB1BA4B82684FF47A701B68E16817
:105C100000FB02F294F840555B1A9A4203D200232B
:105C2000237484F8403509B0BDEC048BBDE8F08FD7
:105C300000F5DD652846FDF701FCD4F8AC37002BF4
:105C400000F04982002BB8BF5B420293D4F834388D
:105C5000002B00F03E82002BB8BF5B4204F5F269D6
:105C600004F5016A0127A34EDFF88C820393F8E064
:105C7000002BB8BF5B420493D4F83038002B00F0FF
:105C8000FF80002BB8BF5B422046059301F02EFA3F
:105C9000002847D172B6D4F82038069362B6069B26
:105CA000D6F800B05B453BD0069B2046019301F03F
:105CB00009FAA0F10200019B98ED027BB0FA80F096
:105CC000B5EEC07B4009F1EE10FAACBF0122002214
:105CD000904200F0E6809B4540F3E68072B604F502
:105CE0009E63D4ED4A6AB7EE005BB8EEE66B93EDC7
:105CF000007B04F5EA6337EE467B13ED026B27EE7B
:105D0000067BB4EEC57BF1EE10FAC0F2DC81FDEE4D
:105D1000C77B17EE903A059A9A4200DD059362B66A
:105D2000069B336094F83035002B00F0E78072B6A4
:105D300099ED047BD4F89827FDEEC77B17EE903AD7
:105D40009B1AC4F8A83762B699ED126B99ED184BFF
:105D500099ED007BD4F8A82784EE065B002AB8BF33
:105D6000524237EE076B25EE055B85EE067BFDEEB6
:105D7000C77B17EE903A9A4211DDD4F8A827002A83
:105D8000B8BF5B4272B6D4F898271A4407EE902A3F
:105D9000B8EEE77B89ED047BC4F8A83762B694F8C7
:105DA0009935022B01D184F8997594F89935FE2B19
:105DB00002D1FF2384F8993572B69AED067BD4F8A8
:105DC0002028FDEEC77B17EE903A9B1AC4F83038B6
:105DD00062B69AED146B9AED1A4B9AED027BD4F8E9
:105DE000302884EE065B002AB8BF524237EE076BBC
:105DF00025EE055B85EE067BFDEEC77B17EE903A40
:105E00009A4211DDD4F83028002AB8BF5B4272B63E
:105E1000D4F820281A4407EE902AB8EEE77B8AEDE2
:105E2000067BC4F8303862B694F8C935022B01D12C
:105E300084F8C97594F8C935FE2B02D1FF2384F884
:105E4000C9352378012B1DD023793BB1032363741B
:105E500094F8093584F80A3500232371002384F867
:105E600030352846FDF7CEFAD4F8A837002B7FF45A
:105E7000FFAE01230493D4F83038002B7FF401AF38
:105E8000012301E794F809350A2084F80A35002334
:105E9000237003236374FAF7F3F921780BF0E4FA23
:105EA000DCE79B457FF71AAF72B604F59E63D4ED2D
:105EB0004A6AB7EE005BB8EEE66B93ED007B04F543
:105EC000E06337EE467B13ED026B27EE067BB4EE04
:105ED000C57BF1EE10FAC0F2F880FDEEC77B17EE3D
:105EE000903A049A9A427FF71AAF049317E700BFDB
:105EF0000C5A0020F454002070490020029A049BA0
:105F00009A4280F2FE80029B0793D4F8A837002BB8
:105F100002DA079B5B42079372B604F5D86394F8E4
:105F20000A5504F5DA66EDB293ED009B079B002B52
:105F300016ED028BC0F211819DED070AB8EEC00B81
:105F400099ED007B30EE000B20EE070BB5EE400B19
:105F5000F1EE10FA00F16D81B1EEC07B99ED0C6BA2
:105F600099ED185B26EE076B86EE057B1DB199ED6A
:105F7000146B37EE067BB0EEC76B9FEDB45BB4EEEF
:105F8000C56BF1EE10FA07D5079B002BB8BF5B423B
:105F9000B3F57A7F00F30381B5EE407BF1EE10FAA2
:105FA00040F0B18089ED128B62B6039A059B9A424C
:105FB00080F28D80039B0793D4F83038002B02DAEF
:105FC000079B5B42079372B604F5DC6394F80A55AD
:105FD00013ED028B079BEDB2002B96ED009BC0F2F8
:105FE000A6809DED070AB8EEC00B9AED027B30EE5D
:105FF000000B20EE070BB5EE400BF1EE10FA00F1AE
:106000001D81B1EEC07B9AED0E6B9AED1A5B26EE08
:10601000076B86EE057B1DB19AED166B37EE067B9E
:10602000B0EEC76B9FED895BB4EEC56BF1EE10FA75
:1060300007D5079B002BB8BF5B42B3F57A7F00F30F
:10604000A280B5EE407BF1EE10FA46D18AED148BBA
:1060500062B62378012B03D02279002A00F0AB80AE
:10606000D4F8A827002A7FF4DEADD4F83028002A1F
:106070007FF4D9AD2279002A40F0C980012B00F0CD
:10608000CA80E3781BB92378022B7FF4CCAD04F5EA
:10609000A06393ED000B03F009FA72B6D9E90C2363
:1060A000C9E91223DAE90E23CAE9142362B6237D73
:1060B000002B7FF4B8AD204609B0BDEC048BBDE8E1
:1060C000F04FFFF7E3BC012325E6012309E7059B19
:1060D00071E70123C2E50123B7E59AED0E5B85EE7A
:1060E000067BB4EEC78BF1EE10FA37FE087BB4EEF8
:1060F000C79BF1EE10FA88BFB0EE497B8AED147BA6
:10610000A6E7049B00E799ED0C5B85EE067BB4EEF9
:10611000C78BF1EE10FA37FE087BB4EEC79BF1EEA9
:1061200010FA88BFB0EE497B89ED127B3CE7079BF4
:106130005B4200EE103AB8EEC00B9AED027B30EEF7
:10614000000B20EE070BB5EE400BF1EE10FA66D413
:10615000B1EEC07BB1EE477B55E7079B5B4200EE9B
:10616000103AB8EEC00B99ED007B30EE000B20EE3C
:10617000070BB5EE400BF1EE10FA55D4B1EEC07B33
:10618000B1EE477BEAE69AED0E6B079B86EE097B44
:10619000002BD8BFB1EE477BB0EEC76B51E799ED4E
:1061A0000C6B079B86EE097B002BD8BFB1EE477BBB
:1061B000B0EEC76BF0E699ED0A7BD4F8A827B0EEF5
:1061C000C77B002AB8BF5242FDEEC77B17EE903A5C
:1061D000002B08BF01239A423FF725ADD4F83028A1
:1061E0009AED0C7B002AB0EEC77BB8BF5242FDEEA1
:1061F000C77B17EE903A002B08BF01239A423FF766
:1062000012AD144B01221B682274E3603FE7204665
:10621000FDF708F835E72046FCF7E4FF31E70DF01D
:1062200075F8B0EE407B95E70DF070F8B0EE407B6E
:10623000A6E70DF06BF8B0EE407B8FE60DF066F848
:10624000B0EE407BDFE600BFAFF300807B14AE47CB
:10625000E17A843F0C5A002000000000037D03B166
:10626000704790F9283601215A1ED2B2032A10B580
:106270000446017520D85148023BD4F8181650F84E
:106280002220914228BF1146022B00F28E80DFE8C7
:1062900003F07462020007EE901AD4F83806B8EEE4
:1062A000E77B9FED445B87EE056BBCEEC66B16EE9D
:1062B000103A99B207F0B2FC94F96836D4F858163F
:1062C0005A1ED2B2032A00D910BD3C48023B50F8F6
:1062D0002220914228BF1146022B60D8DFE803F04C
:1062E0001502280007EE901AD4F87406B8EEE77B82
:1062F0009FED305BBDE8104087EE056BBCEEC66BD2
:1063000016EE103A99B207F0B7BB07EE901AD4F820
:106310007006B8EEE77B9FED275BBDE8104087EE87
:10632000056BBCEEC66B16EE103A99B207F03EBE96
:1063300007EE901AD4F87806B8EEE77B9FED1D5B68
:10634000BDE8104087EE056BBCEEC66B16EE103A4A
:1063500099B207F063BC07EE901AD4F83406B8EE91
:10636000E77B9FED145B87EE056BBCEEC66B16EE0C
:10637000103A99B207F080FB9EE707EE901AD4F826
:106380003006B8EEE77B9FED0B5B87EE056BBCEE4E
:10639000C66B16EE103A99B207F008FE8CE7D4F8F7
:1063A0006C06BDE8104006F0D5BCD4F82C0606F00B
:1063B000D1FC81E7CD3B7F669EA0F63F581D0020B3
:1063C00000000000037D03B9704790F928360021D2
:1063D0005A1ED2B2032A10B50446017520D851487E
:1063E000023BD4F8101650F82220914228BF1146E3
:1063F000022B00F28E80DFE803F07462020007EEE9
:10640000901AD4F83806B8EEE77B9FED445B87EE30
:10641000056BBCEEC66B16EE103A99B207F0FEFBA8
:1064200094F96836D4F850165A1ED2B2032A00D90D
:1064300010BD3C48023B50F82220914228BF114633
:10644000022B60D8DFE803F01502280007EE901A4F
:10645000D4F87406B8EEE77B9FED305BBDE81040E2
:1064600087EE056BBCEEC66B16EE103A99B207F0DC
:1064700003BB07EE901AD4F87006B8EEE77B9FEDE9
:10648000275BBDE8104087EE056BBCEEC66B16EED1
:10649000103A99B207F08ABD07EE901AD4F8780640
:1064A000B8EEE77B9FED1D5BBDE8104087EE056B06
:1064B000BCEEC66B16EE103A99B207F0AFBB07EE12
:1064C000901AD4F83406B8EEE77B9FED145B87EEA4
:1064D000056BBCEEC66B16EE103A99B207F0CCFA1B
:1064E0009EE707EE901AD4F83006B8EEE77B9FEDF2
:1064F0000B5B87EE056BBCEEC66B16EE103A99B2DD
:1065000007F054FD8CE7D4F86C06BDE8104006F0A7
:1065100021BCD4F82C0606F01DFC81E7CD3B7F663C
:106520009EA0F63F581D002008B50AF06DFEBDE89C
:1065300008400AF069BE00BF016070472DE9F843CA
:106540000446006803782DED088B23B10020BDECD4
:10655000088BBDE8F88300F0A9FD0028F6D1236878
:10656000B0EE000B93F80A1503F5F46283F80A0500
:1065700093F8090692ED009B01EE100A03F5036201
:1065800083F80915B8EE411B9FED58BB12ED028B45
:106590000DF098FAB0EE406B29EE0B9B236893F850
:1065A0004936B0EE000B01EE103A9FED52ABB8EE5B
:1065B000411B29EE0A9BBDEEC99BB8EEC99B89EE33
:1065C000067BFDEEC77B17EE906A0DF07BFA28EE96
:1065D0000B7B01205FFA86F827EE0A7BBDEEC77BB6
:1065E000B8EEC77B87EE006BFDEEC67B17EE905AC8
:1065F000F9F746FE07460AF02BFE80456ED107F1FB
:106600000108C6F3072940460AF022FE814560D101
:1066100007F10208C6F3074940460AF019FE814512
:1066200052D10337360E38460AF012FE864246D162
:106630000520EFB2F9F724FE06460AF009FE87426C
:1066400038D1771CC5F3072838460AF001FE80458B
:106650002BD1B71CC5F3074838460AF0F9FD804531
:106660001ED103362D0E30460AF0F2FD854212D1BE
:10667000FAF732FC012523680B205D70F9F700FE64
:10668000236859780AF0F0FE2368284693F8092514
:1066900083F80A255BE7294630460AF0E5FEE7E77E
:1066A000414638460AF0E0FEDBE7414638460AF04C
:1066B000DBFECEE7394630460AF0D6FEC1E731466A
:1066C00038460AF0D1FEB3E7494640460AF0CCFE10
:1066D000A7E7494640460AF0C7FE99E741463846D3
:1066E0000AF0C2FE8BE700BFAFF30080000000009D
:1066F0000000503F000000000000904003685A78FE
:1067000002B97047002210B504465A700B20F9F701
:10671000B7FD2368BDE8104059780AF0A5BE00BF58
:1067200010B50446006882B0D0F8083823B9D0F814
:106730009038002B00F0B880437C012B71D0022BE5
:1067400041D00BB102B010BD72B62368584903F5B1
:10675000FC6003F50663574A10ED026B93ED007B76
:10676000BDEEC66BBDEEC77B81ED006A82ED007A9F
:1067700062B6206801AA694600F5F46393ED006BE8
:1067800000F6080393ED007A00F50363B8EEC77BCB
:1067900037EE067B13ED026BBDEEC77B00F5096398
:1067A0008DED007A93ED007AB8EEC77B37EE067B6D
:1067B000BDEEC77B8DED017AFDF71AFA2368012241
:1067C0005A7402B010BD00F5DD60FCF71BFE2368B3
:1067D000D3F8FC27002AB5D1D3F8A827002AB1D1D5
:1067E000D3F88428002AADD1D3F83038002BA9D1B2
:1067F00072B62F492F4A91ED006A92ED007A236814
:10680000B8EEC66BB8EEC77B03F5FC6203F5066312
:1068100002ED026B83ED007B62B6032223685A749B
:1068200090E700F5DD60FCF7EDFD2068D0F8FC276F
:10683000D0F808389A4285D1D0F8A837002B81D1FA
:10684000D0F88428D0F890389A427FF47BAFD0F803
:106850003038002B7FF476AF00F5F46100F5036368
:1068600001AA91ED006B00F6080191ED004A69461E
:1068700013ED027B00F50963B8EEC44B93ED005AAB
:1068800036EE446BB8EEC55BBDEEC66B37EE457BAE
:106890008DED006ABDEEC77B8DED017AFDF7A8F99D
:1068A000236802225A744DE70323437402B010BDDB
:1068B000E0540020E454002003685A7C032A10B5F9
:1068C000044601D100225A742046FFF729FF2368AD
:1068D0005A7C032A00D010BD0021022203F5DD609E
:1068E00083F840151A70FCF7BDFD0A20F9F7C8FCC3
:1068F0002368BDE8104019780AF0B6BDF0B504462B
:10690000006883B00378022B00F093804278002A5D
:1069100000F08B80002B40F0908000F0C7FB002837
:1069200040F09180236893F8F854002D40F08D805A
:1069300093F8F835002B00F0848001200026F9F749
:106940009FFC07460AF084FC60F30706781C0AF0F7
:106950007FFC60F30F26B81C0AF07AFC0346F81C93
:1069600063F317460AF074FC0346052063F31F66C1
:1069700000960026F9F784FC07460AF069FC60F3EC
:106980000706781C0AF064FC60F30F26B81C0AF0B6
:106990005FFC0346F81C63F317460AF059FC2368B2
:1069A000B0EE000B60F31F6693F8093601EE103A63
:1069B000B8EE411B0DF086F8DDED007AB0EE406BCD
:1069C0002368B8EEE77B93F84936B0EE000B27EE6C
:1069D000067B01EE103AB8EE411BBDEEC77B8DED94
:1069E000007A0DF06FF807EE906A236801260A20FE
:1069F000B8EEE77B83F8095583F80A5527EE000BBC
:106A0000BDEEC00B8DED010A1E70F9F739FC23684D
:106A100019780AF029FD206801AA694680F84065C6
:106A2000FDF7E6F8284603B0F0BD0125284603B07F
:106A3000F0BD0025284603B0F0BD0225284603B06E
:106A4000F0BD0525F2E70325F0E70425EEE700BFDA
:106A50000368F0B55E7883B0002E7DD0002201255A
:106A600004460A20DA7083F8885783F810580AF031
:106A7000ABFA28460025F9F703FC07460AF0E8FBC5
:106A800060F30705781C0AF0E3FB60F30F25B81CE0
:106A90000AF0DEFB0346F81C63F317450AF0D8FB47
:106AA0000346052063F31F6500950025F9F7E8FB11
:106AB00007460AF0CDFB60F30705781C0AF0C8FB17
:106AC00060F30F25B81C0AF0C3FB0346F81C63F300
:106AD00017450AF0BDFB2368B0EE000B60F31F659D
:106AE00093F8093601EE103AB8EE411B0CF0EAFFBC
:106AF000DDED007AB0EE406B2368B8EEE77B93F8EB
:106B00004936B0EE000B27EE067B01EE103AB8EEE8
:106B1000411BBDEEC77B8DED007A0CF0D3FF07EE75
:106B2000905A01AA69462068B8EEE77B27EE000B71
:106B3000BDEEC00B8DED010AFDF756F82068837D90
:106B4000A3F10103B3FA83F35B095B004375FDF71F
:106B5000F9F92068FFF782FB304603B0F0BD00BFB3
:106B600070B504460B20F9F78BFB0AF071FB031E8E
:106B7000226814BF01210021517003D11E461370F9
:106B8000304670BD0A20F9F77BFB0AF061FB054631
:106B900090B1022814D12046FFF75AFF2368064619
:106BA00010B11D70304670BD1E700A20F9F768FBE9
:106BB00031460AF059FCE3E7236806461D70F1E709
:106BC000002523680A201D702E46F9F759FB294637
:106BD0000AF04AFC304670BD03681A7802B9704763
:106BE000002210B504461A700A20F9F749FB236801
:106BF00019780AF039FC206890F8F83503B910BD0F
:106C0000BDE8104001F0B6BA70B50446006890F8CF
:106C1000F8552DB10378012B02D890F8F83413B150
:106C20000025284670BD00F041FA0028F8D12368FD
:106C3000012683F80A0503F23C7283F8090503F282
:106C4000EC61184683F84065FCF7D2FF23681E719B
:106C5000E7E700BF70B50446006800F027FA08B106
:106C6000002070BD0546012320680022294680F8D7
:106C7000383800F59C6C80F8B03700F59A66002330
:106C8000CCE900234CE9022346E90223C6E90023AC
:106C900000F028FA23680A2003F5F26103F5016287
:106CA00091ED0C7B81ED127B92ED0E7B82ED147BDE
:106CB0001D70F9F7E5FA256806460AF0C9FA297841
:106CC000814203D030460AF0CFFB2568002605F24A
:106CD0003C7205F2EC61284685F8996585F898655F
:106CE000C5F88065C5F8846585F8C96585F8C86507
:106CF000C5F8B065C5F8B4650125FCF775FF2068D7
:106D0000FFF7ACFA206880F80A65C570FDF71AF93C
:106D1000284670BD38B5036804465A7C032A01D161
:106D200000225A742046FFF7FBFC23685A7C032A92
:106D300000D038BD002520461D7183F84055FFF76F
:106D400089FF2068294600F5DD60BDE83840FCF782
:106D500089BB00BF70B504463820F9F791FA0AF0F4
:106D600077FA0028236814BF012200229A700ED1FE
:106D7000184600F0BBF92368002800F08580002148
:106D8000D3F8E826C3F83C17C3F8EC2670BD3920C9
:106D90000025F9F775FA06460AF05AFA0346701C00
:106DA00063F307050AF054FA60F30F25B01C0AF0EC
:106DB0004FFA0346F01C63F317450AF049FA2368BB
:106DC000B0EE000B60F31F6593F8093601EE103A40
:106DD000B8EE411B0CF076FE07EE905A23683D207A
:106DE000B8EEE77B002527EE000BBDEEC00B10EEE2
:106DF000102AC3F8EC26F9F743FA06460AF028FAF7
:106E000060F30705701C0AF023FA0346B01C63F315
:106E10000F250AF01DFA0346F01C63F317450AF02C
:106E200017FA2368B0EE000B60F31F6593F849363C
:106E300001EE103AB8EE411B0CF044FE07EE905AFA
:106E40002068B8EEE77BD0F8EC1600F5947027EEDA
:106E5000000BFDEEC07B17EE902AC0F81426FEF75B
:106E6000E9FB23689A7800EA02059D70002D8DD118
:106E70003820F9F705FA29460AF0F6FA23689A78D5
:106E8000002A3FF475AF70BDD3F8E816D3F8382761
:106E9000C3F8EC16C3F83C2770BD00BF38B50446F4
:106EA0003820F9F7EDF905460AF0D2F918B10021BA
:106EB00028460AF0D9FA2046BDE83840FFF74ABF15
:106EC000000000002DE9F8430446006803782DED2A
:106ED000088B23B10020BDEC088BBDE8F88300F0DF
:106EE000DFF80028F6D12368B0EE000B93F80A15FE
:106EF00003F5F46283F80A0593F8090692ED009B06
:106F000001EE100A03F5036283F80915B8EE411B80
:106F10009FED56BB12ED028B0CF0D4FDB0EE406B32
:106F200029EE0B9B236893F84936B0EE000B01EE77
:106F3000103A9FED50ABB8EE411B29EE0A9BBDEE17
:106F4000C99BB8EEC99B89EE067BFDEEC77B17EEA9
:106F5000906A0CF0B7FD28EE0B7B39205FFA86F8BB
:106F600027EE0A7BBDEEC77BB8EEC77B87EE006BD2
:106F7000FDEEC67B17EE905AF9F782F907460AF044
:106F800067F980456BD107F10108C6F30729404630
:106F90000AF05EF981455DD107F10208C6F30749A1
:106FA00040460AF055F981454FD10337360E384631
:106FB0000AF04EF9864243D13D20EFB2F9F760F96D
:106FC00006460AF045F9874235D1771CC5F30728F4
:106FD00038460AF03DF9804528D1B71CC5F307486B
:106FE00038460AF035F980451BD103362D0E304660
:106FF0000AF02EF985420FD13820F9F741F9012125
:107000000AF032FA2046FFF7A5FE2368012093F824
:10701000092583F80A255EE7294630460AF024FA56
:10702000EAE7414638460AF01FFADEE741463846AD
:107030000AF01AFAD1E7394630460AF015FAC4E7E1
:10704000314638460AF010FAB6E7494640460AF09B
:107050000BFAAAE7494640460AF006FA9CE7414681
:1070600038460AF001FA8EE7AFF300800000000016
:107070000000503F000000000000904008B50AF0FA
:10708000C3F8BDE808400AF0BFB800BF0078A0F11F
:107090000200B0FA80F04009704700BFC078704726
:1070A00090F84005003818BF0120704790F840352F
:1070B0002BB990F84805003818BF0120704701200F
:1070C000704700BF00B585B000F5947002A903AA0F
:1070D0000190FEF7B9FA03990198FEF7AFFA05B0EF
:1070E0005DF804FB80F8F814704700BF807D03381A
:1070F00001288CBF00200120704700BF012380F8C9
:10710000303570472DE9F04300F5D8771646002357
:10711000DFF8A09100F522788C462DED088BA5B004
:10712000B0EE409B049708AC90F8162106ADCDF860
:107130001480CDE906338DF8182000225B4BCDE991
:10714000082300225A4B9FED4D8B99ED020BCDE9A0
:107150000A2394E80F0020EE080B8DE80F0061462B
:107160000CA895E80C0004F045F899ED020BCDE968
:10717000047894E80F0020EE080B8DE80F003146EC
:1071800018A895E80C0004F035F818A804F040FCA5
:10719000B0EE408B0CA804F03BFC18A838EE408BF6
:1071A00004F032FC0CA8B0EE40AB04F02DFC9FEDD7
:1071B00035BB9FED366B3AEE400B28EE0B8B20EE85
:1071C0000B7BB4EEC68BF1EE10FA08D59FED315B68
:1071D00038EE058BB4EEC68BF1EE10FAF8D49FEDC5
:1071E0002F6BB4EEC68BF1EE10FA08DB9FED295B36
:1071F00038EE458BB4EEC68BF1EE10FAF8DA9FED5F
:10720000236BB4EEC67BF1EE10FA08D59FED215B3F
:1072100037EE057BB4EEC67BF1EE10FAF8D49FEDA5
:107220001F6BB4EEC67BF1EE10FA08DB9FED195B25
:1072300037EE457BB4EEC67BF1EE10FAF8DAB2EE2B
:107240000E4B359BB6EE006B29EE049B28EE068BA9
:1072500027EE067B9FED135B85EE096B28EE068B10
:1072600027EE067B83ED008B369B83ED007B25B0FC
:10727000BDEC088BBDE8F083AFF30080399D52A2CE
:1072800046DF913FF8C1631ADCA54C4000000000C6
:10729000008066C000000000008076400000000012
:1072A00000806640000000000020AC400000244048
:1072B0000040594070490020000000009FED736BB2
:1072C000F0B590F80A3504462DED0A8BA5B08DED8A
:1072D000086B8DED0A6B002B00F0C88000F5A262F0
:1072E00000F5A463B2EE0E3B9FED6A4B92ED007B7E
:1072F00013ED026B9FED695B27EE047B90F8403540
:1073000026EE046B27EE037B86EE05AB87EE05BB0E
:10731000002B40F08280674B18AD014604F594774E
:1073200028460CAE93ED020B9FED5E7B9FED5F8BCD
:1073300020EE070BFDF702F8284603F083FF2846EE
:1073400020EE089B03F07AFF324607A938460597DE
:1073500020EE088BFEF778F90C990598FEF76EF988
:10736000034639EE4B2B304638EE4A1B05939FED12
:107370004DCB9FED460B22EE0C2B21EE0C1B03F0A8
:1073800087FE284639EE0B2B38EE0A1B22EE0C2B1B
:1073900021EE0C1B9FED3D0B03F07AFE0AA8059B26
:1073A0002A46029008A83146019094F816019FEDF4
:1073B000390B00902046FFF7A5FEBBEE007B9DED4C
:1073C000086BB4EEC76BF1EE10FA59DBB3EE007B3D
:1073D000B4EEC76BF1EE10FA58BFB0EE476BBBEEE0
:1073E000005B04F5FE639DED0A7B03ED026BB4EEDA
:1073F000C57BF1EE10FA40DBB3EE006BB4EEC67B5A
:10740000F1EE10FA58BFB0EE467B04F5076484ED48
:10741000007B25B0BDEC0A8BF0BD264B18AD0146B4
:1074200028469FED207B93ED020B9FED208B20EEF5
:10743000070BFDF7C7F8284603F004FF284620EEA7
:10744000089B03F0FBFE20EE088B72B604F5036385
:1074500013ED027B62B6FDEEC77B04F594700CAEB3
:1074600017EE901AFEF7EAF803467AE700F5FE6396
:10747000B0EE467B03ED026BC7E7B0EE457BC4E799
:10748000B0EE476BABE700BFAFF300800000000039
:10749000000000000000000000004E40000000005E
:1074A0000020AC40399D52A246DF913FF8C1631ADB
:1074B000DCA54C407049002038B500F5A263B7EE5A
:1074C000006B04460D4693ED007BB4EE467BF1EE77
:1074D00010FA08D100F5A46313ED026BB5EE406B12
:1074E000F1EE10FA42D0A37D033B012B45D994F86D
:1074F0001631002B4CD194F87834002B48D12B4B0B
:1075000093ED026B04F5FE63B5EEC06BF1EE10FA7D
:10751000B8BFB1EE477B03ED027B72B604F503639F
:1075200013ED027B62B6FDEEC77B04F5947017EE97
:10753000901AFEF783F804F5A463B7EE007B0128E8
:10754000BFEE004B94F90825B2EE0E5B13ED026B13
:1075500007FE047B04F50763012A27EE067B87EE0E
:10756000056B83ED006B1CD065B938BD002380F836
:107570000B35A37D033B012BB9D82046FFF79EFEB8
:10758000002DF2D004F5DD60BDE83840FBF770BF98
:107590002046FFF793FE94F90835012BE4D104F55A
:1075A000076300200021C3E90001DDE770490020E6
:1075B00000F5A26200F5A463012182ED000B03ED4A
:1075C000021BFFF779BF00BF00F5DE6C04299CEDBC
:1075D000087BA8BF0421B5EEC07B21EAE17101F16F
:1075E000AA03F1EE10FA00EBC30393ED002B62D96E
:1075F00000F5E863B2EE043BB7EE004B93ED085B99
:1076000027EE037BB5EEC05BF1EE10FA84EE076B5C
:107610006AD925EE035B84EE057BB4EEC67BF1EE02
:1076200010FA5ED8B5EEC06BF1EE10FA0BDDB5EED8
:10763000C02BF1EE10FA06DDB4EE462BF1EE10FA97
:1076400048BFB0EE462B90F878358B4200D18AB314
:10765000C9B200F5B06380F8781593ED027BB4EE03
:10766000472BF1EE10FA0DD083ED022B72B6D0F855
:10767000A82593ED026B92ED007B27EE067B83ED50
:10768000087B62B600F5B66393ED027BB4EE472B40
:10769000F1EE10FA0ED083ED022B72B6D0F8D82599
:1076A00093ED026B92ED007B27EE067B83ED087B6A
:1076B00062B67047704700F5E86393ED087BB5EE5E
:1076C000C07BF1EE10FABED9B2EE046BB7EE005BF0
:1076D00027EE066B85EE067BB5EEC07BF1EE10FA69
:1076E000B1D9B0EE476B9DE7B5EEC06BF1EE10FA85
:1076F000A9DB97E701220021FFF766BF002290F87F
:107700007915FFF761BF00BF012290F87815FFF7E8
:107710005BBF00BF00F5E26200F5EC63B0EE085B12
:10772000B0EE003B12ED024B9FED4C7B2DE9F04398
:1077300013ED026B2DED068B87EE04AB00F5D865DB
:1077400000F5DA6683B0044687EE069B8AEE006B8E
:1077500089EE007BB4EEC56BF1EE10FAB4EEC57B9A
:1077600026FE056B8AEE064BF1EE10FA85ED006BF6
:1077700027FE057B89EE078B86ED007BB4EE484B38
:10778000F1EE10FA48BFB0EE448B30EE480BB0EE8D
:10779000C00BB4EEC30BF1EE10FA29DC89EE087BC6
:1077A00004F5AE678AEE086B85ED006B86ED007B15
:1077B00017ED027B87ED008BB4EEC87BF1EE10FA7B
:1077C00033DA204694F878150122FFF7FDFE04F520
:1077D000BE6304F5DD6096ED001B95ED000B13ED27
:1077E000022B03B0BDEC068BBDE8F043FBF75CBE9B
:1077F0001A20F8F745FDFDEEC87B0746CDED017A6E
:1078000009F026FD9DF80480BDF80490804520D144
:1078100001374FEA1929384609F01AFD8145BDD0D4
:107820004946384609F020FEB8E7B6EE007B19203D
:1078300028EE078B07ED028BF8F722FD17ED027B90
:10784000FCEEC77BCDED017A9DF8041009F00CFE2B
:10785000B7E74146384609F007FED9E700000000C7
:1078600080842E4170B505461A20F8F709FD0646BA
:1078700009F0EEFC0446701C09F0EAFC0346E4B291
:10788000284663F30F24A4B207EE904ABDE8704087
:10789000B8EE670BFFF73EBF00F5BE6100F5DA6298
:1078A00000F5D86300F5DD6011ED022B92ED001BB1
:1078B00093ED000BFBF7F8BD0000000038B500F5B4
:1078C000EC6300F5A0650446D0F86426D0F82416D1
:1078D00013ED022B00F5E26300F5DD6095ED000B82
:1078E00013ED021B9FED0D3BFBF70CFE04F5A263AD
:1078F00000200E499FED0B7BC3E9000104F5A46352
:107900002046012103ED027BFFF7D6FD95ED000B2C
:10791000BDE8384001F0CABDAFF3008000000000B0
:1079200080842E4100000000000000000000F03FB5
:107930002DE9F04100F5947582B004460E4601AA87
:1079400069462846FDF780FE01992846FDF776FE38
:1079500001AA694607462846FDF776FEE37823B17B
:1079600094F80A3583F00103E370009BD4F82027D4
:107970009A4226DCD4F82427934222DC94F8F83487
:10798000042B37D0019BD4F87027934225DBD4F821
:107990007427934221DC94F8F834052B39D0A37D69
:1079A000012B3AD0E3784BBB2378022B12D194F809
:1079B000F8347BB12046FBF711FC2046FBF736FC80
:1079C00008E0042294F8403584F8F82463B90EB92D
:1079D00084F80A6502B0BDE8F081052294F84035CC
:1079E00084F8F824002BF2D0012384F8303502B05B
:1079F000BDE8F081002384F8F834C3E794F8F83444
:107A0000002BE7D02046FBF705FC2046FBF70EFCD9
:107A1000CAE7002384F8F834C1E772B604F5F263CC
:107A2000D4F8982793ED047B94F8B08793ED0A6B14
:107A30005FFA88F862B6FDEEC77B17EE903A9B1AA4
:107A4000002B54D0CCBF4FF001084FF000080123A9
:107A50002846DDE90012FDF7E9FCA8B9022F55D14F
:107A6000B8F1000F52D0072294F8403584F8F8247A
:107A700013B1012384F83035012FABD9012EA9D0E1
:107A8000002384F80A35A5E794F8F834072B02D1CF
:107A9000002384F8F83428460123DDE90012FDF7BD
:107AA0005DFCB8B9A7F10103B3FA83F35B09002BBE
:107AB00039D0B8F1000F36D0062194F8402584F86B
:107AC000F81412B1012284F83025012E82D0002B47
:107AD000D6D17FE794F8F834062B7FF463AF002209
:107AE000E37884F8F824002B7FF474AF5CE7B5EEFC
:107AF000406BF1EE10FAAAD0B5EEC06BF1EE10FAC1
:107B0000CCBF4FF001084FF00008A0E7B8F1010F1B
:107B1000BAD0012FB8D1072294F8403584F8F82460
:107B2000002BA6D156E7B8F1010FD3D0022FD1D147
:107B3000062194F8402584F8F814002A3FF44AAF4F
:107B4000C0E700BFF0B51D4690F80A358FB0044677
:107B50000F461646FBB172B690F8483590F8F827F4
:107B6000DBB2002A00F09E8094F8802892B9042BA2
:107B700000F0F18004F5036304F5046206EE905A08
:107B800013ED027B92ED005BB8EEE66BA5EE067B93
:107B900003ED027B62B694F84035002B40F0C880BC
:107BA000132D69DC754A764B02FB0733754AB2EB3D
:107BB000B30F61D2632D70DC002F6ED094F8F835CE
:107BC00043B194F84935042B00F0A38094F848356C
:107BD00084F8493594F889371BB994F81138002B8B
:107BE00073D0012384F8F834002E43D194F8402553
:107BF000002A40F0A18084F80A6594F89925022AA9
:107C000001D184F8993594F89935FE2B02D1FF23E0
:107C100084F8993594F8C935022B02D1012384F8F0
:107C2000C93594F8C935FE2B02D1FF2384F8C93534
:107C300004F59E63D4ED4A7A93ED006BB8EEE77BD2
:107C4000B4EEC76BF1EE10FA08D4D4ED4B7AB8EE6F
:107C5000E77BB4EEC67BF1EE10FA0BD5022294F866
:107C6000403584F8F82403F0FF02002B79D001237B
:107C700084F830350FB0F0BD21466846FCF7CAFCE9
:107C8000684603F081FD04F59E63632D9FED397B0B
:107C900020EE070B83ED000B8EDD01212046FFF760
:107CA0000BFC8BE7042B4DD004F5F46204F5F8616E
:107CB00006EE905A92ED007B11ED025BB8EEE66B9A
:107CC000A5EE067B82ED007B4EE794F8F824D4ED18
:107CD0004A7A012AB8EEE77B08BF84F8F83404F545
:107CE0009E6393ED006BB4EEC76BF1EE10FA26D4F1
:107CF000D4ED4B7AB8EEE77BB4EEC76BF1EE10FA39
:107D00001DDC94F8F834022BB4D1002384F8F83445
:107D1000B0E794F84835002B7FF458AF94F80A3553
:107D20001BBB94F8781501222046FFF74DFC4DE768
:107D30002046FDF75FFF33E784F8303578E7002E03
:107D40008CD097E790F89825002AADD090F880382D
:107D5000002B7FF41FAF94F8C835002B3FF40AAF17
:107D600018E784F80A250FB0F0BD01212046FFF77F
:107D7000A3FBD6E7F8C1631ADCA54C40CDCCCCCC34
:107D800098999919CCCCCC0CA9B190F8363010B593
:107D900004466BB107212046FCF7DCF838B1E378E4
:107DA0000BB10023E37023780BB10023237010BDC7
:107DB00090F87D16EFE770470000000090F8F83566
:107DC00070B504460E4615462DED048B002B00F0D1
:107DD000408172B6D0F8FC35B0EE000B07EE903A59
:107DE00090F80936B8EE676B01EE103AD0F8043619
:107DF000B8EE411B07EE903A9FEDD45BB8EE677B7F
:107E000086EE058B28EE078B0BF05CFE04F5DE6238
:107E10009FEDD04B9FEDD13B28EE000B9FEDD12B7A
:107E20009FEDD25BFDEEC07BB0EE000B17EE903AFB
:107E3000B8EEE77BC4F8F036002B87EE046B1946EA
:107E4000B8BF591C002BB8BF0333491087EE054B50
:107E50009B1087EE025B86EE039B82ED026B82ED48
:107E6000064B82ED085B9FEDB95B82ED049BD4F875
:107E70003C26C4F81C3707EE902AD4F84436C4F8E0
:107E80001817B8EE676B07EE903A94F84936B8EEDB
:107E9000677B86EE058B01EE103AB8EE411B28EEAB
:107EA000078B0BF00FFE04F5E8629FEDAA3B9FEDF8
:107EB000AF4B28EE000B9FEDAB5B9FEDA82BFDEECB
:107EC000C07B17EE903AB8EEE77BC4F84037002B42
:107ED00087EE036B1946B8BF591C002BB8BF03339C
:107EE000491087EE043B9B1087EE054B86EE025B44
:107EF00082ED026B82ED063B82ED084B82ED045B66
:107F0000D4F82026C4F8681707EE902AC4F86C3716
:107F1000B8EEE76B26EE096BD4F86026002307EE77
:107F2000902ABDEEC66BB8EEE77B16EE102A27EE60
:107F3000057BC4F80828C4F8FC3704F5F46284F81B
:107F4000F837BDEEC77B17EE101AC4F89018C4F8C6
:107F5000843884F8803804F5F36393ED007A04F5EF
:107F60000363B8EEC77B82ED007B04F5026292EDFD
:107F7000007AB8EEC77B03ED027B62B694F87835E1
:107F80000022AA3304EBC30393ED007B84F8992508
:107F900004F5E26384F89825C4F8802504F5B062FE
:107FA00092ED026BC4F8A835B4EE467BF1EE10FA00
:107FB0000DD082ED027B72B6D4F8A83592ED026B3B
:107FC00093ED007B27EE067B82ED087B62B694F88A
:107FD00078350022AA3304EBC30393ED007B84F8C9
:107FE000C92504F5EC6384F8C825C4F8B02504F568
:107FF000B66292ED026BC4F8D835B4EE467BF1EE72
:1080000010FA0DD082ED027B72B6D4F8D83592ED1D
:10801000026B93ED007B27EE067B82ED087B62B658
:10802000F9F782FA3046F8F78DFB002D40F0858095
:1080300004F59470FDF70EFB2046FBF7FBF8204695
:10804000FFF73CFC2046BDEC048BBDE87040FFF719
:1080500009BC72B600F5D06300F5DE6293ED007BDB
:108060009FED3C5B9FED411B9FED3C2B27EE057B7D
:108070009FED3C4B9FED3B0BFDEEC77B17EE903A1F
:10808000B8EEE77BC0F8F036002B87EE056B19469B
:10809000B8BF591C002BB8BF0333491087EE013B12
:1080A0009B1087EE045B9FED2D1B86EE024B82ED4D
:1080B000026B82ED063B9FED2D3B82ED085B9FED51
:1080C000255B82ED044B00F5D462C0F8181792EDE1
:1080D000007BC0F81C3700F5E86227EE057BFDEE5B
:1080E000C77B17EE903AB8EEE77B002BC0F840371D
:1080F00087EE056B1946B8BF591C002BB8BF033378
:10810000491087EE032B9B1087EE003B86EE015B48
:1081100082ED026B82ED062B82ED083B82ED045B63
:10812000D0F82026C0F8681707EE902AC0F86C3700
:10813000B8EEE76B26EE046BEEE62046FBF74EF852
:108140002046FBF767F873E7AFF3008000000000FC
:1081500000408F40000000000080764000000000DA
:108160000020AC4000000000C07A60410000000028
:108170000018F54038B590F80A3503B138BD012133
:10818000044603F0FF0580F80A15FFF795F9034B45
:108190001B68E570C4F8283538BD00BF0C5A0020B4
:1081A00000000000D1490B6813F001032DE9F047EE
:1081B00004462DED0C8BACB014D1CD4A0020C2F892
:1081C000E831C2F8183382F8283301230B6000210C
:1081D000C2E95001C2E95201C2E95401C2E97C017D
:1081E000C2E9C80194F83135E3B194F8F8341BBB07
:1081F000C04D2B78002B00F0D680BF4BBF4A1F68C4
:108200001068BF4D3A1ABF4BBF4E29689A4237607B
:10821000A7EB010710D8C72F1CD82CB0BDEC0C8BD6
:10822000BDE8F087B34A11780029F6D013702CB05E
:10823000BDEC0C8BBDE8F0872046FDF7B5FB204672
:10824000FDF7FEFB002384F831352CB0BDEC0C8B20
:10825000BDE8F0870B1A09EE103AD3199FED957B14
:10826000B8EE499B08EE103A04F5A863B8EE488BC7
:1082700029EE079B28EE078BB5EE409B9FED8F6B99
:1082800013ED02ABF1EE10FA2AEE06AB00F1D88046
:10829000B1EEC9CB2AEE0CDBB0EE4C0B0BF0EEF9D5
:1082A00020EE0DBBB0EE4C0B0BF070FAB5EE408B30
:1082B00020EE0DCBF1EE10FA00F1DF80B1EEC8DB5D
:1082C0002AEE0DABB0EE4D0B0BF0D8F920EE0A9B69
:1082D0000DF1800804F594790DF1180AB0EE4D0BFC
:1082E0000BF054FA20EE0AAB40469FED768B9FEDE3
:1082F000770B2BEE082B2CEE081B03F093FB834A25
:10830000414608A803F09CFB29EE082B40462AEEC4
:10831000081B9FED6E0B03F085FB7C4A414614A8B9
:1083200003F08EFB424651464846CDF81090FDF7CB
:108330008BF920990498FDF781F907EE907A0346AE
:1083400014AAB8EE677B08A99FED620BCDE901A8DE
:1083500094F8150127EE000B00902046FEF7D2FEA0
:1083600004F5AE639DED060B93ED007BB0EEC06BA4
:10837000B4EEC67BF1EE10FA3FF55EAF9DED208BBB
:10838000B0EEC86BB4EEC67BF1EE10FA3FF554AF19
:108390002046FDF7E3FAB0EE480B2046FDF72AFB36
:1083A00033682B6039E75A4B214620A893ED020B26
:1083B0009FED447B20EE070BFBF7C0FF20A802F0E7
:1083C00041FF20A8B0EE408B02F038FF4848B0EEE5
:1083D000401B9FED3E3BB0EE480BB0EE432B06F04A
:1083E00035FF20A802F02AFFB5EEC00B20A89FEDB4
:1083F0003B7BF1EE10FA9FED3B3B33FE073B8DEDEF
:10840000043B02F01FFF20A8B0EE408B02F016FFE5
:1084100037489DED043B9FED2D2B30EE031BB0EE56
:10842000480B06F013FF344B344801221B683449D3
:1084300003600B602A702CB0BDEC0C8BBDE8F0879C
:10844000B0EE490B0AF0EEFFB0EE40BBB0EE490BC8
:108450000AF0E8FF2AEE0BBB0BF010F92BEE00BB85
:10846000B0EE490B0AF0DEFF2AEE00DBB0EE490B5E
:108470000AF0D8FFB0EE40CB14E7B0EE480B0AF09C
:10848000D1FFB0EE409BB0EE480B0AF0CBFF2AEED6
:10849000099B0BF0F3F829EE009BB0EE480B0AF0B5
:1084A000C1FF2AEE00ABB0EE480B0AF0BBFFB0EE06
:1084B00040DB0DE7FCA9F1D24D62503F9A999999A2
:1084C0009999D93F399D52A246DF913F00000000A3
:1084D00000000000FCA9F1D24D62603F182D445409
:1084E000FB21E93F182D4454FB21E9BF985200209D
:1084F000304600204C5A00200C5A0020E85400203E
:10850000F0540020E0930400EC540020504600207A
:108510007049002008B508F077FEBDE8084008F073
:1085200073BE00BF0160704708B50021132008F03A
:1085300005FE0021102008F001FE0021122008F0A5
:10854000FDFD00211120BDE8084008F0F7BD00BF87
:108550002DE9F04F0446006883B090F8F884B8F134
:10856000000F06D090F84835022B78D003B0BDE854
:10857000F08F132008F0D0FD0646102008F0CCFD47
:108580000746122008F0C8FD0546112008F0C4FD7A
:108590004849494A8146494B48681268A3FB023260
:1085A000920C02EB82024B681B1A9A42FBD81320F2
:1085B00008F0B2FD8346102008F0AEFD01901220B5
:1085C00008F0AAFD8246112008F0A6FD5E4502468D
:1085D0004DD1019B9F424AD1DFF8F0B00023BE424B
:1085E0008BF8003005D0002E49D0002F53D09BF8D7
:1085F00000805545324E0DD191450BD100234D459C
:10860000337007D00DB92D233370B9F1000F01D1AC
:108610002B2333702B4B1A7842450DD083F8008002
:10862000B8F1000F27D0A8F12D0102222068B1FA7D
:1086300081F14909FDF788F9234B31781A788A428C
:1086400094D0197069B1A1F12D0102222068B1FA0C
:1086500081F1490903B0BDE8F04FFDF7C1B9FDF75D
:10866000A3F9206803B0BDE8F04FFDF7E9B9174B57
:1086700093F80080BDE72068FDF796F9DCE70190EC
:108680002068FEF71FFD0128019A0CBF2B232D2324
:108690008BF80030A9E720680192FEF713FD01284E
:1086A000019A0CBF4FF02D084FF02B088BF800807B
:1086B0009FE700BF001000E07432002083DE1B4300
:1086C000505A00204F5A00204E5A0020515A002084
:1086D00008B508F099FDBDE8084008F095BD00BF59
:1086E0000000000084B030B52DED028B9BB000255A
:1086F00020AC09958DF81F5084E80F00002200235C
:10870000B04C20A89FEDAB8BCDE90A23CDE90C231B
:1087100003F03AF8D4ED4A7A20EE080BB8EEE77B86
:108720009FEDA66B37EE467BB4EEC07BF1EE10FA00
:1087300000F39080D4ED4B7AB8EEE77B37EE067B02
:10874000B4EEC07BF1EE10FA7CD404F5227304F58C
:10875000D87220A90EA802F055FF0EA803F058F910
:1087600020EE080B0EA88DED0A0B03F04DF920EE5C
:10877000080B01230DF11F0109AA08A8CDE9012169
:10878000CDE9033500902EAB0CAA0AA920468DED49
:108790000C0BFCF77BF800285ED004F5EA63DDEDF6
:1087A000096A04F5E062DDED087AB8EEE65BB8EE42
:1087B000E77B13ED024B12ED023BD4F89C3687EEBB
:1087C000036B85EE047B8DED0A6B8DED0C7BB3B1F5
:1087D0001A7E012A40F2928072B65A6962B67A49CC
:1087E00007EE902A94F88936B8EEE77B91ED004BBE
:1087F00087EE045BABBB36EE456B9DED0C7BB7EEB5
:10880000C66BD4F8BC362F9A82ED006A9BB11A7EF3
:10881000012A2BD972B65A6962B66C4906EE902AC3
:1088200094F8A936B8EEE66B91ED004B86EE045B4A
:10883000A3B937EE457BB7EEC77B309B002083EDB5
:10884000007A00E008201BB0BDEC028BBDE8304090
:1088500004B070470120F6E70620F4E737EE057B09
:10886000E9E736EE056B9DED0C7BC8E772B6D3E900
:1088700000209968126800681140DA68104200F020
:108880008D801A7C02F0030209B142F0040242F02A
:1088900008029108013A19740D2ABCD801A151F8B7
:1088A00022F000BF816B0100796B0100916B010028
:1088B000796B0100B36A0100896B0100816B0100D3
:1088C000816B0100896B0100B36A0100796B0100C3
:1088D000916B0100796B0100816B01005A69013ACB
:1088E0005A6199E75A6901325A6195E75A69023A21
:1088F0005A6191E75A6902325A618DE772B6D3E93B
:1089000000209968126800681140DA6810423DD072
:108910001A7C02F0030209B142F0040242F008029C
:108920009108013A19740D2A3FF657AF01A151F889
:1089300022F000BF116C0100096C0100216C0100E4
:10894000096C0100776A0100196C0100116C0100CB
:10895000116C0100196C0100776A0100096C0100BB
:10896000216C0100096C0100116C01005A69013A87
:108970005A6133E75A6901325A612FE75A69023A5C
:108980005A612BE75A6902325A6127E71A7C02F0D2
:1089900003020029C4D042F00402C1E71A7C02F0AD
:1089A000030200293FF475AF42F0040271E700BFF3
:1089B000AFF30080F8C1631ADCA54C402D431CEBDB
:1089C000E2361A3FB04900203050002050500020BD
:1089D00084B070B5A4B028AC10AD9DF8D06084E828
:1089E0000F002846174916AC8DED0E0BFAF732FC36
:1089F00012AB0FCB9DED0E0B8DE80F0028A9204682
:108A000095E80C0002F08AFB369B0DF1680EEC46EF
:108A10000C93359BCDE90A63BEE80F00ACE80F006C
:108A2000BEE80F00ACE80F009EE803008CE80300EE
:108A300094E80F00FFF756FE24B0BDE8704004B084
:108A4000704700BFB049002008B508F0DDFBBDE865
:108A5000084008F0D9BB00BF0148E9F737BE00BFA6
:108A6000085800200148E9F751BD00BF0858002010
:108A700008B508F0C9FBBDE8084008F0C5BB00BF59
:108A800008B5094807F01CFB084807F019FB08481F
:108A900007F016FB4FF47A7008F096FA4FF0E023D7
:108AA000044AC3F80C2D08BDD832002098330020AA
:108AB000383300200400FA05036818470B68036088
:108AC000704700BF0B680360704700BF704700BF6E
:108AD00010B5044607F042FF204610BD70B54FF0B8
:108AE00084434FF08072434DC3F8882029780029D1
:108AF0004AD0414E0023337072B6404C04F5F46303
:108B000093ED007BD4F89827FDEEC77B17EE903AE3
:108B10009B1AC4F8A83762B6D4F8A837002B3BD00C
:108B2000D4F8A83794F80B26002BD4BF00230123D8
:108B300084F8B03794F8B0379AB3A3B3304B10220F
:108B4000C3F884202D48FAF741FB94F8B03780F041
:108B50000100C0B263B3D4F8FC27D4F808389A42B5
:108B600001DA00283DD1D4F808280023C4F8FC27F6
:108B700084F8F837D4F898370133C4F898370123CC
:108B8000337000232B7070BD1B49097809B1C3F8FD
:108B9000842001232B7070BD94F8F837002BF0D09F
:108BA000BEE7002BCAD0164B1022C3F88820C9E7B5
:108BB000D4F8FC37002B00DD50B90023C4F8FC3793
:108BC00084F8F837D4F89837013BC4F89837D6E7DB
:108BD000D4F8FC370122013BC4F8FC3784F8F827AD
:108BE000CDE7D4F8FC3701221344C4F8FC3784F8ED
:108BF000F827C4E7523D0020435A0020B049002026
:108C000000C0004270B54FF084434FF08062434D86
:108C1000C3F88820297800294AD0414E00233370B8
:108C200072B6404C04F5036313ED027BD4F82028A0
:108C3000FDEEC77B17EE903A9B1AC4F8303862B647
:108C4000D4F83038002B3BD0D4F8303894F84B2689
:108C5000002BD4BF0023012384F8383894F8383827
:108C60009AB3A3B3304B4022C3F884202D48FAF7BF
:108C7000ADFA94F8383880F00100C0B263B3D4F88C
:108C80008428D4F890389A4201DA00283DD1D4F8EB
:108C900090280023C4F8842884F88038D4F8203839
:108CA0000133C4F820380123337000232B7070BDCA
:108CB0001B49097809B1C3F8842001232B7070BDCA
:108CC00094F88038002BF0D0BEE7002BCAD0164BAA
:108CD0004022C3F88820C9E7D4F88438002B00DD8F
:108CE00050B90023C4F8843884F88038D4F8203888
:108CF000013BC4F82038D6E7D4F884380122013B80
:108D0000C4F8843884F88028CDE7D4F88438012268
:108D10001344C4F8843884F88028C4E7533D002005
:108D2000445A0020B049002000C000422DE9F04123
:108D30000C4605462DED048BD1E9100184B0B0EE50
:108D4000409BB0EE418B0E9ECDE9000194F870106F
:108D500019B91F466B7E002B4AD1944B93F84825D6
:108D6000042A00F0C38093F80A254AB993F84825ED
:108D7000012A00F0AB8093F84825022A00F0A68073
:108D800093F80A355BBB96ED007BB0EEC77B8DEDAB
:108D9000027B9DED026BB5EE406BF1EE10FA06D151
:108DA00084ED148B04B0BDEC048BBDE8F08194ED30
:108DB0000E5B85EE067BB4EEC78BF1EE10FA37FE44
:108DC000087BB4EEC79BF1EE10FA88BFB0EE497B8A
:108DD00084ED147B04B0BDEC048BBDE8F08196ED0E
:108DE000007B94ED166B37EE067BB0EEC77BCEE7CB
:108DF00095ED026B9DED007B9046B4EEC76BF1EEF6
:108E000010FA0BD596ED007B9DED005BB0EEC77BB5
:108E1000B4EEC57BF1EE10FA00F1CC806348FDF7AB
:108E2000D1FA6B7EBFEE007BB7EE006B13F0800FC4
:108E30005F4B06FE077B83ED007B6A7EFF2A5AD0DC
:108E40006A7E012A57D094ED027B9FED543B93ED4F
:108E5000006B37EE077B98ED084B27EE037B96ED12
:108E6000005B27EE067B87EE046B36EE056B86ED26
:108E7000006B96ED007BB5EEC07BF1EE10FA6AD484
:108E80009DED006B96ED007BB4EEC76BF1EE10FA32
:108E9000B4BF33466B46D3E90023C6E900236B7E9B
:108EA0005BB2002B00F35D816B7E1A0600F15481EA
:108EB0009FED3C7B96ED006BB4EEC76BF1EE10FAC4
:108EC00001DC96ED007B86ED007B7FE06A7E002A68
:108ED0003FF456AF6B7E5BB2002B00F338816B7EA4
:108EE0001B0600F134819FED2F7B50E72A7E002A7C
:108EF0007FF449AF37E794ED027B9FED282B93ED8C
:108F0000004B37EE077BB7EE005B27EE027B98ED58
:108F1000083B96ED006B27EE047B87EE034B36EEA5
:108F2000446B86ED006B93ED007BB4EE457BF1EE78
:108F300010FA40F0F68096ED006B9DED007BB4EEEC
:108F4000C76BF1EE10FAB4BF6B463346D3E900238A
:108F5000C6E900238DE79DED007B96ED006BB1EE39
:108F6000477BB4EEC67BF1EE10FA40F1EA8086ED65
:108F7000007B6B7E5BB2002B00F3E6806B7E1906F4
:108F800000F1F2809FED077B96ED006BB4EEC76BAE
:108F9000F1EE10FA97D994E7AFF300807B14AE4757
:108FA000E17A843F0000000000000000B04900208A
:108FB000184600206B7E5BB2002B05DC6B7E18062A
:108FC00000F1D7809FED6D6B86ED006B6B7EFF2B04
:108FD00003D06B7E012B7FF4C0AE96ED007B9DED40
:108FE000006BB0EEC77BB4EEC76BF1EE10FA65D53F
:108FF00072B694ED067B2269FDEEC77B17EE903AC0
:109000009B1A236262B694ED144B94ED1A7B94ED97
:10901000026B236A87EE045B002B36EE066B25EEAF
:10902000055B85EE067BFDEEC77B17EE902AB8BF89
:10903000524272B62369134407EE903AB8EEE77BCA
:1090400084ED067B226262B694ED0C7B226AB0EE60
:10905000C77B002AB8BF5242FDEEC77B17EE903A9D
:10906000002B08BF01239A423FF777AE002300226E
:109070006B762B760023C6E9002372B697ED067B4C
:109080003A69FDEEC77B17EE903A9B1A3B6262B6D7
:1090900097ED0C7B3A6AB0EEC77B002AB8BF52420C
:1090A000FDEEC77B17EE903A002B08BF01239A42D2
:1090B0003FF753AE3348FDF7D1F84EE672B694ED64
:1090C000067B2269FDEEC77B17EE903A9B1A23625E
:1090D00062B694ED144B94ED1A7B94ED026B226A08
:1090E00087EE045B002AB8BF524236EE066B25EECF
:1090F000055B85EE067BFDEEC77B17EE903A9A4244
:10910000A2DD226A002AB8BF5B4272B622691A4405
:1091100007EE902AB8EEE77B84ED067B236262B609
:1091200092E79DED007B96ED006BB1EE477BB4EED0
:10913000C67BF1EE10FA01DD96ED007B86ED007B3B
:1091400097E696ED007B12E795ED027B1CE795ED27
:10915000027BB0EEC77B1AE695ED027BB1EE477B52
:10916000A8E695ED027BA5E695ED027BB1EE477B87
:109170000AE7B1EE466B27E7AFF30080000000007E
:1091800000000000B04900202DE9F0410C4691F8A4
:109190007010804617461E4629B1D4E91E23C7E940
:1091A0000023012333701E4890F80A550DB9BDE81D
:1091B000F081FDF775FF0028F9D194F87030002B8D
:1091C000F5D13378002BF2D098F8193059B2002B32
:1091D000EDD172B694ED067B2269FDEEC77B17EEEA
:1091E000903A9B1A236262B694ED0C7B226AB0EE31
:1091F000C77B002AB8BF5242FDEEC77B17EE903AFC
:10920000002B08BF01239A4206DD72B6D4E912236F
:10921000C7E9002362B6CAE772B6317062B6C6E724
:10922000B0490020894A136830B5894D013387B0B1
:1092300028461360FDF734FF40BB95F84835012BF5
:1092400000F0AB80834C844904F5A07304F118024C
:10925000A4F5A87014ED021B14ED040B009104F1A9
:10926000B801FFF763FD04F1B803224604F5A071CD
:10927000A4F59070683294ED021B94ED000B774CCE
:109280000094FFF753FD95F899356BB3744804AA21
:10929000744BA0F15801A0F51870D0E99645CDE9BE
:1092A0000445FFF771FF704B9DED046B93ED007B60
:1092B000B4EE476BF1EE10FA47D16C4902AA6C4B41
:1092C000A1F52C7071E81445CDE90245FFF75CFF6C
:1092D000684B9DED026B93ED007BB4EE476BF1EEB6
:1092E00010FA09D107B030BD95F8C9355AB2002B34
:1092F000CCD185F84825C9E7B6EE006B9DED027B21
:1093000027EE067BB5EEC07BF1EE10FA17D49FED89
:109310004B6BB4EEC67BF1EE10FA10DCB3EE085BDB
:10932000BEEE006BA7EE056BFCEEC67B17EE902A37
:10933000102A04D95049096809B1C1ED007ADDE964
:109340000201C3E9000107B030BDB6EE006B9DED30
:10935000047B27EE067BB5EEC07BF1EE10FA17D446
:109360009FED366BB4EEC67BF1EE10FA10DCB3EE77
:10937000085BBEEE006BA7EE056BFCEEC67B17EE3E
:10938000902A102A04D93D49096809B1C1ED007A33
:10939000DDE90401C3E900018FE795F89935022B57
:1093A00029D095F89935FE2B25D095F8C935022B93
:1093B00004D095F8C935FE2B7FF444AFD5F8B0350D
:1093C000002B3FF43FAF72B62D4B93ED006B95F839
:1093D000C9355BB2002B05DC95F8C9351B0629D4CD
:1093E0009FED186B274B13ED027B37EE067B03EDE9
:1093F000027B62B626E7D5F88035002BD5D072B651
:10940000214B93ED006B95F899355BB2002B05DC91
:1094100095F899351A060AD49FED0A6B1B4B93ED0C
:10942000007B37EE067B83ED007B62B6BDE7B1EED5
:10943000466BF3E7B1EE466BD4E700BF0000005483
:109440005555A541000000000000000058520020C2
:10945000B0490020805000202046002028460020EF
:1094600090510020485A0020E04400201052002073
:10947000495A0020E8440020CC340020C4340020A5
:10948000804F0020E0510020504F0020505100201C
:10949000000000009FED037B87EE000B704700BFCC
:1094A000AFF300800000000080842E419FED217BFF
:1094B00030B520EE070B8DB0224B234A0093029269
:1094C000B5EEC00BF1EE10FA24D49FED1C7BB4EE88
:1094D000C70BF1EE10FA1DDCB3EE086BBEEE007B9D
:1094E000A0EE067BFCEEC77B17EE904A102C11D93C
:1094F00002AD08A806932946FFF7E0FA224606A91E
:10950000124807F0A9F9069B08A8DB689847009B5A
:10951000DB6801E00E4B02AD28469847002200238D
:109520000C480D49C0E90023C1E900230DB030BD4E
:10953000AFF300807B14AE47E17A843F0000005413
:109540005555A54178270020C1740100BC34002086
:10955000696D0100E0440020E844002030B58DB082
:109560003E4C3F4B3F4D02A908A80293009406943D
:10957000FFF7A4FA40F65F1206A9284607F06CF937
:10958000069B08A8DB689847009B02A8DB68984701
:10959000354B02A908A8029300940694FFF78EFAAF
:1095A00006A940F65F12314807F056F9069B08A855
:1095B000DB689847009B02A8DB6898470021286871
:1095C0002971A0B12A4B2B4A03442B4C1B11D154B7
:1095D0001378507891788342D27828BF03468B4223
:1095E00028BF0B46934228BF134684F87A301F4B9E
:1095F000002118681971A0B11D4B1E4A03441E4C6E
:109600001B11D1545378107891788342D27828BFB7
:1096100003468B4228BF0B46934228BF134684F86B
:109620007A30164B202118681971A0B1104B114ADD
:109630000344114C1B11D154137850789178834214
:10964000D27828BF03468B4228BF0B46934228BFDF
:10965000134684F87A300DB030BD00BF7827002063
:10966000796D0100C4340020A16E0100CC340020CB
:1096700000BFF7BFD434002000E400E0BC34002079
:1096800008B507F0C1FD07F0BFFD084A08490948C1
:1096900009F036FE054A0649074809F031FE034A3B
:1096A00003490648BDE8084009F02ABE5C350020A1
:1096B0006D6D0100BC340020C4340020CC34002087
:1096C00053492DE9F047A1FB004340F26D1A514F79
:1096D0005B09DFF85081DFF85091A1FB0341C3EB38
:1096E00003144909A0EB84004B4CC1EB0115A4FB0A
:1096F000014EA3EB850310704FEA1E1E53700EF14E
:1097000004040EEB4E00454BA1EBC001A3FB040388
:1097100000209170E11A03EB510301469B08C3EB53
:10972000C303E41A0134D470C4B240F26D1C04F2D5
:10973000B27313F0030507FB03F608D1B8EBB60FBD
:109740004FF4B77C03D3B9EB361F38BFD44661441E
:1097500001308E45E8D2324E9471A6FB030695B3D4
:10976000770964244FF4C870F60904FB173700FB2F
:10977000163640F26D10AEEB010E0023012170444D
:10978000DFF8A8E00AE013F80E40844232D80C2932
:10979000A0EB04000FD001310133C9B2012B5FFAF5
:1097A00083FCF0D115B9DFB11D2400E01C24A042D8
:1097B0002AD3001BEFE74FF00D0C013082F805C0F3
:1097C0001071BDE8F08764207709F60900FB1737B0
:1097D0004FF4C87000FB16363FB14FF4B770CAE7BC
:1097E000002E14BF1C241D24E1E7002EC1D14FF42C
:1097F000B770C0E70CF1010C01305FFA8CFC1071FE
:1098000082F805C0BDE8F0874FF0020CD5E700BF35
:1098100089888888295C8FC2ABAAAAAA2549922484
:109820001F85EB51285C8F020AD7A3003C2500203E
:1098300070B5084ED6E90023994208BF904206D081
:1098400005460C46044AFFF73BFFC6E90054024BAD
:10985000587970BD10460020F853002070B5084EAE
:10986000D6E90023994208BF904206D005460C462F
:10987000044AFFF725FFC6E90054024B587870BD33
:1098800010460020F853002070B5084ED6E900239A
:10989000994208BF904206D005460C46044AFFF79D
:1098A0000FFFC6E90054024B187870BD1046002027
:1098B000F853002070B5084ED6E90023994208BF3E
:1098C000904206D005460C46044AFFF7F9FEC6E969
:1098D0000054024B987870BD10460020F8530020C9
:1098E00070B5084ED6E90023994208BF904206D0D1
:1098F00005460C46044AFFF7E3FEC6E90054024B56
:10990000187970BD10460020F853002070B5094E3C
:10991000D6E90023994208BF904206D005460C467E
:10992000054AFFF7CDFEC6E90054034B987900F2D3
:10993000B27070BD10460020F8530020334A2DE964
:10994000F041847904FB02F2E4B104F2B27C40F20B
:10995000B3732F4D2F4E304FDFF8C8E09C4505FB09
:1099600003F10FD013F0030F03F10103F6D1B6EBAF
:10997000B10F02D3BEEB311FF0D39C453A4405FB37
:1099800003F1EFD190F805E0BEF1010F29DD04F2FB
:10999000B274224E64252249A6FB04364FF4C873E4
:1099A000DFF884807709F60905FB17471A4D03FB9A
:1099B000164604F00304012307E0013391F800C0C8
:1099C0000131734505FB0C220BD0022BF5D1002C85
:1099D000F3D10FB9002EF0D1013342440131734568
:1099E000F3D143784FF461648178C3EB03130578B6
:1099F0009B0004FB01330179074C58194B1E0021D1
:109A000004FB03001044BDE8F08100BF8033E10196
:109A1000295C8FC2285C8F02805101001F85EB51A9
:109A20003C2500200AD7A300803B2600F8B51D4C3A
:109A30001D4D23682A681D4E9B1AB3F57A7F2FD3DC
:109A400031680131236802F57A72084601319B1AA8
:109A5000B3F57A7FF6D230602A60154F3B688342B7
:109A60000FD8144B1B6863B1984701430BD0124BBE
:109A700022681B682A600222034430603B600F4B5F
:109A80001A700021F8BD0D490B4B0A783068003A76
:109A90001B6818BF012203440A7000213B60F8BD17
:109AA0003068DAE70C5A0020A0520020045400204D
:109AB000F453002080590020F83300203E5A002043
:109AC00070B5094EFFF7B2FFD6E90023994208BFEF
:109AD000904206D005460C46044AFFF7F1FDC6E960
:109AE0000054024B987870BD10460020F8530020B7
:109AF00070B5094EFFF79AFFD6E90023994208BFD7
:109B0000904206D005460C46044AFFF7D9FDC6E947
:109B10000054024B587870BD10460020F8530020C6
:109B200070B5094EFFF782FFD6E90023994208BFBE
:109B3000904206D005460C46044AFFF7C1FDC6E92F
:109B40000054024B187870BD10460020F8530020D6
:109B500070B5094EFFF76AFFD6E90023994208BFA6
:109B6000904206D005460C46044AFFF7A9FDC6E917
:109B70000054024B187970BD10460020F8530020A5
:109B800070B5094EFFF752FFD6E90023994208BF8E
:109B9000904206D005460C46044AFFF791FDC6E9FF
:109BA0000054024B587970BD10460020F853002035
:109BB00070B50A4EFFF73AFFD6E90023994208BF75
:109BC000904206D005460C46054AFFF779FDC6E9E6
:109BD0000054034B987900F2B27070BD104600201B
:109BE000F8530020084B09491B68094A03441268CE
:109BF00010B40B600221074B074C1970074B206013
:109C00001A605DF8044B7047F8330020F4530020CD
:109C10000C5A00203E5A002004540020A05200207C
:109C2000034A0449044B126808601A60FFF7FEBE3D
:109C30000454002080590020F4530020034B0449B1
:109C40001B68044A034408601360704704540020F2
:109C5000F8330020F4530020000000002DE9F04309
:109C60002DED088B89B093ED00BADDF86490189D56
:109C7000D9ED00BA95ED008A7BEE6B8AB7EEC87A13
:109C800078EEA88A9FED779B28EEA8AA27EE099B7D
:109C9000B0EE4A0AB7EECAAAA8EE080A29EE079B58
:109CA000DDE91A87B5EE400ADDE91C64F1EE10FA31
:109CB00000F1C980F1EEC07AB4EECA9BF1EE10FA61
:109CC00040F1B68068EE275A67EEA87A25EEA57AAD
:109CD00075EEA56AB0EE475A97EEA77A66EEA76AC8
:109CE000A7EEA75AB0EE476A86EE857AC6EE056AF9
:109CF000F1EE472A68EE073A97ED005A2BEE876A95
:109D000098ED002A2BEE224AD6F800C0F0EE634A06
:109D10000DF1200EA8EE266AA8EE264ADBEEA64A32
:109D2000EBEE263A25EE073A25EE265A26EE076A8E
:109D3000A2EE263A24EE877A64EEA64AA3EEA66A3D
:109D4000A4EE267AE4EE224AA2EE225A83ED006ABD
:109D500085ED007AC9ED004A88ED003A87ED005A9A
:109D6000C6F800C004EB820C94ED035A0EEB82029D
:109D700094ED006AD4ED016A67EE853A94ED027ABB
:109D800027EE864A67EEA64A67EE877AC4ED033A65
:109D900084ED004A66EEA56AC4ED014A27EE257AF5
:109DA000C4ED027A26EE256ADCED007ACDED066A76
:109DB000E5EE257A8DED056A8DED077A12ED037AD1
:109DC00004EB80020EEB8000CCED007AD4ED037A38
:109DD00077EEC77A10ED037AC4ED037A04EB8104C1
:109DE0000EEB8101D2ED007A51ED036A77EEA67A8F
:109DF000C2ED007AD4ED007A77EEC77AC4ED007A2E
:109E0000D9F800E0D7F800C034682868D8F8001006
:109E10001A68C3F800E0C5F800C0C9F80040C8F8E7
:109E200000003960326009B0BDEC088BBDE8F083FA
:109E30009FED0E7ADFED0E2AF0EE476ADFED0D7A28
:109E4000DFED0D5A56E7CDE90223CDE9000109F017
:109E50000DFDF0EE407ADDE90223DDE900012BE79C
:109E6000AFF300801FCC32334F501740F404353F1E
:109E7000F40435BF5E836C3F15EFC33E20EEA06A4D
:109E8000354BF6EE006A9FED355AF7EE085ADFEDD6
:109E9000344AA0EE006AB0EEC07AB0EE654A16EE23
:109EA000102A66EE266AA3EB620307EE903A66EE8E
:109EB000A73AA7EEE34A67EE847A66EEA76AE7EE72
:109EC000E65A67EEA57A67EE867AF4EEC57AC7FEA3
:109ED000857A37EE277AF1EE10FAB4EEE40A70FED6
:109EE000A40AC1ED000AF1EE10FA80ED007A05D562
:109EF000D1ED007A81ED007AB0EE677A80ED007ADC
:109F0000F6EE006AD1ED007AB7EE086A124B67EE02
:109F1000A77AF0EE465AE7EE077A17EE902A67EE38
:109F2000A66AA3EB620307EE903A26EEA75AE7EE85
:109F3000C55A67EEA57A66EEA76AA7EEE66A67EEEF
:109F4000867A27EE277A80ED007A91ED007A67EE27
:109F5000277AC1ED007A70479E59375FBD37863545
:109F60000000000021EEA15A61EE825A22EE026A40
:109F700061EEA26A22EE227A62EEA27AA0EE005A86
:109F8000E0EE205AA0EEA06AE0EE016AA0EE817A2F
:109F9000E1EE017AA3EE035AE3EE235AA3EEA36A9D
:109FA000E3EE046AA3EE847AE4EE047A2DE9F04F3E
:109FB0002DED0C8B9BB0F0EE409AF0EE608A4FF0E6
:109FC000040A09934FF07E53B0EE419A0DF15809FF
:109FD000B0EE61CA1993B0EE428A0023B0EE62AAD5
:109FE0000DF13C08B0EE43BA0EAFF0EE63BA0DAE21
:109FF000F0EE44AA0CAD0BACDDF804B106908DED8B
:10A000000A5ACDED0B5A8DED0C6ACDED0D6A8DED32
:10A010000E7ACDED0F7A169317931893CDE90712A8
:10A020000AAB022201210020CDE90489CDE90267B3
:10A03000CDE90045FFF712FE0AAB00220221012004
:10A04000CDE90489CDE90267CDE90045FFF706FEB9
:10A050000AAB012200210220CDE90489CDE9026783
:10A06000CDE90045FFF7FAFDBAF1010AD8D19DED1F
:10A07000174AB0EE003ADDED184A24EE046A9DED71
:10A08000167A64EEA45ADDED197A3E9B67EE873AA4
:10A09000F0EE652A76EE255AA7EE076A67EE846A27
:10A0A00067EEA47AE7EE072AB0EE465AB7EE006AEA
:10A0B000B0EE462AA5EEC32AF0EE465AA2EEC36AD7
:10A0C000E5EE435AB0EE675A83ED002AE7EE047AD4
:10A0D0003F9B97EE045A77EEA77A35EE055A83ED4B
:10A0E000005AB0EE665AD7EE246A409BA7EE245A77
:10A0F000B0EE637A94EE247A76EEA66A35EE055ACF
:10A1000083ED005ACBED007AF0EE637A429B37EE96
:10A11000077AE4EE247A83ED006A439B83ED007AAC
:10A12000449B77EEA77AC3ED006A459BC3ED007AA6
:10A13000469BC3ED005A429B9BED006A93ED007A6B
:10A140003E9B66EE083A27EE082A93ED005A27EE6A
:10A15000280A3F9B27EE2B7A26EE284AD3ED004AA9
:10A16000E5EE0C3A439B26EE2B6AA4EE8C2AD3ED47
:10A17000006AA4EE8B7A409BA5EE294A66EEA87A87
:10A1800026EE888A93ED003A66EEAB6A449BE3EED6
:10A19000297AA4EEA90AE3EE0B6AA3EE0C8AA5EED7
:10A1A0000B6AE9EE257AEAEEA56AAAEE258AB0EEF8
:10A1B000673AF0EE668AD3ED006A459B68EE085A6E
:10A1C000E6EE8A3AD3ED007AA6EE894AA6EEAA6AAE
:10A1D000A7EEAA7AA7EE8A2AA7EE890A63EEA36AF7
:10A1E000E3EE035AF1EE442AF0EE471A22EE027A29
:10A1F000E4EE046AA0EE007AE8EEA85AE6EE066AFB
:10A20000A1EEA17AF4EEC76AF1EE10FA00F1CF8167
:10A21000B0EE661AF1EE457AF0EE620AF0EE476AA9
:10A22000B1EE409AB0EE417AF0EE402AB1EE42AA89
:10A23000B0EE440AF0EE429AB1EE611AB0EE614A15
:10A24000F1EE634AB1EE465AB0EE632AF0EE461ADA
:10A25000F4EEC75AF1EE10FA2BDD409BF0EE681ACF
:10A260003E9AB0EE482A1B68B0EE430AF0EE458AEB
:10A270001360B0EE648A409BB0EE603A449AF0EE10
:10A28000475AC3ED007A439BDBED007A1B68F1EE81
:10A29000677ACBF80030439BC3ED007A449BD3ED43
:10A2A000007A469BF1EE677A1B681360469BC3ED0C
:10A2B000007AF4EEE65AF1EE10FA00F3AD81469B17
:10A2C000B0EE681AB0EE48AAB0EE439AD3ED007A29
:10A2D000F0EE448AB0EE698AB0EE623A469BF7EE41
:10A2E000009AF0EE420A11A910A8C3ED007AFFF718
:10A2F000C5FDDDED11AA9DED10CAF0EE695A3AEEEA
:10A30000AA7A359B7CEE0C7A13A912A8EAEEC75AFA
:10A3100067EEAA2A62EE826A62EE887A22EE8A7A72
:10A32000E0EE256AE5EE837A25EE822AA5EE897AAB
:10A3300025EE888AA2EEC02AB0EE666AF0EE676A61
:10A3400065EE8A7A83ED006AA2EEC38A369BE2EE5E
:10A35000C97AC3ED006A379B83ED007A389B83EDA1
:10A36000002A399B83ED008A3A9BC3ED007A3B9B20
:10A37000C3ED001A3C9BC3ED008A3D9B83ED001AA0
:10A38000359B93ED000A3B9BD3ED008AF0EE680A03
:10A39000FFF774FD9DED13BAB0EE695ADDED12BA08
:10A3A0007BEE0B6A3C9B3BEEABDA15A993ED007A92
:10A3B00014A8ABEE665A369B2BEE0D2AD3ED007A2D
:10A3C000379B22EE079A68EE82CA25EE077A68EE7E
:10A3D000855A25EE016AA2EE677AA5EE279AD3ED9B
:10A3E000007AE2EE405A399BA2EE676AE0EE05CAB7
:10A3F00093ED000A389B22EE011AF0EE470A93ED26
:10A4000000AAB0EE473A3A9BA5EE271AF0EE658A0D
:10A41000B0EE468AD3ED001AFFF730FD359BBFEE54
:10A42000004ADDED154AC3ED00CAB0EE007A369B56
:10A430006AEEAA7A24EEA46A83ED009AF0EE443A1A
:10A44000379B6BEE0B6AB0EE699A83ED001AB0EEA3
:10A45000441AE6EE073A389BA6EE874AA7EE871A1B
:10A46000A6EEC79A2CEE2B5AF1EE005AF0EE690ACE
:10A4700025EE0B5A6DEE017A6BEEA56A2CEE256A7D
:10A4800067EE8B7A6AEEA55A23EEE77AFAEE007A47
:10A490006CEE277A67EEAB7A65EE23BA34EEA45AF7
:10A4A000E4EEC50A9DED145A26EE056A66EE856A4D
:10A4B00067EE857A26EE2A6A66EE816A67EEAA7AE8
:10A4C000A4EE867AB0EE6B6A66EE8B6A28EEA0CABE
:10A4D000F0EE479A2AEE857A35EE055A67EE8BAA9A
:10A4E000A4EE876A24EE85BA63EE207AF0EE4BBACA
:10A4F000EBEE407A23EE0B7AD5EE86BA68EE8B5AF5
:10A50000A0EE207AB0EE4C3AEAEE205A28EE206A0D
:10A51000ABEE4A3AABEE616AC3ED005AF0EE675A11
:10A5200062EEA37A399B83ED007A25EE097AE4EE98
:10A53000A67A3A9B68EE0B6A22EE899A27EE247A75
:10A54000E1EEA06AC3ED006A61EE046A3B9B24EE73
:10A55000234A83ED003A3C9BC3ED005A3D9B83EDBB
:10A56000006A21EE236A069BC3ED006A079BC3EDD8
:10A57000007AF0EE467A089BE4EEAA7AC3ED009AE0
:10A58000099B83ED009A309BC3ED007A319BC3EDAC
:10A5900000BA329B83ED002A339B83ED007A349B13
:10A5A00083ED004A1BB0BDEC0C8BBDE8F08F3E9BE9
:10A5B000F1EE457A449AB0EE449AC3ED004AF1EECA
:10A5C000639A3F9BB0EE63AAB1EE464AC3ED007AB0
:10A5D000B0EE461A429BF1EE400ADBED007AF1EE56
:10A5E000424A1B68B1EE615AF1EE677ACBF800304F
:10A5F000429BC3ED007A449BD3ED007A459BF1EE7C
:10A60000677A1B681360459BC3ED007A3E9BD3EDD0
:10A61000007AF1EE677A1BE63F9B3F9AD3ED007A12
:10A62000409BF1EE677A1B681360409B429AC3ED32
:10A63000007A429BD3ED007A439BF1EE677A1B6868
:10A640001360439B459AC3ED007A459BD3ED007A96
:10A65000469BF1EE677A1B6813603FE69FED011B96
:10A6600008F0BCBE182D4454FB21194091ED044B59
:10A6700092ED027B91ED025B92ED046B27EE447B41
:10A68000A5EE067B80ED007B91ED004B92ED047B07
:10A6900091ED045B92ED006B27EE447BA5EE067B0B
:10A6A00080ED027B91ED024B92ED007B91ED005B22
:10A6B00092ED026B27EE447BA5EE067B80ED047BDA
:10A6C000704700BF90ED020B91ED023B90ED004B07
:10A6D00091ED005B20EE030B90ED046B91ED047B9C
:10A6E000A4EE050BA6EE070B704700BF90ED027BB2
:10A6F00090ED005B90ED046B27EE070B00B5A5EE27
:10A70000050B2DED088B91ED028B91ED00AB91EDDA
:10A71000049B27EE087B83B0A6EE060BA5EE0A7B12
:10A72000B5EE400BF1EE10FAA6EE097B19D4B1EEAE
:10A73000C0BB28EE088BAAEE0A8BA9EE098BB5EEFA
:10A74000408BF1EE10FA15D4B1EEC80B20EE0B0BD6
:10A7500087EE000B03B0BDEC088B5DF804EB08F04E
:10A76000E1BD8DED007B08F05DFEB0EE40BB9DEDE0
:10A77000007BDEE7B0EE480B8DED007B08F052FE6B
:10A780009DED007BE2E700BF90ED027B90ED005B6A
:10A7900090ED046B27EE077BA5EE057BA6EE067B0E
:10A7A000B5EE407BF1EE10FA02D4B1EEC70B704764
:10A7B000B0EE470B08F036BE91ED020B00B520EE6F
:10A7C000000B2DED028B91ED008B91ED047B83B09E
:10A7D000A8EE080BA7EE070BB5EE400BF1EE10FA52
:10A7E0001AD4B1EEC07BB7EE005B85EE076B26EEA8
:10A7F000088B80ED008B91ED027B27EE067B80EDD0
:10A80000027B91ED047B27EE067B80ED047B03B099
:10A81000BDEC028B5DF804FBCDE9000108F002FEFF
:10A82000B0EE407BDDE90001DDE700BF10B52DEDA6
:10A83000068BB0EE40AB0446B0EE410BB0EE419B50
:10A8400008F01CFFB0EE408BB0EE4A0B08F016FF8C
:10A85000B0EE407BB1EE4A0B28EE077B84ED007B27
:10A8600008F094FF28EE008BB0EE490B84ED028BCC
:10A8700008F08CFFBDEC068B84ED040B10BD00BF0F
:10A8800001F1480C1831183051E906238C4540E994
:10A89000062351E9042340E9042351E9022340E956
:10A8A0000223EFD1704700BF01F1180C1830F1E816
:10A8B000022340E90623D1E904238C4540E904231F
:10A8C000D1E90A2340E90223F0D1704790ED0A6BE9
:10A8D00090ED0C7B90ED064B90ED102B27EE465B38
:10A8E00090ED0E3B90ED081BA2EE045B26EE436B51
:10A8F00027EE417BA1EE026BA3EE047B90ED020BF1
:10A9000090ED044B20EE450B90ED005BA5EE060BA1
:10A91000A4EE070B704700BF08B5034608462DEDAF
:10A92000028BFFF7D3FFB7EE005B91ED101B85EEB6
:10A93000007B91ED026B91ED0E8B91ED043B26EEC9
:10A94000416B91ED0A4B91ED085BA8EE036B24EE91
:10A95000482BA5EE012B26EE076B22EE072B83ED8D
:10A96000026B91ED086B91ED021B83ED002B26EE3F
:10A97000436B91ED0C2B91ED065BA4EE016B26EE83
:10A98000076B83ED046B91ED103B91ED0A6B91ED3C
:10A99000044B25EE435BA6EE025B25EE075B83EDE1
:10A9A000065B91ED0C1B91ED000B91ED062B21EE5A
:10A9B000445B20EE466BA3EE005BA4EE026B25EE3B
:10A9C000074B26EE075B83ED084B91ED084B91EDAD
:10A9D0000E6B91ED023B83ED0A5B24EE415BA2EE30
:10A9E000065B25EE075B83ED0C5B91ED004B91ED73
:10A9F0000C5B91ED062B24EE466BA5EE036B26EE69
:10AA0000076B83ED0E6B91ED026B91ED085BBDEC76
:10AA1000028B26EE426BA4EE056B26EE077B83EDE0
:10AA2000107B08BDF0B501F1480602F1480502F1BE
:10AA30006004AC468646ACF148030A469FED0B7BAA
:10AA40001F461833B2EC025B97ED006B6345A5EE31
:10AA5000067BF5D103F1080CA445AEEC027BEAD1EC
:10AA600018311830B142E4D1F0BD00BF0000000041
:10AA70000000000010B501F1480402F1180E134661
:10AA80008C469FED087BB3EC026BBCEC025B73451C
:10AA9000A5EE067BF7D11831A142A0EC027BEED1E6
:10AAA00010BD00BF0000000000000000B7EE007BFA
:10AAB0000022002380ED007BC0E90623C0E90C23BF
:10AAC000C0E9022380ED087BC0E90E23C0E904231E
:10AAD000C0E90A2380ED107B704700BF82B010B53B
:10AAE0002DED028B9DED068B04A90446B0EE480BBC
:10AAF00081E80C0008F0C2FDB0EE407BB0EE480BE0
:10AB0000B0EE478B08F042FE9DF81030012B08D0C4
:10AB1000022B42D01BB3BDEC028BBDE8104002B04B
:10AB20007047B1EE407B0022002300202A4984EDCB
:10AB3000008B84ED108BBDEC028B84ED040BC4E91B
:10AB4000062384ED0C7BC4E90223C4E90801C4E9AF
:10AB50000E23C4E90A23BDE8104002B07047B1EEED
:10AB6000407B0022002300201B4984ED088B84EDEC
:10AB7000108BBDEC028B84ED0E0BC4E90001C4E91F
:10AB80000623C4E90C23C4E90223C4E9042384EDA9
:10AB90000A7BBDE8104002B07047B1EE407B002256
:10ABA000002300200C4984ED008B84ED088BBDEC64
:10ABB000028B84ED060BC4E90C2384ED027BC4E90F
:10ABC0000E23C4E90423C4E90A23C4E91001BDE843
:10ABD000104002B0704700BF0000F03F2DE9F04187
:10ABE0000024B8B0204D171E8046CDE91445CDE9AC
:10ABF0001C45CDE924454FF000044FF00005CDE998
:10AC00001A45CDE92045CDE91645CDE92245CDE9E6
:10AC10001845CDE91E4524DD0C46002526AE04F17D
:10AC20000803013593E803008DE8030002A894E8C7
:10AC30000C00FFF753FF02AA14A93046FFF7F2FEFB
:10AC40004822314614A806F031FDAF4204F1100449
:10AC5000E5D148223146404606F028FD38B0BDE82F
:10AC6000F08126AEF5E700BF0000F03FB7EE007BB5
:10AC700090ED040BF8B5B4EEC70B04460F4616462C
:10AC80001D46F1EE10FA31D5BFEE007BB4EEC70BD6
:10AC9000F1EE10FA18DD08F071FB86ED000B94ED73
:10ACA0000A0B94ED101BB1EE400B08F093FB87EDFF
:10ACB000000B94ED020B94ED001BB1EE400B08F07D
:10ACC00089FB85ED000BF8BD0AA3D3E90023C6E993
:10ACD000002300220023C7E9002394ED081B94ED14
:10ACE000060B08F077FB85ED000BF8BD03A3D3E955
:10ACF0000023ECE7182D4454FB21F9BF182D4454D0
:10AD0000FB21F93F82B010B52DED048B06A981E837
:10AD10000C009DF81830EBB3044690ED008B9FEDCE
:10AD2000217BB4EEC78BF1EE10FA33D49FED1F5B9D
:10AD30009FED206B9FED212B9FED223BA8EE056B35
:10AD40009DED087B9FED214B37EE037B82EE060BDA
:10AD500084EE079B9DED0A6B9FED1E3B9FED1F7BD5
:10AD600086EE034BA8EE050B20EE070B29EE049BA5
:10AD700008F04CFD9FED1B4B9FED1C5B9FED1D6B89
:10AD800084EE007B37EE057B27EE097BA7EE068B72
:10AD900084ED008BBDEC048BBDE8104002B0704721
:10ADA000AFF30080B81E85EB51B8AEBFF8C1631A8F
:10ADB000DCA54C40713D0AD7A37014409A9999992B
:10ADC000999924400000000000107140000000002C
:10ADD00000B071400000000000908F40399D52A2E9
:10ADE00046DF913F52B81E85EB51F03F511ECCDC3F
:10ADF00032965F3FA396CF574B10333F82B010B5CA
:10AE00002DED048B06A981E80C009DF81830EBB3FA
:10AE1000044690ED008B9FED217BB4EEC78BF1EEE5
:10AE200010FA33D49FED1F5B9FED206B9FED212B1C
:10AE30009FED223BA8EE056B9DED087B9FED214B1E
:10AE400037EE037B82EE060B84EE079B9DED0A6BCB
:10AE50009FED1E3B9FED1F7B86EE034BA8EE050B7F
:10AE600020EE070B29EE049B08F0D0FCB7EE004B58
:10AE70009FED1A5B84EE007B9FED1A6B37EE057B2E
:10AE800029EE479BA9EE068B84ED008BBDEC048B6D
:10AE9000BDE8104002B07047AFF30080B81E85EBEC
:10AEA00051B8AEBFF8C1631ADCA54C409A99999984
:10AEB000999911403D0AD7A3703D1D400000000044
:10AEC000001071400000000000B071400000000060
:10AED00000908F40399D52A246DF913FE71C3C1302
:10AEE0009A24563FA396CF574B10333F704700BF6D
:10AEF000704700BFF0B52DED0E8BB5B014460D4672
:10AF000031AB32AE30AA2EA933AF90ED0E7B90ED6F
:10AF1000045B90ED026B90ED104B90ED0C8B90ED7F
:10AF2000080B90ED0A2B90ED061BF7EEC73BB7EE32
:10AF3000C83BB7EEC44BF7EEC22BF7EEC11BB7EE22
:10AF4000C02BB7EEC51BF7EEC60B90ED007BCDE92D
:10AF500014362FAB19A8B7EEC70B1697CDE91232EE
:10AF60002DAB2CAACDE910312BAB2AA9CDE90E329D
:10AF700029AB28AACDE90C3127AB26A9CDE90A32A5
:10AF800025AB24AACDE9083123AB22A9CDE90632AD
:10AF900021AB20AACDE904311FAB1EA9CDE90232B5
:10AFA0001DAA1CABCDE900211BAA1AA9FEF7DAFFE6
:10AFB0009DED197A9DED1AEAB7EEC77A9DED1BDA81
:10AFC0009DED1CCAB7EECEEA9DED1DBAB7EECDDA07
:10AFD0009DED1EAAB7EECCCA9DED1F9AB7EECBBA77
:10AFE0009DED208AB7EECAAA9DED210AB7EEC99A57
:10AFF0009DED2B1AB7EEC88A9DED2C2AB7EEC00A3C
:10B000009DED2D3AB7EEC11A9DED2E4AB7EEC22A3C
:10B010009DED2F5AB7EEC33A9DED306AB7EEC44AA4
:10B02000B7EEC55AB7EEC66A85ED007B9DED317A65
:10B03000B7EEC77A85ED02EB85ED04DB85ED06CB37
:10B0400085ED08BB85ED0AAB85ED0C9B85ED0E8B80
:10B0500085ED100B84ED0C7B84ED0A6B84ED001BF9
:10B0600084ED022B84ED043B84ED064B84ED085BFC
:10B070009DED326A9DED337AB7EEC66AB7EEC77AB8
:10B0800084ED0E6B84ED107B35B0BDEC0E8BF0BD06
:10B090000222B1EE422B012180F82020002201740F
:10B0A000027080ED020B80ED061B80ED0A2B7047CD
:10B0B0002DE9F041B6B00446904601F110070DF1BC
:10B0C000180C01F120050AAE0DF1380E0FC98CE8FD
:10B0D0000F0097E80F0086E80F0095E80F008EE854
:10B0E0000F00614612A80322FFF778FD424612A91D
:10B0F00024A8FFF797FC6B4602AA04A924A8FFF72F
:10B10000B5FD20469DED002B9DED021B9DED040B32
:10B1100000F088FC204636B0BDE8F08182B02DE911
:10B12000F0412DED028BAEB001F1100701F12005C9
:10B1300036AC0DF1300C10AE0DF1500E84E80C0061
:10B140000023012204469DF8D880CDE918339FEDF5
:10B15000257B8DF860200FC98CE80F0097E80F0061
:10B1600037EE400B86E80F0095E80F008DED1A0BC7
:10B170008EE80F00614604221CA8FFF72FFD1CA8D3
:10B180000AAB08AA06A9FFF771FDB8F1000F1FD19D
:10B190009DED0A7B9FED150B9DED081B9DED068B2C
:10B1A00030EE470B8DED041BFFF758FA4146B0EE29
:10B1B000402B2046B0EE480B9DED041B00F07EF9BD
:10B1C00020462EB0BDEC028BBDE8F04102B07047C6
:10B1D00038AB0FCB8DE80F0036AB08A80CCBFFF7D0
:10B1E00091FDD5E7182D4454FB21F93F182D445407
:10B1F000FB21094082B010B592B08E460DF1580C7B
:10B2000014AC84E80C0004469CE80F008DE80F00A5
:10B2100014AB714604A80CCBFFF780FF204604A9AD
:10B22000DDE91A2300F0EEF9204612B0BDE8104027
:10B2300002B0704790ED020B704700BF90ED060B17
:10B24000704700BF90ED0A0BB1EE400B704700BF96
:10B2500090ED0A0B704700BF0000000090ED0A7BE4
:10B2600008B530EE070BFFF7F9F9B5EEC00BF1EEBC
:10B2700010FA00D408BD9FED037B30EE070B08BD2C
:10B28000AFF30080182D4454FB211940F8B52DED83
:10B290000C8B91ED00AB0C46B0EE40BB054617465B
:10B2A000B0EE4A0B1E4608F0E9F9B0EE408B94ED83
:10B2B00002DBB0EE4D0B08F0E1F928EE00CB9FED7C
:10B2C000737BB0EECC6BB4EEC76BF1EE10FA00F10D
:10B2D000CF80B0EE409BB0EE4A0B08F057FAB0EECC
:10B2E00040ABB0EE4D0B08F051FAB0EE40DB95EDFF
:10B2F000047B9FED686BAAEE407B87EE0C0BB4EEEF
:10B30000C60BF1EE10FA00F1B3809FED647BB4EE52
:10B31000C70BF1EE10FA00F3AB80B7EE007BB4EE92
:10B32000C70BF1EE10FA40F3A780B0EE470B08F020
:10B3300025F89FED5C5B94ED047B35EE40CB3BEE56
:10B34000077B3CEE476BB4EEC56BF1EE10FA08DDFF
:10B350009FED564B36EE446BB4EEC56BF1EE10FA32
:10B36000F8DC9FED545BB4EEC56BF1EE10FA08D833
:10B370009FED4E4B36EE046BB4EEC56BF1EE10FA5A
:10B38000F8D930EE477BB0EEC66B9FED465BB4EE6E
:10B39000C57BF1EE10FA08DD9FED444B37EE447BA0
:10B3A000B4EEC57BF1EE10FAF8DC9FED425BB4EE33
:10B3B000C57BF1EE10FA08D89FED3C4B37EE047BCD
:10B3C000B4EEC57BF1EE10FAF8D9B0EEC77BB4EE5F
:10B3D000C76BF1EE10FA58BFB0EE40CBB0EE4C0B9D
:10B3E00008F04CF9B0EE40BBB0EE4C0B08F0CEF9D3
:10B3F00028EE000B28EE0B1B2DEE400BAAEE090BDE
:10B4000007F0E8FFB0EE408B95ED001B95ED020BC9
:10B4100007F0E0FF38EE400B9FED227BB4EEC70B48
:10B42000F1EE10FA08DD9FED216B30EE460BB4EE25
:10B43000C70BF1EE10FAF8DC9FED1E7BB4EEC70BE4
:10B44000F1EE10FA08D89FED196B30EE060BB4EE52
:10B45000C70BF1EE10FAF8D9012087ED000B94ED3F
:10B46000047B3CEE47CB86ED00CBBDEC0C8BF8BDEE
:10B47000BDEC0C8B0020F8BDBFEE007BB4EE470B9B
:10B48000F1EE10FA48BFB0EE470B50E711EA2D81FC
:10B490009997713D30B844000000F0BF30B84400C7
:10B4A0000000F03F182D4454FB210940182D44544E
:10B4B000FB211940182D4454FB2109C09FED117B3D
:10B4C00038B52DED048BB0EE409B0446B0EE418BB9
:10B4D0000D4637EE420BFFF7C1F80023022220464B
:10B4E0002370012384F8305084F82020237484EDE5
:10B4F000029B84ED068BBDEC048B84ED0A0B38BDFA
:10B50000AFF30080182D4454FB210940F0B500230F
:10B51000A9B0044601F110070DF1180C01F1200546
:10B520000AAE0DF1380E9FED197BCDE912330123E0
:10B5300037EE400B8DF848300FC98CE80F0097E8C4
:10B540000F00B1EE400B86E80F0095E80F008EE883
:10B550000F00614616A804228DED140BFFF73EFB89
:10B5600004AB02AA694616A8FFF780FB20469DEDB2
:10B57000042B9DED021B9DED000BB1EE422BFFF75E
:10B5800087FD204629B0F0BDAFF30080182D44544C
:10B59000FB21F93F2DE9F041B6B00446904601F198
:10B5A00010070DF1180C01F120050AAE0DF1380E4F
:10B5B0000FC98CE80F0097E80F0086E80F0095E8A8
:10B5C0000F008EE80F00614612A80322FFF706FB6A
:10B5D000424612A924A8FFF725FA04AB02AA69463D
:10B5E00024A8FFF743FB20469DED042B9DED021B95
:10B5F0009DED000BB1EE422B00F0DCF8204636B09A
:10B60000BDE8F08193ED007B2DE9F047B5EE407B7E
:10B610001C4605468C469146F1EE10FA2DED048B42
:10B62000ADF5067D16D193ED027BB5EE407BF1EED4
:10B6300010FA0FD193ED047BB5EE407BF1EE10FADA
:10B6400008D1FFF7A7FF28460DF5067DBDEC048B5A
:10B65000BDE8F0870DF1400E0CF1100A0CF1200747
:10B660000DF1500818AE9CE80F008EE80F009AE824
:10B670000F0088E80F0097E80F0086E80F0071467A
:10B6800003222CA8FFF7AAFA4A462CA93EA8FFF7E6
:10B69000C9F904AB02AA69463EA8FFF7E7FA08AB6E
:10B6A00006AA21460AA8DDE93E679DED028BCDE999
:10B6B0000A67DDE94067B0EE480BCDE90C67DDE9CC
:10B6C0004267CDE90E67FFF7E1FD002846D002236F
:10B6D0001CA9042250A88DF870308DF8A0300123E9
:10B6E0009DED088B94ED005B94ED046B94ED027B73
:10B6F000B1EE455B8DF8803036EE086B0023B1EE7D
:10B70000477B8DF890309DED069B8DED1E5B8DED9A
:10B71000226B8DED267B8DED2A9BFFF75FFA50A9FA
:10B7200062A8FFF7C1F862AA3EA974A8FFF77AF9E8
:10B730009DED7C1B9DED820B07F04CFEB1EE492B7D
:10B74000B0EE481B28468DED000B00F033F828467C
:10B750000DF5067DBDEC048BBDE8F0879DED042B57
:10B760009DED000BB0EE481B2846B1EE422B00F0D9
:10B7700021F828460DF5067DBDEC048BBDE8F08769
:10B7800090ED020B704700BF90ED060B704700BFB5
:10B79000000000009FED030B90ED0A7B30EE470B9D
:10B7A000FEF75CBF182D4454FB21094090ED0A0BB5
:10B7B000704700BF0222B1EE422B012180F8202009
:10B7C00000220174027080ED020B80ED061B80EDFB
:10B7D0000A2B70472DE9F0432DED028BBDB01746C3
:10B7E00001F1100901F120050DF1300C044610AEF5
:10B7F0000DF1500E9DF818810FC98CE80F0099E8E3
:10B800000F0086E80F0095E80F008EE80F006146F4
:10B81000032218A8FFF7E2F93A4618A92AA8FFF769
:10B8200001F90AAB2AA808AA06A9FFF71FFAB8F17E
:10B83000000F1DD19DED0A7B9FED120B9DED081BA6
:10B840009DED068B30EE470B8DED041BFEF706FFDA
:10B850004146B0EE402B2046B0EE480B9DED041B58
:10B86000FFF72CFE20463DB0BDEC028BBDE8F08317
:10B8700048AB0FCB8DE80F0046AB08A80CCBFFF709
:10B88000BDFAD7E7182D4454FB2109C070B52DED42
:10B89000028BC6B004468C461546529B9DF830611B
:10B8A00093ED007B93ED026BB5EE407BF1EE10FA69
:10B8B00057D1B5EE406B93ED044BF1EE10FA53D037
:10B8C000B1EE477B32A9B1EE466B0EA8DCE902234C
:10B8D0009CED065BCDE93423DCE90A2335EE045BFD
:10B8E000CDE94423002305228DF8C8308DF8F830C7
:10B8F00002238DF8D8308DF8083101238DED387B87
:10B900008DF8E8308DED406B8DED3C5BFFF766F90F
:10B910002A460EA920A8FFF785F80CAB20A80AAA92
:10B9200008A9FFF7A3F9C6BB9DED0C7B9FED210B8A
:10B930009DED0A1B9DED088B30EE470B8DED061B30
:10B94000FEF78CFE3146B0EE402B2046B0EE480BA1
:10B950009DED061BFFF7B2FD204646B0BDEC028B05
:10B9600070BD93ED044BABE7B5EE404BF1EE10FA32
:10B97000A6D10DF5987E6E46BEE80F000FC69EE874
:10B9800003002A4686E8030020466146FFF722FFAF
:10B99000204646B0BDEC028B70BD4EAB0FCB8DE8A0
:10B9A0000F004CAB0AA80CCBFFF728FABCE700BF8E
:10B9B000AFF30080182D4454FB2109C070B598B036
:10B9C00004460D461646229B0DF1700EEC4606937A
:10B9D000BEE80F008DED080BACE80F009EE80300F9
:10B9E00032468CE8030029460AA8FFF74FFF20469D
:10B9F0000AA99DED080BFFF789FD204618B070BD20
:10BA000090ED020B704700BF90ED060B704700BF32
:10BA100090ED0A0BB1EE400B704700BF90ED0A0BA2
:10BA2000704700BF0222012180F82020002201740B
:10BA3000027080ED020B80ED061B80ED0A2B704733
:10BA40002DE9F041B6B00446904601F110070DF122
:10BA5000180C01F120050AAE0DF1380E0FC98CE863
:10BA60000F0097E80F0086E80F0095E80F008EE8BA
:10BA70000F00614612A80322FFF7B0F8424612A950
:10BA800024A8FEF7CFFF02AB04AA694624A8FFF75B
:10BA9000EDF820469DED022B9DED041B9DED000B66
:10BAA000B1EE422BFFF7F4FA204636B0BDE8F08144
:10BAB00090ED020B704700BF90ED060B704700BF82
:10BAC00090ED0A0B704700BF2DE9F04786B0904615
:10BAD00099464FF0FF3200230E9C026006460B6031
:10BAE0000F46C8F80030C9F8003025789DF83CA012
:10BAF000202D03D114F8015F202DFBD02046BAF190
:10BB0000000F07D00CF02EFA082853D0002006B002
:10BB1000BDE8F0870CF026FA0728F7D18DF804501D
:10BB200004AD8DF806A00DF1040A63780A222946B7
:10BB300050468DF805300BF0A3FB47F6FF73034426
:10BB4000B3F5803F03D2049B534500D03060A37807
:10BB50003A2BDBD1E3780A2203A928468DF810306E
:10BB600023798DF8113000238DF812300BF088FB0B
:10BB700047F6FF730344B3F5803F03D2039BAB4208
:10BB800018BF386063792E2BC0D1A379303BC8F839
:10BB900000303368172BB9D83B683B2BB6D8D8F8A0
:10BBA0000030B3F5167FB1D2D9F800303B2BADD8B9
:10BBB0000120ACE763780DF1040A8DF8045004AD60
:10BBC0008DF8053000230A22294650468DF80630AC
:10BBD0000BF056FB47F6FF730344B3F5803F03D2E7
:10BBE000049B534500D03060A3783A2B8ED1E37884
:10BBF0000A2203A928468DF8103023798DF81130D8
:10BC000000238DF812300BF03BFB47F6FF73034423
:10BC1000B3F5803F03D2039BAB4218BF3860637912
:10BC20003A2B7FF473AFA37902AD03A90A228DF8F2
:10BC300008302846E3798DF8093000238DF80A3062
:10BC40000BF01EFB47F6FF730344B3F5803FA0D211
:10BC5000039BAB429DD0C9F800009AE710B514468B
:10BC600086B0844605AB04AA02A8CDE9001403A956
:10BC70006446FFF729FF18B3DDED037AB8EEE74B12
:10BC8000DDED047A9FED0F3BB8EEE76BDDED057A55
:10BC90009FED0E1BB8EEE75B84EE037B86EE013B67
:10BCA000DDED026AB8EEE66B9FED0A2B85EE024BE6
:10BCB00037EE067B37EE037B37EE047B84ED007BAB
:10BCC00006B010BD0000000000004E400000000063
:10BCD00000C08240000000000020AC402DE9F04F81
:10BCE0002DED028B0F7889B00C468046202F16462A
:10BCF0001D4603D114F8017F202FFBD020460CF005
:10BD000031F90DB906287BD0092806D0002738461E
:10BD100009B0BDEC028BBDE8F08F4FF00009002E9A
:10BD200072D02D2F00F091802B2FEFD1B7EE008B2A
:10BD300063780DF1180B04AF0A228DF810305946C4
:10BD4000A37838468DF8113000238DF812300BF0AF
:10BD500097FA47F6FF7382460344B3F5803FD5D286
:10BD6000069BBB42D2D0E378033403F0EF072A2FBF
:10BD700018BFDF2B14BF01270027C7D163780A2221
:10BD800005A958468DF81830A3788DF81A708DF8EB
:10BD900019300BF075FA47F6FF7203468218B2F5B8
:10BDA000803FB4D2059A5A45B1D089F0010915EA0D
:10BDB00009054DD0E5780190272D18BF3A2D14BF05
:10BDC00001250025A2D1227903AF05A98DF80E50D7
:10BDD0008DF80C20384662798DF80D200A220BF080
:10BDE0004FFA47F6FF72019B8218B2F5803F2FD2BF
:10BDF000059ABA422CD03B2894BF0025012528E0A3
:10BE00004FF00109002E8CD163780DF1180B8DF8DD
:10BE1000107004AF8DF811300A22A37859463846C5
:10BE20008DF813608DF812300BF02AFA47F6FF7385
:10BE300082460344B3F5803FBFF468AF069BBB4224
:10BE40003FF464AFB7EE008B8DE7BFEE008B6FE77A
:10BE50002846002E0BBF4FF4B4725A2200216FF017
:10BE600059013B2B88BF45F001055245B8BF45F04D
:10BE70000105002D7FF44AAF51453FF747AF07EE6C
:10BE8000903A0127B8EEE76B07EE900A9FED0B2B77
:10BE9000B8EEE75B07EE90AA86EE024BB8EEE77BC2
:10BEA0009FED083B85EE036B34EE077B37EE067B98
:10BEB00027EE087B88ED007B29E700BF000000002B
:10BEC00000004E40000000000020AC4091ED004B0F
:10BED0009FED306B9FED313BB0EEC47B30B537EE5C
:10BEE000067B89B02F4C154686460DF10C0CBBFE27
:10BEF000475B37EE457B0FCC27EE037BACE80F00AA
:10BF00002368BBFE476B37EE466B8CF800308DB371
:10BF100026EE036BB5EE407BF1EE10FAB5EE405B1A
:10BF200014BF01230023F1EE10FA18BF43F0010300
:10BF300023B9B5EE406BF1EE10FA04D0B5EEC04B6C
:10BF4000F1EE10FA21D40023ADF80830BDEEC77B26
:10BF500003A9BDEEC66B7046FDEEC57B02AA8DED52
:10BF6000007A8DED016A17EE903A0BF03DFB01204F
:10BF700009B030BDB2EE043B2E2231238DF81720DC
:10BF800026EE036B8DF81A30C4E72D23ADF8083088
:10BF9000DCE700BFF78F85E81038223F0000000083
:10BFA00000004E40F81D00200000000091ED007BD5
:10BFB000F0B5B5EEC07B87B01D46864614469DF8A9
:10BFC0003070F1EE10FA3F4B9FED3A6B9FED3B4B1B
:10BFD0004ED437EE067B0DF1080C0FCBBBFE476B42
:10BFE000FDEEC65B8CE80F00B8EEE56B37EE467BE6
:10BFF00027EE047BBBFE476B37EE466B26EE046BE9
:10C00000BDEEC66BBDB101252CB105F1180333227D
:10C010006B4403F80E2CC7B1FDEEC77B15EE902ADA
:10C02000614670468DED006A17EE903A0BF0DCFA2F
:10C03000012007B0F0BD244B664600250FCB07C694
:10C0400026F8023B1B0C3370DEE705F11803FDEE0A
:10C05000C77B614670460DEB030515EE902A17EE7F
:10C06000903A05F8077C0BF0BFFA012007B0F0BD4D
:10C0700036EE477B0DF1080C0FCBBBFE476BFDEE98
:10C08000C65B8CE80F00B8EEE56B37EE467B27EE1B
:10C09000047BBBFE476B37EE466B26EE046BBDEEB2
:10C0A000C66B002DC7D02D2301258DF80830ABE7D6
:10C0B000AFF30080F78F85E81038223F00000000C2
:10C0C00000004E40E81D0020D81D00202DE9F04161
:10C0D000074684B018461C460E4615460BF042FF34
:10C0E000082803D0002004B0BDE8F0812378E8469A
:10C0F0000A2203A98DF80030404663788DF801309C
:10C1000000238DF802300BF0BBF847F6FF730344B1
:10C11000B3F5803F03D2039B434518BF3060A3783B
:10C120002F2BDFD1E3780DF104080A2203A98DF843
:10C130000430404623798DF8053000238DF8063011
:10C140000BF09EF847F6FF730344B3F5803F03D22C
:10C15000039B434518BF286063792F2BC2D1A37975
:10C160000DF1080803A90A228DF808304046E3794A
:10C170008DF8093000238DF80A300BF081F847F66E
:10C18000FF730344B3F5803F03D2039B434518BFBD
:10C1900038603368013B0B2BA4D82B68013B1E2B66
:10C1A000A0D83B68632B9DD80B2B4FF00100CCBF70
:10C1B00003F5FA6303F634033B6094E730B583B0CC
:10C1C0000A220D46044601A90BF05AF800F5004278
:10C1D000B2F5803F07D2019AA24204D00346012063
:10C1E0002B6003B030BD002003B030BD30B583B04C
:10C1F0000D460A22044601A90BF0F0F8B0F5803F85
:10C2000007D2019AA24204D0034601202B6003B05A
:10C2100030BD002003B030BD000000009FED011BC9
:10C2200007F0DCB8000000000080764008B52DED76
:10C23000028B9FED088BB0EE481B07F0CFF8B5EEF0
:10C24000C00BF1EE10FA48BF30EE080BBDEC028BCC
:10C2500008BD00BF000000000080764008B52DED4D
:10C26000028B9FED088BB0EE481B07F0B7F8B5EED8
:10C27000C00BF1EE10FA48BF30EE080BBDEC028B9C
:10C2800008BD00BF000000000080764000220221AF
:10C29000028082808260027302824261027682831F
:10C2A000026280F824200285C26280F83020028772
:10C2B000C263A0F84820C264A0F858200266A0F823
:10C2C00068200267A0F87820C0F88020A0F88820B5
:10C2D000C0F89020A0F89820C0F8A02080F8B910ED
:10C2E000A0F8BA2080F8BC20C0E93022C0E9322290
:10C2F000C0E93422A0F8A82080F8AA20704700BF27
:10C3000038B5057804462D2D08BF0134204609F0C4
:10C3100019FB6422237802FB00F0A3F13002092A02
:10C3200005D814F8013FA3F13002092AF9D92E2BC0
:10C3300003D02D2D08BF404238BD6378303B092B18
:10C34000F7D8A27803EB8303303A00EB4300092AC5
:10C3500098BF80182D2D08BF404238BD70B50D46DE
:10C36000044609F0EFFA1B4B6422A3FB00135B09A0
:10C3700002FB13002B802278174BA2F1300100FB47
:10C3800003F3092905D814F8012FA2F13001092976
:10C39000F9D92E2A0AD003EB8303104A0021013376
:10C3A0002972A2FB03235B086B6070BD60780134C7
:10C3B000A0F130010929EED8074A094EA6FB020276
:10C3C00014F8010FD20802FB0133A0F13001092952
:10C3D000F4D9E0E71F85EB5180969800ABAAAAAA92
:10C3E000CDCCCCCC2DE9F04190F8A970044657B3E0
:10C3F00090F8AA30A3F14102052A77D9A3F161028E
:10C40000052A94BF573B303B94F8AB201B01A2F1A7
:10C410004101DBB2052940F2FB80A2F1610105294F
:10C4200094BF573A303A134494F8A820DBB29A42AA
:10C4300000F0B880D4F8D03000270133C4F8D030F1
:10C440003846BDE8F08190F8BA6046B390F8B9304C
:10C45000022B03D090F8AA20002A49D1D4F8C45066
:10C46000002DEDD02B4604F1AA0804E02D6B002D21
:10C47000E6D0D4F8C430996AA86A0BF097FB064658
:10C480000028DDD1EA6A94F8BA309A42D8DCEDD1BE
:10C490000F22414628460BF087FAEE73E6E700F1DB
:10C4A000AA08BB4940460BF081FB30B1B949404670
:10C4B0000BF07CFB002840F0C2800126D4F8C0506D
:10C4C00084F8B960C4F8C4502DB9B9E72D6BC4F82D
:10C4D000C450002DB4D0A86A41460BF067FB002879
:10C4E000F4DBADD00023C4F8C430A9E7373B8BE7B9
:10C4F00046EA4316013E282EB0D801A353F826F091
:10C50000C3A90100B7A90100A7A901009BA90100C7
:10C510008BA90100CDA9010021AA010015AA0100E3
:10C52000FFA90100F9A60100F9A60100F9A6010082
:10C53000F9A60100F9A60100F9A60100F9A601007B
:10C54000F9A60100F9A60100F9A60100F9A601006B
:10C55000F9A60100F9A60100F9A60100F9A601005B
:10C56000F9A60100F9A60100F9A60100F9A601004B
:10C57000F9A60100F9A60100F9A60100F9A601003B
:10C58000C3A90100EFA90100B7A90100A7A90100F3
:10C590009BA901008BA90100E5A90100DBA901000D
:10C5A0000BAA0100D4F8D43094F8BC200133C4F8AD
:10C5B000D4307AB3D4F8CC3094F8B9200133C4F82D
:10C5C000CC30002A00F0EE80012A48D0D4F8C450C4
:10C5D000002D3FF435AF2B46DFF8BC8140F2011649
:10C5E0000BE00BF04DFCD8F80030AE842B622D6BC5
:10C5F000002D3FF425AFD4F8C430996AA86A0BF037
:10C60000D5FA0346294605F11000002BE9D017E7BB
:10C61000373A08E794F8B930002B4CD0012BD5D12C
:10C6200040F201125C4B216C2287A4F84820E163A0
:10C63000226D19681B686164E2646365C6E7574947
:10C6400040460BF0B3FA00283FF438AF5449404657
:10C650000BF0ACFA003818BF012046002EE74E4A16
:10C6600040F20113216C2387E1631168A4F848307C
:10C670006164216DA4F85830E16411686165E16975
:10C68000616094F824102173A16A216194F830103C
:10C690002176116823806163616E21661168E1650E
:10C6A000616F2167216AA160E16A61611268A4F883
:10C6B0006830E2668AE7384B40F20110226D196853
:10C6C000A4F848006165E264186840F201121B6832
:10C6D000D4F89410C4F89C30D4F8A430A4F888207E
:10C6E000A4F89820C4F8A030C4E923016EE7A2F1B1
:10C6F0005702B2FA82F2520980F83020AEE600F119
:10C700002801AA30FFF72AFEA8E6A2F15302B2FAE6
:10C7100082F2520980F82420A0E600F11C01AA3020
:10C72000FFF71CFE9AE6AA30FFF7EAFD206595E6C2
:10C73000302A94BF0022012280F8BC208EE6AA3065
:10C74000FFF7DEFD606789E6AA30FFF7D9FD606676
:10C7500084E6A2F14102B2FA82F2520980F8BC20CA
:10C760007CE6AA30FFF7CCFDC4F8840076E6AA3058
:10C7700009F0E8F8206471E6AA30FFF7C1FDC4F8BB
:10C78000A4006BE6AA3009F0DDF8C4F8940065E671
:10C7900050250020582500200C5A0020602500203C
:10C7A00068250020114B40F20112216DA4F84820A9
:10C7B000E1641968A4F878206165E169616094F822
:10C7C00024102173A16A216194F830102176196830
:10C7D0002280D4F884206163C4F880201A68E2675C
:10C7E000226AA260E26A62616EE700BF0C5A002012
:10C7F00038B5D0F8C830A1F10A0204460D4601331D
:10C80000C0F8C830222A2ED8DFE802F0182D2D18E3
:10C810002D2D2D2D2D2D2D2D2D2D2D2D2D2D2D2D48
:10C820002D2D2D2D2D2D412D2D2D2D2D182D120081
:10C8300090F8A83083F02C0380F8A83094F8BB302F
:10C840000E2B30D90020A5F12A0194F8BA3000222D
:10C85000B1FA81F1013384F8BB20490984F8BA3078
:10C8600084F8A91038BD90F8BB300D2B05D85A1CA0
:10C87000034480F8BB2083F8AA1094F8A900D0B92B
:10C8800094F8A83085EA030184F8A81038BD002385
:10C8900002221846A4F8A83084F8B920A4F8BA30C7
:10C8A00084F8BC3038BD23440022204683F8AA20F7
:10C8B000FFF798FDC7E7002038BD00BF90ED026A82
:10C8C00000228388B8EE466B427007EE103A037B75
:10C8D0009FED065BB8EEC77B86EE050B30EE070BCF
:10C8E0000BB1B1EE400B7047AFF3008000000000C9
:10C8F00065CDCD4190ED056A0022038AB8EE466B06
:10C90000427007EE103A037E9FED065BB8EEC77BE0
:10C9100086EE050B30EE070B0BB1B1EE400B704706
:10C92000AFF300800000000065CDCD4143684FF0BB
:10C93000000C064A642180F801C0A2FB03025209E0
:10C9400001FB123000F5FA6080B270471F85EB5191
:10C9500043684FF0000C074A642180F801C0A2FB35
:10C9600003304009A2FB0032520901FB1200C0B2A1
:10C97000704700BF1F85EB51044A00214368417096
:10C98000A2FB0320C0F34730704700BF5917B7D14F
:10C99000044A002143684170A2FB0320C0F3874092
:10C9A000704700BF83DE1B434FF0000C074A084B63
:10C9B000642180F801C04068A2FB0020400BA3FB6B
:10C9C00000235B0901FB1300C0B270475917B7D1B0
:10C9D0001F85EB5143684FF0000C074A642180F833
:10C9E00001C0A2FB03304009A2FB0032520901FB47
:10C9F0001200C0B2704700BF1F85EB5190F81CC0F9
:10CA00004160BCF1020FC26001D18368184703F096
:10CA100025BA00BF324B334930B5D3E911542079E0
:10CA2000C8771A6C95F804C081F81CC0087752B119
:10CA3000B2F5004F23D32C4911442A4A1964D07609
:10CA400082F81BC030BD19680F24D86C8C6540F289
:10CA50000134CA610C614FF47C544C6103210468B9
:10CA6000246883F83D10214B9C4226D1037F42600D
:10CA7000022BC26026D18368BDE8304018472D687C
:10CA8000E98B090422D492B2EA832168EC8BA4B228
:10CA9000EC82CC8B240405D5CC8BC2F3080204F4C1
:10CAA0007E442243CA83CA8B92B2CA8200210D4AB5
:10CAB0001964D07682F81BC030BD23461146BDE80C
:10CAC00030401847BDE8304003F0C8B9E98BC2F3E5
:10CAD000080E92B201F47E4141EA0E01E983D4E7E7
:10CAE0007832002000800E400180FFFF99AC0100E9
:10CAF00043682DE9F04FD3E90041814D4FF0B80A6A
:10CB000022684FF0020822EA01027E492260AA69E7
:10CB100011407D4A0A43AA6190F810E07B4A03EB7A
:10CB20000E0603EB8E0E317C02EB01118968C1F811
:10CB300000A090F811C003EB0C0503EB8C0C95F8EA
:10CB4000201002EB01118968C1F800A0817C03EB81
:10CB5000010903EB810199F830B002EB0B1BDBF804
:10CB600008B0CBF800A0D4F800A05F684AEA070A32
:10CB7000C4F800A0347CDEF814E002EB041464680E
:10CB8000C4F800E095F82040DCF824C002EB04145F
:10CB90006468C4F800C0496B99F8304002EB041295
:10CBA00052681160DA6B99F838101160DA69317ED9
:10CBB000DB6A116095F828201A600F220368C3F819
:10CBC00010809A65C27C002A31D072B6C37CDC0723
:10CBD00008D54FF0E0214469D1F8802122408262DB
:10CBE000C1F88021990708D54FF0E0218469D1F878
:10CBF00084212240C262C1F884215A0708D54FF02F
:10CC0000E021C469D1F8882122400263C1F888215B
:10CC10001F0708D54FF0E021046AD1F88C2122408B
:10CC20004263C1F88C21DE0655D462B60368384CE5
:10CC30008268A24259D0324A846092693549C2F36F
:10CC40000116C2F38262344D51F826100132B1FB55
:10CC5000F2F2AA4231D80022C260002403211C61F2
:10CC60000724596201211A641C661961C37C13B33D
:10CC7000DD0704D5816A4FF0E022C2F800119C075D
:10CC800004D5C16A4FF0E022C2F80411590704D557
:10CC9000016B4FF0E022C2F808111A0704D5416B6E
:10CCA0004FF0E022C2F80C11DB0604D5826B4FF086
:10CCB000E023C3F81021BDE8F08F1849A1FB025111
:10CCC000090DB2FBF1F2A24288BF0131B1F5817FBB
:10CCD0000DD3134AC0E74FF0E022416AD2F89031F9
:10CCE0000B408363C2F890319FE7C268B5E7022921
:10CCF000B1D902394C08220242EA04420A43ABE7A6
:10CD000000C00F40CFFFFFE310000008742B00208D
:10CD100000093D0088270020FF083D0083DE1B43FB
:10CD2000FF7F7F00D0E9002310B4D3E9000403683B
:10CD300023435DF8044B03600807136E23F0404360
:10CD400048BF43F00043490748BF43F080431366A0
:10CD5000704700BF07EE901AB6EE005B036BB8EEAB
:10CD6000676BD0ED057A23F04002B8EE677B9FED4C
:10CD7000533B27EE067B9FED534BF0B527EE037B2D
:10CD800083B0044687EE046B36EE456BFCEEC66B53
:10CD9000CDED016A9DF804300F2B0ED90263E26AD3
:10CDA00094F83B1022F01F021F2B94BF1A4342F04D
:10CDB0001F02E26289B903B0F0BD9FED444B42F01F
:10CDC000400287EE046B026336EE456BFCEEC67BD9
:10CDD000CDED017A9DF80430E1E73E4E0C21256B44
:10CDE0003046FFF79FFF002194F8380004F06AF9FD
:10CDF000C5F3074233685A66DA6D12F4F81FFBD0A8
:10CE0000596FC5F3072209025A6689B2DA6D12F426
:10CE1000F81FFBD0586FEDB2C0B25D660843000248
:10CE2000DA6D12F4F81FFBD05D6F0121EDB20543FE
:10CE300094F8380004F046F900212D092548FFF741
:10CE400071FFE76A0C2123486563FFF76BFF002140
:10CE500094F8380004F036F9C7F3074233685A668D
:10CE6000DA6D12F4F81FFBD0596FC7F307220902DD
:10CE70005A6689B2DA6D12F4F81FFBD05A6FFFB20E
:10CE80005FFA82FC5F664CEA010C4FEA0C2CDA6D0B
:10CE900012F4F81FFBD05D6F012194F83800EDB259
:10CEA00045EA0C0504F00EF900210A482D09FFF7A8
:10CEB00039FF656303B0F0BDAFF3008000000000F0
:10CEC0000000404000000000C0EB124100000000E4
:10CED000402404417832002070B53F29244C054697
:10CEE000C06A28BF3F2104400AB144F4803444EAB8
:10CEF000012495F83B30EC6203B970BD1D4E0C2146
:10CF00003046FFF70FFF002195F8380004F0DAF8FB
:10CF1000C4F3074233685A66DA6D12F4F81FFBD087
:10CF2000596FC4F3072209025A6689B2DA6D12F406
:10CF3000F81FFBD05A6FE4B25FFA82FC5C664CEAE1
:10CF4000010C4FEA0C2CDA6D12F4F81FFBD05C6F69
:10CF5000012195F83800E4B244EA0C0404F0B2F878
:10CF6000002104482409FFF7DDFE6C6370BD00BF9B
:10CF7000FF80FEFF78320020FF2970B50446056A65
:10CF800017DD484B4FF480721D4094F83B30E2634C
:10CF90002562DBB9E368E06B216900FB03F3424AD9
:10CFA00001FB03F3A169B2FBF3F31944A360E16150
:10CFB00070BD7F2942DD3B4B80221D4094F83B3001
:10CFC000E26345F001052562002BE3D0374E0C21CA
:10CFD0003046FFF7A7FE002194F8380004F072F8FD
:10CFE00033682A0C5A66DA6D12F4F81FFBD0596FB9
:10CFF000C5F3072209025A6689B2DA6D12F4F81FE6
:10D00000FBD05A6FEDB25FFA82FC5D664CEA010C10
:10D010004FEA0C2CDA6D12F4F81FFBD05D6F012182
:10D0200094F83800EDB245EA0C0504F04BF8002105
:10D030001E482D09FFF776FE6563ABE73F2907DC45
:10D040001F290BDD174B20221D4045F003059CE7EF
:10D05000144B40221D4045F0020596E70F2907DCDE
:10D060000729104B0ADD1D40082245F005058CE715
:10D070000F4B10222B4043F4017586E7032904DD92
:10D080001D40042245F006057FE7012904DD1D400F
:10D09000022245F0070578E71D40012245F008050A
:10D0A00073E700BFF0FD0F00008793037832002084
:10D0B000F0FF0F00F8B590F83B30002B7AD0066BEC
:10D0C00005463E4F26F0300444F01004A6420463A7
:10D0D00038D10C213948FFF725FE002195F838009A
:10D0E00003F0F0FFC4F307423B685A66DA6D12F4AE
:10D0F000F81FFBD0596FC4F3072209025A6689B2A0
:10D10000DA6D12F4F81FFBD05A6FE4B25FFA82FCBA
:10D110005C664CEA010C4FEA0C2CDA6D12F4F81F35
:10D12000FBD05C6F012195F83800E4B244EA0C04AE
:10D1300003F0C8FF00212148FFF7F4FD2309A00BED
:10D140006B63F8BD0C213846FFF7ECFD002195F824
:10D15000380003F0B7FFC4F307423B685A66DA6D44
:10D1600012F4F81FFBD0596FC4F3072409025C6660
:10D1700089B2DA6D12F4F81FFBD0586F06F0CF06B3
:10D18000C0B246F0100608435E660002DA6D12F483
:10D19000F81FFBD05C6F0121E4B2044395F838001E
:10D1A00003F090FF00210548FFF7BCFD23092C6B1D
:10D1B0006B638EE74FF0FF30F8BD00BF7832002080
:10D1C00000000000F8B590F83B300446EBB99FED45
:10D1D000537B236B94ED055A13F0400FB8EE455B7B
:10D1E0009FED503B9FED516B9FED524B03FE066B45
:10D1F00026EE076B86EE057B27EE047B27EE047B8D
:10D20000FCEEC77B17EE900AF8BD066B4B4F26F07D
:10D21000300545F02005AE42056336D00C21384676
:10D22000FFF780FD002194F8380003F04BFFC5F3B1
:10D2300007423B685A66DA6D12F4F81FFBD0596F4B
:10D24000C5F3072509025D6689B2DA6D12F4F81F8D
:10D25000FBD0586F06F0CF06C0B246F02006084358
:10D260005E660002DA6D12F4F81FFBD05D6F0121DB
:10D27000EDB2054394F8380003F024FF00212F4855
:10D28000FFF750FD2B09256B63630C212B48FFF73B
:10D2900049FD002194F8380003F014FFC5F307425C
:10D2A0003B685A66DA6D12F4F81FFBD0596FC5F36C
:10D2B000072209025A6689B2DA6D12F4F81FFBD010
:10D2C0005A6FEDB25FFA82FC5D664CEA010C4FEAE0
:10D2D0000C2CDA6D12F4F81FFBD05D6F012194F86D
:10D2E0003800EDB245EA0C0503F0ECFE00211348CE
:10D2F000FFF718FDC5F38433B7EE005B2D0907EE89
:10D30000103A6563B8EE477B9FED046B37EE057B03
:10D3100027EE067B5DE700BFAFF300800000000052
:10D320000000A03FD7A3703D0AD7D33F1F85EB5124
:10D33000B81EC53F0000000000408F40783200203A
:10D3400090F8252010B40C466C2164F30612046892
:10D35000246880F825202346D0F825205DF8044B6A
:10D36000184700BF90F825C090F826200CF07F0CDD
:10D3700022F0070210B401F00104C1F342014CEAAB
:10D38000C41C0A4304686C2180F825C080F826205C
:10D390002468D0F8252023465DF8044B184700BFC9
:10D3A00090F826C090F827200CF07F0C22F00102A4
:10D3B00010B401F00104C1F340014CEAC41C0A435B
:10D3C00004686C2180F826C080F827202468D0F8F3
:10D3D000252023465DF8044B184700BF90F827200E
:10D3E00010B40C466C2164F34102046880F82720D5
:10D3F0002468D0F8252023465DF8044B184700BF69
:10D4000090F8282010B40C466C2164F303020468E1
:10D4100080F828202468D0F8252023465DF8044BA6
:10D42000184700BF03686C2100B55B6883B098475C
:10D43000C0F3021003B05DF804FB00BF03686C2169
:10D4400000B55B6883B09847C0F3C31003B05DF8C4
:10D4500004FB00BF03686C2100B55B6883B098478C
:10D46000C0F3C13003B05DF804FB00BF03686C215A
:10D4700000B55B6883B09847C0F3404003B05DF8E7
:10D4800004FB00BF03686C2100B55B6883B098475C
:10D49000C0F3036003B05DF804FB00BF10B4046880
:10D4A0000A46C0F825106C2123685DF8044B184724
:10D4B00090F8252010B40C466C2164F30302046834
:10D4C000246880F825202346D0F825205DF8044BF9
:10D4D000184700BF90F8282010B40C466C2164F364
:10D4E0000412046880F828202468D0F825202346F8
:10D4F0005DF8044B184700BF03686F215B6818474D
:10D5000090F817C0C1F3072241752CF0030C827507
:10D51000C1F3110200B5C1F3014E01684CEA0E0CD3
:10D520000B685DF804EB002180F817C0184700BFB6
:10D53000427D10B40C46002164F3820204684275F7
:10D5400042692368C2F311225DF8044B184700BFFB
:10D5500010B404680A464164702123685DF8044BE6
:10D56000184700BF90F8462010B40C46702164F3B1
:10D570008202046880F846202468426C23465DF8E5
:10D58000044B184730B482B00C4602AB03E90600E6
:10D59000C37C002B30D072B6C37CDA0708D54FF0BD
:10D5A000E0214569D1F880212A408262C1F88021BA
:10D5B0009D0708D54FF0E0218569D1F884212A40E4
:10D5C000C262C1F88421590708D54FF0E021C5692E
:10D5D000D1F888212A400263C1F888211A0708D5AA
:10D5E0004FF0E021056AD1F88C212A404263C1F84E
:10D5F0008C21DB062FD462B683689C4235D0224B47
:10D6000084609B69214AC3F30111C3F3826352F81A
:10D6100021100133B1FBF3F2CCB1944227D8B2FB15
:10D62000F4F3B2FBF3F294422CD3B3F5817F20D311
:10D63000174CC460036803220020019918615A62E4
:10D6400001221C6419661A6102B030BC704799420D
:10D65000EFD3531CE9E74FF0E022416AD2F8903152
:10D660000B408363C2F89031C5E7C468E2E7002449
:10D67000DFE7022BFBD9023B5A08140244EA0244BA
:10D680001C43D6E71A46E4E700C00F408827002075
:10D69000FF7F7F00002381861C49436003818363F1
:10D6A000A0F81530C3758362C36A016003F0FE03FE
:10D6B000174980ED030AC362036B80F83C2003F036
:10D6C0007C4C036A10B44FF07C5403F47E434CEA64
:10D6D00001010461847A036224F00F04436A016348
:10D6E000847203F080038469436204F470048461EB
:10D6F000C46904F47044C461064C94F90030934248
:10D70000B8BF22705DF8044B704700BF3826002078
:10D7100080040500405A002090F8340003F0D2BC89
:10D72000836B03B17047084B084A1B68084800B573
:10D7300083B0CDE9003202AB13E90600FFF722FF08
:10D7400003B05DF804FB00BFD8340020070000C020
:10D7500078320020836B03B17047144AD37C002BCE
:10D76000FAD0D80704D5906A4FF0E021C1F8000143
:10D77000990704D5D06A4FF0E021C1F80401580799
:10D7800004D5106B4FF0E021C1F80801190704D54A
:10D79000506B4FF0E021C1F80C01DB06DCD5926B39
:10D7A0004FF0E023C3F81021D6E700BF7832002005
:10D7B000806B08B100F0BABD044A12685166D36D9F
:10D7C00013F4F81FFBD0506FC0B2704778320020BE
:10D7D0002DE9F04105460F46FFF7A2FF002128463C
:10D7E0000424FFF799FF39462846FFF7E1FF00219F
:10D7F0002846FFF7DDFF631E13F0FF04F7D195F90C
:10D800003C300126012B0EDD052400212846FFF7C0
:10D81000CFFF631E13F0FF04F7D1013695F93C30BA
:10D8200076B2B342F0DC01212846FFF775FF274BA3
:10D83000274948681A68274BA3FB0232920C4B68B1
:10D840001B1A9A42FBD8DFF8908000212846FFF788
:10D8500063FF98F90030B3420EDD0524002128460D
:10D86000FFF7A6FF631E13F0FF04F7D1013698F906
:10D87000003076B2B342F0DC39462846FFF798FF15
:10D880000346002128462B75FFF792FF044600212E
:10D890002846FFF78DFF064624020021284626432E
:10D8A000FFF786FF0446002136022846FFF780FF77
:10D8B00003463443284624021C43FFF74BFF284607
:10D8C0000121FFF729FF2046BDE8F08174320020D6
:10D8D000001000E083DE1B43405A002070B505466F
:10D8E0000E461446FFF71CFF00212846FFF714FFE1
:10D8F00046F080012846FFF75BFF0346210E2846CD
:10D900002B75FFF755FFC4F307412846FFF750FF7B
:10D91000C4F307212846FFF74BFF2846E1B2FFF783
:10D9200047FF95F93C30012B0FDD0126052400212E
:10D930002846FFF73DFF631E13F0FF04F7D10136C1
:10D9400095F93C3076B2B342F0DC2846FFF702FF8F
:10D9500001212846FFF7E0FE70BD00BF90F81AC015
:10D96000C1F3130201832CF00F0C00B5C1F3034E79
:10D9700001684CEA0E0C0B685DF804EB142180F88A
:10D980001AC0184790F81DC0C1F30722C1762CF0C9
:10D990000F0C0277C1F3130200B5C1F3034E016807
:10D9A0004CEA0E0C0B685DF804EB152180F81DC0E5
:10D9B000184700BF038C21F07E42C18323F4FF731C
:10D9C00000B523F00103C1F3084E016843EA0E03DA
:10D9D0005DF804EB03840B682D21184790F824C0F0
:10D9E000C1F3160241842CF07F0C00B5C1F3064E42
:10D9F00001684CEA0E0C0B685DF804EB332180F8EB
:10DA000024C01847C1F3074C036821F07F4280F817
:10DA10002D101B6880F82FC000B5C1F3072E6E21B2
:10DA200080F82EE05DF804EB184700BF10B50446FF
:10DA3000FFF730FE0D4A0A235020012122604122C7
:10DA4000E371102384F82500062084F826104FF493
:10DA5000837184F8272084F82830054A054B84F820
:10DA60003D002046E187C4E9102310BD7426002044
:10DA7000000408001E000CC49FED277A42F6415CAA
:10DA8000D0ED037A1F2367EE877A30B5FCEEE77A94
:10DA900083B00546214C17EE902A92B20CFB02F29D
:10DAA000120A02FB01F103FB0442B1FBF2F2FF2A6E
:10DAB00002F1FF3C09D87F2A03F1FF3098BFC3B2BF
:10DAC000BCF17E0FEFD9D1B201E000210A461F2B35
:10DAD000286885F843104FF00B0128BF1F231C4610
:10DAE0000368284698472146284600F0DBFB07EEEE
:10DAF000904A95ED047A2846F8EEE77A67EE877A41
:10DB0000FCEEE77ACDED017A9DF8041003B0BDE894
:10DB1000304000F0B7BB00BF00FF7F47FE4401006C
:10DB20000A46016880F843200B680B21184700BFA4
:10DB3000F0B5866B83B0044642EA4145D6B190F811
:10DB40002600002103F0BEFAC5F30741A06B00F0E8
:10DB5000EDFBC5F30721A06B00F0E8FBA06BE9B279
:10DB600000F0E4FB012194F8260003B0BDE8F0408A
:10DB700003F0A8BA036B274A274FCDE9003202AB66
:10DB8000384613E90600FFF7FDFC314694F82600FD
:10DB900003F098FAC5F307423B685A66DA6D12F44F
:10DBA000F81FFBD0C5F30722596F5A66DA6D12F4DD
:10DBB000F81FFBD0EDB25A6F5D66DA6D12F4F81FF4
:10DBC000FBD0FA7C5B6F002ACCD0D60704D5B96AAB
:10DBD0004FF0E023C3F80011950704D5F96A4FF020
:10DBE000E023C3F80411500704D5396B4FF0E0234C
:10DBF000C3F80811110704D5796B4FF0E023C3F87F
:10DC00000C11D306AED5BA6B4FF0E023C3F8102148
:10DC1000A8E700BF070000C07832002006EE901A87
:10DC20009FED247BB8EEE66B9FED244B26EE076B51
:10DC300090ED0A7AB7EEC77A30B52DED048B86EEFB
:10DC4000049B83B00546B7EE008B9FED1E5B27EE6D
:10DC5000097B87EE056B36EE486BFCEEC67BCDED9F
:10DC6000017A9DF804400F2C20D8012100F09EFA83
:10DC700095ED0A7AB7EEC77A9FED145B27EE097B24
:10DC800087EE056B36EE486BFCEEC67BCDED017A78
:10DC90009DF804401F2C2146284628BF1F2103B0B1
:10DCA000BDEC048BBDE8304000F00CBB002100F05F
:10DCB0007DFAEFE78DD13AAA9AA046400000000015
:10DCC00000408F40D7A3703D0AD7D33F1F85EB514B
:10DCD000B81EC53F202914D820291FD8DFE801F03D
:10DCE0001F1E221E251E1E1E281E1E1E1E1E1E1E3E
:10DCF0002B1E1E1E1E1E1E1E1E1E1E1E1E1E1E1E37
:10DD00002E0080291DD0B1F5807F02D1002100F0C6
:10DD10005BBA402918D1022100F056BA7047082199
:10DD200000F052BA072100F04FBA062100F04CBAB9
:10DD3000052100F049BA042100F046BA032100F0A1
:10DD400043BA012100F040BA704700BF38B504461D
:10DD500000F026FB00200621B4F84030E28F23F4C7
:10DD6000716394F874C022F4E162A4F8720023F0A5
:10DD70000F032CF00F0C22F0070284F8660043F426
:10DD80008063A4F86E0042F483725020A4F84030FF
:10DD900094F84230E287412223F03F03144D84F887
:10DDA000272043F00803134A84F874C04FF00A0C8C
:10DDB00084F842300123626484F8653094F8672067
:10DDC000A4F8703084F8263022F0030294F83D3035
:10DDD00084F82500102061F30303256084F82800EF
:10DDE000204684F807C084F8672084F83D3038BDA9
:10DDF000EC2600201E000CC4416870B50446C1F337
:10DE0000130100F02BFAE179204600F093F9A168A4
:10DE10002046C1F3130100F097F961692046C1F370
:10DE20001121FFF76DFBA1692046C1F31301FFF734
:10DE300095FDA38BE17E2046C3F30B0341EA03214A
:10DE4000FFF7A0FD238CE18B2046C3F3080341EAD2
:10DE50000341FFF7AFFD94F82430618C204603F0B6
:10DE60007F0341EA0341FFF7B9FDD4F825102046AE
:10DE7000FFF714FB94F82C30A16A204603F001034D
:10DE80001B0643EA112100F073F9E16A2046090AF2
:10DE9000FFF7B8FD616C2046FFF75AFBE16B2046A7
:10DEA000C1F3122100F018FA216C2046C1F31501CC
:10DEB00000F0AEF994F843102046FFF731FEB4F8B5
:10DEC00048102046C1F30B0100F0A2FA94F84A1062
:10DED000204601F0010100F0ABFAD4F84B102046C7
:10DEE00000F0B6FA94F84F10204601F0030100F05C
:10DEF000B9FA216D204600F0C5FA616D2046C1F3E4
:10DF0000110100F0C5FAB4F85710204600F0D6FA17
:10DF1000A16D2046C1F3132100F0DAFAB4F85C10C9
:10DF2000204600F0EFFA94F86030B4F85E10204616
:10DF300003F07F0341EA034100F0EEFAB4F8611008
:10DF4000204600F0FFFAB4F86310204600F004FB0E
:10DF5000616E2046C1F3112100F008FBB4F868108F
:10DF6000204600F027FBB4F86A102046C1F30B01ED
:10DF700000F0CCF9B4F86C102046C1F30A0100F0AF
:10DF80005DF9D4F86E10204600F01EFB206894F86E
:10DF900074303D2105682046B4F8722003F00F0369
:10DFA00042EA03422B46BDE87040184706EE901A3D
:10DFB00003689FED307BB8EEE66B9FED304B26EEAD
:10DFC000076B90ED037AB7EEC77A30B52DED068B6F
:10DFD00086EE04AB83B00546B7EE008B9FED299B20
:10DFE0009FED2A5B37EE097B27EE0A7B87EE056BF8
:10DFF00036EE486BFCEEC67BCDED017A9DF8044011
:10E000000F2C33D801219B68984795ED037AB7EE22
:10E01000C77A9FED205B37EE097B27EE0A7B87EE00
:10E02000056B36EE486BFCEEC67BCDED017A9DF8B4
:10E0300004401F2C284628BF1F24214600F032F937
:10E0400007EE904A95ED047A2846F8EEE77A67EEF7
:10E05000877AFCEEE77ACDED017A9DF8041003B0E3
:10E06000BDEC068BBDE8304000F00CB900219B6888
:10E070009847DEE78DD13AAA9AA0464000000000FA
:10E0800000408F407B14AE47E17A943FCDCCCCCC9E
:10E09000CCCCD43F0AD7A3703D0AC73F202914D85F
:10E0A000202921D8DFE801F0212025202920202067
:10E0B0002D20202020202020312020202020202042
:10E0C00020202020202020203500802925D0B1F5D7
:10E0D000807F03D1036800215B6A1847402920D163
:10E0E000036802215B6A1847704702680821536A77
:10E0F000184702680721536A184702680621536AC5
:10E10000184702680521536A184702680421536AB8
:10E11000184702680321536A1847036801215B6AA4
:10E120001847704708B5036801215B68984700F0FD
:10E13000010008BD10B404680A46C17111212368AA
:10E140005DF8044B184700BF90F80AC0C1F31302F2
:10E1500001812CF00F0C00B5C1F3034E01684CEAAD
:10E160000E0C0B685DF804EB132180F80AC0184709
:10E1700090F82C20C1F3072C80F8291022F001021E
:10E1800080F82AC0C1F3074C10B4C1F300642243E5
:10E190000468246880F82C2021F07E4223466D21FB
:10E1A0005DF8044B80F82BC0184700BF8C46427DB9
:10E1B00007216CF386124275D0F81520FFF7B8BC22
:10E1C000407DC009704700BF70B504460E46FFF79A
:10E1D000F7FF00B170BD63790546204666F303037F
:10E1E0006371D4F80560FFF7EBFF324638B129467A
:10E1F0002046C4F80160BDE87040FFF799BC0146B5
:10E20000C4F805602046BDE87040FFF791BC00BF30
:10E2100090F842C0C1F31502A0F840102CF03F0C5A
:10E2200000B5C1F3054E01684CEA0E0C0B685DF8B1
:10E2300004EB0A2180F842C0184700BFB0F86CC058
:10E24000026861F30A0C10B41468C1F30A02A0F862
:10E250006CC0382123465DF8044B184790F806C07F
:10E26000C1F3130281802CF00F0C00B5C1F3034EF3
:10E2700001684CEA0E0C0B685DF804EB102180F885
:10E2800006C01847027910B40C46102164F304024A
:10E290000468027142682368C2F313025DF8044BFC
:10E2A000184700BF427910B40C46102164F30402F1
:10E2B0000468427142682368C2F313025DF8044B9C
:10E2C000184700BF8C46427C06216CF3040242745E
:10E2D000D0F81120FFF72CBC90F83FC0C1F3072203
:10E2E00080F83D102CF0070C80F83E20C1F312029C
:10E2F00000B5C1F3024E01684CEA0E0C0B685DF8E4
:10E3000004EB092180F83FC0184700BFB0F86AC08D
:10E31000026861F30B0C10B41468C1F30B02A0F88F
:10E320006AC0342123465DF8044B1847F8B500272E
:10E330000E46054600793946072402F0C3FE012146
:10E3400046FA04F328780B4008BF194602F0BAFEDB
:10E350000121287902F0B6FEA87802F0DDFE002146
:10E36000034628795B1A18BF0123A3403B43DFB261
:10E3700002F0A8FE013CE2D1F30728784CBF01214E
:10E38000214602F09FFE0121287902F09BFEA87829
:10E3900002F0C2FE00280CBF384647F00100F8BD6D
:10E3A00038B50446FFF742FB164B0020164920659E
:10E3B00021601649E0656164D4E912522B4002F0F5
:10E3C0007C4243F48033E264A364D4E91825D4E9A1
:10E3D000153102F0800203F47C0301F070402266E4
:10E3E00005F07C416365A06501206166A4F87000BA
:10E3F0002046D4E91A2302F0704203F47843A2665F
:10E40000E36638BD00F0FE00B02600208004050061
:10E41000C1F30B02B0F8481010B4046862F30B01AA
:10E420002468A0F84810032123465DF8044B1847E0
:10E430000A4690F84A1010B4046862F30001246898
:10E4400080F84A10042123465DF8044B184700BFAA
:10E4500010B404680A46C0F84B10052123685DF823
:10E46000044B184701F0030290F84F1010B40468F1
:10E4700062F30101246880F84F10202123465DF8E3
:10E48000044B184703680A4621211B68184700BF40
:10E4900090F856C0C1F31102A0F854102CF0030CF0
:10E4A00000B5C1F3014E01684CEA0E0C0B685DF833
:10E4B00004EB232180F856C0184700BF10B404684D
:10E4C0000A46A0F85710242123685DF8044B18472A
:10E4D00090F85BC0C1F3072280F859102CF00F0CA4
:10E4E00080F85A20C1F3130200B5C1F3034E01684E
:10E4F0004CEA0E0C0B685DF804EB252180F85BC03C
:10E50000184700BF10B404680A46A0F85C10262122
:10E5100023685DF8044B184790F860C0C1F31602F9
:10E52000A0F85E102CF07F0C00B5C1F3064E016818
:10E530004CEA0E0C0B685DF804EB272180F860C0F4
:10E54000184700BF10B404680A46A0F861102821DB
:10E5500023685DF8044B184710B404680A46A0F815
:10E5600063102A2123685DF8044B184770B50446F0
:10E570000D4629B9036820215B689847C0B2C0B135
:10E5800094F86730C5F30720C5F3014184F865505E
:10E5900084F8660023F003032068C5F311020B43DF
:10E5A0002B210568204684F867302B46BDE8704073
:10E5B000184770BD10B404680A46A0F868102C21F2
:10E5C00023685DF8044B184710B404680A46C0F885
:10E5D0006E103A2123685DF8044B18472DE9F04F7F
:10E5E000144607463022184688460021651D4FF024
:10E5F00000092DED028BADF5437D019309F0D6F8AE
:10E60000631EC4F10102D01813F8011F21B108A93B
:10E6100041F8290009F10109AB42F4D1B9F1000F29
:10E6200000F0C78008ABB7EE005B0DF1C80C00210D
:10E6300018460DF1380E9FED8B6B894540F3B6807F
:10E64000026808EBC20292ED007B1D46E246002202
:10E65000AEEC027B0FE0046801322E68043504EB57
:10E660004404062A07EB041404EBC60494ED007B73
:10E67000AAEC027B10D091420C46B8BF1446A145CB
:10E68000E9DC914202F1010205F1040505FE067B79
:10E69000062AAAEC027BEED1013104300CF1300CD9
:10E6A0000629CAD100214FF490727AA8029309F08A
:10E6B0007DF87AA834A94FF0000A834603904846B3
:10E6C0009FED6A8B7AABCAEBCA0200250BF10804F6
:10E6D00003EBC20286AB55457AAF1E4688460AF167
:10E6E000010911ED020B1CD0013597ED006B4D4572
:10E6F00080EE067B04ED027B25D0B646DC46B8EC06
:10E70000020BBCEC026BBEEC027BA445A6EE470BF1
:10E71000F7D1554507F1380706F1300604F1080432
:10E72000E2D1B4EEC80BF1EE10FA42D9B5EE400BCF
:10E73000F1EE10FA00F18880B1EEC07B01354D4555
:10E7400082ED007BD9D1062D01F130010BF1300BA8
:10E75000AA46B7D126AE81469A460398029B7AAF65
:10E760000DF140084FF0000C35469DED0E7B97ED06
:10E77000005B0CF1010CAE4687EE056BBCF1060F99
:10E78000AEEC026B1CD032465446B8EC027B92EDE4
:10E79000006BB4EC025BAA4202F10802A5EE467BD4
:10E7A000F5D138370AF1300A7546E0E7B0EE467B1E
:10E7B0004BE700200DF5437DBDEC028BBDE8F08FEB
:10E7C0000DF1C80EBCF1060F34464FF004073EEDC4
:10E7D000027B1ED000F58C711AAD22463031B2ECAE
:10E7E000026B91ED005B9642A5EE467BF6D17A1C5A
:10E7F00090ED465B87EE056B04ED026B10D00CF1DB
:10E80000FF3C013F3838083CBCF1060F3EED027B6F
:10E81000E0D190ED465B87EE056B04ED026BEEE711
:10E820000021019853F8042B0131F5E8026700EB51
:10E83000C2028945C2E90067F4DC01200DF5437D81
:10E84000BDEC028BBDE8F08FCDE90612CDE90403E3
:10E8500004F0E8FDB0EE407BDDE90612DDE90403DB
:10E860006CE700BF0000000000000000AC43D2D104
:10E870005D72323C10B52DED0E8B91ED009BB0EE2C
:10E8800040AB0446B0EE418BB5EE409BF1EE10FA82
:10E8900013D191ED02CB91ED047BB5EE40CBF1EEBF
:10E8A00010FA0ED1B5EE407BF1EE10FA09D1BDECB5
:10E8B0000E8BBDE81040FBF7B9BF91ED047B91EDE5
:10E8C00002CBB0EE490B38EE078B04F0D7FEB0EE6A
:10E8D00040BBB0EE490B04F059FFB0EE40DBB0EEA8
:10E8E0004C0B04F0CBFEB0EE40EBB0EE4C0B04F062
:10E8F0004DFFB0EE40CBB0EE480B04F0BFFEB0EEE3
:10E90000407BB0EE480BB0EE478B04F03FFF2BEEA0
:10E91000000B2BEE08BB20EE4C8B2EEE009BADEED9
:10E920000E8BB0EE4A0B04F0A9FEB0EE407BB1EEC8
:10E930004A0BADEE0C9BB0EE47AB04F027FF28EE80
:10E94000407B2AEE088BAAEE0B7BA0EE0B8B84EDAE
:10E95000049B84ED007B84ED028BBDEC0E8B10BD1F
:10E9600090ED083B90ED0A7B90ED0C0B90ED0E1BAB
:10E97000B7EEC33BB7EEC00BF7EEC73BB7EEC11B1C
:10E9800090ED102B90ED124B90ED145B90ED166B0B
:10E9900090ED187B10B481ED003AB7EEC22BC2EDBA
:10E9A000003AB7EEC44B83ED000AB7EEC55B019B9E
:10E9B000B7EEC66BB7EEC77B029C83ED001A84ED01
:10E9C000002ADDE90301DDE9052380ED004A5DF859
:10E9D000044B81ED005A82ED006A83ED007A7047A6
:10E9E0002DED088BB7EEC25A0022B7EEC0BA012354
:10E9F000B7EEE0AA80F8E821B7EEC19A80F8EA31D4
:10EA0000B7EEE18AB7EEE22AB7EEC36AB7EEE37A71
:10EA1000B7EEC44A80ED08BB80ED0AAB80ED0C9BDD
:10EA200080ED0E8B80ED105BBDEC088B80ED122B22
:10EA300080ED146B80ED167B80ED184B704700BFA6
:10EA400000F120016830FBF767BF00BF90F8EA31A2
:10EA500013B99FED620B704710B5D0E91E232DED61
:10EA6000028B86B0B0EE408B0C46CDE90023D0E996
:10EA70002423CDE90223D0E92A236846CDE90423E3
:10EA8000FBF782FE9FED576BB4EEC60BF1EE10FA6A
:10EA90000ED46B4606AA93ED005B85EE006BA3ECEB
:10EAA000026B9342F7D1012C08D0022C34D0ECB188
:10EAB0009FED4A0B06B0BDEC028B10BD9DED007BB7
:10EAC000B5EE407BF1EE10FA6BD09DED040B80EEBD
:10EAD000070B04F0CBFC30EE480B9FED447B9FED21
:10EAE000456B20EE077B87EE060BE3E79DED007B91
:10EAF000B5EE407BF1EE10FA46D09DED020B80EEB4
:10EB0000070B04F0B3FC9FED397B9FED3A6B20EED1
:10EB1000077B87EE060BCDE7B0EE480B04F0AEFDA9
:10EB2000B0EE405BB0EE480B9FED2C4B9DED027BB1
:10EB30009DED006B27EE048BA5EE068B04F026FE00
:10EB4000B7EE006B9DED045BA0EE058BB4EEC68BBB
:10EB5000F1EE10FA0EDDB0EE468BB0EE480B04F08D
:10EB6000E1FB9FED227B9FED236B20EE077B87EE81
:10EB7000060B9FE7BFEE006BB4EE468BF1EE10FA8A
:10EB800048BFB0EE468BE8E79DED026B9FED1B0B97
:10EB90009FED1C7BB5EEC06BF1EE10FA30FE070B5B
:10EBA00088E79DED047B9FED116B9FED124BB5EE59
:10EBB000C07BF1EE10FA08DD28EE066B9FED0F7BAF
:10EBC00086EE040B37EE400B74E728EE066B9FEDE4
:10EBD0000D7B86EE040B37EE400B6BE70000000068
:10EBE000000000001656E79EAF03D23C0000000074
:10EBF00000806640182D4454FB21094000000000AD
:10EC00000080564000000000008056C02DE9F0430F
:10EC100004464E48DFF8588104F5AC7104F5D07510
:10EC200004F12006DFF84C9104F1B0072DED048BC0
:10EC3000ADF5017D0191FCF75BF902A80199FBF7A5
:10EC400033FE02A94248FCF753F929464148FCF734
:10EC50004FF9294614A804F16805FBF725FE14A90D
:10EC60003D48F834FCF744F914A926A8FBF754FEF4
:10EC700026A93A48FCF73CF926AA14A938A8FBF7BC
:10EC8000D1FE38A94046FCF733F926AA02A930463E
:10EC9000FBF7C8FE31463248FCF72AF931462846D0
:10ECA000FBF73AFE29464846FCF722F92A46314648
:10ECB00038A8FBF7B7FE38A94046FCF719F92246F9
:10ECC00028463946FCF716F939462648FCF710F96C
:10ECD00021462548FCF70CF93846FBF7F7FD20469E
:10ECE000B0EE408BFBF7F2FDB0EE409B21465CA8F6
:10ECF000FBF7DAFD6EA8FBF7D9FE28EE098B6EA9AB
:10ED00001A488DED7E8BFCF7F3F85CAA6EA94AA831
:10ED1000FBF788FE4AAA39462846FBF783FE2946B8
:10ED20004846FCF7E5F829463046FBF7BDFD2A4684
:10ED3000314638A8FBF776FE38A94046FCF7D8F8EC
:10ED40000DF5017DBDEC048BBDE8F083DC250020D2
:10ED5000E4250020EC250020F4250020FC250020DF
:10ED60004824002010260020142600201826002009
:10ED7000002600200826002070B500F5E87604463D
:10ED800000F5DC7200F5D071304604F5C475FBF770
:10ED90006DFC31463046FBF70FFD31460D48FCF760
:10EDA000A5F804F5B87204F5AC712846FBF75EFCD3
:10EDB00029462846FBF700FD29460748FCF796F848
:10EDC0002046FFF723FF0120002384F8EA0184F89E
:10EDD000E83170BD202600202826002090F8E82188
:10EDE0000346022A03D0002083F8EA017047FFF7A8
:10EDF000C3BF00BF90F8E931012B40F209812DE932
:10EE0000F0412DED108B96B0044600F1100500F195
:10EE1000200802AF06AE9FED7F9B9FED80AB9FED7C
:10EE200081BB9FED82DB9FED83CB9FED84EB8DED6E
:10EE30000A0B8DED0C1B8DED0E9B15ED040B95ED66
:10EE4000001B0AA910A8FFF715FD9DED140BB5ECEA
:10EE5000028BB4EECA0BF1EE10FA00F1C980B4EEE9
:10EE6000CB0BF1EE10FA00F3C380B7EE007BB4EEEB
:10EE7000C70BF1EE10FA40F3C180B0EE470B04F07F
:10EE80007DFA38EE097B3DEE40FB3FEE476BB4EE7A
:10EE9000CD6BF1EE10FA0DDD36EE4C6BB4EECD6BB2
:10EEA000F1EE10FAF8DCB4EECE6BF1EE10FA06D803
:10EEB00036EE0C6BB4EECE6BF1EE10FAF8D930EE04
:10EEC000477BB0EEC66BB4EECD7BF1EE10FA0DDDF4
:10EED00037EE4C7BB4EECD7BF1EE10FAF8DCB4EEFD
:10EEE000CE7BF1EE10FA06D837EE0C7BB4EECE7B7B
:10EEF000F1EE10FAF8D9B0EEC77BB4EEC76BF1EEC5
:10EF000010FA58BFB0EE40FBB0EE4F0B04F0B6FB6A
:10EF10008DED000BB0EE4F0B04F038FCB0EE497BEA
:10EF20009DED001BA0EE497BB0EE470B04F052FABA
:10EF3000B0EE408B9DED101B9DED120B04F04AFAD4
:10EF400038EE400BB4EECD0BF1EE10FA0DDD30EEE5
:10EF50004C0BB4EECD0BF1EE10FAF8DCB4EECE0BA8
:10EF6000F1EE10FA06D830EE0C0BB4EECE0BF1EE4B
:10EF700010FAF8D9A845A7EC020BA6EC02FB7FF427
:10EF80005CAF04F5AC7002259DED026B9DED067B38
:10EF9000B0EE460BB0EE471B84ED006B84ED047BB6
:10EFA000FBF744FC04F5B8709DED046B9DED087B08
:10EFB000B0EE460BB0EE471B84ED026B84ED067B92
:10EFC000FBF734FC0DF1280C04F5A07EBCE80F0023
:10EFD000AEE80F009CE803008EE80300204684F8AA
:10EFE000E85116B0BDEC108BBDE8F041FFF7C4BE90
:10EFF000002016B0BDEC108BBDE8F081BFEE007BA9
:10F00000B4EE470BF1EE10FA48BFB0EE470B36E70F
:10F0100000207047000000000000000030B84400ED
:10F020000000F0BF30B844000000F03F182D4454F9
:10F03000FB210940182D4454FB211940182D44543C
:10F04000FB2109C070B52DED028B86B004466830F7
:10F05000B0EE408B04AB02AA694604F5AC76FBF730
:10F0600005FE04F5B87530469DED046B94ED007B0C
:10F0700094ED025B36EE486B94ED041B37EE467B55
:10F0800035EE465BB0EE470B84ED007B84ED025B12
:10F09000FBF7CCFB284694ED061B94ED020BFBF727
:10F0A000C5FB04F5DC7104F5D070FBF71FFBB0EE77
:10F0B000408B30462946FBF719FB022338EE400B04
:10F0C000204684F8E83184ED7C0BFFF755FE06B04E
:10F0D000BDEC028B70BD00BF000000002DE9F043C5
:10F0E0009FED567B2DED108B9FED56EB90ED048B35
:10F0F00090ED06CB90ED00DB83B0044600F5AC77D5
:10F1000000F5B87600F5D07900F5DC780525A7EE96
:10F110000E8B3846A7EE0ECBB0EE4D0BB0EE481B73
:10F1200084ED048B84ED06CBFBF780FB304694ED39
:10F13000061B94ED020BFBF779FB31463846FBF7D3
:10F14000D5FAB0EE409B41464846FBF7CFFA39EE80
:10F15000409B94ED06CB84ED7C9BB0EE4C0B04F011
:10F1600015FBB0EE40BB94ED02FBB0EE4F0B04F08C
:10F1700085FAB0EE406B94ED567B9FED305B94EDDD
:10F18000048B27EE4B7BB0EE480BA7EE065B8DEDB4
:10F19000005B04F0FBFAB0EE40AB94ED00DBB0EEA8
:10F1A0004D0B04F06BFAB0EE406BB1EE4F0B94EDEB
:10F1B0005C7B9DED005B27EE4A7BA7EE065BB0EE25
:10F1C00045FB04F0E3FAB0EE406BB1EE4D0B94ED6D
:10F1D000587B27EE4B7BB0EE4FBBA7EE06BB04F08F
:10F1E000D5FAB0EE406BB0EE4C0B94ED5E7B27EEA3
:10F1F0004A7BA7EE06BB04F041FAB0EE406BB0EEDE
:10F20000480B94ED5A7BA7EE06BB04F037FA013D9C
:10F2100094ED607BA7EE00BB89EE0B7B7FF477AFAC
:10F220000223204684F8E83103B0BDEC108BBDE822
:10F23000F043FFF7A1BD00BFAFF300800000000066
:10F24000000000009A9999999999E93F70B5044690
:10F2500018254FF4D0762DED048B90F8E801B0EE30
:10F26000429BB0EE438B15FB00602044FBF7DEFAB7
:10F2700094F8E811284815FB01614FF4AC7621445D
:10F28000FBF734FE94F8E801B0EE481B15FB006074
:10F29000B0EE490B2044FBF7C9FA94F8E8311F4857
:10F2A00015FB03612144FBF721FE94F8E83104EBE0
:10F2B000C302013382ED009B82ED048B94F8E921B7
:10F2C000DBB2012A84F8E83198BF84F8E931022BD7
:10F2D00005D00023BDEC048B84F8EA3170BD04F541
:10F2E000DC7104F5D070FBF701FAB0EE408B04F549
:10F2F000B87104F5AC70FBF7F9F994F8E83138EE21
:10F30000400B022B84ED7C0BE3D12046BDEC048B3B
:10F31000BDE87040FFF730BD2026002028260020E1
:10F3200090F81833082B0CD800EB0311013381ED52
:10F330007E0B81ED801B81EDA22B81EDA43B80F83B
:10F34000183370472DE9F04F2DED108BEBB08B4645
:10F35000914608930390DDE984639FEDC28B03F12E
:10F3600030051C463022304600211644A4EC028BA6
:10F3700008F01CFAAC42F5D1039B93F818339FEDCB
:10F38000B9EB002B00F058810023B7EE00DBB0EEA4
:10F390004E8B0DF598781C4607932AABCDF810904C
:10F3A0000693849B9FEDB1FB9FEDB2CB9FEDB3BB6A
:10F3B00003F590730993039B0AA804995EAE03EBCF
:10F3C000041A52AD9AEDA41B9AEDA20BFFF752FA64
:10F3D0000AAA594610A8FBF74DFB10A90846FBF7EF
:10F3E000EBF910AA5EA916A89DED147B8DED608B3C
:10F3F000B0EEC77BB4EECF7BF1EE10FA54BFB0EEA7
:10F400004D6BB0EE486B54BFB0EE487BB0EE4D7B19
:10F410008DED5E6B8DED627BFBF728F916A9084632
:10F42000FBF7CAF916AA10A91CA8FBF71FF91CA91B
:10F430000846FBF7C1F916A9220122A804EB4403F0
:10F4400046AC0592089A02EBC3039DED105B9DED5F
:10F45000126B9DED142B93ED003B93ED024B93ED5E
:10F46000047B33EE453B34EE464B37EE427B8DED6D
:10F47000223B8DED267B8DED244BFBF723F91CA958
:10F4800022A8B0EE409BFBF71DF920EE007BB0EE0A
:10F4900040ABA9EE097B3EEE07EB10AA46A9404619
:10F4A0008DED468B8DED488B8DED4A8BA4EC02DB08
:10F4B000FBF7DCF816A94046FBF704F91CA9404607
:10F4C000A5EC020BFBF7FEF84445A6EC020BE4D1D9
:10F4D00058AB4FF00009019364AB0293049F28AE30
:10F4E0002EAD0DF1C80C3C460DF1B00E0FCC0FC681
:10F4F00094E8030086E803000FCF0FC594E80300EB
:10F50000069B85E80300B9F1000F00F09C80B9F17B
:10F51000010F00F09F8093ED026B9CED007B039B3D
:10F5200036EE0C6B059A34A837EE4C7B28A99C1854
:10F5300009F101098EED006B8CED007B9AEDA41BA7
:10F5400094EDA20BFFF796F92EA93AA89AEDA41B09
:10F5500094EDA20BFFF78EF934AA594640A8FBF7A9
:10F5600089FA3AAA594646A8FBF784FA16A94046F2
:10F570009DED405B9DED484B9DED4A2B9DED466B0F
:10F580009DED427B9DED443B35EE466B37EE447B73
:10F5900033EE423B86EE0B5B87EE0B6B83EE0B7B11
:10F5A0008DED4C5B8DED4E6B8DED507BFBF78AF84E
:10F5B000019B1CA94046A3EC020B0193FBF782F8C8
:10F5C000029BB9F1030FA3EC020B029386D15EAF4D
:10F5D000849C52AE859D3846DDF824C05EA952AAAF
:10F5E0002346B7EC023BB6EC024B95ED007B23EED5
:10F5F0000A6BA4EE096B37EE067BA5EC027BB1EC3F
:10F60000027BB2EC025B93ED006B23EE077B904232
:10F61000A4EE057B36EE076BA3EC026BEFD1303422
:10F620006445DBD1079A039B013293F81833D4B2B7
:10F630000792A3423FF6BFAEB0EE4E0B6BB0BDECEF
:10F64000108BBDE8F08F13ED026B0DF1A00E0DF1E4
:10F65000B80C62E793ED006B2AAB0DF1C00C9E462F
:10F6600006935AE70000000000000000CDCCCCCC8F
:10F67000CCCCEC3F48AFBC9AF2D77A3E48AFBC9AAC
:10F68000F2D78A3E2DE9F04F1C4600F16803074689
:10F690002DED108BADF5777D07F5A076CDE90E1237
:10F6A00030A819460D93FBF7EBF866A912ADDDE91A
:10F6B00030230846CDE96623DDE93223CDE968230E
:10F6C000DDE93423CDE96A23DDE93623CDE978236A
:10F6D000DDE93823CDE97A23DDE93A23CDE97C233E
:10F6E000FBF76AF866A978A8FAF7ECFF78A99DED10
:10F6F000663B9DED684B9DED6A5B9DED786B9DEDE6
:10F700007A7B9DED7C2BA0EE436B0846A0EE447BFC
:10F71000A0EE452B8DED786B8DED7A7B8DED7C2BFE
:10F72000FBF74AF878AA66A9AEA8FAF79FFFAEA938
:10F730000846FBF741F897F818C3DDE96623CDE9E1
:10F740003023DDE96823CDE93223DDE96A23CDE901
:10F750003423DDE97823CDE93623DDE97A23CDE9C9
:10F760003823DDE97C23CDE93A23DDE9AE23CDE979
:10F770003C23DDE9B023CDE93E23DDE9B223CDE929
:10F7800040230FCE0FC596E8030085E80300BCF1C7
:10F79000000F14D00025284607EB0013013500EBBD
:10F7A000400093ED801B93ED7E0B78AB03EBC00024
:10F7B000FBF73CF897F81833E8B28342ECD8AEABCD
:10F7C00012AA30A93846009342AB019378ABFFF7F9
:10F7D000B9FD97F81853002D00F005836B1E07F153
:10F7E00010020020DBB2014602EB03123B469FED04
:10F7F000674B9FED686B9FED695B9FED6A3B9FEDEB
:10F800006B2B93EDA47BB4EEC47BF1EE10FA0DDD0F
:10F8100037EE467BB4EEC47BF1EE10FAF8DCB4EEC2
:10F82000C57BF1EE10FA06D537EE067BB4EEC57B4C
:10F83000F1EE10FAF8D4B5EEC07BF1EE10FA48BF45
:10F84000B1EE477BB4EEC37BF1EE10FA40F18F804E
:10F85000013110339A42D4D10228C8BF022907EEE1
:10F86000905ACCBF01200020AC42B8EE67AB9FEDB0
:10F87000517B94BF062304232AEE07AB1A460028C7
:10F8800040F0AD820DF14009504B93460297C9F804
:10F89000003000239FED498B9FED4A9BA9F804306F
:10F8A000B0EE48BBAEAEDEADB4AF4FF0FF3A0324CE
:10F8B0004FF00108E31E08FA03F31BEA030F44D0DC
:10F8C00019F80430002B40D196ED2A7BB4EECA7BA8
:10F8D000F1EE10FA39D954AB0DF5C07C3A46F2E896
:10F8E0000C01E3E802019C45F9D166AB4A4654A9F4
:10F8F000AEA8FEF773FE002840D04946A5F13003BC
:10F9000066AA9FED2E7B11F8010B28B193ED005BE9
:10F9100092ED006BA5EE067B083308329D42F2D1D2
:10F9200096ED2A6B36EE477BB5EEC07BF1EE10FA12
:10F9300001DCB0EE487B87EE065BB4EECB5BF1EE0C
:10F9400010FA02DDB0EE45BBA24601343836303540
:10F950000837062CAED1BAF1FF3F39D0B4EEC9BB9F
:10F96000F1EE10FA34D4012309F80A3098E7B4EE26
:10F97000C27BF1EE10FAC8BF01306AE796ED2A7B30
:10F98000B0EE476BD7E700BFAFF30080182D4454AB
:10F99000FB210940182D4454FB211940182D4454D3
:10F9A000FB2109C0AE70CFC0E21DF93F82E9B8E784
:10F9B0001326F93F8DEDB5A0F7C6B03E000000005C
:10F9C00000000000FCA9F1D24D62703F010101006E
:10F9D000BFEE007B30A942A8029F002618AC0DF5AF
:10F9E00081658DED027BFAF74BFF9DED127B9FED5C
:10F9F000DBFB8DED067B9DED147B8DED087B9DED96
:10FA0000167B8DED0A7BAEAB12AA30A93846009367
:10FA100078AB0194FFF796FC97F8183307EE103A8D
:10FA2000B8EEC77B80EE076BB5EE406BF1EE10FAD7
:10FA300000F1E181B1EEC60B9DED027BB5EEC07B1E
:10FA4000F1EE10FA04D4B4EEC70BF1EE10FA11D5B2
:10FA500030A942A88DED020BFAF712FF9DED127B43
:10FA60008DED067B9DED147B8DED087B9DED167B6A
:10FA70008DED0A7BB7EE007BAEAB3FEE076B1A460F
:10FA8000383313ED0E7B9D4227EE067B82ED007B23
:10FA9000F5D124AB4A462146AEA8FEF79FFD0028CB
:10FAA00000F0C8809DED26AB9DED248B9DED289B3D
:10FAB0002AEE0A0B9FEDAB7BA8EE080BA9EE090B13
:10FAC000B4EEC70BF1EE10FA00F17881B5EE400B01
:10FAD000F1EE10FA00F19981B1EEC0BB0DF5A878F6
:10FAE00088EE0BEB8AEE0BDB89EE0BCBB0EE4B0B0B
:10FAF00003F0C4FDB0EE407BB0EE4B0BB0EE47BB65
:10FB000003F044FEB7EE007BB0EE4B5B37EE4B7B71
:10FB10002EEE001B2EEE0D3B2DEE004B2EEE0C2B91
:10FB20002EEE0EEB2CEE006BA7EE0E5BB0EE4B0B49
:10FB30008DED044B9DED044B8DED545B2DEE0C5B78
:10FB40002DEE0DDB2CEE0CCBA7EE0D0BA7EE0CBBB8
:10FB50008DED5C0BB0EE460BA7EE036B97EE030B3F
:10FB60008DED64BB8DED5A6BB0EE446B97EE024B9E
:10FB7000A7EE026B8DED560B8DED604B8DED586B46
:10FB8000B0EE416B97EE051BA7EE056B8DED5E1B8E
:10FB90008DED626BB0EEC88B4146B0EECAAB30AAB9
:10FBA00066A8B0EEC99BFAF73DFF66A930A8FAF740
:10FBB00067FE38EE0A8B9DED2A6B9DED123B9DEDA5
:10FBC0002C7BB0EEC64B38EE098B33EE066BB0EEF5
:10FBD000C73B38EE048B9DED142B9DED2E5B38EE6C
:10FBE000038B32EE077BB0EEC54B8DED147B38EE08
:10FBF000048B9FED5E7B9DED162B8DED126BB4EEAD
:10FC0000C78B32EE052BF1EE10FA8DED162B00F1BD
:10FC1000DB80B6EE007B2FEE07FB9FED547BB4EE4E
:10FC2000C7FBF1EE10FA01D5B0EE47FB01361E2EF0
:10FC30007FF4E9AE97F81833002B00F0CB80002555
:10FC40009FED4C8B2C4607EB041312A966A804EB1E
:10FC50004404013593EDA41B93EDA20BFEF70AFEBD
:10FC600066AA30A9AEA8FAF705FFAEA90846FAF7CA
:10FC7000A3FD78ABAEA803EBC401FAF737FD97F804
:10FC80001833ECB2A0EE008BA342DCD807EE903A1A
:10FC9000B8EEE77B88EE070BB5EE400BF1EE10FAFD
:10FCA00000F1AE80B1EEC07B9DED026BB5EEC06B96
:10FCB000F1EE10FA62D4B4EEC76BF1EE10FA5DDA31
:10FCC0009DED028BB5EEC08BF1EE10FA6FD499F872
:10FCD000033042A90D9C002B99F8043020469FED7B
:10FCE000257B9DED066B07FE069B9DED086B002BAB
:10FCF00099F8053007FE06AB9DED0A6B002B07FE59
:10FD000006BBFAF7BDFD214607F12000FAF7CCFD4E
:10FD100099F8043099F805205B0043EA820399F8CA
:10FD20000320134387F82833012387F8EA310E9B19
:10FD300087ED509B87ED52AB87ED54BB87EDC88BA9
:10FD40000BB183ED008B0F9B012003B11E600DF5FD
:10FD5000777DBDEC108BBDE8F08F00BF95D626E80F
:10FD60000B2E113EA0C2EBFE4B48B43911EA2D8197
:10FD70009997713D000000000000000030A942A8E2
:10FD80008DED027BFAF77CFD9DED127B9DED028BE4
:10FD90008DED067BB5EEC08B9DED147BF1EE10FA78
:10FDA0008DED087B9DED167B8DED0A7B8FD50020B8
:10FDB0000DF5777DBDEC108BBDE8F08F0DF5A878C3
:10FDC0004046FAF773FEE5E697F818330136002B44
:10FDD0007FF435AF1FED197BB0EE478B5AE743F048
:10FDE00001031A464EE5002C14BF042306231FED21
:10FDF0001FAB1A4646E5B0EE460B03F013FB1BE6BD
:10FE000003F010FBB0EE407B4EE703F00BFBB0EECF
:10FE100040BB63E610B490F8EA411CB190F8183387
:10FE2000032B03D800205DF8044B704704235DF8D2
:10FE3000044BFFF727BC00BF10B490F8EA411CB197
:10FE400090F81833022B03D800205DF8044B70475C
:10FE500003235DF8044BFFF715BC00BFEFF31082DE
:10FE600072B6437F5BB9017F012930B40BD00329FF
:10FE700013D00123437702B962B630BC70470AB988
:10FE800062B670477047124C2168B1B111494361A5
:10FE90000B68086083615861EBE70F4D0F492C68D0
:10FEA0008CB143610B68836158614FF0E0234FF0E0
:10FEB00080540860C3F8044DDBE7064B20601860EF
:10FEC000C0E90511D5E7C0E905442860EDE700BFAA
:10FED0000854002014540020105400200C5400201A
:10FEE00070B5EFF3108272B60C4C206880B10C4EE6
:10FEF00000254369236073B19D6102B962B68368CE
:10FF000045779847EFF3108272B620680028F0D149
:10FF100002B962B670BD3360EFE700BF1054002035
:10FF20000C540020FFF7DCBF0449054A4968054B23
:10FF30001960136801331360704700BF001000E0C0
:10FF40000C5A0020085A002001207047B0F84630B3
:10FF5000B0F848209BB292B2934202D2013AD01A32
:10FF60007047416B01390A44D01A7047016972B673
:10FF7000B0F84A20B0F84C3092B29BB29A423CBFE3
:10FF8000806B1218C86AD31A62B6C0F302601844B4
:10FF9000704700BFB0F84A100246B0F84C3089B242
:10FFA0009BB2994210B4046914D00133906B116B69
:10FFB000984298BF0023994206D85B1A526AD05CD7
:10FFC000C0B25DF8044B7047126A5DF8044BD05C18
:10FFD000C0B2704772B6B0F84A0080B2814201D018
:10FFE00062B6E2E7E36A13F0E06F03D14FF0FF304F
:10FFF00062B6E6E7E36901200024116AA2F84A002C
:02000004600298
:10000000C3F30900DBB2A2F84C404B70F0E700BF2D
:10001000B0F84A100246B0F84C3089B29BB299420F
:1000200030B4046925D00133946B9C4216D9106B0F
:100030001FFA83FC984217D9106AC05CC0B2956D54
:10004000A2F84CC045B199421CD3CB1AD16B99424E
:1000500002D3D36DC5F8883030BC70474FF0000C28
:10006000106B63469842E7D8181A556A285CC0B2EC
:10007000E5E7084672B6B2F84A1089B2884204D061
:1000800062B6D0E70C44E31AE0E7E36A13F0E06FEE
:1000900003D14FF0FF3062B6DEE7E069C0F309003C
:1000A000F9E700BF90F8443043B110B5044603F0BF
:1000B000BBF894F84430002BF9D110BD704700BF55
:1000C00038B5D0E90453D3E903120968114228D0A6
:1000D00090F84420044632B103F0A6F894F8443076
:1000E000002BF9D1636900210E4AA961207E03EB40
:1000F0000010007D02EB0010456805202860657E39
:1001000003EB051393F8343002EB0312A36D52682E
:100110001060A4F84A10A4F84C1013B1E26DC3F8B3
:10012000842038BD742B002007EE901A9FED9A7A38
:100130000421B6EE005AF8EE677A9FED986A41F610
:10014000FF7CC7EE275A2DE9F0478E46056901244A
:1001500007EE901AF8EEE77A85EEA77A77EE057A41
:10016000FDEEE77A17EE903A6345A8BF6346012B90
:10017000B8BF012307EE903AF8EEE76A76EEC76A59
:10018000C6EE877AF5EEC07AF1EE10FA48BFF1EECE
:10019000677AF4EEC67AF1EE10FA03D8B0EE676A29
:1001A0008E461C4601312129D2D10021436902F437
:1001B0000076A0F84A10B3F85AC08E42A0F84C104E
:1001C000B3F85860A0F84610A0F8481080F8441022
:1001D000816BDF68A1EB0606A1EB0C01C0E90F61A2
:1001E00039681E6941EA0601396014BF0121002106
:1001F000817640F0AC80017E694E03EB0118DFF898
:10020000C09198F81470D8F81CA006EB0717B968CD
:10021000C1F800907968D8F818700F60BAF1000F33
:1002200003D0D8F82010CAF80010477ED92103EB7C
:10023000071898F834C006EB0C1CDCF8087039601D
:10024000DCF80410D8F838700F60417E03EB011120
:10025000CF6B0FB1096C39600EF1FF31BEF1080FA1
:100260004FEA0161CCBF4FF0000E4FF0010E01F0DC
:10027000F85144EA4E4421435C682961597801F100
:1002800010030021E960474941F8234041694FF0DC
:10029000010E454C02F0030C4F7891F85610434B79
:1002A00039554FF002174469617803EB511301F09F
:1002B0001F019B000EFA01F11960EF62AB6A43F077
:1002C0008803AB6253073ED44CF4701302F00F0165
:1002D000042908BF43F0804397062ED5817E43F062
:1002E000805300293AD11607AB6103D52B6943F03F
:1002F00000532B616B69D10623F0805348BF43F054
:1003000080536B61D30503D52B6943F400532B61F4
:10031000A36883B1264E3478002C3AD0611E254D57
:10032000C9B22B1F05EB810101E0994225D053F89A
:10033000042F9042F9D1BDE8F087817E0029D2D008
:1003400043F0A003CFE71C4B4CEA0303BEE7477E14
:100350004FF2D901124E03EB07186AE7417E43F0D2
:10036000A00304EB011191F8341006EB0116B668F6
:10037000316821F440413160B5E7631CDBB20F4ABC
:100380003370137845F8240043F002031370BDE87E
:10039000F0870123074DF2E7001BB74BEC78AD6007
:1003A000742B00200040002000E400E040380038BA
:1003B000415A00201854002010003C005F5A0020D1
:1003C00038F00100EFF31380B8B9EFF310834BB9A5
:1003D000EFF305823AB94FF48073EFF3118050B117
:1003E000984208D270470F2AF7D9054B9B5CEFF370
:1003F00011800028F4D1184670474FF0FF30F1E724
:10040000F0E300E0F8B54669037E056906EB0313E7
:100410001A7D8A4212D0337D99422DD096F824302D
:10042000994247D0254F00233A461C4601E012F876
:10043000104F8C4203D00133122BF8D1F8BD204A63
:1004400007EB0317136F787843F44003136796F8AC
:100450005C1001F017FD1B4B0122796803EB0413BC
:10046000194CEA60D3E90120BB6804601160002BDD
:10047000E4D0FA681A60F8BD00242146F5682F68B8
:1004800035692F4214D00F4D052705EB031305EBFB
:1004900002156D68D3E901322F600B4D156006EB34
:1004A0000112114692691A60CB690BB10A6A1A608F
:1004B0000476F8BD01242146E0E700BF381B006048
:1004C00000C00F40742B002038F0010070B5436964
:1004D000447E03EB041C9CF834C08C4508D093F890
:1004E00034E08E4530D093F844E08E4512D070BD94
:1004F000DB68A6461B68164C04EB011480F819E073
:1005000022B140F6D802A3681A6070BDD922A36850
:100510001A6070BD4FF0010EDD681E692D6835420E
:10052000E9D0A645E7D00A4C03EB0E13052604EBF1
:100530000C1CDCF804502E6093F834C09D6B04EB67
:100540000C135B681D60D7E74FF0000EE4E700BFB7
:10055000742B0020036D2DE9F04104460F46066917
:1005600013B1426DC3F88420A37E2BB172B6B36978
:1005700043F00053B36162B6B4F84650636BADB25A
:100580000135AB424CD84FF000084546B4F848302E
:100590009BB29D4219D028E073691B0210D5B4F8B4
:1005A0004830626B9BB201339A4236D99AB2E16A03
:1005B00099422DD9E169CB5CDBB2F361A4F8482004
:1005C000B4F848309BB2AB420FD1FFF7FBFE636932
:1005D000B3F856308342DFDAFF28F1DD02F024FE63
:1005E000B4F848309BB2AB42EFD0E36AAB421AD9C1
:1005F000FFB2E3695F5572B6012084F84400A4F8A5
:100600004680B36943F40003B36162B6BDE8F0818C
:100610005B1AA16ACB5CDBB2CFE700221346C6E7C8
:100620001FFA85F8B2E7ED1AFFB2A36A5F55E2E759
:10063000FFF790BF0269536913F4401F70B543D0B0
:10064000D36A13F0E06FC3F3026E3AD0B0F84A50A9
:10065000B0F84C60ADB2B6B207E0016A01F803C071
:100660000EF1FF3313F0FF0E1DD0D1696B1C846BAC
:10067000B0F84CC0C1F309019C4298BF00231FFA97
:100680008CFC9C45ECD0046B5FFA81FC1D469C42BF
:10069000A3EB0404E1D8436A03F804C00EF1FF336E
:1006A00013F0FF0EE1D1ABB2A0F84A30836D43B135
:1006B000B54254D3AD1B016CA94202D8C16DC3F839
:1006C00084105369D90245D49669330228D55369F9
:1006D0001D0225D5B0F84650B0F84830ADB29BB2F7
:1006E00006E0C169C95CC9B2D161D16A4C0512D4B6
:1006F000AB4238D0446B0133C16A9C4298BF00239F
:100700009942A3EB0104ECD8816A095DC9B2D161B9
:10071000D16A4C05ECD599B2AB42A0F8481025D06F
:10072000710216D553695B0213D50021036D80F861
:10073000441013B1416DC3F88810837E2BB172B69B
:10074000936923F00053936162B6936923F48003A5
:10075000936170BD536943F480135361B4E7816BB7
:10076000891B0D44A7E79BB2A0F84830936923F496
:1007700000039361936943F480039361D0E700BF62
:100780000148FFF757BF00BFD83200200148FFF7EC
:1007900051BF00BF383300200148FFF74BBF00BFF7
:1007A00098330020704700BF704700BF704700BFFC
:1007B000704700BF70B51A4C1A4D2368AB4202D087
:1007C000194AD16829BBA369AB4202D0164AD16944
:1007D000C9B9236BAB4202D0134AD16A69B9A36C81
:1007E000AB4209D0104AD16B31B101211B680F48CF
:1007F000D163BDE87040184770BD01211B680C48EB
:10080000D1629847EBE701211B680A48D1619847FC
:10081000DFE701211B6804F10800D1609847D2E7A7
:10082000C04200207C2500200041084010430020E9
:10083000F8420020E042002038B5064CA4F16005E3
:1008400054F8083C2046183CDB689847AC42F7D186
:1008500038BD00BF1043002003682DE9F041044675
:1008600088B01746002B4BD000229A600122DA6034
:10087000304D04A8DFF8E0801D4451F8083B2D11ED
:1008800002935B6805EB45069847F60006F1080001
:1008900058F806304044DB6801909847264A04A97E
:1008A000DDE90103029248F806309B689847029BF5
:1008B00004A8DB6898472368032220481F609A60D9
:1008C0001F4A23791F4C535513785178C0F828429A
:1008D0008B4228BF0B469178D2788B4228BF0B46BB
:1008E000934228BF1346184C4FF0E0224FF080612E
:1008F000012084F87A30C2F80C1108B0BDE8F0810C
:10090000124AD36E43F44053D3660122104B1A604F
:10091000104A13460260403298680028A8D010336D
:1009200093422360F8D100231846236008B0BDE845
:10093000F08100BF00BFF7BF7C25002000400020F1
:10094000D434002051EA010000E400E000C00F4070
:100950000040084000410840C0420020F8B503684C
:1009600043B3154C0746154E1C44241104EB4405B3
:10097000ED00735905F10800DB6830449847104BCF
:100980000021012273513B689960DA60FF230D4A10
:100990001355137850789478834228BF0346D07853
:1009A000094AA34228BF2346834228BF034682F850
:1009B0007A303960F8BD00BF00BFF7BFC0420020E9
:1009C0007C250020D434002000E400E010B4064B65
:1009D0000020064C064A1C609C611C639C6405490F
:1009E0005DF8044B02F08CBCC04200207C25002046
:1009F0005C350020D5EA0100084602F081BB00BF4B
:100A0000012A70B508BF0A228AB091B34FF0210EB7
:100A100001E05FFA86FE0EF1FF36B1FBF2F502FB54
:100A200015145FFA84FC092C0CF137040CF1300C1E
:100A300098BF5FFA8CF40EF1280C88BFE4B29142A3
:100A4000EC4429460CF8244CE3D24BB10EF1FF3EA6
:100A50002D225FFA8EFE0EF128036B4403F8242C3E
:100A6000036801A9CEF122025B68714498470AB07D
:100A700070BD30224FF0210E8DF82520E5E700BF34
:100A80002DE9F0410C46D1B1EAB180468E1800251F
:100A90000E4F04E002F034FBB44205440CD0D8F809
:100AA000003014F8010B1B68BB42F3D001464046EE
:100AB0009847B4420544F2D12846BDE8F0810D467E
:100AC0002846BDE8F0811546F6E700BF95EC010029
:100AD00000B5036883B040F60D2C022201A95B68C3
:100AE000ADF804C0984703B05DF804FB054B02283D
:100AF00088BF034610B41C68184663685DF8044B51
:100B0000184700BFC832002000000000B4EE400BC0
:100B100070B5F1EE10FA05462DED028B86B07CD64D
:100B2000B0EEC07B9FED476BB4EE467BF1EE10FA62
:100B30006BDC9FED467BB4EEC70BF1EE10FA5ADC8E
:100B40009FED447BB4EEC70BF1EE10FA53D4B5EE33
:100B5000C00B0C46F1EE10FA5BD40023B6EE007B1E
:100B6000002C5ED04FF0000C9FED3C6B0CF1010CA3
:100B700027EE067B5FFA8CF2A242F7D330EE070B2A
:100B80000A222846FCEEC07BB8EE678B17EE901A5F
:100B900030EE488BFFF734FF0F2C4FF02E03B2EEF0
:100BA000046B064628BF0F248DF808300DF10903A9
:100BB00002AA611E53FA81F128EE060BFCEEC07BFF
:100BC000CDED017A9DF8043007EE903A3033B8EE5F
:100BD000E78B02F8013F914230EE488BECD12B6855
:100BE000013402A928465B68E2B29847304606B055
:100BF000BDEC028B70BD2B6803221A495B6806B0FE
:100C0000BDEC028BBDE8704018470368032216490B
:100C1000F4E7B1EE400B0123A0E703680322134978
:100C2000ECE730EE070B0A222846FCEEC07B17EEFD
:100C3000901A06B0BDEC028BBDE87040FFF7E0BE35
:100C4000AFF30080FFFFFFFFFFFFEF7F000000E03A
:100C5000FFFFEF41000000E0FFFFEFC19A99999973
:100C60009999B93F7825002074250020702500202F
:100C7000884200DB704730B4124C091A2368EBB18C
:100C8000114A124D82FB032CDA179C44C2EB2C4212
:100C900044F2A71C05FB12330D4D05FB02F20CFBC1
:100CA0000322002A0CDA6FF0004313442360B3FBE5
:100CB000F1F201FB123330BC18447047054BF5E7E5
:100CC0001346F3E7005400205F0B4E831DF3010031
:100CD000ECF4FFFF42CE0C1FA249A34B88422DE942
:100CE000F047A24C5E699A69D4F80C801BD9A04BDE
:100CF000984240F20281C31A9E491B0AA1FB0313CA
:100D000040F22761DB0903EB830303EB830303F268
:100D1000E2438B4228BF0B46A3F54877964BA3FBD3
:100D20000737FF0804E0954FB8428CBF0E2706270F
:100D30008D4908F01F09D1F88030B94543F0C00350
:100D4000C1F880300CD228F01F08A1F5F82148EA3C
:100D50000708C1F80C800B68002BFCDA08F01F09AB
:100D600016F0007324D186490C698649A14300F02E
:100D7000EA8082F4805134464FF4805514F0605F6D
:100D800004D026F060561E43774B5E6111F4405F3D
:100D900007D022F4405274492A438A618B6C1A07A7
:100DA000FCD446F00076704A5661936C9B06FCD4E6
:100DB000754CA04200F2CE804FF0010C0146634614
:100DC00003FB011203F1010E0CF10105A24218D838
:100DD000BEF1080F4FF0010340F08D80BCF1040F0D
:100DE00000F291800A18A24200F2A48005FB00F1F3
:100DF000AC4603F1010E03FB01120CF10105A24206
:100E0000E6D90CF1FF318C0286EA81215F4810445B
:100E10005F4A90427FD9DFF8A4A16C225D48584D0B
:100E2000B0FBFEF0D5F800E0B0FBFCF0DFF890C1BD
:100E30000EEA0C0CD44509D042F400524FF4805C09
:100E4000C5F800C02A602A68002AFCDA464A1569FB
:100E500005F007059D4203D01361936CDD03FCD4BC
:100E600011F4E05F09D026F4E05604F4E0543E4A61
:100E700026435661936C9907FCD44749474A01447D
:100E800091423CD8464BC909A3FB0131090B4B1ECB
:100E90001B0286EA030212F4407F06D026F4407655
:100EA00003F44073304A334353612F4A536923F0AC
:100EB00000735361936C9B06FCD43A4B4F45A3FBE4
:100EC00000234FF0FF324FEA9343B0FBF1F1B2FB46
:100ED000F3F3354A1060354A1160354A136008D281
:100EE00028F01F08214A48EA0707D7601368002B3B
:100EF000FCDABDE8F087734662E7122718E74FF483
:100F000040730421C5E70CF1FF31204807238C0210
:100F1000104486EA8121274ADFF8A8A0A2FB00201E
:100F2000020D2548362A38BF362202FB00F042EA7D
:100F30000A0A74E74FEA8C24002386EA8C214FF0DA
:100F4000010EAC4662E71D4686F0C05411464FF0D4
:100F5000C05313E700244FF0010C024631462346EC
:100F6000E64653E700A4781F00C00F400000084089
:100F70000046C32323B24C001F85EB5100366E019F
:100F800000800D4040300080FFB19F26808D5B00C7
:100F9000FF7EF64D00643F4D7FD1F0087F17B42CE3
:100FA0009F10E50083DE1B43743200207032002066
:100FB000E4590020819F5E16001BB7006C20008062
:100FC0007F3001800020008000B970472DE9F84F84
:100FD00001218146214C224D224E54E8003F2A68CF
:100FE000306844E80013002BF7D11F494B684FF4D9
:100FF0007A7BDFF878A01B1A01270BFB02F8DAF8DE
:101000000020A3FB02325A4594BF9044D84454E8D0
:10101000003F2A68306844E80073002BF7D14B6822
:10102000DAF800C01B1A0BFB02F2A3FB0C3CBCF568
:101030007A7F94BF624402F57A72A2EB0802B2F59D
:101040007A7F06D3B9F1010908F57A78DFD1BDE8D6
:10105000F88F02F0E9F80449D9E700BF105A0020E0
:101060000C5A0020085A0020001000E0E45900202B
:1010700030B40F4B4FF0010C0E4D0F4C53E8002FC6
:101080002868216843E800C2002AF7D10B4B5B684F
:101090000B4A5B1A4FF47A71126801FB00F0A3FB54
:1010A000023230BC8A4294BF80184018704700BF9B
:1010B000105A00200C5A0020085A0020001000E0AE
:1010C000E4590020272816D80201104B03EB00102A
:1010D0009B5810B4C2685C68144205D061B95DF8D1
:1010E000044BC3F888207047836851B1084A5DF803
:1010F000044B1A60704770475DF8044BC3F88420B6
:101100007047044A5DF8044B1A607047742B002046
:1011100038F001003830010027280BD8064B0201B7
:1011200003EB00109A58C36892681A4214BF01205A
:101130000020704700207047742B0020272829D8F2
:10114000164B0201012903EB00109A5810B45368A2
:10115000C4680ED004290CD023EA040353608368CA
:10116000A9B1022917D003290CBF0D4A0D4A1A60F4
:1011700007E0234301295360836808D040F6380212
:101180001A60436815225DF8044B1A6070473822D4
:101190001A60F6E77047044A1A60F2E7742B0020E1
:1011A000383001003800010038F0010030B4124A34
:1011B0000020124B0121124D124CC2F8F032C2F83D
:1011C000F402C2F8B810C2F8A000C2F8A450C2F8E5
:1011D000B0105369DB07FCD551612378DB07F0D4ED
:1011E0001368054943F0010313600B68DB07FCD467
:1011F00062B630BC704700BF00802A40050401245D
:1012000001000F0000812A4070B50E4C4FF6FF7EA2
:101210000D4E04F11E05A6F58053002102E0B342F5
:1012200081B204D21A88481C02337245F7D124F8DF
:10123000021FAC4206F58056EDD1044B01221A7014
:1012400070BD00BFE659002000101F60535A0020F7
:10125000B0F5876F2CD2174B10B51B78044623B31B
:10126000A008154B04F00301144CA3FB0023144AFF
:10127000DB08C3EB031E9C46A0EB0E0341EA8C0186
:10128000FF2034F813C01A444FEA4C0C13030CEB44
:10129000023CBCEB023F07D91A880233D4B28C421D
:1012A00008BF100A9C45F7D810BDFFF7ADFFD7E780
:1012B000FF207047535A002089888888E859002009
:1012C000F0010600F8B50F46164672B6344B40F2F0
:1012D0000641344A9A610222DA610022C3F8A02052
:1012E000C3F8F012C3F8F422C3F8F822C3F8FC22C2
:1012F0004FF47022C3F8A4200122C3F8B02020F0DC
:101300001F038219BFF34F8F4FF0E024C4F85C3FF6
:1013100020339A42FAD8BFF34F8FBFF36F8F204D1F
:101320006B69DA07FCD501231F49B2B220F07F4078
:101330006B6142F47022C5F8F01242F20121184CA0
:10134000C5F8F412C5F8BC30C5F8A000C5F8A42053
:10135000C5F8B030154D01E05B0609D4636913F0A0
:101360000100F9D041236361BDE8F840FFF71EBFDB
:10137000082E0AD836B13246394637440646284642
:1013800000F094F940236361E8E7A6F1080008261D
:101390003946324637440646284600F087F9F1E7D9
:1013A00000802A40F05AF05A3204180880812A40FE
:1013B00010B472B6284B0221284C00229C614FF4D5
:1013C0007024D96140F20641C3F8F0120121C3F83C
:1013D000F422C3F8F822C3F8FC22C3F8A020A2F537
:1013E0008052C3F8A4400240C3F8B010BFF34F8F3F
:1013F00002F5805102F120034FF0E02C994234BFF6
:101400000121802102EB41118B42CCF85C2F1A465E
:1014100003F12003F8D1BFF34F8FBFF36F8F0E4A54
:101420005369D907FCD501240D490E4B5461034083
:10143000C2F8F0124FF470200749C2F8A030C2F889
:10144000A400C2F8B0404B69DB07FCD501235DF86E
:10145000044B4B61FFF7AABE00802A40F05AF05AB5
:101460002004180800F0FF00B0F5876F80F0868038
:10147000444B2DE9F0471B78C2B005468946002B46
:1014800079D0AB08404E05F00305404FA6FB03267C
:10149000F60845EA8605C6EB06169E1B3C4B37F858
:1014A0001640334460004FEA033800EB0330B0EBE2
:1014B000033F64D943464FF0FF0C1A880233D1B280
:1014C000A94208BF4FEA122C9842F6D8E14541D014
:1014D000B4F5006F41D302AC4FF48072FF21204677
:1014E00006F064F908F5805008F10203424698427C
:1014F00034BF01204FF4006008EB40001346023275
:101500001B888242D9B24FEA13236354F6D104F800
:1015100005900DF107090DF2071A00254C464046CB
:10152000FFF746FF14F801CF08EB450002220DF14A
:101530000601631EBCF1FF0FA3EB090306D043EACB
:101540000C230135ADF80630FFF7BCFEA245E9D10A
:1015500027F8165042B0BDE8F08745EA092502A9F0
:1015600002220134ADF80850FFF7ACFE27F8164010
:1015700042B0BDE8F087FFF747FE82E770474FF0C3
:10158000FF0CA3E7535A002089888888E859002077
:10159000F0010600704700BF272858D80001F0B4BA
:1015A000344C354D2358AB4256D049D8B3F1844F13
:1015B0004BD0A5F58045AB4240D1304D2044304E54
:1015C000304CC4F8B462D0E901C4C0684FF0E026E2
:1015D0004FF00057042AC6F810712FD85E6926EA2A
:1015E00000065E614FF00506CCF80060266846F400
:1015F000803626605C6824EA00045C60224C54F863
:10160000224090FAA0F2B2FA82F245F822106FEA74
:1016100000011DD0DD690F2A01EA0501D9611DDC39
:1016200052000325D968944005FA02F221EA020229
:101630002243DA6098615A6902435A61F0BC7047EC
:10164000124DAB42FAD1124DB8E7124DB6E77047D2
:10165000DA690243DA61EDE70F4DAFE7103A03258F
:1016600019695200944005FA02F221EA020222436B
:101670001A61DFE7742B002000800042803B0020CD
:101680002100000000400020681D002000C0004232
:10169000803C0020003B0020003C002008B5F7F70C
:1016A000DBF9F7F7DFF901F0BFFDFAE7844641EA1D
:1016B000000313F003036DD1403A41D351F8043BCA
:1016C00040F8043B51F8043B40F8043B51F8043B1C
:1016D00040F8043B51F8043B40F8043B51F8043B0C
:1016E00040F8043B51F8043B40F8043B51F8043BFC
:1016F00040F8043B51F8043B40F8043B51F8043BEC
:1017000040F8043B51F8043B40F8043B51F8043BDB
:1017100040F8043B51F8043B40F8043B51F8043BCB
:1017200040F8043B51F8043B40F8043B51F8043BBB
:1017300040F8043B51F8043B40F8043B403ABDD22A
:10174000303211D351F8043B40F8043B51F8043BCC
:1017500040F8043B51F8043B40F8043B51F8043B8B
:1017600040F8043B103AEDD20C3205D351F8043B5B
:1017700040F8043B043AF9D2043208D0D2071CBF27
:1017800011F8013B00F8013B01D30B880380604650
:10179000704700BF082A13D38B078DD010F00303C6
:1017A0008AD0C3F10403D21ADB071CBF11F8013B36
:1017B00000F8013B80D331F8023B20F8023B7BE785
:1017C000043AD9D3013A11F8013B00F8013BF9D2B0
:1017D0000B7803704B7843708B788370604670474A
:1017E00004F0B4B801F1FF3C70B56646002400E097
:1017F0000134B0FBF2F502FB1503092B03F1370EA0
:1018000003F130035FFA8EFE98BF5FFA83FE9042C9
:10181000284606F801EFEBD2631C0022C818CA5410
:101820007CB162461CF8015F10F8016DA1EB0C035E
:1018300002328CF80060013B521A057023449A4230
:10184000EFDB084670BD00BFB4EE400A2DE9F04F53
:10185000F1EE10FA164680EAE07207462DED028B93
:10186000A2EBE072B0EE408A85B080F14881F0EEE4
:10187000C07A9FEDC57AF4EE477AF1EE10FA29DDD1
:10188000B5EEC00AF1EE10FA00F1ED80032A40F344
:1018900091800323002FA2EB0302C0F28580B5EEF6
:1018A000C08AF1EE10FA00F16A8149214E234620E8
:1018B000F41C3170B070737022B1204620211444A2
:1018C00005F074FF00232046237005B0BDEC028BA9
:1018D000BDE8F08F89460D4602AA01A9484605F0E9
:1018E00091FDDDF804A0044659EA0A0372D10123F0
:1018F0000278A64C9A460193A54BD046342A88BF5D
:101900001C46029B002B7DD008F10108A7EB080BB9
:1019100006EB0805BBF1000F40F3A1805A462021D9
:1019200030465D4405F042FF06EB0B032D2203F821
:10193000012BBAF1000F77D1B9F1000F06D01A468A
:10194000302102F8021B2E2159701346AB421FD2E0
:10195000A44619461CF8012B01F8012BA94218D006
:10196000019C2E20013C0BE058700233013CAB423D
:1019700019460DD21CF8012B01F8012BA94208D001
:101980000194002CF0D00B46013CAB421946F1D338
:101990001D46002F6BDB3446002320462B7005B01C
:1019A000BDEC028BBDE8F08F22B1304620211644F9
:1019B00005F0FCFEB5EEC08AF1EE10FA40F1BD80F4
:1019C0002D2149224E234620341D3170F070727053
:1019D000B37077E7CAF10003994557DA4FF0010871
:1019E000C9F1000A694CC2454046CDF804A0B8BF11
:1019F00008F10108BAF1000F52D1029B08F1010869
:101A0000002B81D1A7EB080B06EB0805BBF1000FFB
:101A100027DD5A46202130465D4405F0C7FE06EB1F
:101A20000B03BAF1000F87D0BAF1000F8EDAB9F1CB
:101A3000000F8BD018462E22302100F8021B5A705E
:101A400002465346013302F8011BFBD1BAF1000FE5
:101A50000193CAF10003A8BF0123034476E733468C
:101A600064E7334665E7042AAADD042312E7B84495
:101A7000B8F1000F6FEA08028DDA22EAE272202143
:101A800028460132154405F091FE84E706F06AFA13
:101A90008046C245B8BF08F10108BAF1000FACD0CA
:101AA000BAF1000FBFF62DAFB9F1000F3FF429AF27
:101AB0000AEB090309F102088342BFF422AFB9F12E
:101AC000000F05DDF2EE047A013D28EE278AFBD1F6
:101AD00002AAB0EE480A284603A905F093FCDDF8F7
:101AE00004A0039B09F101020446A3EB0A039342FD
:101AF0007FF407AF0AF1010ACDF804A001E7B5EEC3
:101B0000C00AF1EE10FA4CBF04230323934222DAF9
:101B10000028A2EB030218DB10EE103A002B02DAC9
:101B20002D2306F8013B4E234121F41C33707170C4
:101B3000B370002A7FF4C1AEC4E649214E22462389
:101B4000F41C31707270B370BCE622B130462021B3
:101B5000164405F02BFE18EE103A002B4FF04E0302
:101B600005DB4122F41C33707270B370AAE62D219C
:101B70004122341D73703170B270F370A2E62D23D0
:101B800006F8013B91E600BFFFFF7F7FF42D0020A8
:101B9000542400204FF0010C0CFA01FC01EB410130
:101BA00000EB411170B5B1F80EE01FFA8CF5254C31
:101BB0001FFA8EFE24782E010EFB033306F0F0068A
:101BC000E340B0F888417345A4B228BF734634435C
:101BD000012AA0F888410DD0022A28D0C2B10CF009
:101BE0000F02B0F888C11FFA8CFC4CEA020CA0F876
:101BF00088C170BD9BB20CF00F022D02CB82B0F8F1
:101C0000803105F470659BB22B43A0F88031E8E782
:101C1000AEEB030E0CF00F021FFA8EFEA1F80AE0E5
:101C2000B0F880319BB21343A0F88031D9E79BB262
:101C30000CF00F02CB83B0F880319BB21E43A0F8AA
:101C40008061CEE7543D002027284BD8F8B52A4DB7
:101C5000044615F8202005EB8005012A2DD0022A24
:101C60003FD16B78C3F3011003283ED0234A02EB27
:101C7000803203F0030C224889B2634602EB4C1C0D
:101C80000678BCF806E05801BCF810301FFA8EFE4A
:101C9000CEF1011E1EFA83F303F1FF3E0EFB01F1AC
:101CA000F1408E4523D95B1AC3F101039BB289B27F
:101CB0000244ACF8063011820DE06A78C2F30113D9
:101CC000032B10D00F4800EB83308BB202F00301DE
:101CD000AA78FFF75FFF0C4BEA7803EB04135B680D
:101CE0001A60F8BD70470948EFE7094AC1E7991E35
:101CF0004FF6FF73DBE700BFBC2E002000C01D4085
:101D0000543D002000C03D40742B002000803E4028
:101D100000801E4000230F2248F2B82C194610B54F
:101D20004FF470444FF4806EA0F88C414FF460443F
:101D3000A0F88E210A46A0F89031B0F888319BB205
:101D400043F0F003A0F8883101EB4103013100EBCF
:101D5000431304299C80A3F806E05A841A865A800B
:101D60005A81A3F80EC05A82DA825A83DA83EBD101
:101D7000B0F888319BB243F00F03A0F88831B0F877
:101D800088319BB243F47063A0F8883110BD00BF66
:101D9000374B384A996F384841F47F0170B59967DD
:101DA00041F20106D3F8801045F6C05543F22604EF
:101DB0000A43C3F88020FFF7ADFF00F58040FFF72E
:101DC000A9FF00F58040FFF7A5FF00F58040FFF771
:101DD000A1FF0022A0F503104FF00F0E114600EBFB
:101DE00042134FEA421C01329981042A5981A3F817
:101DF0000EE09E82DD8020F80C1019829C81EED1CD
:101E000000221E484FF00F0E41F20106114645F622
:101E1000C05543F2260400EB42134FEA421C013244
:101E20009981042A5981A3F80EE09E82DD8020F872
:101E30000C1019829C81EED1002211480F2641F22C
:101E40000105114645F6C05443F2260E00EB42133D
:101E50004FEA421C01329981042A5981DE819D8218
:101E6000DC8020F80C101982A3F80CE0EED170BDD4
:101E700000C00F40000003FC00C03D4000001E40B9
:101E800000401E4057280FD883290DD821F0010C9F
:101E9000084AC9073CF802309BB206D403F47F43DA
:101EA00003439BB22CF802307047DBB243EA0023B5
:101EB0009BB2F7E700C03B40074A506A936A194655
:101EC0008446506A936A9942F9D18445F7D1DB0B75
:101ED00043EA4040704700BF00400D4010498B6806
:101EE00023F001138B608B68DB07FCD48B6B0C4AEF
:101EF00023F001038B63936BD907FCD4C303084918
:101F0000400C53651065936B43F0010393638B6B37
:101F1000DB07FCD58B6843F001138B60704700BF73
:101F200000400D4072B6EFF30583524CC4F8843084
:101F30001EF0040F0CBFEFF30882EFF309824FF09D
:101F4000E0234D4E4D4DD3F8280DD3F82C1DC4E998
:101F50002201D3F8341DD3F8383DC4E92413936922
:101F6000C4F89830D369C4F89C3000F0D1F884EDFF
:101F7000280AFFF7A1FF0B214FF0FF32C4F8A4009D
:101F80000B46C4F880103E49301D5A40202402F010
:101F90000103013C01FB03F383EA5202F7D1A8429B
:101FA00002D073680646EFE7324BC3F8A820BFF3B0
:101FB0004F8F4FF0E0233049324AC3F8701FC3F807
:101FC000702FBFF34F8FBFF36F8F2F4A02252F481B
:101FD000D36E2F4943F44053D3660560D3692D482F
:101FE00023F07F0343F04003D3610B6883423DD865
:101FF000264D00214FF0E0234FF0FF3229600126EB
:10200000C5F808112449C5F80011C5F80861C3F8DE
:102010008021C3F88421C3F88821C3F88C21C3F838
:10202000902101E000F066F9D5F80C31002BF9D0D1
:102030000134C5F80C614F2CF4D9184B0220184913
:102040004FF00042C1F840015A63D5F80C313BB95A
:10205000144815490D4A0163D2F80C31002BFAD00F
:102060004FF0E023114AC3F80C2DFEE7FEF734FED3
:10207000BEE700BF00FF272080FF2720A8FF272002
:102080002083B8EDA0FF272000C00F40004008408B
:1020900074320020803DCD0B009F240000900D4045
:1020A00000002E4000800F40F100AD0B0400FA0547
:1020B0000A490A6838B108B513180948834204D898
:1020C00010460B6008BD1046704705F02FFD0C232D
:1020D0004FF0FF320360104608BD00BF58350020A6
:1020E00000002820002070474FF0FF30704700BFED
:1020F0004FF4005300204B60704700BF0120704731
:102100004FF0FF30704700BF30BFFDE7FFF70ABF59
:10211000124AD2F880305B07FBD5D2F880301048E5
:10212000C3F30B230F4990ED007A07EE903A91ED3F
:10213000006AB8EE477A0C4AF8EEE77A0B4BD2ED1C
:10214000006A77EEC77A93ED007AB8EE477A67EEC9
:10215000867A87EEA60A37EE400A704700810D4066
:10216000D4590020DC590020E0590020D859002023
:10217000836BF0B41BB1536843F40043536072B6F1
:10218000446B3CB31A4B2260D3F8B0410C421DD1D2
:10219000184E776804E07468E41BB4F5166F0BD230
:1021A000D3F8404144F48044C3F84041D3F8B851D7
:1021B000D3F840416404EED50D4007D10C4CC0E982
:1021C0000225D4F8B0310B43C4F8B031426362B693
:1021D000F0BC7047064DC0E90224D5F8B0310B437E
:1021E000C5F8B0310263426362B6F0BC704700BF0D
:1021F00000002E40001000E070B5056B9DB1064652
:102200002A46002403E012680134012A0CD05368E6
:1022100013F08003F7D032632CB12846B36B2D68DE
:102220009847013CF9D170BDC6E90C33F4E700BF13
:1022300030B4D9B91F4C204B0021204A01254FF062
:10224000011099601D60C4E9023180245C60C2F80D
:10225000BC01D2F8B0311A482B43C2F8B03101604A
:10226000D2F8B031002BFBD130BC70470904154BBC
:10227000104C012541F080019860104A596000F52A
:1022800080511D60D96000F50051A364196100F50B
:10229000405100F58040596100219861E164D2F815
:1022A000B03143F48033C2F8B031D2F8B031002BF2
:1022B000FBD1C0E7000000202043002000002E409A
:1022C0007459002040430020084901220B7802FA8B
:1022D00000F023EA0000087030B9054AD2F848310E
:1022E00023F08003C2F84831704700BF575A0020DE
:1022F00000002E402DE9F04F974C83B0D4F8447184
:10230000FB07C4F8447153D5D4F8AC21002A4AD055
:10231000924EDFF860A2DFF87492DFF874B2DFF853
:102320007482C4F8AC21D6E90A20D4F8403143F4D1
:102330000053C4F84031D4F840319D04F5D5D4F8A9
:10234000403123F40053C4F840314FF00113C4F876
:10235000B431D4F8B45115F00115FAD193B28446D2
:10236000CAF80050B3F5086F00F0CF8100F2DB80AF
:1023700040F202318B4200F0E78100F29A80822B1A
:1023800000F0CB81B3F5817F40F08A8010F0780FA8
:1023900083B200F003824FF00113C4F8C031D4F8C7
:1023A000AC21002ABDD16C4AD2F8BC31002B42D1FD
:1023B0007E0616D5684BD3F8AC21C3F8AC21D3F810
:1023C000BC21C3F8BC21D3F8B041002CFBD14FF0A5
:1023D000FF32C3F8B421D3F8843100F029FD604BFB
:1023E0001C60FC0103D55F4B1B6803B19847B80123
:1023F00003D55D4B1B6803B19847790708D5564B49
:10240000D3F8843113F4007347D0584B01221A706B
:10241000514BD3F848311A060AD53B0608D5544A21
:1024200013782BB1013BDBB21370002B00F07282EA
:1024300003B0BDE8F08F4F49C2F8BC3108680342D1
:1024400040F0D181464A14681C40B1D05FEA14487C
:1024500010D0424E4FF0010998FAA8F5B5FA85F56B
:1024600006EBC51009FA05F54030FFF7C5FE38EA5E
:102470000508F1D1A4B2002C9AD0384E4FF00108D3
:1024800094FAA4F5B5FA85F506EBC51008FA05F53A
:10249000FFF7B2FEAC43F3D18AE7344A1370B7E7D3
:1024A000802B7FF478AF344802210580FFF7C0FE0F
:1024B00075E7B3F5A06F00F00B81A3F5D063012B96
:1024C0003FF669AF2D4B5D68002D3FF464AF1FFAF6
:1024D0008CFC4FEA124E04E01D690C33002D3FF4D2
:1024E0005AAF1A887245F7D15A886245F4D14FEA3B
:1024F0001E22032A00F0A5811A89000C824228BFFF
:102500000246BEF5007F40F0A181184B1C491878A7
:102510001C4B0192002818BF19461B48FFF7C6F84C
:10252000194D019AE1E142F221218B427CD033D94D
:1025300042F221318B4200F081804FF6C0018B4284
:102540007FF429AF10F47F4F83B27FF424AF43F4BC
:102550006E4363F30F0CB5E700002E40000000202F
:1025600078590020305A0020345A00205D5A00204B
:102570005E5A0020745900209C590020A830002089
:10258000901C0060F41C0060000020206C590020AA
:102590005DCFC6B8C0012E40B3F5106F66D042F2D1
:1025A00021018B427FF4F7AE030C072B7FF4F3AECF
:1025B000B24BB349F560D960B249B360C3F8089033
:1025C000C1E9002001221A60AF4A5A60AF4A1A617D
:1025D000D4F8B01141F00101C4F8B01102F58051F6
:1025E00002F5005259619A61D4F8B031002BFBD149
:1025F000A74AF36493600123B264136048F2800336
:1026000053604FF00113C4F8BC31D4F8B03143F437
:102610008033C4F8B0314FF48033CAF80030D4F8B6
:10262000B031002BFBD1BAE680B238B9994BC2F376
:1026300007421968984B1960984B1A70944B002206
:102640009A60F2640122B3641A6080225A604FF0EB
:102650000113C4F8BC31D4F8B03143F48033C4F86A
:10266000B031D4F8B031002BFBD198E6C2F3074269
:102670008B4B1A708B4BC4F8C8318B4BC4F8CC31E0
:102680008A4BC4F8D03100F0D5FB80222946884817
:1026900005F08CF8874B8022C6F8A0B0C6F8E03071
:1026A0007B4BF5645A600122B3649D601A604FF061
:1026B0000113C4F8BC31D4F8B03143F48033C4F80A
:1026C000B031CAF80050D4F8B031002BFBD166E627
:1026D0006F4B0121F564196080219D60B3645960DE
:1026E0004FF00113C4F8BC31D4F8B03143F4803357
:1026F000C4F8B031D4F8B031002BFBD1130C5B0619
:1027000043F08073C4F8543149E6654B01216A48AF
:102710001B780370FFF78CFD41E683B210F0780060
:102720007FF439AE03F07F0258F82210624A10801D
:10273000180600F19E80CB0701D5012313700221FA
:102740005D48FFF775FD2AE610F0780F83B27FF43D
:1027500022AE03F07F0213F0800F58F8223014BF2E
:1027600043F4803343F0010348F822300022484B01
:10277000F2649A600122B3641A6080225A604FF0BA
:102780000113C4F8BC31D4F8B03143F48033C4F839
:10279000B031D4F8B031002BFBD100E603F07F025A
:1027A00013F0800F58F8223014BF23F4803323F045
:1027B000010348F822300022354BF2649A6001226E
:1027C000B3641A6080225A604FF00113C4F8BC3120
:1027D000D4F8B03143F48033C4F8B031D4F8B03118
:1027E000002BFBD1DBE50020086026490C884868F7
:1027F00042F221018C427FF425AE80B200287FF4A2
:1028000021AE2E492E4C03C9A18086284FEA1141E2
:102810002060A1717FF416AE72B62A48017841F0AB
:1028200008010170D2F848110D0605D4802001433B
:10283000C2F84401C2F8481162B6234A502111700F
:1028400000E6000C2A78824228BF0246BEF5E06FFF
:1028500044D11E4B1E4D18781E491F4B0192002873
:1028600018BF19462846FEF721FF07236B70019A0F
:102870003BE0C9033FF561AF61E700BF4043002083
:102880006C69002068490020800007006C790020F6
:10289000204300200C5A00202C5A00205B5A0020B4
:1028A0005C5A00200200CC00C80002000200C800F0
:1028B000800000201993D5749C5900206C59002089
:1028C000245A0020575A00205E5A00205D5A0020EA
:1028D00000002020F41C0060901C00602946104D70
:1028E00001922846FEF7E2FE019A25F01F031544E7
:1028F000BFF34F8F4FF0E021C1F8703F20339D426E
:10290000FAD8BFF34F8FBFF36F8F05481146FFF71B
:102910008FFC44E50320FFF7D7FC0BF05FFC00BF02
:10292000000020202DE9F0471F46831E022B01D90D
:10293000BDE8F087DFF84C9015460C463C2209EBC9
:10294000C01806464FEAC01A002108F1040024040A
:1029500004F02CFFB5FA85F20123520944EA4274CF
:1029600049F80A40C8F83870C8F80830002FDFD09E
:10297000034AB34011680B431360BDE8F08700BF02
:1029800078590020000000202DE9F0470D46811EF7
:10299000022901D9BDE8F087C701DFF84C909246C3
:1029A000044640373C2200211E4609EB07082D044F
:1029B00008F1040004F0FAFEBAFA8AF2520945EA74
:1029C000427249F807200122C8F83860C8F8082088
:1029D000002EDFD0034B10341968A2400A431A605E
:1029E000BDE8F087785900200000002012048160C3
:1029F000C36101F5405342F0800210B401244260EB
:102A000001F50052046001F5805401F58041C46075
:102A100081615DF8044BC0E904237047831E0A46B8
:102A2000022B00D97047064B00F110014FF0010C4A
:102A300003EBC0100CFA01F14030FFF799BB00BF67
:102A400000000020831E0A46022B00D97047012196
:102A5000024B814003EBC010FFF78ABB000000204F
:102A600040687047124A134BD2F8200220F07F4092
:102A7000984210B584B002D200EB800040000E4CAA
:102A800001A90A22FEF7AEFE01A90023204611F893
:102A9000012B01333AB10A2B20F8022FF7D116236C
:102AA000237004B010BD5B00DBB2237004B010BD16
:102AB00000441F40809698003C3D002000F0D8BAAA
:102AC00000F0A8BA00F066BB00F03CBB0846114617
:102AD00000F02CBBF8B5144C4FF0E025134E4FF42A
:102AE000003204EB4024124F06EB40160346C5F8B3
:102AF0008C2121463A883046FFF778FF3B882344F3
:102B0000BFF34F8FC5F85C4F2034A342FAD8BFF310
:102B10004F8FBFF36F8F03203146FFF793FF4FF4C2
:102B20000033C5F80C31F8BD800020206043002040
:102B3000385A0020244B2DE9F0411C884368C569B0
:102B4000C3F30E43E41A002C24DD204920480A7800
:102B50000078D3B21F4E82421F4807D010F803807E
:102B600036F81870C7F50072944218D90133002264
:102B700026F81540082B194E88BF134626F8152055
:102B800098BFDAB2C554164B0A701A6814441C6018
:102B9000BDE8F0812846BDE8F041FFF79BBF07EB99
:102BA0004820104922462744084401EB4521FEF7FE
:102BB0007DFD0B4A284626F8187013682344BDE8AB
:102BC000F0411360FFF786BF385A0020555A0020A5
:102BD000565A0020A8590020C8590020B859002092
:102BE000A4590020800020201D4B1A78002A36D1DD
:102BF00002F0FF031B4A12788AB32DE9F0411A4D07
:102C00002A8852B3194EC2F50068194F3278194C10
:102C100007EB421704EBC224424638462146FFF731
:102C2000E5FE04EB0802BFF34F8F4FF0E023C3F83B
:102C3000704F2034A242FAD8BFF34F8FBFF36F8F8B
:102C400004203946FFF7EAFE33780133DBB2032B69
:102C500088BF0023337000232B80BDE8F0817047CC
:102C60005A5A00205C5A00203A5A0020595A002033
:102C700060440020801020202DE9F04F85B0CDE980
:102C80000110002900F0BF800023604CDFF898811C
:102C9000DFF898A15E4F009301235E4A23705E4BDC
:102CA0001978B8F8003002EB4119002B40F0A780EA
:102CB0001E461D469B464846FFF7D2FE10F0800098
:102CC00000F08C80BFF34F8F9AF8003084F800B08A
:102CD00005B93E68002B7DD13B689B1B782B00F229
:102CE00087804E4B1B78002B74D000F09DFA012298
:102CF000B8F8003015462270002BDCD0464AC3F5E8
:102D0000006011781A4600EBC120454DC9022844E5
:102D1000019D954217D20393DDE901512A46FEF742
:102D2000C5FC039B4FF040425B1BA8F800303D4BB5
:102D3000C3F88420BFF34F8F0098002328442370EA
:102D400005B0BDE8F08F364BCD180299FEF7AEFC0A
:102D500000234FF4006229464846FFF747FEBFF3C1
:102D60004F8F05F1200205F50063934234BF012324
:102D700040234FF0E02205EB4313C2F8705F20358B
:102D8000AB42FAD1BFF34F8FBFF36F8F0420494698
:102D9000FFF744FE204A13780133DBB2032B84BFD4
:102DA00000231D4A1370B8F80030019AD11A009A16
:102DB0001A4401910092029A1A4400230292194A7D
:102DC000A8F80030C2F88430BFF34F8F2370002979
:102DD0007FF462AF009805B0BDE8F08F4FF4006259
:102DE0000D4B8AF8000019781346A8F800208AE7EE
:102DF000012300988AF8003005B0BDE8F08F1A462C
:102E0000C3F500607FE70198E5E700BF5A5A00204C
:102E10000C5A002060440020595A00205C5A0020BF
:102E20008010202000002E403A5A0020585A0020DE
:102E3000704700BF2D4B002180222D4870B51B78B4
:102E400000242C4D8B422C4E0CBF40234FF40073BA
:102E50002B80338004F0AAFC284A2146284B1470AA
:102E60004FF4807227481C8004F0A0FC264A1021F1
:102E7000264B0220C2E90044C2E90244244AC3E9C5
:102E800000441470234AC3E90244234B1C702346B8
:102E900014602246FFF778FD2246318803201F4B3D
:102EA000FFF740FD2346012229880420FFF76CFD2F
:102EB00020460134FFF70EFE082CF9D1184B0021F3
:102EC0004A221848184C0460C3F88410C3F88020C4
:102ED000D3F84821154942F08072C3F8482121B146
:102EE000134A137843F00103137070BD5D5A00203C
:102EF000604400203C5A0020385A0020595A0020D3
:102F00003A5A002060430020A8590020B8590020F8
:102F1000555A0020A4590020565A0020D10D020015
:102F200000002E40305A0020850E020000000000F4
:102F30005F5A00202DE9F04F4FF0E0234FF40032AC
:102F4000DFF8C8A083B0C3F88C218B469AF8004004
:102F500000294FD08046E4B20027DFF8B490264B1A
:102F6000ABEB070225491B78A34204F101043FD0D3
:102F7000092C234B404628BF00241E5D39F816C09B
:102F80000CEB462319441F4B33F81650A5EB0C05E8
:102F9000AA421CD20CEB462C18491B4C61440192EE
:102FA000FEF784FB216839F816505846019AA1EBC8
:102FB0000B012A44394429F8162021604FF0E02300
:102FC0004FF40032C3F80C2103B0BDE8F08F2A465D
:102FD0002F44FEF76BFB0C49E3B230460A68A84465
:102FE000521B0A608AF80030FFF774FDBB45B6D863
:102FF0003846E3E70846E1E7555A002080002020E4
:10300000C8590020A8590020A4590020565A002071
:10301000B85900200B4B0C4A12781978D3B28A4267
:103020000DD0013309480A4A092B0A4928BF002359
:10303000C35C31F8131002EB4323585C70474FF028
:10304000FF307047555A0020565A0020C8590020BA
:1030500080002020B8590020044B10B51C680CB12A
:10306000204610BD00F0E0F8204610BDA459002015
:103070002DE9F84F144E154D33782A78934221D01C
:10308000DCB2DFF85090DFF850B0DFF85080104F1E
:103090000134082C5FFA84FA01D90024A24619F8F9
:1030A0000400DBF8003038F8102037F81010521AFE
:1030B0009B1ACBF80030FFF70DFD86F800A02B78A7
:1030C000A342E5D1BDE8F88F565A0020555A00209A
:1030D000B8590020C8590020A4590020A859002040
:1030E00000B583B001210DF10700FFF723FF20B1E8
:1030F0009DF8070003B05DF804FB4FF0FF30F9E7DF
:10310000094B00B583B01B788DF807003BB1012156
:103110000DF10700FFF7B0FD03B05DF804FB03F00D
:10312000FF0003B05DF804FB5C5A0020044B1B78E1
:1031300003F0FF020BB1FFF79FBD1046704700BFC1
:103140005C5A00202DE9F0410024DFF8448001237F
:103150000D4D27460D4E88F800303378284620352F
:10316000A34204F1010405D0FFF77AFC030658BF1F
:1031700007F50067042CF0D1BFF34F8F00233846CA
:1031800088F80030BDE8F08160440020595A0020E2
:103190005A5A00202DE9F8431D4B1B7813B11D4DE1
:1031A0002A880AB9BDE8F8831B4EC2F500691B499D
:1031B00033784A461A4C01EB43181A4F04EBC324E8
:1031C000012340463B7021460023FFF70FFC04EB30
:1031D0000902BFF34F8F4FF0E023C3F8704F203444
:1031E000A242FAD8BFF34F8FBFF36F8F042041463E
:1031F000FFF714FC33780133DBB2032B88BF0023C5
:10320000337000232B80BFF34F8F3B70BDE8F883F2
:103210005C5A00203A5A0020595A0020604400208D
:10322000801020205A5A00202DE9F8432D4B1E789B
:1032300066B12D4F3B784BB90123F1073B7043D466
:10324000B20726D400233B70730701D4BDE8F8838E
:10325000264B1A68002AF9D0EFF30582002AF5D12F
:10326000EFF3108572B61868002834D0204C21780E
:10327000002930D10122227042691A60002A2ED022
:10328000916105B962B60025836845779847257036
:10329000DCE7DFF8648098F80030002BD2D00025FE
:1032A000DFF858902B4659F8234001352368204613
:1032B0001B69984710B163699B68984798F800208C
:1032C000EBB29A42EFD8BDE7FFF7C6FE0028B7D0B1
:1032D000AFF30080B4E7002DB8D162B6B6E7054B76
:1032E0001A60CEE75F5A0020475A00200854002099
:1032F0003F5A002014540020415A00201854002046
:1033000003460846194604F077B800BFB5EE400BF7
:10331000F1EE10FAB0EE407B02D4B1EEC70B70476D
:1033200000F080B808B52DED048BB0EE408B01F0B5
:10333000A5F8B4EE488BF1EE10FAB0EE409B0AD639
:10334000B0EE480B00F0DAF9B7EE007BB4EEC70B35
:10335000F1EE10FA04DCB0EE490BBDEC048B08BDB5
:1033600004F0E4FBBDEC048B034621221A60024802
:10337000BDE8084000F026BBA427002008B52DEDCD
:10338000048BB0EE408B01F0D5F9B4EE488BF1EE32
:1033900010FAB0EE409B0AD6B0EE480B00F0AEF942
:1033A000B7EE007BB4EEC70BF1EE10FA04DCB0EE22
:1033B000490BBDEC048B08BD04F0B8FBBDEC048BDD
:1033C000034621221A600248BDE8084000F0FABA1C
:1033D000A427002001F0DEBA0000000008B52DEDA2
:1033E000048BB0EE418B01F03DFEB4EE488BF1EE64
:1033F00010FA06D69FED099BB4EE498BF1EE10FA58
:1034000002D0BDEC048B08BD04F090FB89EE090BE3
:10341000BDEC048B2123036008BD00BF0000000049
:103420000000000008B52DED048BB0EE408B00F0DD
:1034300007FEB4EE488BF1EE10FA06D69FED099B1D
:10344000B4EEC98BF1EE10FA02D4BDEC048B08BDCA
:1034500004F06CFB89EE090BBDEC048B21230360A7
:1034600008BD00BF000000000000000038B5B0EE4D
:10347000407B17EE905A794B25F000449C422DED8D
:103480000C8B16DD764B9C420EDC09D09FED577BF2
:103490009FED580B002D37FE000BBDEC0C8B38BD9B
:1034A00010EE103A002BF1D037EE070BBDEC0C8B71
:1034B00038BD6C4B9C425CDCA3F1DE739C424CDD5E
:1034C0004FF0FF339FED4DAB27EE075B25EE056B0D
:1034D0009FED4C8B9FED4D1BA6EE0A8B9FED4D3B58
:1034E000A8EE061B9FED4DBBA1EE063B9FED4DDB0D
:1034F000A3EE06BB9FED4D9BABEE06DB2DEE05DB91
:103500009FED4C0B9FED4D2BA6EE090B9FED4D4B08
:10351000A0EE062B9FED4DCBA2EE064B5A1CA4EE5F
:1035200006CB2CEE06CB39D03DEE0CDB4E494F4A94
:1035300001EBC30102EBC30391ED006B93ED000BB4
:103540009DEE076B36EE477B002D30EE470BA4DA7D
:10355000B1EE400BBDEC0C8B38BD9FED3E6BB7EE72
:10356000005B30EE066BB4EEC56BF1EE10FAA7DD32
:1035700093E700F0C3F83E4B9C4218DCA3F55023C0
:103580009C4229DCB0EE007BBFEE006B30EE075BA7
:10359000A0EE076B002386EE057B93E73DEE0CDB88
:1035A000ADEE477BBDEC0C8BB0EE470B38BD314B1D
:1035B0009C420BDAB7EE087BB7EE006B30EE475B50
:1035C000A0EE076B022385EE067B7BE7BFEE006B68
:1035D000032386EE007B75E7B7EE007B012330EE18
:1035E000475B30EE070B85EE007B6BE7182D4454EC
:1035F000FB21F93F182D4454FB21F9BF11DA22E3D6
:103600003AAD903FEB0D76244B7BA93F513DD0A0C6
:10361000660DB13F6E204CC5CD45B73FFF8300928C
:103620002449C23F0D5555555555D53F2F6C6A2C31
:1036300044B4A2BF9AFDDE522DDEADBF6D9A74AFC9
:10364000F2B0B3BF711623FEC671BCBFC4EB98992C
:103650009999C9BF9C7500883CE4377EFFFF0F44F1
:103660000000F07FFFFFDB3FE01C0020C01C0020BB
:10367000FFFFF23F0080034000000000B0EE407BFF
:1036800017EE903A1B4A23F0004393421BDD1A4A7F
:10369000934202DD30EE400B704700B585B06846BE
:1036A00001F094FB00F0030001289DED021B9DED4D
:1036B000000B0CD0022812D070B1012000F062FD86
:1036C00005B05DF804FB9FED091B00F0C3BC00F0E2
:1036D00059FDB1EE400BF3E700F0BCFCF0E700F061
:1036E000B9FCB1EE400BEBE7AFF300800000000047
:1036F00000000000FB21E93FFFFFEF7F51EC100BC2
:1037000010EE102A21F0004343EC102B704700BF4D
:103710000000000030B482B08DED000B019A194C0E
:1037200022F000430021A342016021DC009C1C43E5
:103730001ED0154C144054B99FED107B20EE077B32
:103740008DED007B019A6FF0350122F0004322F0ED
:10375000FF42DDE9004522F4E00242F07F551B15EF
:1037600045F40015A3F2FE33CDE900450B44036098
:103770009DED000B02B030BC704700BF00000000A0
:1037800000005043FFFFEF7F0000F07FB0EE407B72
:1037900017EE903A1B4A23F0004393421CDD1A4A6D
:1037A000934202DD30EE400B704700B585B06846AD
:1037B00001F00CFB00F0030001289DED021B9DEDC4
:1037C000000B0ED0022813D070B100F043FCB1EE14
:1037D000400B05B05DF804FB9FED081B002000F0D6
:1037E000D1BC00F037FCF4E7012000F0CBFCF0E79F
:1037F000012000F0C7FCB1EE400BEAE7000000003A
:1038000000000000FB21E93FFFFFEF7FB0EE407BAF
:1038100017EE903A134A23F00043934218DD124A00
:10382000934202DD30EE400B704700B585B068462C
:1038300001F0CCFA400000F002009DED021B9DED6E
:10384000000BC0F1010000F0F5FC05B05DF804FBD1
:103850009FED021B012000F0EDBC00BF0000000046
:1038600000000000FB21E93FFFFFEF7F08B52DEDD1
:10387000028BB0EE408A00F0E7FBB4EE488AF1EE2E
:1038800010FA06D6DFED098AB4EEE88AF1EE10FAF6
:1038900002D4BDEC028B08BD04F048F988EEA80AFA
:1038A000BDEC028B2123036008BD00BF00000000B7
:1038B0000000000053EC102B10B4C3F30A54194657
:1038C00074BB23F00041114327D09FED307B3B496F
:1038D00020EE077B884253EC172B43DBC3F30A54DB
:1038E0001946363C4CF2503C604522DC204440F204
:1038F000FE74A0421DDC002829DC10F1350F38DBF6
:1039000021F0FF41363021F4E0019FED227B41EAB6
:10391000005343EC102B20EE070B5DF8044B70476F
:1039200040F2FF7C6445DDD130EE000B5DF8044BC6
:1039300070479FED1A7B9FED1B5BB0EE470B002B92
:103940005DF8044B27FE057B27EE000B704721F046
:10395000FF4121F4E00141EA005343EC102B5DF8F4
:10396000044B70479FED110B5DF8044B27EE000BE5
:1039700070479FED0E7B9FED0F5BB0EE470B002B6A
:1039800027FE057B27EE000BC7E700BF0000000005
:1039900000005043000000000000903C9C7500882F
:1039A0003CE4377E9C7500883CE437FE59F3F8C24E
:1039B0001F6EA50159F3F8C21F6EA581B03CFFFF31
:1039C000000000009FED010B704700BF00000000E9
:1039D0000000F87F10B582B08DED000B044604F0B6
:1039E000A5F89DED000B046002B010BD82B058B187
:1039F000B1EE407B8DED007B9DED007B222020EE23
:103A0000070B02B0FFF7E6BFB0EE407BF2E700BF66
:103A1000000000009FED010BFFF7E8BF0000000071
:103A2000000000109FED010BFFF7E0BF0000000059
:103A30000000007082B00028B7EE006BBFEE007B84
:103A400006FE077B8DED007B9DED000B9FED037B5C
:103A5000222080EE070B02B0FFF7BCBF0000000081
:103A600000000000B4EE400BF1EE10FA30EE407BA7
:103A700087EE076BB0EE460B02D62120FFF7AABFF8
:103A8000704700BFB5EE400BF1EE10FA00D0704762
:103A90002220FFF79FBF00BF000000009FED076BD3
:103AA000B0EEC07BB4EE467BF1EE10FA00DC70475E
:103AB0002220FFF78FBF00BFAFF30080FFFFFFFFA3
:103AC000FFFFEF7F2DE9F04F5BEC10AB2DED0A8B84
:103AD0004FEA1B5C11EE90EA0CF1FF3640F2FD70EC
:103AE000864210EE101A11EE103A89B05A46654619
:103AF0004FEA1E5400F2C680C4F30A06A6F2BE3690
:103B00007F2E98BF002000F2BD80BFEE000BE14C7D
:103B1000E14B1444C4F3463503EB451693ED006BBB
:103B200093ED027B96ED128B96ED189B96ED162B7E
:103B3000260D241505EE904A360593ED0C4BB8EE94
:103B4000E55B951BA5EE062BA5EE079B93ED04AB5D
:103B500093ED105B93ED08BB93ED067B93ED0A6B41
:103B600093ED0E3B0C1E45EC1C4BACEE080BA0EE8F
:103B7000053BA0EE046B20EE0A5B30EE024B20EE1C
:103B8000058BA0EE0B7BA8EE036B32EE442BA8EE68
:103B9000067B32EE002BB0EE483B39EE022B95EE61
:103BA000003B34EE085B20EE080B34EE454B32EE62
:103BB000036B34EE084B36EE046BA0EE076B35EE6C
:103BC000064B21EE048B18EE902AB0EE487BC2F330
:103BD0000A556FF47273EB183E2B91EE047B35EEB1
:103BE000445B35EE065BA1EE057B00F29380AB4BA8
:103BF00093ED024B93ED005BB0EE441B93ED042B71
:103C0000A8EE051B93ED066B11EE101A31EE441B66
:103C100001F07F0293ED0E4BA1EE028BA1EE068B1D
:103C200093ED0C6B37EE087B27EE072B921802F111
:103C30000F0403EBC202A7EE046B92ED1C4B03EBE7
:103C4000C40293ED0A3B93ED085B53F83460576868
:103C5000A7EE035B4018002422EE023B37EE047B04
:103C6000A219A2EE057B07EB4033A3EE067B002DE5
:103C70005FD043EC102BA7EE000B09B0BDEC0A8B14
:103C8000BDE8F08FD8184EEB0E09461E37466FF090
:103C9000010849F1FF36B8456FF4001777EB0606C7
:103CA000C0F02081481842EB0209461E374669F1F0
:103CB0000006B8456FF4001777EB0606C0F03981AF
:103CC000002A6ADB0020C4F30A06A6F2BE337F2B6B
:103CD00040F2FF774FD9724B00209A4208BF8142D1
:103CE00000F0FD8040F2BD35AE4240F291800129E6
:103CF00072EB030334BF01230023BC428CBF0024BA
:103D00000124A3420ED109B0BDEC0A8BBDE8F04FEF
:103D1000FFF780BE002BC0F2CE80B5F5816F75D95C
:103D2000002AF0DB09B0BDEC0A8BBDE8F04FFFF7CD
:103D300079BEA14280F21381B7EE003B03F17F51BF
:103D400001F50011104641EC150B27EE057B35EE11
:103D5000076BB0EEC64BB4EEC34BF1EE10FA61D474
:103D60009FED480B26EE000B09B0BDEC0A8BBDE8B9
:103D7000F04FFFF787BE002D7FF4C7AE9FED437B6A
:103D80004BEC16AB26EE077B53EC172B23F00042CF
:103D900017EE101AA2F15072B7E6C4F30A0640F209
:103DA000FE3086427EDD40F23340864200F3FA80E8
:103DB000801BA0F120054FF0FF374FF0FF398740FF
:103DC00009FA05F9C0F12008019547EA09054FF005
:103DD000FF3727FA08F945EA0905874023EA07076C
:103DE0002EEA05053D435DD1019DC3400EFA08F85A
:103DF00043EA08032EFA05FE43EA0E0303F001032B
:103E0000980422F00042CCF30A055EE70025EEE6B6
:103E100088429341B7EE000B34BF31EE000B30EE19
:103E2000410B2AE7B5EEC06BF1EE10FA35EE465BBA
:103E3000BFEE004B35EE075B58BFB0EE434B36EE9E
:103E4000043B34EE437B37EE067B37EE057B37EEE3
:103E5000037B37EE446BB5EE406BF1EE10FA04D104
:103E60002A4601F0004343EC162B9FED065B8DEDD7
:103E7000045B9DED047B27EE057B8DED067B6FE7F4
:103E8000AFF3008000000000000010000000000000
:103E900000003043AB6A19C0780C002018030020E2
:103EA0000000F03F4BEC10AB09B0BDEC0A8BBDE855
:103EB000F04FFFF7D7BDB7EE000B38EE000B002830
:103EC0003FF4DBAEB1EE400BD7E64918594B82F414
:103ED00000224FF000005241884293415DD3B7EE7B
:103EE000000BCAE650EA0904EFD0534C0025A24269
:103EF00008BFA94247D04918504B52418D4273EB3D
:103F000002044AD3994508BFA84246D103F10043B1
:103F10009A4208BFA942E2D09A426FEA0E0E34BF1D
:103F2000002201224FEADE7E724577D09FED3D0BE5
:103F3000A3E64BEC17AB002A27EE070B34DB00227D
:103F400050EA09095DD1BEF1000FBFF696AE1046EA
:103F500009B0BDEC0A8BBDE8F04FFFF76BBD03F174
:103F600040419FED326B01F57001104641EC100BA2
:103F7000A7EE000B20EE060B09B0BDEC0A8BBDE8E6
:103F8000F04FFFF78BBDDB182A4A8EF4002E4EEB64
:103F90000E0E9D4272EB0E02A1D24BEC17AB37EE28
:103FA000010B6AE600202CE7C4F30A02A2F2FF31FB
:103FB0003429C4D8C2F586624FF0FF31A2F11D0545
:103FC000033201FA05F701FA02F4C2F120063C437C
:103FD00021FA06F73C43914023EA01012EEA04044A
:103FE0002143ACD123FA02F20EFA06F632432EFA3E
:103FF00005F52A4312F00102A2D0B1EE400B0122D6
:104000009EE7BEF1000FBFF638AEB7EE006B86EE4E
:10401000007B8DED027B9DED020B2EE621EE010B68
:104020002BE600BF000000000000000000000000C0
:104030000000007F0000F0FF0000F03F0000E0FF04
:10404000B1EEC00B704700BFB1EEC00A704700BFB1
:104050000000000010EE903A23F00043B3F1795FC6
:104060002DED028B2EDAFDEEC07B17EE903A002B81
:1040700065D020EE004B9FED358B9FED362B9FEDED
:10408000373BA4EE082B9FED375BA4EE023B9FED80
:10409000376BA4EE035B9FED377BA4EE056BA4EEBC
:1040A000067B24EE077B21EE401BB6EE006BA4EEF0
:1040B000071BB7EE000B94EE061BBDEC028B30EE37
:1040C000410B70479FED218B20EE004B9FED212B84
:1040D0009FED223BA4EE082B9FED225BA2EE043B5A
:1040E0009FED226BA3EE045B9FED227BA5EE046B9C
:1040F000224AA6EE047B934227EE047BD3DD204ABE
:10410000934217DCB7EE006B0020A3F5001141ECE1
:10411000150B36EE456B21EE401BB6EE003BA4EED0
:10412000071B94EE035BBDEC028B35EE410B36EEC4
:10413000400B7047B6EE076BB5EE025BEBE7B7EEF0
:10414000000BBDEC028B7047AFF30080D43888BE03
:10415000E9FAA8BDC4B1B4BD9EEE213EAD529C802B
:104160004F7E92BE9015CB19A001FA3E7751C11631
:104170006CC156BF4C5555555555A53F3233D33FAD
:104180000000E93F10EE903A23F00043B3F1795F6D
:1041900004DAFDEEC07B17EE903A5BB320EE007BB5
:1041A0009FED162B9FED173B9FED184BA7EE023BA3
:1041B0009FED185BA3EE074B9FED186BA4EE075B1A
:1041C000A5EE076B20EE075B30B99FED164BA7EE0F
:1041D000064BA4EE050B70479FED144B26EE456B86
:1041E000B6EE003BA1EE036B96EE071BA5EE041B9B
:1041F00030EE410B704700BFAFF300807CD5CF5A43
:104200003AD9E53DEB9C2B8AE6E55ABE7DFEB157D7
:10421000E31DC73ED561C119A0012ABFA6F8101140
:104220001111813F495555555555C5BF49555555EE
:104230005555C53F38B5B0EE407B17EE903A8D49E5
:1042400023F000428A422DED108B2DDCFDEEC06B79
:1042500016EE901AF1BB10EE104A431C2343134391
:1042600000F0BC80012800F0968030EE016BBFEEBC
:10427000005BBDEC108B85EE064B55EC164BB7EE94
:10428000006B53EC142B0C460A4643EC102B45EC08
:10429000154BA5EE006B35EE477B31EE477BA7EE65
:1042A000006BA6EE040B38BD73498A4212DD9FED08
:1042B000515B002B9FED516BB8BFB1EE411B35EE4A
:1042C000415B9FED501BB8BFB1EE407B36EE477BA4
:1042D00035EE077B9FED4DAB27EE075B25EE056BBB
:1042E0009FED4C8B9FED4D2BA6EE0A8B9FED4D4B1A
:1042F000A8EE062B9FED4DCBA2EE064B9FED4DEBAE
:10430000A4EE06CBB0EE414B9FED4C9BACEE06EB22
:104310009FED4C0B9FED4D3BA6EE090B9FED4DBB6A
:10432000A0EE063B9FED4DDBA3EE06BB9FED4DFBE4
:10433000ABEE06DB5049ADEE06FB27EE056BAFEEAC
:1043400005EBAEEE064BA4EE051B9FED485B8A42E3
:10435000A6EE051B37EE010B20DC01281BD0BFEEBB
:10436000006B86EE004B51EC100BB7EE005B53EC8C
:10437000142B0020024643EC102B41EC160B36EEBA
:10438000473BB0EE457B31EE431BA6EE007BA1EE32
:10439000007BA7EE040BBDEC108B38BD9B17BDEC6A
:1043A000108B20EE004B06EE900A03F00203C3F1DF
:1043B0000103B8EEE63B06EE903A30EE030BB8EEA2
:1043C000E66B84EE005BB0EE004B35EE415B37EE02
:1043D000457BA7EE443B26EE030B38BDFFF78EF975
:1043E000B7EE006BB0EE407B86EE070BD3E700BF65
:1043F000AFF30080075C143326A6813C182D44548B
:10440000FB21E93F0000000000000000735360DB67
:10441000CB75F3BEA69237A0887E143F0165F2F2F9
:10442000D844433F280356C9226D6D3F37D60684D2
:10443000F464963F7AFE10111111C13FD47ABF7413
:10444000702AFB3EE9A7F0320FB8123F68108D1AB0
:10445000F726303F1583E0FEC8DB573F93846EE9B3
:10446000E326823FFE41B31BBAA1AB3F63555555CE
:104470005555D53FFFFF2F3E2794E53F00B52DED65
:104480000A8B83B08DED000B019AA64922F0004300
:104490008B4212DD009903F1404303F580130B4377
:1044A0006BD19FED827B9FED830B002A30FE070BC3
:1044B00003B0BDEC0A8B5DF804FB9B498B4209DC21
:1044C0009A4A934264DC9FED7D0B03B0BDEC0A8BEE
:1044D0005DF804FB002AC0F29C80B6EE007BB7EECC
:1044E000009B9DED006B39EE468B28EE078BB0EEFE
:1044F000480BFFF7A5FDB0EE483B9FED726B9FEDBB
:10450000732B9FED744BA8EE062B9FED746B9FED04
:10451000755BA2EE086BA6EE084B9FED746BA4EEE4
:10452000085B9FED744BA5EE086B26EE086B9FEDC4
:10453000735BA8EE045B9FED734B53EC102BA5EE61
:10454000084B00229FED715B43EC172BA4EE085B38
:10455000A7EE473B30EE074BA5EE089B86EE095BC6
:1045600083EE046BA0EE056B37EE060B30EE000B0E
:1045700003B0BDEC0A8B5DF804FB9DED007B37EECC
:10458000477B87EE070B03B0BDEC0A8B5DF804FB9D
:104590009FED4C8B9FED574B9DED007B9FED4B0BA3
:1045A00027EE077B9FED4D3BA7EE080B9FED491BC8
:1045B000A0EE073B9FED516BA3EE071BA7EE046B2C
:1045C0009FED482B9FED495BA1EE072B9FED4D4BD7
:1045D000A2EE075B25EE075B9FED4C3BA6EE074B7B
:1045E0009FED360BA4EE073BB7EE004B9FED496BFA
:1045F000A3EE074B85EE043B9DED007BA7EE436BDE
:1046000037EE467B30EE470B03B0BDEC0A8B5DF80E
:1046100004FB9DED007BB7EE006BB6EE00AB9FEDAB
:10462000299B37EE067B27EE0A7B9FED280B9FED3B
:104630002B2BA7EE090B9FED2F8BA0EE072BB0EED7
:10464000470B9FED243B9FED275BA2EE073B9FEDC1
:1046500027CBA3EE075B9FED291BA5EE07CB2CEE26
:1046600007CB9FED284BA7EE081B9FED28BBA1EEC3
:10467000074BA4EE07BBABEE076BB0EE468BFFF724
:10468000DFFC8CEE084BB0EE005B9FED246B9FEDE2
:10469000077BA0EE046B36EE006BA6EE457BB0EE1A
:1046A000470B03B0BDEC0A8B5DF804FB182D445496
:1046B000FB2109400000000000000000182D4454B8
:1046C000FB21F93F09F7FD0DE13D023F88B201757D
:1046D000E0EF493F5544880E55C1C93F3B8F68B54F
:1046E0002882A4BF7D6FEB0312D6D4BF5555555514
:1046F0005555C53F82922EB1C5B8B33F59018D1BA8
:104700006C06E6BFC88A599CE52A00404B2D8A1CDE
:10471000273A03C0075C143326A6913C075C143388
:1047200026A691BCFFFFEF3FFFFFDF3F0000603C8C
:104730000000000038B510EE905A924B25F000446E
:104740009C422DED0A8B1DDD10EE103A04F1404421
:1047500004F580141C4308D030EE400B80EE007B43
:10476000BDEC0A8BB0EE470B38BDBDEC0A8B9FED5C
:10477000677B9FED686B20EE077BA0EE067BB0EEBB
:10478000470B38BD804B9C420EDCB4F1795F80F260
:104790008380B7EE006B9FED617B30EE077BB4EE5C
:1047A000C67BF1EE10FA74DCB6EE008BFEF7A6FFC6
:1047B000B7EE007B9FED5B9B37EE400B20EE088B46
:1047C0009FED5AABB0EE480B9FED5A1B9FED5B3B44
:1047D000A8EE0A1B9FED5B4BA1EE083B9FED5B6BC8
:1047E000A3EE084B9FED5BCBA4EE086B9FED5B2B1C
:1047F000A6EE08CB2CEE08CB9FED5A5BA8EE092B5A
:104800009FED5ABBA2EE085BA5EE08BBABEE087BA2
:10481000B0EE479BFFF714FC5C4B9C422ADCB0EEE9
:10482000004B8CEE093B53EC102B9FED526B9FED30
:10483000377B002243EC122B30EE025BA2EE428B60
:1048400030EE000B88EE051BB0EE465BA1EE447B1C
:10485000A2EE445B90EE037B37EE457B36EE477B62
:10486000002D3FF77DAFB1EE477BB0EE470BBDECBF
:104870000A8B38BD9FED417B8CEE094BB0EE005B9F
:104880009FED246BA0EE040BA0EE057B36EE477B7C
:10489000E6E7B0EE407B63E79FED248B20EE006BF4
:1048A0009FED245B9FED253BA6EE085B9FED254B1E
:1048B000A5EE063B9FED252BA3EE064BBDEC0A8B28
:1048C000A4EE062B9FED237B9FED161BA2EE067B2D
:1048D00027EE067B9FED215B9FED223BA6EE015B61
:1048E0009FED224BA5EE063BB7EE005BA3EE064B19
:1048F000A4EE065B87EE056BB0EE407BA0EE067B78
:10490000B0EE470B38BD00BFAFF30080075C143337
:1049100026A6913C182D4454FB21F93F9C75008834
:104920003CE4377E82922EB1C5B8B33F09F7FD0D46
:10493000E13D023F88B20175E0EF493F3B8F68B52A
:104940002882A4BF5544880E55C1C93F7D6FEB0333
:1049500012D6D4BF555555555555C53F59018D1BD8
:104960006C06E6BFC88A599CE52A00404B2D8A1C7C
:10497000273A03C0182D4454FB21E93F075C143348
:1049800026A691BCFFFFEF3FFFFFDF3F3233EF3F33
:10499000000000002DE9F04151EC110B4342614C45
:1049A00021F00046034346EAD37382B0A3428DED63
:1049B000000B3CD8DDE900E7CEF1000343EA0E032B
:1049C00027F0004848EAD373A34230D801F14043AE
:1049D00003F58013034311EE102A3DD08D1705F027
:1049E000020558EA0E0E45EAD77529D0324338D071
:1049F000A64244D0A04534D0A8EB0608B8F1747F95
:104A00004FEA285338DA002945DA3C3343DA9FED80
:104A1000370B012D53D0022D48D075B19FED356B6A
:104A20009FED367B30EE460B30EE470B05E09DEDFB
:104A3000006B41EC170B37EE060B02B0BDE8F081BE
:104A4000022D16D09DED007B9FED2E0B032D00FE59
:104A5000070B02B0BDE8F08102B0BDE8F041FEF7FF
:104A600005BD9FED2A0B9FED2B7B002F20FE070B32
:104A7000E3E79FED220BE0E79FED240BC9E7B0458C
:104A800005F1FF3524D0022D2AD8274B03EBC503AF
:104A900093ED000BD1E79DED007B41EC160B87EE0B
:104AA000060BFEF72BFEFEF7E1FCB2E79FED116B64
:104AB0009FED127B30EE460B37EE400BBDE710EE5C
:104AC000901A53EC102B01F1004343EC102BB4E788
:104AD000022D08D8154B03EBC50393ED000BACE793
:104AE0009FED020BA9E79FED0D0BA6E7000000006C
:104AF00000000000075C143326A6A13C182D445486
:104B0000FB210940182D4454FB2109C0182D4454A1
:104B1000FB21F93F182D4454FB21F9BF182D4454B3
:104B2000FB21E93F0000F07FB00200209802002046
:104B30002DE9F04385B08DED001BDDE9007C2CF004
:104B4000004050EA07038DED020B2FD0039B984ADB
:104B500023F0004E964529DC7A4296493A4340EAD2
:104B6000D2728A4222D8DDF8089086453C464A46F1
:104B700003F0004606DCC0F2C780B945C0F0C4802F
:104B800000F0FD808B491940D9B9BEF1000F40F00B
:104B9000DF80B9F1000F4D4640F30881A1F21341C7
:104BA0006D00002D01F1FF31FADC0EE09DED027B7E
:104BB0009DED006B27EE067B87EE070B05B0BDE889
:104BC000F0834FEA2E51A1F2FF317A4D0CEA050530
:104BD00085B9002840F0AD80002FB84640F3E4804E
:104BE000A5F213454FEA4808B8F1000F05F1FF356B
:104BF000F8DC02E00515A5F2FF35DFF8BC81414580
:104C000072DBC3F3130343F48013DFF8ACE17545A3
:104C100059DBCCF3130C4CF4801CD01B491B0BD17B
:104C20001DE050EA0E0345D04FEADE73013903EB75
:104C300040034FEA4E0211D0A3EB0C00944288BF10
:104C400000F1FF300028A2EB040E4FEAD277E8DA39
:104C5000013907EB43034FEA4202EDD1101BA3EBEE
:104C60000C0C944288BF0CF1FF3CBCF1000FA4BFB8
:104C70000246634653EA020105D11BE0D10F01EB66
:104C800043035200013DB3F5801FF7DB4A498D42D3
:104C90006ADA491B142978DC05F21E40CA4003FA7F
:104CA00000F043FA01F110430E433346024643EC51
:104CB000102B83E7414BF60F03EBC60393ED000B7C
:104CC00005B0BDE8F083AEEB05041F2C25DD3C48A4
:104CD000491BA0EB050C07FA0CFC18BF0024ABD154
:104CE000A3EB0C0C1046C0E7A8EB0108B8F11F0FAE
:104CF0000DDC01F21E430EFA08FE29FA03F309FA4D
:104D000008F243EA0E0380E79DED020B56E72C4BB9
:104D10005B1A09FA03F3002277E705F21E4C00FA4A
:104D200004FE27FA0CFC07FA04F44CEA0E0C101BE4
:104D300074E74FEAC028B8F1000F1F4D7FF75DAF51
:104D40004FEA4808B8F1000F05F1FF35F8DC54E7E9
:104D50004FEACE25002D18497FF737AF6D00002DA3
:104D600001F1FF31FADC30E7A3F58013334305F29C
:104D7000FF3543EA0551104641EC100B1EE70F4B7F
:104D800003EB167393ED000B18E71F2907DC05F200
:104D90001E4022FA01F103FA00F0084385E70848B3
:104DA000401B43FA00F080E7064D26E705490CE773
:104DB000FFFFEF7F0000F07F02FCFFFF08030020F1
:104DC000E2FBFFFFEDFBFFFF0000000070B553ECBE
:104DD000102B9C4923F000458D4288B004466ADDC3
:104DE00099498D421E461BDC002B9FED867B40F3CC
:104DF000EB8030EE477BA1F51B21A1F5F0618D42E0
:104E00006AD09FED826B012037EE465B37EE457B23
:104E100084ED005B37EE467B84ED027B08B070BD0D
:104E20008A498D4260DD8A498D424DDC2A1510EE9B
:104E3000100AA2F21642A5EB025141EC170B9FEDAE
:104E4000755BBDEEC76BB8EEC66B37EE467B27EEE3
:104E5000057BFDEEC74B8DED026BB8EEE46B37EED4
:104E6000467B27EE057BB5EE407BF1EE10FA8DED2B
:104E7000046B8DED067B40F0968014EE903A002B8B
:104E80000CBF01230223734901910221009102A862
:104E9000214600F083F9002EC0DA94ED006B94ED0A
:104EA000027BB1EE466BB1EE477B84ED006B84ED87
:104EB000027B4042B2E700200021C4E90201002049
:104EC00084ED000B08B070BD30EE407B002084ED17
:104ED000027B84ED007BA1E79FED505B9FED516B62
:104EE00037EE457B01208FE7FEF708FCB6EE007B2E
:104EF0009FED4E5BA0EE057BFDEEC77B9FED413B3A
:104F000017EE900A9FED416B1F28B8EEE75BB1EEFC
:104F1000454BA5EE430B25EE067B1CDC4E4B421E9B
:104F200053F82230AB4216D030EE476B84ED006B65
:104F300030EE460B30EE470B002E84ED020BBFF631
:104F40006DAFB1EE466BB1EE400B84ED006B84EDBE
:104F5000020B404262E730EE476B16EE903AC3F325
:104F60000A53C3EB1553102B4FEA2552DEDDB0EE8A
:104F7000403B9FED2A6B9FED2B2BA4EE063B30EEC2
:104F8000437BA4EE067B95EE027B33EE476B16EE79
:104F9000903AC3F30A53D21A312A06DCB0EE430B1F
:104FA00084ED006BC4E703236DE79FED226BB0EE49
:104FB000430B9FED222BA4EE060B33EE407BA4EEB9
:104FC000067B95EE027BAFE7244930EE077B8D42EE
:104FD0000ED09FED0E6B4FF0FF3037EE065B37EED5
:104FE000457B84ED005B37EE067B84ED027B15E7A5
:104FF0009FED0A5B9FED0B6B37EE057B4FF0FF30AB
:10500000EBE700BF00004054FB21F93F3163621A17
:1050100061B4D03D00000000000070410000601A43
:1050200061B4D03D7370032E8A19A33B83C8C96D48
:10503000305FE43F0000002E8A19A33BC1492025C0
:105040009A837B39FB21E93F7BD90240FB2139411F
:10505000FFFFEF7FA02F0020302E0020FB21F93F23
:10506000000000002DE9F0412DED028BB0EE408BE9
:1050700082B08DED001BDDE9005828F0004454EAB1
:10508000050347D018EE907A404B27F000469E4229
:1050900035DC9C4247DD04F1004404F580142C43C8
:1050A0002DD1B0EE480BFEF729FBB0EE408B9DED05
:1050B000000BFEF723FB364B08EA0303002B4AD113
:1050C00038EE087BB4EEC07BF1EE10FA08DD38EE66
:1050D000408B38EE087BB4EEC07BF1EE10FA4ADA72
:1050E00018EE901A53EC182B07F0004787EA0103DB
:1050F00043EC102B02B0BDEC028BBDE8F0819DEDBE
:10510000007B28EE078B88EE080B02B0BDEC028B0B
:10511000BDE8F08120EE018B88EE080B02B0BDECFB
:10512000028BBDE8F0811B4B9C4205DC9DED007BB2
:1051300037EE071BFFF7FCFC18EE103A361B5B1B23
:105140001E431BD19FED0F7B20EE070B02B0BDEC81
:10515000028BBDE8F081B6EE007B20EE077BB4EE5B
:10516000C78BF1EE10FABBDD38EE408BB4EEC87B96
:10517000F1EE10FAB4D838EE408BB1E7B0EE408BC8
:105180008FE700BF0000000000000000FFFFEF7F7E
:105190000000E07FFFFFDF7F000000002DE9F04FFF
:1051A0002DED088BADF5157D1C4604930791AB4B97
:1051B000A69912F1140F53F82150824604F1FF38DA
:1051C000C0F29982A649D31E81FB0301DB17C3EB12
:1051D000A10303930133A3EB8303DB00D3180693EE
:1051E000039B15EB0801A3EB08031AD401319FEDD3
:1051F000956BA79819441CAA0AE050F8234007EEC3
:10520000904A0133B8EEE77B8B42A2EC027B08D0D8
:10521000002BF2DAB0EE467B01338B42A2EC027B2C
:10522000F6D1002DC0F2C982049B1CAA02EBC30474
:105230006CAE4FEAC30C4046EF180AEBC301B8F15D
:10524000000F9FED807B09DB22465346B3EC025BE7
:1052500032ED026B8B42A5EE067BF7D10130B842EE
:10526000A6EC027B04F10804E9D108AF07EB850343
:105270009FED769B9FED778B043BDDF818B005938F
:105280000AEB0C0407EB85096CAE2946019594AB3B
:1052900003EBC103002913ED280B16DD06EBC10358
:1052A0003A4620EE097B33ED025BB0EE406BBDEE7B
:1052B000C77BB342B8EEC77BA7EE486BBDEEC66BAB
:1052C00037EE050BA2EC016AEBD158460291FEF7CE
:1052D000F1FAB0EE40ABB4EE000B2AEE000B00F09A
:1052E000A5FAB2EE007BA0EE47ABBDEECABBBBF1A8
:1052F000000FB8EECB7B02993AEE47AB74DD01F1BB
:10530000FF3ECBF1180357F82E2042FA03FC0CFAAB
:1053100003F3D21ACBF117001BEE103A42FA00F554
:105320006344002D47F82E200BEE103A64DCB5EEF6
:1053300040ABF1EE10FA40F0C480019B01F1FF3E5A
:1053400073450DDC4FEA810C07EB8103002053F815
:10535000042D4B4540EA0200F9D1002840F0F280CC
:10536000019B013B57F82330002B40F0E680059B62
:10537000012553F8042D0135002AFAD001F1010E60
:105380000D447046049B1944039B03EB0E0C0CF177
:10539000804CA79B0CF1FF3C03EB8C0C1CAB06EB89
:1053A000CE0E03EBC1019CED017AB8EEC77BB8F1DC
:1053B000000F81ED007B0CF1040C0A469FED216B80
:1053C00001F1080109DB534601E032ED027BB3EC49
:1053D000025BA342A5EE076BF7D10130A842AEEC09
:1053E000026BE0DD294652E740F09D804B1E57F8E6
:1053F0002350ED15002D9ADD1BEE103A002903F124
:1054000001030BEE103A40F38C813A68002A40F019
:10541000828001292DD03B46012053F8042F002A19
:105420007CD0431CC2F18072994247F820201FDDD6
:1054300057F8232007EB810C07EB83036FF07F40C5
:1054400011E000BF000000000000000000000000AC
:105450000000703E0000000000007041202E00207F
:10546000ABAAAA2A1A68821A43F8042B6345F9D119
:105470000122BBF1000F0DDDBBF1010F00F0338104
:10548000BBF1020F06D1481E57F82030C3F31503B5
:1054900047F82030022D7FF44AAFB7EE000B30EE14
:1054A0004AAB002A3FF443AF58460291FEF702FA96
:1054B0003AEE40ABB5EE40ABF1EE10FA02993FF494
:1054C0003CAF069CB0EE4A0B6042A8468B46019D5D
:1054D000FEF7F0F99FEDC16BB4EEC60BF1EE10FADA
:1054E000C0F247819FEDBF7B20EE077BBDEEC77BFF
:1054F0000BF10102B8EEC75BA5EE460BBDEEC00B8B
:10550000183410EE103A47F82B3017EE103A069484
:1055100047F822302AE00123002083E70130884247
:105520007FF47BAFA5E7B6EE007BB4EEC7ABF1EE40
:1055300010FA80F2E5800025F9E601F1010E7046CF
:1055400075461FE7069BA3F1180157F82E30069108
:10555000A8467246019D4BB9ACF104033B4453F895
:10556000040D013A18390028F9D006910698B7EED3
:10557000000B0192FEF79EF9019A002AC0F22181E8
:105580009FED986B02F1010C6CA907EB8C034FEABD
:10559000CC0E01EBCC0133ED017ABB42B8EEC77BF8
:1055A00027EE007B20EE060B21ED027BF3D19FED71
:1055B0008F4BAEF108036CA9CE18002444AF002D28
:1055C0009FED8C7B10DBB0EE446B8C4831460023A2
:1055D00003E09C4208DBB0EC026BB1EC025B0133F0
:1055E0009D42A5EE067BF4DA07EBC403944283EDFB
:1055F000007B4FEAC40104F10103A6F1080601D0C3
:105600001C46DCE7A69B022B1DDC002B00F38B80E5
:105610000FD19FED787BBE443EED026B774537EEB0
:10562000067BF9D143460BB1B1EE477B079B83ED77
:10563000007B1BEE103A03F007000DF5157DBDEC65
:10564000088BBDE8F08FA69B032BF2D1002A00F057
:10565000E38002F1005307EBC20030ED026BB0EEC5
:10566000475B874237EE067B36EE476B80ED007B6B
:1056700036EE056B80ED026BEFD1012A40F3CC8052
:10568000394491ED006BDA0046A907EBC30333ED13
:10569000027BB0EE465B994236EE076B37EE467BF7
:1056A00083ED006B37EE057B83ED027BEFD19FED41
:1056B000517B02F108033B4407F1100233ED026B0A
:1056C0009A4237EE067BF9D14346002B59D1D7E9F0
:1056D0000001D7E90223079C84ED047BC4E90001A3
:1056E000C4E90223A5E7481E57F82030C3F3160388
:1056F00047F82030CEE600216FF0170303916DE5E7
:105700001BEE103A002903F101030BEE103AC8BF5B
:1057100002253FF77AAEB7EE007B37EE4AAB0225A3
:1057200005E60022A5E69FED337B07EBCC0C3CEDB4
:10573000026B674537EE067BF9D1434697ED006B68
:105740008BBB079B002A83ED007B36EE477B0CDD8D
:1057500046A90123B1EC026B01339A4237EE067B76
:10576000F8DA43460BB1B1EE477B079B83ED027B32
:105770005FE7BDEEC00B5A4610EE103A47F82B30EB
:10578000F4E697ED005BB1EE477B97ED026BB1EE6F
:10579000455B079BB1EE466B83ED005B83ED026BCF
:1057A00083ED047B45E7079BB1EE475B002A83ED61
:1057B000005B36EE477BCBDCD5E7049B4FEAC30C9E
:1057C00053E5A69B022B1BDC002B21DC7FF431AFC1
:1057D0009FED087B26E700BFAFF3008000000000CC
:1057E00000007041000000000000703E000000401A
:1057F000FB21F93F0000000000000000D002002063
:10580000A69B032B7FF415AF9FED067B44AF5BE7B0
:105810009FED047B44AF90E79FED027B54E700BF10
:10582000AFF30080000000000000000010B582B05F
:105830008DED000B01990098C1F30A52A2F2FF33DB
:10584000132B844631DC002B21DB3A4A1A4101EA52
:10585000020404438E462DD09FED347B9DED006BFA
:1058600036EE077BB5EEC07BF1EE10FA09DD0029BC
:1058700004DA4FF4801141FA03F39E442EEA020148
:1058800000200B46024643EC102B02B010BD9FEDEA
:10589000277B30EE077BB5EEC07BF1EE10FAF0DD32
:1058A000002928DB00200146EBE7332B06DDB3F5AA
:1058B000806F1BD09DED000B02B010BDA2F2134211
:1058C0004FF0FF3E2EFA02F21042F3D09FED177B0D
:1058D0009DED006B36EE077BB5EEC07BF1EE10FA66
:1058E000CFDD002913DB2CEA0200CAE79DED007B27
:1058F00037EE070BE0E721F0004101430E4B002992
:105900004FF000000CBF4FF000411946B9E7142BCF
:1059100009D00124C3F1340304FA03F39C44604525
:1059200088BF0919DFE70131DDE700BF9C750088FA
:105930003CE4377EFFFF0F000000F0BF0A22002189
:1059400001F09EBC0A22002101F09ABC024B0146E4
:10595000186800F003B800BFE83A00202DE9F04FC6
:1059600001F10B06162E83B0044624D8102900F24C
:10597000BA8000F0A3FA102618220220B54F3A444C
:10598000A2F1080153688B4200F0BA805A68D968C6
:1059900022F003021A449D68E9608D60516841F06D
:1059A00001012046516003F1080500F08DFA2846F8
:1059B00003B0BDE8F08F36F0070600F19480B142E5
:1059C00000F2918000F07AFAB6F5FC7FC0F09A817F
:1059D000730A00F08F80042B00F26F81B30903F18A
:1059E000390003F1380CC3009A4F3B44A3F108057A
:1059F0005B689D4206D10CE0002980F22781DB68BC
:105A00009D4206D05A6822F00302911B0F29F3DD54
:105A100060463D69DFF850C265457CD06A6822F077
:105A20000302931B0F2B00F37B81002BC7E904CCEF
:105A300080F26C81B2F5007F80F01A81D30879681A
:105A400001334FEA521E012202FA0EF20A4357F8BE
:105A500033E0C5F808E007EBC3010839E9607A6074
:105A600047F83350CEF80C508310012199409142F1
:105A700057D8114206D120F003004900114200F12D
:105A80000400FAD007EBC0094D468646D5F80C80D5
:105A9000454508D11DE1002B80F22481D8F80C8007
:105AA000454500F01681D8F8042022F00302931B2C
:105AB0000F2BF0DD2046D8E9025408EB060146F032
:105AC0000106C8F80460EC60A56043F00104C7E972
:105AD0000411C1E902CC4C6048F8023000F0F4F93E
:105AE00008F1080502E00C2323600025284603B0D6
:105AF000BDE8F08F4FF4007340204FF03F0C73E788
:105B0000D3689A4208BF02307FF440AF3D69DFF8A6
:105B100058C1654582D17A6883100121994091422C
:105B2000A7D9BD686B6823F003094E4503D8A9EBDC
:105B300006030F2B7ADCDFF834B1474BDBF800208B
:105B40001B680132334405EB090A00F0338103F589
:105B500080530F3323F47F6828F00F084146204616
:105B600001F0BCFF411C024600F0F380824500F2C8
:105B7000EE803A4B196841441960084600F04E81A6
:105B8000DBF80010019301311BBFA2EB0A010918D9
:105B9000CBF80020196012F0070B00F01781CBF151
:105BA00008010A44CBF5805190440831A1EB08016B
:105BB000C1F30B0A51462046009201F08FFF421CB0
:105BC000DDE9002300F04F81801A00EB0A08196814
:105BD000BA6048F001005144BD425060196000F0C5
:105BE0002981B9F10F0F40F227816868A9F10C0CE7
:105BF0002CF0070C00F0010040EA0C0068604FF048
:105C0000050E05EB0C00BCF10F0FC0E901EE00F230
:105C1000328150681546124B1A688A4238BF1960A3
:105C2000104B1A688A4238BF196094E0AA1943F0F1
:105C3000010346F001066E602046BA60536000F032
:105C400043F90835284603B0BDE8F08FD9681A44F7
:105C5000A1E600BFCC360020C85600209856002090
:105C6000C0560020C4560020D4360020D43A00206C
:105C7000B2F5206F4FEA522363D3142B00F2B780A2
:105C800003F15C01C9005B3307EB010E7958AEF1FB
:105C9000080E8E4500F091804B6823F00303934279
:105CA00002D989688E45F7D1D1F80CE07A68C5E948
:105CB000021ECEF80850CD60D6E6142B59D9542BCD
:105CC00000F29D80330B03F16F0003F16E0CC300F3
:105CD0008AE60EF1010E1EF0030F05F108057FF4B0
:105CE000D5AE51E0424445465368D8F80C1043F015
:105CF0000103536055F8083F2046D9608B6000F0DF
:105D0000E3F8F3E6F00806F1080237E62A442046F5
:105D1000536843F001035360083500F0D5F8E5E619
:105D2000A919204646F0010643F001046E60C7E958
:105D30000411C1E902CC4C60AB5000F0C5F8083545
:105D4000D4E6930903F13901C90038339CE7BD4219
:105D50005FD0BD68686820F003084645A8EB0603DD
:105D600002D80F2B3FF762AF204600F0ADF80025B8
:105D7000BCE603F15C0003F15B0CC30034E659F8A8
:105D800008394B4540F0968010F0030F00F1FF30CA
:105D9000F5D17B6823EA01037B60490099423FF615
:105DA000C0AE19B9BDE649000EF1040E1942FAD091
:105DB000704667E603F11008D0E69A104FF001082C
:105DC0007B6808FA02F21A437A6070E702EB080176
:105DD0004942C1F30B0A51462046009201F07EFE73
:105DE000431CDDE900237FF4EFAEDA46EFE6542BE7
:105DF00025D8130B03F16F01C9006E3344E7B3F5E7
:105E0000AA7F25D8F30B03F1780003F1770CC300C8
:105E1000EAE5294B186840441860B1E6CAF30B0C58
:105E2000BCF1000F7FF4ACAEBD68C84448F001007F
:105E30006860F0E61546EEE60123536094E7B3F59B
:105E4000AA7F23D8D30B03F17801C90077331BE76E
:105E500040F25452934223D8B30C03F17D0003F176
:105E60007C0CC300C0E5ABF1080BD844A8EB0208DA
:105E70004FF0000AABE605F108012046009302F05E
:105E800073F9BD68009B68681968C4E640F2545114
:105E90008B420BD8930C03F17D01C9007C33F3E6F0
:105EA0004FF47E737F204FF07E0C9DE54FF47E71A2
:105EB0007E23E9E67B6870E798560020014801F0F0
:105EC00063BE00BF90560020014801F05FBE00BFD6
:105ED000905600202DE9F84F1746002900F09880D1
:105EE0000C4607F10B058046FFF7E8FF162D54F826
:105EF000041C5BD810252A46AF425CD821F003066B
:105F00009642A4F1080962DABC4BD3F808C009EB49
:105F10000600844500F09780D0F804C02CF00103FF
:105F200003445B68DB0768D42CF0030C06EB0C031E
:105F3000934247DACB0710D454F8083CA9EB030A84
:105F4000DAF8043023F003018C44B444944580F221
:105F500011817318934280F2E88039464046FFF77A
:105F6000FDFC0746E0B154F8043C23F001034B4428
:105F7000A0F10802934200F0D280321F242A00F2DE
:105F8000F580132A00F2AC8003462246116819609E
:105F90005168596092689A602146404602F0E4F8E0
:105FA0004046FFF791FF3846BDE8F88F25F007051A
:105FB000002D2A46A0DA0C23C8F800300027384606
:105FC000BDE8F88F1E46D0E90223D3609A60731BA8
:105FD0000F2B22D8D9F8043003F0010333434E4489
:105FE000C9F80430736843F00103736040462746E4
:105FF000FFF76AFF3846BDE8F88FC907ADD454F8FB
:10600000083CA9EB030ADAF8041021F00301A0E729
:10601000BDE8F84F1146FFF7A1BCD9F8042009EB01
:10602000050102F001024E4443F001032A43C9F87E
:1060300004204B60736843F00103083173604046ED
:1060400002F092F8D2E7DCF8040020F0030B06EB34
:106050000B0C05F1100084454DDAC9073FF57DAF03
:1060600054F8081CA9EB010ADAF8041021F0030126
:106070008B44B34458453FF76CAF5746DAF80C10E1
:1060800057F8080F321F242AC160886000F2DB80B5
:10609000132A40F2D6802168CAF808106168CAF84D
:1060A0000C101B2A00F2DF8008340AF1100221686C
:1060B000116061685160A16891600AEB0501ABEB6A
:1060C000050242F0010299604A60DAF8043003F0F8
:1060D00001032B434046CAF80430FFF7F5FE6EE794
:1060E00023680360636843601B2A68D804F10802D0
:1060F00000F108034AE709EB05029A60ACEB0503DF
:1061000043F00103536054F8043C03F001032B43B4
:10611000404644F8043CFFF7D7FE27464FE750F8C7
:10612000043C23F003031E4451E75746DAF80C10F1
:1061300057F8080F321F242AC16088604CD8132AF0
:1061400048D92168CAF808106168CAF80C101B2ADF
:1061500056D808340AF110021E462368136063689B
:106160005360A3689360D1463C4630E7214601F076
:10617000A1FA11E7D0E902135746CB60996057F8AE
:10618000081FDAF80C30CB60321F242A99602DD812
:10619000132A29D92368CAF808306368CAF80C3072
:1061A0001B2A42D808340AF1100322681A60626878
:1061B0005A60A2689A606646D1463C4607E7A368E3
:1061C0008360E368C360242A26D004F1100200F142
:1061D0001003DBE63A46BFE7214638461E46D14665
:1061E00001F068FA3C46F2E63B46DEE721463846D7
:1061F0006646D14601F05EFA3C46E8E6CC36002021
:10620000A168CAF81010E168CAF81410242A20D036
:1062100010340AF118029FE7236903616169416143
:1062200004F1180200F11803B0E6A368CAF81030B0
:10623000E368CAF81430242A21D010340AF1180374
:10624000B3E73A4633E72146384601F033FA164BB6
:1062500033E72269CAF818206269CAF81C2018348A
:106260000AF1200278E7A168CAF81010E168CAF8BC
:106270001410242A0DD010340AF1180217E72369EC
:10628000CAF818306369CAF81C3018340AF12003C0
:106290008BE72269CAF818206269CAF81C201834F2
:1062A0000AF1200203E700BFCC3600202DE9F04FB1
:1062B0002DED108B97B08A46002107921291002293
:1062C0000021CDE904128046514611910F4611F884
:1062D000012B2D2A5ED801A050F822F019470200A8
:1062E00031460200314602003146020031460200CA
:1062F00031460200314602003146020031460200BA
:1063000067450200674502006745020067450200D5
:106310006745020031460200314602003146020064
:106320003146020031460200314602003146020089
:106330003146020031460200314602003146020079
:106340003146020031460200314602003146020069
:106350003146020031460200314602006745020024
:106360003146020031460200314602003146020049
:106370003146020031460200314602003146020039
:106380003146020031460200534D02003146020000
:106390003F4D020000210991302A7DD0002308934F
:1063A0002F2A144640F2CD844FF0000938464E465D
:1063B0004D4612E00130082D1190C8BF09EB890944
:1063C0000478C6BF02EB4902A2F13009A3F13006FE
:1063D0002F2C05F1010522466FDD06EB8603392CD3
:1063E00002EB4303E6DD9F49012201F097FA002802
:1063F00037D1119B1A46013311935478002D40F088
:106400004385302C40F02485C3F1010298180133F4
:1064100011931C78302CF9D0A4F13103082B00F231
:106420000183119F431CA4F1300B0B930125BC4643
:106430004FF0000E06EB86060BEB460600200CF133
:10644000010311939CF80140A4F13001092900F2E5
:10645000BB8201308B46002940F04F84DDF844C0F8
:10646000EDE70020652CAE460B90844601D0452C0C
:1064700030D1002D6BD1089B034367D1079B9FED63
:10648000778B13B1079BC3F800A0B0EE480B17B091
:10649000BDEC108BBDE8F08F7A7802F0DF02582A4D
:1064A00000F00C84013711973A78302AFAD0002A8C
:1064B00000F0B7800123089372E76A49012201F0D6
:1064C0002DFA002800F0C080AE464FF0000CCDF849
:1064D0002CC060464FF0000B002D7ED007EE906A76
:1064E0000B9BB8EE677BABEB0303BEF1000F08BF5D
:1064F000AE46102D0A932B46A8BF1023092D8DED13
:10650000047B0CDD584A02EBC30212ED125B06EE6F
:10651000909AB8EE666BA7EE056B8DED046B0F2DB0
:1065200000F3A8800A9A002A00F0E4830A9A40F354
:106530003C83162A40F398840A99C5F125028A42C1
:1065400080F2A6840A9AEB1A134499E00025DDF83C
:1065500044A00AF1010311939AF801402B2C00F09A
:106560005E822D2C00F0F78100230A93A4F1300302
:10657000092B00F2EB81302C05D1119B01331193D3
:106580001C78302CFAD0A4F13103082BA2D8119A30
:106590000C92531C1193A4F1300B54782F2C07DC70
:1065A000DEE3013311934C782F2CA2F1300B06DD82
:1065B0000BEB8B02392C194604EB4202F1DD0C9AED
:1065C0009B1A082B40F3CC8344F61F6B0A9B002BCD
:1065D00082D0CBF1000B002D80D1089B034320D14A
:1065E000BCF1000F7FF44AAF692C00F0CF8300F3B9
:1065F000F382492C00F0CA834E2C7FF43FAF1B4935
:1066000011A802F0D3F900283FF438AF119B1B7892
:10661000282B00F0F2841648FDF7D4F9B0EE408B39
:1066200001E09FED0E8B079A0AB1119B1360099B45
:10663000002B3FF42AAFB1EE488BB0EE480B17B0F9
:10664000BDEC108BBDE8F08F119B0B905A1C119282
:106650005C78AE46F8E600BFAFF3008000000000B3
:10666000000000001C2B0020B00B00202C2B002071
:10667000A42700200A9AEB1A1344002B40F3B0829F
:1066800013F00F010AD0C34A02EBC1029DED046B67
:1066900092ED007B27EE067B8DED047B33F00F023D
:1066A00040F038820023089300962B467246394604
:1066B000404602F007FB8146002800F0E1820B9B78
:1066C000A3EB0B0B0A9B9FEDA9EB002B9FEDA9CB36
:1066D0009FEDAADB9FEDABBBB4BF5A4600224FF043
:1066E000000A23EAE3730B920C935446D9F8041082
:1066F000404602F065FA0646002800F00E81D9F8FF
:1067000010209DED048B0232920009F10C010C3037
:10671000FAF7CCFFB0EE480B14AA13A9404602F0DA
:106720008DFE1290002800F0E4800121404602F026
:1067300071FB0446002800F0F080139A002AC0F292
:10674000DE800B9B0C9F02EB030B089B149DD21A5F
:106750002A44914B013A9A42C5F1360580F298805D
:10676000991A1F29A5EB010500F3E380012202FA23
:1067700001F30D9300230E932F44089B5D44AB451A
:106780005A461F44A8BF2A46BA42A8BF3A46002A22
:1067900003DDAD1ABF1AABEB020B0B9B002B00F312
:1067A0008880002D00F39C800A9B002B00F3B780AB
:1067B000002F00F3A980BBF1000F08DD21465A46E7
:1067C000404602F063FC0446002800F0A6801299BF
:1067D0003246404602F0F4FC8246002800F09D80DC
:1067E0000023C568C360214602F0C8FC0028C0F23F
:1067F000C78300F061832146504602F089FEB0EE67
:10680000007BB4EEC70BF1EE10FA46D8002D00F075
:10681000CB80B7EE009B0598604B00226049DFF803
:1068200084C100EA0107674500F0D480089959B196
:10683000B7F1D46F08D8B4EECB9BF1EE10FA40F26A
:10684000568103F1D661CB1BB0EE480B43EC1A2BFB
:1068500002F060FDAAEE008B8DED048B18EE903AED
:10686000089A22B94E4A1A40974200F0E4801299E1
:10687000404602F0CBF93146404602F0C7F92146C6
:10688000404602F0C3F95146404602F0BFF92DE7F9
:1068900001230021CDE90D316EE7B6EE009B20EE1D
:1068A000099B002D5FD1B1EE497B059853EC172B66
:1068B000B4E721461A46404602F088FB044660B31E
:1068C0000146129A404602F0D3FA30B30F90129963
:1068D000404602F09BF90F9A1292002D7FF764AFA9
:1068E00012992A46404602F0D1FB129000287FF40C
:1068F0005BAF22239FED258BC8F80030BCE00C9BDA
:10690000DDF82CB09F1A20E731463A46404602F0A7
:10691000BDFB064600287FF44EAF1298E9E73146EA
:106920000C9A404602F052FB064600287FF440AF26
:10693000F3E7C2F17F4202F57F0202F57B420121BB
:10694000E23201FA02F3CDE90D1315E7CDF844A0C8
:106950004FF0000BC0E501230A930AF102031193E3
:106960009AF8024002E6B0EE497B9EE79535A09486
:10697000FFFFCF3F9535A094FFFFDF3F35E5AF35F3
:106980000000E03F0000C0FFFFFFDF41000000000B
:106990000000F07FB00B002002FCFFFF0000F03F82
:1069A0000000F07F0000E07FDDE90412002900F024
:1069B0008580DDE90412012900F0D8811046B74B2B
:1069C000B7EE009B002229E7652C4FF0010C3FF445
:1069D000BEAD4CE543EC1A2BA0F1547305939DED2D
:1069E00004FBB0EE4F0B02F095FCAD49AAEE00FBA4
:1069F0001FEE903AAB4A194091428DED04FB72D9DB
:106A0000A94B18EE902A9A4203D118EE103A01339E
:106A100083D0A54A4FF0FF33CDE9043227E70023A6
:106A20000A939AE7652C00F0D080452C00F0CD80C9
:106A30004FF0010CD1E551EC190B0D9307F090FBD1
:106A400007F060FB049B1D430D9B41EC170BC3F348
:106A500013031D4339EE479B00F0A080B4EECC9B9E
:106A6000F1EE10FA05D4B4EECD9BF1EE10FA7FF7FB
:106A7000FEAE9DED048B12980146404602F0C6F82A
:106A80003146404602F0C2F82146404602F0BEF8C8
:106A90004946404602F0BAF85146404602F0B6F880
:106AA000C1E501220992791C11917A78002A3FF4FC
:106AB000E5AC0F4670E400220992F4E7C2F3130339
:106AC0001046002B7FF47BAFB7EE007BB4EEC70B14
:106AD000F1EE10FA00F1D381B6EE009B20EE099B97
:106AE000B1EE497BE2E603F154730593B8E6BCEEE0
:106AF000C99B19EE103A012B38BF012309EE103A59
:106B0000B8EE499B002D40F03E81B1EE497B53EC3D
:106B1000172B96E6B2F59A7F00F3B280102A4FEA5F
:106B2000221340F38682614C9DED047B00202246B7
:106B3000014613F0010F01F101014FEA630304D094
:106B400092ED006B012027EE067B012B02F108027B
:106B5000EFD108B18DED047B059BA3F15473059330
:106B600004EBC1049DED046B94ED007B4C4B27EED0
:106B7000067B17EE902A4E4913408B428DED047B25
:106B80007ED8A1F580118B4240F2D681464C4FF061
:106B9000FF33CDE904340023089385E5B4EECE9BA2
:106BA000F1EE10FA7FF563AE63E71632FFF662ADE1
:106BB0000B9BA3EB0B0B3F4B03EBCB0393ED007B4A
:106BC0009DED046B86EE078B2DE54FF0000ECDF8A2
:106BD0002CE04FF0010C4EE46E2C3FF410AD4DE470
:106BE0003FF460AD5B4213F00F010AD0314A02EB73
:106BF000C1029DED046B92ED007B86EE077B8DED6F
:106C0000047B1B113FF44EAD1F2B33DC13F010023D
:106C100018BF6A229DED047B0892274A0021D807FD
:106C200004D592ED006B012127EE067B5B1002F18B
:106C30000802F4D109B18DED047B089B93B1DDE925
:106C40000401C1F30A52C2F16B03002B0ADD1F2BB2
:106C500040F32F820020342B049040F340824FF009
:106C60005C7305939DED047BB5EE407BF1EE10FA6D
:106C70007FF41AAD22239FED058BC8F80030D2E4D3
:106C800022239FED048BC8F80030CCE40000000004
:106C900000000000000000000000F07F0000F0BFD6
:106CA0000000F07FFFFF9F7CFFFFEF7F880B00203D
:106CB0000000A07CB00B0020001D00200293099B67
:106CC000019312AB0093A74A13AB11A9404601F000
:106CD000A3FB10F00F0504463FF4A3AC062D74D1BE
:106CE000079B9FED9A8B0137002B3FF4CEAB1F60C3
:106CF000FFF7CBBB9DED048B95E40B9BDDF844C007
:106D000003440B93012805F101031A4614D02844CB
:106D1000441E03E046009C420DD001332A46082A57
:106D20001D4606EB8600F5D9102BDCBF09EB89095F
:106D30004FEA4909EFE70232082D3CDC1546FFF720
:106D400079BB89490122384600F0E8FD002800F0AF
:106D500082804FF0000EF14676467546FFF7B5BBD0
:106D600044F61F639B45A8BF9B462FE4DDE904233F
:106D70001846002B7FF423AE22239FED748B1298CC
:106D8000C8F8003078E6B0EE497BC0E6774911A834
:106D900001F00CFE00283FF471AB119B7449013BDC
:106DA00011A8119301F002FE10B9119B0133119348
:106DB0009FED688B37E4102ADCBF09EB890901EBF2
:106DC000490915460020FFF73ABB129A3AB135211E
:106DD00014A802F0CFFB1299404601F017FF013DC5
:106DE000139B042D00F28F81DFE805F0032D2A1F8D
:106DF0000300149A049203F23342159B23F4801388
:106E000043EA02530593E50502D543F00043059399
:106E1000584A1A409DED048B002A7FF404AC00F020
:106E200085FE22230360FFF7FEBB4FF0FF336FF0B8
:106E30000046CDE90436E3057FF55CAF059BE4E74A
:106E40004C4B0593F7E7149B0493159B0593DAE7E6
:106E50000020FFF7E1BA119B1A46013311935478D1
:106E600006468146FFF7CDBA434B03EBC20393EDD1
:106E7000008B9DED047B28EE078BFFF7D4BBBEEEA5
:106E8000007BB6EE009B11E5AE460B90FFF7DCBA37
:106E9000394BC5F10F054A1B03EBC50503EBC203D4
:106EA00095ED008B93ED007B9DED046B28EE068B3A
:106EB00028EE078BFFF7B7BB002D00F09580DDE9CA
:106EC00004BC2E4BCCF313019942624600F0D280F1
:106ED0000E9B002B00F0A580DDE90412134217463B
:106EE0001AD0B0EE480B002D00F0A68002F012FA86
:106EF000089B7BB1C7F30A53C3F16B03002B09DD79
:106F00001B0503F17F51002001F5401141EC170BE7
:106F100020EE070B38EE008B089B5BB19FED0F7BDB
:106F2000144B28EE078B18EE902A134013B9222336
:106F3000C8F8003012989FE502F1547305930023BE
:106F40000893FFF7B1BB00BFAFF300800000000063
:106F500000000000000000000000F07F00000000C2
:106F600000005039F82D00201C2B0020202B002081
:106F7000242B00200000F07FB00B0020FFFF0F004B
:106F8000DDE904120D43C7D1C2F313031746002BEA
:106F9000C2D122F000431B0D1B05B3F1D66FBBD944
:106FA000DAF814301BB9DAF81030012BB4DD514691
:106FB0000122404602F06AF82146824602F0DEF8DD
:106FC0000028A9DD089B002B7ED1504B3B40A3F548
:106FD00080136FEA13536FEA035305934FF0FF33A7
:106FE00004939DED048B97E7DDE90412C2F31303CC
:106FF0000B4317467FF46CAFE4E7454911A814AA88
:1070000001F0F0FC05287FF406AB159B43F0FF432D
:1070100043F4E0030593149B04939DED048BFFF769
:1070200002BBDDE904010D9B03423FF475AF0F463F
:1070300057E7384C00218FE502F06CF9089B002BD4
:1070400055D0C7F30A53C3F16B03002B09DD1B05B1
:1070500003F17F5101F54011284641EC170B20EE5A
:10706000070B38EE408BB5EE408BF1EE10FA7FF453
:1070700055AF81E6089B04991BB3244B1340B3F131
:10708000D46F1ED81B0DC3F16B034FF0FF3000FA15
:1070900003F399427FF41CAF1F4B9A4230D01B4B35
:1070A000134003F580130593002304939DED048B97
:1070B00032E74FF0FF3202FA03F3049A1A400492C7
:1070C000D0E54FF0FF33E4E7104B3B40B3F1D66F10
:1070D0003FF77DAFB3F15C7F3FF720AF4CE6C2F1E5
:1070E0004B024FF0FF3393400B400593BAE538EE67
:1070F000408BB5EE408BF1EE10FA7FF41BAF3BE610
:107100000131CCD109E400237DE600BF0000F07F0F
:107110000C2E0020880B0020FFFFEF7F10B4054CE1
:10712000054B84460A4620685DF8044B6146FFF72C
:10713000BDB800BFE83A002060350020012B2DE9E2
:10714000F84F40D0242B98463DD84C4D8E4676467D
:107150001EF801BB15F80B4014F00804F7D1BBF181
:107160002D0F72D0BBF12B0F08BF9EF800B06FF04F
:10717000004908BF06F1020E002B42D0102B57D059
:10718000B9FBF8F700252E4608FB179A05E033D027
:1071900008FB06C601251EF801BBABF1300CBCF1A3
:1071A000090F06D9ABF1410CBCF1190F12D8ABF1A4
:1071B000370C634517DDB5F1FF3FECD0B742E6D29F
:1071C0004FF0FF35E7E700F0B1FC16230360002025
:1071D000BDE8F88FABF1610CBCF1190F03D8ABF12E
:1071E000570C6345E7DC6B1C27D08CB90AB1A5BBF3
:1071F00011603046BDE8F88FE245C9DA4FF0FF353F
:10720000C9E7BBF1300F05D04FF00A084346B7E796
:107210007642EBE79EF8003003F0DF03582B21D1D4
:107220004FF010089EF801B043460EF1020EA7E79A
:10723000BBF1300F1AD09846A2E72223036072B147
:107240000EF1FF314E461160D3E79EF800B04FF0CB
:10725000004906F1020E01248EE7B146F0E74E46E2
:107260003046C7E74FF00808434689E79EF80050CC
:1072700005F0DF05582DD3D0984681E7AD290020D1
:1072800010B4054C8446134620685DF8044B0A464A
:107290006146FFF753BF00BFE83A00202DE9F047F1
:1072A00007464C480E46354616F801EB10F80EC05E
:1072B0001CF0080CF7D1BEF12D0F5AD0BEF12B0FE8
:1072C00003BF96F800E06446AE1C64465BB1102B29
:1072D00054D04FF0FF38B8FBF3F803FB08FA6FEA1D
:1072E0000A0A994608E0BEF1300F5AD00A23DFF8A7
:1072F000E8804FF0050A99460025284605E02CD085
:1073000009FB00C0012516F801EBAEF1300CBCF111
:10731000090F06D9AEF1410CBCF1190F0BD8AEF133
:10732000370C634510DDB5F1FF3FECD04045E6D9A1
:107330004FF0FF35E7E7AEF1610CBCF1190F03D850
:10734000AEF1570C6345EEDC6B1C0BD004B1404230
:107350000AB165B91160BDE8F087D445D0DD4FF0C2
:10736000FF35D0E722233B602846002AF3D0711E68
:10737000F0E796F800E00124AE1CA7E7BEF1300F5D
:1073800021D1307800F0DF00582816D14FF01009D5
:1073900096F801E04FF00F0A02366FF070484B4646
:1073A000AAE7337803F0DF03582BEFD008234FF020
:1073B000070A6FF0604899469EE799466FF070485B
:1073C0004FF00F0A98E74FF00F0A6FF07048994698
:1073D00092E700BFAD2900209999991910B4054C86
:1073E0008446134620685DF8044B0A466146FFF761
:1073F00055BF00BFE83A002013460A460146022066
:1074000000F01EBEB7EEC00A002302F021B900BF93
:10741000024B1844407800F044007047AC2900202B
:10742000024A0349034800F0BBB800BFDC3A002021
:10743000D5940200503100200C4B4168994210B5A0
:10744000044601D003F0F8FEA168094B994202D02E
:10745000204603F0F1FEE168064B994204D0204635
:10746000BDE8104003F0E8BE10BD00BFCC560020C0
:10747000345700209C5700202DE9F8432A4C2B4B11
:107480002B48DFF8C090DFF8C0802A4F1860002535
:1074900004230822294604F15C00274E6566C4E9EE
:1074A0000253C4E90055C4E90455A56100F07EF912
:1074B000224B63670822294604F1C400C4E9074946
:1074C000C4E90987C4E91A55C4E91E55C4F8CC506B
:1074D0002567C4F88050E66200F068F9184BC4F8DC
:1074E000DC30294604F16803082204F59670C4F8DC
:1074F0008430C4E92298C4E92476C4E93455C4E947
:107500003855C4F83451C4F8D850C4F8E85000F0E5
:107510004DF904F1D003C4E93C98C4E93E76C4F8BF
:10752000EC30BDE8F88300BFCC56002004580020A2
:10753000BD56020029590200495902000900010004
:1075400012000200C5580200E958020010B50446B6
:107550000A4800F019FB636B23B9094B094A1B6801
:10756000626323B1BDE81040044800F00FBBFFF791
:1075700083FFBDE81040014800F008BB945600208E
:1075800004580020D5560200014800F0FDBA00BFA3
:1075900094560020014800F0F9BA00BF945600202C
:1075A0002DE9F84380460F4616464FF00009D6E90C
:1075B0000154013D11D4A389012B05F1FF3508D9F0
:1075C000B4F90E300133214603D04046B84749EAAA
:1075D00000096B1C04F16804EDD13668002EE6D179
:1075E0004846BDE8F88300BF0EB410B59DB06FF0FB
:1075F00000411FABCDE906010491094953F8042B62
:107600000290084C0868019302A9059402F072F8F0
:10761000029B00221A701DB0BDE8104003B07047F5
:10762000E83A00200802FFFF10B50C46B1F90E1031
:1076300000F03EFA002803DB236D0344236510BDF0
:10764000A38923F48053A38110BD00BF2DE9F0412D
:107650000C46B1F90C101F46CB05054616460BD457
:1076600021F48051A1813B46B4F90E1032462846E0
:10767000BDE8F04100F044BAB4F90E100223002234
:1076800000F000FAB4F90C10EAE700BF10B50C46A0
:10769000B1F90E1000F0F6F9A389421C0EBF23F4D5
:1076A000805343F480532065A38110BDB1F90E10BF
:1076B00000F0D6B988420DD98B1883420AD900EB65
:1076C000020CBAB1624613F801CD02F801CD99421D
:1076D000F9D170470F2A0ED8034602F1FF3C4AB198
:1076E0000CF1010C013B8C4411F8012B03F8012F24
:1076F0006145F9D1704740EA01039B0750D1A2F1DF
:10770000100370B501F1200C23F00F0501F1100EEC
:1077100000F11004AC441B095EF8105C44F8105CE6
:107720005EF80C5C44F80C5C5EF8085C44F8085C9D
:107730005EF8045C44F8045C0EF1100EE64504F1BA
:107740001004E9D1013312F00C0F01EB031102F028
:107750000F0400EB031327D0043C24F003064FEA88
:10776000940C1E441C1F8E465EF8045B44F8045FB4
:10777000B442F9D10CF1010402F0030203EB8403DB
:1077800001EB840102F1FF3C4AB10CF1010C013B19
:107790008C4411F8012B03F8012F6145F9D170BD1C
:1077A00002F1FF3C03469BE72246EBE7830730B537
:1077B00048D0541E002A3FD0CAB2034601E0013C23
:1077C0003AD303F8012B9D07F9D1032C2DD9CDB263
:1077D00045EA05250F2C45EA054536D9A4F11002E6
:1077E00022F00F0C03F1200EE6444FEA121C03F1C5
:1077F000100242E9045542E9025510327245F8D1AF
:107800000CF1010214F00C0F03EB021204F00F0C48
:1078100013D0ACF1040323F003030433134442F800
:10782000045B9342FBD10CF003042CB1C9B21C449D
:1078300003F8011B9C42FBD130BD64461346002C6B
:10784000F4D1F9E703461446BFE71A46A446E0E739
:1078500011F0FF01034644D0820732D110B504680D
:1078600041EA012E4EEA0E4E8EEA0402A2F10133E5
:1078700023EA0203A4F1013222EA0402134313F0C3
:10788000803F0FD150F8044F84EA0E0CA4F101336D
:10789000ACF1013223EA040322EA0C02134313F091
:1078A000803FEFD0037823B936E010F8013F002B7A
:1078B00032D09942F9D110BD8A4211D09A071846A8
:1078C000CCD0184613F8012B002AF5D1104670478A
:1078D0009907184607D0184601330278002AF7D1D5
:1078E00070478207F7D10268A2F1013323EA02034D
:1078F00013F0803F08D150F8042FA2F1013323EA9E
:10790000020313F0803FF6D00378002BE8D010F884
:10791000013F002BFBD17047184610BD002A3ED016
:1079200040EA01039B0730B584462FD1032A2DD9A5
:107930000B4608E0043A8446194625D01EF0803FE5
:1079400022D1032A22D90468194653F8045BA4F112
:10795000013EAC4284462EEA040E00F10400E9D058
:107960009CF800000C78A0421BD1E64668B11EF8D6
:10797000010F11F8014FA2EB0E03A04203F1FF33F8
:107980000FD11CEB0303F1D1002030BD9CF80000A7
:107990000C78844205D1012AF6D0E646E6E7104687
:1079A0007047001B30BD00BF40EA01039B0730B5A4
:1079B00001D1032A0FD8844601F1FF3E07E01EF8EB
:1079C000011F03F8011B541EC1B19C4622466346A9
:1079D000002AF4D130BD0B468446194653F8045BA7
:1079E000A5F1013424EA050414F0803FE4D1043AFF
:1079F000032A4CF8045B1946EFD8DDE79444002CC9
:107A0000E8D003F8011B6345FBD130BD41EA000318
:107A10009B0715D10B68A3F1013222EA030212F091
:107A2000803F0DD101F1040C40F8043B61465CF845
:107A3000043BA3F1013222EA030212F0803FF3D0AB
:107A4000034611F8012B184603F8012B002AF8D140
:107A5000704700BF014B93F8280170476035002044
:107A600038B5074D0022044608462A60FAF73CFB69
:107A7000431C00D038BD2B68002BFBD0236038BDE1
:107A80007C59002038B50C46084D844611462046E6
:107A90001A4600232B606446FAF732FB431C00D0E1
:107AA00038BD2B68002BFBD0236038BD7C590020EB
:107AB00038B50C46084D8446114620461A46002328
:107AC0002B606446FAF70EFB431C00D038BD2B68D0
:107AD000002BFBD0236038BD7C59002038B5074D02
:107AE0000022044608462A60FAF7E2FA431C00D056
:107AF00038BD2B68002BFBD0236038BD7C5900209B
:107B000038B50C46084D8446114620461A460023D7
:107B10002B606446F8F7EAFF431C00D038BD2B68A1
:107B2000002BFBD0236038BD7C590020014B186826
:107B3000704700BFE83A002070B50D4E0D4D761B22
:107B4000B61006D0002455F8043B01349847A642ED
:107B5000F9D1094E094D761B06F03CFBB61006D054
:107B6000002455F8043B01349847A642F9D170BD72
:107B7000981A0060981A0060381B0060981A00601C
:107B8000704700BF704700BF704700BF704700BF1D
:107B900000000000000000000000000000000000E5
:107BA00000000000A2EB0300704700BF02780B78D2
:107BB000012A28BF9A42F5D16DE9044540EA010443
:107BC000CDE902676FF0000C4FEA447212B380EA0D
:107BD000010414F0070F6AD100F0070420F0070039
:107BE00004F0030521F007014FEAC505F0E804237E
:107BF00014F0040FF1E804670CFA05F462EA0402D9
:107C000066EA04060AD063EA0403624667EA0407E8
:107C1000664603E0F0E80423F1E8046782FA4CF5D5
:107C200082EA0604A4FA8CF46CBB83FA4CF583EA6E
:107C30000705A5FA8CF595B950E9022351E90267C9
:107C400082FA4CF582EA0604A4FA8CF483FA4CF525
:107C500083EA0705A5FA8CF52543DBD09CB92DBA3C
:107C6000B5FA85F424F0070427FA04F1DDE9026788
:107C700023FA04F303F0FF0001F0FF01FDE80445DF
:107C8000A0EB0100704724BAB4FA84F424F007048E
:107C900026FA04F1DDE9026722FA04F202F0FF009D
:107CA00001F0FF01FDE80445A0EB0100704714F06E
:107CB000030F3CD110F0030428D150F8082B51F8E1
:107CC000083B82FA4CF582EA0305A5FA8CF55DB90A
:107CD00050F8042C51F8043C82FA4CF582EA030572
:107CE000A5FA8CF5002DE8D02DBAB5FA85F424F06C
:107CF000070423FA04F122FA04F202F0FF0001F073
:107D0000FF01FDE80445A0EB010070474FEAC40401
:107D100020F0030050F8082B21F0030151F8083B34
:107D20000CFA04F462EA040263EA0403C9E710F0FF
:107D300003041AD0A1EB040120F00300E40750F87B
:107D4000042B06D00FD28B785FFAA2F4E41A06D186
:107D50002BB1CB785FFAB2F4E41A00D11BB92046FC
:107D60005DF8104B704701F1040150F8042BCC076B
:107D700021F0030151F8043B48D824D222F07F447B
:107D800082FA4CF594EA1325A5FA8CF50AD165B967
:107D900051F8043B84EA0204B4EB036F0ED150F8AF
:107DA000042BEBE74FEA132355E035F07F454DD127
:107DB0000878FDE80445C0F1000070474FEA126200
:107DC00003F0FF0347E002EA1C4482FA4CF594EA10
:107DD0001345A5FA8CF50AD165B951F8043B84EA3C
:107DE0000204B4EB034F0CD150F8042BEBE74FEA3D
:107DF000134330E015EA1C4528D10B884FEA1242A4
:107E000029E04FEA124203EA1C4324E002F0FF0497
:107E100082FA4CF594EA1365A5FA8CF50AD165B996
:107E200051F8043B84EA0204B4EB032F09D150F863
:107E3000042BEBE74FEA13630DE015F0FF0F05D1BC
:107E40000B684FEA122223F07F4304E04FF000005A
:107E5000FDE80445704712BA1BBA82FA4CF482EA74
:107E60000304A4FA8CF5B5FA85F402FA04F203FAD5
:107E700004F34FEA1260FDE80445A0EB136070477D
:107E800080EA0102844612F0030F4FD111F0030F74
:107E900032D14DF8044D11F0040F51F8043B0BD0D2
:107EA000A3F101329A4312F0803F04BF4CF8043B27
:107EB00051F8043B16D100BF51F8044BA3F1013235
:107EC0009A4312F0803FA4F101320BD14CF8043BED
:107ED000A24312F0803F04BF51F8043B4CF8044B1E
:107EE000EAD023460CF8013B13F0FF0F4FEA33238F
:107EF000F8D15DF8044B704711F0010F06D011F86E
:107F0000012B0CF8012B002A08BF704711F0020F5B
:107F1000BFD031F8022B12F0FF0F16BF2CF8022B46
:107F20008CF8002012F47F4FB3D1704711F8012B69
:107F30000CF8012B002AF9D1704700BF00000000A7
:107F40000000000000000000000000000000000031
:107F50000000000000000000000000000000000021
:107F60000000000090F800F06DE9024520F00701E4
:107F70006FF0000C10F0070491F820F040F04980F9
:107F80004FF000046FF00700D1E9002391F840F0B2
:107F900000F1080082FA4CF2A4FA8CF283FA4CF356
:107FA000A2FA8CF34BBBD1E9022382FA4CF200F126
:107FB0000800A4FA8CF283FA4CF3A2FA8CF3E3B92A
:107FC000D1E9042382FA4CF200F10800A4FA8CF201
:107FD00083FA4CF3A2FA8CF37BB9D1E9062301F1C1
:107FE000200182FA4CF200F10800A4FA8CF283FA24
:107FF0004CF3A2FA8CF3002BC6D0002A04BF043045
:108000001A4612BAB2FA82F2FDE8024500EBD2003B
:108010007047D1E9002304F00305C4F100004FEAE2
:10802000C50514F0040F91F840F00CFA05F562EA6A
:1080300005021CBF63EA050362464FF00004A9E78E
:108040002DE9F047DFF87CA00646DAF800009846F4
:108050000F469146FFF798FD184B1C6824B36568DE
:108060001F2D24DC5EB96B1C0235DAF8000063605A
:1080700044F82570FFF78AFD0020BDE8F08704EB87
:1080800085010123C1F88890D4F88821AB401A43B8
:10809000022EC4F88821C1F80881E4D1D4F88C21DB
:1080A0001A43C4F88C21DEE7054C1C60D7E7DAF8E8
:1080B0000000FFF76BFD4FF0FF30DEE7F8540020C3
:1080C000FC54002054350020F8B5244F0C460646D9
:1080D000FDF7F4FEBB685D68C4F57E610F3125F0E5
:1080E00003054B1923F47F6323F00F03A3F580549A
:1080F000B4F5805F07DB00213046FFF7EFFCBB687B
:108100002B44984204D03046FDF7DEFE0020F8BD37
:1081100061423046FFF7E2FC01300DD0104ABB68E7
:108120002D1B45F001055D60136830461B1B136075
:10813000FDF7CAFE0120F8BD00213046FFF7CEFC56
:10814000BA68831A0F2BDEDD43F001035360054B41
:1081500003491B68C01A0860D5E700BFCC36002071
:1081600098560020D43A0020002961D0F8B50C467A
:108170000646FDF7A3FE54F8042C7B4FA4F1080536
:1081800022F0010105EB010CB868DCF80430604511
:1081900023F0030300F08B80D207CCF8043032D4F4
:1081A00054F8082CAD1A1144AA6807F1080082425D
:1081B0006AD00CEB0304D4F804E0EC68D4601EF041
:1081C000010FA26000F0978041F001036B60CCF8D2
:1081D0000010B1F5007F35D27868CB08012249093B
:1081E00001338A40024357F833107A6007EBC30229
:1081F000083AC5E9021247F83350CD603046BDE871
:10820000F840FDF761BE0CEB03025268D00710D4B2
:10821000194407F10800DCF80830834273D0DCF819
:108220000C20DA60936041F001036B606950D0E785
:10823000704741F00103B1F5007F44F8043CCCF8ED
:108240000010C9D3B1F5206F4FEA512348D28B09F2
:1082500003F1390003F13802C300F818FB5808385D
:10826000984259D05A6822F003028A4202D99B6888
:108270009842F7D1D868C5E902308560DD603046A4
:10828000BDE8F840FDF720BE0CEB03025268D207B0
:1082900063D40B44DCE90212CA60916043F001022E
:1082A0006A603046EB50BDE8F840FDF70DBE0B4468
:1082B000D10707D454F8082CAD1A1344D5E902129B
:1082C000CA60916043F001026A60284ABD6012688A
:1082D0009A4293D8264B30461968FFF7F5FE8DE792
:1082E000142B0AD9542B1FD80B0B03F16F0003F189
:1082F0006E02C300B1E719448DE703F15C0003F19E
:108300005B02C300A9E741F00103C7E90455C5E9D1
:1083100002006B60695071E779689210012404FAD9
:1083200002F20A437A60A6E7B3F5AA7F06D8CB0B20
:1083300003F1780003F17702C3008EE740F2545254
:10834000934206D88B0C03F17D0003F17C02C3003D
:1083500083E74FF47E737E227FE741F001036B6079
:10836000CCF800104AE700BFCC360020D83A0020F5
:10837000C85600202DE9F0410469B4EB611F2FDDE0
:1083800000F1140E4E1111F01F0C0EEB84050EEBD4
:1083900086032BD05EF8261004339D4221FA0CF19F
:1083A000CCF1200818D977461A6802FA08F20A4375
:1083B00047F8042B53F8041B9D4221FA0CF1F3D823
:1083C000A31B9B00053B9B0801330EEB83044EF877
:1083D0002310C9B1043417E0416174460029F9D172
:1083E0000023036100234361BDE8F0819D4288BF03
:1083F00000F11002F4D953F8041B42F8041F9D4207
:10840000F9D8A41B0EEB8404A4EB0E039B10744557
:108410000361E7D0BDE8F0812DE9F04F2DED028B2F
:108420000C688B46A17885B0302908EE100A924678
:10843000029340F0CE816FF00100001BE21C831814
:10844000144612F8011B3029F9D0DFF8008318F820
:108450000120002A00F0E5802278002718F8022089
:108460003D4626462AB116F8012F18F80220002AA8
:10847000F9D1B549019301223046FFF74FFA019B2C
:10848000814600284DD0002D4ED13278A94602F009
:10849000DF02502A354650D0CBF80060002F69D15A
:1084A0002B1B013B072B394604DD5B10072B01F129
:1084B0000101FADC18EE100A00F082FB8346002866
:1084C00000F0668200F11406AC42019680F0D28181
:1084D0000027CDF80C909C49A1463C460CE0202F8B
:1084E00019D0384604372A7818F8022002F00F0213
:1084F000824014434D4547D015F8012D2E2AEED168
:108500004D45ECD301222846FFF708FA8E49002892
:10851000F0D0202FE5D1002046F8044B0427044674
:10852000E1E7002D00F04281327802F0DF02AD1B5E
:10853000502A4FEA85093546AED16A782B2A00F0D9
:1085400025812D2A00F0A5806E1C002018F802104D
:108550004A1E182A00F29B80727818F802201039FF
:108560000136002A5AD100B149428944CBF8006053
:10857000002F95D0002B14BF00250625284605B0F6
:10858000BDEC028BBDE8F08FDDF80C90234646F879
:10859000043B1846019BF61AB610CBF8106000F0A9
:1085A000E9FB7601DAF80040301AA04275DCC0F22F
:1085B000EF800027DAF808304B45C0F25181DAF835
:1085C00004304B454ADDA3EB09094C4500F382809A
:1085D000DAF80C20022A00F06581032A00F081817C
:1085E000012A00F06F8118EE100A594600F00EFBC8
:1085F0005025109A00232846136005B0BDEC028B6D
:10860000BDE8F08F01EB810102EB4102A2F1100104
:1086100016F8012F18F80220002AA4D0192AF1DD3B
:10862000A1E74949019301222046FFF777F9019B11
:1086300000286DD1617818F80120651C002A69D0E6
:1086400030292C4605D114F8013F302BFBD018F807
:108650000320B2FA82F77F09012302E7012557B10F
:10866000DAF80C30022B5DD0032B5FD0012B00F029
:10867000848045F01005109BC3F800B0029B28468B
:10868000C3F8009005B0BDEC028BBDE8F08F2E461C
:1086900002E70120AA78AE1C58E7061B314658466F
:1086A00000F096FF074678B1721E53110199012719
:1086B00051F8231002F01F0307FA03F30B4203D013
:1086C000BA4200F3E280022731465846B144FFF730
:1086D00051FE6FE709F1FF35002F40F0CE80002DED
:1086E00040F0CD806B11019A05F01F0552F8232050
:1086F0000123AB4013424946584618BF47F00207D2
:10870000A4EB0904FFF736FE0225DAF80490A6E789
:108710002178254601F0DF01502900F0BF80CBF819
:10872000005027E7119BC3F101031193119B002B0C
:108730009FD0DBF81070DDF80480BA004346019248
:1087400008EB8700002107E01C2B002050280020A8
:10875000984243F8041C3FD91E4653F8042BB2F14B
:10876000FF3FF5D00132022D326000F0BF8014F0DF
:108770001F0440F0E78021257DE7BA077FF579AF38
:10878000019B1B681F43FB07D3D472E7002081E7DE
:10879000221A594618EE100AA9EB020900F076FCDD
:1087A00000F1140383460193002703E7727818F859
:1087B0000200711C002800F0A0800D4611F8012F66
:1087C00018F802000028F8D1751B4FEA85090E46FB
:1087D0005DE60234002338E6DBF808309F4280F281
:1087E0008E803B460BEB830201210133022DCBF837
:1087F000103051617AD09F42B9DA002B40F39B8050
:10880000DBF8142008EB83030BF1180083424FEAD6
:10881000520240F2B1804446016842EAC17244F813
:10882000042B50F8042B83424FEA5202F4D8A3EBF6
:108830000B03193B9B08013348F8232008EB830303
:10884000002A40F09D80A3EB080292104345CBF82C
:10885000102073D0DAF8083009F101094B458ADAA3
:1088600018EE100A594600F0D1F9109A002313604F
:10887000A32583E6019E002389E6012732E72946E6
:10888000584600F0A5FE07462CE7B11E584600F0FA
:108890009FFE00283FF417AF032715E74FF00009AC
:1088A00001274AE6119A002A7FF49DAE02990B60D7
:1088B000019B0122CBF810201A60109B6225C3F89F
:1088C00000B05BE64C457FF48EAE012CEED0611E0D
:1088D000584600F07DFE00283FF485AEDAF80430FB
:1088E000E4E7119A002A3FF47EAEDFE7DAF80030C1
:1088F000013BA34234D02225BDE60E46C7E5DBF896
:10890000041018EE100A013100F05AF90646C8B3F7
:10891000DBF8103002339A000BF10C010C30F8F741
:10892000C5FE594618EE100A00F070F906F1140859
:108930003369B34656E70023CBF810300023CBF859
:10894000143087E7019B4344C4F1200453F8040C1E
:1089500000F010FAA042BFF60EAFDBF810304CE783
:10896000631104F01F0458F823200123A34013428D
:108970000CBF222521257EE6C8F8002043466AB1B7
:10898000043360E7074B08483246842102F0D2FDE9
:10899000044B05485A46E42102F0CCFDCBF81020E8
:1089A000CCE700BFD8270020EC27002010B40468D3
:1089B00009E014F8013FA3F1410CBCF1190F98BF75
:1089C0002033934209D111F8012B002AF1D101344F
:1089D000046001205DF8044B704700205DF8044BF3
:1089E000704700BF2DE9F04F096885B04B1111F0B9
:1089F0001F01029002EB8303039140F08F801D1F43
:108A00000193029B01991C68002341F8043C6178A2
:108A10000134002900F09880DFF87491A846AC4634
:108A20009A461E460EE0202900F28C80564506DD4F
:108A3000C44501D2072B5BDD624551D3082314F8EE
:108A4000011FA1B119F801000028ECD00133082B57
:108A500006F101063ADCDCF80010090100F00F0015
:108A60000843CCF8000014F8011F0029EAD1002EB9
:108A70006AD0C44501D2072B74DD624552D2111F62
:108A8000634653F8040B41F8040FAB42F9D9A5EB48
:108A90000C0323F00303691C04330CF1010C614542
:108AA00038BF04231344002143F8041BAB42FBD915
:108AB000019B53F8043C2BB9AA4249D055F8043D18
:108AC000002BF9D0052005B0BDE8F08F6245B6D285
:108AD00000234CF8043C1946ACF1040C0123BDE71B
:108AE0000023ACF104084CF8043CB246C446A6E7A7
:108AF000C3F10801DCF800308900C1F1200E6046A6
:108B00009B46476807FA0EF343EA0B0327FA01FB7B
:108B1000036040F804BF4045F3D38DE7191D019170
:108B20001D466EE7039B002BC2D0039B0198C3F147
:108B300020014FF0FF33CB4050F8041C0B4040F8AD
:108B4000043CB8E7292909D0042005B0BDE8F08F1E
:108B5000012305202B6005B0BDE8F08F0299013498
:108B60000C6084E7DCF80010C3F108039B00C3F13C
:108B7000200764460846666806FA07F1014326FAAC
:108B800003F0216044F8040F4445F4D375E700BFB7
:108B90005028002082B049B15AB16BB113780B60F4
:108BA0001278101E18BF012002B0704701A9002AD8
:108BB000F3D1104602B070476FF00100F4E700BF38
:108BC000436C70B505460C464BB153F8240080B198
:108BD000026843F824200023C0E9033370BD21223A
:108BE000042102F0C7FC034668640028EDD1002090
:108BF00070BD012101FA04F6721D9200284602F0B0
:108C0000B9FC0028F3D0C0E90146E4E731B1436C78
:108C10004A6853F82200086043F82210704700BFEA
:108C20002DE9F0410E6980460F461D4601F1140EF4
:108C30000020DEF800108CB202FB0453090C4FEA4E
:108C4000134C02FB01CC01309CB204EB0C44864275
:108C50004EF8044B4FEA1C45EBDC3DB1BB68B34218
:108C600007DD07EB860301365D613E613846BDE8EE
:108C7000F081796840460131FFF7A2FF0446B0B1A8
:108C80003A69023207F10C0192000C30F8F70EFD40
:108C9000D8F844307A6853F82210396043F82270CB
:108CA000274607EB860301365D613E61DEE7034B35
:108CB00003482246BA2102F03DFC00BFD82700201D
:108CC000502900202DE9F8431746274A1E4608334D
:108CD0000C46092E82FB03124FEAE3730546C3EBF1
:108CE000620339DD4FF0010C00214FEA4C0C634563
:108CF00001F10101F9DC2846FFF762FF014668B384
:108D0000089B4361092F4FF00103036112DC0A3411
:108D10000927BE420BDDF21BA61814F8013B0A22FC
:108D2000303B2846FFF77CFFA6420146F5D10846B6
:108D3000BDE8F88304F10909C8463C4418F8013B32
:108D40000A22303B2846FFF76BFFA0450146F5D1CC
:108D5000A7F108044C44DCE70021CCE70A46034BAA
:108D60000348D32102F0E6FB398EE338D8270020F0
:108D700050290020030C1B04D3B90004102310F069
:108D80007F4F04BF0002083310F0704F04BF000192
:108D9000043310F0404F04BF80000233002805DB8D
:108DA00010F0804F03F1010308BF202318467047DD
:108DB0000023E4E7036813F0070208D0D9071FD4A3
:108DC0009A0722D55B08036001221046704799B2CA
:108DD00009B91B0C1022D9B209B908321B0A1907AC
:108DE00004BF1B090432990704BF9B080232D9074C
:108DF00003D45B0802F1010205D0036010467047FE
:108E00000022104670472022DFE79B080222036001
:108E10001046704738B5436C04460D464BB1586850
:108E2000B0B102685A6000220123C0E90435C26073
:108E300038BD2122042102F09DFB03466064002816
:108E4000EDD1094B0948002240F2451102F072FBB6
:108E50001C220121204602F08DFB0028F1D00122C6
:108E60000223C0E90123DEE7D82700205029002093
:108E70002DE9F04F0E691569AE4285B0884614465B
:108E800005DB2A46234635460C4616469846A36817
:108E90006168AF19BB42B8BF0131FFF791FE019085
:108EA000002800F08780019B03F1140909EB870A71
:108EB000D14505D24B46002243F8042B9A45FBD8F6
:108EC00008F1140808EB860B04F11403D8451A4680
:108ED00003EB85055FD22B1B153B23F00303043303
:108EE0001534A54238BF0423CDE902A7AC461F467E
:108EF000924605E0090C29D1C34509F1040948D976
:108F000058F8041B8DB2002DF4D056464C46002371
:108F100056F8041B22681FFA81FE90B2090C05FB6B
:108F20000E00120C034405FB012202EB13429BB21C
:108F300043EA0243B44544F8043B4FEA1243E7D8FE
:108F400049F8073058F8041C090CD5D0D9F800307E
:108F500050461A464C4600260588120C01FB052295
:108F600016449BB243EA064344F8043B50F8045BC2
:108F700022682D0C93B201FB053303EB16438445A5
:108F80004FEA1346E8D8C34549F8073009F1040908
:108F9000B6D8DDE902A7002F02DC05E0013F03D0CF
:108FA0005AF8043D002BF9D0019B18461F6105B00B
:108FB000BDE8F08F034B0448019A4FF4B17102F001
:108FC000B9FA00BFD82700205029002012F003036F
:108FD0002DE9F0411446064632D10D46A41020D0AA
:108FE000D6F84080B8F1000F33D0E3074FF0000708
:108FF00007D4641015D0D8F80000A8B18046E30764
:10900000F7D5424629463046FFF732FFB5B16968C9
:10901000736C641053F821202A6043F821500546F0
:10902000E9D12846BDE8F081424641463046FFF787
:109030001FFFC8F8000007608046E0E70546D8E754
:10904000013B0F4A52F823200023FFF7E9FD0546B4
:10905000C4E701213046FFF7B3FD804640B101234C
:1090600040F27122C0E90432002330640360BCE79F
:10907000044B0548424640F2451102F05BFA00BF3E
:10908000B02E0020D8270020502900202DE9F047DD
:109090000D4614462F69AB68496807EB62177E1CC2
:1090A0009E4280464FEA621904DD5B009E4201F158
:1090B0000101FADC4046FFF783FD8446002852D0C8
:1090C000B9F1000F00F114020EDD09F105014FEABC
:1090D000810E134600EB8101002043F8040B8B4204
:1090E000FBD1AEF114031A44296905F1140314F0FD
:1090F0001F0E03EB81012ED0CEF1200910464FF058
:10910000000A1C6804FA0EF444EA0A0440F8044B0E
:1091100053F8044B994224FA09FAF2D84B1B153B39
:1091200023F00303043305F11500814238BF042303
:10913000BAF1000F18BF374642F803A0D8F8443000
:109140006A68CCF8107053F822102960604643F822
:109150002250BDE8F087043A53F8040B42F8040F9C
:109160009942F9D8EAE7034B034862464FF4EF719E
:1091700002F0E0F9D8270020502900200B6984462E
:109180000069C01A16D10CF1140C14310CEB8302D7
:1091900010B401EB830301E0944508D252F8044D6A
:1091A00053F8041D8C42F7D005D24FF0FF305DF824
:1091B000044B7047704701205DF8044B704700BFB7
:1091C0002DE9F84F0F691369FF1A002F0E469046DC
:1091D0007FD101F11405143202EB830205EB830306
:1091E00001E09D4278D253F8041D52F8044DA1428B
:1091F000F7D069D37168FFF7E3FC8146002877D088
:109200003569D8F81020C76008F1140E06F1140073
:1092100009F1140A06F110010EEB820200EB85073A
:1092200056464FF0000C5EF8044B51F804BFA3B251
:109230001CFA8BFCACEB03034FEA144CCCEB1B4C3D
:109240000CEB234C9BB243EA0C43724546F8043BBB
:109250004FEA2C4CE7D8A2EB0801153908F11508A4
:10926000424521F0030404F1040438BF04242044DF
:1092700021F0030238BF002287425244544418D9D7
:109280002646014651F8043B1CFA83FC4FEA2C4267
:1092900002EB13421FFA8CFC4CEA02438F4246F861
:1092A000043B4FEA224CEDD8013F3F1A27F0030759
:1092B000E21923B952F8043D013D002BFAD0C9F858
:1092C00010504846BDE8F88F334601274646984679
:1092D00090E7F9DB00278DE70021FFF771FC81465D
:1092E00068B101220023C9E904234846BDE8F88F8C
:1092F000064B07484A4640F2452102F01BF9034B52
:1093000003484A4640F2372102F014F9D8270020DA
:109310005029002082B08DED000B164B019A1340AE
:10932000A3F15073002B06DD00221946104641ECD4
:10933000100B02B070475B42B3F1A07F4FEA23529B
:1093400009DA4FF40023134100221946104641EC7C
:10935000100B02B07047A2F114031E2BDABF4FF0BE
:109360000042DA40012200231946104641EC100B5E
:1093700002B070470000F07FF8B5046900F11406F0
:1093800006EB8404271F54F8045C2846FFF7F2FC20
:10939000C0F120030A280B601BDDBE420BD20B3844
:1093A00054F8081C2ED145F07F5343F440130A466D
:1093B00043EC102BF8BDB0F10B01F4D005FA01F12C
:1093C00041F07F53002143F440130A4643EC102B35
:1093D000F8BDC0F10B0C25FA0CF1BE4241F07F53F1
:1093E00038BF54F8081C00F1150034BF21FA0CF105
:1093F000002105FA00F0014343F440130A4643EC10
:10940000102BF8BDC0F1200C854021FA0CF345EA81
:109410000307A4F10805AE4201FA00F13CBF54F87D
:109420000C0C20FA0CF047F07F5338BF014343F493
:1094300040130A4643EC102BF8BD00BF2DE9F04362
:10944000884683B0012157EC106B1546FFF7B8FB37
:109450000446002851D0C7F30A59C7F31303B9F1E2
:10946000000F01D043F48013002E019318D101A8FE
:10947000FFF7A0FC019A6261012200F12003226142
:10948000B9F1000F25D0A9F2334909EB03022046B8
:10949000C3F13503C8F800202B6003B0BDE8F083AA
:1094A00068460096FFF786FC034610B3DDE900022C
:1094B000C3F1200102FA01F10143DA406161019236
:1094C000002AA26114BF022201222261B9F1000F19
:1094D000D9D1A3F23243C8F8003004EB82031869F3
:1094E000FFF748FCC0EB421320462B6003B0BDE8F9
:1094F000F083009A6261019AE2E7034B0348224637
:1095000040F20F3102F016F8D82700205029002031
:10951000F0B583B00E4669460746FFF72DFF01A957
:10952000304655EC104BB0EE407BFFF725FF33691A
:109530003A69D21ADDE900315B1A03EB4213002BC2
:1095400009DD17EE902A02EB035545EC174B87EE29
:10955000000B03B0F0BD10EE902A51EC100BC3EBE2
:10956000033302EB035141EC100B87EE000B03B009
:10957000F0BD00BF0139491101F1010C116902F17F
:10958000140303EB81018B4200EB8C0C17D210B556
:10959000A0F1040E53F8044B4EF8044F9942F9D849
:1095A0008A1AA2F1150323F00303043318448445F7
:1095B00004D9002340F8043B8445FBD810BD844502
:1095C00005D9002340F8043B8445FBD87047704719
:1095D00003694A11934200F1140009DA00EB830396
:1095E00002E053F8042DC2B98342FAD80020704734
:1095F00010DD11F01F010DD010B450F8224000EB27
:10960000820324FA01F28A4094420CD001205DF8D2
:10961000044B704700EB8203E6E70120704753F8E4
:10962000042D002AF2D18342F9D800205DF8044BC2
:10963000704700BF49B1FF2A02D80A700120704765
:109640008A2303604FF0FF3070470846704700BF21
:109650002DE9F0430E46264987B00F680446904630
:109660001D4653B305AA3346019203212246CDF885
:109670000080384602F04EF8059B326898428446D6
:10968000C2F10002294609D2101A1CF8013B01F868
:10969000013B059B634500EB0C02F6D8944224DDA8
:1096A000A21A0A44302301F8013B9142FBD1002366
:1096B0001370284607B0BDE8F083BA6C00F12303AD
:1096C0009A4201DDFD6CCDE700F12409F96C4A46B0
:1096D00038468DED020BFCF7FDFB05460028E8D06F
:1096E000C7E912909DED020BBCE70A46DFE700BF19
:1096F000E83A00202DE9F04F2DED088BD1B00C4653
:109700000BEE101A90460893834601F0BBFE0368E7
:1097100012931846FEF726FC20AF10900822002175
:109720003846FEF743F8A3891B0603D52369002BAF
:1097300000F0558700239FED838B9FED849BCDE93F
:109740002533CDE91333CDE9153327AA0E9324929F
:109750009246119304934446A1467E4BD3F8E450BD
:10976000FEF778F94A4603461CA900975846A847D1
:10977000002800F0B080C0F2A6801C9A252A03467B
:1097800001D09944E9E7B9EB0405064640F0A7800B
:1097900000234FF0FF328DF867309846069309F1A9
:1097A000010999F8003003922B25202609F10109BF
:1097B000A3F120025A2A00F2CF80DFE812F0E8027B
:1097C000CD00CD00E302CD00CD00CD006A00CD007C
:1097D000CD0005028402CD001002C902CD00BD02F9
:1097E0005B005B005B005B005B005B005B005B00A1
:1097F0005B00CD00CD00CD00CD00CD00CD00CD0073
:109800005301CD0083011A02530153015301CD00CE
:10981000CD00CD00CD001502CD00CD009602CD00CB
:10982000CD00CD00AB01CD00AA02CD00CD00E306F6
:10983000CD00CD00CD00CD00CD00CD00CD00CD00C0
:109840005301CD008301DE0153015301530177021F
:10985000DE017F00CD008902CD005F02E0062F020D
:109860007F00CD00AB017C00B806CD00CD00BD0669
:10987000CD007C00A3F13002002119F8013B01EB7F
:10988000810102EB4101A3F13002092AF5D90691C9
:109890008EE7584601F0F6FD436815931846FEF72B
:1098A00061FB1690584601F0EDFD83681393169BFB
:1098B000002B40F02D8699F8003077E799F80030BA
:1098C00048F0200872E7082200213846FDF76EFFB5
:1098D0000123994441E7B9EB0405064611D0269BC4
:1098E0002B442693259B0133072BCAE9004525937A
:1098F0001CDC0AF1080A049B2B440493002E7FF41D
:1099000047AF269B002B41F00B821BEE103AB3F9B8
:109910000C3013F0400F049B18BF4FF0FF3304933B
:10992000049851B0BDEC088BBDE8F08F1BEE101A07
:1099300024AA584602F0AAFD0028E6D10DF19C0A9F
:10994000D9E700BF0000000000000000FFFFFFFF9C
:10995000FFFFEF7F603500200B93002BD1D000215B
:10996000CDE90C118DF8DC3001238DF867100293DE
:109970000791059303910F9137AC18F002030993F7
:1099800002D0029B0233029318F084030A9305D19C
:10999000069B029A9D1A002D00F36983269A89B1CD
:1099A00025990DF1670001310132CAF8000007293D
:1099B0004FF0010026922591CAF8040000F3A2831B
:1099C0000AF1080A099B83B1259B1AA901330232C7
:1099D000CAF80010072B4FF0020126922593CAF80F
:1099E000041000F3A3830AF1080A0A9B802B00F0FD
:1099F0006C82039B05995D1A002D00F3A58218F473
:109A0000807F40F00D82059BCAF804301A44259BE4
:109A1000CAF800400133072B2692259300F31B83DD
:109A20000AF1080A18F0040F05D0069B02995C1A87
:109A3000002C00F38883049B069902988142ACBFF6
:109A40005B181B180493002A40F0B0820023259372
:109A5000079B1BB107995846FEF786FB0DF19C0A40
:109A60004C4679E60B93089B073323F00703B3ECCE
:109A7000028BB0EEC87BB4EE497BF1EE10FA08938E
:109A800040F3E984B5EEC08BF1EE10FA01F1598094
:109A90009DF86710AB4CAC4B28F080080B9A472A16
:109AA000C8BF1C460023CDE90C3303220793029262
:109AB000059203930F9300293FF45FAF029B01339C
:109AC00002935AE7432B0B9303D018F0100F00F0CA
:109AD0005D85089D0822002122A837ACFDF766FEAF
:109AE00022AB55F8042B2146584602F089FC034668
:109AF0000133059001F0EE82059B089523EAE3739C
:109B000002930021CDE90C118DF8671007910391A4
:109B10000F9132E70B93089B1A4600238DF86730AC
:109B2000134653F8044B0893002C00F048850B9B18
:109B3000532B00F0EC8618F010030C9340F0E786EE
:109B4000039B5D1C01F0E5800C991A46204601F04C
:109B5000A1FC0790002801F02883079B1A1B05929F
:109B60000C9B039322EAE2720F930D9307937323E6
:109B70009DF8671002920B939DE718F0200F0B934E
:109B8000089B3DD0073323F007031A4611465B6854
:109B900051F8082B08911946002BC0F20C84039B46
:109BA000013300F09E8228F0800052EA0103029007
:109BB00040F09982039B002B40F09A82804600235C
:109BC0000393059350AC06E1089B53F8042B0692CF
:109BD000002A80F21984069A08935242069299F854
:109BE000003048F00408E1E599F8003048F0080832
:109BF000DCE548F0100818F0200F0B93089BC1D14A
:109C000018F0100F40F00B8418F0400F00F00384A0
:109C100033F9042B0893D1170B46BDE7089B48F096
:109C20000202029253F8042B089347F63003ADF872
:109C300068307820454B1193002102230B900020BF
:109C4000039C8DF86700601C00F0AD80029820F046
:109C5000800852EA010040F0A480002C40F0AE865B
:109C6000002BACD1029B13F00103059300F0D183CC
:109C700030238DF83F310DF23F14ACE018F0200F87
:109C800040F0D48318F0100F40F09F8618F0400F7A
:109C900040F0978718F4007F00F09786089B04999E
:109CA00053F8042B089311704C4655E599F8003091
:109CB000682B03BF99F8013048F4007809F10109D5
:109CC00048F0400872E599F800308DF867506DE56E
:109CD00099F800306C2B03BF99F8013048F0200848
:109CE00009F1010948F0100860E50B9348F01008ED
:109CF00018F0200100F05183089B073323F007037D
:109D0000596853F8082B089328F4806302930023C2
:109D100095E70B9348F010030293029B13F0200188
:109D200000F02983089B073323F00703596853F891
:109D3000082B0893012382E799F8003048F0800847
:109D400034E500BF302B002074250020C41D002006
:109D5000494611F8013B2A2B01F04982A3F1300258
:109D6000092A894698BF002101F2448119F8013B74
:109D700001EB810102EB4101A3F13002092AF5D97F
:109D8000039115E599F8003048F001080EE59DF8BB
:109D90006730002B7FF48FAD99F800308DF8676045
:109DA00004E5CDF80880012B00F09D81022B50AC1A
:109DB00020D1119802F00F031209C35C04F8013D91
:109DC00042EA0172090952EA0103F3D150AB1B1BAD
:109DD000DDF808800593059A03989DF86710824284
:109DE0004FF00003B8BF0246CDE90C33079302924F
:109DF0000F9360E602F00703D20842EA4172C908F5
:109E0000303352EA0105204604F8013DF2D1029AAE
:109E1000D10700F14D8250AB1B1B90460593DAE74A
:109E20000B9B652B40F3D480B5EE408BF1EE10FA1E
:109E300040F0C181259BBA49CAF8001001330132B4
:109E40000121072B26922593CAF8041000F35185AF
:109E50000AF1080A1B9B0E998B4280F2D082109B5C
:109E600012991A44CAE90013259B26920133072B45
:109E7000259300F397830AF1080A0E9B5C1E002CC1
:109E80007FF7D0AD102C259B40F36E851BEE106A3A
:109E9000102505E00AF1080A103C102C40F36485F7
:109EA0000133A0491032072BCAE90015CDE925324C
:109EB000F0DD24AA3146584602F0E8FA00287ED1A7
:109EC000DDE925320DF19C0AE6E7069B02995D1A51
:109ED000002D7FF78EAD102D259B21DD09941026D6
:109EE0001BEE104A04E0103D102D0AF1080A16DDA1
:109EF00001338C491032072BCAE90016CDE925320F
:109F0000F1DD24AA214658460DF19C0A02F0BEFA62
:109F1000002854D1103D102DDDE92532E8DC099CE4
:109F20008049CAF8045001332A44072BCDE9253271
:109F3000CAF8001000F32685039B05995D1A002DD1
:109F40000AF1080A7FF75BAD102D259B1FDD5146F6
:109F500010261BEE10AA04E0103D102D01F108019F
:109F600014DD01336F481032072BC1E90006CDE93B
:109F70002532F1DD24AA5146584602F087FAF0B99D
:109F8000103D102DDDE9253227A9EADC8A46013390
:109F90006449CAF804502A44072BCDE92532CAF88F
:109FA000001000F3DA810AF1080A28E51BEE101A06
:109FB00024AA584602F06AFA00283FF447AD079BEE
:109FC000002B3FF4A2AC07995846FEF7CDF89CE46D
:109FD0000E9B012B40F37A81259BCAF80040013388
:109FE00001320121072B26922593CAF8041000F3B1
:109FF000F8810AF1080A1099129801330A44072BD4
:10A00000CAE90001CDE9253200F3DD810AF1080A31
:10A01000B5EE408BF1EE10FA00F077810E99013326
:10A02000013901340A44072BCAF800402593CAF8C5
:10A030000410269200F35B810AF1080A1499CAF809
:10A04000041001330A44072B1EA9CDE92532CAF8B2
:10A0500000107FF7E5AC1BEE101A24AA584602F058
:10A0600015FA0028ABD1269A0DF19C0ADAE4102DDE
:10A07000DDE925122C4E24DD179410231BEE104A27
:10A08000084604E0103D102D0AF1080A17DD0130E2
:10A0900010320728CAE90063CDE92502F2DD24AABF
:10A0A000214658460DF19C0A02F0F0F9002886D1AD
:10A0B000103D102DDDE925024FF01003E7DC179C61
:10A0C000014601312A440729CDE92512CAF800606A
:10A0D000CAF8045000F3BD839DF867100AF1080A1E
:10A0E0005DE4CDF808800A2A71F1000380F0458311
:10A0F00030320123DDF808808DF83F2105930DF201
:10A100003F1468E61BEE101A24AA584602F0BEF966
:10A1100000287FF454AF269A0DF19C0A52E400BF48
:10A12000F42D00202C310020542B00201BEE101A9F
:10A1300024AA584602F0AAF900287FF440AF269AD4
:10A140000DF19C0A51E4102C259BBE4E1FDD1BEE29
:10A15000108A102504E0103C102C0AF1080A16DDC4
:10A1600001331032072BCAE90065CDE92532F2DD53
:10A1700024AA414658460DF19C0A02F087F90028AE
:10A180007FF41DAF103C102CDDE92532E8DC0133F3
:10A190002244072BCAE90064CDE925327FF74BAC96
:10A1A0001BEE101A24AA584602F070F900287FF41A
:10A1B00006AF269A3FE41B99002940F35A830C9E70
:10A1C0000E9B9E42A8BF1E46002E0BDD259B013331
:10A1D0003244072BCAE900462692259300F389866C
:10A1E0000AF1080A0C9D002EA8BFAD1B002D00F33C
:10A1F00003820C9B18F4806F2344059340F01F8268
:10A200001B9B0E998B4203DB18F0010F00F0CF84EB
:10A21000109912980A44CAE9000125992692013141
:10A220000729259100F3A5860AF1080A0E996518F9
:10A23000CC1A059BED1AA542A8BF2546002D0DDDC1
:10A24000CAF80030259BCAF8045001332A44072B72
:10A250002692259300F3BB860AF1080A002DA8BFB9
:10A26000641B002C7FF7DEAB102C259B40F37C8316
:10A270001BEE106A102505E00AF1080A103C102CAC
:10A2800040F37283013370491032072BCAE900157D
:10A29000CDE92532F0DD24AA3146584602F0F6F821
:10A2A00000287FF48CAEDDE925320DF19C0AE5E74C
:10A2B000302B3FF48BAD3023023804F8013C50AB17
:10A2C0001B1ADDF808800593044684E518F0010F99
:10A2D0007FF482AE259BCAF8004001330132012190
:10A2E000072B26922593CAF804107FF7A5AE1BEE24
:10A2F000101A24AA584602F0C9F800287FF45FAE6D
:10A30000DDE925320DF19C0A98E60E994C1E002CD1
:10A310007FF794AE102C40F361831BEE106A10257A
:10A3200005E00AF1080A103C102C40F35783013372
:10A3300045491032072BCAE90015CDE92532F0DD79
:10A3400024AA3146584602F0A1F800287FF437AE1F
:10A35000DDE925320DF19C0AE5E71BEE101A24AA6F
:10A36000584602F093F800287FF429AE269A0DF1A2
:10A370009C0AFFF744BB029B13F0100340F0C1801E
:10A38000029A12F0400200F07A83089850F8042BE9
:10A390000890194692B2012351E418F0100355D1E8
:10A3A00018F0400200F05D83089850F8042B0890E4
:10A3B000194692B2A8E4524261EB4101CDF80880FF
:10A3C0002D2001233CE41BEE101A24AA584602F06B
:10A3D0005DF800287FF4F3ADDDE925320DF19C0A2C
:10A3E00016E61BEE101A24AA584602F04FF8002871
:10A3F0007FF4E5ADDDE925320DF19C0AFBE518F0AF
:10A40000010F3FF40FAB2AE5089399F80030FFF7EE
:10A41000CDB950ACDFE418F4007F40F0DB8353F893
:10A42000042B0893D1170B46FFF7B6BB089B049883
:10A4300053F8041B0893C217C1E900024C46FFF70A
:10A440008BB900BF542B00202C310020089B53F8FF
:10A45000042B089358E4B4EE488BF1EE10FA80F127
:10A4600094860B9B612B00F05285412B00F0C08538
:10A47000039B01330B9B23F0200500F08084472DC4
:10A4800004D1039B002B08BF0123039318EE903ADD
:10A49000002B48F480724646C0F21886B0EE48ABF6
:10A4A00000239046099307930B9B413B252B00F219
:10A4B0009883DFE813F06F0496039603960368040D
:10A4C0006C049603960396039603960396039603ED
:10A4D00096039603960396039603960396039603B4
:10A4E00096039603960396039603960396039603A4
:10A4F00096039603960396039603960396036804C1
:10A500006C04089B53F8042B08930123FFF797BBB7
:10A51000139B002B3FF4CFA9139B1B78002B3FF418
:10A52000CAA999F8003048F48068FFF73FB90B9347
:10A53000CDF80880FFF7F1BB0B939A4B119318F0FD
:10A54000200100F00581089B073323F007035968B9
:10A5500053F8082B089318F0010F0AD052EA0103B0
:10A5600007D00B9B8DF86930302348F002088DF836
:10A57000683028F4806302930223FFF760BB0B93DB
:10A58000FFF7B6BB0B93884B1193D8E7089B0121CB
:10A5900053F8042B02918DF8DC200893059137AC19
:10A5A000FFF7AFBA1BEE101A24AA584601F06EFF4F
:10A5B00000287FF404AD269A0DF19C0A5DE4039B0C
:10A5C0000794062B224628BF062303942146CDE993
:10A5D0000C22764C029305930F92FFF76CBA402140
:10A5E0005846FBF7BBF920602061002800F00F8679
:10A5F00040236361FFF79EB8102D259B40F35D82D9
:10A60000514610261BEE10AA04E00831103D102D13
:10A6100040F35282013366481032072BC1E900062D
:10A62000CDE92532F1DD24AA5146584601F02EFF2E
:10A6300000287FF4C4ACDDE9253227A9E6E70E9BAC
:10A64000CDF82490E31803930D9BCDF82880139E3A
:10A65000059DDDF85890DDF83C800B941BEE101A38
:10A660005046002B34D0B8F1000F35D10D9B013B83
:10A67000013E0D93159BC0E90039259B01334A44E7
:10A68000072B269225936CDC0830039B96F800C0BC
:10A690005B1B6345A8BF6346002B9A460CDD259CD7
:10A6A00001341A44072CC0E900532692259400F384
:10A6B000778196F800C00830BAF1000FACBFACEB60
:10A6C0000A046446002C0ADC65440D9B002BCAD1A9
:10A6D000B8F1000F00F0AC8308F1FF38CAE7102C86
:10A6E000DDF894C024DD05954FF0100A63460D4651
:10A6F00004E0103C102C00F1080016DD01332C4959
:10A700001032072BC0E9001ACDE92532F1DD24AA69
:10A710002946584601F0BAFE00287FF450AC103CA0
:10A72000102CDDE9253227A8E8DC2946059D9C464A
:10A730000CF1010322444460072B1D4C0460CDE959
:10A74000253200F3C68396F800C008306544BCE7A4
:10A7500018F0100300F0C280089B53F8042B0893F4
:10A76000F9E624AA5846059101F090FE00287FF4EE
:10A7700026AC269A059927A887E70298CDF81CA051
:10A7800050AC00F4806000250AEE10BA094BDDF8E9
:10A790004CA0CDF81490A3464FF00508AC460446F3
:10A7A00010E000BFC41D0020382B00204C2B0020DF
:10A7B0002C310020CDCCCCCC0A2A71F1000136D34B
:10A7C0004A463146501840F10000A3FB005626F0DF
:10A7D000030505EB9605401B151A4FF0CC3661F1C9
:10A7E000000E06FB05F6A5FB039503FB0E6609F0BC
:10A7F000010E2E44AEFB085E2D184FEA5909303584
:10A800000BF8015C49EAC6790CF1010C0BF1FF3B36
:10A810007608002CD0D09AF800008445CCD1BCF149
:10A82000FF0FC9D00A2A71F1000180F08F815C46C8
:10A8300050AB1B1BDDF81490CDF84CA01AEE10BAEB
:10A84000DDF81CA0DDF80880CDF838C00593FFF7CF
:10A85000C2BA1BEE101A24AA584601F017FE0028AF
:10A860007FF4ADAB9DF86710269A0DF19C0AFFF7B7
:10A8700096B8259BBE48CAF800000133013201207A
:10A88000072B26922593CAF8040000F377810AF17A
:10A89000080A002940F0AF800E9908F001030B432D
:10A8A0003FF4C0A8109B12991A44CAE90013259BD3
:10A8B00026920133072B259300F352820AF1080AEE
:10A8C0000E99CAF8004001330A44072BCDE925321E
:10A8D000CAF804107FF7A4A8FFF7BDBB18F0400228
:10A8E00000F0DD80089850F8042B0890194692B2C9
:10A8F00031E61BEE101A24AA584601F0C7FD0028C5
:10A900007FF45DAB269A0DF19C0AFFF7A3BA22AE45
:10A910000822002130461D94FCF748FF039B5A1C77
:10A9200000F0DB800025CDF80890CDF81C8099461A
:10A93000A8460CE037A9584601F062FD431C40448C
:10A9400000F0C883484508DC00F0188480461D9A52
:10A95000525933460435002AECD1CDF81480DDF885
:10A960000890DDF81C80C5E001338249CAF8044034
:10A970002244072BCAF80010CDE925327FF750A8F2
:10A98000FFF769BB1BEE101A24AA584601F07EFDA2
:10A9900000287FF414AB269A0DF19C0AFFF729B822
:10A9A00024AA5846059101F071FD00287FF407ABF9
:10A9B00096F800C0269A059927A87DE6012BCDF8C8
:10A9C00008807FF4F3A9FFF793BB089B049953F821
:10A9D000042B4C4611600893FEF7BEBE0133654957
:10A9E000CAF804402244072BCDE92532CAF80010EA
:10A9F0007FF722AB7BE4109B12981A44CAE900034C
:10AA0000259B26920133072B259300F3A9810AF198
:10AA1000080A0029BFF654AF4D42103180F20F836F
:10AA20001BEE101A102605E00AF1080A103D102D41
:10AA300040F3058301334F481032072BCAE9000663
:10AA4000CDE92532F0DD24AA5846039101F01EFD20
:10AA500000287FF4B4AADDE9253203990DF19C0AA0
:10AA6000E4E7089B18F400711ABF114653F8042B51
:10AA700053F8042B089318BFD2B2FFF745B9029BD5
:10AA800013F40071089B1ABF114653F8042B53F8B6
:10AA9000042B089318BFD2B20123FFF7D0B8089B4C
:10AAA00018F400711ABF114653F8042B53F8042B05
:10AAB000089318BFD2B24EE58A4601332D49CAF831
:10AAC00004502A44072BCDE92532CAF8001000F3C0
:10AAD00039810AF1080AFFF78CBB0023194600965A
:10AAE0001DAA584601F0B2FC03460133059000F060
:10AAF000F1821D94059B002B4ED0632B00F318812F
:10AB00000023079337AC082200213046FCF74EFEA5
:10AB1000059D00962B461DAA2146584601F096FC3D
:10AB2000854240F07C83059A0023A35422EAE27216
:10AB3000CDE90C339DF86710039302920F93FEF753
:10AB4000BABF2D218DF86710FEF7A4BF169B15998B
:10AB5000ABEB030B1A465846FCF726FF9AF8012088
:10AB6000054B0AB10AF1010A4FF0000C28E600BFBC
:10AB7000F42D00202C310020CDCCCCCC1BEE101AB3
:10AB800024AA584601F082FC00287FF418AA1B99D9
:10AB9000269A0DF19C0A7CE6059B9DF867100F93A1
:10ABA000CDE90233CDE90C330793FEF784BF0E994C
:10ABB000059865182D1ACC1AA542A8BF2546FFF79F
:10ABC0004DBB089B049953F8042B089311804C4605
:10ABD000FEF7C2BD13F9042B0893D1170B46FEF7FD
:10ABE000DBBF039A022122AB01931DAB00935846B1
:10ABF0001BABB0EE4A0B029200F08CFD472D029A7F
:10AC0000044600F06181462D104405D12378302B95
:10AC100000F06F821B9A1044B5EE40ABF1EE10FAD3
:10AC200040F0468103461B1B0E93472D00F0108118
:10AC3000462D00F0B5811B9B0C930C9B412D03F11D
:10AC4000FF331B9300F0E5819DF82C200021002BA1
:10AC5000B8BF0C9B8DF87820BABFC3F101032D2239
:10AC60002B22092B8DF8792040F3DA810DF18F0525
:10AC7000DFF81CC42A4610468CFB0321DA17C2EB0E
:10AC8000A10202EB8201A3EB4101303100F8011C6B
:10AC900019466329134600F1FF32ECDC3033D9B298
:10ACA000831E9D4202F8011C40F28B8213460DF177
:10ACB0007A0201E013F8011B02F8011B9D42F9D151
:10ACC0000DF191030DF17A021B1A13441EAA9B1A6F
:10ACD00014930E9B149A012B1A44059240F303829D
:10ACE000059B109A1344059326F48063059A43F458
:10ACF00080780023CDE90C3322EAE2720F930292AE
:10AD0000099B002B40F0B1809DF867100393FEF77C
:10AD1000D2BE2046FDF726F902460590FEF720BF79
:10AD20001BEE101A24AA584601F0B0FBFEF7EDBD49
:10AD3000591C5846FAF712FE0446002800F0CA8152
:10AD40000790E0E61BEE101A24AA584601F09EFB7D
:10AD500000287FF434A9269A0DF19C0AFFF749BA1E
:10AD60001BEE101A24AA584601F090FB00287FF42D
:10AD700026A9DDE925321B990DF19C0A49E6062337
:10AD80000393FFF783BB039B02215A1C2BE7039A13
:10AD9000032128E71BA8B0EE4A0BF8F7BBFCB4EE82
:10ADA000007B20EE070BB5EE400BF1EE10FA01D15F
:10ADB00001231B93B348039BB3EE005B013B224688
:10ADC00004E0B5EE400BF1EE10FA13D020EE050BC7
:10ADD000FDEEC07BB3F1FF3F17EE901A415CB8EE79
:10ADE000E76B944630EE460B02F8011B194603F15F
:10ADF000FF33E6D1B6EE006BB4EEC60BF1EE10FAFF
:10AE000000F34881B4EE460BF1EE10FA04D117EED0
:10AE1000903ADB0700F13E81002906DB4B1C13440E
:10AE2000302102F8011B9342FBD1131B0E93FCE669
:10AE30000B9C0E9BDDF82490DDF828801396E31818
:10AE40009D42294628BF194682460591FFF7D8B989
:10AE50001B9B0C93DA1C02DB039A93420CDD0B9BC9
:10AE6000023B0B9323F02005E7E62D2100238DF80C
:10AE700067100393FEF722BE0C9B0E9A9342C0F21A
:10AE8000BD80F0070C9B40F13281109A134405936A
:10AE9000710503D50C9B002B00F33581059B23EA3C
:10AEA000E373029367230B9300230F930D9327E71C
:10AEB000229B8342BFF4B7AE30215A1C22921970F4
:10AEC000229B9842F9D8AEE6F30700F1A780229BB7
:10AED000A9E624AA5846059101F0D8FA00287FF483
:10AEE0006EA896F800C0269A059927A86544FFF732
:10AEF000ECBB1BEE101A24AA584601F0C7FA002832
:10AF00007FF45DA8269A0DF19C0AFFF76BB97823B0
:10AF10008DF8693030238DF86830039B632B48F03F
:10AF2000020600F3A6800023079337AC18EE903A90
:10AF3000002B48F481782BDBB0EE48AB0B9B23F061
:10AF40002005002309930B9B612B7FF4ADAAB0EE83
:10AF50004A0B1BA8F8F7DEFBB4EE007B20EE070BD4
:10AF6000B5EE400BF1EE10FA01D101231B934648D8
:10AF700021E71BEE101A24AA584601F087FA002890
:10AF80007FF41DA81B9B269A0DF19C0AFFF74EB972
:10AF90000B9B23F020052D230993B1EE48ABD2E79C
:10AFA0001B9A0C92002A06F0010340F30D810399CD
:10AFB0000B4340F0CF800C9B059366230B937205E7
:10AFC00000F1A380059B23EAE37302936CE71BEE79
:10AFD000101A24AA584601F059FA00287EF4EFAF5F
:10AFE0001B9C0E9B269A1C1B0DF19C0AFFF736B981
:10AFF00058238DE700220392FEF7DABB0E9B109ACE
:10B000009A180C9B0592002B40F3AB8067230B939F
:10B01000D5E70B9A0F32D2B2012118E6A018FBE552
:10B02000002940F0A88030228DF87A200DF17B02B3
:10B03000303302F8013B1EABD31A149349E60133B7
:10B040001249CAF804502A44072BCDE92532CAF820
:10B0500000107FF733AC1BEE101A24AA584601F0FB
:10B0600015FA00287EF4ABAFDDE925320DF19C0A1C
:10B0700026E4591C5846FAF771FC044650B3079071
:10B0800054E700BF382B0020C41D00202C310020C5
:10B0900067666666CDF888C012F8011C90F80FC08C
:10B0A000614513460AD14FF0300E03F801EC229BA4
:10B0B000591E229113F8011C8C45F6D0392916BF70
:10B0C0000131817AC9B203F8011CAEE60023904633
:10B0D000079360E71BEE102AB2F90C3043F04003EF
:10B0E0009381FEF716BCF5077FF5FEADF8E50593F5
:10B0F000CEE6B5EE40ABF1EE10FA3FF48BADC2F107
:10B1000001021B9287E567230B9313990B78FF2BA2
:10B1100079D000250C9A284603E001300131FF2B3D
:10B1200008D0934206DAD21A4B78002BF5D10B786F
:10B130000135F4E70C9213910D900F950F9A0D9B2A
:10B1400016991344059A01FB0323059323EAE3733D
:10B150000293D5E5109BD3181944662305910B93F0
:10B160002DE7C3F101031A4422EAE2730293672335
:10B1700005920B9398E60DF17A0259E7039BDDF8EF
:10B180000890DDF81C800593B4E418EE903A002B8B
:10B19000B4BF2D219DF86710254C264BB8BF8DF804
:10B1A000671028F08008FEF779BC039B0293059393
:10B1B00073239DF8671003900F900D900B93FEF78B
:10B1C0007ABC0223149384E5039A134305D1012327
:10B1D000662202930B92059366E6109B01331A4494
:10B1E00022EAE2730293662305920B935CE6089AC7
:10B1F00099F80130894652F8041B089241EAE1713E
:10B200000391FEF7D3BA00230F930D9396E70C2317
:10B21000CBF800304FF0FF330493FEF781BB1BEEF9
:10B22000102A938943F040039381FEF7C8BE00BF04
:10B23000342B00207025002070B500294BD0064625
:10B240000C4610B1436B002B48D0636ED80734D541
:10B25000B4F90C30002B3ED02146304600F050F8B7
:10B26000E36A054633B1E169304698470028B8BF24
:10B270004FF0FF35A3891A063CD4216B41B104F18C
:10B280004003994202D03046FCF76EFF002323634F
:10B29000616C21B13046FCF767FF00236364FCF763
:10B2A00073F9636E0022DB07A2811FD5A06DFCF746
:10B2B00069FCFCF76FF9284670BDA3899905CBD4CA
:10B2C000A06DFCF761FCB4F90C30002BC4D1656EA5
:10B2D00015F0010505D00025284670BDFCF736F9AC
:10B2E000B3E7A06DFCF752FC284670BDA06DFCF7DB
:10B2F0004DFCDBE721693046FCF736FFBDE700BFB8
:10B30000B1F90C202DE9F0410C461107804647D4D5
:10B31000636842F40062002BA2815EDDA56A002D05
:10B3200058D00023D8F80060C8F8003093B212F467
:10B33000805256D10123E1694046A847431C67D09B
:10B34000A389A56A5F0705D56368C01A236B0BB193
:10B35000E36BC01AE169024600234046A847411C3E
:10B3600041D1D8F80030002B3DD01D2B01D0162B39
:10B3700056D1A3892269226023F400630021616011
:10B38000A381216BC8F8006021B304F14003994206
:10B3900002D04046FCF7E8FE00202063BDE8F081C3
:10B3A0002669BEB193B2256826609A070CBF63690F
:10B3B0000023AD1BA3600BE02B463246E169676AB0
:10B3C0004046B847B0F1000CA5EB0C05664417DD0C
:10B3D000002DF1DC0020BDE8F081E36B002B9DDC4B
:10B3E000F8E7206DAEE7B4F90C302269226023F44F
:10B3F0000063A3810022DB046260C2D52065C0E740
:10B40000A38943F040034FF0FF30A381BDE8F081F2
:10B41000D8F80030002B93D01D2B06D0162B04D06B
:10B42000A38943F04003A381D5E7C8F80060D1E7C2
:10B4300038B50C46054608B1436B03B3B4F90C00AC
:10B4400088B1636EDB0701D481050FD528462146FC
:10B45000FFF756FF636EDA07054602D4A3899B0502
:10B4600008D5284638BD0546284638BDA06DFCF7EE
:10B470008BFBEBE7A06DFCF789FB284638BDFCF79A
:10B4800065F8DBE7004870475036002000000000F8
:10B490000000000001F0FF01102A2BDB10F0070F65
:10B4A00008D010F8013B013A8B422DD010F0070F65
:10B4B00042B3F6D1F0B441EA012141EA014122F060
:10B4C00007047FF000070023F0E80256083C85EAF5
:10B4D000010586EA010685FA47F5A3FA87F586FA9B
:10B4E00047F6A5FA87F68EB9EED1F0BC01F0FF0160
:10B4F00002F0070232B110F8013B013A83EA01037E
:10B5000013B1F8D10020704701387047002D06BFF5
:10B5100035460338073815F0010F07D1013015F40F
:10B52000807F02BF013015F4C03F0130F0BC01380C
:10B53000704700BF00B50B4C25681446EE681A46EC
:10B5400085B003460D464CB107490095CDE901147D
:10B550003046064900F086FFF6F7D6FD04490C4652
:10B56000F3E700BFE83A002098270020A827002032
:10B57000A427002038B5A1FB02148CBBFAF7EEF922
:10B580000546E0B150F8042C22F00302043A242AC4
:10B5900017D8132A1AD91B2AC0E900441DD9242A16
:10B5A00014BF00F1100200F118024FF00003C0E9CF
:10B5B000024404BF04614461C2E900339360284639
:10B5C00038BD2146FCF7F2F8284638BD0246002374
:10B5D000C2E900339360284638BD00F10802F6E75F
:10B5E000FCF7A4FA0C2300250360E8E72DE9F04FEF
:10B5F00003690C69A34283B0C0F28780013C01F16A
:10B600001405A30000F11408009355F8243058F8ED
:10B610002420013381469A4208EB840005EB84071D
:10B620000190B2FBF3F63BD34FF0000CAE46404620
:10B63000E24663465EF804BB02681FFA8BFC06FB19
:10B640000C334FEA134C4FEA1B4B06FB0BCC9BB25F
:10B65000AAEB03031FFA8CFA13FA82F3CAEB124225
:10B6600002EB23429BB243EA0243774540F8043B96
:10B670004FEA224A4FEA1C43DCD2009B58F80330C1
:10B6800073B9019B043B984504D307E0984504F146
:10B69000FF3403D253F80429002AF7D0C9F8104028
:10B6A0004846FDF76BFD00282BDB013641460023A1
:10B6B00055F8040BD1F800C082B29A1A030C12FAA2
:10B6C0008CF2C3EB1C4303EB224392B242EA0342E7
:10B6D000AF4241F8042B4FEA2343E9D258F8242023
:10B6E00008EB84036AB9043B984504D307E0984506
:10B6F00004F1FF3403D253F80429002AF7D0C9F823
:10B700001040304603B0BDE8F08F002003B0BDE824
:10B71000F08F00BF2DE9F04F2DED028B8FB08DED36
:10B72000020B0191816B1A9D059357EC106B044637
:10B73000934641B1C26B4A60012393408B60FDF791
:10B7400065FA0023A363B7F10008B4BF0123002307
:10B750002B60BE4BBCBF28F00048CDF80C8033EA0C
:10B76000080300F09F809DED028BB5EE408BF1EE5B
:10B7700010FA11D1059A012313601B9B002B00F0D6
:10B780003F82B34B1B9A1360013B009300980FB0AC
:10B79000BDEC028BBDE8F08F0CAA0DA92046B0EEDF
:10B7A000480BFDF74BFE5FEA1853054640F09280C8
:10B7B000DDE90C130B4403F23242202A40F3FA82F3
:10B7C000C2F1400208FA02F803F21242D64048EAF7
:10B7D000060207EE102AB8EE477B581E17EE906A55
:10B7E00053EC172B4FF0010AA6F1F8739FED913B34
:10B7F0009FED927B9FED935B06EE900A43EC122B3C
:10B80000B8EEE64BB7EE086B32EE466BA6EE037B66
:10B81000A4EE057BFDEEC76BB5EEC07BF1EE10FA32
:10B8200016EE907A08D5B8EEE66BB4EE476BF1EE03
:10B8300010FA18BF07F1FF37162F00F24581854B2C
:10B8400003EBC70393ED007BB4EEC78BF1EE10FA68
:10B8500057D5091A0023B1F1010807F1FF370A9300
:10B8600000F1398100230693002F52DA069B0497DA
:10B87000DB1B06937B420893019B092B4FF00007CB
:10B880004ED8052B40F39D82043B01930026019B7B
:10B890009A1E032A00F22581DFE812F0AA03A7030B
:10B8A0009D037E03059AC8F3130842F20F7358EA0A
:10B8B000060813601ED11B9B002B00F09185664B80
:10B8C000009308331B9A009813600FB0BDEC028BF5
:10B8D000BDE8F08F18EE906AC6F31306A3F2FF30AE
:10B8E00053EC182B46F07F530C994FF0000A43F4A9
:10B8F00040137BE71B9B002B40F03B83574B00938F
:10B9000044E7091A0023B1F101080A9300F1E3802A
:10B91000069300230893019B0497092BB844B0D9E0
:10B9200000230126019307964FF0FF399B46002123
:10B93000E163CDF82C902046FDF742F900900028F5
:10B9400000F04085009BA363B9F10E0F00F2DC808C
:10B95000002E00F0D980049B002B40F3DE833D4A8B
:10B9600003F00F0102EBC10292ED007B1A11DB051F
:10B9700040F182833A4991ED086B02F00F020320F7
:10B9800088EE065B5AB13649D60704D591ED006BB7
:10B99000013027EE067B521001F10801F4D185EE4B
:10B9A000076B0A9B3BB1B7EE007BB4EEC76BF1EEC1
:10B9B00010FA00F1AE8407EE900AB8EEE75BB1EE44
:10B9C0000C7BA5EE067B17EE902A51EC170BA2F12B
:10B9D0005071B9F1000F00F08883049E4A46079B1E
:10B9E000002B00F04784B6EE003B1A4BFDEEC64B31
:10B9F00003EBC20CB8EEE47B36EE477B1CED026B2A
:10BA000083EE065B41EC160B14EE900A35EE465BB6
:10BA10000099B4EEC75B3030F1EE10FA01F8010B7B
:10BA200000F3AC84B7EE002BB2EE044B4FF0000CE9
:10BA300031E000BF61436F63A787D23FB3C8608B1B
:10BA4000288AC63FFB799F501344D33F0000F07F04
:10BA5000F52D0020B00B0020B02A0020BC2A0020C9
:10BA6000880B00200CF1010C94454DDA27EE047B85
:10BA700025EE045BFDEEC76B16EE903AB8EEE63BA2
:10BA8000303337EE437BB4EEC57BF1EE10FA01F8AC
:10BA9000013B00F1738432EE476BB4EEC56BF1EEFF
:10BAA00010FADFD5009A049602E08A4200F0508432
:10BAB000894611F8013D392BF7D00133DBB20B7009
:10BAC000049B0133049355E1091A0123B1F10108E4
:10BAD0000A937FF5C7AEC1F1010306934FF000084A
:10BAE000C2E60026E66331462046FDF769F800907D
:10BAF000002800F06784009BA3634FF0FF330B9393
:10BB000099460123B34607930D9A002A55DB049901
:10BB10000E2952DCB74BBBF1000F03EBC10393EDD1
:10BB2000006B15DAB9F1000F12DC40F0F282B1EED1
:10BB3000047B26EE077BB4EEC78BF1EE10FACA4603
:10BB40004E4600F26D82DDF800806FEA0B0B70E26A
:10BB500088EE067BBDEEC77B009917EE103AB9F16F
:10BB6000010F03F13003B8EEC75B01F8013BA5EE0E
:10BB7000468B00F03483B2EE044B012311E088EED3
:10BB8000067BBDEEC77B013317EE102A4B4502F151
:10BB90003002B8EEC75B01F8012BA5EE468B00F032
:10BBA0001E8328EE048BB5EE408BF1EE10FAE6D141
:10BBB000049B013304938946DCE0079B43B3019B5C
:10BBC000012B40F37682089B09F1FF3A534580F23E
:10BBD0003F82089BCDF820A0AAEB030217444FF048
:10BBE000000AB9F1000FC0F22583069B09934B446C
:10BBF000C844069301212046FDF70CF906460CE0E7
:10BC00007D4B009300980FB0BDEC028BBDE8F08F28
:10BC1000069BDDF820A0079E0993099B6BB1B8F144
:10BC2000000F0ADD434506991A46A8BF4246891A05
:10BC30009B1A06910993A8EB0208089B63B1079B26
:10BC4000002B00F0A782BAF1000F00F30482089BDA
:10BC5000B3EB0A0240F0FF8201212046FDF7DAF83B
:10BC6000002F824600F3AF80019B012B40F38781B8
:10BC7000002308930120002F40F0B180404410F0D1
:10BC80001F0000F07A81C0F12002042A00F38880AE
:10BC900040F0F681069B002B05DD29461A4620461A
:10BCA000FDF7F4F90546B8F1000F05DD51464246AF
:10BCB0002046FDF7EBF982460A9B002B40F03F81BE
:10BCC000B9F1000F40F32581079B002B40F0A380C2
:10BCD000049B01330493DDF80080012707E0294627
:10BCE00000230A222046FCF79BFF013705465146F8
:10BCF0002846FFF77BFCB94500F1300008F8010B3E
:10BD0000EDDCB9F1000F009ACCBFCB464FF0010B30
:10BD10000346934400272946012220460193FDF75C
:10BD2000B5F951460546FDF729FA002840F3AF81E1
:10BD30001BF8013C009A0BF1FF3B04E05A4500F070
:10BD4000B1811BF8013D392B0BF10109F6D001330C
:10BD50008BF8003051462046FCF758FF56B12FB102
:10BD6000B74203D039462046FCF750FF3146204603
:10BD7000FCF74CFF29462046FCF748FF002389F8D2
:10BD80000030DDE904231A601B9B002B3FF4FEAC5E
:10BD90000098C3F800900FB0BDEC028BBDE8F08FA7
:10BDA000C0F11C00069B03440693099B03440993BE
:10BDB00080446FE7C2F1200206FA02F207EE102A71
:10BDC00009E5012663E501463A462046FDF7FEF8FF
:10BDD000019B012B824640F3C58100230893DAF8CA
:10BDE00010200AEB82021069FCF7C4FFC0F12000AA
:10BDF00044E700BFB00B0020F42D002031460023A3
:10BE00000A222046FCF70CFF0B9B002B064640F352
:10BE1000CE8204979946099B002B05DD31461A46D0
:10BE20002046FDF733F90646089B002B40F0EB81D6
:10BE3000B046029B009F03F001027B1E4B44089317
:10BE4000019B0A921343099351462846FFF7CEFB04
:10BE5000314683462846FDF791F9424651468146D0
:10BE60002046FDF7ADF9C26801460BF13003002A08
:10BE700042D1CDE906032846FDF780F906990290E4
:10BE80002046FCF7C3FE029A079B1AB909990029BC
:10BE900000F07E82B9F1000FC0F28381019949EA76
:10BEA00001090A9951EA090900F07B81002A00F38F
:10BEB000C681089A3B7007F101099742CB4600F012
:10BEC000C481294600230A222046FCF7A9FE4645E4
:10BED000054631464FF000034FF00A02204612D0CB
:10BEE000FCF79EFE4146064600230A222046FCF748
:10BEF00097FE4F468046A7E720460293FCF786FE52
:10BF0000029B0122C6E7FCF78BFE4F4606468046A1
:10BF10009AE7019B022B71DC079B002B7FF47BAF20
:10BF2000049B5146013328460493FFF75FFBDDF87D
:10BF300000B000F130030BF8013B0027EBE651465F
:10BF40002846FDF71BF90028BFF6BAAE29460023A4
:10BF50000A222046FCF764FE049B5F1E079B0546F1
:10BF6000002B7FF44BAF0B9B002B40F318829946BC
:10BF7000B1E6BC4B00930333A4E41C2012E7DDE9D7
:10BF8000020100287FF474AEC1F31302002A00F00E
:10BF9000F480029B08936DE601230793049B5B44A6
:10BFA00003F10109B9F1010FCC460B93B8BF4FF073
:10BFB000010C0021BCF1170FE1637FF7BCAC01203D
:10BFC0000422520002F114036345014600F101000E
:10BFD000F7D9E163AFE401230793BBF1000F52DD12
:10BFE000CDF82CB0D946DC46E3E700230793D5E72C
:10BFF00000230793F1E7DDF82C900497B9F1000FC7
:10C000007FF4A1AD51464B4605222046FCF708FEC1
:10C01000014682462846FDF7B1F800287FF793AD28
:10C02000049B03F1010B009B3122984603F8012B7E
:10C03000009351462046FCF7E9FD0BF10103DDF8C2
:10C0400000900493CDF80080002E7FF48FAE91E62F
:10C05000A3EB0A0AC5E5314652462046FCF7B6FF77
:10C060002A46014606462046FCF702FF29460546B9
:10C070002046FCF7CBFDEAE50220B0EE485B81E408
:10C08000C0F13C008EE64FF0010BD9464FE403D1DE
:10C09000019BDB073FF54CAED9461BF8013D302B29
:10C0A000FAD057E6049B009A0133049331231370AE
:10C0B00050E6BAF1000F00F0238102F23342069BF2
:10C0C00009931344DDF820A00693904492E507EE0F
:10C0D000900AB1EE0C5BB8EEE77BA6EE075B15EEBF
:10C0E000902A51EC150BA2F1507141EC150BB1EEF9
:10C0F000047B36EE477BB4EEC57BF1EE10FA00F31D
:10C100003781B1EE455BB4EEC57BF1EE10FA7FF5F9
:10C11000FBAC4FF0000A564615E500F0F580049B95
:10C1200051495A4202F00F0001EBC00191ED006B42
:10C13000121128EE066B00F04281B0EE467B4B49AF
:10C1400000260220D30705D591ED005B01300126C2
:10C1500027EE057B521001F10801F3D1002E06FEF7
:10C16000076B1EE4029B002B7FF437AEDDE9020172
:10C17000C1F31302002A40F037813D4A0A40002AE9
:10C1800000F0FA80069B01330693012308F10108B1
:10C1900008936FE52946089A2046FCF717FF0546E5
:10C1A0005AE5002A12DD2946012220460193FCF7B8
:10C1B0006DFF51460546FCF7E1FF0028019B40F367
:10C1C000E180392B00F0CA800BF13103B94609F840
:10C1D000013B049B0133374604934646BAE538EEEB
:10C1E000088BB4EEC68BF1EE10FA0ADCB4EE468B87
:10C1F000F1EE10FA7FF4DCAC17EE103AD8077FF5B9
:10C20000D7AC009A54E471682046FCF7D9FC074685
:10C21000002800F0DE80336902339A0006F10C0139
:10C220000C30F5F743FA394601222046FCF72EFF81
:10C230008046FEE5069BA3EB09030993DAE4392B5C
:10C2400000F08C80B9460133C1E7049A01323746C9
:10C25000049246465FE529462046FCF7B7FE0546B0
:10C26000FAE400BFBC2A0020B00B0020880B00209D
:10C270000000F07F5E4BFDEEC65B03EBC20C1CEDD5
:10C28000023BB8EEE57B36EE477B41EC160B15EE34
:10C29000901A23EE063B00983031012A00F8011B6A
:10C2A00000F08380B2EE044B009B991827EE047BCC
:10C2B000FDEEC76B16EE903A303300F8013B814239
:10C2C000B8EEE65B37EE457BF0D1B6EE006B33EEB1
:10C2D000065BB4EEC75BF1EE10FA3FF5E3AB36EE6A
:10C2E000436BB4EEC76BF1EE10FA7FF70DAC8946E5
:10C2F000013919F8013C302BF9D0731C049339E54E
:10C300000C9AC2F13602DAE60220B0EE486BFFF773
:10C3100048BBB9F1000F3FF4DAAE0B9A002A7FF761
:10C32000F3ABB2EE044B26EE046B013007EE900A3D
:10C33000049BB8EEE75BB1EE0C7BA6EE057B17EE37
:10C3400090CA51EC170B5E1EACF15071FFF747BB62
:10C35000049B013304933123FFF7B1BB049BBB461D
:10C3600001330493392337460BF8013B4646E1E499
:10C370004FF0000A564653E608927BE4731C049380
:10C380008946F7E47FF422AFDA077FF51FAF18E79D
:10C39000392BE3D0B9F1000F3FF716AF16E7019B39
:10C3A000022B3FF728AE0497BAE501468DE7019BC3
:10C3B000022B3FF720AEDDF82C9004972BE50220EE
:10C3C000FFF7EFBA0B4B0C48002240F2AF11FFF71A
:10C3D000B1F8084B08483A4640F2EF21FFF7AAF8B7
:10C3E000064B0093FFF7D2B9029B0893F7E400BF16
:10C3F000B00B0020D8270020C02A0020B02A00203F
:10C4000070B5054684B05BB11C4669B10E4B284639
:10C41000D3F8E0602346B047431C0FD004B070BD92
:10C4200000F582740029F1D1074A2346D2F8E06072
:10C4300028460A4601A9B047431CEFD100228A23AF
:10C4400022602B6004B070BD6035002010B582B052
:10C45000049CCDE900344FF0FF3301F0C7FB02B07C
:10C4600010BD00BF0EB410B583B005AB064C53F839
:10C47000042B01930146206800F0C4F803B0BDE826
:10C48000104003B0704700BFE83A00202DE9F04F9C
:10C490009368176883B09246002B70D081468A68F3
:10C4A00008680C46083743E0A38913F4906F2ED038
:10C4B000D4E90416A0EB010806EB460606EBD67697
:10C4C00008F1010076102844B042324684BF064687
:10C4D00032465B0537D511464846F9F73FFA0190D9
:10C4E00000283AD042462169F5F7E0F8A289019B7D
:10C4F00022F4906242F08002A281A6EB080203EBD4
:10C5000008006661A260236120602E46A84642466C
:10C510005946FBF7CFF8DAF80830A2682068921B7A
:10C5200040445B1BA2602060CAF808303BB3083768
:10C5300057E902B5002DFAD0AA4216469046B3D963
:10C540002E46A846E3E74846F9F7C4FC0346002810
:10C55000D3D121694846FBF707FEA3890C2243F09B
:10C560004003C9F800204FF0FF30A38100220023D0
:10C57000CAF80820CAF8043003B0BDE8F08F0020E4
:10C580000023CAF8043003B0BDE8F08F2DE9F84F5E
:10C590004B6E9C0490462DD59368126843B38B462E
:10C5A000064602F1080959E9025A5FEA9A0715D0CE
:10C5B000043D002401E0A7420ED055F8041F5A465E
:10C5C000304601F05BFA431C04F10104F3D100236F
:10C5D000C8E90133BDE8F88FD8F808302AF0030A1B
:10C5E000A3EB0A03C8F8083009F10809002BDAD1D7
:10C5F0000020ECE701F00CF80023C8E90133BDE8A6
:10C60000F88F00BF2DE9F04F2DED028BC5B00DF175
:10C61000500A834608EE101A16460021082250469A
:10C620001C460793FBF7C2F8BBF1000F04D0DBF800
:10C630003430002B00F0A08618EE102A536EDB0772
:10C6400040F11385B2F90C108AB295040BD418EEA0
:10C65000103A41F4005199815B6E8AB218EE101ABB
:10C6600023F400534B66100740F1058118EE103A91
:10C670001B69002B00F0FF8002F01A030A2B00F068
:10C680000A810023CDE91933CDE90D331BAA0C93A0
:10C69000189291460B930593B0464446A84BD3F8A5
:10C6A000E450FBF7D7F92246034612A9CDF800A0C3
:10C6B0005846A847002800F04581C0F23981129AF7
:10C6C000252A034601D01C44E8E7B4EB08060546DA
:10C6D00040F03C81002361788DF8433004F101087B
:10C6E00006934FF0FF371E462B2408F10108A1F1F5
:10C6F00020035A2B00F27881DFE813F0B5027601AF
:10C700007601B0027601760176016A007601760143
:10C710007D028D02760188029702760192025B000B
:10C720005B005B005B005B005B005B005B005B0031
:10C730007601760176017601760176017601760141
:10C7400076015C028400760176017601760176013D
:10C7500076017601760176017601E80076017601B0
:10C76000760133027601DA02760176018B057601D5
:10C770007601760176017601760176017601760101
:10C7800076015C028600760176017601CD02860094
:10C790007F007601C0027601FD02EA00ED027F0013
:10C7A000760133027C006905760176016B0576011E
:10C7B0007C00A1F13003002218F8011B02EB820279
:10C7C00003EB4202A1F13003092BF5D906928EE763
:10C7D0005846FEF757FE43680D931846FBF7C2FB19
:10C7E0000E9005465846FEF74DFE83680B93002DCC
:10C7F00040F0D68498F8001077E798F8001046F0DB
:10C80000200672E746F01006B40640F18E81079BC1
:10C81000073323F007031A46596852F8083B07927A
:10C820000A460029C0F27084791C00F0A28526F027
:10C830008001039153EA020100F03F840A2B72F158
:10C84000000180F0418530338DF80F31039E0123C4
:10C8500004930DF20F14049BBB42B8BF3B460393F5
:10C86000002308939DF84330002B00F0CB80039BFE
:10C8700001330393C6E018EE101A584618EE105A0A
:10C8800001F040F8002840F05286AA8902F01A030D
:10C890000A2B7FF4F6AE18EE101AB1F90E30002B09
:10C8A000FFF6EFAE4B6EDB0702D4970540F1128620
:10C8B00018EE101A23463246584600F069FE0590DD
:10C8C000059845B0BDEC028BBDE8F08F46F0100630
:10C8D00016F0200200F03681079B073323F0070390
:10C8E00019465A6851F8083B079126F48061039174
:10C8F000002100208DF84300781C00F0108203987E
:10C9000020F0800653EA020040F00882002F40F039
:10C910003885002940F0D583039B13F0010304936D
:10C9200000F0118430238DF80F310DF20F1492E7CF
:10C93000082200215046FAF739FF01231C44ADE6D6
:10C9400060350020B4EB080605461BD0199B1A9AE7
:10C9500001333244072BC9E900861A9219931CDD72
:10C96000002A00F0A68318EE101A18AA5846FFF7FE
:10C970000DFE20BB0DF16C09059B33440593002D82
:10C980007FF4A8AE1A9B002B40F0C18518EE103A38
:10C990000022B3F90C30199215E009F10809EBE710
:10C9A00018EE101A18AA5846FFF7F0FD002800F0FC
:10C9B000A680089B1BB108995846FBF7D5FB18EEDB
:10C9C000103AB3F90C3018EE102A526E12F0010F23
:10C9D0009AB200F0A080500600F1B285059845B0EB
:10C9E000BDEC028BBDE8F08F0029CBD000238DF881
:10C9F00043300123CDE903338DF8AC102BAC002379
:10CA000008931F4616F00203099302D0039B0233DA
:10CA1000039316F084030A9305D1069B039A9D1A8B
:10CA2000002D00F37B82DDE91903411C9DF84320B2
:10CA300082B101220133C9F8042007290DF1430214
:10CA4000CDE91913C9F8002000F34A82084609F11C
:10CA500008090131099AE2B111AA0233C9F800208C
:10CA600007294FF00202CDE91913C9F8042040F359
:10CA70005082002B00F0438318EE101A18AA584673
:10CA8000FFF784FD002894D1DDE919030DF16C094D
:10CA9000411C0A9A802A00F08481049ABD1A002D54
:10CAA00000F3D781049AC9F8004013440729CDE95F
:10CAB0001913C9F8042040F36E81002B00F0758231
:10CAC00018EE101A18AA5846FFF760FD00287FF4E8
:10CAD00070AF1A9B0DF16C09750705D5069A03997D
:10CAE000541A002C00F36B82DDE905210398814282
:10CAF000ACBF521812180592002B7FF451AF089961
:10CB000000231993002900F049815846FBF72CFBBC
:10CB10000DF16C09C1E59C053FF55DAF18EE104ABB
:10CB2000A06DFBF733F8A28955E7F006079A00F1EC
:10CB30001F83710640F1198332F9043B0792DA171B
:10CB400011466EE616F01003079940F0098316F0BF
:10CB5000400000F001831A4651F8043B07919BB254
:10CB6000C3E6079B1A4600238DF84330134653F85B
:10CB7000044B0393002C00F01284532900F06583CA
:10CB800016F0100540F061837B1C00F0B3843A4638
:10CB900029462046FEF77EFC0890002800F09F847E
:10CBA000031B039A049323EAE3732F46079203932C
:10CBB000089557E6432902D0F50640F12D83079DDD
:10CBC0000822002116A82BACFAF7F0FD16AB55F899
:10CBD000042B21465846FFF713FC0346013304900B
:10CBE00000F0B384049B079523EAE37303930023C7
:10CBF0008DF8433003E7079B53F8042B0692002A75
:10CC000080F29C82069A5242CDE9062398F80010E1
:10CC100046F0040669E598F800108DF8434064E595
:10CC200098F8001046F080065FE5424612F8011BB6
:10CC30002A2900F09684A1F13003092B90464FF089
:10CC400000073FF654AD18F8011B07EB870703EB0D
:10CC50004707A1F13003092BF5D948E598F80010F2
:10CC600046F0010641E59DF84330002B7FF4C2AD4C
:10CC7000202398F800108DF8433036E598F800101E
:10CC80006C2903BF98F8011046F0200608F101084E
:10CC900046F0100629E598F80010682903BF98F8B7
:10CCA000011046F4007608F1010846F040061CE544
:10CCB00046F010030393039B13F0200200F006825A
:10CCC000079B073323F0070319465A6851F8083BBE
:10CCD000079101210DE6079A46F00203039352F8EB
:10CCE000043B079247F63002ADF84420B84A0C9254
:10CCF00002210022FDE5B70600F14882F50600F1A9
:10CD00004683740600F1D583B00540F14083079B4C
:10CD1000059953F8042B07931170BEE4039601297B
:10CD20003FF48CAD022944AC11D10C9803F00F01F3
:10CD30001B09415C04F8011D43EA0273120953EA1E
:10CD40000201F3D1039E44AB1B1B049383E503F064
:10CD50000701DB0843EA4273D208303153EA020587
:10CD6000204604F8011DF2D1039EF307EBD53029CC
:10CD7000E8D03023023804F8013C44AB1B1A039E70
:10CD80000493044667E5049B1B9401221C931A93A9
:10CD900019920DF16C0909F108099DE60DF16C0974
:10CDA0007BE4069A039D551B002D7FF776AE102D70
:10CDB00040F3BB83099418EE104A07E000F1020C1F
:10CDC00009F108091046103D102D1EDD8149C9F8F2
:10CDD0000010421C10331021072ACDE91923C9F88D
:10CDE0000410EBDD18AA002B74D0214658460DF133
:10CDF0006C09FFF7CBFB00287FF4DBADDDE91903FD
:10CE0000103D102D00F1010CE0DC099C714AC9F8BD
:10CE100004502B44BCF1070FCDE919C3C9F8002019
:10CE200040F39481002B00F01F8318EE101A18AA0B
:10CE30005846FFF7ABFB00287FF4BBAD049ADDE951
:10CE40001903BD1A002D00F101010DF16C097FF7E6
:10CE500029AE102D29DD0994102718EE104A07E09D
:10CE600000F1020C09F108091046103D102D1ADDE1
:10CE7000421C58491033072AC9E90017CDE9192384
:10CE8000EEDD18AA03B3214658460DF16C09FFF7F1
:10CE90007DFB00287FF48DADDDE91903103D102DD9
:10CEA00000F1010CE4DC099C61464A4AC9F80450CF
:10CEB0002B440729CDE91913C9F8002000F3E780B6
:10CEC00009F108090131EDE54FF0010C18460DF1AB
:10CED0006C09CAE74FF0010C18460DF16C0972E7B6
:10CEE000002B00F0048118EE101A18AA5846FFF71C
:10CEF0004DFB00287FF45DADDDE919030DF16C09F0
:10CF0000411CA7E5022311AA1C931B9201210DF1DC
:10CF10006C09084609F10809411CBAE5102D40F3D7
:10CF2000E582DDE919130F94084618EE104A07E070
:10CF300000F1020C09F108091046103D102D1DDD0D
:10CF40002549C9F80010421C10331021072ACDE9E9
:10CF50001923C9F80410EBDD18AA03B3214658467B
:10CF60000DF16C09FFF712FB00287FF422ADDDE91B
:10CF70001903103D102D00F1010CE1DC0F9C6046FF
:10CF8000154AC9F804502B440728CDE91903C9F8FC
:10CF9000002000F3C18009F10809411C46E518464C
:10CFA0004FF0010C0DF16C09C7E77607199353D5C3
:10CFB000069A0399541A002C4EDD0DF16C09102CC1
:10CFC00040F3B082199918EE106A10250DE000BFE9
:10CFD000C41D00203C310020642B0020881C09F176
:10CFE00008091146103C102C1ADD4A1CB3481033B6
:10CFF000072AC9E90005CDE91923EFDD18AA33B3E3
:10D0000031465846FFF7C2FA00287FF4D2ACDDE97A
:10D010001913103C102C01F101000DF16C09E4DC36
:10D02000A64AC9F8044023440728CDE91903C9F8E2
:10D0300000207FF759AD7BB118EE101A18AA584698
:10D04000FFF7A4FA00287FF4B4AC1A9B4CE501204A
:10D0500019460DF16C09C5E7DDE9053203998A42ED
:10D06000ACBF9B185B18059349E5B2F90C108F050E
:10D0700018EE103A8AB23FF5E8AA18EE105A986DE9
:10D08000FAF782FDB5F90C108AB2FFF7DEBA002B71
:10D090003FF479AE18EE101A18AA5846FFF776FA40
:10D0A00000287FF486AC19991A9B01310DF16C09A7
:10D0B000F8E419920DF16C095EE4002F7FF4C3AB24
:10D0C000039E0027049744ACFFF7C5BB039B13F0F6
:10D0D000100354D1039A12F0400000F06B810799BD
:10D0E0001A4651F8043B07919BB2012101E4099AC9
:10D0F000002A64D1184601210DF16C09C9E401210F
:10D1000018460DF16C09C4E45B4262EB42020396DF
:10D110002D200121FFF7EEBB002B00F0888018EED8
:10D12000101A18AA5846FFF731FA00287FF441ACCC
:10D13000DDE919030DF16C09411C77E498F8001042
:10D140000793FFF7D2BA44ACFFF785BB09F1080992
:10D150000CF101016046A0E416F4007240F09781E2
:10D1600051F8043B0791FFF7C0BBB30500F188817C
:10D1700052F8043B0792DA171146FFF752BB0799A2
:10D1800051F8043B07910121FFF7B3BB079B0598BA
:10D1900053F8041B0793C217C1E90002FFF77DBAD9
:10D1A0000B9B002B3FF426AB0B9B1B78002B3FF413
:10D1B00021AB98F8001046F48066FFF796BA022378
:10D1C00011AA1C931B9201200DF16C09A2E6039693
:10D1D00071E53B4B0C9316F0200259D0079B0733A7
:10D1E00023F0070318465A6850F8083B0790F407E5
:10D1F00009D553EA020006D08DF84510302146F0DB
:10D2000002068DF8441026F4806103910221FFF795
:10D2100070BB2C4B0C93DEE7079B012153F8042BCA
:10D2200003918DF8AC20079304912BACDFE49DF8BB
:10D230004320002A40F03281099A002A7FF462AE2E
:10D24000184601210DF16C0927E40021082216A8D7
:10D250001394FAF7ABFA791C00F0BC800025079410
:10D260002C460CE02BA95846FFF7CAF8421C204474
:10D2700000F06B81B84208DC00F070810446139A1C
:10D28000525916AB0435002AECD10494079CAFE048
:10D2900016F0100307980CD116F0400405D01A467A
:10D2A00050F8043B07909BB2A1E716F4007240F0DF
:10D2B000E18050F8043B079099E700BF642B002001
:10D2C000C41D0020382B00200399049744AC9E46CF
:10D2D00008EE90BA01F480664FF0000C234606E099
:10D2E000BEF10A0F72F1000239D3A6462A46A649BA
:10D2F0001EEB020040F100000F46A1FB001424F0D9
:10D30000030101EB9401401ABEEB00014FF0CC3554
:10D3100062F1000405FB01F507FB0455A1FB074181
:10D320000D44052704F00101A1FB071B091864083F
:10D33000303103F8011C44EAC5740CF1010C013BC7
:10D340006D08002ECCD00B9909786145C8D1BCF18D
:10D35000FF0FC5D0BEF10A0F72F100026CD21C465D
:10D3600044AB1B1B049F039E049318EE90BAFFF777
:10D3700072BA0396FFF762BA5846FAF7E7F8FFF772
:10D380005BB9012903967FF4CDACFFF75CBA079B2C
:10D39000059953F8042B11600793FFF77EB9062F08
:10D3A0003B46039A794C079228BF062304930393C4
:10D3B000FFF725BB039B079913F4007214BF51F8C4
:10D3C000043B51F8043B07911CBF0246DBB201212C
:10D3D000FFF78FBA16AB00930023194613AA5846DD
:10D3E000FFF734F803460133049000F0AE80139445
:10D3F000049B002B30D0632B63DC002308932BAC01
:10D400000822002116A8FAF7D1F9049D16AB009363
:10D4100013AA2B4621465846FFF718F8854240F0DC
:10D42000AB80039B049A07930023A3541F4622EA70
:10D43000E2730393FFF716BA0E9A0D999B1A1846DA
:10D440000893FAF7B1FA0B99089B4A780AB10131AF
:10D450000B914FF0000C48E7039B0793049B039349
:10D460001F460893FFF7FEB9012118460DF16C091C
:10D47000FFF713BB50F8043B07902246DBB2B6E639
:10D4800012F9043B0792DA171146FFF7CAB951F8AF
:10D49000043B07910246DBB2FFF727BA01231C9336
:10D4A00001210DF143031B930DF16C090B46FFF7AE
:10D4B000CDBA079B059953F8042B07931180FFF70A
:10D4C000ECB8591C5846F8F749FA044600283CD0F5
:10D4D000089095E7886DFAF759FBFFF7E9B9039BC8
:10D4E0000793CDE90377089FFFF7BCB919981A9BFA
:10D4F000013045E5039B07932046FAF733FD20EA08
:10D50000E0732F46049003930895FFF7ABB918EE2C
:10D51000101A18AA5846FFF739F800283FF436AA1F
:10D52000FFF74DBA199801307AE58C466EE46B6EC0
:10D53000D90705D4AB899A0502D4A86DFAF726FB62
:10D540004FF0FF330593FFF749BA18EE102AB2F9EE
:10D550000C3043F040039381FFF735BA079C0497E2
:10D5600046E7079B98F8011053F8047B0793904611
:10D5700047EAE777FFF7B9B818EE102A938943F026
:10D5800040039381FFF715BACDCCCCCC4C2B0020B7
:10D5900070B50C468989ADF58E6D21F00201ADF8AC
:10D5A0001410616E1B91E189ADF81610E1690991C3
:10D5B000616A0B911CA9029106914FF480610646A5
:10D5C0000491079118A80021CDE900320891FAF7DB
:10D5D000D7FADDE9003202A93046FFF713F8051E3D
:10D5E00007DB02A93046FDF723FF002818BF4FF0E4
:10D5F000FF35BDF814305B0603D5A38943F0400323
:10D60000A3811898FAF7BEFA28460DF58E6D70BD05
:10D610009368002B00F085802DE9F04FB1F90C30B4
:10D620000C461907804683B0174698B225D5236962
:10D630001BB310F002033D682DD04FF0000ADFF855
:10D64000C0B25646B9465E453346524628BF5B4691
:10D650004046002E52D0E169676AB847002856DD7F
:10D66000D9F808301B1A8244361AC9F80830002B42
:10D67000E9D1002003B0BDE8F08F2146404600F01C
:10D6800041F9002840F03881B4F90C303D6898B277
:10D6900010F00203D1D110F0010944D14E46009799
:10D6A00046B38205D4F808B040F18580B3455A46A8
:10D6B00000F2B48010F4906F40F0C18020680192B5
:10D6C0004946F9F7F7FFA368019AA3EB0B0123681A
:10D6D000A1601344B24623600026009A9368A3EB2E
:10D6E0000A03D1449360002BC3D0B4F90C0080B27C
:10D6F000002ED6D1D5E900960835D1E7D5E900A6A8
:10D700000835A0E721464046FDF792FE88B3B4F9FC
:10D710000C3043F040034FF0FF30A38103B0BDE86D
:10D72000F08F002070471E46BA469946184600956D
:10D730001F4666B3002832D04A46D4E90413206855
:10D74000A568B24228BF3246884204D905EB030BD4
:10D750005A4500F3A780934264DCE169656A3A4662
:10D760004046A847B0F1000BD1DDB9EB0B09C9D099
:10D770000120DAF80830A3EB0B035F44A6EB0B069D
:10D78000CAF80830002B3FF474AF002ED2D1009AB3
:10D790005668134608320092002EF8D01F683246B1
:10D7A0000A213846FDF776FE002800F09C80013003
:10D7B000A0EB0709C0E720682369984216D8626980
:10D7C000B24213D86FF00043B34228BF3346E16939
:10D7D00093FBF2F3676A02FB03F340464A46B847FD
:10D7E000B0F1000A93DDA6EB0A0676E7B345DA4608
:10D7F00028BFB24652464946F9F75CFFA368226843
:10D80000A3EB0A035244A3602260002BEBD1214614
:10D810004046FDF70DFE0028E5D078E72068B346C6
:10D8200032464CE739460192F9F744FF019AA36862
:10D830009B1AA360236813442360934695E72368EB
:10D840002169A3EB010B636903EB430A0AEBDA7A64
:10D850000BF101034FEA6A0A33445345524684BF31
:10D860009A46524643052CD511464046F8F776F8BD
:10D8700000283BD05A4621690190F3F717FFA2898F
:10D88000019B22F4906242F08002A28103EB0B0024
:10D890002361AAEB0B03C4F814A0A3602060B34675
:10D8A00032460CE739465A46F9F704FF23685B44D1
:10D8B000236021464046FDF7BBFD00283FF455AFED
:10D8C00025E74046F8F706FB03460028DED121692C
:10D8D0004046FAF749FCB4F90C300C2223F08003DF
:10D8E000C8F8002015E7721C914626E70C22B4F90F
:10D8F0000C30C8F800200CE74FF0FF30BAE600BF4C
:10D9000000FCFF7F38B5314B1B6805460C4613B150
:10D910005A6B002A4ED0B4F90C3018079AB21CD5B5
:10D92000216929B312F0010007D00020A0606069CE
:10D930004042A06139B1002038BD950758BF6069E9
:10D94000A0600029F7D1120658BF0846F4D543F06D
:10D950004003A3814FF0FF3038BDD1062ED55207CA
:10D9600014D4216943F00803A3819AB20029D9D1C4
:10D9700002F42070B0F5007FD4D02146284600F094
:10D9800047F9B4F90C3021699AB2CBE7216B51B158
:10D9900004F14002914204D02846FAF7E5FBB4F9BD
:10D9A0000C300022226321690022C4E9001223F016
:10D9B0002403D7E71846F9F7C9FDACE7092243F07D
:10D9C00040032A604FF0FF30A38138BDE83A0020C1
:10D9D0002DE9F04782B0824688461446FAF73AF8B5
:10D9E000012803D108F1FF33FE2B36D90DF10409CC
:10D9F000424604F15C0349465046FEF701FD421CD5
:10DA0000064632D020B39DF804C0002509E0236803
:10DA10005A1C226083F800C00135B54218D219F8AB
:10DA200001CFA368013B002BA360F0DAA769BB42DA
:10DA300061462246504602DBBCF10A0FE7D100F0F6
:10DA400053F9431CE8D10646304602B0BDE8F087E2
:10DA50004646304602B0BDE8F0875FFA88FC8DF894
:10DA600004C006460DF10409CFE7A389304643F010
:10DA70004003A38102B0BDE8F08700BF30B5536E0C
:10DA800013F0010FB2F90C30144683B005469AB278
:10DA900001D198051CD5900406D4626E43F400535E
:10DAA00042F40052A381626622462846FFF790FFA7
:10DAB000636EDA07054602D4A3899B0502D5284682
:10DAC00003B030BDA06DFAF761F8284603B030BD51
:10DAD000A06D0191FAF758F8B4F90C3001999AB297
:10DAE000D9E700BF2DE9F04F8BB0DDE9158A149F0F
:10DAF0000391814605921E46B8F1000F5CD0039B4E
:10DB0000002B5ED0059B1D68002F6AD0741E4EB39B
:10DB1000039B0493043D002601950BE0039B2BBB64
:10DB2000019B1A68002A3AD0BC455CD2013C631CB8
:10DB3000664617D0D8F800300293019BDAF8E0501F
:10DB400053F8042F019307A943464846D8F804B078
:10DB5000A847421C3AD000EB060CBC45DED9029B1C
:10DB6000C8E9003B30460BB0BDE8F08F00280EDD61
:10DB7000049B019D18445A1E07A900F1FF3E11F8AD
:10DB8000013B02F8013F7245F9D101950490059BD4
:10DB90001A6804321A60019B1A68002AC4D1039BD8
:10DBA0000BB1059B1A600CF1FF3600223046C8F815
:10DBB00000200BB0BDE8F08F039B00F58678002BAA
:10DBC000A0D1059B4FF0FF371D689FE706468A21CD
:10DBD00000223046C9F80010C8F800200BB0BDE89C
:10DBE000F08F3E46BEE76646BCE700BF10B584B086
:10DBF000054C06980090079801900448006802942C
:10DC0000FFF770FF04B010BD60350020E83A002037
:10DC10002DE9F0418B890C46990796B008D504F19F
:10DC200043030122C4E90432236016B0BDE8F08149
:10DC3000B4F90E100029064625DB6A4600F0ACF860
:10DC400000281FDB019D05F47045A5F50055B5FAC8
:10DC500085F54FF480686D094FF400674146304602
:10DC6000F7F77CFEE0B1B4F90C30C4F8148043F04F
:10DC7000800320602061A38135BB3B43A38116B0A4
:10DC8000BDE8F081A38913F0800519D04FF040085A
:10DC90000025414630462F46F7F760FE0028E2D1C6
:10DCA000B4F90C309A05C0D423F0030304F1430205
:10DCB00043F002030121C4E90421A3812260B4E7F7
:10DCC0004FF480682F46C9E7B4F90E10304600F0D3
:10DCD00079F810B9B4F90C30CFE7A38923F0030326
:10DCE00043F001031BB2C8E7F8B50D4614460646DB
:10DCF00010B1436B002B4CD0B4F90C20A369A36086
:10DD0000170790B21BD52369CBB1EDB281042F4622
:10DD100022D522686169D31A994229DD0133A168AD
:10DD20000139A160511C2160157062699A4227D0A7
:10DD3000A389DB0701D50A2D22D03846F8BD21463C
:10DD40003046FFF7DFFD08BBB4F90C20236990B221
:10DD5000EDB281042F46DCD442F40052A281626EFF
:10DD6000616922F4005262662268D31A9942D5DCB6
:10DD700021463046FDF75CFB40B922680123CEE71F
:10DD800021463046FDF754FB0028D6D04FF0FF3730
:10DD9000D3E7F9F7DBFBAFE770B50C46084D034658
:10DDA0000026204611461C462E60F4F7A1F9431CBC
:10DDB00000D070BD2B68002BFBD0236070BD00BF6E
:10DDC0007C59002038B5074D0022044608462A60D9
:10DDD000F4F794F9431C00D038BD2B68002BFBD01E
:10DDE000236038BD7C59002081F0004102E000BF73
:10DDF00083F0004330B54FEA41044FEA430594EA0B
:10DE0000050F08BF90EA020F1FBF54EA000C55EA45
:10DE1000020C7FEA645C7FEA655C00F0E2804FEA16
:10DE20005454D4EB5555B8BF6D420CDD2C4480EAF8
:10DE3000020281EA030382EA000083EA010180EA28
:10DE4000020281EA0303362D88BF30BD11F0004F76
:10DE50004FEA01314FF4801C4CEA113102D04042AC
:10DE600061EB410113F0004F4FEA03334CEA1333E7
:10DE700002D0524263EB430394EA050F00F0A780FF
:10DE8000A4F10104D5F1200E0DDB02FA0EFC22FAFA
:10DE900005F2801841F1000103FA0EF2801843FAEE
:10DEA00005F359410EE0A5F120050EF1200E012ADF
:10DEB00003FA0EFC28BF4CF0020C43FA05F3C0181D
:10DEC00051EBE37101F0004507D54FF0000EDCF196
:10DED000000C7EEB00006EEB0101B1F5801F1BD33F
:10DEE000B1F5001F0CD349085FEA30004FEA3C0C43
:10DEF00004F101044FEA445212F5800F80F09A8039
:10DF0000BCF1004F08BF5FEA500C50F1000041EB3C
:10DF1000045141EA050130BD5FEA4C0C404141EB40
:10DF20000101013C28BFB1F5801FE9D291F0000F3B
:10DF300004BF01460020B1FA81F308BF2033A3F1EA
:10DF40000B03B3F120020CDA0C3208DD02F1140CE1
:10DF5000C2F10C0201FA0CF021FA02F10CE002F11C
:10DF60001402D8BFC2F1200C01FA02F120FA0CFC15
:10DF7000DCBF41EA0C019040E41AA2BF01EB04515E
:10DF8000294330BD6FEA04041F3C1CDA0C340EDC5C
:10DF900004F11404C4F1200220FA04F001FA02F39F
:10DFA00040EA030021FA04F345EA030130BDC4F15D
:10DFB0000C04C4F1200220FA02F001FA04F340EA52
:10DFC0000300294630BD21FA04F0294630BD94F003
:10DFD000000F83F4801306BF81F480110134013DEA
:10DFE0004EE77FEA645C18BF7FEA655C29D094EA5B
:10DFF000050F08BF90EA020F05D054EA000C04BFD9
:10E000001946104630BD91EA030F1EBF00210020C3
:10E0100030BD5FEA545C05D14000494128BF41F062
:10E02000004130BD14F580043CBF01F5801130BDC6
:10E0300001F0004545F0FE4141F470014FF0000051
:10E0400030BD7FEA645C1ABF194610467FEA655C02
:10E050001CBF0B46024650EA013406BF52EA0335A4
:10E0600091EA030F41F4002130BD00BF90F0000F92
:10E0700004BF0021704730B54FF4806404F13204CE
:10E080004FF000054FF0000150E700BF90F0000F87
:10E0900004BF0021704730B54FF4806404F13204AE
:10E0A00010F0004548BF40424FF000013EE700BF7E
:10E0B00042004FEAE2014FEA31014FEA02701FBF0E
:10E0C00012F07F4393F07F4F81F06051704732F040
:10E0D0007F4208BF704793F07F4F04BF41F4002197
:10E0E000704730B54FF4607401F0004521F00041F5
:10E0F0001CE700BF50EA010208BF704730B54FF07F
:10E1000000050AE050EA010208BF704730B511F07F
:10E11000004502D5404261EB41014FF4806404F1B7
:10E1200032045FEA915C3FF4D8AE4FF003025FEA3D
:10E13000DC0C18BF03325FEADC0C18BF033202EBC1
:10E14000DC02C2F1200300FA03FC20FA02F001FA1B
:10E1500003FE40EA0E0021FA02F11444BDE600BFBE
:10E1600008B502460B4643EC172BB5EEC07BF1EE2B
:10E1700010FA03D4BDE8084000F00CB8B1EE477BBC
:10E1800051EC170B00F006F8404261EB410108BD6D
:10E19000000000009FED0B6B41EC170B9FED0B5B3C
:10E1A00027EE066BBCEEC66BB8EE464BA4EE457B85
:10E1B000FCEEC77B16EE101A17EE900A704700BFF0
:10E1C000AFF30080000000000000F03D0000000000
:10E1D0000000F0415FF800F0551A00605FF800F0B1
:04E1E000AD19006015
:04E1E400F8B500BFCB
:08E1E8001851FF7F0100000047
:10E1F000000000000000000000000000000000001F
:10E20000000000000000000000000000000000000E
:10E2100000000000000000000000000000000000FE
:10E2200000000000000000000000000000000000EE
:10E2300000000000000000000000000000000000DE
:10E2400000000000000000000000000000000000CE
:10E2500000000000000000000000000000000000BE
:10E2600000000000000000000000000000000000AE
:10E27000000000000000000000000000000000009E
:10E28000000000000000000000000000000000008E
:10E29000000000000000000000000000000000007E
:10E2A000000000000000000000000000000000006E
:10E2B000000000000000000000000000000000005E
:10E2C000000000000000000000000000000000004E
:10E2D000000000000000000000000000000000003E
:10E2E000000000000000000000000000000000002E
:10E2F000000000000000000000000000000000001E
:10E30000000000000000000000000000000000000D
:10E3100000000000000000000000000000000000FD
:10E3200000000000000000000000000000000000ED
:10E3300000000000000000000000000000000000DD
:10E3400000000000000000000000000000000000CD
:10E3500000000000000000000000000000000000BD
:10E3600000000000000000000000000000000000AD
:10E37000000000000000000000000000000000009D
:10E38000000000000000000000000000000000008D
:10E39000000000000000000000000000000000007D
:10E3A000000000000000000000000000000000006D
:10E3B000000000000000000000000000000000005D
:10E3C000000000000000000000000000000000004D
:10E3D000000000000000000000000000000000003D
:10E3E000000000000000000000000000000000002D
:10E3F000000000000000000000000000000000001D
:10E40000000000000000000000000000000000000C
:10E4100000000000000000000000000000000000FC
:10E4200000000000000000000000000000000000EC
:10E4300000000000000000000000000000000000DC
:10E4400000000000000000000000000000000000CC
:10E4500000000000000000000000000000000000BC
:10E4600000000000000000000000000000000000AC
:10E470000000000000000000000000000000244038
:10E480000000000000405940182D4454FB21E9BF12
:10E49000D221337F7CD90240D221337F7CD902C084
:10E4A0000000000000000080182D4454FB210940AA
:10E4B000182D4454FB2109C000000040FB21F93F06
:10E4C000000000002D44743E000000809846F83C97
:10E4D0000000006051CC783B00000080831BF039C5
:10E4E0000000004020257A38000000802282E336B8
:10E4F000000000001DF3693500000000000000006E
:10E500000000000000000080FE822B654715674078
:10E5100000000000000038430000FAFE422E76BFE3
:10E520003A3B9EBC9AF70CBDBDFDFFFFFFFFDF3FEE
:10E530003C5455555555C53F912B17CF5555A53FC3
:10E5400017D0A4671111813F000000000000C842ED
:10E55000EF39FAFE422EE63F24C482FFBDBFCE3F14
:10E56000B5F40CD7086BAC3FCC5046D2ABB2833F6E
:10E57000843A4E9BE0D7553F0000000000000000A9
:10E58000000000000000F03F6EBF881A4F3B9B3C2C
:10E590003533FBA93DF6EF3F5DDCD89C136071BCC1
:10E5A0006180773E9AECEF3FD16687107A5E90BC2F
:10E5B000857F6EE815E3EF3F13F6673552D28C3C4A
:10E5C000748515D3B0D9EF3FFA8EF92380CE8BBC7A
:10E5D000DEF6DD296BD0EF3F61C8E6614EF7603CA7
:10E5E000C89B751845C7EF3F99D3335BE4A3903CB4
:10E5F00083F3C6CA3EBEEF3F6D7B835DA69A973C10
:10E600000F89F96C58B5EF3FFCEFFD921AB58E3CBF
:10E61000F747722B92ACEF3FD19C2F703DBE3E3C32
:10E62000A2D1D332ECA3EF3F0B6E908934036ABCC6
:10E630001BD3FEAF669BEF3F0EBD2F2A525695BCF3
:10E64000515B12D00193EF3F55EA4E8CEF8050BCE6
:10E65000CC316CC0BD8AEF3F16F4D5B923C991BC4B
:10E66000E02DA9AE9A82EF3FAF555CE9E3D3803C41
:10E67000518EA5C8987AEF3F4893A5EA151B80BC38
:10E680007B517D3CB872EF3F3D32DE55F01F8FBCB1
:10E69000EA8D8C38F96AEF3FBF53133F8C898B3C6E
:10E6A00075CB6FEB5B63EF3F26EB11769CD996BC85
:10E6B000D45C0484E05BEF3F602F3A3EF7EC9A3C79
:10E6C000AAB968318754EF3F9D3886CB82E78FBC6B
:10E6D0001DD9FC22504DEF3F8DC3A644416F8A3CAB
:10E6E000D68C62883B46EF3F7D04E4B0057A803CDF
:10E6F00096DC7D91493FEF3F94A8A8E3FD8E963CC0
:10E700003862756E7A38EF3F7D4874F2185E873C48
:10E710003FA6B24FCE31EF3FF2E71F982B47803C28
:10E72000DD7CE265452BEF3F5E08713F7BB896BC10
:10E730008163F5E1DF24EF3F31AB096DE1F7823C06
:10E74000E1DE1FF59D1EEF3FFABF6F1A9B213DBC16
:10E7500090D9DAD07F18EF3FB40A0C7282378B3C25
:10E760000B03E4A68512EF3F8FCBCE8992146E3C4B
:10E77000562F3EA9AF0CEF3FB6ABB04D754D833C65
:10E7800015B7310AFE06EF3F4C74ACE20142863CFD
:10E7900031D84CFC7001EF3F4AF8D35D39DD8F3C36
:10E7A000FF1664B208FCEE3F045B8E3B80A386BC80
:10E7B000F19F925FC5F6EE3F68504BCCED4A92BC9C
:10E7C000CBA93A37A7F1EE3F8E2D511BF80799BC24
:10E7D00066D8056DAEECEE3FD236943EE8D171BC02
:10E7E000F79FE534DBE7EE3F151BCEB3191999BC53
:10E7F000E5A813C32DE3EE3F6D4C2AA7489F853C47
:10E800002234124CA6DEEE3F8A69287A601293BC4D
:10E810001C80AC0445DAEE3F5B8917488FA758BCD3
:10E820002A2EF7210AD6EE3F1B9A49679B2C7CBC07
:10E8300097A850D9F5D1EE3F11ACC260ED63433CCF
:10E840002D89616008CEEE3FEF64063B0966963C79
:10E8500057001DED41CAEE3F7903A1DAE1CC6E3CD1
:10E86000D03CC1B5A2C6EE3F30120F3F8EFF933CA5
:10E87000DED3D7F02AC3EE3FB0AF7ABBCE90763C62
:10E88000272A36D5DABFEE3F77E054EBBD1D933C27
:10E890000DDDFD99B2BCEE3F8EA3710034948FBCA8
:10E8A000A72C9D76B2B9EE3F49A393DCCCDE87BCA2
:10E8B0004266CFA2DAB6EE3F5F380FBDC6DE78BC47
:10E8C000824F9D562BB4EE3FF65C7BEC461286BC25
:10E8D0000F925DCAA4B1EE3F8ED7FD180535933C6B
:10E8E000DA27B53647AFEE3F059B8A2FB7987B3CBA
:10E8F000FDC797D412ADEE3F09541CE2E163903C92
:10E90000295448DD07ABEE3FEAC6195085C7343CB1
:10E91000B746598A26A9EE3F35C0642BE632943CAF
:10E920004821AD156FA7EE3F9F7699614AE48CBCF4
:10E9300009DC76B9E1A5EE3FA84DEF3BC5338CBCB1
:10E9400085553AB07EA4EE3FAEE92B89785384BC5E
:10E9500020C3CC3446A3EE3F58585678DDCE93BC46
:10E960002522558238A2EE3F64197E80AA10573CBA
:10E9700073A94CD455A1EE3F28225EBFEFB393BCE0
:10E98000CD3B7F669EA0EE3F82B93487AD126ABC54
:10E99000BFDA0B7512A0EE3FEEA96DB8EF6763BC4E
:10E9A0002F1A653CB29FEE3F5188E0543DDC80BC9D
:10E9B000849451F97D9FEE3FCF3E5A7E641F78BC10
:10E9C000745FECE8759FEE3FB07D8BC04AEE86BC6D
:10E9D0007481A5489A9FEE3F8AE6551E321986BC7F
:10E9E000C9674256EB9FEE3FD3D4095ECB9C903C67
:10E9F0003F5DDE4F69A0EE3F1DA54DB9DC327BBC0B
:10EA00008701EB7314A1EE3F6BC06754FDEC943C9F
:10EA100032C13001EDA1EE3F556CD6ABE1EB653C68
:10EA2000624ECF36F3A2EE3F42CFB32FC5A188BCD2
:10EA3000121A3E5427A4EE3F34373BF1B66993BC1B
:10EA400013CE4C9989A5EE3F1EFF193A845E80BC17
:10EA5000ADC723461AA7EE3F6E5772D850D494BC68
:10EA6000ED92449BD9A8EE3F008A0E5B67AD903CC7
:10EA700099668AD9C7AAEE3FB4EAF0C12FB78D3C98
:10EA8000DBA02A42E5ACEE3FFFE7C59C60B665BC63
:10EA90008C44B51632AFEE3F445FF35983F67B3CAE
:10EAA00036771599AEB1EE3F833D1EA71F0993BC83
:10EAB000C6FF910B5BB4EE3F291E6C8BB8A95DBC01
:10EAC000E5C5CDB037B7EE3F59B9907CF9236CBCA2
:10EAD0000F52C8CB44BAEE3FAAF9F422434392BC8A
:10EAE000504EDE9F82BDEE3F4B8E66D76CCA85BC12
:10EAF000BA07CA70F1C0EE3F27CE912BFCAF713C34
:10EB000090F0A38291C4EE3FBB730AE135D26D3C15
:10EB10002323E31963C8EE3F6322622204C587BC46
:10EB200065E55D7B66CCEE3FD531E2E3861C8B3C30
:10EB3000332D4AEC9BD0EE3F15BBBCD3D1BB91BC6F
:10EB40005D253EB203D5EE3FD231EE9C31CC903CF8
:10EB500058B330139ED9EE3FB35A736E8469843C28
:10EB6000BFFD79556BDEEE3FB49D8E97CDDF82BC45
:10EB70007AF3D3BF6BE3EE3F8733CB92771A8C3CAB
:10EB8000ADD35A999FE8EE3FFAD9D14A8F7B90BC1A
:10EB900066B68D2907EEEE3FBAAEDC56D9C355BC3A
:10EBA000FB154FB8A2F3EE3F40F6A63D0EA490BC75
:10EBB0003A59E58D72F9EE3F3493AD38F4D668BC1E
:10EBC000475EFBF276FFEE3F358A586BE2EE91BC72
:10EBD0004A06A130B005EF3FCDDD5F0AD7FF743C98
:10EBE000D2C14B901E0CEF3FAC9892FAFBBD91BC8A
:10EBF000091ED75BC212EF3FB30CAF30AE6E733C51
:10EC00009C5285DD9B19EF3F94FD9F5C32E38E3C67
:10EC10007AD0FF5FAB20EF3FAC5909D18FE0843C45
:10EC20004BD1572EF127EF3F671A4E38AFCD633CDB
:10EC3000B5E706946D2FEF3F6819926C2C6B673C1B
:10EC40006990EFDC2037EF3FD2B5CC83188A80BCC7
:10EC5000FAC35D550B3FEF3F6FFAFF3F5DAD8FBCD1
:10EC60007C89074A2D47EF3F49A97538AE0D90BC06
:10EC7000F2890D08874FEF3FA7073DA685A3743C97
:10EC800087A4FBDC1858EF3F0F2240209E9182BCE6
:10EC90009883C916E360EF3FAC92C1D5505A8E3CC1
:10ECA0008532DB03E669EF3F4B6B01AC593A843C9C
:10ECB00060B401F32173EF3F1F3EB40721D582BC3E
:10ECC0005F9B7B33977CEF3FC90D473BB92A89BCDB
:10ECD00029A1F5144686EF3FD3883A6004B6743C08
:10ECE000F63F8BE72E90EF3F71729D51ECC5833C50
:10ECF000834CC7FB519AEF3FF091D38F12F78FBC33
:10ED0000DA90A4A2AFA4EF3F7D7423E298AE8DBC4D
:10ED1000F1678E2D48AFEF3F0820AA41BCC38E3C5F
:10ED2000275A61EE1BBAEF3F32EBA9C3942B843C08
:10ED300097BA6B372BC5EF3FEE85D131A9648A3C7A
:10ED400040456E5B76D0EF3FEDE33BE4BA378EBCD7
:10ED500014BE9CADFDDBEF3F9DCD914D3B89773CD3
:10ED6000D8909E81C1E7EF3F89CC6041C105533CFB
:10ED7000F1718F2BC2F3EF3F0080E03779C341433D
:10ED8000176E05B5B5B89346F5F93FE9034F384D11
:10ED9000321D30F94877825A3CBF737FDD4F1575BD
:10EDA000000000000000F03F0000000000002440D0
:10EDB00000000000000059400000000000408F40AB
:10EDC000000000000088C34000000000006AF84016
:10EDD0000000000080842E4100000000D01263413A
:10EDE0000000000084D797410000000065CDCD41B0
:10EDF000000000205FA00242000000E87648374291
:10EE0000000000A2941A6D42000040E59C30A2422E
:10EE10000000901EC4BCD64200003426F56B0C43A3
:10EE20000080E03779C3414300A0D885573476434A
:10EE300000C84E676DC1AB43003D9160E458E143AB
:10EE4000408CB5781DAF154450EFE2D6E41A4B4420
:10EE500092D54D06CFF08044F64AE1C7022DB54465
:10EE6000B49DD9794378EA440038FAFE422EE63F51
:10EE70003067C79357F32E3D000000000000E0BF4D
:10EE8000605555555555E5BF060000000000E03FB0
:10EE90004E5559999999E93F7AA429555555E5BF99
:10EEA000E945489B5B49F2BFC33F268B2B00F03FEF
:10EEB0000000000000A0F63F00000000000000007D
:10EEC00000C8B9F2822CD6BF8056372824B4FA3C49
:10EED000000000000080F63F00000000000000007D
:10EEE000000858BFBDD1D5BF20F7E0D808A51CBD8C
:10EEF000000000000060F63F00000000000000007D
:10EF0000005845177776D5BF6D50B6D5A46223BD9E
:10EF1000000000000040F63F00000000000000007C
:10EF200000F82D87AD1AD5BFD567B09EE484E6BC46
:10EF3000000000000020F63F00000000000000007C
:10EF4000007877955FBED4BFE03E2993691B04BD6E
:10EF5000000000000000F63F00000000000000007C
:10EF600000601CC28B61D4BFCC844C482FD8133DA9
:10EF70000000000000E0F53F00000000000000007D
:10EF800000A886863004D4BF3A0B82EDF342DC3C05
:10EF90000000000000C0F53F00000000000000007D
:10EFA000004869554CA6D3BF60945186C6B1203D38
:10EFB0000000000000A0F53F00000000000000007D
:10EFC0000080989ADD47D3BF9280C5D44D59253D26
:10EFD000000000000080F53F00000000000000007D
:10EFE0000020E1BAE2E8D2BFD82BB7991E7B263DBC
:10EFF000000000000060F53F00000000000000007D
:10F000000088DE135A89D2BF3FB0CFB614CA153D6F
:10F01000000000000060F53F00000000000000005C
:10F020000088DE135A89D2BF3FB0CFB614CA153D4F
:10F03000000000000040F53F00000000000000005C
:10F040000078CFFB4129D2BF76DA5328245A16BD67
:10F05000000000000020F53F00000000000000005C
:10F06000009869C198C8D1BF0454E768BCAF1FBD00
:10F07000000000000000F53F00000000000000005C
:10F0800000A8ABAB5C67D1BFF0A88233C61F1F3DA1
:10F090000000000000E0F43F00000000000000005D
:10F0A0000048AEF98B05D1BF665A05FDC4A826BD40
:10F0B0000000000000C0F43F00000000000000005D
:10F0C000009073E224A3D0BF0E03F47EEE6B0CBD60
:10F0D0000000000000A0F43F00000000000000005D
:10F0E00000D0B4942540D0BF7F2DF49EB836F0BC3C
:10F0F0000000000000A0F43F00000000000000003D
:10F1000000D0B4942540D0BF7F2DF49EB836F0BC1B
:10F11000000000000080F43F00000000000000003C
:10F1200000405E6D18B9CFBF873C99AB2A570D3DA3
:10F13000000000000060F43F00000000000000003C
:10F140000060DCCBADF0CEBF24AF869CB7262B3D54
:10F15000000000000040F43F00000000000000003C
:10F1600000F02A6E0727CEBF10FF3F544F2F17BD68
:10F17000000000000020F43F00000000000000003C
:10F1800000C04F6B215CCDBF1B68CABB91BA213D4B
:10F19000000000000000F43F00000000000000003C
:10F1A00000A09AC7F78FCCBF34849F684F79273D62
:10F1B000000000000000F43F00000000000000001C
:10F1C00000A09AC7F78FCCBF34849F684F79273D42
:10F1D0000000000000E0F33F00000000000000001D
:10F1E00000902D7486C2CBBF8FB78B31B04E193DC6
:10F1F0000000000000C0F33F00000000000000001D
:10F2000000C0804EC9F3CABF6690CD3F634EBA3C82
:10F210000000000000A0F33F00000000000000001C
:10F2200000B0E21FBC23CABFEAC146DC648C25BD26
:10F230000000000000A0F33F0000000000000000FC
:10F2400000B0E21FBC23CABFEAC146DC648C25BD06
:10F25000000000000080F33F0000000000000000FC
:10F260000050F49C5A52C9BFE3D4C104D9D12ABD7D
:10F27000000000000060F33F0000000000000000FC
:10F2800000D02065A07FC8BF09FADB7FBFBD2B3D42
:10F29000000000000040F33F0000000000000000FC
:10F2A00000E0100289ABC7BF584A537290DB2B3D78
:10F2B000000000000040F33F0000000000000000DC
:10F2C00000E0100289ABC7BF584A537290DB2B3D58
:10F2D000000000000020F33F0000000000000000DC
:10F2E00000D019E70FD6C6BF66E2B2A36AE410BD2C
:10F2F000000000000000F33F0000000000000000DC
:10F300000090A77030FFC5BF3950109F439E1EBDAF
:10F31000000000000000F33F0000000000000000BB
:10F320000090A77030FFC5BF3950109F439E1EBD8F
:10F330000000000000E0F23F0000000000000000BC
:10F3400000B0A1E3E526C5BF8F5B07908BDE20BD33
:10F350000000000000C0F23F0000000000000000BC
:10F360000080CB6C2B4DC4BF3C783561C10C173D80
:10F370000000000000C0F23F00000000000000009C
:10F380000080CB6C2B4DC4BF3C783561C10C173D60
:10F390000000000000A0F23F00000000000000009C
:10F3A00000901E20FC71C3BF3A54274D8678F13C73
:10F3B000000000000080F23F00000000000000009C
:10F3C00000F01FF85295C2BF08C47117308D24BDDC
:10F3D000000000000060F23F00000000000000009C
:10F3E00000602FD52AB7C1BF96A31118A4802EBDE7
:10F3F000000000000060F23F00000000000000007C
:10F4000000602FD52AB7C1BF96A31118A4802EBDC6
:10F41000000000000040F23F00000000000000007B
:10F420000090D07C7ED7C0BFF45BE88896690A3D27
:10F43000000000000040F23F00000000000000005B
:10F440000090D07C7ED7C0BFF45BE88896690A3D07
:10F45000000000000020F23F00000000000000005B
:10F4600000E0DB3191ECBFBFF233A35C547525BDE6
:10F47000000000000000F23F00000000000000005B
:10F4800000002B6E0727BEBF3C00F02A2C342A3D1B
:10F49000000000000000F23F00000000000000003B
:10F4A00000002B6E0727BEBF3C00F02A2C342A3DFB
:10F4B0000000000000E0F13F00000000000000003C
:10F4C00000C05B8F545EBCBF06BE5F58570C1DBDAD
:10F4D0000000000000C0F13F00000000000000003C
:10F4E00000E04A3A6D92BABFC8AA5BE83539253DBB
:10F4F0000000000000C0F13F00000000000000001C
:10F5000000E04A3A6D92BABFC8AA5BE83539253D9A
:10F510000000000000A0F13F00000000000000001B
:10F5200000A031D645C3B8BF68562F4D297C133D86
:10F530000000000000A0F13F0000000000000000FB
:10F5400000A031D645C3B8BF68562F4D297C133D66
:10F55000000000000080F13F0000000000000000FB
:10F560000060E58AD2F0B6BFDA7333C9379726BD9B
:10F57000000000000060F13F0000000000000000FB
:10F580000020063F071BB5BF575EC6615B021F3DEB
:10F59000000000000060F13F0000000000000000DB
:10F5A0000020063F071BB5BF575EC6615B021F3DCB
:10F5B000000000000040F13F0000000000000000DB
:10F5C00000E01B96D741B3BFDF13F9CCDA5E2C3DC8
:10F5D000000000000040F13F0000000000000000BB
:10F5E00000E01B96D741B3BFDF13F9CCDA5E2C3DA8
:10F5F000000000000020F13F0000000000000000BB
:10F600000080A3EE3665B1BF09A38F765E7C143D02
:10F61000000000000000F13F0000000000000000BA
:10F62000008011C0300AAFBF918E36839E592D3DA8
:10F63000000000000000F13F00000000000000009A
:10F64000008011C0300AAFBF918E36839E592D3D88
:10F650000000000000E0F03F00000000000000009B
:10F6600000801971DD42ABBF4C70D6E57A821C3D3B
:10F670000000000000E0F03F00000000000000007B
:10F6800000801971DD42ABBF4C70D6E57A821C3D1B
:10F690000000000000C0F03F00000000000000007B
:10F6A00000C032F65874A7BFEEA1F23446FC2CBD60
:10F6B0000000000000C0F03F00000000000000005B
:10F6C00000C032F65874A7BFEEA1F23446FC2CBD40
:10F6D0000000000000A0F03F00000000000000005B
:10F6E00000C0FEB9879EA3BFAAFE26F5B702F53C6F
:10F6F0000000000000A0F03F00000000000000003B
:10F7000000C0FEB9879EA3BFAAFE26F5B702F53C4E
:10F71000000000000080F03F00000000000000003A
:10F720000000780E9B829FBFE4097E7C268029BD65
:10F73000000000000080F03F00000000000000001A
:10F740000000780E9B829FBFE4097E7C268029BD45
:10F75000000000000060F03F00000000000000001A
:10F760000080D5071BB997BF39A6FA93548D28BDE1
:10F77000000000000040F03F00000000000000001A
:10F780000000FCB0A8C08FBF9CA6D3F67C1EDFBCD7
:10F79000000000000040F03F0000000000000000FA
:10F7A0000000FCB0A8C08FBF9CA6D3F67C1EDFBCB7
:10F7B000000000000020F03F0000000000000000FA
:10F7C0000000106B2AE07FBFE440DA0D3FE219BD74
:10F7D000000000000020F03F0000000000000000DA
:10F7E0000000106B2AE07FBFE440DA0D3FE219BD54
:10F7F000000000000000F03F0000000000000000DA
:10F8000000000000000000000000000000000000F8
:10F81000000000000000F03F0000000000000000B9
:10F8200000000000000000000000000000000000D8
:10F830000000000000C0EF3F0000000000000000DA
:10F84000000089751510803FE82B9D996BC710BD8E
:10F85000000000000080EF3F0000000000000000FA
:10F86000008093585620903FD2F7E2065BDC23BD20
:10F87000000000000040EF3F00000000000000001A
:10F880000000C9282549983F340C5A32BAA02ABD35
:10F89000000000000000EF3F00000000000000003A
:10F8A0000040E7895D41A03F53D7F15CC011013DA5
:10F8B0000000000000C0EE3F00000000000000005B
:10F8C00000002ED4AE66A43F28FDBD7573162CBD76
:10F8D000000000000080EE3F00000000000000007B
:10F8E00000C09F14AA94A83F7D265AD0957919BDCF
:10F8F000000000000040EE3F00000000000000009B
:10F9000000C0DDCD73CBAC3F0728D847F2681ABDE5
:10F91000000000000020EE3F00000000000000009A
:10F9200000C006C031EAAE3F7B3BC94F3E110EBD61
:10F930000000000000E0ED3F0000000000000000BB
:10F94000006046D13B97B13F9B9E0D565D3225BD71
:10F950000000000000A0ED3F0000000000000000DB
:10F9600000E0D1A7F5BDB33FD74EDBA55EC82C3D67
:10F97000000000000060ED3F0000000000000000FB
:10F9800000A0974D5AE9B53F1E1D5D3C06692CBD90
:10F99000000000000040ED3F0000000000000000FB
:10F9A00000C0EA0AD300B73F32ED9DA98D1EEC3CA2
:10F9B000000000000000ED3F00000000000000001B
:10F9C0000040595D5E33B93FDA47BD3A5C11233DD3
:10F9D0000000000000C0EC3F00000000000000003C
:10F9E0000060AD8DC86ABB3FE568F72B809013BD02
:10F9F0000000000000A0EC3F00000000000000003C
:10FA00000040BC015888BC3FD3AC5AC6D146263D05
:10FA1000000000000060EC3F00000000000000005B
:10FA200000200A8339C7BE3FE045E6AF68C02DBD60
:10FA3000000000000040EC3F00000000000000005B
:10FA400000E0DB3991E8BF3FFD0AA14FD63425BD68
:10FA5000000000000000EC3F00000000000000007B
:10FA600000E027828E17C13FF2072DCE78EF213DAF
:10FA70000000000000E0EB3F00000000000000007C
:10FA800000F0237E2BAAC13F349938448EA72C3D29
:10FA90000000000000A0EB3F00000000000000009C
:10FAA0000080860C61D1C23FA1B481CB6C9D033D27
:10FAB000000000000080EB3F00000000000000009C
:10FAC000009015B0FC65C33F89724B23A82FC63C3C
:10FAD000000000000040EB3F0000000000000000BC
:10FAE00000B033833D91C43F78B6FD547983253D02
:10FAF000000000000020EB3F0000000000000000BC
:10FB000000B0A1E4E527C53FC77D69E5E833263DA0
:10FB10000000000000E0EA3F0000000000000000DC
:10FB200000108CBE4E57C63F782E3C2C8BCF193D13
:10FB30000000000000C0EA3F0000000000000000DC
:10FB40000070758B12F0C63FE1219CE58D1125BD3B
:10FB50000000000000A0EA3F0000000000000000DC
:10FB6000005044858D89C73F0543917010661CBDC8
:10FB7000000000000060EA3F0000000000000000FC
:10FB8000000039EBAFBEC83FD12CE9AA543D07BDF8
:10FB9000000000000040EA3F0000000000000000FC
:10FBA0000000F7DC5A5AC93F6FFFA05828F2073D02
:10FBB000000000000000EA3F00000000000000001C
:10FBC00000E08A3CED93CA3F69215650437228BD3C
:10FBD0000000000000E0E93F00000000000000001D
:10FBE00000D05B57D831CB3FAAE1AC4E8D350CBD70
:10FBF0000000000000C0E93F00000000000000001D
:10FC000000E03B3887D0CB3FB6125459C44B2DBDD2
:10FC10000000000000A0E93F00000000000000001C
:10FC20000010F0C6FB6FCC3FD22B96C572ECF1BC36
:10FC3000000000000060E93F00000000000000003C
:10FC40000090D4B03DB1CD3F35B015F72AFF2ABDA5
:10FC5000000000000040E93F00000000000000003C
:10FC60000010E7FF0E53CE3F30F441602712C23C34
:10FC7000000000000020E93F00000000000000003C
:10FC80000000DDE4ADF5CE3F118EBB651521CABC89
:10FC9000000000000000E93F00000000000000003C
:10FCA00000B0B36C1C99CF3F30DF0CCAECCB1B3DCE
:10FCB0000000000000C0E83F00000000000000005D
:10FCC00000584D603871D03F914EED16DB9CF83CEA
:10FCD0000000000000A0E83F00000000000000005D
:10FCE000006061672DC4D03FE9EA3C168B18273DC0
:10FCF000000000000080E83F00000000000000005D
:10FD000000E827828E17D13F1CF0A5630E212CBD81
:10FD1000000000000060E83F00000000000000005C
:10FD200000F8ACCB5C6BD13F8116A5F7CD9A2B3D8B
:10FD3000000000000040E83F00000000000000005C
:10FD400000685A6399BFD13FB7BD4751EDA62C3D1E
:10FD5000000000000020E83F00000000000000005C
:10FD600000B80E6D4514D23FEABA46BADE870A3DA6
:10FD70000000000000E0E73F00000000000000007D
:10FD80000090DC7CF0BED23FF404504AFA9C2A3D3D
:10FD90000000000000C0E73F00000000000000007D
:10FDA0000060D3E1F114D33FB83C21D37AE228BDFF
:10FDB0000000000000A0E73F00000000000000007D
:10FDC0000010BE76676BD33FC877F1B0CD6E113DA2
:10FDD000000000000080E73F00000000000000007D
:10FDE0000030337752C2D33F5CBD06B6543B183D5A
:10FDF000000000000060E73F00000000000000007D
:10FE000000E8D523B419D43F9DE090EC36E4083DDA
:10FE1000000000000040E73F00000000000000007C
:10FE200000C871C28D71D43F75D66709CE272FBD2A
:10FE3000000000000020E73F00000000000000007C
:10FE40000030179EE0C9D43FA4D80A1B89202EBDDC
:10FE5000000000000000E73F00000000000000007C
:10FE600000A03807AE22D53F59C7648170BE2E3D31
:10FE70000000000000E0E63F00000000000000007D
:10FE800000D0C853F77BD53FEF405DEEEDAD1F3D91
:10FE90000000000000C0E63F00000000000000007D
:10FEA000006059DFBDD5D53FDC65A4082A0B0ABD2B
:10FEB0004FBB610567ACDD3F182D4454FB21E93F82
:10FEC0009BF681D20B73EF3F182D4454FB21F93F71
:10FED000E2652F227F2B7A3C075C143326A6813CF7
:10FEE000BDCBF07A8807703C075C143326A6913CA2
:10FEF000BC89D897B2D29C3C33A7A8D523F6493900
:10FF00003DA7F444FD0FA5329D978CCF08BA5B2521
:10FF1000436FAC6428066811000000000000000078
:10FF200000000000000000000000000000000000D1
:10FF30000000000000000000D0070000D007000013
:10FF4000B80B0000B80B0000D0070000D00700007D
:10FF5000B80B0000B80B000000000000010000001A
:10FF6000030000000200000000000000D0070000B5
:10FF7000D0070000B80B0000B80B00002566230076
:10FF800025642C256423000025752300256C75232A
:10FF900000000000256C662300000000256C64232F
:10FFA00000000000256C6425252300007923000053
:10FFB0006E230000303132333435363738396162E0
:10FFC0006364656600000000253032642A25303203
:10FFD000643A2530326400002B253032642A253003
:10FFE00032643A25303264002573253032643A2574
:10FFF0003032643A25303264000000003A41302C3F
:02000004600397
:10000000332300003A412A2C332300002A303132B6
:1000100033343536373839504357414200000000F9
:10002000450000002B2D0000414D55004143440088
:1000300041535551000000002B2D67475051735319
:10004000242100004F6F49693A303132333435365C
:10005000373863436D725700783F7E4D56416100DB
:100060007473000041614363446465666747684C8C
:100070004D4E4F506D6E6F52725354745658575ABE
:1000800000000000426243464F50515253000000AE
:1000900065776E736700000050534155463F61001D
:1000A000313240002365776E7300000047434D53A3
:1000B00030313233340000002161424365646747C8
:1000C000684C6D4D6E4E6F4F72745455587A0000E7
:1000D000522B2D54534C51006564303132000000D6
:1000E00030313233000000003F00000058000000B3
:1000F0004D6F756E74202564000000003A41452361
:10010000000000003A434123000000003A434D2321
:10011000000000003A435323000000003A435523F7
:10012000000000003A4423003A4544230000000048
:100130003A464123000000003A46562300000000E2
:100140003A466123000000003A467E23000000008A
:100150003A472823000000003A4729230000000006
:100160003A474123000000003A47432300000000C3
:100170003A474423000000003A47444C2300000063
:100180003A474723000000003A474C230000000094
:100190003A474D23000000003A474E23000000007C
:1001A0003A474F23000000003A4752230000000066
:1001B0003A47524C230000003A4753230000000006
:1001C0003A47534C230000003A47542300000000F4
:1001D0003A475642230000003A47564423000000A5
:1001E0003A47564E230000003A475650230000007D
:1001F0003A475654230000003A4756622300000055
:100200003A475723000000003A4758413023000086
:100210003A475841312300003A4758413223000001
:100220003A475841332300003A47584134230000ED
:100230003A475841352300003A47584136230000D9
:100240003A475841372300003A47584138230000C5
:100250003A475841532300003A4758416123000070
:100260003A475841772300003A4758417A23000023
:100270003A475843532300003A475844503023002C
:100280003A475844503123003A47584450322300EB
:100290003A475844503323003A47584450342300D7
:1002A0003A475844503523003A47584450362300C3
:1002B0003A475844503723003A47584452312300B4
:1002C0003A475844523223003A47584452332300A5
:1002D0003A475844523423003A4758445235230091
:1002E0003A475844523623003A47584457230000AF
:1002F0003A475844573123003A47584530230000C5
:100300003A475845312300003A4758453223000008
:100310003A475845412300003A47584544230000D6
:100320003A4758454F2300003A4758455044230068
:100330003A475845505223003A4758455223000047
:100340003A4758455A2300003A475845724423001B
:100350003A475845725223003A47584C452300000B
:100360003A47584C482300003A47584C4F23000066
:100370003A47584C532300003A47584C5523000045
:100380003A47584C572300003A47584D42442300FF
:100390003A47584D425223003A47584D43442300B0
:1003A0003A47584D435223003A47584D474423009B
:1003B0003A47584D475223003A47584D4944230085
:1003C0003A47584D495223003A47584D4C44230070
:1003D0003A47584D4C5223003A47584D4D4423005C
:1003E0003A47584D4D5223003A47584D5244230046
:1003F0003A47584D525223003A47584D5344230030
:100400003A47584D535223003A47584D634423000E
:100410003A47584D635223003A47584D6D442300E4
:100420003A47584D6D5223003A47584F4123000038
:100430003A47584F422300003A47584F43230000A1
:100440003A47584F492300003A47584F532300007A
:100450003A475850312300003A47585032230000A1
:100460003A475850332300003A475850342300008D
:100470003A475852412300003A475852422300005D
:100480003A475852442300003A4758525823000034
:100490003A475852652300003A47585266230000F5
:1004A0003A475852722300003A47585264230000DA
:1004B0003A475854302300003A475854312300003B
:1004C0003A475854322300003A4758543323000027
:1004D0003A47586C582300003A4758726723000087
:1004E0003A475872702300003A475872742300004C
:1004F0003A475A23000000003A47612300000000F9
:100500003A476323000000003A47642300000000DC
:100510003A47644C230000003A476523000000007E
:100520003A476623000000003A47672300000000B6
:100530003A476823000000003A476D23000000009E
:100540003A476E23000000003A476F230000000086
:100550003A477223000000003A47724C2300000023
:100560003A477423000000003A573F230000000080
:100570004E2F41230000000025642C252B303664CB
:100580002C252B303664230025640000253032648E
:100590002F253032642F2530326423002530382E49
:1005A00035662300252B30382E35662300000000E9
:1005B000252B303464230000252B30352E31662363
:1005C00000000000252B3032642A23005369746533
:1005D000202564003F23000025732300253032646A
:1005E0002A230000252B30382E3666230000000019
:1005F0004F6374202031203230323600312E362EB7
:10060000390000005465656E417374726F0000001C
:10061000556E6976657273616C00000030303A3057
:10062000303A303000000000256423005000000004
:10063000470000004C000000540000004E00000085
:100640004800000031000000616C69676E00000026
:10065000706F696E7420310025732009205B256658
:100660002C2025665D000000706F696E74203200DA
:100670006572726F72000000417A696D757468204E
:100680005074333A20000000001900001DEA0100F8
:100690000000000074C00F40C00000000000000017
:1006A0000200000050851F4001000000FF00000014
:1006B000FF0000000000000000000000010000003A
:1006C0000200000054851F4001000000FF000000F0
:1006D000FF0000000000000000000000FF004000DC
:1006E000260018007C00000041424344454647482C
:1006F000494A4B4C4D4E4F505152535455565758F2
:10070000595A6162636465666768696A6B6C6D6E8D
:100710006F707172737475767778797A303132339D
:100720003435363738392B2F000000001F1C1F1EB0
:100730001F1E1F1F1E1F1E1F3A463F2300000000E2
:100740004750524D43000000474E524D43000000B9
:100750004750474741000000474E474741000000CF
:100760006E616E00696E66006F76660041EA010098
:1007700045EA010049EA01004DEA01006CC00F4062
:10078000C0000000504F0000B1AC01000C000000A0
:10079000130000000000000024851F400B00000033
:1007A000130000000000000028851F400D0000001D
:1007B000130000000000000020851F400A00000018
:1007C00013000000010000001C851F4064634141CC
:1007D00020000000646341417400000064634844E9
:1007E000200000006463484474000000696E7600D5
:1007F000746573740000000054696E760000000098
:100800007500000076000000646961670000000068
:10081000646348440000000064634141000000003C
:10082000000000000000000079BB01006DBA01006B
:1008300079B6010009B7010095B7010001B60100C2
:10084000D9B60100DDB50100C1B601009DB60100B9
:1008500021B701003DB60100F1B601000000000023
:100860000000000079BB01006DBA010079B60100FB
:1008700009B7010095B7010001B60100D9B6010022
:10088000DDB50100C1B601009DB6010021B7010030
:100890003DB60100F1B601000000000000000000BC
:1008A00079BB01006DBA010079B6010009B70100FA
:1008B00095B7010001B60100D9B60100DDB5010010
:1008C000C1B601009DB6010021B701003DB601008F
:1008D000F1B60100000000000000000079BB01003B
:1008E0006DBA010079B6010009B7010095B70100A2
:1008F00001B60100D9B60100DDB50100C1B60100A5
:100900009DB6010021B701003DB60100F1B601001E
:10091000000000000000000095EC0100690D0200DD
:10092000650D0200610D0200451D0000411D000023
:100930005D0D0200590D02000000000000000000E3
:10094000CDE801001DED0100E9E1010041E30100F6
:1009500009E20100ADE2010031E20100C5E301005E
:100960005DE30100E5E10100556D0100596D0100F5
:10097000616D0100696D0100D8399D270054EA2A94
:1009800000A4781F007B9A172C2066756E6374692B
:100990006F6E3A2000000000617373657274696FB6
:1009A0006E2022257322206661696C65643A206698
:1009B000696C6520222573222C206C696E652025C8
:1009C00064257325730A000042616C6C6F632073A9
:1009D0007563636565646564000000002F6461747D
:1009E000612F6A656E6B696E732F776F726B7370B0
:1009F0006163652F474E552D746F6F6C6368616935
:100A00006E2F61726D2D31312F7372632F6E65778A
:100A10006C69622D63796777696E2F6E65776C6993
:100A2000622F6C6962632F7374646C69622F6764F0
:100A3000746F612D6765746865782E63000000002F
:100A400000000000000000000000000000000000A6
:100A50000000000000000000000000000000000096
:100A60000000000000000000000000000000000086
:100A700010111213141516171819000000000000A9
:100A8000001A1B1C1D1E1F000000000000000000BB
:100A90000000000000000000000000000000000056
:100AA000001A1B1C1D1E1F0000000000000000009B
:100AB0000000000000000000000000000000000036
:100AC0000000000000000000000000000000000026
:100AD0000000000000000000000000000000000016
:100AE0000000000000000000000000000000000006
:100AF00000000000000000000000000000000000F6
:100B000000000000000000000000000000000000E5
:100B100000000000000000000000000000000000D5
:100B200000000000000000000000000000000000C5
:100B300000000000000000000000000000000000B5
:100B40002F646174612F6A656E6B696E732F776FA6
:100B5000726B73706163652F474E552D746F6F6CA8
:100B6000636861696E2F61726D2D31312F7372630D
:100B70002F6E65776C69622D63796777696E2F6E6A
:100B800065776C69622F6C6962632F7374646C693A
:100B9000622F6D707265632E6300000000202020BC
:100BA000202020202020282828282820202020201D
:100BB00020202020202020202020202020881010ED
:100BC0001010101010101010101010101004040449
:100BD0000404040404040410101010101010414107
:100BE00041414141010101010101010101010101F5
:100BF0000101010101010101101010101010424209
:100C000042424242020202020202020202020202C4
:100C10000202020202020202101010102000000064
:100C200000000000000000000000000000000000C4
:100C300000000000000000000000000000000000B4
:100C400000000000000000000000000000000000A4
:100C50000000000000000000000000000000000094
:100C60000000000000000000000000000000000084
:100C70000000000000000000000000000000000074
:100C80000000000000000000000000000000000064
:100C90000000000000000000000000000000000054
:100CA000496E66696E697479000000004E614E00FD
:100CB0002F646174612F6A656E6B696E732F776F35
:100CC000726B73706163652F474E552D746F6F6C37
:100CD000636861696E2F61726D2D31312F7372639C
:100CE0002F6E65776C69622D63796777696E2F6EF9
:100CF00065776C69622F6C6962632F7374646C69C9
:100D0000622F64746F612E63000000002E000000EB
:100D10006E660000696E697479000000616E000003
:100D2000494E46004E414E0030313233343536376D
:100D3000383941424344454600000000286E756C36
:100D40006C2900002020202020202020202020208E
:100D50002020202020202020202020202020202093
:100D60002020202000000042C8801F40B8821F4081
:100D70000800000000000042C4801F40B4821F40F1
:100D80000400000000C0004224801F4014821F4065
:100D90001000000000C0004228801F4018821F4041
:100DA0002000000000C000422C801F401C821F4019
:100DB0004000000000C0004234801F4024821F40D9
:100DC000000100000040004264811F4054831F4026
:100DD000000400000040004280811F4070831F40DB
:100DE00000000200004000427C811F406C831F40D5
:100DF000000001000040004268811F4058831F40EE
:100E000000080000004000423C811F402C831F402E
:100E1000010000000040004244811F4034831F4015
:100E2000040000000040004240811F4030831F400A
:100E3000020000000040004248811F4038831F40EC
:100E4000080000000000004204811F40F4821F409F
:100E5000000004000000004208811F40F8821F408B
:100E6000000008000000004218811F4008831F4056
:100E7000000080000000004214811F4004831F40D6
:100E8000000040000000004200811F40F0821F402F
:100E90000000020000000042FC801F40EC821F4066
:100EA000000001000000004224811F4014831F4005
:100EB000000000040000004228811F4018831F40EA
:100EC00000000008000000421C811F400C831F40EE
:100ED000000000010000004220811F4010831F40DD
:100EE0000000000200000042EC801F40DC821F4036
:100EF0000010000000000042F0801F40E0821F4010
:100F0000002000000000004234811F4024831F4065
:100F1000000000400000004238811F4028831F402D
:100F2000000000800080004294801F4084821F40A7
:100F30000000040000C0004290801F4080821F40DB
:100F40000000008000800042A8801F4098821F405F
:100F50000000800000800042A4801F4094821F4057
:100F600000004000004000426C811F405C831F4035
:100F70000010000000C0004230801F4020821F404F
:100F80008000000000800042C8811F40B8831F40DD
:100F90000080000000800042C4811F40B4831F40D5
:100FA0000040000000800042C0811F40B0831F400D
:100FB0000020000000800042BC811F40AC831F4025
:100FC0000010000000800042D0811F40C0831F40FD
:100FD0000000020000800042CC811F40BC831F4003
:100FE000000001003000000035000000CEFBFFFFD4
:100FF000CB030000010000000000000034000000EE
:10100000CEFBFFFFCB03000001000000000000004A
:1010100002000000030000000400000006000000C1
:10102000FB21F93FFB2109407CD91240FB211940EB
:101030007A6A1F407CD92240BBFD2540FB21294014
:101040003A462C407A6A2F405C4731407CD9324086
:101050009C6B3440BBFD3540DB8F3740FB21394072
:101060001BB43A403A463C405AD83D407A6A3F4029
:101070004C7E40405C4741406C1042407CD942402D
:101080008CA243409C6B4440AC344540BBFD454082
:10109000CBC64640DB8F4740EB584840FB214940D8
:1010A00005000000190000007D000000010100049F
:1010B00001000004013201010132020101100101AD
:1010C00001110101011201020103020601030106DF
:1010D00001120202020000010202000102010001ED
:1010E00002100001022200010223000100000000A2
:1010F00000000000022100010220000100000000A9
:101100000000000001300101013101010102000471
:1011100001030004000000000000000001210201A2
:10112000012101010000000000000000000000009B
:10113000011002010101020101010101010002018E
:101140000100010101020201010201014C435F4360
:101150004F4C4C41544500004C435F43545950455B
:10116000000000004C435F4D4F4E45544152590022
:101170004C435F4E554D4552494300004C435F542C
:10118000494D45004C435F4D45535341474553003E
:1011900083F9A200444E6E00FC291500D1572700A8
:1011A000DD34F50062DBC0003C99950041904300BE
:1011B0006351FE00BBDEAB00B761C5003A6E240090
:1011C000D24D42004906E00009EA2E001C92D100EF
:1011D000EB1DFE0029B11C00E83EA700F53582009A
:1011E00044BB2E009CE98400B4267000417E5F0061
:1011F000D6913900538339009CF439008B5F840009
:1012000028F9BD00F81F3B00DEFF97000F9805008E
:10121000112FEF000A5A8B006D1F6D00CF7E360034
:1012200009CB2700464FB7009E663F002DEA5F00BE
:10123000BA277500E5EBC7003D7BF100F7390700E1
:1012400092528A00FB6BEA001FB15F00085D8D00BF
:10125000300356007BFC4600F0AB6B0020BCCF0097
:1012600036F49A00E3A91D005E619100081BE600B8
:1012700085996500A0145F008D40680080D8FF004C
:1012800027734D0006063100CA561500C9A8730021
:101290007BE260006B8CC00000010000EC3A002093
:1012A0001200000000060000581D00600A00000047
:1012B00000020000F41C0060620000000007000053
:1012C000901C006062000000EE030000283D00203A
:1012D00012000000000004EE003D00202800000085
:1012E000000300008C1C00600000000001030904E2
:1012F000741C006000000000020309045C1C006014
:1013000000000000030309043C3D00200000000031
:10131000000000000000000000000000303030300D
:1013200030303030303030303030303030303030BD
:10133000303030303030303030303030000000006D
:1013400000000000CC560020345700209C5700209D
:10135000000000000000000000000000000000008D
:10136000000000000000000000000000000000007D
:10137000000000000000000000000000000000006D
:10138000000000000000000000000000000000005D
:10139000000000000000000000000000000000004D
:1013A000000000000000000000000000000000003D
:1013B000000000000000000000000000000000002D
:1013C000000000000000000000000000000000001D
:1013D000000000000000000001000000000000000C
:1013E0000E33CDAB34126DE6ECDE05000B000000D1
:1013F00000000000000000000000000000000000ED
:1014000000000000000000000000000000000000DC
:1014100000000000000000000000000000000000CC
:1014200000000000000000000000000000000000BC
:1014300000000000000000000000000000000000AC
:10144000000000000000000000000000000000009C
:10145000000000000000000000000000000000008C
:101460000029DE07007B9A1700003A408C250020F7
:10147000000000000000000000000000000000006C
:10148000000000000000000000000000000000005C
:10149000000000000000000000000000000000004C
:1014A000000000000000000000000000000000003C
:1014B00000000000000000002827002000000000BD
:1014C000E80300000000000050270020000000009A
:1014D000E80300000000000000801940982400206C
:1014E0000000000064530020A4520020000000000F
:1014F000000000004000000040000000400000002C
:10150000400000000000000000000000000000009B
:1015100000000000000000000000000000000000CB
:101520000000000000000000502700200000000024
:10153000E803000000000000000019405C340020B7
:1015400000000000A4530020E4520020000000002E
:1015500000000000280000004000000028000000FB
:10156000400000000000000000000000000000003B
:10157000000000000000000000000000000000006B
:1015800000000000000000005027002000000000C4
:10159000E80300000000000000801840FC33002039
:1015A00000000000CC530020245300200000000065
:1015B000000000002800000040000000280000009B
:1015C00040000000000000000000000000000000DB
:1015D000000000000000000000000000000000000B
:1015E00000000000000000002C01000002150000B7
:1015F00035EA01000000000068C00F400000003024
:101600000F000000020000002C851F4001000000B8
:10161000FF000000FF0000000000000000000000CC
:101620000E0000000200000030851F400100000095
:10163000FF000000FF0000000000000000000000AC
:101640001302400026001800780000000117000077
:1016500029EA0100000000006CC00F4000000003F8
:10166000070000000200000040851F40020000004B
:10167000FF000000FF00000000000000000000006C
:10168000080000000200000044851F400200000026
:10169000FF000000FF00000000000000000000004C
:1016A000FF004000260018007A0000000000000043
:1016B000800000000000000080000000000000002A
:1016C00080000000FFFFFFFF80841E00AC4F002061
:1016D0003050002038510020985000206400000055
:1016E000680000006A0000006B000000700000004D
:1016F0006D0000006C0000006E0000007100000032
:101700008200000086000000EC4F002050500020B6
:10171000C0510020E8500020720000007600000058
:1017200078000000790000007E0000007B000000CF
:101730007A0000007C0000007F00000087000000AD
:101740008B0000008C56002080302020000000001C
:101750004300000000000000000000000000000046
:101760000000000000000000000000000000000079
:101770004300000000000000000000000000000026
:101780000000000000000000000000000000000059
:101790004300000000000000000000000000000006
:1017A0000000000000000000000000000000000039
:1017B00043000000000000000000000000000000E6
:1017C0000000000000000000000000000000000019
:1017D00043000000000000000000000000000000C6
:1017E00000000000000000000000000000000000F9
:1017F00043000000000000000000000000000000A6
:1018000000000000000000000000000000000000D8
:101810004300000000000000000000000000000085
:1018200000000000000000000000000000000000B8
:10183000D1780200316E020000000000AC290020C7
:101840001C2B0020A4270020A4270020A427002070
:10185000A4270020A4270020A4270020A4270020DC
:10186000A4270020A4270020FFFFFFFFFFFFFFFFAA
:10187000FFFFFFFFFFFF0000010041534349490004
:101880000000000000000000000000000000000058
:1018900000000000000000000000415343494900DF
:1018A0000000000000000000000000000000000038
:1018B0000000000000000000000000000000000028
:1018C00000000000CC360020CC360020D4360020AA
:1018D000D4360020DC360020DC360020E436002040
:1018E000E4360020EC360020EC360020F4360020F0
:1018F000F4360020FC360020FC360020043700209F
:10190000043700200C3700200C370020143700204B
:10191000143700201C3700201C37002024370020FB
:10192000243700202C3700202C37002034370020AB
:10193000343700203C3700203C370020443700205B
:10194000443700204C3700204C370020543700200B
:10195000543700205C3700205C37002064370020BB
:10196000643700206C3700206C370020743700206B
:10197000743700207C3700207C370020843700201B
:10198000843700208C3700208C37002094370020CB
:10199000943700209C3700209C370020A43700207B
:1019A000A4370020AC370020AC370020B43700202B
:1019B000B4370020BC370020BC370020C4370020DB
:1019C000C4370020CC370020CC370020D43700208B
:1019D000D4370020DC370020DC370020E43700203B
:1019E000E4370020EC370020EC370020F4370020EB
:1019F000F4370020FC370020FC370020043800209A
:101A0000043800200C3800200C3800201438002046
:101A1000143800201C3800201C38002024380020F6
:101A2000243800202C3800202C38002034380020A6
:101A3000343800203C3800203C3800204438002056
:101A4000443800204C3800204C3800205438002006
:101A5000543800205C3800205C38002064380020B6
:101A6000643800206C3800206C3800207438002066
:101A7000743800207C3800207C3800208438002016
:101A8000843800208C3800208C38002094380020C6
:101A9000943800209C3800209C380020A438002076
:101AA000A4380020AC380020AC380020B438002026
:101AB000B4380020BC380020BC380020C4380020D6
:101AC000C4380020CC380020CC380020D438002086
:101AD000D4380020DC380020DC380020E438002036
:101AE000E4380020EC380020EC380020F4380020E6
:101AF000F4380020FC380020FC3800200439002095
:101B0000043900200C3900200C3900201439002041
:101B1000143900201C3900201C39002024390020F1
:101B2000243900202C3900202C39002034390020A1
:101B3000343900203C3900203C3900204439002051
:101B4000443900204C3900204C3900205439002001
:101B5000543900205C3900205C39002064390020B1
:101B6000643900206C3900206C3900207439002061
:101B7000743900207C3900207C3900208439002011
:101B8000843900208C3900208C39002094390020C1
:101B9000943900209C3900209C390020A439002071
:101BA000A4390020AC390020AC390020B439002021
:101BB000B4390020BC390020BC390020C4390020D1
:101BC000C4390020CC390020CC390020D439002081
:101BD000D4390020DC390020DC390020E439002031
:101BE000E4390020EC390020EC390020F4390020E1
:101BF000F4390020FC390020FC390020043A002090
:101C0000043A00200C3A00200C3A0020143A00203C
:101C1000143A00201C3A00201C3A0020243A0020EC
:101C2000243A00202C3A00202C3A0020343A00209C
:101C3000343A00203C3A00203C3A0020443A00204C
:101C4000443A00204C3A00204C3A0020543A0020FC
:101C5000543A00205C3A00205C3A0020643A0020AC
:101C6000643A00206C3A00206C3A0020743A00205C
:101C7000743A00207C3A00207C3A0020843A00200C
:101C8000843A00208C3A00208C3A0020943A0020BC
:101C9000943A00209C3A00209C3A0020A43A00206C
:101CA000A43A0020AC3A0020AC3A0020B43A00201C
:101CB000B43A0020BC3A0020BC3A0020C43A0020CC
:101CC000C43A0020FFFFFFFF0000020000000000F8
:101CD00003000000CC560020503100201201000209
:101CE000EF020140C01683047902010203010000E3
:101CF00031F8010031F8010031F8010031F801003C
:101D000031F8010031F8010031F8010031F801002B
:101D100031F8010031F8010031F8010031F801001B
:101D200031F8010031F8010031F8010031F801000B
:101D300031F8010031F8010031F8010031F80100FB
:101D400031F8010031F8010031F8010031F80100EB
:101D500031F8010031F8010031F8010031F80100DB
:101D600031F8010031F8010031F8010031F80100CB
:101D700031F8010031F8010031F8010031F80100BB
:101D800031F8010031F8010031F8010031F80100AB
:101D900031F8010031F8010031F8010031F801009B
:101DA00031F8010031F8010031F8010031F801008B
:101DB00031F8010031F8010031F8010031F801007B
:101DC00031F8010031F8010031F8010031F801006B
:101DD00031F8010031F8010031F8010031F801005B
:101DE00031F8010031F8010031F8010031F801004B
:101DF00031F8010031F8010031F8010031F801003B
:101E000031F8010031F8010031F8010031F801002A
:101E100031F8010031F8010031F8010031F801001A
:101E200031F8010031F8010031F8010031F801000A
:101E300031F8010031F8010031F8010031F80100FA
:101E400031F8010031F8010031F8010031F80100EA
:101E500031F8010031F8010031F8010031F80100DA
:101E600031F8010031F8010031F8010031F80100CA
:101E700031F8010031F8010031F8010031F80100BA
:101E800031F8010031F8010031F8010031F80100AA
:101E900031F8010031F8010031F8010031F801009A
:101EA00031F8010031F8010031F8010031F801008A
:101EB00031F8010031F8010031F8010031F801007A
:101EC00031F8010031F8010031F8010031F801006A
:101ED00031F8010031F8010031F8010031F801005A
:101EE00031F8010031F8010031F8010031F801004A
:101EF00028000000000104000100000000000000B4
:101F0000020157494E5553420000000000000000F6
:101F1000000000000000000012034D0053004600C6
:101F20005400310030003000F80000000C030000C5
:101F300000000000000000000000000000000000A1
:101F40000000010108000000000000000000000087
:101F50000000000000000000000000000000000081
:101F60000000000000000000000000000000000071
:101F70000000000000000000000000000000000061
:101F80000000000000000000000000000000000051
:101F90000000000000000000000000000000000041
:101FA0000000000000000000000000000000000031
:101FB0000000000000000000000000000000000021
:101FC0000000000000000000000000000000000011
:101FD0000000000000000000000000000000000001
:101FE00000000000000000000000000000000000F1
:101FF00000000000000000000000000000000000E1
:1020000000000000000000000000000000000000D0
:1020100000000000000000000000000000000000C0
:1020200000000000000000000000000000000000B0
:1020300000000000000000000000000000000000A0
:102040000000000000000000000000000000000090
:102050000000000000000000000000000000000080
:102060000000000000000000000000000000000070
:102070000000000000000000000000000000000060
:102080000000000000000000000000000000000050
:102090000000000000000000000000000000000040
:1020A0000000000000000000000000000000000030
:1020B0000000000000000000000000000000000020
:1020C0000000000000000000000000000000000010
:1020D0000000000000000000000000000000000000
:1020E00000000000000000000000000000000000F0
:1020F00000000000000000000000000000000000E0
:1021000000000000000000000000000000000000CF
:1021100000000000000000000000000000000000BF
:1021200000000000000000000000000000000000AF
:10213000000000000000000000000000000000009F
:10214000000000000000000000000000000000008F
:10215000000000000000000000000000000000007F
:10216000000000000000000000000000000000006F
:10217000000000000000000000000000000000005F
:10218000000000000000000000000000000000004F
:10219000000000000000000000000000000000003F
:1021A000000000000000000000000000000000002F
:1021B000000000000000000000000000000000001F
:1021C000000000000000000000000000000000000F
:1021D00000000000000000000000000000000000FF
:1021E00000000000000000000000000000000000EF
:1021F00000000000000000000000000000000000DF
:1022000000000000000000000000000000000000CE
:1022100000000000000000000000000000000000BE
:1022200000000000000000000000000000000000AE
:10223000000000000000000000000000000000009E
:10224000000000000000000000000000000000008E
:10225000000000000000000000000000000000007E
:10226000000000000000000000000000000000006E
:10227000000000000000000000000000000000005E
:10228000000000000000000000000000000000004E
:10229000000000000000000000000000000000003E
:1022A000000000000000000000000000000000002E
:1022B000000000000000000000000000000000001E
:1022C000000000000000000000000000000000000E
:1022D00000000000000000000000000000000000FE
:1022E00000000000000000000000000000000000EE
:1022F00000000000000000000000000000000000DE
:1023000000000000000000000000000000000000CD
:1023100000000000000000000000000000000000BD
:1023200000000000000000000000000000000000AD
:10233000000000000000000000000000000000009D
:10234000000000000000000000000000000000008D
:10235000000000000000000000000000000000007D
:10236000000000000000000000000000000000006D
:10237000000000000000000000000000000000005D
:10238000000000000000000000000000000000004D
:10239000000000000000000000000000000000003D
:1023A000000000000000000000000000000000002D
:1023B000000000000000000000000000000000001D
:1023C000000000000000000000000000000000000D
:1023D00000000000000000000000000000000000FD
:1023E00000000000000000000000000000000000ED
:1023F00000000000000000000000000000000000DD
:1024000000000000000000000000000000000000CC
:1024100000000000000000000000000000000000BC
:1024200000000000000000000000000000000000AC
:10243000000000000000000000000000000000009C
:10244000000000000000000000000000000000008C
:10245000000000000000000000000000000000007C
:10246000000000000000000000000000000000006C
:10247000000000000000000000000000000000005C
:10248000000000000000000000000000000000004C
:10249000000000000000000000000000000000003C
:1024A000000000000000000000000000000000002C
:1024B000FFFFFFFFFFFFFFFFFFFFFFFFFFFFFFFF2C
:1024C000FFFFFFFFFFFFFFFFFFFFFFFFFFFFFFFF1C
:1024D000FFFFFFFFFFFFFFFFFFFFFFFFFFFFFFFF0C
:1024E000FFFFFFFFFFFFFFFFFFFFFFFFFFFFFFFFFC
:1024F000FFFFFFFFFFFFFFFFFFFFFFFFFFFFFFFFEC
:10250000FFFFFFFFFFFFFFFFFFFFFFFFFFFFFFFFDB
:10251000FFFFFFFFFFFFFFFFFFFFFFFFFFFFFFFFCB
:10252000FFFFFFFFFFFFFFFFFFFFFFFFFFFFFFFFBB
:10253000FFFFFFFFFFFFFFFFFFFFFFFFFFFFFFFFAB
:10254000FFFFFFFFFFFFFFFFFFFFFFFFFFFFFFFF9B
:10255000FFFFFFFFFFFFFFFFFFFFFFFFFFFFFFFF8B
:10256000FFFFFFFFFFFFFFFFFFFFFFFFFFFFFFFF7B
:10257000FFFFFFFFFFFFFFFFFFFFFFFFFFFFFFFF6B
:10258000FFFFFFFFFFFFFFFFFFFFFFFFFFFFFFFF5B
:10259000FFFFFFFFFFFFFFFFFFFFFFFFFFFFFFFF4B
:1025A000FFFFFFFFFFFFFFFFFFFFFFFFFFFFFFFF3B
:1025B000FFFFFFFFFFFFFFFFFFFFFFFFFFFFFFFF2B
:1025C000FFFFFFFFFFFFFFFFFFFFFFFFFFFFFFFF1B
:1025D000FFFFFFFFFFFFFFFFFFFFFFFFFFFFFFFF0B
:1025E000FFFFFFFFFFFFFFFFFFFFFFFFFFFFFFFFFB
:1025F000FFFFFFFFFFFFFFFFFFFFFFFFFFFFFFFFEB
:10260000FFFFFFFFFFFFFFFFFFFFFFFFFFFFFFFFDA
:10261000FFFFFFFFFFFFFFFFFFFFFFFFFFFFFFFFCA
:10262000FFFFFFFFFFFFFFFFFFFFFFFFFFFFFFFFBA
:10263000FFFFFFFFFFFFFFFFFFFFFFFFFFFFFFFFAA
:10264000FFFFFFFFFFFFFFFFFFFFFFFFFFFFFFFF9A
:10265000FFFFFFFFFFFFFFFFFFFFFFFFFFFFFFFF8A
:10266000FFFFFFFFFFFFFFFFFFFFFFFFFFFFFFFF7A
:10267000FFFFFFFFFFFFFFFFFFFFFFFFFFFFFFFF6A
:10268000FFFFFFFFFFFFFFFFFFFFFFFFFFFFFFFF5A
:10269000FFFFFFFFFFFFFFFFFFFFFFFFFFFFFFFF4A
:1026A000FFFFFFFFFFFFFFFFFFFFFFFFFFFFFFFF3A
:1026B000FFFFFFFFFFFFFFFFFFFFFFFFFFFFFFFF2A
:1026C000FFFFFFFFFFFFFFFFFFFFFFFFFFFFFFFF1A
:1026D000FFFFFFFFFFFFFFFFFFFFFFFFFFFFFFFF0A
:1026E000FFFFFFFFFFFFFFFFFFFFFFFFFFFFFFFFFA
:1026F000FFFFFFFFFFFFFFFFFFFFFFFFFFFFFFFFEA
:10270000FFFFFFFFFFFFFFFFFFFFFFFFFFFFFFFFD9
:10271000FFFFFFFFFFFFFFFFFFFFFFFFFFFFFFFFC9
:10272000FFFFFFFFFFFFFFFFFFFFFFFFFFFFFFFFB9
:10273000FFFFFFFFFFFFFFFFFFFFFFFFFFFFFFFFA9
:10274000FFFFFFFFFFFFFFFFFFFFFFFFFFFFFFFF99
:10275000FFFFFFFFFFFFFFFFFFFFFFFFFFFFFFFF89
:10276000FFFFFFFFFFFFFFFFFFFFFFFFFFFFFFFF79
:10277000FFFFFFFFFFFFFFFFFFFFFFFFFFFFFFFF69
:10278000FFFFFFFFFFFFFFFFFFFFFFFFFFFFFFFF59
:10279000FFFFFFFFFFFFFFFFFFFFFFFFFFFFFFFF49
:1027A000FFFFFFFFFFFFFFFFFFFFFFFFFFFFFFFF39
:1027B000FFFFFFFFFFFFFFFFFFFFFFFFFFFFFFFF29
:1027C000FFFFFFFFFFFFFFFFFFFFFFFFFFFFFFFF19
:1027D000FFFFFFFFFFFFFFFFFFFFFFFFFFFFFFFF09
:1027E000FFFFFFFFFFFFFFFFFFFFFFFFFFFFFFFFF9
:1027F000FFFFFFFFFFFFFFFFFFFFFFFFFFFFFFFFE9
:1028000000000000000000000000000000000000C8
:1028100000000000000000000000000000000000B8
:1028200000000000000000000000000000000000A8
:102830000000000000000000000000000000000098
:102840000000000000000000000000000000000088
:102850000000000000000000000000000000000078
:102860000000000000000000000000000000000068
:102870000000000000000000000000000000000058
:102880000000000000000000000000000000000048
:102890000000000000000000000000000000000038
:1028A0000000000000000000000000000000000028
:1028B0000000000000000000000000000000000018
:1028C0000000000000000000000000000000000008
:1028D00000000000000000000000000000000000F8
:1028E00000000000000000000000000000000000E8
:1028F00000000000000000000000000000000000D8
:1029000000000000000000000000000000000000C7
:1029100000000000000000000000000000000000B7
:1029200000000000000000000000000000000000A7
:102930000000000000000000000000000000000097
:102940000000000000000000000000000000000087
:102950000000000000000000000000000000000077
:102960000000000000000000000000000000000067
:102970000000000000000000000000000000000057
:102980000000000000000000000000000000000047
:102990000000000000000000000000000000000037
:1029A0000000000000000000000000000000000027
:1029B0000000000000000000000000000000000017
:1029C0000000000000000000000000000000000007
:1029D00000000000000000000000000000000000F7
:1029E00000000000000000000000000000000000E7
:1029F00000000000000000000000000000000000D7
:102A000000000000000000000000000000000000C6
:102A100000000000000000000000000000000000B6
:102A200000000000000000000000000000000000A6
:102A30000000000000000000000000000000000096
:102A40000000000000000000000000000000000086
:102A50000000000000000000000000000000000076
:102A60000000000000000000000000000000000066
:102A70000000000000000000000000000000000056
:102A80000000000000000000000000000000000046
:102A90000000000000000000000000000000000036
:102AA0000000000000000000000000000000000026
:102AB0000000000000000000000000000000000016
:102AC0000000000000000000000000000000000006
:102AD00000000000000000000000000000000000F6
:102AE00000000000000000000000000000000000E6
:102AF00000000000000000000000000000000000D6
:102B000000000000000000000000000000000000C5
:102B100000000000000000000000000000000000B5
:102B200000000000000000000000000000000000A5
:102B30000000000000000000000000000000000095
:102B40000000000000000000000000000000000085
:102B50000000000000000000000000000000000075
:102B60000000000000000000000000000000000065
:102B70000000000000000000000000000000000055
:102B80000000000000000000000000000000000045
:102B90000000000000000000000000000000000035
:102BA0000000000000000000000000000000000025
:102BB0000000000000000000000000000000000015
:102BC0000000000000000000000000000000000005
:102BD00000000000000000000000000000000000F5
:102BE00000000000000000000000000000000000E5
:102BF00000000000000000000000000000000000D5
:102C000000000000000000000000000000000000C4
:102C100000000000000000000000000000000000B4
:102C200000000000000000000000000000000000A4
:102C30000000000000000000000000000000000094
:102C40000000000000000000000000000000000084
:102C50000000000000000000000000000000000074
:102C60000000000000000000000000000000000064
:102C70000000000000000000000000000000000054
:102C80000000000000000000000000000000000044
:102C90000000000000000000000000000000000034
:102CA0000000000000000000000000000000000024
:102CB0000000000000000000000000000000000014
:102CC0000000000000000000000000000000000004
:102CD00000000000000000000000000000000000F4
:102CE00000000000000000000000000000000000E4
:102CF00000000000000000000000000000000000D4
:102D000000000000000000000000000000000000C3
:102D100000000000000000000000000000000000B3
:102D200000000000000000000000000000000000A3
:102D30000000000000000000000000000000000093
:102D40000000000000000000000000000000000083
:102D50000000000000000000000000000000000073
:102D60000000000000000000000000000000000063
:102D70000000000000000000000000000000000053
:102D80000000000000000000000000000000000043
:102D90000000000000000000000000000000000033
:102DA0000000000000000000000000000000000023
:102DB0000000000000000000000000000000000013
:102DC0000000000000000000000000000000000003
:102DD00000000000000000000000000000000000F3
:102DE00000000000000000000000000000000000E3
:102DF00000000000000000000000000000000000D3
:102E000000000000000000000000000000000000C2
:102E100000000000000000000000000000000000B2
:102E200000000000000000000000000000000000A2
:102E30000000000000000000000000000000000092
:102E40000000000000000000000000000000000082
:102E50000000000000000000000000000000000072
:102E60000000000000000000000000000000000062
:102E70000000000000000000000000000000000052
:102E80000000000000000000000000000000000042
:102E90000000000000000000000000000000000032
:102EA0000000000000000000000000000000000022
:102EB0000000000000000000000000000000000012
:102EC0000000000000000000000000000000000002
:102ED00000000000000000000000000000000000F2
:102EE00000000000000000000000000000000000E2
:102EF00000000000000000000000000000000000D2
:102F000000000000000000000000000000000000C1
:102F100000000000000000000000000000000000B1
:102F200000000000000000000000000000000000A1
:102F30000000000000000000000000000000000091
:102F40000000000000000000000000000000000081
:102F50000000000000000000000000000000000071
:102F60000000000000000000000000000000000061
:102F70000000000000000000000000000000000051
:102F80000000000000000000000000000000000041
:102F90000000000000000000000000000000000031
:102FA0000000000000000000000000000000000021
:102FB0000000000000000000000000000000000011
:102FC0000000000000000000000000000000000001
:102FD00000000000000000000000000000000000F1
:102FE00000000000000000000000000000000000E1
:102FF00000000000000000000000000000000000D1
:1030000000000000000000000000000000000000C0
:1030100000000000000000000000000000000000B0
:1030200000000000000000000000000000000000A0
:103030000000000000000000000000000000000090
:103040000000000000000000000000000000000080
:103050000000000000000000000000000000000070
:103060000000000000000000000000000000000060
:103070000000000000000000000000000000000050
:103080000000000000000000000000000000000040
:103090000000000000000000000000000000000030
:1030A0000000000000000000000000000000000020
:1030B0000000000000000000000000000000000010
:1030C0000000000000000000000000000000000000
:1030D00000000000000000000000000000000000F0
:1030E00000000000000000000000000000000000E0
:1030F00000000000000000000000000000000000D0
:1031000000000000000000000000000000000000BF
:1031100000000000000000000000000000000000AF
:10312000000000000000000000000000000000009F
:10313000000000000000000000000000000000008F
:10314000000000000000000000000000000000007F
:10315000000000000000000000000000000000006F
:10316000000000000000000000000000000000005F
:10317000000000000000000000000000000000004F
:10318000000000000000000000000000000000003F
:10319000000000000000000000000000000000002F
:1031A000000000000000000000000000000000001F
:1031B000000000000000000000000000000000000F
:1031C00000000000000000000000000000000000FF
:1031D00000000000000000000000000000000000EF
:1031E00000000000000000000000000000000000DF
:1031F00000000000000000000000000000000000CF
:1032000000000000000000000000000000000000BE
:1032100000000000000000000000000000000000AE
:10322000000000000000000000000000000000009E
:10323000000000000000000000000000000000008E
:10324000000000000000000000000000000000007E
:10325000000000000000000000000000000000006E
:10326000000000000000000000000000000000005E
:10327000000000000000000000000000000000004E
:10328000000000000000000000000000000000003E
:10329000000000000000000000000000000000002E
:1032A000000000000000000000000000000000001E
:1032B000000000000000000000000000000000000E
:1032C00000000000000000000000000000000000FE
:1032D00000000000000000000000000000000000EE
:1032E00000000000000000000000000000000000DE
:1032F00000000000000000000000000000000000CE
:1033000000000000000000000000000000000000BD
:1033100000000000000000000000000000000000AD
:10332000000000000000000000000000000000009D
:10333000000000000000000000000000000000008D
:10334000000000000000000000000000000000007D
:10335000000000000000000000000000000000006D
:10336000000000000000000000000000000000005D
:10337000000000000000000000000000000000004D
:10338000000000000000000000000000000000003D
:10339000000000000000000000000000000000002D
:1033A000000000000000000000000000000000001D
:1033B000000000000000000000000000000000000D
:1033C00000000000000000000000000000000000FD
:1033D00000000000000000000000000000000000ED
:1033E00000000000000000000000000000000000DD
:1033F00000000000000000000000000000000000CD
:040000056000100087
:00000001FF
