:1000000000800020BD010000315D0000ED5C0000BB
:10001000ED5C0000ED5C0000ED5C0000ED5C0000BC
:10002000ED5C0000ED5C0000ED5C0000315D000067
:10003000315D0000ED5C0000B1550000B5550000D9
:10004000315D0000315D0000315D0000315D000078
:10005000315D0000315D0000315D0000315D000068
:10006000315D0000315D0000315D0000315D000058
:10007000315D0000315D0000315D0000315D000048
:10008000315D0000315D0000315D0000315D000038
:10009000315D0000315D0000315D0000315D000028
:1000A000315D0000315D0000315D0000315D000018
:1000B000315D0000315D0000315D0000315D000008
:1000C000315D0000315D0000315D0000315D0000F8
:1000D000315D0000315D0000315D0000315D0000E8
:1000E000315D0000315D0000315D0000315D0000D8
:1000F000315D000021620000315D0000396B0000BD
:10010000315D0000B97C0000315D0000315D000010
:10011000315D0000315D0000315D0000315D0000A7
:10012000315D0000315D0000315D0000315D000097
:10013000315D0000315D0000AD540000315D000014
:10014000315D0000315D0000315D0000315D000077
:10015000DD580000F9580000155900003159000021
:10016000315D0000956E0000315D0000315D0000E2
:10017000315D0000315D0000315D0000315D000047
:10018000315D0000315D0000315D0000315D000037
:10019000315D0000315D0000315D0000315D000027
:1001A000315D0000315D0000315D0000315D000017
:1001B000315D0000315D0000315D0000574B4CF2B5
:1001C000205210B5DA814DF62812DA8100BF00BF47
:1001D00005F0B2FD524B4FF010621A63514A9A6318
:1001E000514ADA63514A136913F4807303D153619E
:1001F0004FF4A85313614E4B9A78110703D59A78A0
:1002000042F008029A704B4B4B482A221A704B4B13
:10021000DA1C121AC11E22F00302994288BF002282
:10022000474905F08FFC474B4748DA1C121AC11E9C
:1002300022F00302994288BF002200210AF0FCFE4E
:10024000424943484FF4DE7205F07CFC414B424A80
:10025000802103F8011B9342FBD14FF0E0233C4A7D
:10026000C3F8082D3D4B8A221A70A3F5805324222F
:100270005A70A0221A709A799207FCD59A79D406FE
:10028000FCD4374B9A7902F00C02082AFAD10522E5
:100290001A7143225A719A799006FCD5304A9379A3
:1002A0005906FCD51E4B4FF08171596405219964A4
:1002B00020211170917901F00C010C29FAD1294A01
:1002C0005A604FF0E023284A5A6100229A610722BF
:1002D0001A61264AC3F8202D62B605F0E3FD134BE0
:1002E0005B69DA0705D5224805F0D0FD214B224A8B
:1002F000DA61224B1B785B0609D51E4C1E4BE26966
:100300009A4204D11A4805F0C1FD0023E36105F0CB
:1003100019FD0AF087FF05F00DFCFEE700200540FF
:1003200000800440823F04000100002B00D0034005
:1003300000D0074000E007402087FF1F508FFF1FBD
:1003400018120100B898FF1F508FFF1F0000000017
:100350000082FF1F00E400E05FE400E00050064080
:1003600000400640C01005003F1901000000202099
:10037000A398C26A00E00340A5C3945A00F0074066
:10038000FFFFFFFFFFFFFFFFFFFFFFFFFFFFFFFF7D
:10039000FFFFFFFFFFFFFFFFFFFFFFFFFFFFFFFF6D
:1003A000FFFFFFFFFFFFFFFFFFFFFFFFFFFFFFFF5D
:1003B000FFFFFFFFFFFFFFFFFFFFFFFFFFFFFFFF4D
:1003C000FFFFFFFFFFFFFFFFFFFFFFFFFFFFFFFF3D
:1003D000FFFFFFFFFFFFFFFFFFFFFFFFFFFFFFFF2D
:1003E000FFFFFFFFFFFFFFFFFFFFFFFFFFFFFFFF1D
:1003F000FFFFFFFFFFFFFFFFFFFFFFFFFFFFFFFF0D
:10040000FFFFFFFFFFFFFFFFFFFFFFFFDEF9FFFF23
:100410000548064B1B1AD90F01EBA301491002D066
:10042000034B03B118477047508FFF1F508FFF1FBA
:100430000000000008B5054B1BB105490548AFF3A6
:100440000080BDE80840FFF7E3BF00BF00000000E8
:10045000508FFF1F1012010000690B699842D4BF32
:1004600000200120704700BF80698B690028B8BF59
:100470004042002BB8BF5B429842D4BF002001200D
:10048000704700BF2DE9F043184C8C460025C1F1A0
:1004900004064378077890F802E01B0243EA07431A
:1004A00043EA0E0E4FEA9348CEF38517C3F30533A4
:1004B0000EF03F0E033514F80890E75D14F8038042
:1004C00014F80E308CF80330AA428CF800908CF8A7
:1004D00001808CF8027006EB0C0300F103000CF1B4
:1004E000040CD6DC0022CA54BDE8F083240A0100C3
:1004F000036818470B680360704700BF0B68036010
:10050000704700BF704700BFC36A00F12C0233B1CF
:100510000120D96A52F8043F0860002BF9D17047D6
:1005200010B5044605F08EF9204610BD154B1A781B
:1005300072B930B5144C217883B051B11349684673
:1005400003F03CFC237883F00103237003B030BD3B
:1005500070470E4803F0BAFC0D49054609F0FEFB52
:1005600030B10C49284609F00DFC10B9094D00E0E6
:10057000074D094B1D60237883F00103237003B0FE
:1005800030BD00BF6490FF1F2487FF1FF091FF1F45
:10059000F3FFC742F3FFC7C22887FF1F70B5174B91
:1005A000174E1B681B794FF47A7103FB01F130463B
:1005B00004F010FE134B1B68586808F061FD124BE5
:1005C0001B68044618790D4608F05AFD02460B4692
:1005D00000204FF0804107F003FC02460B46204606
:1005E000294608F0C7FD09F075F80146304604F0C9
:1005F000FDFD064B01221A7070BD00BF988FFF1FD2
:10060000A891FF1F6090FF1F7C90FF1F8090FF1F2D
:1006100010B51C4CA26DA36F5068D4F8AC101B1A17
:10062000002BB8BF5B428B4216DBD4F8B00083428C
:100630000BDBE16FCB1A5168106800FB0313D3602A
:10064000D168536899420FD010BD0B440020E36776
:10065000C4F8B0000B46EEE700215800C4F8B01013
:10066000C4F8AC10E067E6E7074805F0EBF8206A4D
:100670000023A36004F002FF606ABDE8104004F0AC
:10068000FDBE00BFA08FFF1FAC8FFF1F70B50379A9
:100690006F2B044624D8482B18D9493B262B1FD84A
:1006A000DFE803F0231E1E1E1E1E231E281E1E1E14
:1006B0001E1E1E1E1E1E1E1E1E1E1E1E1E1E1E1E5A
:1006C0001E1E1E1E231E1E1E1E1E23002B2B01D0AF
:1006D0002D2B05D1164B9B6813B1164B1E78F6B126
:1006E00094F8290080F0010070BD00680368DB68A1
:1006F0009847EFE7104B9B6813B1104B00221A602C
:100700000B4B9B6833B10B4B1A781AB901221A7044
:10071000FFF77EFF002384F82930012070BD0125FA
:100720001D70FFF775FF84F82960284670BD00BF73
:10073000A08FFF1F948FFF1FA490FF1F5C90FF1FCF
:1007400070B5846DA36A01261E60626823681A442E
:10075000036B626000F1300C9BB15A69002A09DB1F
:100760009A6A16605968D3F800E025695A6971449D
:100770005960521B1969114459615CF8043F002B00
:10078000EBD1436A114A816900251560DB00556889
:1007900003F1804303F56033294419610D21116091
:1007A000DA68C16E22F080025025DA60DD6019B986
:1007B0006268E3689A4200D070BDC36D012280F880
:1007C0002820002BF8D0BDE8704018470080034077
:1007D000036A8B4210B5044623D0C3698B4200D014
:1007E00010BD8369002BFBD072B6204AC369A16992
:1007F00000201060DB00506803F1804303F5603394
:10080000014419610D211160DA68502122F0800243
:10081000DA60D96062B620690368BDE810405B68A1
:1008200018470069124A03689B6893421BD1C36A48
:100830002C3033B10121DA6A50F8043F1160002BEB
:10084000F9D194F82430002BCAD004F1080004F048
:10085000F9FF0023E069636004F010FE206ABDE840
:10086000104004F00BBE9847EBE700BF0080034048
:10087000090500001F4B204A5B6811688B4237D086
:100880002DE9F0411D4913600C6884B094F8008094
:10089000A078019300210293039305F055FB0121F9
:1008A000404605F051FB6023013BFDD101216078FA
:1008B00005F08AFBA1786078FE2205F0C1FB01AD4E
:1008C00004AF15F8016B6078012105F07DFBA1787C
:1008D0006078324605F0B4FBBD42F2D100214046BB
:1008E00005F032FB6023013BFDD104B0BDE8F0818F
:1008F000704700BFA891FF1F8490FF1F3891FF1F12
:1009000070B54368044621B39A6812F0020216D00B
:10091000204A18689042204A2ED9B2FBF1F15A6859
:10092000A0EB020C61451AD30A44121A00240120DC
:100930009C60D86003201A609860196070BD012423
:1009400003209A60DC60144AB2FBF1F21A609860EE
:1009500070BDABB19A6822F002029A6070BD206946
:100960000268002501249D601268DC600324196080
:100970009C60BDE870401047B2FBF1F21A6070BD98
:10098000064A1268002AE5D00221012090476368D8
:10099000E0E700BF7F320200005125021C92FF1FDA
:1009A0002DE9F041866FC56F876D044631462846B4
:1009B0007B6809F0C9F9002850D1D4F88C8028460A
:1009C000414608F025FF00210546404609F0E4F9BC
:1009D000294600283CD0304609F0DEF900B93546FA
:1009E000E567284609F0F8F9064694F890300BB10F
:1009F000002E38D0BB68B34228D0002E3A68ACBF76
:100A000001234FF0FF339A4217D0E36A73B104F128
:100A10002C0101201A68554201321D600CBF1B6B6E
:100A20005B6B186051F8043F002BF3D1636F03EB4D
:100A30004303DB0001D0013BFDD186EAE671A1EB67
:100A4000E671201DFFF75CFFA36D9E60BDE8F0819D
:100A5000304609F083F90028C1D0C1E7304609F0DB
:100A6000BBF90646C1E704F10C0004F0EBFE206A76
:100A7000A66004F003FD606A04F000FDA26DE36D62
:100A8000966084F89060002BE0D0BDE8F0411847F4
:100A9000F8B58368C3B1836D856F5A68D0F8AC3000
:100AA000AD1A002DB8BF6D429D42044600F1040608
:100AB0000BDBD0F8B0309D4236DBC06F854222DBC5
:100AC00000213046FFF71CFFF8BDD0F8A80008F061
:100AD0004FFF0746284608F04FFF0146384608F00A
:100AE0009FFF0546D4E9240108F05CFF0146284633
:100AF00008F08EFE07F0E2F909F06EF90146304683
:100B0000FFF7FEFEF8BD401B013808F035FF054633
:100B1000D4F8A80008F02CFF0146284608F080FF12
:100B20000546D4E92601DFE7D0F88810E7E700BFE3
:100B300070B50025044680F8295001262068036816
:100B40001B69984700281FDD206803685B69984788
:100B500094F82A30C0B26BB1E36AE218232803F19B
:100B60000103907114D01E2BE36204BF84F82A5055
:100B7000E562E3E73A28E1D1E36A84F82A60E21803
:100B800001339071E362D9E794F8290038B970BD58
:100B90000023012284F8292084F82A30E362A01D72
:100BA0000AF06EFB012815D9E28844F23A639A42B2
:100BB00010D1237A2371032810D9637A63712C2B07
:100BC00016D1012384F8283004F10A0009F000FB53
:100BD000606207E0002084F8290070BD0023637183
:100BE00084F8283000230120A37184F8290070BD07
:100BF000002384F82830F5E738B5054609B19A4254
:100C00000CD228680C49036801225B6898470024CD
:100C100028680368DB689847204638BD049B9A42E1
:100C2000EFD8059B00681A6003680C465B680349AF
:100C300001229847ECE700BF60080100E4070100CB
:100C400038B505460C4659B90068144903680122B5
:100C50005B68984728680368DB689847204638BD7A
:100C60009879D1B2884210D8DA798A420DD31A79AC
:100C70008A4203D01868197104F036FF28680849C1
:100C8000036801225B689847E4E728680349036822
:100C900001225B6898470024DCE700BF6008010080
:100CA000E407010030B504461A481B4A1B4B1C4997
:100CB000006812681B6809680079526849685B68B7
:100CC000B3FBF2F395B0B1FBF2F20490154816496C
:100CD0000068007903901548006800790290144874
:100CE000006840680190134800684068009007A8B9
:100CF0000AF0C0F8256807A80AF0C2FA2B68024675
:100D000007A95B682846984720680368DB6898470E
:100D100015B030BD7490FF1F9C90FF1F7890FF1F8F
:100D2000A491FF1F7090FF1FE8070100988FFF1F1D
:100D30006090FF1F6C90FF1F30B51449144B154A8B
:100D400009681B6812684968134C1B79127993B0C3
:100D50000291246811492479096801944968009135
:100D600004460F4905A80AF085F8256805A80AF089
:100D700087FA2B68024605A95B68284698472068D1
:100D80000368DB68984713B030BD00BFE891FF1FD0
:100D90007C90FF1FA090FF1F5890FF1F9C90FF1F8B
:100DA000100801002DE9F047DAB086220021044640
:100DB00005A80AF041F95448544A00681268544999
:100DC000544BD0F80480526809681B68B2FBF8F2F3
:100DD000ADF80420504A89885B681268B3FBF8F3C9
:100DE000ADF806304D4BADF8081092881B68ADF891
:100DF0000A204B4A1B798DF80C301268494B127946
:100E00001B688DF80D20484A1B798DF80E3012684A
:100E1000464B12791B688DF80F20454A1B798DF8D7
:100E200010301268434B8DF81180C8F307218DF8FC
:100E3000121012791B68DFF800918DF813209B883F
:100E4000ADF8143009F1280701AD002605E0B945D9
:100E5000AB74EB7405F10D052DD059F804AB0B22E2
:100E60000AF1080127A804F06DFE8AF81260DAF88A
:100E700004209DF89C305268002BE8D0B2FBF8F2B9
:100E8000B2F5803F2ABF0022D1B21146A97429468B
:100E900038BFC2F3072201F8132F0DF1A60027AACD
:100EA00001E012F8013F01F8013F8242F9D1B94552
:100EB00005F10D05D1D10DF103030DF1980C0021C1
:100EC00013F8012F634581EA0201F9D196228DF8CA
:100ED000991001A827A9FFF7D5FA256808460AF056
:100EE000CFF92B68024627A95B68284698472068F7
:100EF0001249036801225B68984720680368DB6831
:100F000098475AB0BDE8F0879C90FF1FA491FF1F3F
:100F10006C90FF1F7890FF1F6090FF1F988FFF1F3E
:100F20007090FF1F7490FF1FA090FF1F7C90FF1F09
:100F30005890FF1FE891FF1F688FFF1F28080100CE
:100F40002DE9F047584A5949126888B000230193A7
:100F500002938DF80C304B6855495268B3FBF2F39D
:100F60004FF6FF7293428E6828BF13460546DCB2E7
:100F7000ADF80430002E67D04E4BD6F800A01B68A9
:100F8000187908F07DF802460B4600204FF08041AA
:100F900006F026FF484B804689464848B0FBFAF0E9
:100FA0009F6808F07DF842464B4608F00DFA21F0A4
:100FB0000043194608F0B6FB414B4249ADF8060024
:100FC000186808F02DFD08F007FFADF80800002FA5
:100FD00036D001268DF80A6001AB0DF10B0200211D
:100FE00001E013F8014F9A4281EA0401F9D1092284
:100FF00001A88DF80C1004A9FFF744FA2C680846E4
:101000000AF03EF92368024604A95B682046984727
:1010100028682D49036801225B689847286803689F
:10102000DB68984708B0BDE8F087254B254918686C
:10103000ADF8066008F0F4FC08F0CEFEADF808004C
:10104000003E18BF0126C5E71B4B9B68002BECD068
:10105000184AD3F800801368187908F011F802468E
:101060000B4600204FF0804106F0BAFE06460F46C0
:101070001248B0FBF8F008F013F832463B4608F08F
:10108000A3F921F00043194608F04CFB0C4B0D4925
:10109000ADF80600186808F0C3FC08F09DFE0126B4
:1010A000ADF8080096E700BF9C90FF1FA891FF1FB6
:1010B000A490FF1F7C90FF1FA08FFF1F00512502EF
:1010C0002887FF1F0000C842280801002DE9F04FC3
:1010D00083B0DDE90C911E469DF8383001918046C1
:1010E000174673B1104631460022002308F0C8FAB3
:1010F000002848D0D8F800005349036801225B68F3
:10110000984726F000463146384608F0E3FA09F1E0
:10111000FF358346284607F0C3FF06F0F1FE08F0CE
:10112000D9FAB9F1010F044622DD07F0B9FF0246F2
:101130000B463846314608F08FFAC8B1DFF80CA1EB
:10114000DFF80C9107E007F0ABFF3A46334608F0B2
:10115000A1FA68B1013DD8F80000036801225B687C
:1011600051469847A9FB0434E408012D2046EAD1F2
:10117000D8F80000594604F047FC019B002B0ADC1C
:1011800003B0BDE8F08FD8F80000324903680122AF
:101190005B689847B5E7D8F800002F49036801223B
:1011A0005B689847DDF80490484607F079FF06F041
:1011B000A7FE044658460D4607F072FF02460B464E
:1011C0003846314607F01EFE2B46224607F0D2FF76
:1011D00008F080FA09F1FF358246284607F060FFE3
:1011E00006F08EFE08F076FA4B46012B044622D01C
:1011F00007F056FF02460B463846314608F02CFAF7
:10120000C8B1DFF848B0DFF8489007E007F048FFC2
:101210003A46334608F03EFA68B1013DD8F800007E
:10122000036801225B6859469847A9FB0434E40827
:10123000012D2046EAD1D8F80000514603B0BDE8A0
:10124000F04F04F0E1BB00BF2C0801006008010072
:10125000CDCCCCCC30080100E00701002DE9F04FE7
:101260005B4D5C4C2A6863685268B3FBF2F3064638
:1012700000685949594FDFF868A1B3F5803F03680A
:1012800024BFC2EB024262605B6885B001229847CE
:101290002B6862685B68B2FBF3FB584607F0F0FE10
:1012A00004258046894642F21074204607F0F8FE75
:1012B00002460B464046494608F0CEF9012239461F
:1012C00058B1306803685B6898478AFB0423013D86
:1012D0004FEAE474C4EBA304E7D15946306804F044
:1012E00093FB30683F49036801225B6898473E4B97
:1012F0009B68002B5ED03D4A1F681368187907F081
:10130000BFFE02460B4600204FF0804106F068FD0C
:10131000374B04460D46B3FBF7F007F0C1FE2246FB
:101320002B4608F051F821F00043194608F0FAF96D
:10133000044607F0A5FE2F4B00228046894608F0A0
:101340008BF990B130682549036801225B689847A2
:10135000294B40464946002208F07EF928B1306802
:101360001E49036801225B6898472146306804F0F3
:101370004BFB30681B49036801225B6898471F4B91
:10138000186807F09FFE01240B46022102460191D6
:10139000009130460294FFF799FE306818490368BF
:1013A00022465B68984730680368DB6805B0BDE893
:1013B000F04F1847134B9C681CB10C4B27681B68F7
:1013C0009CE730680549036801225B689847C6E7D7
:1013D0009C90FF1FA891FF1F3408010060080100C6
:1013E0006766666638080100A490FF1F7C90FF1FA7
:1013F0000051250200005940000024402887FF1FAB
:1014000028080100A08FFF1F2DE9F04F85B00B7A4F
:101410000025064601950295ADF80C508DF80E504A
:10142000002B5ED00C460B22083101A804F08AFB89
:101430002E4B62681B68A57452685B68B2FBF3FBB5
:10144000BBF5803F306848D2036829495B68294F63
:10145000DFF8A4A001229847584607F011FE0425A2
:101460008046894642F21074204607F019FE024673
:101470000B464046494608F0EFF80122394658B17C
:10148000306803685B6898478AFB0423013D4FEA94
:10149000E474C4EBA304E7D15946306804F0B4FA0D
:1014A00030681649036801225B689847346801A8D0
:1014B00009F0E6FE236802465B6801A920469847CA
:1014C00030680F49036801225B68984730680368F9
:1014D000DB68984705B0BDE8F08F0A49036802222F
:1014E000F2E70068074903680222EDE79C90FF1FBE
:1014F0004008010060080100676666663808010060
:10150000280801003C08010070B5044600681D4928
:1015100003681D4D5B680222984720681B490368D9
:1015200011225B6898472068036829465B6801229E
:10153000984720681649036805225B689847206829
:10154000036829465B6801229847206811490368AF
:1015500005225B6898472068036801225B6829467A
:1015600098472068022104F04FFA20680A4903686E
:1015700001225B68984720680368BDE87040DB681B
:10158000184700BF4408010038080100480801005E
:101590005C080100640801002808010038B50379DF
:1015A0003F3B04463F2B21D8DFE803F025202C20C9
:1015B00020202020203320202020842020202020B4
:1015C0002020208B2020202020202020202092203E
:1015D000202020202020202020202020202020200B
:1015E0002020202020992020202020A390F82900CE
:1015F00080F0010038BDFFF731FE002384F8293068
:10160000012038BDFFF7CEFB002384F829300120EC
:1016100038BDFFF779FF256839492B680A225B68D6
:1016200028469847284604F0F7F9256835492B687D
:1016300008225B6828469847284604F0EDF925689B
:1016400031492B6839225B6828469847284604F0C0
:10165000E3F925682D492B6858225B68284698478E
:10166000284604F0D9F9256829492B682A225B68A5
:1016700028469847284604F0CFF9256825492B6865
:101680000A225B6828469847284604F0C5F9256871
:1016900021492B684E225B6828469847284604F06B
:1016A000BBF920680368DB689847002384F8293079
:1016B000012038BDFFF740FB002384F829300120CA
:1016C00038BDFFF721FF002384F82930012038BD01
:1016D000FFF736FC002384F82930012038BD437918
:1016E000303B092BF6D80D4A52F82310FFF78CFE39
:1016F000F0E7FFF7D7FA002384F82930012038BD3E
:101700006C0801007808010084080100C00801008D
:101710001C0901004809010054090100688FFF1FDE
:101720002DE9F84301210A2004F04EFC01210A2092
:1017300004F00AFC964B974E1B68974C187908F0FA
:101740001BF9964908F06CF908F06CFB33684FF010
:101750000208054640201F7984F8008004F042FB0F
:101760008F4A4FF0FF330A21814602F0D5FF012155
:101770000720C4F8089004F027FC0121072004F09A
:10178000E3FB0121062004F01FFC0121052004F0E9
:101790001BFC01210A2004F017FC0021062004F0A4
:1017A000D3FB0021052004F0CFFB01210A2004F027
:1017B000CBFB7C4802F0C0FB41460C2004F004FC4B
:1017C000A06803F0C3FBA06803F034F9A068FF2110
:1017D00003F0C4FBA06803684146DB6A9847A06831
:1017E000052102F02BFFA06803680521DB699847FB
:1017F000A068036803215B699847A068012102F093
:1018000059FFA068012102F077FFA068402103F092
:10181000AFFBA068012102F023FF94F900305A1EAB
:10182000D2B2032A43D9384607F03AFC02460B46A7
:1018300000204FF0804106F0D3FA0021072004F089
:1018400083FB594B1B68586807F01AFC3368044641
:1018500018790D4607F014FC02460B4600204FF0A5
:10186000804106F0BDFA02460B462046294607F0A5
:1018700081FC07F02FFF01464C4803F0B7FC4C4BAE
:101880004A481B681B794FF47A7103FB01F103F09E
:10189000A1FC484B45481B681979003918BF012144
:1018A00003F086FC444B02221A70BDE8F8834349DA
:1018B00051F82220023B954228BF154643455CD88B
:1018C000DFE803F026023700284607F0D9FB2EA3F5
:1018D000D3E9002307F078FD07F024FF81B2E06828
:1018E00003F016F994F90050384607F0D9FB0B467F
:1018F00002464FF08041002006F072FA07F0EAFE3F
:101900006B1E0146032B98D8DFE803F0332E292401
:10191000284607F0B5FB1CA3D3E9002307F054FDCC
:1019200007F000FF81B2A06803F072FA94F900504A
:10193000DAE7284607F0A4FB13A3D3E9002307F056
:1019400043FD07F0EFFE81B2206903F0E1F994F95D
:101950000050C9E7206989B203F01EFA6DE7E0681C
:1019600089B203F0AFFA68E7A06889B203F0AAFA77
:1019700063E7606802F0DEFC5FE72946606802F01A
:10198000C7FB94F90050AFE7CD3B7F669EA0F63FC2
:101990005890FF1F7C90FF1F2C87FF1F00002041E5
:1019A000AE47E13D4087FF1F6C90FF1FA891FF1FCE
:1019B0007090FF1FA090FF1F8090FF1F140A01006E
:1019C00038B505680446284604F074F8A3798342C4
:1019D00002D8E27982420ED261798B420CD8E37947
:1019E0008B4209D323798B4206D021712846BDE86A
:1019F000384004F079B8207138BD00BFC2680B6868
:101A0000934217D30269934214D84268934213D089
:101A100070B50468436082B001AD0193261D204675
:101A200015F8011B013404F05FF8B442F7D101202E
:101A300002B070BD002070470120704730B583B000
:101A40000546019269B9006803680C465B680D4958
:101A50000122984728680368DB689847204603B04E
:101A600030BD184601A9FFF7C9FF0446286803687E
:101A700001225B6814B104499847EBE70149984794
:101A8000E8E700BF60080100E4070100F8B504467C
:101A9000064654F8035B2D1AC71D033D281904F0B0
:101AA00009F804F8010FBC42F8D17368F268934258
:101AB00002D33269934206D906F108013046BDE8E7
:101AC000F840FFF79BBFF8BDC2680B68934217D37D
:101AD0000269934214D84268934213D070B50468E7
:101AE000436082B001AD0193261D204615F8011B0D
:101AF000013403F0F9FFB442F7D1012002B070BD08
:101B0000002070470120704730B583B00546019230
:101B100069B9006803680C465B680D490122984763
:101B200028680368DB689847204603B030BD184634
:101B300001A9FFF7C9FF04462868036801225B6812
:101B400014B104499847EBE701499847E8E700BF1B
:101B500060080100E4070100F8B50446064654F8A1
:101B6000035B2D1AC71D033D281903F0A3FF04F8DA
:101B7000010FBC42F8D17368F268934202D3326914
:101B8000934206D906F108013046BDE8F840FFF758
:101B90009BBFF8BDF8B5002407468460C46004828A
:101BA000847414200D4604F01DF90E4B03612B685C
:101BB0008460C46003600646FFF7CEFF2D687E6038
:101BC0003C462B1D44F8073B033D07F11206ED1B75
:101BD000281903F06FFF04F8010FB442F8D138461A
:101BE000F8BD00BF009435772DE9F0478246914655
:101BF0004D1E00F10804C1F1010600F11208002792
:101C00000CE099B1002F18BF002104F8011BDAF88D
:101C10000030184403F068FF444509D0701915F8E6
:101C2000011F2329EDD101270021EEE70127ECE771
:101C3000DAF8000000218AF812100A3003F054FF8D
:101C4000DAF804004946FFF73FFF0120BDE8F087BE
:101C50002DE9F043142083B004F0C4F810230027CA
:101C6000012583604FF40073684E03610760C5600F
:101C70000446FFF70BFF0820346004F0B3F832236A
:101C80004FF0040843714AF20A03C0F80080C38091
:101C90000446FFF795FE5E4BDFF878911C60082044
:101CA00004F0A0F80523036040F2027380F8058079
:101CB000C3800446FFF784FE574B14201C6004F0D9
:101CC00091F806230360C8234FF00A0883604FF49D
:101CD0004873C0F80C8003610446FFF7D7FE4F4BF2
:101CE00008201C6004F07EF84FF48073C0F8008078
:101CF0004771C3800446FFF763FE494B1C6033689D
:101D00005B68C3EB0348C8454FF0140028BFC846C2
:101D100004F068F80B238760C7600360C0F8108088
:101D20000446FFF719FF33685E683E4BC6EB064674
:101D30004E454FF0140028BF4E461C6004F052F888
:101D40000F224FF6FF730260C7600661836004468E
:101D5000FFF702FF344B14201C6004F043F81426F4
:101D600040F2E737132303608660C56007610446CD
:101D7000FFF78CFE2D4B30461C6004F033F8172320
:101D80008660C560076103600446FFF77FFE284B4D
:101D9000284D1C60082004F025F81E2646F2013765
:101DA0001B2303604671C7800446FFF709FE224BE0
:101DB00008201C6004F016F81C2303604671C780DD
:101DC0000446FFF7FDFD1D4B08201C6004F00AF8D7
:101DD0001D2303604671C7800446FFF7F1FD184BD1
:101DE00001961C6005F12806142003F0FBFF01A9F1
:101DF0000446FFF7CFFE019B45F8044B0F33AE427C
:101E00000193F1D103B0BDE8F08300BF9C90FF1FA8
:101E10005890FF1F009435777C90FF1FE891FF1FBB
:101E2000A090FF1FA491FF1F7890FF1F6C90FF1FD1
:101E30006090FF1F688FFF1F988FFF1F7090FF1F1C
:101E40007490FF1F08B5474B186800F10801FFF7B1
:101E5000D5FD454B1B6859799A798A4209D8DA79B8
:101E60008A4206D31A798A4203D01868197103F09E
:101E70003BFE3E4B1B6859799A798A4209D8DA7938
:101E80008A4206D31A798A4203D01868197103F07E
:101E90002BFE374B186800F10801FFF7AFFD354BFB
:101EA0001B6859799A798A4209D8DA798A4206D325
:101EB0001A798A4203D01868197103F015FE2E4B67
:101EC000186800F10801FFF7FFFD2C4B186800F1BE
:101ED0000801FFF7F9FD2A4B186800F10801FFF728
:101EE0008DFD284B186800F10801FFF787FD264B90
:101EF0001B6859799A798A4209D8DA798A4206D3D5
:101F00001A798A4203D01868197103F0EDFD1F4B4E
:101F10001B6859799A798A4209D8DA798A4206D3B4
:101F20001A798A4203D01868197103F0DDFD184B45
:101F30001B6859799A798A4209D8DA798A4206D394
:101F40001A798A4203D01868197103F0CDFD114B3C
:101F5000002003F1280153F8042B99421072FAD1A2
:101F600008BD00BF9C90FF1F5890FF1F7C90FF1F73
:101F7000E891FF1FA090FF1FA491FF1F7890FF1F03
:101F80006C90FF1F6090FF1F988FFF1F7090FF1FC6
:101F90007490FF1F688FFF1F70B5002106464078C0
:101FA00004F012F800252C46707803F0FFFF0121A1
:101FB00000FA05F3B0781C430D4403F0C5FFB07878
:101FC000002103F0C1FF082DE4B2EDD1204670BD21
:101FD0002DE9F04190F8008004460D4680780021FC
:101FE0001746602603F0B0FF0121404603F0ACFF26
:101FF0003346013BFDD16D006078012165F07F051E
:1020000003F0E2FF05F0FE02A178607804F018F812
:102010006078012103F0D8FFA17860783A4604F097
:102020000FF80021404603F08FFF013EFDD1BDE8CF
:10203000F08100BFF0B52D4D2C6889B0002C42D046
:10204000002220460721FFF7C3FF2D682F78A878CC
:10205000002103F079FF0121384603F075FF60236A
:10206000013BFDD10121687803F0AEFFA9786878C3
:10207000FF2203F0E5FF0DF1FF340DF11E062846A7
:10208000FFF78AFF04F8010FB442F8D10021384667
:1020900003F05AFF6023013BFDD1DDE900239A42A2
:1020A00009D0134A134B126852685A60124A5B688F
:1020B000136009B0F0BD114B1B685B689A42F0D801
:1020C0000C4B5A60F2E7032003F08CFE0446032316
:1020D00004200226207063700121A67003F074FFB3
:1020E0000121304603F070FF2C60A9E73891FF1FF3
:1020F000A491FF1FA891FF1FEC91FF1F7890FF1F75
:1021000038B590F86430124A0260044600F10C05BC
:102110008BB9104B6360284603F094FB0023A36047
:10212000206A03F0ABF9606A03F0A8F9284603F0CF
:1021300089FB204638BD284603F084FB0023206A33
:10214000A36003F09BF9606A03F098F9E1E700BF30
:10215000B8090100AC09010010B5034B0360044647
:10216000FFF7CEFF204610BDF009010010B5054B6A
:1021700003600446FFF7C4FF2046942103F034FEB9
:10218000204610BDF009010010B5034B0360044662
:10219000FFF7B6FF204610BDD409010010B5054B6E
:1021A00003600446FFF7ACFF2046B82103F01CFE95
:1021B000204610BDD409010010B50446FFF7A0FF6A
:1021C0002046782103F010FE204610BD88422FD013
:1021D0002DE9F843804689461646051DA94516D0C7
:1021E0002868D8F80010B0472F462C46043580B137
:1021F000B84555F8044C06D0A7EB0802414608F153
:10220000040008F09DFEA945C8F80040E8D1BDE8EB
:10221000F88355F8047C03E054F8043C44F804398E
:1022200054F8041C3846B0470028F5D12760D5E79C
:10223000704700BF0B1A402B2DE9F0411BDD07460C
:102240004037884639461646FFF7C0FF474510D04D
:102250003D683C4603E054F8043C44F8043954F823
:10226000041C2846B0470028F5D10437B84525603E
:10227000EED1BDE8F081FFF7A9FFBDE8F08100BF16
:102280002DE9F04F9846531E83B003EBD373B1EBA7
:10229000630F0C9E01920F46044645DA4FEA63092C
:1022A0008A4600E0DA460AF101056FF0404303EB8D
:1022B000450354F8350054F823104FEA450B04EB5E
:1022C000C505B04718B10BF1FF3B04EB8B0529683E
:1022D00044F82A10CB45E5DB019BDA072AD50BF140
:1022E000FF3909EBD979BB454FEA690908DC16E0EB
:1022F00054F8291044F82B104F45CB460FDA91467D
:1023000054F829004146B04709F1FF3202EBD2727E
:10231000521004EB89050028EAD104EB8B05C5F8BF
:10232000008003B0BDE8F08F019BDB0700EB810567
:10233000F5D48B46019B023B03EBD373BBEB630FDE
:10234000CDD10BF1010304EBC3025B0052F8042C66
:102350002A6003F1FF3B04EB8B05C0E72DE9F04F4A
:102360008946091A402983B040F390800746924677
:1023700098464E46002A61D007F1040BCC107868CD
:1023800057F82410C0470AF1FF3A59F8041C0028F6
:1023900037D057F82400C047002845D03B6857F88D
:1023A00024203A6047F82430786839684D465E4604
:1023B00002E056F8040F3968C0470028F9D12C1FF5
:1023C00021683868C0472546043C0028F8D1AE4251
:1023D00009D233462968326843F8041B2A607068C2
:1023E00039681E46E8E74946434652463046FFF7FD
:1023F000B5FFF11B402949DDBAF1000F1ED0B146EF
:10240000BCE77868C047A0B959F8041C57F8240005
:10241000C0473B680028C2D059F8042C3A6049F8FC
:10242000043C78683968C1E759F8041C7868C047EB
:1024300078BBD7E9000139607860B7E78C10A51E3A
:102440006D10CDF8008057F82530224629463846D1
:10245000FFF716FF07EB8509013D59F8043DCDF85C
:102460000080224629463846FFF70AFF002DF3D1A7
:1024700056F8043D3A683260F41BCDF80080A21093
:1024800000213846FFF7FCFE042CF1DC03B0BDE868
:10249000F08F3B68C0E700BF836833B15C4B1B68BB
:1024A00013B101210220184770472DE9F04700F1D0
:1024B0002C0808EB8107B84504460D4616464FEA3E
:1024C000810910D04FEAA902B2FA82F2C2F11F02CA
:1024D0005200394640464F4BFFF740FF4D4A3946C0
:1024E0004046FFF7A7FEE16AA1658B69002B00F06B
:1024F0008480002BB8BF5B420B61012D4FF00003BD
:102500008B6011DD09F128002044424652F8045F37
:10251000AB69002BB8BF5B422B61D1F810C0904271
:10252000CCEB43036B61F1D1B8456DD004F13003BE
:102530009F424D6A07D053F8042B526A954228BF38
:1025400015469F42F7D10023271D84F8903084F868
:102550002830384602F080FF2062384602F07CFFC7
:10256000606202F04DFF616904F1080002F0D4FEE0
:10257000A36D276F98695A6807F0FEF9C4F88000C8
:10258000284607F0F5F90546384607F0F1F9014607
:10259000284607F045FA204907F0F6FA0023C4F868
:1025A0008400E36772B6D4F88430C4F8883062B629
:1025B00072B6D4F88010304607F032FAE16FA067A7
:1025C00007F0EAFBD8B1D4F88830C4F88C3062B692
:1025D000124A236AE16900201060DB00506803F1B1
:1025E000804303F5603301440D2019611060DA68FF
:1025F000502122F08002DA60D960BDE8F087D4F87B
:10260000883003F10043E0E7E36A5D6A9BE700BFBF
:102610001C92FF1F690400000024744900800340DD
:102620002DE9F043534B544C1B6883B0002B62D010
:10263000A368002B00F08580504B514D1B6801931F
:10264000019B2A689B1A0A2B02D803B0BDE8F083CD
:102650004C4A4D4B10685B68C01A06F021FD4B4B8D
:102660001B680646586800EB800040000F4606F0E5
:1026700007FD474B1B6880461879894606F000FD28
:1026800002460B4600204FF0804105F0A9FB0246B0
:102690000B464046494606F06DFD02460B460020BB
:1026A0003C4906F091FE32463B4606F063FD07F0DA
:1026B00059F84FF07E51064607F050FB002838D1FC
:1026C0004FF07E56002384F8903072B6D4F8801014
:1026D000304607F0A5F9E16FA06707F05DFB002821
:1026E0003ED0D4F88830C4F88C3062B600232B601A
:1026F00003B0BDE8F08394F89030A3B9A26D012334
:10270000526884F8903072B60021D4F8800007F047
:1027100087F9E16FA06707F03FFB30B3D4F888304A
:10272000C4F88C3062B6164B00221A6003B0BDE8C4
:10273000F0831949304607F02FFB0028C2D1164E0E
:10274000C0E7A06E104DA36604EB80010846CD6281
:102750004FF07E52036301212046FFF79DFE6BE799
:10276000D4F8883003F10043BDE7D4F8883003F192
:102770000043D5E75C90FF1FA490FF1FC892FF1F86
:10278000908FFF1FEC91FF1FA891FF1F6C90FF1F00
:102790007C90FF1F00002440000080BFD0B51F4B7D
:1027A0001F4C1B681B794FF47A7103FB01F1204623
:1027B00002F010FD1B4B1B68586806F061FC1A4BB9
:1027C0001B68064618790F4606F05AFC02460B466F
:1027D00000204FF0804105F003FB02460B463046D7
:1027E000394606F0C7FC06F075FF0146204602F0A8
:1027F000FDFC0E48836E00EB83020B3300EB83037A
:102800000026D46286664FF07E525E600121FFF79B
:1028100043FE074B02221A70D0BD00BF7090FF1F0D
:10282000A891FF1F6C90FF1F7C90FF1FA490FF1FBB
:102830008090FF1F38B503794F2B04464DD01AD82E
:102840002D2B61D0492B2ED13B4B1B780022022B24
:1028500080F8292001D0FFF7A1FF206837490368DD
:10286000374A5B684FF0FF350D6000211160354934
:10287000012298470EE0692B01D06F2B0ED1206802
:102880002E4A016800234D6813602E4984F82930D0
:102890000122A84720680368DB68984794F829005C
:1028A00080F0010038BD2B2BF8D1234B1B78002280
:1028B000022B80F829200ED0FFF770FF94F8290032
:1028C00080F00100204B1D491A681D4B52681A60A8
:1028D00001240C6038BD0120F4E7174B1B7800225F
:1028E000022B80F8292001D0FFF758FF164B2068F3
:1028F0001A6812495568124A0368156001220A6075
:102900005B6810499847C5E70B4B1B780022022BE8
:1029100080F829200DD0FFF741FF94F8290080F0BE
:1029200001000649064B4FF0FF3400220C601A608C
:1029300038BD0120F5E700BF8090FF1F5C90FF1FAE
:10294000EC91FF1FE40701007890FF1F2DE9F04F85
:1029500000F12C0505EB8106B54285B0044688469A
:1029600091464FEA81070FD0BA10B2FA82F2C2F153
:102970001F02520031462846A24BFFF7EFFCA14A46
:1029800031462846FFF756FCD4F82CB0C4F858B0AE
:10299000B8F1010F40F31F81E019DBF810A02830D7
:1029A0002A4652F8041F0B699042CAEB43034B615D
:1029B000F7D1DBF81C300193B542DBF820300293ED
:1029C00000F0028104F130039E4200F00781DBF841
:1029D00024501A4610681146426A954228BF15468F
:1029E0000A1D9642F6D1DBF818C01A6892698CEA83
:1029F000EC7682EAE270A6EBEC76A0EBE270B042F5
:102A00009E46ACBF30469446714503F10403ECD1B9
:102A1000BAF1000F00F0C18006F0AEFF494606F0A3
:102A2000FFFF07F0FFF9002800F0B780DBF818007F
:102A30000028B8BF404206F09FFFB8F1000F814662
:102A400040F3D480504606F097FF274407F128084A
:102A50008246002704F1280B5BF8046F306906F00A
:102A60008BFF514607F090F8494606F0D9FFB3694D
:102A7000064683EAE370A0EBE37006F07DFF0146B3
:102A8000304607F081F83946064607F085F900B16F
:102A90003746C345E0D13946484607F075F807F098
:102AA000C1F904F104094FF0000B074684F828B07F
:102AB000484602F0D1FC2062484602F0CDFC60623C
:102AC00002F09EFC616909F1040002F025FCA06D92
:102AD000029B4168019E4FEA4508C568C4F88870AA
:102AE0006D1AA167C4F88430A3FB0301A7FB073765
:102AF000C4E92837002D0397A6FB067AB8BF6D42BC
:102B0000C4E92601C01BC4F88060029361EB0A018E
:102B1000C4E9247A4246C4F8A880E5675B4607F01A
:102B2000A1F9401941EBE571CE0F361841F10001D2
:102B3000760846EAC176B54232D3029BD81B039B86
:102B4000424663EB0A015B4607F08CF9864234DCAF
:102B5000C4F8B060C4F8AC6001994846FDF7D0FEF7
:102B6000A268002A44D0236A27490120D0600025AA
:102B7000E069956003249460DB000D604A6803F10E
:102B8000804303F5603302440D241A610C60DA6857
:102B9000502122F08002DA60D96005B0BDE8F08FE4
:102BA0000D2003F0F7F9192003F088FA0D2003F047
:102BB000F1F9192003F082FAF2E7C0EB4606C4F8F7
:102BC000AC00C4F8B060C7E7E36A98695D6A0028A2
:102BD000B8BF40421CE7DBF810A0EAE6DBF81800BB
:102BE000DBF824500028B8BF404211E7002752E725
:102BF000064B1B68002BB6D0022101209847A26823
:102C0000B1E700BF59040000008003401C92FF1F81
:102C1000124B1B685B6898421FD8114B1B78012B25
:102C200070B5044601D0FDF7B9FC0E4E0E4B0025E1
:102C3000214630461D7002F0F9FA0C48836E856615
:102C400000EB83020B3300EB8303D66201214FF0CC
:102C50007E525D60FFF77AFE70BD70477890FF1F6F
:102C60008090FF1FA891FF1F948FFF1FA08FFF1F51
:102C700070B50379213B84B00446522B54D8DFE869
:102C800013F06301530053005801530053005300E5
:102C9000530053005300530053005300530053009C
:102CA00059006C007100810083008D008F0091003D
:102CB000A50053005300530053005300530053002A
:102CC0005300530053005300530053005300B3000C
:102CD000530053005300530053005300530053005C
:102CE000C00053005300CA00530053005300530068
:102CF000530053005300530053005300530053003C
:102D0000530053005300E8005300530053000C01DC
:102D1000530053005300530053001B015300530052
:102D2000530053003D013F0190F8290080F001005D
:102D300004B070BDAE4B416A1A68AE4B52681B6856
:102D400001FB02F2204694F82810FEF7DDFE002376
:102D5000012084F8293004B070BDA54B416A1A687F
:102D6000A54BEBE7A54B626A1B6894F82810204638
:102D7000FEF764FEA24A00230120137084F8293074
:102D800004B070BD9F4BEEE79F4B94F824201B6866
:102D900094F828102046FDF753FFEBE79B4BF4E730
:102DA0009B4BF2E79B4D426A2B6890F82810FDF789
:102DB00047FF2B6898481979003918BF012102F0A4
:102DC000F7F9002384F829300120B1E7884B626AC3
:102DD0001B6894F828102046FEF730FE00230120DF
:102DE00084F8293004B070BD90F82830002BF5D05D
:102DF0007F4B406A1B685B6803FB00F0FFF708FF2E
:102E0000ECE77C4B1B685868FFF702FF002384F84F
:102E1000293001208CE7764A774B12681B68406A9C
:102E2000526803A901915B68009300FB02F294F8D9
:102E3000281000232046FDF7DFFE0028CED0774B78
:102E4000754A1B7803995160002BC7D1FDF712FD1D
:102E5000C4E7734D426A2B6890F82810FDF7F0FE26
:102E60000028BBD06F4E2B6896F900201B79511EAD
:102E7000C9B203EB830303294FEA4303AED86A4880
:102E800050F82110023A8B4228BF0B46022A00F26A
:102E9000A580DFE802F0726381004379303B092BA3
:102EA0009CD8624A52F823301A7A002A96D05B687E
:102EB0005868FFF7ADFE91E75D4D426A2B6890F8C8
:102EC0002810FDF7BDFE002888D02B68554E1879D4
:102ED00006F0E6F80B4602464FF08041002004F071
:102EE0007FFF06F0F7FB96F90030013B0146032B0C
:102EF0003FF674AFDFE803F06E69645F4D4B66E741
:102F00004579303D092D3FF669AF0B3007F060F988
:102F1000374A6062126845495268034602FB03F370
:102F200051F82500039303AA04F11101FEF75CFE9A
:102F300054E7002420460021013402F0D5FDB4F509
:102F4000006FF7D1FEF77EFF03F004F903F0F6FA05
:102F50004FF47A7003F0B2F803F09AFF184606F0C7
:102F60008FF821A3D3E9002306F02EFA06F0DAFB4E
:102F700081B2F06801F0CCFD30E7184606F080F829
:102F800019A3D3E9002306F01FFA06F0CBFB81B2A8
:102F9000B06801F03DFF21E7184606F071F812A372
:102FA000D3E9002306F010FA06F0BCFB81B23069C9
:102FB00001F0AEFE12E7306989B201F0EDFE0DE7D7
:102FC000F06889B201F07EFF08E7B06889B201F0CD
:102FD00079FF03E7706801F0ADF9FFE67068194604
:102FE00001F096F8FAE600BFCD3B7F669EA0F63F63
:102FF0009C90FF1FA491FF1F7890FF1F6C90FF1FF4
:103000008090FF1F6090FF1F988FFF1F7090FF1F21
:103010007490FF1FA090FF1FA891FF1F6490FF1FD7
:103020005890FF1F2C87FF1F140A0100688FFF1F95
:103030007C90FF1FE891FF1F70B50546FDF778FDF6
:1030400088B195F82930044653B12846FDF71EFB98
:1030500050B995F829301BB12846FEF79FFA18B9E8
:103060000F4EB36813B10024204670BD95F8293087
:10307000002BF8D02846FFF7DDFB0028F4D1B36819
:10308000002BF0D1074B9B68002BECD195F8293031
:10309000002BE8D02846BDE87040FFF7E9BD00BF2F
:1030A000A08FFF1FA490FF1F08B50D4B9B6873B145
:1030B0000C4B01221A70FFF7B3FA0B48FFF7BCFF65
:1030C00000B108BDBDE808400848FFF7B5BF084B90
:1030D0009B68002BECD1034A1370FDF7CBFBEAE7AA
:1030E000A08FFF1F6490FF1F7091FF1F3C91FF1F77
:1030F000A490FF1F2DE9F04F062285B005213E4820
:10310000DFF8F8B0DFF8F8A002F01EF83D483E4BBB
:103110003E49C0F804A0002480254FF0060941F282
:10312000F95841F288370526C0E91C765A46C0E9AD
:103130000244057480F82840C465046680F8644041
:103140008466C0F81890C466C0F81C8003604061B3
:1031500004F0ACFD2E482F4B466703602E4E2F49DE
:10316000C0F804A001235A46C0F81890C0F81C808B
:1031700007678460C460057480F82840C4650466ED
:1031800080F86440846680F89040C366406104F033
:103190008DFD234F33680393224B039A1A60384600
:1031A000092100F04BF939461F4800F09FFB3368B6
:1031B0001E490193019B0B63336802931C481D4B0E
:1031C0004C620C8581F82A40CC625C621C8583F8D5
:1031D0002A40DC620460184C029E0C60174919609A
:1031E0005A46174905711E6304F060FD05B0BDE83D
:1031F000F04F02F029BC00BFA891FF1F2087FF1FDE
:10320000AC090100A08FFF1FD40901008921000033
:10321000A490FF1FF0090100C892FF1F5921000070
:103220008890FF1F6890FF1FF091FF1F3C91FF1FC8
:103230001092FF1F7091FF1FBC87FF1F7C87FF1F2D
:10324000210500002DE9F043012193B0212002F077
:10325000BBFE0A240121212002F076FE0A2002F0A2
:103260002DFF2120002102F06FFE322002F026FF08
:10327000013CEFD10121052002F0A6FE062001212C
:1032800002F0A2FE2146062002F05EFE2146052045
:1032900002F05AFE0121212002F056FE584DFEF7A1
:1032A000D7FC0221092002F08FFEFA2002F006FF6F
:1032B000284600F02FFB03460124284663B9012C61
:1032C00040F0928000F016FC284600F023FB0346F5
:1032D00001342846002BF2D049480B2100F0CCFCE9
:1032E0004748012100F0FAFC454900220CA800F0F3
:1032F00065FD0021424800F0E9FD4249044606F020
:103300002DFD00287AD04049204606F03BFD00B94B
:103310003D4C3E4B3A481C60002100F0DFFC3C4B2A
:103320001968FF221A7121B13A4B3B480B441B111B
:103330001A543A4B3A4C029302A908A800940694F6
:10334000FDF7D8F808A90EA80C94FDF7D3F8354A74
:103350002F48354D354C364FDFF8D8900CA902F088
:1033600003FA0C9B0EA8DB689847069B08A8DB684D
:103370009847009B02A8DB689847FEF7D1F9FEF753
:1033800059FE2E6840F2EE2804F052FB2378F3B188
:103390003B78DB071BD52B68D9F800209B1A0E2B36
:1033A00015D9254C1A2003F08BF900211F2003F0BA
:1033B00049F920464DF6C02102F004F90A23002104
:1033C0002120A36013B0BDE8F04302F0BDBD2B681F
:1033D00022789B1B2AB1B3F5FA6FE2D804F028FBE0
:1033E000D2E74345FAD9DCE7642002F067FE2846BD
:1033F00000F080FB032C3FF46FAF65E7014C88E7DA
:10340000F091FF1FF3FFC742F3FFC7C22887FF1FDA
:103410001092FF1F008FFCBF44E400E02D05000068
:10342000040A0100FF94BA0AC892FF1FD894FF1F34
:10343000FC94FF1F0095FF1F7C87FF1F38B50D46CA
:1034400004460021284602F0BFFD094B01222270EC
:1034500053F8351061600023E37323822372637293
:10346000A372E37223736373A373A37438BD00BFA5
:103470007C0C0100426872B6002382F8803262B68A
:103480007C20302102E010F0FF0024D00B46013BED
:10349000FDD192F800320138002BF4D072B601232E
:1034A00082F8003182F8803262B64FF43453013B27
:1034B000FDD172B600214FF4D26382F88012013B35
:1034C000FDD192F80002B0FA80F0400962B642F2F3
:1034D0007063013BFDD17047CA07436810D572B6CF
:1034E000012183F80011F02283F88012013AFDD106
:1034F00083F8801062B64FF4A563013BFDD170479D
:1035000072B6012183F800114FF4C36283F8801270
:10351000013AFDD183F8801062B67823013BFDD1DA
:10352000704700BF436872B6012183F880124822B9
:1035300083F80011013AFDD10021F02283F88012B6
:10354000013AFDD193F80002C0B262B64FF49F6316
:10355000013BFDD1704700BF01232DE9F0439C469C
:103560004FF0080E4FF4C3687827F0264FF4A56596
:1035700013E072B684F800C1B14684F880C2B9F194
:103580000109FCD184F880C062B62C46013CFDD113
:103590005B00BEF1010EDBB216D019424468E8D1DF
:1035A00072B684F800C1C14684F880C2B9F101093D
:1035B000FCD184F880C062B63C46013CFDD15B0082
:1035C000BEF1010EDBB2E8D142B972B6436883F8AE
:1035D00080224368012183F8001162B6BDE8F083C0
:1035E0002DE9F0414FF0010C00240822E6464FF08F
:1035F00048082746F0264FF49F65436872B683F863
:1036000080E2414683F800E10139FDD183F8807200
:1036100031460139FDD193F80032DBB262B629465A
:103620000139FDD14FEA4C010BB14CEA0404013AD7
:103630005FFA81FCE1D12046BDE8F0812DE9F04739
:10364000002288465521FFF787FF08F1FF3704461F
:1036500008F1070801214FF4C36678254FF0F00EFA
:103660004FF4A56C17F8019F0822012312E072B6EF
:1036700080F80011F24680F88012BAF1010AFCD1FC
:1036800080F8801062B660460138FDD15B00013AD7
:10369000DBB216D019EA030F6068E8D172B680F881
:1036A0000011B24680F88012BAF1010AFCD180F80C
:1036B000801062B628460138FDD15B00013ADBB2CA
:1036C000E8D172B6636883F88022636883F80011DA
:1036D00062B64745C6D1BDE8F08700BF0123F0B50B
:1036E000082219464FF4C3677826F0254FF4A56EDB
:1036F00012E072B684F80011AC4684F88012BCF176
:10370000010CFCD184F8801062B67446013CFDD1F6
:103710005B00013ADBB216D013F0CC0F4468E8D15D
:1037200072B684F80011BC4684F88012BCF1010C1A
:10373000FCD184F8801062B63446013CFDD15B00B8
:10374000013ADBB2E8D172B6436883F8802243685D
:10375000012183F8001162B6F0BD00BF0023C373DE
:1037600003828374037243728372C372037343735D
:10377000837370472DE9F047867C044626B100200C
:103780002082A074BDE8F08789461546FFF772FED7
:103790000028F4D0C5BB2A46EC212046FFF7DCFE0A
:1037A00001264FF00008C24637462046FFF7BAFE12
:1037B00005462046FFF7B6FE012D2BD0854232D1BB
:1037C000237CBB4204EB080330D91A7A164225D178
:1037D000082F2ED86774BA4600251A7A22EA060204
:1037E0001A72294620467600FFF776FE013716F05A
:1037F000FF06FFB2D9D108F101085FFA88F8B8F1E5
:10380000080F19D00126D0E73246F0212046FFF7F5
:10381000A3FEC5E701280FD004EB08031A7A324350
:103820001A720125DDE704EB0803D6E7F6D0082F6E
:10383000D0D9BA460025D0E7402FA0D984F810A0EF
:10384000BAF1000F01D10123A374227A002A96D085
:1038500009F1FF33083409F1070901E014F8012FD9
:1038600003F8012F4B45F9D101208BE7034689B1BD
:10387000094A00EB010C002013F8011B414001F044
:103880000F0002EB1111105C097C634580EA010016
:10389000F2D1704708467047680A01002DE9F041EF
:1038A0008046C0680F4616460025FFF757FF03E025
:1038B0000135EBB29E4214D3D8F80C0001223946F0
:1038C000FFF758FFEBB2044658B19E42F0D10721F2
:1038D0003846FFF7CBFFFB798342E9D12046BDE8AC
:1038E000F08100242046BDE8F08100BF4FF0090CB4
:1038F000002210B4064C80F803C04FF0FF0C446067
:10390000027210BC0280C261A0F818C0C16070478A
:1039100001010100C079704738B504460D46C06802
:10392000FFF7A8FDE06895B12946FFF787FE002262
:10393000B421E068FFF710FEE068FFF7F3FD0546ED
:10394000E068FFF797FDB5FA85F0400938BDFFF74D
:10395000C5FEECE770B50546C0680C461646FFF795
:1039600089FD00B970BD2146E868FFF767FEE86889
:103970000022BE21FFF7F0FD741E0836E868FFF74D
:103980002FFE04F8010FB442F8D1E868FFF772FD8A
:10399000A0F10100B0FA80F0400970BD10B51446E6
:1039A000FFF7D8FF38B1631E04F1080113F8010FC7
:1039B00010B98B42FAD110BD08212046FFF756FFFF
:1039C000237A181AB0FA80F0400910BD38B50446C1
:1039D000C0680D46FFF74EFDD0B1E068EDB1294655
:1039E000FFF72CFE2278E0684821FFF7B5FD237829
:1039F0007BB16378CBB9142002F060FB63787BB9AC
:103A0000E068FFF737FDA0F10100B0FA80F040094F
:103A100038BD142002F052FBF2E7FFF75FFEE1E74A
:103A2000A078012102F090FAEAE7A078002102F0E4
:103A30008BFAE0E770B504460D46C0681646FFF7FE
:103A400019FDE0682946FFF7F9FDE06800224E21E4
:103A5000FFF782FDB178E0680022FFF77DFDF17885
:103A6000E0680022FFF778FD2B78102B04D0317925
:103A7000E0680022FFF770FDA3792BB129462046AC
:103A8000BDE87040FFF7A2BFE068BDE87040FFF7F7
:103A9000F1BC00BF0B78102B2AD010B584B001AA5E
:103AA0000C46FFF77BFF68B123783B2B15D09DF8C0
:103AB00008305F2B1AD007D81F2B0BD03F2B14BF19
:103AC00000200A2004B010BD7F2B14BF00200C2062
:103AD00004B010BD092004B010BD9DF908209DF868
:103AE0000830002AE5DA0C2004B010BD0B20E9E70D
:103AF0000C2070472DE9F0412B4F82B0044603257E
:103B00000026E068FFF72AFEE6712672322002F0F6
:103B1000D5FA4FF0010807E007216846FFF7A6FE37
:103B20009DF8073083420FD0E06801226946FFF715
:103B300021FE0028F0D1E3791BB9013D15F0FF0506
:103B4000DFD102B0BDE8F081E2799DF800300132AA
:103B5000422BE271E8D8272B11D8102B01D0222B51
:103B6000E2D1237A013323722378A3B16946204638
:103B7000FFF790FFE378834238BFE070D4E7283B3B
:103B8000DBB227FA03F3DB07CED5237A01332372A6
:103B90002378002BEAD169462046FFF7BDFE0028B6
:103BA000E4D084F80080E1E7010008042DE9F04149
:103BB00015460A78102A84B004461F461FD00DF11E
:103BC0000408082D0E4642464CD9FFF7E7FE0028B0
:103BD0004ED00C2DA8BF0C25A5F10A03022BEDB287
:103BE00044D86B01013BDBB29DF808209A4206D015
:103BF0004246314620468DF80830FFF71BFF1FB1C3
:103C0000012004B0BDE8F081E379E570012BF7D91C
:103C1000E068FFF7A3FDE379002BF1D0002503E076
:103C2000E279EBB29A42EBD9E3780C2B05F101056E
:103C30004FF0010201A9E3D0E068FFF79BFD0028E7
:103C4000EED0072101A8FFF711FE9DF80B3083424B
:103C5000E6D101A92046FFF71DFFE378834238BF74
:103C6000E070DDE7FFF79AFE10B109251F23BBE7DF
:103C7000002004B0BDE8F08130B5082983B00546C6
:103C80002AD90C29A8BF0C21E868E970FFF766FD66
:103C9000EB79FBB1002403E0EA79E3B29A4219D947
:103CA000E868012269460134FFF764FD0028F3D07B
:103CB00007216846FFF7DAFD9DF807308342EBD114
:103CC000EA78012369462846FFF770FFEA79E3B2F4
:103CD0009A42E5D803B030BD0921D5E7017170479C
:103CE000F0B5437983B00446ABB103789BB9194F63
:103CF000154640F2ED2607E03B680193019B5B1BF4
:103D0000B34219D803F094FEE068FFF70BFC0128DA
:103D1000F2D103B0F0BD0939C9B202299CBF0E4BE4
:103D200033F81150637888BF40F2EE256BB928460E
:103D300002F0C4F963780BB903B0F0BDA07801219B
:103D400003B0BDE8F04002F0FFB8A078002102F017
:103D5000FBF8ECE7C892FF1F880A0100F0B50023CA
:103D60000D4683B00446036043601146284616465C
:103D7000FFF790FE10B9204603B0F0BD0746E86893
:103D8000FFF778FBE8683146FFF758FC2A78E868C7
:103D90004421FFF7E1FB084A0123126801922370D6
:103DA0002B79019A6260002BE5D028463946FFF74F
:103DB00097FF204603B0F0BDC892FF1F70B5CB79C6
:103DC00082B093420C4605466E4607D828463246D6
:103DD0002146FFF7C3FF284602B070BD314620469A
:103DE000FFF75CFDF2E700BF92F901C00B782F48A6
:103DF0005178BCF1000FACBF4FF0000C84463B2B58
:103E000026D010B592F800E04FEACE0040EAC1207B
:103E1000282B40EA0C0010D0102B0DD1D4795CB1C6
:103E20002349937901EAC001E31A2039DB0193FBAE
:103E3000F4F30B4443EA0C0010BDBEF1500F20D048
:103E4000BEF1FF0FF8D11B4B072908BF184610BD64
:103E500092F90430002B137805DBC90241EAC30153
:103E600041EA0C007047D80713D59378D9071AD4C4
:103E70009A0716D4104A114813F0040F08BF1046D1
:103E800070470529D8D192790D4B0C2A08BF1846E6
:103E900010BDD80000F4FC6040EAC12040EA0C00EC
:103EA0007047084870470848704700BF0000F8FF97
:103EB00080FF07000083FFFF80E4FFFF0082FFFF19
:103EC0008082FFFF8081FFFF0081FFFFC3798B426B
:103ED00001D81248704710B586B00A4601A90446B9
:103EE000FFF7DCFC10B90D4806B010BD03AA01A90C
:103EF0002046FFF753FD0028F5D003AA01A920466C
:103F0000FFF772FF10F5DC5FEDDD05F035FD4FF0DA
:103F1000705105F085FD06B010BD00BF0000FEC267
:103F200090F81CC04160BCF1020FC26001D18368EF
:103F3000184701F0D9BA00BF436810B41C685A682A
:103F40002168114302682160154C16491460D16044
:103F5000154C164914611160417A154A5C180A31F2
:103F600094F824C053F8214002EBCC0149680C605E
:103F7000017A5C1803EB810194F818C0CC6902EB5C
:103F8000CC0149680C60817A10BC581803EB81039E
:103F900090F83000596B02EBC0025368196070470B
:103FA00001401F00011000380110007800001F8040
:103FB0007C0C010043681A68596813680B4313604E
:103FC000704700BF70B4016B4A4A0979D177C16A62
:103FD00009791177016B09791177826A03462AB34F
:103FE0004168C9688A4243D9C46A006B521A216881
:103FF0009A620D6803F12404A5424FF0010259D0E2
:104000001C68E56815F0804F0D6829D12D780E6881
:1040100045F0004501360E60656336490079C87683
:1040200012B1DB6A1B79CB7670BC70470168324CE9
:10403000406B0A63CC62CC6824F08044CC60046896
:104040002E4924684FF0030C8C4283F825C039D1E7
:10405000037F4260022BC26038D170BC836818476E
:104060002D880E6845F0004502360E606563D4E782
:10407000C16A0968CC8B260402F1FF3031D4C0F349
:104080000E00C883CC8B186BA4B2CC820468E58B7D
:104090002D041ED4C2F30E05E583E58BADB2E58297
:1040A0000D680024013A9C6203F1240418BF012228
:1040B000A542A5D11968CC6893F8244044F0004487
:1040C0004C63AAE72346114670BC184770BC01F048
:1040D0000BBAE58BC2F3080605F47E453543E5834C
:1040E000DBE7CC8BC0F3080004F47E442043C88394
:1040F000C8E700BF0080004000000FFF213F000024
:1041000008B50248FFF75EFF08BD00BF4087FF1FEC
:104110002DE9F041056B04464069884604F0B0FF84
:10412000064640460F4604F0ABFF02460B463046BB
:10413000394605F01FF87A4B002205F01BF874A3EE
:10414000D3E9002306460F4605F03EF9754B0022E1
:1041500004F058FE05F0E6FAC3B20F2B25F0400537
:104160000ED92563E26A94F83B1022F01F021F2B40
:1041700094BF1A4342F01F02E26299B9BDE8F08190
:1041800045F0400564A3D3E9002325633046394652
:1041900005F01AF9634B002204F034FE05F0C2FA70
:1041A000C3B2DFE76049614ACB6BD4F8308043F497
:1041B0008053CB63D568D368C5F380659A014FEA15
:1041C000C50540F1978045F004050C2DEFB208BFFE
:1041D0002F4640F09080564E94F83800002101F0B0
:1041E000B3FE33684FF00042DA62C8F307425A6305
:1041F000DA6A002AFCDA986B4FF00042DA620002B9
:10420000C8F3072280B25A63DA6A002AFCDA996B93
:10421000C9B201435FFA88F24FF00040D862090248
:104220005A63DA6A002AFCDA9B6B94F838005FFA6A
:1042300083F848EA0108012101F086FE0C2D4FEABF
:10424000181803D03A483946FFF7B4FE3649C4F887
:104250003480CB6B354AD4F82C8043F48053CB6345
:10426000D568D368C5F380659B014FEAC50547D57E
:1042700045F004050C2DEFB208BF2F4641D194F84C
:104280003800002101F060FE33684FF00042DA622E
:10429000C8F307425A63DA6A002AFCDA986B4FF0D7
:1042A0000042DA620002C8F3072280B25A63DA6A77
:1042B000002AFCDA996BC9B201435FFA88F24FF029
:1042C0000040D86209025A63DA6A002AFCDA9E6B5F
:1042D00094F83800F6B20E43012101F035FE0C2DA2
:1042E0004FEA161603D012483946FFF763FE66639D
:1042F000BDE8F081EFB20E480C21FFF75BFE6AE7E4
:10430000EFB20B480C21FFF755FEB8E7AFF3008082
:1043100000000000C0EB12410000000040240441F6
:10432000000040400000E03F0080044000C0024028
:104330004087FF1FFF29F8B5056A044617DD564B75
:104340004FF480721D4094F83B30E2632562DBB984
:10435000E26BE3682069A16902FB03F300FB03F34E
:104360004E4AB2FBF3F31944A360E161F8BD7F2923
:1043700058DD494B1D4094F83B30802245F0010543
:10438000E2632562002BE3D04549464ACB6B43F4F8
:104390008053CB63D668D368C6F380669B014FEA2F
:1043A000C60649D546F004060C2EF7B208BF3746BC
:1043B00043D1002194F8380001F0C6FD3A4B1B6848
:1043C0002A0C4FF00041D9625A63DA6A002AFCDAFB
:1043D000986B4FF00042DA620002C5F3072280B208
:1043E0005A63DA6A002AFCDA996BC9B2EDB201436A
:1043F0004FF00042DA6209025D63DA6A002AFCDAF1
:104400009D6B94F83800EDB20D43012101F09CFD45
:104410000C2E4FEA151503D023483946FFF7CAFD85
:10442000656395E73F290DDC1F2911DD1A4B1D40FF
:10443000202245F0030586E7F7B21B480C21FFF761
:10444000B9FDB6E7144B1D40402245F002057AE75E
:104450000F2907DC0729104B0ADD1D40082245F013
:10446000050570E7114B2B40102243F401756AE7F4
:10447000032904DD1D40042245F0060563E70129F8
:1044800004DD1D40022245F007055CE71D400122C6
:1044900045F0080557E700BFF0FD0F0000879303C4
:1044A0000080044000C002404087FF1FF0FF0F0063
:1044B00090F8252090F828C0036861F3061280F870
:1044C0002520426A1B684FEA0C6C4CEA12226C21D0
:1044D000184700BF90F825C090F8262010B40CF0C3
:1044E0007F0C01F0010422F00702C1F342010A43EC
:1044F0004CEAC41C046880F825C080F8262090F897
:1045000028102468426A090641EA122223466C21D7
:1045100010BC184790F826C090F8272010B40CF073
:104520007F0C01F0010422F00102C1F340010A43B3
:104530004CEAC41C046880F826C080F8272090F854
:1045400028102468426A090641EA122223466C2197
:1045500010BC184790F8272090F828C0036861F332
:10456000410280F82720426A1B684FEA0C6C4CEA33
:1045700012226C21184700BF90F828C0426A0368D5
:1045800061F3030C80F828C04FEA0C6C1B684CEAFE
:1045900012226C21184700BF00B5036883B05B6826
:1045A0006C219847C0F3021003B05DF804FB00BF14
:1045B00000B5036883B05B686C219847C0F3C310F3
:1045C00003B05DF804FB00BF00B5036883B05B680F
:1045D0006C219847C0F3C13003B05DF804FB00BF05
:1045E00000B5036883B05B686C219847C0F3404016
:1045F00003B05DF804FB00BF00B5036883B05B68DF
:104600006C219847C0F3036003B05DF804FB00BF62
:1046100010B404680A46C1F30721246880F8261004
:10462000C2F3074180F82710110E80F828102346A6
:1046300080F8252010BC6C21184700BF90F8252079
:1046400090F828C0036861F3030280F82520426ACD
:104650001B684FEA0C6C4CEA12226C21184700BF11
:1046600090F828C0426A036861F3041C80F828C0EF
:104670004FEA0C6C1B684CEA12226C21184700BFF1
:1046800003686F215B68184710B4C27D0468C1F3EA
:10469000014C2468417522F0030242EA0C02C1F386
:1046A000072CC2752346C1F3110210BC80F816C056
:1046B00000211847427D61F38202427510B44269BD
:1046C0000468C2F31122236810BC0021184700BF00
:1046D00010B490F832200468C1F3054C24680186B8
:1046E00022F03F0242EA0C0280F832202346C1F356
:1046F000150210BC7021184790F8322061F3820235
:1047000080F8322010B4026B0468C2F315022368EB
:1047100010BC7021184700BFC2604FF07C5202618C
:104720001A4A0260827A818622F00F028272026B3C
:10473000816980F83C3002F07C4242F4A02242F4CD
:1047400090620263026A02F47E420262426A30B4FC
:104750000F4D002401F4700102F0800244600481D6
:10476000846344758475C4758462816195F90040E1
:10477000C1694262C26A9C4201F4704102F0FE02C9
:10478000B8BF2B70C16130BCC26270479C0B010086
:104790001892FF1F90F8340001F0D6BB836B03B171
:1047A0007047294A29492A4830B4146802E0013385
:1047B000172B46D031F8022BB0FBF2F29442F6D31D
:1047C000244A254952F82330CC7A1A0902F470623F
:1047D00023F47043134343F07850D4B172B6CA7ACD
:1047E000D50708D54FF0E02CCD68DCF880412C408F
:1047F000CCF880418C61940708D54FF0E02C0D690E
:10480000DCF884412C40CCF88441CC6152070ED4B2
:1048100062B60A68D168814207D0104C1049146012
:1048200043F0FC43D0601361116030BC70474FF01F
:10483000E0244D69D4F888212A400A62C4F888210E
:10484000E6E71623BCE700BF7887FF1F900A010048
:1048500000512502C00A01004087FF1F01403F00B0
:1048600000003F80836B03B170470D4AD37A002B61
:10487000FAD0D80704D54FF0E0219069C1F80001C3
:10488000990704D54FF0E021D069C1F804015B0716
:10489000EAD54FF0E023126AC3F80821E4E700BF2D
:1048A0004087FF1F806B0B4608B100F011BC064A21
:1048B00012684FF00041D1625363D36A002BFCDAD7
:1048C000906BC0B2704700BF4087FF1F2DE9F041D9
:1048D00005460F46FFF762FF00212846FFF75AFF03
:1048E00039462846FFF7DEFF042400212846FFF75B
:1048F000D9FF631E13F0FF04F7D195F93C30012B6B
:104900004FF001060EDD052400212846FFF7CAFFFF
:10491000631E13F0FF04F7D195F93C30013676B2EF
:10492000B342F0DC01212846FFF734FF1823013B96
:10493000FDD1DFF8808000212846FFF72BFF98F992
:104940000030B3420EDD052400212846FFF7AAFF00
:10495000631E13F0FF04F7D198F90030013676B2E8
:10496000B342F0DC39462846FFF79CFF002128754A
:104970002846FFF797FF002104462846FFF792FFDD
:104980002402044300212846FFF78CFF2402002163
:1049900004432846FFF786FF2402034628461C43AB
:1049A000FFF760FF28460121FFF7F4FE2046BDE82F
:1049B000F08100BF1892FF1F70B5054614460E46E1
:1049C000FFF7ECFE00212846FFF7E4FE46F08001E9
:1049D0002846FFF767FF210E28752846FFF762FF7C
:1049E000C4F307412846FFF75DFFC4F307212846BB
:1049F000FFF758FFE1B22846FFF754FF95F93C3026
:104A0000012B0FDD0126052400212846FFF74AFF70
:104A1000631E13F0FF04F7D195F93C30013676B2EE
:104A2000B342F0DC2846FFF71DFF01212846FFF7BF
:104A3000B1FE70BD416910B50446C1F31121FFF705
:104A400023FE61682046C1F3130100F005FBE17904
:104A5000204600F083FAA1682046C1F3130100F05C
:104A600087FAA269236820461B68C2F31302142147
:104A70009847A38BE27EC3F30B0342EA0322236829
:104A800020461B6815219847238CE28BC3F308034B
:104A900042EA0342236820461B682D21984794F878
:104AA0002430628C03F07F0342EA034223682046ED
:104AB0001B683321984794F82830616A1B0643EA43
:104AC00011212046FFF7A4FD94F82C30A16A03F0D1
:104AD00001031B0643EA1121204600F05BFAE26A5B
:104AE0002368120A1B6820466E219847216B2046D6
:104AF000C1F31501FFF7ECFD94F83320236820463D
:104B00001B68BDE8104002F003027221184700BF85
:104B100038B50C4605462049C06804F081FF05F011
:104B200081F942F6415382B203FB02F2120A1B4B97
:104B300002FB04FC1F2101FB0332BCFBF2F2FF2A43
:104B400002F1FF3408D87F2A9CBF01F1FF31C9B2BE
:104B50007E2CF0D9D3B201E000231A461F29286821
:104B600085F8433028BF1F2103680C4628460B21D7
:104B700098472146284600F08FFA204604F0FCFEB4
:104B8000296904F04DFF05F04DF9C1B22846BDE892
:104B9000384000F073BA00BF00FF7F47FE440100B9
:104BA000F8B5836B044642EA4145CBB190F8260044
:104BB000002101F0C9F9C5F30741A06B00F088FAA4
:104BC000C5F30721A06B00F083FAA06BE9B200F0F7
:104BD0007FFA94F826000121BDE8F84001F0B4B94D
:104BE000066B4549454803E00133172B00F08180EF
:104BF00031F8022BB0FBF2F29642F5D3404A414E17
:104C000052F823301A0902F4706223F470431343FC
:104C1000F27A43F078511AB372B6F27AD70708D510
:104C20004FF0E02CF768DCF880013840CCF88001C8
:104C3000B061900708D54FF0E02C3769DCF88401AB
:104C40003840CCF88401F061570708D54FF0E020D8
:104C50007769D0F888213A40C0F88821326262B67C
:104C60003268D068884207D043F0FC432648106081
:104C7000D1601361254B136094F82600002101F0E8
:104C800063F933684FF00042DA62C5F307425A63B2
:104C9000DA6A002AFCDA4FF00042996BDA62C5F357
:104CA00007225A63DA6A002AFCDA4FF00042EDB2BA
:104CB000996BDA625D63DA6A002AFCDAF27A9B6B3E
:104CC000002A86D0D00704D54FF0E023B169C3F89D
:104CD0000011910704D54FF0E023F169C3F80411E6
:104CE00053077FF576AF4FF0E023326AC3F808210F
:104CF0006FE7162382E700BF900A010000512502EA
:104D0000C00A01004087FF1F01403F0000003F80B4
:104D100070B50446084604F02FFE1B4904F080FEDF
:104D20001A4904F031FFA16A064604F079FE1849D9
:104D300004F02AFF4FF07E5104F068FD05F072F890
:104D4000C5B20F2D1AD80121204600F041F9A16A01
:104D5000304604F065FE0F4904F016FF4FF07E5117
:104D600004F054FD05F05EF8C5B21F2D294620461B
:104D700028BF1F21BDE8704000F09CB900212046EB
:104D800000F026F9F1E700BFD504354200007A446F
:104D900052B89E3EC3F5283E202914D820291FD89A
:104DA000DFE801F01F1E221E251E1E1E281E1E1ECD
:104DB0001E1E1E1E2B1E1E1E1E1E1E1E1E1E1E1E06
:104DC0001E1E1E1E2E0080291DD0B1F5807F02D12F
:104DD000002100F00FB9402918D1022100F00AB9D2
:104DE0007047082100F006B9072100F003B9062139
:104DF00000F000B9052100F0FDB8042100F0FAB878
:104E0000032100F0F7B8012100F0F4B8704700BFAB
:104E100070B50446084604F0AFFD254904F000FED5
:104E2000244904F0B1FE24490646E06804F0F0FC91
:104E3000314604F0F5FD214904F0A6FE4FF07E5105
:104E400004F0E4FC04F0EEFFC5B20F2D236829D86E
:104E50009B680121204698471749E06804F0D8FC78
:104E6000314604F0DDFD164904F08EFE4FF07E5110
:104E700004F0CCFC04F0D6FFC5B21F2D28BF1F25BF
:104E80002946204600F008F9284604F075FD2169FE
:104E900004F0C6FD04F0C6FFC1B22046BDE8704074
:104EA00000F0ECB89B68002120469847E5E700BF7A
:104EB000D504354200007A440AD7A33C6666A63E74
:104EC000EC51383E202914D8202921D8DFE801F000
:104ED00021202520292020202D20202020202020B6
:104EE00031202020202020202020202020202020B1
:104EF0003500802925D0B1F5807F03D103680021DA
:104F00005B6A1847402920D1036802215B6A184771
:104F1000704702680821526A104702680721526AE6
:104F2000104702680621526A104702680521526A3A
:104F3000104702680421526A104702680321526A2E
:104F40001047036801215B6A1847704708B503687A
:104F500001215B68984700F0010008BD10B40468A7
:104F60002468C1710A462346112110BC184700BFAE
:104F700010B4827A0468C1F3034C2468018122F0E2
:104F80000F0242EA0C0282722346C1F3130210BCE4
:104F90001321184790F82C2010B40468C1F3006C5A
:104FA00022F00102246880F8291042EA0C0280F8FD
:104FB0002C20C1F3072CC1F3074280F82B20234695
:104FC00021F07E4210BC80F82AC06D21184700BF36
:104FD000427D90F818C061F38612427542694FEA2B
:104FE0000C6C4CEA12220721FFF7DABD407DC009A4
:104FF000704700BFF8B504460F46FFF7F7FF00B152
:10500000F8BD6379257A67F3030363716368064625
:105010002D06204645EA1325FFF7E8FFC5F30722D2
:105020000146C5F3074358B1E3702B0EA2706570BB
:1050300023712A4631462046BDE8F840FFF7B0BD4F
:10504000E3712B0EA271657123722A462046BDE8DA
:10505000F840FFF7A5BD00BF10B482790468C1F322
:10506000034C2468818022F00F0242EA0C02827114
:105070002346C1F3130210BC10211847027961F3D3
:105080000402027110B442680468C2F31302236878
:1050900010BC1021184700BF427961F3040242712D
:1050A00010B442680468C2F31302236810BC1021D4
:1050B000184700BF427C90F814C061F304024274A8
:1050C00002694FEA0C6C4CEA12220621FFF768BD18
:1050D000F8B505460E460079002100F035FF07249B
:1050E000002746FA04F313F001034FF0010128787A
:1050F00008BF194600F028FF0121287900F024FF9D
:10510000A87800F053FF031E18BF0123A3403B43C0
:1051100028790021DFB200F017FF013CE1D1F3074D
:105120004CBF01212146287800F00EFF287901218B
:1051300000F00AFFA87800F039FF00280CBF3846BD
:1051400047F00100F8BD00BF184B70B553F831604F
:10515000044600206060A163C8B206F58071E16278
:1051600006F18001A16253F83230E26303F180025C
:10517000226303F58072626340F6C4120125626205
:105180004FF448716422A1612262E261C6F80051C5
:105190002946C3F88050256000F016FF94F83C00C3
:1051A000294600F011FF204670BD00BF7C0C0100B5
:1051B000C26B074B53F8323003F1800203F5807362
:1051C00011B1194613460A4602634363704700BF94
:1051D0007C0C0100034A044B914298BF0B4643628A
:1051E000704700BF1FA1070020A10700002910B4CD
:1051F0000BDB0C4C026BA1424FF00103A8BF214610
:10520000036010BC136081617047074B426B4FF025
:10521000FF3499420460B8BF19460124146010BCE1
:1052200081617047E0930400206CFBFF4368C91A5A
:1052300010B40DD4026B012303601360426810BCEC
:1052400081EAE173A3EBE1731144C160036170472C
:10525000436B4FF0FF34012204601A60EEE700BF99
:10526000704700BF024B186803681B68184700BFEF
:105270002092FF1F024B586803681B68184700BF45
:105280002092FF1F024B986803681B68184700BFF5
:105290002092FF1F024BD86803681B68184700BFA5
:1052A0002092FF1F426808B55AB1154B13441B11D9
:1052B0004433DBB2443B032B03D8DFE803F0111582
:1052C000190D104B1B6800220260ABB1012108468A
:1052D00098474FF0FF3008BD0B4B0360032008BD1B
:1052E0000A4B0360002008BD094B0360012008BD84
:1052F000084B0360022008BD4FF0FF3008BD00BF1F
:10530000008FFCBF1C92FF1F3071034000710340EF
:105310001071034020710340F0B58DB02F4B304A1F
:105320000093071D04460E4608A802A906930292A0
:10533000FBF7E0F82B4A06A9384600F015FA069B61
:105340000546DB6808A89847009B02A8DB689847D9
:105350005DB9254B1B682BB1032101209847032021
:105360000DB0F0BD03200DB0F0BD2046FFF79AFF51
:105370001E4B616843F820602022227221B11C4B31
:105380000B441B111B495A541B4B53F820300293FA
:1053900002A91A4B009308A80693FBF7ABF8114A31
:1053A00006A9384600F0E0F9069B08A8DB68984794
:1053B000009B02A8DB689847236833B19A680020F5
:1053C00022F002029A600DB0F0BD074A1268002A6E
:1053D000F4D00221012090472368EFE7040A01007E
:1053E00061520000005125021C92FF1F2092FF1FF6
:1053F000008FFCBF44E400E0E00B0100D00B010093
:1054000010B4134C22780ABB124B4FF6FF711A608E
:1054100010209960D30003F1804303F5603301321B
:10542000D96821F08001D960D968082A21F04001AB
:10543000D960D860EED1074B4FF0E0220D20186004
:105440004FF080410123C2F80411237010BC704753
:105450003092FF1F00800340064B0146002053F8A6
:10546000042F1AB101300828F9D17047024B43F8D4
:10547000201070473092FF1F3492FF1F072811D869
:1054800010B472B6C30003F1804303F560330649DC
:10549000DA68002422F04002DA6041F8204062B667
:1054A00010BC7047704700BF3492FF1F70B50D4DA0
:1054B0000024E30003F1804303F56033DA6802F06F
:1054C000C002C02A09D155F82400DA68066822F023
:1054D00040023668DA602146B0470134082CE8D132
:1054E00070BD00BF3492FF1FEFF3108272B6437F8E
:1054F0005BB9017F012930B40BD0032913D00123FC
:10550000437702B962B630BC70470AB962B67047D9
:105510007047124C2168B1B1114943610B68836136
:1055200008605861EBE70F4D0F492C688CB143615F
:105530000B68836158614FF0E0234FF0805408609E
:10554000C3F8044DDBE7064B4161816120601860C0
:10555000D5E7446184612860EDE700BF5492FF1FE6
:105560006492FF1F5C92FF1F5892FF1F70B5EFF30C
:10557000108272B60C4C206880B10C4E0025436935
:10558000236073B19D6102B962B68368457798471D
:10559000EFF3108272B620680028F0D102B962B62B
:1055A00070BD3360EFE700BF5C92FF1F5892FF1F92
:1055B000FFF7DCBF024A136801331360704700BF76
:1055C000C892FF1F084B10B503EB51030446B3FB11
:1055D000F1F000F0E7FE054B1B7803B110BD20464B
:1055E000BDE8104002F09CBA00449508B987FF1F3F
:1055F00008B5084601F0D4F8012008BD08B50846F2
:1056000001F0CEF8012008BD38B508460D4605F07A
:1056100037FE04460146284601F03EF9204638BDD3
:1056200010B508461446114601F036F9204610BD63
:105630000846114601F05EBB0846114601F03EBB2C
:1056400001F056BA08B5084601F08AF8003818BFCC
:10565000012008BD08B5084601F060F8003818BF01
:10566000012008BD0846114600F0ECBF084601F0D5
:1056700027B800BF084600F0C9BF00BF00F05EBFFA
:1056800010B50648144600EB5100B0FBF1F000F0F5
:1056900089FE2046BDE8104000F0F2BE00449508A7
:1056A00001F000BA01F0B8B901F0A2B901F07CB97B
:1056B00001F086B90368064A1B68934205D110B50C
:1056C000C8B201F06DF8012010BDC9B2184700BF83
:1056D000FD5500000368064A1B68934205D110B5CA
:1056E000C8B201F05DF8012010BDC9B2184700BF73
:1056F000FD5500000368064A1B68934205D110B5AA
:10570000C8B201F04DF8012010BDC9B2184700BF62
:10571000FD5500000368064A1B68934205D110B589
:10572000C8B201F03DF8012010BDC9B2184700BF52
:10573000FD550000704700BF704700BF704700BFB5
:10574000704700BF704700BF38B5064CA4F1600534
:1057500054F8083C2046DB68183C9847AC42F7D127
:1057600038BD00BFB892FF1F2DE9F043036887B032
:1057700004469046002B3ED000229A600122DA6057
:10578000294DDFF8A8901D442D1151F8083B0093D6
:1057900005EB4506F60002A85B68984706F1080786
:1057A00059F806304F443846DB689847009B204A3A
:1057B000009202A949F8063038469B689847009B3A
:1057C00002A8DB68984723681A49C3F800800322BF
:1057D0009A6005F14402531103F13823207968548B
:1057E000403301209B0002F01F0200FA02F21A600F
:1057F00007B0BDE8F083104AD36B43F40003D363D2
:1058000000BF0E4B01221A6003F580730C4A03603F
:1058100098680028B4D0103393422360F8D1002058
:10582000206007B0BDE8F083008FFCBF6892FF1FC7
:105830005C0C010044E400E0008004400070034080
:10584000407103400368002B3DD02DE9F0471E4C0A
:10585000DFF878901E4A1C44241104F144067311A9
:1058600004EB4404E40003F1382386B060339F0066
:105870004FF0010A59F80430009204F1080806F0CC
:105880001F06144A02920AFA06F6C8440546DB6867
:105890003E6040469847009B0F4A009249F804300A
:1058A000404602A99B689847009B02A8DB6898477E
:1058B0002A6800239360C2F80CA0C7F800612B602F
:1058C00006B0BDE8F0877047008FFCBF6892FF1FED
:1058D000040A0100355700005C0C01000448054A29
:1058E00050F8083B01211B68C2F80C11184700BF93
:1058F0006892FF1F007003400448054A8369012134
:105900001B68C2F81C112030184700BF6892FF1FA7
:10591000007003400448054A036B01211B68C2F86C
:105920002C113830184700BF6892FF1F00700340E9
:105930000448054A836C01211B68C2F83C115030B1
:10594000184700BF6892FF1F00700340084B0948CA
:10595000094A0A4910B40A4C1C6098609C6118629C
:105960001C6398639C64186510BC002002F09EB90B
:105970006892FF1F355700002087FF1F495700001E
:10598000040A010070B5012A8AB008BF0A22A1B337
:105990004FF0210E02E05FFA86FE2946B1FBF2F5D8
:1059A00002FB15145FFA84FC092C0CF1300498BF3B
:1059B0005FFA84FC0EF1280488BF0CF1370C6C44AC
:1059C00088BF5FFA8CFC91420EF1FF3604F824CCBC
:1059D000E1D24BB10EF1FF3E5FFA8EFE0EF12803CD
:1059E0006B442D2203F8242C036801A95B68CEF1D7
:1059F0002202714498470AB070BD30228DF82520EC
:105A00004FF0210EE5E700BF0029BABF49422D2320
:105A100000230A22FFF7B6BF00B5036883B040F643
:105A20000D22ADF804205B68022201A9984703B05B
:105A30005DF804FB034B022888BF034618461B6829
:105A40005B681847BC87FF1F10B5174B0FCB84B09E
:105A5000EC468CE80F00154B5A78910717D51A7849
:105A6000124C12F0700218BF1A7080210023E171ED
:105A7000332223710323E272A37272B64CF0010346
:105A80002046984762B6237813F0700309D1084B7B
:105A9000064901E0013B02D04A78D207FAD504B0AA
:105AA00010BD237004B010BD6C0C0100000002405A
:105AB000410D0300B0F5006F11D210B5094B5B78B2
:105AC000DB07044604D504F1A0542078C0B210BD11
:105AD00004F1A054FFF7B8FF2078C0B210BD002039
:105AE000704700BF00000240B0F5006F1FD238B50C
:105AF0000F4B5B78DA0704460D4610D504F1A0542D
:105B00002378AB420AD00A4A137813F0700318BF07
:105B10001370074A25705378DB07FCD538BD04F1B4
:105B2000A054FFF791FF2378AB42ECD1F6E7704722
:105B30000000024008B5FDF785FBFDF7B5FA01F05E
:105B400077FFFAE701B441EA000313F003036FD1D2
:105B5000403A41D351F8043B40F8043B51F8043B30
:105B600040F8043B51F8043B40F8043B51F8043B37
:105B700040F8043B51F8043B40F8043B51F8043B27
:105B800040F8043B51F8043B40F8043B51F8043B17
:105B900040F8043B51F8043B40F8043B51F8043B07
:105BA00040F8043B51F8043B40F8043B51F8043BF7
:105BB00040F8043B51F8043B40F8043B51F8043BE7
:105BC00040F8043B51F8043B40F8043B51F8043BD7
:105BD00040F8043B403ABDD2303211D351F8043B77
:105BE00040F8043B51F8043B40F8043B51F8043BB7
:105BF00040F8043B51F8043B40F8043B103AEDD226
:105C00000C3205D351F8043B40F8043B043AF9D276
:105C100004320AD0D2071CBF11F8013B00F8013B47
:105C200003D30B7803704B78437001BC704700BFFF
:105C30000C2A4AD310F0030311D0C3F10403D21A83
:105C4000DB071CBF11F8013B00F8013B07D311F83B
:105C5000013B00F8013B11F8013B00F8013B11F05A
:105C600003033FF475AF30B4043AC91AC3F1040C0E
:105C700051F8044B022B19D0032B0BD0240A51F8F6
:105C8000043B1D0644EA050440F8044B1C46043A54
:105C9000F4D216E0240E51F8043B1D0244EA050438
:105CA00040F8044B1C46043AF4D20AE0240C51F8A4
:105CB000043B1D0444EA050440F8044B1C46043A26
:105CC000F4D20432B1EB0C0130BC043AA0D3013A57
:105CD00011F8013B00F8013BF9D20B7803704B78C7
:105CE00043708B78837001BC704700BF08B50F4CC0
:105CF000636B58030DD4636B59050FD4636B1A059E
:105D000011D4636BDB04F3D501F0D6FF636B58034A
:105D1000F1D501F0BFF8636B5905EFD500F080FABB
:105D2000636B1A05EDD500F007FFEAE70080044039
:105D300008B5FFF7DBFF00BF014B10221A80704748
:105D400000200540704700BF094A08B503461068A7
:105D500033B169460344A1F580518B4201D21360EF
:105D600008BD05F059FA0C2303604FF0FF3008BD61
:105D70009087FF1F002070474FF0FF30704700BF33
:105D80004FF400534B600020704700BF0120704764
:105D90004FF0FF30704700BFFEE700BFFEE7FFFF98
:105DA000EFF31383CBB9EFF31080A0B9EFF30583C2
:105DB00043B94FF48070EFF311835BB1984228BF71
:105DC000184670470F2BF6D9054AD05CEFF31183C4
:105DD000002BF3D17047184670474FF0FF307047E3
:105DE000F0E300E004F0F8B904F0FEB901F1FF3C83
:105DF00070B56546002401E070460134B0FBF2FE48
:105E000002FB1E03092B03F130068ABF3733F3B2BE
:105E1000DBB2904205F8013FEED2631C0022CA5467
:105E2000C8187CB162461CF8015F10F801ED8CF8CF
:105E300000E0A1EB0C030232013B521A23449A42C8
:105E40000570EFDB084670BD10B40F4B53F83020DF
:105E500092F880422CB1012391B182F8803010BCBD
:105E6000704703EBC0035B681A6821B922F0020295
:105E700010BC1A60704742F0030210BC1A607047F1
:105E800082F8003110BC70477C0C0100034B0022EB
:105E900010215A615A6018605961704700D0034060
:105EA000704700BFF0B54FF0E0244FF400054FF00D
:105EB000807CC4F80851C4F808C14FF0007CC4F8D5
:105EC00008C11D4A1D481E494FF0806CC4F808C126
:105ED0002823002748F6FF7609254FF0006CC4F808
:105EE00008C183B057609660D3605361D361536239
:105EF000D3625363D3635364156047608660C360A5
:105F0000436105604F608E60CB604B610D6001F0B6
:105F10002FFEFFF7C5FF0B4C23680093009B132B4C
:105F2000FAD901F071FB23680193019BB3F5967FC9
:105F3000F9D303B0F0BD00BF0080034000900340E0
:105F400000800B40C892FF1F212816D810B4104BB8
:105F500053F8302092F880422CB1012371B982F8B5
:105F6000003110BC704703EBC0035B681A6849B18D
:105F700042F0030210BC1A607047704782F880300C
:105F800010BC704722F0020210BC1A60704700BFBC
:105F90007C0C0100212805D8034B53F83030012236
:105FA00083F88021704700BF7C0C0100212806D8AF
:105FB000044B53F8303093F80002C0B27047002011
:105FC000704700BF7C0C0100212820D81B4A02EB3F
:105FD000C00301295B680FD004291DD052F830009E
:105FE000002280F8802299B1022922D003290DD104
:105FF0004FF481721A60704752F830004FF4A27269
:1060000080F880121A601A6822F020021A60704725
:106010004FF480721A60704752F830104FF4A27239
:10602000012081F880021A601A6842F020021A608A
:10603000704740F203121A60704700BF7C0C0100E9
:106040002DE9F843DFF870800E4617460825012435
:1060500008EBC1090CE0012283F8802093F880222C
:10606000F2B1012283F800216400013DE4B221D0A5
:10607000212803D807EA0401FFF7E6FE212EF3D812
:1060800058F8363093F88022002AE4D1D9F8041069
:106090000A6842F003020A6093F88022002AE0D1E5
:1060A000D9F804201368640023F00203013D136053
:1060B000E4B2DDD1BDE8F8837C0C01002DE9F843A2
:1060C000044672B6204F4FF0E02293693D68D2F843
:1060D000042D62B6520102D5322B88BF01350CB9AE
:1060E000BDE8F883DFF86490DFF86480A9EB030370
:1060F000A8FB03234FF47A7202FB05F505EB131599
:106100004FF0E02672B6B1693A68D6F804CD62B6AF
:10611000A9EB0103A8FB03031CF0806FC5EB13136D
:106120004FF47A7002D0322988BF013200FB02336B
:10613000B3F57A7F04D3013CD2D005F57A75E1E757
:1061400001F076FCDEE700BFC892FF1F3F19010097
:10615000398EE338284B5B6B5B054CD510B5274C6B
:10616000237823B101F064FC2378002BFAD1244A70
:10617000244B4FF0E0204FF400540021C0F884413C
:10618000D1701B7863B3152B1BD01F4B1B7803F00A
:106190007F03012B1FD0052B0ED01C4B184A1C4C23
:1061A0001C48196892F804C0D27900232370037048
:1061B00009B101230B7010BD174B40F20312DA61D5
:1061C000EBE7154B40F203129A610F4B1B7803F07B
:1061D0007F03012BDFD1114B40F203125A64DCE73D
:1061E0000E4B40F203121A64074B1B7803F07F0337
:1061F000012BD0D1EFE77047008004402093FF1FB0
:1062000000A006401993FF1FA087FF1FCC92FF1F1D
:106210001093FF1F1893FF1F00C0044000A004400C
:106220002DE9F041504C237913F0300F47D072B66E
:10623000A37D03F0FF01002B58D062B6DFF82C815C
:106240004B4898F800304B4A057816684A4F5FFA79
:1062500083FC4A4BEDB2D3F800E008E01DB14FF0EB
:10626000000C07F80C304A1E12F0FF0112D0E3793F
:106270000CF101029642DBB2F0D99542ACF13F003D
:10628000F1D03F2A6DD994464A1E12F0FF010EF854
:106290000030ECD15FFA8CF388F80030384B196885
:1062A00069B1AC453CBF721B02EB0C03354A126866
:1062B00028BFACEB05039A429CBF01230B702A4810
:1062C000C3781E06DDB216D46A060DD5264B1B799F
:1062D0005B0609D52C4B2D491B6800220A7003B1BF
:1062E0001A70214B3C22DA70BDE8F0814023E2793C
:1062F000637462B6E3E703791C06E5D5244B254AAF
:10630000DFF894E01C7816689EF80030234A244F8A
:10631000D2F800C0E4B2DBB207E003790023FA5CF4
:10632000D2B2C271027D072A11D8A34203F1010142
:106330000ED08E42F1D93F290279A3F13F0301D853
:106340000B46ECE71CF803200B46D2B2E9E7DCB2BF
:10635000054B8EF800401A79110644BF7C22DA7092
:10636000B2E794467DE700BF00A006401093FF1FF0
:106370001893FF1F9887FF1FD092FF1F1493FF1FD2
:10638000CC92FF1F9487FF1F1C93FF1F2093FF1FBA
:106390006493FF1F9C87FF1F6C93FF1F6893FF1F71
:1063A0002493FF1F2A4A2B49536B70B443F40063B4
:1063B000294D5363294E2A4C327800232B700B70E1
:1063C000284923700B702849092A0B7033D01A2AE8
:1063D00003D1264B40F213325A60254B1B780A2B0F
:1063E00031D01F2B03D1214B4FF451721A6020285A
:1063F000204B214C38BF2020C0F3443C83F800C020
:10640000C0F3471C00F01F0083F801C004229872FB
:1064100002209A70D87488205A754FF0E0211874C1
:1064200040223C20D87084F82F204FF4004370BCE9
:10643000C1F804317047114B40F21332DA600C4B53
:106440001B780A2BCDD10D4B4FF451721A61CEE758
:1064500000800440BC93FF1FB493FF1FB087FF1F51
:10646000F093FF1FF893FF1FC493FF1F00D0044059
:10647000B887FF1F00B0064000E400E000B0044011
:10648000294B29499B7800F0030203F0EC031343E6
:10649000420700F00F0248BF43F01003042A8B703C
:1064A00003D18B7943F040038B711F4B5A79C3069C
:1064B00002F0EF021C4B48BF42F010025A719A7969
:1064C000810602F0EF0211D542F0100281059A71A7
:1064D0000FD59A78154942F0A0029A700978144BAA
:1064E00003EBC10340F246325B6814E09A71820507
:1064F00005D4104B104A1968914211D070479A7810
:106500000A4942F0A0029A700978094B03EBC103D3
:1065100040F247325B68074907481A6008607047D5
:1065200000221A60704700BF00B00640B887FF1F06
:106530007C0C0100C093FF1FD400D642294B5B6B3B
:106540001B054DD510B5284C237823B101F070FA06
:106550002378002BFAD1254A254B4FF0E0204FF449
:1065600000440021C0F88441D1701B78092B2CD045
:106570001A2B1BD01F4B1B7803F07F030A2B1FD055
:106580001F2B0ED01C4B194A1C4C1D48196892F841
:1065900004C0D27900232370037009B101230B706A
:1065A00010BD184B40F203121A60EBE7154B40F296
:1065B00003125A600F4B1B7803F07F030A2BDFD1C5
:1065C000114B40F203121A61DCE70F4B40F2031249
:1065D000DA60084B1B7803F07F030A2BD0D1EFE77A
:1065E000704700BF00800440C493FF1F00B0064006
:1065F000B087FF1FB887FF1F7093FF1FB493FF1F63
:10660000BC93FF1F00D0044000B004400A4A38B5D4
:106610000546137803F0FF04002BFAD10121284628
:10662000FFF7D2FC21462846FFF78EFC034A044BB5
:1066300052F835201A6038BDC493FF1F7C0C01004E
:10664000C093FF1F09B140F08000194A13788342BC
:1066500017D010B4174C646B24050FD503F07F03DB
:106660000A2B21D01F2B14D0002900F07F0314BF68
:10667000602144210A2B10D01F2B03D0107010BCB6
:10668000704770470C4B41F440711960107010BC9A
:106690007047094B00241C60E6E7084B41F4407149
:1066A0001961107010BC7047044B00241C61DBE7BB
:1066B000B887FF1F0080044000D0044000B00440B1
:1066C000124B1A7882420CD01149496B090507D543
:1066D000092A16D01A2A0AD009280DD01A2801D062
:1066E000187070470B4A40F213315160F8E7094ABD
:1066F000002109285160F1D1074A40F21331D160DD
:10670000EEE7054A0021D160E6E700BFB087FF1F32
:106710000080044000D0044000B004400D4B5B6B8F
:1067200013F4006313D0212803D90B4B0020186009
:1067300070470A4B10B5084C53F8303023600121E4
:10674000FFF742FC236800221A70012010BD184692
:10675000704700BF008004407093FF1F7C0C010055
:106760000C4B5B6B13F4006312D0172809D10A4B52
:106770000A4A40F202319960537B0120034353736C
:106780007047064A537B03F0FE03002053737047A3
:10679000184670470080044000B0044000B0064036
:1067A0002DE9F84F334B5B6B1A053AD5324B1B681A
:1067B00006460BB101221A70DFF8C090DFF8C080E6
:1067C00099F80040D8F800302E4D0134A3422B78C0
:1067D00029D99C425FFA84FA14D12B4FDFF8ACB070
:1067E00005E03B791B0623D42B78A3420AD1FFF79F
:1067F000D7FA4028F5DDFF28F6DD01F019F92B78EE
:10680000A342F4D0272C29D9214B283C1B68F6B28F
:106810001E55204A1C4B01211170BC2289F800A092
:10682000DA70BDE8F88F03F0FF0AA3B95446D4E745
:106830002B78D8F800105A1C9142DBB208D9272ACD
:1068400010D8D1B21BF80230DBB2FB712970CBE754
:1068500000210A46F6E74FF0000A54460B4BF6B209
:106860001E55D6E7D1B20A4A273B1268D35CDBB289
:10687000EBE700BF00800440C093FF1FF093FF1FB1
:10688000B487FF1FF893FF1F00B00640C893FF1F97
:10689000F493FF1FC493FF1F2DE9F84F394B5B6B37
:1068A0001A053CD5384B1B680BB101221A704718EA
:1068B000B84231D2354EDFF8D880364CDFF8D89068
:1068C00000F1010A13E003F0FF0B53B34FF0000B8C
:1068D0005D46324A1AF8013C53555246304901236D
:1068E000BA420B700AF1010A86F800B014D235786A
:1068F000D8F800300135AB422378E4D9AB425FFAD7
:1069000085FB0FD0272DE4D9264B1AF8012C1B68E4
:10691000283D5A555246E1E71F4BBC22DA70BDE8CC
:10692000F88F5D466FF0430389F8033006E099F86D
:1069300004301B060BD42378AB42E3D1FFF730FAC7
:106940004028F4DDFF28F6DD01F072F8F3E7237844
:10695000D8F800105A1C9142DBB203D9272A0AD872
:10696000D1B201E000210A460C4B9B5CDBB289F8F6
:1069700007302170DFE7D1B20A4A273B1268D35CA7
:10698000DBB2F4E700800440C093FF1FF093FF1FC9
:10699000B487FF1FF893FF1F00B00640C893FF1F86
:1069A000C493FF1FF493FF1F10B5044C237823B149
:1069B00001F03EF82378002BFAD110BDC493FF1FDD
:1069C000084A094B11781A789142C8B2D3B202D260
:1069D000013B181A7047054A1268013A1344181A05
:1069E000704700BFF093FF1FF893FF1FB487FF1F8E
:1069F000064A074B11781A789142D0B23CBF054A3B
:106A00001268CBB238BF9B18181A7047B493FF1F97
:106A1000BC93FF1FAC87FF1F1B4B1C491A780B78D8
:106A20009A422ED010B55FFA82FE194AD8B2126887
:106A3000431C9A4219D93F2B1BD85FFA83FC154897
:106A4000C05CC0B281F800C01349096861B19E45BD
:106A50003CBF7244D31A114A126828BFAEEB03033D
:106A60009A4201D300230B7010BD4FF0000C634617
:106A7000E5E70B4C3F382468205C5FFA83FCC0B22A
:106A8000E0E74FF0FF307047B493FF1FBC93FF1F48
:106A9000AC87FF1F7493FF1F7093FF1FA887FF1F12
:106AA000B893FF1F0D4A0E4B11781B789942DAB24A
:106AB00011D00C490968531C994207D93F2B06D9BC
:106AC000094B3F3A1B68985CC0B270470023074AE5
:106AD000D05CC0B270474FF0FF307047B493FF1FD7
:106AE000BC93FF1FAC87FF1FB893FF1F7493FF1F5A
:106AF0000C4B5B6B1B0514D50B4B0C48DA78402113
:106B000002F0CB02DA705974DA78094942F03402A3
:106B1000DA70084A03781268DBB20B700AB10023FE
:106B2000137070470080044000B00640BC93FF1F04
:106B3000B493FF1F7093FF1F2DE9F041504C237950
:106B400013F0300F47D072B6A37D03F0FF01002B86
:106B500058D062B6DFF82C814B4898F800304B4A89
:106B6000057816684A4F5FFA83FC4A4BEDB2D3F8BA
:106B700000E008E01DB14FF0000C07F80C304A1E91
:106B800012F0FF0112D0E3790CF101029642DBB260
:106B9000F0D99542ACF13F00F1D03F2A6DD994462F
:106BA0004A1E12F0FF010EF80030ECD15FFA8CF3B0
:106BB00088F80030384B196869B1AC453CBF721B8E
:106BC00002EB0C03354A126828BFACEB05039A426E
:106BD0009CBF01230B702A48C3781E06DDB216D471
:106BE0006A060DD5264B1B795B0609D52C4B2D4922
:106BF0001B6800220A7003B11A70214B3C22DA7024
:106C0000BDE8F0814023E279637462B6E3E703797B
:106C10001C06E5D5244B254ADFF894E01C7816685D
:106C20009EF80030234A244FD2F800C0E4B2DBB211
:106C300007E003790023FA5CD2B2C271027D072A11
:106C400011D8A34203F101010ED08E42F1D92729B8
:106C50000279A3F1270301D80B46ECE71CF80320C7
:106C60000B46D2B2E9E7DCB2054B8EF800401A7948
:106C7000110644BF7C22DA70B2E794467DE700BF7C
:106C800000B00640B493FF1FBC93FF1FAC87FF1FEB
:106C90007493FF1FB893FF1F7093FF1FA487FF1FFC
:106CA000C093FF1FC493FF1FF093FF1FB487FF1F04
:106CB000F893FF1FF493FF1FC893FF1F094B10B4F5
:106CC000186060B101F14004074B084801F11A0255
:106CD0001A60074B0460283110BC196070474024CB
:106CE000F2E700BFB893FF1FA887FF1FAC87FF1F05
:106CF000A487FF1F054B186018B1054B2831196098
:106D00007047034B28211960704700BFF493FF1FA1
:106D1000B487FF1F704700BF431E032B17D872B6FE
:106D20000C4951F8230080B110B40B4CB0F800C0EE
:106D300034F81320A2EB0C02D0F804C041F823C0B1
:106D400024F8132062B610BC704762B6704700206A
:106D5000704700BF8C94FF1FDC94FF1F013803288D
:106D60000BD872B6074B53F8203043B100205B6854
:106D70000130002BFBD162B67047002070471846E7
:106D8000F9E700BFB494FF1F10B472B6194A1A4C49
:106D9000042312F8011B090743F0010C05D554F830
:106DA000331061B154F83C10B9B10433142BF0D155
:106DB00062B6124B00221A7010BC00F09DBC0F4945
:106DC00004EBC302083050600A780D4844F83300E1
:106DD000013A0A7062B610BC7047084A094904EBD0
:106DE000CC0308305860137844F83C10013B137012
:106DF00062B6F0E7080E01000080FF1FE494FF1F59
:106E000088004000C8004000421E032A0ED81C4BD8
:106E1000400140F0100010B4034472B6194CA05C5D
:106E200003281CD8DFE800F013150318704705206D
:106E3000A05413F0080F088814BFC8228822083114
:106E400042EA004259601A6062B610BC70470320E3
:106E5000EEE708330220EBE708330420E8E70A4BAB
:106E600053F8220038B1094B53F82200416043F82F
:106E7000221062B6E9E743F82210044BF7E700BF9F
:106E80000080FF1FD494FF1FB494FF1FC494FF1F02
:106E900000BE00BF2DE9F04FDFF8CCA2DFF8CCB286
:106EA00085B03DE0B24D9E0805EBC607013A796812
:106EB00013F00803D4B2A1F1080040F0B88055F8EF
:106EC00036204FEA124C120C21F808CC00F0A780B3
:106ED00021F8063C41F8043CA64B53F82420002A34
:106EE00000F00182A44B53F82420506043F82400A2
:106EF000A24B33F81420944423F814C000F0DCFBB8
:106F0000002800F0E98117F0080F9D4B00F1080000
:106F100018BF5B46786045F8363008238AF8803021
:106F20009AF880305907DCB21BD5964B1B78ABB171
:106F300095490A7802F0FF032AB1013BDBB20B70DE
:106F4000002B00F0468391490A7802F0FF032AB132
:106F5000013BDBB20B70002B00F0EB8104238AF8BD
:106F6000803014F0080200F0CC819AF89020D3B25F
:106F7000120997D1DFF8F8919B0809EBC30459F87F
:106F800033006468C0F3830009287CD00FD801382F
:106F9000012808D87E4A158842F22100854200F077
:106FA000FB8149F833B001238AF89430B5E70D2806
:106FB000F9D1D4E90007774D49F833B0744E764CD7
:106FC000C9F8102083B240F2816CC9F818202A60F9
:106FD00063454FF00102C6E90007227000F2FF800E
:106FE000B3F5D06F80F0CB82B3F5817F00F02682BD
:106FF00040F2DE8040F2023293427BD107F07F07FD
:10700000042F00F20881020C40F00581634911F859
:10701000273043F0020301F82730134670E017F0E1
:10702000080F574B18BF5B4645F8363075E700F040
:1070300063FB5B495B4A51F82430002B00F0578119
:10704000586841F82400115D03F1080078600329B5
:1070500005D8DFE801F0120F1502042111551A8836
:1070600017F0080F14BFC823882343EA024345F8EA
:10707000363052E702211155F1E703211155EEE7B1
:1070800005211155EBE7434D2A683AB34649424C76
:107090000F88464894F800E00678402F3B4628BF0A
:1070A0004023BEF1000F8EF0010E84F800E046F0A0
:1070B000020486F00106067009EBC400426014BFAA
:1070C000C820882040EA03401A44FB1A9BB249F8C2
:1070D00034000B80002B00F036812A602C4B1A887C
:1070E000B2F5A06F7FF45FAF9A788AF898200022FB
:1070F0005A7058E7B3F5A06F40F08D800022134618
:10710000B6F806C02948944528BF944667460278D9
:10711000402F28BF402742F0020E3E0409EBCE0864
:1071200046F0C806C8F8043049F83E6000263B44E3
:107130002670BCEB070782F00106067040F0118153
:10714000BCF13F0F4FF0010509D946F0020602706D
:1071500009EBC60225705360882349F836300123B5
:107160008AF894301FE700BF00200740C8004000A5
:107170000080FF1F8C94FF1F9C94FF1FDC94FF1F57
:1071800088004000D894FF1FD994FF1F0495FF1F6B
:10719000AC94FF1F8094FF1F7D94FF1FC020074009
:1071A000B494FF1FD494FF1F7E94FF1F7C94FF1F95
:1071B000802B00F08B81822B2DD107F07F07042FCD
:1071C00029D8A74A00231380A64B13F827309F071E
:1071D00040F1FC8101231370A14B022290E742F29F
:1071E000210C6345BBD01DD942F2212293420DD11F
:1071F000BFB2002F82D19C4B1A689C4B1A609C4BEB
:10720000C0F3074000221870134679E742F221329A
:1072100093423FF473AF0F238AF8C03001238AF8FA
:107220009430C0E6B3F5086F00F04A81B3F5106FF3
:10723000F1D1904BC0F307400425187059F8353050
:107240001A0606D40135142D0CD059F835301A061B
:10725000F8D509EBC50301355868083800F04CFA39
:10726000142DF2D1844A854B0292854A0192854EB3
:10727000854ADFF818820394009200251C4656F8D0
:10728000047B2FB138467F6800F036FA002FF9D121
:10729000009BD8F8007043F8045B46F8045C009348
:1072A0002FB138467F6800F027FA002FF9D1029BF2
:1072B00048F8045B43F8045B0293019B23F8025BEC
:1072C00001932378023B032B00F20981DFE813F0DE
:1072D0003F0104013F0104016D4A45F8360013786F
:1072E0000133137019E643F82400674BFEE5115D86
:1072F000022926D07FF611AE03291DD10123135593
:107300000BE6E0076ED4210621D4A20708D5614B15
:1073100093F888200221D2B283F8882083F8801065
:10732000E30603D55B4B102283F8802005B0BDE84F
:10733000F08F00F059FB11E617F0080F14BF03237C
:1073400002231355E9E53F2F98BF0022C5E6514BB4
:1073500080220D2183F8C01083F88020A207DFD59A
:10736000D5E746F002060270402F09EBC6003A4608
:1073700028BF402243601004134440F088000121DC
:10738000BA1A49F83600217055D02B60424B1A804A
:1073900001238AF8943006E692885AB93F4AE51DDF
:1073A00014F8011B02F8011FAC42F9D13C4A1268E3
:1073B000862A3CD03B4C3C4825780278002D85F04D
:1073C0000105257042F0020482F00102027009EB0F
:1073D000C4024FF00000506014BFC822882249F850
:1073E0003420DEE52B4B30483049314C022583F800
:1073F000945002702F480C602F4D48608C600D2413
:10740000CD60FF200A618A6183F8C04001219F247A
:1074100083F8880083F8800083F8982083F88C0034
:1074200083F8844083F8941005B0BDE8F08F234AB8
:107430000F201070BEE73F2FA7D890E607F07F0718
:10744000042F3FF6E8AE000C7FF4E5AE054A12F8D3
:10745000273023F0020302F82730002213464FE6BC
:107460008494FF1FC0200740C892FF1F0095FF1F94
:10747000FC94FF1FD894FF1FC494FF1FD494FF1FD8
:10748000DC94FF1F8C94FF1F9C94FF1FB494FF1F7C
:10749000E494FF1F002007407E94FF1FF394FF1F1A
:1074A000F494FF1F7D94FF1F7C94FF1F0080FF1F3B
:1074B00088004000FC93FF1F3C94FF1FD994FF1FDE
:1074C000484B49491B780B700B4619E6464A002386
:1074D0001380454B022213E64FF001032370434B08
:1074E000B34204F101047FF4CAAE414E039CDFF8BD
:1074F0000481414F00233370042518F8013B3F4AB3
:10750000AB541B0725D445F0020145F003020435B6
:107510000023142D49F8313049F83230EDD1384F7D
:1075200025783A7842F0020009EBC00C85F001069C
:10753000CCF80430002D4DD1882382F00102267052
:107540003A7049F8303001238AF894302BE52570E1
:10755000C5E700F0B1F8002832D009EBC5030830C8
:10756000586049F8357000F0A7F808B345F00103FA
:1075700009EBC3020830506049F833B0C3E7214A31
:107580005368002B3FF447AE000CBFB204E0136910
:107590000C32002B3FF43FAE11888142F7D1518865
:1075A000B942F4D1000A03280CBF1A781289A7E562
:1075B00033780133337045F0010349F83300A2E713
:1075C000337849F8350001333370CCE7064B02229B
:1075D00096E500BE2670C82382F001063E7049F889
:1075E0003030BCE5D894FF1F8494FF1F9C94FF1F8C
:1075F000E494FF1F080E010088004000C0200740EF
:107600007C94FF1FB40D010070B500F017FB002340
:107610001A4A194642F8331002EBC3000133142B07
:107620004160F7D1164C174B606B174D40F480202A
:107630006063C2F3072483F89C40144CFF204FF092
:10764000010CC2F30746120E83F8B0604FF0E02E33
:1076500083F8B42083F8800083F88800187483F8D6
:1076600094C0217083F884C0702385F849304FF4AA
:1076700000721023CEF80821237270BD0080FF1F16
:10768000008004400020074000E400E000210740A3
:1076900000F0ACB800F07CB800F056B800F090B83C
:1076A00000F076B900F050B90846114600F0BAB8BB
:1076B000084600F03BB900BF72B60D490B68B3FA3B
:1076C00083F00B2810DC4FF00042C24023EA020393
:1076D0000B6062B6074A00EBC000C10002EBC000BD
:1076E000002353504360704762B60020704700BFCC
:1076F000CC87FF1FBC83FF1F0E4BC31AB3F5587F07
:1077000010D20D4A127872B972B60C4A0C49A2FB1B
:10771000032308684FF000421B0922FA03F30343D6
:107720000B6062B67047074A1278002AECD0FFF768
:107730002BBB00BFBC83FF1FE494FF1F398EE338CF
:10774000CC87FF1FD894FF1F38B50F4C206878B145
:1077500043880288C11801339A420D7A02D94380C6
:10776000284638BDFFF7C8FF00232360284638BDF0
:10777000064B1B782BB10320FFF7CEFA20600028C0
:10778000E6D14FF0FF35EBE7E894FF1FD894FF1FD9
:1077900010B5094C206818B143881844007A10BD10
:1077A000064B1B782BB10320FFF7B6FA20600028A8
:1077B000F2D14FF0FF3010BDE894FF1FD894FF1FA7
:1077C000084B094A1B6810B594881BB11A885B885E
:1077D000D31A1C440CB1204610BD00F029F92046F4
:1077E00010BD00BFE894FF1FDC94FF1F0B4B1B78FC
:1077F0009BB110B50A4C206848B1FFF77DFF00230C
:1078000003202360FFF788FA30B1FFF775FF0320EC
:10781000FFF782FA0028F8D110BD7047D894FF1FF7
:10782000E894FF1F2DE9F04FDFF8EC9083B00122C0
:1078300089F80020019179B3384FDFF8E480019D89
:10784000384EDFF8E4A083463968A1B3B1F802E00E
:10785000CEF1400CAC4528BFAC460EEB0C04002228
:10786000A4B23270A5EB0C054C8001F10802BCF10A
:10787000000F0AD00EF1FF3E7244DC441BF8014BAE
:1078800002F8014FDC45F9D14C883F2C0BD805227A
:107890008AF80020002DD7D10198002389F8003004
:1078A00003B0BDE8F08F40220A800420FFF7ACFA55
:1078B00000223A60EBE798F800202AB348F601442A
:1078C00008E0013C19D03278BAB900F0B1F898F864
:1078D0000020CAB10420FFF741FA0728F1D84FF081
:1078E000010389F80030FFF7E7FE01463860002801
:1078F000ACD1013C89F80000E5D101234FF0FF3005
:10790000337003B0BDE8F08F00234FF0FF3089F8EB
:10791000003003B0BDE8F08FED94FF1FF094FF1F1F
:10792000D894FF1FEC94FF1F0495FF1F00B583B090
:10793000034601210DF107008DF80730FFF772FFB4
:1079400003B05DF804FB00BF38B50E4D0E4C28683F
:107950000123237028B140880023C0F14000237028
:1079600038BD0A4B1B7813B90020207038BD0420A5
:10797000FFF7F4F90728F7D8FFF79EFE28600028E4
:10798000E9D1F1E7F094FF1FED94FF1FD894FF1F9A
:10799000F8B5114B1B788BB1104E114D346801278F
:1079A0002F7064B10F4B00271F706388238021461E
:1079B0000420FFF729FA376000232B70F8BDFFF78A
:1079C0007BFE084B014620B104201C70FFF71CFA17
:1079D000F2E71F70F0E700BFD894FF1FF094FF1F7D
:1079E000ED94FF1F0495FF1F38B50E4B1B7853B95C
:1079F0000D4C216841B103F0FF054B880B8004203A
:107A0000FFF702FA256038BDFFF756FE014620B1A8
:107A1000BDE838400420FFF7F7B9044B01221A7083
:107A200038BD00BFED94FF1FF094FF1F0495FF1FAA
:107A30002DE9F843324E337863B1324F3A784AB980
:107A40000122D9073A7043D49A0726D400225B0753
:107A50003A7001D4BDE8F8832B4B1A68002AF9D09C
:107A6000EFF30582002AF5D1EFF3108572B618689E
:107A700000283AD0254C2178002936D142691A6075
:107A800001232370002A37D0916105B962B6002521
:107A90008368457798472570DCE7DFF8748098F8AD
:107AA0000020002AD2D00025DFF868902B4659F834
:107AB0002340236820461B690135984708B1236994
:107AC000984798F80020EBB29A42F0D83378BDE797
:107AD000FFF776FE68B9104B1B780BB93378B3E724
:107AE000337803F0FE033370AEE7002DB2D162B6F7
:107AF000B0E700F0A1F8EEE7084B1A60C5E700BF59
:107B0000D087FF1F0595FF1F5492FF1F6092FF1F34
:107B10001495FF1F0895FF1FF00B01006492FF1FD3
:107B200070B4104E104D3478D4B1621ED2B2291DFB
:107B30002B4601EB820101E08B4205D053F8042B68
:107B40008242F9D170BC7047631CDBB2074A3370C4
:107B5000137845F8240043F00203137070BC70479B
:107B60000123F3E71495FF1F0895FF1FD087FF1F20
:107B70002A4B2B4A6020E12118705970137829484C
:107B8000082B34D00A2B20D00C2B274B0CBF1521EF
:107B90003D2112228160C2609960DA60234B214945
:107BA0001B78214ACBB101230B621362204B1D4984
:107BB0001B781D4A012B13D9042B1BD884234B623D
:107BC00053621C4B01221A707047174B1921132264
:107BD0008160C2609960DA60E0E70B621362E5E7FA
:107BE00080234B625362134B01221A7070470E4B75
:107BF0000121ECE7082B06D885234B6253620D4B1D
:107C000001221A707047102B94BF862387234B6282
:107C10005362084B01221A70704700BF00400740B2
:107C2000D187FF1F00B0034000B00B401595FF1F28
:107C3000D287FF1F1695FF1F704700BF10B584B095
:107C400072B6174A702441200F2180231470D0711E
:107C50009171137013781B06FCD5906862B6114BB6
:107C6000114C984238BF00EB800001A938BF40009A
:107C70000A22FEF7BBF801A92046002311F8012BC8
:107C800001333AB10A2B20F8022FF7D116232370C3
:107C900004B010BD5B00DBB2237004B010BD00BFA8
:107CA00000000240809698006088FF1F0346084647
:107CB000194602F0F5BF00BF30B43A4B1A79950669
:107CC00024D5394D3949DB792A780C68D8B2531C50
:107CD0009C42D2B231D8364B1A7802F0FF0322B15F
:107CE000002213463349C8542A703349096869B1E0
:107CF000324A10789842C2B28ABFA21A9B1A9B18C5
:107D00002F4A12689A429CBF01230B70254AD378F0
:107D10001C06D9B21ED44A060DD5224B1B795B0630
:107D200009D5284B28491B6800220A7003B11A7034
:107D30001C4B2C22DA7030BC70471D4909789942DF
:107D4000D3D03F2B2CD921493F3A09688854DAB265
:107D50002A70CAE713791806DDD51D4B17481D7820
:107D600003789D42DCB208D01A4A1268631C9A421A
:107D700006D9272B0DD8DAB204E06C23D370CAE7FA
:107D800000221346144CE35CDBB2064CE371027034
:107D9000C1E7124A273C1568DAB22B5DDBB2F4E783
:107DA000DAB29FE700C006405C95FF1F7C88FF1F8A
:107DB0006495FF1F1C95FF1F1895FF1FA095FF1FBF
:107DC0007888FF1F6895FF1F6C95FF1F6095FF1F48
:107DD0009895FF1F8088FF1F7095FF1F9C95FF1FC0
:107DE0002DE9F84314461D468046894600F008F9FF
:107DF000224606460F462B462046294601F054FCF3
:107E000078B9002200234046494601F01BFCD8B156
:107E1000002200232046294601F014FC28B1264FF9
:107E2000002630463946BDE8F8832046294600F052
:107E300061F80028F5D0204629460022002301F0F1
:107E40000BFC0028EDD02CE03046394600F052F80B
:107E5000A0B1002200233046394601F0F3FB002890
:107E6000DFD04046494600F045F80028D9D02046EA
:107E7000294600F03FF80028D3D012E0404649469A
:107E800000F038F80028E4D02046294600F032F807
:107E90000028DED032463B463046394601F004FC2D
:107EA00020B903F0B9F922230360BAE703F0B4F96B
:107EB00021230360B5E700BF0000F03F38B504465A
:107EC00000F026F821460546204601F06FFF20B954
:107ED0000021204601F042FF08B9284638BD03F0D2
:107EE0009BF9002121230360084601F04DFE054661
:107EF000284638BD41F0004000F58010C00F7047A3
:107F000002460B4600200149FFF76ABF00002440EB
:107F100020F00042B2F1FF4F2DE9F041044654D267
:107F2000002A50D00028034657DB14F0FF4F4FEAD9
:107F3000E05009D114F400025BD15B001C02114631
:107F400002F10102F9D5401AC3F3160242F400020D
:107F5000C307A0F17F0558BF520000246D105200E6
:107F60004FF0190E21464FF0807C01EB0C03934239
:107F7000DDBF03EB0C016444D31A1346BEF1010EBE
:107F80004FEA43024FEA5C0CEFD1BBB11A4E1B4FD4
:107F900030683968D6F8008001F038FC0146404668
:107FA00001F0E6FE50B130683968366801F030FC07
:107FB0000146304601F0D2FEB8B10234601000F143
:107FC0007C5000EBC550BDE8F081014601F028FD72
:107FD000214601F01DFCBDE8F081014601F016FCD0
:107FE000014601F0D1FDBDE8F081013424F0010427
:107FF000E4E74FF0FF31A6E78488FF1F8888FF1F62
:108000002DE9F04F23F0004A07465AEA020093B0E8
:1080100014461D46884610D1FB19754988F4002284
:108020005241984291411FD23846414622462B4642
:1080300000F0EAFE13B0BDE8F08F11466D4A28F05B
:10804000004991459B4646463B4614DD06F14046B5
:1080500006F580161E43E7D12319654985F40022F1
:1080600052419E429141DFD3634C00231846214682
:1080700013B0BDE8F08F3ED05E4A9245E6DC00F0DA
:108080008880002E69DB0022009279B9594A924516
:1080900000F08380584A924500F09780BBF1804FF2
:1080A00000F09684554A934500F0B7833846414620
:1080B000029300F00DFD029B4BB3009AF30F013BBE
:1080C0000A93134300F088804D4B9A4540F39E80FD
:1080D00003F104739A454B4B40F30E84994540F3EA
:1080E0008784BBF1000F40F38784002013B0BDE804
:1080F000F04F00F091BD002F96D1BDE738464146C4
:10810000009300F0E5FC009B002B65D10093B9F1D2
:10811000000F04D0384B26F040429A42CDD1BBF13B
:10812000000F05DA02460B460020334901F04CF9F6
:10813000002EBFF67FAF009B09F1404909F5801979
:1081400059EA030940F0688402460B4600F05AFEE3
:1081500002460B4601F038F96CE72B4A92452EDCBB
:10816000A2F1547292450FDD4FEA2A52A2F2FF3279
:10817000142A40F34384C2F1340221FA02F000FAD7
:1081800002F28A4200F0718400220092002981D01C
:108190008CE700293FF475AF58E709F1404202F53A
:1081A00080121A433FF460AF164B994540F3698340
:1081B000BBF1000FC0F25F83204629463AE7022256
:1081C000009200293FF462AF70E7BBF1000FC0F2EC
:1081D000F783384641462DE73A46434638464146FE
:1081E00000F010FE02460B4601F0EEF822E700BF59
:1081F0000000F0FF0000F07F0000F03F0000E03FD3
:108200000000E041FFFFEF3FFFFF3F43D64B33400D
:1082100000222BB9D54B00F0ADFF6FF03402894638
:108220004FEA2953A3F2FF339A18D14B0B92C9F3AB
:10823000130949F07F56994546F4401607DDCD4BAA
:10824000994540F3F28301320B92A6F58016002285
:108250000023CDE90823CDE91023C74B0022CDE947
:1082600006230027DDE906233146824600F0CAFDD9
:10827000B346DDE906238046894650463146CDE9BE
:108280000CAB00F0C1FD02460B460020BA4901F0DC
:108290009BF80A460146CDE90E12134649460246AE
:1082A000404600F067FF0A4683469446CDE902BC8B
:1082B0004FF0000CCDF808C07610DDE902AB46F0B7
:1082C0000056014606F50023CDE904120020D91915
:1082D00006460F4602460B465046594600F04AFFF6
:1082E00002460B464046494600F08CFDDDE9062378
:1082F000804689463046394600F084FD02460B46EA
:10830000DDE90C0100F07EFD52465B4600F032FFD5
:1083100002460B464046494600F074FDDDE90E2357
:1083200000F028FFDDE90467CDE9060132463B464F
:108330003046394600F01EFF79A3D3E900230646F4
:108340000F4600F017FF78A3D3E9002300F05CFD8F
:1083500032463B4600F00EFF75A3D3E9002300F040
:1083600053FD32463B4600F005FF73A3D3E90023DB
:1083700000F04AFD32463B4600F0FCFE70A3D3E914
:10838000002300F041FD32463B4600F0F3FE6EA3B1
:10839000D3E9002300F038FD3246804689463B464B
:1083A0003046394600F0E6FE02460B464046494656
:1083B00000F0E0FE524606460F465B46DDE904014A
:1083C00000F022FDDDE9062300F0D4FE32463B46F4
:1083D00000F01AFD5246804689465B465046594693
:1083E00000F0C8FE02460B46CDE90C23634B002289
:1083F00000F00AFD42464B4600F006FD00260F46FF
:1084000032463B465046594600F0B4FE5B4B82462E
:108410008B4600223046394600F0F4FCDDE90C239F
:1084200000F0F0FC02460B464046494600F0EAFCEC
:10843000DDE9042300F09EFE3246804689463B4635
:10844000DDE9060100F096FE02460B46404649462D
:1084500000F0DAFC8046894602460B4650465946F3
:1084600000F0D2FC00263AA3D3E9002330460F46A1
:1084700000F080FE52465B4682468B4630463946C7
:1084800000F0C0FC02460B464046494600F0BAFCEC
:1084900031A3D3E9002300F06DFE31A3D3E900231B
:1084A000804689463046394600F064FE02460B4657
:1084B0004046494600F0A8FCDDE9102300F0A4FC8A
:1084C00080460B98894600F0EBFD424606460F4673
:1084D0004B4650465946CDE904AB00F095FCDDE92A
:1084E000082300F091FC32463B4600F08DFC002052
:1084F00032463B4682468B4600F084FCDDE9082389
:1085000000F080FCDDE9042300F07CFC02460B4611
:108510004046494600F076FC32E000BFAFF30080F1
:10852000EF4E454A287ECA3F65DBC9934A86CD3F58
:1085300001411DA96074D13F4D268F515555D53F3E
:10854000FFAB6FDBB66DDB3F033333333333E33FD6
:10855000000000E009C7EE3FFD033ADC09C7EE3F2B
:10856000F5015B14E02F3EBE0000F07F00004043A9
:108570008E98030079B60B000000F03F0000084021
:10858000CDE90201009B0A9A013B13430CBFD44B77
:10859000D44B0022CDE904230023CDE9004500930C
:1085A000DDE90089204642464B46294600F02AFC78
:1085B00052465B4600F0DEFD224606460F462B463D
:1085C000DDE9020100F0D6FD02460B463046394691
:1085D00000F01AFC42464B4606460F4650465946A6
:1085E00000F0C8FD0B46024604460D4630463946AB
:1085F00000F00AFCBC4B9942804689468A4640F30B
:10860000168101F13F4303F5E003034340F022826A
:10861000A1A3D3E900233046394600F0F5FB2246FA
:10862000CDE900012B464046494600F0EBFB0246EF
:108630000B46DDE9000101F02DF8002840F00A8228
:10864000CAF30A534FF48012A3F2FE3342FA03F343
:108650005344A649C3F30A52A2F2FF3241FA02FC84
:10866000C3F31301C2F1140241F4801141FA02FE76
:1086700000200CEA0301BAF1000FCDF808E0024631
:108680000B4602DA7146494202912046294600F023
:10869000B9FB029B1B05009302460B4604460D46A0
:1086A0003046394600F0B0FB89464FF000087CA305
:1086B000D3E900234046494600F05CFD224682464D
:1086C0008B462B464046494600F09CFB02460B4633
:1086D0003046394600F096FB73A3D3E9002300F03F
:1086E00049FD73A3D3E9002304460D46404649469D
:1086F00000F040FD02460B462046294600F084FB70
:1087000006460F4602460B465046594600F07CFB93
:1087100052465B4604460D4600F074FB02460B468B
:108720003046394600F06EFB224682468B462B4689
:108730002046294600F01EFD5FA3D3E9002306462C
:108740000F4600F017FD5EA3D3E9002300F05AFBAB
:1087500032463B4600F00EFD5BA3D3E9002300F058
:1087600053FB32463B4600F005FD59A3D3E90023F5
:1087700000F048FB32463B4600F0FCFC56A3D3E930
:10878000002300F041FB32463B4600F0F3FC02467A
:108790000B462046294600F035FB06460F460246AA
:1087A0000B462046294600F0E5FC0022804689461B
:1087B000304639464FF0804300F024FB02460B461A
:1087C0004046494600F000FE524606460F465B46CC
:1087D0002046294600F0CEFC52465B4600F014FBD2
:1087E00002460B463046394600F00CFB22462B462B
:1087F00000F008FB02460B4600203A4900F002FB5D
:10880000009D0C462C44B4F5801FC0F21F81214608
:10881000DDE9042300F0AEFC0CE4002EFFF646ACCC
:108820003846414613B0BDE8F04F00F0FBB9DFF821
:10883000C0C021F00043634540F3D2802D4B0B4470
:1088400003430AD122462B4600F0DCFA32463B466F
:1088500000F016FF00283FF4F3AEDDE9040100222A
:10886000002300F0F9FE003818BF012013B0BDE866
:10887000F04F00F0CBB90023002418462146FFF743
:10888000D9BBBBF1000FF6DA05F1004320461946CB
:10889000FFF7D0BBAFF30080FE822B654715973CF6
:1088A00000000000432EE63FEF39FAFE422EE63F7D
:1088B000396CA80C615C20BED0A4BE726937663EDC
:1088C000F16BD2C541BDBB3E2CDE25AF6A56113FD0
:1088D00093BDBE166CC1663F3E5555555555C53FB7
:1088E0000000F0BF0000F03FFFFF8F400000F0FFEE
:1088F000FFCB904000346F3F994579DB704B994531
:108900003FF7EFAB6E4B002200F07CFA60A3D3E997
:10891000002306460F4600F02DFC5FA3D3E9002399
:10892000804689463046394600F024FC654B824635
:108930008B4600223046394600F01CFC02460B46AE
:1089400057A1D1E9000100F05DFA32463B4600F044
:1089500011FC02460B4600205B4900F053FA3246F8
:10896000CDE902013B463046394600F003FC0246A1
:108970000B46DDE9020100F0FDFB4BA3D3E9002328
:1089800000F0F8FB02460B465046594600F03AFA12
:1089900002460B4606460F464046494600F034FA6A
:1089A000002042464B4682468B4600F02BFA024698
:1089B0000B463046394600F025FACDE90201E1E5E3
:1089C0003A4643463E49002000F0FEFCFFF732BB2A
:1089D0003A4638464346414600F0CCFBFFF72ABBF7
:1089E000394A934252DCDDE90023009202925CE6B0
:1089F000BBF1000FFFF679AB002037E700297FF4C9
:108A00007DABC2F114024AFA02F000FA02F25245BA
:108A100035D00091FFF73EBB009B012B7FF40AABE2
:108A200001F100431946FFF705BB21A3D3E9002359
:108A3000CDE9082320A3D3E90023CDE91023234B5C
:108A40000022CDE906234FF480270BE4029A00F0C0
:108A500043F8DDE6DDE904010022002300F0FCFD1F
:108A6000003818BF0120FFF741BB00F00100C0F142
:108A70000202009200293FF40DABFFF717BB00F094
:108A80000100C0F102020092FFF704BB1B15D9E5FB
:108A9000000000604715F73F44DF5DF80BAE543E21
:108AA000555555555555D53FFE822B654715F73F12
:108AB0000000004003B8E23F06D0CF43EBFD4C3E40
:108AC0000000F03F0000D03F0000E03F0000F83F12
:108AD00021F000431946704770B51646C1F30A529B
:108AE00004460D460B465ABB21F00043034326D0F3
:108AF0002F4B002200F03EFB2E4B9E4204460D46BB
:108B000048DBC1F30A520B46363A4CF250318E42E2
:108B10001EDC164440F2FE72964219DC002E28DC60
:108B200016F1350F2DDB23F0FF4323F4E003363637
:108B300043EA06512046204B002200F01BFB70BD8B
:108B400040F2FF7C6245E0D1024600F05DF970BD65
:108B500005F0004343F0FC4141F45F1141F4105132
:108B60000FA3D3E90023154841F03C0100F002FBBC
:108B700070BD23F0FF4323F4E003204643EA06518F
:108B800070BD05F0004343F0D27141F4B7310C4899
:108B900041F01F0104A3D3E9002300F0EBFA70BDFC
:108BA0009C7500883CE4377E59F3F8C21F6EA5011E
:108BB00000005043B03CFFFF0000903C9C750088D3
:108BC00059F3F8C2D0B506460F46144602F024FB0E
:108BD0000346394630461C60D0BD00BF30B583B077
:108BE00080B1144603F10045CDE900451046194611
:108BF000DDE9002300F0BEFA222203B0BDE83040D8
:108C0000FFF7E0BF14461D46EEE700BF00224FF01D
:108C10008053FFF7E3BF00BF00224FF0E043FFF7B0
:108C2000DDBF00BF2DE9F84F714E8E4305460C465F
:108C300000F0A580002902460B4651DD08155DD0E5
:108C4000C3F31301C307A0F2FF3641F4801103D42C
:108C5000490001EBD2715200D30F002503EB410311
:108C6000761052001620AC464FF400110CEB0104B4
:108C70009C4203DC1B1B04EB010C0D445B00013820
:108C800003EBD2734FEA51014FEA4202EED107469D
:108C900020244FF0004109E040D05B00013C03EB91
:108CA000D2734FEA51014FEA420241D0634501EBD2
:108CB000000EF1DDBEF1000F0EEB01000BDBE04614
:108CC000A3EB0C03964588BF03F1FF33A2EB0E0222
:108CD0000F44C446E1E70028F1DB0CF10108EFE79F
:108CE00021F00046064346D000296FD10846D30A3A
:108CF00015385205002BFAD0DE0274D400215B0037
:108D0000DD020C4601F10101F9D515468A40C1F199
:108D1000200125FA01F1001B0B4391E79645BCD8D1
:108D2000BEF1000F0EEB0100D5DB98460023CDE726
:108D3000134312D0DFF8BCA0DFF8BCB0DAE90001C1
:108D4000DBE9002300F05EF8DAE9008902460B4611
:108D50004046494600F08AFCF8B97C086B1003F1E4
:108D60007F53EA0703F5001348BF44F0004403EBC8
:108D7000065125460C4628462146BDE8F88F024696
:108D80000B4600F0F7F92A46234600F03DF8054669
:108D90000C4628462146BDE8F88FB7F1FF3FDAE9D7
:108DA0000001DBE900231AD000F02EF8DAE900898F
:108DB00002460B464046494600F04EFC88B1B91CBD
:108DC00007F1020408BF01356408C7E700F01AF88C
:108DD00002460B4600F0F8FA05460C46CBE7013593
:108DE000BCE70137B9E7154620214FF0FF3490E783
:108DF0000000F07F9088FF1F9888FF1F81F00041DE
:108E000002E000BF83F0004330B54FEA41044FEA6F
:108E1000430594EA050F08BF90EA020F1FBF54EA0A
:108E2000000C55EA020C7FEA645C7FEA655C00F0A6
:108E3000E2804FEA5454D4EB5555B8BF6D420CDD77
:108E40002C4480EA020281EA030382EA000083EAFA
:108E5000010180EA020281EA0303362D88BF30BD9A
:108E600011F0004F4FEA01314FF4801C4CEA1131F0
:108E700002D0404261EB410113F0004F4FEA03334F
:108E80004CEA133302D0524263EB430394EA050FDA
:108E900000F0A780A4F10104D5F1200E0DDB02FA49
:108EA0000EFC22FA05F2801841F1000103FA0EF2DD
:108EB000801843FA05F359410EE0A5F120050EF1A3
:108EC000200E012A03FA0EFC28BF4CF0020C43FAD4
:108ED00005F3C01851EBE37101F0004507D54FF0E1
:108EE000000EDCF1000C7EEB00006EEB0101B1F531
:108EF000801F1BD3B1F5001F0CD349085FEA300077
:108F00004FEA3C0C04F101044FEA445212F5800F81
:108F100080F09A80BCF1004F08BF5FEA500C50F11E
:108F2000000041EB045141EA050130BD5FEA4C0C01
:108F3000404141EB0101013C28BFB1F5801FE9D25E
:108F400091F0000F04BF01460020B1FA81F308BF81
:108F50002033A3F10B03B3F120020CDA0C3208DD4D
:108F600002F1140CC2F10C0201FA0CF021FA02F128
:108F70000CE002F11402D8BFC2F1200C01FA02F198
:108F800020FA0CFCDCBF41EA0C019040E41AA2BFBD
:108F900001EB0451294330BD6FEA04041F3C1CDA85
:108FA0000C340EDC04F11404C4F1200220FA04F0A5
:108FB00001FA02F340EA030021FA04F345EA03014F
:108FC00030BDC4F10C04C4F1200220FA02F001FA11
:108FD00004F340EA0300294630BD21FA04F0294693
:108FE00030BD94F0000F83F4801306BF81F480112C
:108FF0000134013D4EE77FEA645C18BF7FEA655C9F
:1090000029D094EA050F08BF90EA020F05D054EA70
:10901000000C04BF1946104630BD91EA030F1EBF75
:109020000021002030BD5FEA545C05D14000494179
:1090300028BF41F0004130BD14F580043CBF01F56C
:10904000801130BD01F0004545F0FE4141F4700152
:109050004FF0000030BD7FEA645C1ABF194610462D
:109060007FEA655C1CBF0B46024650EA013406BF2E
:1090700052EA033591EA030F41F4002130BD00BFED
:1090800090F0000F04BF0021704730B54FF48064AA
:1090900004F132044FF000054FF0000150E700BF2B
:1090A00090F0000F04BF0021704730B54FF480648A
:1090B00004F1320410F0004548BF40424FF0000177
:1090C0003EE700BF42004FEAE2014FEA31014FEABA
:1090D00002701FBF12F07F4393F07F4F81F0605109
:1090E000704732F07F4208BF704793F07F4F04BF54
:1090F00041F40021704730B54FF4607401F0004531
:1091000021F000411CE700BF50EA010208BF704790
:1091100030B54FF000050AE050EA010208BF704781
:1091200030B511F0004502D5404261EB41014FF4EA
:10913000806404F132045FEA915C3FF4D8AE4FF0F2
:1091400003025FEADC0C18BF03325FEADC0C18BFD5
:10915000033202EBDC02C2F1200300FA03FC20FA26
:1091600002F001FA03FE40EA0E0021FA02F1144473
:10917000BDE600BF70B54FF0FF0C4CF4E06C1CEA8C
:1091800011541DBF1CEA135594EA0C0F95EA0C0FFD
:1091900000F0DEF82C4481EA030621EA4C5123EA70
:1091A0004C5350EA013518BF52EA033541F480119F
:1091B00043F4801338D0A0FB02CE4FF00005E1FB52
:1091C00002E506F00042E0FB03E54FF00006E1FB9C
:1091D00003569CF0000F18BF4EF0010EA4F1FF04DF
:1091E000B6F5007F64F5407404D25FEA4E0E6D411F
:1091F00046EB060642EAC62141EA55514FEAC52030
:1092000040EA5E504FEACE2EB4F1FD0C88BFBCF5AB
:10921000E06F1ED8BEF1004F08BF5FEA500E50F15C
:10922000000041EB045170BD06F0004646EA010122
:1092300040EA020081EA0301B4EB5C04C2BFD4EB54
:109240000C0541EA045170BD41F480114FF0000E4D
:10925000013C00F3AB8014F1360FDEBF002001F0BB
:10926000004170BDC4F10004203C35DA0C341BDC35
:1092700004F11404C4F1200500FA05F320FA04F007
:1092800001FA05F240EA020001F0004221F000413B
:1092900010EBD37021FA04F642EB06015EEA430EAE
:1092A00008BF20EAD37070BDC4F10C04C4F12005DE
:1092B00000FA04F320FA05F001FA04F240EA020091
:1092C00001F0004110EBD37041F100015EEA430E62
:1092D00008BF20EAD37070BDC4F1200500FA05F282
:1092E0004EEA020E20FA04F301FA05F243EA020301
:1092F00021FA04F001F0004121FA04F220EA020010
:1093000000EBD3705EEA430E08BF20EAD37070BD55
:1093100094F0000F0FD101F00046400041EB010135
:1093200011F4801F08BF013CF7D041EA060195F017
:10933000000F18BF704703F00046520043EB0303D1
:1093400013F4801F08BF013DF7D043EA06037047BE
:1093500094EA0C0F0CEA135518BF95EA0C0F0CD0C9
:1093600050EA410618BF52EA4306D1D181EA03010F
:1093700001F000414FF0000070BD50EA410606BF09
:109380001046194652EA430619D094EA0C0F02D14E
:1093900050EA013613D195EA0C0F05D152EA033693
:1093A0001CBF104619460AD181EA030101F00041B1
:1093B00041F0FE4141F470014FF0000070BD41F0FA
:1093C000FE4141F4780170BD70B54FF0FF0C4CF4D4
:1093D000E06C1CEA11541DBF1CEA135594EA0C0FF3
:1093E00095EA0C0F00F0A7F8A4EB050481EA030E40
:1093F00052EA03354FEA013100F088804FEA033327
:109400004FF0805545EA131343EA12634FEA0222F4
:1094100045EA111545EA10654FEA00260EF00041B5
:109420009D4208BF964244F1FD0404F5407402D207
:109430005B084FEA3202B61A65EB03055B084FEA98
:1094400032024FF480104FF4002CB6EB020E75EB95
:10945000030E22BFB61A754640EA0C005B084FEABD
:109460003202B6EB020E75EB030E22BFB61A75463A
:1094700040EA5C005B084FEA3202B6EB020E75EB85
:10948000030E22BFB61A754640EA9C005B084FEAFD
:109490003202B6EB020E75EB030E22BFB61A75460A
:1094A00040EADC0055EA060E18D04FEA051545EAF9
:1094B00016754FEA06164FEAC30343EA52734FEAA2
:1094C000C2025FEA1C1CC0D111F4801F0BD141EA1B
:1094D00000014FF000004FF0004CB6E711F4801F80
:1094E00004BF01430020B4F1FD0C88BFBCF5E06F60
:1094F0003FF6AFAEB5EB030C04BFB6EB020C5FEA70
:10950000500C50F1000041EB045170BD0EF0004EC4
:109510004EEA113114EB5C04C2BFD4EB0C0541EAF6
:10952000045170BD41F480114FF0000E013C90E6F3
:1095300045EA060E8DE60CEA135594EA0C0F08BFB7
:1095400095EA0C0F3FF43BAF94EA0C0F0AD150EAB6
:1095500001347FF434AF95EA0C0F7FF425AF104649
:1095600019462CE795EA0C0F06D152EA03353FF471
:10957000FDAE1046194622E750EA410618BF52EAEE
:1095800043067FF4C5AE50EA41047FF40DAF52EAC2
:1095900043057FF4EBAE12E74FF0FF3C06E000BF5F
:1095A0004FF0010C02E000BF4FF0010C4DF804CD6C
:1095B0004FEA410C7FEA6C5C4FEA430C18BF7FEA2C
:1095C0006C5C1BD001B050EA410C0CBF52EA430C5A
:1095D00091EA030F02BF90EA020F0020704710F1DA
:1095E000000F91EA030F58BF994208BF90422CBF69
:1095F000D8176FEAE37040F0010070474FEA410C62
:109600007FEA6C5C02D150EA013C07D14FEA430C7F
:109610007FEA6C5CD6D152EA033CD3D05DF8040BF0
:10962000704700BF8446104662468C461946634622
:1096300000E000BF01B5FFF7B7FF002848BF10F1F9
:10964000000F01BD4DF808EDFFF7F4FF0CBF01203E
:1096500000205DF808FB00BF4DF808EDFFF7EAFFBA
:1096600034BF012000205DF808FB00BF4DF808ED75
:10967000FFF7E0FF94BF012000205DF808FB00BF6A
:109680004DF808EDFFF7CEFF94BF012000205DF8F4
:1096900008FB00BF4DF808EDFFF7C4FF34BF012001
:1096A00000205DF808FB00BF4FEA410C7FEA6C5CCC
:1096B00002D150EA013C0AD14FEA430C7FEA6C5CCC
:1096C00002D152EA033C02D14FF0000070474FF044
:1096D000010070474FEA410212F5001215D211D570
:1096E0006FF47873B3EB625212D94FEAC12343F09F
:1096F000004343EA505311F0004F23FA02F018BF21
:10970000404270474FF00000704750EA013005D1E9
:1097100011F0004008BF6FF0004070474FF00000AC
:10972000704700BF4A0011D212F5001211D20DD5B8
:109730006FF47873B3EB62520ED44FEAC12343F057
:10974000004343EA505323FA02F070474FF0000001
:10975000704750EA013002D14FF0FF3070474FF0B0
:10976000000070474FEA4102B2F1E04324BFB3F575
:10977000001CDCF1FE5C0DD901F0004C4FEAC00288
:109780004CEA5070B2F1004F40EB830008BF20F06C
:109790000100704711F0804F21D113F13872BCBF26
:1097A00001F00040704741F480114FEA5252C2F17B
:1097B0001802C2F1200C10FA0CF320FA02F018BFC4
:1097C00040F001004FEAC1234FEAD32303FA0CFC17
:1097D00040EA0C0023FA02F34FEA4303CCE77FEAA6
:1097E000625307D150EA01331EBF4FF0FE4040F4F0
:1097F0004000704701F0004040F0FE4040F400009F
:10980000704700BF80F0004002E000BF81F00041DF
:1098100042001FBF5FEA410392EA030F7FEA226C16
:109820007FEA236C6AD04FEA1262D2EB1363C1BFA6
:10983000D218414048404140B8BF5B42192B88BF15
:10984000704710F0004F40F4000020F07F4018BF38
:10985000404211F0004F41F4000121F07F4118BF58
:10986000494292EA030F3FD0A2F1010241FA03FC00
:1098700010EB0C00C3F1200301FA03F100F00043E8
:1098800002D5494260EB4000B0F5000F13D3B0F1B0
:10989000807F06D340084FEA310102F10102FE2A1F
:1098A00051D2B1F1004F40EBC25008BF20F001008F
:1098B00040EA03007047490040EB0000013A28BF2E
:1098C000B0F5000FEDD2B0FA80FCACF1080CB2EBB1
:1098D0000C0200FA0CF0AABF00EBC250524218432F
:1098E000BCBFD0401843704792F0000F81F40001D4
:1098F00006BF80F400000132013BB5E74FEA4103A7
:109900007FEA226C18BF7FEA236C21D092EA030F12
:1099100004D092F0000F08BF0846704790EA010F8C
:109920001CBF0020704712F07F4F04D1400028BFB9
:1099300040F00040704712F100723CBF00F500009B
:10994000704700F0004343F0FE4040F400007047D1
:109950007FEA226216BF08467FEA2363014642027D
:1099600006BF5FEA412390EA010F40F48000704790
:109970004FF0000304E000BF10F0004348BF404236
:109980005FEA000C08BF704743F0964301464FF072
:1099900000001CE050EA010208BF70474FF00003CE
:1099A0000AE000BF50EA010208BF704711F000430F
:1099B00002D5404261EB41015FEA010C02BF8446DF
:1099C0000146002043F0B64308BFA3F18053A3F53E
:1099D0000003BCFA8CF2083AA3EBC25310DB01FA85
:1099E00002FC634400FA02FCC2F12002BCF1004F09
:1099F00020FA02F243EB020008BF20F0010070479A
:109A000002F1200201FA02FCC2F1200250EA4C00ED
:109A100021FA02F243EB020008BF20EADC70704733
:109A20004FF0FF0C1CEAD0521EBF1CEAD15392EA41
:109A30000C0F93EA0C0F6FD01A4480EA010C40021D
:109A400018BF5FEA41211ED04FF0006343EA501077
:109A500043EA5111A0FB01310CF00040B1F5000FB9
:109A60003EBF490041EAD3715B0040EA010062F168
:109A70007F02FD2A1DD8B3F1004F40EBC25008BF52
:109A800020F00100704790F0000F0CF0004C08BF70
:109A900049024CEA502040EA51207F3AC2BFD2F13D
:109AA000FF0340EAC250704740F400004FF000034B
:109AB000013A5DDC12F1190FDCBF00F00040704785
:109AC000C2F10002410021FA02F1C2F1200200FAC3
:109AD00002FC5FEA310040F1000053EA4C0308BF8A
:109AE00020EADC70704792F0000F00F0004C02BFDB
:109AF000400010F4000F013AF9D040EA0C0093F056
:109B0000000F01F0004C02BF490011F4000F013BAF
:109B1000F9D041EA0C018FE70CEAD15392EA0C0F1D
:109B200018BF93EA0C0F0AD030F0004C18BF31F088
:109B3000004CD8D180EA010000F00040704790F05E
:109B4000000F17BF90F0004F084691F0000F91F002
:109B5000004F14D092EA0C0F01D142020FD193EAC8
:109B60000C0F03D14B0218BF084608D180EA010050
:109B700000F0004040F0FE4040F40000704740F02C
:109B8000FE4040F4400070474FF0FF0C1CEAD052FA
:109B90001EBF1CEAD15392EA0C0F93EA0C0F69D056
:109BA000A2EB030280EA010C49024FEA402037D0C1
:109BB0004FF0805343EA111143EA10130CF00040B8
:109BC0008B4238BF5B0042F17D024FF4000C8B42A8
:109BD00024BF5B1A40EA0C00B3EB510F24BFA3EB88
:109BE000510340EA5C00B3EB910F24BFA3EB910358
:109BF00040EA9C00B3EBD10F24BFA3EBD10340EAB2
:109C0000DC001B0118BF5FEA1C1CE0D1FD2A3FF6F7
:109C100050AF8B4240EBC25008BF20F001007047AC
:109C20000CF0004C4CEA50207F32C2BFD2F1FF034F
:109C300040EAC250704740F400004FF00003013A80
:109C400037E792F0000F00F0004C02BF400010F424
:109C5000000F013AF9D040EA0C0093F0000F01F038
:109C6000004C02BF490011F4000F013BF9D041EA5A
:109C70000C0195E70CEAD15392EA0C0F08D142028D
:109C80007FF47DAF93EA0C0F7FF470AF084676E760
:109C900093EA0C0F04D14B023FF44CAF08466EE739
:109CA00030F0004C18BF31F0004CCAD130F0004207
:109CB0007FF45CAF31F000437FF43CAF5FE700BF5F
:109CC0004FF0FF3C06E000BF4FF0010C02E000BF88
:109CD0004FF0010C4DF804CD4FEA40024FEA41032A
:109CE0007FEA226C18BF7FEA236C11D001B052EAE0
:109CF000530C18BF90EA010F58BFB2EB030088BFA6
:109D0000C81738BF6FEAE17018BF40F00100704714
:109D10007FEA226C02D15FEA402C05D17FEA236CF6
:109D2000E4D15FEA412CE1D05DF8040B704700BF3D
:109D3000844608466146FFE70FB5FFF7C9FF0028D4
:109D400048BF10F1000F0FBD4DF808EDFFF7F4FF0D
:109D50000CBF012000205DF808FB00BF4DF808EDA6
:109D6000FFF7EAFF34BF012000205DF808FB00BFC9
:109D70004DF808EDFFF7E0FF94BF012000205DF8EB
:109D800008FB00BF4DF808EDFFF7D2FF94BF01209C
:109D900000205DF808FB00BF4DF808EDFFF7C8FF95
:109DA00034BF012000205DF808FB00BF4FEA4002ED
:109DB0004FEA41037FEA226C02D15FEA402C08D1CE
:109DC0007FEA236C02D15FEA412C02D14FF0000000
:109DD00070474FF0010070474FEA4002B2F1FE4F6A
:109DE0000FD34FF09E03B3EB12620DD94FEA00235D
:109DF00043F0004310F0004F23FA02F018BF404236
:109E000070474FF00000704712F1610F01D142021C
:109E100005D110F0004008BF6FF0004070474FF0D0
:109E20000000704742000ED2B2F1FE4F0BD34FF04C
:109E30009E03B3EB126209D44FEA002343F00043C0
:109E400023FA02F070474FF00000704712F1610FE3
:109E500001D1420202D14FF0FF3070474FF00000B5
:109E6000704700BF7BB972B90029BEBF00204FF018
:109E7000004106E008BF00281CBF6FF000414FF012
:109E8000FF3000F0A3B9ADF1080C6DE904CE002954
:109E900009DB002B1ADB00F035F8DDF804E0DDE922
:109EA000022304B07047404261EB4101002B1BDBF1
:109EB00000F028F8DDF804E0DDE9022304B04042B8
:109EC00061EB4101524263EB43037047524263EB43
:109ED000430300F017F8DDF804E0DDE9022304B0E5
:109EE000404261EB41017047524263EB430300F093
:109EF00009F8DDF804E0DDE9022304B0524263EB27
:109F0000430370472DE9F047089E0D4604460F466F
:109F1000002B4AD18A42944665D9B2FA82F343B102
:109F200002FA03FCC3F120029F4020FA02F2174319
:109F30009C404FEA1C4E1FFA8CF5B7FBFEF1220C39
:109F40000EFB117742EA074201FB05F090420AD965
:109F50001CEB020201F1FF3780F01B81904240F2BE
:109F6000188102396244121AA4B2B2FBFEF00EFB51
:109F7000102244EA024400FB05F5A5420AD91CEB75
:109F8000040400F1FF3280F00681A54240F2038113
:109F90006444023840EA0140641B00211EB1DC40E9
:109FA0000023C6E90043BDE8F0878B4208D9002EA4
:109FB00000F0EC800021C6E900050846BDE8F08706
:109FC000B3FA83F1002949D1AB4202D3824200F2B5
:109FD000F780841A65EB030201201746002EE2D0B9
:109FE000C6E90047DFE702B9FFDEB2FA82F3002BD1
:109FF00040F08F808A1A4FEA1C471FFA8CFE01211D
:10A00000B2FBF7F507FB1520220C42EA00420EFBDB
:10A0100005F0904208D91CEB020205F1FF3802D28C
:10A02000904200F2CA804546121AA4B2B2FBF7F081
:10A0300007FB102244EA02440EFB00FEA64508D9A5
:10A040001CEB040400F1FF3202D2A64500F2BA80F4
:10A050001046A4EB0E0440EA05409FE7C1F120073B
:10A060008B4022FA07FC4CEA030C05FA01F420FAB3
:10A0700007F3FD40234300FA01F94FEA1C401FFAA1
:10A080008CFEB5FBF0F81C0C00FB185544EA0544A7
:10A0900008FB0EF5A54202FA01F20BD91CEB0404F1
:10A0A00008F1FF3A80F08780A54240F28480A8F151
:10A0B00002086444641B9DB2B4FBF0F300FB13443C
:10A0C00045EA044403FB0EFEA64508D91CEB040434
:10A0D00003F1FF306BD2A64569D9023B644443EAE1
:10A0E0000840A0FB0283A4EB0E049C42C6461D461A
:10A0F00055D352D056B1B9EB0E0364EB050404FA04
:10A1000007F7CB40CC401F43C6E900740021BDE8EF
:10A11000F087C3F1200102FA03FC20FA01F225FACC
:10A1200001F19D402A434FEA1C471FFA8CFEB1FB08
:10A13000F7F007FB1015110C41EA054100FB0EF585
:10A140008D4204FA03F408D91CEB010100F1FF3839
:10A150002FD28D422DD902386144491B92B2B1FBF6
:10A16000F7F507FB151142EA014205FB0EF191429A
:10A1700008D91CEB020205F1FF3816D2914214D91E
:10A18000023D6244521A45EA004139E73146304601
:10A1900009E73946E7E61046FCE6C145AAD2B8EB26
:10A1A000020E63EB0C050138A4E74546EAE70346D7
:10A1B00095E74046D1E7D0467CE7023D624433E76D
:10A1C00008460BE76444023843E700BF704700BF0E
:10A1D0000A22002100F058BD024B0146186800F029
:10A1E0000BB800BF488FFF1F024B0146186801F0F3
:10A1F00059B900BF488FFF1F2DE9F04F01F10B0641
:10A20000162E83B0044624D8102900F2BA8000F03C
:10A21000A3FA102618220220B54F3A44A2F10801F1
:10A2200053688B4200F0BA805A68D96822F0030262
:10A230001A449D68E9608D60516841F00101204633
:10A24000516003F1080500F08DFA284603B0BDE81F
:10A25000F08F36F0070600F19480B14200F2918051
:10A2600000F07AFAB6F5FC7FC0F09A81730A00F02C
:10A270008F80042B00F26F81B30903F1390003F1E1
:10A28000380CC3009A4F3B44A3F108055B689D421C
:10A2900006D10CE0002980F22781DB689D4206D0C0
:10A2A0005A6822F00302911B0F29F3DD60463D69D5
:10A2B000DFF840C265457CD06A6822F00302931B38
:10A2C0000F2B00F37B81002BC7E904CC80F26C815B
:10A2D000B2F5007F80F01A81D308796801334FEA24
:10A2E000521E012202FA0EF20A4357F833E0C5F873
:10A2F00008E007EBC3010839E9607A6047F833509A
:10A30000CEF80C50831001219940914257D8114248
:10A3100006D120F003004900114200F10400FAD0F8
:10A3200007EBC0094D468646D5F80C80454508D157
:10A330001DE1002B80F22481D8F80C80454500F007
:10A340001681D8F8042022F00302931B0F2BF0DDB6
:10A350002046D8E9025408EB060146F00106C8F889
:10A360000460EC60A56043F00104C7E90411C1E991
:10A3700002CC4C6048F8023000F0F4F908F108050E
:10A3800002E00C2323600025284603B0BDE8F08FCF
:10A390004FF4007340204FF03F0C73E7D3689A42AC
:10A3A00008BF02307FF440AF3D69DFF848C1654522
:10A3B00082D17A688310012199409142A7D9BD6862
:10A3C0006B6823F003094E4503D8A9EB06030F2B56
:10A3D0007ADCDFF824B1494BDBF800201B6801323E
:10A3E000334405EB090A00F0338103F580530F3342
:10A3F00023F47F6828F00F084146204600F0E4FE71
:10A40000411C024600F0F380824500F2EE803C4B96
:10A41000196841441960084600F04E81DBF80010CD
:10A42000019301311BBFA2EB0A010918CBF80020F0
:10A43000196012F0070B00F01781CBF108010A44F4
:10A44000CBF5805190440831A1EB0801C1F30B0A10
:10A4500051462046009200F0B7FE421CDDE9002381
:10A4600000F04F81801A00EB0A081968BA6048F0C2
:10A4700001005144BD425060196000F02981B9F1DA
:10A480000F0F40F227816868A9F10C0C2CF0070C23
:10A4900000F0010040EA0C0068604FF0050E05EB8B
:10A4A0000C00BCF10F0FC0E901EE00F232815068E0
:10A4B0001546144B1A688A4238BF1960124B1A6845
:10A4C0008A4238BF196094E0AA1943F0010346F0AC
:10A4D00001066E602046BA60536000F043F908350B
:10A4E000284603B0BDE8F08FD9681A44A1E600BF42
:10A4F000A088FF1FA888FF1FA88CFF1FD495FF1FEF
:10A50000A495FF1FCC95FF1FD095FF1FB2F5206FBC
:10A510004FEA522363D3142B00F2B78003F15C019E
:10A52000C9005B3307EB010E7958AEF1080E8E457A
:10A5300000F091804B6823F00303934202D98968AD
:10A540008E45F7D1D1F80CE07A68C5E9021ECEF845
:10A550000850CD60D6E6142B59D9542B00F29D80BB
:10A56000330B03F16F0003F16E0CC3008AE60EF1AA
:10A57000010E1EF0030F05F108057FF4D5AE51E082
:10A58000424445465368D8F80C1043F00103536029
:10A5900055F8083F2046D9608B6000F0E3F8F3E6F9
:10A5A000F00806F1080237E62A442046536843F0D3
:10A5B00001035360083500F0D5F8E5E6A9192046F7
:10A5C00046F0010643F001046E60C7E90411C1E9D9
:10A5D00002CC4C60AB5000F0C5F80835D4E69309C6
:10A5E00003F13901C90038339CE7BD425FD0BD6833
:10A5F000686820F003084645A8EB060302D80F2B35
:10A600003FF762AF204600F0ADF80025BCE603F14D
:10A610005C0003F15B0CC30034E659F808394B4584
:10A6200040F0968010F0030F00F1FF30F5D17B6809
:10A6300023EA01037B60490099423FF6C0AE19B995
:10A64000BDE649000EF1040E1942FAD0704667E6E5
:10A6500003F11008D0E69A104FF001087B6808FA61
:10A6600002F21A437A6070E702EB08014942C1F333
:10A670000B0A51462046009200F0A6FD431CDDE97E
:10A6800000237FF4EFAEDA46EFE6542B25D8130B08
:10A6900003F16F01C9006E3344E7B3F5AA7F25D8F3
:10A6A000F30B03F1780003F1770CC300EAE5294BC3
:10A6B000186840441860B1E6CAF30B0CBCF1000FF7
:10A6C0007FF4ACAEBD68C84448F001006860F0E6B5
:10A6D0001546EEE60123536094E7B3F5AA7F23D82D
:10A6E000D30B03F17801C90077331BE740F25452D2
:10A6F000934223D8B30C03F17D0003F17C0CC3001B
:10A70000C0E5ABF1080BD844A8EB02084FF0000AF3
:10A71000ABE605F108012046009300F0C3FEBD68DA
:10A72000009B68681968C4E640F254518B420BD80C
:10A73000930C03F17D01C9007C33F3E64FF47E7383
:10A740007F204FF07E0C9DE54FF47E717E23E9E67D
:10A750007B6870E7A495FF1F014800F08BBD00BF28
:10A760001C97FF1F014800F087BD00BF1C97FF1F0B
:10A770002DE9F84F1746002900F098800C4607F1A4
:10A780000B058046FFF7E8FF162D54F8041C5BD834
:10A7900010252A46AF425CD821F003069642A4F168
:10A7A000080962DABC4BD3F808C009EB06008445FF
:10A7B00000F09780D0F804C02CF0010303445B68DC
:10A7C000DB0768D42CF0030C06EB0C03934247DA4A
:10A7D000CB0710D454F8083CA9EB030ADAF804308C
:10A7E00023F003018C44B444944580F21181731822
:10A7F000934280F2E88039464046FFF7FDFC074669
:10A80000E0B154F8043C23F001034B44A0F10802EA
:10A81000934200F0D280321F242A00F2F580132ADE
:10A8200000F2AC80034622461168196051685960F5
:10A8300092689A602146404600F034FE4046FFF799
:10A8400091FF3846BDE8F88F25F00705002D2A4610
:10A85000A0DA0C23C8F8003000273846BDE8F88F8E
:10A860001E46D0E90223D3609A60731B0F2B22D8B7
:10A87000D9F8043003F0010333434E44C9F80430DF
:10A88000736843F00103736040462746FFF76AFF91
:10A890003846BDE8F88FC907ADD454F8083CA9EB99
:10A8A000030ADAF8041021F00301A0E7BDE8F84F2D
:10A8B0001146FFF7A1BCD9F8042009EB050102F00D
:10A8C00001024E4443F001032A43C9F804204B60BF
:10A8D000736843F0010308317360404600F0E2FD05
:10A8E000D2E7DCF8040020F0030B06EB0B0C05F1BB
:10A8F000100084454DDAC9073FF57DAF54F8081CB8
:10A90000A9EB010ADAF8041021F003018B44B344E7
:10A9100058453FF76CAF5746DAF80C1057F8080F58
:10A92000321F242AC160886000F2DB80132A40F2C3
:10A93000D6802168CAF808106168CAF80C101B2A72
:10A9400000F2DF8008340AF11002216811606168AA
:10A950005160A16891600AEB0501ABEB050242F082
:10A96000010299604A60DAF8043003F001032B43D6
:10A970004046CAF80430FFF7F5FE6EE7236803602F
:10A98000636843601B2A68D804F1080200F10803D9
:10A990004AE709EB05029A60ACEB050343F00103BB
:10A9A000536054F8043C03F001032B43404644F841
:10A9B000043CFFF7D7FE27464FE750F8043C23F04E
:10A9C00003031E4451E75746DAF80C1057F8080FF6
:10A9D000321F242AC16088604CD8132A48D92168C4
:10A9E000CAF808106168CAF80C101B2A56D8083437
:10A9F0000AF110021E462368136063685360A3685F
:10AA00009360D1463C4630E7214600F099FA11E7C1
:10AA1000D0E902135746CB60996057F8081FDAF85F
:10AA20000C30CB60321F242A99602DD8132A29D9E3
:10AA30002368CAF808306368CAF80C301B2A42D869
:10AA400008340AF1100322681A6062685A60A2682A
:10AA50009A606646D1463C4607E7A3688360E36890
:10AA6000C360242A26D004F1100200F11003DBE6B3
:10AA70003A46BFE7214638461E46D14600F060FA06
:10AA80003C46F2E63B46DEE7214638466646D1467E
:10AA900000F056FA3C46E8E6A088FF1FA168CAF815
:10AAA0001010E168CAF81410242A20D010340AF1DA
:10AAB00018029FE7236903616169416104F118028B
:10AAC00000F11803B0E6A368CAF81030E368CAF8CA
:10AAD0001430242A21D010340AF11803B3E73A467F
:10AAE00033E72146384600F02BFA164B33E722694C
:10AAF000CAF818206269CAF81C2018340AF120022A
:10AB000078E7A168CAF81010E168CAF81410242A7E
:10AB10000DD010340AF1180217E72369CAF818306B
:10AB20006369CAF81C3018340AF120038BE72269E4
:10AB3000CAF818206269CAF81C2018340AF12002E9
:10AB400003E700BFA088FF1F012B2DE9F84F41D07C
:10AB5000242B1F463ED880464A488E4675461EF82E
:10AB600001BB10F80B4014F00804F7D1BBF12D0F16
:10AB700071D0BBF12B0F08BF9EF800B06FF00049F9
:10AB800008BF05F1020E002B42D0102B55D0B9FBA7
:10AB9000F7F60025284607FB169A05E033D007FB99
:10ABA00000C001251EF801BBABF1300CBCF1090F50
:10ABB00006D9ABF1410CBCF1190F12D8ABF1370C2F
:10ABC000634517DDB5F1FF3FECD08642E6D24FF08A
:10ABD000FF35E7E700F020FB162303600020BDE807
:10ABE000F88FABF1610CBCF1190F03D8ABF1570C26
:10ABF0006345E7DC6B1C25D084B9002AEFD095BBF8
:10AC00001160BDE8F88FE245C9DA4FF0FF35C9E7BA
:10AC1000BBF1300F04D00A273B46B8E74042ECE7CF
:10AC20009EF8003003F0DF03582B20D110279EF848
:10AC300001B03B460EF1020EA9E7BBF1300F19D06F
:10AC40001F46A4E72223C8F8003072B10EF1FF318D
:10AC500048461160D5E79EF800B04FF0004905F175
:10AC6000020E01248FE78146F0E74846B7E7082740
:10AC70003B468CE79EF8000000F0DF005828D5D056
:10AC80001F4684E70D0E010010B4044C84461346A1
:10AC9000206810BC0A466146FFF756BF488FFF1F69
:10ACA00013460A460146022000F058BB024A0349F7
:10ACB000034800F0BBB800BFB08CFF1FF9D90000FB
:10ACC000288EFF1F0C4B4168994210B5044601D0F5
:10ACD00002F092FEA168094B994202D0204602F090
:10ACE0008BFEE168064B994204D02046BDE8104037
:10ACF00002F082BE10BD00BFD895FF1F4096FF1F17
:10AD0000A896FF1F2DE9F8432A4C2B4B2B48DFF860
:10AD1000B090DFF8B0802C4F186000250423082283
:10AD2000294604F15C00294E6566C4E90253C4E972
:10AD30000055C4E90455A56100F07EF9244B636712
:10AD40000822294604F1C400C4E90749C4E9098777
:10AD5000C4E91A55C4E91E55C4F8CC502567C4F897
:10AD60008050E66200F068F91A4BC4F8DC302946DE
:10AD700004F16803082204F59670C4F88430C4E92D
:10AD80002298C4E92476C4E93455C4E93855C4F896
:10AD90003451C4F8D850C4F8E85000F04DF904F12B
:10ADA000D003C4E93C98C4E93E76C4F8EC30BDE871
:10ADB000F88300BFD895FF1F1097FF1FADAC0000B0
:10ADC000B5AE0000D9AE000019AF000039AF0000E9
:10ADD000090001001200020010B504460A4800F004
:10ADE00049FA636B23B9094B094A1B68626323B1B3
:10ADF000BDE81040044800F03FBAFFF783FFBDE80C
:10AE00001040014800F038BA2097FF1F1097FF1F2D
:10AE1000C5AC0000014800F02DBA00BF2097FF1F0D
:10AE2000014800F029BA00BF2097FF1F2DE9F84321
:10AE300080460F4616464FF00009D6E90154013D01
:10AE400011D4A389012B05F1FF3508D9B4F90E30CF
:10AE50000133214603D04046B84749EA00096B1C3C
:10AE600004F16804EDD13668002EE6D14846BDE80D
:10AE7000F88300BF0EB410B59DB06FF000411FAB5A
:10AE8000CDE906010491094953F8042B0290084CBE
:10AE90000868019302A9059400F0DCFF029B0022E0
:10AEA0001A701DB0BDE8104003B07047488FFF1FF7
:10AEB0000802FFFF10B50C46B1F90E1000F06EF954
:10AEC000002803DB236D0344236510BDA38923F40D
:10AED0008053A38110BD00BF2DE9F0410C46B1F9AC
:10AEE0000C101F46CB05054616460BD421F48051A5
:10AEF000A1813B46B4F90E1032462846BDE8F04128
:10AF000000F074B9B4F90E100223002200F030F9F9
:10AF1000B4F90C10EAE700BF10B50C46B1F90E10F9
:10AF200000F026F9A389421C0EBF23F4805343F49A
:10AF300080532065A38110BDB1F90E1000F006B951
:10AF400088420DD98B1883420AD900EB020CBAB1A2
:10AF5000624613F801CD02F801CD9942F9D170474C
:10AF60000F2A0ED8034602F1FF3C4AB10CF1010C46
:10AF7000013B8C4411F8012B03F8012F6145F9D1F5
:10AF8000704740EA01039B0750D1A2F1100370B54E
:10AF900001F1200C23F00F0501F1100E00F1100457
:10AFA000AC441B095EF8105C44F8105C5EF80C5C65
:10AFB00044F80C5C5EF8085C44F8085C5EF8045CDD
:10AFC00044F8045C0EF1100EE64504F11004E9D1DA
:10AFD000013312F00C0F01EB031102F00F0400EB30
:10AFE000031327D0043C24F003064FEA940C1E44BC
:10AFF0001C1F8E465EF8045B44F8045FB442F9D12E
:10B000000CF1010402F0030203EB840301EB840161
:10B0100002F1FF3C4AB10CF1010C013B8C4411F8E8
:10B02000012B03F8012F6145F9D170BD02F1FF3CFE
:10B0300003469BE72246EBE7830730B548D0541E12
:10B04000002A3FD0CAB2034601E0013C3AD303F8DC
:10B05000012B9D07F9D1032C2DD9CDB245EA052549
:10B060000F2C45EA054536D9A4F1100222F00F0C49
:10B0700003F1200EE6444FEA121C03F1100242E9EC
:10B08000045542E9025510327245F8D10CF1010223
:10B0900014F00C0F03EB021204F00F0C13D0ACF100
:10B0A000040323F003030433134442F8045B934284
:10B0B000FBD10CF003042CB1C9B21C4403F8011BF2
:10B0C0009C42FBD130BD64461346002CF4D1F9E715
:10B0D00003461446BFE71A46A446E0E740EA0103E8
:10B0E0009B0730B501D1032A0FD8844601F1FF3EFA
:10B0F00007E01EF8011F03F8011B541EC1B19C4656
:10B1000022466346002AF4D130BD0B4684461946D8
:10B1100053F8045BA5F1013424EA050414F0803FE0
:10B12000E4D1043A032A4CF8045B1946EFD8DDE772
:10B130009444002CE8D003F8011B6345FBD130BDDB
:10B14000014B93F828017047BC8CFF1F38B5074DA1
:10B150000022044608462A60FAF70EFE431C00D07F
:10B1600038BD2B68002BFBD0236038BD1497FF1F20
:10B1700038B50C46084D8446114620461A46002331
:10B180002B606446FAF704FE431C00D038BD2B68E0
:10B19000002BFBD0236038BD1497FF1F38B50C4639
:10B1A000084D8446114620461A4600232B6064460B
:10B1B000FAF7E0FD431C00D038BD2B68002BFBD014
:10B1C000236038BD1497FF1F38B5074D0022044691
:10B1D00008462A60FAF7B8FD431C00D038BD2B683A
:10B1E000002BFBD0236038BD1497FF1F38B50C46E9
:10B1F000084D8446114620461A4600232B606446BB
:10B20000FAF718FC431C00D038BD2B68002BFBD08C
:10B21000236038BD1497FF1F014B1868704700BFAB
:10B22000488FFF1F70B50D4E0D4D761BB61006D022
:10B23000002455F8043B01349847A642F9D1094E41
:10B24000094D761B05F0D4FFB61006D0002455F842
:10B25000043B01349847A642F9D170BDFC110100AE
:10B26000FC1101000C120100FC110100704700BF2D
:10B27000704700BF704700BF704700BFFFFFFFFF70
:10B2800090F800F06DE9024520F007016FF0000C26
:10B2900010F0070491F820F040F049804FF00004CE
:10B2A0006FF00700D1E9002391F840F000F10800A9
:10B2B00082FA4CF2A4FA8CF283FA4CF3A2FA8CF3E1
:10B2C0004BBBD1E9022382FA4CF200F10800A4FA48
:10B2D0008CF283FA4CF3A2FA8CF3E3B9D1E904239C
:10B2E00082FA4CF200F10800A4FA8CF283FA4CF3D3
:10B2F000A2FA8CF37BB9D1E9062301F1200182FA8D
:10B300004CF200F10800A4FA8CF283FA4CF3A2FA92
:10B310008CF3002BC6D0002A04BF04301A4612BAA0
:10B32000B2FA82F2FDE8024500EBD2007047D1E9A3
:10B33000002304F00305C4F100004FEAC50514F032
:10B34000040F91F840F00CFA05F562EA05021CBF03
:10B3500063EA050362464FF00004A9E72DE9F047D0
:10B36000DFF874A00646DAF8000098460F469146CA
:10B37000FFF780FF194B1C6824B365681F2D24DC80
:10B380005EB96B1C0235DAF80000636044F8257082
:10B39000FFF772FF0020BDE8F08704EB8501012371
:10B3A000C1F88890D4F88821AB401A43022EC4F823
:10B3B0008821C1F80881E4D1D4F88C211A43C4F85B
:10B3C0008C21DEE7064C1C60D7E7DAF80000FFF7B7
:10B3D00053FF4FF0FF30DEE74C8FFF1FB498FF1F85
:10B3E0002497FF1F024B13B1024800F005B87047C5
:10B3F000000000003DDC0000002301461A4618460C
:10B40000FFF7ACBFF8B5244F0C460646FFF7A4F98A
:10B41000BB685D68C4F57E610F3125F003054B19EB
:10B4200023F47F6323F00F03A3F58054B4F5805F0A
:10B4300007DB00213046FFF7C7FEBB682B4498426C
:10B4400004D03046FFF78EF90020F8BD6142304647
:10B45000FFF7BAFE01300DD0104ABB682D1B45F036
:10B4600001055D60136830461B1B1360FFF77AF916
:10B470000120F8BD00213046FFF7A6FEBA68831A06
:10B480000F2BDEDD43F001035360054B03491B68BE
:10B49000C01A0860D5E700BFA088FF1FA495FF1F52
:10B4A000A88CFF1F002961D0F8B50C460646FFF7AF
:10B4B00053F954F8042C7B4FA4F1080522F0010144
:10B4C00005EB010CB868DCF80430604523F0030399
:10B4D00000F08B80D207CCF8043032D454F8082C1A
:10B4E000AD1A1144AA6807F1080082426AD00CEB39
:10B4F0000304D4F804E0EC68D4601EF0010FA260ED
:10B5000000F0978041F001036B60CCF80010B1F5BA
:10B51000007F35D27868CB080122490901338A407F
:10B52000024357F833107A6007EBC302083AC5E9C3
:10B53000021247F83350CD603046BDE8F840FFF7BF
:10B5400011B90CEB03025268D00710D4194407F16B
:10B550000800DCF80830834273D0DCF80C20DA6095
:10B56000936041F001036B606950D0E7704741F090
:10B570000103B1F5007F44F8043CCCF80010C9D3B6
:10B58000B1F5206F4FEA512348D28B0903F13900FE
:10B5900003F13802C300F818FB580838984259D014
:10B5A0005A6822F003028A4202D99B689842F7D176
:10B5B000D868C5E902308560DD603046BDE8F840F6
:10B5C000FFF7D0B80CEB03025268D20763D40B44E8
:10B5D000DCE90212CA60916043F001026A60304601
:10B5E000EB50BDE8F840FFF7BDB80B44D10707D4D6
:10B5F00054F8082CAD1A1344D5E90212CA609160C0
:10B6000043F001026A60284ABD6012689A4293D8EA
:10B61000264B30461968FFF7F5FE8DE7142B0AD943
:10B62000542B1FD80B0B03F16F0003F16E02C30004
:10B63000B1E719448DE703F15C0003F15B02C3003D
:10B64000A9E741F00103C7E90455C5E902006B60B1
:10B65000695071E779689210012404FA02F20A43F2
:10B660007A60A6E7B3F5AA7F06D8CB0B03F1780082
:10B6700003F17702C3008EE740F25452934206D89A
:10B680008B0C03F17D0003F17C02C30083E74FF4D0
:10B690007E737E227FE741F001036B60CCF80010DF
:10B6A0004AE700BFA088FF1FAC8CFF1FD495FF1F87
:10B6B00082B049B15AB16BB113780B601278101E89
:10B6C00018BF012002B0704701A9002AF3D110462B
:10B6D00002B070476FF00100F4E700BF436C70B533
:10B6E00005460C464BB153F8240080B1026843F87C
:10B6F00024200023C0E9033370BD2122042102F07D
:10B700005FFB034668640028EDD1002070BD012175
:10B7100001FA04F6721D9200284602F051FB00283F
:10B72000F3D0C0E90146E4E731B1436C4A6853F80D
:10B730002200086043F82210704700BF2DE9F04155
:10B740000D6907460E461C4601F1140E0020DEF876
:10B7500000108BB202FB03434FEA134C090C02FBAF
:10B7600001CC01309BB203EB0C4385424EF8043B05
:10B770004FEA1C44EBDC3CB1B368AB4207DD06EB9F
:10B78000850301355C6135613046BDE8F081716843
:10B7900038460131FFF7A2FF8046A8B13269023274
:10B7A00006F10C0192000C30FAF7CCF97B6C726850
:10B7B00053F82210316043F82260464606EB8503B9
:10B7C00001355C613561DFE7024B03484246BA212F
:10B7D00002F0D6FA540F0100680F0100020C1204A7
:10B7E0000346CAB90304102013F07F4F04BF1B02A5
:10B7F000083013F0704F04BF1B01043013F0404FAA
:10B8000004BF9B000230002B05DB13F0804F00F1DA
:10B81000010008BF202070470020E5E7036813F00F
:10B820000702014607D0DA071FD4980721D55B0825
:10B830000B600120704798B2A0B11046DAB20AB985
:10B8400008301B0A1A0704BF1B0904309A0704BFFB
:10B850009B080230DA0703D45B0800F1010006D030
:10B860000B6070471B0C1020E8E700207047202079
:10B8700070479B080B600220704700BF38B5436CCF
:10B8800004460D464BB15868B0B102685A600022B8
:10B890000123C0E90435C26038BD2122042102F031
:10B8A0008FFA034660640028EDD1094B0948002255
:10B8B00040F2451102F064FA1C220121204602F0F8
:10B8C0007FFA0028F1D001220223C0E90123DEE73C
:10B8D000540F0100680F01002DE9F04F0E69156942
:10B8E000AE4285B08846144605DB2A4623463546D7
:10B8F0000C4616469846A3686168AF19BB42B8BFAC
:10B900000131FFF7EBFE0190002800F08780019BDA
:10B9100003F1140909EB870AD14505D24B460022F1
:10B9200043F8042B9A45FBD808F1140808EB860B62
:10B9300004F11403D8451A4603EB85055FD22B1B8F
:10B94000153B23F0030304331534A54238BF042309
:10B95000CDE902A7AC461F46924605E0090C29D165
:10B96000C34509F1040948D958F8041B8DB2002DCC
:10B97000F4D056464C46002356F8041B22681FFAA2
:10B9800081FE90B2090C05FB0E00120C034405FB6E
:10B99000012202EB13429BB243EA0243B44544F84E
:10B9A000043B4FEA1243E7D849F8073058F8041C23
:10B9B000090CD5D0D9F8003050461A464C4600261E
:10B9C0000588120C01FB052216449BB243EA06438C
:10B9D00044F8043B50F8045B22682D0C93B201FB41
:10B9E000053303EB164384454FEA1346E8D8C345B5
:10B9F00049F8073009F10409B6D8DDE902A7002F9C
:10BA000002DC05E0013F03D05AF8043D002BF9D0D9
:10BA1000019B18461F6105B0BDE8F08F034B044839
:10BA2000019A4FF4B17102F0ABF900BF540F01005D
:10BA3000680F010012F003032DE9F0411446064699
:10BA400032D10D46A41020D0D6F84080B8F1000FB6
:10BA500033D0E3074FF0000707D4641015D0D8F8AF
:10BA60000000A8B18046E307F7D542462946304694
:10BA7000FFF732FFB5B16968736C641053F8212089
:10BA80002A6043F821500546E9D12846BDE8F081F7
:10BA9000424641463046FFF71FFFC8F800000760E6
:10BAA0008046E0E70546D8E7013B0F4A52F82320DD
:10BAB0000023FFF743FE0546C4E701213046FFF7A8
:10BAC0000DFE804640B1012340F27122C0E90432EC
:10BAD000002330640360BCE7044B0548424640F253
:10BAE000451102F04DF900BFB8100100540F0100DC
:10BAF000680F01002DE9F0470C4690462669A368BF
:10BB0000496806EB6216751C9D4207464FEA6219AA
:10BB100004DD5B009D4201F10101FADC3846FFF7CC
:10BB2000DDFD8446002851D0B9F1000F00F114006A
:10BB30000EDD09F105024FEA820E03460CEB82028C
:10BB4000002143F8041B9342FBD1AEF114031844C7
:10BB5000216904F1140318F01F0803EB81012DD0B3
:10BB6000C8F1200986464FF0000A1A6802FA08F266
:10BB700042EA0A024EF8042B53F8042B994222FAA7
:10BB800009FAF2D80B1B153B23F00303043304F12D
:10BB90001502914238BF0423BAF1000F18BF2E4698
:10BBA00040F803A07B6C6268CCF8106053F8221058
:10BBB0002160604643F82240BDE8F087043853F81E
:10BBC000042B40F8042F9942F9D8EBE7034B0448C3
:10BBD00062464FF4EF7102F0D3F800BF540F01003A
:10BBE000680F01000B6984460069C01A15D10CF179
:10BBF000140C14310CEB830210B401EB830301E04D
:10BC0000944508D252F8044D53F8041D8C42F7D0E5
:10BC100004D24FF0FF3010BC70477047012010BCB9
:10BC2000704700BF2DE9F84F0F691369FF1A002F05
:10BC30000E4690467FD101F11405143202EB8302C7
:10BC400005EB830301E09D4278D253F8041D52F8BE
:10BC5000044DA142F7D069D37168FFF73FFD8146DB
:10BC6000002877D03569D8F81020C76008F1140E85
:10BC700006F1140009F1140A06F110010EEB82021C
:10BC800000EB850756464FF0000C5EF8044B51F868
:10BC900004BFA3B21CFA8BFCACEB03034FEA144CB9
:10BCA000CCEB1B4C0CEB234C9BB243EA0C43724590
:10BCB00046F8043B4FEA2C4CE7D8A2EB08011539B3
:10BCC00008F11508424521F0030404F1040438BFCB
:10BCD0000424204421F0030238BF0022874252444A
:10BCE000544418D92646014651F8043B1CFA83FCFB
:10BCF0004FEA2C4202EB13421FFA8CFC4CEA02433F
:10BD00008F4246F8043B4FEA224CEDD8013F3F1AE0
:10BD100027F00307E21923B952F8043D013D002B37
:10BD2000FAD0C9F810504846BDE8F88F33460127CD
:10BD30004646984690E7F9DB00278DE70021FFF79C
:10BD4000CDFC814668B101220023C9E9042348469D
:10BD5000BDE8F88F064B07484A4640F2452102F0FD
:10BD60000FF8034B03484A4640F2372102F008F827
:10BD7000540F0100680F010070B5012182B0164612
:10BD80001D46FFF7ABFC044600284AD02B46C5F3FE
:10BD90000A55C3F313030DB143F48013002E01932E
:10BDA00014D101A8FFF73AFD019B63610121203006
:10BDB000216115B3069BA5F2334505441D60079B21
:10BDC000C0F135001860204602B070BD684600968C
:10BDD000FFF724FD08B3019B0099C0F1200203FA8C
:10BDE00002F20A43C34001936261002B14BF022197
:10BDF0000121A3612161002DDCD104EB8102A0F2BD
:10BE000032431069069A1360FFF7E8FC079BC0EB0A
:10BE100041101860204602B070BDDDE90023626168
:10BE2000E3E7034B0348224640F20F3101F0A8FF3D
:10BE3000540F0100680F010049B1FF2A02D80A70AF
:10BE4000012070478A2303604FF0FF307047084697
:10BE5000704700BF2DE9F04FD9B00C460C919046C9
:10BE60000E93824601F0E6FE036819931846FFF729
:10BE700007FA08221790002128A8FFF7DDF8A38908
:10BE80001F0603D52369002B00F03F8700232FAA4C
:10BE90000024CDE92D33CDE91A33CDE91C331393BA
:10BEA000189309930023CDE914342C92914644460B
:10BEB000A046784BD3F8E450FFF742F9034628A890
:10BEC0000090424624A95046A847002800F0B080C0
:10BED000C0F2A680249A252A034601D09844E8E7B8
:10BEE000B8EB0407064640F0A78000234FF0FF326E
:10BEF0008DF887309B460B9308F1010898F80030C5
:10BF000008922B25202608F10108A3F120025A2AC5
:10BF100000F2C280DFE812F0E602C000C000E102D9
:10BF2000C000C000C0006A00C000C0000802840257
:10BF3000C0001302C702C000C2025B005B005B00CE
:10BF40005B005B005B005B005B005B00C000C0004F
:10BF5000C000C000C000C000C0004301C000890193
:10BF60001D02430143014301C000C000C000C000E6
:10BF70001802C000C0009602C000C000C000B1019D
:10BF8000C000A902C000C000DD06C000C000C000A3
:10BF9000C000C000C000C000C0004301C000890153
:10BFA000E2014301430143017702E2017F00C00047
:10BFB0008902C0005F02DA0632027F00C000B101D0
:10BFC0007C00B406C000C000B806C0007C00A3F12D
:10BFD0003002002118F8013B01EB810102EB410125
:10BFE000A3F13002092AF5D90B918EE7504601F0F2
:10BFF00021FE43681C931846FFF742F91D9007463F
:10C00000504601F017FE83681A93002F40F0B18567
:10C0100098F8003077E798F800304BF0200B72E783
:10C020000822002128A8FFF707F80123984440E7D9
:10C03000B8EB0407064611D02E9B3B442E932D9B54
:10C040000133072BC9E900472D9319DC09F10809D1
:10C05000099B3B440993002E7FF447AF2E9B002B96
:10C0600041F001820C9BB3F90C3013F0400F099B97
:10C0700018BF4FF0FF330993099859B0BDE8F08F0E
:10C080000C992CAA504602F00FFF0028EAD10DF1BE
:10C09000BC09DDE7BC8CFF1F1093002BDED0002213
:10C0A0008DF8FC3001238DF8872007930D920A93B9
:10C0B00008921292169211923FAC1BF0020302D02A
:10C0C0000799023107911BF084010F9105D10B995B
:10C0D00007980F1A002F00F382832E9E82B101224F
:10C0E000C9F804202D9A013201360DF18701072A83
:10C0F0002E962D92C9F8001000F3BD8309F10809AE
:10C1000083B12D9B22AA01330236C9F80020072BE8
:10C110004FF002022E962D93C9F8042000F3C0833D
:10C1200009F108090F9B802B00F08182089B0A9A75
:10C130009F1A002F00F3BC821BF4807F40F01E8208
:10C140000A9BC9F804301E442D9BC9F800400133F6
:10C15000072B2E962D9300F3378309F108091BF066
:10C16000040F05D00B9B079A9C1A002C00F3A483A4
:10C17000099B0B9A07998A42ACBF9B185B180993DD
:10C18000002E40F0CA8200232D930D9B1BB10D9908
:10C190005046FFF787F90DF1BC09444688E6109335
:10C1A0000E9B073323F00701F1E80223CDE91423A6
:10C1B000DDE9142323F000450E9116461046B34BDB
:10C1C00029464FF0FF32FDF76FFA002840F0FC845B
:10C1D000AE4B304629464FF0FF32FDF747FA0028B4
:10C1E00040F0F284DDE9140100220023FDF734FA67
:10C1F000002841F038809DF88720A54CA54B2BF0F6
:10C20000800B10994729C8BF1C46002303210D93BA
:10C2100007910A910893129316931193002A3FF401
:10C220004CAF079B0133079347E7432B109303D091
:10C230001BF0100F00F051850E9E082200212AA845
:10C240003FACFEF7F9FE2AAB56F8042B21465046C8
:10C2500002F0E2FD034601330A9001F0C3820A9B1B
:10C260000E9623EAE373079300228DF887200D9240
:10C2700008921292169211921FE70E9F109357F890
:10C28000044B00238DF88730002C00F04D85109B67
:10C29000532B00F0D4861BF01003119340F0CF868F
:10C2A000089B5D1C01F0CC8011991A46204601F0D4
:10C2B000DFFC0D90002801F051830D9B11999DF832
:10C2C00087200E971B1B0A9323EAE37307937323BC
:10C2D0000891129116910D9110939FE71BF0200F7A
:10C2E00010930E9B3CD0073323F007031A461146E8
:10C2F0005B6851F8082B0E911946002BC0F201849F
:10C30000089B013300F0A88252EA01032BF080055C
:10C3100040F0A382089B002B40F0A482AB46002390
:10C3200008930A9358ACFFE00E9B53F8042B0B9232
:10C33000002A80F20C840B9A0E9352420B9298F8CA
:10C3400000304BF0040BDEE598F800304BF0080BA2
:10C35000D9E54BF0100B1BF0200F10930E9BC2D1B0
:10C360001BF0100F40F0FE831BF0400F00F0F6832F
:10C3700033F9042B0E93D1170B46BEE70E9B53F8EF
:10C38000042B0E9347F63003ADF888307820424BEB
:10C3900018934BF002050021022310900020089C06
:10C3A0008DF88700601C00F0A88052EA010025F09B
:10C3B000800B40F0A180002C40F09586002BAED180
:10C3C00015F001030A9300F0C78330238DF85F3125
:10C3D0000DF25F14A8E01BF0200F40F0E5831BF086
:10C3E000100F40F086861BF0400F40F07F871BF453
:10C3F000007F00F07E860E9B099953F8042B0E9364
:10C400001170444654E598F80030682B03BF98F843
:10C4100001304BF4007B08F101084BF0400B72E552
:10C4200098F800308DF887506DE598F800306C2B47
:10C4300003BF98F801304BF0200B08F101084BF0D6
:10C44000100B60E510934BF0100B1BF0200100F077
:10C450004A830E9B073323F00703596853F8082BD0
:10C460000E932BF48065002398E710934BF0100592
:10C4700015F0200100F028830E9B073323F00703FB
:10C48000596853F8082B0E93012387E7FFFFEF7FCE
:10C49000C4100100C8100100D410010098F8003049
:10C4A0004BF0800B2FE5414611F8013B2A2B01F0A0
:10C4B0007F82A3F13002092A884698BF002101F249
:10C4C000768118F8013B01EB810102EB4101A3F1F8
:10C4D0003002092AF5D9089117E598F800304BF099
:10C4E000010B10E59DF88730002B7FF491AD98F893
:10C4F00000308DF8876006E55D46012B00F0AD81C8
:10C50000022B58AC1FD1189802F00F031209C35C1C
:10C5100004F8013D42EA0172090952EA0103F3D12C
:10C5200058AB1B1BAB460A930A9908989DF88720C5
:10C5300081424FF00003B8BF01460D93079112935B
:10C54000169311936AE602F00703D20842EA417299
:10C55000C908303352EA0106204604F8013DF2D101
:10C56000E907DDD5302BDBD03023023804F8013C5D
:10C5700058AB1B1AAB460A930446D5E7109B652BB4
:10C5800040F3DC80DDE9140100220023FDF75AF8B6
:10C59000002800F0C8810123C9F804302D9BBD4A52
:10C5A000C9F8002001330136072B2E962D9300F396
:10C5B000398509F10809239B139A934280F2C282BC
:10C5C000179B199A1E44C9E900232D9B2E9601330F
:10C5D000072B2D9300F38D8309F10809139B5C1E33
:10C5E000002C7FF7BCAD102C2D9BAB4D40F3558537
:10C5F000324610270C9E05E009F10809103C102C6A
:10C6000040F34A8501331032072BC9E90057CDE9C1
:10C610002D32F1DD2CAA3146504602F045FC0028AF
:10C6200040F08380DDE92D320DF1BC09E6E70B9B7C
:10C63000079A9F1A002F7FF779AD102F2D9B964DEB
:10C6400023DD324626460C9C04E0103F102F09F1F2
:10C65000080918DD013310321021072BCDE92D32E6
:10C66000C9F80050C9F80410EFDD2CAA2146504645
:10C670000DF1BC0902F018FC002856D1103F102F14
:10C68000DDE92D32E6DC3446164601333E44072B05
:10C69000CDE92D36C9F80050C9F8047000F31685AD
:10C6A000089B0A9A9F1A002F09F108097FF744ADE9
:10C6B000102F2D9B784D22DD324626460C9C04E03F
:10C6C000103F102F09F1080917DD01331032102136
:10C6D000072BCDE92D32C9F80050C9F80410EFDD61
:10C6E0002CAA2146504602F0DFFBF0B9103F102F74
:10C6F000DDE92D320DF1BC09E7DC34461646013385
:10C700003E44072BCDE92D36C9F80050C9F8047016
:10C7100000F3CD8109F108090EE50C992CAA5046C9
:10C7200002F0C2FB00283FF42EAD0D9B002B3FF41E
:10C7300099AC0D995046FEF7B5FE93E4139B012B7F
:10C7400040F36E812D9FC9F8004001231F4401363C
:10C75000072FC9F804302E962D9700F3D98109F1DF
:10C760000809179B199A01371E44072FC9E90023AE
:10C77000CDE92D7600F3D98109F10809DDE914012D
:10C7800000220023FCF75EFF002840F06781139B26
:10C790000137013B01341E44072FC9F800402D9793
:10C7A000C9F804302E9600F34C8109F108091B9B4F
:10C7B000C9F8043001371E44072F26ABCDE92D768A
:10C7C000C9F800307FF7C9AC0C992CAA504602F08A
:10C7D0006BFB0028A9D12E9E0DF1BC09BFE4102FE0
:10C7E000DDE92D212D4D27DDCDE91E381026D0465F
:10C7F000A2460C9C04E0103F102F09F1080916DD39
:10C8000001321031072AC9E90056CDE92D21F2DDA8
:10C810002CAA214640460DF1BC0902F045FB002838
:10C8200040F0F283103F102FDDE92D21E8DC544663
:10C830001E9BC246DDF87C80C9F8005001327E188C
:10C84000072ACDE92D26C9F8047000F3CC839DF8A2
:10C85000872009F1080941E45D460A2A71F10003C5
:10C8600080F02983303201238DF85F21AB460A9393
:10C870000DF25F1458E60C991E932CAA504602F054
:10C8800013FB00287FF451AF2E9E1E9B0DF1BC09B7
:10C8900036E400BF6008010014110100041101001A
:10C8A0000C992CAA504602F0FFFA00287FF43DAF05
:10C8B0002E9E0DF1BC0935E4102C2D9BB84D1FDDCB
:10C8C000DDF830B0102704E0103C102C09F1080905
:10C8D00016DD01331036072BC9E90057CDE92D3697
:10C8E000F2DD2CAA594650460DF1BC0902F0DCFAE3
:10C8F00000287FF41AAF103C102CDDE92D36E8DC5F
:10C9000001332644072BC9E90054CDE92D367FF7C2
:10C910002FAC0C992CAA504602F0C6FA00287FF4DE
:10C9200004AF2E9E24E42399002940F32783119D10
:10C93000139B9D42A8BF1D46002D0BDD2D9B01338F
:10C940002E44072BC9E900452E962D9300F3DD8672
:10C9500009F10809119F002DA8BF7F1B002F00F3CC
:10C96000F481119B1BF4806F23440A9340F01482DE
:10C97000239B139A934203DB1BF0010F00F0A58465
:10C98000179A19991644C9E900122D9A2E96013268
:10C99000072A2D9200F3C68609F10809139AA518F3
:10C9A000D41A0A9BED1AA542A8BF2546002D0DDD1D
:10C9B000C9F800302D9BC9F8045001332E44072BD1
:10C9C0002E962D9300F3BE8609F10809002DA8BF0D
:10C9D000641B002C7FF7C3AB102C2D9B714D40F3D3
:10C9E0005C83324610270C9E05E009F10809103CD3
:10C9F000102C40F3518301331032072BC9E9005743
:10CA0000CDE92D32F1DD2CAA3146504602F04CFA28
:10CA100000287FF48AAEDDE92D320DF1BC09E6E78E
:10CA20001BF0010F7FF48EAE2D9FC9F8004001234B
:10CA30001F440136072FC9F804302E962D977FF733
:10CA4000B4AE0C992CAA504602F02EFA00287FF4BE
:10CA50006CAEDDE92D760DF1BC09A8E6139B5C1EDA
:10CA6000002C7FF7A4AE102C4E4D40F34C83324681
:10CA700010230C9E05E009F10809103C102C40F32E
:10CA8000418301371032072FC9E90053CDE92D72D8
:10CA9000F1DD2CAA3146504602F006FA00287FF458
:10CAA00044AEDDE92D720DF1BC091023E5E70C99C8
:10CAB0002CAA504602F0F8F900287FF436AE2E9EDC
:10CAC0000DF1BC09FFF738BB15F0100360D115F06C
:10CAD000400200F073830E9850F8042B0E90194614
:10CAE00092B201235AE41BF0100368D11BF04002FC
:10CAF00000F056830E9850F8042B0E90194692B20F
:10CB0000AFE4524261EB41015D462D20012346E432
:10CB10000C992CAA504602F0C7F900287FF405AE04
:10CB2000DDE92D760DF1BC091BE60C992CAA5046C7
:10CB300002F0BAF900287FF4F8ADDDE92D760DF1A9
:10CB4000BC091BE61BF0010F3FF409AB38E50E935F
:10CB500098F80030FFF7D7B958ACE5E41BF4007F34
:10CB600040F0BD8353F8042B0E93D1170B46FFF70B
:10CB7000C4BB1A9B002B3FF44BAA1A9B1B78002BBB
:10CB80003FF446AA98F800304BF4806BFFF7BBB92E
:10CB90000E9B53F8042B0E930123FFF7FFBB00BF3E
:10CBA00004110100141101000E9B099853F8041B95
:10CBB0000E93C217C1E900024446FFF779B90E9BF4
:10CBC00053F8042B0E934CE4DDE9140102460B46A6
:10CBD000FCF76AFD002840F07586109B612B00F081
:10CBE0005B85412B00F0AC85089B0133109B23F043
:10CBF0002003079300F06384472B04D1089B002B8C
:10CC000008BF01230893DDE914010A46002A4BF40A
:10CC10008073CDF83CB0C0F2E1859B4600231646F8
:10CC20001E9307460D93109B413B252B00F2678313
:10CC3000DFE813F0520465036503650349044E04FD
:10CC400065036503650365036503650365036503A4
:10CC50006503650365036503650365036503650394
:10CC60006503650365036503650365036503650384
:10CC700065036503650365036503650349044E04A5
:10CC800010935D46FFF7F4BB1093B74B18931BF05E
:10CC9000200100F0FC800E9B073323F00703596846
:10CCA00053F8082B0E931BF0010F0AD052EA010330
:10CCB00007D0109B8DF8893030234BF0020B8DF894
:10CCC00088302BF480650223FFF768BB1093FFF7D1
:10CCD000BCBB1093A54B1893D9E70E9B012153F8C9
:10CCE000042B07918DF8FC200E930A913FACFFF7BF
:10CCF000BBBA0C992CAA504602F0D6F800287FF453
:10CD000014AD2E9E0DF1BC0968E440215046FDF79C
:10CD100073FA0C9B18601861002800F060860C9A6A
:10CD200040235361FFF7B2B8089B0D94062B2146B0
:10CD300028BF06230894224607938D4C0E970A932A
:10CD4000129116911191FFF769BA102F2D9B894D01
:10CD500040F34582324626460C9C05E009F108095D
:10CD6000103F102F40F33982013310321021072B6E
:10CD7000CDE92D32C9F80050C9F80410EEDD2CAA17
:10CD80002146504602F090F800287FF4CEACDDE951
:10CD90002D320DF1BC09E3E7139B0A9DCDF83C80D1
:10CDA0004A46DDF85890CDF828B0E31808931A9F4A
:10CDB000DDF874B0DDF83080129B10943146B9F183
:10CDC000000F2ED083BB013F09F1FF391C9BC2E944
:10CDD000003B2D9B01335944072B2E912D935FDC93
:10CDE0000832089B38785B1B8342A8BF0346002BA0
:10CDF0001E460BDD2D98013019440728C2E9005367
:10CE00002E912D9000F3568138780832002EACBF59
:10CE1000841B0446002C0BDC0544129BB9F1000F67
:10CE2000D0D1002B00F0D483129B013B1293CDE7AD
:10CE3000102C2D981DDD102604E0103C102C02F162
:10CE4000080216DD01304B4B10310728C2E90036CD
:10CE5000CDE92D01F1DD2CAA4146504602F024F81F
:10CE600000287FF462AC103C102CDDE92D012FAAC4
:10CE7000E8DC01303F4B546021440728CDE92D0107
:10CE8000136000F3FB83387808320544C5E71BF0D4
:10CE9000100300F0BC800E9B53F8042B0E9302E7A6
:10CEA0002CAA4146504601F0FFFF00287FF43DAC1C
:10CEB0002E992FAA95E7CDF834902F4BDDF8689086
:10CEC000CDF81C8005F480674FF0000C58AC4FF093
:10CED000CC3B0A9505E00A2A71F1000134D34246A1
:10CEE0003146501840F10000A3FB005626F0030520
:10CEF00005EB9605401B151A61F1000E0BFB05F6BC
:10CF000003FB0E66A5FB03852E4408F0010E0525E4
:10CF1000AEFB055E2D184FEA5808303504F8015C69
:10CF200048EAC6780CF1010C013C7608002FD2D0FB
:10CF300099F800008445CED1BCF1FF0FCBD00A2A6E
:10CF400071F1000180F098810A9DCDF8689058AB8E
:10CF50001B1BDDF81C80DDF83490CDF84CC0AB46CF
:10CF60000A93FFF7E1BA00BFD4100100E8100100F6
:10CF7000FC10010014110100CDCCCCCC0123C9F868
:10CF800004302D9BBA4AC9F8002001330136072B23
:10CF90002E962D9300F38C8109F10809002940F0A9
:10CFA000BE80139A0BF0010313433FF4D8A8179BDC
:10CFB00019999A19C9E900132D9B2E920133072B59
:10CFC0002D9300F36E8209F108091399C9F8004006
:10CFD00001338E18072BCDE92D36C9F804107FF7E1
:10CFE000BCA8FFF7F1BB0C991E932CAA504601F088
:10CFF0005BFF00287FF499AB9DF887202E9E1E9B37
:10D000000DF1BC09FFF76AB8C246FFF78EBB1BF0F3
:10D01000400200F0B8800E9850F8042B0E9019468C
:10D0200092B240E60C992CAA504601F03DFF002830
:10D030007FF47BAB2E9E0DF1BC09FFF7BCBA2AAE84
:10D040000822002130462594FDF7F6FF089B5A1C64
:10D0500000F0D4800025CDF81C80CDF834B0A8466F
:10D060009B460CE03FA9504601F0D6FE431C4044CD
:10D0700000F0B883584508DC00F035848046259AD6
:10D08000525933460435002AECD1CDF82880DDF81A
:10D0900034B0DDF81C80BEE0164601332644072B71
:10D0A000C9F80050C9F80440CDE92D367FF755A8DE
:10D0B000FFF78ABB2CAA4146504601F0F5FE002836
:10D0C0007FF433AB38782E992FAA9FE60C992CAABF
:10D0D000504601F0E9FE00287FF427AB2E9E0DF1AB
:10D0E000BC09FFF723B8012B5D467FF409AAFFF7BF
:10D0F000B9BB0E9B099953F8042B444611600E935B
:10D10000FEF7D6BE164601372644072FCDE92D7609
:10D11000C9F80050C9F804407FF747AB91E4179B6A
:10D1200019989A19C9E900032D9B2E920133072BF8
:10D130002D9300F3B68109F108090029BFF645AF28
:10D140004F4210314B4D80F2888349461026A1464C
:10D150000C9C04E00831103F102F40F37C83013316
:10D160001032072BC1E90056CDE92D32F2DD2CAA91
:10D170002146504601F098FE00287FF4D6AADDE94A
:10D180002D322FA9E7E70E9B1BF400711ABF114641
:10D1900053F8042B53F8042B0E9318BFD2B282E538
:10D1A0000E9B1BF400711ABF114653F8042B53F861
:10D1B000042B0E9318BFD2B2FFF753B90E9B15F490
:10D1C00000711ABF114653F8042B53F8042B0E9329
:10D1D00018BFD2B20123FFF7E1B834461646013337
:10D1E0003E44072BCDE92D36C9F80050C9F804702C
:10D1F00000F34A8109F10809FFF7B3BB0023194680
:10D20000009625AA504601F02DFE034601330A90F0
:10D2100000F0E88225940A9B002B3DD0632B00F39D
:10D22000298100230D933FAC082200213046FDF7F1
:10D2300003FF0A9D00962B4625AA2146504601F081
:10D2400011FE854240F0C4830A990E97002363546F
:10D2500021EAE1719DF887200893079112931693B4
:10D260001193FEF7DBBF2D228DF88720FEF7C5BF97
:10D2700060080100141101001D9B1C99E41A1A4654
:10D280002046FDF72BFF99F80120A54B0AB109F1C3
:10D2900001094FF0000C22E60A9B9DF887200E97AB
:10D2A000CDE907331293169311930D93FEF7B6BF92
:10D2B0000C992CAA504601F0F7FD00287FF435AAFE
:10D2C00023992E9E0DF1BC0968E6139A0A99A518B8
:10D2D0006D1AD41AA542A8BF2546FFF777BB13F9EC
:10D2E000042B0E93D1170B46FFF707B80E9B099935
:10D2F00053F8042B0E9311804446FEF7D9BD089BCA
:10D300000A9302232AA9049125A90A9D039123A91E
:10D3100000933A46334601950291504600F020FEB4
:10D32000079B472B044600F0A381462B054405D1FB
:10D330000378302B00F0B882239B1D4438463146D9
:10D3400000220023FCF77EF9002800F066812B46BE
:10D350001B1B1393079B472B00F04A81079B462B0F
:10D3600000F00082239B1193119B079A013B412AF5
:10D37000239300F023829DF840200021002BB8BFAA
:10D38000119B8DF89820BABFC3F101032D222B22E7
:10D39000092B8DF8992040F34F820DF1AF05614EB6
:10D3A0002A46104686FB0321DA17C2EBA10202EBE4
:10D3B0008201A3EB4101303100F8011C19466329B9
:10D3C000134600F1FF32ECDC3033D9B2831E9D42AC
:10D3D00002F8011C40F2E98213460DF19A0201E0C5
:10D3E00013F8011B02F8011B9D42F9D10DF1B103A5
:10D3F0000DF19A021B1A134426AA9B1A1B93139B26
:10D400001B9A012B1A440A9240F349820A9B179AED
:10D4100013440A930F9B0A9A23F4806343F4807B9E
:10D4200022EAE272002312930792169311931E9B35
:10D43000002B40F0EB809DF887200893FEF7EEBEAE
:10D4400020460E97FDF71CFF119B089320EAE07120
:10D45000129316930D9373239DF887200A900791DA
:10D460001093FEF7DBBE0C992CAA504601F01CFD70
:10D47000FEF7F8BD591C5046FCF7BEFE04460028D6
:10D4800000F0B0810D90CFE60C992CAA504601F027
:10D490000BFD00287FF449A92E9E0DF1BC09FFF772
:10D4A00060BA0C992CAA504601F0FEFC00287FF4CB
:10D4B0003CA9DDE92D3223990DF1BC093DE6062397
:10D4C0000893FFF7A0BB089B01330A93022319E7D7
:10D4D000089B0A93032315E73846314623AA00F038
:10D4E00017FC00224FF07F53FBF744FE002200237D
:10D4F00006460F46FCF7A6F808B1012323930A4B12
:10D500000A93089BCDF84C90013BCDE9118B254641
:10D51000DDF828B0CDF858A098461F940DE000BF64
:10D52000CDCCCCCC67666666E810010000220023F3
:10D5300008F1FF38FCF786F8E8B9AE4B0022304618
:10D540003946FBF717FE0F460646FCF7C3F80446BC
:10D55000FBF7A6FD0B46024639463046FBF752FC68
:10D560001BF80430B8F1FF3FAA46C14605F8013B5D
:10D5700006460F46DAD1A04B002230463946DDE997
:10D58000118BCDF84490DDF84C90CDE912A4DDF874
:10D5900058A01F9CFCF77EF8002840F03181964B84
:10D5A000304639460022FCF74DF818B1139BDE07D0
:10D5B00000F12681119B002B07DB119B01332B44CB
:10D5C000302205F8012BAB42FBD12B1B1393C1E694
:10D5D000109C139BDDF828B0DDF83C801A97E31807
:10D5E0009D4228BF1D4691460E460A95FFF7C0B9D9
:10D5F000239B1193DD1C02DB089A934219DD109BDB
:10D60000023B109323F020030793ADE62D22002365
:10D610008DF887200893FEF704BE2A9BAB42BFF427
:10D6200097AE30215A1C2A9219702A9B9D42F9D834
:10D630008EE6119B139A9342C0F2C5800F9B13F0A4
:10D64000010F119B00F04D81179A13440A930F9B11
:10D65000590503D5119B002B00F356810A9B23EA41
:10D66000E373079367231093002312931693DEE668
:10D670000F9BDB0700F19F802A9B69E62CAA41469D
:10D68000504601F011FC00287FF44FA838782E99FD
:10D690002FAA0544FFF7C1BB78238DF889303023CA
:10D6A0008DF888304BF002030F93089B632B00F337
:10D6B000ED8000230D933FACDDE914121346002BDF
:10D6C0004BF4817B67DB1E46109B23F020030793FE
:10D6D00000230F461E93109B612B7FF4A4AA3846AB
:10D6E000314623AA00F014FB00224FF07F53FBF7D2
:10D6F00041FD0022002306460F46FBF7A3FF08B1B9
:10D70000012323933D4B0A93FBE60C992CAA504628
:10D7100001F0CAFB00287FF408A82E9E0DF1BC0979
:10D72000FFF718B90C992CAA504601F0BDFB002850
:10D730007EF4FBAF239B2E9E0DF1BC09FFF72EB9A3
:10D740005823AAE70C992CAA504601F0ADFB0028FB
:10D750007EF4EBAF239C139B2E9E1C1B0DF1BC098A
:10D76000FFF734B9239A0F9B1192002A03F00103AB
:10D7700040F3088108990B4340F0FD80119B0A9308
:10D78000662310930F9B5A0500F1C0800A9B23EA81
:10D79000E373079368E7109B23F020030793DDE909
:10D7A000142303F100462D2317461E9393E700220E
:10D7B0000892FEF7AABB0A9D2544BFE5109A0F32D6
:10D7C000D2B20121DAE5139B179A9A18119B0A929B
:10D7D000002B40F38F8067231093D3E79B460023F1
:10D7E0000D93DCE70C9AB2F90C3043F040039381BF
:10D7F000FEF73BBC000030400000E03FD4100100C9
:10D80000129B0A9A2A93D17B15F8013C8B422A4637
:10D8100009D1302002F8010C2A9A531E2A9312F8DB
:10D82000013C9942F6D0392B0BBF0A9B01339B7AFE
:10D83000DBB202F8013CC8E6002940F08C803022BF
:10D840008DF89A200DF19B02303302F8013B26AB94
:10D85000D31A1B93D3E54C46894601333A44072B30
:10D86000CDE92D32C9F80050C9F804707FF7ABAB91
:10D870000C992CAA504601F017FB00287EF455AFF6
:10D88000DDE92D320DF1BC09FFF79FBB591C504655
:10D89000FCF7B2FC04460028A4D00D900CE70F9BC7
:10D8A000D8077FF5B7ADB1E53846314600220023F1
:10D8B000FBF7C8FE00287FF43FAD0A9BC3F10103CC
:10D8C00023933AE5159B4A4C002BB4BF2D229DF8BB
:10D8D0008720484BB8BF8DF887202BF0800BFEF7D0
:10D8E00090BC0A93B3E6089BDDF81C80DDF834B0E9
:10D8F0000A9390E4C3F101031A4422EAE273079306
:10D9000067230A921093AFE6672310931A990B7856
:10D91000FF2B59D00025119A284603E00130013130
:10D92000FF2B08D0934206DAD21A4B78002BF5D1A0
:10D930000B780135F4E711921A9116901295129A0C
:10D94000169B1D9913440A9A01FB03230A9323EAA9
:10D95000E37307936BE50DF19A0275E7089B079354
:10D960000A9373239DF887200E97089012901690C3
:10D970001093FEF753BC179BD518294466230A91D0
:10D980001093FFE6089A134305D1012366220793FB
:10D9900010920A9368E6179B5D1C2A4422EAE27300
:10D9A000079366230A9210935EE602231B9326E5F3
:10D9B0000E9A98F80130884652F8041B0E9241EAFC
:10D9C000E1710891FEF79FBA002312931693B6E710
:10D9D0000C9A938943F040039381FEF7A6BE0C2373
:10D9E000CAF800304FF0FF330993FEF745BB00BF84
:10D9F000CC100100D010010070B500294BD00646B4
:10DA00000C4610B1436B002B48D0636ED80734D559
:10DA1000B4F90C30002B3ED02146304600F050F8CF
:10DA2000E36A054633B1E169304698470028B8BF3C
:10DA30004FF0FF35A3891A063CD4216B41B104F1A4
:10DA40004003994202D03046FDF72CFD00232363AA
:10DA5000616C21B13046FDF725FD00236364FDF7BD
:10DA6000D9F9636E0022DB07A2811FD5A06DFDF7F7
:10DA7000FFFBFDF7D5F9284670BDA3899905CBD4E6
:10DA8000A06DFDF7F7FBB4F90C30002BC4D1656E27
:10DA900015F0010505D00025284670BDFDF79CF95D
:10DAA000B3E7A06DFDF7E8FB284670BDA06DFDF75C
:10DAB000E3FBDBE721693046FDF7F4FCBDE700BF7F
:10DAC000B1F90C20F8B50C461107074642D463683B
:10DAD00042F40062002BA28159DDA56A002D54D0CA
:10DAE00000233E683B6093B212F4805253D1E16947
:10DAF00001233846A847421C63D0A389A56A5B0767
:10DB000005D56368C01A236B0BB1E36BC01AE169DA
:10DB1000024600233846A847411C3ED13B68002BF3
:10DB20003BD01D2B01D0162B52D1A3892269226034
:10DB300023F4006300216160A381216B3E6021B367
:10DB400004F14003994202D03846FDF7ABFC0020B7
:10DB50002063F8BD2669C6B193B2256826609A078E
:10DB60000CBF63690023AD1BA3600CE0D4F824C094
:10DB7000E1692B4632463846E047B0F1000CA5EB90
:10DB80000C05664416DD002DF0DC0020F8BDE36BCB
:10DB9000002BA2DCF9E7206DB1E7B4F90C30226963
:10DBA000226023F40063A3810022DB046260C4D5F9
:10DBB0002065C2E7A38943F040034FF0FF30A38103
:10DBC000F8BD3B68002B98D01D2B06D0162B04D037
:10DBD000A38943F04003A381F8BD3E60D5E700BFB1
:10DBE00038B50C46054608B1436B03B3B4F90C00D5
:10DBF00088B1636EDB0701D481050FD52846214625
:10DC0000FFF75EFF636EDA07054602D4A3899B0522
:10DC100008D5284638BD0546284638BDA06DFDF715
:10DC200029FBEBE7A06DFDF727FB284638BDFDF784
:10DC3000D3F8DBE700487047AC8DFF1F38B5074DC0
:10DC4000074C2C1BA41005D0013C55F8043D984707
:10DC5000002CF9D1BDE8384003F0D8BA000000002C
:10DC600000000000FFFFFFFFFFFFFFFFFFFFFFFFC0
:10DC700001F0FF01102A2BDB10F0070F08D010F87D
:10DC8000013B013A8B422DD010F0070F42B3F6D181
:10DC9000F0B441EA012141EA014122F007047FF09A
:10DCA00000070023F0E80256083C85EA010586EAF1
:10DCB000010685FA47F5A3FA87F586FA47F6A5FA2D
:10DCC00087F68EB9EED1F0BC01F0FF0102F0070239
:10DCD00032B110F8013B013A83EA010313B1F8D1E4
:10DCE0000020704701387047002D06BF35460338C5
:10DCF000073815F0010F07D1013015F4807F02BFFE
:10DD0000013015F4C03F0130F0BC0138704700BF4E
:10DD1000DFF860C0F8B521F00043002763450446F2
:10DD20000D461646176022DC844653EA0C0C1ED0C2
:10DD3000DFF844C001EA0C0C0A46BCF1000F09D11F
:10DD40000E4B0022FBF716FA6FF0350704460A4621
:10DD500021F0004322F0FF421B1522F4E002A3F25F
:10DD6000FE3342F07F553B4445F4001533602046B6
:10DD70002946F8BDFFFFEF7F0000F07F0000504311
:10DD800000B50B4C25681446EE681A4685B003466C
:10DD90000D464CB107490095CDE9011430460649BE
:10DDA00001F06EF8F7F7FAFF04490C46F3E700BFFD
:10DDB000488FFF1F241101003411010030110100B0
:10DDC00038B5A1FB02148CBBFCF716FA0546E0B18E
:10DDD00050F8042C22F00302043A242A17D8132AFC
:10DDE0001AD91B2AC0E900441DD9242A14BF00F106
:10DDF000100200F118024FF00003C0E9024404BF12
:10DE000004614461C2E900339360284638BD21466D
:10DE1000FDF712F9284638BD02460023C2E9003357
:10DE20009360284638BD00F10802F6E7FDF7F4F9E3
:10DE30000C2300250360E8E72DE9F04F03690C6926
:10DE4000A34283B0C0F28880013C01F11405A30015
:10DE500000F11408009355F8243058F824200133B9
:10DE60008A469A4208EB8401814605EB84070191BA
:10DE7000B2FBF3F63AD34FF0000CAE464046624692
:10DE800063465EF804BB01681FFA8BFC06FB0C338B
:10DE90004FEA134C4FEA1B4B06FB0BCC9BB2D31A39
:10DEA0001FFA8CF213FA81F3C2EB114202EB234208
:10DEB0009BB243EA0243774540F8043B4FEA2242D3
:10DEC0004FEA1C43DDD2009B58F8033073B9019B25
:10DED000043B984504D307E0984504F1FF3403D28E
:10DEE00053F80429002AF7D0C9F810405146484693
:10DEF000FDF778FE00282BDB01364146002355F85C
:10DF0000040BD1F800C082B29A1A030C12FA8CF2F8
:10DF1000C3EB1C4303EB224392B242EA0342AF42FB
:10DF200041F8042B4FEA2343E9D258F8242008EBA8
:10DF300084036AB9043B984504D307E0984504F18B
:10DF4000FF3403D253F80429002AF7D0C9F810404F
:10DF5000304603B0BDE8F08F002003B0BDE8F08F7D
:10DF60002DE9F04F816B99B090469946CDE904892F
:10DF7000259D044641B1C26B4A60012393408B60EA
:10DF8000FDF7D2FB0023A363B9F1000AB4BF01235C
:10DF900000232B60764BBCBF2AF0004ACDF814A0BA
:10DFA00033EA0A0300F0AB80DDE90423104619468A
:10DFB00000220023CDE90A01FBF744FB074678B1B4
:10DFC000249A01231360269B002B00F0AE83694B3B
:10DFD000269A1360013B0393039819B0BDE8F08FB4
:10DFE00016AB019317AB00932046DDE90A23FDF73A
:10DFF000C3FE5FEA1A56054640F09780DDE91676C3
:10E000003E4406F23243202B40F3A683C3F1400383
:10E010000AFA03FA06F2124328FA03F04AEA000069
:10E02000FBF72EF80123013EA1F1F8710F93524B3B
:10E030000022FAF7E7FE48A3D3E90023FBF79AF89A
:10E0400047A3D3E90023FAF7DFFE8046304689462E
:10E05000FBF726F844A3D3E90023FBF78BF802462D
:10E060000B4640464946FAF7CFFE80468946FBF705
:10E0700031FB00228346002340464946FBF7ECFA79
:10E08000002840F04583BBF1160F00F234833B4B70
:10E0900003EBCB03D3E90023DDE90A01FBF7DCFA4C
:10E0A000002871D00023BF1B0E937B1E0BF1FF3B9A
:10E0B000069300F1278300230993BBF1000F6ADA6E
:10E0C000099BCDF81CB0A3EB0B030993CBF1000324
:10E0D0000D93229B092B4FF0000B65D8052B40F3C5
:10E0E0003983043B22930026229B023B032B00F240
:10E0F0006786DFE813F04E044B0442042504249A9B
:10E10000CAF3130A42F20F735AEA080A13601AD1CB
:10E11000269B002B00F06386194B03930833269A45
:10E120000398136019B0BDE8F08FDDE90A12C2F35D
:10E130001303084643F07F510F97A6F2FF36169F50
:10E1400041F4401173E7269B002B40F0DB830D4B1D
:10E15000039341E7AFF3008061436F63A787D23F2A
:10E16000B3C8608B288AC63FFB799F501344D33FC6
:10E170000000F07F610801000000F83FF00F01008F
:10E180006411010070110100BF1B7B1E069300F19A
:10E190007E840E900990069B5B44CDE9063B0023EC
:10E1A0000D93229B092B99D90023CDE92233012617
:10E1B0004FF0FF330C960893089B12930021E16304
:10E1C0002046FDF78BFA0390002800F00186039BA0
:10E1D000A363089B0E2B00F21381002E00F0108128
:10E1E0000799002940F35584AE4B01F00F0203EB71
:10E1F000C2034FEA2118C905D3E9006740F1118431
:10E20000A94BDDE90A01D3E90823FBF7DDF8CDE9E5
:10E21000100108F00F084FF0030AB8F1000F13D0F7
:10E22000DFF8849218F0010F09D030463946D9E959
:10E230000023FAF79FFF0AF1010A06460F465FEA3C
:10E24000680809F10809EDD1DDE9100132463B46C5
:10E25000FBF7BAF8804689460E9B43B1934B0022E8
:10E2600040464946FBF7F8F9002840F02A85504619
:10E27000FAF716FF42464B46FAF77CFF8C4B00221A
:10E28000FAF7C2FDA1F15073CDE910011193089B7B
:10E29000002B00F09980079B1493089B13930C9B11
:10E2A000002B00F0A584139A7E4B8249039E03EB5A
:10E2B000C20353E902230020FBF786F8DDE91023AF
:10E2C000FAF7A0FDCDE9100149464046FBF702FAF6
:10E2D0000746FAF7E5FE02460B4640464946FAF77E
:10E2E00091FD30378046894602460B4606F8017B91
:10E2F000DDE91001FBF7CEF9002840F02785CDF8C5
:10E3000054B00027DDE910AB1095139D13942AE05B
:10E310000137AF4280F22A85674B504659460022AA
:10E32000FAF728FF644B002282468B464046494656
:10E33000FAF720FF89468046FBF7CCF90446FAF746
:10E34000AFFE02460B4640464946FAF75BFD3034C5
:10E3500006F8014B52465B4680468946FBF77CF93E
:10E36000002840F0F18442464B4650490020FAF71D
:10E3700049FD52465B46FBF76FF90028C8D0DDE93E
:10E380001343109D039A079302E0B24200F0C68443
:10E39000B14616F8013D392BF7D00133DBB23370AB
:10E3A000079B0133079392E15046FAF779FE424604
:10E3B0004B46FAF7DFFE3E4B0022FAF725FDA1F1AE
:10E3C0005073CDE9100111933C4B40464946002261
:10E3D000FAF718FDDDE9108942464B4606460F461E
:10E3E000FBF758F98246002840F0A884424609F11C
:10E3F000004330463946FBF72FF9002840F04583AB
:10E40000179B002BC0F28C80079A0E2A00F388809D
:10E41000244B03EBC203D3E900AB239B002B1BDA95
:10E42000089B002B18DC40F02E83244B5046002222
:10E430005946FAF79FFE02460B46DDE90A01FBF753
:10E4400015F9DDF820A05646002800F0B982239B7C
:10E45000DDF80C80DF43BBE2DDE90A7852465B461B
:10E4600038464146FAF7B0FFFBF734F98146099088
:10E47000FAF716FE52465B46FAF77CFE039E0B4601
:10E48000024641463846FAF7BDFC09F1300306F86A
:10E49000013B089B012B00F05C8306940127049547
:10E4A0001C462AE0F00F0100C80F01000000F03FF9
:10E4B00000001C400000E03F000024400000144029
:10E4C00052465B4640464946FAF77EFFFBF702F9A3
:10E4D0000546FAF7E5FD52465B46FAF74BFE013773
:10E4E0000B46024649464046FAF78CFC05F13003DC
:10E4F000A74206F8013B00F02983A54B0022FAF75A
:10E5000039FE0022002380468946FBF79BF800284D
:10E51000D6D0049D069C079B01330793B146D6E0F5
:10E520000C9A002A00F00781229A012A40F3948273
:10E53000089B03F1FF380D9B434580F25E820D9BE3
:10E54000CDF83480A8EB03039B444FF00008089BF0
:10E55000002BC0F22F83069A1A440692099A174696
:10E560001A44099201212046FDF788F9064667B151
:10E57000069900290B4608DD099AB942A8BF3B4617
:10E58000D21AFF1ACB1A099206930D9B63B10C9B0A
:10E59000002B00F0B682B8F1000F00F331820D9B22
:10E5A000B3EB080240F0168301212046FDF766F91F
:10E5B000BBF1000F824600F3D480229B012B40F375
:10E5C000A7814FF000090120BBF1000F40F0D5807A
:10E5D000069B184410F01F0000F09881C0F1200342
:10E5E000042B00F3AD8040F02482099B002B05DD55
:10E5F00029461A462046FDF77DFA0546069B002B64
:10E6000005DD51461A462046FDF774FA82460E9BF8
:10E61000002B40F05C81089B002B40F343810C9B56
:10E62000002B40F0C680079B01330793DDF80C8078
:10E63000DDF82090012707E0294600230A22204622
:10E64000FDF77CF80137054651462846FFF7F4FBF5
:10E65000B94500F1300308F8013BEDDC089A002AC7
:10E66000C8BF9346039AD8BF4FF0010B93440027CD
:10E670002946012220460493FDF73CFA51460546FF
:10E68000FDF7B0FA002840F3DC811BF8013C039A47
:10E690000BF1FF3B04E05A4500F0EE811BF8013D11
:10E6A000392B0BF10109F6D001338BF800305146BC
:10E6B0002046FDF739F856B12FB1B74203D039469D
:10E6C0002046FDF731F831462046FDF72DF8294662
:10E6D0002046FDF729F8002389F80030249B079A8B
:10E6E0001A60269B002B3FF477AC0398C3F8009088
:10E6F00019B0BDE8F08F0123BF1B0E937B1E06935C
:10E700007FF5D9ACC7F10103099300230693D4E444
:10E710005846FAF7C5FC42464B46FAF793FF0028E5
:10E720007FF4B1AC0BF1FF3BADE41A4B03930398BC
:10E7300019B0BDE8F08FDDF83480099F0C9E16E714
:10E74000C0F11C00099B03440993069B0344074442
:10E7500006934AE70126C7E4C3F1200308FA03F051
:10E760005EE401465A462046FDF764F9229B012BE0
:10E77000824640F3BA814FF00009DAF810300AEB14
:10E7800083031869FDF72AF8C0F1200020E700BFD5
:10E790000000244060080100314600230A22204680
:10E7A000FCF7CCFF129B002B064640F3F382CDE929
:10E7B0000783002F00F31A81B9F1000F40F0E381C5
:10E7C000B046049B039F089903F001027B1E194485
:10E7D000229B0C92134309910A9351462846FFF756
:10E7E0002BFB314683462846FDF7FCF9424651464D
:10E7F00081462046FDF716FAC26801460BF1300348
:10E80000002A42D1069028460893FDF7EBF90699B5
:10E8100004902046FCF788FF049A089B1AB90A99CD
:10E82000002900F0A982B9F1000FC0F2718122998C
:10E8300049EA01090C9951EA090900F06981002AA5
:10E8400000F3BC81099A3B7007F101099742CB465E
:10E8500000F0BA81294600230A222046FCF76EFF09
:10E860004645054631464FF000034FF00A02204668
:10E8700012D0FCF763FF4146064600230A222046D9
:10E88000FCF75CFF4F468046A7E720460493FCF761
:10E890004BFF049B0122C6E7FCF750FF4F4606469C
:10E8A00080469AE7229B022B79DC0C9B002B80D1BF
:10E8B000079B5146013328460793FFF7BDFADDF861
:10E8C0000CB000F130030BF8013B0027D0E65146B5
:10E8D0002846FDF787F90028BFF69DAE294600239C
:10E8E0000A222046FCF72AFF079B03F1FF380C9B06
:10E8F0000546002B7FF450AF129B002B40F3438260
:10E90000089393E6B64B0393033308E41C2019E7FE
:10E91000DDE9041200297FF454AEC2F31303002B87
:10E920007FF44FAEAF4B1340002B00F00B82099BDE
:10E9300001330993069B013306934FF0010942E628
:10E9400001230C93239B079A134412930133012B49
:10E950001F460893B8BF01270021172FE1637FF7F7
:10E960002FAC012204235B0003F11400B8421146CE
:10E9700002F10102F7D9E16322E401230C93239B06
:10E98000002B59DD129308931F46E5E700230C93F3
:10E99000D8E700230C93F2E7129BCDE90783089B8D
:10E9A000002B7FF454AD514605222046FCF7C6FEED
:10E9B000014682462846FDF715F900287FF747AD46
:10E9C000039B079F3122984603F8012B01370393DD
:10E9D00051462046FCF7A8FE7B1CDDF80C900793FF
:10E9E000CDF80C80002E7FF46EAE70E631463A46CC
:10E9F0002046FDF77FF80646DEE6A3EB0808A6E50D
:10EA0000314642462046FDF715F82A46014606469D
:10EA10002046FCF761FF294605462046FCF784FEA8
:10EA2000BDE5DDE90A234FF0020ACDE91023FFF727
:10EA3000F4BBC0F13C0085E6012323930893FFF764
:10EA4000BBBB03D1049BDB073FF51FAED9461BF8C8
:10EA5000013D302BFAD02AE60F9A002A00F02D81D2
:10EA600003F23343069ADDF834801A440692099A79
:10EA700017461A44099275E5079B039A01330793D9
:10EA80003123137013E64FF0000A5646DFE40E9070
:10EA900038E600F03D81079A534B564206F00F02CC
:10EAA00003EBC203D3E90023DDE90A01FAF762FBB5
:10EAB00036118046894600F078814C4F00234FF094
:10EAC000020AF20706D5D7E90023FAF753FB0AF149
:10EAD000010A0123761007F10807F2D1002B3FF459
:10EAE000BBAB80468946FFF7B7BB049B002B7FF486
:10EAF00042AEDDE90412C2F31303002B3FF412AF60
:10EB000039E629460D9A2046FCF794FF05464BE569
:10EB1000002A12DD2946012220460493FCF7EAFF71
:10EB200051460546FDF75EF80028049B40F3188126
:10EB3000392B00F0F9800BF13103B94609F8013B9C
:10EB4000079B0133374607934646B0E50995069C77
:10EB5000049D02460B46FAF757F952465B4680463B
:10EB60008946FAF797FD60B952465B4640464946EA
:10EB7000FAF768FD00283FF4CEAC099BD9077FF572
:10EB8000CAAC039A04E471682046FCF7A7FD074667
:10EB9000002800F00E81336902339A0006F10C015F
:10EBA0000C30F6F7CFFF394601222046FCF7A2FFD2
:10EBB000804606E6DDE908239F1AD3E4392B00F0EE
:10EBC000B380B9460133B9E7079A01323746079255
:10EBD00046464DE529462046FCF72CFF0546E3E472
:10EBE000701101000000F07FF00F0100C80F01005C
:10EBF000DDF84CA0814901EBCA01DDE9102351E9A0
:10EC00000201FAF7B7FACDE9100149464046FAF792
:10EC100061FD0646FAF744FA0B460246494640466D
:10EC2000FAF7F0F8039F53463036012B07F8016BD3
:10EC30008046894600F0B780139E039B1E44704BAC
:10EC4000002240464946FAF795FA89468046FAF787
:10EC500041FD8246FAF724FA0AF1300A02460B46D1
:10EC600040464946FAF7CEF807F801ABBE42804667
:10EC70008946E4D1634B0022DDE91001FAF7C4F8BC
:10EC800042464B46FAF7E8FC002864D1DDE9102340
:10EC90005C490020FAF7B6F842464B46FAF7FAFC10
:10ECA00000283FF4ADABB146013E19F8013C302BD2
:10ECB000F9D0149B0133079309E5169BC3F1360382
:10ECC000D0E6089B002B3FF46FAB129B002B7FF725
:10ECD00097AB079A013ACDE913324046484B0022E0
:10ECE0004946FAF747FA804689460AF10100FAF7E1
:10ECF000D7F942464B46FAF73DFA434B0022FAF762
:10ED000083F8A1F15073CDE910011193FFF7C7BA51
:10ED1000DDE90A894FF0020AFFF79EBA079B01332B
:10ED200007933123FFF73BBB079BBB460133079398
:10ED3000392337460BF8013B4646A8E44FF0000A5A
:10ED400056463DE699463EE4109D139C149B0133C4
:10ED50000793B146BBE4149B039A0793FFF718BBD4
:10ED60007FF4EBAEDA077FF5E8AEE1E6DDF854B00C
:10ED7000109D139CFFF744BB392BD5D0B9F1000F80
:10ED80003FF7D9AED9E6229B022B3FF705AECDF86F
:10ED90001C808DE5229B022B3FF7FEAD129BCDF828
:10EDA0001C80089305E53E4664E74FF0020AFFF732
:10EDB00053BA164B16483A4640F2EF21FEF7E0FFF1
:10EDC0000026E66331462046FCF788FC039050B9E4
:10EDD0000E4B0F48002240F2AF11FEF7D1FF0D4B52
:10EDE0000393FFF7F9B8039BA3634FF0FF3312932C
:10EDF0000893012323960C93FFF702BBF00F010049
:10EE0000000024400000E03F00001C40540F0100BF
:10EE1000741101006411010070B5054684B05BB146
:10EE20001C4669B10E4B2846D3F8E0602346B04734
:10EE3000431C0FD004B070BD00F582740029F1D1DD
:10EE4000074A2346D2F8E06028460A4601A9B0479F
:10EE5000431CEFD100228A2322602B6004B070BDD6
:10EE6000BC8CFF1F00B583B0DDF810C0CDE9003CBD
:10EE70004FF0FF3301F0B6FB03B05DF804FB00BFB9
:10EE80000EB410B583B005AB064C53F8042B0193B8
:10EE90000146206800F0C4F803B0BDE8104003B09C
:10EEA000704700BF488FFF1F2DE9F04F9368176828
:10EEB00083B09246002B70D081468A6808680C4661
:10EEC000083743E0A38913F4906F2ED0D4E90416D9
:10EED000A0EB010806EB460606EBD67608F101002A
:10EEE00076102844B042324684BF064632465B055F
:10EEF00037D511464846FBF77FF9019000283AD0F4
:10EF000042462169F6F71EFEA289019B22F4906217
:10EF100042F08002A281A6EB080203EB08006661C2
:10EF2000A260236120602E46A84642465946FCF75F
:10EF300007F8DAF80830A2682068921B40445B1B8F
:10EF4000A2602060CAF808303BB3083757E902B521
:10EF5000002DFAD0AA4216469046B3D92E46A846AE
:10EF6000E3E74846FBF704FC03460028D3D12169B8
:10EF70004846FCF797FAA3890C2243F04003C9F8EE
:10EF800000204FF0FF30A38100220023CAF80820A0
:10EF9000CAF8043003B0BDE8F08F00200023CAF89F
:10EFA000043003B0BDE8F08F2DE9F84F4B6E9C04A0
:10EFB00090462DD59368126843B38B46064602F1FE
:10EFC000080959E9025A5FEA9A0715D0043D00245E
:10EFD00001E0A7420ED055F8041F5A46304601F012
:10EFE00051FA431C04F10104F3D10023C8E90133B1
:10EFF000BDE8F88FD8F808302AF0030AA3EB0A031B
:10F00000C8F8083009F10809002BDAD10020ECE734
:10F0100001F008F80023C8E90133BDE8F88F00BF0C
:10F020002DE9F04FC5B00DF1500A83460391164605
:10F030000021082250461C460793FBF7FDFFBBF159
:10F04000000F04D0DBF83430002B00F0A186039AC7
:10F05000536EDB0740F11C85B2F90C108AB295049F
:10F0600009D4039B41F4005199818AB219465B6E21
:10F0700023F400534B66100740F10481039B1B6986
:10F08000002B00F0FF8002F01A030A2B00F0088129
:10F090000023CDE91933CDE90D331BAA0B93189248
:10F0A00091460C930593B0464446A64BD3F8E450E2
:10F0B000FCF746F82246034612A9CDF800A05846B0
:10F0C000A847002800F04081C0F23381129A252A17
:10F0D000034601D01C44E8E7B4EB0806054640F0BF
:10F0E0003781002361788DF8433004F101080693DD
:10F0F0004FF0FF371E462B2408F10108A1F1200331
:10F100005A2B00F26581DFE813F09F02630163016F
:10F110009A026301630163016A006301630167028C
:10F12000770263017202810263017C025B005B0073
:10F130005B005B005B005B005B005B005B006301EE
:10F14000630163016301630163016301630163019F
:10F15000460284006301630163016301630163018B
:10F160006301630163016301E20063016301630101
:10F170001D026301C402630163019405630163011D
:10F18000630163016301630163016301630163015F
:10F1900046028600630163016301B70286007F00B7
:10F1A0006301AA026301E702E400D7027F00630162
:10F1B0001D027C00720563016301740563017C001C
:10F1C000A1F13003002218F8011B02EB820203EBCD
:10F1D0004202A1F13003092BF5D906928EE7584679
:10F1E000FEF728FD43680D931846FCF749F80E908A
:10F1F00005465846FEF71EFD83680C93002D40F02F
:10F20000DF8498F8001077E798F8001046F02006A1
:10F2100072E746F01006B40640F17881079B073389
:10F2200023F007031A46596852F8083B07920A462A
:10F230000029C0F27A84791C00F0A78526F08001AD
:10F24000029153EA020100F048840A2B72F1000196
:10F2500080F0498530338DF80F31029E01230493ED
:10F260000DF20F14049BBB42B8BF3B460293002330
:10F2700008939DF84330002B00F0B880029B0133C7
:10F280000293B3E0039D5846294601F03FF8002859
:10F2900040F05686AA8902F01A030A2B7FF4F8AED2
:10F2A0000399B1F90E30002BFFF6F2AE4B6EDB077F
:10F2B00002D4970540F118860399234632465846F2
:10F2C00000F070FE0590059845B0BDE8F08F46F05F
:10F2D000100616F0200200F02681079B073323F06A
:10F2E000070319465A6851F8083B079126F48061D4
:10F2F0000291002100208DF84300781C00F000826C
:10F30000029820F0800653EA020040F0F881002FB6
:10F3100040F04385002940F0E483029B13F0010391
:10F32000049300F0208430238DF80F310DF20F1478
:10F3300098E7082200215046FBF77EFE01231C447B
:10F34000B3E600BFBC8CFF1FB4EB080605461AD01D
:10F35000199B1A9A01333244072BC9E900861A9285
:10F3600019931ADD002A00F0B483039918AA5846AD
:10F37000FFF71AFED8B90DF16C09059B33440593CC
:10F38000002D7FF4AEAE1A9B002B40F0CA85039B84
:10F390000022B3F90C3019920CE009F10809ECE7EE
:10F3A000B346089B1BB108995846FCF77BF8039BB2
:10F3B000B3F90C30039A526E12F0010F9AB200F0BA
:10F3C0009C80500600F1C885059845B0BDE8F08FD7
:10F3D0000029D8D000238DF8433001238DF8AC10DC
:10F3E000029304932BAC002308931F4616F00203EC
:10F3F000099302D0029B0233029316F084030A930E
:10F4000005D1069B029A9D1A002D00F39482DDE936
:10F410001903411C9DF8432082B101220133C9F830
:10F42000042007290DF14302CDE91913C9F8002082
:10F4300000F36482084609F108090131099ADAB13A
:10F4400011AA0233C9F8002007294FF00202CDE9C2
:10F450001913C9F8042040F36982002B00F0588387
:10F46000039918AA5846FFF79FFD002899D1DDE9B6
:10F4700019030DF16C09411C0A9A802A00F082815F
:10F48000049ABD1A002D00F3E081049AC9F80040E7
:10F4900013440729CDE91913C9F8042040F36C81FE
:10F4A000002B00F09E82039918AA5846FFF77CFDB6
:10F4B00000287FF476AF1A9B0DF16C09750705D50E
:10F4C000069A0299541A002C00F39582DDE9052171
:10F4D00002988142ACBF521812180592002B40F0DE
:10F4E000FE81089900231993002900F048815846AD
:10F4F000FBF7D8FF0DF16C09D6E59C053FF561AF30
:10F50000039CA06DFBF7B8FEA2895AE7F006079AA4
:10F5100000F13E83710640F1388332F9043B0792D3
:10F52000DA17114684E616F01003079940F0288395
:10F5300016F0400000F020831A4651F8043B079172
:10F540009BB2D3E6079B1A4600238DF8433013463F
:10F5500053F8044B0293002C00F02D84532900F043
:10F560008A8316F0100540F086837B1C00F0CC8463
:10F570003A4629462046FEF77BFB0890002800F01B
:10F58000B884031B029A049323EAE3732F4607927D
:10F59000029308956DE6432902D0F50640F15283A7
:10F5A000079D0822002116A82BACFBF745FD16ABE2
:10F5B00055F8042B21465846FFF72EFC034601332D
:10F5C000049000F0CE84049B079523EAE373029332
:10F5D00000238DF8433006E7079B53F8042B06926F
:10F5E000002A80F2BB82069A5242CDE9062398F89F
:10F5F000001046F004067FE598F800108DF84340AF
:10F600007AE598F8001046F0800675E5424612F853
:10F61000011B2A2900F0B084A1F13003092B904688
:10F620004FF000073FF66AAD18F8011B07EB87079C
:10F6300003EB4707A1F13003092BF5D95EE598F8F4
:10F64000001046F0010657E59DF84330002B7FF48B
:10F65000D8AD202398F800108DF843304CE598F889
:10F6600000106C2903BF98F8011046F0200608F13D
:10F67000010846F010063FE598F80010682903BF1E
:10F6800098F8011046F4007608F1010846F04006AB
:10F6900032E546F010030293029B13F0200200F0C3
:10F6A0002582079B073323F0070319465A6851F850
:10F6B000083B079101211DE6079A46F002030293D9
:10F6C00052F8043B079247F63002ADF84420A14AB5
:10F6D0000B92022100220DE6B70600F16782F506C3
:10F6E00000F16183740600F1EE83B00540F15B83A5
:10F6F000079B059953F8042B07931170D4E40296E5
:10F7000001293FF4A2AD022944AC11D10B9803F0BA
:10F710000F011B09415C04F8011D43EA0273120941
:10F7200053EA0201F3D1029E44AB1B1B049399E5FB
:10F7300003F00701DB0843EA4273D208303153EA91
:10F740000205204604F8011DF2D1029EF307EBD515
:10F750003029E8D03023023804F8013C44AB1B1AAE
:10F76000029E049304467DE5049B1B9401221C9396
:10F770001A9319920DF16C0909F108099EE60DF131
:10F780006C0991E4069A029D551B002D7FF778AE17
:10F79000102D40F3D383194643460994B846039C81
:10F7A00037465E469B4607E000F1020C09F1080966
:10F7B0001046103D102D1FDD674BC9F80030421C6C
:10F7C00010311023072ACDE91921C9F80430EBDDE7
:10F7D00018AA002900F08C80214630460DF16C09F2
:10F7E000FFF7E2FB00287FF4DBADDDE91901103DF6
:10F7F000102D00F1010CDFDC5A46099CB3460B4684
:10F800003E4647469046544AC9F804502B44BCF142
:10F81000070FCDE919C3C9F8002040F3A781002BD9
:10F8200000F02C83039918AA5846FFF7BDFB002867
:10F830007FF4B7AD049ADDE91903BD1A002D00F17C
:10F8400001010DF16C097FF720AE102D32DD194654
:10F8500043460994B046039C5E4610279B4607E04A
:10F8600000F1020C09F108091046103D102D1ADDB7
:10F87000421C394B1031072AC9E90037CDE919215B
:10F88000EEDD18AA29B3214630460DF16C09FFF7C9
:10F890008BFB00287FF484ADDDE91901103D102DAC
:10F8A00000F1010CE4DC5A46099C0B46B346614664
:10F8B00046469046284AC9F804502B440729CDE90A
:10F8C0001913C9F8002000F3F38009F10809013188
:10F8D000DBE54FF0010C08460DF16C09C5E7039913
:10F8E00018AA5846FFF760FB00283FF4FAAD58E528
:10F8F0004FF0010C08460DF16C095AE7002B00F09F
:10F900000C81039918AA5846FFF74EFB00287FF494
:10F9100048ADDDE919030DF16C09411C8EE50223A8
:10F9200011AA1C931B9201210DF16C09084609F1E3
:10F930000809411CA0E5102D40F3E282DDE919130E
:10F94000184643460F94B846039C37465E469B468E
:10F950000CE000BFD4100100E011010001F1020C25
:10F9600009F108091146103D102D1DDDB24BC9F8F3
:10F9700000304A1C10301023072ACDE91920C9F89D
:10F980000430EBDD18AA30B3214630460DF16C0986
:10F99000FFF70AFB00287FF403ADDDE91910103DE5
:10F9A000102D01F1010CE1DC5A460F9C0346B346D1
:10F9B00060463E46474690469F4AC9F804502B444D
:10F9C0000728CDE91903C9F8002000F3B68009F132
:10F9D0000809411C1EE501464FF0010C0DF16C09B0
:10F9E000C1E7760719934AD5069A0299541A002C52
:10F9F00045DD0DF16C09102C40F39D821999039E91
:10FA0000102506E0881C09F108091146103C102C4D
:10FA10001ADD4A1C88481033072AC9E90005CDE9D8
:10FA20001923EFDD18AA2BB331465846FFF7BCFA6D
:10FA300000287FF4B6ACDDE91913103C102C01F15D
:10FA400001000DF16C09E4DC7B4AC9F80440234451
:10FA50000728CDE91903C9F800207FF737AD73B146
:10FA6000039918AA5846FFF79FFA00287FF499AC2B
:10FA70001A9B2BE5012019460DF16C09C6E7DDE95B
:10FA8000053202998A42ACBF9B185B18059328E5A2
:10FA9000039BB3F90C108F058AB23FF5E0AA1D460F
:10FAA000986DFBF7E7FBB5F90C108AB2FFF7D7BAF0
:10FAB000002B3FF459AE039918AA5846FFF774FA81
:10FAC00000287FF46EAC19991A9B01310DF16C0975
:10FAD000DBE419920DF16C094FE4002F7FF4BAAB0F
:10FAE000029E0027049744ACFFF7BCBB029B13F0B7
:10FAF000100354D1029A12F0400000F06781079978
:10FB00001A4651F8043B07919BB20121FFF7F2BB63
:10FB1000012118460DF16C09AEE4099A002A5ED164
:10FB2000184601210DF16C09A6E45B4262EB42022A
:10FB300002962D200121FFF7DEBB002B00F08D8007
:10FB4000039918AA5846FFF72FFA00287FF429AC2A
:10FB5000DDE919030DF16C09411C5BE498F8001014
:10FB60000793FFF7C9BA44ACFFF77CBB09F108095A
:10FB70000CF10101604683E416F4007240F09181BB
:10FB800051F8043B0791FFF7B1BBB30500F1828147
:10FB900052F8043B0792DA171146FFF749BB079961
:10FBA00051F8043B07910121FFF7A4BB079B05987F
:10FBB00053F8041B0793C217C1E90002FFF774BA98
:10FBC0000C9B002B3FF41DAB0C9B1B78002B3FF4D0
:10FBD00018AB98F8001046F48066FFF78DBA022340
:10FBE00011AA1C931B9201200DF16C099FE602964D
:10FBF00052E5124B0B9316F020025FD0079B0733A0
:10FC000023F0070318465A6850F8083B0790F4079A
:10FC100009D553EA020006D08DF84510302146F090
:10FC200002068DF8441026F4806102910221FFF74C
:10FC300061BB034B0B93DEE7D0110100D410010030
:10FC4000E8100100079B012153F8042B02918DF865
:10FC5000AC20079304912BACBAE49DF84320002A12
:10FC600040F02681099A002A7FF459AE18460121F6
:10FC70000DF16C0904E40021082216A81394FBF787
:10FC8000DBF9791C00F0B280002507942C460CE0CB
:10FC90002BA95846FFF7C0F8421C204400F06181B0
:10FCA000B84208DC00F065810446139A525916AB3D
:10FCB0000435002AECD10494079CA5E016F010034B
:10FCC00007980CD116F0400405D01A4650F8043BB2
:10FCD00007909BB29BE716F4007240F0D58050F875
:10FCE000043B079093E70299CDF8208001F48066E9
:10FCF000DDF8308004974FF0000C44AC05E00A2B8F
:10FD000072F1000236D33B462A46DFF890E299189A
:10FD100041F10001AEFB010525F0030000EB950069
:10FD2000091A581A4FF0CC3562F1000705FB00F5AF
:10FD30000EFB0755A0FB0E70054407F0010E0520D1
:10FD4000AEFB000E40187F08303004F8010C47EA83
:10FD5000C5770CF1010C013C6D08002ECFD098F84E
:10FD600000106145CBD1BCF1FF0FC8D00A2B72F156
:10FD700000026CD244AB1B1B049FCDF83080029E66
:10FD8000DDF820800493FFF76DBA0296FFF75DBAA5
:10FD90005846FBF721F8FFF75AB9012902967FF47C
:10FDA000B2ACFFF757BA079B059953F8042B1160C3
:10FDB0000793FFF779B9062F3B46029A784C0792D2
:10FDC00028BF062304930293FFF70DBB029B0799FC
:10FDD00013F4007214BF51F8043B51F8043B07912F
:10FDE0001CBF0246DBB20121FFF784BA16AB0093B9
:10FDF0000023194613AA5846FFF734F80346013387
:10FE0000049000F0AE801394049B7BB3632B62DC00
:10FE1000002308932BAC0822002116A8FBF70CF94D
:10FE2000049D16AB009313AA2B4621465846FFF7B4
:10FE300019F8854240F0AB80029B049A0793002397
:10FE4000A3541F4622EAE2730293FFF712BA0E9BF5
:10FE50000D99E41A1A462046FBF740F998F801304C
:10FE60000BB108F101084FF0000C4CE7029B07931F
:10FE7000049B02931F460893FFF7FBB90121184624
:10FE80000DF16C09FFF7FCBA50F8043B07902246CD
:10FE9000DBB2BCE612F9043B0792DA171146FFF712
:10FEA000C7B951F8043B07910246DBB2FFF71EBA0F
:10FEB00001231C9301210DF143031B930DF16C09E8
:10FEC0000B46FFF7B7BA079B059953F8042B079326
:10FED0001180FFF7E9B8591C5846FAF78DF9044626
:10FEE00000283ED0089096E7886DFBF7C5F9FFF72C
:10FEF000E3B9029B049702970793089FFFF7B9B9EC
:10FF000019981A9B013057E5029B07932046FBF78F
:10FF1000B7F920EAE0732F46049002930895FFF7A3
:10FF2000A8B9039918AA5846FFF73EF800283FF4ED
:10FF30002EAAFFF73CBA1998013085E58C4662E499
:10FF4000039B5B6ED90707D4039B9B899A0503D457
:10FF5000039B986DFBF790F94FF0FF330593FFF784
:10FF600033BA039AB2F90C3043F040039381FFF7A0
:10FF700021BA079C049747E7079B98F8011053F8AC
:10FF8000047B0793904647EAE777FFF7B5B8039AF3
:10FF9000938943F040039381FFF703BACDCCCCCCD7
:10FFA000FC100100F0B51F468B89ADF26C4D23F0BB
:10FFB0000203ADF80C304B6E1993CB89ADF80E30BF
:10FFC000CB6907934B6A09931AAB009304934FF4E0
:10FFD0008063154606460293059316A800230C4637
:10FFE0000693FBF743F92A463B4669463046FFF73E
:10FFF00017F8051E07DB69463046FDF7F1FD0028BE
:020000021000EC
:1000000018BF4FF0FF35BDF80C305B0603D5A38950
:1000100043F04003A3811698FBF72AF928460DF216
:100020006C4DF0BD9368002B00F081802DE9F04FFE
:10003000B1F90C300C461907804683B0174698B2C8
:1000400023D523690BB310F002033D682BD04FF08A
:10005000000ADFF8B4B256465E453346524628BF22
:100060005B464046002E4FD0E169D4F824C0E047FB
:10007000002852DDBB681B1A8244361ABB60002B75
:10008000EAD1002003B0BDE8F08F2146404600F0E1
:100090003DF9002840F03481B4F90C303D6898B245
:1000A00010F00203D3D110F0010942D14E463EB305
:1000B0008205D4F808B040F18180B3455A4600F279
:1000C000B18010F4906F40F0BE80206801924946E4
:1000D000FAF736FFA368019AA3EB0B012368A1602E
:1000E0001344B24623600026BB68A3EB0A03D14445
:1000F000BB60002BC5D0B4F90C0080B2002ED7D164
:10010000D5E900960835D2E7D5E900A60835A3E77A
:1001100021464046FDF764FD80B3B4F90C3043F04E
:1001200040034FF0FF30A38103B0BDE8F08F002003
:1001300070471E46BA46994618461F4666B388B3AE
:100140004A46D4E904C32068A168B24228BF3246B7
:10015000604504D901EB030B5A4500F3A780934295
:1001600064DCE169D4F824C03A464046E047B0F187
:10017000000BD2DDB9EB0B09CAD00120DAF8083048
:10018000A3EB0B035F44A6EB0B06CAF80830002B69
:100190003FF477AF002ED2D16E682B460835002E83
:1001A000FAD01F6832460A213846FDF761FD002863
:1001B00000F09D800130A0EB0709C1E720682369AA
:1001C000984217D86269B24214D86FF00043B34224
:1001D00028BF3346E16993FBF2F3D4F824C002FB55
:1001E00003F340464A46E047B0F1000A95DDA6EB2E
:1001F0000A0679E7B345DA4628BFB2465246494671
:10020000FAF79EFEA3682268A3EB0A035244A36098
:100210002260002BEBD121464046FDF7E1FC00288F
:10022000E5D07AE72068B34632464FE73946019277
:10023000FAF786FE019AA3689B1AA3602368134409
:100240002360934696E723682169A3EB010B63695A
:1002500003EB430A0AEBDA7A0BF101034FEA6A0A6D
:1002600033445345524684BF9A46524643052CD5E3
:1002700011464046F9F7C0FF00283BD05A46216995
:100280000190F5F75FFCA289019B22F4906242F095
:100290008002A28103EB0B002361AAEB0B03C4F8DD
:1002A00014A0A3602060B34632460FE739465A4691
:1002B000FAF746FE23685B44236021464046FDF77B
:1002C0008FFC00283FF456AF27E74046FAF750FA74
:1002D00003460028DED121694046FBF7E3F8B4F974
:1002E0000C300C2223F08003C8F8002017E7721CA2
:1002F000914626E70C22B4F90C30C8F800200EE72E
:100300004FF0FF30BEE600BF00FCFF7F38B5314B39
:100310001B6805460C4613B15A6B002A4ED0B4F93F
:100320000C3018079AB21CD5216929B312F00100CC
:1003300007D00020A06060694042A06139B1002070
:1003400038BD950758BF6069A0600029F7D1120633
:1003500058BF0846F4D543F04003A3814FF0FF3067
:1003600038BDD1062ED5520714D4216943F00803B5
:10037000A3819AB20029D9D102F42070B0F5007F90
:10038000D4D02146284600F03FF9B4F90C30216959
:100390009AB2CBE7216B51B104F14002914204D0F3
:1003A0002846FBF77FF8B4F90C300022226321695C
:1003B0000022C4E9001223F02403D7E71846FAF715
:1003C0000BFDACE7092243F040032A604FF0FF30F9
:1003D000A38138BD488FFF1F2DE9F04383B0074646
:1003E00088461446FAF7ACFE012803D108F1FF3322
:1003F000FE2B37D90DF10409424604F15C0349464E
:100400003846FEF709FD421C064633D028B39DF856
:1004100004C0002509E023685A1C226083F800C04C
:100420000135B54219D219F801CFA368013B002B61
:10043000A360F0DAD4F818E07345614622463846E6
:1004400002DBBCF10A0FE6D100F04AF9431CE7D108
:100450000646304603B0BDE8F0834646304603B05A
:10046000BDE8F0835FFA88FC8DF804C006460DF104
:100470000409CEE7A389304643F04003A38103B0CB
:10048000BDE8F08330B5536E13F0010FB2F90C30B4
:10049000144683B005469AB201D198051CD5900444
:1004A00006D4626E43F4005342F40052A3816266A4
:1004B00022462846FFF790FF636EDA07054602D40E
:1004C000A3899B0502D5284603B030BDA06DFAF77D
:1004D000D3FE284603B030BDA06D0191FAF7CAFEE5
:1004E000B4F90C3001999AB2D9E700BF2DE9F04F69
:1004F00089B0DDE9138A129F0191814603921E465D
:10050000B8F1000F55D0019B002B57D0039B1D68FD
:10051000002F63D0741E2EB3019B0293043D00266E
:100520000AE0019B13BB2A68002A35D0BC4557D28C
:10053000013C631C664615D0D8F8003055F8042FEE
:100540000093DAF8E0C0D8F804B0434605A948465D
:10055000E047421C37D000EB060CBC45E1D9009BBC
:10056000C8E9003B304609B0BDE8F08F00280CDD3B
:10057000029B18445A1E05A900F1FF3E11F8013BE9
:1005800002F8013F7245F9D10290039B1A680432C8
:100590001A602A68002AC9D1019B0BB1039B1A601B
:1005A0000CF1FF3600223046C8F8002009B0BDE843
:1005B000F08F019B00F58678002BA7D1039B4FF0AD
:1005C000FF371D68A6E706468A2100223046C9F893
:1005D0000010C8F8002009B0BDE8F08F3E46C1E722
:1005E0006646BFE710B584B0054C069800900798A2
:1005F0000190044800680294FFF778FF04B010BD32
:10060000BC8CFF1F488FFF1F2DE9F0418B890C46E2
:10061000990796B008D504F143030122C4E90432D6
:10062000236016B0BDE8F081B4F90E10002906462B
:1006300025DB6A4600F0ACF800281FDB019D05F4BD
:100640007045A5F50055B5FA85F54FF480686D093C
:100650004FF4006741463046F9F7CEFDE0B1B4F9FA
:100660000C30C4F8148043F0800320602061A38123
:1006700035BB3B43A38116B0BDE8F081A38913F0DD
:10068000800519D04FF040080025414630462F46DE
:10069000F9F7B2FD0028E2D1B4F90C309A05C0D4C4
:1006A00023F0030304F1430243F002030121C4E9F0
:1006B0000421A3812260B4E74FF480682F46C9E784
:1006C000B4F90E10304600F079F810B9B4F90C30D6
:1006D000CFE7A38923F0030343F001031BB2C8E76C
:1006E000F8B50D461446064610B1436B002B4CD0AE
:1006F000B4F90C20A369A360170790B21BD5236936
:10070000CBB1EDB281042F4622D522686169D31A9C
:10071000994229DD0133A1680139A160511C216092
:10072000157062699A4227D0A389DB0701D50A2D8B
:1007300022D03846F8BD21463046FFF7E7FD08BB1A
:10074000B4F90C20236990B2EDB281042F46DCD4B9
:1007500042F40052A281626E616922F40052626624
:100760002268D31A9942D5DC21463046FDF738FA83
:1007700040B922680123CEE721463046FDF730FA22
:100780000028D6D04FF0FF37D3E7FAF725FBAFE7C5
:1007900070B50C46084D03460026204611461C46FF
:1007A0002E60F5F7EDFA431C00D070BD2B68002BCE
:1007B000FBD0236070BD00BF1497FF1F38B5074DF5
:1007C0000022044608462A60F5F7E0FA431C00D0F0
:1007D00038BD2B68002BFBD0236038BD1497FF1F5A
:1007E0002E00FFFF3100FFFF7E25303575202530BC
:1007F000357520253033752025303375202530336D
:1008000075202530337520253033752300FFFFFF19
:100810004D257520257520253033752025303375FD
:1008200020253033752300FF2300FFFF2B0000003D
:100830002D00FFFF3F0000002000FFFF30230000DD
:100840005000FFFF242000005465656E41737472F0
:100850006F20466F6375736572000000322E322E72
:1008600030000000312E362E3200FFFF2420436F6F
:100870006D6D616E647300002420482048656C70C3
:100880000000000024202B20737461727420466FD6
:1008900063757320696E2C202D205374617274204F
:1008A000466F637573206F75742C2020616C6C200B
:1008B000776974686F7574207265706C79000000D8
:1008C00024204F20737461727420466F6375732007
:1008D000696E2C204920537461727420466F6375D1
:1008E00073206F75742C206F2053746F7020466FC7
:1008F00063757320696E2C20692053746F702046D5
:100900006F63757320696E2C2020616C6C20776991
:100910007468207265706C79000000005120737457
:100920006F702C204720476F746F2C20502050612F
:10093000726B2C20532053796E632C2057205772F2
:100940006974652C203F0000242053657474696E1F
:1009500067730000242030207374617274502C205F
:1009600031206D6178502C2032206C6F7753202C11
:1009700020332068696768532C203420636D6441FC
:1009800063632C2035206D4163632C2036206D4439
:1009900065632C2037206D5265762C2038206D49F8
:1009A0006E7000FF0000000000000000D107000092
:1009B000000000000000000041070000995D0000F9
:1009C0000905000000000000000000000000000019
:1009D0000000000041070000910A00000905000026
:1009E000892100009D21000000000000000000009F
:1009F00041070000A109000009050000592100007D
:100A00006D210000F1040000F5040000FD04000069
:100A100005050000D0070000D0070000B80B00005B
:100A2000B80B00004142434445464748494A4B4CB5
:100A30004D4E4F505152535455565758595A616262
:100A4000636465666768696A6B6C6D6E6F707172FE
:100A5000737475767778797A303132333435363746
:100A600038392B2F00FFFFFF005EBCE2613FDD83C2
:100A7000C29C7E20A3FD1F41009D23BE46DB65F87E
:100A80008C11AF32CA57E9745E00BC007701FFFFDA
:100A90000200030004000500060008000A000C0024
:100AA00010001400180020002800380040006000EA
:100AB0008000C00000018001000280020003FFFFEF
:100AC00000000080000001800000000000000280A3
:100AD00000000100011000000000020001100100F0
:100AE0000320000001000200032001000430000088
:100AF0000320020003200300054000000540010020
:100B00000650000006500100076000000760010069
:100B10000870000007600200087001003C8004407B
:100B200000100000041A0000FF7F000011100000F8
:100B3000014100000C08000000020000000200005B
:100B40000B07000040020000000200000D0E000034
:100B500040020000000200000A02090614171516E0
:100B60000F00000000020000000200000002000070
:100B7000000200000002000000020000000200006D
:100B80000002000000020000010102020404080843
:100B9000100000000000000000000000B949000043
:100BA000CD48000055450000E145000081460000A9
:100BB000D5440000B1450000B14400009945000053
:100BC00079450000F945000015450000C9450000C1
:100BD000F1040000F5040000FD040000050500001C
:100BE00065520000755200008552000095520000C9
:100BF00000FFFFFF0000000000000000FD550000A6
:100C000021560000B1560000AD560000A956000064
:100C1000A5560000A1560000C555000081560000F1
:100C20007D560000755600006D56000065560000A8
:100C30005556000045560000415600003956000048
:100C400031560000D5560000F5560000155700003B
:100C5000B556000009560000F15500003957000054
:100C60003D57000041570000455700006FF07F03DB
:100C70000370037813F0800FFBD070474008FE43E9
:100C800040A004404408FE4344A004400018FE4332
:100C900000C004403000FE43309004403400FE4366
:100CA000349004401C18FE431CC004401018FE433E
:100CB00010C004400818FE4308C004400C18FE434E
:100CC0000CC004400C10FE430CB004401010FE4356
:100CD00010B004401810FE4318B004401C10FE432E
:100CE0001CB004401410FE4314B004400418FE432A
:100CF00004C004400010FE4300B004400008FE435E
:100D000000A004400408FE4304A004400C08FE4375
:100D10000CA004400808FE4308A004401418FE4339
:100D200014C004401818FE4318C004400410FE43C9
:100D300004B004400810FE4308B004401400FE4311
:100D4000149004404C08FE434CA004400420FE4391
:100D500004D004402410FE4324B004402010FE437D
:100D600020B004402810FE4328B004402C10FE435D
:100D70002CB004400020FE4300D004404808FE434D
:100D800048A004401000FE43109004400000000002
:100D900000000000B1760000A9760000A5760000F2
:100DA000A17600009D7600009976000095760000FF
:100DB00091760000000100001888FF1F120000005B
:100DC00000020000D487FF1F430000000003000062
:100DD0002C88FF1F00000000010309043088FF1F5A
:100DE00000000000020309044888FF1F0000000003
:100DF000030309046088FF1F0000000000000000DA
:100E0000000000000000000000151915002020203F
:100E100020202020202028282828282020202020AA
:100E2000202020202020202020202020208810107A
:100E300010101010101010101010101010040404D6
:100E40000404040404040410101010101010414194
:100E50004141414101010101010101010101010182
:100E60000101010101010101101010101010424296
:100E70004242424202020202020202020202020252
:100E800002020202020202021010101020000000F2
:100E90000000000000000000000000000000000052
:100EA0000000000000000000000000000000000042
:100EB0000000000000000000000000000000000032
:100EC0000000000000000000000000000000000022
:100ED0000000000000000000000000000000000012
:100EE0000000000000000000000000000000000002
:100EF00000000000000000000000000000000000F2
:100F000000000000000000000000000000FFFFFFE4
:100F10004C435F434F4C4C41544500004C435F43AE
:100F200054595045000000004C435F4D4F4E45540E
:100F3000415259004C435F4E554D455249430000C4
:100F40004C435F54494D45004C435F4D455353411D
:100F50004745530042616C6C6F6320737563636532
:100F600065646564000000002F646174612F6A6528
:100F70006E6B696E732F776F726B73706163652F21
:100F8000474E552D746F6F6C636861696E2F617287
:100F90006D2D31312F7372632F6E65776C69622D01
:100FA00063796777696E2F6E65776C69622F6C69FC
:100FB00062632F7374646C69622F6D707265632E47
:100FC0006300FFFFFFFFFFFF0080E03779C341436D
:100FD000176E05B5B5B89346F5F93FE9034F384D9F
:100FE000321D30F94877825A3CBF737FDD4F15754B
:100FF000000000000000F03F00000000000024405E
:1010000000000000000059400000000000408F4038
:10101000000000000088C34000000000006AF840A3
:101020000000000080842E4100000000D0126341C7
:101030000000000084D797410000000065CDCD413D
:10104000000000205FA00242000000E8764837421E
:10105000000000A2941A6D42000040E59C30A242BC
:101060000000901EC4BCD64200003426F56B0C4331
:101070000080E03779C3414300A0D88557347643D8
:1010800000C84E676DC1AB43003D9160E458E14339
:10109000408CB5781DAF154450EFE2D6E41A4B44AE
:1010A00092D54D06CFF08044F64AE1C7022DB544F3
:1010B000B49DD9794378EA44050000001900000086
:1010C0007D000000494E4600696E66004E414E00AC
:1010D0006E616E0030313233343536373839616203
:1010E00063646566000000003031323334353637D2
:1010F000383941424344454600000000286E756C73
:101100006C2900FF202020202020202020202020CB
:10111000202020203030303030303030303030300F
:10112000303030302C2066756E6374696F6E3A20F3
:1011300000000000617373657274696F6E20222570
:101140007322206661696C65643A2066696C65206B
:10115000222573222C206C696E6520256425732559
:10116000730A00FF496E66696E69747900000000B9
:101170004E614E002F646174612F6A656E6B696EFB
:10118000732F776F726B73706163652F474E552DA8
:10119000746F6F6C636861696E2F61726D2D313190
:1011A0002F7372632F6E65776C69622D6379677731
:1011B000696E2F6E65776C69622F6C6962632F733D
:1011C00074646C69622F64746F612E6300FFFFFFAB
:1011D000202020202020202020202020202020200F
:1011E00030303030303030303030303030303030FF
:1011F000F8B500BFF8BC08BC9E467047E5B30000D8
:0C12000035040000F53000004D590000DE
:04120C00F8B500BF72
:081210009C6AFF7F0100000051
:101218000000000001000000F3FFC7C2FF0000004B
:1012280000000000000000000000000000000000B6
:1012380000C002401C0B010000000000000000007C
:101248000000000000000000000000000000000096
:101258000000000000000000000000000000000086
:10126800000000000000000080841E00FC0B01004C
:1012780000000000E803000000000000156D0000F9
:10128800B898FF1F28000000400000004000000040
:1012980001000000280000001A00000040000000C3
:1012A80009000000280000000A010000940D010058
:1012B80000000000E803000000000000FFFFFFFF3F
:1012C800010A040009024300020100C032090400B7
:1012D800000102020100052400100105240101019A
:1012E80004240206052406000107058203100040B5
:1012F80009040100020A000000070503024000007B
:10130800070584024000000012011001020000409D
:10131800C0168304750201020301000004030904D6
:1013280018035400650065006E00730079006400BE
:10133800750069006E006F001603550053004200E7
:101348002000530065007200690061006C00000015
:101358000C03000000000000000000000000000076
:10136800000000000000000028000000400000000D
:10137800280000000000803F6042A20D000000002D
:10138800000000000000F03F59F3F8C21F6EA501ED
:101398000000000000000000A088FF1FA088FF1FB9
:1013A800A888FF1FA888FF1FB088FF1FB088FF1FED
:1013B800B888FF1FB888FF1FC088FF1FC088FF1F9D
:1013C800C888FF1FC888FF1FD088FF1FD088FF1F4D
:1013D800D888FF1FD888FF1FE088FF1FE088FF1FFD
:1013E800E888FF1FE888FF1FF088FF1FF088FF1FAD
:1013F800F888FF1FF888FF1F0089FF1F0089FF1F5B
:101408000889FF1F0889FF1F1089FF1F1089FF1F08
:101418001889FF1F1889FF1F2089FF1F2089FF1FB8
:101428002889FF1F2889FF1F3089FF1F3089FF1F68
:101438003889FF1F3889FF1F4089FF1F4089FF1F18
:101448004889FF1F4889FF1F5089FF1F5089FF1FC8
:101458005889FF1F5889FF1F6089FF1F6089FF1F78
:101468006889FF1F6889FF1F7089FF1F7089FF1F28
:101478007889FF1F7889FF1F8089FF1F8089FF1FD8
:101488008889FF1F8889FF1F9089FF1F9089FF1F88
:101498009889FF1F9889FF1FA089FF1FA089FF1F38
:1014A800A889FF1FA889FF1FB089FF1FB089FF1FE8
:1014B800B889FF1FB889FF1FC089FF1FC089FF1F98
:1014C800C889FF1FC889FF1FD089FF1FD089FF1F48
:1014D800D889FF1FD889FF1FE089FF1FE089FF1FF8
:1014E800E889FF1FE889FF1FF089FF1FF089FF1FA8
:1014F800F889FF1FF889FF1F008AFF1F008AFF1F56
:10150800088AFF1F088AFF1F108AFF1F108AFF1F03
:10151800188AFF1F188AFF1F208AFF1F208AFF1FB3
:10152800288AFF1F288AFF1F308AFF1F308AFF1F63
:10153800388AFF1F388AFF1F408AFF1F408AFF1F13
:10154800488AFF1F488AFF1F508AFF1F508AFF1FC3
:10155800588AFF1F588AFF1F608AFF1F608AFF1F73
:10156800688AFF1F688AFF1F708AFF1F708AFF1F23
:10157800788AFF1F788AFF1F808AFF1F808AFF1FD3
:10158800888AFF1F888AFF1F908AFF1F908AFF1F83
:10159800988AFF1F988AFF1FA08AFF1FA08AFF1F33
:1015A800A88AFF1FA88AFF1FB08AFF1FB08AFF1FE3
:1015B800B88AFF1FB88AFF1FC08AFF1FC08AFF1F93
:1015C800C88AFF1FC88AFF1FD08AFF1FD08AFF1F43
:1015D800D88AFF1FD88AFF1FE08AFF1FE08AFF1FF3
:1015E800E88AFF1FE88AFF1FF08AFF1FF08AFF1FA3
:1015F800F88AFF1FF88AFF1F008BFF1F008BFF1F51
:10160800088BFF1F088BFF1F108BFF1F108BFF1FFE
:10161800188BFF1F188BFF1F208BFF1F208BFF1FAE
:10162800288BFF1F288BFF1F308BFF1F308BFF1F5E
:10163800388BFF1F388BFF1F408BFF1F408BFF1F0E
:10164800488BFF1F488BFF1F508BFF1F508BFF1FBE
:10165800588BFF1F588BFF1F608BFF1F608BFF1F6E
:10166800688BFF1F688BFF1F708BFF1F708BFF1F1E
:10167800788BFF1F788BFF1F808BFF1F808BFF1FCE
:10168800888BFF1F888BFF1F908BFF1F908BFF1F7E
:10169800988BFF1F988BFF1FA08BFF1FA08BFF1F2E
:1016A800A88BFF1FA88BFF1FB08BFF1FB08BFF1FDE
:1016B800B88BFF1FB88BFF1FC08BFF1FC08BFF1F8E
:1016C800C88BFF1FC88BFF1FD08BFF1FD08BFF1F3E
:1016D800D88BFF1FD88BFF1FE08BFF1FE08BFF1FEE
:1016E800E88BFF1FE88BFF1FF08BFF1FF08BFF1F9E
:1016F800F88BFF1FF88BFF1F008CFF1F008CFF1F4C
:10170800088CFF1F088CFF1F108CFF1F108CFF1FF9
:10171800188CFF1F188CFF1F208CFF1F208CFF1FA9
:10172800288CFF1F288CFF1F308CFF1F308CFF1F59
:10173800388CFF1F388CFF1F408CFF1F408CFF1F09
:10174800488CFF1F488CFF1F508CFF1F508CFF1FB9
:10175800588CFF1F588CFF1F608CFF1F608CFF1F69
:10176800688CFF1F688CFF1F708CFF1F708CFF1F19
:10177800788CFF1F788CFF1F808CFF1F808CFF1FC9
:10178800888CFF1F888CFF1F908CFF1F908CFF1F79
:10179800988CFF1F988CFF1FFFFFFFFF00000200BF
:1017A8000000000003000000D895FF1F4300000060
:1017B8000000000000000000000000000000000021
:1017C80000000000000000000000000043000000CE
:1017D8000000000000000000000000000000000001
:1017E80000000000000000000000000043000000AE
:1017F80000000000000000000000000000000000E1
:10180800000000000000000000000000430000008D
:1018180000000000000000000000000000000000C0
:10182800000000000000000000000000430000006D
:1018380000000000000000000000000000000000A0
:10184800000000000000000000000000430000004D
:101858000000000000000000000000000000000080
:10186800000000000000000000000000430000002D
:101878000000000000000000000000000000000060
:1018880000000000000000000000000039BE000059
:10189800B1B60000000000000C0E0100E0070100D6
:1018A8003011010030110100301101003011010028
:1018B8003011010030110100301101003011010018
:1018C80030110100FFFFFFFFFFFFFFFFFFFFFFFFDA
:1018D800FFFF000001004153434949000000000098
:1018E80000000000000000000000000000000000F0
:1018F8000000000000004153434949000000000077
:1019080000000000000000000000000000000000CF
:10191800000000000000000000000000D895FF1F34
:101928004096FF1FA896FF1F00000000000000005F
:10193800000000000000000000000000000000009F
:10194800000000000000000000000000000000008F
:10195800000000000000000000000000000000007F
:10196800000000000000000000000000000000006F
:10197800000000000000000000000000000000005F
:10198800000000000000000000000000000000004F
:10199800000000000000000000000000000000003F
:1019A800000000000000000000000000000000002F
:1019B80001000000000000000E33CDAB34126DE6CC
:1019C800ECDE05000B000000000000000000000035
:1019D80000000000000000000000000000000000FF
:1019E80000000000000000000000000000000000EF
:1019F80000000000000000000000000000000000DF
:101A080000000000000000000000000000000000CE
:101A180000000000000000000000000000000000BE
:101A280000000000000000000000000000000000AE
:101A38000000000000000000288EFF1F1897FF1FFD
:00000001FF
