:0200000460009A
:100000004643464200000156000000000103030081
:1000100000000000000000000000000000000000E0
:1000200000000000000000000000000000000000D0
:1000300000000000000000000000000000000000C0
:1000400000000000010408000000000000000000A3
:100050000000200000000000000000000000000080
:100060000000000000000000000000000000000090
:100070000000000000000000000000000000000080
:10008000EB04180A063204260000000000000000FD
:10009000050404240000000000000000000000002F
:1000A0000000000000000000000000000000000050
:1000B0000604000000000000000000000000000036
:1000C0000000000000000000000000000000000030
:1000D00020041808000000000000000000000000DC
:1000E0000000000000000000000000000000000010
:1000F0000000000000000000000000000000000000
:10010000D8041808000000000000000000000000F3
:100110000204180804200000000000000000000095
:1001200000000000000000000000000000000000CF
:10013000600400000000000000000000000000005B
:1001400000000000000000000000000000000000AF
:10015000000000000000000000000000000000009F
:10016000000000000000000000000000000000008F
:10017000000000000000000000000000000000007F
:10018000000000000000000000000000000000006F
:10019000000000000000000000000000000000005F
:1001A000000000000000000000000000000000004F
:1001B000000000000000000000000000000000003F
:1001C000000100000010000001000000000000001D
:1001D000000001000000000000000000000000001E
:1001E000000000000000000000000000000000000F
:1001F00000000000000000000000000000000000FF
:10020000FFFFFFFFFFFFFFFFFFFFFFFFFFFFFFFFFE
:10021000FFFFFFFFFFFFFFFFFFFFFFFFFFFFFFFFEE
:10022000FFFFFFFFFFFFFFFFFFFFFFFFFFFFFFFFDE
:10023000FFFFFFFFFFFFFFFFFFFFFFFFFFFFFFFFCE
:10024000FFFFFFFFFFFFFFFFFFFFFFFFFFFFFFFFBE
:10025000FFFFFFFFFFFFFFFFFFFFFFFFFFFFFFFFAE
:10026000FFFFFFFFFFFFFFFFFFFFFFFFFFFFFFFF9E
:10027000FFFFFFFFFFFFFFFFFFFFFFFFFFFFFFFF8E
:10028000FFFFFFFFFFFFFFFFFFFFFFFFFFFFFFFF7E
:10029000FFFFFFFFFFFFFFFFFFFFFFFFFFFFFFFF6E
:1002A000FFFFFFFFFFFFFFFFFFFFFFFFFFFFFFFF5E
:1002B000FFFFFFFFFFFFFFFFFFFFFFFFFFFFFFFF4E
:1002C000FFFFFFFFFFFFFFFFFFFFFFFFFFFFFFFF3E
:1002D000FFFFFFFFFFFFFFFFFFFFFFFFFFFFFFFF2E
:1002E000FFFFFFFFFFFFFFFFFFFFFFFFFFFFFFFF1E
:1002F000FFFFFFFFFFFFFFFFFFFFFFFFFFFFFFFF0E
:10030000FFFFFFFFFFFFFFFFFFFFFFFFFFFFFFFFFD
:10031000FFFFFFFFFFFFFFFFFFFFFFFFFFFFFFFFED
:10032000FFFFFFFFFFFFFFFFFFFFFFFFFFFFFFFFDD
:10033000FFFFFFFFFFFFFFFFFFFFFFFFFFFFFFFFCD
:10034000FFFFFFFFFFFFFFFFFFFFFFFFFFFFFFFFBD
:10035000FFFFFFFFFFFFFFFFFFFFFFFFFFFFFFFFAD
:10036000FFFFFFFFFFFFFFFFFFFFFFFFFFFFFFFF9D
:10037000FFFFFFFFFFFFFFFFFFFFFFFFFFFFFFFF8D
:10038000FFFFFFFFFFFFFFFFFFFFFFFFFFFFFFFF7D
:10039000FFFFFFFFFFFFFFFFFFFFFFFFFFFFFFFF6D
:1003A000FFFFFFFFFFFFFFFFFFFFFFFFFFFFFFFF5D
:1003B000FFFFFFFFFFFFFFFFFFFFFFFFFFFFFFFF4D
:1003C000FFFFFFFFFFFFFFFFFFFFFFFFFFFFFFFF3D
:1003D000FFFFFFFFFFFFFFFFFFFFFFFFFFFFFFFF2D
:1003E000FFFFFFFFFFFFFFFFFFFFFFFFFFFFFFFF1D
:1003F000FFFFFFFFFFFFFFFFFFFFFFFFFFFFFFFF0D
:10040000FFFFFFFFFFFFFFFFFFFFFFFFFFFFFFFFFC
:10041000FFFFFFFFFFFFFFFFFFFFFFFFFFFFFFFFEC
:10042000FFFFFFFFFFFFFFFFFFFFFFFFFFFFFFFFDC
:10043000FFFFFFFFFFFFFFFFFFFFFFFFFFFFFFFFCC
:10044000FFFFFFFFFFFFFFFFFFFFFFFFFFFFFFFFBC
:10045000FFFFFFFFFFFFFFFFFFFFFFFFFFFFFFFFAC
:10046000FFFFFFFFFFFFFFFFFFFFFFFFFFFFFFFF9C
:10047000FFFFFFFFFFFFFFFFFFFFFFFFFFFFFFFF8C
:10048000FFFFFFFFFFFFFFFFFFFFFFFFFFFFFFFF7C
:10049000FFFFFFFFFFFFFFFFFFFFFFFFFFFFFFFF6C
:1004A000FFFFFFFFFFFFFFFFFFFFFFFFFFFFFFFF5C
:1004B000FFFFFFFFFFFFFFFFFFFFFFFFFFFFFFFF4C
:1004C000FFFFFFFFFFFFFFFFFFFFFFFFFFFFFFFF3C
:1004D000FFFFFFFFFFFFFFFFFFFFFFFFFFFFFFFF2C
:1004E000FFFFFFFFFFFFFFFFFFFFFFFFFFFFFFFF1C
:1004F000FFFFFFFFFFFFFFFFFFFFFFFFFFFFFFFF0C
:10050000FFFFFFFFFFFFFFFFFFFFFFFFFFFFFFFFFB
:10051000FFFFFFFFFFFFFFFFFFFFFFFFFFFFFFFFEB
:10052000FFFFFFFFFFFFFFFFFFFFFFFFFFFFFFFFDB
:10053000FFFFFFFFFFFFFFFFFFFFFFFFFFFFFFFFCB
:10054000FFFFFFFFFFFFFFFFFFFFFFFFFFFFFFFFBB
:10055000FFFFFFFFFFFFFFFFFFFFFFFFFFFFFFFFAB
:10056000FFFFFFFFFFFFFFFFFFFFFFFFFFFFFFFF9B
:10057000FFFFFFFFFFFFFFFFFFFFFFFFFFFFFFFF8B
:10058000FFFFFFFFFFFFFFFFFFFFFFFFFFFFFFFF7B
:10059000FFFFFFFFFFFFFFFFFFFFFFFFFFFFFFFF6B
:1005A000FFFFFFFFFFFFFFFFFFFFFFFFFFFFFFFF5B
:1005B000FFFFFFFFFFFFFFFFFFFFFFFFFFFFFFFF4B
:1005C000FFFFFFFFFFFFFFFFFFFFFFFFFFFFFFFF3B
:1005D000FFFFFFFFFFFFFFFFFFFFFFFFFFFFFFFF2B
:1005E000FFFFFFFFFFFFFFFFFFFFFFFFFFFFFFFF1B
:1005F000FFFFFFFFFFFFFFFFFFFFFFFFFFFFFFFF0B
:10060000FFFFFFFFFFFFFFFFFFFFFFFFFFFFFFFFFA
:10061000FFFFFFFFFFFFFFFFFFFFFFFFFFFFFFFFEA
:10062000FFFFFFFFFFFFFFFFFFFFFFFFFFFFFFFFDA
:10063000FFFFFFFFFFFFFFFFFFFFFFFFFFFFFFFFCA
:10064000FFFFFFFFFFFFFFFFFFFFFFFFFFFFFFFFBA
:10065000FFFFFFFFFFFFFFFFFFFFFFFFFFFFFFFFAA
:10066000FFFFFFFFFFFFFFFFFFFFFFFFFFFFFFFF9A
:10067000FFFFFFFFFFFFFFFFFFFFFFFFFFFFFFFF8A
:10068000FFFFFFFFFFFFFFFFFFFFFFFFFFFFFFFF7A
:10069000FFFFFFFFFFFFFFFFFFFFFFFFFFFFFFFF6A
:1006A000FFFFFFFFFFFFFFFFFFFFFFFFFFFFFFFF5A
:1006B000FFFFFFFFFFFFFFFFFFFFFFFFFFFFFFFF4A
:1006C000FFFFFFFFFFFFFFFFFFFFFFFFFFFFFFFF3A
:1006D000FFFFFFFFFFFFFFFFFFFFFFFFFFFFFFFF2A
:1006E000FFFFFFFFFFFFFFFFFFFFFFFFFFFFFFFF1A
:1006F000FFFFFFFFFFFFFFFFFFFFFFFFFFFFFFFF0A
:10070000FFFFFFFFFFFFFFFFFFFFFFFFFFFFFFFFF9
:10071000FFFFFFFFFFFFFFFFFFFFFFFFFFFFFFFFE9
:10072000FFFFFFFFFFFFFFFFFFFFFFFFFFFFFFFFD9
:10073000FFFFFFFFFFFFFFFFFFFFFFFFFFFFFFFFC9
:10074000FFFFFFFFFFFFFFFFFFFFFFFFFFFFFFFFB9
:10075000FFFFFFFFFFFFFFFFFFFFFFFFFFFFFFFFA9
:10076000FFFFFFFFFFFFFFFFFFFFFFFFFFFFFFFF99
:10077000FFFFFFFFFFFFFFFFFFFFFFFFFFFFFFFF89
:10078000FFFFFFFFFFFFFFFFFFFFFFFFFFFFFFFF79
:10079000FFFFFFFFFFFFFFFFFFFFFFFFFFFFFFFF69
:1007A000FFFFFFFFFFFFFFFFFFFFFFFFFFFFFFFF59
:1007B000FFFFFFFFFFFFFFFFFFFFFFFFFFFFFFFF49
:1007C000FFFFFFFFFFFFFFFFFFFFFFFFFFFFFFFF39
:1007D000FFFFFFFFFFFFFFFFFFFFFFFFFFFFFFFF29
:1007E000FFFFFFFFFFFFFFFFFFFFFFFFFFFFFFFF19
:1007F000FFFFFFFFFFFFFFFFFFFFFFFFFFFFFFFF09
:10080000FFFFFFFFFFFFFFFFFFFFFFFFFFFFFFFFF8
:10081000FFFFFFFFFFFFFFFFFFFFFFFFFFFFFFFFE8
:10082000FFFFFFFFFFFFFFFFFFFFFFFFFFFFFFFFD8
:10083000FFFFFFFFFFFFFFFFFFFFFFFFFFFFFFFFC8
:10084000FFFFFFFFFFFFFFFFFFFFFFFFFFFFFFFFB8
:10085000FFFFFFFFFFFFFFFFFFFFFFFFFFFFFFFFA8
:10086000FFFFFFFFFFFFFFFFFFFFFFFFFFFFFFFF98
:10087000FFFFFFFFFFFFFFFFFFFFFFFFFFFFFFFF88
:10088000FFFFFFFFFFFFFFFFFFFFFFFFFFFFFFFF78
:10089000FFFFFFFFFFFFFFFFFFFFFFFFFFFFFFFF68
:1008A000FFFFFFFFFFFFFFFFFFFFFFFFFFFFFFFF58
:1008B000FFFFFFFFFFFFFFFFFFFFFFFFFFFFFFFF48
:1008C000FFFFFFFFFFFFFFFFFFFFFFFFFFFFFFFF38
:1008D000FFFFFFFFFFFFFFFFFFFFFFFFFFFFFFFF28
:1008E000FFFFFFFFFFFFFFFFFFFFFFFFFFFFFFFF18
:1008F000FFFFFFFFFFFFFFFFFFFFFFFFFFFFFFFF08
:10090000FFFFFFFFFFFFFFFFFFFFFFFFFFFFFFFFF7
:10091000FFFFFFFFFFFFFFFFFFFFFFFFFFFFFFFFE7
:10092000FFFFFFFFFFFFFFFFFFFFFFFFFFFFFFFFD7
:10093000FFFFFFFFFFFFFFFFFFFFFFFFFFFFFFFFC7
:10094000FFFFFFFFFFFFFFFFFFFFFFFFFFFFFFFFB7
:10095000FFFFFFFFFFFFFFFFFFFFFFFFFFFFFFFFA7
:10096000FFFFFFFFFFFFFFFFFFFFFFFFFFFFFFFF97
:10097000FFFFFFFFFFFFFFFFFFFFFFFFFFFFFFFF87
:10098000FFFFFFFFFFFFFFFFFFFFFFFFFFFFFFFF77
:10099000FFFFFFFFFFFFFFFFFFFFFFFFFFFFFFFF67
:1009A000FFFFFFFFFFFFFFFFFFFFFFFFFFFFFFFF57
:1009B000FFFFFFFFFFFFFFFFFFFFFFFFFFFFFFFF47
:1009C000FFFFFFFFFFFFFFFFFFFFFFFFFFFFFFFF37
:1009D000FFFFFFFFFFFFFFFFFFFFFFFFFFFFFFFF27
:1009E000FFFFFFFFFFFFFFFFFFFFFFFFFFFFFFFF17
:1009F000FFFFFFFFFFFFFFFFFFFFFFFFFFFFFFFF07
:100A0000FFFFFFFFFFFFFFFFFFFFFFFFFFFFFFFFF6
:100A1000FFFFFFFFFFFFFFFFFFFFFFFFFFFFFFFFE6
:100A2000FFFFFFFFFFFFFFFFFFFFFFFFFFFFFFFFD6
:100A3000FFFFFFFFFFFFFFFFFFFFFFFFFFFFFFFFC6
:100A4000FFFFFFFFFFFFFFFFFFFFFFFFFFFFFFFFB6
:100A5000FFFFFFFFFFFFFFFFFFFFFFFFFFFFFFFFA6
:100A6000FFFFFFFFFFFFFFFFFFFFFFFFFFFFFFFF96
:100A7000FFFFFFFFFFFFFFFFFFFFFFFFFFFFFFFF86
:100A8000FFFFFFFFFFFFFFFFFFFFFFFFFFFFFFFF76
:100A9000FFFFFFFFFFFFFFFFFFFFFFFFFFFFFFFF66
:100AA000FFFFFFFFFFFFFFFFFFFFFFFFFFFFFFFF56
:100AB000FFFFFFFFFFFFFFFFFFFFFFFFFFFFFFFF46
:100AC000FFFFFFFFFFFFFFFFFFFFFFFFFFFFFFFF36
:100AD000FFFFFFFFFFFFFFFFFFFFFFFFFFFFFFFF26
:100AE000FFFFFFFFFFFFFFFFFFFFFFFFFFFFFFFF16
:100AF000FFFFFFFFFFFFFFFFFFFFFFFFFFFFFFFF06
:100B0000FFFFFFFFFFFFFFFFFFFFFFFFFFFFFFFFF5
:100B1000FFFFFFFFFFFFFFFFFFFFFFFFFFFFFFFFE5
:100B2000FFFFFFFFFFFFFFFFFFFFFFFFFFFFFFFFD5
:100B3000FFFFFFFFFFFFFFFFFFFFFFFFFFFFFFFFC5
:100B4000FFFFFFFFFFFFFFFFFFFFFFFFFFFFFFFFB5
:100B5000FFFFFFFFFFFFFFFFFFFFFFFFFFFFFFFFA5
:100B6000FFFFFFFFFFFFFFFFFFFFFFFFFFFFFFFF95
:100B7000FFFFFFFFFFFFFFFFFFFFFFFFFFFFFFFF85
:100B8000FFFFFFFFFFFFFFFFFFFFFFFFFFFFFFFF75
:100B9000FFFFFFFFFFFFFFFFFFFFFFFFFFFFFFFF65
:100BA000FFFFFFFFFFFFFFFFFFFFFFFFFFFFFFFF55
:100BB000FFFFFFFFFFFFFFFFFFFFFFFFFFFFFFFF45
:100BC000FFFFFFFFFFFFFFFFFFFFFFFFFFFFFFFF35
:100BD000FFFFFFFFFFFFFFFFFFFFFFFFFFFFFFFF25
:100BE000FFFFFFFFFFFFFFFFFFFFFFFFFFFFFFFF15
:100BF000FFFFFFFFFFFFFFFFFFFFFFFFFFFFFFFF05
:100C0000FFFFFFFFFFFFFFFFFFFFFFFFFFFFFFFFF4
:100C1000FFFFFFFFFFFFFFFFFFFFFFFFFFFFFFFFE4
:100C2000FFFFFFFFFFFFFFFFFFFFFFFFFFFFFFFFD4
:100C3000FFFFFFFFFFFFFFFFFFFFFFFFFFFFFFFFC4
:100C4000FFFFFFFFFFFFFFFFFFFFFFFFFFFFFFFFB4
:100C5000FFFFFFFFFFFFFFFFFFFFFFFFFFFFFFFFA4
:100C6000FFFFFFFFFFFFFFFFFFFFFFFFFFFFFFFF94
:100C7000FFFFFFFFFFFFFFFFFFFFFFFFFFFFFFFF84
:100C8000FFFFFFFFFFFFFFFFFFFFFFFFFFFFFFFF74
:100C9000FFFFFFFFFFFFFFFFFFFFFFFFFFFFFFFF64
:100CA000FFFFFFFFFFFFFFFFFFFFFFFFFFFFFFFF54
:100CB000FFFFFFFFFFFFFFFFFFFFFFFFFFFFFFFF44
:100CC000FFFFFFFFFFFFFFFFFFFFFFFFFFFFFFFF34
:100CD000FFFFFFFFFFFFFFFFFFFFFFFFFFFFFFFF24
:100CE000FFFFFFFFFFFFFFFFFFFFFFFFFFFFFFFF14
:100CF000FFFFFFFFFFFFFFFFFFFFFFFFFFFFFFFF04
:100D0000FFFFFFFFFFFFFFFFFFFFFFFFFFFFFFFFF3
:100D1000FFFFFFFFFFFFFFFFFFFFFFFFFFFFFFFFE3
:100D2000FFFFFFFFFFFFFFFFFFFFFFFFFFFFFFFFD3
:100D3000FFFFFFFFFFFFFFFFFFFFFFFFFFFFFFFFC3
:100D4000FFFFFFFFFFFFFFFFFFFFFFFFFFFFFFFFB3
:100D5000FFFFFFFFFFFFFFFFFFFFFFFFFFFFFFFFA3
:100D6000FFFFFFFFFFFFFFFFFFFFFFFFFFFFFFFF93
:100D7000FFFFFFFFFFFFFFFFFFFFFFFFFFFFFFFF83
:100D8000FFFFFFFFFFFFFFFFFFFFFFFFFFFFFFFF73
:100D9000FFFFFFFFFFFFFFFFFFFFFFFFFFFFFFFF63
:100DA000FFFFFFFFFFFFFFFFFFFFFFFFFFFFFFFF53
:100DB000FFFFFFFFFFFFFFFFFFFFFFFFFFFFFFFF43
:100DC000FFFFFFFFFFFFFFFFFFFFFFFFFFFFFFFF33
:100DD000FFFFFFFFFFFFFFFFFFFFFFFFFFFFFFFF23
:100DE000FFFFFFFFFFFFFFFFFFFFFFFFFFFFFFFF13
:100DF000FFFFFFFFFFFFFFFFFFFFFFFFFFFFFFFF03
:100E0000FFFFFFFFFFFFFFFFFFFFFFFFFFFFFFFFF2
:100E1000FFFFFFFFFFFFFFFFFFFFFFFFFFFFFFFFE2
:100E2000FFFFFFFFFFFFFFFFFFFFFFFFFFFFFFFFD2
:100E3000FFFFFFFFFFFFFFFFFFFFFFFFFFFFFFFFC2
:100E4000FFFFFFFFFFFFFFFFFFFFFFFFFFFFFFFFB2
:100E5000FFFFFFFFFFFFFFFFFFFFFFFFFFFFFFFFA2
:100E6000FFFFFFFFFFFFFFFFFFFFFFFFFFFFFFFF92
:100E7000FFFFFFFFFFFFFFFFFFFFFFFFFFFFFFFF82
:100E8000FFFFFFFFFFFFFFFFFFFFFFFFFFFFFFFF72
:100E9000FFFFFFFFFFFFFFFFFFFFFFFFFFFFFFFF62
:100EA000FFFFFFFFFFFFFFFFFFFFFFFFFFFFFFFF52
:100EB000FFFFFFFFFFFFFFFFFFFFFFFFFFFFFFFF42
:100EC000FFFFFFFFFFFFFFFFFFFFFFFFFFFFFFFF32
:100ED000FFFFFFFFFFFFFFFFFFFFFFFFFFFFFFFF22
:100EE000FFFFFFFFFFFFFFFFFFFFFFFFFFFFFFFF12
:100EF000FFFFFFFFFFFFFFFFFFFFFFFFFFFFFFFF02
:100F0000FFFFFFFFFFFFFFFFFFFFFFFFFFFFFFFFF1
:100F1000FFFFFFFFFFFFFFFFFFFFFFFFFFFFFFFFE1
:100F2000FFFFFFFFFFFFFFFFFFFFFFFFFFFFFFFFD1
:100F3000FFFFFFFFFFFFFFFFFFFFFFFFFFFFFFFFC1
:100F4000FFFFFFFFFFFFFFFFFFFFFFFFFFFFFFFFB1
:100F5000FFFFFFFFFFFFFFFFFFFFFFFFFFFFFFFFA1
:100F6000FFFFFFFFFFFFFFFFFFFFFFFFFFFFFFFF91
:100F7000FFFFFFFFFFFFFFFFFFFFFFFFFFFFFFFF81
:100F8000FFFFFFFFFFFFFFFFFFFFFFFFFFFFFFFF71
:100F9000FFFFFFFFFFFFFFFFFFFFFFFFFFFFFFFF61
:100FA000FFFFFFFFFFFFFFFFFFFFFFFFFFFFFFFF51
:100FB000FFFFFFFFFFFFFFFFFFFFFFFFFFFFFFFF41
:100FC000FFFFFFFFFFFFFFFFFFFFFFFFFFFFFFFF31
:100FD000FFFFFFFFFFFFFFFFFFFFFFFFFFFFFFFF21
:100FE000FFFFFFFFFFFFFFFFFFFFFFFFFFFFFFFF11
:100FF000FFFFFFFFFFFFFFFFFFFFFFFFFFFFFFFF01
:10100000D1002043ED15006000000000000000004A
:101010002010006000100060002803600000000045
:10102000000000600034030000000000FFFFFFFF2D
:10103000FFFFFFFFFFFFFFFFFFFFFFFFFFFFFFFFC0
:10104000FFFFFFFFFFFFFFFFFFFFFFFFFFFFFFFFB0
:10105000FFFFFFFFFFFFFFFFFFFFFFFFFFFFFFFFA0
:10106000FFFFFFFFFFFFFFFFFFFFFFFFFFFFFFFF90
:10107000FFFFFFFFFFFFFFFFFFFFFFFFFFFFFFFF80
:10108000FFFFFFFFFFFFFFFFFFFFFFFFFFFFFFFF70
:10109000FFFFFFFFFFFFFFFFFFFFFFFFFFFFFFFF60
:1010A000FFFFFFFFFFFFFFFFFFFFFFFFFFFFFFFF50
:1010B000FFFFFFFFFFFFFFFFFFFFFFFFFFFFFFFF40
:1010C000FFFFFFFFFFFFFFFFFFFFFFFFFFFFFFFF30
:1010D000FFFFFFFFFFFFFFFFFFFFFFFFFFFFFFFF20
:1010E000FFFFFFFFFFFFFFFFFFFFFFFFFFFFFFFF10
:1010F000FFFFFFFFFFFFFFFFFFFFFFFFFFFFFFFF00
:10110000FFFFFFFFFFFFFFFFFFFFFFFFFFFFFFFFEF
:10111000FFFFFFFFFFFFFFFFFFFFFFFFFFFFFFFFDF
:10112000FFFFFFFFFFFFFFFFFFFFFFFFFFFFFFFFCF
:10113000FFFFFFFFFFFFFFFFFFFFFFFFFFFFFFFFBF
:10114000FFFFFFFFFFFFFFFFFFFFFFFFFFFFFFFFAF
:10115000FFFFFFFFFFFFFFFFFFFFFFFFFFFFFFFF9F
:10116000FFFFFFFFFFFFFFFFFFFFFFFFFFFFFFFF8F
:10117000FFFFFFFFFFFFFFFFFFFFFFFFFFFFFFFF7F
:10118000FFFFFFFFFFFFFFFFFFFFFFFFFFFFFFFF6F
:10119000FFFFFFFFFFFFFFFFFFFFFFFFFFFFFFFF5F
:1011A000FFFFFFFFFFFFFFFFFFFFFFFFFFFFFFFF4F
:1011B000FFFFFFFFFFFFFFFFFFFFFFFFFFFFFFFF3F
:1011C000FFFFFFFFFFFFFFFFFFFFFFFFFFFFFFFF2F
:1011D000FFFFFFFFFFFFFFFFFFFFFFFFFFFFFFFF1F
:1011E000FFFFFFFFFFFFFFFFFFFFFFFFFFFFFFFF0F
:1011F000FFFFFFFFFFFFFFFFFFFFFFFFFFFFFFFFFF
:10120000FFFFFFFFFFFFFFFFFFFFFFFFFFFFFFFFEE
:10121000FFFFFFFFFFFFFFFFFFFFFFFFFFFFFFFFDE
:10122000FFFFFFFFFFFFFFFFFFFFFFFFFFFFFFFFCE
:10123000FFFFFFFFFFFFFFFFFFFFFFFFFFFFFFFFBE
:10124000FFFFFFFFFFFFFFFFFFFFFFFFFFFFFFFFAE
:10125000FFFFFFFFFFFFFFFFFFFFFFFFFFFFFFFF9E
:10126000FFFFFFFFFFFFFFFFFFFFFFFFFFFFFFFF8E
:10127000FFFFFFFFFFFFFFFFFFFFFFFFFFFFFFFF7E
:10128000FFFFFFFFFFFFFFFFFFFFFFFFFFFFFFFF6E
:10129000FFFFFFFFFFFFFFFFFFFFFFFFFFFFFFFF5E
:1012A000FFFFFFFFFFFFFFFFFFFFFFFFFFFFFFFF4E
:1012B000FFFFFFFFFFFFFFFFFFFFFFFFFFFFFFFF3E
:1012C000FFFFFFFFFFFFFFFFFFFFFFFFFFFFFFFF2E
:1012D000FFFFFFFFFFFFFFFFFFFFFFFFFFFFFFFF1E
:1012E000FFFFFFFFFFFFFFFFFFFFFFFFFFFFFFFF0E
:1012F000FFFFFFFFFFFFFFFFFFFFFFFFFFFFFFFFFE
:10130000FFFFFFFFFFFFFFFFFFFFFFFFFFFFFFFFED
:10131000FFFFFFFFFFFFFFFFFFFFFFFFFFFFFFFFDD
:10132000FFFFFFFFFFFFFFFFFFFFFFFFFFFFFFFFCD
:10133000FFFFFFFFFFFFFFFFFFFFFFFFFFFFFFFFBD
:10134000FFFFFFFFFFFFFFFFFFFFFFFFFFFFFFFFAD
:10135000FFFFFFFFFFFFFFFFFFFFFFFFFFFFFFFF9D
:10136000FFFFFFFFFFFFFFFFFFFFFFFFFFFFFFFF8D
:10137000FFFFFFFFFFFFFFFFFFFFFFFFFFFFFFFF7D
:10138000FFFFFFFFFFFFFFFFFFFFFFFFFFFFFFFF6D
:10139000FFFFFFFFFFFFFFFFFFFFFFFFFFFFFFFF5D
:1013A000FFFFFFFFFFFFFFFFFFFFFFFFFFFFFFFF4D
:1013B000FFFFFFFFFFFFFFFFFFFFFFFFFFFFFFFF3D
:1013C000FFFFFFFFFFFFFFFFFFFFFFFFFFFFFFFF2D
:1013D000FFFFFFFFFFFFFFFFFFFFFFFFFFFFFFFF1D
:1013E000FFFFFFFFFFFFFFFFFFFFFFFFFFFFFFFF0D
:1013F000FFFFFFFFFFFFFFFFFFFFFFFFFFFFFFFFFD
:10140000824205D051F8043B40F8043B8242F9D8AF
:10141000704700BF044A05494FF0000342F8043BFF
:101420009142FBD8704700BFC0420020805A002084
:1014300080B5BFF34F8F00F0EDF8534C534B0820AD
:101440005349C3F85401534AC3F800115248C3F832
:10145000F0405249FFF7D4FF514A52495248FFF732
:10146000CFFF524CFFF7D6FF4FF470004FF0E02152
:1014700000234F4AC1F8880D44F823200133B02BD4
:10148000FAD14C4B80214C4A03F8011B9342FBD10B
:101490004FF0E025494F4A4A4FF0FF31C5F8084D5B
:1014A0000026D5F8243D43F4E023C5F8243DFB692C
:1014B00023F07F0343F04003FB617B6A23F07F034B
:1014C00043F040037B629166D1661167516700F07B
:1014D000A9F83C4B63223C49A3633C4BE3630323E1
:1014E0006A613B4AAE612B61C5F8202DD5F8FC2D11
:1014F000384B42F08072C5F8FC2D1A6842F00102A8
:101500001A605B680B6000F017F9334800F0A8FA26
:10151000F96E324B324A41F44051F9661E60C3F80D
:101520000861C3F81861C3F82861C3F83861936B88
:10153000DB0708D442F615632A4951651365936B9E
:1015400043F001039363264A274C936843F0011349
:10155000936000F055FA00F08FFA00F01BF900F0EC
:101560005BF82368132BFCD900F0ACF92368B3F5C2
:10157000967FFBD300F054F800F050F800F088FAA2
:1015800000F076FA30BFFDE70C0D111300800D401E
:101590001B10182088C5020000000000641D0060B8
:1015A000C0420020F0E20260000000200040002065
:1015B000E902020000E400E0A0E400E000C00F4007
:1015C00000C00A40EDE20100085A0020F1E20100EB
:1015D00000002020001000E00046C3230040084027
:1015E00000400D400000C0560C5A0020054B4FF43F
:1015F0002A01054A05485A641864054A99639546C4
:10160000FFF716FF00C00A40FFAFAAAA070020009C
:1016100000000520704700BF704700BF704700BF43
:1016200000BF704710B44FF0E0230021102432486F
:10163000C3F8941DC3F89C4D1124C3F8A00D2F4886
:10164000C3F89C4D1224C3F8A00D2D48C3F89C4D3F
:101650002C4AC3F8A00D2C4C42F015022B48C3F8BD
:101660009C4DC3F8A00D2A4C2A48C3F89C4DC3F8E2
:10167000A00D294CC3F89C2D2848294AC3F8A04D39
:10168000C3F89C0DC3F8A02D02F5A022254C0C3206
:101690002548C3F89C4DC3F8A02D244AC3F89C0DDF
:1016A000C3F8A02D02F14062214C02322148C3F858
:1016B0009C4DC3F8A02D0A32C3F89C0DC3F8A02D91
:1016C00000BF00BF00BF00BF00BF0122C3F8942DC0
:1016D000BFF34F8FBFF36F8FC3F8501FBFF34F8F10
:1016E000BFF36F8FD3F8142D5DF8044B42F44032F2
:1016F000C3F8142D704700BF3F00001025000807F5
:1017000009001000805A0020130020002100020769
:1017100014000020250008130900001016002020E6
:1017200027000B1317000040180000602F000B0764
:10173000190000701A000080F0B4154A40274FF4D9
:1017400080314FF480564FF400554FF4404443F23B
:101750004200136913F0020F0ED113F4005F0FD093
:1017600013F4805F0ED0002BF3DA13F4803F0BD11B
:101770005B060BD5F0BC7047946151619061E8E75E
:101780005561E6E75661E4E79161E2E75761E0E71A
:1017900000800D403F4A03203F49F3EE095AD2F83A
:1017A00080304FF0000C9FED3D6A23F001039FED68
:1017B0003C5A30B4C2F88030C2F89000D1F8E01042
:1017C000384DCBB2384C39482B6007EE903A0B0DB0
:1017D000C1F30B21F8EEE77A06EE903A07EE101A05
:1017E000334BB8EEC77A2160F8EEE66A314937EE3E
:1017F000C66A37EEC55A76EEC76A77EEE57A26EE08
:10180000266AC3ED006A25EE265AD2F8803067EECC
:10181000A64AC0ED007AC6EE275A274885EE276A09
:10182000C4EEA76A75EE875AFCEEE55A36EE076AF3
:1018300015EE904ABCEEC66A43EA045376EE877A08
:10184000C2F8803016EE103AD2F89041FCEEE77AFA
:1018500001EA0341214317EE903AC2F89011C3F315
:101860000B03D2F890110B431449C2F89031D2F80F
:10187000803043F00203C2F88030114B80F840C042
:10188000C1F840314FF0E023012230BCC3F80821F9
:10189000704700BF00810D4000441F400000AA4275
:1018A0000000B442D8590020D4590020DC5900204F
:1018B000E05900200000FF0F00E400E0004000209D
:1018C000D1040200314B40F6617210B5C3F82021FB
:1018D00040F2044400F0C8F82D4A2E49D2F8803076
:1018E0002D4843F00303C2F880302C4BC1F860410F
:1018F00002681A4203D1D1F8A8319A071BD0254AB1
:101900004FF00041244B5963D2F8403143F00203B9
:10191000C2F84031D2F840319B07FBD44FF400307D
:101920004FF0E0211C4B4FF00042C1F88C0219200F
:101930009A6300F0A5F8184A4FF08040154C00213A
:1019400090630A20164B11604FF42072C4F8A8016E
:10195000184600F099F84FF4800203464FF48100D6
:1019600040F243111860C4F858311A640D4B0E4A06
:10197000C4F84811C3F804224FF0E0224FF40031BC
:101980000123C2F80C11C4F8403110BD00800D4095
:1019900000C00F4000002E4000900D40001C1E00B3
:1019A0000000002000400020B906020008B50E4BE0
:1019B0001B6E9B0700D4FBBE72B60C4B00200C4A7A
:1019C000C3F8400103F160430A49A3F55F231164A2
:1019D0009D46BFF34F8F4FF400130748074ADB695A
:1019E00002609B68984700BF00441F4000002E40E3
:1019F00000C00A400300200000802020000012EBFD
:101A0000104BA020104AD96E41F4403110B4D96671
:101A100040F23764D96E41F44071D96654649064E1
:101A2000936C1B06FCD4094A40F23761A023516431
:101A30009364936C13F08003FBD1054A13705DF837
:101A4000044B704700C00F4000400C4000800C4029
:101A5000525A0020F8B500BFF8BC08BC9E4670473B
:101A60005FF800F09DF001005FF800F0290E020021
:101A70005FF800F061FA01005FF800F05501020024
:101A80005FF800F08DF301005FF800F0715B020079
:101A90005FF800F0FD5E0200050100001108000083
:101AA000051D0000C51E00003D2D0000892D000011
:101AB000592E000095320000E5320000BD3C0000C8
:101AC000CD3C0000BD48000039580000B95A000064
:101AD000D58400009185000025860000C98A000099
:101AE00061B80000B9C40000E5C4000069CE000080
:101AF000D9CE0000B9CF0000D9170100091D01009F
:101B0000692001003924010021370100593C0100FE
:101B10002D40010095430100454E010099590100F7
:101B2000316E0100ED6F0100657301008D730100DE
:081B30009D7F010095ED01000D
:101B380000110000010000002C861F400100000079
:101B4800011000000100000000000000000000007B
:101B580002060000030000001C861F400000000071
:101B6800030700000300000020861F40000000005B
:101B7800040800000300000024861F400000000045
:101B880005110000030000002C861F400000000023
:101B9800070F00000100000048861F4001000000F8
:101BA800080E00000100000044861F4001000000EC
:101BB8001E170000010000003C861F4000000000C6
:101BC8001F1600000100000038861F4000000000BA
:101BD800200A0000010000000000000000000000D2
:101BE800210900000300000028861F4000000000B3
:101BF800220700000300000020861F4001000000AB
:101C080023060000030000001C861F40010000009E
:101C1800240500000300000018861F400100000092
:101C2800250400000300000014861F400100000086
:101C3800260900000300000028861F40010000005C
:101C4800270800000300000024861F400100000050
:101C580012000000160355005300420020005300F4
:101C680065007200690061006C00000018035400F0
:101C7800650065006E0073007900640075006900F6
:101C88006E006F000403090409026200030100C02A
:101C980032080B00020202010009040000010202DE
:101CA8000100052400100105240101010424020695
:101CB800052406000107058203100010090401002D
:101CC800020A00000007050302400000070584021D
:101CD8004000000904020002FF6AFF0007058102B4
:101CE80040000107050102400001000009026200EE
:101CF800030100C032080B000202020100090400BF
:101D0800000102020100052400100105240101015F
:101D180004240206052406000107058203100005B5
:101D280009040100020A000000070503020002007E
:101D3800070584020002000904020002FF6AC700C6
:101D480007058102000201070501020002010000E7
:0C1D58000A060002EF020140010000003A
:101D6400000000000000000000000000000000006F
:101D7400000000000000000000000000000000005F
:101D8400F8B54FF084439D695A6915400DD0254F2D
:101D940001269D6195FAA5F4B4FA84F457F8243029
:101DA40006FA04F49847A543F4D11F4B9D695A6978
:101DB40015400DD01D4F01269D6195FAA5F4B4FA86
:101DC40084F457F8243006FA04F49847A543F4D170
:101DD400174B9D695A6915400DD0164F01269D6118
:101DE40095FAA5F4B4FA84F457F8243006FA04F406
:101DF4009847A543F4D1104B9D695A6915400DD0FD
:101E04000E4F01269D6195FAA5F4B4FA84F457F8AF
:101E1400243006FA04F49847A543F4D1BFF34F8F56
:101E2400F8BD00BF603A002000400042E03A0020C4
:101E340000800042603B002000C00042E03B0020E4
:101E44000548064B1B1AD90F01EBA301491002D018
:101E5400034B03B118477047C0420020C042002022
:101E64000000000008B5054B1BB105490548AFF358
:101E74000080BDE80840FFF7E3BF00BF000000009A
:101E8400845900200034036008B520F0A7F800212D
:101E940008BD00BF00000000F8B5EF4BEF4FD3E9D9
:101EA40004232DED0A8BC7E90E2320F097F806468C
:101EB400002118F069F800210546304617F0F6FFB6
:101EC40004460021304618F049F8631E04EE100A57
:101ED400012B01D8013D0C3407EE905AB7EE009B5C
:101EE400B0EE008B0021B8EEE76B07EE904AB8EE37
:101EF400C44B3046B8EEE77B9FEDA53B9FEDA60BA8
:101F04009FEDA75B86EE032B86EE003B37EE097B45
:101F140026EE056B9FEDA41B9FEDA55BBBFE466BF8
:101F240027EE017BBBFE477BBBFE422B38EE428B88
:101F3400BBFE433B38EE038B38EE068B38EE078B43
:101F440038EE048B38EE058B17F0F2FF03460021C0
:101F540030460AEE103A17F0BFFF06EE100A0021D1
:101F6400B8EECA7B3046B8EEC66B9FED935B86EE47
:101F740005AB3AEE07AB17F0C5FF06EE900AB6EED6
:101F8400007B9FED8F3BB8EEE65B38EE077B85EE7A
:101F9400036BBBFE477B9FED8C4BB4EEC47BF1EE31
:101FA40010FA36EE0A6B17DD37EE099BB5EE005BCF
:101FB4009FED874B9FED883B37EE444B84EE037BCC
:101FC400BDEEC77BB8EEC77B27EE055B39EE079BFA
:101FD400BBFE457B39EE477B9FED813B9FED822B1A
:101FE4009FED6F5B37EE037B9FED6F4B37EE422B1C
:101FF4009FED7F1B82EE053BB2EE0B2BBBFE433BFA
:1020040023EE055BBBFE455B37EE457B87EE045B49
:1020140037EE017BBBFE455B25EE044BB4EEC25BA1
:10202400BBFE444BF1EE10FA37EE447BBBFE477B1C
:10203400BDEEC77B40F1A981B7EE004B35EE445BA2
:10204400FDEEC57B17EE903A022B40F38D819FED98
:102054006A5B33EE453BBDEEC33BB8EEC33B07EED4
:10206400903AB0EE000BB8EEE75BB8EEC77B9FED9D
:10207400484B9FED491B9FED4A2B83EE049B83EE57
:10208400014B23EE023BB7EE002B9FED5D1B35EEBB
:10209400025BBBFE433B9FED442B25EE025B38EE17
:1020A400412BBBFE455BBBFE499B30EE490BBBFE9F
:1020B400448B30EE080BB3EE084B30EE033B9FED40
:1020C4003C0B33EE055B9FED508B35EE077B9FEDAC
:1020D400505B37EE007B37EE417BA7EE058B86EE37
:1020E400045B9FED4D7BB4EEC48BF1EE10FA32EE3F
:1020F400055B85EE073B06DB38EE448BB4EEC48B00
:10210400F1EE10FAF8DAB5EEC08BF1EE10FA08D55C
:10211400B3EE087B38EE078BB5EEC08BF1EE10FA08
:10212400F8D4B3EE087B9FED3E2B9FED3F4BA6EE1C
:10213400028B23EE044BA3EE048BB4EEC78BF1EEBB
:1021440010FA06DB38EE478BB4EEC78BF1EE10FACB
:10215400F8DAB5EEC08BF1EE10FA08D5B3EE087BD1
:1021640038EE078BB5EEC08BF1EE10FAF8D49FED84
:10217400306B9FED319B9FED324B9FED330BA5EE02
:10218400069BA5EE440B9FED32AB69E0AFF30080F4
:1021940000000000000059400000000000007940E9
:1021A4000000000000D4764061545227A0993E40BC
:1021B40000000080A2423A410000000000004E40AE
:1021C400000000000020AC40000000008C8A414167
:1021D40000000040D07D3C410000000088D5E14073
:1021E4000000000000D097406666666666865E4022
:1021F400000000000000000000000000006CB2407D
:10220400000000802CB4424198B05E8E1CCA1A4073
:10221400D7E5E7EA5BD2B03F00000000A0D5E1407B
:10222400F2E1F1E7360BF03F05A227655243FB3E8E
:1022340043AD69DE718AEF3FEC51B81E858771406A
:1022440028806264C91CAB3FC3F5285C8F425F40A1
:10225400F8C1631ADCA54C40704900205852002094
:102264009FED517B39EE099B9FED51BB80EE0A0B2C
:10227400A5EE47BB21F01CFBB0EE40CB89EE0A0B68
:1022840021F016FBB0EE406B8BEE0A0B9FED4A9BE0
:102294009FED4B7B29EE469BACEE079B21F080FA29
:1022A400B3EE087BA9EE008BB4EEC78BF1EE10FA07
:1022B40006DB38EE478BB4EEC78BF1EE10FAF8DA92
:1022C400B5EEC08BF1EE10FA08D5B3EE087B38EE0C
:1022D400078BB5EEC08BF1EE10FAF8D4B2EE0E5BBC
:1022E400B3EE087B97ED0E4B84EE056B38EE468B10
:1022F400B4EEC78BF1EE10FA06DB38EE478BB4EE82
:10230400C78BF1EE10FAF8DAB5EEC08BF1EE10FAE5
:1023140008D5B3EE087B38EE078BB5EEC08BF1EE33
:1023240010FAF8D4B3EE085B9FED276B88EE057BBB
:1023340027EE067BBDEEC77B72B687ED007A62B6E8
:1023440072B63A683B68C7E9042362B6224811F0C2
:1023540093FA18B3204811F0D7FA0A20BDEC0A8B7F
:10236400BDE8F8401EF0C2BE9FED195B5A1E33EE65
:10237400453B012ABDEEC33B3FF66FAE13EE102A78
:102384000C33013A03EE102A67E6B2EE0A4B35EE3F
:10239400445BFDEEC57B17EE903A55E60E4811F00E
:1023A40083FAD7E7AFF3008048AFBC9AF2D79A3EDE
:1023B400FF21FDF67570374054E41071732AF93E1D
:1023C40003B34291EEE734BF00000000C07A6041DD
:1023D40000000000006BB240B0490020114B93F89C
:1023E4008B1693F8AB26914210B504D0002283F8E3
:1023F4008B2683F8AB260B4815F096F900B110BD77
:1024040009490A4C09680A4B0A4A04FB0133054886
:10241400B2EB730FBDE8104094BF0121002115F009
:10242400F1BF00BFB049002058520020CDCCCCCC25
:102434009899991999999919F8B50C4672B62D4A33
:10244400116862B61369CB1A002B23DC2A4E2B4D7C
:102454001EF0A0FE2A4B9A68D968821A1860986008
:102464008A425A6042F20F71C8BFDA603268D5F806
:102474002835D31A8B4294BF01210021217004D93D
:1024840042F210731344C5F828351C48BDE8F840DF
:1024940015F08CBDD06811611844D06091688B42EE
:1024A40000DD9360012B03D05068591E0144516034
:1024B400126842F20F7C1348D1170F4E80FB025072
:1024C4000E4DC1EB6011642000FB11213068D5F87A
:1024D4002825821A624594BF01220022227004D961
:1024E40042F210770744C5F82875044815F068FED1
:1024F400AEE700BF585200200C5A0020B04900201B
:10250400145A00201F85EB51F8B5164E0446164D9B
:10251400377801F0EBF905F047F895F8F8349F4265
:1025240005D01721284611F093FA95F8F8340E488F
:10253400337015F0F3F810B995F8F83543B920461F
:10254400FFF74CFF20460949BDE8F840FFF774BF88
:10255400054811F071F9044816F062F9024811F0C7
:102564006FF9ECE74B5A0020B04900204A5A00208A
:1025740008B51EF0DBFEBDE808401EF0D7BE00BF64
:102584000121172010B51EF06BFE00224FF41651E6
:102594000C4814241DF05CFE012117201EF024FEBB
:1025A4000A201EF0A3FD172000211EF01DFE32207C
:1025B4001EF09CFD013CEFD101211720BDE8104025
:1025C4001EF012BE983200202DE9F8431B4D40F254
:1025D400EE281B4C1B4FDFF880902E6820F0B6FECF
:1025E4002378F3B13B78DB071BD52B68D9F800209F
:1025F4009B1A0E2B15D901221349144801F054FAE1
:1026040000224FF4614112481DF022FE1049114886
:10261400022201F049FA00211720BDE8F8431EF018
:10262400E3BD2B6822789B1B2AB1B3F5FA6FE2D87D
:1026340020F08CFED2E74345FAD9DCE70C5A00209F
:102644005C5A00205B5A0020283200205858002091
:1026540038320020345800202C5A002070B5174C12
:102664000F21174E012520461DF060FF2046002251
:102674000E211DF0BFFF204600224DF6C0211DF0A3
:10268400E7FD0A2304220F492046A3601EF08CFABA
:1026940020461DF09BFDFA201EF028FD06E01DF0EB
:1026A4004BFDC0B23F2808BF86F8375020461DF0C6
:1026B400F1FC03462046002BF1DC70BDF83200200B
:1026C400B04900206025002070B5284C0546FFF76E
:1026D40057FF002610F0B2FA204611F011F92448F1
:1026E40017F0DCFD0021012017F0E6FD1FF076FC59
:1026F400314617F0B5FD012106201EF0B1FDD4F8D6
:10270400A41806201FF032FB204611F091F8204651
:1027140011F09CF9314604F5DD6011F0E1F9204631
:1027240014F0DAF8204611F065F92846FFF7B4FBF7
:1027340072B6104B19681A68C3E9041262B64FF4F2
:10274400FA601EF0D3FC0C481DF0A4FC0346284696
:10275400B342D4BF0023012384F83830FFF77EFF4F
:102764002846BDE87040FFF72FBF00BFB0490020E6
:1027740029010000585200209832002030B5037817
:1027840083B00446062B4FD03A2B4AD14378243BDE
:10279400442B46D8DFE813F02001450045004500EE
:1027A40045004500450045004500450045004500FD
:1027B40045004500450045004500450045004500ED
:1027C40045004500450045004500450045004500DD
:1027D40045000401C800B800E400D100ED00AF00DA
:1027E400450045004500450045009F004500450063
:1027F400450096008D00840074006B004500610064
:10280400450045004500450045004500450045009C
:102814004500450045004500450045004500580079
:102824004F00042003B030BD4378002B14BF0420B4
:10283400012003B030BD81787F4825F09BF8002843
:102844000CBF04200220EDE781787C4825F092F843
:1028540000280CBF04200220E4E781787848019125
:1028640025F088F8002800F0CA800020DAE7817893
:10287400744825F07FF8B0FA80F040098000D1E771
:1028840081787148019125F075F80028EDD10199FE
:102894006E4825F06FF800280CBF04200220C1E721
:1028A40081786B4825F066F800280CBF04200220CC
:1028B400B8E78178674825F05DF8B0FA80F0400900
:1028C4008000AFE78178644825F054F8B0FA80F0CE
:1028D40040098000A6E784786048214625F04AF83C
:1028E4000028C2D121465E4825F044F8002800F0B3
:1028F4009A80012096E781785A4825F03BF8002811
:102904000CBF042003208DE781785748019125F0FE
:1029140031F8002871D10199544825F02BF8B0FA08
:1029240080F0400980007DE78178514825F022F845
:10293400B0FA80F04009800074E785784D48294654
:1029440025F018F8002858D14D2D63D0572D7FF469
:1029540068AFE378303B012B8CBF0420022061E791
:102964008178384825F006F800280CBF042003209D
:1029740058E781784048019124F0FCFF00287FF457
:1029840074AF01993D4824F0F5FF002840D1019926
:102994003B4824F0EFFF00280CBF0420032041E74C
:1029A400384925F091F900283FF43CAF36492046D8
:1029B40025F08AF900283FF435AFA1783348019116
:1029C40024F0D8FF20BB0199314824F0D3FF00281C
:1029D4000CBF0420032025E781782E48019124F0C0
:1029E400C9FF00287FF441AF01992B4824F0C2FFAE
:1029F40000280CBF0420022014E7032012E70199E9
:102A0400264824F0B7FF00280CBF0420032009E760
:102A1400022007E7E178224824F0ACFF00280CBF2D
:102A240004200120FEE621461E4824F0A3FF0028CE
:102A34000CBF04200220F5E6AC1E0020881E0020F6
:102A4400081F0020FC1F0020F81E0020001F00208B
:102A5400E01E0020D41E0020CC1E0020B81E002042
:102A6400C01E00208C1E0020501E0020B41E00201A
:102A74004C1E0020541E0020601E00206C1E0020EE
:102A8400801E0020241E00202C1E0020341E002046
:102A9400481E0020681E0020141F0020101F002064
:102AA400581E0020C81E0020002800F00B8510B519
:102AB400037804463A2B40F0F484FFF75FFE0028C5
:102AC40000F0DC84431EDBB2012B40F2D8840328DF
:102AD40040F0EF84C549204625F0F6F8002800F0C0
:102AE400D084C349204625F0EFF8002800F0CB84B9
:102AF400C049204625F0E8F8002800F0C684BE4905
:102B0400204625F0E1F8002800F0C184BB492046A6
:102B140025F0DAF8002800F0BE84B949204625F0F3
:102B2400D3F8002800F0B984B649204625F0CCF843
:102B3400002800F0B484B449204625F0C5F80028E4
:102B440000F0B284B149204625F0BEF8002800F018
:102B5400AD84AF49204625F0B7F8002800F09984E9
:102B6400AC49204625F0B0F8002800F0A584AA4915
:102B7400204625F0A9F8002800F0A084A7492046A3
:102B840025F0A2F8002800F09B84A549204625F0F2
:102B94009BF8002800F09984A249204625F094F877
:102BA400002800F09484A049204625F08DF80028E0
:102BB40000F08F849D49204625F086F8002800F017
:102BC4008A849B49204625F07FF8002800F08584FC
:102BD4009849204625F078F8002800F0808496492A
:102BE400204625F071F8002800F07B8493492046A4
:102BF40025F06AF8002800F076849149204625F0F3
:102C040063F8002800F071848E49204625F05CF8B2
:102C1400002800F06C848C49204625F055F80028E3
:102C240000F067848949204625F04EF8002800F01A
:102C340062848749204625F047F8002800F05D8427
:102C44008449204625F040F8002800F05884824941
:102C5400204625F039F8002800F053847F492046A7
:102C640025F032F8002800F050847D49204625F0F4
:102C74002BF8002800F047847A49204625F024F8F0
:102C8400002800F046847849204625F01DF80028E5
:102C940000F03D847549204625F016F8002800F020
:102CA4003E847349204625F00FF8002800F035844F
:102CB4007049204625F008F8002800F088846E4901
:102CC400204625F001F8002800F07F846B49204657
:102CD40024F0FAFF002800F076846949204624F0A5
:102CE400F3FF002800F06D846649204624F0ECFFD1
:102CF400002800F064846449204624F0E5FF00289D
:102D040000F05B846149204624F0DEFF002800F0D7
:102D140052845F49204624F0D7FF002800F04984FC
:102D24005C49204624F0D0FF002800F040845A4932
:102D3400204624F0C9FF002800F037845749204674
:102D440024F0C2FF002800F02E845549204624F0C8
:102D5400BBFF002800F025845249204624F0B4FF2C
:102D6400002800F01C845049204624F0ADFF0028C0
:102D740000F013844D49204624F0A6FF002800F0FB
:102D84000A844B49204624F09FFF002800F0018468
:102D94004849204624F098FF002800F0F88346496B
:102DA400204624F091FF002800F0EF834349204699
:102DB40024F08AFF002800F0E6834149204624F0ED
:102DC40083FF002800F0DD833E49204624F07CFF89
:102DD400002800F0D4833C49204624F075FF0028E5
:102DE40000F0CB833949204672E000BF241F002045
:102DF4002C1F0020341F00203C1F0020441F0020F3
:102E04004C1F0020501F002060250020581F002068
:102E1400601F0020681F0020701F0020781F002002
:102E2400801F0020881F0020901F0020981F002072
:102E3400A01F0020A81F0020B01F0020B81F0020E2
:102E4400C01F0020C81F0020D01F0020D81F002052
:102E5400E01F0020E81F0020F01F0020F81F0020C2
:102E6400002000200820002010200020182000202E
:102E7400202000202820002030200020382000209E
:102E8400402000204820002050200020582000200E
:102E9400602000206820002070200020782000207E
:102EA40080200020882000209020002098200020EE
:102EB400A0200020A8200020B0200020B82000205E
:102EC400C0200020C8200020D0200020D8200020CE
:102ED40024F0FAFE002800F04E83C549204624F071
:102EE400F3FE002800F04583C249204624F0ECFE9E
:102EF400002800F03C83C049204624F0E5FE002869
:102F040000F03383BD49204624F0DEFE002800F0A3
:102F14002A83BB49204624F0D7FE002800F02183F1
:102F2400B849204624F0D0FE002800F01883B649A2
:102F3400204624F0C9FE002800F00F83B349204640
:102F440024F0C2FE002800F00683B149204624F094
:102F5400BBFE002800F0FD82AE49204624F0B4FEFA
:102F6400002800F0F183AC49204624F0ADFE00288F
:102F740000F0E883A949204624F0A6FE002800F0CA
:102F8400DF83A749204624F09FFE002800F0D68363
:102F9400A449204624F098FE002800F0CD83A249DD
:102FA400204624F091FE002800F0C4839F49204667
:102FB40024F08AFE002800F0BB839D49204624F0BB
:102FC40083FE002800F0B2839A49204624F07CFE58
:102FD400002800F0A9839849204624F075FE0028B3
:102FE40000F0A0839549204624F06EFE002800F0EE
:102FF40097839349204624F067FE002800F08E83CF
:103004009049204624F060FE002800F085838E4914
:10301400204624F059FE002800F07C838B4920468A
:1030240024F052FE002800F073838949204624F0DE
:103034004BFE002800F06A838649204624F044FEB3
:10304400002800F061838449204624F03DFE0028D6
:1030540000F058838149204624F036FE002800F011
:103064004F837F49204624F02FFE002800F046833A
:103074007C49204624F028FE002800F03D837A494C
:10308400204624F021FE002800F0348377492046AE
:1030940024F01AFE002800F02B837549204624F002
:1030A40013FE002800F022837249204624F00CFE0F
:1030B400002800F019837049204624F005FE0028FA
:1030C40000F010836D49204624F0FEFD002800F036
:1030D40007836B49204624F0F7FD002800F0FE82A8
:1030E4006849204624F0F0FD002800F0F582664986
:1030F400204624F0E9FD002800F0EC8263492046D4
:1031040024F0E2FD002800F0E3826149204624F027
:10311400DBFD002800F0DA825E49204624F0D4FD6D
:10312400002800F0D1825C49204624F0CDFD00281F
:1031340000F08B825949204624F0C6FD002800F097
:1031440082825749204624F0BFFD002800F079828E
:103154005449204624F0B8FD002800F070825249FA
:10316400204624F0B1FD002800F067824F49204634
:1031740024F0AAFD002800F05E824D49204624F088
:10318400A3FD002800F055824A49204624F09CFD06
:10319400002800F04C824849204624F095FD002880
:1031A40000F043824549204624F08EFD002800F0BB
:1031B4003A824349204624F087FD002800F03182FA
:1031C4004049204624F080FD002800F028823E4932
:1031D400204624F079FD002800F01F823B49204658
:1031E40024F072FD002800F016823949204671E06F
:1031F400E0200020E8200020F0200020F82000201B
:103204000021002008210020102100201821002086
:1032140020210020282100203021002038210020F6
:103224004021002048210020502100205821002066
:1032340060210020682100207021002078210020D6
:103244008021002088210020902100209821002046
:10325400A0210020A8210020B0210020B8210020B6
:10326400C0210020C8210020D0210020D821002026
:10327400E0210020E8210020F0210020F821002096
:103284000022002008220020102200201822002002
:103294002022002028220020302200203822002072
:1032A40040220020482200205022002058220020E2
:1032B4006022002068220020702200207822002052
:1032C40080220020882200209022002098220020C2
:1032D400A022002024F0F8FC002800F09A81DC49A8
:1032E400204624F0F1FC002800F09181D9492046C1
:1032F40024F0EAFC002800F08881D749204624F015
:10330400E3FC002800F07F81D449204624F0DCFC53
:10331400002800F07681D249204624F0D5FC00280C
:1033240000F06D81CF49204624F0CEFC002800F047
:103334006481CD49204624F0C7FC002800F05B815D
:10334400CA49204624F0C0FC002800F05281C84934
:10335400204624F0B9FC002800F04981C5492046E4
:1033640024F0B2FC002800F04081C349204624F038
:10337400ABFC002800F03781C049204624F0A4FCAF
:10338400002800F02E81BE49204624F09DFC002830
:1033940000F02581BB49204624F096FC002800F06B
:1033A4001C81B949204624F08FFC002800F01381C9
:1033B400B649204624F088FC002800F00A81B4496C
:1033C400204624F081FC002800F0C180B149204649
:1033D40024F07AFC002800F0B880AF49204624F09D
:1033E40073FC002800F0AF80AC49204624F06CFC4C
:1033F400002800F0A680AA49204624F065FC002895
:1034040000F09D80A749204624F05EFC002800F0CF
:103414009480A549204624F057FC002800F08B80B6
:10342400A249204624F050FC002800F08280A049E4
:10343400204624F049FC002879D09E49204624F0F7
:1034440043FC002871D09C49204624F03DFC002810
:1034540069D09A49204624F037FC002861D0984965
:10346400204624F031FC002855D09649204624F00B
:103474002BFC00280CBF04204FF0FF3010BD0120AE
:1034840010BD102010BD042010BD042010BD042068
:1034940010BD202010BD042010BD042010BD10203C
:1034A40010BD4FF0FF3010BD202010BD4FF48070D0
:1034B40010BD4FF0FF3010BD102010BD802010BD96
:1034C400102010BD4FF0FF307047102010BD1020A9
:1034D40010BD082010BD102010BD102010BD082004
:1034E40010BD082010BD102010BD102010BD1020EC
:1034F40010BD082010BD102010BD082010BD1020E4
:1035040010BD102010BD102010BD042010BD2020BF
:1035140010BD102010BD102010BD042010BD1020BF
:1035240010BD102010BD082010BD082010BD1020B3
:1035340010BD042010BD082010BD102010BD1020A7
:1035440010BD082010BD102010BD102010BD042097
:1035540010BD102010BD102010BD082010BD10207B
:1035640010BD102010BD102010BD102010BD102063
:1035740010BD102010BD102010BD102010BD102053
:1035840010BD102010BD102010BD102010BD102043
:1035940010BD102010BD802010BD102010BD1020C3
:1035A40010BD102010BD882010BD102010BD1020AB
:1035B40010BD102010BD102010BD102010BD102013
:1035C40010BD102010BD102010BD102010BD04200F
:1035D40010BD082010BD102010BD042010BD042013
:1035E40010BD042010BD082010BD082010BD1020FF
:1035F40010BD082010BD082010BD102010BD1020E3
:1036040010BD102010BD102010BD082010BD0420D6
:1036140010BD102010BD102010BD102010BD1020B2
:1036240010BD102010BD102010BD082010BD0820B2
:1036340010BD102010BD102010BD102010BD08209A
:1036440010BD082010BD082010BD082010BD00BF0B
:10365400A8220020B0220020B8220020C02200208E
:10366400C8220020D0220020D8220020E0220020FE
:10367400E8220020F0220020F8220020002300206D
:1036840008230020102300201823002020230020DA
:10369400282300203023002038230020402300204A
:1036A40048230020502300205823002060230020BA
:1036B400682300207023002078230020802300202A
:1036C4008823002090230020082010BD082010BD6E
:1036D400042010BD042010BD082010BD082010BD1A
:1036E400082010BD082010BD082010BD082010BD02
:1036F400102010BD102010BD082010BD082010BDE2
:10370400082010BD082010BD102010BD102010BDD1
:10371400082010BD082010BD082010BD102010BDC9
:10372400102010BD102010BD102010BD082010BDA9
:10373400102010BD102010BD042010BD102010BD9D
:10374400102010BD102010BD102010BD2F4B84463A
:103754002DE9F04F00259E461C464FF0010BC56431
:103764004FF4E13AA0F850504DF67C594FF4164806
:103774004FF4E1474FF49646BEE80F00CCF82E0014
:10378400CCF83210CCF83620CCF83A30BEE807003A
:10379400CCF83E00CCF84210CCF846209EF800E06D
:1037A4000FCCCCF85200CCF85610CCF85A20CCF8F8
:1037B4005E304FF416538CF84AE007CCCCF8620024
:1037C4006046CCF866104FF49651CCF86A204FF45A
:1037D40061528CF86EE08CF85EB1CCF810608CF815
:1037E40070508CF84251ACF82C50CCE905234FF4BE
:1037F4001663CCE907134FF49663CCE900A9CCE92E
:103804000287CCE90935BDE8F08F00BF281D0020F0
:10381400024B3122A3F87020704700BF0C580020DF
:10382400044A054B1268110CA3F8702083F8721037
:10383400704700BF3C2000200C580020024B30226F
:10384400A3F87020704700BF0C580020044A054BB1
:103854001268110CA3F8702083F87210704700BF2F
:10386400342000200C580020024B2322A3F870209F
:10387400704700BF0C580020044B18B13122A3F844
:10388400702070473022A3F8702070470C58002035
:10389400024B002283F87020704700BF0C580020B0
:1038A40070B5114E2321304624F064F858B1024615
:1038B40006F1D200941BFFF7F7F824EAE47383427D
:1038C40001DAD02800DD70BD051B621C3146701979
:1038D40023F082FF002DF6DD2A4630462021BDE884
:1038E400704023F0F5BF00BF7C58002030B55A4C1F
:1038F40083B0002504F14C008DF8075000F0D8F88F
:1039040004F1280000F0D4F804F5A17104F12800B2
:103914000DF1070200F05EF90DF1070204F5A17143
:1039240004F14C0000F056F99DF80730002B57D0F5
:10393400D222294604F1700023F0CAFF94F84231E0
:10394400063B622B48D8DFE803F0834747474747E5
:1039540047474747474747474747474747474747F3
:1039640047474747474747478047474747474747AA
:1039740047474747474747474747474747474747D3
:1039840047474747477D7A7774716E6B4747474788
:10399400476847474765625D5A5747544747474713
:1039A40047474747474747474747475132000BF088
:1039B4004BF994F870307BB1FFF772FF27499DF8FB
:1039C4000720A1F1240000F019F924499DF80720EB
:1039D400A1F1480000F012F9214B93F8E0360BB93D
:1039E40003B030BD15F08AFB03B030BD03F048FBD3
:1039F400DFE70AF01DFEDCE70AF016FCD9E709F060
:103A0400E7FDD6E70DF1070006F016FFD1E706F053
:103A140077FCCEE706F016FCCBE705F0E1FFC8E73C
:103A240002F01EF9C5E702F009F8C2E701F014FB41
:103A3400BFE701F0E7FABCE701F0C6F8B9E701F027
:103A44005BF8B6E700F06CF9B3E70BF0C5F8B0E744
:103A540001F02CF8ADE700BF0C5800207C58002082
:103A6400B049002008B51DF061FC1DF05FFC0A4858
:103A7400FFF76CFE094B0022002000211A601A6136
:103A84005A605A619A60DA60C3E90801C3E90A011D
:103A9400C3E90C0108BD00BF0C5800205852002097
:103AA4001FF0B0BB1FF06ABB01600271704700BF1A
:103AB4002DE9F0430446444D83B0444E206800276A
:103AC400DFF80C8103681B69AB4231D11FF056FB50
:103AD400002830DD94F80590B9F1000F2BD120684F
:103AE40003685B69B3426DD11FF08CFBC0B206283A
:103AF40024D0831FDBB21A2B2AD848FA03F3DB073E
:103B04000FD594F82220531C2244DBB290711B2B56
:103B140004EB030284F82230977134D91B2384F810
:103B2400223084F80590206803681B69AB42CDD02D
:103B340098470028CEDC03B0BDE8F08394F8223027
:103B4400002BEED10123E080637103B0BDE8F08364
:103B540094F82220531C2244DBB290711B2B04EBFB
:103B6400030284F8223097710DD91B23232884F88B
:103B74002230D6D1A2793A2A0ED084F82270A771C5
:103B840084F80590CFE72328CBD194F82230012B79
:103B9400F3D9A2793A2AF0D1013B23449A79232A12
:103BA400EBD1E11D4FF001099F710846019124F00A
:103BB40057FA019900EB0902A01D23F00DFE84F8C9
:103BC4000590B0E7984791E7451D0000411D0000AE
:103BD4006EFFFFFB437970B5044613B116781546A2
:103BE40006B170BD0846A11D24F0D8F92379667189
:103BF40084F82260A6712B7070BD00BF03799342D4
:103C040000D0704770B50D46046851B1084624F0E1
:103C140027FA23680246294620465B68BDE87040BF
:103C2400184770BD08B51DF081FBBDE808401DF0C4
:103C34007DBB00BF0000000010B5374C94F88F34F2
:103C4400022B2DED028BB0EE408B02D894F8983401
:103C540073B932481BF01CFAA37D012B3FD02F48C7
:103C6400BDEC028B9FED260BBDE810401BF0C6B9DE
:103C740004F5966393ED000B04F59863B0EEC07BF6
:103C840013ED021BB5EEC07BF1EE10FA06DCB0EECC
:103C9400C17BB5EEC07BF1EE10FADADD1F481BF0F4
:103CA4001FF90028D5D094EDA27BB5EE407BF1EE50
:103CB40010FA0FD194EDA47BB5EE407BF1EE10FA2F
:103CC40008D194EDA67BB5EE407BF1EE10FA14BF5B
:103CD4000120002084F89004BDEC028B10BDB5EEE9
:103CE400C08B0E489FED080B9FED097BF1EE10FA97
:103CF400BDEC028B20FE070BBDE810401BF07EB923
:103D04000000000000000000182D4454FB21F93F7E
:103D1400182D4454FB21F9BFB0490020F84A002073
:103D24002DE9F043C24C2DED088B94F84351F1B0CA
:103D3400A5F12A032D2B38D8DFE813F0A3013700AF
:103D440037003700370037008C013E003E003E004C
:103D54003E003E003E003E003E003E00370037007D
:103D640037003700370037003700190158011901AF
:103D74003700370137003700370037003700370086
:103D840037003700370037002E0037003700370080
:103D94003700370037009A0194F844312BB9A54C09
:103DA40094F87B34002B40F0A78271B0BDEC088BF3
:103DB400BDE8F043FFF76CBDA5F13006F6B272B66C
:103DC4009D4B1B6862B69D4A934203DD9C490B449C
:103DD4009342FCDC07EE903AB3EE084B954CB2EEFE
:103DE4000E5BB8EEE77B0CAF04F59C690DF1480857
:103DF4009FED873B99ED000B9FED878B87EE036B5F
:103E040026EE046B96EE050B18F046FD8D4B24A8A8
:103E140020EE082B19ED021B93ED029B9FED800B06
:103E240021EE081B17F072FC214638460FF050FDB6
:103E340029EE088B00220EAB3A700FCBB0EE480B84
:103E44008DE80F0024A954A897E80C0017F0A4FCEF
:103E5400404621460FF03CFD14ABB0EE480B0FCBAF
:103E64008DE80F0024A962A898E80C0017F094FCD0
:103E740094F88F84B8F1020F98BF032E0CBF4FF053
:103E840001094FF0000900F0538394F8303394F89B
:103E94006024134300F0D582664930A810F068FD11
:103EA40094EDA27BB5EE407BF1EE10FA40F0E9818F
:103EB40094EDA47BB5EE407BF1EE10FA40F0E18185
:103EC40094EDA67BB5EE407BF1EE10FA40F0D9817B
:103ED400B8F1020F40F2978394F86034012B00F29A
:103EE400D08130A818F0D8F830A8B0EE408B18F084
:103EF400C9F854A8B0EE40AB17F096FFB0EE40BB43
:103F040054A817F07FFFB0EE4A3BB0EE401B4E487A
:103F1400B0EE482BB0EE4B0B1BF0F6F954A817F09B
:103F240083FFB0EE40BB54A817F06CFFB0EE4A3BE1
:103F3400B0EE401B4448B0EE482BB0EE4B0B1BF0E8
:103F44005FF994F86034022B40F0BC8194F832336A
:103F5400002B40F0928394F88F34B34200F2B7817F
:103F640001232F3D84F87D3484F87E54BEE1314D25
:103F740001200CF025FF28460FF096FC94F843210D
:103F84000023A2F1410285F87D34B2FA82F285F869
:103F94007E3485F87B34520985F87C2471B0BDECFD
:103FA400088BBDE8F043FFF733BC224B93F8322370
:103FB400002A00F0808093EDCE7B9FED1B6B27EEF3
:103FC400067B0123214C002262A9009320468DED3B
:103FD400627B18F029FB204624F042F81C4B1B8816
:103FE400235271B0BDEC088BBDE8F08301200CF0C6
:103FF400E7FE104B002283F87B24C3F87C2471B0C5
:10400400BDEC088BBDE8F043FFF702BCAFF30080C2
:1040140000000000C07A6041399D52A246DF913F02
:104024000000000000000000F8C1631ADCA54C4049
:104034000C580020B04900205852002000D68300BC
:10404400002A7CFF70490020F84A00207C58002098
:10405400FC1F002094F844312C2B2FD0D4F8445169
:1040640043F22C3325F07F459D4240F0B2819CE61B
:104074000DF070FA71B0BDEC088BBDE8F043FFF7AA
:10408400C7BB94F844312C2B50D194F84531722B92
:1040940000F0C481D4F8446143F22C3226F07F4608
:1040A40096423FF482AE94F84671002F7FF47DAEC1
:1040B4006D2B45D079E69FEDCC7B82E794F84531B2
:1040C400722B40F0738194F84631A3F13005333BF1
:1040D400062BEDB23FF669AE94F84731002B7FF41E
:1040E40064AE002D3FF461AE2E46C54C01200CF0A9
:1040F40067FE20460FF0D8FB012104F5DD600FF0C8
:10410400EFFC0A201CF0F2FF94F8F835002B40F085
:104114006D820123002284F87A5484F88F6484F831
:104124007D34A4F87E3484F87B2437E7D4F84461E2
:1041340043F22C3326F07F469E423FF436AE0027EE
:10414400AF4C01200CF03CFE012104F5DD600FF0C2
:10415400C7FC0A201CF0CAFF94F8F835002B40F085
:104164004982A74813F0ECFA94F8C03480461BB196
:104174000022984684F8C02472B6A24B1B6862B62B
:10418400A1498B4203DDA14D2B448B42FCDC07EE9D
:10419400903AB3EE084B9E4DB2EE0E5BB8EEE77B61
:1041A4000DF1F0099FED923B95ED000B9FED928B85
:1041B40087EE036B26EE046B96EE050B18F06CFB92
:1041C400944B48A820EE082B15ED021B9FED860B9F
:1041D40093ED029B21EE081B17F098FAA5F59C615C
:1041E40048460FF075FB3EAB29EE080B0FCB8DE86C
:1041F4000F0048A962A899E80C0017F0CDFA4246CE
:1042040062A9A5F59C6010F0C9F8A5F59C6154A8B5
:1042140010F0AEFB62A817F007FE62A8B0EE408B68
:1042240017F0F0FD54A88DED080B17F035FF54A8D6
:104234008DED060B17F026FFA5F56670B0EE403B3A
:10424400B0EE480B9DED062B9DED081B1AF0D8FF30
:104254000122022384F87D2484F87E34002F40F068
:10426400C38146F62C539E420CBF03230223002233
:1042740084F87A3484F88F7484F87B24FFF7C8FABE
:10428400AFE630A817F008FF30A88DED080B17F043
:10429400F9FE54A88DED060B17F0C6FDB0EE408B69
:1042A40054A817F0AFFD5C48B0EE401BB0EE480BCD
:1042B4009DED063B9DED082B1BF026F8B8F1020F8F
:1042C40040F2398194F88F34B34240F2978194F8E4
:1042D4006034022B00F2768201222F3D94F83233AF
:1042E40084F87D2484F87E5484F87834002384F898
:1042F4003630FFF78DFA74E672B6424B1B6862B62D
:10430400414A934203DD41490B449342FCDC07EEEE
:10431400903AB3EE084B3E4DB2EE0E5BB8EEE77B3F
:1043240048AE9FED333B95ED000B9FED338B87EE4D
:10433400036B26EE046B96EE050B18F0ADFA354BC5
:1043440054A820EE082B15ED021B9FED270B93EDCF
:10435400029B21EE081B17F0D9F9A5F59C613046A4
:104364000FF0B6FA4AAB29EE080B0FCB8DE80F001D
:1043740054A962A896E80C0017F00EFA01200CF07C
:104384001FFDA5F59C6013F0DBF962A90246A5F5B3
:104394009C6010F003F80023022284F87D3484F832
:1043A4007E34A4F87A2484F83630F7E5D4F84451FE
:1043B40043F22C3225F07F4595423FF4F6AC94F855
:1043C4004621002A7FF4F1AC6D2B02D0322B7FF40E
:1043D400ECAC46F62C5300269D420CBF0325022567
:1043E40083E600BFAFF3008000000000000000007F
:1043F40000000000C07A6041399D52A246DF913F1F
:10440400B04900205852002000D68300002A7CFFC7
:10441400904E002070490020F84A002094F846315C
:10442400A3F13302062A3FF6C0AC94F84721002AD0
:104434007FF4BBAC303BD4F84461DFB226F07F4656
:104444007EE604F5227304F5D87262A93CA817F03D
:1044540017FC214648A810F08BFA3CA817F01CFE64
:10446400B0EE408B48A817F017FE3CA838EE408BFE
:1044740017F008FE48A8B0EE40AB17F003FE9FED1E
:10448400C07B3AEE400BB4EEC78BF1EE10FA08DDB8
:104494009FEDBD6B38EE468BB4EEC78BF1EE10FA90
:1044A400F8DC9FEDBB7BB4EEC78BF1EE10FA08D5B8
:1044B4009FEDB56B38EE068BB4EEC78BF1EE10FAB8
:1044C400F8D49FEDAF7BB4EEC70BF1EE10FA08DD24
:1044D4009FEDAD6B30EE460BB4EEC70BF1EE10FA68
:1044E400F8DC9FEDAB7BB4EEC70BF1EE10FA08D508
:1044F4009FEDA56B30EE060BB4EEC70BF1EE10FA90
:10450400F8D4B0EEC87BB0EEC00B9FEDA36B37EED2
:10451400007BB4EEC67BF1EE10FA7FF7BDACA64883
:1045240013F00EF962A90246A3480FF037FFB3E473
:10453400FFF7AEF955E594F83233002B3FF410AD94
:104544009D4813F011F9054630B994F87A34022BDA
:1045540002D9022E00F06C8294F88F34022B2CD9ED
:1045640048AD954994F8606428460FF0B1F94AAB18
:104574000FCB8DE80F00914895E80C001AF0D8FE97
:1045840094EDA27BB5EE407BF1EE10FA40F0DF80B3
:1045940094EDA47BB5EE407BF1EE10FA40F0D780A9
:1045A40094EDA67BB5EE407BF1EE10FA40F0CF809F
:1045B400032E00F2E48100F00082B0EE490BFFF715
:1045C4003BFB7D4813F0BCF862A902467A480FF021
:1045D400E5FE0023012284F87D3484F87E3484F8D7
:1045E400782484F87B3481E63B4640E6204614F088
:1045F400FFF88EE5204614F0FBF8B2E594F8322378
:10460400002AABD1ACE430A817F046FD30A8B0EED8
:10461400408B17F037FD54A8B0EE40AB17F004FC04
:10462400B0EE40BB54A817F0EDFBB0EE4A3BB0EE41
:10463400401B6248B0EE482BB0EE4B0B1AF064FE00
:1046440054A817F0F1FBB0EE40BB54A817F0DAFB06
:10465400B0EE4A3BB0EE401B5848B0EE482BB0EEEB
:104664004B0B1AF0CDFD94F86034022B7FF463AF4A
:1046740094F83233002B3FF473AC4F493CA810F04C
:1046840077F94D4813F05CF862A902464A480FF0E6
:1046940085FE494948A810F06BF948A817F0FCFCBE
:1046A400B0EE408B3CA817F0F7FC48A838EE408BDE
:1046B40017F0E8FC3CA8B0EE40AB17F0E3FC9FED2C
:1046C400307B3AEE401BB4EEC78BF1EE10FA08DDF6
:1046D4009FED2D6B38EE468BB4EEC78BF1EE10FADE
:1046E400F8DC9FED2B7BB4EEC78BF1EE10FA08D506
:1046F4009FED256B38EE068BB4EEC78BF1EE10FA06
:10470400F8D49FED1F7BB4EEC71BF1EE10FA08DD61
:104714009FED1D6B31EE461BB4EEC71BF1EE10FA94
:10472400F8DC9FED1B7BB4EEC71BF1EE10FA08D545
:104734009FED156B31EE061BB4EEC71BF1EE10FABC
:10474400F8D4B0EE480B1D481AF0C4FDB6E59FED51
:10475400147BB4EEC70BF1EE10FA3FF629AF184BF9
:1047640001229FED117B9FED126B84F8902420EEC3
:10477400077B27EE067BB7EEC77B83ED007A20E745
:10478400182D4454FB210940182D4454FB21194091
:10479400182D4454FB2109C0399D52A246DF913F94
:1047A400A396CF574B10233FF8C1631ADCA54C40A6
:1047B400000000000020AC40B0490020F84A00206E
:1047C400444E002018AEB24930460FF081F81AABBF
:1047D4000FCB8DE80F00AF4896E80C001AF0A8FD47
:1047E4000022002394EDA27B47E90223B5EE407B2F
:1047F400F1EE10FA7FF470AD94EDA47BB5EE407B3E
:10480400F1EE10FA7FF468AD94EDA67BB5EE407B33
:10481400F1EE10FA7FF460AD9FED917BB4EEC70B1F
:10482400F1EE10FA7FF758AD1EAE99491EA80FF0AD
:104834004FF8EC460FCEACE80F0096E803000022D8
:104844008CE803000AA993481BF080FB00283FF47E
:1048540043AD914B17ED027B9FED834B9FED845B42
:1048640094EDA26B27EE047BB5EE406B27EE057B3F
:10487400F1EE10FAB7EEC77B83ED007A11D194ED17
:10488400A47BB5EE407BF1EE10FA0AD194EDA67B41
:10489400B5EE407BF1EE10FA0CBF4FF001094FF07A
:1048A400000989F001097A493CA884F8909410F031
:1048B4005FF8774812F044FF62A9024674480FF08B
:1048C4006DFD734948A810F053F848A817F0E4FBAD
:1048D400B0EE408B3CA817F0DFFB48A838EE408BC5
:1048E40017F0D0FB3CA8B0EE409B17F0CBFB9FED3C
:1048F400627B39EE401BB4EEC78BF1EE10FA08DD93
:104904009FED5F6B38EE468BB4EEC78BF1EE10FA79
:10491400F8DC9FED5D7BB4EEC78BF1EE10FA08D5A1
:104924009FED576B38EE068BB4EEC78BF1EE10FAA1
:10493400F8D49FED517BB4EEC71BF1EE10FA08DDFD
:104944009FED4F6B31EE461BB4EEC71BF1EE10FA30
:10495400F8DC9FED4D7BB4EEC71BF1EE10FA08D5E1
:104964009FED476B31EE061BB4EEC71BF1EE10FA58
:10497400F8D4B0EE480B47481AF0ACFCACE40CF0A9
:1049840093FD00283FF419AE94EDA27BB5EE407B75
:10499400F1EE10FA7FF415AE94EDA47BB5EE407BF6
:1049A400F1EE10FA7FF40DAE94EDA67BB5EE407BEC
:1049B400F1EE10FA3FF401AE03E6002200236E4646
:1049C400344FCDE93C230FCD0FC695E803000022F8
:1049D40086E803003CA938461BF0B8FA00283FF4E7
:1049E400ECAD9FED214B9DED3C7B9FED215B94ED68
:1049F400A26B27EE047BB5EE406B27EE057BF1EE50
:104A040010FAB7EEC77B87EDD37A24D194EDA47B5B
:104A1400B5EE407BF1EE10FA1DD194EDA67BB5EE18
:104A2400407BF1EE10FA16D1002384F89034C4E5EB
:104A3400174812F085FE62A9024615480FF0AEFC35
:104A44000323012284F8785484F87D3484F87E3476
:104A540084F87B244AE4012384F89034B1E500BF50
:104A64009D8FFFB2A555E43EF8C1631ADCA54C4006
:104A7400000000000020AC40182D4454FB210940E4
:104A8400182D4454FB211940182D4454FB2109C00E
:104A9400B0490020F84A0020444E002008B51CF01C
:104AA40045FCBDE808401CF041BC00BF0C4B9B7D9D
:104AB400022B0DD005D8012B0ED10A4B47221A80A8
:104AC4007047033B012B07D8064B41221A807047DD
:104AD400044B50221A807047024B4C221A807047B4
:104AE400B04900207C58002008B51CF01FFCBDE82C
:104AF40008401CF01BBC00BF08B52D4B93F8433194
:104B04002D2B01D02B2B4AD12A4AD2F8A418FF29E5
:104B140023DC1E2944DC1F212D2BC2F8A41821D02C
:104B24002B2B13D107EE901A9FED1F6BB8EEE77B8A
:104B340027EE067BFDEEC77B17EE901AFF29C2F81D
:104B4400A4181FDDFF231946C2F8A43806201DF05F
:104B54000DF9BDE80840FEF79BBEFF212D2BC2F8DE
:104B6400A418DDD107EE901A9FED0F5BB8EEE77B3A
:104B740087EE056BFDEEC67B17EE901AFF29C2F88F
:104B8400A418DFDC1E29E1DC1F2306201946C2F825
:104B9400A4381DF0EBF8BDE80840FEF779BE08BD67
:104BA4002D2BBDD1DEE700BF666666666666F63FFE
:104BB4000C580020B049002008B51CF0B7FBBDE834
:104BC40008401CF0B3BB00BF2DE9F043C24C2DEDEF
:104BD400028B2046B5B012F097FD20B135B0BDEC84
:104BE400028BBDE8F083204612F09EFD0028F5D12B
:104BF400BA4D95F84331413BDBB2142BEED8B84A99
:104C040042FA03F313F00106E8D1204612F098FDAE
:104C140094F8C034074613B11F4684F8C06495F86D
:104C24004331413B142BD9D801A252F823F000BFE1
:104C34002F3000007D2E00007D2E00007D2E000010
:104C44007D2E00007D2E00007D2E00007D2E0000B4
:104C54007D2E00007D2E00007D2E00007D2E0000A4
:104C6400252F00007D2E00007D2E00007D2E0000EB
:104C74007D2E00007D2E0000252F00007D2E0000DB
:104C84006B30000094F87C34002B00F03D8172B648
:104C9400944B1B6862B6944A934203DD93490B44D8
:104CA4009342FCDC07EE903AB3EE084B904EB2EE22
:104CB4000E5BB8EEE77BDFF84C920DF120089FED18
:104CC400803B96ED000B9FED808B87EE036B26EE09
:104CD400046B96EE050B17F0DFFD0EA820EE082BF3
:104CE40016ED021B9FED7A0B21EE081B16F00EFD4C
:104CF400A6F59C61404699ED020B20EE080B8DED64
:104D0400040B0EF0E5FD0AAB0FCB9DED040B8DE813
:104D14000F000EA926A898E80C0016F03DFD94F8A3
:104D24003033002B00F043816B491AA80FF020FEAA
:104D340026A817F079F826A8B0EE408B17F062F891
:104D44001AA88DED060B17F0A7F91AA88DED040B20
:104D540017F098F96748B0EE403BB0EE480B9DED74
:104D6400042B9DED061B1AF04BFA94F83233002BFA
:104D740040F00A8195F843314D2B00F0FE805648EF
:104D840035B0BDEC028BBDE8F04313F031BD5A4C95
:104D9400012126A89FED4C7B94ED002B14ED021B02
:104DA4009FED4B0B22EE072B21EE071B16F0C4FEE2
:104DB4003A4626A9A4F59A600FF0F0FA4F4A504BF0
:104DC40092E803001860197108E70E2000240BF024
:104DD40095FD05461CF0CEFA0346681C444E63F369
:104DE40007041CF0C7FA60F30F24A81C1CF0C2FAD5
:104DF4000346E81C63F317441CF0BCFA0346122074
:104E040063F31F6407EE904A0024B7EEE77A86ED59
:104E1400007B0BF073FD05461CF0ACFA60F307044D
:104E2400681C1CF0A7FA60F30F24A81C1CF0A2FA5B
:104E34000346E81C63F317441CF09CFA60F31F64F8
:104E440007EE904AB7EEE77A06ED027B72B6254B81
:104E54001B6862B6244A934203DD24490B449342FF
:104E6400FCDC07EE903AB3EE084BB2EE0E5BB8EE04
:104E7400E77B9FED133B96ED000B9FED138B87EEC5
:104E8400036B26EE046B96EE050B17F005FD26A8C2
:104E940020EE082B16ED021B9FED0D0B21EE081BD7
:104EA40016F034FC174B26A93A460B4893ED020B37
:104EB40020EE080B0FF04CFA80E700BFAFF3008040
:104EC40000000000C07A6041399D52A246DF913F44
:104ED4000000000000000000B04900200C58002031
:104EE400FEEFEBFF5852002000D68300002A7CFF1F
:104EF400904E0020F84A0020804E00209823002085
:104F04007C5800207049002072B6334B1B6862B68F
:104F1400324A934203DD32490B449342FCDC07EEF0
:104F2400903AB3EE084B2F4CB2EE0E5BB8EEE77B33
:104F34009FED233B94ED000B9FED238B87EE036BDA
:104F440026EE046B96EE050B17F0A6FC26A820EEC1
:104F5400082B14ED021B9FED1E0B21EE081B16F00F
:104F6400D5FB214B3A4626A9A4F59C6093ED020B90
:104F740020EE080B0FF0ECF9FCE61C4B93E8030061
:104F8400286785F87410FAE699ED020BFEF754FED3
:104F9400174812F0D5FB26A9024615480FF0FEF972
:104FA4000122002384F8782484F87C34E2E63A462B
:104FB400A6F59C6026A90FF0F1F9B5E6AFF30080E1
:104FC40000000000C07A6041399D52A246DF913F43
:104FD40000000000000000005852002000D68300AA
:104FE400002A7CFF904E0020704900209823002066
:104FF400B049002008B51CF099F9BDE808401CF040
:1050040095B900BF10B50B4C94F8433103B110BDF2
:10501400094812F083FB50B17F23A4F87030074C89
:10502400204623F01DF8064B1B88235210BD84F83C
:105034007000F4E70C580020B04900207C58002090
:10504400FC1F002008B51CF071F9BDE808401CF0F5
:105054006DB900BF00000000AF4A2DE9F0412DED0D
:10506400028B92F84331A0B0413B0C2B13D8DFE8FC
:1050740003F00712823012121212121212121900C5
:1050840092F84431512B00F00A82532B00F0A7818F
:10509400452B00F0578120B0BDEC028BBDE8F041F8
:1050A400FEF7F6BB92F84431532B7ED0412B00F02F
:1050B400D782552B00F00783512BECD1974B00225C
:1050C40083F8362020B0BDEC028BBDE8F041FEF73A
:1050D4009FBB924C94F83630012B00F0BA80022B1F
:1050E4005BD104F59A6312AD012128469FED847BC0
:1050F40093ED002B13ED021B9FED830B22EE072B88
:1051040021EE071B16F018FD204612F019FB10AA19
:105114000EAB0DF1580E0A90EC46CDE90B32BEE809
:105124000F00ACE80F00BEE80F00ACE80F009EE8EB
:1051340003008CE8030095E80F0013F011FEDFED87
:10514400786A0246DDED107A9DED0E7A67EEA67A56
:10515400744927EE267A7448FDEEE77ABDEEC77AE5
:10516400CDED007A17EE103A22F0D0FA20B0BDEC63
:10517400028BBDE8F08192F84431532B00F06A8130
:10518400542B00F0B180452B00F0608120B0BDECC1
:10519400028BBDE8F041FEF767BB0023614962481A
:1051A4001A46009322F0B2FAE0E772B65F4B1B682E
:1051B40062B65F4A934203DD5E490B449342FCDCD2
:1051C40007EE903AB3EE084B544EB2EE0E5BB8EED7
:1051D400E77B12AD06F59C649FED4D3B94ED000B0F
:1051E4009FED478B87EE036B26EE046B96EE050B63
:1051F40017F052FB284620EE082B14ED021B9FEDFE
:10520400420B6C4621EE081B16F080FA304612F071
:1052140097FA494B08900DF1580C93ED020B10AB23
:105224000A930EAB20EE080B0993BCE80F000FC4E1
:105234009CE80F0084E80F0095E80F0013F006FFC8
:105244003E490246384822F061FA012386F8363096
:105254008CE772B6354B1B6862B6354A934203DD60
:1052640034490B449342FCDC07EE903AB3EE084B0E
:10527400334CB2EE0E5BB8EEE77B12AD9FED243BF0
:1052840094ED000B9FED1E8B87EE036B26EE046BF3
:1052940096EE050B17F000FB284620EE082B14EDC4
:1052A400021B9FED190B21EE081B16F02FFAA4F533
:1052B4009C6012F045FA10AB1F4A0DF1580C08908F
:1052C4006C4692ED020B0A930EAB099320EE080B89
:1052D400BCE80F000FC49CE80F0084E80F0095E8B9
:1052E4000F0013F0B3FE2AE70C480FF069F820B062
:1052F400BDEC028BBDE8F041FEF792BAAFF300803B
:10530400399D52A246DF913F0000000000000000DA
:1053140000000000C07A60410C580020B049002011
:1053240000007042A02300207C5800205852002026
:1053340000D68300002A7CFF70490020B02300209F
:10534400904E0020BE4C12AB10AA0EA920460FF0BE
:105354000BFB94F88B369DED0E7B002B40F0A68062
:10536400002394F8AB269DED107B002A00F05681B3
:10537400D4F8BC26117E012940F2F68272B6516936
:1053840062B6D4F8B826AF488D1A8A4206EE905A0F
:10539400B8EEE65B90ED006B37EE467B00F03E81A5
:1053A400B5EE407BF1EE10FA00F0388185EE076B24
:1053B400B5EEC07BF1EE10FACCBF01220022002D25
:1053C400C8BF82F0010284F8A926B0EEC66B00EDD6
:1053D400046B002B00F02281FEF722FAC6E6984CFB
:1053E4000023204684F87D360FF0EAF812AB10AAA9
:1053F4000EA920460FF0B8FA04F5D262D4F89C3610
:10540400DDE90E01C2E900011A7E012A40F2BD80E5
:1054140072B65A6962B601238A49C4F8982684F898
:105424008B36D4F8BC36DDE91067C1E900671A7E13
:10543400012A40F2DB8172B65A6962B60123C4F8CC
:10544400B82684F8AB36FEF7EBF98FE67C480FF00C
:10545400B7F84CE77A4C94F83630012B58D0022B2D
:105464007FF445AF04F59A63012112A89FED6E7B8A
:1054740093ED002B13ED021B9FED6D0B22EE072B1A
:1054840021EE071B16F058FB204612F059F912A919
:10549400024620460EF082FFFEF7C2F966E6684B2C
:1054A400002283F88B2683F8AB2620E7D4F89C16D9
:1054B4000A7E012A40F2F38172B64A6962B66249F1
:1054C400D4F8980691ED006B904237EE467B3FF49A
:1054D40047AFB5EE407BF1EE10FA3FF441AF121A3C
:1054E400B5EEC07B06EE902AF1EE10FAB8EEE65B5C
:1054F400CCBF0120002085EE076B002AC8BF80F0D6
:10550400010084F88906B0EEC66B01ED046B28E750
:1055140072B64E4B1B6862B64D4A934203DD4D4949
:105524000B449342FCDC07EE903AB3EE084B4A4C32
:10553400B2EE0E5BB8EEE77B9FED3F3B94ED000BC4
:105544009FED398B87EE036B26EE046B96EE050B0D
:1055540017F0A2F912A820EE082B14ED021B9FED00
:10556400340B21EE081B16F0D1F8A4F59C6012F060
:10557400E7F83A4B024612A9A4F59C6093ED020B9E
:1055840020EE080B0EF0E4FE26E772B6D3E9001015
:105594009A68096800681140DA68104200F0768160
:1055A4001A7C02F0030209B142F0040242F008023C
:1055B4009108013A19740D2A3FF62BAF01A151F855
:1055C40022F000BFA53800009D380000B538000067
:1055D4009D380000B3360000AD380000A538000047
:1055E400A5380000AD380000B33600009D38000037
:1055F400B53800009D380000A53800005A69013A0A
:105604005A6107E75A6901325A6103E75A69023A53
:105614005A61FFE65A6902325A61FBE6FEF716F94F
:10562400A4E500BFAFF30080399D52A246DF913F4D
:10563400000000000000000000000000C07A60418B
:10564400B0490020605000204050002058520020F3
:1056540000D68300002A7CFF904E00207049002071
:10566400B94F12AE012116AD07F59A6330466C4668
:105674009FEDAF7B93ED002B13ED021B9FEDAE0B63
:1056840022EE072B21EE071B16F056FA384612F0CD
:1056940057F810AB0A900C930EAB0B930FCD0FC4BD
:1056A4000FCD0FC495E8030084E8030096E80F00CB
:1056B40013F056FBA5490246A54822F027F8022319
:1056C40087F8363052E50E2000250BF017F9064610
:1056D4001BF050FE03462C46701C63F307051BF0B9
:1056E40049FE9C4F60F30F25B01C1BF043FE03469C
:1056F400F01C63F317451BF03DFE0346122063F3D1
:105704001F6507EE905AB7EEE77A87ED007B0BF042
:10571400F5F805461BF02EFE0346681C63F30704E8
:105724001BF028FE60F30F24A81C1BF023FE034685
:10573400E81C63F317441BF01DFE60F31F6407EEBF
:10574400904AB7EEE77A07ED027B72B6824B1B688C
:1057540062B6824A934203DD81490B449342FCDCE6
:1057640007EE903AB3EE084BB2EE0E5B12AEB8EE13
:10577400E77BDFF8D48116AD6C469FED713B97ED66
:10578400000B9FED6B8B87EE036B26EE046B96EE9E
:10579400050B17F081F8304620EE082B17ED021B9D
:1057A4009FED650B21EE081B15F0B0FF404611F08C
:1057B400C7FF6C4B089093ED020B10AB0A930EAB32
:1057C40020EE080B09930FCD0FC495E80F0084E871
:1057D4000F0096E80F0013F039FC5C4902465C4860
:1057E40021F094FF012388F83630BFE472B6D3E980
:1057F40000109A68096800681140DA6810423DD0C8
:105804001A7C02F0030209B142F0040242F00802D9
:105814009108013A19740D2A3FF60EAE01A151F810
:1058240022F000BF053B0000FD3A0000153B0000DC
:10583400FD3A0000D93600000D3B0000053B000096
:10584400053B00000D3B0000D9360000FD3A000086
:10585400153B0000FD3A0000053B00005A69013A7F
:105864005A61EAE55A6901325A61E6E55A69023A2F
:105874005A61E2E55A6902325A61DEE51A7C02F0A5
:1058840003020029C4D042F00402C1E71A7C02F0EA
:10589400030200293FF48CAE42F0040288E672B69B
:1058A40008688A68006810404A681568CA68154222
:1058B40000F0AA800A7C02F0030208B142F004025C
:1058C40042F008029008013A08740D2A3FF6F5AD3B
:1058D40001A050F822F000BFB93B0000B13B00002A
:1058E400C93B0000B13B00005B370000C13B000036
:1058F400B93B0000B93B0000C13B00005B3700002E
:10590400B13B0000C93B0000B13B0000B93B0000C3
:105914004A69013A4A61D1E54A6901324A61CDE5F1
:105924004A69023A4A61C9E54A6902324A61C5E5EF
:10593400399D52A246DF913F0000000000000000A4
:1059440000000000C07A6041B0490020B02300206C
:105954007C580020904E00205852002000D683002E
:10596400002A7CFF7049002072B6106891680068B4
:10597400084051680D68D1680D423DD0117C01F09A
:10598400030108B141F0040141F00801880801391C
:1059940010740D293FF6F3AC01A050F821F000BFBC
:1059A400813C0000793C0000913C0000793C0000FF
:1059B4001F360000893C0000813C0000813C00004F
:1059C400893C00001F360000793C0000913C000037
:1059D400793C0000813C0000516901395161CFE4F8
:1059E400516901315161CBE4516902395161C7E414
:1059F400516902315161C3E4117C01F003010028B3
:105A0400C4D041F00401C1E70A7C02F0030200287B
:105A14003FF458AF42F0040254E700BF08B51BF04E
:105A240085FCBDE808401BF081BC00BF08B51BF035
:105A34007DFCBDE808401BF079BC00BF684B2DE934
:105A4400F04F93F8374089B054B9664B93F843311B
:105A54003F2B00F0B38009B0BDE8F04FFDF718BF4D
:105A640000233A22604806930546ADF81C30CDE980
:105A74000023CDE90233CDE904331AF0A7FB01E09A
:105A84001AF05AFB28461AF005FB03462846002B59
:105A9400F6DC6D46534F284622F0E2FA5349284477
:105AA40022F046F8524B421B1B88038097F843317F
:105AB400572B2CD83E2B13D8213BDBB2172B0AD8FB
:105AC400012101FA03F34B491940002932D141F273
:105AD40009410B4212D1FDF7DBFE09B0BDE8F08F9E
:105AE4003F3B0121DBB201FA03F34349194001BBF7
:105AF40042491940F1B942490B42ECD001322946DE
:105B040039481BF051F838481AF060FBE3E7613B71
:105B1400DBB21D2BDFD8012101FA03F33949194007
:105B240008D13948034204D1384919400029D2D058
:105B3400E4E7002401322946DFF8DC902A481BF010
:105B440033F829481AF042FBD9F80020D9F800307C
:105B540002F5FA7843453BD24FF0000B224E2C4D10
:105B6400DFF8B8A017E030461AF0E6FA07EB0B03AB
:105B7400C0B283F8700034BB23282ED00BF1010B84
:105B8400BBF1D00F24DC07EB0B0383F87040D9F88A
:105B9400003098451CD930461AF07CFA0028E2DC23
:105BA4001C4B69681A68AAFB0232C823920C03FBD7
:105BB40002F26B685B1A9A42FBD8E8E709B0BDE8C9
:105BC400F04FFDF743BE0022312883F8712084D0C2
:105BD400FDF734FE09B0BDE8F08F83F871407CE72F
:105BE400B04900200C580020F83200204E59002003
:105BF400FC1F00200080FF0005408000100401010C
:105C0400000116000451020001008020400004003D
:105C1400001000E0D43100200C5A002083DE1B4326
:105C240030B50D4D83B0044690ED000B16F03CFEEC
:105C340095F8EE0000230122214684ED000B00902C
:105C4400284616F0F1FC284622F00AFA034B1B887A
:105C54002B5203B030BD00BF7C580020FC1F002035
:105C64002DE9F047964C2DED048B94F8432194B024
:105C7400A2F128034C2B00F29B80DFE813F0F7001D
:105C8400DC00990099009900990099009900990005
:105C94009900990099009900990099009900990038
:105CA4009900990099009900990099009900990028
:105CB400DC009900FF01F700990099007702990030
:105CC4009900990099004D00A000A000A00099003F
:105CD4009900F700B402D902990031018B024F02F6
:105CE4009900DC00990099009900990099009900A5
:105CF4004D009900C701B7019901A501CB015602D6
:105D040099009900990099005C028702F9019900B1
:105D14009900E501990041021CF060F9694B6A4C55
:105D240093ED0B7A694DB7EEC77A9FED5D9B27EE35
:105D3400097BFDEEC77B17EE901A401A4FEAE1711A
:105D440061EB4101A061E16114F0F2F80346D4E98A
:105D5400060108EE103A14F0BFF806EE100AB8EE89
:105D6400C87BB8EEC66B9FED505BD4E9060186EEA6
:105D7400058B38EE078B14F0C5F806EE100A2146A1
:105D840001222846B8EEC66B283186EE097B37EE31
:105D9400087B81ED007B16F0D7FB284622F060F9E2
:105DA4004B4B1B882B5214B0BDEC048BBDE8F08721
:105DB40014B0BDEC048BBDE8F047FDF755BDA2F16E
:105DC4004D056FF05906434F05EB4508361B07F1A7
:105DD4000F09BA4608EBC808464406EB0A001BF054
:105DE400C9FA0AF8010F002800F0B982D145F4D1AC
:105DF4002A463949354821F089FC344822F030F9E3
:105E04000E2816D8002508F11508304E08EB0504B5
:105E140017F8019F013520461BF0ACFA814549462D
:105E2400204601D01BF0B2FB304622F019F985421E
:105E3400ECDD264D92E1294906A80EF029FF94F8DD
:105E44004331412B00F032835A2B00F05083292B2D
:105E5400A9D106A815F0D2FF04A89FED157B20EE6A
:105E6400070B8DED040BFFF7DBFE9CE7154B06A833
:105E74001A4993ED020B9FED107B20EE070B0EF0F9
:105E84009BFD94F84331522B00F09D82442B00F08B
:105E94003D83282B87D106A815F00AFDDCE700BF57
:105EA400000000000020AC400000000000004E4054
:105EB400F8C1631ADCA54C40399D52A246DF913FDC
:105EC4000C58002070490020585200207C580020B3
:105ED400FC1F00207B580020F4230020B049002040
:105EE40094F84431423B2E2B3FF662AF01A252F8A4
:105EF40023F000BF33450000514000001545000069
:105F04005140000051400000514000005140000049
:105F14005140000051400000514000005140000039
:105F240051400000FF44000051400000E9440000DB
:105F3400514000005140000051400000D145000094
:105F44005140000051400000514000005140000009
:105F540051400000514000005140000051400000F9
:105F640051400000514000005140000051400000E9
:105F740051400000C945000051400000514000005C
:105F840051400000514000005140000051400000C9
:105F940051400000514000005140000051400000B9
:105FA400514000005140000051400000E345000012
:105FB400BF4BC049C048B3F9182014B0BDEC048BE2
:105FC400BDE8F04721F0A2BBBC4B002106AA08465D
:105FD40093ED000BB7EEC00B1BF0C8FC06A9B64846
:105FE40021F0A6FDB64B1B880380DCE694F844310F
:105FF4004C2B00F0E28194F85E010123AE4D0022A7
:106004000090B049284616F00FFBC6E6AA4BAE4AEC
:106014001A60C8E694F844510123A74CA5F166051B
:10602400AA4920461A46B5FA85F56D09009516F079
:10603400FBFA204622F014F8A14B1B88235214B01B
:10604400BDEC048BBDE8F08794F844314C2BA04B95
:1060540000F0A781B2EE0E6B974D94F85E2106A96D
:10606400284693ED005B85EE067B8DED067B92E67C
:10607400984B99499048D3F82C219EE71BF0AEFF2A
:106084008B4B964D93ED0B7A9FED856BB7EEC77AEC
:1060940027EE067BFDEEC77B17EE901A401A4FEAF7
:1060A400E17161EB4101C5E9060113F06DFF04469E
:1060B400D5E9060113F0FAFE0246D5E9060103927A
:1060C40013F04CFF0290D5E9060113F031FFD5E936
:1060D400060113F001FFD5E90601814D13F012FF0B
:1060E400E117029B85FB04056420039AC1EB65114B
:1060F40000FB11447B497048009421F007FB52E6F1
:1061040094F8440101236C4C0022A0F16600764906
:10611400B0FA80F040090090204688E714B0BDEC46
:10612400048BBDE8F04701F05BBE6A4B6F496248DF
:10613400D3F8282141E7674811F002FB6C4B5E4D10
:1061440001281B684FEA13422B80AA7000F09E813D
:10615400022800F08881584821F082FF584B1B88A0
:106164002B5214B0BDEC048BBDE8F087504B614951
:10617400D3ED0B7A5048B7EEE77A53EC172B14B0F3
:10618400BDEC048BBDE8F04721F0C0BA5A4A5B4924
:10619400494812E74F4CA37D022B00F05C8100F2CA
:1061A400D380012B40F04F81434D284621F058FF06
:1061B400534B1B882B5294F80A353F48002B00F0B0
:1061C400D88021F04DFF4F4B1B882B52414811F0D2
:1061D400A3FA002800F0D380374821F041FF4A4B4E
:1061E4001B882B52B7E772B63C4B1B6862B6474A12
:1061F400934203DD46490B449342FCDC07EE903A9C
:10620400B3EE085B94F84431B8EEE77B4C2B9FED7A
:10621400264B87EE046B26EE056B8DED066B00F0C6
:10622400C580254C012206A9204616F08DF900E709
:10623400284C94F80A35002B40F0F4809FED350A81
:106244000521002006AAC7E61B4C334A234607CA89
:1062540003C31B491A700B88A4F80930A3E52F4A1D
:10626400174C154B92E80300228818601971A3F8A3
:10627400052098E52A4B104C114D93E8070023465E
:1062840003C3100C298823F8022B1870A4F80B10F0
:1062940089E5FA22234908488FE600BFAFF300805E
:1062A400000000000020AC4000000000C07A604103
:1062B40070490020D82300207C580020B04E0020D4
:1062C400FC1F0020884E0020323423008049002027
:1062D400904E0020B0490020042400205852002091
:1062E4001F85EB51B423002078490020EC230020C3
:1062F400FC230020E02300208A4900200024002001
:1063040058240020602400206824002000D6830044
:10631400002A7CFF000000002C24002024240020FC
:1063240018240020502400200222A949A94844E648
:10633400A94A2324A74B92E803001C8183E80300A5
:1063440031E5A44CA54A81E7033B012B7BD8A14D41
:10635400284621F085FEA24B1B882B522BE794F88C
:106364007030002B3FF444AD9A4D284621F078FE5E
:10637400F4E621F075FE9B4B1B882B5226E79A48C6
:1063840011F0C2F9002840F0AB8094F878349148B9
:10639400002B00F09F8021F063FE944B1B882B524E
:1063A400D9E693498B48D3E90023E8E69149894823
:1063B40053EC162B21F0AAF9F5E48F4B8C49854850
:1063C40053E90223DBE694F844314C2B00F0B68009
:1063D40072B68A4B1B6862B6894A934203DD8949C7
:1063E4000B449342FCDC07EE903AB3EE085B06A83C
:1063F400784DB8EEE77B9FED6C4B9FED6D0B87EE10
:10640400046B26EE056B26EE000B15F065FA94F886
:106414005E2104A928469FED687B20EE070B8DEDD5
:10642400040BB8E4204611F079F900287FF406AF94
:1064340004F5A2649FED627B94ED000B20EE070B44
:10644400B7EEC00BFCE6634D284621F009FE6E4B07
:106454001B882B52AFE65F4D284621F001FE6B4BA3
:106464001B882B52A7E6604811F07EF9002840F003
:106474008E80674B93ED027BB5EEC07BF1EE10FA94
:10648400ACBF5723452384F8703064E6564811F0B6
:106494006BF900287DD15E4B93ED027BB5EEC07B9A
:1064A400F1EE10FAACBF45235723ECE706A8494D9B
:1064B40015F0A8FC94F85E21012304A90092284653
:1064C40000229FED417B20EE070B8DED040B16F0AF
:1064D400ABF862E421F0C4FD4E4B1B882B523AE624
:1064E4003C4821F0BDFD494B1B882B5233E606A8DE
:1064F40015F08EFC9FED347B20EE070B16F0ECF9C3
:1065040004A88DED040BFFF78BFB4CE406A815F0F3
:10651400D3F994F844319FED2C7B4C2B20EE070BE0
:106524008DED040B37D094F85E010123294D002230
:10653400009004A9284616F077F82EE472B62F4B83
:106544001B6862B62E4A934203DD2E490B449342E4
:10655400FCDC07EE903AB3EE085B06A8B8EEE77BE6
:106564009FED114B9FED120B87EE046B26EE056B2E
:1065740026EE000B15F0B0F9274916489FED127B63
:1065840020EE077B53EC172B21F0C0F80BE45723C4
:1065940079E7452377E716490E4853EC102B21F091
:1065A400B5F800E4AFF3008000000000C07A604159
:1065B40066732D3852C1D03FC4ACAEA4C88E0E4011
:1065C400A687E5F206154E40F8C1631ADCA54C40D7
:1065D400502400207C58002044240020382400202B
:1065E4008425002064240020B0490020041F0020DA
:1065F400CC2300200C240020904E00205852002070
:1066040000D68300002A7CFF5C2400205424002050
:10661400704900206C240020C423002008B51AF01F
:1066240085FEBDE808401AF081BE00BF1D4B93F8FB
:10663400842052B11C49D3F890000A68121AB2F5AA
:10664400FA6F23D293F8742012BB93F83C0058B12C
:10665400186F10B4144C2168091AB1F5FA6F04D3F9
:1066640000205DF8044B7047704793F8B40000288D
:10667400F7D02168D3F8B8305DF8044BCB1AB3F5E2
:10668400FA6F2CBF002002F0010070470022DCE703
:106694000A68D3F88010521AB2F5FA6F2CBF0022A0
:1066A4000122D2E7B04900200C5A0020000000006B
:1066B40070B52DED0A8B1BF091FC0646002113F0FA
:1066C40063FC00210546304613F0F0FB044600212C
:1066D400304613F043FC631E04EE100A012B01D86C
:1066E400013D0C3407EE905AB7EE009BB0EE008BE0
:1066F4000021B8EEE76B07EE904AB8EEC44B304683
:10670400B8EEE77B9FEDD23B9FEDD30B9FEDD45BBF
:1067140086EE032B86EE003B37EE097B26EE056BF7
:106724009FEDD11B9FEDD25BBBFE466B27EE017B39
:10673400BBFE477BBBFE422B38EE428BBBFE433B8A
:1067440038EE038B38EE068B38EE078B38EE048B6D
:1067540038EE058B13F0ECFB0346002130460AEEBD
:10676400103A13F0B9FB06EE100A0021B8EECA7B0A
:106774003046B8EEC66B9FEDC05B86EE05AB3AEED5
:1067840007AB13F0BFFB06EE900AB6EE007B9FED5D
:10679400BC3BB8EEE65B38EE077B85EE036BBBFED5
:1067A400477B9FEDB94BB4EEC47BF1EE10FA36EEA5
:1067B4000A6B17DD37EE099BB5EE005B9FEDB44B1A
:1067C4009FEDB53B37EE444B84EE037BBDEEC77BB8
:1067D400B8EEC77B27EE055B39EE079BBBFE457B16
:1067E40039EE477B9FEDAE3B9FEDAF2B9FED9C5B5E
:1067F40037EE037B9FED9C4B37EE422B9FEDAC1B9A
:1068040082EE053BB2EE0B2BBBFE433B23EE055B56
:10681400BBFE455B37EE457B87EE045B37EE017BC1
:10682400BBFE455B25EE044BB4EEC25BBBFE444BA2
:10683400F1EE10FA37EE447BBBFE477BBDEEC77B1F
:1068440040F1FD80B7EE004B35EE445BFDEEC57BB9
:1068540017EE903A022B40F3E1809FED975B33EE05
:10686400453BBDEEC33BB8EEC33B07EE903AB0EEFA
:10687400000BB8EEE75BB8EEC77B9FED754B9FED61
:10688400761B9FED772B83EE049B83EE014B23EE67
:10689400023BB7EE002B9FED8A1B35EE025BBBFE7D
:1068A400433B9FED712B25EE025B38EE412BBBFE83
:1068B400455BBBFE499B30EE490BBBFE448B30EE7F
:1068C400080BB3EE084B30EE033B9FED690B33EE40
:1068D400055B9FED7D8B35EE077B9FED7D5B37EE92
:1068E400007B37EE417BA7EE058B86EE045B9FEDC4
:1068F4007A7BB4EEC48BF1EE10FA32EE055B85EED2
:10690400073B06DB38EE448BB4EEC48BF1EE10FA91
:10691400F8DAB5EEC08BF1EE10FA08D5B3EE087BC9
:1069240038EE078BB5EEC08BF1EE10FAF8D4B3EE67
:10693400087B9FED6B2B9FED6C4BA6EE028B23EE39
:10694400044BA3EE048BB4EEC78BF1EE10FA06DB16
:1069540038EE478BB4EEC78BF1EE10FAF8DAB5EEE9
:10696400C08BF1EE10FA08D5B3EE087B38EE078B36
:10697400B5EEC08BF1EE10FAF8D49FED5D6B9FED90
:106984005E9B9FED5F4B9FED600BA5EE069BA5EE16
:10699400440B9FED5FAB9FED607B39EE099B9FED50
:1069A40060BB80EE0A0BA5EE47BB1CF081FFB0EE86
:1069B40040CB89EE0A0B1CF07BFFB0EE406B8BEEF4
:1069C4000A0B9FED599B9FED5A7B29EE469BACEE3B
:1069D400079B1CF0E5FEB3EE087BA9EE008BB4EE3A
:1069E400C78BF1EE10FA06DB38EE478BB4EEC78B9B
:1069F400F1EE10FAF8DAB5EEC08BF1EE10FA08D524
:106A0400B3EE087B38EE078BB5EEC08BF1EE10FACF
:106A1400F8D4B0EE480BBDEC0A8B70BD9FED465B1D
:106A24005A1E33EE453B012ABDEEC33B3FF61BAF76
:106A340013EE102A0C33013A03EE102A13E7B2EED8
:106A44000A4B35EE445BFDEEC57B17EE903A01E749
:106A540000000000000059400000000000007940E0
:106A64000000000000D4764061545227A0993E40B3
:106A740000000080A2423A410000000000004E40A5
:106A8400000000000020AC40000000008C8A41415E
:106A940000000040D07D3C410000000088D5E1406A
:106AA4000000000000D097406666666666865E4019
:106AB400000000000000000000000000006CB24074
:106AC400000000802CB4424198B05E8E1CCA1A406B
:106AD400D7E5E7EA5BD2B03F00000000A0D5E14073
:106AE400F2E1F1E7360BF03F05A227655243FB3E86
:106AF40043AD69DE718AEF3FEC51B81E8587714062
:106B040028806264C91CAB3FC3F5285C8F425F4098
:106B1400F8C1631ADCA54C4048AFBC9AF2D79A3E40
:106B2400FF21FDF67570374054E41071732AF93E65
:106B340003B34291EEE734BF00000000006BB240A3
:106B44001D4B93F8380000B9704793F884209AB12C
:106B54001A49D3F890000A68121AB2F5FA6F29D2CA
:106B640093F8742042B10A68D3F88010521AB2F52F
:106B7400FA6F2CBF0022012293F83C000028E3D0D6
:106B8400186F10B40D4C2168091AB1F5FA6F0DD2C3
:106B940093F8B40058B12168D3F8B830CB1AB3F5E0
:106BA400FA6F2CBF002002F0010000E000205DF825
:106BB400044B70470022DFE7B04900200C5A002044
:106BC400134B93F8D400E8B1124AD3F8D8101268E2
:106BD400521AB2F5FA6F14D2D3ED377AB0EE006BD5
:106BE4000022B8EEE77B83F8D5209FED074B87EEB4
:106BF400045BB4EEC65BF1EE10FA4CBF0120104604
:106C040070470020704700BF00000000000059409A
:106C1400B04900200C5A00202DE9F047304F8AB0CB
:106C2400304E3B6832689B1AB3F5FA6F06D92E4B87
:106C340093F885203AB993F8753023B92B4B18781B
:106C44000AB0BDE8F0872A4B02AD06AC03F1100C84
:106C54000FCB85E80F009CE80F0084E80F0028465E
:106C640016F0A2F98046284616F0B0F98246284666
:106C740008F14E0816F0BEF98146204616F0C6F912
:106C84000546204616F0CEF9034620461C4616F06B
:106C9400DFF9034668468DF801408DF800308DF821
:106CA40005A08DF804908DF802508DF8068013F03D
:106CB40083F904461BF092F93B680021041B0D4A3A
:106CC40033600346002CD1619361B8BF6442074B23
:106CD400042CCCBF0020012018700AB0BDE8F08756
:106CE4000C5A0020D4540020B0490020455A0020FA
:106CF400244A002058520020002924DD00EBC10260
:106D040003469FED177BB3EC026B9A4237EE067B8A
:106D1400F9D106EE901AB8EEE64B9FED116B87EEB3
:106D2400045BB0EC027B37EE457B8242A7EE076B37
:106D3400F7D186EE047BB5EE407BF1EE10FA09D470
:106D4400B1EEC70B704707EE901A9FED056BB8EED6
:106D5400E74BEEE7B0EE470B1CF0F6BBAFF3008059
:106D640000000000000000002DE9F04FBA4DBB4EBA
:106D74002B6832689B1AB3F5FA6F2DED0A8B8FB02E
:106D840003D9B74B93F83D2032B9B64B18780FB0FE
:106D9400BDEC0A8BBDE8F08F03F13C0C93ED2F9A08
:106DA4006C46DFF8D882B04FDFF8CC92BCE80F0015
:106DB4000FC4BCE80F000FC4BCE80F0098ED04AB8F
:106DC4000FC49CE803009FED9C8B84E80300684695
:106DD40016F0CEF83AEE000B15F05EFDB0EEC00BE7
:106DE4003B68684620EE080B09EBC30398ED02BB31
:106DF40083ED000B16F0A0F8B8EEC99B3BEE40BB48
:106E0400B8F91830994A0AEE103AD7F80080B0EE73
:106E1400CBBB974BB8EECAAB02EBC80203EBC8037B
:106E24002BEE08BB4FEAC80B9FED855B82ED00BBE0
:106E340089EE056B8F4AD2F800A0BAF10B0F3AEE37
:106E440046ABB0EECAAB83ED00AB03DC0AF1010A3A
:106E5400C2F800A05446B7EE00CB87480C2CA8BF5C
:106E64000C242146FFF748FFB4EECC0B21467F48A3
:106E7400F1EE10FA20FE0C9BFFF73EFFB4EECC0BB4
:106E840021467B48F1EE10FA20FE0C8BFFF734FF0D
:106E9400B3EE047BB4EEC70BF1EE10FA6CDB30EE0C
:106EA400000BD944BAF1000F99ED003B40F3858003
:106EB400714A00239FED647B0133B2EC026BA34261
:106EC40037EE067BF8DB06EE904A39EE099BB8EE06
:106ED400E64B87EE046B33EE467BB0EEC77BB4EE35
:106EE400C97BF1EE10FA5CD40020604A00239FEDC8
:106EF400567B0133B2EC026B9C4237EE067BF8DC26
:106F040087EE046B38EE088B3BEE467BB0EEC77B16
:106F1400B4EEC78BF1EE10FA33DC0020544A0023A0
:106F24009FED497B0133B2EC026B9C4237EE067B4A
:106F3400F8DC87EE046B3AEE466BB0EEC66BB4EE4B
:106F4400C06BF1EE10FA1AD5B3EE0E7BB4EEC7ABFC
:106F5400F1EE10FA58BF0020424BB8F10B0F187035
:106F640008F1010308BF00233B602B6833600FB0B6
:106F7400BDEC0A8BBDE8F08F9FED350B91E7002047
:106F8400EAE7B0EE007B00F00100B4EEC7BBF1EE1F
:106F940010FA58BF0020BAF1000FBFDC9FED2A7B26
:106FA400C7E7B0EEC33BB0EE007BB4EEC73BF1EEF7
:106FB40010FA4CBF0120002097E707EE904A39EE03
:106FC400099BB8EEE74B9FED206B86EE047B33EE16
:106FD400477BB0EEC77BB4EEC97BF1EE10FA1CD44C
:106FE400002038EE088B9FED187B87EE046B3BEE98
:106FF400467BB0EEC77BB4EEC87BF1EE10FA01D449
:10700400002098E7B0EE007B00F00100B4EEC7BBAF
:10701400F1EE10FA58BF0020C0E7B0EEC33BB0EE6B
:10702400007BB4EEC73BF1EE10FA4CBF0120002008
:10703400D7E700BFAFF30080000000000020AC40A1
:1070440000000000000059400000000000000000A3
:1070540000000000000044400C5A0020DC540020D2
:10706400B0490020465A0020D85400205045002042
:10707400F04400209C520020B045002070490020BC
:107084002DE9F047604CDFF88C8104F1740304F1BE
:10709400840704F13C0E2DED048B9AB00FCB04AEA3
:1070A40008AD0DF1300C86E80F0097E80F0085E875
:1070B4000F00BEE80F00ACE80F00BEE80F00ACE81C
:1070C4000F00BEE80F00ACE80F0098F84331D4F885
:1070D400BC70732B9EE803008CE8030008D0742B6B
:1070E40012D0FCF7D5FB1AB0BDEC048BBDE8F087D9
:1070F40094F83830002B40F08F80FCF79FFB1AB0D7
:10710400BDEC048BBDE8F08794F83830002BF4D044
:10711400FFF78CFA0028F0D0304615F045FF0446FE
:10712400304615F053FF804630464E3415F062FF6A
:107134000746284615F06AFF0646284615F072FFF2
:10714400034628461D4615F083FF03468DF80E407E
:107154002E4C02A88DF808302D4B8DF809508DF86F
:107164000D808DF80C708DF80A60D3E90423C4E90E
:107174000E2312F021FF054601911AF041FF284623
:10718400019913F06DF8FFF793FAB2EE0E5BB3EECC
:10719400087B94ED0E4B84EE056B30EE460BB4EE9B
:1071A400C70BF1EE10FA06DB30EE470BB4EEC70B5B
:1071B400F1EE10FAF8DAB5EEC00BF1EE10FA08D5DC
:1071C400B3EE087B30EE070BB5EEC00BF1EE10FA10
:1071D400F8D4B3EE085B9FED0A6B80EE057B27EED7
:1071E400067BBDEEC77B72B684ED007A62B672B6DA
:1071F40022682368C4E9042362B6FCF709FB72E73A
:1072040000000000C07A6041B049002058520020BC
:10721400704900200C580020FFF708FA00283FF4BA
:107224006CAF0CA815F088FE0CA8B0EE409B15F0CE
:107234009FFE07EE907A9FEDC26BB8EEE77BB4EE4B
:10724400C60B9FEDC15BF1EE10FA87EE058B00F3E0
:107254007181DFF840839FEDBE7BB4EEC70BF1EE86
:1072640010FA42D4B1EE400B98F8004004EB440409
:10727400F7EEC07B04EBC404CDED017A04F10E09F2
:10728400019F4846FFB288ED040B1AF073F8874259
:1072940003D0394648461AF079F9019F04F10F09E1
:1072A400C7F3072748461AF065F8874203D03946E2
:1072B40048461AF06BF9019F04F11009C7F3074718
:1072C40048461AF057F8874203D0394648461AF020
:1072D4005DF9019F11343F0E20461AF04BF88742A6
:1072E40003D0394620461AF051F99FED9B7BB4EE4A
:1072F400C79BF1EE10FA5BD49FED997BB4EEC79B6C
:10730400F1EE10FA54DC98F80040F7EEC97B04EB78
:107314004404CDED017A04EBC404019F04F10A098D
:10732400FFB2484688ED029B1AF024F8874203D046
:10733400394648461AF02AF9019F04F10B09C7F3AC
:10734400072748461AF016F8874203D039464846BC
:107354001AF01CF9019F04F10C09C7F307474846CA
:107364001AF008F8874203D0394648461AF00EF955
:10737400019F0D343F0E204619F0FCFF874203D0D5
:10738400394620461AF002F998ED026B9FED767BA0
:1073940086EE079BB0EE490B1CF002FAB0EE407B80
:1073A400B0EE490B88ED0C7B1CF082FA88ED0E0BD5
:1073B400FDEEC87B42F20802CDED017ABDF80490DF
:1073C400BDF9041009F1C8039BB293421FD898F881
:1073D4000070CCB2A8F8181007EB470707EBC707F3
:1073E40007F1120A504619F0C5FF844203D0214622
:1073F40050461AF0CBF813374FEA1929384619F0DA
:10740400B9FF814503D0494638461AF0BFF80AF05F
:10741400C9FB59480EF05CFC58480CF049FA57482F
:107424000CF042FA012009F0CBFC304615F0BCFD0B
:107434000446304615F0CAFD814630464E3415F0F8
:10744400D9FD0746284615F0E1FD0646284615F005
:10745400E9FD034628461D4615F0FAFD03468DF85E
:107464000E40474C02A88DF808308DF809508DF86D
:107474000D908DF80C708DF80A60D8E90423C4E9E6
:107484000E2312F099FD054601911AF0B9FD284624
:10749400019912F0E5FEFFF70BF9B2EE0E5BB3EEC5
:1074A400087B94ED0E4B84EE056B30EE460BB4EE88
:1074B400C70BF1EE10FA06DB30EE470BB4EEC70B48
:1074C400F1EE10FAF8DAB5EEC00BF1EE10FA08D5C9
:1074D400B3EE087B30EE070BB5EEC00BF1EE10FAFD
:1074E400F8D4B3EE085B9FED226B80EE057B27EEAC
:1074F400067BBDEEC77B72B684ED007A62B672B6C7
:1075040022682368C4E9042362B6602200211D486E
:1075140020F0DEF9602200211B4820F0D9F9602216
:1075240000211A4820F0D4F9194B00221A60FCF704
:107534006FF9D8E5DFF85C80D7E600BFAFF30080D1
:107544000000000000807640000000000000594068
:1075540000000000008076C000000000008056C0DB
:107564000000000000805640F8C1631ADCA54C40BE
:1075740000000000C07A6041D84A0020B0490020D1
:107584005852002050450020B0450020F04400200F
:107594009C5200207049002008B519F0C7FEBDE8D0
:1075A400084019F0C3BE00BF2DE9F04F764E8DB0F0
:1075B40096F8383013B90DB0BDE8F08F304610F0AE
:1075C400ABF8002863D0714C714D06E018F0B4FD9F
:1075D40001462846C9B215F049FC204618F05AFD68
:1075E40003462046002BF1D16A4C2578002DE2D1C8
:1075F400654810F091F80028DDD096F83830002B5B
:10760400D9D0FFF713F80028D5D0634B04AF08AEE8
:10761400DFF88C8103F1100C0FCB87E80F009CE896
:107624000F0086E80F00384615F0BEFC8146384648
:1076340015F0CCFC0190384609F14E0915F0DAFC3E
:107644000090304615F0E2FC8346304615F0EAFC23
:107654008246304615F0FCFC019A009B8DF8080028
:1076640002A88DF80D208DF80C308DF80E908DF851
:107674000AB08DF809A012F09FFC81461AF0AEFC06
:107684004845C8E9060508D10123237093E730462D
:1076940010F03AF8002896D18DE7384615F084FCAE
:1076A4000546384615F092FC824638464E3515F0AC
:1076B400A1FC8146304615F0A9FC0746304615F07A
:1076C400B1FC034630461E4615F0C2FC034602A830
:1076D4008DF80E508DF80830304B8DF80DA08DF8D4
:1076E4000C908DF80A708DF80960D3E90423C8E979
:1076F4000E2312F061FC054600911AF081FC284625
:10770400009912F0ADFDFEF7D3FFB2EE0E5BB3EEBF
:10771400087B98ED0E4B84EE056B30EE460BB4EE11
:10772400C70BF1EE10FA06DB30EE470BB4EEC70BD5
:10773400F1EE10FAF8DAB5EEC00BF1EE10FA08D556
:10774400B3EE087B30EE070BB5EEC00BF1EE10FA8A
:10775400F8D4B3EE085B9FED0A6B80EE057B27EE51
:10776400067BBDEEC77B72B688ED007A62B672B650
:10777400D8F80020D8F80030C8E9042362B683E7BB
:1077840000000000C07A6041B04900209832002017
:10779400EC490020425A0020244A0020704900206D
:1077A400585200202DE9F0414FF0000E174C184DAF
:1077B400F44643780CF1030C067804341B028278F7
:1077C4008C450EF1040E43EA064300F1030042EA3D
:1077D40003024FEA9347C3F30533C2F3851602F05D
:1077E4003F0215F80780AE5DEF5CAB5C84F86C80FB
:1077F40084F86D7084F86E6084F86F30D9DB054BC3
:10780400002203F80E20BDE8F08100BF0C580020D0
:10781400102500207C58002008B519F087FDBDE82C
:10782400084019F083BD00BF2DE9F04F2DED088B02
:10783400B7B0D74C002166221CA820F049F8204696
:107844000FF07EFF94F8402525780646003A94F818
:107854000A3594F80B8505F0030518BF012220466C
:107864005FFA88F803EB420308F00308DFB20FF075
:1078740053FFA6F102022B0194F87915B2FA82F2B1
:1078840043EA880301F0070152093B4343EA8013AA
:1078940043EAC213A27D012A8DF8703094F878343B
:1078A40000F00C82022A00F0E081032A00F08682B4
:1078B400A2F10402B2FA82F252099201DB0094F8B6
:1078C400310543EAC0130B43134394F89925022A64
:1078D4008DF8713000F0E18194F89935FE2B00F0B9
:1078E4005F8294F89935FF2B00F0668294F89935FD
:1078F400012B14BF00270327022E94F8C93500F08A
:10790400D381022B00F0DC8194F8C935FE2B00F002
:10791400D28194F8C935FF2B00F04B8294F8C93515
:10792400012B14BF4FF000084FF00C0894F80865C1
:1079340094F8893706F00306002B40F0988194F8F8
:107944001158AD016DB247EA061791480BF07CFF60
:1079540094F8386048EA07031D4345EAC0158DF8DA
:107964007250FFF7EDF8002840F0088294F848259B
:1079740094F8F83446EA421694F88B268DF874305D
:107984008DF8736094F87C3622B194F8AB260AB172
:1079940043F0020394F836200AB143F0040394F848
:1079A400F8250AB143F0080394F837200AB143F0EC
:1079B40010038DF875301AF011FB764E0021764DC8
:1079C400C6E9060112F0E0FA0746D6E9060112F00C
:1079D4006DFA8146D6E9060112F0C0FA8046D6E96E
:1079E400060112F0A5FA8346D6E9060112F074FAEC
:1079F4008246D6E9060112F085FA684A8DF87800C5
:107A040002A882FB0732FB176149C3EB62136422AD
:107A14008DF876B002FB13778DF877A08DF8799006
:107A24008DF87A808DF87B7095ED020B9FED4E7B7F
:107A340020EE070B0CF0C0FF72B6336862B6584AEA
:107A4400934203DD57490B449342FCDC07EE903A22
:107A5400B3EE085B02A8B8EEE77B9FED454B9FEDC4
:107A6400460B9FED47AB87EE046B9FED47BB26EEBD
:107A7400056B26EE000B13F02FFF02A820EE0AABD5
:107A840013F01AFF42490EA820EE0B9B0DF000F9EB
:107A94000EA814F0B7F90EA820EE0B8B14F0B8F969
:107AA40020EE0B0B14F018FF72B6336862B63C4A32
:107AB400934203DD3B490B449342FCDC07EE903ACE
:107AC400394AB2EE0E2B6B46B8EEE77B0DF17C0B18
:107AD400B3EE083B0DF1840A0DF18C090DF1940805
:107AE40027AF29AE0DF1AC0E0DF1B40C9FED205B68
:107AF4008DED00AB93E8030087EE056BB7EE007BDA
:107B040092ED005B8DED009B8BE8030085EE024B4C
:107B140093E803008DED008B8AE8030093E80300EB
:107B24008DED000B89E8030093E8030092ED0C5BF4
:107B340088E8030052E902AB37EE457BD2E90E89AF
:107B440026EE036B8DED006B93E803008DED004B87
:107B540087E8030093E8030086E80300CDE900AB5F
:107B640024E000BFAFF30080399D52A246DF913F6D
:107B740000000000C07A604166732D3852C1D03FC6
:107B8400C4ACAEA4C88E0E40F8C1631ADCA54C4048
:107B9400B049002058520020704900201F85EB5145
:107BA40000D68300002A7CFF904E0020D4F82425C0
:107BB40093E803003292D4F820258DED007B8EE803
:107BC400030093E80300319294F837208CE8030013
:107BD400CDE9008993E803002FAB83E80300002A72
:107BE40071D1B2EE047AD5ED0B7A94F8303394F86F
:107BF4007D5467EE877A03F00303012D8DF8D330AB
:107C0400F8FE677AFDEEE77A17EE903A8DF8D230F7
:107C14002FD0022D36D005F0030194F87E240DF107
:107C24006F0394F84005920002F01C0211430022F5
:107C340041EA401135A88DF8D41013F8011F83428E
:107C440082EA0102F9D1604C66211CA88DF8D52086
:107C5400FFF7A8FD204620F003FA5C4B1B88235253
:107C640037B0BDEC088BBDE8F08F202226E6402516
:107C740069E657480FF052FD002800F0988002236F
:107C840084F87D3452480FF049FD002840F08A8082
:107C94000323194684F87D34BFE7022E4FF0010711
:107CA40094F8C9357FF42DAEFE2B09D094F8C9356C
:107CB400022B7FF42EAE4FF0080837E61022FDE5C4
:107CC4004FF0040832E64348424E18F07FFA01E0D0
:107CD40018F032FA304618F0DDF903463046002B2E
:107CE400F6DC04223C493B484FF0000818F05CFFE6
:107CF400384818F06BFA142019F0F8F941462E228E
:107D04000FA84646CDF838800EAFDFF8C8801FF0C4
:107D1400DFFD09E0302E0ED018F00EFA0136C0B2A5
:107D2400232807F8010B06D0404618F0B3F90346A0
:107D34004046002BEEDC06F1D8030DEB03060023CE
:107D440006F8A03C9DF838303F2B7FF44AAF0DF184
:107D540039001DF089FE202106460DF139001FF07F
:107D640009FE68B301301DF07BFEC0F30723C2B2E5
:107D740033968DF8D0208DF8D13032E7FEF74CFFE2
:107D840090B946F00206FEF7EFFF08B146F0080688
:107D9400FEF716FF00283FF4E9AD46F01006E5E5CE
:107DA4000227A9E5022138E746F00606EBE7294653
:107DB40033E74FF00C08B9E503279DE530227DE554
:107DC40003460246D4E700BF7C580020FC1F002075
:107DD400B0490020F8320020602500200000000097
:107DE400F0B55B4C2DED048B94F84431BFB0413BAE
:107DF400312B3ED8DFE813F044003D00B00003020D
:107E04004A023D003D003D003D003D00D8021603FE
:107E14004E033D00B003E0033D0088043D00180517
:107E24003D003D003D003D003D003D003D003D0066
:107E34003D003D003D003D003D003D003D003D0056
:107E44003D003D003D003D003D003D003D0022055C
:107E54003D003D003D003D003D00320094F84531B9
:107E6400702B01F0C683742B00F00985672B00F09A
:107E7400FB843FB0BDEC048BBDE8F040FBF7F4BCE1
:107E840094F84511532900F0E884324D002395F805
:107E940078240C930D930E930F93109311931293D4
:107EA40014931A93002A41F0B683A1F130034A2BAC
:107EB40000F2D084DFE813F0980A950A920A8F0A38
:107EC4008C0A890A860A7A0A9A0BCE04CE04CE0456
:107ED400CE04CE04CE04CE04CE04CE04CE04CE040E
:107EE400CE04CE04CE04CE04CE04CE04CE04CE04FE
:107EF400CE04CE04CE04CE04CE04CE04CE04CE04EE
:107F0400CE04CE04CE04CE04CE04CE04CE04CE04DD
:107F1400CE04CE04CE04CE04CE04C307560BA3076E
:107F2400CE04CE04080BCE04CE04A307CE04CE04A4
:107F3400CE04CE04000BBE0AA307CE049B0AF90AA2
:107F4400CE04CE04CE04C307CE04CE04C30700BFC0
:107F54000C580020B049002094F84531532B88D1A7
:107F640026AE5A22002130461FF0B2FCC04B1B68DB
:107F74001A6826921A89ADF89C209A8CADF89E2036
:107F84001A8DADF8A0209A8BADF8A2209A8AADF88C
:107F9400A4205A7B8DF8A6205A7CDB7B0AB143F0DF
:107FA4000203B44A8DF8A73013681A682A921A8912
:107FB400ADF8AC209A8CADF8AE201A8DADF8B02097
:107FC4009A8BADF8B2209A8AADF8B4205A7B8DF81A
:107FD400B6205A7CDB7B0AB143F00203A64D1A207B
:107FE4008DF8B73005F5AC6305F5AA6105F5AE6209
:107FF40013ED024B93ED005B05F5BE63B7EEC44B86
:10800400B7EEC55B12ED026B13ED027B91ED003B05
:10801400B7EEC66B8DED2F4AB7EEC77B8DED305AA8
:10802400B7EEC33B8DED316A8DED327A8DED2E3A8C
:1080340008F064FC074619F09DF90446781C19F011
:1080440099F90346E4B21C2063F30F24ADF8CC4045
:1080540008F054FC19F08EF9034641208DF8CE3017
:1080640008F04CFC19F086F9034605F594708DF878
:10807400CF300DF0ABFC034605F59470ADF8D0306D
:108084000DF0A6FC03462420ADF8D23008F036FCEF
:10809400074619F06FF90446781C19F06BF903468A
:1080A400E4B2262063F30F24ADF8D44008F026FC94
:1080B400074619F05FF90446781C19F05BF903468A
:1080C400E4B2282063F30F24ADF8D64008F016FC80
:1080D400074619F04FF90446781C19F04BF903468A
:1080E400E4B22A2063F30F24ADF8D84008F006FC6C
:1080F400074619F03FF90446781C19F03BF9B2EE33
:10810400046BD5F82831E4B2D5F8401160F30F249C
:108114008DF8DE30D5F82C018DF8E01095F8153186
:1081240095F81621ADF8DA408DF8DF0095ED4E7B19
:1081340027EE067BB8FE477BBCEEC77B17EE101A12
:10814400ADF8DC100BB142F0020295F814310BB11A
:1081540042F00402494B8DF8E12095F8A90695F800
:1081640089169FED415B93ED006B93ED087B95F8C9
:108174007D3626EE056B8DF8EA3027EE057BB8FEDA
:10818400466BFCEEC66BB8FE477BFCEEC77B16EE77
:10819400903A1A0EADF8E2301C0C17EE903A8DF8B6
:1081A400E520ADF8E6301A0C1B0E8DF8E4408DF88E
:1081B400E8208DF8E93008B141F00201304A0DF1B0
:1081C40097033CA88DF8EB1012788DF8EC20002270
:1081D40013F8011F984282EA0102F9D15A2130466C
:1081E400284C8DF8F120FFF7DDFA20461FF038FF08
:1081F400254B1B8823523FB0BDEC048BF0BD94F893
:108204004531423B152B3FF634AE01A252F823F020
:10821400AD6D0000136100001361000013610000E4
:10822400136100001361000013610000136100007A
:10823400136100001361000013610000136100006A
:1082440013610000136100008D6D000013610000D4
:10825400336D00001361000013610000136100001E
:1082640013610000156D000000000000000059407B
:108274003C34002078340020B049002030500020E5
:10828400545A00207C580020FC1F002094F84521FB
:10829400A2F13103412B3FF6ECAD01A151F823F0DB
:1082A4001B7000001B7000001361000013610000CC
:1082B40013610000136100001361000013610000EA
:1082C40013610000136100001361000013610000DA
:1082D40013610000136100001361000013610000CA
:1082E400B96F00001361000013610000396F0000D2
:1082F40013610000136100001361000013610000AA
:108304001361000013610000136100001361000099
:1083140013610000136100006173000031730000F9
:1083240013610000396F0000136100001361000045
:108334001361000013610000136100001361000069
:1083440013610000B96F00001361000013610000A5
:108354001361000013610000136100001361000049
:108364001361000013610000136100001361000039
:108374001361000013610000136100001361000029
:108384001361000013610000136100001361000019
:108394001361000013610000136100001361000009
:1083A400136100001573000094F84531613B192BEB
:1083B4003FF65FAD01A252F823F000BF336E000018
:1083C400136100001F6E00001361000013610000C0
:1083D40013610000136100001361000013610000C9
:1083E40013610000136E00001361000013610000AC
:1083F4001361000013610000FF6D000013610000B1
:108404001361000013610000136100001361000098
:108414001361000013610000136100001361000088
:10842400C56D000094F84531413B162B3FF621AD54
:1084340001A252F823F000BF376E0000296F00003C
:10844400256F0000216F0000156F0000136100000C
:1084540013610000096F0000136100001361000044
:108464001361000013610000136100001361000038
:10847400FD6E000013610000136100001361000031
:10848400F16E000013610000D16E00001361000062
:108494002D6F000094F84531423B2B2B3FF6E9AC9D
:1084A40001A252F823F000BF2B7100006371000099
:1084B40013610000136100001361000047710000A4
:1084C40013610000C3720000136100001361000017
:1084D4004D7200008B7200001361000013610000F4
:1084E400136100001361000015720000A772000000
:1084F40013610000136100001361000013610000A8
:108504001361000013610000136100001361000097
:108514001361000013610000136100001361000087
:108524001361000013610000317200006F720000DB
:108534001361000013610000136100001361000067
:108544001361000013610000136100001361000057
:10855400136100007F71000094F84531413B122BF8
:108564003FF649AE01A252F823F000BF016D0000AE
:10857400FB6C0000F56C0000976400009764000039
:10858400976400009764000097640000EB6C00009F
:1085940097640000976400009764000097640000EB
:1085A40097640000976400009764000097640000DB
:1085B40097640000DB6C000094F84531322B01F025
:1085C400208024D8312B7FF454AC72B6BC4B03F515
:1085D400F36203F5E06392ED007AB8EEC77B13ED26
:1085E400025B87EE056B8DED266B62B6B54D0123FC
:1085F40094F85E0126A91A460090284614F014F84F
:1086040028461FF02DFDB04B1B882B52F3E5333B5E
:10861400012B3FF62EACAD4D26A8A94914AE95ED1D
:10862400020B9FEDA39B9FEDA48B20EE090B0CF096
:10863400C3F9A349304695ED020BA54D20EE090B75
:108644008DED060B0BF044F9A5F1D803CDE9043503
:1086540016AB0FCB9DED060B8DE80F0026A91AA8CB
:1086640096E80C0013F004F91AA813F00FFD20EE9D
:10867400080B1AA88DED120B13F004FD20EE088BE5
:10868400A5F522709DED120B8DED268B8DED060B5D
:108694000FF056F811AB014610AAA5F52270B0EE02
:1086A400481B9DED060B0BF0D9FDDDED107A05F5A9
:1086B4008F6305F59965B8EEE76BDDED117A94F8F3
:1086C4005E21B8EEE77B13ED023B15ED024B94F807
:1086D400453186EE035B7B4D332B4FF0010387EE70
:1086E400046B8DED125B8DED266B00F0B28700926A
:1086F40026A91A46284613F097FF72481FF0B0FCCB
:10870400714B1B882B5276E594F84501A0F1300398
:10871400422B3FF6AEAB01A252F823F0BD6C000031
:10872400BD6C0000BD6C0000BD6C00006F730000E8
:108734001361000013610000136100001361000065
:108744001361000013610000136100001361000055
:108754001361000013610000136100001361000045
:10876400A3730000897300001361000039740000D2
:108774001361000013610000136100001361000025
:108784001361000013610000136100001361000015
:108794001361000013610000136100001361000005
:1087A40013610000136100001361000013610000F5
:1087B40013610000136100001361000013740000D2
:1087C40013610000136100001361000013610000D5
:1087D40013610000136100001361000013610000C5
:1087E400136100001361000013610000CB730000EB
:1087F400BD73000085740000136100001361000064
:108804001361000013610000136100001361000094
:108814001361000013610000136100001361000084
:10882400136100003D74000094F84531303B032B84
:108834003FF6E1ACDFE803F0BB8A845894F8453195
:10884400413B032B3FF615ABDFE813F0300020006B
:10885400E600E400FBF708F8CDE43FB0BDEC048B80
:10886400BDE8F040FEF7E0BF154B93F815315BB15E
:10887400184A1268134B110C1A809970BBE4104B00
:1088840093F81631002BF3D1134AF2E7134BD3EDCF
:10889400007A1349FDEEE77A0A4817EE902A3FB0B2
:1088A400BDEC048BBDE8F0401EF030BF0D4BEEE78D
:1088B400399D52A246DF913FF8C1631ADCA54C40B2
:1088C400B04900207C580020FC1F00207049002083
:1088D400384C0020D41D0020D81D0020DC5000207E
:1088E40050240020D8500020BF4B26A8BF499FED3C
:1088F400B47B93ED020B20EE070B0CF05DF826A879
:1089040012F0DEFF9FEDB07B20EE070BB3EE087B89
:10891400B5EEC00B8DED1A0BF1EE10FA00F1A18645
:10892400B4EEC70BF1EE10FA03DB30EE470B8DED1E
:108934001A0BAF4C01221AA9204613F005FE54E489
:1089440019F04CFBAB490246A948A8E7AA4D19F017
:1089540045FB0021C5E9060111F016FB0446D5E9E3
:10896400060111F0A3FA0246D5E90601099211F0B5
:10897400F5FA0690D5E9060111F0DAFAD5E906010F
:1089840011F0AAFAD5E906019C4D11F0BBFAE117E2
:10899400069B85FB04056420099AC1EB651100FB65
:1089A40011449749924800941EF0B0FE23E419F054
:1089B40015FB914C00218E4DC4E9060111F0B8FA63
:1089C4000346D4E9060108EE103A11F085FA06EEE2
:1089D400100AB8EEC87BB8EEC66B9FED7D5BD4E998
:1089E400060186EE058B38EE078B11F08BFA07EE45
:1089F400900A214601222846B8EEE76B20319FED0C
:108A0400765B86EE057B37EE087B81ED007B13F009
:108A14009BFDF5E57B4B3AE77B4B38E7734B022133
:108A2400734C03EBC0030846224693EDF40BB7EEF8
:108A3400C00B18F09BFFFFF7D8BB412007F05EFF87
:108A440018F098FC024671497EE7714B6F496848FB
:108A54001A7824E76F4A704976E7704A6E4973E7DB
:108A64006B490F231720614A0C786B4913FB0403ED
:108A74001A4469E794F84641002C00F01E86313C04
:108A8400032C3FF6F6A9DFE814F0F002EC02E7024B
:108A9400DD0294F84631313B112B3FF6EAA901A2DD
:108AA40052F823F0F9750000EB750000DF75000043
:108AB400D3750000C7750000BB750000AF750000DA
:108AC400A375000015760000136100001361000017
:108AD40013610000136100001361000013610000C2
:108AE40013610000077600003F76000094F84631D9
:108AF400303B072B3FF6BDA9DFE813F0FB03F3037C
:108B0400E703DB03C603870381037B0394F8463141
:108B1400303B032B3FF6ADA9DFE813F06B01650191
:108B24005F015901304B9FED267B93ED020B20EE44
:108B3400070B1AF035FE3A4B3A492D4893ED006B7A
:108B44009FED277B20EE060B20EE077B53EC172BC3
:108B54003FB0BDEC048BBDE8F0401EF0D7BD324BF6
:108B6400304923489FED1E7B13ED026B26EE477BB5
:108B7400ECE71E4B25491E4893F898248FE62B4BAF
:108B840028491B489FED167B93ED006B26EE077B6F
:108B9400DCE7264BE4E7242007F0B0FE054618F096
:108BA400E9FB0446681C18F0E5FB0346E4B21749E8
:108BB4000F4863F30F2422B271E600BFAFF30080C5
:108BC400399D52A246DF913FC4ACAEA4C88E0E407C
:108BD4000000000000004E40000000000020AC40F7
:108BE4007BAD3173C62D094170490020B049002086
:108BF4007C580020B41D0020585200201F85EB51E2
:108C0400B42300202C51002028510020502400209F
:108C1400545A0020D649002000240020C7490020CF
:108C2400504E00208C1D0020704E0020604E00200D
:108C3400BD4BB2EE046BBD49BD4893ED4E7B27EEB0
:108C4400067BB8FE477BFDEEC77B17EE902A26E62F
:108C5400B54BB849B648D3F8402120E6B24BB649E3
:108C6400B348D3F82C211AE6AF4BB349B048D3F834
:108C7400282114E6B1480CF0A9FEAC49024663E68B
:108C84002A2089E7282087E7262085E7AB480CF0CF
:108C94009FFEA649024657E6A34991F87C36002B6D
:108CA40000F0FE84A64B26AE9FED957B93ED020B60
:108CB400304620EE070B0BF0A7FE94F84531522BFB
:108CC40040F0D58472B69F4B1B6862B69E4A9342AD
:108CD40003DD9E490B449342FCDC07EE903AB3EE6D
:108CE400085B3046924DB8EEE77B9FED874B9FEDD6
:108CF400880B87EE046B26EE056B26EE000B12F054
:108D0400EBFD94F85E211AA928469FED837B20EEA3
:108D1400070B8DED1A0B7AE6834926A891F87C3669
:108D24009FED7F8B002B00F0B7840BF0D5FF26A8B6
:108D340013F06EF820EE080B13F0CEFD26A88DED8F
:108D4400140B13F05FF820EE080B94F84531412B17
:108D54008DED1A0B00F0C384754D9DED140B13F0CB
:108D6400A3FD94F85E0100230122009014A9284673
:108D74008DED140B13F058FC42E4312A6A4D00F0D7
:108D8400BA84D5F8BC36002B00F0CE841A7E012AB2
:108D940040F2048572B693ED056A62B66C4AB8EE89
:108DA400C66B95F8A93692ED005B86EE057B0BB198
:108DB400B1EE477B94F85E0101235D4D26A9009036
:108DC4001A4628468DED267B13F02EFC18E4564BEC
:108DD40060495748D3F8842861E5534B5D495448AA
:108DE400D3F8FC275BE5504B5A49514893F8802847
:108DF40055E54D4B57494E4893F8F8274FE56329FD
:108E040095EDA25B95EDA47B95EDA66B00F018851E
:108E1400702900F00F85F7EEC67BDFED4F6A9FEDFA
:108E24004F7A67EEA67A4E49414867EE877AB7EEE5
:108E3400E77A53EC172B1EF069FCFFF7DCB995F8C1
:108E44003223002A00F036853D4B7A299FED2C7B96
:108E540093ED028B28EE078B00F04285772900F012
:108E64009785B0EE480B01213E4815F071FEB1EE36
:108E7400400B2F4C0123002226A9204600938DEDA0
:108E8400260B13F0D1FBFFF7B0B994F84631522BFF
:108E940000F06E84442B7EF4ECAF334B1B682D49F9
:108EA40023485A6AFBE494F84631522B00F0638459
:108EB400442B7EF4DEAF2C4B1B682C491C481A68EB
:108EC400EDE494F84631522B00F04284442B7EF4B6
:108ED400D0AF254B1B68264915485A69DFE494F83E
:108EE4004631522B00F04A84442B7EF4C2AF1E4B11
:108EF4001B681F490E485A7CD1E400BFAFF30080C1
:108F0400399D52A246DF913F00000000C07A6041C3
:108F140066732D3852C1D03FC4ACAEA4C88E0E4087
:108F2400F8C1631ADCA54C40B0490020C41D0020E0
:108F34007C58002004240020EC230020D84A002080
:108F4400704900205852002000D68300002A7CFF7C
:108F54005050002050240020E12E6542000061455D
:108F64008C1D0020F84A002078340020B41D002015
:108F7400B01D002094F84631522B00F00A84442B93
:108F84007EF477AFAE4B1B68AE49AF48DA7B86E41C
:108F940094F84631522B00F0F683442B7EF469AFEB
:108FA400A74B1B68A949A8489A6A78E494F8463103
:108FB400522B00F0EC83442B7EF45BAFA04B1B6878
:108FC40093F92C20012A00F09D8400223BE594F8BB
:108FD4004631522B00F0D583442B7EF44AAF984B94
:108FE4001B6898499848DA6959E494F84631522B39
:108FF40000F0D283442B7EF43CAF914B1B68914923
:1090040091485A7B4BE494F84631522B00F0BD83CF
:10901400442B7EF42EAF8A4B1B688A498A489A688F
:109024003DE494F84631442B00F08683522B7EF4C1
:1090340020AF874B93F96826012A00F0B1840022FF
:10904400804981E4834B00229A603FB0BDEC048BDD
:10905400BDE8F040FAF7E4BB7E4B7F497A489A6852
:109064001DE47C4B00225A60EFE77A4B7A4976483C
:109074005A6814E494F84631522B00F05983442B77
:109084007EF4F7AE6E4B5B686E496F485A7A06E41D
:1090940094F84631522B00F04D83442B7EF4E9AE14
:1090A400674B5B686D4968489FED636B93ED007B8C
:1090B40027EE067BFCEEC77B17EE902AFFF7EFBB8B
:1090C400634B6049604893F87D26FFF7E8BB644B27
:1090D40002215D4C0846224693ED000BB7EEC00B0F
:1090E40018F044FCFFF781B85E4B5B49564813ED1A
:1090F400027BB8FE477BFDEEC77B17EE902AFFF795
:10910400CEBB594B0121504C022013ED020B2246D9
:10911400B7EEC00B18F02AFCFFF767B84C4B4E496A
:109124004948D3F82025FFF7BABB50490AAA26AB11
:109134000DF197050DF19F0651E90201CDE90A01F0
:1091440092E803004A4A83E803004A4915F8013FBC
:109154000231180903F00F03AE42105CD35C81F8AE
:109164006E0081F86F30F1D12323A4F88030FFF72B
:1091740042B81A2007F0C2FB054618F0FBF8044673
:10918400681C18F0F7F80346E4B230492E4863F33C
:109194000F24A2B2FFF783BB1C204FE43649B7EE7D
:1091A400007B0AAA26AB0DF19706324D0DF19F07FD
:1091B40091ED006B37EE467B8DED0A7B92E8030060
:1091C4002B4A83E8030016F8013F0235190903F01E
:1091D4000F03B742515CD35C85F86E1085F86F308D
:1091E400F1D1C1E71A4B1C491748D3F82425FFF7DE
:1091F40056BB224B2249144853E90223A8E4214BCD
:109204001F491148D3E90023A2E472B6104A02F5BB
:10921400036313ED027BD2F82018FDEEC77B17EE33
:10922400903A5B1AC2F8303862B60B49D2F830284B
:10923400FFF78ABBAFF30080000000000000594034
:1092440078340020B01D00207C58002050240020D9
:10925400B049002058520020C41D0020B41D002035
:10926400204F002080510020A04F0020D04E00202D
:10927400DC1D00200C580020C04E002000520020AD
:10928400BC1D00207051002072B6A34A02F5F4639D
:1092940093ED007BD2F89817FDEEC77B17EE903A5A
:1092A4005B1AC2F8A83762B69C49D2F8A827FFF720
:1092B4004BBB72B69A4B13ED027B62B6FDEEC77BD5
:1092C400964917EE902AFFF73FBB72B6954B93ED84
:1092D400007B62B6FDEEC77B904917EE902AFFF73C
:1092E40033BB72B68C4BD3F8202862B68B49FFF798
:1092F4002BBB72B6884BD3F8982762B68749FFF721
:1093040023BB894B89498A48D3E9002320E4864B4F
:109314008649874853E902231AE4864B83498448E3
:10932400D3E9002314E4844B8049814853E90223A0
:109334000EE4824B7D497E4853E9022308E4804BC6
:109344007A497B48D3E9002302E47C4B7749784887
:10935400D3E90023FFF7FCBB7A4B7449744853E903
:109364000223FFF7F5BB764B7749714853E9022393
:10937400FFF7EEBB684901F5BA63D3E9002391F81E
:10938400C90540B2002806DC91F8C915090600F1A8
:109394000E830022002365496548FFF7D9BB6B4B58
:1093A40069496348D3E90023FFF7D2BBDDED147AA2
:1093B400B7EEE77A5D495E4853EC172B1EF0A6F929
:1093C400FEF719BFDDED127AF2E7DDED117AEFE772
:1093D400DDED107AECE7DDED0F7AE9E7DDED0E7AED
:1093E400E6E7DDED0D7AE3E7DDED0C7AE0E795F8ED
:1093F4006034002B00F0AF8126AC474920460AF0C8
:1094040067FA28AB0FCB8DE80F00514894E80C00A5
:1094140015F08EFF454946489FED3B6B9FED3C7B25
:1094240020EE060B20EE077B53EC172B1EF06EF993
:10943400FEF7E1BE94F846312C2B7FF40BAA94F886
:109444004721A2F13103D9B208293FF603AA94F8BF
:10945400480100287FF4FEA995F8600488427FF64D
:10946400F9A905EB0211324805EB031391ED324BD8
:1094740093EDD03B93EDF45B91ED0E6B9FED227B6E
:10948400344924EE074B25EE075B26EE076B23EEEB
:10949400077B8DED044B8DED025B53EC172B8DEDAB
:1094A400006B1EF033F9FEF7A6BE2B4A2B49204869
:1094B4001EF02CF9FEF79FBE95F8602428491C483D
:1094C4001EF024F9FEF797BE95F87034232100228C
:1094D40013F0010F84F8731084F8742014BF43212F
:1094E4002D2113F0020F84F8701014BF50222D2286
:1094F40013F0040F84F8712014BF49232D2384F83A
:109504007230FEF778BE00BFF8C1631ADCA54C4088
:10951400000000000020AC40B0490020C41D002021
:10952400E051002050510020704F00208C1D00207D
:109534007C580020F051002070510020205200205F
:1095440090510020A0510020BC1D0020105200208A
:10955400F84A0020901D00202F4E002000240020F7
:109564005024002095F86034002B00F033825A1EFA
:10957400C5490023D2B201F110009FEDB34B9FED1A
:10958400B46B9FEDB55B9FEDB63B9FEDB72B00EB46
:1095940002101A4691EDF67BB4EEC47BF1EE10FA9C
:1095A40009DD37EE467BB4EEC47BF1EE10FAF8DC4D
:1095B40001E037EE067BB4EEC57BF1EE10FAF8D489
:1095C400B5EEC07BF1EE10FA48BFB1EE477BB4EEC6
:1095D400C37BF1EE10FA35D5013210318842D9D16E
:1095E400AA49AB481EF092F8FEF705BEDDED1A7AE3
:1095F400DEE6A54B93F81431002B3FF445A9FFF7A1
:1096040037B972B6A04B03F5026203F5EA6392ED33
:10961400007AFEF7E2BF1AA914AB12AA05F5A470EA
:10962400CDE9043111AB10A9CDE902320FAA0EAB7A
:10963400CDE900210CA90DAA15F014FA94F84511EE
:10964400FEF733BCB4EEC27BF1EE10FAC8BF0133AF
:10965400C3E7009212A928461A4612F0E5FFFFF765
:109664004CB830EE070B8DED1A0BFFF762B930469C
:10967400874D12F021F994F85E2101231AA9009272
:10968400284600229FED7A7B20EE070B8DED1A0B06
:1096940012F0CAFFFEF7B4BF0BF0FAFAFFF747BBAC
:1096A4007C4B26AE9FED747B93ED020B304620EE8F
:1096B400070B0BF081F9FFF700BB774D6421774A64
:1096C400EB68734801FB03F382FB0312DB17744955
:1096D400C3EB22321EF01AF8EC60FEF78CBD94F84E
:1096E4005E0101236A4D002200901AA9284612F057
:1096F4009BFFFEF785BFD5F89C36ABB11A7E012AD5
:1097040040F2068172B693ED056A62B6654AB8EE18
:10971400C66B95F8893692ED005B86EE057B002BCF
:109724003FF448ABFFF744BB9FED557BFFF742BBCB
:109734005D4BA8E45C4BB4E4534B93F92826012A0F
:109744007FF47DACD3F82C0614F07AF8024677E463
:10975400554BFFF7BFBB554B5549D3ED007A4C48E9
:10976400B7EEE77A53EC172B1DF0D0FFFEF743BD9D
:109774004D4BFFF793BB4C4BFFF79EBB4A4BFFF798
:10978400B7BB494B2CE4484B0BE4474B44E4464BF2
:1097940015E4454BFFF7F7BB434B2FE472B619684A
:1097A4009A68096811405A681068DA68104200F033
:1097B4008E801A7C02F0030209B142F0040242F0E6
:1097C40008029108013A19740D2A3FF6E4AA01A18E
:1097D40051F822F0B77A0000AD7A0000CB7A00008D
:1097E400AD7A000037700000C17A0000B77A00003B
:1097F400B77A0000C17A000037700000AD7A00002B
:10980400CB7A0000AD7A0000B77A00005A69013AB9
:109814005A61FFF7C0BA5A6901325A61FFF7BBBAFD
:109824005A69023A5A61FFF7B6BA5A6902325A6162
:10983400FFF7B1BAF7EEC77BF1EE677AFFF7EDBA3F
:10984400F7EEC57BFFF7E9BA182D4454FB21094014
:10985400182D4454FB211940182D4454FB2109C0F0
:10986400AE70CFC0E21DF93F82E9B8E71326F93F95
:10987400F8C1631ADCA54C40399D52A246DF913FE2
:109884000000000000000000B0490020A81D0020D6
:109894007C58002070490020145A00208D512C69F6
:1098A400CC1D0020305000203C340020444E0020C9
:1098B4008C1D0020484C0123002000210093CDE999
:1098C400260126A9204612F0AFFEFEF78EBC1A7CB4
:1098D40002F0030200293FF474AF42F0040270E77F
:1098E400B0EE480B00213D4815F032F9B0EE407B54
:1098F400B0EE480BB0EE478B19F052FF20EE080B88
:10990400FFF7B7BA186B13F013FF0246FFF79BB8C3
:1099140072B619689A68096811405A681068DA685A
:1099240010424FD01A7C02F0030209B142F0040243
:1099340042F008029108013A19740D2A3FF6E3AE89
:1099440001A151F822F000BF297C0000217C000015
:109954005D7C0000217C0000A7790000557C00009C
:10996400297C0000297C0000557C0000A7790000B8
:10997400217C00005D7C0000217C0000297C00002B
:109984005A69013A5A61BEE65A6901325A61BAE625
:10999400B0EE480B0221114815F0DAF8FFF769BA66
:1099A400D3F86C0613F04CFF0246FFF749BB83F073
:1099B4000043F0E45A69023A5A61A4E65A69023251
:1099C4005A61A0E61A7C02F003020029B2D042F0E8
:1099D4000402AFE71A4603E67C580020F84A002048
:1099E4002DE9F041AA4C2DED028B94F84331CEB011
:1099F400313B462B4DD8DFE813F0530053004C00A5
:109A04004C004C004C004C004C004C004C004C00F2
:109A14004C004C004C00710048026E024C004C009B
:109A24004C004C00A1024C004C004C004C004C007B
:109A34004C004C004C004C0047004C004C005D01B5
:109A44004C00B9014C004C004C004C004C004C0044
:109A54004C004C004C004C004C0040034C004C00AB
:109A64004C007E034C00CF024C004C004C004C00D8
:109A74004C004C001F034C004C004C004C002E03C7
:109A84004C004C004C00360394F84431002B00F099
:109A940000834EB0BDEC028BBDE8F041F9F7F8BE8F
:109AA4007C4D40A928461DF0CBFB409BB0EE408B7B
:109AB400AB4200F05183B5EE400BF1EE10FA40F0EA
:109AC400248394F843317448312B9FED690B00F0E3
:109AD4004F830CF0CDFAF9F79BFEC4E00025082271
:109AE4006C491CA88DF846501DF0F0FF09226B4903
:109AF4001FA88DF878501DF0E9FF94F85E211CA989
:109B040014A88DF8855012F0E7FB002800F0A88017
:109B140094F85E3101221FA916A812F01DFC00283A
:109B240000F09E8072B65E4B1B6862B65D4A93423B
:109B340003DD5D490B449342FCDC07EE903AB2EE40
:109B44000E5BB3EE084B22ADB8EEE77B524C9FEDB3
:109B54004A3B9DED140B9FED4A8B87EE036B25EE7C
:109B6400400B26EE046BA6EE050B12F095FE28A81A
:109B740020EE082B9DED161B9FED3D0B21EE081BDF
:109B840011F0C4FD494B2146284693ED020B20EE0B
:109B9400080B8DED0E0B09F09BFE24AB0FCB9DED56
:109BA4000E0B8DE80F0028A940A895E80C0011F0D1
:109BB400F3FD40A812F026F9D4ED4A7AB8EEE77B1B
:109BC40027EE087BB4EEC70BF1EE10FA48D4D4EDBF
:109BD4004B7AB8EEE77B27EE087BB5EEC07BF1EE5F
:109BE40010FA3DD404F5227304F5D87240A934A8C0
:109BF40012F046F834A812F049FA34A800259FED73
:109C0400228B20EE080B8DED180B12F03BFA20EEA0
:109C1400080B20468DED1A0B0DF092FD0123014631
:109C24000DF14602204612AC8DF8471018A9009495
:109C3400CDE9033513ABCDE901320DF147031AAA7F
:109C44000BF062F9002800F09E829DF84630012B4B
:109C540000F0C582022B06D1154B57221A8002E070
:109C6400134B21221A804EB0BDEC028BBDE8F0816B
:109C7400000000000000000000000000C07A604105
:109C8400399D52A246DF913FF8C1631ADCA54C40CE
:109C94000C58002050590020B04900205859002089
:109CA4005852002000D68300002A7CFF704900200F
:109CB4007C58002072B6B04B1B6862B6AF4A934220
:109CC40003DDAF490B449342FCDC07EE903AB3EE5C
:109CD400084BAC4EB2EE0E5BB8EEE77B40AD9FEDA9
:109CE4009E3B96ED000B9FED9E8B87EE036B26EE5D
:109CF400046B96EE050B12F0CFFD284620EE082BE0
:109D040016ED021B9FED980B21EE081B11F0FEFCD3
:109D1400A6F59C600DF014FD9B4B0DF5847E0A9016
:109D2400EC4693ED020BBEE80F00ACE80F00BEE872
:109D34000F00ACE80F009EE8030020EE080B8CE84F
:109D44000300A6F59C6095E80C000BF0F1F90546BC
:109D5400002800F0EA813035002384F8705084F83C
:109D640071304EB0BDEC028BBDE8F0818748002510
:109D74000DF0E6FC06460E20DFF8088206F0BEFD74
:109D8400074617F0F7FA60F30705781C17F0F2FAA4
:109D940060F30F25B81C17F0EDFA0346F81C63F3C3
:109DA400174517F0E7FA60F31F65122007EE905A83
:109DB4000025B7EEE77A88ED007B06F09FFD0746A5
:109DC40017F0D8FA60F30705781C17F0D3FA60F39C
:109DD4000F25B81C17F0CEFA60F31745F81C17F0DE
:109DE400C9FA60F31F6507EE905AB7EEE77A08EDFB
:109DF400027B72B6604B1B6862B6604A934203DD15
:109E04005F490B449342FCDC07EE903AB3EE084BF7
:109E1400B2EE0E5B40ADB8EEE77B9FED4F3B98EDA5
:109E2400000B9FED4F8B87EE036B26EE046B96EED3
:109E3400050B12F031FD284620EE082B18ED021B0D
:109E44009FED490B21EE081B11F060FC4E4B0DF504
:109E5400847E0A96EC4693ED020BBEE80F00ACE854
:109E64000F00BEE80F00ACE80F009EE8030020EEF0
:109E7400080B8CE80300454895E80C000BF058F9F2
:109E8400054600287FF467AF31E1404C20460DF0D1
:109E940045FC002840F0328194F8483503F0FF0572
:109EA400002B40F02B810A22294639481DF07AFA0A
:109EB40007EE900A04F5A863B8EEE77B9FED2C5BF0
:109EC40087EE056B03ED026BF9F7A2FC0123E57045
:109ED40084F83135C7E62F4D40AE012130469FED61
:109EE400207B95ED002B15ED021B9FED1F0B22EE41
:109EF400072B21EE071B11F01FFEA5F59A600DF04C
:109F04001FFC0DF5847E0C90EC46BEE80F00ACE817
:109F14000F00BEE80F00ACE80F009EE80F008CE8CD
:109F24000F00A5F59A6096E80C000BF079F8002371
:109F3400303084F8713084F8700094E61348837DDF
:109F4400012B7FF490AE0BF037F90023303084F806
:109F5400713084F8700086E600000000C07A604129
:109F6400399D52A246DF913F00000000000000002E
:109F74000000000000004E405852002000D683002C
:109F8400002A7CFF904E002070490020B049002038
:109F940050590020804E002040A99D4812F04CFCEE
:109FA400002846D0409B47F22F52013B934240D8B1
:109FB400984D28460DF0B2FB00283AD195F8F834B4
:109FC400BBBB95F84835032B00F0038194F844316A
:109FD400772B00F0DC80652B00F0D980732B01D047
:109FE4006E2B26D18B480DF0C3FE8B4B8B48002281
:109FF400C0E90023A0F5B8600DF0A2FB012894F895
:10A00400443100F0F8806E2B00F0FA80732B00F0DE
:10A01400EE8017F0BFF8409B4FF47A72C5F8B40590
:10A0240002FB03F3C5F8B03572B6012385F8483551
:10A0340062B6F9F72DFC16E676480DF081FB01288F
:10A044000ED90322012173484EB0BDEC028BBDE84A
:10A05400F0410CF003B86F480DF072FB0128F0D901
:10A0640003220021EFE7032200216A484EB0BDEC31
:10A07400028BBDE8F0410BF0A5BF694969481DF0AA
:10A0840023FE00287FF405AD94F84831002B7FF4BB
:10A0940000AD60480DF068FB00287FF4FAACDFF8EF
:10A0A400908140AF5B4942AE38466D469FED568B7A
:10A0B40098ED020B20EE080B0AF07EFC55480DF0DB
:10A0C4003FFB0A900FCE98ED020B0FC50FCE0FC5C4
:10A0D40096E8030020EE080B85E803004D4897E856
:10A0E4000C000BF025F8054600287FF434AE4948EF
:10A0F4000EF07EFB2FE603220121B6E74EB0BDEC45
:10A10400028BBDE8F041F9F799BB424EB0EEC07B3B
:10A1140006F5AE6393ED006BB4EEC76BF1EE10FA87
:10A1240008D5682325F8D43C9DE5A6F59C600EF07F
:10A134005FFB10E630460DF0F1FAE0B996F8F8341A
:10A14400EBB996F848355BB196F84835042B07D03F
:10A15400672325F8D43C86E5692223F8D42C82E5CC
:10A1640094F84331B0EE480B2A48312B7FF4B1AC5C
:10A174000BF032FFAFE4732325F8D43C73E5652379
:10A1840025F8D43C6FE5284B3F221A806BE5214823
:10A194000DF0EEFD94F8443100201F49234A652B4D
:10A1A400C2E900011FD0772B02D1022385F899352B
:10A1B40016F0F0FF409B4FF47A72C5F8840502FB59
:10A1C40003F3C5F8803572B6012385F8483562B6C5
:10A1D4002FE795F84835022B7FF4F8AE29E7124BA8
:10A1E40045221A803FE5FE2385F89935E0E70223EE
:10A1F40085F8C9350DE76E2BF9D0732B7FF409AFC1
:10A20400FE2385F8C93504E7399D52A246DF913F04
:10A2140051590020B04900200000F03F704F002049
:10A22400702400204F5900207C580020404F00200B
:10A234007049002008B517F079F8BDE8084017F018
:10A2440075B800BF284B10B593F843314BB3653B49
:10A25400DAB2122A0DD8122B0BD8DFE803F0130A56
:10A264000A0A0A0A0A0A0A0E0A0A0A0A0E0A0A0A42
:10A274001300BDE81040F9F70BBB1C480DF044FA7D
:10A2840000B310BD19480DF03FFA0028F9D1174862
:10A294000DF044FA0028F4D11448BDE810400BF046
:10A2A400C1BE124C204684F831350DF02DFA002839
:10A2B400E7D120460DF032FA70B12046BDE81040D7
:10A2C4000DF05ABA09480DF029FA0028D9D10748E7
:10A2D400BDE810400BF0F2BE20460BF0A3FE204672
:10A2E400BDE810400BF0EABE0C580020B049002035
:10A2F40008B517F01BF8BDE8084017F017B800BF01
:10A3040038B51E4B93F84331303B232B13D8DFE889
:10A3140003F0161616161612121212121212121236
:10A324001212121212331212122F121212121231AC
:10A3340012121212121DBDE83840F9F7A9BA1C46D0
:10A344000F4D28460DF0F0F938B138BD0C4D0324FB
:10A3540028460DF0E9F90028F7D1E3B20246284671
:10A3640085F8793595F87915BDE838400DF06ABC63
:10A374000024E5E70224E3E70124E1E70C58002088
:10A38400B049002008B516F0D1FFBDE8084016F02A
:10A39400CDBF00BF0000000070B52DED0A8B17F093
:10A3A4001DFE064600210FF0EFFD00210546304654
:10A3B4000FF07CFD0446002130460FF0CFFD631EF4
:10A3C40004EE100A012B01D8013D0C3407EE905A1B
:10A3D400B7EE009BB0EE008B0021B8EEE76B07EE02
:10A3E400904AB8EEC44B3046B8EEE77B9FEDD23BC3
:10A3F4009FEDD30B9FEDD45B86EE032B86EE003BE3
:10A4040037EE097B26EE056B9FEDD11B9FEDD25BEA
:10A41400BBFE466B27EE017BBBFE477BBBFE422B9C
:10A4240038EE428BBBFE433B38EE038B38EE068B93
:10A4340038EE078B38EE048B38EE058B0FF078FD81
:10A444000346002130460AEE103A0FF045FD06EEB1
:10A45400100A0021B8EECA7B3046B8EEC66B9FEDF9
:10A46400C05B86EE05AB3AEE07AB0FF04BFD06EE94
:10A47400900AB6EE007B9FEDBC3BB8EEE65B38EE8F
:10A48400077B85EE036BBBFE477B9FEDB94BB4EEB8
:10A49400C47BF1EE10FA36EE0A6B17DD37EE099B3A
:10A4A400B5EE005B9FEDB44B9FEDB53B37EE444BEF
:10A4B40084EE037BBDEEC77BB8EEC77B27EE055B5E
:10A4C40039EE079BBBFE457B39EE477B9FEDAE3BE8
:10A4D4009FEDAF2B9FED9C5B37EE037B9FED9C4B79
:10A4E40037EE422B9FEDAC1B82EE053BB2EE0B2BFD
:10A4F400BBFE433B23EE055BBBFE455B37EE457B72
:10A5040087EE045B37EE017BBBFE455B25EE044B17
:10A51400B4EEC25BBBFE444BF1EE10FA37EE447B63
:10A52400BBFE477BBDEEC77B40F1FD80B7EE004B21
:10A5340035EE445BFDEEC57B17EE903A022B40F3FB
:10A54400E1809FED975B33EE453BBDEEC33BB8EE38
:10A55400C33B07EE903AB0EE000BB8EEE75BB8EE03
:10A56400C77B9FED754B9FED761B9FED772B83EE9D
:10A57400049B83EE014B23EE023BB7EE002B9FEDD1
:10A584008A1B35EE025BBBFE433B9FED712B25EE30
:10A59400025B38EE412BBBFE455BBBFE499B30EEB4
:10A5A400490BBBFE448B30EE080BB3EE084B30EE88
:10A5B400033B9FED690B33EE055B9FED7D8B35EE21
:10A5C400077B9FED7D5B37EE007B37EE417BA7EE8B
:10A5D400058B86EE045B9FED7A7BB4EEC48BF1EEC3
:10A5E40010FA32EE055B85EE073B06DB38EE448B52
:10A5F400B4EEC48BF1EE10FAF8DAB5EEC08BF1EEDE
:10A6040010FA08D5B3EE087B38EE078BB5EEC08B95
:10A61400F1EE10FAF8D4B3EE087B9FED6B2B9FEDAF
:10A624006C4BA6EE028B23EE044BA3EE048BB4EE2C
:10A63400C78BF1EE10FA06DB38EE478BB4EEC78B0E
:10A64400F1EE10FAF8DAB5EEC08BF1EE10FA08D597
:10A65400B3EE087B38EE078BB5EEC08BF1EE10FA43
:10A66400F8D49FED5D6B9FED5E9B9FED5F4B9FED7F
:10A67400600BA5EE069BA5EE440B9FED5FAB9FED33
:10A68400607B39EE099B9FED60BB80EE0A0BA5EE63
:10A6940047BB19F00DF9B0EE40CB89EE0A0B19F067
:10A6A40007F9B0EE406B8BEE0A0B9FED599B9FEDC3
:10A6B4005A7B29EE469BACEE079B19F071F8B3EE7A
:10A6C400087BA9EE008BB4EEC78BF1EE10FA06DB23
:10A6D40038EE478BB4EEC78BF1EE10FAF8DAB5EE2C
:10A6E400C08BF1EE10FA08D5B3EE087B38EE078B79
:10A6F400B5EEC08BF1EE10FAF8D4B0EE480BBDEC19
:10A704000A8B70BD9FED465B5A1E33EE453B012A12
:10A71400BDEEC33B3FF61BAF13EE102A0C33013AD8
:10A7240003EE102A13E7B2EE0A4B35EE445BFDEE5E
:10A73400C57B17EE903A01E7000000000000594085
:10A7440000000000000079400000000000D47640C2
:10A7540061545227A0993E4000000080A2423A4131
:10A764000000000000004E40000000000020AC404B
:10A77400000000008C8A414100000040D07D3C4133
:10A784000000000088D5E1400000000000D09740A0
:10A794006666666666865E40000000000000000093
:10A7A40000000000006CB240000000802CB4424164
:10A7B40098B05E8E1CCA1A40D7E5E7EA5BD2B03F78
:10A7C40000000000A0D5E140F2E1F1E7360BF03FD4
:10A7D40005A227655243FB3E43AD69DE718AEF3F14
:10A7E400EC51B81E8587714028806264C91CAB3F58
:10A7F400C3F5285C8F425F40F8C1631ADCA54C4066
:10A8040048AFBC9AF2D79A3EFF21FDF675703740E7
:10A8140054E41071732AF93E03B34291EEE734BF56
:10A8240000000000006BB24008B516F07FFDBDE8E3
:10A83400084016F07BBD00BF2DE9F047A54C2DED77
:10A84400048B94F8435194B0A5F12103592B5BD8A0
:10A85400DFE813F0D3005A005A005A005A005A0095
:10A864005A005A005A005A005A005A005A005A0014
:10A874005A005A005A005A005A005A005A005A0004
:10A884005A005A005A005A005A005A005A005A00F4
:10A894005A005A005A00B800AA005A005A005A0036
:10A8A4008B005A005A005A005A00280461006100C3
:10A8B40061005A005A005A005A00560380035A0095
:10A8C4005A001E025A005A005A005A005A005A00EE
:10A8D4005A005A0030035A005A0023034A015A000E
:10A8E40056014E025A005A005A005A002502E70047
:10A8F40014015A005A003E035A0086025A005A00B4
:10A904005A005A005A00380314B0BDEC048BBDE859
:10A91400F047F8F7BDBF94F84491B9F1000FF3D0B4
:10A924006D481DF09DFB0E2873D8A5F14D046A4FA8
:10A93400002604EB4404B84604EBC404153401E0D7
:10A9440017F8019FA5190136284616F013FD034692
:10A9540049462846994501D016F018FE40461DF098
:10A964007FFB8642ECDD012054E05B4C08A92046C5
:10A974001CF066FC089BA3420ED0BAEE087BB4EE32
:10A98400C70BF1EE10FA07DBB2EE087BB4EEC70B8F
:10A99400F1EE10FA40F2A1850020F8F76DFF14B033
:10A9A400BDEC048BBDE8F0874B4B07AA06A905A8AC
:10A9B40011F0CAFE0546002840F0E4842846F8F762
:10A9C4005BFFECE794F84451303D092D94BF012717
:10A9D400002710D80378012B00F0388531213F4837
:10A9E40015F0BAFE142016F081FB002254F825104D
:10A9F4003A4815F02DFC38460CE094F84441A4F193
:10AA04003103032B05D8364D95F83560002E00F040
:10AA14004F85002014B0BDEC048BBDE8F047F8F777
:10AA24002BBF94F844010028F4D02B481DF018FBE8
:10AA3400421C0F2AEDD8DFF8AC9000262649484680
:10AA440009F1FF3816F0C4FE19F81A7C07EB470722
:10AA540007EBC7071537BC1918F8015F0136204604
:10AA640016F088FC85422946204601D016F08EFD5A
:10AA740048461DF0F5FA8642EDDD74E794F844414A
:10AA840034B115481DF0ECFA02288CBF00240124CF
:10AA940008A9114811F0D0FE00283FF47EAF089BAE
:10AAA400A3F13C021F2A3FF677AF84B10C4D22205C
:10AAB400C5F82C3105F022FF95F82C61054616F0F7
:10AAC40059FC864203D03146284616F05FFD2046E5
:10AAD40063E700BF0C580020505900203832002092
:10AAE400B04900208A49002008A9994811F0A4FE21
:10AAF4000646002840F0C0833046F8F7BDFE4EE716
:10AB040094480CF009FE002800F0328494F8445173
:10AB1400002200232B2D18BF2D2D0CBF012500254D
:10AB240005F249102044CDE908231DF099FA0128C3
:10AB340040F23C83631993F84A31A3F13A03B3FA20
:10AB440083F35B0905F5A271002208A8214411F0E2
:10AB540003FC0546002800F0998094F844312D2B1D
:10AB64009DED087B03D1B1EE477B8DED087B9FED16
:10AB7400726BB4EEC67BF1EE10FA00F1AB84764F43
:10AB84009FED6F6BB4EEC67BF1EE10FA3FDC3C78C0
:10AB9400F7EEC76B04EB4404CDED026A04EBC40486
:10ABA400029E04F10E08F6B2404687ED047B16F0CF
:10ABB400E1FB864203D03146404616F0E7FC029E94
:10ABC40004F10F08C6F30726404616F0D3FB86426D
:10ABD40003D03146404616F0D9FC029E04F1100819
:10ABE400C6F30746404616F0C5FB864203D03146FD
:10ABF400404616F0CBFC029E1134360E204616F069
:10AC0400B9FB864203D03146204616F0BFFC534CB4
:10AC1400D7E90423C4E90E23FFF7BEFBB2EE0E5BB3
:10AC2400B3EE087B94ED0E4B84EE056B30EE460BD1
:10AC3400B4EEC70BF1EE10FA06DB30EE470BB4EEC0
:10AC4400C70BF1EE10FAF8DAB5EEC00BF1EE10FA1C
:10AC540008D5B3EE087B30EE070BB5EEC00BF1EE72
:10AC640010FAF8D4B3EE085B9FED376B80EE057BEA
:10AC740027EE067BBDEEC77B72B684ED007A62B622
:10AC840072B622682368C4E9042362B62846C1E682
:10AC940014B0BDEC048BBDE8F04700F035BF94F868
:10ACA4004441002C3FF430AE29481DF0D9F9012865
:10ACB4003FF62AAE4E2C00F04184452C00F045842A
:10ACC400572C7FF421AE23480CF04EFD002840F0B1
:10ACD4004C84214B93ED027BB5EEC07BF1EE10FA70
:10ACE400ACBF022201221B4B012083F8C02491E651
:10ACF40094F844411648003C18BF01241DF0B0F9F3
:10AD040008A90546124811F097FD089B03F11E029D
:10AD14003C2A8CBF002404F001040440032D8CBFA2
:10AD2400002404F00104002C40F0D0822046F8F7FF
:10AD3400A3FD34E6AFF3008000000000008076C07D
:10AD4400000000000080764000000000C07A6041EE
:10AD540050590020B049002070490020585200206A
:10AD640073480CF0D9FC002800F0F88271481DF0FB
:10AD740077F9012840F2188294F84A31A3F13A0392
:10AD8400B3FA83F35B0901226B4908A811F0E4FAD2
:10AD9400054600283FF47AAF9FED5F6B9DED087B7D
:10ADA400B4EEC67BF1EE10FA5BD49FED5D6BB4EEAE
:10ADB400C67BF1EE10FA54DC604FF7EEC76B3C78BB
:10ADC400CDED026A04EB4404029E04EBC404F6B223
:10ADD40004F10A08404687ED027B16F0CBFA86425E
:10ADE40003D03146404616F0D1FB029E04F10B0815
:10ADF400C6F30726404616F0BDFA864203D0314614
:10AE0400404616F0C3FB029E04F10C08C6F3074645
:10AE1400404616F0AFFA864203D03146404616F05B
:10AE2400B5FB029E0D34360E204616F0A3FA864278
:10AE340003D03146204616F0A9FB97ED026B9FED37
:10AE44003A7B86EE078BB0EE480B18F0A9FCB0EE07
:10AE5400407BB0EE480B87ED0C7B18F029FD87EDA5
:10AE64000E0B06F09FFE36480AF032FF304808F019
:10AE74001FFD012005F0A4FF2D480CF04DFC002817
:10AE840040F058832A480CF03FFC00283FF4FEAE03
:10AE9400274808F0EDFC2846BCE594F844314C2BD7
:10AEA40000F09D8194F85E3101222349254811F078
:10AEB40053FAAFE594F85E3101221F49224811F09C
:10AEC4004BFAA7E594F85E3100221B491F48F6E7C8
:10AED40094F844314C2B00F06B811D4D94F85E21A5
:10AEE4001549284611F0F8F900283FF493ADB2EE65
:10AEF4000E6B95ED007B27EE067B85ED007B89E5E7
:10AF04000B4D28460CF00AFC0446002800F0F3819F
:10AF1400002420467EE500BF00000000008056C0EB
:10AF24000000000000805640F8C1631ADCA54C40C4
:10AF3400B049002055590020505900207049002084
:10AF4400D84A0020884E0020784E0020804E0020F1
:10AF5400904E0020C04B08A8C0499FEDAD7B93EDF7
:10AF6400020B20EE070B09F027FD72B6BC4B1B68E1
:10AF740062B6BC4A934203DDBB490B449342FCDCFA
:10AF840007EE903AB3EE085B08A8B8EEE77B9FEDB6
:10AF9400A24B9FEDA30B9FEDA49B87EE046B26EEC3
:10AFA400056B26EE000B10F097FC08A8B0EE408B62
:10AFB40010F082FC0E2020EE099B05F09FFC044655
:10AFC4009FED9B7B28EE078BF7EEC87BCDED027AD5
:10AFD40016F0D0F9029DEDB2854203D029462046F1
:10AFE40016F0D4FA029D661CC5F30725304616F008
:10AFF400C1F9854203D02946304616F0C7FA029DAE
:10B00400A61CC5F30745304616F0B4F9854203D0B3
:10B014002946304616F0BAFAE51C029C240E28464E
:10B0240016F0A8F9844203D02146284616F0AEFA59
:10B03400122005F063FCF7EEC97B0446CDED027ADD
:10B0440016F098F9029DEDB2854203D029462046B8
:10B0540016F09CFA029D661CC5F30725304616F0CF
:10B0640089F9854203D02946304616F08FFA029DAD
:10B07400A61CC5F30745304616F07CF9854203D07B
:10B084002946304616F082FAE51C029C240E284616
:10B0940016F070F9844203D02146284616F076FA59
:10B0A40001207AE47148012407AB06AA05A9CDE979
:10B0B400000404A811F046F8054600283FF47EACCD
:10B0C4000FF0B4F806460FF099F804460FF07EF836
:10B0D400059A049B8DF821205F4A8DF82230079B46
:10B0E4008DF825408DF824005D4C92ED0B8A8DF887
:10B0F400203006F14E03D2E904018DF82630C4E96C
:10B104000E0108A80EF058FFB7EEC87A9FED4A6BFF
:10B1140027EE067BFDEEC77B17EE903A181841EB3D
:10B12400E371CDE9020116F06BFFDDE902010FF0D6
:10B1340097F8FFF731F9B2EE0E5BB3EE087B94EDAE
:10B144000E4B84EE056B30EE460BB4EEC70BF1EEFE
:10B1540010FA06DB30EE470BB4EEC70BF1EE10FA33
:10B16400F8DAB5EEC00BF1EE10FA08D5B3EE087BB1
:10B1740030EE070BB5EEC00BF1EE10FAF8D4B3EED7
:10B18400085B9FED256B80EE057B27EE067BBDEE0D
:10B19400C77B72B684ED007A62B672B62268236801
:10B1A400C4E9042362B609E40023ECE50023C9E4FE
:10B1B40008A92F481CF044F8B5EEC00BF1EE10FAC4
:10B1C400FFF627AC9FED1E7BB4EEC70BF1EE10FA31
:10B1D4003FF61FAC274B012083ED000B1AE408A9AE
:10B1E40023481CF02DF89FED187BB4EEC70BF1EE4D
:10B1F40010FAFFF60EAC9FED167BB4EEC70BF1EE22
:10B2040010FA3FF606AC1B4B012003ED020B01E4E0
:10B21400399D52A246DF913F00000000C07A604190
:10B2240066732D3852C1D03FF8C1631ADCA54C4077
:10B23400C4ACAEA4C88E0E40000000000020AC4098
:10B24400000000000080764000000000008056C02E
:10B25400000000000080564070490020B0490020E2
:10B264005852002000D68300002A7CFF5059002049
:10B2740051590020904E0020089D42F20801AFB2BF
:10B2840007F1C80292B28A4200F20F81C24A1478CE
:10B294001583EDB204EB440404EBC40404F1120876
:10B2A400404616F067F8854203D02946404616F01A
:10B2B4006DF913343F0A204616F05CF887423FF4D8
:10B2C4001BAC3946204616F061F915E4B34D212034
:10B2D400C5F8283105F012FB95F82851064616F0FA
:10B2E40049F885F0800585423FF420AD2946304673
:10B2F40016F04CF91AE5AA4E08A930461BF0A0FF37
:10B30400089BB3423FF405AEB3EE0E7BB4EEC70B1D
:10B31400F1EE10FAC0F289809FED977BB4EEC70B73
:10B32400F1EE10FA40F18180B0EEC07B9FED946B9A
:10B33400B4EEC67BF1EE10FA00F1818005F5A2654A
:10B3440001249FED917B9FED926B204680EE075B7D
:10B3540085EE067B85ED007BFFF75CBB8F480CF028
:10B36400D3F9054600287FF401AD2846FFF752BB08
:10B374008A480CF0C9F9054600287FF4C7AB284673
:10B38400FFF748BBDDE90549DDF81C800EF0D6FE69
:10B3940007460EF0EBFE06460EF000FF03464E3461
:10B3A40008A88DF821608DF820307B4B8DF826405D
:10B3B4007C4C8DF825908DF824808DF82270D3E98B
:10B3C4000423C4E90E230EF0F7FD0646029116F09D
:10B3D40017FE304602990EF043FFFEF7DDFFB2EE92
:10B3E4000E5BB3EE087B94ED0E4B84EE056B30EEF2
:10B3F400460BB4EEC70BF1EE10FA06DB30EE470B4A
:10B40400B4EEC70BF1EE10FAF8DAB5EEC00BF1EEBC
:10B4140010FA7FF5B4AEB3EE087B30EE070BB5EE51
:10B42400C00BF1EE10FAF8D4A9E6B0EEC00B9FED14
:10B43400547BB4EEC70BF1EE10FA7FF56AAD00232E
:10B44400012485F80A352046FFF7E4BA3120564D29
:10B4540017F0E8FE142015F049FE544C2E6840F213
:10B46400EE29DFF84C81DFF84CA105E0B3F5FA6F63
:10B474003FF6C1AA17F06AFF17F068FF237853B1AB
:10B4840098F80030DB0706D52B68DAF800209B1A01
:10B494000E2B3FF6B0AA2B6822789B1B002AE5D11D
:10B4A4004B45E7D93846FFF7B5BA0026FFF724BB6A
:10B4B40005F594700AF04CFC304605F01FFAA4F12F
:10B4C4003001C9B216F062F80123184685F8E03657
:10B4D400FFF7A0BA304FFFF79ABBB7EEC00BFAEEF6
:10B4E400086AB4EEE60AF1EE10FA7FF6D9ADF2EE90
:10B4F400086AB4EEE60AF1EE10FABFF6D1ADB7EE83
:10B50400C06A254BB2EE045B142219781B2036EE78
:10B51400077B83ED0B0A00FB012027EE057BFDEE84
:10B52400C77BCDED027A9DF8081016F02FF80120A4
:10B53400FFF733BA194808F0B7F9A3E4174B002210
:10B54400012083F8C024FFF765BA14480CF00CF905
:10B5540070B9114B93ED027BB5EEC07BF1EE10FA9E
:10B56400ACBF01220222FFF7BEBB0222FFF7BBBB26
:10B574000122FFF7B8BB00BF000000000080564066
:10B584009A9999999999B93F0000000000004E409A
:10B59400F2E1F1E7360BF03F70490020B04900209A
:10B5A40050590020585200200C5A00205C5A0020A8
:10B5B4005B5A00202C5A00202DE9F0412C4C82B01B
:10B5C4000546A4F5A378464608F5AB7714F8010FB1
:10B5D4001BF0B0FFC8B3A742F8D198F85731A3BB0A
:10B5E4000DF1FF300DF1070721E0A3F14102052A17
:10B5F40094BFA3F137024FF0FF3296F84811A1F13E
:10B604003003DCB2092C09D9A1F16103052B21D93E
:10B61400A1F14103052B18D8A1F13703511C14D013
:10B6240043EA0213023600F8013F874215D096F828
:10B634004731A3F13002D1B20929DED9A3F1610265
:10B64400052AD2D8A3F15702D7E70023184602B03F
:10B65400BDE8F081A1F15703E0E702AB13E9030071
:10B66400012385E80300184602B0BDE8F08100BF5D
:10B67400525900200000000070B52DED0A8B16F021
:10B68400ADFC064600210EF07FFC00210546304645
:10B694000EF00CFC0446002130460EF05FFC631EE5
:10B6A40004EE100A012B01D8013D0C3407EE905A28
:10B6B400B7EE009BB0EE008B0021B8EEE76B07EE0F
:10B6C400904AB8EEC44B3046B8EEE77B9FEDD23BD0
:10B6D4009FEDD30B9FEDD45B86EE032B86EE003BF0
:10B6E40037EE097B26EE056B9FEDD11B9FEDD25BF8
:10B6F400BBFE466B27EE017BBBFE477BBBFE422BAA
:10B7040038EE428BBBFE433B38EE038B38EE068BA0
:10B7140038EE078B38EE048B38EE058B0EF008FC00
:10B724000346002130460AEE103A0EF0D5FB06EE31
:10B73400100A0021B8EECA7B3046B8EEC66B9FED06
:10B74400C05B86EE05AB3AEE07AB0EF0DBFB06EE14
:10B75400900AB6EE007B9FEDBC3BB8EEE65B38EE9C
:10B76400077B85EE036BBBFE477B9FEDB94BB4EEC5
:10B77400C47BF1EE10FA36EE0A6B17DD37EE099B47
:10B78400B5EE005B9FEDB44B9FEDB53B37EE444BFC
:10B7940084EE037BBDEEC77BB8EEC77B27EE055B6B
:10B7A40039EE079BBBFE457B39EE477B9FEDAE3BF5
:10B7B4009FEDAF2B9FED9C5B37EE037B9FED9C4B86
:10B7C40037EE422B9FEDAC1B82EE053BB2EE0B2B0A
:10B7D400BBFE433B23EE055BBBFE455B37EE457B7F
:10B7E40087EE045B37EE017BBBFE455B25EE044B25
:10B7F400B4EEC25BBBFE444BF1EE10FA37EE447B71
:10B80400BBFE477BBDEEC77B40F1FD80B7EE004B2E
:10B8140035EE445BFDEEC57B17EE903A022B40F308
:10B82400E1809FED975B33EE453BBDEEC33BB8EE45
:10B83400C33B07EE903AB0EE000BB8EEE75BB8EE10
:10B84400C77B9FED754B9FED761B9FED772B83EEAA
:10B85400049B83EE014B23EE023BB7EE002B9FEDDE
:10B864008A1B35EE025BBBFE433B9FED712B25EE3D
:10B87400025B38EE412BBBFE455BBBFE499B30EEC1
:10B88400490BBBFE448B30EE080BB3EE084B30EE95
:10B89400033B9FED690B33EE055B9FED7D8B35EE2E
:10B8A400077B9FED7D5B37EE007B37EE417BA7EE98
:10B8B400058B86EE045B9FED7A7BB4EEC48BF1EED0
:10B8C40010FA32EE055B85EE073B06DB38EE448B5F
:10B8D400B4EEC48BF1EE10FAF8DAB5EEC08BF1EEEB
:10B8E40010FA08D5B3EE087B38EE078BB5EEC08BA3
:10B8F400F1EE10FAF8D4B3EE087B9FED6B2B9FEDBD
:10B904006C4BA6EE028B23EE044BA3EE048BB4EE39
:10B91400C78BF1EE10FA06DB38EE478BB4EEC78B1B
:10B92400F1EE10FAF8DAB5EEC08BF1EE10FA08D5A4
:10B93400B3EE087B38EE078BB5EEC08BF1EE10FA50
:10B94400F8D49FED5D6B9FED5E9B9FED5F4B9FED8C
:10B95400600BA5EE069BA5EE440B9FED5FAB9FED40
:10B96400607B39EE099B9FED60BB80EE0A0BA5EE70
:10B9740047BB17F09DFFB0EE40CB89EE0A0B17F0E2
:10B9840097FFB0EE406B8BEE0A0B9FED599B9FED3A
:10B994005A7B29EE469BACEE079B17F001FFB3EEF2
:10B9A400087BA9EE008BB4EEC78BF1EE10FA06DB30
:10B9B40038EE478BB4EEC78BF1EE10FAF8DAB5EE39
:10B9C400C08BF1EE10FA08D5B3EE087B38EE078B86
:10B9D400B5EEC08BF1EE10FAF8D4B0EE480BBDEC26
:10B9E4000A8B70BD9FED465B5A1E33EE453B012A20
:10B9F400BDEEC33B3FF61BAF13EE102A0C33013AE6
:10BA040003EE102A13E7B2EE0A4B35EE445BFDEE6B
:10BA1400C57B17EE903A01E7000000000000594092
:10BA240000000000000079400000000000D47640CF
:10BA340061545227A0993E4000000080A2423A413E
:10BA44000000000000004E40000000000020AC4058
:10BA5400000000008C8A414100000040D07D3C4140
:10BA64000000000088D5E1400000000000D09740AD
:10BA74006666666666865E400000000000000000A0
:10BA840000000000006CB240000000802CB4424171
:10BA940098B05E8E1CCA1A40D7E5E7EA5BD2B03F85
:10BAA40000000000A0D5E140F2E1F1E7360BF03FE1
:10BAB40005A227655243FB3E43AD69DE718AEF3F21
:10BAC400EC51B81E8587714028806264C91CAB3F65
:10BAD400C3F5285C8F425F40F8C1631ADCA54C4073
:10BAE40048AFBC9AF2D79A3EFF21FDF675703740F5
:10BAF40054E41071732AF93E03B34291EEE734BF64
:10BB040000000000006BB2402DE9F047B84C2DED69
:10BB1400028B94F844318AB0413B312B3ED8DFE8A4
:10BB240013F054003D003D003D0085003D003D0004
:10BB34003D003D003D00A400CE0005013D006F0125
:10BB44003D003D0090013D0032003D003D003D00C0
:10BB54003D003D003D003D003D003D003D003D00F9
:10BB64003D003D003D003D003D003D003D003D00E9
:10BB74003D003D003D003D003D003D003D003D00D9
:10BB84003D003D00440094F84531312B01F08A8199
:10BB9400322B01F03B81302B00F02E820AB0BDEC39
:10BBA400028BBDE8F047F7F773BE94F84731792B61
:10BBB40001F0FC816E2B01F0A78200200AB0BDECDD
:10BBC400028BBDE8F047F7F757BE94F84531432B95
:10BBD40001F0D981633BDAB2102AEED8102BECD8ED
:10BBE40001A252F823F000BFBDA200005B9E00003A
:10BBF4005B9E00005B9E00005B9E00005B9E00005D
:10BC0400BDA200005B9E00005B9E00005B9E0000E6
:10BC14005B9E00005B9E00005B9E0000BDA20000D6
:10BC24005B9E00005B9E0000D3A3000094F84531A6
:10BC3400502B01F0FD8100F2B281452B01F0DF8130
:10BC44004F2BABD108A96B4810F00EFE044620B16F
:10BC5400089B072B41F21D8300242046F7F70CFEB6
:10BC64000AB0BDEC028BBDE8F08794F84531613B26
:10BC7400DBB2192BA1D801255F4805FA03F2104065
:10BC8400002841F053800A2B98D194F846312C2B8C
:10BC940093D194F84731A3F13002012A8DD894F856
:10BCA4004821002A89D1A3F13103544AB3FA83F31A
:10BCB4005B0982F8983404F039FF28467EE794F84B
:10BCC4004531413B162B3FF669AF01A252F823F0F0
:10BCD400B5A800001FA8000089A70000BFA60000A7
:10BCE4008DA600003D9E00003D9E000047A600007A
:10BCF4003D9E00003D9E00003D9E00003D9E0000D4
:10BD04003D9E00003D9E00000DA600003D9E0000EB
:10BD14003D9E0000FDA50000BFA500003D9E000063
:10BD24004BA900003D9E00004DA5000094F845314C
:10BD3400423B2B2B3FF632AF01A252F823F000BF57
:10BD440065AA0000A5A400003D9E000003AC00000D
:10BD5400ADAB000035AC00003D9E00003D9E0000F0
:10BD64003D9E00003D9E00003D9E000085AB00000E
:10BD74003D9E00003D9E00003D9E00003D9E000053
:10BD84002FAB000007AB00003D9E00003D9E00006D
:10BD94003D9E00003D9E00003D9E00003D9E000033
:10BDA4003D9E00003D9E00003D9E00003D9E000023
:10BDB4003D9E00003D9E00003D9E00003D9E000013
:10BDC40001AA0000A5A400003D9E00003D9E0000C5
:10BDD4003D9E00003D9E00003D9E00003D9E0000F3
:10BDE4003D9E00003D9E00003D9E0000AFA9000066
:10BDF4000C5800205359002005800002B04900204F
:10BE040094F84511492900F0C18700F2AB80A1F1F3
:10BE14004103022B3FF6C2AE412900F09D81B1F1EE
:10BE2400420418BF0124D64E30461CF019F90F28DD
:10BE340094BF4FF001084FF0000840F2B181404632
:10BE4400BCE694F84561A6F13004422C3FF6A6AE58
:10BE540001A353F824F000BF67A3000067A3000008
:10BE640067A3000067A300003D9E00003D9E000004
:10BE74003D9E00003D9E00003D9E00003D9E000052
:10BE84003D9E00003D9E00003D9E00003D9E000042
:10BE94003D9E00003D9E00003D9E0000EFAE000070
:10BEA4003D9E00003D9E0000CBAE00003D9E000084
:10BEB4003D9E00003D9E00003D9E00003D9E000012
:10BEC4003D9E00003D9E00003D9E00003D9E000002
:10BED4003D9E00003D9E00003D9E00003D9E0000F2
:10BEE4003D9E00003D9E00003D9E00003D9E0000E2
:10BEF4003D9E00003D9E00007FAE00003D9E000080
:10BF04003D9E00003D9E00003D9E00003D9E0000C1
:10BF14003D9E00003D9E00003D9E00003D9E0000B1
:10BF24003D9E00003D9E000047AE00001BAE000099
:10BF340091AD00003D9E000059AD00003D9E000003
:10BF44003D9E00003D9E00003D9E00003D9E000081
:10BF54003D9E00003D9E00003D9E00003D9E000071
:10BF640019AD000053297FF419AE08A9844810F0D4
:10BF74007BFC089B132B8CBF002400F00104002CD5
:10BF84003FF46BAE7F4DAA6893423FF466AE412006
:10BF9400AB6004F0B3FC297A15F0F8FA5DE6722B75
:10BFA4007FF4FCAD94F84631522B00F0AE83442B61
:10BFB4007FF403AE744E75481CF052F80128054610
:10BFC4007FF4FBAD94F84831A3F13002012A3FF627
:10BFD400F4AD7268917A00297FF4EFADA3F13100DA
:10BFE40043424341B06B537204F088FC7368597A3E
:10BFF40015F0CCFA2846E1E56548012407AB06AA0A
:10C0040005A9CDE9000404A810F09CF80546002811
:10C0140041F0CF802846F7F72FFC21E6002158484D
:10C024001BF00EF9B0EEC06B9FED4D7BB4EEC76B09
:10C03400F1EE10FA3FF7C1AD524D94F845319FED42
:10C044004A5B95EDA46B9FED4A4B20EE050B632BE9
:10C05400B7EEC66B95EDA65B95EDA27BF7EEC56BCF
:10C06400B7EEC77B80EE045B01F00581702B01F015
:10C074001C81F7EEC56BB5EE407A0120B7EEC77AA6
:10C08400B7EEC64AF1EE10FAB5EE406AB7EEE65ADC
:10C094000CBF03460023F1EE10FAF5EE406A03F0FC
:10C0A400010318BF0023F1EE10FA03F0010318BFD7
:10C0B4000023434085EDA27B85EDA44B85EDA65B73
:10C0C40085F890347AE52F4D95F84815C9B20029C2
:10C0D4000CBF4FF001084FF000087FF4B0AE0A2205
:10C0E40027481BF05FF9431E0746FE2B01F2E5814A
:10C0F400A6F11A0004F002FCF9B215F047FA002C7C
:10C1040041F0E58007EE907A224BB8EEE77B9FED95
:10C114001A5B87EE056B83ED006B95F878359C42CE
:10C124007FF48DAE1748002221460BF08BFD40466C
:10C1340044E513481BF094FF044611490F2C16489C
:10C1440028BF0F24224615F043FB0E4B002201208A
:10C15400234483F87F2431E5104B1C7863E600BF49
:10C16400000000000094D140399D52A246DF913F67
:10C17400000000000020AC40000000000000594016
:10C1840053590020B049002078340020545900202D
:10C1940052590020004F00202F4E0020545A0020F6
:10C1A400C4EB0415C84B3268214617358D205A510B
:10C1B4001D447368B2686B60B389AA60AB81B37BBA
:10C1C400AB7304F0A5FB814628461BF049FF0E28FB
:10C1D4003FF635AE6F1E3C4617F801AF7E1B4E444A
:10C1E400304615F0C7F882455146304601D015F067
:10C1F400CDF9023428461BF033FF641B8442EADD88
:10C204004046DBE40A220021B0481BF079F9B04B28
:10C214006421A3FB00235B0901FB03F3632B7FF67B
:10C22400BDAC94F84621522A01F04481442A7FF49B
:10C23400C4ACA84D296891F82C20013AD2B2032A43
:10C244003FF6BBACA44E56F8222093423FF6B5AC61
:10C2540094F84521432A01F07B8191F82020002A9B
:10C264007FF4ABACA86ACB6104F048FB2A68642372
:10C27400D169B1FBF3F1C9B215F088F92A6892F9D2
:10C284002C10481EC0B2032847D8D369023956F887
:10C294002000834228BF034607EE103A022901F228
:10C2A4006D81DFE811F03205210511050A22002114
:10C2B4008A481BF077F8B428034600F3E0876FF050
:10C2C400B302814D9042C5F83401B8BF13463520FE
:10C2D400C5F8343104F012FB95ED4D6AB2EE0E7BD5
:10C2E4000546B8EEC66B9FED744B26EE076B9FEDCB
:10C2F400745B86EE047BB8FE477B37EE057BFCEE71
:10C30400C77BCDED037A15F035F89DF80C408442D7
:10C3140003D02146284615F039F901204EE408A936
:10C324006E4810F089FA044600283FF496AC089B46
:10C33400B52B3FF691AC644D3720C5F8403104F07D
:10C34400DDFA95F84061054615F014F886423FF48D
:10C3540084AC3146284615F019F97EE460480AB0E9
:10C36400BDEC028BBDE8F04709F0ECBC08A95B48C2
:10C3740010F062FA044600283FF46FAC089BA3F166
:10C384002D022E2A3FF668AC4F4D2220C5F82C31E1
:10C3940004F0B4FA95F82C61054614F0EBFF8642DC
:10C3A4003FF45BACD5E708A94C4810F045FA0446C5
:10C3B40000283FF452AC089B03F11E023C2A3FF6CE
:10C3C4004BAC414D2120C5F8283104F097FA95F87B
:10C3D4002851064614F0CEFF85F0800585423FF4CF
:10C3E4003CAC2946304615F0D1F836E40A22002147
:10C3F4003A481AF0D7FFB428034600F331876FF0A8
:10C40400B302314D9042C5F83001B8BF1346342011
:10C41400C5F8303104F072FA95ED4C6A5EE70A22F1
:10C4240000212E481AF0BEFF2E4BF2EE046A07EEEE
:10C43400100AD3ED007AB8EEC77A039067EEA67AB5
:10C44400B4EEE77AF1EE10FA3FF6B7AB282004F029
:10C4540055FA054614F08EFF0446681CE4B214F045
:10C4640089FF039B60F30F2424B2A3427FF7A5AB9B
:10C474009DF80C602A2004F041FA054614F07AFF76
:10C484008642BDF90C4003D03146284615F07EF8AB
:10C494000135C4F30724284614F06CFF844203D00A
:10C4A4002146284615F072F80D4809F069FC012070
:10C4B400FFF784BBAFF300800000000000004E4093
:10C4C4000000000000006040B049002054590020E2
:10C4D4001F85EB5178340020481D0020535900205B
:10C4E400D84A00202C5100200A220021AC481AF01E
:10C4F40059FFAC4BF2EE046A07EE100AD3ED007A52
:10C50400B8EEC77A039067EEA67AB4EEE77AF1EE56
:10C5140010FAFFF652AB2A2004F0F0F9054614F0A5
:10C5240029FF0446681CE4B214F024FF039B60F363
:10C534000F2424B2A342BFF640AB9DF80C60282020
:10C5440004F0DCF9054614F015FF8642BDF90C40F1
:10C5540003D03146284615F019F80135C4F30724F1
:10C56400284614F007FF844203D02146284615F0DC
:10C574000DF88D4809F0FEFB0120FFF71FBB0A22CE
:10C58400002187481AF00EFF884BF2EE046A07EE8A
:10C59400100AD3ED007AB8EEC77A039067EEA67A54
:10C5A400B4EEE77AF1EE10FA3FF607AB242004F07C
:10C5B400A5F9054614F0DEFE0446681CE4B214F046
:10C5C400D9FE039B60F30F2424B2A3427FF7F5AA9C
:10C5D4009DF80C60262004F091F9054614F0CAFE7B
:10C5E4008642BDF90C4003D03146284614F0CEFFF4
:10C5F4000135C4F30724284614F0BCFE844203D05A
:10C604002146284614F0C2FF674809F0ADFB01201B
:10C61400FFF7D4BA0A22002161481AF0C3FE644B22
:10C62400F2EE046A07EE100AD3ED007AB8EEC77A88
:10C63400039067EEA67AB4EEE77AF1EE10FAFFF60D
:10C64400BCAA262004F05AF9054614F093FE0446C9
:10C65400681CE4B214F08EFE039B60F30F2424B232
:10C66400A342BFF6AAAA9DF80C60242004F046F960
:10C67400054614F07FFE8642BDF90C4003D03146D6
:10C68400284614F083FF0135C4F30724284614F028
:10C6940071FE844203D02146284614F077FF4248B5
:10C6A40009F05CFB0120FFF789BA0A2200213C480B
:10C6B4001AF078FE07EE900AB2EE044BB8EEE76B80
:10C6C400B2EE085B86EE047BB4EEC57BF1EE10FAA5
:10C6D40000F3CA85B2EE026B364D85ED4E7BB4EEA7
:10C6E400467BF1EE10FA48BFB0EE467B362085ED6E
:10C6F4004E7B04F003F9B2EE046B95ED4E7B0546D8
:10C7040027EE067BB8FE477BF9E52B4E53E494F8FD
:10C714004631522B00F0D885442B7FF49DAA274D37
:10C7240027481BF09DFC01287FF496AA08A92448F9
:10C7340010F082F8044600283FF48EAA089B012BCF
:10C744003FF68AAA2B689B7C002B7FF485AA286A73
:10C7540004F0D4F89DF8201014F018FFFFF77DBA08
:10C7640014480AF0E1FF08A90546154810F064F8DA
:10C77400089A85F00103A2F1100130298CBF002032
:10C7840000F0010010EA03053FF444AC94F846318C
:10C79400522B00F0CF86442B00F0A585002539E408
:10C7A4005359002028510020D84A0020DC50002092
:10C7B400D8500020B04900203C34002078340020B8
:10C7C40054590020B9480AF0AFFF08A90546B848F3
:10C7D40010F032F8089A85F00103B2F57A7F2CBF85
:10C7E400002000F0010010EA03053FF413AC94F8B4
:10C7F4004631522B00F09686442BCFD1AD4C2368A2
:10C80400E06A5A6204F07AF8236806465F6A14F014
:10C81400B1FD1FFA87F8FFB2874203D0394630468C
:10C8240014F0B4FE01364FEA1828304614F0A2FD85
:10C83400804503D04146304614F0A8FE206800220B
:10C84400D4E9023190ED097A91ED066BB8EEC77B1D
:10C8540027EE067BBDEEC77B83ED207A5A6783F80B
:10C864007020FFF7D7BB91480AF05EFF054638B940
:10C8740094F84631522B00F05F86442B00F04C852F
:10C8840008A98B4800250FF0EFFFFFF7C3BB94F80E
:10C894004631522B00F01285442B7FF48EA9854E2D
:10C8A40083481BF0DDFB012805467FF486A994F834
:10C8B4004831A3F13002012A3FF67FA93268117C86
:10C8C40000297FF47AA9A3F13101F0694B424B416D
:10C8D400D37304F013F83368D97B14F057FE284659
:10C8E400FFF76CB971480AF01FFF054638B994F890
:10C8F4004631522B00F01C86442B00F06D8508A9AC
:10C904006B4800250FF098FFFFF784BB94F846317D
:10C91400522B00F0D084442B7FF49EA9654D6448CB
:10C924001BF09EFB023802283FF696A908A960482E
:10C934000FF082FF044600283FF48EA908997F294E
:10C944003FF68AA92B68403993F92C200891012AD3
:10C954007FF483A90022C9B2186B10F0FBFDFFF726
:10C964007CB994F84731792B00F0AB846E2B7FF4BB
:10C9740024A900234D4C94F8F8259A423FF4CDACF9
:10C9840084F8F83505F044F90123184684F8E036B4
:10C99400FFF714B945480AF0C7FE00287FF40DA933
:10C9A40094F84631522B00F0C085442B7FF405A93E
:10C9B400404D3F481BF054FB023808283FF6FDA8C1
:10C9C4000A2200213A481AF09BFD2B6804461A7982
:10C9D400002A7FF4F2A893ED007A06EE904AB8EEAE
:10C9E400477BB8EE666B86EE075B72B6AB6893ED79
:10C9F400047AB8EEC77B27EE057BBDEEC77B83EDDB
:10CA0400047A62B62B68E6B228691C6003F076FFEC
:10CA1400054614F0AFFC864203D03146284614F094
:10CA2400B5FD6E1CC4F30727304614F0A3FC8742FF
:10CA340003D03946304614F0A9FDAE1CC4F30747B1
:10CA4400304614F097FC874203D03946304614F040
:10CA54009DFD0335240E284614F08CFC844203D03B
:10CA64002146284614F092FD0122104811460BF08D
:10CA7400E3FC0120FFF7A2B808A8FEF79DFD0028FB
:10CA840000F001849DED080BB7EE007B07480322FC
:10CA9400012100F5A26337EE407B80F80B2583ED7E
:10CAA400007B0BF047F80120FFF788B8B04900205D
:10CAB4005459002078340020CD4C03230A2200214D
:10CAC400CC4884F80B351AF06DFC07EE900A04F597
:10CAD400A26320460121B8EEE77B9FEDB95B87EEA8
:10CAE400056B83ED006B0BF025F80120FFF766B8AA
:10CAF4000A220021BF481AF055FC4CF2503203467A
:10CB0400BD49BB4D30201A448A4288BF0023C5F872
:10CB1400243503F0F3FED5F82455EEB2044614F0A0
:10CB240029FC864203D03146204614F02FFD661CB2
:10CB3400C5F30727304614F01DFC874203D039465D
:10CB4400304614F023FDA61CC5F30747304614F005
:10CB540011FC874203D03946304614F017FD0334E4
:10CB64002D0E204614F006FC85423FF4D6AB294630
:10CB7400204614F00BFDFFF7D0BB0A2200219D488C
:10CB84001AF010FC4CF2503203469B49984D2C206D
:10CB94001A448A4288BF0023C5F8203503F0AEFE4C
:10CBA400D5F82055B9E7924D95F90835022B7FF455
:10CBB40004A808A8FEF700FD002800F0AD849DED50
:10CBC400080B8E4B03220121A3F5A46085F80B25E5
:10CBD40003ED020B0AF0AEFF0120FEF7EFBF1A20AF
:10CBE40003F08CFE0A220446002182481AF0DAFB84
:10CBF40003462046DDB29EB214F0BCFB854203D04E
:10CC04002946204614F0C2FC0134360A204614F0AA
:10CC1400B1FB864203D03146204614F0B7FC744879
:10CC24000BF05EF90120FEF7C9BF0A22002171480A
:10CC34001AF0B8FB04461C20052C28BF032403F07B
:10CC44005DFEE1B214F0A2FC0120FEF7B7BF0A2298
:10CC5400002168481AF0A6FB07EE900A9FED5A6B74
:10CC6400B8EEE77B27EE067BB4EEC67BF1EE10FA56
:10CC7400C0F2F182B3EE096BB4EEC67BF1EE10FAAA
:10CC840058BFB0EE467B5E4C1D2004ED027B03F0E2
:10CC940035FEB2EE046B054614ED027B27EE067BEF
:10CCA400FCEEC77BCDED037A14F064FB9DF80C40D9
:10CCB400844203D02146284614F068FC4C480BF00B
:10CCC40029F90120FEF77ABFB8EEC77BD06B9FED40
:10CCD400405B87EE056BBCEEC66B16EE103A99B25C
:10CCE40011F0BAFAFFF719BBB8EEC77B906B9FED52
:10CCF400385B87EE056BBCEEC66B16EE103A99B244
:10CD040011F0E0F90120FEF759BFB8EEC77B506B74
:10CD14009FED2F5B87EE056BBCEEC66B16EE103AEB
:10CD240099B211F031FB0120FEF748BF94F8463167
:10CD34002C2B7EF442AF00212E481AF081FAB0EE7B
:10CD4400C06B9FED257BB4EEC76BF1EE10FA3EF796
:10CD540034AF94F845319FED226B9FED235B7A2B22
:10CD640020EE060B80EE058B00F0B583612B00F0FE
:10CD7400E583632B00F0E883B1EE488B214B03ED90
:10CD8400028B03F0D3FE0120FEF718BF08A919484F
:10CD94000FF052FD044600283EF45FAF08990129C4
:10CDA4003EF65AAF184BC9B20420197014F0EEFBCA
:10CDB4000F4B012283F8E026FEF74FBFAFF300804C
:10CDC400000000000088C3409A9999999999B93F45
:10CDD400CD3B7F669EA0F63F000000000094D1404A
:10CDE400399D52A246DF913F000000000020AC4074
:10CDF400B049002053590020A0860100D04E0020E5
:10CE0400A04F0020704E0020545A00200A2208A986
:10CE1400C3481AF075FB0546C24C15F0F1F82846D4
:10CE240000210DF01DFAFEF727FCB2EE0E5BB3EE07
:10CE3400087B94ED0E4B84EE056B30EE460BB4EE9E
:10CE4400C70BF1EE10FA06DB30EE470BB4EEC70B5E
:10CE5400F1EE10FAF8DAB5EEC00BF1EE10FA08D5DF
:10CE6400B3EE087B30EE070BB5EEC00BF1EE10FA13
:10CE7400F8D4B3EE085B9FEDA66B80EE057B27EE3E
:10CE8400067BBDEEC77B72B684ED007A62B672B6DD
:10CE940022682368C4E9042362B60120F6F7ECFC97
:10CEA400FEF7DEBEA04B07AA06A905A80FF04CFCAE
:10CEB400054600283FF4AEA8DDF81C80DDE90549ED
:10CEC4000DF03CF907460DF051F906460DF066F9F0
:10CED40003464E3408A88DF82030944B8DF8264034
:10CEE400904C8DF821608DF825908DF824808DF874
:10CEF4002270D3E90423C4E90E230DF05DF806463D
:10CF0400039115F07DF8304603990DF0A9F9FEF769
:10CF1400B3FBB2EE0E5BB3EE087B94ED0E4B84EEE6
:10CF2400056B30EE460BB4EEC70BF1EE10FA06DBE0
:10CF340030EE470BB4EEC70BF1EE10FAF8DAB5EEAB
:10CF4400C00BF1EE10FA08D5B3EE087B30EE070BF8
:10CF5400B5EEC00BF1EE10FAF8D4B3EE085B9FED1A
:10CF64006C6B80EE057B27EE067BBDEEC77B72B64D
:10CF740084ED007A62B672B622682368C4E9042399
:10CF840062B6FFF747B86A4B002400250020002250
:10CF940003F29441C3E9A2450860012083F8902478
:10CFA400C3E9A445C3E9A645FEF708BE012294F8E7
:10CFB4004531702B00F0C480742B00F0E780672BA0
:10CFC4007EF4FBAD5A4B93F8151191423FF4A5A999
:10CFD40093F8161193F8144183F815210AB144F01B
:10CFE400020409B144F004040D2003F087FC054653
:10CFF40014F0C0F984423FF490A9FFF78AB994F879
:10D004004731792B00F035816E2B7EF4D6AD0023A9
:10D01400474C94F87C269A423FF47FA984F87C36E6
:10D0240004F0F6FD0123184684F8E036FEF7C6BD89
:10D0340094F84631522B00F01181442B7EF4BDAD9F
:10D044003C4D94F8480100283EF4B8AD3A481BF032
:10D0540007F806283EF6B1AD0A2208A936481AF0A8
:10D064004FFA364B421E04469A423EF6A6AD6B6812
:10D074001A7A002A7EF4A1AD07EE900AE6B2686B34
:10D08400B8EEE77B9FED246B27EE067B83ED007BF8
:10D0940003F034FC054614F06DF9864203D03146A2
:10D0A400284614F073FA6E1CC4F30727304614F0B4
:10D0B40061F9874203D03946304614F067FAAE1C52
:10D0C400C4F30747304614F055F9874203D0394674
:10D0D400304614F05BFA0335240E284614F04AF95E
:10D0E400844203D02146284614F050FA104B93F89A
:10D0F400F80500287EF462AD0122184611460BF0B3
:10D104009BF90120FEF75ABD002250E7AFF30080DF
:10D1140000000000C07A60417B14AE47E17A843F8E
:10D1240053590020585200205259002070490020C1
:10D13400B049002078340020545900203F7E050077
:10D144009E4B93F8141191423FF4E7A893F815010C
:10D15400144693F8161183F8142108B142F002041E
:10D1640011B144F00404E4B20D2003F0C7FB0546FA
:10D1740014F000F9844203D02146284614F006FA3C
:10D18400012003F01DFE0120FEF718BD8B4B93F820
:10D19400161191423FF4C1A893F8151193F8144164
:10D1A40083F8162109B144F00204002A3FF41CAFAD
:10D1B40018E70DF03BF804460DF020F806460DF094
:10D1C40005F8049A059B07998DF822207C4A8DF86E
:10D1D40024008DF8213004F14E038DF82010794C91
:10D1E4008DF826308DF82560D2E90401C4E90E01DA
:10D1F40008A80CF0E1FE0646039114F001FF304646
:10D2040003990DF02DF8FEF737FAB2EE0E5BB3EE8C
:10D21400087B94ED0E4B84EE056B30EE460BB4EEBA
:10D22400C70BF1EE10FA06DB30EE470BB4EEC70B7A
:10D23400F1EE10FAF8DAB5EEC00BF1EE10FA7FF564
:10D244008CAEB3EE087B30EE070BB5EEC00BF1EEFF
:10D2540010FAF8D481E6B0EE467B14E55A4DF0E6B8
:10D26400B423564DFFF7D3B8B0EE457B534DFFF7CB
:10D274003DBA0123CCE6B7EEC57BFEF7FCBEB42372
:10D284004E4DFFF724B807A9504819F0D9FFFFF70E
:10D29400FBBB4A4D8C2085F87D3603F02FFB95F8B7
:10D2A4007D1614F073F9FEF7D8BCB7EEC55BB1EE8A
:10D2B400456AFEF7E0BE444DFFF731BB424EFFF72F
:10D2C400EFBA0123FFF756BB3F4DFFF729BA07EE2C
:10D2D400907A04F1AA03B8EEE77B05EBC30383ED70
:10D2E400007BFEF71ABF3A4C2368206B9A6203F066
:10D2F40005FB236893F8281014F048F92268A36802
:10D3040092ED0A7A93ED0E5BB8EEC77B85EE076B60
:10D3140083ED1E6BFEF77EBE2D4E2E481AF0A0FE46
:10D32400023808283FF6ACAA08A92A480FF09CFA4C
:10D334000446002800F01F8133681A7B002A7EF41B
:10D3440069AE93ED027ADDED086AB8EE477BB8EE7C
:10D35400666B86EE075B72B6B36893ED047AB8EE3B
:10D36400C77B27EE057BBDEEC77B83ED047A62B6EF
:10D374003368089A70699A6003F0C0FA089E0546FB
:10D3840013F0F8FFB7B2F6B2864203D0314628460E
:10D3940014F0FCF801353F0A284613F0EBFF8742EE
:10D3A40003D03946284614F0F1F8012203482546F3
:10D3B40011460BF041F8FEF72DBE00BFB049002026
:10D3C40070490020585200203C340020535900205A
:10D3D4007834002054590020714F72481AF040FEEE
:10D3E40008A906466F480FF027FA089B5A1E072A19
:10D3F4008CBF002400F00104012E14BF002404F0AB
:10D404000104002C00F0B7803A68917B00297EF477
:10D4140001AE527BB0EE000B9B1A01EE103AB8EE4F
:10D42400C11B16F0E1FB72B6BB6893ED047AB8EE4B
:10D43400C77B27EE007BBDEEC77B83ED047A62B623
:10D44400089BB0EE000B3D68DAB26B7301EE102A54
:10D45400B8EEC11B16F0C8FB95F92C30FDEEC07B6D
:10D46400013B17EE901A032B07D8DFE803F01F1ACD
:10D47400150289B2E86B10F04BFFB869254603F03A
:10D484003DFA3B68597B14F081F80022012146489B
:10D494000AF0D2FFFEF7BEBD89B2A86B10F0ECFF14
:10D4A400EBE789B2686B10F0E7FFE6E7286B10F052
:10D4B400A1F8E2E73D4DFEF7BDBE07EE904AB1EE9E
:10D4C400000BB8EEE71B16F08FFBFDEEC07B17EEEA
:10D4D400907AFEF70DBE364B93ED020B20EE060B51
:10D4E40016F05EF9B0EEC06B9FED297BB4EEC76B0E
:10D4F400F1EE10FA3EF561AB88EE007B9FED266BF2
:10D50400B0EEC75BB4EEC65BF1EE10FA3EF755AB76
:10D51400284B83ED007B34E407A9274819F090FEDB
:10D52400FFF74FBB214CFFF76AB9204DFFF741BA13
:10D534001E4F52E71D4CD7E61C4EEEE6B1EE488B6B
:10D544001E4B03ED028B1CE41C4B83ED008B18E493
:10D554000A7E002A7EF431AB686A4B6103F0CEF98F
:10D564002A6864235169B1FBF3F1C9B214F00EF8CF
:10D574000120FEF723BB2546FEF74CBD106B17EECA
:10D58400101A0FF025FF0120FEF718BBAFF300803F
:10D59400FCA9F1D24D62503F8744E74A1857B63F81
:10D5A4007834002054590020B04900203C34002035
:10D5B40070490020504E002053590020604E002036
:10D5C40008B513F0B3FEBDE8084013F0AFBE00BFCA
:10D5D400C14A2DE9F0412DED0A8B92F84331ADF5A6
:10D5E400D06D2B3B3A2B00F28280DFE813F09B00D6
:10D5F40080003B00800080008000D600E5008000B1
:10D604008000800080008000800080008000800016
:10D614008000800080008000800080008000800006
:10D6240080008000800080008000800080008000F6
:10D63400000180008000800080000C01180130018E
:10D644003C018000800080007D018000800080001B
:10D6540080008000800080008000800080008000C6
:10D66400EC0188009D4C582094ED007B9FED8E6B5F
:10D6740037EE067B84ED007B03F040F994ED007BEC
:10D68400B3EE006B054627EE067BFDEEC77B17EE77
:10D69400904A13F06FFEE1B2814202D0284613F0A3
:10D6A40075FF6E1CC4F30727304613F063FE8742F0
:10D6B40003D03946304613F069FFAE1CC4F3074764
:10D6C400304613F057FE874203D03946304613F0F4
:10D6D4005DFF0335240E284613F04CFE844203D02C
:10D6E4002146284613F052FF7D480AF025FC0DF52B
:10D6F400D06DBDEC0A8BBDE8F041F6F7C9B8784CA3
:10D7040020460AF001F800284ED1764A94F8F835FC
:10D714001268E070C4F82825002B45D020460BF091
:10D7240067F859E16D4D582095ED007B9FED5E6BD8
:10D7340037EE467B85ED007B03F0E0F8B3EE006B3B
:10D74400044695ED007B27EE067BFDEEC77B17EEC6
:10D75400905A13F00FFEE9B2814240F05381661CE7
:10D76400C5F30727304613F005FE874240F0458194
:10D77400A61CC5F30747304613F0FCFD874240F072
:10D78400378103342D0E204613F0F4FD8542ABD0CF
:10D794002946204613F0FAFEA6E7514C204609F02C
:10D7A400E3FF002800F020810DF5D06DBDEC0A8B5D
:10D7B400BDE8F041F6F742B8494C204609F0D4FFE1
:10D7C4000028F1D102250121204684F808550AF0E9
:10D7D400B1F9092003F092F8044613F0CBFDA842F6
:10D7E40000F0FA802946204613F0D0FEF4E03C4CC9
:10D7F4009FED2F1B9FED300B20460AF017FA0223F2
:10D8040084F80B3573E7364CB7EE000B9FED281BFD
:10D8140020460AF00BFA002384F80B3567E7304CF6
:10D82400B7EE000B26A3D3E9002304F5A066204637
:10D834009FED1F1BC6E900230AF0F8F900235820C6
:10D8440084F80B3503F05AF896ED007B18E7244C66
:10D854009FED171B9FED1C0B20460AF0E7F90123EF
:10D8640084F80B3543E71E4CB7EE000BD4F8203593
:10D87400204607EE903AD4F82435B8EEE76B07EE6D
:10D88400903A9FED131BB8EEE77B86EE015B87EEC3
:10D89400011B30EE450B0AF0C9F9032384F80B355C
:10D8A40025E700BFAFF300805655555555D5744054
:10D8B4000000000000000000BD4DD3F5B1CBEE3FE9
:10D8C400000000202B6F2E41007F94DDA1E9EF3F83
:10D8D400000000000088C3400C580020B04E002017
:10D8E400B04900200C5A002092F84431412B00F03A
:10D8F4008D80542B7FF4FBAE92F84531312B7FF4AD
:10D90400F6AE46AE544D34460FCD9FED479B9FED8A
:10D91400488B0FC495E80300B0EE492BB0EE481BCA
:10D9240084E803009FED440B54A80DF0EFFE48ABD0
:10D934000FCB9FED430B8DE80F0054A9D4A896E8B4
:10D944000C000DF029FFD4A80EF062FA022143481E
:10D954009FED3D7B30EE070B13F06AF93F4813F05F
:10D964004BF9D4A80EF04EFA02213C489FED387BC7
:10D9740030EE470B13F05CF9384813F03DF9D4A9A5
:10D9840054A89FED2F0B0EF0FFF854A80DF098FF4C
:10D99400022130EE490B314813F04AF92F4813F0B5
:10D9A4002BF954A80DF088FF022130EE480B2B48C8
:10D9B40013F03EF9294813F01FF90DF5D06DBDECB5
:10D9C4000A8BBDE8F081264C204609F09DFE002814
:10D9D4007FF4EAAE84F80A050DF5D06DBDEC0A8B30
:10D9E400BDE8F041F5F714BF012520462946ECE6D1
:10D9F4003946304613F0CAFDC3E63946304613F0C3
:10DA0400C5FDB5E6204613F0C1FDA8E692F8453100
:10DA1400303B032B3FF66BAEDFE813F07503800257
:10DA240098012400AFF30080CE805ED27B5FEE3F8E
:10DA3400D0DD6F81E85DE43F0000000000000000DD
:10DA4400F2894FE24F52ED3FB001D33F025FF93FFD
:10DA5400E4329D651276EB3F8002002028320020DC
:10DA6400B04900200A216FF0090013F093F907EE82
:10DA7400900A0A216FF00900B8EEE77B20AFAE4EA2
:10DA840022AC3D460DF5A8789FED8FBB9FED90CB62
:10DA94009FED918B27EE0B7B87EE0CAB13F07AF99D
:10DAA40007EE900A50210A20B8EEE77B27EE0B7BA5
:10DAB40087EE0C9B13F06EF907EE900AB8EEE77B45
:10DAC400B0EE480B27EE0B7B0FCE87EE0CBB0FC5D9
:10DAD40096E803009FED822B9FED831B85E80300EE
:10DAE400D4A80DF013FE94E80F008DE80F00D4A91C
:10DAF40038A897E80C00B0EE4B0B0DF04DFEB0EEDD
:10DB0400480BD4A89FED7A2B9FED7B1B0DF0FEFDF7
:10DB1400B0EE4B0B94E80F008DE80F00D4A946A893
:10DB240097E80C000DF038FEB0EE480BD4A89FED3A
:10DB3400742B9FED751B0DF0E9FDB0EE4B0B94E8D3
:10DB44000F008DE80F00D4A9404697E80C000DF0B3
:10DB540023FE0DF592630D21784883ED008B0DF5BE
:10DB6400936383ED008B0DF5946383ED008B0DF5CA
:10DB7400A86383ED008B0DF5CE6383ED008B00234A
:10DB8400CDF83835CDF868368DF8783615F060FB69
:10DB940040460EF03DF90221694813F049F86848FF
:10DBA40013F02AF838A80EF03FF938A8B0EE40CBAD
:10DBB4000EF028F9D4A8B0EE401B9FED553B9FED25
:10DBC400562BB0EE4C0B3AEE033B39EE022B11F020
:10DBD40017FB46A80EF028F946A8B0EE40CB0EF08D
:10DBE40011F9D4A8B0EE401B9FED4D3B9FED4E2B99
:10DBF400B0EE4C0B3AEE033B39EE022B11F000FB76
:10DC0400D4A811F045FA4F4B9B7D012B00F0AC8258
:10DC1400B0EE480BD4A811F0F1F905214A4815F0EB
:10DC240017FB474812F0E8FF9DF83A35002B00F047
:10DC340098820DF5A8639FED264B93ED007B9FED35
:10DC4400225B9FED3B6B27EE047B87EE050B20EEFA
:10DC5400060B02213A4812F0EBFF394812F0CCFFD0
:10DC6400EEAA41462CA80DF0D3FF2CA80EF014FA0E
:10DC7400022133489FED169B9FED138B20EE090B79
:10DC840080EE080B12F0D4FF2D4812F0B5FF2CA83B
:10DC94000EF0F8F9022120EE090B294880EE080B5A
:10DCA40012F0C6FF264812F0A7FF2CA80EF0E6F9E2
:10DCB400022120EE090B224880EE080B12F0B8FF77
:10DCC4001F4812F099FF78E6182D4454FB210940AF
:10DCD400000000000080664000000000000000001A
:10DCE400A4A72D978076B63FDB300A82C737E03F82
:10DCF400C525EC33CC36DDBF65E1EB6B5DEAF83F5F
:10DD0400402C0CFBA49CA43F89EC832C0B26D4BF91
:10DD14007FF8F9EFC16BF73F21B1DD3D40B7FB3F21
:10DD24005D328E91EC91E33FD9CEF753E3B51540C4
:10DD34000000000000004E4080020020A0240020CB
:10DD440028320020B04900209824002020AF704ED3
:10DD540022AC0DF5A8783D460FCE9FED518B0FC533
:10DD640096E803009FED502B9FED511B85E80300BF
:10DD7400B0EE480BD4A80DF0C9FC94E80F009FED59
:10DD84004E0B8DE80F00D4A938A897E80C000DF0CD
:10DD940003FDB0EE480BD4A89FED492B9FED4A1B21
:10DDA4000DF0B4FC94E80F009FED430B8DE80F00D9
:10DDB400D4A946A897E80C000DF0EEFCB0EE480B91
:10DDC400D4A89FED432B9FED441B0DF09FFC94E8DA
:10DDD4000F009FED390B8DE80F00D4A9404697E85A
:10DDE4000C000DF0D9FC0DF59262002338A882EDE9
:10DDF400008B0DF5936282ED008B0DF5946282ED3C
:10DE0400008B0DF5A862CDF8383582ED008B0DF549
:10DE1400CE62CDF8683682ED008B8DF878360EF040
:10DE240003F8B0EE409B38A80DF0ECFFD4A8B0EE98
:10DE3400401BB0EE490B9FED2A3B9FED2B2B11F0BD
:10DE4400DFF946A80DF0F0FFB0EE409B46A80DF0B8
:10DE5400D9FFD4A8B0EE401BB0EE490B9FED243B94
:10DE64009FED252B11F0CCF905212A4815F0F0F986
:10DE7400294812F0C1FE9DF83A35002B00F06E815E
:10DE84000DF5A8639FED1E5B93ED007B9FED1E6B6C
:10DE940027EE057B87EE060BDBE600BFAFF30080C1
:10DEA4000000000000000000A4A72D978076B63F74
:10DEB400DB300A82C737E03FF65B8A41358CE33FAB
:10DEC400C525EC33CC36DDBF65E1EB6B5DEAF83F8D
:10DED400402C0CFBA49CA43F89EC832C0B26D4BFC0
:10DEE4007FF8F9EFC16BF73F21B1DD3D40B7FB3F50
:10DEF4005D328E91EC91E33FD9CEF753E3B51540F3
:10DF04000000000000806640182D4454FB210940A5
:10DF14008002002098240020283200209FED988B56
:10DF24000023D4AC08A8B0EE480B84ED508B84EDEC
:10DF3400528B84ED548B9FED942BCDF838359FEDA7
:10DF4400941B84ED7C8BCDF868368DF8783684ED9F
:10DF5400C88B0DF0DBFBB0EE480B14A89FED8E2BA5
:10DF64009FED8F1B0DF0D2FBB0EE480B20A89FED68
:10DF74008E2B9FED8F1B0EF093F8B0EE480B2CA860
:10DF84009FED8D2B9FED8E1B0EF08AF808A80DF0E7
:10DF940097FCB0EE40BB08A80DF08EFC9A4A9B4952
:10DFA40054A89FED89AB9FED8A9B20EE0A0B2BEEC4
:10DFB4000ABB80EE096B8BEE097B8DED026B8DED58
:10DFC400007B19F0A3FB54A81AF04AF8014654A8A0
:10DFD40015F03EF98E4812F00FFE14A80DF070FCF7
:10DFE400B0EE40BB14A80DF067FC20EE0A0B894A82
:10DFF40054A886492BEE0ABB80EE096B8BEE097B95
:10E004008DED026B8DED007B19F080FB54A81AF0A6
:10E0140027F8014654A815F01BF97D4812F0ECFDD1
:10E0240008A80DF053FC08A8B0EE40BB0DF044FC6A
:10E0340020A88DED060B0EF081F820A88DED040BC1
:10E044000EF078F82046B0EE403BB0EE4B0B9DED61
:10E05400042B9DED061B11F0D3F814A80DF036FC2B
:10E0640014A8B0EE40BB0DF027FC2CA88DED060BD8
:10E074000EF064F82CA88DED040B0EF05BF820462E
:10E08400B0EE403BB0EE4B0B9DED042B9DED061B1B
:10E0940011F0B6F8B0EE480B38A89FED4F2B9FED6A
:10E0A400501B0DF033FBEEAA38A946A80DF03EFB39
:10E0B40046A80EF043F820EE0A0B0221544880EEE5
:10E0C400090B12F0B5FD524812F096FD46A80EF069
:10E0D40031F8022120EE0A0B4D4880EE090B12F0B4
:10E0E400A7FD4B4812F088FD46A80EF01FF8022148
:10E0F40020EE0A0B464880EE090B12F099FD4448C5
:10E1040012F07AFD59E4D4AC002200230021204609
:10E11400C4E95023C4E95223C4E954239FED243BAA
:10E12400CDF838159FED302BC4E97C239FED181BE7
:10E13400CDF868169FED140BC4E9C8238DF8781642
:10E1440011F05EF820469FED1E3B9FED292B9FEDBD
:10E15400141B9FED110B11F053F82EE4B0EE480B95
:10E1640077E59FED070B74E5B4EEC8BB9FED220B7A
:10E174009FED237BF1EE10FA20FE070B4AE500BF6A
:10E184000000000000000000A4A72D978076B63F91
:10E19400DB300A82C737E03FC525EC33CC36DDBF20
:10E1A40065E1EB6B5DEAF83F21B1DD3D40B7FB3F34
:10E1B4007FF8F9EFC16BF73FD9CEF753E3B51540BC
:10E1C4005D328E91EC91E33F0000000000806640D8
:10E1D400182D4454FB210940402C0CFBA49CA43F63
:10E1E40089EC832C0B26D4BF21B1DD3D40B7FBBFA6
:10E1F400D9CEF753E3B515C0182D4454FB21F93F8C
:10E20400182D4454FB21F9BF7824002080240020D9
:10E21400283200209024002008B513F087F8BDE8C8
:10E22400084013F083B800BF054B93F843212AB983
:10E2340093F85E2182F0010283F85E21F5F728BB92
:10E244000C58002008B513F071F8BDE8084013F02D
:10E254006DB800BF00000000032900D970472DE904
:10E26400F04701EB41040026054604EBC40404F125
:10E274000A0A04F10B0904F10C0804F10D072DED51
:10E28400028B017084B0504613F074F860F30706F3
:10E29400484613F06FF860F30F26404613F06AF80F
:10E2A40060F31746384613F065F860F31F66DFED38
:10E2B400DA7A07EE106AB4EEE77AF1EE10FA07D4D0
:10E2C400DFEDD67AB4EEE77AF1EE10FA40F31C8172
:10E2D400002200235046C5E9022313F04BF800281E
:10E2E40040F03681484613F045F8002840F0468156
:10E2F400404613F03FF8002840F03581384613F0CB
:10E3040039F8002840F01F8195ED026B9FEDC07B2A
:10E3140086EE078BB0EE480B15F042FA85ED0C0B38
:10E32400B0EE480B15F0C4FA85ED0E0B04F10E00A7
:10E33400002613F01FF8034604F10F0063F30706E9
:10E3440013F018F860F30F2604F1100013F012F81C
:10E35400034604F1110063F3174613F00BF8DFEDE5
:10E36400B07A60F31F6607EE106AB4EEE77AF1EE56
:10E3740010FA07D9DFEDAB7AB4EEE77AF1EE10FAD2
:10E38400C0F2BD802E780022002306EB460606EB81
:10E39400C60606F10E07C5E90423384612F0EAFF63
:10E3A400002840F0C38006F10F07384612F0E2FF60
:10E3B400002840F0AE8006F11007384612F0DAFF6C
:10E3C400002840F0EB801136304612F0D3FF0028CD
:10E3D40040F0DF8004F1120012F0CCFF064604F195
:10E3E4001300F6B212F0C6FF42F2080260F30F26E1
:10E3F400B6B206F1C8039BB2934200F2E6802E83C4
:10E4040004F1140012F0B6FF07EE900AB2EE043BDA
:10E41400B8EE676AB2EE084BFAEE085AB7EEC66A6F
:10E4240086EE037B37EE447BB7EEC77BB4EEE57A2A
:10E4340085ED0B7AF1EE10FA07D5F2EE087AB4EE18
:10E44400E77AF1EE10FA00F3B5806FF0030905F1F5
:10E45400190705F11A0805F12806A9EB0509A144D5
:10E464003C4609EB040012F085FF04F8010F002874
:10E4740041D0B442F5D12A7801A86B4919F046F984
:10E4840001A9404619F054FBA0EB08000E281BD844
:10E4940095F8009009EB490909EBC9093C4617F8BE
:10E4A40001AF261F761B4E44304612F063FF8245AF
:10E4B4005146304601D013F069F8183C404619F033
:10E4C400CFFD641BA042E9DA95ED026B9FED507B12
:10E4D40086EE078BB0EE480B15F062F985ED0C0B58
:10E4E400B0EE480B15F0E4F985ED0E0B04B0BDEC6D
:10E4F400028BBDE8F087AB7E002BBCD0E4E7B7EE1F
:10E50400C77A85ED047B65E7B7EEC77A85ED027BB4
:10E514000CE7384606F11007002113F037F83846A7
:10E5240012F028FF00283FF44EAF37E0384606F1DA
:10E534000F07002113F02AF8384612F01BFF0028B9
:10E544003FF439AFE5E70021384613F01FF8DBE666
:10E554005046002113F01AF8484612F00BFF002829
:10E564003FF4C6AE0AE04046002113F00FF83846E7
:10E5740012F000FF00283FF4C7AEE4E7484600214C
:10E5840013F004F8404612F0F5FE00283FF4B6AE4E
:10E59400E9E70021304612F0F9FF1BE7113638464F
:10E5A400002112F0F3FF304612F0E4FE00283FF49D
:10E5B40011AFEEE700232A781B207821EB621423A5
:10E5C40000FB023012F0E2FF3FE72E784FF0000824
:10E5D40006EB4606A5F8188006EBC60606F11207F8
:10E5E400384612F0C7FE58B91336304612F0C2FE50
:10E5F40000283FF405AF0021304612F0C7FFFFE6C4
:10E604004146384612F0C2FFEEE700BFAFF3008088
:10E61400F8C1631ADCA54C400000B4C20000B44247
:10E624000000B4C30000B443F42300200000000041
:10E63400084890F84311322907D93F2907D1064BDE
:10E64400703006491A7819F061B82F2908D8F5F7FF
:10E654001FB900BF0C58002070490020502400202E
:10E6640030390C20F0B5C9B2EB4CEC4E2DED0A8BD1
:10E6740083B0019102F042F9019912F087FF0199E8
:10E684002046FFF7E9FDD4E90423C6E90E2313F07D
:10E69400A5FC074600210BF077FC0021054638460F
:10E6A4000BF004FC0446002138460BF057FC631EB3
:10E6B40004EE100A012B01D8013D0C3407EE905AE8
:10E6C400B7EE009BB0EE008B0021B8EEE76B07EECF
:10E6D400904AB8EEC44B3846B8EEE77B9FEDA03BBA
:10E6E4009FEDA10B9FEDA25B86EE032B86EE003B14
:10E6F40037EE097B26EE056B9FED9F1B9FEDA05B1C
:10E70400BBFE466B27EE017BBBFE477BBBFE422B69
:10E7140038EE428BBBFE433B38EE038B38EE068B60
:10E7240038EE078B38EE048B38EE058B0BF000FCCB
:10E734000346002138460AEE103A0BF0CDFB06EEF4
:10E74400100A0021B8EECA7B3846B8EEC66B9FEDBE
:10E754008E5B86EE05AB3AEE07AB0BF0D3FB06EE11
:10E76400900AB6EE007B9FED8A3BB8EEE65B38EE8E
:10E77400077B85EE036BBBFE477B9FED874BB4EEB7
:10E78400C47BF1EE10FA36EE0A6B17DD37EE099B07
:10E79400B5EE005B9FED824B9FED833B37EE444B20
:10E7A40084EE037BBDEEC77BB8EEC77B27EE055B2B
:10E7B40039EE079BBBFE457B39EE477B9FED7C3BE7
:10E7C4009FED7D2B9FED6A5B37EE037B9FED6A4BDC
:10E7D40037EE422B9FED7A1B82EE053BB2EE0B2BFC
:10E7E400BBFE433B23EE055BBBFE455B37EE457B3F
:10E7F40087EE045B37EE017BBBFE455B25EE044BE5
:10E80400B4EEC25BBBFE444BF1EE10FA37EE447B30
:10E81400BBFE477BBDEEC77B00F19581B2EE0A4B90
:10E8240035EE445BFDEEC57B17EE903A022B40F3C8
:10E8340095819FED655B33EE453BBDEEC33BB8EE82
:10E84400C33B07EE903AB0EE000BB8EEE75BB8EED0
:10E85400C77B9FED434B9FED441B9FED452B83EE00
:10E86400049B83EE014B23EE023BB7EE002B9FED9E
:10E87400581B35EE025BBBFE433B9FED3F2B25EE61
:10E88400025B38EE412BBBFE455BBBFE499B30EE81
:10E89400490BBBFE448B30EE080BB3EE084B30EE55
:10E8A400033B9FED370B33EE055B9FED4B8B35EE52
:10E8B400077B9FED4B5B37EE007B37EE417BA7EE8A
:10E8C400058B86EE045B9FED487BB4EEC48BF1EEC2
:10E8D40010FA32EE055B85EE073B06DB38EE448B1F
:10E8E400B4EEC48BF1EE10FAF8DAB5EEC08BF1EEAB
:10E8F40010FA08D5B3EE087B38EE078BB5EEC08B63
:10E90400F1EE10FAF8D4B3EE087B9FED392B9FEDAE
:10E914003A4BA6EE028B23EE044BA3EE048BB4EE2B
:10E92400C78BF1EE10FA06DB38EE478BB4EEC78BDB
:10E93400F1EE10FAF8DAB5EEC08BF1EE10FA08D564
:10E94400B3EE087B38EE078BB5EEC08BF1EE10FA10
:10E95400F8D49FED2B6B9FED2C9B9FED2D4B5FE02F
:10E964000000000000005940000000000000794051
:10E974000000000000D4764061545227A0993E4024
:10E9840000000080A2423A410000000000004E4016
:10E99400000000000020AC40000000008C8A4141CF
:10E9A40000000040D07D3C410000000088D5E140DB
:10E9B4000000000000D097406666666666865E408A
:10E9C400000000000000000000000000006CB240E5
:10E9D400000000802CB4424198B05E8E1CCA1A40DC
:10E9E400D7E5E7EA5BD2B03F00000000A0D5E140E4
:10E9F400F2E1F1E7360BF03F05A227655243FB3EF7
:10EA040043AD69DE718AEF3FEC51B81E85877140D2
:10EA140028806264C91CAB3F704900205852002012
:10EA24009FED570BA5EE069BA5EE440B9FED56AB51
:10EA34009FED577B39EE099B9FED57BB80EE0A0B88
:10EA4400A5EE47BB14F034FFB0EE40CB89EE0A0BC1
:10EA540014F02EFFB0EE406B8BEE0A0B9FED509B33
:10EA64009FED517B29EE469BACEE079B14F098FE7C
:10EA7400B3EE087BA9EE008BB4EEC78BF1EE10FA6F
:10EA840006DB38EE478BB4EEC78BF1EE10FAF8DAFA
:10EA9400B5EEC08BF1EE10FA08D5B3EE087B38EE74
:10EAA400078BB5EEC08BF1EE10FAF8D4B2EE0E5B24
:10EAB400B3EE087B96ED0E4B84EE056B38EE468B79
:10EAC400B4EEC78BF1EE10FA06DB38EE478BB4EEEA
:10EAD400C78BF1EE10FAF8DAB5EEC08BF1EE10FA4E
:10EAE40008D5B3EE087B38EE078BB5EEC08BF1EE9C
:10EAF40010FAF8D4B3EE085B9FED2D6B88EE057B1E
:10EB040027EE067BBDEEC77B72B686ED007A62B651
:10EB140072B632683368C6E9042362B603F042F879
:10EB2400274807F0D5F8274804F0C2FE012002F078
:10EB340047F9244804F0B8FE03B0BDEC0A8BBDE8E5
:10EB4400F040F4F7A5BEB7EE004B35EE445BFDEEA6
:10EB5400C57B17EE903A022B3FF76BAE5A1E9FED22
:10EB6400165B012A33EE453BBDEEC33B3FF667AE71
:10EB740013EE102A0C33013A03EE102A5FE600BFAD
:10EB8400C3F5285C8F425F40F8C1631ADCA54C4092
:10EB940048AFBC9AF2D79A3EFF21FDF67570374014
:10EBA40054E41071732AF93E03B34291EEE734BF83
:10EBB40000000000C07A604100000000006BB24019
:10EBC400D84A0020B049002008B512F0AFFBBDE8D8
:10EBD400084012F0ABBB00BF154B10B593F843319E
:10EBE400242B07D0582B1AD0212B10D0BDE810406D
:10EBF400F4F74EBE002420460134002112F0C6FC76
:10EC0400B4F5876FF7D1BDE81040F4F701BE094BA6
:10EC14000122BDE8104083F8E026F4F7F9BD04F0C2
:10EC240051FA012003F0A8FABDE81040F4F7F0BD52
:10EC34000C580020B049002008B512F077FBBDE85D
:10EC4400084012F073BB00BF38B5314B93F8433121
:10EC5400423B202B12D8DFE803F0151D11114E1191
:10EC6400111111111111114854262C3311111111C4
:10EC7400111111111111111111113800BDE8384091
:10EC8400F4F706BE234804F0FFFD40B9BDE8384060
:10EC9400F4F7D4BD1F4804F0FFFD0028F6D0BDE80A
:10ECA4003840F4F7B5BD1B4804F0D2FD0028F6D176
:10ECB400ECE7184804F0E4FDBDE83840F4F7A8BDDB
:10ECC400144B5B78002BEAD1E0E7124C0025382086
:10ECD400A57001F013FE294612F058FC204604F0FA
:10ECE400E7FDBDE83840F4F793BD0A4804F0C0FDE1
:10ECF4000028D4D1CAE7074804F0D6FD0028CED1B5
:10ED0400C4E7044804F0B0FD0028C8D0BEE700BF43
:10ED14000C580020B049002008B512F007FBBDE8EC
:10ED2400084012F003BB00BF214B9A68D2E90010DF
:10ED3400D3680968006810B41842946801EA0401B1
:10ED44002ED0137C03F00303D9B943F008039908C8
:10ED5400013B11740D2B0BD8DFE803F00D071C07E2
:10ED64000A160D0D160A071C070D5369013B536162
:10ED74005DF8044B704753695DF8044B01335361EC
:10ED8400704743F00403E0E753695DF8044B023B2A
:10ED94005361704753695DF8044B02335361704704
:10EDA400137C03F003030029D1D043F00403CEE71E
:10EDB40034540020224BD3F89C20D2E90010D368AD
:10EDC4000968006810B41842946801EA04012ED05E
:10EDD400137C03F00303D9B943F008039908013BFA
:10EDE40011740D2B0BD8DFE803F00D071C070A166E
:10EDF4000D0D160A071C070D5369013B53615DF89D
:10EE0400044B704753695DF8044B013353617047F9
:10EE140043F00403E0E753695DF8044B023B53619C
:10EE2400704753695DF8044B023353617047137C98
:10EE340003F003030029D1D043F00403CEE700BF5D
:10EE440034540020224BD3F88C20D2E90010D3682C
:10EE54000968006810B41842946801EA04012ED0CD
:10EE6400137C03F00303D9B943F008039908013B69
:10EE740011740D2B0BD8DFE803F00D071C070A16DD
:10EE84000D0D160A071C070D5369013B53615DF80C
:10EE9400044B704753695DF8044B01335361704769
:10EEA40043F00403E0E753695DF8044B023B53610C
:10EEB400704753695DF8044B023353617047137C08
:10EEC40003F003030029D1D043F00403CEE700BFCD
:10EED40034540020224BD3F89020D2E90010D36898
:10EEE4000968006810B41842946801EA04012ED03D
:10EEF400137C03F00303D9B943F008039908013BD9
:10EF040011740D2B0BD8DFE803F00D071C070A164C
:10EF14000D0D160A071C070D5369013B53615DF87B
:10EF2400044B704753695DF8044B013353617047D8
:10EF340043F00403E0E753695DF8044B023B53617B
:10EF4400704753695DF8044B023353617047137C77
:10EF540003F003030029D1D043F00403CEE700BF3C
:10EF640034540020224BD3F89420D2E90010D36803
:10EF74000968006810B41842946801EA04012ED0AC
:10EF8400137C03F00303D9B943F008039908013B48
:10EF940011740D2B0BD8DFE803F00D071C070A16BC
:10EFA4000D0D160A071C070D5369013B53615DF8EB
:10EFB400044B704753695DF8044B01335361704748
:10EFC40043F00403E0E753695DF8044B023B5361EB
:10EFD400704753695DF8044B023353617047137CE7
:10EFE40003F003030029D1D043F00403CEE700BFAC
:10EFF40034540020224BD3F89820D2E90010D3686F
:10F004000968006810B41842946801EA04012ED01B
:10F01400137C03F00303D9B943F008039908013BB7
:10F0240011740D2B0BD8DFE803F00D071C070A162B
:10F034000D0D160A071C070D5369013B53615DF85A
:10F04400044B704753695DF8044B013353617047B7
:10F0540043F00403E0E753695DF8044B023B53615A
:10F06400704753695DF8044B023353617047137C56
:10F0740003F003030029D1D043F00403CEE700BF1B
:10F0840034540020214BDA68D2E90010D3680968AF
:10F09400006810B41842946801EA04012ED0137C6D
:10F0A40003F00303D9B943F008039908013B117431
:10F0B4000D2B0BD8DFE803F00D071C070A160D0D06
:10F0C400160A071C070D5369013B53615DF8044B95
:10F0D400704753695DF8044B01335361704743F043
:10F0E4000403E0E753695DF8044B023B5361704746
:10F0F40053695DF8044B023353617047137C03F08A
:10F1040003030029D1D043F00403CEE73454002094
:10F11400214B1A69D2E90010D3680968006810B459
:10F124001842946801EA04012ED0137C03F003030F
:10F13400D9B943F008039908013B11740D2B0BD87E
:10F14400DFE803F00D071C070A160D0D160A071C4D
:10F15400070D5369013B53615DF8044B70475369D4
:10F164005DF8044B01335361704743F00403E0E757
:10F1740053695DF8044B023B5361704753695DF872
:10F18400044B023353617047137C03F003030029DB
:10F19400D1D043F00403CEE734540020214B5A6904
:10F1A400D2E90010D3680968006810B41842946862
:10F1B40001EA04012ED0137C03F00303D9B943F010
:10F1C40008039908013B11740D2B0BD8DFE803F0F9
:10F1D4000D071C070A160D0D160A071C070D5369A7
:10F1E400013B53615DF8044B704753695DF8044B70
:10F1F40001335361704743F00403E0E753695DF85A
:10F20400044B023B5361704753695DF8044B02336E
:10F2140053617047137C03F003030029D1D043F0FA
:10F224000403CEE734540020214B9A69D2E900103C
:10F23400D3680968006810B41842946801EA0401AC
:10F244002ED0137C03F00303D9B943F008039908C3
:10F25400013B11740D2B0BD8DFE803F00D071C07DD
:10F264000A160D0D160A071C070D5369013B53615D
:10F274005DF8044B704753695DF8044B01335361E7
:10F28400704743F00403E0E753695DF8044B023B25
:10F294005361704753695DF8044B023353617047FF
:10F2A400137C03F003030029D1D043F00403CEE719
:10F2B40034540020214BDA69D2E90010D36809687C
:10F2C400006810B41842946801EA04012ED0137C3B
:10F2D40003F00303D9B943F008039908013B1174FF
:10F2E4000D2B0BD8DFE803F00D071C070A160D0DD4
:10F2F400160A071C070D5369013B53615DF8044B63
:10F30400704753695DF8044B01335361704743F010
:10F314000403E0E753695DF8044B023B5361704713
:10F3240053695DF8044B023353617047137C03F057
:10F3340003030029D1D043F00403CEE73454002062
:10F34400214B1A6AD2E90010D3680968006810B426
:10F354001842946801EA04012ED0137C03F00303DD
:10F36400D9B943F008039908013B11740D2B0BD84C
:10F37400DFE803F00D071C070A160D0D160A071C1B
:10F38400070D5369013B53615DF8044B70475369A2
:10F394005DF8044B01335361704743F00403E0E725
:10F3A40053695DF8044B023B5361704753695DF840
:10F3B400044B023353617047137C03F003030029A9
:10F3C400D1D043F00403CEE734540020214B5A6AD1
:10F3D400D2E90010D3680968006810B41842946830
:10F3E40001EA04012ED0137C03F00303D9B943F0DE
:10F3F40008039908013B11740D2B0BD8DFE803F0C7
:10F404000D071C070A160D0D160A071C070D536974
:10F41400013B53615DF8044B704753695DF8044B3D
:10F4240001335361704743F00403E0E753695DF827
:10F43400044B023B5361704753695DF8044B02333C
:10F4440053617047137C03F003030029D1D043F0C8
:10F454000403CEE734540020214B9A6AD2E9001009
:10F46400D3680968006810B41842946801EA04017A
:10F474002ED0137C03F00303D9B943F00803990891
:10F48400013B11740D2B0BD8DFE803F00D071C07AB
:10F494000A160D0D160A071C070D5369013B53612B
:10F4A4005DF8044B704753695DF8044B01335361B5
:10F4B400704743F00403E0E753695DF8044B023BF3
:10F4C4005361704753695DF8044B023353617047CD
:10F4D400137C03F003030029D1D043F00403CEE7E7
:10F4E40034540020214BDA6AD2E90010D368096849
:10F4F400006810B41842946801EA04012ED0137C09
:10F5040003F00303D9B943F008039908013B1174CC
:10F514000D2B0BD8DFE803F00D071C070A160D0DA1
:10F52400160A071C070D5369013B53615DF8044B30
:10F53400704753695DF8044B01335361704743F0DE
:10F544000403E0E753695DF8044B023B53617047E1
:10F5540053695DF8044B023353617047137C03F025
:10F5640003030029D1D043F00403CEE73454002030
:10F57400214B1A6BD2E90010D3680968006810B4F3
:10F584001842946801EA04012ED0137C03F00303AB
:10F59400D9B943F008039908013B11740D2B0BD81A
:10F5A400DFE803F00D071C070A160D0D160A071CE9
:10F5B400070D5369013B53615DF8044B7047536970
:10F5C4005DF8044B01335361704743F00403E0E7F3
:10F5D40053695DF8044B023B5361704753695DF80E
:10F5E400044B023353617047137C03F00303002977
:10F5F400D1D043F00403CEE734540020214B5A6B9E
:10F60400D2E90010D3680968006810B418429468FD
:10F6140001EA04012ED0137C03F00303D9B943F0AB
:10F6240008039908013B11740D2B0BD8DFE803F094
:10F634000D071C070A160D0D160A071C070D536942
:10F64400013B53615DF8044B704753695DF8044B0B
:10F6540001335361704743F00403E0E753695DF8F5
:10F66400044B023B5361704753695DF8044B02330A
:10F6740053617047137C03F003030029D1D043F096
:10F684000403CEE734540020214B9A6BD2E90010D6
:10F69400D3680968006810B41842946801EA040148
:10F6A4002ED0137C03F00303D9B943F0080399085F
:10F6B400013B11740D2B0BD8DFE803F00D071C0779
:10F6C4000A160D0D160A071C070D5369013B5361F9
:10F6D4005DF8044B704753695DF8044B0133536183
:10F6E400704743F00403E0E753695DF8044B023BC1
:10F6F4005361704753695DF8044B0233536170479B
:10F70400137C03F003030029D1D043F00403CEE7B4
:10F7140034540020214BDA6BD2E90010D368096815
:10F72400006810B41842946801EA04012ED0137CD6
:10F7340003F00303D9B943F008039908013B11749A
:10F744000D2B0BD8DFE803F00D071C070A160D0D6F
:10F75400160A071C070D5369013B53615DF8044BFE
:10F76400704753695DF8044B01335361704743F0AC
:10F774000403E0E753695DF8044B023B53617047AF
:10F7840053695DF8044B023353617047137C03F0F3
:10F7940003030029D1D043F00403CEE734540020FE
:10F7A400214B1A6CD2E90010D3680968006810B4C0
:10F7B4001842946801EA04012ED0137C03F0030379
:10F7C400D9B943F008039908013B11740D2B0BD8E8
:10F7D400DFE803F00D071C070A160D0D160A071CB7
:10F7E400070D5369013B53615DF8044B704753693E
:10F7F4005DF8044B01335361704743F00403E0E7C1
:10F8040053695DF8044B023B5361704753695DF8DB
:10F81400044B023353617047137C03F00303002944
:10F82400D1D043F00403CEE734540020214B5A6C6A
:10F83400D2E90010D3680968006810B418429468CB
:10F8440001EA04012ED0137C03F00303D9B943F079
:10F8540008039908013B11740D2B0BD8DFE803F062
:10F864000D071C070A160D0D160A071C070D536910
:10F87400013B53615DF8044B704753695DF8044BD9
:10F8840001335361704743F00403E0E753695DF8C3
:10F89400044B023B5361704753695DF8044B0233D8
:10F8A40053617047137C03F003030029D1D043F064
:10F8B4000403CEE734540020214B9A6CD2E90010A3
:10F8C400D3680968006810B41842946801EA040116
:10F8D4002ED0137C03F00303D9B943F0080399082D
:10F8E400013B11740D2B0BD8DFE803F00D071C0747
:10F8F4000A160D0D160A071C070D5369013B5361C7
:10F904005DF8044B704753695DF8044B0133536150
:10F91400704743F00403E0E753695DF8044B023B8E
:10F924005361704753695DF8044B02335361704768
:10F93400137C03F003030029D1D043F00403CEE782
:10F9440034540020214BDA6CD2E90010D3680968E2
:10F95400006810B41842946801EA04012ED0137CA4
:10F9640003F00303D9B943F008039908013B117468
:10F974000D2B0BD8DFE803F00D071C070A160D0D3D
:10F98400160A071C070D5369013B53615DF8044BCC
:10F99400704753695DF8044B01335361704743F07A
:10F9A4000403E0E753695DF8044B023B536170477D
:10F9B40053695DF8044B023353617047137C03F0C1
:10F9C40003030029D1D043F00403CEE734540020CC
:10F9D400214B1A6DD2E90010D3680968006810B48D
:10F9E4001842946801EA04012ED0137C03F0030347
:10F9F400D9B943F008039908013B11740D2B0BD8B6
:10FA0400DFE803F00D071C070A160D0D160A071C84
:10FA1400070D5369013B53615DF8044B704753690B
:10FA24005DF8044B01335361704743F00403E0E78E
:10FA340053695DF8044B023B5361704753695DF8A9
:10FA4400044B023353617047137C03F00303002912
:10FA5400D1D043F00403CEE734540020214B5A6D37
:10FA6400D2E90010D3680968006810B41842946899
:10FA740001EA04012ED0137C03F00303D9B943F047
:10FA840008039908013B11740D2B0BD8DFE803F030
:10FA94000D071C070A160D0D160A071C070D5369DE
:10FAA400013B53615DF8044B704753695DF8044BA7
:10FAB40001335361704743F00403E0E753695DF891
:10FAC400044B023B5361704753695DF8044B0233A6
:10FAD40053617047137C03F003030029D1D043F032
:10FAE4000403CEE734540020214B9A6DD2E9001070
:10FAF400D3680968006810B41842946801EA0401E4
:10FB04002ED0137C03F00303D9B943F008039908FA
:10FB1400013B11740D2B0BD8DFE803F00D071C0714
:10FB24000A160D0D160A071C070D5369013B536194
:10FB34005DF8044B704753695DF8044B013353611E
:10FB4400704743F00403E0E753695DF8044B023B5C
:10FB54005361704753695DF8044B02335361704736
:10FB6400137C03F003030029D1D043F00403CEE750
:10FB740034540020214BDA6DD2E90010D3680968AF
:10FB8400006810B41842946801EA04012ED0137C72
:10FB940003F00303D9B943F008039908013B117436
:10FBA4000D2B0BD8DFE803F00D071C070A160D0D0B
:10FBB400160A071C070D5369013B53615DF8044B9A
:10FBC400704753695DF8044B01335361704743F048
:10FBD4000403E0E753695DF8044B023B536170474B
:10FBE40053695DF8044B023353617047137C03F08F
:10FBF40003030029D1D043F00403CEE7345400209A
:10FC0400214B1A6ED2E90010D3680968006810B459
:10FC14001842946801EA04012ED0137C03F0030314
:10FC2400D9B943F008039908013B11740D2B0BD883
:10FC3400DFE803F00D071C070A160D0D160A071C52
:10FC4400070D5369013B53615DF8044B70475369D9
:10FC54005DF8044B01335361704743F00403E0E75C
:10FC640053695DF8044B023B5361704753695DF877
:10FC7400044B023353617047137C03F003030029E0
:10FC8400D1D043F00403CEE734540020214B5A6E04
:10FC9400D2E90010D3680968006810B41842946867
:10FCA40001EA04012ED0137C03F00303D9B943F015
:10FCB40008039908013B11740D2B0BD8DFE803F0FE
:10FCC4000D071C070A160D0D160A071C070D5369AC
:10FCD400013B53615DF8044B704753695DF8044B75
:10FCE40001335361704743F00403E0E753695DF85F
:10FCF400044B023B5361704753695DF8044B023374
:10FD040053617047137C03F003030029D1D043F0FF
:10FD14000403CEE734540020214B9A6ED2E900103C
:10FD2400D3680968006810B41842946801EA0401B1
:10FD34002ED0137C03F00303D9B943F008039908C8
:10FD4400013B11740D2B0BD8DFE803F00D071C07E2
:10FD54000A160D0D160A071C070D5369013B536162
:10FD64005DF8044B704753695DF8044B01335361EC
:10FD7400704743F00403E0E753695DF8044B023B2A
:10FD84005361704753695DF8044B02335361704704
:10FD9400137C03F003030029D1D043F00403CEE71E
:10FDA40034540020214BDA6ED2E90010D36809687C
:10FDB400006810B41842946801EA04012ED0137C40
:10FDC40003F00303D9B943F008039908013B117404
:10FDD4000D2B0BD8DFE803F00D071C070A160D0DD9
:10FDE400160A071C070D5369013B53615DF8044B68
:10FDF400704753695DF8044B01335361704743F016
:10FE04000403E0E753695DF8044B023B5361704718
:10FE140053695DF8044B023353617047137C03F05C
:10FE240003030029D1D043F00403CEE73454002067
:10FE3400214B1A6FD2E90010D3680968006810B426
:10FE44001842946801EA04012ED0137C03F00303E2
:10FE5400D9B943F008039908013B11740D2B0BD851
:10FE6400DFE803F00D071C070A160D0D160A071C20
:10FE7400070D5369013B53615DF8044B70475369A7
:10FE84005DF8044B01335361704743F00403E0E72A
:10FE940053695DF8044B023B5361704753695DF845
:10FEA400044B023353617047137C03F003030029AE
:10FEB400D1D043F00403CEE734540020214B5A6FD1
:10FEC400D2E90010D3680968006810B41842946835
:10FED40001EA04012ED0137C03F00303D9B943F0E3
:10FEE40008039908013B11740D2B0BD8DFE803F0CC
:10FEF4000D071C070A160D0D160A071C070D53697A
:10FF0400013B53615DF8044B704753695DF8044B42
:10FF140001335361704743F00403E0E753695DF82C
:10FF2400044B023B5361704753695DF8044B023341
:10FF340053617047137C03F003030029D1D043F0CD
:10FF44000403CEE734540020214B9A6FD2E9001009
:10FF5400D3680968006810B41842946801EA04017F
:10FF64002ED0137C03F00303D9B943F00803990896
:10FF7400013B11740D2B0BD8DFE803F00D071C07B0
:10FF84000A160D0D160A071C070D5369013B536130
:10FF94005DF8044B704753695DF8044B01335361BA
:10FFA400704743F00403E0E753695DF8044B023BF8
:10FFB4005361704753695DF8044B023353617047D2
:10FFC400137C03F003030029D1D043F00403CEE7EC
:10FFD40034540020214BDA6FD2E90010D368096849
:10FFE400006810B41842946801EA04012ED0137C0E
:0CFFF40003F00303D9B943F00803990897
:02000004600199
:10000000013B11740D2B0BD8DFE803F00D071C0723
:100010000A160D0D160A071C070D5369013B5361A3
:100020005DF8044B704753695DF8044B013353612D
:10003000704743F00403E0E753695DF8044B023B6B
:100040005361704753695DF8044B02335361704745
:10005000137C03F003030029D1D043F00403CEE75F
:1000600034540020224BD3F88020D2E90010D3680A
:100070000968006810B41842946801EA04012ED09F
:10008000137C03F00303D9B943F008039908013B3B
:1000900011740D2B0BD8DFE803F00D071C070A16AF
:1000A0000D0D160A071C070D5369013B53615DF8DE
:1000B000044B704753695DF8044B0133536170473B
:1000C00043F00403E0E753695DF8044B023B5361DE
:1000D000704753695DF8044B023353617047137CDA
:1000E00003F003030029D1D043F00403CEE700BF9F
:1000F00034540020224BD3F88420D2E90010D36876
:100100000968006810B41842946801EA04012ED00E
:10011000137C03F00303D9B943F008039908013BAA
:1001200011740D2B0BD8DFE803F00D071C070A161E
:100130000D0D160A071C070D5369013B53615DF84D
:10014000044B704753695DF8044B013353617047AA
:1001500043F00403E0E753695DF8044B023B53614D
:10016000704753695DF8044B023353617047137C49
:1001700003F003030029D1D043F00403CEE700BF0E
:1001800034540020224BD3F88820D2E90010D368E1
:100190000968006810B41842946801EA04012ED07E
:1001A000137C03F00303D9B943F008039908013B1A
:1001B00011740D2B0BD8DFE803F00D071C070A168E
:1001C0000D0D160A071C070D5369013B53615DF8BD
:1001D000044B704753695DF8044B0133536170471A
:1001E00043F00403E0E753695DF8044B023B5361BD
:1001F000704753695DF8044B023353617047137CB9
:1002000003F003030029D1D043F00403CEE700BF7D
:1002100034540020214B1A68D2E90010D3680968D1
:10022000006810B41842946801EA04012ED0137CCF
:1002300003F00303D9B943F008039908013B117493
:100240000D2B0BD8DFE803F00D071C070A160D0D68
:10025000160A071C070D5369013B53615DF8044BF7
:10026000704753695DF8044B01335361704743F0A5
:100270000403E0E753695DF8044B023B53617047A8
:1002800053695DF8044B023353617047137C03F0EC
:1002900003030029D1D043F00403CEE734540020F7
:1002A000214B5A68D2E90010D3680968006810B47D
:1002B0001842946801EA04012ED0137C03F0030372
:1002C000D9B943F008039908013B11740D2B0BD8E1
:1002D000DFE803F00D071C070A160D0D160A071CB0
:1002E000070D5369013B53615DF8044B7047536937
:1002F0005DF8044B01335361704743F00403E0E7BA
:1003000053695DF8044B023B5361704753695DF8D4
:10031000044B023353617047137C03F0030300293D
:10032000D1D043F00403CEE7345400200B4610B57F
:10033000272800F29B81DFE810F0900186017D0103
:1003400074016B0162015901500147013E01350101
:100350002C0123011A0111010801FF00F600ED0034
:10036000E400DB00D200C900C000B700AE00A50069
:100370009C0093008A00810078006E0064005A009F
:10038000500046003C0032002800B94C0422B94914
:100390002720C4F89C3011F093F9012010BDB44C13
:1003A0000422B5492620C4F8983011F089F90120BB
:1003B00010BDAF4C0422B1492520C4F8943011F08F
:1003C0007FF9012010BDAA4C0422AD492420C4F8B5
:1003D000903011F075F9012010BDA54C0422A949F7
:1003E0002320C4F88C3011F06BF9012010BDA04C13
:1003F0000422A5492220C4F8883011F061F90120B7
:1004000010BD9B4C0422A1492120C4F8843011F076
:1004100057F9012010BD964C04229D492020C4F8B4
:10042000803011F04DF9012010BD914C0422994902
:100430001F20E36711F044F9012010BD8C4C042209
:1004400095491E20A36711F03BF9012010BD884C8F
:10045000042292491D20636711F032F9012010BD7A
:10046000834C04228E491C20236711F029F90120B6
:1004700010BD7F4C04228B491B20E36611F020F94C
:10048000012010BD7A4C042287491A20A36611F07E
:1004900017F9012010BD764C0422844919206366A7
:1004A00011F00EF9012010BD714C04228049182072
:1004B000236611F005F9012010BD6D4C04227D4921
:1004C0001720E36511F0FCF8012010BD684C0422F0
:1004D00079491620A36511F0F3F8012010BD644C92
:1004E000042276491520636511F0EAF8012010BD59
:1004F0005F4C042272491420236511F0E1F80120B9
:1005000010BD5B4C04226F491320E36411F0D8F84E
:10051000012010BD564C04226B491220A36411F037
:10052000CFF8012010BD524C0422684911206364A9
:1005300011F0C6F8012010BD4D4C04226449102072
:10054000236411F0BDF8012010BD494C042261491B
:100550000F20E36311F0B4F8012010BD444C0422D5
:100560005D490E20A36311F0ABF8012010BD404C93
:1005700004225A490D20636311F0A2F8012010BD36
:100580003B4C042256490C20236311F099F80120BA
:1005900010BD374C042253490B20E36211F090F850
:1005A000012010BD324C04224F490A20A36211F0F1
:1005B00087F8012010BD2E4C04224C4909206362AB
:1005C00011F07EF8012010BD294C04224849082072
:1005D000236211F075F8012010BD254C0422454915
:1005E0000720E36111F06CF8012010BD204C0422BB
:1005F00041490620A36111F063F8012010BD1C4C95
:1006000004223E490520636111F05AF8012010BD13
:100610000422174C3A491046236111F051F8012089
:1006200010BD134C042237490320E36011F048F851
:10063000012010BD0E4C042233490220A36011F0AA
:100640003FF8012010BD0446094804222F494360A9
:10065000012011F035F8204610BD054C04222C492C
:100660000020236011F02CF8012010BD002010BDE7
:100670003454002055D0000095D2000005D200006F
:1006800075D10000E5D0000021E4000091E30000F6
:1006900001E3000075E20000E9E100005DE1000017
:1006A000D1E0000045E00000B9DF00002DDF0000D0
:1006B000A1DE000015DE000089DD0000FDDC000089
:1006C00071DC0000E5DB000059DB0000CDDA000042
:1006D00041DA0000B5D9000029D900009DD80000FA
:1006E00011D8000085D70000F9D600006DD60000B3
:1006F000E1D5000055D50000C9D400003DD400006C
:10070000B1D3000025D30000C9CF00003DE50000B3
:10071000B1E400002DE9F04F2DED088B9FED71AB9A
:100720009FED729B85B04FF00009044600F11A0856
:100730009FED70BA5FFA89F16F4BC82021701A786B
:10074000702300FB023010F023FF257805EB4505F0
:1007500005EBC50505F10A0684ED029B304610F055
:100760000BFE18B13046002110F012FF05F10B0608
:10077000304610F001FE18B13046002110F008FF9D
:1007800005F10C06304610F0F7FD18B13046002197
:1007900010F0FEFE0D35284610F0EEFD18B128468B
:1007A000002110F0F5FE94ED027B87EE0A8BB0EE8F
:1007B000480B12F0F7FF84ED0C0BB0EE480B13F072
:1007C00079F8257805EB450505EBC50505F10E061D
:1007D00084ED0E0B304684ED049B10F0CDFD18B176
:1007E0003046002110F0D4FE05F10F06304610F01F
:1007F000C3FD18B13046002110F0CAFE05F1100605
:10080000304610F0B9FD18B13046002110F0C0FE9E
:100810001135284610F0B0FD18B12846002110F01F
:10082000B7FE2078002700EB4000278300EBC005CF
:1008300005F11206304610F09FFD18B139463046DA
:1008400010F0A6FE1335284610F096FD002841D181
:10085000142322781B20782184ED0BBA00FB023090
:1008600010F096FE4A46254901A816F051FF01A94D
:10087000404617F05FF9A0EB08000E281FD8264667
:1008800016F8197B07EB470707EBC707354616F83D
:1008900001BFA5F1040AAAEB040ABA44504610F0BD
:1008A0006BFD0346594650469B4501D010F070FE43
:1008B000183D404617F0D6FB2D1BA842E6DAB9F1E9
:1008C000000F02D14FF0010934E705B0BDEC088BF1
:1008D000BDE8F08F2846002110F05AFEB8E700BFAF
:1008E000AFF30080F8C1631ADCA54C4000000000A3
:1008F0000000000000000000545A0020F4230020F3
:10090000034BC8221B7802FB03006430704700BF12
:10091000545A0020C82303FB01006430704700BF15
:1009200000000000F8B57B4B00251E7806F122047C
:10093000240104F10C0010F01FFDA0F10100764B22
:10094000B0FA80F0400983F89804204610F014FDB6
:100950000346601C63F3070510F00EFD60F30F25DE
:10096000A01C10F009FD0346E01C63F3174510F0CE
:1009700003FD60F31F6507EE905AF4EE677AF1EE1F
:1009800010FA12D1DFED657A07EE105AB4EEE77A6D
:10099000F1EE10FA09DCDFED627AB4EEE77AF1EEFF
:1009A00010FA02D4B7EEC77A01E09FED587B5D4B99
:1009B000201D002583ED007B10F0DEFC0346601D4A
:1009C00063F3070510F0D8FC60F30F25A01D10F0AD
:1009D000D3FC0346E01D63F3174510F0CDFC60F334
:1009E0001F6507EE905AF4EE677AF1EE10FA12D115
:1009F000DFED4A7A07EE105AB4EEE77AF1EE10FA1C
:100A000009DCDFED477AB4EEE77AF1EE10FA02D4B2
:100A1000B7EEC77A01E09FED3D7B434F002504F11F
:100A2000080007ED027B10F0A7FC60F3070504F156
:100A3000090010F0A1FC60F30F2504F10A0010F08A
:100A40009BFC034604F10B0063F3174510F094FC84
:100A500060F31F6507EE905AF4EE677AF1EE10FA34
:100A600012D1DFED2E7A07EE105AB4EEE77AF1EEEE
:100A700010FA09DCDFED2A7AB4EEE77AF1EE10FA2B
:100A800002D4B7EEC77A01E09FED207B06F1900516
:100A9000264B0024AD00284603ED027B10F06CFCD1
:100AA0000346681C63F3070410F066FC60F30F2430
:100AB000A81C10F061FC0346E81C63F3174410F017
:100AC0005BFC60F31F6407EE904AF4EE677AF1EE88
:100AD00010FA14D1DFED117A07EE104AB4EEE77A7E
:100AE000F1EE10FA0BDCDFED0E7AB4EEE77AF1EE00
:100AF00010FA04D4B7EEC77A87ED007BF8BD9FEDFE
:100B0000037B87ED007BF8BDAFF3008000000000A1
:100B100000000000545A0020B0490020C2B8B23D85
:100B2000C2B8B2BD504E0020604E0020704E002072
:100B3000814B93ED007B2DE9F041804EF7EEC77BB2
:100B400082B03478CDED017A2234019D2401EDB2DA
:100B5000204610F011FC854203D02946204610F0B3
:100B600017FD019D671CC5F30725384610F004FCEE
:100B7000854203D02946384610F00AFD019DA71C86
:100B8000C5F30745384610F0F7FB854203D02946E8
:100B9000384610F0FDFC019D03342D0E204610F068
:100BA000EBFB854203D02946204610F0F1FC644D52
:100BB000347815ED027B2234F7EEC77B240104F173
:100BC0000408CDED017A019F404610F0D5FBFFB23D
:100BD000874203D03946404610F0DAFC019F04F109
:100BE0000508C7F30727404610F0C6FB874203D02D
:100BF0003946404610F0CCFC019F04F10608C7F3CB
:100C00000747404610F0B8FB874203D039464046BC
:100C100010F0BEFCE71D019C240E384610F0ACFB22
:100C2000844203D02146384610F0B2FC454B34785C
:100C300013ED027B2234F7EEC77B240104F1080890
:100C4000CDED017A019F404610F096FBFFB287423E
:100C500003D03946404610F09BFC019F04F109087F
:100C6000C7F30727404610F087FB874203D0394679
:100C7000404610F08DFC019F04F10A08C7F30747B6
:100C8000404610F079FB874203D03946404610F0C9
:100C90007FFC04F10B07019C240E384610F06CFB1E
:100CA000844203D02146384610F072FC347895ED2A
:100CB000007B9034F7EEC77BA4002046CDED017A8F
:100CC00010F05AFB019DEDB2854203D02946204623
:100CD00010F05EFC019D671CC5F30725384610F037
:100CE0004BFB854203D02946384610F051FC019D4C
:100CF000A71CC5F30745384610F03EFB854203D0DC
:100D00002946384610F044FC019D03342D0E204640
:100D100010F032FB854203D02946204610F038FC03
:100D20003078094B000193F8981400F50B7002B06D
:100D3000BDE8F04110F02CBC504E0020545A002069
:100D4000604E0020704E0020B04900202DE9F8438D
:100D5000184BC0EB0016024617491E44304616F0E9
:100D6000D7FC304617F07EF90E2821D8134B771E9A
:100D700093F8008008EB880808EB88084FEAC80859
:100D80003C4617F8019F04F1F2054544AD1B284687
:100D900010F0F2FA034649462846994501D010F072
:100DA000F7FB0234304617F05DF9A41BA042E7DAE6
:100DB000BDE8F883C7490020181F0020545A0020BE
:100DC000000000009FEDCC4A00232DE9F04FCB4DF1
:100DD000F0EE443AB0EE443A8046F0EE442A05F58F
:100DE000A470B0EE442A85F87834F0EE441A002658
:100DF000B0EE441A0027F0EE440AB0EE440A2DED9E
:100E0000048BE1B00DF070FE2B4605F1480218335B
:100E1000C3E96667C3E96867C3E96A679342F6D1C5
:100E2000B74B4FF000090022A5F8309385F83293B4
:100E300085F8609485F8709485F88F9485F890947F
:100E40005A62C5E9CE67C5E9A267C5E9A467C5E9E5
:100E5000A66743E90267AB4F3C7804EB840404EBDC
:100E60008404E40004F59476304610F085FAA0F18D
:100E70000100B0FA80F0400918B1B8F1000F40F05D
:100E80004581B8F1010F00F04C81002800F0498144
:100E9000002604F5827010F06FFA002760F3070651
:100EA00004F2051010F068FA4FF0000860F30F2606
:100EB00004F5837010F060FA4FF0000A60F31746F3
:100EC00004F2071010F058FA4FF0000B60F31F66A1
:100ED00004F5847010F050FA60F3070704F209106B
:100EE0004FF0000910F048FA60F30F2704F5857001
:100EF00010F042FA60F3174704F20B1010F03CFABE
:100F000060F31F6704F5867010F036FA60F3070887
:100F100004F20D1010F030FA60F30F2804F587701A
:100F200010F02AFA60F3174804F20F1010F024FAB8
:100F300060F31F6804F5887010F01EFA60F3070A6A
:100F400004F2111010F018FA60F30F2A04F58970FA
:100F500010F012FA60F3174A04F2131010F00CFAB2
:100F600060F31F6A04F58A7010F006FA60F3070B4D
:100F700004F2151010F000FA60F30F2B04F58B70DB
:100F800010F0FAF960F3174B04F2171010F0F4F9AF
:100F900060F31F6B04F58C7010F0EEF9002360F322
:100FA000070304F219100693049310F0E5F9049B6B
:100FB00060F30F2304F58D700693049310F0DCF9B1
:100FC000049B60F3174304F21B100693049310F084
:100FD000D3F9049B60F31F6304F58E70CDE90A33E7
:100FE00010F0CAF9002260F3070204F21D10069205
:100FF000049210F0C1F9049A60F30F2204F58F7087
:101000000692049210F0B8F9049A60F3174204F2C1
:101010001F100692049210F0AFF9049A60F31F6259
:1010200004F59070CDE9082210F0A6F9002160F3D4
:10103000070104F221100691049110F09DF9049922
:1010400060F30F2104F591700691049110F094F96A
:10105000049960F3174104F223100691049110F0F3
:101060008BF9049960F31F6104F592700691049165
:1010700010F082F960F3070904F2251010F07CF9F2
:1010800060F30F2904F5937010F076F960F31749B7
:1010900004F2271010F070F90499089A60F31F69A0
:1010A0000A9B03EE901A03EE102A02EE10BA02EE2B
:1010B000903A01EE90AA04EE109A01EE108A00EE2A
:1010C000907A00EE106A10480DF00EFD0E480DF0FB
:1010D0003BFD0C4B1C782034240104F10C0010F073
:1010E0004BF9012800F0F180012385F8783461B0D4
:1010F000BDEC048BBDE8F08F00000000B04900207B
:10110000204E0020545A0020F84A0020494630461C
:1011100010F03EFA38784946000100F5037010F0EF
:1011200037FADE4806F022FBDD4B30B3DD489FED99
:10113000CD8B93ED027B9FEDCD9BB0EE483BB4EEA3
:10114000C87BB0EE481BB0EE480BF1EE10FA28FE5B
:10115000099BB0EE492B0EF055F8B0EE483BB0EECF
:10116000481BD0489FEDC30B39EE002B61B0BDEC9E
:10117000048BBDE8F04F0EF045B893ED027B9FED78
:10118000BF6BB7EE008B95F81431B5EEC07B27EE40
:10119000066BBFEE005BF1EE10FA8DED0C6B28FED6
:1011A000058B4BB1B0EEC77BB2EE045BB4EEC57BF2
:1011B000F1EE10FA00F33D81AB7D002144A8012B34
:1011C0009FEDAC2B9FEDAF1B9FEDA60B00F0F380C6
:1011D0000AF0B4FC44A914A89DED0C0B0AF0D6FC4F
:1011E00014A80AF06BFB20EE081B14A88DED041B5D
:1011F0000AF068FB20A820EE082B9DED041B9FED54
:10120000990B0AF017FE002152A89FEDA02B9FED2D
:101210009D1B9FED940B0AF091FC52A92CA89DED0B
:101220000C0B0AF0B3FC2CA80AF048FB20EE081BBC
:101230002CA88DED041B0AF045FB20EE082B38A8E6
:101240009DED041B9FED870B0AF0F4FD44A80AF006
:10125000EDFD44A8B0EE408B0AF0D6FD20A88DED40
:10126000060B0AF01BFF20A88DED040B0AF00CFF03
:101270008C48B0EE403BB0EE480B9DED042B9DED4D
:10128000061B0DF0BFFF52A80AF0D0FD52A8B0EE29
:10129000408B0AF0B9FD38A88DED060B0AF0FEFE72
:1012A00038A88DED040B0AF0EFFEB0EE403BB0EE37
:1012B000480B7C489DED042B9DED061B0DF0A2FF15
:1012C00061B0BDEC048BBDE8F08F2046002610F025
:1012D00053F80346601C4FF0000863F3070610F054
:1012E0004BF8002760F30F26A01C10F045F80346CA
:1012F000E01C63F3174610F03FF860F31F66201DF3
:1013000010F03AF860F30708601D10F035F860F34C
:101310000F28A01D10F030F860F31748E01D10F002
:101320002BF860F31F6804F1080010F025F860F353
:10133000070704F1090010F01FF860F30F2704F10C
:101340000A0010F019F860F3174704F10B0010F0D1
:1013500013F807EE906A06EE908A60F31F67F5EEC9
:10136000407AB7EEE77AB7EEE65AF1EE10FAF5EE0C
:10137000406A06EE907A85EDA27B07EE907A0CBF6C
:1013800001230023F1EE10FAF5EE407A03F0010399
:10139000B7EEE66A18BF0023F1EE10FA03F001037E
:1013A00018BF002383F0010385EDA45B85EDA66BD8
:1013B00085F8903498E60AF0C1FB44A914A89DED85
:1013C0000C0B0AF0E3FB14A80AF078FA20EE081BD5
:1013D00014A89FED309B8DED041B0AF073FAB0EE5C
:1013E000492B20A8A0EE082B9DED041B9FED1D0BA3
:1013F0000AF020FD002152A89FED242B9FED211B18
:101400009FED180B0AF09AFB52A92CA89DED0C0B2E
:101410000AF0BCFB2CA80AF051FA20EE081B2CA8FD
:101420008DED041B0AF04EFAB0EE492BA0EE082B0E
:1014300005E7B0EEC66B0EAC184920468DED0C6B7F
:1014400002F03CFA10AB0FCB8DE80F000CA894E82B
:101450000C0009F097FF9DED0C7B27EE087B8DEDCE
:101460000C7BA9E60000000000000000182D445489
:10147000FB210940182D4454FB21F93F399D52A20C
:1014800046DF913F182D4454FB21E93FD221337FA1
:101490007CD91240182D4454FB21F9BFB0490020DB
:1014A00070490020F84A00200000000010B5294CC7
:1014B0008EB000220023214608A8CDE9062302F0C1
:1014C00009FA0DF1200CEE46BCE80F00AEE80F0063
:1014D0009CE8030000228EE8030006A904F5A4702E
:1014E0000EF01AFDC8B104F294439FED164B9DED2A
:1014F000067B9FED165B94EDA26B27EE047BB5EEA9
:10150000406B27EE057BF1EE10FAB7EEC77B83ED5B
:10151000007A04D0034684F890340EB010BD94EDE8
:10152000A47BB5EE407BF1EE10FAF3D194EDA67BEF
:10153000B5EE407BF1EE10FA14BF01230023EAE779
:10154000AFF30080F8C1631ADCA54C400000000036
:101550000020AC40B04900202DE9F04F0E4C4FF474
:101560009473C8200D4F227899B097F8781400FB37
:10157000023000230F93109311931293139314933B
:1015800015931693179310F003F897F87834002BFF
:1015900040F0F68204E000BF545A0020B049002019
:1015A00025780F9E05EB85055FFA86F805EB850526
:1015B000ED0005F5827948460FF0DEFE804503D048
:1015C000414648460FF0E4FF05F20519C6F3072827
:1015D00048460FF0D1FE804503D0414648460FF003
:1015E000D7FF05F58379C6F3074848460FF0C4FED8
:1015F000804503D0414648460FF0CAFF05F2071563
:10160000360E28460FF0B8FE864203D031462846F3
:101610000FF0BEFF2578109E05EB85055FFA86F872
:1016200005EB8505ED0005F5847948460FF0A4FE2D
:10163000804503D0414648460FF0AAFF05F209193C
:10164000C6F3072848460FF097FE804503D0414671
:1016500048460FF09DFF05F58579C6F307484846D3
:101660000FF08AFE804503D0414648460FF090FFB8
:1016700005F20B15360E28460FF07EFE864203D08B
:10168000314628460FF084FF2578119E05EB85052D
:101690005FFA86F805EB8505ED0005F58679484685
:1016A0000FF06AFE804503D0414648460FF070FFB8
:1016B00005F20D19C6F3072848460FF05DFE804578
:1016C00003D0414648460FF063FF05F58779C6F31E
:1016D000074848460FF050FE804503D04146484633
:1016E0000FF056FF05F20F15360E28460FF044FE98
:1016F000864203D0314628460FF04AFF2578129ED5
:1017000005EB85055FFA86F805EB8505ED0005F527
:10171000887948460FF030FE804503D04146484660
:101720000FF036FF05F21119C6F3072848460FF0EF
:1017300023FE804503D0414648460FF029FF05F5BA
:101740008979C6F3074848460FF016FE804503D056
:10175000414648460FF01CFF05F21315360E284689
:101760000FF00AFE864203D0314628460FF010FFE4
:101770002578139E05EB85055FFA86F805EB850550
:10178000ED0005F58A7948460FF0F6FD804503D057
:10179000414648460FF0FCFE05F21519C6F307282E
:1017A00048460FF0E9FD804503D0414648460FF01A
:1017B000EFFE05F58B79C6F3074848460FF0DCFDD0
:1017C000804503D0414648460FF0E2FE05F217156A
:1017D000360E28460FF0D0FD864203D0314628460B
:1017E0000FF0D6FE2578149E05EB85055FFA86F886
:1017F00005EB8505ED0005F58C7948460FF0BCFD3D
:10180000804503D0414648460FF0C2FE05F2191943
:10181000C6F3072848460FF0AFFD804503D0414688
:1018200048460FF0B5FE05F58D79C6F307484846E2
:101830000FF0A2FD804503D0414648460FF0A8FEB8
:1018400005F21B15360E28460FF096FD864203D092
:10185000314628460FF09CFE2578159E05EB850540
:101860005FFA86F805EB8505ED0005F58E794846AB
:101870000FF082FD804503D0414648460FF088FEB8
:1018800005F21D19C6F3072848460FF075FD80457F
:1018900003D0414648460FF07BFE05F58F79C6F32D
:1018A000074848460FF068FD804503D0414648464A
:1018B0000FF06EFE05F21F15360E28460FF05CFD88
:1018C000864203D0314628460FF062FE2578169EE8
:1018D00005EB85055FFA86F805EB8505ED0005F556
:1018E000907948460FF048FD804503D04146484670
:1018F0000FF04EFE05F22119C6F3072848460FF0F7
:101900003BFD804503D0414648460FF041FE05F5BA
:101910009179C6F3074848460FF02EFD804503D065
:10192000414648460FF034FE05F22315360E284690
:101930000FF022FD864203D0314628460FF028FEE4
:101940002578179E05EB85055FFA86F805EB85057A
:10195000ED0005F5927948460FF00EFD804503D065
:10196000414648460FF014FE05F22519C6F3072834
:1019700048460FF001FD804503D0414648460FF030
:1019800007FE05F59379C6F3074848460FF0F4FCC7
:10199000804503D0414648460FF0FAFD05F2271571
:1019A000360E28460FF0E8FC864203D03146284622
:1019B0000FF0EEFD97F87864002E3ED097EDA27BF5
:1019C00097EDA46BB5EE407BF1EE10FA28D097EDC1
:1019D000A65BF7EEC55B0126F7EEC66BF7EEC77B9D
:1019E00015EE903ADAB217EE907A0892C3F3072216
:1019F000F9B2C7F3072B0992C3F307421B0EC7F3D3
:101A0000074A0A923F0E0B9316EE903AC3F3074231
:101A10005FFA83F9C3F307281B0E0C920D9318E0AD
:101A2000B5EE406B97EDA65BF1EE10FAD1D1B5EEB5
:101A3000405BF1EE10FACCD100263746B246B346F1
:101A40003146B046B146CDE90C66CDE90A66CDE92E
:101A500008662578079120352D0128460FF08CFC6B
:101A60000799884202D028460FF092FD6B1C184659
:101A700007930FF081FC584504D0079B5946184640
:101A80000FF086FD05F1020B58460FF075FC50452E
:101A900003D0514658460FF07BFD033528460FF022
:101AA0006BFCB84203D0394628460FF071FD25780B
:101AB00020352D012F1D38460FF05EFC484503D020
:101AC000494638460FF064FD6F1D38460FF054FC50
:101AD000404503D0414638460FF05AFDAF1D384609
:101AE0000FF04AFC0C9B984203D0194638460FF081
:101AF0004FFD073528460FF03FFC0D9B984203D061
:101B0000194628460FF044FD257820352D0105F1B2
:101B1000080738460FF030FC089B984203D019465E
:101B200038460FF035FD05F1090738460FF024FC63
:101B3000099B984203D0194638460FF029FD05F15C
:101B40000A0738460FF018FC0A9B984203D0194642
:101B500038460FF01DFD0B3528460FF00DFC0B9B92
:101B6000984203D0194628460FF012FD20783146DE
:101B7000000100F503700FF00BFD19B0BDE8F08F08
:101B800017A916AB15AA07F5A470CDE9043114AB5B
:101B900013A9CDE9023212AA11ABCDE9002110AA96
:101BA0000FA90CF061FFFBE410B5144C0022D4F82F
:101BB0006C372046C4F8E826C4F8383705F0D6FD5F
:101BC00004F5E56300280E48BBEE046A04F22C72AB
:101BD0009FED0C7A186004F5EF63DFED0B7A04F2E9
:101BE0007C74DFED0A6A07FE067A094947FEA67A89
:101BF00083ED007A1160C4ED007A10BDB049002079
:101C0000000034C30000B4C2000087430000B442A7
:101C100000003443074B93F87C2693F8F8150AB17B
:101C200041F00201044AC820C723127800FB0230A9
:101C30000FF0AEBCB0490020545A00202DE9F84303
:101C4000814D824C2E7806EB860606EB8606F60062
:101C500006F1D00948460FF08FFB94F8287603B2BE
:101C6000013F03EB8303FFB203EB8303032F4FEA30
:101C70008303C4F8183600F2E380754A52F827202F
:101C8000C72B76D9934294BF4FF000084FF001085C
:101C9000B8F1000F6DD1D13684F81C8630460FF0B4
:101CA0006BFB032F02B202EB820202EB82024FEACD
:101CB0008202C4F8102600F2C580654B53F8273025
:101CC000934278D3C72A8CBF00270127002F72D1F7
:101CD0002A78DE23C82684F8147616FB02363046AE
:101CE0000FF04AFB94F8682603B2013A03EB830332
:101CF000D2B203EB8303032A4FEA8303C4F85836B6
:101D000002D8534951F82270C72B76D99F422CBF75
:101D100000270127002F70D12A78DF23C82584F8F7
:101D20005C7615FB023528460FF026FB94F86826F2
:101D300003B2013A03EB8303D2B203EB8303032A1A
:101D40004FEA8303C4F8503602D8414951F8227053
:101D5000C72B01D99F4207D24FF47A730A21284634
:101D6000C4F850360FF014FC002384F85436BDE854
:101D7000F8834FF47A730A214846C826C4F8183607
:101D80000FF006FCD1222978002316FB012684F8E7
:101D90001C3630460FF0F0FA94F8287602B2013F74
:101DA00002EB8202FFB202EB8202032F4FEA8202B1
:101DB000C4F8102681D94FF47A7330460A21C82618
:101DC000C4F810360FF0E4FBDE222978002316FB5E
:101DD000012684F8143630460FF0CEFA94F86826BF
:101DE00003B2013A03EB8303D2B203EB8303032A6A
:101DF0004FEA8303C4F8583683D94FF47A730A2123
:101E00003046C4F858360FF0C3FB2978DF22C825C6
:101E1000002315FB012584F85C3628460FF0ACFA48
:101E200094F8682603B2013A03EB8303D2B203EBC2
:101E30008303032A4FEA8303C4F8503685D98BE71E
:101E400000221DE743463BE7545A0020B0490020DA
:101E50007C1D00202DE9F047DFF81883C44D98F869
:101E6000007007EB870404EB8404E40004F1D20A59
:101E700004F1D30950460FF07FFAC6B248460FF07E
:101E80007BFA60F30F26B6B2B6F57A7F80F0D38086
:101E9000C5F8206604F1E00A04F1E10950460FF0AC
:101EA0006BFAC6B248460FF067FA60F30F26B6B277
:101EB000B6F57A7F80F01C81C5F8606604F1D50024
:101EC0000FF05AFAA0F11003302B00F20281C5F88E
:101ED000240604F1E3000FF04FFAA0F11003302BB9
:101EE00000F2E880C5F86406C8264FF0000907FB39
:101EF0000666002730460FF03FFA60F30707701CB4
:101F00000FF03AFA60F30F27B01C0FF035FA60F3C8
:101F10001747F01C0FF030FA60F31F6704F1CC0094
:101F200085F80096C5F8FC750FF026FAC6B204F1E4
:101F3000CD000FF021FA04F1CE0760F30F2685F8EB
:101F400008963846B6B2C5F804660FF015FA431E77
:101F5000DBB2072B00F2998085F80906002704F10F
:101F6000CF0085F80A760FF007FAC01B85F80C76CB
:101F70003E4618BF012085F80B0604F1D4000FF08F
:101F8000FBF9C01B85F80E7618BF012085F80D06F9
:101F900004F1D6000FF0F0F960F3070604F1D70062
:101FA0000FF0EAF960F30F2604F1D8000FF0E4F91E
:101FB00060F3174604F1D9000FF0DEF960F31F66F5
:101FC00004F1DA0085F84076C5F83C660FF0D4F9E4
:101FD000C6B204F1DB000FF0CFF985F8487660F364
:101FE0000F2604F1DC07B6B23846C5F844660FF098
:101FF000C3F9431EDBB2072B33D885F84906002608
:1020000004F1DD0085F84A660FF0B6F9034604F1E5
:10201000E20085F84C669B1B18BF012385F84B3600
:102020000FF0AAF9801B85F84E6618BF012085F8CD
:102030004D06BDE8F08700245046C5F820460FF055
:102040009BF9002840F0898048460FF095F9002858
:1020500077D198F8007007EB870404EB8404E40060
:1020600018E70426384685F849660FF085F9B0422E
:10207000C5D0314638460FF08BFA98F8004004EB93
:10208000840404EB8404E400B9E70426384685F8A8
:1020900009660FF071F9B0423FF460AF314638463F
:1020A0000FF076FA98F8004004EB840404EB840403
:1020B000E40053E7102104F1E000C5F864160FF0C6
:1020C00067FA98F8007007EB870404EB8404E400D7
:1020D0000AE7102104F1D200C5F824160FF058FACF
:1020E00098F8007007EB870404EB8404E400F0E642
:1020F00000245046C5F860460FF03EF9B8B948468E
:102100000FF03AF938B998F8007007EB870404EB40
:102110008404E400D2E6002148460FF039FA98F82A
:10212000007007EB870404EB8404E400C6E6504625
:1021300021460FF02DFA48460FF01EF90028E2D094
:10214000E9E7002148460FF023FA98F8007007EB02
:10215000870404EB8404E4009CE6504621460FF01B
:1021600017FA48460FF008F900283FF472AFE8E785
:10217000B0490020545A002000000000F0B5D54CB2
:1021800002252DED028B83B00190FFF763FE002244
:102190000199204606F052F994F80936402094F847
:1021A0000D7608EE103A84F828560FF0ADFB4FF08C
:1021B000FF329FEDC90A064609210BF0B7FD012148
:1021C0000320C4F830660FF04DF8012103200FF012
:1021D0000DF8012128460FF045F8012116200FF0D7
:1021E00041F8012109200FF03DF8002128460EF0AA
:1021F000FDFF002116200EF0F9FF012109200EF04D
:10220000F5FFB6480AF0B4FF29460C200FF02AF873
:10221000D4F830060CF076F9D4F830060BF0EAFE6C
:10222000FF21D4F830060CF075F9D4F830062946B1
:102230000368DB6A98470521D4F830060BF078FC78
:10224000D4F8300605210368DB699847D4F83006D6
:10225000032103685B6998473946D4F830060BF0D0
:10226000A7FC3946D4F830060BF0C6FC4021D4F860
:1022700030060CF059F90121D4F830060BF06AFC55
:1022800094F928365A1ED2B2032A40F2D280B8EE10
:10229000C81BB0EE000B11F0A9FC002103200EF0CA
:1022A000A5FF022594F84936402094F84D7608EEB3
:1022B000103A84F868560FF027FB4FF0FF329FED7D
:1022C000860A06460A210BF031FD01210520C4F8DB
:1022D00070660EF0C7FF012105200EF087FF012177
:1022E00004200EF0BFFF012114200EF0BBFF0121DE
:1022F0000A200EF0B7FF002104200EF077FF002126
:1023000014200EF073FF01210A200EF06FFF7348B6
:102310000AF02EFF29460C200EF0A4FFD4F8700618
:102320000CF0F0F8D4F870060BF064FEFF21D4F83E
:1023300070060CF0EFF8D4F8700629460368DB6AE3
:1023400098470521D4F870060BF0F2FBD4F870061C
:1023500005210368DB699847D4F8700603210368F8
:102360005B6998473946D4F870060BF021FC394672
:10237000D4F870060BF040FC4021D4F870060CF045
:10238000D3F80121D4F870060BF0E4FB94F9683619
:102390005A1ED2B2032A3DD9B8EEC81BB0EE000BCC
:1023A00011F024FC002105200EF020FFFFF746FC71
:1023B00094F928365A1ED2B2032A21D84848023B43
:1023C000D4F8181650F82220914228BF1146022B4B
:1023D00000F29D81DFE813F044013201030007EEB3
:1023E000901AD4F83806B8EEE77B9FED385B87EE9D
:1023F000056BBCEEC66B16EE103A99B20BF02EFFD1
:1024000094F968365A1ED2B2032A20D903B0BDEC23
:10241000028BF0BD3249023B51F82210C82928BF77
:10242000C821AB4200F26C81DFE813F0E000BD0090
:10243000F4002B49023B51F82210C82928BFC821BB
:10244000AB4200F27281DFE803F086639A00244811
:10245000023BD4F8581650F82220914228BF11466A
:10246000022B00F25981DFE803F018023D0007EE6D
:10247000901AD4F87406B8EEE77B9FED145B87EEF4
:10248000056BBCEEC66B16EE103A99B203B0BDEC0C
:10249000028BBDE8F0400BF017BE07EE901AD4F89F
:1024A0007006B8EEE77B9FED095B87EE056BBCEE2F
:1024B000C66B16EE103A99B203B0BDEC028BBDE8C4
:1024C000F0400BF063BF00BFAFF30080CD3B7F66F1
:1024D0009EA0F63FB0490020AE47E13DD831002034
:1024E0007C1D002007EE901AD4F87806B8EEE77B42
:1024F0009FED925B87EE056BBCEEC66B16EE103A55
:1025000099B203B0BDEC028BBDE8F0400BF0A6BE63
:1025100007EE901AD4F83406B8EEE77B9FED875BA0
:1025200087EE056BBCEEC66B16EE103A99B20BF057
:10253000CBFD94F92856B8EEC81BB0EE000B11F095
:1025400055FB6B1EBDEEC00B032B3FF6A6AEDFE8BE
:1025500003F0D0C8C0B807EE901AD4F83006B8EE31
:10256000E77B9FED765B87EE056BBCEEC66B16EEE8
:10257000103A99B20BF00AFF94F92856DBE707EE00
:10258000901AD4F83806B8EEE77B9FED6C5B87EEC7
:10259000056BBCEEC66B16EE103A99B20BF05EFE00
:1025A00094F92856C7E707EE901AD4F87406B8EEE7
:1025B000E77B9FED625B87EE056BBCEEC66B16EEAC
:1025C000103A99B20BF080FD94F96856B8EEC81B2A
:1025D000B0EE000B11F00AFB6B1EBDEEC00B032B1F
:1025E0003FF6E0AEDFE803F0665E564E07EE901A67
:1025F000D4F87006B8EEE77B9FED505B87EE056B75
:10260000BCEEC66B16EE103A99B20BF0BFFE94F911
:102610006856DBE707EE901AD4F87806B8EEE77B49
:102620009FED465B87EE056BBCEEC66B16EE103A6F
:1026300099B20BF013FE94F96856C7E707EE901AAB
:10264000D4F83406B8EEE77B9FED3C5B87EE056B74
:10265000BCEEC66B16EE103A99B20BF035FDCFE624
:1026600007EE901AD4F83006B8EEE77B9FED335BA7
:1026700087EE056BBCEEC66B16EE103A99B20BF006
:1026800085FEBDE610EE103AD4F8780699B20BF04C
:1026900041FE87E610EE103AD4F8740699B20BF0BA
:1026A000EDFE7FE610EE103AD4F8700699B20BF00A
:1026B000E5FE77E610EE101AD4F86C060AF09CFFDF
:1026C00070E610EE103AD4F8380699B20BF022FEFC
:1026D000E3E510EE103AD4F8340699B20BF0CEFED2
:1026E000DBE510EE103AD4F8300699B20BF0C6FED6
:1026F000D3E510EE101AD4F82C060AF07DFFCCE5D5
:10270000D4F86C060AF066FE94F968565EE7D4F8D1
:102710002C060AF05FFE73E6D4F86C0603B0BDEC3D
:10272000028BBDE8F0400AF055BED4F82C060AF042
:1027300051FE94F92856FEE6AFF30080CD3B7F664C
:102740009EA0F63F70B58D4C257805EB850505EB11
:102750008505ED0005F1D20630460EF00DFE18B1EC
:10276000002130460EF014FFD33528460EF004FE4B
:1027700018B1002128460EF00BFFD5232078C8257C
:10278000102105FB00300EF003FF237803FB0555F5
:1027900028460EF0F1FD402803D0402128460EF0D7
:1027A000F7FE6E1C30460EF0E7FD772803D0772148
:1027B00030460EF0EDFEAE1C30460EF0DDFD1B285F
:1027C00003D01B2130460EF0E3FE033528460EF001
:1027D000D3FD18B1002128460EF0DAFE257805EB6E
:1027E000850505EB8505ED0005F1CC0630460EF0BC
:1027F000C3FDC82803D0C82130460EF0C9FECD3530
:1028000028460EF0B9FD18B1002128460EF0C0FE92
:10281000C825CE232078042105FB00300EF0B8FE39
:10282000CF232078002105FB00300EF0B1FED1232C
:1028300020780A2105FB00300EF0AAFED023207874
:102840000A2105FB00300EF0A3FE2078D4230021DE
:1028500005FB00300EF09CFE257805EB850505EBA9
:102860008505ED0005F1D20630460EF085FD18B164
:10287000002130460EF08CFED33528460EF07CFD4C
:1028800018B1002128460EF083FE2278E323C820E9
:10289000102100FB02300EF07BFE257805EB85054C
:1028A00005EB8505ED0005F1D60630460EF064FD1A
:1028B000402803D0402130460EF06AFE05F1D706CD
:1028C00030460EF059FD772803D0772130460EF0C0
:1028D0005FFE05F1D80630460EF04EFD1B2803D0F2
:1028E0001B2130460EF054FED93528460EF044FD2B
:1028F00018B1002128460EF04BFE257805EB850522
:1029000005EB8505ED0005F1DA0630460EF034FDE5
:10291000C82803D0C82130460EF03AFEDB352846E1
:102920000EF02AFD18B1002128460EF031FEC82510
:102930002078DC23042105FB00300EF029FE2078EE
:10294000DD23002105FB00300EF022FE2078DF237E
:102950000A2105FB00300EF01BFE2078DE230A2141
:1029600005FB00300EF014FE2078E223002105FB69
:102970000030BDE870400EF00BBE00BF545A00207E
:10298000F8B5AD4CC8256427AC4E2078FEF7DEF9CB
:102990002078012105FB00700EF0FAFD6FF00902AE
:1029A0005B2320787621C6E94A23852305FB003086
:1029B0000EF0EEFD8623207896F82C1105FB0030F2
:1029C0000EF0E6FD98232078002105FB00300EF084
:1029D000DFFD99232078002105FB00300EF0D8FDA3
:1029E0009A232078782105FB00300EF0D1FD9B233F
:1029F0002078B52105FB00300EF0CAFD06F5947075
:102A000003F0A8F96F232078002105FB00300EF0B9
:102A1000BFFD9C232078002105FB00300EF0B8FD9F
:102A20006E232078002105FB00300EF0B1FD7A23E3
:102A30002078394605FB00300EF0AAFD7B23207874
:102A4000042105FB00300EF0A3FD7C23207810212B
:102A500005FB00300EF09CFD7D232078402105FB16
:102A600000300EF095FD80232078032105FB003017
:102A70000EF08EFD257805EB850505EB8505ED004F
:102A800005F17E0738460EF077FC582803D0582110
:102A900038460EF07DFD7F3528460EF06DFC02288D
:102AA00003D0022128460EF073FD22788123C8202E
:102AB0000A2100FB02300EF06BFD257805EB850541
:102AC00005EB8505ED0005F1BC0738460EF054FC1A
:102AD000592803D0592138460EF05AFD05F1BD079B
:102AE00038460EF049FC792803D0792138460EF09B
:102AF0004FFD05F1BE0738460EF03EFCF32803D02B
:102B0000F32138460EF044FDBF3528460EF034FC64
:102B100018B1002128460EF03BFDC8254FF49473F0
:102B20002078002105FB00300EF032FD20786D2367
:102B3000002105FB00300EF02BFD257805EB850507
:102B400005EB8505ED0005F1900738460EF014FC05
:102B500018B1002138460EF01BFD05F191073846EB
:102B60000EF00AFC18B1002138460EF011FD05F1F7
:102B7000920738460EF000FC18B1002138460EF0DE
:102B800007FD933528460EF0F7FB18B100212846C3
:102B90000EF0FEFC257805EB850505EB8505ED00BF
:102BA00005F1940738460EF0E7FB18B100213846CE
:102BB0000EF0EEFC05F1950738460EF0DDFB18B17E
:102BC000002138460EF0E4FC05F1960738460EF079
:102BD000D3FB18B1002138460EF0DAFC97352846B1
:102BE0000EF0CAFB18B1002128460EF0D1FCC82512
:102BF000A52320780021002705FB00300EF0C8FC3B
:102C0000C7232078022105FB00300EF0C1FCFFF73E
:102C100099FD22787123A6F8147186F8167115FBB8
:102C2000023528460EF0A8FB00B9F8BD3946284603
:102C3000BDE8F8400EF0ACBC545A0020B04900206A
:102C4000002038B504460EF097FB0346012063F3DD
:102C500007040EF091FB0346022063F30F240EF0ED
:102C60008BFB0346032063F317440EF085FB294BCF
:102C700060F31F649C4228D00024204601340021C8
:102C80000EF086FCB4F5876FF7D1234D002423485E
:102C9000FDF740FD2C70FFF773FE01232B70FFF74B
:102CA0006FFE20462C700EF067FB6A2828D10120A9
:102CB0000EF062FB542819D102200EF05DFB0228B1
:102CC0000AD103200EF058FB00B938BD00210320C3
:102CD000BDE838400EF05CBC022108460EF058FCFE
:102CE00003200EF049FB0028EFD0EFE7542101202C
:102CF0000EF04EFC02200EF03FFB0228E1D0EBE785
:102D00006A2120460EF044FC01200EF035FB5428C9
:102D1000D2D0EBE76A540200545A002070490020D8
:102D2000000000002DE9F84F904F0025904E3C78B0
:102D300004EB840404EB8404E40004F1E60B04F1E6
:102D4000F0000EF019FB04F1E70A86F87D065846FC
:102D50000EF012FB60F3070504F1E80950460EF08F
:102D60000BFB60F30F2504F1E90848460EF004FB65
:102D700060F3174540460EF0FFFA60F31F6506F555
:102D8000D06307EE905A9FED756BB8EEE77B27EEA8
:102D9000067BB5EEC07B83ED007BF1EE10FA77D9B0
:102DA0009FED706BB4EEC67BF1EE10FA70DC00257F
:102DB00004F1EA0004F1EB0904F1EC0B86F8885603
:102DC0000EF0DAFA401B86F88A5604F1ED0A04F197
:102DD000EE0818BF012086F8890648460EF0CCFAA6
:102DE00060F3070558460EF0C7FA60F30F2550460A
:102DF0000EF0C2FA60F3174540460EF0BDFA60F3DC
:102E00001F655C4B07EE905A9FED546BB8EEE77B65
:102E100027EE067BB5EEC07B83ED007BF1EE10FA6A
:102E200006D99FED506BB4EEC67BF1EE10FA1FDDB4
:102E300048460EF0A1FADC2840F0848058460EF097
:102E40009BFA052851D150460EF096FA002842D13F
:102E500040460EF091FA002838D13C780022464BCB
:102E600004EB8404434904EB8404E400C1E9002337
:102E7000002504F1EF0086F8A8560EF07DFA401BFD
:102E800086F8AA5618BF012086F8A906BDE8F88F73
:102E900058460EF071FADC284AD150460EF06CFA12
:102EA00005283BD148460EF067FA68BB40460EF055
:102EB00063FA20BB3C7800222F4B04EB84042F499B
:102EC00004EB8404C1E90023E40070E700214046DC
:102ED0000EF05EFBC1E7504600210EF059FB404664
:102EE0000EF04AFA0028B8D0F0E7584605210EF057
:102EF0004FFB50460EF040FA0028A9D0EBE7002126
:102F000040460EF045FBD5E7484600210EF040FB59
:102F100040460EF031FA0028CCD0F0E750460521AB
:102F20000EF036FB48460EF027FA0028BED0EBE73D
:102F30005846DC210EF02CFB50460EF01DFA0528F9
:102F4000B0D0EBE74846DC210EF022FB58460EF0ED
:102F500013FA05283FF477AFC7E700BF7B14AE47ED
:102F6000E17A843F000000000020AC40545A002069
:102F7000B04900205050002000002E40305000206A
:102F80002DE9F843FFF7CEFE1C200EF0BDFC494FA3
:102F9000044602211920DFF82C810EF063F902218A
:102FA0001B200EF05FF9D7F89C61D7F8BC510023C5
:102FB00041494FF4FA6ED7F890C1A6606361E560AD
:102FC0003E4B4868D8F80020C4F800C0A3FB02328A
:102FD000920C0EFB02F2D7F8B0E1C4F804E04B68A3
:102FE0001B1A9A42FBD8DCF800302146DEF800209C
:102FF00019201E424FF4FA6914BF01230023154221
:103000002F4D18BF43F002032374FDF78FF92146BB
:1030100020761B20FDF78AF9237EC5F89C461844CC
:1030200020761C200EF070FC022104461F200EF0BA
:1030300019F9022121200EF015F9D7F8FCC1D7F8B3
:10304000F0E10023C4F808C0D7F81C621A49C4F89C
:1030500000E0D7F810726361E660184B4868D8F852
:1030600000206760A3FB0232920C09FB02F24B685E
:103070001B1A9A42FBD8DEF8003021463A681F201E
:103080001CEA030F14BF01230023164218BF43F0AC
:1030900002032374FDF74AF90346214621202376D3
:1030A000FDF744F9237EC5F8BC4618442076BDE8F8
:1030B000F88300BFD82A0020001000E083DE1B4305
:1030C000B0490020D4310020034B93F87C3603B97B
:1030D0007047FFF755BF00BFB04900202DE9F84306
:1030E0000420E04D2DED048B0EF046F9012800F28E
:1030F000F0812870DC4C04F10F07C4F1F10630199F
:103100000EF03AF904F8010F002800F08A81A74276
:10311000F5D1D64E0020FDF719FED54C40F2B91777
:1031200004F10F083F1B38190EF026F904F8010FBF
:10313000002800F07081A045F5D10120FDF706FEC2
:103140002C7804EB840404EB8404E40004F16407A9
:1031500038460EF011F9431EDBB2032B00F2C38197
:1031600000230128B07586F8353000F0CB810228A5
:1031700002D0042800F0DB8100220323727586F858
:10318000793404F1810738460EF0F6F807EE900A1C
:10319000B84BB8EEE77B9FEDAF6B27EE067BB5EE45
:1031A000407BF1EE10FA00F04281B3EE096BB4EE11
:1031B000C67BF1EE10FA00F33A8103ED027B04F1D5
:1031C0008500B2EE0E8B0EF0D7F8034604F18600B0
:1031D000803BC6F828310EF0CFF8034604F19B007F
:1031E000C6F82C310EF0C8F8C6F8400104F198007A
:1031F0000EF0C2F8A0F1800304F199009A3406EEB3
:10320000103A9FED969BB8EEC66B26EE096B86EEE4
:10321000087BB8FE477BFDEEC77B17EE903A83EA4A
:10322000E372A2EBE372B52AA8BF3C23C6F83031A3
:103230000EF0A2F8A0F18003204606EE103AB8EE98
:10324000C66B26EE096B86EE087BB8FE477BFDEE6B
:10325000C77B17EE903A83EAE372A2EBE372B52ADA
:10326000A8BF3C23C6F834310EF086F807EE900A6A
:10327000B2EE044BB8EEE77BB2EE025B87EE046B76
:10328000B4EEC56BF1EE10FA00F1FE80B2EE087BF1
:10329000B4EEC76BF1EE10FA00F3F68086ED4E6BDC
:1032A000D6F81C374FF0000873484FF0000907EEBE
:1032B000903AD6F86C37A0F59872B8EEE76B07EE47
:1032C000903A0346B8EEE77B63E8288983ED006B0C
:1032D000D2E9002300ED067B40E92223A0F504603B
:1032E00004F044FA2F78002800F0DD8007EB870710
:1032F000022307EB870786F80835FF00002407F153
:1033000090000EF039F84CF2503860F3070407F1E2
:1033100091000EF031F8DFF8689160F30F2407F1A7
:1033200092000EF029F860F3174407F193000EF0B5
:1033300023F860F31F6407F1940004EB08034B4586
:1033400088BF0024C6F8204500240EF015F860F36D
:10335000070407F195000EF00FF860F30F2407F152
:1033600096000EF009F860F3174407F197000EF08D
:1033700003F860F31F6407F17100A044C84588BFDB
:103380000024C6F824450DF0F7FF034607F170004E
:1033900003F0010286F81421C3F34002C3F3800353
:1033A00086F8152186F816310DF0E6FF334B032819
:1033B000187040F289801846FDF7ACF92A78C723C7
:1033C000C82000FB02300DF0D7FF00F00102C0F36F
:1033D000400086F8F82586F87C06002840F0A48096
:1033E0000020C824FEF7CAFE204801F0EBF8297837
:1033F000A522B52314FB0124C6F8403120460DF068
:10340000BBFF142800F28480B060BDEC048BBDE8E3
:10341000F843FDF787BA96F82630002B3FF48DAEBF
:103420008EE6124EF37D002B3FF474AE75E64FF03E
:103430000008DFF8509038461E2143E902890EF05B
:10344000A7F82C7804EB840404EB8404E400B6E6CB
:10345000AFF300809A9999999999B93F00000000BB
:1034600000004E40545A0020C6490020B0490020B8
:10347000D5490020A04F0020F051002070490020C5
:10348000A08601000000084000222B4B2046C6E920
:103490004E230DF071FF78283FF402AF78212046CB
:1034A0000EF076F8FCE607EB870707EB8707FF00CF
:1034B00007F16D000DF060FF431EDBB2022B28BF49
:1034C000012086F8080519E701461846FAF7C6FEF6
:1034D00074E700242C70FFF753FA01232B70FFF7D9
:1034E0004FFA2C7006E6012138460EF051F82C7880
:1034F0000122002304EB8404B27504EB840486F8F3
:103500003530E40002220323727586F8793438E6F8
:10351000204600210EF03CF80020BDEC048BB0608A
:10352000BDE8F843FDF7FEB9FFF72AFD58E7012291
:10353000737586F8792424E60000284008B50DF05C
:10354000F7FEBDE808400DF0F3BE00BF2DE9F04FD7
:1035500005463C300027FF26012405F5A46905F542
:10356000A86805F5A06B05F5A26A2DED048B85B062
:10357000B7EE009B09F0CAF90022A84B294605F5D1
:103580009470C5E946230022A54B9FED9C8BC5E9AD
:10359000482302F01BFA05F58E63A5F8307305F297
:1035A000944285F83273002185F8607405F5A960AE
:1035B00085EDA28B85EDA48B85EDA68B85EDCE8B5D
:1035C00003ED028B4FF4003385F87074C5F87C74FA
:1035D000C5F8783405F59663C5F88074C5F8847429
:1035E000C5F88874C5F88C7485F89074116005F579
:1035F000946285F89874294682ED008B03ED028B66
:1036000083ED008B05F5986303ED028B01F042FF1B
:1036100005F5F26205F50163C5F82C76C5F830763C
:10362000294685F8286605F69800C5F83476C5F869
:10363000387685F86866C5F86C76C5F87076C5F892
:103640007476C5F8787685F88B76C5F89C7685F81B
:10365000AB76C5F8BC76A5F8887782ED008B82ED55
:10366000169B82ED128B82ED149BA5F8107883EDEA
:10367000028B83ED189B83ED148B83ED169B00F07A
:10368000ADFB294605F69C0005F08CFA294605F5A8
:103690000A6003F091FA4FF080733946AC752B60E5
:1036A0004FF440731E2205F117002B822F71AF8259
:1036B000C5E9027714F00EF905F59A6385F83840EC
:1036C00005F59E6C85F87C7405F5AA60A5F87874FC
:1036D00005F5BE6485F8357005F5D86EEF8605F5FD
:1036E000AC61A5F8147105F5AE6285F81671F5EEBA
:1036F000005A85F8C074B0EE087B009005F5BC60F8
:10370000029401902846CDF80CE005F5DC6E9FEDA3
:103710003D4B03ED028B83ED008B05F59C6303EDC0
:10372000028B83ED008B8CED004B9FED384B0CED45
:10373000028B4FF0020C85F8F87405F5DA638BED17
:10374000004B85F80A75A5F808C585F80B758AED54
:10375000009B09ED028BC5F82075C5F82475C5F8E6
:103760002875C5F82C75A5F83075DFF8B89008ED08
:10377000029B4FF0000885F8407585F84975009C5C
:1037800085F8487584ED009B41E902894FF00008F7
:10379000DFF89490029CC1E900894FF00008DFF83F
:1037A0008C9042E902894FF00008DFF88490C2E96A
:1037B00000894FF0040285F8782585F87925019A6B
:1037C0009FED146BC2ED005A039A04ED027B85F85D
:1037D000F875A5F87C7682ED007B83ED007B03ED28
:1037E000026B0EED026B85F8E076C5F8A46805B0B3
:1037F000BDEC048BBDE8F08FAFF30080000000004B
:103800000000000000000000008046400000002092
:103810002B6F2E4100000000006AF8400000244099
:1038200000805B400000104000003040000050402D
:1038300000C0824000F69C0005F0B6B900F69C007E
:1038400005F0C6B900F5A96002F088B800F5A960D6
:1038500001F02EBE00F50A6003F0B0B900F50A6071
:1038600003F08CBA00F50A6003F066BB00F50A604D
:1038700003F084BB00F50A6003F02ABC00F50A607F
:1038800003F0AEBC00F50A6003F0E6BC00F50A6088
:1038900003F058BE00F50A6003F040BE00F50A6070
:1038A00003F0F2BC00F50A6003F074BD00F50A6095
:1038B00003F010BD00F50A6003F08CBD91ED467B6E
:1038C00091F8142180ED027B91ED487B027080ED30
:1038D000047B704791ED467B91F8152180ED027BCA
:1038E00091ED487B027080ED047B704791ED467B43
:1038F00091F8162180ED027B91ED487B027080EDFE
:10390000047B7047FFF7EABB0000000030B50446B7
:1039100083B01620FCF7F4FF0DF02EFD0190002877
:1039200055D007EE900ADFED336AF8EEE77A87EEBE
:10393000A67AB7EEC77A04F5AA63172083ED007B59
:10394000FCF7DEFF0DF018FD0190002848D007EECF
:10395000900AB8EEE77AB7EEC77A04F5AC6518209E
:1039600005ED027BFCF7CCFF0DF006FD0190A0B346
:1039700007EE900AB8EEE77AB7EEC77A192085ED20
:10398000007BFCF7BDFF0DF0F7FC019010B307EED4
:10399000900AB8EEE77AB7EEC77A04F5AE631C205A
:1039A00003ED027BFCF7ACFF0DF0E6FC034620467E
:1039B000042B28BF042384F8793594F87935DBB2D9
:1039C00084F8783503B0BDE8304004F0DDB9B7EED7
:1039D000007BB0E79FED057BDFE7B3EE007BCDE733
:1039E000B1EE007BB9E700BFAFF30080000000003C
:1039F000000050400000C84270B506465820FCF751
:103A00007FFF002405460DF0B7FC0346681C63F3F6
:103A100007040DF0B1FC60F30F24A81C0DF0ACFC02
:103A20000346E81C63F317440DF0A6FC024606F5B6
:103A3000A063304662F31F6407EE104ABAEECE7BF5
:103A400083ED007B04F07AFABDE8704006F0C6B85A
:103A5000704700BF90F8F83408461BB91946C0B249
:103A60000DF0C4BB0121C0B20DF0C0BB08B50DF014
:103A70005FFC0DF05DFC0248BDE80840FFF766BD45
:103A8000B049002072B690ED2E7BD0F8B020FDEE4C
:103A9000C77B17EE903A9B1AC0F8C03062B672B678
:103AA00090ED507BD0F83821FDEEC77B17EE903AB1
:103AB0009B1AC0F8483162B6704700BF72B6D0F8A2
:103AC000B030D0F8B4209B1AC0F8C43062B672B6D9
:103AD000D0F83831D0F83C219B1AC0F84C3162B68E
:103AE000704700BF80F8A01080F82811704700BF11
:103AF00072B690ED405BD0E9622390ED0A6B80EDE9
:103B00003E5B90ED1E7BC0E9602390ED3E4B90ED57
:103B1000605B26EE046B27EE057B80ED346B80ED59
:103B2000567B62B6704700BF10B52DED068BB0EE28
:103B300041AB0446B0EE428B05F0ECFFB0EE409B8B
:103B4000B0EE4A0B05F0E6FF72B6B1EE002B94ED35
:103B5000185B28EE022B94ED046B22EE066B22EE2E
:103B6000052B89EE065B80EE027B25EE095B27EED6
:103B7000007B84ED2A5B84ED4C7B62B6BDEC068B4A
:103B800010BD00BF06EE101A07EE102A72B680EEC6
:103B9000014B00221C4B80EE025BB8EEC66BB8EE08
:103BA000C77B80ED423B80ED643B80ED364BC0E946
:103BB000382390ED362B90ED383B82EE034B80EDB1
:103BC0003A4B90ED363B83EE064B80ED464B90ED45
:103BD000366B80ED3C6B80ED585BC0E95A2390ED6D
:103BE000584B90ED5A5B84EE056B80ED5C6B90ED6D
:103BF000585B85EE076B80ED686BD0E95823C0E910
:103C00005E2362B6704700BF00002040D0F88430C9
:103C100058428842CCBF002001208B42B8BF002010
:103C2000C0F10200C0B2704772B6D0F8B0300B607D
:103C3000D0F83831136062B6704700BF30B4046DFD
:103C400094421DDAC2EB4402046B091B022407EE06
:103C5000901A039D90ED044BB8EEE76B07EE902AA7
:103C60002C70B8EEE77B86EE045B83ED005B90ED95
:103C7000185B029B87EE056B30BC83ED006B7047D1
:103C8000C4F1000C944506DD2244046BACEB020247
:103C9000091B0224DBE70124D9E700BF90ED187B64
:103CA00090ED046B012921EE071B20EE060BFDEEC3
:103CB000C17BBDEEC00B82ED000AC3ED007A21D9B5
:103CC000016D10B417EE904AC4EB41041C60016B07
:103CD00013680B441360016B4C42A34207DA8168FE
:103CE0000B441360016BC1F1000C6345F7DB994293
:103CF00005DA81685B1A1360016B8B42F9DC5DF8B1
:103D0000044B7047704700BF72B60B68C0F8B43000
:103D10001368C0F83C310B68C0F8B0301368C0F8C5
:103D2000383107EE903A91ED006AB8EEE77BB8EED5
:103D3000C66B80ED2E6B80ED507B62B6704700BF86
:103D40000000000072B690ED2C6A90ED4E7A62B6DB
:103D500090ED044BB8EEC66BB8EEC77B86EE045B05
:103D60009FED066B81ED005B90ED184B87EE045BD9
:103D700082ED005B83ED006B704700BF0000000028
:103D80000000000010B5044672B691ED2E4B91ED87
:103D9000045B91ED506B91ED187B84EE052B86EE64
:103DA000071B62B69FED057B9FED060B22EE072BEE
:103DB00021EE071B08F03EF8204610BD399D52A2A7
:103DC00046DF913F000000000000000008B50DF044
:103DD000AFFABDE808400DF0ABBA00BF0160704714
:103DE000F0B5044683B02420236803F5E56503F2AB
:103DF0002C7103F5E06295ED004A03F5EF6591ED56
:103E0000005A03F27C71B7EEC44A95ED006AB7EE32
:103E1000C55A91ED007AB7EEC66AB7EEC77A12EDD1
:103E2000022B03F5EA6224EE024B25EE025BBDEEA7
:103E3000C44B12ED023BBDEEC55B14EE102A26EE1C
:103E4000036BC3F8202715EE102A27EE037BC3F877
:103E50002427BDEEC66BBDEEC77B16EE102AC3F855
:103E6000702717EE102AC3F87427FCF749FD236862
:103E7000B2EE047A054603F5E563D3ED007A67EE0A
:103E8000877AFDEEE77ACDED017A0DF075FA9DF8AF
:103E90000460BDF90470864203D0314628460DF017
:103EA00077FB0135C7F3072728460DF065FA8742EF
:103EB00003D0394628460DF06BFB2620FCF720FD89
:103EC0002368B2EE047A054603F22C73D3ED007A30
:103ED00067EE877AFDEEE77ACDED017A0DF04CFAC8
:103EE0009DF80460BDF90470864203D0314628462F
:103EF0000DF04EFB0135C7F3072728460DF03CFABD
:103F0000874203D0394628460DF042FB2820FCF7B3
:103F1000F7FC2368B2EE047A054603F5EF63D3EDB0
:103F2000007A67EE877AFDEEE77ACDED017A0DF043
:103F300023FA9DF80460BDF90470864203D031462F
:103F400028460DF025FB0135C7F3072728460DF05D
:103F500013FA874203D0394628460DF019FB2A2070
:103F6000FCF7CEFC2368B2EE047A044603F27C73BD
:103F7000D3ED007A67EE877AFDEEE77ACDED017A30
:103F80000DF0FAF99DF80450BDF90460854203D0A4
:103F9000294620460DF0FCFA0134C6F307262046D8
:103FA0000DF0EAF9864201D103B0F0BD314620465A
:103FB00003B0BDE8F0400DF0EBBA00BF10B524200F
:103FC000FCF79EFC04460DF0D7F90F2803D00F2113
:103FD00020460DF0DDFA013420460DF0CDF92728FA
:103FE00003D0272120460DF0D3FA2620FCF788FCC9
:103FF00004460DF0C1F9F12803D0F12120460DF05F
:10400000C7FA013420460DF0B7F9D82803D0D821DB
:1040100020460DF0BDFA2820FCF772FC04460DF096
:10402000ABF90F2803D00F2120460DF0B1FA01346F
:1040300020460DF0A1F9272803D0272120460DF0B6
:10404000A7FA2A20FCF75CFC04460DF095F9F1284C
:1040500003D0F12120460DF09BFA013420460DF0EB
:104060008BF9D82800D110BD2046D821BDE81040DA
:104070000DF08EBA2DE9F04110460D4617461E464A
:10408000FCF73EFC80460DF077F9044608F101008C
:104090000DF072F9F2EE046AD5ED107AE4B295ED06
:1040A000117A67EEA67A60F30F2427EE267A24B2FF
:1040B000FDEEE77A17EE90CAFDEEC77A644517EE7B
:1040C00090EA15DB744513DC012007EE904A5EB3DD
:1040D000B8EEE76BB2EE045B95ED047B26EE076B62
:1040E00086EE057BBDEEC77B85ED0F7ABDE8F081DE
:1040F000002E14BF744664463846FCF701FC0746A0
:104100000DF03AF9E1B20FFA84F8814222D1013779
:10411000C8F3072838460DF02FF9804514D1002048
:1041200007EE904A002ED3D1B8EEE77BB2EE045BE7
:1041300095ED046B27EE067B87EE056BBDEEC66B37
:1041400085ED0E6ABDE8F081384641460DF020FA53
:104150000020E5E738460DF01BFAD8E70168002398
:10416000242201F5DD61FFF785BF00BF016801234F
:10417000262201F5DD61FFF77DBF00BF0168002346
:10418000282201F5E761FFF775BF00BF0168012331
:104190002A2201F5E761FFF76DBF00BF08B50DF0FA
:1041A000C7F8BDE808400DF0C3B800BF10B472B640
:1041B000D0F89827D0F8203862B6D0F89C46C4B121
:1041C00007EE902A00F5E06190F88926B8EEE76BDB
:1041D00011ED025B86EE057BAAB300F5D06292ED8D
:1041E000006B27EE467BBDEEC77B72B684ED057A89
:1041F00062B6D0F8BC16C1B100F5EA6207EE903A9B
:1042000090F8A94600F5D460B8EEE76B12ED025BBA
:1042100086EE057B90ED006B54B127EE467BBDEE3C
:10422000C77B72B681ED057A62B65DF8044B7047C4
:1042300027EE067BBDEEC77B72B681ED057A62B6CE
:104240005DF8044B704700F5D06292ED006B27EEED
:10425000067BBDEEC77B72B684ED057A62B6C8E711
:1042600000F5DD60FFF71ABD00F5DD60FFF74CBD1E
:10427000002370B5037404460E46154690F8403589
:1042800072B600F5A06393ED000B05F04FFC04F54A
:10429000F26204F5016304F5F46192ED0C7B82EDAA
:1042A000127B93ED0E7B04F5036283ED147BD4F84F
:1042B0009837C4F89C37D4F82038C4F8243896EDE1
:1042C000006A95ED007AB8EEC66BB8EEC77B81ED5B
:1042D000006B02ED027B62B62046BDE8704002F042
:1042E000B1BB00BF10B50023044608462DED028B7C
:1042F00084B001920393009107F0CAFE0098B0EEDB
:10430000408B07F0C1FE04F5DD6003AB019902AA02
:1043100000909FED0E7B20EE071B28EE070BFFF7AA
:10432000BDFC03AA02A90098FFF7EEFC94F87C36C6
:1043300033B900230120E37004B0BDEC028B10BD43
:104340002046FFF733FFF4E7AFF30080F8C1631AAC
:10435000DCA54C40F0B59BB004460F46014608AEC4
:10436000154630468DED060BFFF7B4FA04F52272C0
:104370000AAB059204F5D87204920FCB9DED060BA3
:104380008DE80F0039460EA896E80C0007F072FA87
:104390002A460EA92046FFF7A5FF1BB0F0BD00BFBF
:1043A00030B58DB0154600F52273044600F5D8727D
:1043B000684607F067FC2A4669462046FFF792FFE9
:1043C0000DB030BD90F87C3603B97047D0F89C36FC
:1043D00010B5044682B0002B5ED01A7E012A48D95F
:1043E00072B65A6962B607EE902A04F5D06394F863
:1043F0008926B8EEE76B93ED005B86EE057B0AB18C
:10440000B1EE477B04F5E062D4F8BC3612ED026BE6
:1044100027EE067BBDEEC77B8DED007A002B3ED0EC
:104420001A7E012A3ED972B65A6962B607EE902A00
:1044300004F5D46394F8A926B8EEE76B93ED005B1E
:1044400086EE057B0AB1B1EE477B04F5EA6301AA6B
:10445000694604F5DD6013ED026B27EE067BBDEEC9
:10446000C77B8DED017AFFF74FFC0023E37002B0AC
:1044700010BD72B6D3E900109A680968006811404F
:10448000DA6810424CD01A7C02F0030209B142F003
:10449000040242F0080249E09FED487BB2E79FED3D
:1044A000477BD2E772B6D3E900109A6809680068C2
:1044B0001140DA68104208D01A7C02F0030209B1F8
:1044C00042F0040242F0080205E01A7C02F0030206
:1044D00009B142F004029108013A19740D2AA3D8D7
:1044E00001A151F822F000BF2D280100252801006C
:1044F0004D28010025280100C5260100452801009E
:104500002D2801002D28010045280100C5260100A5
:10451000252801004D280100252801002D28010033
:104520001A7C02F0030209B142F004029108013A38
:1045300019740D2A3FF655AF01A151F822F000BFC2
:104540001D280100152801003D2801001528010043
:104550007F260100352801001D2801001D280100CB
:10456000352801007F260100152801003D280100A3
:10457000152801001D2801005A69013A5A6131E7E6
:104580005A6901325A612DE75A69013A5A614CE77A
:104590005A6901325A6148E75A69023A5A6121E779
:1045A0005A6902325A611DE75A69023A5A613CE778
:1045B0005A6902325A6138E7AFF300800000000008
:1045C0000000000090F87C3603B97047FFF7EEBD9D
:1045D0000000000090F87C260AB9002070470346CE
:1045E000B0482DE9F04104788C4211D04C1E062CC5
:1045F0000DD8DFE814F00700EF00F600D000DF0070
:10460000E700D800A84C0026A84FC4E90067017055
:10461000002900F0B18072B6D3F89817D3F820487B
:1046200062B6D3F89C06002800F0A980057E012D13
:1046300040F2428172B6456962B607EE905A03F5C0
:10464000D06E93F88906B8EEE76B9EED005B86EEC0
:10465000057B08B1B1EE477B03F5E06CD3F8BC06EF
:104660001CED022B22EE077BFDEEC77B17EE905A66
:10467000002800F08B80067E012E40F2B98072B6D1
:10468000466962B607EE906A03F5D46693F8A90608
:10469000B8EEE77B96ED005B1CED022B87EE056B19
:1046A00008B1B1EE466BB7EE004B7F48491B03F5EE
:1046B000EA6C9EED007B1CED023B84EE075B23EE73
:1046C000066B90ED007BFDEEC66BB4EE475BF1EE42
:1046D00010FA98BFB0EE475B0029B8BF494225EEFB
:1046E000025B04EE901A16EE901AB8EEE44BB4EEAC
:1046F000C54BF1EE10FA47DB72B6C3F8985703F5D5
:10470000F36595ED007A03F5F465B8EEC77B85EDAA
:10471000007B62B61CED023B90ED007B1046B7EECD
:10472000004B641A96ED005B84EE056BB4EEC76B2C
:10473000F1EE10FA88BFB0EE467B002CB8BF6442A1
:1047400027EE037B06EE904AB8EEE66BB4EEC76B3D
:10475000F1EE10FA11DB72B6C3F8201803F502610E
:1047600003F5036391ED007AB8EEC77B03ED027B9E
:1047700062B61046BDE8F0810020BDE8F0819FEDF3
:10478000417B03F5D06E67E70020C8E79FED3D6BE6
:1047900003F5D46687E7444C01703CA7D7E900676E
:1047A000C4E9006734E7404C002600270170C4E9E3
:1047B00000672DE73C4C017036A7D7E90067C4E9D4
:1047C000006725E7384C017034A7D7E90067C4E9D2
:1047D00000671DE7344C0026354F0170C4E90067BF
:1047E00016E7314C0026334F0170C4E900670FE72C
:1047F00072B6066837684668D6F800808668374023
:10480000C66818EA060F00F0A780067C06F00306CB
:104810000FB146F0040646F00806B708013E0774DB
:104820000D2E3FF62DAF01A757F826F0092B0100FA
:10483000012B0100192B0100012B01001D29010092
:10484000112B0100092B0100092B0100112B010084
:104850001D290100012B0100192B0100012B010072
:10486000092B01004669013E46610AE746690136A7
:10487000466106E74669023E466102E7466902363E
:104880004661FEE600000000000000001111111159
:104890001111C13F111111111111B13F111111115C
:1048A0001111A13F4D5A0020604900200000F03F47
:1048B0000000E03F0000D03F72B6466805682D68F2
:1048C000376886682E40C5682F423DD0057C05F0CC
:1048D00003050EB145F0040545F00805AE08013D9D
:1048E00006740D2D3FF6A7AE01A656F825F000BFC1
:1048F000CD2B0100C52B0100DD2B0100C52B0100D4
:10490000D3280100D52B0100CD2B0100CD2B0100B8
:10491000D52B0100D3280100C52B0100DD2B0100A0
:10492000C52B0100CD2B01004569013D456183E6A2
:104930004569013545617FE64569023D45617BE694
:1049400045690235456177E6057C05F00305002ED3
:10495000C4D045F00405C1E7067C06F00306002F2D
:104960003FF45BAF46F0040657E700BF00F5DD609B
:10497000FFF7E8B910B58C4686B0044604AB0CF5D9
:10498000DD6002AA6946FFF7DDF920469FED097B4D
:104990009DED002B9DED021B9DED040B22EE072BE0
:1049A00021EE071B20EE070B07F044FA204606B065
:1049B00010BD00BF399D52A246DF913F30B59DB07A
:1049C0000C46054610A88DED080BFFF7D3FF2146D6
:1049D0000AA8FEF77FFF04F522730DF1280CEE46BE
:1049E0000693BCE80F009DED080BAEE80F009CE8B5
:1049F000030004F5B4728EE80300284610A907F0FE
:104A00001DFB28461DB030BD00000000D1F8BC36AB
:104A100030B50C4605462DED028BB0EE408B9BB0B9
:104A2000002B63D01A7E012A40F2988072B65A6930
:104A300062B604F5D46307EE902A93ED006BB8EEEE
:104A4000E77B94F8A93687EE061B9FED7A7B002B57
:104A500040D121EE071BD4F89C36002B40D01A7EA3
:104A6000012A46D972B65A6962B604F5D06307EED8
:104A7000902A93ED006BB8EEE77B94F8893687EEC9
:104A8000062B9FED6C7B73BB22EE072B0EA89FEDD0
:104A90006B0B07F0CFF9214608A8FEF71BFF04F5C2
:104AA00022730DF1200CEE460693B0EE480BBCE8E5
:104AB0000F00AEE80F009CE8030004F5B4728EE826
:104AC000030028460EA907F0B9FA28461BB0BDEC32
:104AD000028B30BDD4F89C3621EE471B002BBED193
:104AE0009FED562BD2E722EE472BCFE79FED531BCE
:104AF000B1E772B61A6811685A6810689A6811406E
:104B0000DA68104268D01A7C02F0030200297BD1D7
:104B100042F008029108013A19740D2AA3D801A1A4
:104B200051F822F09D2E0100952E0100B12E0100BA
:104B3000952E0100032D0100B92E01009D2E0100CC
:104B40009D2E0100B92E0100032D0100952E0100BC
:104B5000B12E0100952E01009D2E010072B61A683B
:104B600011685A6810689A681140DA6810422BD0B0
:104B70001A7C02F00302002949D142F00802910890
:104B8000013A19740D2A3FF652AF01A151F822F0F3
:104B90008D2E0100852E0100C92E0100852E0100F9
:104BA000CB2C0100C12E01008D2E01008D2E0100A5
:104BB000C12E0100CB2C0100852E0100C92E010061
:104BC000852E01008D2E01001A7C02F003020029BF
:104BD000D5D042F00402D2E71A7C02F00302002989
:104BE00098D042F0040295E75A69013A5A611FE7EA
:104BF0005A6901325A611BE75A69013A5A6133E72F
:104C00005A6901325A612FE742F0040280E742F00C
:104C10000402B2E75A6902325A6125E75A69023A38
:104C20005A6121E75A69023A5A6101E75A69023228
:104C30005A61FDE6399D52A246DF913F0000000017
:104C40000000000030B59DB00C46054601F5DD6161
:104C500010A88DED080BFFF795F821460AA8FEF77E
:104C600039FE04F522730DF1280CEE460693BCE8DC
:104C70000F009DED080BAEE80F009CE8030004F563
:104C8000B4728EE80300284610A907F0D7F9284629
:104C90001DB030BD30B59BB00C4605460EA8FFF7E1
:104CA00069FE214608A8FEF721FE04F522730DF1E6
:104CB000200CEE460693BCE80F00AEE80F009CE81F
:104CC000030004F5B4728EE8030028460EA907F02D
:104CD0001DF928461BB030BD0000000091F87C365D
:104CE00030B505469BB0002B57D0D1F8BC360C46EA
:104CF000002B60D01A7E012A63D972B65A6962B657
:104D000007EE902A04F5D46394F8A926B8EEE77B61
:104D100093ED006B87EE061B9FED787B002A41D157
:104D200021EE071BD4F89C36002B41D01A7E012AB5
:104D30005AD972B65A6962B604F5D06307EE902A62
:104D400093ED006BB8EEE77B94F8893687EE062B7F
:104D50009FED6A7B93BB22EE072B0EA89FED690B9C
:104D600007F068F8214608A8FEF7C0FD04F5227395
:104D70000DF1200CEE460693BCE80F00AEE80F00E4
:104D80009CE8030004F5B4728EE8030028460EA9DF
:104D900007F0BCF828461BB030BDFFF77BFF284664
:104DA0001BB030BDD4F89C3621EE471B002BBDD183
:104DB0009FED542BD1E79FED531BB3E722EE472B1A
:104DC000CBE772B619689A68096811405A6810688A
:104DD000DA68104246D01A7C02F0030209B142F0B0
:104DE000040242F0080243E072B61A6811685A6879
:104DF00010689A681140DA68104208D01A7C02F0F4
:104E0000030209B142F0040242F0080205E01A7CF4
:104E100002F0030209B142F004029108013A197448
:104E20000D2A87D801A151F822F000BF713101008D
:104E3000693101009131010069310100D12F010078
:104E400089310100713101007131010089310100A6
:104E5000D12F010069310100913101006931010058
:104E6000713101001A7C02F0030209B142F0040220
:104E70009108013A19740D2A3FF640AF01A151F88B
:104E800022F000BF61310100593101008131010080
:104E900059310100992F0100793101006131010080
:104EA0006131010079310100992F01005931010070
:104EB0008131010059310100613101005A69013A23
:104EC0005A611CE75A6901325A6118E75A69013A76
:104ED0005A6130E75A6901325A612CE75A69023A3D
:104EE0005A610CE75A6902325A6108E75A69023A74
:104EF0005A6120E75A6902325A611CE7399D52A271
:104F000046DF913F00000000000000002DE9F04F57
:104F100085B00E4619789446039300F5DD6B109B1F
:104F200000F594799DF84450044600935846019545
:104F3000009D9DF848A00292DDE90E7896ED000BE9
:104F40009CED001B43463A462970FEF7A7FE5346E8
:104F5000D8F800204846396800F06CFE20B9019D61
:104F600015B1617D022902D005B0BDE8F08F039B29
:104F700058463A461B78012B029B18BF012193ED3E
:104F8000001B009B96ED000B19704346FEF786FE52
:104F90005346D8F800204846396805B0BDE8F04FC0
:104FA00000F048BE30B590F8F83583B0CDE9002167
:104FB000E3B1044602F0B4FB78BB94F899358BB9A1
:104FC00094F8C93559B26BB92378012B23D894F8DA
:104FD000F854AB1F012B16D965B10A35EDB228463E
:104FE00003B030BD0725284603B030BD0B25284649
:104FF00003B030BD20466A4601A9E570FFF738F9D5
:10500000284603B030BD204602F0ACFB94F8F854BB
:10501000002DE2D1EEE70425E5E72046052502F064
:10502000ADFBE0E782B030B52DED028B9BB00446BE
:10503000002520A9099508468DF81F509FED377B64
:105040009FED388B81E80C008DED0A7B8DED0C7B9C
:1050500006F0DAFED4ED4A7A20EE080BB8EEE77BD4
:105060009FED326B37EE467BB4EEC07BF1EE10FA6B
:1050700049DCD4ED4B7AB8EEE77B37EE067BB4EE35
:10508000C07BF1EE10FA34D404F5227304F5D87223
:1050900020A90EA806F0F6FD0EA806F0F9FF20EEF6
:1050A000080B0EA88DED0A0B06F0EEFF20EE080BA4
:1050B00001220DF11F0309A9204602932EABCDE971
:1050C000032508AACDE900210CAA0AA98DED0C0B35
:1050D000FFF71CFF0346E8B12046DDE90812FFF7A1
:1050E00061FFA0B994F8403533B9022384F8403504
:1050F00002E0082084F840551BB0BDEC028BBDE8EF
:10510000304002B07047012084F84055F4E784F83D
:105110004055F1E7062084F84035EDE70000000037
:1051200000000000F8C1631ADCA54C402D431CEBC5
:10513000E2361A3F82B0F0B5A5B0044610AE2AA9F7
:105140009DF8D87016AD304681E80C0021468DEDF3
:105150000E0BFEF7BFFB12AB0FCB9DED0E0B8DE8D8
:105160000F002AA9284696E80C0006F017FB0DF15F
:10517000600E0C97EC46BEE80F00ACE80F00BEE8EE
:105180000F00ACE80F009EE80F008CE80F002046EF
:1051900095E80C00FFF746FF38B9012384F8403545
:1051A00025B0BDE8F04002B07047002384F84035D8
:1051B00025B0BDE8F04002B0704700BF2DE9F043D4
:1051C00000F5947793B00023044605AA04A9384655
:1051D00004F5DD688DF80F3000F076FD0DF10F025B
:1051E0000CAB4046CDE90032DDE904120AABFEF714
:1051F00025FD204602F0A6FA012807AB40460CBF69
:105200004FF002094FF0010906AA49469DED0C1B1B
:105210009DED0A0BFEF742FD01233846DDE906123B
:1052200000F008FD18B9062013B0BDE8F083384639
:1052300010AA0EA9069E079D00F046FD04F5D8634E
:10524000B6EE001B9FED816B93ED005B04F5DA6316
:1052500086EE053B93ED005B0E9B86EE054BF61A42
:10526000109B002EA5EB0305B8BF7642002D06EE7D
:10527000906AB8BF6D42B8EEE65B9FED767BB0EE0C
:10528000472BB4EE473BF1EE10FA48BFB0EE473B78
:10529000B4EE474B07EE905AB8EEE76BF1EE10FA1A
:1052A00085EE037B48BFB0EE424B86EE045BB4EE66
:1052B000C57BF1EE10FA37FE057BB4EEC17BF1EE53
:1052C00010FA2FD49FED656BB4EEC67BF1EE10FAA9
:1052D00040F39E8094F80A359FED627B43BB09AD95
:1052E0009DED0A0B9DED0C1B8DED0E0B8DED101B36
:1052F0002B46404608AA4946FEF7D0FC0123384613
:10530000DDE9081200F096FC00288CD00123384615
:10531000DDE9081200F0CAFB002853D1112013B0B8
:10532000BDE8F08394F80A359FED507B002BD6D072
:105330009FED506BDDE90A2327EE067BCDE90E23B6
:10534000DDE90C23CDE9102372B604F5F86313ED03
:10535000026B04F5046393ED005B27EE066B04F526
:10536000F46327EE057BB8FE466B93ED005B04F516
:105370000363B8FE477B13ED024B62B6BDEEC77BFD
:105380000022BDEEC66B10AB8DF8242009ADB8EE3F
:10539000C77B0093B8EEC66B0EAB4046019537EE67
:1053A000047B36EE056BFDEEC77B17EE902AFDEE13
:1053B000C67B17EE901AFEF741FC9DED0E0B9DED9E
:1053C000101B95E70123099A3846089900F006FB5F
:1053D000A8B1204602F0B6F9484517D094F8F83441
:1053E000063B012B0DD92046DDE90612FFF7DAFD59
:1053F00000287FF419AF032384F8403514E7102008
:1054000012E70021204602F0ADF9ECE703200BE79C
:105410009FED1A6B94F80A3527EE067B002B3FF4BC
:105420005EAF9FED146B9DED0A0B9DED0C1B27EEFF
:10543000067B8DED0E0B8DED101BB5EE407BF1EE76
:1054400010FA81D109AD53E7AFF3008000000000EE
:1054500080842E4195D626E80B2E113E00000000D8
:1054600000C08240000000000080864033333333A8
:105470003333E33F0000000000005940333333333F
:105480003333F33F08B50BF053FFBDE808400BF092
:105490004FBF00BFB7EE007B0022C0F8A81080F815
:1054A000502080F8802080ED127B80ED1E7B7047BD
:1054B0000278012AD3B206D00078A0F10200B0FA37
:1054C00080F0400970471846704700BF38B5D0F8E3
:1054D000A830044693F8F824002A5ED1826E12BBED
:1054E000A26B002A00F0A08094F85120022A00F05C
:1054F0008A8094F85120FE2A00F085800022644BB7
:105500000021C4E91223A16394F88130022B2DD02D
:1055100094F88130FE2B29D000225D4B0021C4E994
:105520001E23A16638BD94F85120022A03D094F8B6
:105530005120FE2AE2D1A26B002A64D172B694F8FF
:105540005130022B02D1012384F8513094F85130AC
:10555000FE2B02D1FF2384F8513000224C4BC4E9CA
:10556000122362B694F88130022BD1D1A36EB3BB63
:1055700072B694F88130022B02D1012384F8813075
:1055800094F88130FE2B02D1FF2384F88130002271
:105590003F4BC4E91E2362B638BD00238363836694
:1055A00072B690F85130022B02D1012380F85130AD
:1055B00094F85130FE2B02D1FF2384F8513094F837
:1055C0008130022B02D1012384F8813094F881309C
:1055D000FE2B02D1FF2384F8813062B638BDD4F8A7
:1055E000A83093F8803803F0FF05002B41D10BF071
:1055F000D3FDD4E91A23C11A914245D9A5660BF00F
:10560000CBFDE06638BD93F8F83703F0FF05A3BB88
:105610000BF0C2FDD4E90E23C11A914231D9A56322
:105620000BF0BAFDE0636FE772B694F85130022BCD
:1056300002D1012384F8513094F85130FE2B02D16D
:10564000FF2384F8513094F88130022B02D10123DA
:1056500084F8813094F88130FE2B02D1FF2384F846
:10566000813000220A4BC4E91223C4E91E2362B62A
:10567000B4E70BF091FDE06638BD0BF08DFDE06303
:1056800042E713441D1ACAE713441D1AB6E700BFC8
:105690000000F03FD0F8A83093F8F824002A51D148
:1056A00090F85120022A0CD090F85120FE2A08D000
:1056B00090F88130022B25D090F88130FE2B21D03C
:1056C000704793F8F837002BF2D172B690ED166B55
:1056D00090F851305BB2002B05DC90F851301A067F
:1056E00055D49FED2C6BD0F8A83003F5F46393EDFF
:1056F000007B37EE067B83ED007B62B690F881304D
:10570000022BD9D1D0F8A83093F88038002BD7D10C
:1057100072B690ED226B90F881305BB2002B05DC05
:1057200090F881301B062FD49FED1A6BD0F8A8306B
:1057300003F5036313ED027B37EE067B03ED027B7B
:1057400062B6704700238363836672B690F8513067
:10575000022B02D1012380F8513090F85130FE2BFA
:1057600002D1FF2380F8513090F88130022B02D112
:10577000012380F8813090F88130FE2BE0D1FF23A7
:1057800080F8813062B67047B1EE466BCEE7B1EE7D
:10579000466BA8E7000000000000000090F85130C0
:1057A000022B2CD090F85130FE2B28D090F881306D
:1057B000022B04D090F88130FE2B00D07047D0F837
:1057C000A83093F88038002BF8D172B690ED226B98
:1057D00090F881305BB2002B05DC90F881301B061D
:1057E00030D49FED1A6BD0F8A83003F5036313EDA6
:1057F000027B37EE067B03ED027B62B67047D0F882
:10580000A83093F8F837002BD0D172B690ED166B14
:1058100090F851305BB2002B05DC90F851301A063D
:105820000DD49FED0A6BD0F8A83003F5F46393ED27
:10583000007B37EE067B83ED007B62B6B6E7B1EE08
:10584000466BF0E7B1EE466BCDE700BF000000000D
:1058500000000000D0F8A83093F8F824002A51D1B5
:1058600090F85120022A0CD090F85120FE2A08D03E
:1058700090F88130022B25D090F88130FE2B21D07A
:10588000704793F8F837002BF2D172B690ED166B93
:1058900090F851305BB2002B05DC90F851301A06BD
:1058A00055D49FED2C6BD0F8A83003F5F46393ED3D
:1058B000007B37EE067B83ED007B62B690F881308B
:1058C000022BD9D1D0F8A83093F88038002BD7D14B
:1058D00072B690ED226B90F881305BB2002B05DC44
:1058E00090F881301B062FD49FED1A6BD0F8A830AA
:1058F00003F5036313ED027B37EE067B03ED027BBA
:1059000062B6704700238363836672B690F85130A5
:10591000022B02D1012380F8513090F85130FE2B38
:1059200002D1FF2380F8513090F88130022B02D150
:10593000012380F8813090F88130FE2BE0D1FF23E5
:1059400080F8813062B67047B1EE466BCEE7B1EEBB
:10595000466BA8E700000000000000000278CAB112
:1059600010B472B6144A116862B65469A1420ED0DE
:1059700090F800C05161BCF1010F0CD00278022AEE
:105980000DD00278032A0ED00378042B0FD05DF8D7
:10599000044B704770475DF8044BFFF797BD5DF807
:1059A000044BFFF777BE5DF8044BFFF7F7BE5DF8D9
:1059B000044BFFF74FBF00BF5852002008B50BF053
:1059C000B7FCBDE808400BF0B3BC00BFC161704735
:1059D00080687047C06870470000000010B52DED6A
:1059E000028B82B090ED048B019111461BB19FEDAB
:1059F0002D7B38EE078BC46904F5DD60FEF706F9F0
:105A0000012829D0022822D1B1EE084B04F5DD622D
:105A1000B2EE0E5B04F5DE6392ED006A38EE448B65
:105A2000DDED017AB8EEC66BB8EEE77B25EE485B9C
:105A300093ED024BA5EE046BB4EEC67BF1EE10FACB
:105A4000CCBF0120002002B0BDEC028B10BD0020B5
:105A500002B0BDEC028B10BDB1EE086B04F5DD6247
:105A6000B2EE0E3BDDED017A04F5DE6392ED007AD5
:105A700038EE466BB8EEE75BB8EEC77B26EE036BFD
:105A800093ED024BA6EE047BB4EEC75BF1EE10FA89
:105A90004CBF0120002002B0BDEC028B10BD00BF46
:105AA000AFF30080555555555555B53FF0B5C7690D
:105AB00083B01D460446019107F5DD601146164688
:105AC000FEF7A4F895BB94ED037A94ED026AB8EE64
:105AD000C77BB8EEC66B012854D0022823D1B2EEA2
:105AE0000E5B07F5DE629FED4F4B87EE046B26EEF3
:105AF000056BD7F8E836D7F81C17DDED017A0B44B3
:105B0000B8EEE75B07EE103A92ED024BB8EEC77BBA
:105B1000A4EE067BB4EEC75BF1EE10FA4CBF012099
:105B2000002003B0F0BD002003B0F0BDE368A2691F
:105B30000533B32A07EE903AA36803F10503B8EEE4
:105B4000E77B06EE903AB8EEE66BC4DC01283DD068
:105B50000228E8D102F15A0307F5DE6206EE906AE8
:105B600005EE103AB8EEE66BB8EEC55B92ED164B5B
:105B700025EE045BB4EEC56BF1EE10FA47DD9FED48
:105B80002B6BB6E79FED274BB2EE0E5B07F5DE629F
:105B900086EE047B27EE056BD7F8E836D7F81C179E
:105BA000DDED017A5B1AB8EEE75B07EE103A92ED95
:105BB000024BB8EEC77BA4EE467BB4EEC75BF1EEBA
:105BC00010FACCBF0120002003B0F0BDC2F15A038F
:105BD00007EE906A07F5DE6207EE103AB8EEE75B73
:105BE00092ED164BB8EEC77B27EE047BB4EEC75B95
:105BF000F1EE10FA02D59FED0D6BCDE79FED094B4D
:105C0000B2EE0E5B86EE047B27EE056BC4E79FEDDC
:105C1000054BB2EE0E5B87EE046B26EE056B68E774
:105C2000AFF300800000000000004E4000000000C4
:105C3000008056402DE9F04104460E4617461D46A9
:105C4000C06993B9D0F820378B4202DD0020BDE84F
:105C5000F081D0F824378B42F8DBD0F870379342CC
:105C6000F4DCD0F874379342F0DB01F07FFD38B9F3
:105C7000E3699A7D012A06D05B7D022B00D185B1B4
:105C80000120BDE8F081002DFAD12B463A4631467D
:105C90002046FFF7A3FE0028D8D0E3695B7D022BE6
:105CA000EED13A46314620460023BDE8F041FFF7E9
:105CB000FDBE00BF0023FFF7BDBF00BFC06900F5F8
:105CC000DD60FDF7A3BF00BFC06900F5DD60FDF733
:105CD000ABBF00BF2DE9F0410446C06900F6980053
:105CE000FEF73CFAE369064603F69800FEF73EFA33
:105CF000E3690546D3F8247703F69800D3F8202704
:105D00009742D4BF00270127FEF738FA8046E069A2
:105D100000F69800FEF73AFAE169D1F87427D1F855
:105D200070379A42D4BF002707F001073E40354044
:105D300018EA050F02D008B1BDE8F08101F698001D
:105D4000BDE8F041FEF74CB8C06900F69800FEF7D8
:105D500047B800BFC06900F69800FEF72FB900BF32
:105D6000C06900F69800FEF7F9B900BFC06900F6F7
:105D70009800FEF7FBB900BFC06900F69800FEF777
:105D8000FDB900BFC06900F69800FEF7FFB900BF7B
:105D900008B50BF0CDFABDE808400BF0C9BA00BF5A
:105DA000F8B504460D46067890F8F8742DED028B90
:105DB000B0EE408B01F0B4FC94F8483533B194F860
:105DC0004835042B02D0BDEC028BF8BD3E4380F079
:105DD000010000F0010018BF00200028F3D0B5EE4C
:105DE000C08B6B7E5BB2F1EE10FACCBF01220022B9
:105DF000002B37DC6B7E1B0695ED027B3CD46B7E63
:105E000082425BB207D033B1B0EE006BB4EEC67B1A
:105E1000F1EE10FA38DCB0EEC86BB4EE476BF1EE81
:105E200010FA0CD085ED026B72B6AB6A95ED026B81
:105E300093ED007B27EE067B85ED087B62B6B5EE21
:105E4000C08B04230122F1EE10FA2A7684F848353B
:105E5000CCBF0223FE23BDEC028B6B760023E370E4
:105E60002B60F8BD95ED027BB5EEC07BF1EE10FA2C
:105E7000ACBF01200020C2E7B5EEC07BF1EE10FA06
:105E800094BF01200020BAE794F8F835002B9AD08F
:105E90006B7E022B02D06B7EFE2B94D16B7E022B8D
:105EA00001D101236B766B7EFE2B8CD1FF236B76A9
:105EB00089E700BF032B2DE9F04104461E460D463D
:105EC000174690F8008003D090F8F834002B3AD1B0
:105ED000204601F025FC94F8483580F00100B8F127
:105EE000000F14BF002000F0010033BB48B395ED54
:105EF000027BB5EE407BF1EE10FA02D16B7E002BF7
:105F000051D16A7E6B7EB7EBD21F5BB200D023BB50
:105F1000022E55D0032E3CD094F87815002220464E
:105F200001F092FE84F84865002F39D0FE236B768D
:105F30000023E3702B60BDE8F08194F848359E4261
:105F4000D4D0BDE8F08101F0EBFB94F84835002B8C
:105F5000F7D094F84835BDE8F081B0EE006BB4EEB0
:105F6000C67BF1EE10FAD3DD94F8F835002BE8D0BB
:105F70006B7E022B02D06B7EFE2BE2D16B7E022B5E
:105F800001D101236B766B7EFE2BDAD1FF236B767A
:105F9000D7E7204601F0F2FE84F84865002FC5D10E
:105FA00002236B76C4E772B66B7E022B01D101230C
:105FB0006B766B7EFE2B01D1FF236B7662B6C0E75A
:105FC000204601F0D7FEADE7134690F8F82522B140
:105FD0000A4600F5B061FFF76DBF704790F8F835DD
:105FE000014683B1B5EE400BF1EE10FA03D000F597
:105FF000B061FFF7D5BE90F89935022B04D090F828
:106000009935FE2B00D0704791F89935022B02D1BB
:10601000012381F8993591F89935FE2BF3D1FF23AF
:1060200081F89935704700BF90F8F8353BB190F88A
:106030009935022B04D090F89935FE2B00D070478B
:1060400090F89935022B02D1012380F8993590F808
:106050009935FE2BF3D1FF2380F89935704700BFA7
:10606000134690F8F82522B10A4600F5B661FFF70D
:1060700021BF704790F8F835014683B1B5EE400B6B
:10608000F1EE10FA03D000F5B661FFF789BE90F883
:10609000C935022B04D090F8C935FE2B00D07047CB
:1060A00091F8C935022B02D1012381F8C93591F845
:1060B000C935FE2BF3D1FF2381F8C935704700BFE6
:1060C00090F8F8353BB190F8C935022B04D090F820
:1060D000C935FE2B00D0704790F8C935022B02D18C
:1060E000012380F8C93590F8C935FE2BF3D1FF2381
:1060F00080F8C935704700BF08B50BF019F9BDE845
:1061000008400BF015B900BF00000000012290F913
:10611000283610B502755A1E0446D2B2032A20D87A
:106120005248023BD4F8181650F82220914228BF5A
:106130001146022B00F28E80DFE803F07462020049
:1061400007EE901AD4F83806B8EEE77B9FED455B72
:1061500087EE056BBCEEC66B16EE103A99B208F0EE
:106160007DF894F968365A1ED2B2032A00D910BDC0
:106170003E48023BD4F8581650F82220914228BFDE
:106180001146022B60D8DFE803F01502280007EE65
:10619000901AD4F87406B8EEE77B9FED325BBDE849
:1061A000104087EE056BBCEEC66B16EE103A99B246
:1061B00007F08ABF07EE901AD4F87006B8EEE77BB6
:1061C0009FED285BBDE8104087EE056BBCEEC66B0B
:1061D00016EE103A99B208F0D9B807EE901AD4F832
:1061E0007806B8EEE77B9FED1F5BBDE8104087EEB9
:1061F000056BBCEEC66B16EE103A99B208F02EB8DD
:1062000007EE901AD4F83406B8EEE77B9FED155BE5
:1062100087EE056BBCEEC66B16EE103A99B207F02E
:1062200053FF9EE707EE901AD4F83006B8EEE77BEE
:106230009FED0C5B87EE056BBCEEC66B16EE103A5D
:1062400099B208F0A3F88CE7D4F86C06BDE81040CA
:1062500007F0C0B8D4F82C0607F0BCF881E700BFFF
:10626000AFF30080CD3B7F669EA0F63F581D002017
:1062700000000000037C2DE9F04F04462DED048B57
:1062800089B0ABB1BA4B82684FF47A701B68E16891
:1062900000FB02F294F840555B1A9A4203D20023A5
:1062A000237484F8403509B0BDEC048BBDE8F08F51
:1062B00000F5DD652846FDF701FCD4F8AC37002B6E
:1062C00000F04982002BB8BF5B420293D4F8343807
:1062D000002B00F03E82002BB8BF5B4204F5F26950
:1062E00004F5016A0127A34EDFF88C820393F8E0DE
:1062F000002BB8BF5B420493D4F83038002B00F079
:10630000FF80002BB8BF5B422046059301F02EFAB8
:10631000002847D172B6D4F82038069362B6069B9F
:10632000D6F800B05B453BD0069B2046019301F0B8
:1063300009FAA0F10200019B98ED027BB0FA80F00F
:10634000B5EEC07B4009F1EE10FAACBF012200228D
:10635000904200F0E6809B4540F3E68072B604F57B
:106360009E63D4ED4A6AB7EE005BB8EEE66B93ED40
:10637000007B04F5EA6337EE467B13ED026B27EEF4
:10638000067BB4EEC57BF1EE10FAC0F2DC81FDEEC7
:10639000C77B17EE903A059A9A4200DD059362B6E4
:1063A000069B336094F83035002B00F0E78072B61E
:1063B00099ED047BD4F89827FDEEC77B17EE903A51
:1063C0009B1AC4F8A83762B699ED126B99ED184B79
:1063D00099ED007BD4F8A82784EE065B002AB8BFAD
:1063E000524237EE076B25EE055B85EE067BFDEE30
:1063F000C77B17EE903A9A4211DDD4F8A827002AFD
:10640000B8BF5B4272B6D4F898271A4407EE902AB8
:10641000B8EEE77B89ED047BC4F8A83762B694F840
:106420009935022B01D184F8997594F89935FE2B92
:1064300002D1FF2384F8993572B69AED067BD4F821
:106440002028FDEEC77B17EE903A9B1AC4F830382F
:1064500062B69AED146B9AED1A4B9AED027BD4F862
:10646000302884EE065B002AB8BF524237EE076B35
:1064700025EE055B85EE067BFDEEC77B17EE903AB9
:106480009A4211DDD4F83028002AB8BF5B4272B6B8
:10649000D4F820281A4407EE902AB8EEE77B8AED5C
:1064A000067BC4F8303862B694F8C935022B01D1A6
:1064B00084F8C97594F8C935FE2B02D1FF2384F8FE
:1064C000C9352378012B1DD023793BB10323637495
:1064D00094F8093584F80A3500232371002384F8E1
:1064E00030352846FDF7CEFAD4F8A837002B7FF4D4
:1064F000FFAE01230493D4F83038002B7FF401AFB2
:10650000012301E794F809350A2084F80A350023AD
:10651000237003236374FAF7F3F921780BF038F84A
:10652000DCE79B457FF71AAF72B604F59E63D4EDA6
:106530004A6AB7EE005BB8EEE66B93ED007B04F5BC
:10654000E06337EE467B13ED026B27EE067BB4EE7D
:10655000C57BF1EE10FAC0F2F880FDEEC77B17EEB6
:10656000903A049A9A427FF71AAF049317E700BF54
:106570000C5A0020F454002070490020029A049B19
:106580009A4280F2FE80029B0793D4F8A837002B32
:1065900002DA079B5B42079372B604F5D86394F85E
:1065A0000A5504F5DA66EDB293ED009B079B002BCC
:1065B00016ED028BC0F211819DED070AB8EEC00BFB
:1065C00099ED007B30EE000B20EE070BB5EE400B93
:1065D000F1EE10FA00F16D81B1EEC07B99ED0C6B1C
:1065E00099ED185B26EE076B86EE057B1DB199EDE4
:1065F000146B37EE067BB0EEC76B9FEDB45BB4EE69
:10660000C56BF1EE10FA07D5079B002BB8BF5B42B4
:10661000B3F57A7F00F30381B5EE407BF1EE10FA1B
:1066200040F0B18089ED128B62B6039A059B9A42C5
:1066300080F28D80039B0793D4F83038002B02DA68
:10664000079B5B42079372B604F5DC6394F80A5526
:1066500013ED028B079BEDB2002B96ED009BC0F271
:10666000A6809DED070AB8EEC00B9AED027B30EED6
:10667000000B20EE070BB5EE400BF1EE10FA00F127
:106680001D81B1EEC07B9AED0E6B9AED1A5B26EE82
:10669000076B86EE057B1DB19AED166B37EE067B18
:1066A000B0EEC76B9FED895BB4EEC56BF1EE10FAEF
:1066B00007D5079B002BB8BF5B42B3F57A7F00F389
:1066C000A280B5EE407BF1EE10FA46D18AED148B34
:1066D00062B62378012B03D02279002A00F0AB8028
:1066E000D4F8A827002A7FF4DEADD4F83028002A99
:1066F0007FF4D9AD2279002A40F0C980012B00F047
:10670000CA80E3781BB92378022B7FF4CCAD04F563
:10671000A06393ED000B03F009FA72B6D9E90C23DC
:10672000C9E91223DAE90E23CAE9142362B6237DEC
:10673000002B7FF4B8AD204609B0BDEC048BBDE85A
:10674000F04FFFF7E3BC012325E6012309E7059B92
:1067500071E70123C2E50123B7E59AED0E5B85EEF3
:10676000067BB4EEC78BF1EE10FA37FE087BB4EE71
:10677000C79BF1EE10FA88BFB0EE497B8AED147B1F
:10678000A6E7049B00E799ED0C5B85EE067BB4EE73
:10679000C78BF1EE10FA37FE087BB4EEC79BF1EE23
:1067A00010FA88BFB0EE497B89ED127B3CE7079B6E
:1067B0005B4200EE103AB8EEC00B9AED027B30EE71
:1067C000000B20EE070BB5EE400BF1EE10FA66D48D
:1067D000B1EEC07BB1EE477B55E7079B5B4200EE15
:1067E000103AB8EEC00B99ED007B30EE000B20EEB6
:1067F000070BB5EE400BF1EE10FA55D4B1EEC07BAD
:10680000B1EE477BEAE69AED0E6B079B86EE097BBD
:10681000002BD8BFB1EE477BB0EEC76B51E799EDC7
:106820000C6B079B86EE097B002BD8BFB1EE477B34
:10683000B0EEC76BF0E699ED0A7BD4F8A827B0EE6E
:10684000C77B002AB8BF5242FDEEC77B17EE903AD5
:10685000002B08BF01239A423FF725ADD4F830281A
:106860009AED0C7B002AB0EEC77BB8BF5242FDEE1A
:10687000C77B17EE903A002B08BF01239A423FF7DF
:1068800012AD144B01221B682274E3603FE72046DF
:10689000FDF708F835E72046FCF7E4FF31E70CF098
:1068A000C9FDB0EE407B95E70CF0C4FDB0EE407B37
:1068B000A6E70CF0BFFDB0EE407B8FE60CF0BAFD12
:1068C000B0EE407BDFE600BFAFF300807B14AE4745
:1068D000E17A843F0C5A002000000000037D03B1E0
:1068E000704790F9283601215A1ED2B2032A10B5FA
:1068F0000446017520D85148023BD4F8181650F8C8
:106900002220914228BF1146022B00F28E80DFE840
:1069100003F07462020007EE901AD4F83806B8EE5D
:10692000E77B9FED445B87EE056BBCEEC66B16EE16
:10693000103A99B207F092FC94F96836D4F85816D8
:106940005A1ED2B2032A00D910BD3C48023B50F86F
:106950002220914228BF1146022B60D8DFE803F0C5
:106960001502280007EE901AD4F87406B8EEE77BFB
:106970009FED305BBDE8104087EE056BBCEEC66B4B
:1069800016EE103A99B207F09FBB07EE901AD4F8B2
:106990007006B8EEE77B9FED275BBDE8104087EE01
:1069A000056BBCEEC66B16EE103A99B207F0EEBC62
:1069B00007EE901AD4F87806B8EEE77B9FED1D5BE2
:1069C000BDE8104087EE056BBCEEC66B16EE103AC4
:1069D00099B207F043BC07EE901AD4F83406B8EE2B
:1069E000E77B9FED145B87EE056BBCEEC66B16EE86
:1069F000103A99B207F068FB9EE707EE901AD4F8B8
:106A00003006B8EEE77B9FED0B5B87EE056BBCEEC7
:106A1000C66B16EE103A99B207F0B8FC8CE7D4F8C2
:106A20006C06BDE8104006F0D5BCD4F82C0606F084
:106A3000D1FC81E7CD3B7F669EA0F63F581D00202C
:106A400000000000037D03B9704790F9283600214B
:106A50005A1ED2B2032A10B50446017520D85148F7
:106A6000023BD4F8101650F82220914228BF11465C
:106A7000022B00F28E80DFE803F07462020007EE62
:106A8000901AD4F83806B8EEE77B9FED445B87EEAA
:106A9000056BBCEEC66B16EE103A99B207F0DEFB42
:106AA00094F96836D4F850165A1ED2B2032A00D987
:106AB00010BD3C48023B50F82220914228BF1146AD
:106AC000022B60D8DFE803F01502280007EE901AC9
:106AD000D4F87406B8EEE77B9FED305BBDE810405C
:106AE00087EE056BBCEEC66B16EE103A99B207F056
:106AF000EBBA07EE901AD4F87006B8EEE77B9FED7C
:106B0000275BBDE8104087EE056BBCEEC66B16EE4A
:106B1000103A99B207F03ABC07EE901AD4F878060A
:106B2000B8EEE77B9FED1D5BBDE8104087EE056B7F
:106B3000BCEEC66B16EE103A99B207F08FBB07EEAB
:106B4000901AD4F83406B8EEE77B9FED145B87EE1D
:106B5000056BBCEEC66B16EE103A99B207F0B4FAAC
:106B60009EE707EE901AD4F83006B8EEE77B9FED6B
:106B70000B5B87EE056BBCEEC66B16EE103A99B256
:106B800007F004FC8CE7D4F86C06BDE8104006F072
:106B900021BCD4F82C0606F01DFC81E7CD3B7F66B6
:106BA0009EA0F63F581D002008B50AF0C1FBBDE8C5
:106BB00008400AF0BDBB00BF016070472DE9F843F3
:106BC0000446006803782DED088B23B10020BDEC4E
:106BD000088BBDE8F88300F0A9FD0028F6D12368F2
:106BE000B0EE000B93F80A1503F5F46283F80A057A
:106BF00093F8090692ED009B01EE100A03F503627B
:106C000083F80915B8EE411B9FED58BB12ED028BBE
:106C10000CF0ECFFB0EE406B29EE0B9B236893F871
:106C20004936B0EE000B01EE103A9FED52ABB8EED4
:106C3000411B29EE0A9BBDEEC99BB8EEC99B89EEAC
:106C4000067BFDEEC77B17EE906A0CF0CFFF28EEB7
:106C50000B7B01205FFA86F827EE0A7BBDEEC77B2F
:106C6000B8EEC77B87EE006BFDEEC67B17EE905A41
:106C7000F9F746FE07460AF07FFB80456ED107F123
:106C80000108C6F3072940460AF076FB814560D12A
:106C900007F10208C6F3074940460AF06DFB81453B
:106CA00052D10337360E38460AF066FB864246D18B
:106CB0000520EFB2F9F724FE06460AF05DFB874295
:106CC00038D1771CC5F3072838460AF055FB8045B4
:106CD0002BD1B71CC5F3074838460AF04DFB804559
:106CE0001ED103362D0E30460AF046FB854212D1E6
:106CF000FAF732FC012523680B205D70F9F700FEDE
:106D0000236859780AF044FC2368284693F809253B
:106D100083F80A255BE7294630460AF039FCE7E7A5
:106D2000414638460AF034FCDBE7414638460AF073
:106D30002FFCCEE7394630460AF02AFCC1E731463F
:106D400038460AF025FCB3E7494640460AF020FCE5
:106D5000A7E7494640460AF01BFC99E741463846FA
:106D60000AF016FC8BE700BFAFF3008000000000C4
:106D70000000503F000000000000904003685A7877
:106D800002B97047002210B504465A700B20F9F77B
:106D9000B7FD2368BDE8104059780AF0F9BB00BF81
:106DA00010B50446006882B0D0F8083823B9D0F88E
:106DB0009038002B00F0B880437C012B71D0022B5F
:106DC00041D00BB102B010BD72B62368584903F52B
:106DD000FC6003F50663574A10ED026B93ED007BF0
:106DE000BDEEC66BBDEEC77B81ED006A82ED007A19
:106DF00062B6206801AA694600F5F46393ED006B62
:106E000000F6080393ED007A00F50363B8EEC77B44
:106E100037EE067B13ED026BBDEEC77B00F5096311
:106E20008DED007A93ED007AB8EEC77B37EE067BE6
:106E3000BDEEC77B8DED017AFDF71AFA23680122BA
:106E40005A7402B010BD00F5DD60FCF71BFE23682C
:106E5000D3F8FC27002AB5D1D3F8A827002AB1D14E
:106E6000D3F88428002AADD1D3F83038002BA9D12B
:106E700072B62F492F4A91ED006A92ED007A23688D
:106E8000B8EEC66BB8EEC77B03F5FC6203F506638C
:106E900002ED026B83ED007B62B6032223685A7415
:106EA00090E700F5DD60FCF7EDFD2068D0F8FC27E9
:106EB000D0F808389A4285D1D0F8A837002B81D174
:106EC000D0F88428D0F890389A427FF47BAFD0F87D
:106ED0003038002B7FF476AF00F5F46100F50363E2
:106EE00001AA91ED006B00F6080191ED004A694698
:106EF00013ED027B00F50963B8EEC44B93ED005A25
:106F000036EE446BB8EEC55BBDEEC66B37EE457B27
:106F10008DED006ABDEEC77B8DED017AFDF7A8F916
:106F2000236802225A744DE70323437402B010BD54
:106F3000E0540020E454002003685A7C032A10B572
:106F4000044601D100225A742046FFF729FF236826
:106F50005A7C032A00D010BD0021022203F5DD6017
:106F600083F840151A70FCF7BDFD0A20F9F7C8FC3C
:106F70002368BDE8104019780AF00ABBF0B5044652
:106F8000006883B00378022B00F093804278002AD7
:106F900000F08B80002B40F0908000F0C7FB0028B1
:106FA00040F09180236893F8F854002D40F08D80D4
:106FB00093F8F835002B00F0848001200026F9F7C3
:106FC0009FFC07460AF0D8F960F30706781C0AF020
:106FD000D3F960F30F26B81C0AF0CEF90346F81C6B
:106FE00063F317460AF0C8F90346052063F31F66EA
:106FF00000960026F9F784FC07460AF0BDF960F315
:107000000706781C0AF0B8F960F30F26B81C0AF0DE
:10701000B3F90346F81C63F317460AF0ADF9236889
:10702000B0EE000B60F31F6693F8093601EE103ADC
:10703000B8EE411B0CF0DAFDDDED007AB0EE406BEE
:107040002368B8EEE77B93F84936B0EE000B27EEE5
:10705000067B01EE103AB8EE411BBDEEC77B8DED0D
:10706000007A0CF0C3FD07EE906A236801260A201F
:10707000B8EEE77B83F8095583F80A5527EE000B35
:10708000BDEEC00B8DED010A1E70F9F739FC2368C7
:1070900019780AF07DFA206801AA694680F84065EF
:1070A000FDF7E6F8284603B0F0BD0125284603B0F9
:1070B000F0BD0025284603B0F0BD0225284603B0E8
:1070C000F0BD0525F2E70325F0E70425EEE700BF54
:1070D0000368F0B55E7883B0002E7DD000220125D4
:1070E00004460A20DA7083F8885783F8105809F0AC
:1070F000FFFF28460025F9F703FC07460AF03CF994
:1071000060F30705781C0AF037F960F30F25B81C07
:107110000AF032F90346F81C63F317450AF02CF91C
:107120000346052063F31F6500950025F9F7E8FB8A
:1071300007460AF021F960F30705781C0AF01CF9EC
:1071400060F30F25B81C0AF017F90346F81C63F327
:1071500017450AF011F92368B0EE000B60F31F65C4
:1071600093F8093601EE103AB8EE411B0CF03EFDE3
:10717000DDED007AB0EE406B2368B8EEE77B93F864
:107180004936B0EE000B27EE067B01EE103AB8EE62
:10719000411BBDEEC77B8DED007A0CF027FD07EE9D
:1071A000905A01AA69462068B8EEE77B27EE000BEB
:1071B000BDEEC00B8DED010AFDF756F82068837D0A
:1071C000A3F10103B3FA83F35B095B004375FDF799
:1071D000F9F92068FFF782FB304603B0F0BD00BF2D
:1071E00070B504460B20F9F78BFB0AF0C5F8031EB7
:1071F000226814BF01210021517003D11E46137073
:10720000304670BD0A20F9F77BFB0AF0B5F8054659
:1072100090B1022814D12046FFF75AFF2368064692
:1072200010B11D70304670BD1E700A20F9F768FB62
:1072300031460AF0ADF9E3E7236806461D70F1E731
:10724000002523680A201D702E46F9F759FB2946B0
:107250000AF09EF9304670BD03681A7802B970478B
:10726000002210B504461A700A20F9F749FB23687A
:1072700019780AF08DF9206890F8F83503B910BD37
:10728000BDE8104001F0B6BA70B50446006890F849
:10729000F8552DB10378012B02D890F8F83413B1CA
:1072A0000025284670BD00F041FA0028F8D1236877
:1072B000012683F80A0503F23C7283F8090503F2FC
:1072C000EC61184683F84065FCF7D2FF23681E7115
:1072D000E7E700BF70B50446006800F027FA08B180
:1072E000002070BD0546012320680022294680F851
:1072F000383800F59C6C80F8B03700F59A660023AA
:10730000CCE900234CE9022346E90223C6E9002325
:1073100000F028FA23680A2003F5F26103F5016200
:1073200091ED0C7B81ED127B92ED0E7B82ED147B57
:107330001D70F9F7E5FA256806460AF01DF8297868
:10734000814203D030460AF023F92568002605F271
:107350003C7205F2EC61284685F8996585F89865D8
:10736000C5F88065C5F8846585F8C96585F8C86580
:10737000C5F8B065C5F8B4650125FCF775FF206850
:10738000FFF7ACFA206880F80A65C570FDF71AF9B6
:10739000284670BD38B5036804465A7C032A01D1DB
:1073A00000225A742046FFF7FBFC23685A7C032A0C
:1073B00000D038BD002520461D7183F84055FFF7E9
:1073C00089FF2068294600F5DD60BDE83840FCF7FC
:1073D00089BB00BF70B504463820F9F791FA09F06F
:1073E000CBFF0028236814BF012200229A700ED11F
:1073F000184600F0BBF92368002800F085800021C2
:10740000D3F8E826C3F83C17C3F8EC2670BD392042
:107410000025F9F775FA064609F0AEFF0346701C21
:1074200063F3070509F0A8FF60F30F25B01C09F00E
:10743000A3FF0346F01C63F3174509F09DFF236883
:10744000B0EE000B60F31F6593F8093601EE103AB9
:10745000B8EE411B0CF0CAFB07EE905A23683D20A2
:10746000B8EEE77B002527EE000BBDEEC00B10EE5B
:10747000102AC3F8EC26F9F743FA064609F07CFF18
:1074800060F30705701C09F077FF0346B01C63F337
:107490000F2509F071FF0346F01C63F3174509F04F
:1074A0006BFF2368B0EE000B60F31F6593F849365D
:1074B00001EE103AB8EE411B0CF098FB07EE905A23
:1074C0002068B8EEE77BD0F8EC1600F5947027EE54
:1074D000000BFDEEC07B17EE902AC0F81426FEF7D5
:1074E000E9FB23689A7800EA02059D70002D8DD192
:1074F0003820F9F705FA29460AF04AF823689A78FD
:10750000002A3FF475AF70BDD3F8E816D3F83827DA
:10751000C3F8EC16C3F83C2770BD00BF38B504466D
:107520003820F9F7EDF9054609F026FF18B10021DA
:1075300028460AF02DF82046BDE83840FFF74ABF3C
:10754000000000002DE9F8430446006803782DEDA3
:10755000088B23B10020BDEC088BBDE8F88300F058
:10756000DFF80028F6D12368B0EE000B93F80A1577
:1075700003F5F46283F80A0593F8090692ED009B7F
:1075800001EE100A03F5036283F80915B8EE411BFA
:107590009FED56BB12ED028B0CF028FBB0EE406B5A
:1075A00029EE0B9B236893F84936B0EE000B01EEF1
:1075B000103A9FED50ABB8EE411B29EE0A9BBDEE91
:1075C000C99BB8EEC99B89EE067BFDEEC77B17EE23
:1075D000906A0CF00BFB28EE0B7B39205FFA86F8E3
:1075E00027EE0A7BBDEEC77BB8EEC77B87EE006B4C
:1075F000FDEEC67B17EE905AF9F782F9074609F0BF
:10760000BBFE80456BD107F10108C6F30729404650
:1076100009F0B2FE81455DD107F10208C6F30749C2
:10762000404609F0A9FE81454FD10337360E384652
:1076300009F0A2FE864243D13D20EFB2F9F760F98E
:10764000064609F099FE874235D1771CC5F3072815
:10765000384609F091FE804528D1B71CC5F307488C
:10766000384609F089FE80451BD103362D0E304681
:1076700009F082FE85420FD13820F9F741F9012146
:1076800009F086FF2046FFF7A5FE2368012093F846
:10769000092583F80A255EE72946304609F078FF78
:1076A000EAE74146384609F073FFDEE741463846CF
:1076B00009F06EFFD1E73946304609F069FFC4E7AB
:1076C0003146384609F064FFB6E74946404609F0BE
:1076D0005FFFAAE74946404609F05AFF9CE741464A
:1076E000384609F055FF8EE7AFF300800000000038
:1076F0000000503F000000000000904008B509F075
:1077000017FEBDE8084009F013BE00BF0078A0F1E5
:107710000200B0FA80F04009704700BFC07870479F
:1077200090F84005003818BF0120704790F84035A8
:107730002BB990F84805003818BF01207047012088
:10774000704700BF00B585B000F5947002A903AA88
:107750000190FEF7B9FA03990198FEF7AFFA05B068
:107760005DF804FB80F8F814704700BF807D033893
:1077700001288CBF00200120704700BF012380F842
:10778000303570472DE9F04300F5D87716460023D1
:10779000DFF8A09100F522788C462DED088BA5B07E
:1077A000B0EE409B049708AC90F8162106ADCDF8DA
:1077B0001480CDE906338DF8182000225B4BCDE90B
:1077C000082300225A4B9FED4D8B99ED020BCDE91A
:1077D0000A2394E80F0020EE080B8DE80F006146A5
:1077E0000CA895E80C0004F045F899ED020BCDE9E2
:1077F000047894E80F0020EE080B8DE80F00314666
:1078000018A895E80C0004F035F818A804F040FC1E
:10781000B0EE408B0CA804F03BFC18A838EE408B6F
:1078200004F032FC0CA8B0EE40AB04F02DFC9FED50
:1078300035BB9FED366B3AEE400B28EE0B8B20EEFE
:107840000B7BB4EEC68BF1EE10FA08D59FED315BE1
:1078500038EE058BB4EEC68BF1EE10FAF8D49FED3E
:107860002F6BB4EEC68BF1EE10FA08DB9FED295BAF
:1078700038EE458BB4EEC68BF1EE10FAF8DA9FEDD8
:10788000236BB4EEC67BF1EE10FA08D59FED215BB9
:1078900037EE057BB4EEC67BF1EE10FAF8D49FED1F
:1078A0001F6BB4EEC67BF1EE10FA08DB9FED195B9F
:1078B00037EE457BB4EEC67BF1EE10FAF8DAB2EEA5
:1078C0000E4B359BB6EE006B29EE049B28EE068B23
:1078D00027EE067B9FED135B85EE096B28EE068B8A
:1078E00027EE067B83ED008B369B83ED007B25B076
:1078F000BDEC088BBDE8F083AFF30080399D52A248
:1079000046DF913FF8C1631ADCA54C40000000003F
:10791000008066C00000000000807640000000008B
:1079200000806640000000000020AC4000002440C1
:107930000040594070490020000000009FED736B2B
:10794000F0B590F80A3504462DED0A8BA5B08DED03
:10795000086B8DED0A6B002B00F0C88000F5A26269
:1079600000F5A463B2EE0E3B9FED6A4B92ED007BF7
:1079700013ED026B9FED695B27EE047B90F84035B9
:1079800026EE046B27EE037B86EE05AB87EE05BB88
:10799000002B40F08280674B18AD014604F59477C8
:1079A00028460CAE93ED020B9FED5E7B9FED5F8B47
:1079B00020EE070BFDF702F8284603F083FF284668
:1079C00020EE089B03F07AFF324607A93846059758
:1079D00020EE088BFEF778F90C990598FEF76EF902
:1079E000034639EE4B2B304638EE4A1B05939FED8C
:1079F0004DCB9FED460B22EE0C2B21EE0C1B03F022
:107A000087FE284639EE0B2B38EE0A1B22EE0C2B94
:107A100021EE0C1B9FED3D0B03F07AFE0AA8059B9F
:107A20002A46029008A83146019094F816019FED6D
:107A3000390B00902046FFF7A5FEBBEE007B9DEDC5
:107A4000086BB4EEC76BF1EE10FA59DBB3EE007BB6
:107A5000B4EEC76BF1EE10FA58BFB0EE476BBBEE59
:107A6000005B04F5FE639DED0A7B03ED026BB4EE53
:107A7000C57BF1EE10FA40DBB3EE006BB4EEC67BD3
:107A8000F1EE10FA58BFB0EE467B04F5076484EDC2
:107A9000007B25B0BDEC0A8BF0BD264B18AD01462E
:107AA00028469FED207B93ED020B9FED208B20EE6F
:107AB000070BFDF7C7F8284603F004FF284620EE21
:107AC000089B03F0FBFE20EE088B72B604F50363FF
:107AD00013ED027B62B6FDEEC77B04F594700CAE2D
:107AE00017EE901AFEF7EAF803467AE700F5FE6310
:107AF000B0EE467B03ED026BC7E7B0EE457BC4E713
:107B0000B0EE476BABE700BFAFF3008000000000B2
:107B1000000000000000000000004E4000000000D7
:107B20000020AC40399D52A246DF913FF8C1631A54
:107B3000DCA54C407049002038B500F5A263B7EED3
:107B4000006B04460D4693ED007BB4EE467BF1EEF0
:107B500010FA08D100F5A46313ED026BB5EE406B8B
:107B6000F1EE10FA42D0A37D033B012B45D994F8E6
:107B70001631002B4CD194F87834002B48D12B4B84
:107B800093ED026B04F5FE63B5EEC06BF1EE10FAF7
:107B9000B8BFB1EE477B03ED027B72B604F5036319
:107BA00013ED027B62B6FDEEC77B04F5947017EE11
:107BB000901AFEF783F804F5A463B7EE007B012862
:107BC000BFEE004B94F90825B2EE0E5B13ED026B8D
:107BD00007FE047B04F50763012A27EE067B87EE88
:107BE000056B83ED006B1CD065B938BD002380F8B0
:107BF0000B35A37D033B012BB9D82046FFF79EFE32
:107C0000002DF2D004F5DD60BDE83840FBF770BF11
:107C10002046FFF793FE94F90835012BE4D104F5D3
:107C2000076300200021C3E90001DDE7704900205F
:107C300000F5A26200F5A463012182ED000B03EDC3
:107C4000021BFFF779BF00BF00F5DE6C04299CED35
:107C5000087BA8BF0421B5EEC07B21EAE17101F1E8
:107C6000AA03F1EE10FA00EBC30393ED002B62D9E7
:107C700000F5E863B2EE043BB7EE004B93ED085B12
:107C800027EE037BB5EEC05BF1EE10FA84EE076BD6
:107C90006AD925EE035B84EE057BB4EEC67BF1EE7C
:107CA00010FA5ED8B5EEC06BF1EE10FA0BDDB5EE52
:107CB000C02BF1EE10FA06DDB4EE462BF1EE10FA11
:107CC00048BFB0EE462B90F878358B4200D18AB38E
:107CD000C9B200F5B06380F8781593ED027BB4EE7D
:107CE000472BF1EE10FA0DD083ED022B72B6D0F8CF
:107CF000A82593ED026B92ED007B27EE067B83EDCA
:107D0000087B62B600F5B66393ED027BB4EE472BB9
:107D1000F1EE10FA0ED083ED022B72B6D0F8D82512
:107D200093ED026B92ED007B27EE067B83ED087BE3
:107D300062B67047704700F5E86393ED087BB5EED7
:107D4000C07BF1EE10FABED9B2EE046BB7EE005B69
:107D500027EE066B85EE067BB5EEC07BF1EE10FAE2
:107D6000B1D9B0EE476B9DE7B5EEC06BF1EE10FAFE
:107D7000A9DB97E701220021FFF766BF002290F8F8
:107D80007915FFF761BF00BF012290F87815FFF762
:107D90005BBF00BF00F5E26200F5EC63B0EE085B8C
:107DA000B0EE003B12ED024B9FED4C7B2DE9F04312
:107DB00013ED026B2DED068B87EE04AB00F5D86555
:107DC00000F5DA6683B0044687EE069B8AEE006B08
:107DD00089EE007BB4EEC56BF1EE10FAB4EEC57B14
:107DE00026FE056B8AEE064BF1EE10FA85ED006B70
:107DF00027FE057B89EE078B86ED007BB4EE484BB2
:107E0000F1EE10FA48BFB0EE448B30EE480BB0EE06
:107E1000C00BB4EEC30BF1EE10FA29DC89EE087B3F
:107E200004F5AE678AEE086B85ED006B86ED007B8E
:107E300017ED027B87ED008BB4EEC87BF1EE10FAF4
:107E400033DA204694F878150122FFF7FDFE04F599
:107E5000BE6304F5DD6096ED001B95ED000B13EDA0
:107E6000022B03B0BDEC068BBDE8F043FBF75CBE14
:107E70001A20F8F745FDFDEEC87B0746CDED017AE7
:107E800009F07AFA9DF80480BDF80490804520D16D
:107E900001374FEA1929384609F06EFA8145BDD0FD
:107EA0004946384609F074FBB8E7B6EE007B192066
:107EB00028EE078B07ED028BF8F722FD17ED027B0A
:107EC000FCEEC77BCDED017A9DF8041009F060FB54
:107ED000B7E74146384609F05BFBD9E700000000F0
:107EE00080842E4170B505461A20F8F709FD064634
:107EF00009F042FA0446701C09F03EFA0346E4B267
:107F0000284663F30F24A4B207EE904ABDE8704000
:107F1000B8EE670BFFF73EBF00F5BE6100F5DA6211
:107F200000F5D86300F5DD6011ED022B92ED001B2A
:107F300093ED000BFBF7F8BD0000000038B500F52D
:107F4000EC6300F5A0650446D0F86426D0F824164A
:107F500013ED022B00F5E26300F5DD6095ED000BFB
:107F600013ED021B9FED0D3BFBF70CFE04F5A26326
:107F700000200E499FED0B7BC3E9000104F5A463CB
:107F80002046012103ED027BFFF7D6FD95ED000BA6
:107F9000BDE8384001F0CABDAFF30080000000002A
:107FA00080842E4100000000000000000000F03F2F
:107FB0002DE9F04100F5947582B004460E4601AA01
:107FC00069462846FDF780FE01992846FDF776FEB2
:107FD00001AA694607462846FDF776FEE37823B1F5
:107FE00094F80A3583F00103E370009BD4F820274E
:107FF0009A4226DCD4F82427934222DC94F8F83401
:10800000042B37D0019BD4F87027934225DBD4F89A
:108010007427934221DC94F8F834052B39D0A37DE2
:10802000012B3AD0E3784BBB2378022B12D194F882
:10803000F8347BB12046FBF711FC2046FBF736FCF9
:1080400008E0042294F8403584F8F82463B90EB9A6
:1080500084F80A6502B0BDE8F081052294F8403545
:1080600084F8F824002BF2D0012384F8303502B0D4
:10807000BDE8F081002384F8F834C3E794F8F834BD
:10808000002BE7D02046FBF705FC2046FBF70EFC53
:10809000CAE7002384F8F834C1E772B604F5F26346
:1080A000D4F8982793ED047B94F8B08793ED0A6B8E
:1080B0005FFA88F862B6FDEEC77B17EE903A9B1A1E
:1080C000002B54D0CCBF4FF001084FF00008012323
:1080D0002846DDE90012FDF7E9FCA8B9022F55D1C9
:1080E000B8F1000F52D0072294F8403584F8F824F4
:1080F00013B1012384F83035012FABD9012EA9D05B
:10810000002384F80A35A5E794F8F834072B02D148
:10811000002384F8F83428460123DDE90012FDF736
:108120005DFCB8B9A7F10103B3FA83F35B09002B37
:1081300039D0B8F1000F36D0062194F8402584F8E4
:10814000F81412B1012284F83025012E82D0002BC0
:10815000D6D17FE794F8F834062B7FF463AF002282
:10816000E37884F8F824002B7FF474AF5CE7B5EE75
:10817000406BF1EE10FAAAD0B5EEC06BF1EE10FA3A
:10818000CCBF4FF001084FF00008A0E7B8F1010F95
:10819000BAD0012FB8D1072294F8403584F8F824DA
:1081A000002BA6D156E7B8F1010FD3D0022FD1D1C1
:1081B000062194F8402584F8F814002A3FF44AAFC9
:1081C000C0E700BFF0B51D4690F80A358FB00446F1
:1081D0000F461646FBB172B690F8483590F8F8276E
:1081E000DBB2002A00F09E8094F8802892B9042B1C
:1081F00000F0F18004F5036304F5046206EE905A82
:1082000013ED027B92ED005BB8EEE66BA5EE067B0C
:1082100003ED027B62B694F84035002B40F0C88035
:10822000132D69DC754A764B02FB0733754AB2EBB6
:10823000B30F61D2632D70DC002F6ED094F8F83547
:1082400043B194F84935042B00F0A38094F84835E5
:1082500084F8493594F889371BB994F81138002B04
:1082600073D0012384F8F834002E43D194F84025CC
:10827000002A40F0A18084F80A6594F89925022A22
:1082800001D184F8993594F89935FE2B02D1FF235A
:1082900084F8993594F8C935022B02D1012384F86A
:1082A000C93594F8C935FE2B02D1FF2384F8C935AE
:1082B00004F59E63D4ED4A7A93ED006BB8EEE77B4C
:1082C000B4EEC76BF1EE10FA08D4D4ED4B7AB8EEE9
:1082D000E77BB4EEC67BF1EE10FA0BD5022294F8E0
:1082E000403584F8F82403F0FF02002B79D00123F5
:1082F00084F830350FB0F0BD21466846FCF7CAFC63
:10830000684603F081FD04F59E63632D9FED397B84
:1083100020EE070B83ED000B8EDD01212046FFF7D9
:108320000BFC8BE7042B4DD004F5F46204F5F861E7
:1083300006EE905A92ED007B11ED025BB8EEE66B13
:10834000A5EE067B82ED007B4EE794F8F824D4ED91
:108350004A7A012AB8EEE77B08BF84F8F83404F5BE
:108360009E6393ED006BB4EEC76BF1EE10FA26D46A
:10837000D4ED4B7AB8EEE77BB4EEC76BF1EE10FAB2
:108380001DDC94F8F834022BB4D1002384F8F834BF
:10839000B0E794F84835002B7FF458AF94F80A35CD
:1083A0001BBB94F8781501222046FFF74DFC4DE7E2
:1083B0002046FDF75FFF33E784F8303578E7002E7D
:1083C0008CD097E790F89825002AADD090F88038A7
:1083D000002B7FF41FAF94F8C835002B3FF40AAF91
:1083E00018E784F80A250FB0F0BD01212046FFF7F9
:1083F000A3FBD6E7F8C1631ADCA54C40CDCCCCCCAE
:1084000098999919CCCCCC0CA9B190F8363010B50C
:1084100004466BB107212046FCF7DCF838B1E3785D
:108420000BB10023E37023780BB10023237010BD40
:1084300090F87D16EFE770470000000090F8F835DF
:1084400070B504460E4615462DED048B002B00F04A
:10845000408172B6D0F8FC35B0EE000B07EE903AD2
:1084600090F80936B8EE676B01EE103AD0F8043692
:10847000B8EE411B07EE903A9FEDD45BB8EE677BF8
:1084800086EE058B28EE078B0BF0B0FB04F5DE6261
:108490009FEDD04B9FEDD13B28EE000B9FEDD12BF4
:1084A0009FEDD25BFDEEC07BB0EE000B17EE903A75
:1084B000B8EEE77BC4F8F036002B87EE046B194664
:1084C000B8BF591C002BB8BF0333491087EE054BCA
:1084D0009B1087EE025B86EE039B82ED026B82EDC2
:1084E000064B82ED085B9FEDB95B82ED049BD4F8EF
:1084F0003C26C4F81C3707EE902AD4F84436C4F85A
:108500001817B8EE676B07EE903A94F84936B8EE54
:10851000677B86EE058B01EE103AB8EE411B28EE24
:10852000078B0BF063FB04F5E8629FEDAA3B9FED20
:10853000AF4B28EE000B9FEDAB5B9FEDA82BFDEE44
:10854000C07B17EE903AB8EEE77BC4F84037002BBB
:1085500087EE036B1946B8BF591C002BB8BF033315
:10856000491087EE043B9B1087EE054B86EE025BBD
:1085700082ED026B82ED063B82ED084B82ED045BDF
:10858000D4F82026C4F8681707EE902AC4F86C3790
:10859000B8EEE76B26EE096BD4F86026002307EEF1
:1085A000902ABDEEC66BB8EEE77B16EE102A27EEDA
:1085B000057BC4F80828C4F8FC3704F5F46284F895
:1085C000F837BDEEC77B17EE101AC4F89018C4F840
:1085D000843884F8803804F5F36393ED007A04F569
:1085E0000363B8EEC77B82ED007B04F5026292ED77
:1085F000007AB8EEC77B03ED027B62B694F878355B
:108600000022AA3304EBC30393ED007B84F8992581
:1086100004F5E26384F89825C4F8802504F5B06277
:1086200092ED026BC4F8A835B4EE467BF1EE10FA79
:108630000DD082ED027B72B6D4F8A83592ED026BB4
:1086400093ED007B27EE067B82ED087B62B694F803
:1086500078350022AA3304EBC30393ED007B84F842
:10866000C92504F5EC6384F8C825C4F8B02504F5E1
:10867000B66292ED026BC4F8D835B4EE467BF1EEEB
:1086800010FA0DD082ED027B72B6D4F8D83592ED97
:10869000026B93ED007B27EE067B82ED087B62B6D2
:1086A000F9F782FA3046F8F78DFB002D40F085800F
:1086B00004F59470FDF70EFB2046FBF7FBF820460F
:1086C000FFF73CFC2046BDEC048BBDE87040FFF793
:1086D00009BC72B600F5D06300F5DE6293ED007B55
:1086E0009FED3C5B9FED411B9FED3C2B27EE057BF7
:1086F0009FED3C4B9FED3B0BFDEEC77B17EE903A99
:10870000B8EEE77BC0F8F036002B87EE056B194614
:10871000B8BF591C002BB8BF0333491087EE013B8B
:108720009B1087EE045B9FED2D1B86EE024B82EDC6
:10873000026B82ED063B9FED2D3B82ED085B9FEDCA
:10874000255B82ED044B00F5D462C0F8181792ED5A
:10875000007BC0F81C3700F5E86227EE057BFDEED4
:10876000C77B17EE903AB8EEE77B002BC0F8403796
:1087700087EE056B1946B8BF591C002BB8BF0333F1
:10878000491087EE032B9B1087EE003B86EE015BC2
:1087900082ED026B82ED062B82ED083B82ED045BDD
:1087A000D0F82026C0F8681707EE902AC0F86C377A
:1087B000B8EEE76B26EE046BEEE62046FBF74EF8CC
:1087C0002046FBF767F873E7AFF300800000000076
:1087D00000408F4000000000008076400000000054
:1087E0000020AC4000000000C07A604100000000A2
:1087F0000018F54038B590F80A3503B138BD0121AD
:10880000044603F0FF0580F80A15FFF795F9034BBE
:108810001B68E570C4F8283538BD00BF0C5A00202D
:1088200000000000D1490B6813F001032DE9F04767
:1088300004462DED0C8BACB014D1CD4A0020C2F80B
:10884000E831C2F8183382F8283301230B60002185
:10885000C2E95001C2E95201C2E95401C2E97C01F6
:10886000C2E9C80194F83135E3B194F8F8341BBB80
:10887000C04D2B78002B00F0D680BF4BBF4A1F683D
:108880001068BF4D3A1ABF4BBF4E29689A423760F5
:10889000A7EB010710D8C72F1CD82CB0BDEC0C8B50
:1088A000BDE8F087B34A11780029F6D013702CB0D8
:1088B000BDEC0C8BBDE8F0872046FDF7B5FB2046EC
:1088C000FDF7FEFB002384F831352CB0BDEC0C8B9A
:1088D000BDE8F0870B1A09EE103AD3199FED957B8E
:1088E000B8EE499B08EE103A04F5A863B8EE488B41
:1088F00029EE079B28EE078BB5EE409B9FED8F6B13
:1089000013ED02ABF1EE10FA2AEE06AB00F1D880BF
:10891000B1EEC9CB2AEE0CDBB0EE4C0B0AF042FFF5
:1089200020EE0DBBB0EE4C0B0AF0C4FFB5EE408B51
:1089300020EE0DCBF1EE10FA00F1DF80B1EEC8DBD6
:108940002AEE0DABB0EE4D0B0AF02CFF20EE0A9B89
:108950000DF1800804F594790DF1180AB0EE4D0B75
:108960000AF0A8FF20EE0AAB40469FED768B9FED04
:10897000770B2BEE082B2CEE081B03F093FB834A9E
:10898000414608A803F09CFB29EE082B40462AEE3E
:10899000081B9FED6E0B03F085FB7C4A414614A833
:1089A00003F08EFB424651464846CDF81090FDF745
:1089B0008BF920990498FDF781F907EE907A034628
:1089C00014AAB8EE677B08A99FED620BCDE901A858
:1089D00094F8150127EE000B00902046FEF7D2FE1A
:1089E00004F5AE639DED060B93ED007BB0EEC06B1E
:1089F000B4EEC67BF1EE10FA3FF55EAF9DED208B35
:108A0000B0EEC86BB4EEC67BF1EE10FA3FF554AF92
:108A10002046FDF7E3FAB0EE480B2046FDF72AFBAF
:108A200033682B6039E75A4B214620A893ED020B9F
:108A30009FED447B20EE070BFBF7C0FF20A802F060
:108A400041FF20A8B0EE408B02F038FF4848B0EE5E
:108A5000401B9FED3E3BB0EE480BB0EE432B06F0C3
:108A6000D1FB20A802F02AFFB5EEC00B20A89FED95
:108A70003B7BF1EE10FA9FED3B3B33FE073B8DED68
:108A8000043B02F01FFF20A8B0EE408B02F016FF5F
:108A900037489DED043B9FED2D2B30EE031BB0EED0
:108AA000480B06F0AFFB344B344801221B683449B5
:108AB00003600B602A702CB0BDEC0C8BBDE8F08716
:108AC000B0EE490B0AF042FDB0EE40BBB0EE490BF0
:108AD0000AF03CFD2AEE0BBB0AF064FE2BEE00BB55
:108AE000B0EE490B0AF032FD2AEE00DBB0EE490B86
:108AF0000AF02CFDB0EE40CB14E7B0EE480B0AF0C4
:108B000025FDB0EE409BB0EE480B0AF01FFD2AEEAB
:108B1000099B0AF047FE29EE009BB0EE480B0AF0D5
:108B200015FD2AEE00ABB0EE480B0AF00FFDB0EEDB
:108B300040DB0DE7FCA9F1D24D62503F9A9999991B
:108B40009999D93F399D52A246DF913F000000001C
:108B500000000000FCA9F1D24D62603F182D445482
:108B6000FB21E93F182D4454FB21E9BF9852002016
:108B7000304600204C5A00200C5A0020E8540020B7
:108B8000F0540020E0930400EC54002050460020F4
:108B90007049002008B508F0CBFBBDE8084008F09C
:108BA000C7BB00BF0160704708B50021132008F063
:108BB00059FB0021102008F055FB0021122008F07D
:108BC00051FB00211120BDE8084008F04BBB00BF5D
:108BD0002DE9F04F0446006883B090F8F884B8F1AE
:108BE000000F06D090F84835022B78D003B0BDE8CE
:108BF000F08F132008F024FB0646102008F020FB1D
:108C00000746122008F01CFB0546112008F018FB4F
:108C10004849494A8146494B48681268A3FB0232D9
:108C2000920C02EB82024B681B1A9A42FBD813206B
:108C300008F006FB8346102008F002FB019012208A
:108C400008F0FEFA8246112008F0FAFA5E45024664
:108C50004DD1019B9F424AD1DFF8F0B00023BE42C4
:108C60008BF8003005D0002E49D0002F53D09BF850
:108C700000805545324E0DD191450BD100234D4515
:108C8000337007D00DB92D233370B9F1000F01D126
:108C90002B2333702B4B1A7842450DD083F800807C
:108CA000B8F1000F27D0A8F12D0102222068B1FAF7
:108CB00081F14909FDF788F9234B31781A788A4206
:108CC00094D0197069B1A1F12D0102222068B1FA86
:108CD00081F1490903B0BDE8F04FFDF7C1B9FDF7D7
:108CE000A3F9206803B0BDE8F04FFDF7E9B9174BD1
:108CF00093F80080BDE72068FDF796F9DCE7019066
:108D00002068FEF71FFD0128019A0CBF2B232D239D
:108D10008BF80030A9E720680192FEF713FD0128C7
:108D2000019A0CBF4FF02D084FF02B088BF80080F4
:108D30009FE700BF001000E0D431002083DE1B431A
:108D4000505A00204F5A00204E5A0020515A0020FD
:108D500008B508F0EDFABDE8084008F0E9BA00BF30
:108D60000000000084B030B52DED028B9BB00025D3
:108D700020AC09958DF81F5084E80F0000220023D5
:108D8000B04C20A89FEDAB8BCDE90A23CDE90C2395
:108D900003F03AF8D4ED4A7A20EE080BB8EEE77B00
:108DA0009FEDA66B37EE467BB4EEC07BF1EE10FA7A
:108DB00000F39080D4ED4B7AB8EEE77B37EE067B7C
:108DC000B4EEC07BF1EE10FA7CD404F5227304F506
:108DD000D87220A90EA802F055FF0EA803F058F98A
:108DE00020EE080B0EA88DED0A0B03F04DF920EED6
:108DF000080B01230DF11F0109AA08A8CDE90121E3
:108E0000CDE9033500902EAB0CAA0AA920468DEDC2
:108E10000C0BFCF77BF800285ED004F5EA63DDED6F
:108E2000096A04F5E062DDED087AB8EEE65BB8EEBB
:108E3000E77B13ED024B12ED023BD4F89C3687EE34
:108E4000036B85EE047B8DED0A6B8DED0C7BB3B16E
:108E50001A7E012A40F2928072B65A6962B67A4945
:108E600007EE902A94F88936B8EEE77B91ED004B37
:108E700087EE045BABBB36EE456B9DED0C7BB7EE2E
:108E8000C66BD4F8BC362F9A82ED006A9BB11A7E6D
:108E9000012A2BD972B65A6962B66C4906EE902A3D
:108EA00094F8A936B8EEE66B91ED004B86EE045BC4
:108EB000A3B937EE457BB7EEC77B309B002083ED2F
:108EC000007A00E008201BB0BDEC028BBDE830400A
:108ED00004B070470120F6E70620F4E737EE057B83
:108EE000E9E736EE056B9DED0C7BC8E772B6D3E97A
:108EF00000209968126800681140DA68104200F09A
:108F00008D801A7C02F0030209B142F0040242F0A3
:108F100008029108013A19740D2ABCD801A151F830
:108F200022F000BF01720100F9710100117201000D
:108F3000F971010033710100097201000172010031
:108F4000017201000972010033710100F971010021
:108F500011720100F9710100017201005A69013AB0
:108F60005A6199E75A6901325A6195E75A69023A9A
:108F70005A6191E75A6902325A618DE772B6D3E9B4
:108F800000209968126800681140DA6810423DD0EC
:108F90001A7C02F0030209B142F0040242F0080216
:108FA0009108013A19740D2A3FF657AF01A151F803
:108FB00022F000BF9172010089720100A1720100CC
:108FC00089720100F770010099720100917201002D
:108FD0009172010099720100F7700100897201001D
:108FE000A172010089720100917201005A69013A6F
:108FF0005A6133E75A6901325A612FE75A69023AD6
:109000005A612BE75A6902325A6127E71A7C02F04B
:1090100003020029C4D042F00402C1E71A7C02F026
:10902000030200293FF475AF42F0040271E700BF6C
:10903000AFF30080F8C1631ADCA54C402D431CEB54
:10904000E2361A3FB0490020305000205050002036
:1090500084B070B5A4B028AC10AD9DF8D06084E8A1
:109060000F002846174916AC8DED0E0BFAF732FCAF
:1090700012AB0FCB9DED0E0B8DE80F0028A92046FB
:1090800095E80C0002F08AFB369B0DF1680EEC4669
:109090000C93359BCDE90A63BEE80F00ACE80F00E6
:1090A000BEE80F00ACE80F009EE803008CE8030068
:1090B00094E80F00FFF756FE24B0BDE8704004B0FE
:1090C000704700BFB049002008B508F031F9BDE88D
:1090D000084008F02DB900BF0148E9F7F7BA00BF12
:1090E000085800200148E9F711BA00BF08580020CD
:1090F00008B508F01DF9BDE8084008F019B900BF2F
:1091000008B5094807F072F8084807F06FF80848F2
:1091100007F06CF84FF47A7007F0EAFF4FF0E023A5
:10912000044AC3F80C2D08BD38320020F832002064
:10913000983200200400FA05036818470B680360A2
:10914000704700BF0B680360704700BF704700BFE7
:1091500010B5044607F098FC204610BD70B54FF0DE
:1091600084434FF08072434DC3F88820297800294A
:109170004AD0414E0023337072B6404C04F5F4637C
:1091800093ED007BD4F89827FDEEC77B17EE903A5D
:109190009B1AC4F8A83762B6D4F8A837002B3BD086
:1091A000D4F8A83794F80B26002BD4BF0023012352
:1091B00084F8B03794F8B0379AB3A3B3304B102289
:1091C000C3F884202D48FAF741FB94F8B03780F0BB
:1091D0000100C0B263B3D4F8FC27D4F808389A422F
:1091E00001DA00283DD1D4F808280023C4F8FC2770
:1091F00084F8F837D4F898370133C4F89837012346
:10920000337000232B7070BD1B49097809B1C3F876
:10921000842001232B7070BD94F8F837002BF0D018
:10922000BEE7002BCAD0164B1022C3F88820C9E72E
:10923000D4F8FC37002B00DD50B90023C4F8FC370C
:1092400084F8F837D4F89837013BC4F89837D6E754
:10925000D4F8FC370122013BC4F8FC3784F8F82726
:10926000CDE7D4F8FC3701221344C4F8FC3784F866
:10927000F827C4E7B23C0020435A0020B049002040
:1092800000C0004270B54FF084434FF08062434D00
:10929000C3F88820297800294AD0414E0023337032
:1092A00072B6404C04F5036313ED027BD4F820281A
:1092B000FDEEC77B17EE903A9B1AC4F8303862B6C1
:1092C000D4F83038002B3BD0D4F8303894F84B2603
:1092D000002BD4BF0023012384F8383894F83838A1
:1092E0009AB3A3B3304B4022C3F884202D48FAF739
:1092F000ADFA94F8383880F00100C0B263B3D4F806
:109300008428D4F890389A4201DA00283DD1D4F864
:1093100090280023C4F8842884F88038D4F82038B2
:109320000133C4F820380123337000232B7070BD43
:109330001B49097809B1C3F8842001232B7070BD43
:1093400094F88038002BF0D0BEE7002BCAD0164B23
:109350004022C3F88820C9E7D4F88438002B00DD08
:1093600050B90023C4F8843884F88038D4F8203801
:10937000013BC4F82038D6E7D4F884380122013BF9
:10938000C4F8843884F88028CDE7D4F884380122E2
:109390001344C4F8843884F88028C4E7B33C002020
:1093A000445A0020B049002000C000422DE9F0419D
:1093B0000C4605462DED048BD1E9100184B0B0EECA
:1093C000409BB0EE418B0E9ECDE9000194F87010E9
:1093D00019B91F466B7E002B4AD1944B93F8482550
:1093E000042A00F0C38093F80A254AB993F8482567
:1093F000012A00F0AB8093F84825022A00F0A680ED
:1094000093F80A355BBB96ED007BB0EEC77B8DED24
:10941000027B9DED026BB5EE406BF1EE10FA06D1CA
:1094200084ED148B04B0BDEC048BBDE8F08194EDA9
:109430000E5B85EE067BB4EEC78BF1EE10FA37FEBD
:10944000087BB4EEC79BF1EE10FA88BFB0EE497B03
:1094500084ED147B04B0BDEC048BBDE8F08196ED87
:10946000007B94ED166B37EE067BB0EEC77BCEE744
:1094700095ED026B9DED007B9046B4EEC76BF1EE6F
:1094800010FA0BD596ED007B9DED005BB0EEC77B2F
:10949000B4EEC57BF1EE10FA00F1CC806348FDF725
:1094A000D1FA6B7EBFEE007BB7EE006B13F0800F3E
:1094B0005F4B06FE077B83ED007B6A7EFF2A5AD056
:1094C0006A7E012A57D094ED027B9FED543B93EDC9
:1094D000006B37EE077B98ED084B27EE037B96ED8C
:1094E000005B27EE067B87EE046B36EE056B86EDA0
:1094F000006B96ED007BB5EEC07BF1EE10FA6AD4FE
:109500009DED006B96ED007BB4EEC76BF1EE10FAAB
:10951000B4BF33466B46D3E90023C6E900236B7E14
:109520005BB2002B00F35D816B7E1A0600F1548163
:109530009FED3C7B96ED006BB4EEC76BF1EE10FA3D
:1095400001DC96ED007B86ED007B7FE06A7E002AE1
:109550003FF456AF6B7E5BB2002B00F338816B7E1D
:109560001B0600F134819FED2F7B50E72A7E002AF5
:109570007FF449AF37E794ED027B9FED282B93ED05
:10958000004B37EE077BB7EE005B27EE027B98EDD2
:10959000083B96ED006B27EE047B87EE034B36EE1F
:1095A000446B86ED006B93ED007BB4EE457BF1EEF2
:1095B00010FA40F0F68096ED006B9DED007BB4EE66
:1095C000C76BF1EE10FAB4BF6B463346D3E9002304
:1095D000C6E900238DE79DED007B96ED006BB1EEB3
:1095E000477BB4EEC67BF1EE10FA40F1EA8086EDDF
:1095F000007B6B7E5BB2002B00F3E6806B7E19066E
:1096000000F1F2809FED077B96ED006BB4EEC76B27
:10961000F1EE10FA97D994E7AFF300807B14AE47D0
:10962000E17A843F0000000000000000B049002003
:10963000184600206B7E5BB2002B05DC6B7E1806A3
:1096400000F1D7809FED6D6B86ED006B6B7EFF2B7D
:1096500003D06B7E012B7FF4C0AE96ED007B9DEDB9
:10966000006BB0EEC77BB4EEC76BF1EE10FA65D5B8
:1096700072B694ED067B2269FDEEC77B17EE903A39
:109680009B1A236262B694ED144B94ED1A7B94ED11
:10969000026B236A87EE045B002B36EE066B25EE29
:1096A000055B85EE067BFDEEC77B17EE902AB8BF03
:1096B000524272B62369134407EE903AB8EEE77B44
:1096C00084ED067B226262B694ED0C7B226AB0EEDA
:1096D000C77B002AB8BF5242FDEEC77B17EE903A17
:1096E000002B08BF01239A423FF777AE00230022E8
:1096F0006B762B760023C6E9002372B697ED067BC6
:109700003A69FDEEC77B17EE903A9B1A3B6262B650
:1097100097ED0C7B3A6AB0EEC77B002AB8BF524285
:10972000FDEEC77B17EE903A002B08BF01239A424B
:109730003FF753AE3348FDF7D1F84EE672B694EDDD
:10974000067B2269FDEEC77B17EE903A9B1A2362D7
:1097500062B694ED144B94ED1A7B94ED026B226A81
:1097600087EE045B002AB8BF524236EE066B25EE48
:10977000055B85EE067BFDEEC77B17EE903A9A42BD
:10978000A2DD226A002AB8BF5B4272B622691A447F
:1097900007EE902AB8EEE77B84ED067B236262B683
:1097A00092E79DED007B96ED006BB1EE477BB4EE4A
:1097B000C67BF1EE10FA01DD96ED007B86ED007BB5
:1097C00097E696ED007B12E795ED027B1CE795EDA1
:1097D000027BB0EEC77B1AE695ED027BB1EE477BCC
:1097E000A8E695ED027BA5E695ED027BB1EE477B01
:1097F0000AE7B1EE466B27E7AFF3008000000000F8
:1098000000000000B04900202DE9F0410C4691F81D
:109810007010804617461E4629B1D4E91E23C7E9B9
:109820000023012333701E4890F80A550DB9BDE896
:10983000F081FDF775FF0028F9D194F87030002B06
:10984000F5D13378002BF2D098F8193059B2002BAB
:10985000EDD172B694ED067B2269FDEEC77B17EE63
:10986000903A9B1A236262B694ED0C7B226AB0EEAA
:10987000C77B002AB8BF5242FDEEC77B17EE903A75
:10988000002B08BF01239A4206DD72B6D4E91223E9
:10989000C7E9002362B6CAE772B6317062B6C6E79E
:1098A000B0490020894A136830B5894D013387B02B
:1098B00028461360FDF734FF40BB95F84835012B6F
:1098C00000F0AB80834C844904F5A07304F11802C6
:1098D000A4F5A87014ED021B14ED040B009104F123
:1098E000B801FFF763FD04F1B803224604F5A07147
:1098F000A4F59070683294ED021B94ED000B774C48
:109900000094FFF753FD95F899356BB3744804AA9A
:10991000744BA0F15801A0F51870D0E99645CDE937
:109920000445FFF771FF704B9DED046B93ED007BD9
:10993000B4EE476BF1EE10FA47D16C4902AA6C4BBA
:10994000A1F52C7071E81445CDE90245FFF75CFFE5
:10995000684B9DED026B93ED007BB4EE476BF1EE2F
:1099600010FA09D107B030BD95F8C9355AB2002BAD
:10997000CCD185F84825C9E7B6EE006B9DED027B9A
:1099800027EE067BB5EEC07BF1EE10FA17D49FED03
:109990004B6BB4EEC67BF1EE10FA10DCB3EE085B55
:1099A000BEEE006BA7EE056BFCEEC67B17EE902AB1
:1099B000102A04D95049096809B1C1ED007ADDE9DE
:1099C0000201C3E9000107B030BDB6EE006B9DEDAA
:1099D000047B27EE067BB5EEC07BF1EE10FA17D4C0
:1099E0009FED366BB4EEC67BF1EE10FA10DCB3EEF1
:1099F000085BBEEE006BA7EE056BFCEEC67B17EEB8
:109A0000902A102A04D93D49096809B1C1ED007AAC
:109A1000DDE90401C3E900018FE795F89935022BD0
:109A200029D095F89935FE2B25D095F8C935022B0C
:109A300004D095F8C935FE2B7FF444AFD5F8B03586
:109A4000002B3FF43FAF72B62D4B93ED006B95F8B2
:109A5000C9355BB2002B05DC95F8C9351B0629D446
:109A60009FED186B274B13ED027B37EE067B03ED62
:109A7000027B62B626E7D5F88035002BD5D072B6CA
:109A8000214B93ED006B95F899355BB2002B05DC0B
:109A900095F899351A060AD49FED0A6B1B4B93ED86
:109AA000007B37EE067B83ED007B62B6BDE7B1EE4F
:109AB000466BF3E7B1EE466BD4E700BF00000054FD
:109AC0005555A5410000000000000000585200203C
:109AD000B049002080500020204600202846002069
:109AE00090510020485A0020E044002010520020ED
:109AF000495A0020E84400202C340020243400205F
:109B0000804F0020E0510020504F00205051002095
:109B1000000000009FED037B87EE000B704700BF45
:109B2000AFF300800000000080842E419FED217B78
:109B300030B520EE070B8DB0224B234A00930292E2
:109B4000B5EEC00BF1EE10FA24D49FED1C7BB4EE01
:109B5000C70BF1EE10FA1DDCB3EE086BBEEE007B16
:109B6000A0EE067BFCEEC77B17EE904A102C11D9B5
:109B700002AD08A806932946FFF7E0FA224606A997
:109B8000124806F0FFFE069B08A8DB689847009B7A
:109B9000DB6801E00E4B02AD284698470022002307
:109BA0000C480D49C0E90023C1E900230DB030BDC8
:109BB000AFF300807B14AE47E17A843F000000548D
:109BC0005555A541DC260020417B01001C340020B6
:109BD000E9730100E0440020E844002030B58DB076
:109BE0003E4C3F4B3F4D02A908A8029300940694B7
:109BF000FFF7A4FA40F65F1206A9284606F0C2FE57
:109C0000069B08A8DB689847009B02A8DB6898477A
:109C1000354B02A908A8029300940694FFF78EFA28
:109C200006A940F65F12314806F0ACFE069B08A874
:109C3000DB689847009B02A8DB68984700212868EA
:109C40002971A0B12A4B2B4A03442B4C1B11D15430
:109C50001378507891788342D27828BF03468B429C
:109C600028BF0B46934228BF134684F87A301F4B17
:109C7000002118681971A0B11D4B1E4A03441E4CE7
:109C80001B11D1545378107891788342D27828BF31
:109C900003468B4228BF0B46934228BF134684F8E5
:109CA0007A30164B202118681971A0B1104B114A57
:109CB0000344114C1B11D15413785078917883428E
:109CC000D27828BF03468B4228BF0B46934228BF59
:109CD000134684F87A300DB030BD00BFDC2600207A
:109CE000F973010024340020217501002C34002078
:109CF00000BFF7BF3434002000E400E01C34002033
:109D000008B507F015FB07F013FB084A0849094896
:109D100009F08AFB054A0649074809F085FB034A12
:109D200003490648BDE8084009F07EBBBC3400206A
:109D3000ED7301001C340020243400202C3400205A
:109D400053492DE9F047A1FB004340F26D1A514FF2
:109D50005B09DFF85081DFF85091A1FB0341C3EBB1
:109D600003144909A0EB84004B4CC1EB0115A4FB83
:109D7000014EA3EB850310704FEA1E1E53700EF1C7
:109D800004040EEB4E00454BA1EBC001A3FB040302
:109D900000209170E11A03EB510301469B08C3EBCD
:109DA000C303E41A0134D470C4B240F26D1C04F24F
:109DB000B27313F0030507FB03F608D1B8EBB60F37
:109DC0004FF4B77C03D3B9EB361F38BFD446614498
:109DD00001308E45E8D2324E9471A6FB030695B34E
:109DE000770964244FF4C870F60904FB173700FBA9
:109DF000163640F26D10AEEB010E002301217044C7
:109E0000DFF8A8E00AE013F80E40844232D80C29AB
:109E1000A0EB04000FD001310133C9B2012B5FFA6E
:109E200083FCF0D115B9DFB11D2400E01C24A04251
:109E30002AD3001BEFE74FF00D0C013082F805C06C
:109E40001071BDE8F08764207709F60900FB173729
:109E50004FF4C87000FB16363FB14FF4B770CAE735
:109E6000002E14BF1C241D24E1E7002EC1D14FF4A5
:109E7000B770C0E70CF1010C01305FFA8CFC107177
:109E800082F805C0BDE8F0874FF0020CD5E700BFAF
:109E900089888888295C8FC2ABAAAAAA25499224FE
:109EA0001F85EB51285C8F020AD7A30054250020A0
:109EB00070B5084ED6E90023994208BF904206D0FB
:109EC00005460C46044AFFF73BFFC6E90054024B27
:109ED000587970BD10460020F853002070B5084E28
:109EE000D6E90023994208BF904206D005460C46A9
:109EF000044AFFF725FFC6E90054024B587870BDAD
:109F000010460020F853002070B5084ED6E9002313
:109F1000994208BF904206D005460C46044AFFF716
:109F20000FFFC6E90054024B187870BD10460020A0
:109F3000F853002070B5084ED6E90023994208BFB7
:109F4000904206D005460C46044AFFF7F9FEC6E9E2
:109F50000054024B987870BD10460020F853002042
:109F600070B5084ED6E90023994208BF904206D04A
:109F700005460C46044AFFF7E3FEC6E90054024BCF
:109F8000187970BD10460020F853002070B5094EB6
:109F9000D6E90023994208BF904206D005460C46F8
:109FA000054AFFF7CDFEC6E90054034B987900F24D
:109FB000B27070BD10460020F8530020334A2DE9DE
:109FC000F041847904FB02F2E4B104F2B27C40F285
:109FD000B3732F4D2F4E304FDFF8C8E09C4505FB83
:109FE00003F10FD013F0030F03F10103F6D1B6EB29
:109FF000B10F02D3BEEB311FF0D39C453A4405FBB1
:10A0000003F1EFD190F805E0BEF1010F29DD04F274
:10A01000B274224E64252249A6FB04364FF4C8735D
:10A02000DFF884807709F60905FB17471A4D03FB13
:10A03000164604F00304012307E0013391F800C041
:10A040000131734505FB0C220BD0022BF5D1002CFE
:10A05000F3D10FB9002EF0D10133424401317345E1
:10A06000F3D143784FF461648178C3EB031305782F
:10A070009B0004FB01330179074C58194B1E00214A
:10A0800004FB03001044BDE8F08100BF8033E10110
:10A09000295C8FC2285C8F02805101001F85EB5123
:10A0A000542500200AD7A300803B2600F8B51D4C9C
:10A0B0001D4D23682A681D4E9B1AB3F57A7F2FD356
:10A0C00031680131236802F57A72084601319B1A22
:10A0D000B3F57A7FF6D230602A60154F3B68834231
:10A0E0000FD8144B1B6863B1984701430BD0124B38
:10A0F00022681B682A600222034430603B600F4BD9
:10A100001A700021F8BD0D490B4B0A783068003AEF
:10A110001B6818BF012203440A7000213B60F8BD90
:10A120003068DAE70C5A0020A052002004540020C6
:10A13000F453002080590020583300203E5A00205C
:10A1400070B5094EFFF7B2FFD6E90023994208BF68
:10A15000904206D005460C46044AFFF7F1FDC6E9D9
:10A160000054024B987870BD10460020F853002030
:10A1700070B5094EFFF79AFFD6E90023994208BF50
:10A18000904206D005460C46044AFFF7D9FDC6E9C1
:10A190000054024B587870BD10460020F853002040
:10A1A00070B5094EFFF782FFD6E90023994208BF38
:10A1B000904206D005460C46044AFFF7C1FDC6E9A9
:10A1C0000054024B187870BD10460020F853002050
:10A1D00070B5094EFFF76AFFD6E90023994208BF20
:10A1E000904206D005460C46044AFFF7A9FDC6E991
:10A1F0000054024B187970BD10460020F85300201F
:10A2000070B5094EFFF752FFD6E90023994208BF07
:10A21000904206D005460C46044AFFF791FDC6E978
:10A220000054024B587970BD10460020F8530020AE
:10A2300070B50A4EFFF73AFFD6E90023994208BFEE
:10A24000904206D005460C46054AFFF779FDC6E95F
:10A250000054034B987900F2B27070BD1046002094
:10A26000F8530020084B09491B68094A0344126847
:10A2700010B40B600221074B074C1970074B20608C
:10A280001A605DF8044B704758330020F4530020E7
:10A290000C5A00203E5A002004540020A0520020F6
:10A2A000034A0449044B126808601A60FFF7FEBEB7
:10A2B0000454002080590020F4530020034B04492B
:10A2C0001B68044A0344086013607047045400206C
:10A2D00058330020F4530020000000002DE9F04323
:10A2E0002DED088B89B093ED00BADDF86490189DD0
:10A2F000D9ED00BA95ED008A7BEE6B8AB7EEC87A8D
:10A3000078EEA88A9FED779B28EEA8AA27EE099BF6
:10A31000B0EE4A0AB7EECAAAA8EE080A29EE079BD1
:10A32000DDE91A87B5EE400ADDE91C64F1EE10FAAA
:10A3300000F1C980F1EEC07AB4EECA9BF1EE10FADA
:10A3400040F1B68068EE275A67EEA87A25EEA57A26
:10A3500075EEA56AB0EE475A97EEA77A66EEA76A41
:10A36000A7EEA75AB0EE476A86EE857AC6EE056A72
:10A37000F1EE472A68EE073A97ED005A2BEE876A0E
:10A3800098ED002A2BEE224AD6F800C0F0EE634A80
:10A390000DF1200EA8EE266AA8EE264ADBEEA64AAC
:10A3A000EBEE263A25EE073A25EE265A26EE076A08
:10A3B000A2EE263A24EE877A64EEA64AA3EEA66AB7
:10A3C000A4EE267AE4EE224AA2EE225A83ED006A37
:10A3D00085ED007AC9ED004A88ED003A87ED005A14
:10A3E000C6F800C004EB820C94ED035A0EEB820217
:10A3F00094ED006AD4ED016A67EE853A94ED027A35
:10A4000027EE864A67EEA64A67EE877AC4ED033ADE
:10A4100084ED004A66EEA56AC4ED014A27EE257A6E
:10A42000C4ED027A26EE256ADCED007ACDED066AEF
:10A43000E5EE257A8DED056A8DED077A12ED037A4A
:10A4400004EB80020EEB8000CCED007AD4ED037AB1
:10A4500077EEC77A10ED037AC4ED037A04EB81043A
:10A460000EEB8101D2ED007A51ED036A77EEA67A08
:10A47000C2ED007AD4ED007A77EEC77AC4ED007AA7
:10A48000D9F800E0D7F800C034682868D8F8001080
:10A490001A68C3F800E0C5F800C0C9F80040C8F861
:10A4A00000003960326009B0BDEC088BBDE8F08374
:10A4B0009FED0E7ADFED0E2AF0EE476ADFED0D7AA2
:10A4C000DFED0D5A56E7CDE90223CDE9000109F091
:10A4D00061FAF0EE407ADDE90223DDE900012BE7C5
:10A4E000AFF300801FCC32334F501740F404353F98
:10A4F000F40435BF5E836C3F15EFC33E20EEA06AC7
:10A50000354BF6EE006A9FED355AF7EE085ADFED4F
:10A51000344AA0EE006AB0EEC07AB0EE654A16EE9C
:10A52000102A66EE266AA3EB620307EE903A66EE07
:10A53000A73AA7EEE34A67EE847A66EEA76AE7EEEB
:10A54000E65A67EEA57A67EE867AF4EEC57AC7FE1C
:10A55000857A37EE277AF1EE10FAB4EEE40A70FE4F
:10A56000A40AC1ED000AF1EE10FA80ED007A05D5DB
:10A57000D1ED007A81ED007AB0EE677A80ED007A55
:10A58000F6EE006AD1ED007AB7EE086A124B67EE7C
:10A59000A77AF0EE465AE7EE077A17EE902A67EEB2
:10A5A000A66AA3EB620307EE903A26EEA75AE7EEFF
:10A5B000C55A67EEA57A66EEA76AA7EEE66A67EE69
:10A5C000867A27EE277A80ED007A91ED007A67EEA1
:10A5D000277AC1ED007A70479E59375FBD378635BF
:10A5E0000000000021EEA15A61EE825A22EE026ABA
:10A5F00061EEA26A22EE227A62EEA27AA0EE005A00
:10A60000E0EE205AA0EEA06AE0EE016AA0EE817AA8
:10A61000E1EE017AA3EE035AE3EE235AA3EEA36A16
:10A62000E3EE046AA3EE847AE4EE047A2DE9F04FB7
:10A630002DED0C8B9BB0F0EE409AF0EE608A4FF05F
:10A64000040A09934FF07E53B0EE419A0DF1580978
:10A65000B0EE61CA1993B0EE428A0023B0EE62AA4E
:10A660000DF13C08B0EE43BA0EAFF0EE63BA0DAE9A
:10A67000F0EE44AA0CAD0BACDDF804B106908DED04
:10A680000A5ACDED0B5A8DED0C6ACDED0D6A8DEDAC
:10A690000E7ACDED0F7A169317931893CDE9071222
:10A6A0000AAB022201210020CDE90489CDE902672D
:10A6B000CDE90045FFF712FE0AAB0022022101207E
:10A6C000CDE90489CDE90267CDE90045FFF706FE33
:10A6D0000AAB012200210220CDE90489CDE90267FD
:10A6E000CDE90045FFF7FAFDBAF1010AD8D19DED99
:10A6F000174AB0EE003ADDED184A24EE046A9DEDEB
:10A70000167A64EEA45ADDED197A3E9B67EE873A1D
:10A71000F0EE652A76EE255AA7EE076A67EE846AA0
:10A7200067EEA47AE7EE072AB0EE465AB7EE006A63
:10A73000B0EE462AA5EEC32AF0EE465AA2EEC36A50
:10A74000E5EE435AB0EE675A83ED002AE7EE047A4D
:10A750003F9B97EE045A77EEA77A35EE055A83EDC4
:10A76000005AB0EE665AD7EE246A409BA7EE245AF0
:10A77000B0EE637A94EE247A76EEA66A35EE055A48
:10A7800083ED005ACBED007AF0EE637A429B37EE10
:10A79000077AE4EE247A83ED006A439B83ED007A26
:10A7A000449B77EEA77AC3ED006A459BC3ED007A20
:10A7B000469BC3ED005A429B9BED006A93ED007AE5
:10A7C0003E9B66EE083A27EE082A93ED005A27EEE4
:10A7D000280A3F9B27EE2B7A26EE284AD3ED004A23
:10A7E000E5EE0C3A439B26EE2B6AA4EE8C2AD3EDC1
:10A7F000006AA4EE8B7A409BA5EE294A66EEA87A01
:10A8000026EE888A93ED003A66EEAB6A449BE3EE4F
:10A81000297AA4EEA90AE3EE0B6AA3EE0C8AA5EE50
:10A820000B6AE9EE257AEAEEA56AAAEE258AB0EE71
:10A83000673AF0EE668AD3ED006A459B68EE085AE7
:10A84000E6EE8A3AD3ED007AA6EE894AA6EEAA6A27
:10A85000A7EEAA7AA7EE8A2AA7EE890A63EEA36A70
:10A86000E3EE035AF1EE442AF0EE471A22EE027AA2
:10A87000E4EE046AA0EE007AE8EEA85AE6EE066A74
:10A88000A1EEA17AF4EEC76AF1EE10FA00F1CF81E1
:10A89000B0EE661AF1EE457AF0EE620AF0EE476A23
:10A8A000B1EE409AB0EE417AF0EE402AB1EE42AA03
:10A8B000B0EE440AF0EE429AB1EE611AB0EE614A8F
:10A8C000F1EE634AB1EE465AB0EE632AF0EE461A54
:10A8D000F4EEC75AF1EE10FA2BDD409BF0EE681A49
:10A8E0003E9AB0EE482A1B68B0EE430AF0EE458A65
:10A8F0001360B0EE648A409BB0EE603A449AF0EE8A
:10A90000475AC3ED007A439BDBED007A1B68F1EEFA
:10A91000677ACBF80030439BC3ED007A449BD3EDBC
:10A92000007A469BF1EE677A1B681360469BC3ED85
:10A93000007AF4EEE65AF1EE10FA00F3AD81469B90
:10A94000B0EE681AB0EE48AAB0EE439AD3ED007AA2
:10A95000F0EE448AB0EE698AB0EE623A469BF7EEBA
:10A96000009AF0EE420A11A910A8C3ED007AFFF791
:10A97000C5FDDDED11AA9DED10CAF0EE695A3AEE63
:10A98000AA7A359B7CEE0C7A13A912A8EAEEC75A74
:10A9900067EEAA2A62EE826A62EE887A22EE8A7AEC
:10A9A000E0EE256AE5EE837A25EE822AA5EE897A25
:10A9B00025EE888AA2EEC02AB0EE666AF0EE676ADB
:10A9C00065EE8A7A83ED006AA2EEC38A369BE2EED8
:10A9D000C97AC3ED006A379B83ED007A389B83ED1B
:10A9E000002A399B83ED008A3A9BC3ED007A3B9B9A
:10A9F000C3ED001A3C9BC3ED008A3D9B83ED001A1A
:10AA0000359B93ED000A3B9BD3ED008AF0EE680A7C
:10AA1000FFF774FD9DED13BAB0EE695ADDED12BA81
:10AA20007BEE0B6A3C9B3BEEABDA15A993ED007A0B
:10AA300014A8ABEE665A369B2BEE0D2AD3ED007AA6
:10AA4000379B22EE079A68EE82CA25EE077A68EEF7
:10AA5000855A25EE016AA2EE677AA5EE279AD3ED14
:10AA6000007AE2EE405A399BA2EE676AE0EE05CA30
:10AA700093ED000A389B22EE011AF0EE470A93ED9F
:10AA800000AAB0EE473A3A9BA5EE271AF0EE658A87
:10AA9000B0EE468AD3ED001AFFF730FD359BBFEECE
:10AAA000004ADDED154AC3ED00CAB0EE007A369BD0
:10AAB0006AEEAA7A24EEA46A83ED009AF0EE443A94
:10AAC000379B6BEE0B6AB0EE699A83ED001AB0EE1D
:10AAD000441AE6EE073A389BA6EE874AA7EE871A95
:10AAE000A6EEC79A2CEE2B5AF1EE005AF0EE690A48
:10AAF00025EE0B5A6DEE017A6BEEA56A2CEE256AF7
:10AB000067EE8B7A6AEEA55A23EEE77AFAEE007AC0
:10AB10006CEE277A67EEAB7A65EE23BA34EEA45A70
:10AB2000E4EEC50A9DED145A26EE056A66EE856AC6
:10AB300067EE857A26EE2A6A66EE816A67EEAA7A61
:10AB4000A4EE867AB0EE6B6A66EE8B6A28EEA0CA37
:10AB5000F0EE479A2AEE857A35EE055A67EE8BAA13
:10AB6000A4EE876A24EE85BA63EE207AF0EE4BBA43
:10AB7000EBEE407A23EE0B7AD5EE86BA68EE8B5A6E
:10AB8000A0EE207AB0EE4C3AEAEE205A28EE206A87
:10AB9000ABEE4A3AABEE616AC3ED005AF0EE675A8B
:10ABA00062EEA37A399B83ED007A25EE097AE4EE12
:10ABB000A67A3A9B68EE0B6A22EE899A27EE247AEF
:10ABC000E1EEA06AC3ED006A61EE046A3B9B24EEED
:10ABD000234A83ED003A3C9BC3ED005A3D9B83ED35
:10ABE000006A21EE236A069BC3ED006A079BC3ED52
:10ABF000007AF0EE467A089BE4EEAA7AC3ED009A5A
:10AC0000099B83ED009A309BC3ED007A319BC3ED25
:10AC100000BA329B83ED002A339B83ED007A349B8C
:10AC200083ED004A1BB0BDEC0C8BBDE8F08F3E9B62
:10AC3000F1EE457A449AB0EE449AC3ED004AF1EE43
:10AC4000639A3F9BB0EE63AAB1EE464AC3ED007A29
:10AC5000B0EE461A429BF1EE400ADBED007AF1EECF
:10AC6000424A1B68B1EE615AF1EE677ACBF80030C8
:10AC7000429BC3ED007A449BD3ED007A459BF1EEF5
:10AC8000677A1B681360459BC3ED007A3E9BD3ED4A
:10AC9000007AF1EE677A1BE63F9B3F9AD3ED007A8C
:10ACA000409BF1EE677A1B681360409B429AC3EDAC
:10ACB000007A429BD3ED007A439BF1EE677A1B68E2
:10ACC0001360439B459AC3ED007A459BD3ED007A10
:10ACD000469BF1EE677A1B6813603FE69FED011B10
:10ACE00008F010BC182D4454FB21194091ED044B81
:10ACF00092ED027B91ED025B92ED046B27EE447BBB
:10AD0000A5EE067B80ED007B91ED004B92ED047B80
:10AD100091ED045B92ED006B27EE447BA5EE067B84
:10AD200080ED027B91ED024B92ED007B91ED005B9B
:10AD300092ED026B27EE447BA5EE067B80ED047B53
:10AD4000704700BF90ED020B91ED023B90ED004B80
:10AD500091ED005B20EE030B90ED046B91ED047B15
:10AD6000A4EE050BA6EE070B704700BF90ED027B2B
:10AD700090ED005B90ED046B27EE070B00B5A5EEA0
:10AD8000050B2DED088B91ED028B91ED00AB91ED54
:10AD9000049B27EE087B83B0A6EE060BA5EE0A7B8C
:10ADA000B5EE400BF1EE10FAA6EE097B19D4B1EE28
:10ADB000C0BB28EE088BAAEE0A8BA9EE098BB5EE74
:10ADC000408BF1EE10FA15D4B1EEC80B20EE0B0B50
:10ADD00087EE000B03B0BDEC088B5DF804EB08F0C8
:10ADE00035BB8DED007B08F0B1FBB0EE40BB9DEDB7
:10ADF000007BDEE7B0EE480B8DED007B08F0A6FB94
:10AE00009DED007BE2E700BF90ED027B90ED005BE3
:10AE100090ED046B27EE077BA5EE057BA6EE067B87
:10AE2000B5EE407BF1EE10FA02D4B1EEC70B7047DD
:10AE3000B0EE470B08F08ABB91ED020B00B520EE97
:10AE4000000B2DED028B91ED008B91ED047B83B017
:10AE5000A8EE080BA7EE070BB5EE400BF1EE10FACB
:10AE60001AD4B1EEC07BB7EE005B85EE076B26EE21
:10AE7000088B80ED008B91ED027B27EE067B80ED49
:10AE8000027B91ED047B27EE067B80ED047B03B013
:10AE9000BDEC028B5DF804FBCDE9000108F056FB28
:10AEA000B0EE407BDDE90001DDE700BF10B52DED20
:10AEB000068BB0EE40AB0446B0EE410BB0EE419BCA
:10AEC00008F070FCB0EE408BB0EE4A0B08F06AFC64
:10AED000B0EE407BB1EE4A0B28EE077B84ED007BA1
:10AEE00008F0E8FC28EE008BB0EE490B84ED028BF5
:10AEF00008F0E0FCBDEC068B84ED040B10BD00BF38
:10AF000001F1480C1831183051E906238C4540E90D
:10AF1000062351E9042340E9042351E9022340E9CF
:10AF20000223EFD1704700BF01F1180C1830F1E88F
:10AF3000022340E90623D1E904238C4540E9042398
:10AF4000D1E90A2340E90223F0D1704790ED0A6B62
:10AF500090ED0C7B90ED064B90ED102B27EE465BB1
:10AF600090ED0E3B90ED081BA2EE045B26EE436BCA
:10AF700027EE417BA1EE026BA3EE047B90ED020B6A
:10AF800090ED044B20EE450B90ED005BA5EE060B1B
:10AF9000A4EE070B704700BF08B5034608462DED29
:10AFA000028BFFF7D3FFB7EE005B91ED101B85EE30
:10AFB000007B91ED026B91ED0E8B91ED043B26EE43
:10AFC000416B91ED0A4B91ED085BA8EE036B24EE0B
:10AFD000482BA5EE012B26EE076B22EE072B83ED07
:10AFE000026B91ED086B91ED021B83ED002B26EEB9
:10AFF000436B91ED0C2B91ED065BA4EE016B26EEFD
:10B00000076B83ED046B91ED103B91ED0A6B91EDB5
:10B01000044B25EE435BA6EE025B25EE075B83ED5A
:10B02000065B91ED0C1B91ED000B91ED062B21EED3
:10B03000445B20EE466BA3EE005BA4EE026B25EEB4
:10B04000074B26EE075B83ED084B91ED084B91ED26
:10B050000E6B91ED023B83ED0A5B24EE415BA2EEA9
:10B06000065B25EE075B83ED0C5B91ED004B91EDEC
:10B070000C5B91ED062B24EE466BA5EE036B26EEE2
:10B08000076B83ED0E6B91ED026B91ED085BBDECF0
:10B09000028B26EE426BA4EE056B26EE077B83ED5A
:10B0A000107B08BDF0B501F1480602F1480502F138
:10B0B0006004AC468646ACF148030A469FED0B7B24
:10B0C0001F461833B2EC025B97ED006B6345A5EEAB
:10B0D000067BF5D103F1080CA445AEEC027BEAD166
:10B0E00018311830B142E4D1F0BD00BF00000000BB
:10B0F0000000000010B501F1480402F1180E1346DB
:10B100008C469FED087BB3EC026BBCEC025B734595
:10B11000A5EE067BF7D11831A142A0EC027BEED15F
:10B1200010BD00BF0000000000000000B7EE007B73
:10B130000022002380ED007BC0E90623C0E90C2338
:10B14000C0E9022380ED087BC0E90E23C0E9042397
:10B15000C0E90A2380ED107B704700BF82B010B5B4
:10B160002DED028B9DED068B04A90446B0EE480B35
:10B1700081E80C0008F016FBB0EE407BB0EE480B07
:10B18000B0EE478B08F096FB9DF81030012B08D0ED
:10B19000022B42D01BB3BDEC028BBDE8104002B0C5
:10B1A0007047B1EE407B0022002300202A4984ED45
:10B1B000008B84ED108BBDEC028B84ED040BC4E995
:10B1C000062384ED0C7BC4E90223C4E90801C4E929
:10B1D0000E23C4E90A23BDE8104002B07047B1EE67
:10B1E000407B0022002300201B4984ED088B84ED66
:10B1F000108BBDEC028B84ED0E0BC4E90001C4E999
:10B200000623C4E90C23C4E90223C4E9042384ED22
:10B210000A7BBDE8104002B07047B1EE407B0022CF
:10B22000002300200C4984ED008B84ED088BBDECDD
:10B23000028B84ED060BC4E90C2384ED027BC4E988
:10B240000E23C4E90423C4E90A23C4E91001BDE8BC
:10B25000104002B0704700BF0000F03F2DE9F04100
:10B260000024B8B0204D171E8046CDE91445CDE925
:10B270001C45CDE924454FF000044FF00005CDE911
:10B280001A45CDE92045CDE91645CDE92245CDE960
:10B290001845CDE91E4524DD0C46002526AE04F1F7
:10B2A0000803013593E803008DE8030002A894E841
:10B2B0000C00FFF753FF02AA14A93046FFF7F2FE75
:10B2C0004822314614A806F085FAAF4204F1100472
:10B2D000E5D148223146404606F07CFA38B0BDE858
:10B2E000F08126AEF5E700BF0000F03FB7EE007B2F
:10B2F00090ED040BF8B5B4EEC70B04460F461646A6
:10B300001D46F1EE10FA31D5BFEE007BB4EEC70B4F
:10B31000F1EE10FA18DD08F0C5F886ED000B94ED9B
:10B320000A0B94ED101BB1EE400B08F0E7F887ED27
:10B33000000B94ED020B94ED001BB1EE400B08F0F6
:10B34000DDF885ED000BF8BD0AA3D3E90023C6E9BB
:10B35000002300220023C7E9002394ED081B94ED8D
:10B36000060B08F0CBF885ED000BF8BD03A3D3E97D
:10B370000023ECE7182D4454FB21F9BF182D445449
:10B38000FB21F93F82B010B52DED048B06A981E8B1
:10B390000C009DF81830EBB3044690ED008B9FED48
:10B3A000217BB4EEC78BF1EE10FA33D49FED1F5B17
:10B3B0009FED206B9FED212B9FED223BA8EE056BAF
:10B3C0009DED087B9FED214B37EE037B82EE060B54
:10B3D00084EE079B9DED0A6B9FED1E3B9FED1F7B4F
:10B3E00086EE034BA8EE050B20EE070B29EE049B1F
:10B3F00008F0A0FA9FED1B4B9FED1C5B9FED1D6BB2
:10B4000084EE007B37EE057B27EE097BA7EE068BEB
:10B4100084ED008BBDEC048BBDE8104002B070479A
:10B42000AFF30080B81E85EB51B8AEBFF8C1631A08
:10B43000DCA54C40713D0AD7A37014409A999999A4
:10B4400099992440000000000010714000000000A5
:10B4500000B071400000000000908F40399D52A262
:10B4600046DF913F52B81E85EB51F03F511ECCDCB8
:10B4700032965F3FA396CF574B10333F82B010B543
:10B480002DED048B06A981E80C009DF81830EBB374
:10B49000044690ED008B9FED217BB4EEC78BF1EE5F
:10B4A00010FA33D49FED1F5B9FED206B9FED212B96
:10B4B0009FED223BA8EE056B9DED087B9FED214B98
:10B4C00037EE037B82EE060B84EE079B9DED0A6B45
:10B4D0009FED1E3B9FED1F7B86EE034BA8EE050BF9
:10B4E00020EE070B29EE049B08F024FAB7EE004B80
:10B4F0009FED1A5B84EE007B9FED1A6B37EE057BA8
:10B5000029EE479BA9EE068B84ED008BBDEC048BE6
:10B51000BDE8104002B07047AFF30080B81E85EB65
:10B5200051B8AEBFF8C1631ADCA54C409A999999FD
:10B53000999911403D0AD7A3703D1D4000000000BD
:10B54000001071400000000000B0714000000000D9
:10B5500000908F40399D52A246DF913FE71C3C137B
:10B560009A24563FA396CF574B10333F704700BFE6
:10B57000704700BFF0B52DED0E8BB5B014460D46EB
:10B5800031AB32AE30AA2EA933AF90ED0E7B90EDE9
:10B59000045B90ED026B90ED104B90ED0C8B90EDF9
:10B5A000080B90ED0A2B90ED061BF7EEC73BB7EEAC
:10B5B000C83BB7EEC44BF7EEC22BF7EEC11BB7EE9C
:10B5C000C02BB7EEC51BF7EEC60B90ED007BCDE9A7
:10B5D00014362FAB19A8B7EEC70B1697CDE9123268
:10B5E0002DAB2CAACDE910312BAB2AA9CDE90E3217
:10B5F00029AB28AACDE90C3127AB26A9CDE90A321F
:10B6000025AB24AACDE9083123AB22A9CDE9063226
:10B6100021AB20AACDE904311FAB1EA9CDE902322E
:10B620001DAA1CABCDE900211BAA1AA9FEF7DAFF5F
:10B630009DED197A9DED1AEAB7EEC77A9DED1BDAFA
:10B640009DED1CCAB7EECEEA9DED1DBAB7EECDDA80
:10B650009DED1EAAB7EECCCA9DED1F9AB7EECBBAF0
:10B660009DED208AB7EECAAA9DED210AB7EEC99AD0
:10B670009DED2B1AB7EEC88A9DED2C2AB7EEC00AB5
:10B680009DED2D3AB7EEC11A9DED2E4AB7EEC22AB6
:10B690009DED2F5AB7EEC33A9DED306AB7EEC44A1E
:10B6A000B7EEC55AB7EEC66A85ED007B9DED317ADF
:10B6B000B7EEC77A85ED02EB85ED04DB85ED06CBB1
:10B6C00085ED08BB85ED0AAB85ED0C9B85ED0E8BFA
:10B6D00085ED100B84ED0C7B84ED0A6B84ED001B73
:10B6E00084ED022B84ED043B84ED064B84ED085B76
:10B6F0009DED326A9DED337AB7EEC66AB7EEC77A32
:10B7000084ED0E6B84ED107B35B0BDEC0E8BF0BD7F
:10B710000222B1EE422B012180F820200022017488
:10B72000027080ED020B80ED061B80ED0A2B704746
:10B730002DE9F041B6B00446904601F110070DF135
:10B74000180C01F120050AAE0DF1380E0FC98CE876
:10B750000F0097E80F0086E80F0095E80F008EE8CD
:10B760000F00614612A80322FFF778FD424612A996
:10B7700024A8FFF797FC6B4602AA04A924A8FFF7A8
:10B78000B5FD20469DED002B9DED021B9DED040BAC
:10B7900000F088FC204636B0BDE8F08182B02DE98B
:10B7A000F0412DED028BAEB001F1100701F1200543
:10B7B00036AC0DF1300C10AE0DF1500E84E80C00DB
:10B7C0000023012204469DF8D880CDE918339FED6F
:10B7D000257B8DF860200FC98CE80F0097E80F00DB
:10B7E00037EE400B86E80F0095E80F008DED1A0B41
:10B7F0008EE80F00614604221CA8FFF72FFD1CA84D
:10B800000AAB08AA06A9FFF771FDB8F1000F1FD116
:10B810009DED0A7B9FED150B9DED081B9DED068BA5
:10B8200030EE470B8DED041BFFF758FA4146B0EEA2
:10B83000402B2046B0EE480B9DED041B00F07EF936
:10B8400020462EB0BDEC028BBDE8F04102B070473F
:10B8500038AB0FCB8DE80F0036AB08A80CCBFFF749
:10B8600091FDD5E7182D4454FB21F93F182D445480
:10B87000FB21094082B010B592B08E460DF1580CF4
:10B8800014AC84E80C0004469CE80F008DE80F001F
:10B8900014AB714604A80CCBFFF780FF204604A927
:10B8A000DDE91A2300F0EEF9204612B0BDE81040A1
:10B8B00002B0704790ED020B704700BF90ED060B91
:10B8C000704700BF90ED0A0BB1EE400B704700BF10
:10B8D00090ED0A0B704700BF0000000090ED0A7B5E
:10B8E00008B530EE070BFFF7F9F9B5EEC00BF1EE36
:10B8F00010FA00D408BD9FED037B30EE070B08BDA6
:10B90000AFF30080182D4454FB211940F8B52DEDFC
:10B910000C8B91ED00AB0C46B0EE40BB05461746D4
:10B92000B0EE4A0B1E4607F03DFFB0EE408B94EDA3
:10B9300002DBB0EE4D0B07F035FF28EE00CB9FED9C
:10B94000737BB0EECC6BB4EEC76BF1EE10FA00F186
:10B95000CF80B0EE409BB0EE4A0B07F0ABFFB0EEED
:10B9600040ABB0EE4D0B07F0A5FFB0EE40DB95ED20
:10B97000047B9FED686BAAEE407B87EE0C0BB4EE68
:10B98000C60BF1EE10FA00F1B3809FED647BB4EECC
:10B99000C70BF1EE10FA00F3AB80B7EE007BB4EE0C
:10B9A000C70BF1EE10FA40F3A780B0EE470B07F09B
:10B9B00079FD9FED5C5B94ED047B35EE40CB3BEE77
:10B9C000077B3CEE476BB4EEC56BF1EE10FA08DD79
:10B9D0009FED564B36EE446BB4EEC56BF1EE10FAAC
:10B9E000F8DC9FED545BB4EEC56BF1EE10FA08D8AD
:10B9F0009FED4E4B36EE046BB4EEC56BF1EE10FAD4
:10BA0000F8D930EE477BB0EEC66B9FED465BB4EEE7
:10BA1000C57BF1EE10FA08DD9FED444B37EE447B19
:10BA2000B4EEC57BF1EE10FAF8DC9FED425BB4EEAC
:10BA3000C57BF1EE10FA08D89FED3C4B37EE047B46
:10BA4000B4EEC57BF1EE10FAF8D9B0EEC77BB4EED8
:10BA5000C76BF1EE10FA58BFB0EE40CBB0EE4C0B16
:10BA600007F0A0FEB0EE40BBB0EE4C0B07F022FF9B
:10BA700028EE000B28EE0B1B2DEE400BAAEE090B57
:10BA800007F03CFDB0EE408B95ED001B95ED020BF1
:10BA900007F034FD38EE400B9FED227BB4EEC70B70
:10BAA000F1EE10FA08DD9FED216B30EE460BB4EE9F
:10BAB000C70BF1EE10FAF8DC9FED1E7BB4EEC70B5E
:10BAC000F1EE10FA08D89FED196B30EE060BB4EECC
:10BAD000C70BF1EE10FAF8D9012087ED000B94EDB9
:10BAE000047B3CEE47CB86ED00CBBDEC0C8BF8BD68
:10BAF000BDEC0C8B0020F8BDBFEE007BB4EE470B15
:10BB0000F1EE10FA48BFB0EE470B50E711EA2D8175
:10BB10009997713D30B844000000F0BF30B8440040
:10BB20000000F03F182D4454FB210940182D4454C7
:10BB3000FB211940182D4454FB2109C09FED117BB6
:10BB400038B52DED048BB0EE409B0446B0EE418B32
:10BB50000D4637EE420BFFF7C1F8002302222046C4
:10BB60002370012384F8305084F82020237484ED5E
:10BB7000029B84ED068BBDEC048B84ED0A0B38BD73
:10BB8000AFF30080182D4454FB210940F0B5002389
:10BB9000A9B0044601F110070DF1180C01F12005C0
:10BBA0000AAE0DF1380E9FED197BCDE9123301235A
:10BBB00037EE400B8DF848300FC98CE80F0097E83E
:10BBC0000F00B1EE400B86E80F0095E80F008EE8FD
:10BBD0000F00614616A804228DED140BFFF73EFB03
:10BBE00004AB02AA694616A8FFF780FB20469DED2C
:10BBF000042B9DED021B9DED000BB1EE422BFFF7D8
:10BC000087FD204629B0F0BDAFF30080182D4454C5
:10BC1000FB21F93F2DE9F041B6B00446904601F111
:10BC200010070DF1180C01F120050AAE0DF1380EC8
:10BC30000FC98CE80F0097E80F0086E80F0095E821
:10BC40000F008EE80F00614612A80322FFF706FBE3
:10BC5000424612A924A8FFF725FA04AB02AA6946B6
:10BC600024A8FFF743FB20469DED042B9DED021B0E
:10BC70009DED000BB1EE422B00F0DCF8204636B013
:10BC8000BDE8F08193ED007B2DE9F047B5EE407BF8
:10BC90001C4605468C469146F1EE10FA2DED048BBC
:10BCA000ADF5067D16D193ED027BB5EE407BF1EE4E
:10BCB00010FA0FD193ED047BB5EE407BF1EE10FA54
:10BCC00008D1FFF7A7FF28460DF5067DBDEC048BD4
:10BCD000BDE8F0870DF1400E0CF1100A0CF12007C1
:10BCE0000DF1500818AE9CE80F008EE80F009AE89E
:10BCF0000F0088E80F0097E80F0086E80F007146F4
:10BD000003222CA8FFF7AAFA4A462CA93EA8FFF75F
:10BD1000C9F904AB02AA69463EA8FFF7E7FA08ABE7
:10BD200006AA21460AA8DDE93E679DED028BCDE912
:10BD30000A67DDE94067B0EE480BCDE90C67DDE945
:10BD40004267CDE90E67FFF7E1FD002846D00223E8
:10BD50001CA9042250A88DF870308DF8A030012362
:10BD60009DED088B94ED005B94ED046B94ED027BEC
:10BD7000B1EE455B8DF8803036EE086B0023B1EEF6
:10BD8000477B8DF890309DED069B8DED1E5B8DED14
:10BD9000226B8DED267B8DED2A9BFFF75FFA50A974
:10BDA00062A8FFF7C1F862AA3EA974A8FFF77AF962
:10BDB0009DED7C1B9DED820B07F0A0FBB1EE492BA6
:10BDC000B0EE481B28468DED000B00F033F82846F6
:10BDD0000DF5067DBDEC048BBDE8F0879DED042BD1
:10BDE0009DED000BB0EE481B2846B1EE422B00F053
:10BDF00021F828460DF5067DBDEC048BBDE8F087E3
:10BE000090ED020B704700BF90ED060B704700BF2E
:10BE1000000000009FED030B90ED0A7B30EE470B16
:10BE2000FEF75CBF182D4454FB21094090ED0A0B2E
:10BE3000704700BF0222B1EE422B012180F8202082
:10BE400000220174027080ED020B80ED061B80ED74
:10BE50000A2B70472DE9F0432DED028BBDB017463C
:10BE600001F1100901F120050DF1300C044610AE6E
:10BE70000DF1500E9DF818810FC98CE80F0099E85C
:10BE80000F0086E80F0095E80F008EE80F0061466E
:10BE9000032218A8FFF7E2F93A4618A92AA8FFF7E3
:10BEA00001F90AAB2AA808AA06A9FFF71FFAB8F1F8
:10BEB000000F1DD19DED0A7B9FED120B9DED081B20
:10BEC0009DED068B30EE470B8DED041BFEF706FF54
:10BED0004146B0EE402B2046B0EE480B9DED041BD2
:10BEE000FFF72CFE20463DB0BDEC028BBDE8F08391
:10BEF00048AB0FCB8DE80F0046AB08A80CCBFFF783
:10BF0000BDFAD7E7182D4454FB2109C070B52DEDBB
:10BF1000028BC6B004468C461546529B9DF8306194
:10BF200093ED007B93ED026BB5EE407BF1EE10FAE2
:10BF300057D1B5EE406B93ED044BF1EE10FA53D0B0
:10BF4000B1EE477B32A9B1EE466B0EA8DCE90223C5
:10BF50009CED065BCDE93423DCE90A2335EE045B76
:10BF6000CDE94423002305228DF8C8308DF8F83040
:10BF700002238DF8D8308DF8083101238DED387B00
:10BF80008DF8E8308DED406B8DED3C5BFFF766F989
:10BF90002A460EA920A8FFF785F80CAB20A80AAA0C
:10BFA00008A9FFF7A3F9C6BB9DED0C7B9FED210B04
:10BFB0009DED0A1B9DED088B30EE470B8DED061BAA
:10BFC000FEF78CFE3146B0EE402B2046B0EE480B1B
:10BFD0009DED061BFFF7B2FD204646B0BDEC028B7F
:10BFE00070BD93ED044BABE7B5EE404BF1EE10FAAC
:10BFF000A6D10DF5987E6E46BEE80F000FC69EE8EE
:10C0000003002A4686E8030020466146FFF722FF28
:10C01000204646B0BDEC028B70BD4EAB0FCB8DE819
:10C020000F004CAB0AA80CCBFFF728FABCE700BF07
:10C03000AFF30080182D4454FB2109C070B598B0AF
:10C0400004460D461646229B0DF1700EEC460693F3
:10C05000BEE80F008DED080BACE80F009EE8030072
:10C0600032468CE8030029460AA8FFF74FFF204616
:10C070000AA99DED080BFFF789FD204618B070BD99
:10C0800090ED020B704700BF90ED060B704700BFAC
:10C0900090ED0A0BB1EE400B704700BF90ED0A0B1C
:10C0A000704700BF0222012180F820200022017485
:10C0B000027080ED020B80ED061B80ED0A2B7047AD
:10C0C0002DE9F041B6B00446904601F110070DF19C
:10C0D000180C01F120050AAE0DF1380E0FC98CE8DD
:10C0E0000F0097E80F0086E80F0095E80F008EE834
:10C0F0000F00614612A80322FFF7B0F8424612A9CA
:10C1000024A8FEF7CFFF02AB04AA694624A8FFF7D4
:10C11000EDF820469DED022B9DED041B9DED000BDF
:10C12000B1EE422BFFF7F4FA204636B0BDE8F081BD
:10C1300090ED020B704700BF90ED060B704700BFFB
:10C1400090ED0A0B704700BF2DE9F04786B090468E
:10C1500099464FF0FF3200230E9C026006460B60AA
:10C160000F46C8F80030C9F8003025789DF83CA08B
:10C17000202D03D114F8015F202DFBD02046BAF109
:10C18000000F07D00BF06EFF082853D0002006B038
:10C19000BDE8F0870BF066FF0728F7D18DF8045053
:10C1A00004AD8DF806A00DF1040A63780A22294631
:10C1B00050468DF805300BF0F7F847F6FF7303444F
:10C1C000B3F5803F03D2049B534500D03060A37881
:10C1D0003A2BDBD1E3780A2203A928468DF81030E8
:10C1E00023798DF8113000238DF812300BF0DCF834
:10C1F00047F6FF730344B3F5803F03D2039BAB4282
:10C2000018BF386063792E2BC0D1A379303BC8F8B2
:10C2100000303368172BB9D83B683B2BB6D8D8F819
:10C220000030B3F5167FB1D2D9F800303B2BADD832
:10C230000120ACE763780DF1040A8DF8045004ADD9
:10C240008DF8053000230A22294650468DF8063025
:10C250000BF0AAF847F6FF730344B3F5803F03D20F
:10C26000049B534500D03060A3783A2B8ED1E378FD
:10C270000A2203A928468DF8103023798DF8113051
:10C2800000238DF812300BF08FF847F6FF7303444C
:10C29000B3F5803F03D2039BAB4218BF386063798C
:10C2A0003A2B7FF473AFA37902AD03A90A228DF86C
:10C2B00008302846E3798DF8093000238DF80A30DC
:10C2C0000BF072F847F6FF730344B3F5803FA0D23A
:10C2D000039BAB429DD0C9F800009AE710B5144605
:10C2E00086B0844605AB04AA02A8CDE9001403A9D0
:10C2F0006446FFF729FF18B3DDED037AB8EEE74B8C
:10C30000DDED047A9FED0F3BB8EEE76BDDED057ACE
:10C310009FED0E1BB8EEE75B84EE037B86EE013BE0
:10C32000DDED026AB8EEE66B9FED0A2B85EE024B5F
:10C3300037EE067B37EE037B37EE047B84ED007B24
:10C3400006B010BD0000000000004E4000000000DC
:10C3500000C08240000000000020AC402DE9F04FFA
:10C360002DED028B0F7889B00C468046202F1646A3
:10C370001D4603D114F8017F202FFBD020460BF07F
:10C3800071FE0DB906287BD0092806D00027384653
:10C3900009B0BDEC028BBDE8F08F4FF00009002E14
:10C3A00072D02D2F00F091802B2FEFD1B7EE008BA4
:10C3B00063780DF1180B04AF0A228DF8103059463E
:10C3C000A37838468DF8113000238DF812300AF02A
:10C3D000EBFF47F6FF7382460344B3F5803FD5D2A7
:10C3E000069BBB42D2D0E378033403F0EF072A2F39
:10C3F00018BFDF2B14BF01270027C7D163780A229B
:10C4000005A958468DF81830A3788DF81A708DF864
:10C4100019300AF0C9FF47F6FF7203468218B2F5D9
:10C42000803FB4D2059A5A45B1D089F0010915EA86
:10C4300009054DD0E5780190272D18BF3A2D14BF7E
:10C4400001250025A2D1227903AF05A98DF80E5050
:10C450008DF80C20384662798DF80D200A220AF0FA
:10C46000A3FF47F6FF72019B8218B2F5803F2FD2DF
:10C47000059ABA422CD03B2894BF0025012528E01C
:10C480004FF00109002E8CD163780DF1180B8DF857
:10C49000107004AF8DF811300A22A378594638463F
:10C4A0008DF813608DF812300AF07EFF47F6FF73A7
:10C4B00082460344B3F5803FBFF468AF069BBB429E
:10C4C0003FF464AFB7EE008B8DE7BFEE008B6FE7F4
:10C4D0002846002E0BBF4FF4B4725A2200216FF091
:10C4E00059013B2B88BF45F001055245B8BF45F0C7
:10C4F0000105002D7FF44AAF51453FF747AF07EEE6
:10C50000903A0127B8EEE76B07EE900A9FED0B2BF0
:10C51000B8EEE75B07EE90AA86EE024BB8EEE77B3B
:10C520009FED083B85EE036B34EE077B37EE067B11
:10C5300027EE087B88ED007B29E700BF00000000A4
:10C5400000004E40000000000020AC4091ED004B88
:10C550009FED306B9FED313BB0EEC47B30B537EED5
:10C56000067B89B02F4C154686460DF10C0CBBFEA0
:10C57000475B37EE457B0FCC27EE037BACE80F0023
:10C580002368BBFE476B37EE466B8CF800308DB3EB
:10C5900026EE036BB5EE407BF1EE10FAB5EE405B94
:10C5A00014BF01230023F1EE10FA18BF43F001037A
:10C5B00023B9B5EE406BF1EE10FA04D0B5EEC04BE6
:10C5C000F1EE10FA21D40023ADF80830BDEEC77BA0
:10C5D00003A9BDEEC66B7046FDEEC57B02AA8DEDCC
:10C5E000007A8DED016A17EE903A0BF091F8012078
:10C5F00009B030BDB2EE043B2E2231238DF8172056
:10C6000026EE036B8DF81A30C4E72D23ADF8083001
:10C61000DCE700BFF78F85E81038223F00000000FC
:10C6200000004E40101E00200000000091ED007B35
:10C63000F0B5B5EEC07B87B01D46864614469DF822
:10C640003070F1EE10FA3F4B9FED3A6B9FED3B4B94
:10C650004ED437EE067B0DF1080C0FCBBBFE476BBB
:10C66000FDEEC65B8CE80F00B8EEE56B37EE467B5F
:10C6700027EE047BBBFE476B37EE466B26EE046B62
:10C68000BDEEC66BBDB101252CB105F118033322F7
:10C690006B4403F80E2CC7B1FDEEC77B15EE902A54
:10C6A000614670468DED006A17EE903A0BF030F857
:10C6B000012007B0F0BD244B664600250FCB07C60E
:10C6C00026F8023B1B0C3370DEE705F11803FDEE84
:10C6D000C77B614670460DEB030515EE902A17EEF9
:10C6E000903A05F8077C0BF013F8012007B0F0BD75
:10C6F00036EE477B0DF1080C0FCBBBFE476BFDEE12
:10C70000C65B8CE80F00B8EEE56B37EE467B27EE94
:10C71000047BBBFE476B37EE466B26EE046BBDEE2B
:10C72000C66B002DC7D02D2301258DF80830ABE74F
:10C73000AFF30080F78F85E81038223F000000003B
:10C7400000004E40001E0020F01D00202DE9F041A9
:10C75000074684B018461C460E4615460BF082FC70
:10C76000082803D0002004B0BDE8F0812378E84613
:10C770000A2203A98DF80030404663788DF8013015
:10C7800000238DF802300AF00FFE47F6FF730344D2
:10C79000B3F5803F03D2039B434518BF3060A378B5
:10C7A0002F2BDFD1E3780DF104080A2203A98DF8BD
:10C7B0000430404623798DF8053000238DF806308B
:10C7C0000AF0F2FD47F6FF730344B3F5803F03D24E
:10C7D000039B434518BF286063792F2BC2D1A379EF
:10C7E0000DF1080803A90A228DF808304046E379C4
:10C7F0008DF8093000238DF80A300AF0D5FD47F690
:10C80000FF730344B3F5803F03D2039B434518BF36
:10C8100038603368013B0B2BA4D82B68013B1E2BDF
:10C82000A0D83B68632B9DD80B2B4FF00100CCBFE9
:10C8300003F5FA6303F634033B6094E730B583B045
:10C840000A220D46044601A90AF0AEFD00F5004299
:10C85000B2F5803F07D2019AA24204D003460120DC
:10C860002B6003B030BD002003B030BD30B583B0C5
:10C870000D460A22044601A90AF044FEB0F5803FA5
:10C8800007D2019AA24204D0034601202B6003B0D4
:10C8900030BD002003B030BD000000009FED011B43
:10C8A00006F030BE000000000080764008B52DED97
:10C8B000028B9FED088BB0EE481B06F023FEB5EE11
:10C8C000C00BF1EE10FA48BF30EE080BBDEC028B46
:10C8D00008BD00BF000000000080764008B52DEDC7
:10C8E000028B9FED088BB0EE481B06F00BFEB5EEF9
:10C8F000C00BF1EE10FA48BF30EE080BBDEC028B16
:10C9000008BD00BF00000000008076400022022128
:10C910000280828082600273028242610276828398
:10C92000026280F824200285C26280F830200287EB
:10C93000C263A0F84820C264A0F858200266A0F89C
:10C9400068200267A0F87820C0F88020A0F888202E
:10C95000C0F89020A0F89820C0F8A02080F8B91066
:10C96000A0F8BA2080F8BC20C0E93022C0E9322209
:10C97000C0E93422A0F8A82080F8AA20704700BFA0
:10C9800038B5057804462D2D08BF0134204609F03E
:10C990006DF86422237802FB00F0A3F13002092A2B
:10C9A00005D814F8013FA3F13002092AF9D92E2B3A
:10C9B00003D02D2D08BF404238BD6378303B092B92
:10C9C000F7D8A27803EB8303303A00EB4300092A3F
:10C9D00098BF80182D2D08BF404238BD70B50D4658
:10C9E000044609F043F81B4B6422A3FB00135B09C8
:10C9F00002FB13002B802278174BA2F1300100FBC1
:10CA000003F3092905D814F8012FA2F130010929EF
:10CA1000F9D92E2A0AD003EB8303104A00210133EF
:10CA20002972A2FB03235B086B6070BD6078013440
:10CA3000A0F130010929EED8074A094EA6FB0202EF
:10CA400014F8010FD20802FB0133A0F130010929CB
:10CA5000F4D9E0E71F85EB5180969800ABAAAAAA0B
:10CA6000CDCCCCCC2DE9F04190F8A970044657B359
:10CA700090F8AA30A3F14102052A77D9A3F1610207
:10CA8000052A94BF573B303B94F8AB201B01A2F121
:10CA90004101DBB2052940F2FB80A2F161010529C9
:10CAA00094BF573A303A134494F8A820DBB29A4224
:10CAB00000F0B880D4F8D03000270133C4F8D0306B
:10CAC0003846BDE8F08190F8BA6046B390F8B930C6
:10CAD000022B03D090F8AA20002A49D1D4F8C450E0
:10CAE000002DEDD02B4604F1AA0804E02D6B002D9B
:10CAF000E6D0D4F8C430996AA86A0BF0E7F8064685
:10CB00000028DDD1EA6A94F8BA309A42D8DCEDD137
:10CB10000F22414628460AF0DBFFEE73E6E700F1FC
:10CB2000AA08BB4940460BF0D1F830B1B94940469C
:10CB30000BF0CCF8002840F0C2800126D4F8C05099
:10CB400084F8B960C4F8C4502DB9B9E72D6BC4F8A6
:10CB5000C450002DB4D0A86A41460BF0B7F80028A5
:10CB6000F4DBADD00023C4F8C430A9E7373B8BE732
:10CB700046EA4316013E282EB0D801A353F826F00A
:10CB800043B0010037B0010027B001001BB0010025
:10CB90000BB001004DB00100A1B0010095B0010043
:10CBA0007FB0010079AD010079AD010079AD0100E0
:10CBB00079AD010079AD010079AD010079AD0100D9
:10CBC00079AD010079AD010079AD010079AD0100C9
:10CBD00079AD010079AD010079AD010079AD0100B9
:10CBE00079AD010079AD010079AD010079AD0100A9
:10CBF00079AD010079AD010079AD010079AD010099
:10CC000043B001006FB0010037B0010027B0010050
:10CC10001BB001000BB0010065B001005BB001006A
:10CC20008BB00100D4F8D43094F8BC200133C4F8A0
:10CC3000D4307AB3D4F8CC3094F8B9200133C4F8A6
:10CC4000CC30002A00F0EE80012A48D0D4F8C4503D
:10CC5000002D3FF435AF2B46DFF8BC8140F20116C2
:10CC60000BE00BF09DF9D8F80030AE842B622D6BF1
:10CC7000002D3FF425AFD4F8C430996AA86A0BF0B0
:10CC800025F80346294605F11000002BE9D017E7E7
:10CC9000373A08E794F8B930002B4CD0012BD5D1A6
:10CCA00040F201125C4B216C2287A4F84820E1631A
:10CCB000226D19681B686164E2646365C6E75749C1
:10CCC00040460BF003F800283FF438AF5449404683
:10CCD0000AF0FCFF003818BF012046002EE74E4A3C
:10CCE00040F20113216C2387E1631168A4F84830F6
:10CCF0006164216DA4F85830E16411686165E169EF
:10CD0000616094F824102173A16A216194F83010B5
:10CD10002176116823806163616E21661168E16587
:10CD2000616F2167216AA160E16A61611268A4F8FC
:10CD30006830E2668AE7384B40F20110226D1968CC
:10CD4000A4F848006165E264186840F201121B68AB
:10CD5000D4F89410C4F89C30D4F8A430A4F88820F7
:10CD6000A4F89820C4F8A030C4E923016EE7A2F12A
:10CD70005702B2FA82F2520980F83020AEE600F192
:10CD80002801AA30FFF72AFEA8E6A2F15302B2FA60
:10CD900082F2520980F82420A0E600F11C01AA309A
:10CDA000FFF71CFE9AE6AA30FFF7EAFD206595E63C
:10CDB000302A94BF0022012280F8BC208EE6AA30DF
:10CDC000FFF7DEFD606789E6AA30FFF7D9FD6066F0
:10CDD00084E6A2F14102B2FA82F2520980F8BC2044
:10CDE0007CE6AA30FFF7CCFDC4F8840076E6AA30D2
:10CDF00008F03CFE206471E6AA30FFF7C1FDC4F8DC
:10CE0000A4006BE6AA3008F031FEC4F8940065E691
:10CE100068250020702500200C5A0020782500206D
:10CE200080250020114B40F20112216DA4F848200A
:10CE3000E1641968A4F878206165E169616094F89B
:10CE400024102173A16A216194F8301021761968A9
:10CE50002280D4F884206163C4F880201A68E267D5
:10CE6000226AA260E26A62616EE700BF0C5A00208B
:10CE700038B5D0F8C830A1F10A0204460D46013396
:10CE8000C0F8C830222A2ED8DFE802F0182D2D185D
:10CE90002D2D2D2D2D2D2D2D2D2D2D2D2D2D2D2DC2
:10CEA0002D2D2D2D2D2D412D2D2D2D2D182D1200FB
:10CEB00090F8A83083F02C0380F8A83094F8BB30A9
:10CEC0000E2B30D90020A5F12A0194F8BA300022A7
:10CED000B1FA81F1013384F8BB20490984F8BA30F2
:10CEE00084F8A91038BD90F8BB300D2B05D85A1C1A
:10CEF000034480F8BB2083F8AA1094F8A900D0B9A5
:10CF000094F8A83085EA030184F8A81038BD0023FE
:10CF100002221846A4F8A83084F8B920A4F8BA3040
:10CF200084F8BC3038BD23440022204683F8AA2070
:10CF3000FFF798FDC7E7002038BD00BF90ED026AFB
:10CF400000228388B8EE466B427007EE103A037BEE
:10CF50009FED065BB8EEC77B86EE050B30EE070B48
:10CF60000BB1B1EE400B7047AFF300800000000042
:10CF700065CDCD4190ED056A0022038AB8EE466B7F
:10CF8000427007EE103A037E9FED065BB8EEC77B5A
:10CF900086EE050B30EE070B0BB1B1EE400B704780
:10CFA000AFF300800000000065CDCD4143684FF035
:10CFB000000C064A642180F801C0A2FB030252095A
:10CFC00001FB123000F5FA6080B270471F85EB510B
:10CFD00043684FF0000C074A642180F801C0A2FBAF
:10CFE00003304009A2FB0032520901FB1200C0B21B
:10CFF000704700BF1F85EB51044A00214368417010
:10D00000A2FB0320C0F34730704700BF5917B7D1C8
:10D01000044A002143684170A2FB0320C0F387400B
:10D02000704700BF83DE1B434FF0000C074A084BDC
:10D03000642180F801C04068A2FB0020400BA3FBE4
:10D0400000235B0901FB1300C0B270475917B7D129
:10D050001F85EB5143684FF0000C074A642180F8AC
:10D0600001C0A2FB03304009A2FB0032520901FBC0
:10D070001200C0B2704700BF1F85EB5190F81CC072
:10D080004160BCF1020FC26001D18368184702F011
:10D090007BBF00BF324B334930B5D3E911542079FF
:10D0A000C8771A6C95F804C081F81CC0087752B193
:10D0B000B2F5004F23D32C4911442A4A1964D07683
:10D0C00082F81BC030BD19680F24D86C8C6540F203
:10D0D0000134CA610C614FF47C544C610321046833
:10D0E000246883F83D10214B9C4226D1037F426087
:10D0F000022BC26026D18368BDE8304018472D68F6
:10D10000E98B090422D492B2EA832168EC8BA4B2A1
:10D11000EC82CC8B240405D5CC8BC2F3080204F43A
:10D120007E442243CA83CA8B92B2CA8200210D4A2E
:10D130001964D07682F81BC030BD23461146BDE885
:10D1400030401847BDE8304002F01EBFE98BC2F303
:10D15000080E92B201F47E4141EA0E01E983D4E760
:10D16000D831002000800E400180FFFF19B301007C
:10D1700043682DE9F04FD3E90041814D4FF0B80AE3
:10D1800022684FF0020822EA01027E492260AA6961
:10D1900011407D4A0A43AA6190F810E07B4A03EBF4
:10D1A0000E0603EB8E0E317C02EB01118968C1F88B
:10D1B00000A090F811C003EB0C0503EB8C0C95F864
:10D1C000201002EB01118968C1F800A0817C03EBFB
:10D1D000010903EB810199F830B002EB0B1BDBF87E
:10D1E00008B0CBF800A0D4F800A05F684AEA070AAC
:10D1F000C4F800A0347CDEF814E002EB0414646888
:10D20000C4F800E095F82040DCF824C002EB0414D8
:10D210006468C4F800C0496B99F8304002EB04120E
:10D2200052681160DA6B99F838101160DA69317E52
:10D23000DB6A116095F828201A600F220368C3F892
:10D2400010809A65C27C002A31D072B6C37CDC079C
:10D2500008D54FF0E0214469D1F880212240826254
:10D26000C1F88021990708D54FF0E0218469D1F8F1
:10D2700084212240C262C1F884215A0708D54FF0A8
:10D28000E021C469D1F8882122400263C1F88821D5
:10D290001F0708D54FF0E021046AD1F88C21224005
:10D2A0004263C1F88C21DE0655D462B60368384C5F
:10D2B0008268A24259D0324A846092693549C2F3E9
:10D2C0000116C2F38262344D51F826100132B1FBCF
:10D2D000F2F2AA4231D80022C260002403211C616C
:10D2E0000724596201211A641C661961C37C13B3B7
:10D2F000DD0704D5816A4FF0E022C2F800119C07D7
:10D3000004D5C16A4FF0E022C2F80411590704D5D0
:10D31000016B4FF0E022C2F808111A0704D5416BE7
:10D320004FF0E022C2F80C11DB0604D5826B4FF0FF
:10D33000E023C3F81021BDE8F08F1849A1FB02518A
:10D34000090DB2FBF1F2A24288BF0131B1F5817F34
:10D350000DD3134AC0E74FF0E022416AD2F8903172
:10D360000B408363C2F890319FE7C268B5E702299A
:10D37000B1D902394C08220242EA04420A43ABE71F
:10D3800000C00F40CFFFFFE310000008D82A0020A4
:10D3900000093D00EC260020FF083D0083DE1B4312
:10D3A000FF7F7F00D0E9002310B4D3E900040368B5
:10D3B00023435DF8044B03600807136E23F04043DA
:10D3C00048BF43F00043490748BF43F0804313661A
:10D3D000704700BF07EE901AB6EE005B036BB8EE25
:10D3E000676BD0ED057A23F04002B8EE677B9FEDC6
:10D3F000533B27EE067B9FED534BF0B527EE037BA7
:10D4000083B0044687EE046B36EE456BFCEEC66BCC
:10D41000CDED016A9DF804300F2B0ED90263E26A4C
:10D4200094F83B1022F01F021F2B94BF1A4342F0C6
:10D430001F02E26289B903B0F0BD9FED444B42F098
:10D44000400287EE046B026336EE456BFCEEC67B52
:10D45000CDED017A9DF80430E1E73E4E0C21256BBD
:10D460003046FFF79FFF002194F8380003F0BEFE1E
:10D47000C5F3074233685A66DA6D12F4F81FFBD021
:10D48000596FC5F3072209025A6689B2DA6D12F4A0
:10D49000F81FFBD0586FEDB2C0B25D6608430002C2
:10D4A000DA6D12F4F81FFBD05D6F0121EDB2054378
:10D4B00094F8380003F09AFE00212D092548FFF763
:10D4C00071FFE76A0C2123486563FFF76BFF0021BA
:10D4D00094F8380003F08AFEC7F3074233685A66AF
:10D4E000DA6D12F4F81FFBD0596FC7F30722090257
:10D4F0005A6689B2DA6D12F4F81FFBD05A6FFFB288
:10D500005FFA82FC5F664CEA010C4FEA0C2CDA6D84
:10D5100012F4F81FFBD05D6F012194F83800EDB2D2
:10D5200045EA0C0503F062FE00210A482D09FFF7C9
:10D5300039FF656303B0F0BDAFF300800000000069
:10D540000000404000000000C0EB1241000000005D
:10D5500040240441D831002070B53F29244C0546B1
:10D56000C06A28BF3F2104400AB144F4803444EA31
:10D57000012495F83B30EC6203B970BD1D4E0C21BF
:10D580003046FFF70FFF002195F8380003F02EFE1C
:10D59000C4F3074233685A66DA6D12F4F81FFBD001
:10D5A000596FC4F3072209025A6689B2DA6D12F480
:10D5B000F81FFBD05A6FE4B25FFA82FC5C664CEA5B
:10D5C000010C4FEA0C2CDA6D12F4F81FFBD05C6FE3
:10D5D000012195F83800E4B244EA0C0403F006FE99
:10D5E000002104482409FFF7DDFE6C6370BD00BF15
:10D5F000FF80FEFFD8310020FF2970B50446056A80
:10D6000017DD484B4FF480721D4094F83B30E263C5
:10D610002562DBB9E368E06B216900FB03F3424A52
:10D6200001FB03F3A169B2FBF3F31944A360E161C9
:10D6300070BD7F2942DD3B4B80221D4094F83B307A
:10D64000E26345F001052562002BE3D0374E0C2143
:10D650003046FFF7A7FE002194F8380003F0C6FD1E
:10D6600033682A0C5A66DA6D12F4F81FFBD0596F32
:10D67000C5F3072209025A6689B2DA6D12F4F81F5F
:10D68000FBD05A6FEDB25FFA82FC5D664CEA010C8A
:10D690004FEA0C2CDA6D12F4F81FFBD05D6F0121FC
:10D6A00094F83800EDB245EA0C0503F09FFD002127
:10D6B0001E482D09FFF776FE6563ABE73F2907DCBF
:10D6C0001F290BDD174B20221D4045F003059CE769
:10D6D000144B40221D4045F0020596E70F2907DC58
:10D6E0000729104B0ADD1D40082245F005058CE78F
:10D6F0000F4B10222B4043F4017586E7032904DD0C
:10D700001D40042245F006057FE7012904DD1D4088
:10D71000022245F0070578E71D40012245F0080583
:10D7200073E700BFF0FD0F0000879303D83100209E
:10D73000F0FF0F00F8B590F83B30002B7AD0066B65
:10D7400005463E4F26F0300444F01004A642046320
:10D7500038D10C213948FFF725FE002195F8380013
:10D7600003F044FDC4F307423B685A66DA6D12F4D5
:10D77000F81FFBD0596FC4F3072209025A6689B219
:10D78000DA6D12F4F81FFBD05A6FE4B25FFA82FC34
:10D790005C664CEA010C4FEA0C2CDA6D12F4F81FAF
:10D7A000FBD05C6F012195F83800E4B244EA0C0428
:10D7B00003F01CFD00212148FFF7F4FD2309A00B15
:10D7C0006B63F8BD0C213846FFF7ECFD002195F89E
:10D7D000380003F00BFDC4F307423B685A66DA6D6C
:10D7E00012F4F81FFBD0596FC4F3072409025C66DA
:10D7F00089B2DA6D12F4F81FFBD0586F06F0CF062D
:10D80000C0B246F0100608435E660002DA6D12F4FC
:10D81000F81FFBD05C6F0121E4B2044395F8380097
:10D8200003F0E4FC00210548FFF7BCFD23092C6B45
:10D830006B638EE74FF0FF30F8BD00BFD83100209A
:10D8400000000000F8B590F83B300446EBB99FEDBE
:10D85000537B236B94ED055A13F0400FB8EE455BF4
:10D860009FED503B9FED516B9FED524B03FE066BBE
:10D8700026EE076B86EE057B27EE047B27EE047B06
:10D88000FCEEC77B17EE900AF8BD066B4B4F26F0F7
:10D89000300545F02005AE42056336D00C213846F0
:10D8A000FFF780FD002194F8380003F09FFCC5F3DA
:10D8B00007423B685A66DA6D12F4F81FFBD0596FC5
:10D8C000C5F3072509025D6689B2DA6D12F4F81F07
:10D8D000FBD0586F06F0CF06C0B246F020060843D2
:10D8E0005E660002DA6D12F4F81FFBD05D6F012155
:10D8F000EDB2054394F8380003F078FC00212F487E
:10D90000FFF750FD2B09256B63630C212B48FFF7B4
:10D9100049FD002194F8380003F068FCC5F3074284
:10D920003B685A66DA6D12F4F81FFBD0596FC5F3E5
:10D93000072209025A6689B2DA6D12F4F81FFBD089
:10D940005A6FEDB25FFA82FC5D664CEA010C4FEA59
:10D950000C2CDA6D12F4F81FFBD05D6F012194F8E6
:10D960003800EDB245EA0C0503F040FC00211348F5
:10D97000FFF718FDC5F38433B7EE005B2D0907EE02
:10D98000103A6563B8EE477B9FED046B37EE057B7D
:10D9900027EE067B5DE700BFAFF3008000000000CC
:10D9A0000000A03FD7A3703D0AD7D33F1F85EB519E
:10D9B000B81EC53F0000000000408F40D831002055
:10D9C00090F8252010B40C466C2164F3061204680C
:10D9D000246880F825202346D0F825205DF8044BE4
:10D9E000184700BF90F825C090F826200CF07F0C57
:10D9F00022F0070210B401F00104C1F342014CEA25
:10DA0000C41C0A4304686C2180F825C080F82620D5
:10DA10002468D0F8252023465DF8044B184700BF42
:10DA200090F826C090F827200CF07F0C22F001021D
:10DA300010B401F00104C1F340014CEAC41C0A43D4
:10DA400004686C2180F826C080F827202468D0F86C
:10DA5000252023465DF8044B184700BF90F8272087
:10DA600010B40C466C2164F34102046880F827204E
:10DA70002468D0F8252023465DF8044B184700BFE2
:10DA800090F8282010B40C466C2164F3030204685B
:10DA900080F828202468D0F8252023465DF8044B20
:10DAA000184700BF03686C2100B55B6883B09847D6
:10DAB000C0F3021003B05DF804FB00BF03686C21E3
:10DAC00000B55B6883B09847C0F3C31003B05DF83E
:10DAD00004FB00BF03686C2100B55B6883B0984706
:10DAE000C0F3C13003B05DF804FB00BF03686C21D4
:10DAF00000B55B6883B09847C0F3404003B05DF861
:10DB000004FB00BF03686C2100B55B6883B09847D5
:10DB1000C0F3036003B05DF804FB00BF10B40468F9
:10DB20000A46C0F825106C2123685DF8044B18479D
:10DB300090F8252010B40C466C2164F303020468AD
:10DB4000246880F825202346D0F825205DF8044B72
:10DB5000184700BF90F8282010B40C466C2164F3DD
:10DB60000412046880F828202468D0F82520234671
:10DB70005DF8044B184700BF03686F215B681847C6
:10DB800090F817C0C1F3072241752CF0030C827581
:10DB9000C1F3110200B5C1F3014E01684CEA0E0C4D
:10DBA0000B685DF804EB002180F817C0184700BF30
:10DBB000427D10B40C46002164F382020468427571
:10DBC00042692368C2F311225DF8044B184700BF75
:10DBD00090F832C0C1F3150201862CF03F0C00B55D
:10DBE000C1F3054E01684CEA0E0C0B685DF804EBBE
:10DBF000702180F832C0184790F8322010B40C46DB
:10DC0000702164F38202046880F83220026B23687A
:10DC1000C2F315025DF8044B184700BF30B482B060
:10DC20000C4602AB03E90600C37C002B30D072B671
:10DC3000C37CDA0708D54FF0E0214569D1F880218F
:10DC40002A408262C1F880219D0708D54FF0E0216B
:10DC50008569D1F884212A40C262C1F8842159071C
:10DC600008D54FF0E021C569D1F888212A40026328
:10DC7000C1F888211A0708D54FF0E021056AD1F8CC
:10DC80008C212A404263C1F88C21DB062FD462B676
:10DC900083689C4235D0224B84609B69214AC3F340
:10DCA0000111C3F3826352F821100133B1FBF3F287
:10DCB000CCB1944227D8B2FBF4F3B2FBF3F2944216
:10DCC0002CD3B3F5817F20D3174CC46003680322A3
:10DCD0000020019918615A6201221C6419661A61B8
:10DCE00002B030BC70479942EFD3531CE9E74FF0C4
:10DCF000E022416AD2F890310B408363C2F8903140
:10DD0000C5E7C468E2E70024DFE7022BFBD9023B4A
:10DD10005A08140244EA02441C43D6E71A46E4E7D0
:10DD200000C00F40EC260020FF7F7F00002381868B
:10DD30001C49436003818363A0F81530C375836277
:10DD4000C36A016003F0FE03174980ED030AC36252
:10DD5000036B80F83C2003F07C4C036A10B44FF056
:10DD60007C5403F47E434CEA01010461847A03622B
:10DD700024F00F04436A0163847203F08003846912
:10DD8000436204F470048461C46904F47044C4619F
:10DD9000064C94F900309342B8BF22705DF8044BF2
:10DDA000704700BF5026002080040500405A002024
:10DDB00090F8340003F01ABA836B03B17047084B34
:10DDC000084A1B68084800B583B0CDE9003202ABB1
:10DDD00013E90600FFF722FF03B05DF804FB00BF64
:10DDE00038340020070000C0D8310020836B03B115
:10DDF0007047144AD37C002BFAD0D80704D5906A18
:10DE00004FF0E021C1F80001990704D5D06A4FF026
:10DE1000E021C1F80401580704D5106B4FF0E02150
:10DE2000C1F80801190704D5506B4FF0E021C1F883
:10DE30000C01DB06DCD5926B4FF0E023C3F8102118
:10DE4000D6E700BFD8310020806B08B100F00EBCCF
:10DE5000044A12685166D36D13F4F81FFBD0506F5B
:10DE6000C0B27047D83100202DE9F04105460F4679
:10DE7000FFF7A2FF002128460424FFF799FF394647
:10DE80002846FFF7E1FF00212846FFF7DDFF631E6C
:10DE900013F0FF04F7D195F93C300126012B0EDD7C
:10DEA000052400212846FFF7CFFF631E13F0FF046F
:10DEB000F7D1013695F93C3076B2B342F0DC01215E
:10DEC0002846FFF775FF274B274948681A68274BF4
:10DED000A3FB0232920C4B681B1A9A42FBD8DFF864
:10DEE000908000212846FFF763FF98F90030B34285
:10DEF0000EDD052400212846FFF7A6FF631E13F060
:10DF0000FF04F7D1013698F9003076B2B342F0DC65
:10DF100039462846FFF798FF0346002128462B750F
:10DF2000FFF792FF044600212846FFF78DFF0646C3
:10DF30002402002128462643FFF786FF04460021DD
:10DF400036022846FFF780FF034634432846240262
:10DF50001C43FFF74BFF28460121FFF729FF20460E
:10DF6000BDE8F081D4310020001000E083DE1B43C7
:10DF7000405A002070B505460E461446FFF71CFFB8
:10DF800000212846FFF714FF46F080012846FFF7DE
:10DF90005BFF0346210E28462B75FFF755FFC4F3A0
:10DFA00007412846FFF750FFC4F307212846FFF733
:10DFB0004BFF2846E1B2FFF747FF95F93C30012BB4
:10DFC0000FDD0126052400212846FFF73DFF631ED3
:10DFD00013F0FF04F7D1013695F93C3076B2B34225
:10DFE000F0DC2846FFF702FF01212846FFF7E0FE9C
:10DFF00070BD00BF416970B50446C1F31121FFF740
:10E00000BFFD61682046C1F3130100F0F1FAE17928
:10E01000204600F07FFAA1682046C1F3130100F00A
:10E0200083FAA269236820461421C2F313021B68F5
:10E030009847A38B20681521E27EC3F30B03056884
:10E04000204642EA0322A847238C20682D21E28B38
:10E05000C3F308030568204642EA0342A84794F840
:10E0600024302068332103F07F03628C056820464A
:10E0700042EA0342A847D4F825102046FFF74EFD98
:10E0800094F82C30A16A204603F001031B0643EAF2
:10E09000112100F05DFAE26A23682046120A6E211F
:10E0A0001B689847216B2046C1F31501FFF790FDCF
:10E0B00094F8332023682046722102F003021B6883
:10E0C000BDE87040184700BF9FED277A42F6415CDB
:10E0D000D0ED037A1F2367EE877A30B5FCEEE77A3E
:10E0E00083B00546214C17EE902A92B20CFB02F247
:10E0F000120A02FB01F103FB0442B1FBF2F2FF2A18
:10E1000002F1FF3C09D87F2A03F1FF3098BFC3B268
:10E11000BCF17E0FEFD9D1B201E000210A461F2BDE
:10E12000286885F843104FF00B0128BF1F231C46B9
:10E130000368284698472146284600F07DFA07EEF6
:10E14000904A95ED047A2846F8EEE77A67EE877AEA
:10E15000FCEEE77ACDED017A9DF8041003B0BDE83E
:10E16000304000F059BA00BF00FF7F47FE44010075
:10E17000F0B5866B83B0044642EA4145D6B190F8CB
:10E180002600002103F032F8C5F30741A06B00F030
:10E190006DFAC5F30721A06B00F068FAA06BE9B235
:10E1A00000F064FA012194F8260003B0BDE8F040C5
:10E1B00003F01CB8036B274A274FCDE9003202ABAE
:10E1C000384613E90600FFF729FD314694F826008A
:10E1D00003F00CF8C5F307423B685A66DA6D12F497
:10E1E000F81FFBD0C5F30722596F5A66DA6D12F497
:10E1F000F81FFBD0EDB25A6F5D66DA6D12F4F81FAE
:10E20000FBD0FA7C5B6F002ACCD0D60704D5B96A64
:10E210004FF0E023C3F80011950704D5F96A4FF0D9
:10E22000E023C3F80411500704D5396B4FF0E02305
:10E23000C3F80811110704D5796B4FF0E023C3F838
:10E240000C11D306AED5BA6B4FF0E023C3F8102102
:10E25000A8E700BF070000C0D831002006EE901AE2
:10E260009FED247BB8EEE66B9FED244B26EE076B0B
:10E2700090ED0A7AB7EEC77A30B52DED048B86EEB5
:10E28000049B83B00546B7EE008B9FED1E5B27EE27
:10E29000097B87EE056B36EE486BFCEEC67BCDED59
:10E2A000017A9DF804400F2C20D8012100F06EF96E
:10E2B00095ED0A7AB7EEC77A9FED145B27EE097BDE
:10E2C00087EE056B36EE486BFCEEC67BCDED017A32
:10E2D0009DF804401F2C2146284628BF1F2103B06B
:10E2E000BDEC048BBDE8304000F0B6B9002100F071
:10E2F0004DF9EFE78DD13AAA9AA046400000000000
:10E3000000408F40D7A3703D0AD7D33F1F85EB5104
:10E31000B81EC53F202914D820291FD8DFE801F0F6
:10E320001F1E221E251E1E1E281E1E1E1E1E1E1EF7
:10E330002B1E1E1E1E1E1E1E1E1E1E1E1E1E1E1EF0
:10E340002E0080291DD0B1F5807F02D1002100F080
:10E350002BB9402918D1022100F026B970470821B5
:10E3600000F022B9072100F01FB9062100F01CB906
:10E37000052100F019B9042100F016B9032100F0BD
:10E3800013B9012100F010B9704700BF06EE901AD2
:10E3900003689FED307BB8EEE66B9FED304B26EEC9
:10E3A000076B90ED037AB7EEC77A30B52DED068B8B
:10E3B00086EE04AB83B00546B7EE008B9FED299B3C
:10E3C0009FED2A5B37EE097B27EE0A7B87EE056B14
:10E3D00036EE486BFCEEC67BCDED017A9DF804402D
:10E3E0000F2C33D801219B68984795ED037AB7EE3F
:10E3F000C77A9FED205B37EE097B27EE0A7B87EE1D
:10E40000056B36EE486BFCEEC67BCDED017A9DF8D0
:10E4100004401F2C284628BF1F24214600F00CF979
:10E4200007EE904A95ED047A2846F8EEE77A67EE13
:10E43000877AFCEEE77ACDED017A9DF8041003B0FF
:10E44000BDEC068BBDE8304000F0E6B800219B68CB
:10E450009847DEE78DD13AAA9AA046400000000016
:10E4600000408F407B14AE47E17A943FCDCCCCCCBA
:10E47000CCCCD43F0AD7A3703D0AC73F202914D87B
:10E48000202921D8DFE801F0212025202920202083
:10E490002D2020202020202031202020202020205E
:10E4A00020202020202020203500802925D0B1F5F3
:10E4B000807F03D1036800215B6A1847402920D17F
:10E4C000036802215B6A1847704702680821536A93
:10E4D000184702680721536A184702680621536AE1
:10E4E000184702680521536A184702680421536AD5
:10E4F000184702680321536A1847036801215B6AC1
:10E500001847704708B5036801215B68984700F019
:10E51000010008BD10B404680A46C17111212368C6
:10E520005DF8044B184700BF90F80AC0C1F313020E
:10E5300001812CF00F0C00B5C1F3034E01684CEAC9
:10E540000E0C0B685DF804EB132180F80AC0184725
:10E5500090F82C20C1F3072C80F8291022F001023A
:10E5600080F82AC0C1F3074C10B4C1F30064224301
:10E570000468246880F82C2021F07E4223466D2117
:10E580005DF8044B80F82BC0184700BF8C46427DD5
:10E5900007216CF386124275D0F81520FFF7E8BD0D
:10E5A000407DC009704700BF70B504460E46FFF7B6
:10E5B000F7FF00B170BD63790546204666F303039B
:10E5C0006371D4F80560FFF7EBFF324638B1294696
:10E5D0002046C4F80160BDE87040FFF7C9BD0146A0
:10E5E000C4F805602046BDE87040FFF7C1BD00BF1C
:10E5F00090F806C0C1F3130281802CF00F0C00B517
:10E60000C1F3034E01684CEA0E0C0B685DF804EB95
:10E61000102180F806C01847027910B40C4610216A
:10E6200064F304020468027142682368C2F31302AF
:10E630005DF8044B184700BF427910B40C46102116
:10E6400064F304020468427142682368C2F313024F
:10E650005DF8044B184700BF8C46427C06216CF3E2
:10E6600004024274D0F81120FFF782BDF8B50027EC
:10E670000E46054600793946072402F0B7FD012110
:10E6800046FA04F328780B4008BF194602F0AEFDA5
:10E690000121287902F0AAFDA87802F0D1FD00211D
:10E6A000034628795B1A18BF0123A3403B43DFB21E
:10E6B00002F09CFD013CE2D1F30728784CBF012118
:10E6C000214602F093FD0121287902F08FFDA87800
:10E6D00002F0B6FD00280CBF384647F00100F8BD37
:10E6E000000000002DE9F04F14460746302218467E
:10E6F00088460021651D4FF000092DED028BADF518
:10E70000437D019309F0E6F8631EC4F10102D018BD
:10E7100013F8011F21B108A941F8290009F10109E5
:10E72000AB42F4D1B9F1000F00F0C78008ABB7EEEF
:10E73000005B0DF1C80C002118460DF1380E9FED5D
:10E740008B6B894540F3B680026808EBC20292EDFC
:10E75000007B1D46E2460022AEEC027B0FE004681F
:10E7600001322E68043504EB4404062A07EB041436
:10E7700004EBC60494ED007BAAEC027B10D091421E
:10E780000C46B8BF1446A145E9DC914202F10102F2
:10E7900005F1040505FE067B062AAAEC027BEED1F4
:10E7A000013104300CF1300C0629CAD100214FF49C
:10E7B00090727AA8029309F08DF87AA834A94FF0E4
:10E7C000000A8346039048469FED6A8B7AABCAEBFA
:10E7D000CA0200250BF1080403EBC20286AB5545C3
:10E7E0007AAF1E4688460AF1010911ED020B1CD0D2
:10E7F000013597ED006B4D4580EE067B04ED027B05
:10E8000025D0B646DC46B8EC020BBCEC026BBEEC85
:10E81000027BA445A6EE470BF7D1554507F1380713
:10E8200006F1300604F10804E2D1B4EEC80BF1EEB3
:10E8300010FA42D9B5EE400BF1EE10FA00F18880E3
:10E84000B1EEC07B01354D4582ED007BD9D1062D5F
:10E8500001F130010BF1300BAA46B7D126AE81464B
:10E860009A460398029B7AAF0DF140084FF0000CD6
:10E8700035469DED0E7B97ED005B0CF1010CAE462D
:10E8800087EE056BBCF1060FAEEC026B1CD0324676
:10E890005446B8EC027B92ED006BB4EC025BAA42EA
:10E8A00002F10802A5EE467BF5D138370AF1300AAD
:10E8B0007546E0E7B0EE467B4BE700200DF5437D63
:10E8C000BDEC028BBDE8F08F0DF1C80EBCF1060F58
:10E8D00034464FF004073EED027B1ED000F58C71EC
:10E8E0001AAD22463031B2EC026B91ED005B9642DC
:10E8F000A5EE467BF6D17A1C90ED465B87EE056B64
:10E9000004ED026B10D00CF1FF3C013F3838083C9D
:10E91000BCF1060F3EED027BE0D190ED465B87EE49
:10E92000056B04ED026BEEE70021019853F8042B10
:10E930000131F5E8026700EBC2028945C2E90067D0
:10E94000F4DC01200DF5437DBDEC028BBDE8F08FBA
:10E95000CDE90612CDE9040304F0F8FDB0EE407BEA
:10E96000DDE90612DDE904036CE700BF00000000EA
:10E9700000000000AC43D2D15D72323C10B52DEDE9
:10E980000E8B91ED009BB0EE40AB0446B0EE418B98
:10E99000B5EE409BF1EE10FA13D191ED02CB91ED63
:10E9A000047BB5EE40CBF1EE10FA0ED1B5EE407B14
:10E9B000F1EE10FA09D1BDEC0E8BBDE81040FCF76A
:10E9C00075BA91ED047B91ED02CBB0EE490B38EEB8
:10E9D000078B04F0E7FEB0EE40BBB0EE490B04F04D
:10E9E00069FFB0EE40DBB0EE4C0B04F0DBFEB0EEA6
:10E9F00040EBB0EE4C0B04F05DFFB0EE40CBB0EE60
:10EA0000480B04F0CFFEB0EE407BB0EE480BB0EE0A
:10EA1000478B04F04FFF2BEE000B2BEE08BB20EED4
:10EA20004C8B2EEE009BADEE0E8BB0EE4A0B04F03D
:10EA3000B9FEB0EE407BB1EE4A0BADEE0C9BB0EEF2
:10EA400047AB04F037FF28EE407B2AEE088BAAEE96
:10EA50000B7BA0EE0B8B84ED049B84ED007B84ED9F
:10EA6000028BBDEC0E8B10BD90ED083B90ED0A7B48
:10EA700090ED0C0B90ED0E1BB7EEC33BB7EEC00B49
:10EA8000F7EEC73BB7EEC11B90ED102B90ED124B8C
:10EA900090ED145B90ED166B90ED187B10B481ED4A
:10EAA000003AB7EEC22BC2ED003AB7EEC44B83ED8D
:10EAB000000AB7EEC55B019BB7EEC66BB7EEC77B2E
:10EAC000029C83ED001A84ED002ADDE90301DDE9F3
:10EAD000052380ED004A5DF8044B81ED005A82ED7C
:10EAE000006A83ED007A70472DED088BB7EEC25AAD
:10EAF0000022B7EEC0BA0123B7EEE0AA80F8E82101
:10EB0000B7EEC19A80F8EA31B7EEE18AB7EEE22AB1
:10EB1000B7EEC36AB7EEE37AB7EEC44A80ED08BB3E
:10EB200080ED0AAB80ED0C9B80ED0E8B80ED105BD1
:10EB3000BDEC088B80ED122B80ED146B80ED167B05
:10EB400080ED184B704700BF00F120016830FCF7E2
:10EB500023BA00BF90F8EA3113B99FED620B7047FA
:10EB600010B5D0E91E232DED028B86B0B0EE408BA0
:10EB70000C46CDE90023D0E92423CDE90223D0E9D6
:10EB80002A236846CDE90423FCF73EF99FED576B35
:10EB9000B4EEC60BF1EE10FA0ED46B4606AA93ED56
:10EBA000005B85EE006BA3EC026B9342F7D1012C66
:10EBB00008D0022C34D0ECB19FED4A0B06B0BDEC6E
:10EBC000028B10BD9DED007BB5EE407BF1EE10FA9F
:10EBD0006BD09DED040B80EE070B04F0DBFC30EEF8
:10EBE000480B9FED447B9FED456B20EE077B87EE46
:10EBF000060BE3E79DED007BB5EE407BF1EE10FAEE
:10EC000046D09DED020B80EE070B04F0C3FC9FED98
:10EC1000397B9FED3A6B20EE077B87EE060BCDE745
:10EC2000B0EE480B04F0BEFDB0EE405BB0EE480B1A
:10EC30009FED2C4B9DED027B9DED006B27EE048B31
:10EC4000A5EE068B04F036FEB7EE006B9DED045B7F
:10EC5000A0EE058BB4EEC68BF1EE10FA0EDDB0EE31
:10EC6000468BB0EE480B04F0F1FB9FED227B9FED4D
:10EC7000236B20EE077B87EE060B9FE7BFEE006B52
:10EC8000B4EE468BF1EE10FA48BFB0EE468BE8E7E3
:10EC90009DED026B9FED1B0B9FED1C7BB5EEC06BDA
:10ECA000F1EE10FA30FE070B88E79DED047B9FED37
:10ECB000116B9FED124BB5EEC07BF1EE10FA08DD43
:10ECC00028EE066B9FED0F7B86EE040B37EE400BB4
:10ECD00074E728EE066B9FED0D7B86EE040B37EE96
:10ECE000400B6BE700000000000000001656E79E96
:10ECF000AF03D23C0000000000806640182D445451
:10ED0000FB21094000000000008056400000000088
:10ED1000008056C02DE9F04304464E48DFF8588184
:10ED200004F5AC7104F5D07504F12006DFF84C91C0
:10ED300004F1B0072DED048BADF5017D0191FCF7D9
:10ED400017FC02A80199FCF7EFF802A94248FCF76A
:10ED50000FFC29464148FCF70BFC294614A804F196
:10ED60006805FCF7E1F814A93D48F834FCF700FC0D
:10ED700014A926A8FCF710F926A93A48FCF7F8FBD5
:10ED800026AA14A938A8FCF78DF938A94046FCF743
:10ED9000EFFB26AA02A93046FCF784F93146324837
:10EDA000FCF7E6FB31462846FCF7F6F829464846CC
:10EDB000FCF7DEFB2A46314638A8FCF773F938A980
:10EDC0004046FCF7D5FB224628463946FCF7D2FBE5
:10EDD00039462648FCF7CCFB21462548FCF7C8FB02
:10EDE0003846FCF7B3F82046B0EE408BFCF7AEF89F
:10EDF000B0EE409B21465CA8FCF796F86EA8FCF7A5
:10EE000095F928EE098B6EA91A488DED7E8BFCF7DB
:10EE1000AFFB5CAA6EA94AA8FCF744F94AAA394696
:10EE20002846FCF73FF929464846FCF7A1FB29464E
:10EE30003046FCF779F82A46314638A8FCF732F913
:10EE400038A94046FCF794FB0DF5017DBDEC048B21
:10EE5000BDE8F083F4250020FC25002004260020D6
:10EE60000C260020142600206024002028260020E4
:10EE70002C260020302600201826002020260020E6
:10EE800070B500F5E876044600F5DC7200F5D07147
:10EE9000304604F5C475FBF729FF31463046FBF7D1
:10EEA000CBFF31460D48FCF761FB04F5B87204F561
:10EEB000AC712846FBF71AFF29462846FBF7BCFF32
:10EEC00029460748FCF752FB2046FFF723FF0120A5
:10EED000002384F8EA0184F8E83170BD3826002068
:10EEE0004026002090F8E931012B40F28480002276
:10EEF00000232DE9F0412DED028B9AB0044600F17C
:10EF0000100500F120086F4604AE8DED080B8DED65
:10EF10000A1BCDE90C23CDE90E23CDE91023CDE961
:10EF2000122395ED001B15ED040B14A808A9FFF79B
:10EF300025FD33463A460EA914A808370836B5EC25
:10EF4000020BFCF7E3FC8446002846D04545E8D197
:10EF500004F5AC7504F5B876DDE902239DED006B90
:10EF60009DED047BC4E90223DDE90623B0EE471BD7
:10EF70002846B0EE460BC4E9062384ED006B84ED11
:10EF8000047BFBF793FF304694ED061B94ED020BD8
:10EF9000FBF78CFF04F5DC7104F5D070FBF7E6FE9F
:10EFA000B0EE408B31462846FBF7E0FE022338EEF8
:10EFB000400B204684F8E83184ED7C0BFFF760FFBE
:10EFC000844680B10DF1200E04F5A074BEE80F0058
:10EFD0000FC49EE8030084E8030060461AB0BDEC4D
:10EFE000028BBDE8F0814FF0000C60461AB0BDEC1A
:10EFF000028BBDE8F0814FF0000C6046704700BF07
:10F0000070B52DED028B86B004466830B0EE408BB3
:10F0100004AB02AA694604F5AC76FCF767F904F57F
:10F02000B87530469DED046B94ED007B94ED025B6A
:10F0300036EE486B94ED041B37EE467B35EE465BAF
:10F04000B0EE470B84ED007B84ED025BFBF72EFFF7
:10F05000284694ED061B94ED020BFBF727FF04F501
:10F06000DC7104F5D070FBF781FEB0EE408B3046CA
:10F070002946FBF77BFE022338EE400B204684F83E
:10F08000E83184ED7C0BFFF7FBFE06B0BDEC028B94
:10F0900070BD00BF2DE9F0439FED567B2DED108B29
:10F0A0009FED56EB90ED048B90ED06CB90ED00DBE1
:10F0B00083B0044600F5AC7700F5B87600F5D0795A
:10F0C00000F5DC780525A7EE0E8B3846A7EE0ECBB3
:10F0D000B0EE4D0BB0EE481B84ED048B84ED06CBF7
:10F0E000FBF7E4FE304694ED061B94ED020BFBF7B4
:10F0F000DDFE31463846FBF739FEB0EE409B414617
:10F100004846FBF733FE39EE409B94ED06CB84ED89
:10F110007C9BB0EE4C0B04F0CDFBB0EE40BB94ED0D
:10F1200002FBB0EE4F0B04F03DFBB0EE406B94EDF4
:10F13000567B9FED305B94ED048B27EE4B7BB0EE5E
:10F14000480BA7EE065B8DED005B04F0B3FBB0EE61
:10F1500040AB94ED00DBB0EE4D0B04F023FBB0EEC2
:10F16000406BB1EE4F0B94ED5C7B9DED005B27EEA9
:10F170004A7BA7EE065BB0EE45FB04F09BFBB0EECE
:10F18000406BB1EE4D0B94ED587B27EE4B7BB0EE10
:10F190004FBBA7EE06BB04F08DFBB0EE406BB0EEAC
:10F1A0004C0B94ED5E7B27EE4A7BA7EE06BB04F08A
:10F1B000F9FAB0EE406BB0EE480B94ED5A7BA7EE37
:10F1C00006BB04F0EFFA013D94ED607BA7EE00BBB7
:10F1D00089EE0B7B7FF477AF0223204684F8E83179
:10F1E00003B0BDEC108BBDE8F043FFF749BE00BF94
:10F1F000AFF3008000000000000000009A99999988
:10F200009999E93F70B5044618254FF4D0762DED55
:10F21000048B90F8E801B0EE429BB0EE438B15FBF7
:10F2200000602044FBF742FE94F8E811284815FBE3
:10F2300001614FF4AC762144FCF798F994F8E801A9
:10F24000B0EE481B15FB0060B0EE490B2044FBF705
:10F250002DFE94F8E8311F4815FB03612144FCF7AB
:10F2600085F994F8E83104EBC302013382ED009B89
:10F2700082ED048B94F8E921DBB2012A84F8E831AD
:10F2800098BF84F8E931022B05D00023BDEC048B34
:10F2900084F8EA3170BD04F5DC7104F5D070FBF739
:10F2A00065FDB0EE408B04F5B87104F5AC70FBF76A
:10F2B0005DFD94F8E83138EE400B022B84ED7C0BB9
:10F2C000E3D12046BDEC048BBDE87040FFF7D8BD0C
:10F2D000382600204026002090F81823A2B1013AD9
:10F2E00000F11003D2B203EB0213103090ED9E6BCD
:10F2F00090EDA07B984236EE006B37EE017B80EDFF
:10F300009E6B80EDA07BF0D1704700BF90F8183362
:10F31000082B0CD800EB0311013381ED7E0B81ED3E
:10F32000801B81EDA22B81EDA43B80F81833704740
:10F330000000000082B02DE9F0472DED028B98B05F
:10F3400022A981E80C0090F81833002B5CD000272C
:10F35000804600F5A07A00F168093C4612AD14AE73
:10F360009FED308B08EB041451462846013794ED8D
:10F37000A41B94EDA20BFFF701FB2A46494606A801
:10F38000FBF7B8FE06A90846FBF756FD0DF1880EFF
:10F39000AC46D4E98023CDE90423BEE80F00ACE8F5
:10F3A0000F009EE803008CE8030096E80F008DE84C
:10F3B0000F0004A895E80C00FBF7E4FF0CA894EDFF
:10F3C0007E0B9DED041BFBF771FD0CA906A8FCB29A
:10F3D000FBF7CCFC98F81833A0EE008BA342C1D801
:10F3E00007EE903AB8EEE77B88EE076BB5EE406B20
:10F3F000F1EE10FA0BD4B1EEC60B18B0BDEC028BD7
:10F40000BDE8F04702B070479FED060BF5E7B0EEA0
:10F41000460B18B0BDEC028BBDE8F04702B004F01B
:10F4200095B800BF00000000000000002DE9F04F7B
:10F430002DED108BEBB08B46914608930390DDE9E0
:10F4400084639FEDC28B03F130051C4630223046A9
:10F4500000211644A4EC028B08F03CFAAC42F5D132
:10F46000039B93F818339FEDB9EB002B00F0588104
:10F470000023B7EE00DBB0EE4E8B0DF598781C46FE
:10F4800007932AABCDF810900693849B9FEDB1FBB8
:10F490009FEDB2CB9FEDB3BB03F590730993039B34
:10F4A0000AA804995EAE03EB041A52AD9AEDA41BB0
:10F4B0009AEDA20BFFF762FA0AAA594610A8FBF7C9
:10F4C00019FE10A90846FBF7B7FC10AA5EA916A8FA
:10F4D0009DED147B8DED608BB0EEC77BB4EECF7BE2
:10F4E000F1EE10FA54BFB0EE4D6BB0EE486B54BF66
:10F4F000B0EE487BB0EE4D7B8DED5E6B8DED627BAB
:10F50000FBF7F4FB16A90846FBF796FC16AA10A910
:10F510001CA8FBF7EBFB1CA90846FBF78DFC16A902
:10F52000220122A804EB440346AC0592089A02EBA0
:10F53000C3039DED105B9DED126B9DED142B93EDC0
:10F54000003B93ED024B93ED047B33EE453B34EEF1
:10F55000464B37EE427B8DED223B8DED267B8DEDCC
:10F56000244BFBF7EFFB1CA922A8B0EE409BFBF756
:10F57000E9FB20EE007BB0EE40ABA9EE097B3EEE4E
:10F5800007EB10AA46A940468DED468B8DED488BC2
:10F590008DED4A8BA4EC02DBFBF7A8FB16A94046D5
:10F5A000FBF7D0FB1CA94046A5EC020BFBF7CAFBFE
:10F5B0004445A6EC020BE4D158AB4FF0000901938F
:10F5C00064AB0293049F28AE2EAD0DF1C80C3C46EF
:10F5D0000DF1B00E0FCC0FC694E8030086E80300CF
:10F5E0000FCF0FC594E80300069B85E80300B9F12F
:10F5F000000F00F09C80B9F1010F00F09F8093EDA7
:10F60000026B9CED007B039B36EE0C6B059A34A8D5
:10F6100037EE4C7B28A99C1809F101098EED006B8F
:10F620008CED007B9AEDA41B94EDA20BFFF7A6F9DD
:10F630002EA93AA89AEDA41B94EDA20BFFF79EF910
:10F6400034AA594640A8FBF755FD3AAA594646A8A0
:10F65000FBF750FD16A940469DED405B9DED484BE4
:10F660009DED4A2B9DED466B9DED427B9DED443B10
:10F6700035EE466B37EE447B33EE423B86EE0B5B5A
:10F6800087EE0B6B83EE0B7B8DED4C5B8DED4E6B44
:10F690008DED507BFBF756FB019B1CA94046A3EC6C
:10F6A000020B0193FBF74EFB029BB9F1030FA3EC96
:10F6B000020B029386D15EAF849C52AE859D384684
:10F6C000DDF824C05EA952AA2346B7EC023BB6EC93
:10F6D000024B95ED007B23EE0A6BA4EE096B37EE2F
:10F6E000067BA5EC027BB1EC027BB2EC025B93EDF6
:10F6F000006B23EE077B9042A4EE057B36EE076B92
:10F70000A3EC026BEFD130346445DBD1079A039B45
:10F71000013293F81833D4B20792A3423FF6BFAE3A
:10F72000B0EE4E0B6BB0BDEC108BBDE8F08F13ED5F
:10F73000026B0DF1A00E0DF1B80C62E793ED006BBA
:10F740002AAB0DF1C00C9E4606935AE7000000005C
:10F7500000000000CDCCCCCCCCCCEC3F48AFBC9A68
:10F76000F2D77A3E48AFBC9AF2D78A3E2DE9F04FE5
:10F770002DED108BADF5797DCDE9071290F8EA21DA
:10F780009DF84884069222B190F8182307469A42C1
:10F7900008D20023069306980DF5797DBDEC108BF9
:10F7A000BDE8F08F00F1680332A807F5A076B0AD90
:10F7B00019460A93FBF7A4FB68A90B960EAC084602
:10F7C000DDE93223CDE96823DDE93423CDE96A237D
:10F7D000DDE93623CDE96C23DDE93823CDE97A2351
:10F7E000DDE93A23CDE97C23DDE93C23CDE97E2325
:10F7F000FBF722FB68A97AA8FBF7A4FA7AA99DED8A
:10F80000683B9DED6A4B9DED6C5B9DED7A6B9DEDCC
:10F810007C7B9DED7E2BA0EE436B0846A0EE447BE7
:10F82000A0EE452B8DED7A6B8DED7C7B8DED7E2BE7
:10F83000FBF702FB7AAA68A92846FBF757FA294684
:10F840002846FBF7F9FA97F818C3DDE96823CDE9F4
:10F850003223DDE96A23CDE93423DDE96C23CDE9E8
:10F860003623DDE97A23CDE93823DDE97C23CDE9B0
:10F870003A23DDE97E23CDE93C23D5E90023CDE918
:10F880003E23D5E90223CDE94023D5E90423CDE980
:10F8900042230FCE0FC496E8030084E80300BCF1B6
:10F8A000000F32D04FF00009B2AE4C4607EB041304
:10F8B0000DF58A6EAC4609F10109D3E98023CDE943
:10F8C0006823BEE80F00ACE80F009EE803008CE858
:10F8D000030096E80F008DE80F0068A895E80C007B
:10F8E000FBF750FD07EB041304EB440493ED7E0B90
:10F8F0007AAB9DED681B03EBC400FBF7D7FA97F8D2
:10F9000018335FFA89F4A342D0D844AB0EAA32A9C7
:10F91000384601937AAB0095FFF788FD97F81843B6
:10F92000002C00F0DB82631E07F110020020DBB226
:10F93000014602EB03123B469FED664B9FED676B62
:10F940009FED685B9FED693B9FED6A2B93EDA47B78
:10F95000B4EEC47BF1EE10FA0DDD37EE467BB4EE6B
:10F96000C47BF1EE10FAF8DCB4EEC57BF1EE10FAD0
:10F9700006D537EE067BB4EEC57BF1EE10FAF8D46F
:10F98000B5EEC07BF1EE10FA48BFB1EE477BB4EEA6
:10F99000C37BF1EE10FA40F19080013110339342B5
:10F9A000D4D10229C8BF022807EE904ACCBF01205B
:10F9B0000020A045B8EE67AB9FED507B94BF0623B7
:10F9C00004232AEE07AB0493002840F06F820DF168
:10F9D000300B504B0997CBF8003000239FED498B3B
:10F9E0009FED4A9BABF80430B0EE48BB2F46E0AE2B
:10F9F0000DF536784FF0FF3A03244FF00109E31E6E
:10FA0000049A09FA03F31A4244D01BF80430002B7D
:10FA100040D197ED2A7BB4EECA7BF1EE10FA39D9CA
:10FA200056AB0DF5C47C4246F2E80C01E3E8020156
:10FA30009C45F9D168AB5A4656A92846FEF752FEB6
:10FA4000002841D05946A6F1300368AA9FED2D7BCE
:10FA500011F8010B28B193ED005B92ED006BA5EE60
:10FA6000067B083308329E42F2D197ED2A6B36EEC0
:10FA7000477BB5EEC07BF1EE10FA01DCB0EE487BBF
:10FA800087EE065BB4EECB5BF1EE10FA02DDB0EE72
:10FA900045BBA24601343837303608F10808062C39
:10FAA000ADD1BAF1FF3F37D0B4EEC9BBF1EE10FAD9
:10FAB00032D401230BF80A3096E7B4EEC27BF1EEA4
:10FAC00010FAC8BF013069E797ED2A7BB0EE476BAB
:10FAD000D6E700BF182D4454FB210940182D44548B
:10FAE000FB211940182D4454FB2109C0AE70CFC032
:10FAF000E21DF93F82E9B8E71326F93F8DEDB5A085
:10FB0000F7C6B03E0000000000000000FCA9F1D2E2
:10FB10004D62703F01010100BFEE007B32A944A895
:10FB2000099F4FF000081AAC0DF582668DED047B3D
:10FB3000FBF7E6F90DF1380E0DF1500CBEE80F00A1
:10FB40009FEDDEFBACE80F009EE803008CE80300AD
:10FB50007AAB0EAA32A93846CDE90054FFF766FC0D
:10FB600097F8183307EE103AB8EEC77B80EE076BB4
:10FB7000B5EE406BF1EE10FA00F1BE81B1EEC60BAE
:10FB80009DED047BB5EEC07BF1EE10FA04D4B4EE2B
:10FB9000C70BF1EE10FA11D532A944A88DED040B74
:10FBA000FBF7AEF90DF1380E0DF1500CBEE80F0069
:10FBB000ACE80F009EE803008CE80300B7EE007B82
:10FBC0002B463FEE076B1A46383313ED0E7B9E42F1
:10FBD00027EE067B82ED007BF5D126AB5A46214607
:10FBE0002846FEF77FFD002800F0C6809DED28AB7B
:10FBF0009DED268B9DED2A9B2AEE0A0B9FEDB17B96
:10FC0000A8EE080BA9EE090BB4EEC70BF1EE10FA43
:10FC100000F14381B5EE400BF1EE10FA00F1718175
:10FC2000B1EEC0BB0DF5AC7988EE0BEB8AEE0BDBC9
:10FC300089EE0BCBB0EE4B0B03F0B4FDB0EE407B86
:10FC4000B0EE4B0BB0EE47BB03F034FEB7EE007BDB
:10FC5000B0EE4B5B37EE4B7BB0EE4B4B2EEE0D2BED
:10FC60002DEE003B2EEE0C6B2CEE001B2EEE000B4F
:10FC70002EEE0EEBA7EE0E5B8DED565B2DEE0C5BC4
:10FC80002DEE0DDB2CEE0CCBA7EE0D4BA7EE0CBB37
:10FC90008DED5E4BB0EE414BA7EE021B97EE024B93
:10FCA0008DED66BB8DED5C1B8DED584BB0EE434B7F
:10FCB00097EE063BA7EE064BB0EE406B97EE050BBA
:10FCC000A7EE056B8DED5A4B8DED623B8DED600B14
:10FCD0008DED646BB0EEC88B4946B0EECAAB32AA6C
:10FCE00068A8B0EEC99BFBF7DDF968A932A8FBF75D
:10FCF00007F938EE0A8B9DED2C3B9DED106B9DEDC9
:10FD00002E0BB0EEC31B38EE098BB0EEC02B36EED7
:10FD1000000B38EE017B9DED304B9DED126B37EE05
:10FD2000027BB0EEC41B36EE046B37EE017B8DED2B
:10FD3000126B9FED666B9DED0E5B8DED100BB4EEBF
:10FD4000C67B35EE035BF1EE10FA8DED0E5B00F134
:10FD5000AA80B6EE007B2FEE07FB9FED5C7BB4EE36
:10FD6000C7FBF1EE10FA01D5B0EE47FB08F1010830
:10FD7000B8F11E0F7FF4ECAE97F81833002B00F0AB
:10FD8000B68000269FED538B344607EB04130EA973
:10FD900068A804EB4404013693EDA41B93EDA20B79
:10FDA000FEF7ECFD68AA32A92846FBF7A3F929461D
:10FDB0002846FBF741F87AAB284603EBC401FAF773
:10FDC000D5FF97F81833F4B2A0EE008BA342DCD82D
:10FDD00007EE903AB8EEE77B88EE070BB5EE400BE6
:10FDE000F1EE10FA00F19280B1EEC07B9DED046B54
:10FDF000B5EEC06BF1EE10FA04D4B4EEC76BF1EEC1
:10FE000010FA0DDB0EAD32A944A814AC8DED047BC5
:10FE1000FBF776F80FCD0FC495E8030084E80300E4
:10FE20009DED048BB5EEC08BF1EE10FA3FF5B1AC51
:10FE30000A9C44A92046FBF763F8214607F12000FD
:10FE400014ACFBF771F89BF805609BF804304FF099
:10FE5000010CB6000B9D46EA43069BF803301E4397
:10FE60000FCC0FC594E80300079B85E8030087F8D3
:10FE7000286387F8EAC187EDC88B0BB183ED008B4F
:10FE8000089B002B3FF487AC0698C3F800800DF563
:10FE9000797DBDEC108BBDE8F08F0DF5AC7948464F
:10FEA000FBF744F916E708F1010865E7049B43F006
:10FEB000010304938BE500BFAFF3008095D626E8DD
:10FEC0000B2E113EA0C2EBFE4B48B43911EA2D8136
:10FED0009997713D0000000000000000B8F1000F8C
:10FEE00014BF042306231FED05AB04936FE51FED3C
:10FEF000077BB0EE478B6FE7B0EE460B03F026FBB7
:10FF00003EE603F023FBB0EE40BB8BE603F01EFBA6
:10FF1000B0EE407B6AE700BFF0B589B005460E46FB
:10FF200017460DF1380E0DF1080C0424BEE80F0041
:10FF3000ACE80F009EE803003A4623468CE8030035
:10FF4000314628460094FFF711FC09B0F0BD00BF10
:10FF5000F0B589B005460E4617460DF1380E0DF185
:10FF6000080C0324BEE80F00ACE80F009EE8030075
:10FF70003A4623468CE80300314628460094FFF7B2
:10FF8000F5FB09B0F0BD00BFEFF3108272B6437FFE
:10FF90005BB9017F012930B40BD0032913D00123B1
:10FFA000437702B962B630BC70470AB962B670478F
:10FFB0007047124C2168B1B1114943610B68086068
:10FFC00083615861EBE70F4D0F492C688CB1436199
:10FFD0000B68836158614FF0E0234FF08054086054
:10FFE000C3F8044DDBE7064B20601860C0E905113B
:10FFF000D5E7C0E905442860EDE700BF08540020BC
:02000004600298
:1000000014540020105400200C54002070B5EFF35D
:10001000108272B60C4C206880B10C4E00254369EA
:10002000236073B19D6102B962B6836845779847D2
:10003000EFF3108272B620680028F0D102B962B6E0
:1000400070BD3360EFE700BF105400200C54002057
:10005000FFF7DCBF0449054A4968054B196013687E
:1000600001331360704700BF001000E00C5A0020FD
:10007000085A002001207047B0F84630B0F84820F8
:100080009BB292B2934202D2013AD01A7047416BAE
:1000900001390A44D01A7047016972B6B0F84A2093
:1000A000B0F84C3092B29BB29A423CBF806B1218AF
:1000B000C86AD31A62B6C0F302601844704700BF22
:1000C000B0F84A100246B0F84C3089B29BB299425F
:1000D00010B4046914D00133906B116B984298BF2F
:1000E0000023994206D85B1A526AD05CC0B25DF810
:1000F000044B7047126A5DF8044BD05CC0B2704785
:1001000072B6B0F84A0080B2814201D062B6E2E72E
:10011000E36A13F0E06F03D14FF0FF3062B6E6E719
:10012000E36901200024116AA2F84A00C3F3090020
:10013000DBB2A2F84C404B70F0E700BFB0F84A10B9
:100140000246B0F84C3089B29BB2994230B404698F
:1001500025D00133946B9C4216D9106B1FFA83FC97
:10016000984217D9106AC05CC0B2956DA2F84CC015
:1001700045B199421CD3CB1AD16B994202D3D36DAE
:10018000C5F8883030BC70474FF0000C106B6346E8
:100190009842E7D8181A556A285CC0B2E5E70846C5
:1001A00072B6B2F84A1089B2884204D062B6D0E77B
:1001B0000C44E31AE0E7E36A13F0E06F03D14FF079
:1001C000FF3062B6DEE7E069C0F30900F9E700BF7F
:1001D00090F8443043B110B5044603F0B9F894F8F0
:1001E0004430002BF9D110BD704700BF38B5D0E9BD
:1001F0000453D3E903120968114228D090F844202F
:10020000044632B103F0A4F894F84430002BF9D13D
:10021000636900210E4AA961207E03EB0010007D76
:1002200002EB0010456805202860657E03EB05138E
:1002300093F8343002EB0312A36D52681060A4F8F7
:100240004A10A4F84C1013B1E26DC3F8842038BDF5
:10025000D82A002007EE901A9FED9A7A0421B6EE74
:10026000005AF8EE677A9FED986A41F6FF7CC7EE78
:10027000275A2DE9F0478E460569012407EE901AAA
:10028000F8EEE77A85EEA77A77EE057AFDEEE77A63
:1002900017EE903A6345A8BF6346012BB8BF012310
:1002A00007EE903AF8EEE76A76EEC76AC6EE877A0E
:1002B000F5EEC07AF1EE10FA48BFF1EE677AF4EE8F
:1002C000C67AF1EE10FA03D8B0EE676A8E461C4685
:1002D00001312129D2D10021436902F40076A0F82E
:1002E0004A10B3F85AC08E42A0F84C10B3F85860C8
:1002F000A0F84610A0F8481080F84410816BDF6821
:10030000A1EB0606A1EB0C01C0E90F6139681E697B
:1003100041EA0601396014BF01210021817640F0D5
:10032000AC80017E694E03EB0118DFF8C09198F8AC
:100330001470D8F81CA006EB0717B968C1F8009034
:100340007968D8F818700F60BAF1000F03D0D8F8A8
:100350002010CAF80010477ED92103EB071898F83F
:1003600034C006EB0C1CDCF808703960DCF80410B3
:10037000D8F838700F60417E03EB0111CF6B0FB1DD
:10038000096C39600EF1FF31BEF1080F4FEA0161CF
:10039000CCBF4FF0000E4FF0010E01F0F85144EACF
:1003A0004E4421435C682961597801F11003002112
:1003B000E960474941F8234041694FF0010E454C3F
:1003C00002F0030C4F7891F85610434B39554FF01B
:1003D00002174469617803EB511301F01F019B0080
:1003E0000EFA01F11960EF62AB6A43F08803AB6269
:1003F00053073ED44CF4701302F00F01042908BFD8
:1004000043F0804397062ED5817E43F08053002928
:100410003AD11607AB6103D52B6943F000532B612A
:100420006B69D10623F0805348BF43F080536B6162
:10043000D30503D52B6943F400532B61A36883B123
:10044000264E3478002C3AD0611E254DC9B22B1FA0
:1004500005EB810101E0994225D053F8042F904229
:10046000F9D1BDE8F087817E0029D2D043F0A00306
:10047000CFE71C4B4CEA0303BEE7477E4FF2D9019E
:10048000124E03EB07186AE7417E43F0A00304EB2A
:10049000011191F8341006EB0116B668316821F4A9
:1004A00040413160B5E7631CDBB20F4A337013780B
:1004B00045F8240043F002031370BDE8F0870123E0
:1004C000074DF2E7001BB74BEC78AD60D82A00204F
:1004D0000040002000E400E040380038415A00208D
:1004E0001854002010003C005F5A002038F0010032
:1004F000EFF31380B8B9EFF310834BB9EFF3058234
:100500003AB94FF48073EFF3118050B1984208D29A
:1005100070470F2AF7D9054B9B5CEFF31180002839
:10052000F4D1184670474FF0FF30F1E7F0E300E0F8
:10053000F8B54669037E056906EB03131A7D8A4206
:1005400012D0337D99422DD096F82430994247D06D
:10055000254F00233A461C4601E012F8104F8C420A
:1005600003D00133122BF8D1F8BD204A07EB031753
:10057000136F787843F44003136796F85C1001F02A
:1005800015FD1B4B0122796803EB0413194CEA603B
:10059000D3E90120BB6804601160002BE4D0FA6845
:1005A0001A60F8BD00242146F5682F6835692F428E
:1005B00014D00F4D052705EB031305EB02156D68ED
:1005C000D3E901322F600B4D156006EB0112114685
:1005D00092691A60CB690BB10A6A1A600476F8BD99
:1005E00001242146E0E700BF381B006000C00F4037
:1005F000D82A002038F0010070B54369447E03EB2F
:10060000041C9CF834C08C4508D093F834E08E4527
:1006100030D093F844E08E4512D070BDDB68A6461A
:100620001B68164C04EB011480F819E022B140F667
:10063000D802A3681A6070BDD922A3681A6070BD81
:100640004FF0010EDD681E692D683542E9D0A645E0
:10065000E7D00A4C03EB0E13052604EB0C1CDCF868
:1006600004502E6093F834C09D6B04EB0C135B6850
:100670001D60D7E74FF0000EE4E700BFD82A002046
:10068000036D2DE9F04104460F46066913B1426D32
:10069000C3F88420A37E2BB172B6B36943F0005334
:1006A000B36162B6B4F84650636BADB20135AB428C
:1006B0004CD84FF000084546B4F848309BB29D42F4
:1006C00019D028E073691B0210D5B4F84830626B6A
:1006D0009BB201339A4236D99AB2E16A99422DD936
:1006E000E169CB5CDBB2F361A4F84820B4F8483090
:1006F0009BB2AB420FD1FFF7FBFE6369B3F85630F4
:100700008342DFDAFF28F1DD02F022FEB4F8483040
:100710009BB2AB42EFD0E36AAB421AD9FFB2E369B6
:100720005F5572B6012084F84400A4F84680B3698E
:1007300043F40003B36162B6BDE8F0815B1AA16ABD
:10074000CB5CDBB2CFE700221346C6E71FFA85F881
:10075000B2E7ED1AFFB2A36A5F55E2E7FFF790BF79
:100760000269536913F4401F70B543D0D36A13F084
:10077000E06FC3F3026E3AD0B0F84A50B0F84C6064
:10078000ADB2B6B207E0016A01F803C00EF1FF3363
:1007900013F0FF0E1DD0D1696B1C846BB0F84CC0F8
:1007A000C1F309019C4298BF00231FFA8CFC9C45B1
:1007B000ECD0046B5FFA81FC1D469C42A3EB040461
:1007C000E1D8436A03F804C00EF1FF3313F0FF0EC3
:1007D000E1D1ABB2A0F84A30836D43B1B54254D3F6
:1007E000AD1B016CA94202D8C16DC3F884105369D6
:1007F000D90245D49669330228D553691D0225D5FF
:10080000B0F84650B0F84830ADB29BB206E0C169CE
:10081000C95CC9B2D161D16A4C0512D4AB4238D09F
:10082000446B0133C16A9C4298BF00239942A3EBF9
:100830000104ECD8816A095DC9B2D161D16A4C0565
:10084000ECD599B2AB42A0F8481025D0710216D56C
:1008500053695B0213D50021036D80F8441013B176
:10086000416DC3F88810837E2BB172B6936923F073
:100870000053936162B6936923F48003936170BD62
:10088000536943F480135361B4E7816B891B0D44B2
:10089000A7E79BB2A0F84830936923F40003936163
:1008A000936943F480039361D0E700BF0148FFF7E9
:1008B00057BF00BF383200200148FFF751BF00BFCB
:1008C000983200200148FFF74BBF00BFF8320020EC
:1008D000704700BF704700BF704700BF704700BF40
:1008E00070B51A4C1A4D2368AB4202D0194AD16830
:1008F00029BBA369AB4202D0164AD169C9B9236B9F
:10090000AB4202D0134AD16A69B9A36CAB4209D099
:10091000104AD16B31B101211B680F48D163BDE88A
:100920007040184770BD01211B680C48D162984780
:10093000EBE701211B680A48D1619847DFE70121F5
:100940001B6804F10800D1609847D2E7C04200203C
:10095000942500200041084010430020F842002068
:10096000E042002038B5064CA4F1600554F8083C7C
:100970002046183CDB689847AC42F7D138BD00BF31
:100980001043002003682DE9F041044688B0174663
:10099000002B4BD000229A600122DA60304D04A86F
:1009A000DFF8E0801D4451F8083B2D1102935B688D
:1009B00005EB45069847F60006F1080058F80630A2
:1009C0004044DB6801909847264A04A9DDE9010309
:1009D000029248F806309B689847029B04A8DB689F
:1009E00098472368032220481F609A601F4A237992
:1009F0001F4C535513785178C0F828428B4228BFBA
:100A00000B469178D2788B4228BF0B46934228BF81
:100A10001346184C4FF0E0224FF08061012084F81B
:100A20007A30C2F80C1108B0BDE8F081124AD36EDA
:100A300043F44053D3660122104B1A60104A134608
:100A40000260403298680028A8D010339342236097
:100A5000F8D100231846236008B0BDE8F08100BF3C
:100A600000BFF7BF94250020004000203434002050
:100A70007DEB010000E400E000C00F4000400840B2
:100A800000410840C0420020F8B5036843B3154C4C
:100A90000746154E1C44241104EB4405ED00735920
:100AA00005F10800DB6830449847104B0021012213
:100AB00073513B689960DA60FF230D4A1355137830
:100AC00050789478834228BF0346D078094AA342DD
:100AD00028BF2346834228BF034682F87A30396014
:100AE000F8BD00BF00BFF7BFC04200209425002022
:100AF0003434002000E400E010B4064B0020064C23
:100B0000064A1C609C611C639C6405495DF8044BAB
:100B100002F08ABCC042002094250020BC34002092
:100B200001EC0100084602F07FBB00BF012A70B54E
:100B300008BF0A228AB091B34FF0210E01E05FFA9C
:100B400086FE0EF1FF36B1FBF2F502FB15145FFADB
:100B500084FC092C0CF137040CF1300C98BF5FFABF
:100B60008CF40EF1280C88BFE4B29142EC44294683
:100B70000CF8244CE3D24BB10EF1FF3E2D225FFA6C
:100B80008EFE0EF128036B4403F8242C036801A9A0
:100B9000CEF122025B68714498470AB070BD3022E2
:100BA0004FF0210E8DF82520E5E700BF2DE9F0413B
:100BB0000C46D1B1EAB180468E1800250E4F04E0F4
:100BC00002F032FBB44205440CD0D8F8003014F8DF
:100BD000010B1B68BB42F3D0014640469847B44224
:100BE0000544F2D12846BDE8F0810D462846BDE80F
:100BF000F0811546F6E700BFC1ED010000B50368BE
:100C000083B040F60D2C022201A95B68ADF804C048
:100C1000984703B05DF804FB054B022888BF0346E4
:100C200010B41C68184663685DF8044B184700BF91
:100C300028320020B4EE400B70B5F1EE10FA0546F4
:100C40002DED028B86B07CD6B0EEC07B9FED476B5E
:100C5000B4EE467BF1EE10FA6BDC9FED467BB4EE12
:100C6000C70BF1EE10FA5ADC9FED447BB4EEC70BD4
:100C7000F1EE10FA53D4B5EEC00B0C46F1EE10FABB
:100C80005BD40023B6EE007B002C5ED04FF0000C4E
:100C90009FED3C6B0CF1010C27EE067B5FFA8CF2AA
:100CA000A242F7D330EE070B0A222846FCEEC07BA7
:100CB000B8EE678B17EE901A30EE488BFFF736FFD1
:100CC0000F2C4FF02E03B2EE046B064628BF0F2404
:100CD0008DF808300DF1090302AA611E53FA81F163
:100CE00028EE060BFCEEC07BCDED017A9DF80430BA
:100CF00007EE903A3033B8EEE78B02F8013F9142AD
:100D000030EE488BECD12B68013402A928465B6891
:100D1000E2B29847304606B0BDEC028B70BD2B683E
:100D200003221A495B6806B0BDEC028BBDE8704037
:100D30001847036803221649F4E7B1EE400B01237C
:100D4000A0E7036803221349ECE730EE070B0A2201
:100D50002846FCEEC07B17EE901A06B0BDEC028B65
:100D6000BDE87040FFF7E2BEAFF30080FFFFFFFF7A
:100D7000FFFFEF7F000000E0FFFFEF41000000E019
:100D8000FFFFEFC19A9999999999B93F9025002051
:100D90008C25002088250020884200DB704730B475
:100DA000124C091A2368EBB1114A124D82FB032C35
:100DB000DA179C44C2EB2C4244F2A71C05FB123309
:100DC0000D4D05FB02F20CFB0322002A0CDA6FF03A
:100DD000004313442360B3FBF1F201FB123330BC38
:100DE00018447047054BF5E71346F3E7005400201D
:100DF0005F0B4E831DF30100ECF4FFFF42CE0C1F8E
:100E0000A249A34B88422DE9F047A24C5E699A693A
:100E1000D4F80C801BD9A04B984240F20281C31A2F
:100E20009E491B0AA1FB031340F22761DB0903EB78
:100E3000830303EB830303F2E2438B4228BF0B4699
:100E4000A3F54877964BA3FB0737FF0804E0954FBF
:100E5000B8428CBF0E2706278D4908F01F09D1F82C
:100E60008030B94543F0C003C1F880300CD228F07F
:100E70001F08A1F5F82148EA0708C1F80C800B68A3
:100E8000002BFCDA08F01F0916F0007324D1864904
:100E90000C698649A14300F0EA8082F4805134460F
:100EA0004FF4805514F0605F04D026F060561E4366
:100EB000774B5E6111F4405F07D022F440527449D1
:100EC0002A438A618B6C1A07FCD446F00076704A7C
:100ED0005661936C9B06FCD4754CA04200F2CE8008
:100EE0004FF0010C0146634603FB011203F1010EB2
:100EF0000CF10105A24218D8BEF1080F4FF0010312
:100F000040F08D80BCF1040F00F291800A18A242DB
:100F100000F2A48005FB00F1AC4603F1010E03FBD7
:100F200001120CF10105A242E6D90CF1FF318C024D
:100F300086EA81215F4810445F4A90427FD9DFF8FA
:100F4000A4A16C225D48584DB0FBFEF0D5F800E03E
:100F5000B0FBFCF0DFF890C10EEA0C0CD44509D0D0
:100F600042F400524FF4805CC5F800C02A602A6841
:100F7000002AFCDA464A156905F007059D4203D0B0
:100F80001361936CDD03FCD411F4E05F09D026F407
:100F9000E05604F4E0543E4A26435661936C9907A8
:100FA000FCD44749474A014491423CD8464BC909C1
:100FB000A3FB0131090B4B1E1B0286EA030212F44C
:100FC000407F06D026F4407603F44073304A334322
:100FD00053612F4A536923F000735361936C9B064E
:100FE000FCD43A4B4F45A3FB00234FF0FF324FEAAE
:100FF0009343B0FBF1F1B2FBF3F3354A1060354A8D
:101000001160354A136008D228F01F08214A48EAC7
:101010000707D7601368002BFCDABDE8F08773463A
:1010200062E7122718E74FF440730421C5E70CF17B
:10103000FF31204807238C02104486EA8121274A89
:10104000DFF8A8A0A2FB0020020D2548362A38BFF1
:10105000362202FB00F042EA0A0A74E74FEA8C24C7
:10106000002386EA8C214FF0010EAC4662E71D4654
:1010700086F0C05411464FF0C05313E700244FF0E0
:10108000010C024631462346E64653E700A4781F8A
:1010900000C00F40000008400046C32323B24C00AC
:1010A0001F85EB5100366E0100800D4040300080FE
:1010B000FFB19F26808D5B00FF7EF64D00643F4DA3
:1010C0007FD1F0087F17B42C9F10E50083DE1B430F
:1010D000D4310020D0310020E4590020819F5E16D9
:1010E000001BB7006C2000807F3001800020008052
:1010F00000B970472DE9F84F01218146214C224D5E
:10110000224E54E8003F2A68306844E80013002B60
:10111000F7D11F494B684FF47A7BDFF878A01B1A90
:1011200001270BFB02F8DAF80020A3FB02325A4534
:1011300094BF9044D84454E8003F2A68306844E89B
:101140000073002BF7D14B68DAF800C01B1A0BFBB9
:1011500002F2A3FB0C3CBCF57A7F94BF624402F51B
:101160007A72A2EB0802B2F57A7F06D3B9F10109CF
:1011700008F57A78DFD1BDE8F88F02F0E9F8044984
:10118000D9E700BF105A00200C5A0020085A00204E
:10119000001000E0E459002030B40F4B4FF0010C78
:1011A0000E4D0F4C53E8002F2868216843E800C219
:1011B000002AF7D10B4B5B680B4A5B1A4FF47A712C
:1011C000126801FB00F0A3FB023230BC8A4294BFDC
:1011D00080184018704700BF105A00200C5A002099
:1011E000085A0020001000E0E4590020272816D8F3
:1011F0000201104B03EB00109B5810B4C2685C68EE
:10120000144205D061B95DF8044BC3F888207047DB
:10121000836851B1084A5DF8044B1A607047704703
:101220005DF8044BC3F884207047044A5DF8044B12
:101230001A607047D82A002038F0010038300100C9
:1012400027280BD8064B020103EB00109A58C368FD
:1012500092681A4214BF0120002070470020704796
:10126000D82A0020272829D8164B0201012903EB90
:1012700000109A5810B45368C4680ED004290CD0DA
:1012800023EA040353608368A9B1022917D0032914
:101290000CBF0D4A0D4A1A6007E023430129536031
:1012A000836808D040F638021A60436815225DF85A
:1012B000044B1A60704738221A60F6E77047044AF8
:1012C0001A60F2E7D82A0020383001003800010007
:1012D00038F0010030B4124A0020124B0121124DA7
:1012E000124CC2F8F032C2F8F402C2F8B810C2F8D8
:1012F000A000C2F8A450C2F8B0105369DB07FCD5B7
:1013000051612378DB07F0D41368054943F00103EA
:1013100013600B68DB07FCD462B630BC704700BFBB
:1013200000802A400504012401000F0000812A40AA
:1013300070B50E4C4FF6FF7E0D4E04F11E05A6F55E
:101340008053002102E0B34281B204D21A88481CC3
:1013500002337245F7D124F8021FAC4206F58056DD
:10136000EDD1044B01221A7070BD00BFE659002078
:1013700000101F60535A0020B0F5876F2CD2174B16
:1013800010B51B78044623B3A008154B04F00301E5
:10139000144CA3FB0023144ADB08C3EB031E9C463A
:1013A000A0EB0E0341EA8C01FF2034F813C01A446D
:1013B0004FEA4C0C13030CEB023CBCEB023F07D989
:1013C0001A880233D4B28C4208BF100A9C45F7D861
:1013D00010BDFFF7ADFFD7E7FF207047535A00203D
:1013E00089888888E8590020F0010600F8B50F4682
:1013F000164672B6344B40F20641344A9A610222D4
:10140000DA610022C3F8A020C3F8F012C3F8F42276
:10141000C3F8F822C3F8FC224FF47022C3F8A420CA
:101420000122C3F8B02020F01F038219BFF34F8FB1
:101430004FF0E024C4F85C3F20339A42FAD8BFF35F
:101440004F8FBFF36F8F204D6B69DA07FCD50123F7
:101450001F49B2B220F07F406B6142F47022C5F8A0
:10146000F01242F20121184CC5F8F412C5F8BC3054
:10147000C5F8A000C5F8A420C5F8B030154D01E0AE
:101480005B0609D4636913F00100F9D0412363615D
:10149000BDE8F840FFF71EBF082E0AD836B1324625
:1014A000394637440646284600F094F940236361E4
:1014B000E8E7A6F1080008263946324637440646D2
:1014C000284600F087F9F1E700802A40F05AF05AE8
:1014D0003204180880812A4010B472B6284B0221C9
:1014E000284C00229C614FF47024D96140F20641DF
:1014F000C3F8F0120121C3F8F422C3F8F822C3F8AC
:10150000FC22C3F8A020A2F58052C3F8A4400240F8
:10151000C3F8B010BFF34F8F02F5805102F12003E2
:101520004FF0E02C994234BF0121802102EB4111A0
:101530008B42CCF85C2F1A4603F12003F8D1BFF39D
:101540004F8FBFF36F8F0E4A5369D907FCD5012423
:101550000D490E4B54610340C2F8F0124FF4702055
:101560000749C2F8A030C2F8A400C2F8B0404B69E5
:10157000DB07FCD501235DF8044B4B61FFF7AABEE6
:1015800000802A40F05AF05A2004180800F0FF00AA
:10159000B0F5876F80F08680444B2DE9F0471B78CB
:1015A000C2B005468946002B79D0AB08404E05F005
:1015B0000305404FA6FB0326F60845EA8605C6EB61
:1015C00006169E1B3C4B37F81640334460004FEA2A
:1015D000033800EB0330B0EB033F64D943464FF0D0
:1015E000FF0C1A880233D1B2A94208BF4FEA122C6D
:1015F0009842F6D8E14541D0B4F5006F41D302AC32
:101600004FF48072FF21204606F064F908F58050FF
:1016100008F102034246984234BF01204FF40060B3
:1016200008EB4000134602321B888242D9B24FEACF
:1016300013236354F6D104F805900DF107090DF258
:10164000071A00254C464046FFF746FF14F801CF25
:1016500008EB450002220DF10601631EBCF1FF0FED
:10166000A3EB090306D043EA0C230135ADF806309D
:10167000FFF7BCFEA245E9D127F8165042B0BDE8FD
:10168000F08745EA092502A902220134ADF8085085
:10169000FFF7ACFE27F8164042B0BDE8F087FFF731
:1016A00047FE82E770474FF0FF0CA3E7535A002034
:1016B00089888888E8590020F0010600704700BF3B
:1016C000272858D80001F0B4344C354D2358AB428C
:1016D00056D049D8B3F1844F4BD0A5F58045AB42E5
:1016E00040D1304D2044304E304CC4F8B462D0E983
:1016F00001C4C0684FF0E0264FF00057042AC6F836
:1017000010712FD85E6926EA00065E614FF005066B
:10171000CCF80060266846F4803626605C6824EACF
:1017200000045C60224C54F8224090FAA0F2B2FA15
:1017300082F245F822106FEA00011DD0DD690F2A00
:1017400001EA0501D9611DDC52000325D9689440E6
:1017500005FA02F221EA02022243DA6098615A692C
:1017600002435A61F0BC7047124DAB42FAD1124DA0
:10177000B8E7124DB6E77047DA690243DA61EDE780
:101780000F4DAFE7103A032519695200944005FA4E
:1017900002F221EA020222431A61DFE7D82A00207E
:1017A00000800042E03A00202100000000400020BC
:1017B000681D002000C00042E03B0020603A00208D
:1017C000603B002008B5F7F787FCF7F78BFC01F0CA
:1017D000BFFDFAE7844641EA000313F003036DD12D
:1017E000403A41D351F8043B40F8043B51F8043BE4
:1017F00040F8043B51F8043B40F8043B51F8043BEB
:1018000040F8043B51F8043B40F8043B51F8043BDA
:1018100040F8043B51F8043B40F8043B51F8043BCA
:1018200040F8043B51F8043B40F8043B51F8043BBA
:1018300040F8043B51F8043B40F8043B51F8043BAA
:1018400040F8043B51F8043B40F8043B51F8043B9A
:1018500040F8043B51F8043B40F8043B51F8043B8A
:1018600040F8043B403ABDD2303211D351F8043B2A
:1018700040F8043B51F8043B40F8043B51F8043B6A
:1018800040F8043B51F8043B40F8043B103AEDD2D9
:101890000C3205D351F8043B40F8043B043AF9D22A
:1018A000043208D0D2071CBF11F8013B00F8013BFD
:1018B00001D30B8803806046704700BF082A13D30A
:1018C0008B078DD010F003038AD0C3F10403D21A22
:1018D000DB071CBF11F8013B00F8013B80D331F856
:1018E000023B20F8023B7BE7043AD9D3013A11F8D6
:1018F000013B00F8013BF9D20B7803704B78437041
:101900008B7883706046704704F0B4B801F1FF3CF7
:1019100070B56646002400E00134B0FBF2F502FB2E
:101920001503092B03F1370E03F130035FFA8EFE26
:1019300098BF5FFA83FE9042284606F801EFEBD28B
:10194000631C0022C818CA547CB162461CF8015FAF
:1019500010F8016DA1EB0C0302328CF80060013B22
:10196000521A057023449A42EFDB084670BD00BF4F
:10197000B4EE400A2DE9F04FF1EE10FA164680EA77
:10198000E07207462DED028BA2EBE072B0EE408ACA
:1019900085B080F14881F0EEC07A9FEDC57AF4EE13
:1019A000477AF1EE10FA29DDB5EEC00AF1EE10FA31
:1019B00000F1ED80032A40F391800323002FA2EB76
:1019C0000302C0F28580B5EEC08AF1EE10FA00F194
:1019D0006A8149214E234620F41C3170B070737027
:1019E00022B120462021144405F074FF0023204634
:1019F000237005B0BDEC028BBDE8F08F89460D4623
:101A000002AA01A9484605F091FDDDF804A00446AC
:101A100059EA0A0372D101230278A64C9A4601932F
:101A2000A54BD046342A88BF1C46029B002B7DD094
:101A300008F10108A7EB080B06EB0805BBF1000F46
:101A400040F3A1805A46202130465D4405F042FF14
:101A500006EB0B032D2203F8012BBAF1000F77D10F
:101A6000B9F1000F06D01A46302102F8021B2E21D0
:101A700059701346AB421FD2A44619461CF8012BDD
:101A800001F8012BA94218D0019C2E20013C0BE04B
:101A900058700233013CAB4219460DD21CF8012BA1
:101AA00001F8012BA94208D00194002CF0D00B467C
:101AB000013CAB421946F1D31D46002F6BDB344687
:101AC000002320462B7005B0BDEC028BBDE8F08FE3
:101AD00022B130462021164405F0FCFEB5EEC08A46
:101AE000F1EE10FA40F1BD802D2149224E2346200F
:101AF000341D3170F0707270B37077E7CAF1000373
:101B0000994557DA4FF00108C9F1000A694CC245FE
:101B10004046CDF804A0B8BF08F10108BAF1000FA3
:101B200052D1029B08F10108002B81D1A7EB080BD1
:101B300006EB0805BBF1000F27DD5A462021304691
:101B40005D4405F0C7FE06EB0B03BAF1000F87D02A
:101B5000BAF1000F8EDAB9F1000F8BD018462E22A1
:101B6000302100F8021B5A7002465346013302F836
:101B7000011BFBD1BAF1000F0193CAF10003A8BF0A
:101B80000123034476E7334664E7334665E7042AD6
:101B9000AADD042312E7B844B8F1000F6FEA080287
:101BA0008DDA22EAE272202128460132154405F03E
:101BB00091FE84E706F056FA8046C245B8BF08F1A8
:101BC0000108BAF1000FACD0BAF1000FBFF62DAF8B
:101BD000B9F1000F3FF429AF0AEB090309F102083C
:101BE0008342BFF422AFB9F1000F05DDF2EE047AB3
:101BF000013D28EE278AFBD102AAB0EE480A28460A
:101C000003A905F093FCDDF804A0039B09F1010290
:101C10000446A3EB0A0393427FF407AF0AF1010ADB
:101C2000CDF804A001E7B5EEC00AF1EE10FA4CBF02
:101C300004230323934222DA0028A2EB030218DBD9
:101C400010EE103A002B02DA2D2306F8013B4E234A
:101C50004121F41C33707170B370002A7FF4C1AE5F
:101C6000C4E649214E224623F41C31707270B370D1
:101C7000BCE622B130462021164405F02BFE18EEBA
:101C8000103A002B4FF04E0305DB4122F41C337059
:101C90007270B370AAE62D214122341D7370317029
:101CA000B270F370A2E62D2306F8013B91E600BF67
:101CB000FFFF7F7F582D00206C2400204FF0010C87
:101CC0000CFA01FC01EB410100EB411170B5B1F8D8
:101CD0000EE01FFA8CF5254C1FFA8EFE24782E019B
:101CE0000EFB033306F0F006E340B0F8884173457D
:101CF000A4B228BF73463443012AA0F888410DD00E
:101D0000022A28D0C2B10CF00F02B0F888C11FFA25
:101D10008CFC4CEA020CA0F888C170BD9BB20CF0A0
:101D20000F022D02CB82B0F8803105F470659BB2B2
:101D30002B43A0F88031E8E7AEEB030E0CF00F0266
:101D40001FFA8EFEA1F80AE0B0F880319BB213436F
:101D5000A0F88031D9E79BB20CF00F02CB83B0F82A
:101D600080319BB21E43A0F88061CEE7B43C0020D6
:101D700027284BD8F8B52A4D044615F8202005EB46
:101D80008005012A2DD0022A3FD16B78C3F30110C0
:101D900003283ED0234A02EB803203F0030C224892
:101DA00089B2634602EB4C1C0678BCF806E0580189
:101DB000BCF810301FFA8EFECEF1011E1EFA83F31E
:101DC00003F1FF3E0EFB01F1F1408E4523D95B1A72
:101DD000C3F101039BB289B20244ACF80630118210
:101DE0000DE06A78C2F30113032B10D00F4800EB0B
:101DF00083308BB202F00301AA78FFF75FFF0C4B30
:101E0000EA7803EB04135B681A60F8BD7047094871
:101E1000EFE7094AC1E7991E4FF6FF73DBE700BF02
:101E2000202E002000C01D40B43C002000C03D40DA
:101E3000D82A002000803E4000801E4000230F2250
:101E400048F2B82C194610B54FF470444FF4806E28
:101E5000A0F88C414FF46044A0F88E210A46A0F807
:101E60009031B0F888319BB243F0F003A0F888318C
:101E700001EB4103013100EB431304299C80A3F8DB
:101E800006E05A841A865A805A81A3F80EC05A82F4
:101E9000DA825A83DA83EBD1B0F888319BB243F00F
:101EA0000F03A0F88831B0F888319BB243F4706317
:101EB000A0F8883110BD00BF374B384A996F3848B9
:101EC00041F47F0170B5996741F20106D3F88010A3
:101ED00045F6C05543F226040A43C3F88020FFF7B5
:101EE000ADFF00F58040FFF7A9FF00F58040FFF748
:101EF000A5FF00F58040FFF7A1FF0022A0F5031029
:101F00004FF00F0E114600EB42134FEA421C013214
:101F10009981042A5981A3F80EE09E82DD8020F881
:101F20000C1019829C81EED100221E484FF00F0E3A
:101F300041F20106114645F6C05543F2260400EB76
:101F400042134FEA421C01329981042A5981A3F8B5
:101F50000EE09E82DD8020F80C1019829C81EED16B
:101F6000002211480F2641F20105114645F6C054E2
:101F700043F2260E00EB42134FEA421C01329981D4
:101F8000042A5981DE819D82DC8020F80C101982A0
:101F9000A3F80CE0EED170BD00C00F40000003FCC0
:101FA00000C03D4000001E4000401E4057280FD892
:101FB00083290DD821F0010C084AC9073CF80230EA
:101FC0009BB206D403F47F4303439BB22CF8023048
:101FD0007047DBB243EA00239BB2F7E700C03B4007
:101FE000074A506A936A19468446506A936A99422E
:101FF000F9D18445F7D1DB0B43EA4040704700BF7D
:1020000000400D4010498B6823F001138B608B68F2
:10201000DB07FCD48B6B0C4A23F001038B63936BBF
:10202000D907FCD4C3030849400C53651065936B72
:1020300043F0010393638B6BDB07FCD58B6843F0A4
:1020400001138B60704700BF00400D4072B6EFF384
:102050000583524CC4F884301EF0040F0CBFEFF31C
:102060000882EFF309824FF0E0234D4E4D4DD3F837
:10207000280DD3F82C1DC4E92201D3F8341DD3F860
:10208000383DC4E924139369C4F89830D369C4F87F
:102090009C3000F0D1F884ED280AFFF7A1FF0B2156
:1020A0004FF0FF32C4F8A4000B46C4F880103E493C
:1020B000301D5A40202402F00103013C01FB03F3D0
:1020C00083EA5202F7D1A84202D073680646EFE7CE
:1020D000324BC3F8A820BFF34F8F4FF0E0233049B5
:1020E000324AC3F8701FC3F8702FBFF34F8FBFF38E
:1020F0006F8F2F4A02252F48D36E2F4943F4405348
:10210000D3660560D3692D4823F07F0343F0400375
:10211000D3610B6883423DD8264D00214FF0E02368
:102120004FF0FF3229600126C5F808112449C5F88F
:102130000011C5F80861C3F88021C3F88421C3F8F1
:102140008821C3F88C21C3F8902101E000F066F9E2
:10215000D5F80C31002BF9D00134C5F80C614F2CA7
:10216000F4D9184B022018494FF00042C1F8400141
:102170005A63D5F80C313BB9144815490D4A01632F
:10218000D2F80C31002BFAD04FF0E023114AC3F8FB
:102190000C2DFEE7FEF734FEBEE700BF00FF272050
:1021A00080FF2720A8FF27202083B8EDA0FF27204D
:1021B00000C00F4000400840D4310020803DCD0BCE
:1021C000009F240000900D4000002E4000800F4032
:1021D000F100AD0B0400FA050A490A6838B108B5E8
:1021E00013180948834204D810460B6008BD1046F6
:1021F000704705F02FFD0C234FF0FF3203601046AF
:1022000008BD00BFB834002000002820002070471F
:102210004FF0FF30704700BF4FF4005300204B6079
:10222000704700BF012070474FF0FF30704700BF7C
:1022300030BFFDE7FFF70ABF124AD2F880305B07D4
:10224000FBD5D2F880301048C3F30B230F4990ED33
:10225000007A07EE903A91ED006AB8EE477A0C4AA0
:10226000F8EEE77A0B4BD2ED006A77EEC77A93ED82
:10227000007AB8EE477A67EE867A87EEA60A37EEDE
:10228000400A704700810D40D4590020DC590020DD
:10229000E0590020D8590020836BF0B41BB153687B
:1022A00043F40043536072B6446B3CB31A4B226054
:1022B000D3F8B0410C421DD1184E776804E0746821
:1022C000E41BB4F5166F0BD2D3F8404144F48044BC
:1022D000C3F84041D3F8B851D3F840416404EED577
:1022E0000D4007D10C4CC0E90225D4F8B0310B43A6
:1022F000C4F8B031426362B6F0BC7047064DC0E925
:102300000224D5F8B0310B43C5F8B0310263426303
:1023100062B6F0BC704700BF00002E40001000E025
:1023200070B5056B9DB106462A46002403E012688D
:102330000134012A0CD0536813F08003F7D03263C4
:102340002CB12846B36B2D689847013CF9D170BD7C
:10235000C6E90C33F4E700BF30B4D9B91F4C204BA9
:102360000021204A01254FF0011099601D60C4E949
:10237000023180245C60C2F8BC01D2F8B0311A4846
:102380002B43C2F8B0310160D2F8B031002BFBD141
:1023900030BC70470904154B104C012541F08001F9
:1023A0009860104A596000F580511D60D96000F5B1
:1023B0000051A364196100F5405100F58040596156
:1023C00000219861E164D2F8B03143F48033C2F85F
:1023D000B031D2F8B031002BFBD1C0E700000020B3
:1023E0002043002000002E4074590020404300206C
:1023F000084901220B7802FA00F023EA0000087075
:1024000030B9054AD2F8483123F08003C2F8483188
:10241000704700BF575A002000002E402DE9F04FB2
:10242000974C83B0D4F84471FB07C4F8447153D57A
:10243000D4F8AC21002A4AD0924EDFF860A2DFF82F
:102440007492DFF874B2DFF87482C4F8AC21D6E974
:102450000A20D4F8403143F40053C4F84031D4F892
:1024600040319D04F5D5D4F8403123F40053C4F82D
:1024700040314FF00113C4F8B431D4F8B45115F021
:102480000115FAD193B28446CAF80050B3F5086F2B
:1024900000F0CF8100F2DB8040F202318B4200F08D
:1024A000E78100F29A80822B00F0CB81B3F5817F27
:1024B00040F08A8010F0780F83B200F003824FF072
:1024C0000113C4F8C031D4F8AC21002ABDD16C4A44
:1024D000D2F8BC31002B42D17E0616D5684BD3F81A
:1024E000AC21C3F8AC21D3F8BC21C3F8BC21D3F88C
:1024F000B041002CFBD14FF0FF32C3F8B421D3F828
:10250000843100F029FD604B1C60FC0103D55F4B5A
:102510001B6803B19847B80103D55D4B1B6803B135
:102520009847790708D5564BD3F8843113F40073D4
:1025300047D0584B01221A70514BD3F848311A0634
:102540000AD53B0608D5544A13782BB1013BDBB2C0
:102550001370002B00F0728203B0BDE8F08F4F497A
:10256000C2F8BC310868034240F0D181464A146881
:102570001C40B1D05FEA144810D0424E4FF0010920
:1025800098FAA8F5B5FA85F506EBC51009FA05F530
:102590004030FFF7C5FE38EA0508F1D1A4B2002C9F
:1025A0009AD0384E4FF0010894FAA4F5B5FA85F5A3
:1025B00006EBC51008FA05F5FFF7B2FEAC43F3D100
:1025C0008AE7344A1370B7E7802B7FF478AF34483A
:1025D00002210580FFF7C0FE75E7B3F5A06F00F09C
:1025E0000B81A3F5D063012B3FF669AF2D4B5D68DE
:1025F000002D3FF464AF1FFA8CFC4FEA124E04E04A
:102600001D690C33002D3FF45AAF1A887245F7D17B
:102610005A886245F4D14FEA1E22032A00F0A581B0
:102620001A89000C824228BF0246BEF5007F40F0A6
:10263000A181184B1C4918781C4B0192002818BF27
:1026400019461B48FFF7C6F8194D019AE1E142F21D
:1026500021218B427CD033D942F221318B4200F0D0
:1026600081804FF6C0018B427FF429AF10F47F4F79
:1026700083B27FF424AF43F46E4363F30F0CB5E7EA
:1026800000002E400000002078590020305A002021
:10269000345A00205D5A00205E5A002074590020F0
:1026A0009C5900200C300020901C0060F41C00603D
:1026B000000020206C5900205DCFC6B8C0012E401C
:1026C000B3F5106F66D042F221018B427FF4F7AE72
:1026D000030C072B7FF4F3AEB24BB349F560D9601E
:1026E000B249B360C3F80890C1E9002001221A6022
:1026F000AF4A5A60AF4A1A61D4F8B01141F00101F3
:10270000C4F8B01102F5805102F5005259619A6186
:10271000D4F8B031002BFBD1A74AF36493600123B6
:10272000B264136048F2800353604FF00113C4F8A1
:10273000BC31D4F8B03143F48033C4F8B0314FF435
:102740008033CAF80030D4F8B031002BFBD1BAE6A0
:1027500080B238B9994BC2F307421968984B196097
:10276000984B1A70944B00229A60F2640122B36471
:102770001A6080225A604FF00113C4F8BC31D4F8BB
:10278000B03143F48033C4F8B031D4F8B031002B09
:10279000FBD198E6C2F307428B4B1A708B4BC4F8FF
:1027A000C8318B4BC4F8CC318A4BC4F8D03100F01F
:1027B000D5FB80222946884805F08CF8874B80227B
:1027C000C6F8A0B0C6F8E0307B4BF5645A60012231
:1027D000B3649D601A604FF00113C4F8BC31D4F8A3
:1027E000B03143F48033C4F8B031CAF80050D4F8A3
:1027F000B031002BFBD166E66F4B0121F564196007
:1028000080219D60B36459604FF00113C4F8BC315E
:10281000D4F8B03143F48033C4F8B031D4F8B031D7
:10282000002BFBD1130C5B0643F08073C4F85431CA
:1028300049E6654B01216A481B780370FFF78CFD60
:1028400041E683B210F078007FF439AE03F07F02E6
:1028500058F82210624A1080180600F19E80CB07BB
:1028600001D50123137002215D48FFF775FD2AE6AB
:1028700010F0780F83B27FF422AE03F07F0213F0E2
:10288000800F58F8223014BF43F4803343F0010323
:1028900048F822300022484BF2649A600122B36467
:1028A0001A6080225A604FF00113C4F8BC31D4F88A
:1028B000B03143F48033C4F8B031D4F8B031002BD8
:1028C000FBD100E603F07F0213F0800F58F82230AE
:1028D00014BF23F4803323F0010348F82230002290
:1028E000354BF2649A600122B3641A6080225A6008
:1028F0004FF00113C4F8BC31D4F8B03143F4803345
:10290000C4F8B031D4F8B031002BFBD1DBE50020A6
:10291000086026490C88486842F221018C427FF405
:1029200025AE80B200287FF421AE2E492E4C03C97B
:10293000A18086284FEA11412060A1717FF416AE74
:1029400072B62A48017841F008010170D2F84811A6
:102950000D0605D480200143C2F84401C2F8481195
:1029600062B6234A5021117000E6000C2A78824298
:1029700028BF0246BEF5E06F44D11E4B1E4D1878AD
:102980001E491F4B0192002818BF19462846FEF722
:1029900021FF07236B70019A3BE0C9033FF561AF4C
:1029A00061E700BF404300206C69002068490020B7
:1029B000800007006C790020204300200C5A002082
:1029C0002C5A00205B5A00205C5A00200200CC00E8
:1029D000C80002000200C800800000201993D574CE
:1029E0009C5900206C590020245A0020575A00207E
:1029F0005E5A00205D5A002000002020F41C006078
:102A0000901C00602946104D01922846FEF7E2FE18
:102A1000019A25F01F031544BFF34F8F4FF0E021BB
:102A2000C1F8703F20339D42FAD8BFF34F8FBFF3F8
:102A30006F8F05481146FFF78FFC44E50320FFF731
:102A4000D7FC0BF04BFC00BF000020202DE9F04725
:102A50001F46831E022B01D9BDE8F087DFF84C909A
:102A600015460C463C2209EBC01806464FEAC01A30
:102A7000002108F10400240404F02CFFB5FA85F2CB
:102A80000123520944EA427449F80A40C8F83870F0
:102A9000C8F80830002FDFD0034AB34011680B4359
:102AA0001360BDE8F08700BF7859002000000020C7
:102AB0002DE9F0470D46811E022901D9BDE8F087B6
:102AC000C701DFF84C909246044640373C22002173
:102AD0001E4609EB07082D0408F1040004F0FAFE75
:102AE000BAFA8AF2520945EA427249F807200122ED
:102AF000C8F83860C8F80820002EDFD0034B103427
:102B00001968A2400A431A60BDE8F087785900208E
:102B10000000002012048160C36101F5405342F0BF
:102B2000800210B40124426001F50052046001F5F6
:102B3000805401F58041C46081615DF8044BC0E9B7
:102B400004237047831E0A46022B00D97047064BA8
:102B500000F110014FF0010C03EBC0100CFA01F171
:102B60004030FFF799BB00BF00000020831E0A46DB
:102B7000022B00D970470121024B814003EBC010AA
:102B8000FFF78ABB0000002040687047124A134BD1
:102B9000D2F8200220F07F40984210B584B002D2D3
:102BA00000EB800040000E4C01A90A22FEF7AEFEA9
:102BB00001A90023204611F8012B01333AB10A2B59
:102BC00020F8022FF7D11623237004B010BD5B004C
:102BD000DBB2237004B010BD00441F408096980003
:102BE0009C3C002000F0D8BA00F0A8BA00F066BB08
:102BF00000F03CBB0846114600F02CBBF8B5144C65
:102C00004FF0E025134E4FF4003204EB4024124FF6
:102C100006EB40160346C5F88C2121463A8830461B
:102C2000FFF778FF3B882344BFF34F8FC5F85C4F15
:102C30002034A342FAD8BFF34F8FBFF36F8F032026
:102C40003146FFF793FF4FF40033C5F80C31F8BD60
:102C50008000202060430020385A0020244B2DE9BA
:102C6000F0411C884368C569C3F30E43E41A002C85
:102C700024DD204920480A780078D3B21F4E8242D2
:102C80001F4807D010F8038036F81870C7F5007297
:102C9000944218D90133002226F81540082B194E0A
:102CA00088BF134626F8152098BFDAB2C554164BD4
:102CB0000A701A6814441C60BDE8F0812846BDE81B
:102CC000F041FFF79BBF07EB4820104922462744FD
:102CD000084401EB4521FEF77DFD0B4A284626F806
:102CE000187013682344BDE8F0411360FFF786BFF6
:102CF000385A0020555A0020565A0020A859002062
:102D0000C8590020B8590020A45900208000202074
:102D10001D4B1A78002A36D102F0FF031B4A1278A5
:102D20008AB32DE9F0411A4D2A8852B3194EC2F5E3
:102D30000068194F3278194C07EB421704EBC22494
:102D4000424638462146FFF7E5FE04EB0802BFF392
:102D50004F8F4FF0E023C3F8704F2034A242FAD8CF
:102D6000BFF34F8FBFF36F8F04203946FFF7EAFEA2
:102D700033780133DBB2032B88BF00233370002389
:102D80002B80BDE8F08170475A5A00205C5A002021
:102D90003A5A0020595A0020604400208010202018
:102DA0002DE9F04F85B0CDE90110002900F0BF807A
:102DB0000023604CDFF89881DFF898A15E4F009304
:102DC00001235E4A23705E4B1978B8F8003002EB9D
:102DD0004119002B40F0A7801E461D469B464846E1
:102DE000FFF7D2FE10F0800000F08C80BFF34F8F11
:102DF0009AF8003084F800B005B93E68002B7DD108
:102E00003B689B1B782B00F287804E4B1B78002B76
:102E100074D000F09DFA0122B8F8003015462270F7
:102E2000002BDCD0464AC3F5006011781A4600EB4F
:102E3000C120454DC9022844019D954217D20393F4
:102E4000DDE901512A46FEF7C5FC039B4FF04042E5
:102E50005B1BA8F800303D4BC3F88420BFF34F8FB5
:102E6000009800232844237005B0BDE8F08F364B4E
:102E7000CD180299FEF7AEFC00234FF400622946FC
:102E80004846FFF747FEBFF34F8F05F1200205F5D7
:102E90000063934234BF012340234FF0E02205EB4F
:102EA0004313C2F8705F2035AB42FAD1BFF34F8FA6
:102EB000BFF36F8F04204946FFF744FE204A137882
:102EC0000133DBB2032B84BF00231D4A1370B8F813
:102ED0000030019AD11A009A1A4401910092029A84
:102EE0001A4400230292194AA8F80030C2F884302C
:102EF000BFF34F8F237000297FF462AF009805B0B5
:102F0000BDE8F08F4FF400620D4B8AF8000019788D
:102F10001346A8F800208AE7012300988AF80030B9
:102F200005B0BDE8F08F1A46C3F500607FE7019851
:102F3000E5E700BF5A5A00200C5A002060440020E8
:102F4000595A00205C5A00208010202000002E409A
:102F50003A5A0020585A0020704700BF2D4B0021DC
:102F600080222D4870B51B7800242C4D8B422C4EAE
:102F70000CBF40234FF400732B80338004F0AAFC75
:102F8000284A2146284B14704FF4807227481C8031
:102F900004F0A0FC264A1021264B0220C2E900447E
:102FA000C2E90244244AC3E900441470234AC3E935
:102FB0000244234B1C70234614602246FFF778FD21
:102FC0002246318803201F4BFFF740FD2346012294
:102FD00029880420FFF76CFD20460134FFF70EFE20
:102FE000082CF9D1184B00214A221848184C0460CB
:102FF000C3F88410C3F88020D3F84821154942F063
:103000008072C3F8482121B1134A137843F00103B9
:10301000137070BD5D5A0020604400203C5A0020AF
:10302000385A0020595A00203A5A002060430020A4
:10303000A8590020B8590020555A0020A459002052
:10304000565A0020F90E020000002E40305A00208F
:10305000AD0F0200000000005F5A00202DE9F04F84
:103060004FF0E0234FF40032DFF8C8A083B0C3F87C
:103070008C218B469AF8004000294FD08046E4B25C
:103080000027DFF8B490264BABEB070225491B78ED
:10309000A34204F101043FD0092C234B404628BF32
:1030A00000241E5D39F816C00CEB462319441F4B53
:1030B00033F81650A5EB0C05AA421CD20CEB462C9B
:1030C00018491B4C61440192FEF784FB216839F8D2
:1030D00016505846019AA1EB0B012A44394429F8AD
:1030E000162021604FF0E0234FF40032C3F80C218A
:1030F00003B0BDE8F08F2A462F44FEF76BFB0C4966
:10310000E3B230460A68A844521B0A608AF80030CD
:10311000FFF774FDBB45B6D83846E3E70846E1E75C
:10312000555A002080002020C8590020A8590020AE
:10313000A4590020565A0020B85900200B4B0C4AC5
:1031400012781978D3B28A420DD0013309480A4A5D
:10315000092B0A4928BF0023C35C31F8131002EB86
:103160004323585C70474FF0FF307047555A00209A
:10317000565A0020C859002080002020B85900204D
:10318000044B10B51C680CB1204610BD00F0E0F8EF
:10319000204610BDA45900202DE9F84F144E154DBE
:1031A00033782A78934221D0DCB2DFF85090DFF8F0
:1031B00050B0DFF85080104F0134082C5FFA84FAC9
:1031C00001D90024A24619F80400DBF8003038F8D1
:1031D000102037F81010521A9B1ACBF80030FFF766
:1031E0000DFD86F800A02B78A342E5D1BDE8F88F4D
:1031F000565A0020555A0020B8590020C8590020BE
:10320000A4590020A859002000B583B001210DF178
:103210000700FFF723FF20B19DF8070003B05DF81A
:1032200004FB4FF0FF30F9E7094B00B583B01B7882
:103230008DF807003BB101210DF10700FFF7B0FD4C
:1032400003B05DF804FB03F0FF0003B05DF804FB7E
:103250005C5A0020044B1B7803F0FF020BB1FFF710
:103260009FBD1046704700BF5C5A00202DE9F04119
:103270000024DFF8448001230D4D27460D4E88F8C9
:103280000030337828462035A34204F1010405D0EC
:10329000FFF77AFC030658BF07F50067042CF0D14E
:1032A000BFF34F8F0023384688F80030BDE8F08127
:1032B00060440020595A00205A5A00202DE9F84352
:1032C0001D4B1B7813B11D4D2A880AB9BDE8F88340
:1032D0001B4EC2F500691B4933784A461A4C01EB74
:1032E00043181A4F04EBC324012340463B70214688
:1032F0000023FFF70FFC04EB0902BFF34F8F4FF0E1
:10330000E023C3F8704F2034A242FAD8BFF34F8FA6
:10331000BFF36F8F04204146FFF714FC337801336D
:10332000DBB2032B88BF0023337000232B80BFF355
:103330004F8F3B70BDE8F8835C5A00203A5A00205A
:10334000595A002060440020801020205A5A002042
:103350002DE9F8432D4B1E7866B12D4F3B784BB9C4
:103360000123F1073B7043D4B20726D400233B70FE
:10337000730701D4BDE8F883264B1A68002AF9D0F8
:10338000EFF30582002AF5D1EFF3108572B61868C5
:10339000002834D0204C2178002930D1012222701D
:1033A00042691A60002A2ED0916105B962B60025E3
:1033B0008368457798472570DCE7DFF8648098F8E4
:1033C0000030002BD2D00025DFF858902B4659F85A
:1033D00023400135236820461B69984710B1636973
:1033E0009B68984798F80020EBB29A42EFD8BDE767
:1033F000FFF7C6FE0028B7D0AFF30080B4E7002D7A
:10340000B8D162B6B6E7054B1A60CEE75F5A002026
:10341000475A0020085400203F5A0020145400202E
:10342000415A00201854002003460846194604F06B
:1034300077B800BFB5EE400BF1EE10FAB0EE407B6E
:1034400002D4B1EEC70B704700F080B808B52DED7F
:10345000048BB0EE408B01F0A5F8B4EE488BF1EE92
:1034600010FAB0EE409B0AD6B0EE480B00F0DAF945
:10347000B7EE007BB4EEC70BF1EE10FA04DCB0EE51
:10348000490BBDEC048B08BD04F0E4FBBDEC048BE0
:10349000034621221A600248BDE8084000F026BB1E
:1034A0000827002008B52DED048BB0EE408B01F00D
:1034B000D5F9B4EE488BF1EE10FAB0EE409B0AD687
:1034C000B0EE480B00F0AEF9B7EE007BB4EEC70BE0
:1034D000F1EE10FA04DCB0EE490BBDEC048B08BD34
:1034E00004F0B8FBBDEC048B034621221A600248AD
:1034F000BDE8084000F0FABA0827002001F0DEBA63
:103500000000000008B52DED048BB0EE418B01F0FA
:103510003DFEB4EE488BF1EE10FA06D69FED099B06
:10352000B4EE498BF1EE10FA02D0BDEC048B08BD6D
:1035300004F090FB89EE090BBDEC048B21230360A2
:1035400008BD00BF000000000000000008B52DED20
:10355000048BB0EE408B00F007FEB4EE488BF1EE2A
:1035600010FA06D69FED099BB4EEC98BF1EE10FA66
:1035700002D4BDEC048B08BD04F06CFB89EE090B92
:10358000BDEC048B2123036008BD00BF00000000D8
:103590000000000038B5B0EE407B17EE905A794B32
:1035A00025F000449C422DED0C8B16DD764B9C42A1
:1035B0000EDC09D09FED577B9FED580B002D37FE99
:1035C000000BBDEC0C8B38BD10EE103A002BF1D087
:1035D00037EE070BBDEC0C8B38BD6C4B9C425CDCB2
:1035E000A3F1DE739C424CDD4FF0FF339FED4DABFA
:1035F00027EE075B25EE056B9FED4C8B9FED4D1B7A
:10360000A6EE0A8B9FED4D3BA8EE061B9FED4DBB32
:10361000A1EE063B9FED4DDBA3EE06BB9FED4D9B60
:10362000ABEE06DB2DEE05DB9FED4C0B9FED4D2B3E
:10363000A6EE090B9FED4D4BA0EE062B9FED4DCB5B
:10364000A2EE064B5A1CA4EE06CB2CEE06CB39D0CC
:103650003DEE0CDB4E494F4A01EBC30102EBC303C5
:1036600091ED006B93ED000B9DEE076B36EE477B03
:10367000002D30EE470BA4DAB1EE400BBDEC0C8B05
:1036800038BD9FED3E6BB7EE005B30EE066BB4EEDF
:10369000C56BF1EE10FAA7DD93E700F0C3F83E4BDF
:1036A0009C4218DCA3F550239C4229DCB0EE007B41
:1036B000BFEE006B30EE075BA0EE076B002386EEDB
:1036C000057B93E73DEE0CDBADEE477BBDEC0C8B51
:1036D000B0EE470B38BD314B9C420BDAB7EE087B9E
:1036E000B7EE006B30EE475BA0EE076B022385EE72
:1036F000067B7BE7BFEE006B032386EE007B75E75E
:10370000B7EE007B012330EE475B30EE070B85EE12
:10371000007B6BE7182D4454FB21F93F182D4454CE
:10372000FB21F9BF11DA22E33AAD903FEB0D76248D
:103730004B7BA93F513DD0A0660DB13F6E204CC5DB
:10374000CD45B73FFF8300922449C23F0D555555E3
:103750005555D53F2F6C6A2C44B4A2BF9AFDDE525A
:103760002DDEADBF6D9A74AFF2B0B3BF711623FEFC
:10377000C671BCBFC4EB98999999C9BF9C75008864
:103780003CE4377EFFFF0F440000F07FFFFFDB3F8C
:10379000E01C0020C01C0020FFFFF23F008003401F
:1037A00000000000B0EE407B17EE903A1B4A23F079
:1037B000004393421BDD1A4A934202DD30EE400B78
:1037C000704700B585B0684601F094FB00F0030037
:1037D00001289DED021B9DED000B0CD0022812D09C
:1037E00070B1012000F062FD05B05DF804FB9FEDB3
:1037F000091B00F0C3BC00F059FDB1EE400BF3E72C
:1038000000F0BCFCF0E700F0B9FCB1EE400BEBE7D8
:10381000AFF300800000000000000000FB21E93F42
:10382000FFFFEF7F51EC100B10EE102A21F0004348
:1038300043EC102B704700BF0000000030B482B092
:103840008DED000B019A194C22F000430021A34298
:10385000016021DC009C1C431ED0154C144054B95F
:103860009FED107B20EE077B8DED007B019A6FF0C2
:10387000350122F0004322F0FF42DDE9004522F449
:10388000E00242F07F551B1545F40015A3F2FE330C
:10389000CDE900450B4403609DED000B02B030BC48
:1038A000704700BF0000000000005043FFFFEF7FA3
:1038B0000000F07FB0EE407B17EE903A1B4A23F0F9
:1038C000004393421CDD1A4A934202DD30EE400B66
:1038D000704700B585B0684601F00CFB00F00300AE
:1038E00001289DED021B9DED000B0ED0022813D088
:1038F00070B100F043FCB1EE400B05B05DF804FB85
:103900009FED081B002000F0D1BC00F037FCF4E76D
:10391000012000F0CBFCF0E7012000F0C7FCB1EE85
:10392000400BEAE70000000000000000FB21E93F37
:10393000FFFFEF7FB0EE407B17EE903A134A23F083
:103940000043934218DD124A934202DD30EE400BF1
:10395000704700B585B0684601F0CCFA400000F031
:1039600002009DED021B9DED000BC0F1010000F077
:10397000F5FC05B05DF804FB9FED021B012000F093
:10398000EDBC00BF0000000000000000FB21E93F8B
:10399000FFFFEF7F08B52DED028BB0EE408A00F0FF
:1039A000E7FBB4EE488AF1EE10FA06D6DFED098A9D
:1039B000B4EEE88AF1EE10FA02D4BDEC028B08BD39
:1039C00004F048F988EEA80ABDEC028B21230360BD
:1039D00008BD00BF000000000000000053EC102BE9
:1039E00010B4C3F30A54194674BB23F000411143C9
:1039F00027D09FED307B3B4920EE077B884253EC7C
:103A0000172B43DBC3F30A541946363C4CF2503CA7
:103A1000604522DC204440F2FE74A0421DDC0028F8
:103A200029DC10F1350F38DB21F0FF41363021F46D
:103A3000E0019FED227B41EA005343EC102B20EE86
:103A4000070B5DF8044B704740F2FF7C6445DDD105
:103A500030EE000B5DF8044B70479FED1A7B9FED35
:103A60001B5BB0EE470B002B5DF8044B27FE057B7C
:103A700027EE000B704721F0FF4121F4E00141EAFD
:103A8000005343EC102B5DF8044B70479FED110B76
:103A90005DF8044B27EE000B70479FED0E7B9FED0A
:103AA0000F5BB0EE470B002B27FE057B27EE000BCC
:103AB000C7E700BF00000000000050430000000006
:103AC0000000903C9C7500883CE4377E9C75008823
:103AD0003CE437FE59F3F8C21F6EA50159F3F8C252
:103AE0001F6EA581B03CFFFF000000009FED010BA1
:103AF000704700BF000000000000F87F10B582B0E2
:103B00008DED000B044604F0A5F89DED000B04605C
:103B100002B010BD82B058B1B1EE407B8DED007B9C
:103B20009DED007B222020EE070B02B0FFF7E6BFE1
:103B3000B0EE407BF2E700BF000000009FED010BFC
:103B4000FFF7E8BF00000000000000109FED010B30
:103B5000FFF7E0BF000000000000007082B0002806
:103B6000B7EE006BBFEE007B06FE077B8DED007BA2
:103B70009DED000B9FED037B222080EE070B02B032
:103B8000FFF7BCBF0000000000000000B4EE400BD7
:103B9000F1EE10FA30EE407B87EE076BB0EE460B8D
:103BA00002D62120FFF7AABF704700BFB5EE400B39
:103BB000F1EE10FA00D070472220FFF79FBF00BF40
:103BC000000000009FED076BB0EEC07BB4EE467BBB
:103BD000F1EE10FA00DC70472220FFF78FBF00BF24
:103BE000AFF30080FFFFFFFFFFFFEF7F2DE9F04FF6
:103BF0005BEC10AB2DED0A8B4FEA1B5C11EE90EAEB
:103C00000CF1FF3640F2FD70864210EE101A11EEF4
:103C1000103A89B05A4665464FEA1E5400F2C680F3
:103C2000C4F30A06A6F2BE367F2E98BF002000F22B
:103C3000BD80BFEE000BE14CE14B1444C4F34635AC
:103C400003EB451693ED006B93ED027B96ED128B23
:103C500096ED189B96ED162B260D241505EE904A31
:103C6000360593ED0C4BB8EEE55B951BA5EE062BE8
:103C7000A5EE079B93ED04AB93ED105B93ED08BBB2
:103C800093ED067B93ED0A6B93ED0E3B0C1E45EC1A
:103C90001C4BACEE080BA0EE053BA0EE046B20EE37
:103CA0000A5B30EE024B20EE058BA0EE0B7BA8EEFC
:103CB000036B32EE442BA8EE067B32EE002BB0EE07
:103CC000483B39EE022B95EE003B34EE085B20EECC
:103CD000080B34EE454B32EE036B34EE084B36EEF8
:103CE000046BA0EE076B35EE064B21EE048B18EE4D
:103CF000902AB0EE487BC2F30A556FF47273EB184A
:103D00003E2B91EE047B35EE445B35EE065BA1EE77
:103D1000057B00F29380AB4B93ED024B93ED005B80
:103D2000B0EE441B93ED042BA8EE051B93ED066B40
:103D300011EE101A31EE441B01F07F0293ED0E4B91
:103D4000A1EE028BA1EE068B93ED0C6B37EE087B98
:103D500027EE072B921802F10F0403EBC202A7EE25
:103D6000046B92ED1C4B03EBC40293ED0A3B93ED05
:103D7000085B53F834605768A7EE035B40180024D3
:103D800022EE023B37EE047BA219A2EE057B07EB85
:103D90004033A3EE067B002D5FD043EC102BA7EE43
:103DA000000B09B0BDEC0A8BBDE8F08FD8184EEBC4
:103DB0000E09461E37466FF0010849F1FF36B84537
:103DC0006FF4001777EB0606C0F02081481842EB2D
:103DD0000209461E374669F10006B8456FF4001720
:103DE00077EB0606C0F03981002A6ADB0020C4F3B5
:103DF0000A06A6F2BE337F2B40F2FF774FD9724BF3
:103E000000209A4208BF814200F0FD8040F2BD359B
:103E1000AE4240F29180012972EB030334BF0123CB
:103E20000023BC428CBF00240124A3420ED109B060
:103E3000BDEC0A8BBDE8F04FFFF780BE002BC0F24F
:103E4000CE80B5F5816F75D9002AF0DB09B0BDECE5
:103E50000A8BBDE8F04FFFF779BEA14280F21381D3
:103E6000B7EE003B03F17F5101F50011104641EC24
:103E7000150B27EE057B35EE076BB0EEC64BB4EEA7
:103E8000C34BF1EE10FA61D49FED480B26EE000B08
:103E900009B0BDEC0A8BBDE8F04FFFF787BE002DDF
:103EA0007FF4C7AE9FED437B4BEC16AB26EE077B52
:103EB00053EC172B23F0004217EE101AA2F15072A8
:103EC000B7E6C4F30A0640F2FE3086427EDD40F2D9
:103ED0003340864200F3FA80801BA0F120054FF0AA
:103EE000FF374FF0FF39874009FA05F9C0F1200884
:103EF000019547EA09054FF0FF3727FA08F945EA27
:103F00000905874023EA07072EEA05053D435DD1F1
:103F1000019DC3400EFA08F843EA08032EFA05FE95
:103F200043EA0E0303F00103980422F00042CCF3AD
:103F30000A055EE70025EEE688429341B7EE000BE6
:103F400034BF31EE000B30EE410B2AE7B5EEC06B0B
:103F5000F1EE10FA35EE465BBFEE004B35EE075B37
:103F600058BFB0EE434B36EE043B34EE437B37EEA6
:103F7000067B37EE057B37EE037B37EE446BB5EE01
:103F8000406BF1EE10FA04D12A4601F0004343ECF5
:103F9000162B9FED065B8DED045B9DED047B27EEFC
:103FA000057B8DED067B6FE7AFF30080000000001E
:103FB000000010000000000000003043AB6A19C090
:103FC000780C0020180300200000F03F4BEC10ABF1
:103FD00009B0BDEC0A8BBDE8F04FFFF7D7BDB7EED7
:103FE000000B38EE000B00283FF4DBAEB1EE400BC7
:103FF000D7E64918594B82F400224FF00000524195
:10400000884293415DD3B7EE000BCAE650EA09043B
:10401000EFD0534C0025A24208BFA94247D049180F
:10402000504B52418D4273EB02044AD3994508BF6D
:10403000A84246D103F100439A4208BFA942E2D008
:104040009A426FEA0E0E34BF002201224FEADE7E52
:10405000724577D09FED3D0BA3E64BEC17AB002AE2
:1040600027EE070B34DB002250EA09095DD1BEF1CF
:10407000000FBFF696AE104609B0BDEC0A8BBDE846
:10408000F04FFFF76BBD03F140419FED326B01F53F
:104090007001104641EC100BA7EE000B20EE060B52
:1040A00009B0BDEC0A8BBDE8F04FFFF78BBDDB1804
:1040B0002A4A8EF4002E4EEB0E0E9D4272EB0E023B
:1040C000A1D24BEC17AB37EE010B6AE600202CE7D0
:1040D000C4F30A02A2F2FF313429C4D8C2F58662C1
:1040E0004FF0FF31A2F11D05033201FA05F701FA85
:1040F00002F4C2F120063C4321FA06F73C4391400A
:1041000023EA01012EEA04042143ACD123FA02F28E
:104110000EFA06F632432EFA05F52A4312F0010292
:10412000A2D0B1EE400B01229EE7BEF1000FBFF618
:1041300038AEB7EE006B86EE007B8DED027B9DED19
:10414000020B2EE621EE010B2BE600BF0000000063
:1041500000000000000000000000007F0000F0FFF1
:104160000000F03F0000E0FFB1EEC00B704700BF61
:10417000B1EEC00A704700BF0000000010EE903A98
:1041800023F00043B3F1795F2DED028B2EDAFDEEC3
:10419000C07B17EE903A002B65D020EE004B9FEDD0
:1041A000358B9FED362B9FED373BA4EE082B9FED13
:1041B000375BA4EE023B9FED376BA4EE035B9FEDF4
:1041C000377BA4EE056BA4EE067B24EE077B21EE85
:1041D000401BB6EE006BA4EE071BB7EE000B94EE8F
:1041E000061BBDEC028B30EE410B70479FED218B1F
:1041F00020EE004B9FED212B9FED223BA4EE082BE0
:104200009FED225BA2EE043B9FED226BA3EE045BCD
:104210009FED227BA5EE046B224AA6EE047B93421F
:1042200027EE047BD3DD204A934217DCB7EE006B08
:104230000020A3F5001141EC150B36EE456B21EE85
:10424000401BB6EE003BA4EE071B94EE035BBDECF7
:10425000028B35EE410B36EE400B7047B6EE076B26
:10426000B5EE025BEBE7B7EE000BBDEC028B7047DF
:10427000AFF30080D43888BEE9FAA8BDC4B1B4BD9C
:104280009EEE213EAD529C804F7E92BE9015CB1982
:10429000A001FA3E7751C1166CC156BF4C55555519
:1042A0005555A53F3233D33F0000E93F10EE903A19
:1042B00023F00043B3F1795F04DAFDEEC07B17EE23
:1042C000903A5BB320EE007B9FED162B9FED173BE2
:1042D0009FED184BA7EE023B9FED185BA3EE074B3B
:1042E0009FED186BA4EE075BA5EE076B20EE075B56
:1042F00030B99FED164BA7EE064BA4EE050B7047A9
:104300009FED144B26EE456BB6EE003BA1EE036B22
:1043100096EE071BA5EE041B30EE410B704700BF65
:10432000AFF300807CD5CF5A3AD9E53DEB9C2B8A80
:10433000E6E55ABE7DFEB157E31DC73ED561C11902
:10434000A0012ABFA6F810111111813F49555555FA
:104350005555C5BF495555555555C53F38B5B0EEAE
:10436000407B17EE903A8D4923F000428A422DEDB2
:10437000108B2DDCFDEEC06B16EE901AF1BB10EE2B
:10438000104A431C2343134300F0BC80012800F073
:10439000968030EE016BBFEE005BBDEC108B85EEBE
:1043A000064B55EC164BB7EE006B53EC142B0C463A
:1043B0000A4643EC102B45EC154BA5EE006B35EE91
:1043C000477B31EE477BA7EE006BA6EE040B38BDB2
:1043D00073498A4212DD9FED515B002B9FED516BBB
:1043E000B8BFB1EE411B35EE415B9FED501BB8BF2E
:1043F000B1EE407B36EE477B35EE077B9FED4DAB54
:1044000027EE075B25EE056B9FED4C8B9FED4D2B4B
:10441000A6EE0A8B9FED4D4BA8EE062B9FED4DCBE4
:10442000A2EE064B9FED4DEBA4EE06CBB0EE414B5A
:104430009FED4C9BACEE06EB9FED4C0B9FED4D3B87
:10444000A6EE090B9FED4DBBA0EE063B9FED4DDBAD
:10445000A3EE06BB9FED4DFBABEE06DB5049ADEE88
:1044600006FB27EE056BAFEE05EBAEEE064BA4EEBA
:10447000051B9FED485B8A42A6EE051B37EE010B3C
:1044800020DC01281BD0BFEE006B86EE004B51EC08
:10449000100BB7EE005B53EC142B0020024643ECEC
:1044A000102B41EC160B36EE473BB0EE457B31EE60
:1044B000431BA6EE007BA1EE007BA7EE040BBDEC38
:1044C000108B38BD9B17BDEC108B20EE004B06EE19
:1044D000900A03F00203C3F10103B8EEE63B06EED7
:1044E000903A30EE030BB8EEE66B84EE005BB0EE74
:1044F000004B35EE415B37EE457BA7EE443B26EEA5
:10450000030B38BDFFF78EF9B7EE006BB0EE407BC2
:1045100086EE070BD3E700BFAFF30080075C1433D0
:1045200026A6813C182D4454FB21E93F00000000E1
:1045300000000000735360DBCB75F3BEA69237A07A
:10454000887E143F0165F2F2D844433F280356C9E0
:10455000226D6D3F37D60684F464963F7AFE1011C3
:104560001111C13FD47ABF74702AFB3EE9A7F03223
:104570000FB8123F68108D1AF726303F1583E0FE02
:10458000C8DB573F93846EE9E326823FFE41B31BAD
:10459000BAA1AB3F635555555555D53FFFFF2F3E4B
:1045A0002794E53F00B52DED0A8B83B08DED000B10
:1045B000019AA64922F000438B4212DD009903F1D3
:1045C000404303F580130B436BD19FED827B9FED3E
:1045D000830B002A30FE070B03B0BDEC0A8B5DF89D
:1045E00004FB9B498B4209DC9A4A934264DC9FEDB1
:1045F0007D0B03B0BDEC0A8B5DF804FB002AC0F212
:104600009C80B6EE007BB7EE009B9DED006B39EE13
:10461000468B28EE078BB0EE480BFFF7A5FDB0EEFA
:10462000483B9FED726B9FED732B9FED744BA8EE93
:10463000062B9FED746B9FED755BA2EE086BA6EEEB
:10464000084B9FED746BA4EE085B9FED744BA5EED9
:10465000086B26EE086B9FED735BA8EE045B9FED85
:10466000734B53EC102BA5EE084B00229FED715BB2
:1046700043EC172BA4EE085BA7EE473B30EE074B4D
:10468000A5EE089B86EE095B83EE046BA0EE056B3E
:1046900037EE060B30EE000B03B0BDEC0A8B5DF875
:1046A00004FB9DED007B37EE477B87EE070B03B0E5
:1046B000BDEC0A8B5DF804FB9FED4C8B9FED574BD7
:1046C0009DED007B9FED4B0B27EE077B9FED4D3B58
:1046D000A7EE080B9FED491BA0EE073B9FED516B2A
:1046E000A3EE071BA7EE046B9FED482B9FED495BE4
:1046F000A1EE072B9FED4D4BA2EE075B25EE075B6E
:104700009FED4C3BA6EE074B9FED360BA4EE073B0F
:10471000B7EE004B9FED496BA3EE074B85EE043BD4
:104720009DED007BA7EE436B37EE467B30EE470BEB
:1047300003B0BDEC0A8B5DF804FB9DED007BB7EE8A
:10474000006BB6EE00AB9FED299B37EE067B27EEA4
:104750000A7B9FED280B9FED2B2BA7EE090B9FEDFE
:104760002F8BA0EE072BB0EE470B9FED243B9FED68
:10477000275BA2EE073B9FED27CBA3EE075B9FEDE8
:10478000291BA5EE07CB2CEE07CB9FED284BA7EE00
:10479000081B9FED28BBA1EE074BA4EE07BBABEEB9
:1047A000076BB0EE468BFFF7DFFC8CEE084BB0EEEC
:1047B000005B9FED246B9FED077BA0EE046B36EE54
:1047C000006BA6EE457BB0EE470B03B0BDEC0A8B49
:1047D0005DF804FB182D4454FB2109400000000043
:1047E00000000000182D4454FB21F93F09F7FD0D8E
:1047F000E13D023F88B20175E0EF493F5544880E24
:1048000055C1C93F3B8F68B52882A4BF7D6FEB03BC
:1048100012D6D4BF555555555555C53F82922EB128
:10482000C5B8B33F59018D1B6C06E6BFC88A599CB9
:10483000E52A00404B2D8A1C273A03C0075C14333D
:1048400026A6913C075C143326A691BCFFFFEF3FE0
:10485000FFFFDF3F0000603C0000000038B510EEB5
:10486000905A924B25F000449C422DED0A8B1DDDA1
:1048700010EE103A04F1404404F580141C4308D0B3
:1048800030EE400B80EE007BBDEC0A8BB0EE470BA8
:1048900038BDBDEC0A8B9FED677B9FED686B20EE0A
:1048A000077BA0EE067BB0EE470B38BD804B9C42E9
:1048B0000EDCB4F1795F80F28380B7EE006B9FED80
:1048C000617B30EE077BB4EEC67BF1EE10FA74DC50
:1048D000B6EE008BFEF7A6FFB7EE007B9FED5B9B6D
:1048E00037EE400B20EE088B9FED5AABB0EE480B35
:1048F0009FED5A1B9FED5B3BA8EE0A1B9FED5B4BA8
:10490000A1EE083B9FED5B6BA3EE084B9FED5BCBED
:10491000A4EE086B9FED5B2BA6EE08CB2CEE08CB2C
:104920009FED5A5BA8EE092B9FED5ABBA2EE085BE8
:10493000A5EE08BBABEE087BB0EE479BFFF714FC7F
:104940005C4B9C422ADCB0EE004B8CEE093B53ECF6
:10495000102B9FED526B9FED377B002243EC122B07
:1049600030EE025BA2EE428B30EE000B88EE051BB0
:10497000B0EE465BA1EE447BA2EE445B90EE037B7F
:1049800037EE457B36EE477B002D3FF77DAFB1EE2E
:10499000477BB0EE470BBDEC0A8B38BD9FED417BEA
:1049A0008CEE094BB0EE005B9FED246BA0EE040B88
:1049B000A0EE057B36EE477BE6E7B0EE407B63E793
:1049C0009FED248B20EE006B9FED245B9FED253B3C
:1049D000A6EE085B9FED254BA5EE063B9FED252B34
:1049E000A3EE064BBDEC0A8BA4EE062B9FED237BBA
:1049F0009FED161BA2EE067B27EE067B9FED215B4B
:104A00009FED223BA6EE015B9FED224BA5EE063B00
:104A1000B7EE005BA3EE064BA4EE065B87EE056BDC
:104A2000B0EE407BA0EE067BB0EE470B38BD00BF7A
:104A3000AFF30080075C143326A6913C182D445434
:104A4000FB21F93F9C7500883CE4377E82922EB1B1
:104A5000C5B8B33F09F7FD0DE13D023F88B20175CE
:104A6000E0EF493F3B8F68B52882A4BF5544880ECC
:104A700055C1C93F7D6FEB0312D6D4BF555555556F
:104A80005555C53F59018D1B6C06E6BFC88A599C18
:104A9000E52A00404B2D8A1C273A03C0182D4454A8
:104AA000FB21E93F075C143326A691BCFFFFEF3FD3
:104AB000FFFFDF3F3233EF3F000000002DE9F04100
:104AC00051EC110B4342614C21F00046034346EA8E
:104AD000D37382B0A3428DED000B3CD8DDE900E733
:104AE000CEF1000343EA0E0327F0004848EAD373EF
:104AF000A34230D801F1404303F58013034311EE84
:104B0000102A3DD08D1705F0020558EA0E0E45EA31
:104B1000D77529D0324338D0A64244D0A04534D0EE
:104B2000A8EB0608B8F1747F4FEA285338DA002959
:104B300045DA3C3343DA9FED370B012D53D0022D7C
:104B400048D075B19FED356B9FED367B30EE460B4F
:104B500030EE470B05E09DED006B41EC170B37EE97
:104B6000060B02B0BDE8F081022D16D09DED007B52
:104B70009FED2E0B032D00FE070B02B0BDE8F08168
:104B800002B0BDE8F041FEF705BD9FED2A0B9FED99
:104B90002B7B002F20FE070BE3E79FED220BE0E7C6
:104BA0009FED240BC9E7B04505F1FF3524D0022D58
:104BB0002AD8274B03EBC50393ED000BD1E79DEDFE
:104BC000007B41EC160B87EE060BFEF72BFEFEF783
:104BD000E1FCB2E79FED116B9FED127B30EE460BCF
:104BE00037EE400BBDE710EE901A53EC102B01F19D
:104BF000004343EC102BB4E7022D08D8154B03EB10
:104C0000C50393ED000BACE79FED020BA9E79FED09
:104C10000D0BA6E70000000000000000075C143345
:104C200026A6A13C182D4454FB210940182D4454BC
:104C3000FB2109C0182D4454FB21F93F182D445481
:104C4000FB21F9BF182D4454FB21E93F0000F07F00
:104C5000B0020020980200202DE9F04385B08DEDD0
:104C6000001BDDE9007C2CF0004050EA07038DEDCD
:104C7000020B2FD0039B984A23F0004E964529DC67
:104C80007A4296493A4340EAD2728A4222D8DDF803
:104C9000089086453C464A4603F0004606DCC0F2D2
:104CA000C780B945C0F0C48000F0FD808B49194031
:104CB000D9B9BEF1000F40F0DF80B9F1000F4D46C9
:104CC00040F30881A1F213416D00002D01F1FF3185
:104CD000FADC0EE09DED027B9DED006B27EE067B7E
:104CE00087EE070B05B0BDE8F0834FEA2E51A1F225
:104CF000FF317A4D0CEA050585B9002840F0AD80FA
:104D0000002FB84640F3E480A5F213454FEA480867
:104D1000B8F1000F05F1FF35F8DC02E00515A5F24A
:104D2000FF35DFF8BC81414572DBC3F3130343F465
:104D30008013DFF8ACE1754559DBCCF3130C4CF470
:104D4000801CD01B491B0BD11DE050EA0E0345D03F
:104D50004FEADE73013903EB40034FEA4E0211D0F4
:104D6000A3EB0C00944288BF00F1FF300028A2EBB7
:104D7000040E4FEAD277E8DA013907EB43034FEA32
:104D80004202EDD1101BA3EB0C0C944288BF0CF136
:104D9000FF3CBCF1000FA4BF0246634653EA020188
:104DA00005D11BE0D10F01EB43035200013DB3F5E8
:104DB000801FF7DB4A498D426ADA491B142978DCE7
:104DC00005F21E40CA4003FA00F043FA01F1104315
:104DD0000E433346024643EC102B83E7414BF60F5C
:104DE00003EBC60393ED000B05B0BDE8F083AEEB1B
:104DF00005041F2C25DD3C48491BA0EB050C07FAD8
:104E00000CFC18BF0024ABD1A3EB0C0C1046C0E780
:104E1000A8EB0108B8F11F0F0DDC01F21E430EFADA
:104E200008FE29FA03F309FA08F243EA0E0380E7C1
:104E30009DED020B56E72C4B5B1A09FA03F3002297
:104E400077E705F21E4C00FA04FE27FA0CFC07FA7D
:104E500004F44CEA0E0C101B74E74FEAC028B8F1BA
:104E6000000F1F4D7FF75DAF4FEA4808B8F1000F04
:104E700005F1FF35F8DC54E74FEACE25002D18493F
:104E80007FF737AF6D00002D01F1FF31FADC30E71D
:104E9000A3F58013334305F2FF3543EA055110466D
:104EA00041EC100B1EE70F4B03EB167393ED000B59
:104EB00018E71F2907DC05F21E4022FA01F103FA68
:104EC00000F0084385E70848401B43FA00F080E7FC
:104ED000064D26E705490CE7FFFFEF7F0000F07F56
:104EE00002FCFFFF08030020E2FBFFFFEDFBFFFFDA
:104EF0000000000070B553EC102B9C4923F00045D6
:104F00008D4288B004466ADD99498D421E461BDCFD
:104F1000002B9FED867B40F3EB8030EE477BA1F5C5
:104F20001B21A1F5F0618D426AD09FED826B0120BB
:104F300037EE465B37EE457B84ED005B37EE467B14
:104F400084ED027B08B070BD8A498D4260DD8A49DC
:104F50008D424DDC2A1510EE100AA2F21642A5EB86
:104F6000025141EC170B9FED755BBDEEC76BB8EEC0
:104F7000C66B37EE467B27EE057BFDEEC74B8DED0E
:104F8000026BB8EEE46B37EE467B27EE057BB5EEA1
:104F9000407BF1EE10FA8DED046B8DED067B40F059
:104FA000968014EE903A002B0CBF01230223734924
:104FB00001910221009102A8214600F083F9002E00
:104FC000C0DA94ED006B94ED027BB1EE466BB1EE6E
:104FD000477B84ED006B84ED027B4042B2E700200A
:104FE0000021C4E90201002084ED000B08B070BD6F
:104FF00030EE407B002084ED027B84ED007BA1E756
:105000009FED505B9FED516B37EE457B01208FE7A5
:10501000FEF708FCB6EE007B9FED4E5BA0EE057B35
:10502000FDEEC77B9FED413B17EE900A9FED416B74
:105030001F28B8EEE75BB1EE454BA5EE430B25EE1E
:10504000067B1CDC4E4B421E53F82230AB4216D07E
:1050500030EE476B84ED006B30EE460B30EE470BC5
:10506000002E84ED020BBFF66DAFB1EE466BB1EED4
:10507000400B84ED006B84ED020B404262E730EEA2
:10508000476B16EE903AC3F30A53C3EB1553102B3C
:105090004FEA2552DEDDB0EE403B9FED2A6B9FEDDF
:1050A0002B2BA4EE063B30EE437BA4EE067B95EE65
:1050B000027B33EE476B16EE903AC3F30A53D21AD3
:1050C000312A06DCB0EE430B84ED006BC4E703230A
:1050D0006DE79FED226BB0EE430B9FED222BA4EE0C
:1050E000060B33EE407BA4EE067B95EE027BAFE72A
:1050F000244930EE077B8D420ED09FED0E6B4FF0B2
:10510000FF3037EE065B37EE457B84ED005B37EE14
:10511000067B84ED027B15E79FED0A5B9FED0B6B31
:1051200037EE057B4FF0FF30EBE700BF0000405447
:10513000FB21F93F3163621A61B4D03D00000000E9
:10514000000070410000601A61B4D03D7370032EFE
:105150008A19A33B83C8C96D305FE43F0000002E6D
:105160008A19A33BC14920259A837B39FB21E93F5A
:105170007BD90240FB213941FFFFEF7F042F002044
:10518000942D0020FB21F93F000000002DE9F041A3
:105190002DED028BB0EE408B82B08DED001BDDE972
:1051A000005828F0004454EA050347D018EE907ADE
:1051B000404B27F000469E4235DC9C4247DD04F11F
:1051C000004404F580142C432DD1B0EE480BFEF7BB
:1051D00029FBB0EE408B9DED000BFEF723FB364B19
:1051E00008EA0303002B4AD138EE087BB4EEC07BFB
:1051F000F1EE10FA08DD38EE408B38EE087BB4EEA5
:10520000C07BF1EE10FA4ADA18EE901A53EC182B24
:1052100007F0004787EA010343EC102B02B0BDEC16
:10522000028BBDE8F0819DED007B28EE078B88EEB8
:10523000080B02B0BDEC028BBDE8F08120EE018BC3
:1052400088EE080B02B0BDEC028BBDE8F0811B4B71
:105250009C4205DC9DED007B37EE071BFFF7FCFC55
:1052600018EE103A361B5B1B1E431BD19FED0F7BC4
:1052700020EE070B02B0BDEC028BBDE8F081B6EE6C
:10528000007B20EE077BB4EEC78BF1EE10FABBDD9E
:1052900038EE408BB4EEC87BF1EE10FAB4D838EE9D
:1052A000408BB1E7B0EE408B8FE700BF00000000FD
:1052B00000000000FFFFEF7F0000E07FFFFFDF7FC7
:1052C000000000002DE9F04F2DED088BADF5157DA8
:1052D0001C4604930791AB4BA69912F1140F53F897
:1052E0002150824604F1FF38C0F29982A649D31EAC
:1052F00081FB0301DB17C3EBA10303930133A3EB92
:105300008303DB00D3180693039B15EB0801A3EB83
:1053100008031AD401319FED956BA79819441CAA74
:105320000AE050F8234007EE904A0133B8EEE77BDD
:105330008B42A2EC027B08D0002BF2DAB0EE467B67
:1053400001338B42A2EC027BF6D1002DC0F2C98260
:10535000049B1CAA02EBC3046CAE4FEAC30C40468C
:10536000EF180AEBC301B8F1000F9FED807B09DB5A
:1053700022465346B3EC025B32ED026B8B42A5EE44
:10538000067BF7D10130B842A6EC027B04F1080499
:10539000E9D108AF07EB85039FED769B9FED778BF7
:1053A000043BDDF818B005930AEB0C0407EB850904
:1053B0006CAE2946019594AB03EBC103002913EDB4
:1053C000280B16DD06EBC1033A4620EE097B33EDD0
:1053D000025BB0EE406BBDEEC77BB342B8EEC77B5D
:1053E000A7EE486BBDEEC66B37EE050BA2EC016A6B
:1053F000EBD158460291FEF7F1FAB0EE40ABB4EEB5
:10540000000B2AEE000B00F0A5FAB2EE007BA0EE36
:1054100047ABBDEECABBBBF1000FB8EECB7B029928
:105420003AEE47AB74DD01F1FF3ECBF1180357F8BC
:105430002E2042FA03FC0CFA03F3D21ACBF1170028
:105440001BEE103A42FA00F56344002D47F82E2077
:105450000BEE103A64DCB5EE40ABF1EE10FA40F022
:10546000C480019B01F1FF3E73450DDC4FEA810CC6
:1054700007EB8103002053F8042D4B4540EA02005E
:10548000F9D1002840F0F280019B013B57F823300E
:10549000002B40F0E680059B012553F8042D0135D3
:1054A000002AFAD001F1010E0D447046049B194404
:1054B000039B03EB0E0C0CF1804CA79B0CF1FF3C03
:1054C00003EB8C0C1CAB06EBCE0E03EBC1019CED89
:1054D000017AB8EEC77BB8F1000F81ED007B0CF1CB
:1054E000040C0A469FED216B01F1080109DB5346CC
:1054F00001E032ED027BB3EC025BA342A5EE076B49
:10550000F7D10130A842AEEC026BE0DD294652E74C
:1055100040F09D804B1E57F82350ED15002D9ADD6D
:105520001BEE103A002903F101030BEE103A40F391
:105530008C813A68002A40F0828001292DD03B46B8
:10554000012053F8042F002A7CD0431CC2F1807242
:10555000994247F820201FDD57F8232007EB810CE4
:1055600007EB83036FF07F4011E000BF00000000F5
:1055700000000000000000000000703E000000007D
:1055800000007041842D0020ABAAAA2A1A68821A52
:1055900043F8042B6345F9D10122BBF1000F0DDD67
:1055A000BBF1010F00F03381BBF1020F06D1481EA1
:1055B00057F82030C3F3150347F82030022D7FF44D
:1055C0004AAFB7EE000B30EE4AAB002A3FF443AFD0
:1055D00058460291FEF702FA3AEE40ABB5EE40AB08
:1055E000F1EE10FA02993FF43CAF069CB0EE4A0B84
:1055F0006042A8468B46019DFEF7F0F99FEDC16B16
:10560000B4EEC60BF1EE10FAC0F247819FEDBF7BFE
:1056100020EE077BBDEEC77B0BF10102B8EEC75B46
:10562000A5EE460BBDEEC00B183410EE103A47F84D
:105630002B3017EE103A069447F822302AE0012367
:10564000002083E7013088427FF47BAFA5E7B6EE08
:10565000007BB4EEC7ABF1EE10FA80F2E5800025D6
:10566000F9E601F1010E704675461FE7069BA3F1AE
:10567000180157F82E300691A8467246019D4BB985
:10568000ACF104033B4453F8040D013A18390028E7
:10569000F9D006910698B7EE000B0192FEF79EF93D
:1056A000019A002AC0F221819FED986B02F1010C52
:1056B0006CA907EB8C034FEACC0E01EBCC0133ED68
:1056C000017ABB42B8EEC77B27EE007B20EE060BCB
:1056D00021ED027BF3D19FED8F4BAEF108036CA956
:1056E000CE18002444AF002D9FED8C7B10DBB0EE74
:1056F000446B8C483146002303E09C4208DBB0EC4D
:10570000026BB1EC025B01339D42A5EE067BF4DA3D
:1057100007EBC403944283ED007B4FEAC40104F11C
:105720000103A6F1080601D01C46DCE7A69B022B6C
:105730001DDC002B00F38B800FD19FED787BBE44E6
:105740003EED026B774537EE067BF9D143460BB150
:10575000B1EE477B079B83ED007B1BEE103A03F015
:1057600007000DF5157DBDEC088BBDE8F08FA69BFD
:10577000032BF2D1002A00F0E38002F1005307EB83
:10578000C20030ED026BB0EE475B874237EE067B1E
:1057900036EE476B80ED007B36EE056B80ED026BDD
:1057A000EFD1012A40F3CC80394491ED006BDA004F
:1057B00046A907EBC30333ED027BB0EE465B99428B
:1057C00036EE076B37EE467B83ED006B37EE057BDD
:1057D00083ED027BEFD19FED517B02F108033B4447
:1057E00007F1100233ED026B9A4237EE067BF9D1D6
:1057F0004346002B59D1D7E90001D7E90223079C82
:1058000084ED047BC4E90001C4E90223A5E7481E36
:1058100057F82030C3F3160347F82030CEE60021B6
:105820006FF0170303916DE51BEE103A002903F1A9
:1058300001030BEE103AC8BF02253FF77AAEB7EE70
:10584000007B37EE4AAB022505E60022A5E69FED78
:10585000337B07EBCC0C3CED026B674537EE067BE8
:10586000F9D1434697ED006B8BBB079B002A83ED74
:10587000007B36EE477B0CDD46A90123B1EC026BC1
:1058800001339A4237EE067BF8DA43460BB1B1EEAC
:10589000477B079B83ED027B5FE7BDEEC00B5A465B
:1058A00010EE103A47F82B30F4E697ED005BB1EEBE
:1058B000477B97ED026BB1EE455B079BB1EE466B04
:1058C00083ED005B83ED026B83ED047B45E7079B73
:1058D000B1EE475B002A83ED005B36EE477BCBDC05
:1058E000D5E7049B4FEAC30C53E5A69B022B1BDCB8
:1058F000002B21DC7FF431AF9FED087B26E700BF52
:10590000AFF30080000000000000704100000000C4
:105910000000703E00000040FB21F93F0000000045
:1059200000000000D0020020A69B032B7FF415AFDF
:105930009FED067B44AF5BE79FED047B44AF90E7B0
:105940009FED027B54E700BFAFF300800000000032
:105950000000000010B582B08DED000B0199009899
:10596000C1F30A52A2F2FF33132B844631DC002B21
:1059700021DB3A4A1A4101EA020404438E462DD043
:105980009FED347B9DED006B36EE077BB5EEC07B63
:10599000F1EE10FA09DD002904DA4FF4801141FA22
:1059A00003F39E442EEA020100200B46024643EC1C
:1059B000102B02B010BD9FED277B30EE077BB5EEBC
:1059C000C07BF1EE10FAF0DD002928DB0020014653
:1059D000EBE7332B06DDB3F5806F1BD09DED000B9D
:1059E00002B010BDA2F213424FF0FF3E2EFA02F2B7
:1059F0001042F3D09FED177B9DED006B36EE077BD9
:105A0000B5EEC07BF1EE10FACFDD002913DB2CEAF6
:105A10000200CAE79DED007B37EE070BE0E721F0BF
:105A2000004101430E4B00294FF000000CBF4FF026
:105A300000411946B9E7142B09D00124C3F13403FE
:105A400004FA03F39C44604588BF0919DFE701317C
:105A5000DDE700BF9C7500883CE4377EFFFF0F0048
:105A60000000F0BF0A22002101F09EBC0A220021A2
:105A700001F09ABC024B0146186800F003B800BF61
:105A8000483A00202DE9F04F01F10B06162E83B0A5
:105A9000044624D8102900F2BA8000F0A3FA102698
:105AA00018220220B54F3A44A2F1080153688B42F4
:105AB00000F0BA805A68D96822F003021A449D683F
:105AC000E9608D60516841F001012046516003F1A9
:105AD000080500F08DFA284603B0BDE8F08F36F0D7
:105AE000070600F19480B14200F2918000F07AFA4A
:105AF000B6F5FC7FC0F09A81730A00F08F80042B0A
:105B000000F26F81B30903F1390003F1380CC300CF
:105B10009A4F3B44A3F108055B689D4206D10CE017
:105B2000002980F22781DB689D4206D05A6822F066
:105B30000302911B0F29F3DD60463D69DFF850C277
:105B400065457CD06A6822F00302931B0F2B00F39B
:105B50007B81002BC7E904CC80F26C81B2F5007F19
:105B600080F01A81D308796801334FEA521E01226E
:105B700002FA0EF20A4357F833E0C5F808E007EBE3
:105B8000C3010839E9607A6047F83350CEF80C5009
:105B9000831001219940914257D8114206D120F03B
:105BA00003004900114200F10400FAD007EBC009DC
:105BB0004D468646D5F80C80454508D11DE1002BA1
:105BC00080F22481D8F80C80454500F01681D8F881
:105BD000042022F00302931B0F2BF0DD2046D8E9AE
:105BE000025408EB060146F00106C8F80460EC60B8
:105BF000A56043F00104C7E90411C1E902CC4C607F
:105C000048F8023000F0F4F908F1080502E00C232E
:105C100023600025284603B0BDE8F08F4FF40073E1
:105C200040204FF03F0C73E7D3689A4208BF023020
:105C30007FF440AF3D69DFF858C1654582D17A688D
:105C40008310012199409142A7D9BD686B6823F068
:105C500003094E4503D8A9EB06030F2B7ADCDFF8C6
:105C600034B1474BDBF800201B680132334405EBAD
:105C7000090A00F0338103F580530F3323F47F6862
:105C800028F00F084146204601F0BCFF411C0246A7
:105C900000F0F380824500F2EE803A4B19684144EF
:105CA0001960084600F04E81DBF8001001930131C5
:105CB0001BBFA2EB0A010918CBF80020196012F0F3
:105CC000070B00F01781CBF108010A44CBF5805196
:105CD00090440831A1EB0801C1F30B0A514620465C
:105CE000009201F08FFF421CDDE9002300F04F819C
:105CF000801A00EB0A081968BA6048F001005144A4
:105D0000BD425060196000F02981B9F10F0F40F2D7
:105D100027816868A9F10C0C2CF0070C00F0010039
:105D200040EA0C0068604FF0050E05EB0C00BCF17A
:105D30000F0FC0E901EE00F2328150681546124B98
:105D40001A688A4238BF1960104B1A688A4238BFF5
:105D5000196094E0AA1943F0010346F001066E6051
:105D60002046BA60536000F043F90835284603B076
:105D7000BDE8F08FD9681A44A1E600BF2C36002098
:105D8000C856002098560020C0560020C456002057
:105D900034360020343A0020B2F5206F4FEA522307
:105DA00063D3142B00F2B78003F15C01C9005B33AD
:105DB00007EB010E7958AEF1080E8E4500F0918088
:105DC0004B6823F00303934202D989688E45F7D1CB
:105DD000D1F80CE07A68C5E9021ECEF80850CD6013
:105DE000D6E6142B59D9542B00F29D80330B03F1C6
:105DF0006F0003F16E0CC3008AE60EF1010E1EF077
:105E0000030F05F108057FF4D5AE51E04244454645
:105E10005368D8F80C1043F00103536055F8083F5D
:105E20002046D9608B6000F0E3F8F3E6F00806F155
:105E3000080237E62A442046536843F001035360C2
:105E4000083500F0D5F8E5E6A919204646F0010628
:105E500043F001046E60C7E90411C1E902CC4C6053
:105E6000AB5000F0C5F80835D4E6930903F13901C9
:105E7000C90038339CE7BD425FD0BD68686820F038
:105E800003084645A8EB060302D80F2B3FF762AF85
:105E9000204600F0ADF80025BCE603F15C0003F1FC
:105EA0005B0CC30034E659F808394B4540F0968046
:105EB00010F0030F00F1FF30F5D17B6823EA0103F6
:105EC0007B60490099423FF6C0AE19B9BDE6490072
:105ED0000EF1040E1942FAD0704667E603F110087D
:105EE000D0E69A104FF001087B6808FA02F21A43D4
:105EF0007A6070E702EB08014942C1F30B0A514690
:105F00002046009201F07EFE431CDDE900237FF471
:105F1000EFAEDA46EFE6542B25D8130B03F16F01F1
:105F2000C9006E3344E7B3F5AA7F25D8F30B03F11C
:105F3000780003F1770CC300EAE5294B1868404468
:105F40001860B1E6CAF30B0CBCF1000F7FF4ACAEE5
:105F5000BD68C84448F001006860F0E61546EEE60A
:105F60000123536094E7B3F5AA7F23D8D30B03F141
:105F70007801C90077331BE740F25452934223D88B
:105F8000B30C03F17D0003F17C0CC300C0E5ABF161
:105F9000080BD844A8EB02084FF0000AABE605F165
:105FA00008012046009302F05FF9BD68009B686815
:105FB0001968C4E640F254518B420BD8930C03F19C
:105FC0007D01C9007C33F3E64FF47E737F204FF0F0
:105FD0007E0C9DE54FF47E717E23E9E67B6870E7D9
:105FE00098560020014801F063BE00BF9056002083
:105FF000014801F05FBE00BF905600202DE9F84F28
:106000001746002900F098800C4607F10B058046E2
:10601000FFF7E8FF162D54F8041C5BD810252A461C
:10602000AF425CD821F003069642A4F1080962DA77
:10603000BC4BD3F808C009EB0600844500F09780FC
:10604000D0F804C02CF0010303445B68DB0768D47C
:106050002CF0030C06EB0C03934247DACB0710D469
:1060600054F8083CA9EB030ADAF8043023F00301E2
:106070008C44B444944580F211817318934280F2A9
:10608000E88039464046FFF7FDFC0746E0B154F88A
:10609000043C23F001034B44A0F10802934200F0BA
:1060A000D280321F242A00F2F580132A00F2AC803D
:1060B00003462246116819605168596092689A60D7
:1060C0002146404602F0D0F84046FFF791FF38469F
:1060D000BDE8F88F25F00705002D2A46A0DA0C232D
:1060E000C8F8003000273846BDE8F88F1E46D0E9D2
:1060F0000223D3609A60731B0F2B22D8D9F8043087
:1061000003F0010333434E44C9F80430736843F08D
:106110000103736040462746FFF76AFF3846BDE833
:10612000F88FC907ADD454F8083CA9EB030ADAF894
:10613000041021F00301A0E7BDE8F84F1146FFF776
:10614000A1BCD9F8042009EB050102F001024E447C
:1061500043F001032A43C9F804204B60736843F0FD
:10616000010308317360404602F07EF8D2E7DCF8A4
:10617000040020F0030B06EB0B0C05F11000844526
:106180004DDAC9073FF57DAF54F8081CA9EB010AA9
:10619000DAF8041021F003018B44B34458453FF76B
:1061A0006CAF5746DAF80C1057F8080F321F242A44
:1061B000C160886000F2DB80132A40F2D68021683B
:1061C000CAF808106168CAF80C101B2A00F2DF80B8
:1061D00008340AF110022168116061685160A168F9
:1061E00091600AEB0501ABEB050242F001029960F8
:1061F0004A60DAF8043003F001032B434046CAF842
:106200000430FFF7F5FE6EE72368036063684360C0
:106210001B2A68D804F1080200F108034AE709EBD9
:1062200005029A60ACEB050343F00103536054F898
:10623000043C03F001032B43404644F8043CFFF7C1
:10624000D7FE27464FE750F8043C23F003031E44D3
:1062500051E75746DAF80C1057F8080F321F242A76
:10626000C16088604CD8132A48D92168CAF8081040
:106270006168CAF80C101B2A56D808340AF11002BB
:106280001E462368136063685360A3689360D14619
:106290003C4630E7214601F0A1FA11E7D0E90213AC
:1062A0005746CB60996057F8081FDAF80C30CB607E
:1062B000321F242A99602DD8132A29D92368CAF8B5
:1062C00008306368CAF80C301B2A42D808340AF137
:1062D000100322681A6062685A60A2689A60664673
:1062E000D1463C4607E7A3688360E368C360242A7D
:1062F00026D004F1100200F11003DBE63A46BFE7B6
:10630000214638461E46D14601F068FA3C46F2E680
:106310003B46DEE7214638466646D14601F05EFA46
:106320003C46E8E62C360020A168CAF81010E16867
:10633000CAF81410242A20D010340AF118029FE75A
:10634000236903616169416104F1180200F11803D6
:10635000B0E6A368CAF81030E368CAF81430242AFB
:1063600021D010340AF11803B3E73A4633E7214647
:10637000384601F033FA164B33E72269CAF8182081
:106380006269CAF81C2018340AF1200278E7A16873
:10639000CAF81010E168CAF81410242A0DD010347D
:1063A0000AF1180217E72369CAF818306369CAF8B6
:1063B0001C3018340AF120038BE72269CAF8182030
:1063C0006269CAF81C2018340AF1200203E700BFF2
:1063D0002C3600202DE9F04F2DED108B97B08A461A
:1063E00000210792129100220021CDE9041280467B
:1063F000514611910F4611F8012B2D2A5ED801A0AC
:1064000050F822F041480200594702005947020063
:1064100059470200594702005947020059470200F4
:1064200059470200594702008F4602008F4602007A
:106430008F4602008F4602008F4602005947020035
:1064400059470200594702005947020059470200C4
:1064500059470200594702005947020059470200B4
:1064600059470200594702005947020059470200A4
:106470005947020059470200594702005947020094
:10648000594702008F46020059470200594702004F
:106490005947020059470200594702005947020074
:1064A0005947020059470200594702005947020064
:1064B0007B4E020059470200674E020000210991FD
:1064C000302A7DD0002308932F2A144640F2CD8431
:1064D0004FF0000938464E464D4612E00130082D77
:1064E0001190C8BF09EB89090478C6BF02EB4902C5
:1064F000A2F13009A3F130062F2C05F10105224647
:106500006FDD06EB8603392C02EB4303E6DD9F4982
:10651000012201F097FA002837D1119B1A46013366
:1065200011935478002D40F04385302C40F02485A1
:10653000C3F101029818013311931C78302CF9D063
:10654000A4F13103082B00F20183119F431CA4F135
:10655000300B0B930125BC464FF0000E06EB860670
:106560000BEB460600200CF1010311939CF801404F
:10657000A4F13001092900F2BB8201308B460029C9
:1065800040F04F84DDF844C0EDE70020652CAE46B6
:106590000B90844601D0452C30D1002D6BD1089B47
:1065A000034367D1079B9FED778B13B1079BC3F81C
:1065B00000A0B0EE480B17B0BDEC108BBDE8F08F1B
:1065C0007A7802F0DF02582A00F00C840137119724
:1065D0003A78302AFAD0002A00F0B78001230893D5
:1065E00072E76A49012201F02DFA002800F0C0800C
:1065F000AE464FF0000CCDF82CC060464FF0000BBB
:10660000002D7ED007EE906A0B9BB8EE677BABEB5C
:106610000303BEF1000F08BFAE46102D0A932B46B0
:10662000A8BF1023092D8DED047B0CDD584A02EB29
:10663000C30212ED125B06EE909AB8EE666BA7EEFF
:10664000056B8DED046B0F2D00F3A8800A9A002ACC
:1066500000F0E4830A9A40F33C83162A40F39884BE
:106660000A99C5F125028A4280F2A6840A9AEB1A99
:10667000134499E00025DDF844A00AF101031193C9
:106680009AF801402B2C00F05E822D2C00F0F7814F
:1066900000230A93A4F13003092B00F2EB81302C84
:1066A00005D1119B013311931C78302CFAD0A4F141
:1066B0003103082BA2D8119A0C92531C1193A4F108
:1066C000300B54782F2C07DCDEE3013311934C7828
:1066D0002F2CA2F1300B06DD0BEB8B02392C194667
:1066E00004EB4202F1DD0C9A9B1A082B40F3CC8399
:1066F00044F61F6B0A9B002B82D0CBF1000B002DC0
:1067000080D1089B034320D1BCF1000F7FF44AAF36
:10671000692C00F0CF8300F3F382492C00F0CA8388
:106720004E2C7FF43FAF1B4911A802F0BFF900289F
:106730003FF438AF119B1B78282B00F0F2841648E9
:10674000FDF7D4F9B0EE408B01E09FED0E8B079A78
:106750000AB1119B1360099B002B3FF42AAFB1EEE5
:10676000488BB0EE480B17B0BDEC108BBDE8F08F36
:10677000119B0B905A1C11925C78AE46F8E600BF54
:10678000AFF300800000000000000000802A00201D
:10679000B00B0020902A0020082700200A9AEB1A4C
:1067A0001344002B40F3B08213F00F010AD0C34A08
:1067B00002EBC1029DED046B92ED007B27EE067BA0
:1067C0008DED047B33F00F0240F0388200230893F4
:1067D00000962B4672463946404602F0F3FA81464F
:1067E000002800F0E1820B9BA3EB0B0B0A9B9FEDB3
:1067F000A9EB002B9FEDA9CB9FEDAADB9FEDABBBD7
:10680000B4BF5A4600224FF0000A23EAE3730B920A
:106810000C935446D9F80410404602F051FA06464B
:10682000002800F00E81D9F810209DED048B023273
:10683000920009F10C010C30FAF7CCFFB0EE480BD6
:1068400014AA13A9404602F079FE1290002800F025
:10685000E4800121404602F05DFB0446002800F080
:10686000F080139A002AC0F2DE800B9B0C9F02EB93
:10687000030B089B149DD21A2A44914B013A9A4269
:10688000C5F1360580F29880991A1F29A5EB0105FC
:1068900000F3E380012202FA01F30D9300230E932B
:1068A0002F44089B5D44AB455A461F44A8BF2A4667
:1068B000BA42A8BF3A46002A03DDAD1ABF1AABEBB5
:1068C000020B0B9B002B00F38880002D00F39C80B3
:1068D0000A9B002B00F3B780002F00F3A980BBF1C7
:1068E000000F08DD21465A46404602F04FFC0446A0
:1068F000002800F0A68012993246404602F0E0FCE3
:106900008246002800F09D800023C568C3602146B0
:1069100002F0B4FC0028C0F2C78300F06183214676
:10692000504602F075FEB0EE007BB4EEC70BF1EE00
:1069300010FA46D8002D00F0CB80B7EE009B0598EA
:10694000604B00226049DFF884C100EA0107674517
:1069500000F0D480089959B1B7F1D46F08D8B4EEDB
:10696000CB9BF1EE10FA40F2568103F1D661CB1BBE
:10697000B0EE480B43EC1A2B02F04CFDAAEE008B54
:106980008DED048B18EE903A089A22B94E4A1A40BF
:10699000974200F0E4801299404602F0B7F9314680
:1069A000404602F0B3F92146404602F0AFF95146A5
:1069B000404602F0ABF92DE701230021CDE90D316E
:1069C0006EE7B6EE009B20EE099B002D5FD1B1EE85
:1069D000497B059853EC172BB4E721461A464046ED
:1069E00002F074FB044660B30146129A404602F07E
:1069F000BFFA30B30F901299404602F087F90F9A10
:106A00001292002D7FF764AF12992A46404602F099
:106A1000BDFB129000287FF45BAF22239FED258BF6
:106A2000C8F80030BCE00C9BDDF82CB09F1A20E7C2
:106A300031463A46404602F0A9FB064600287FF45C
:106A40004EAF1298E9E731460C9A404602F03EFB01
:106A5000064600287FF440AFF3E7C2F17F4202F51B
:106A60007F0202F57B420121E23201FA02F3CDE915
:106A70000D1315E7CDF844A04FF0000BC0E501233E
:106A80000A930AF1020311939AF8024002E6B0EE6B
:106A9000497B9EE79535A094FFFFCF3F9535A094A5
:106AA000FFFFDF3F35E5AF350000E03F0000C0FFEE
:106AB000FFFFDF41000000000000F07FB00B00206E
:106AC00002FCFFFF0000F03F0000F07F0000E07FCD
:106AD000DDE90412002900F08580DDE904120129B6
:106AE00000F0D8811046B74BB7EE009B002229E793
:106AF000652C4FF0010C3FF4BEAD4CE543EC1A2B76
:106B0000A0F1547305939DED04FBB0EE4F0B02F022
:106B100081FCAD49AAEE00FB1FEE903AAB4A19404A
:106B200091428DED04FB72D9A94B18EE902A9A423E
:106B300003D118EE103A013383D0A54A4FF0FF334A
:106B4000CDE9043227E700230A939AE7652C00F089
:106B5000D080452C00F0CD804FF0010CD1E551ECF8
:106B6000190B0D9307F07CFB07F04CFB049B1D43B6
:106B70000D9B41EC170BC3F313031D4339EE479BE9
:106B800000F0A080B4EECC9BF1EE10FA05D4B4EE88
:106B9000CD9BF1EE10FA7FF7FEAE9DED048B1298BF
:106BA0000146404602F0B2F83146404602F0AEF8E7
:106BB0002146404602F0AAF84946404602F0A6F8AF
:106BC0005146404602F0A2F8C1E501220992791C23
:106BD00011917A78002A3FF4E5AC0F4670E4002268
:106BE0000992F4E7C2F313031046002B7FF47BAF46
:106BF000B7EE007BB4EEC70BF1EE10FA00F1D381D3
:106C0000B6EE009B20EE099BB1EE497BE2E603F174
:106C100054730593B8E6BCEEC99B19EE103A012BEC
:106C200038BF012309EE103AB8EE499B002D40F021
:106C30003E81B1EE497B53EC172B96E6B2F59A7F75
:106C400000F3B280102A4FEA221340F38682614C8F
:106C50009DED047B00202246014613F0010F01F157
:106C600001014FEA630304D092ED006B012027EE8F
:106C7000067B012B02F10802EFD108B18DED047BF8
:106C8000059BA3F15473059304EBC1049DED046BC4
:106C900094ED007B4C4B27EE067B17EE902A4E4975
:106CA00013408B428DED047B7ED8A1F580118B4281
:106CB00040F2D681464C4FF0FF33CDE90434002337
:106CC000089385E5B4EECE9BF1EE10FA7FF563AE46
:106CD00063E71632FFF662AD0B9BA3EB0B0B3F4B4A
:106CE00003EBCB0393ED007B9DED046B86EE078BEE
:106CF0002DE54FF0000ECDF82CE04FF0010C4EE4E6
:106D00006E2C3FF410AD4DE43FF460AD5B4213F0E8
:106D10000F010AD0314A02EBC1029DED046B92EDE6
:106D2000007B86EE077B8DED047B1B113FF44EAD9F
:106D30001F2B33DC13F0100218BF6A229DED047B79
:106D40000892274A0021D80704D592ED006B012153
:106D500027EE067B5B1002F10802F4D109B18DED3C
:106D6000047B089B93B1DDE90401C1F30A52C2F12F
:106D70006B03002B0ADD1F2B40F32F820020342BE6
:106D8000049040F340824FF05C7305939DED047BCB
:106D9000B5EE407BF1EE10FA7FF41AAD22239FEDA1
:106DA000058BC8F80030D2E422239FED048BC8F88D
:106DB0000030CCE4000000000000000000000000F3
:106DC0000000F07F0000F0BF0000F07FFFFF9F7C1D
:106DD000FFFFEF7F880B00200000A07CB00B00209D
:106DE000001D00200293099B019312AB0093A74A58
:106DF00013AB11A9404601F08FFB10F00F050446BC
:106E00003FF4A3AC062D74D1079B9FED9A8B0137FD
:106E1000002B3FF4CEAB1F60FFF7CBBB9DED048B87
:106E200095E40B9BDDF844C003440B93012805F166
:106E300001031A4614D02844441E03E046009C4235
:106E40000DD001332A46082A1D4606EB8600F5D9E7
:106E5000102BDCBF09EB89094FEA4909EFE7023241
:106E6000082D3CDC1546FFF779BB894901223846DD
:106E700000F0E8FD002800F082804FF0000EF1469F
:106E800076467546FFF7B5BB44F61F639B45A8BF22
:106E90009B462FE4DDE904231846002B7FF423AE44
:106EA00022239FED748B1298C8F8003078E6B0EE7C
:106EB000497BC0E6774911A801F0F8FD00283FF4AE
:106EC00071AB119B7449013B11A8119301F0EEFDC8
:106ED00010B9119B013311939FED688B37E4102A91
:106EE000DCBF09EB890901EB490915460020FFF7D2
:106EF0003ABB129A3AB1352114A802F0BBFB1299A1
:106F0000404601F003FF013D139B042D00F28F81E9
:106F1000DFE805F0032D2A1F0300149A049203F200
:106F20003342159B23F4801343EA02530593E5058E
:106F300002D543F000430593584A1A409DED048B57
:106F4000002A7FF404AC00F085FE22230360FFF7E3
:106F5000FEBB4FF0FF336FF00046CDE90436E3058A
:106F60007FF55CAF059BE4E74C4B0593F7E7149B7B
:106F70000493159B0593DAE70020FFF7E1BA119B14
:106F80001A4601331193547806468146FFF7CDBA6D
:106F9000434B03EBC20393ED008B9DED047B28EE86
:106FA000078BFFF7D4BBBEEE007BB6EE009B11E56E
:106FB000AE460B90FFF7DCBA394BC5F10F054A1B03
:106FC00003EBC50503EBC20395ED008B93ED007B4E
:106FD0009DED046B28EE068B28EE078BFFF7B7BB01
:106FE000002D00F09580DDE904BC2E4BCCF313019D
:106FF0009942624600F0D2800E9B002B00F0A580E3
:10700000DDE90412134217461AD0B0EE480B002DEA
:1070100000F0A68002F0FEF9089B7BB1C7F30A538B
:10702000C3F16B03002B09DD1B0503F17F51002029
:1070300001F5401141EC170B20EE070B38EE008BE9
:10704000089B5BB19FED0F7B144B28EE078B18EE6E
:10705000902A134013B92223C8F8003012989FE5F4
:1070600002F15473059300230893FFF7B1BB00BFEF
:10707000AFF30080000000000000000000000000EE
:107080000000F07F00000000000050395C2D00205F
:10709000802A0020842A0020882A00200000F07F17
:1070A000B00B0020FFFF0F00DDE904120D43C7D134
:1070B000C2F313031746002BC2D122F000431B0D6D
:1070C0001B05B3F1D66FBBD9DAF814301BB9DAF867
:1070D0001030012BB4DD51460122404602F056F833
:1070E0002146824602F0CAF80028A9DD089B002B41
:1070F0007ED1504B3B40A3F580136FEA13536FEAE8
:10710000035305934FF0FF3304939DED048B97E7F2
:10711000DDE90412C2F313030B4317467FF46CAF8F
:10712000E4E7454911A814AA01F0DCFC05287FF426
:1071300006AB159B43F0FF4343F4E0030593149B18
:1071400004939DED048BFFF702BBDDE904010D9B69
:1071500003423FF475AF0F4657E7384C00218FE5E7
:1071600002F058F9089B002B55D0C7F30A53C3F11E
:107170006B03002B09DD1B0503F17F5101F5401165
:10718000284641EC170B20EE070B38EE408BB5EE8E
:10719000408BF1EE10FA7FF455AF81E6089B04991D
:1071A0001BB3244B1340B3F1D46F1ED81B0DC3F196
:1071B0006B034FF0FF3000FA03F399427FF41CAFEA
:1071C0001F4B9A4230D01B4B134003F5801305939D
:1071D000002304939DED048B32E74FF0FF3202FA57
:1071E00003F3049A1A400492D0E54FF0FF33E4E72A
:1071F000104B3B40B3F1D66F3FF77DAFB3F15C7FEF
:107200003FF720AF4CE6C2F14B024FF0FF33934003
:107210000B400593BAE538EE408BB5EE408BF1EEAE
:1072200010FA7FF41BAF3BE60131CCD109E4002317
:107230007DE600BF0000F07F702D0020880B00204D
:10724000FFFFEF7F10B4054C054B84460A462068CB
:107250005DF8044B6146FFF7BDB800BF483A002017
:10726000C0340020012B2DE9F84F40D0242B984644
:107270003DD84C4D8E4676461EF801BB15F80B40A6
:1072800014F00804F7D1BBF12D0F72D0BBF12B0F16
:1072900008BF9EF800B06FF0004908BF06F1020E6B
:1072A000002B42D0102B57D0B9FBF8F700252E4603
:1072B00008FB179A05E033D008FB06C601251EF827
:1072C00001BBABF1300CBCF1090F06D9ABF1410C9D
:1072D000BCF1190F12D8ABF1370C634517DDB5F1CE
:1072E000FF3FECD0B742E6D24FF0FF35E7E700F0C2
:1072F000B1FC162303600020BDE8F88FABF1610CF0
:10730000BCF1190F03D8ABF1570C6345E7DC6B1CDC
:1073100027D08CB90AB1A5BB11603046BDE8F88F03
:10732000E245C9DA4FF0FF35C9E7BBF1300F05D0B0
:107330004FF00A084346B7E77642EBE79EF8003085
:1073400003F0DF03582B21D14FF010089EF801B055
:1073500043460EF1020EA7E7BBF1300F1AD0984654
:10736000A2E72223036072B10EF1FF314E46116095
:10737000D3E79EF800B04FF0004906F1020E012459
:107380008EE7B146F0E74E463046C7E74FF00808B3
:10739000434689E79EF8005005F0DF05582DD3D00D
:1073A000984681E71129002010B4054C8446134605
:1073B00020685DF8044B0A466146FFF753BF00BFE3
:1073C000483A00202DE9F04707464C480E4635461E
:1073D00016F801EB10F80EC01CF0080CF7D1BEF146
:1073E0002D0F5AD0BEF12B0F03BF96F800E0644674
:1073F000AE1C64465BB1102B54D04FF0FF38B8FB85
:10740000F3F803FB08FA6FEA0A0A994608E0BEF1AE
:10741000300F5AD00A23DFF8E8804FF0050A99466A
:107420000025284605E02CD009FB00C0012516F8F0
:1074300001EBAEF1300CBCF1090F06D9AEF1410CF5
:10744000BCF1190F0BD8AEF1370C634510DDB5F167
:10745000FF3FECD04045E6D94FF0FF35E7E7AEF10E
:10746000610CBCF1190F03D8AEF1570C6345EEDC8B
:107470006B1C0BD004B140420AB165B91160BDE884
:10748000F087D445D0DD4FF0FF35D0E722233B60B5
:107490002846002AF3D0711EF0E796F800E0012498
:1074A000AE1CA7E7BEF1300F21D1307800F0DF002D
:1074B000582816D14FF0100996F801E04FF00F0A46
:1074C00002366FF070484B46AAE7337803F0DF03CB
:1074D000582BEFD008234FF0070A6FF06048994609
:1074E0009EE799466FF070484FF00F0A98E74FF00B
:1074F0000F0A6FF07048994692E700BF11290020EB
:107500009999991910B4054C8446134620685DF882
:10751000044B0A466146FFF755BF00BF483A0020BA
:1075200013460A460146022000F00ABEB7EEC00A22
:10753000002302F00DB900BF024B1844407800F060
:107540004400704710290020024A0349034800F014
:10755000BBB800BF3C3A0020D5950200B0300020F7
:107560000C4B4168994210B5044601D003F0E4FE8B
:10757000A168094B994202D0204603F0DDFEE16884
:10758000064B994204D02046BDE8104003F0D4BE1B
:1075900010BD00BFCC560020345700209C5700205F
:1075A0002DE9F8432A4C2B4B2B48DFF8C090DFF82D
:1075B000C0802A4F1860002504230822294604F1C0
:1075C0005C00274E6566C4E90253C4E90055C4E96E
:1075D0000455A56100F07EF9224B63670822294615
:1075E00004F1C400C4E90749C4E90987C4E91A558C
:1075F000C4E91E55C4F8CC502567C4F88050E66233
:1076000000F068F9184BC4F8DC30294604F168032F
:10761000082204F59670C4F88430C4E92298C4E9BD
:107620002476C4E93455C4E93855C4F83451C4F853
:10763000D850C4F8E85000F04DF904F1D003C4E983
:107640003C98C4E93E76C4F8EC30BDE8F88300BF4E
:10765000CC56002004580020E5570200515A020081
:10766000715A02000900010012000200ED590200E7
:10767000115A020010B504460A4800F019FB636B6A
:1076800023B9094B094A1B68626323B1BDE8104066
:10769000044800F00FBBFFF783FFBDE8104001482E
:1076A00000F008BB9456002004580020FD5702004B
:1076B000014800F0FDBA00BF94560020014800F0D8
:1076C000F9BA00BF945600202DE9F84380460F46D2
:1076D00016464FF00009D6E90154013D11D4A389A3
:1076E000012B05F1FF3508D9B4F90E3001332146DD
:1076F00003D04046B84749EA00096B1C04F168040E
:10770000EDD13668002EE6D14846BDE8F88300BFCB
:107710000EB410B59DB06FF000411FABCDE906016E
:107720000491094953F8042B0290084C086801930E
:1077300002A9059402F05EF8029B00221A701DB0A7
:10774000BDE8104003B07047483A00200802FFFF30
:1077500010B50C46B1F90E1000F03EFA002803DB1C
:10776000236D0344236510BDA38923F48053A381B3
:1077700010BD00BF2DE9F0410C46B1F90C101F46B9
:10778000CB05054616460BD421F48051A1813B461A
:10779000B4F90E1032462846BDE8F04100F044BA74
:1077A000B4F90E100223002200F000FAB4F90C1014
:1077B000EAE700BF10B50C46B1F90E1000F0F6F97B
:1077C000A389421C0EBF23F4805343F480532065E9
:1077D000A38110BDB1F90E1000F0D6B988420DD9C1
:1077E0008B1883420AD900EB020CBAB1624613F837
:1077F00001CD02F801CD9942F9D170470F2A0ED878
:10780000034602F1FF3C4AB10CF1010C013B8C44F0
:1078100011F8012B03F8012F6145F9D1704740EAB7
:1078200001039B0750D1A2F1100370B501F1200CA8
:1078300023F00F0501F1100E00F11004AC441B09F8
:107840005EF8105C44F8105C5EF80C5C44F80C5C6C
:107850005EF8085C44F8085C5EF8045C44F8045C7C
:107860000EF1100EE64504F11004E9D1013312F0D7
:107870000C0F01EB031102F00F0400EB031327D0F0
:10788000043C24F003064FEA940C1E441C1F8E4651
:107890005EF8045B44F8045FB442F9D10CF10104D2
:1078A00002F0030203EB840301EB840102F1FF3CCD
:1078B0004AB10CF1010C013B8C4411F8012B03F887
:1078C000012F6145F9D170BD02F1FF3C03469BE7F2
:1078D0002246EBE7830730B548D0541E002A3FD03C
:1078E000CAB2034601E0013C3AD303F8012B9D07DD
:1078F000F9D1032C2DD9CDB245EA05250F2C45EA47
:10790000054536D9A4F1100222F00F0C03F1200E28
:10791000E6444FEA121C03F1100242E9045542E921
:10792000025510327245F8D10CF1010214F00C0F1F
:1079300003EB021204F00F0C13D0ACF1040323F09C
:1079400003030433134442F8045B9342FBD10CF06D
:1079500003042CB1C9B21C4403F8011B9C42FBD1A7
:1079600030BD64461346002CF4D1F9E703461446B3
:10797000BFE71A46A446E0E711F0FF01034644D0F2
:10798000820732D110B5046841EA012E4EEA0E4E4C
:107990008EEA0402A2F1013323EA0203A4F10132C8
:1079A00022EA0402134313F0803F0FD150F8044F32
:1079B00084EA0E0CA4F10133ACF1013223EA040392
:1079C00022EA0C02134313F0803FEFD0037823B96F
:1079D00036E010F8013F002B32D09942F9D110BDAA
:1079E0008A4211D09A071846CCD0184613F8012BBA
:1079F000002AF5D1104670479907184607D0184657
:107A000001330278002AF7D170478207F7D1026864
:107A1000A2F1013323EA020313F0803F08D150F8AA
:107A2000042FA2F1013323EA020313F0803FF6D0C2
:107A30000378002BE8D010F8013F002BFBD17047F2
:107A4000184610BD002A3ED040EA01039B0730B51E
:107A500084462FD1032A2DD90B4608E0043A8446E8
:107A6000194625D01EF0803F22D1032A22D904686E
:107A7000194653F8045BA4F1013EAC4284462EEA59
:107A8000040E00F10400E9D09CF800000C78A0423C
:107A90001BD1E64668B11EF8010F11F8014FA2EBA9
:107AA0000E03A04203F1FF330FD11CEB0303F1D10E
:107AB000002030BD9CF800000C78844205D1012ADA
:107AC000F6D0E646E6E710467047001B30BD00BF23
:107AD00040EA01039B0730B501D1032A0FD8844641
:107AE00001F1FF3E07E01EF8011F03F8011B541EC1
:107AF000C1B19C4622466346002AF4D130BD0B46F4
:107B00008446194653F8045BA5F1013424EA0504C0
:107B100014F0803FE4D1043A032A4CF8045B194680
:107B2000EFD8DDE79444002CE8D003F8011B63454F
:107B3000FBD130BD41EA00039B0715D10B68A3F1CF
:107B4000013222EA030212F0803F0DD101F1040C50
:107B500040F8043B61465CF8043BA3F1013222EAA1
:107B6000030212F0803FF3D0034611F8012B1846B0
:107B700003F8012B002AF8D1704700BF014B93F89E
:107B800028017047C034002038B5074D0022044654
:107B900008462A60FAF73CFB431C00D038BD2B682E
:107BA000002BFBD0236038BD7C59002038B50C4633
:107BB000084D8446114620461A4600232B60644631
:107BC000FAF732FB431C00D038BD2B68002BFBD0EA
:107BD000236038BD7C59002038B50C46084D8446DA
:107BE000114620461A4600232B606446FAF70EFB26
:107BF000431C00D038BD2B68002BFBD0236038BD60
:107C00007C59002038B5074D0022044608462A60FA
:107C1000FAF7E2FA431C00D038BD2B68002BFBD0EA
:107C2000236038BD7C59002038B50C46084D844689
:107C3000114620461A4600232B606446F8F7ECFFF5
:107C4000431C00D038BD2B68002BFBD0236038BD0F
:107C50007C590020014B1868704700BF483A00204B
:107C600070B50D4E0D4D761BB61006D0002455F89C
:107C7000043B01349847A642F9D1094E094D761BC1
:107C800006F028FBB61006D0002455F8043B01345A
:107C90009847A642F9D170BD981A0060981A006002
:107CA000381B0060981A0060704700BF704700BF23
:107CB000704700BF704700BF0000000000000000D8
:107CC00000000000A2EB0300704700BF02780B78B1
:107CD000012A28BF9A42F5D16DE9044540EA010422
:107CE000CDE902676FF0000C4FEA447212B380EAEC
:107CF000010414F0070F6AD100F0070420F0070018
:107D000004F0030521F007014FEAC505F0E804235C
:107D100014F0040FF1E804670CFA05F462EA0402B7
:107D200066EA04060AD063EA0403624667EA0407C7
:107D3000664603E0F0E80423F1E8046782FA4CF5B4
:107D400082EA0604A4FA8CF46CBB83FA4CF583EA4D
:107D50000705A5FA8CF595B950E9022351E90267A8
:107D600082FA4CF582EA0604A4FA8CF483FA4CF504
:107D700083EA0705A5FA8CF52543DBD09CB92DBA1B
:107D8000B5FA85F424F0070427FA04F1DDE9026767
:107D900023FA04F303F0FF0001F0FF01FDE80445BE
:107DA000A0EB0100704724BAB4FA84F424F007046D
:107DB00026FA04F1DDE9026722FA04F202F0FF007C
:107DC00001F0FF01FDE80445A0EB0100704714F04D
:107DD000030F3CD110F0030428D150F8082B51F8C0
:107DE000083B82FA4CF582EA0305A5FA8CF55DB9E9
:107DF00050F8042C51F8043C82FA4CF582EA030551
:107E0000A5FA8CF5002DE8D02DBAB5FA85F424F04A
:107E1000070423FA04F122FA04F202F0FF0001F051
:107E2000FF01FDE80445A0EB010070474FEAC404E0
:107E300020F0030050F8082B21F0030151F8083B13
:107E40000CFA04F462EA040263EA0403C9E710F0DE
:107E500003041AD0A1EB040120F00300E40750F85A
:107E6000042B06D00FD28B785FFAA2F4E41A06D165
:107E70002BB1CB785FFAB2F4E41A00D11BB92046DB
:107E80005DF8104B704701F1040150F8042BCC074A
:107E900021F0030151F8043B48D824D222F07F445A
:107EA00082FA4CF594EA1325A5FA8CF50AD165B946
:107EB00051F8043B84EA0204B4EB036F0ED150F88E
:107EC000042BEBE74FEA132355E035F07F454DD106
:107ED0000878FDE80445C0F1000070474FEA1262DF
:107EE00003F0FF0347E002EA1C4482FA4CF594EAEF
:107EF0001345A5FA8CF50AD165B951F8043B84EA1B
:107F00000204B4EB034F0CD150F8042BEBE74FEA1B
:107F1000134330E015EA1C4528D10B884FEA124282
:107F200029E04FEA124203EA1C4324E002F0FF0476
:107F300082FA4CF594EA1365A5FA8CF50AD165B975
:107F400051F8043B84EA0204B4EB032F09D150F842
:107F5000042BEBE74FEA13630DE015F0FF0F05D19B
:107F60000B684FEA122223F07F4304E04FF0000039
:107F7000FDE80445704712BA1BBA82FA4CF482EA53
:107F80000304A4FA8CF5B5FA85F402FA04F203FAB4
:107F900004F34FEA1260FDE80445A0EB136070475C
:107FA00080EA0102844612F0030F4FD111F0030F53
:107FB00032D14DF8044D11F0040F51F8043B0BD0B1
:107FC000A3F101329A4312F0803F04BF4CF8043B06
:107FD00051F8043B16D100BF51F8044BA3F1013214
:107FE0009A4312F0803FA4F101320BD14CF8043BCC
:107FF000A24312F0803F04BF51F8043B4CF8044BFD
:10800000EAD023460CF8013B13F0FF0F4FEA33236D
:10801000F8D15DF8044B704711F0010F06D011F84C
:10802000012B0CF8012B002A08BF704711F0020F3A
:10803000BFD031F8022B12F0FF0F16BF2CF8022B25
:108040008CF8002012F47F4FB3D1704711F8012B48
:108050000CF8012B002AF9D1704700BF0000000086
:108060000000000090F800F06DE9024520F00701E3
:108070006FF0000C10F0070491F820F040F04980F8
:108080004FF000046FF00700D1E9002391F840F0B1
:1080900000F1080082FA4CF2A4FA8CF283FA4CF355
:1080A000A2FA8CF34BBBD1E9022382FA4CF200F125
:1080B0000800A4FA8CF283FA4CF3A2FA8CF3E3B929
:1080C000D1E9042382FA4CF200F10800A4FA8CF200
:1080D00083FA4CF3A2FA8CF37BB9D1E9062301F1C0
:1080E000200182FA4CF200F10800A4FA8CF283FA23
:1080F0004CF3A2FA8CF3002BC6D0002A04BF043044
:108100001A4612BAB2FA82F2FDE8024500EBD2003A
:108110007047D1E9002304F00305C4F100004FEAE1
:10812000C50514F0040F91F840F00CFA05F562EA69
:1081300005021CBF63EA050362464FF00004A9E78D
:108140002DE9F047DFF87CA00646DAF800009846F3
:108150000F469146FFF7ACFD184B1C6824B36568C9
:108160001F2D24DC5EB96B1C0235DAF80000636059
:1081700044F82570FFF79EFD0020BDE8F08704EB72
:1081800085010123C1F88890D4F88821AB401A43B7
:10819000022EC4F88821C1F80881E4D1D4F88C21DA
:1081A0001A43C4F88C21DEE7054C1C60D7E7DAF8E7
:1081B0000000FFF77FFD4FF0FF30DEE7F8540020AE
:1081C000FC540020B4340020F8B5244F0C46064679
:1081D000FDF708FFBB685D68C4F57E610F3125F0CF
:1081E00003054B1923F47F6323F00F03A3F5805499
:1081F000B4F5805F07DB00213046FFF703FDBB6865
:108200002B44984204D03046FDF7F2FE0020F8BD22
:1082100061423046FFF7F6FC01300DD0104ABB68D2
:108220002D1B45F001055D60136830461B1B136074
:10823000FDF7DEFE0120F8BD00213046FFF7E2FC2D
:10824000BA68831A0F2BDEDD43F001035360054B40
:1082500003491B68C01A0860D5E700BF2C36002010
:1082600098560020343A0020002961D0F8B50C4619
:108270000646FDF7B7FE54F8042C7B4FA4F1080521
:1082800022F0010105EB010CB868DCF80430604510
:1082900023F0030300F08B80D207CCF8043032D4F3
:1082A00054F8082CAD1A1144AA6807F1080082425C
:1082B0006AD00CEB0304D4F804E0EC68D4601EF040
:1082C000010FA26000F0978041F001036B60CCF8D1
:1082D0000010B1F5007F35D27868CB08012249093A
:1082E00001338A40024357F833107A6007EBC30228
:1082F000083AC5E9021247F83350CD603046BDE870
:10830000F840FDF775BE0CEB03025268D00710D49D
:10831000194407F10800DCF80830834273D0DCF818
:108320000C20DA60936041F001036B606950D0E784
:10833000704741F00103B1F5007F44F8043CCCF8EC
:108340000010C9D3B1F5206F4FEA512348D28B09F1
:1083500003F1390003F13802C300F818FB5808385C
:10836000984259D05A6822F003028A4202D99B6887
:108370009842F7D1D868C5E902308560DD603046A3
:10838000BDE8F840FDF734BE0CEB03025268D2079B
:1083900063D40B44DCE90212CA60916043F001022D
:1083A0006A603046EB50BDE8F840FDF721BE0B4453
:1083B000D10707D454F8082CAD1A1344D5E902129A
:1083C000CA60916043F001026A60284ABD60126889
:1083D0009A4293D8264B30461968FFF7F5FE8DE791
:1083E000142B0AD9542B1FD80B0B03F16F0003F188
:1083F0006E02C300B1E719448DE703F15C0003F19D
:108400005B02C300A9E741F00103C7E90455C5E9D0
:1084100002006B60695071E779689210012404FAD8
:1084200002F20A437A60A6E7B3F5AA7F06D8CB0B1F
:1084300003F1780003F17702C3008EE740F2545253
:10844000934206D88B0C03F17D0003F17C02C3003C
:1084500083E74FF47E737E227FE741F001036B6078
:10846000CCF800104AE700BF2C360020383A002034
:10847000C85600202DE9F0410469B4EB611F2FDDDF
:1084800000F1140E4E1111F01F0C0EEB84050EEBD3
:1084900086032BD05EF8261004339D4221FA0CF19E
:1084A000CCF1200818D977461A6802FA08F20A4374
:1084B00047F8042B53F8041B9D4221FA0CF1F3D822
:1084C000A31B9B00053B9B0801330EEB83044EF876
:1084D0002310C9B1043417E0416174460029F9D171
:1084E0000023036100234361BDE8F0819D4288BF02
:1084F00000F11002F4D953F8041B42F8041F9D4206
:10850000F9D8A41B0EEB8404A4EB0E039B10744556
:108510000361E7D0BDE8F0812DE9F04F2DED028B2E
:108520000C688B46A17885B0302908EE100A924677
:10853000029340F0CE816FF00100001BE21C831813
:10854000144612F8011B3029F9D0DFF8008318F81F
:108550000120002A00F0E5802278002718F8022088
:108560003D4626462AB116F8012F18F80220002AA7
:10857000F9D1B549019301223046FFF763FA019B17
:10858000814600284DD0002D4ED13278A94602F008
:10859000DF02502A354650D0CBF80060002F69D159
:1085A0002B1B013B072B394604DD5B10072B01F128
:1085B0000101FADC18EE100A00F082FB8346002865
:1085C00000F0668200F11406AC42019680F0D28180
:1085D0000027CDF80C909C49A1463C460CE0202F8A
:1085E00019D0384604372A7818F8022002F00F0212
:1085F000824014434D4547D015F8012D2E2AEED167
:108600004D45ECD301222846FFF71CFA8E4900287D
:10861000F0D0202FE5D1002046F8044B0427044673
:10862000E1E7002D00F04281327802F0DF02AD1B5D
:10863000502A4FEA85093546AED16A782B2A00F0D8
:1086400025812D2A00F0A5806E1C002018F802104C
:108650004A1E182A00F29B80727818F802201039FE
:108660000136002A5AD100B149428944CBF8006052
:10867000002F95D0002B14BF00250625284605B0F5
:10868000BDEC028BBDE8F08FDDF80C90234646F878
:10869000043B1846019BF61AB610CBF8106000F0A8
:1086A000E9FB7601DAF80040301AA04275DCC0F22E
:1086B000EF800027DAF808304B45C0F25181DAF834
:1086C00004304B454ADDA3EB09094C4500F3828099
:1086D000DAF80C20022A00F06581032A00F081817B
:1086E000012A00F06F8118EE100A594600F00EFBC7
:1086F0005025109A00232846136005B0BDEC028B6C
:10870000BDE8F08F01EB810102EB4102A2F1100103
:1087100016F8012F18F80220002AA4D0192AF1DD3A
:10872000A1E74949019301222046FFF78BF9019BFC
:1087300000286DD1617818F80120651C002A69D0E5
:1087400030292C4605D114F8013F302BFBD018F806
:108750000320B2FA82F77F09012302E7012557B10E
:10876000DAF80C30022B5DD0032B5FD0012B00F028
:10877000848045F01005109BC3F800B0029B28468A
:10878000C3F8009005B0BDEC028BBDE8F08F2E461B
:1087900002E70120AA78AE1C58E7061B314658466E
:1087A00000F096FF074678B1721E53110199012718
:1087B00051F8231002F01F0307FA03F30B4203D012
:1087C000BA4200F3E280022731465846B144FFF72F
:1087D00051FE6FE709F1FF35002F40F0CE80002DEC
:1087E00040F0CD806B11019A05F01F0552F823204F
:1087F0000123AB4013424946584618BF47F00207D1
:10880000A4EB0904FFF736FE0225DAF80490A6E788
:108810002178254601F0DF01502900F0BF80CBF818
:10882000005027E7119BC3F101031193119B002B0B
:108830009FD0DBF81070DDF80480BA004346019247
:1088400008EB8700002107E0802A0020B4270020E1
:10885000984243F8041C3FD91E4653F8042BB2F14A
:10886000FF3FF5D00132022D326000F0BF8014F0DE
:108870001F0440F0E78021257DE7BA077FF579AF37
:10888000019B1B681F43FB07D3D472E7002081E7DD
:10889000221A594618EE100AA9EB020900F076FCDC
:1088A00000F1140383460193002703E7727818F858
:1088B0000200711C002800F0A0800D4611F8012F65
:1088C00018F802000028F8D1751B4FEA85090E46FA
:1088D0005DE60234002338E6DBF808309F4280F280
:1088E0008E803B460BEB830201210133022DCBF836
:1088F000103051617AD09F42B9DA002B40F39B804F
:10890000DBF8142008EB83030BF1180083424FEAD5
:10891000520240F2B1804446016842EAC17244F812
:10892000042B50F8042B83424FEA5202F4D8A3EBF5
:108930000B03193B9B08013348F8232008EB830302
:10894000002A40F09D80A3EB080292104345CBF82B
:10895000102073D0DAF8083009F101094B458ADAA2
:1089600018EE100A594600F0D1F9109A002313604E
:10897000A32583E6019E002389E6012732E72946E5
:10898000584600F0A5FE07462CE7B11E584600F0F9
:108990009FFE00283FF417AF032715E74FF00009AB
:1089A00001274AE6119A002A7FF49DAE02990B60D6
:1089B000019B0122CBF810201A60109B6225C3F89E
:1089C00000B05BE64C457FF48EAE012CEED0611E0C
:1089D000584600F07DFE00283FF485AEDAF80430FA
:1089E000E4E7119A002A3FF47EAEDFE7DAF80030C0
:1089F000013BA34234D02225BDE60E46C7E5DBF895
:108A0000041018EE100A013100F05AF90646C8B3F6
:108A1000DBF8103002339A000BF10C010C30F8F740
:108A2000D9FE594618EE100A00F070F906F1140844
:108A30003369B34656E70023CBF810300023CBF858
:108A4000143087E7019B4344C4F1200453F8040C1D
:108A500000F010FAA042BFF60EAFDBF810304CE782
:108A6000631104F01F0458F823200123A34013428C
:108A70000CBF222521257EE6C8F8002043466AB1B6
:108A8000043360E7074B08483246842102F0D2FDE8
:108A9000044B05485A46E42102F0CCFDCBF81020E7
:108AA000CCE700BF3C2700205027002010B404680A
:108AB00009E014F8013FA3F1410CBCF1190F98BF74
:108AC0002033934209D111F8012B002AF1D101344E
:108AD000046001205DF8044B704700205DF8044BF2
:108AE000704700BF2DE9F04F096885B04B1111F0B8
:108AF0001F01029002EB8303039140F08F801D1F42
:108B00000193029B01991C68002341F8043C6178A1
:108B10000134002900F09880DFF87491A846AC4633
:108B20009A461E460EE0202900F28C80564506DD4E
:108B3000C44501D2072B5BDD624551D3082314F8ED
:108B4000011FA1B119F801000028ECD00133082B56
:108B500006F101063ADCDCF80010090100F00F0014
:108B60000843CCF8000014F8011F0029EAD1002EB8
:108B70006AD0C44501D2072B74DD624552D2111F61
:108B8000634653F8040B41F8040FAB42F9D9A5EB47
:108B90000C0323F00303691C04330CF1010C614541
:108BA00038BF04231344002143F8041BAB42FBD914
:108BB000019B53F8043C2BB9AA4249D055F8043D17
:108BC000002BF9D0052005B0BDE8F08F6245B6D284
:108BD00000234CF8043C1946ACF1040C0123BDE71A
:108BE0000023ACF104084CF8043CB246C446A6E7A6
:108BF000C3F10801DCF800308900C1F1200E6046A5
:108C00009B46476807FA0EF343EA0B0327FA01FB7A
:108C1000036040F804BF4045F3D38DE7191D01916F
:108C20001D466EE7039B002BC2D0039B0198C3F146
:108C300020014FF0FF33CB4050F8041C0B4040F8AC
:108C4000043CB8E7292909D0042005B0BDE8F08F1D
:108C5000012305202B6005B0BDE8F08F0299013497
:108C60000C6084E7DCF80010C3F108039B00C3F13B
:108C7000200764460846666806FA07F1014326FAAB
:108C800003F0216044F8040F4445F4D375E700BFB6
:108C9000B427002082B049B15AB16BB113780B6090
:108CA0001278101E18BF012002B0704701A9002AD7
:108CB000F3D1104602B070476FF00100F4E700BF37
:108CC000436C70B505460C464BB153F8240080B197
:108CD000026843F824200023C0E9033370BD212239
:108CE000042102F0C7FC034668640028EDD100208F
:108CF00070BD012101FA04F6721D9200284602F0AF
:108D0000B9FC0028F3D0C0E90146E4E731B1436C77
:108D10004A6853F82200086043F82210704700BFE9
:108D20002DE9F0410E6980460F461D4601F1140EF3
:108D30000020DEF800108CB202FB0453090C4FEA4D
:108D4000134C02FB01CC01309CB204EB0C44864274
:108D50004EF8044B4FEA1C45EBDC3DB1BB68B34217
:108D600007DD07EB860301365D613E613846BDE8ED
:108D7000F081796840460131FFF7A2FF0446B0B1A7
:108D80003A69023207F10C0192000C30F8F722FD2B
:108D9000D8F844307A6853F82210396043F82270CA
:108DA000274607EB860301365D613E61DEE7034B34
:108DB00003482246BA2102F03DFC00BF3C270020B8
:108DC000B42800202DE9F8431746274A1E460833E9
:108DD0000C46092E82FB03124FEAE3730546C3EBF0
:108DE000620339DD4FF0010C00214FEA4C0C634562
:108DF00001F10101F9DC2846FFF762FF014668B383
:108E0000089B4361092F4FF00103036112DC0A3410
:108E10000927BE420BDDF21BA61814F8013B0A22FB
:108E2000303B2846FFF77CFFA6420146F5D10846B5
:108E3000BDE8F88304F10909C8463C4418F8013B31
:108E40000A22303B2846FFF76BFFA0450146F5D1CB
:108E5000A7F108044C44DCE70021CCE70A46034BA9
:108E60000348D32102F0E6FB398EE3383C2700208B
:108E7000B4280020030C1B04D3B90004102310F005
:108E80007F4F04BF0002083310F0704F04BF000191
:108E9000043310F0404F04BF80000233002805DB8C
:108EA00010F0804F03F1010308BF202318467047DC
:108EB0000023E4E7036813F0070208D0D9071FD4A2
:108EC0009A0722D55B08036001221046704799B2C9
:108ED00009B91B0C1022D9B209B908321B0A1907AB
:108EE00004BF1B090432990704BF9B080232D9074B
:108EF00003D45B0802F1010205D0036010467047FD
:108F00000022104670472022DFE79B080222036000
:108F10001046704738B5436C04460D464BB158684F
:108F2000B0B102685A6000220123C0E90435C26072
:108F300038BD2122042102F09DFB03466064002815
:108F4000EDD1094B0948002240F2451102F072FBB5
:108F50001C220121204602F08DFB0028F1D00122C5
:108F60000223C0E90123DEE73C270020B4280020CB
:108F70002DE9F04F0E691569AE4285B0884614465A
:108F800005DB2A46234635460C4616469846A36816
:108F90006168AF19BB42B8BF0131FFF791FE019084
:108FA000002800F08780019B03F1140909EB870A70
:108FB000D14505D24B46002243F8042B9A45FBD8F5
:108FC00008F1140808EB860B04F11403D8451A467F
:108FD00003EB85055FD22B1B153B23F00303043302
:108FE0001534A54238BF0423CDE902A7AC461F467D
:108FF000924605E0090C29D1C34509F1040948D975
:1090000058F8041B8DB2002DF4D056464C46002370
:1090100056F8041B22681FFA81FE90B2090C05FB6A
:109020000E00120C034405FB012202EB13429BB21B
:1090300043EA0243B44544F8043B4FEA1243E7D8FD
:1090400049F8073058F8041C090CD5D0D9F800307D
:1090500050461A464C4600260588120C01FB052294
:1090600016449BB243EA064344F8043B50F8045BC1
:1090700022682D0C93B201FB053303EB16438445A4
:109080004FEA1346E8D8C34549F8073009F1040907
:10909000B6D8DDE902A7002F02DC05E0013F03D0CE
:1090A0005AF8043D002BF9D0019B18461F6105B00A
:1090B000BDE8F08F034B0448019A4FF4B17102F000
:1090C000B9FA00BF3C270020B428002012F00303A7
:1090D0002DE9F0411446064632D10D46A41020D0A9
:1090E000D6F84080B8F1000F33D0E3074FF0000707
:1090F00007D4641015D0D8F80000A8B18046E30763
:10910000F7D5424629463046FFF732FFB5B16968C8
:10911000736C641053F821202A6043F821500546EF
:10912000E9D12846BDE8F081424641463046FFF786
:109130001FFFC8F8000007608046E0E70546D8E753
:10914000013B0F4A52F823200023FFF7E9FD0546B3
:10915000C4E701213046FFF7B3FD804640B101234B
:1091600040F27122C0E90432002330640360BCE79E
:10917000044B0548424640F2451102F05BFA00BF3D
:10918000142E00203C270020B42800202DE9F047B1
:109190000D4614462F69AB68496807EB62177E1CC1
:1091A0009E4280464FEA621904DD5B009E4201F157
:1091B0000101FADC4046FFF783FD8446002852D0C7
:1091C000B9F1000F00F114020EDD09F105014FEABB
:1091D000810E134600EB8101002043F8040B8B4203
:1091E000FBD1AEF114031A44296905F1140314F0FC
:1091F0001F0E03EB81012ED0CEF1200910464FF057
:10920000000A1C6804FA0EF444EA0A0440F8044B0D
:1092100053F8044B994224FA09FAF2D84B1B153B38
:1092200023F00303043305F11500814238BF042302
:10923000BAF1000F18BF374642F803A0D8F84430FF
:109240006A68CCF8107053F822102960604643F821
:109250002250BDE8F087043A53F8040B42F8040F9B
:109260009942F9D8EAE7034B034862464FF4EF719D
:1092700002F0E0F93C270020B42800200B69844666
:109280000069C01A16D10CF1140C14310CEB8302D6
:1092900010B401EB830301E0944508D252F8044D69
:1092A00053F8041D8C42F7D005D24FF0FF305DF823
:1092B000044B7047704701205DF8044B704700BFB6
:1092C0002DE9F84F0F691369FF1A002F0E469046DB
:1092D0007FD101F11405143202EB830205EB830305
:1092E00001E09D4278D253F8041D52F8044DA1428A
:1092F000F7D069D37168FFF7E3FC8146002877D087
:109300003569D8F81020C76008F1140E06F1140072
:1093100009F1140A06F110010EEB820200EB850739
:1093200056464FF0000C5EF8044B51F804BFA3B250
:109330001CFA8BFCACEB03034FEA144CCCEB1B4C3C
:109340000CEB234C9BB243EA0C43724546F8043BBA
:109350004FEA2C4CE7D8A2EB0801153908F11508A3
:10936000424521F0030404F1040438BF04242044DE
:1093700021F0030238BF002287425244544418D9D6
:109380002646014651F8043B1CFA83FC4FEA2C4266
:1093900002EB13421FFA8CFC4CEA02438F4246F860
:1093A000043B4FEA224CEDD8013F3F1A27F0030758
:1093B000E21923B952F8043D013D002BFAD0C9F857
:1093C00010504846BDE8F88F334601274646984678
:1093D00090E7F9DB00278DE70021FFF771FC81465C
:1093E00068B101220023C9E904234846BDE8F88F8B
:1093F000064B07484A4640F2452102F01BF9034B51
:1094000003484A4640F2372102F014F93C27002075
:10941000B428002082B08DED000B164B019A13404A
:10942000A3F15073002B06DD00221946104641ECD3
:10943000100B02B070475B42B3F1A07F4FEA23529A
:1094400009DA4FF40023134100221946104641EC7B
:10945000100B02B07047A2F114031E2BDABF4FF0BD
:109460000042DA40012200231946104641EC100B5D
:1094700002B070470000F07FF8B5046900F11406EF
:1094800006EB8404271F54F8045C2846FFF7F2FC1F
:10949000C0F120030A280B601BDDBE420BD20B3843
:1094A00054F8081C2ED145F07F5343F440130A466C
:1094B00043EC102BF8BDB0F10B01F4D005FA01F12B
:1094C00041F07F53002143F440130A4643EC102B34
:1094D000F8BDC0F10B0C25FA0CF1BE4241F07F53F0
:1094E00038BF54F8081C00F1150034BF21FA0CF104
:1094F000002105FA00F0014343F440130A4643EC0F
:10950000102BF8BDC0F1200C854021FA0CF345EA80
:109510000307A4F10805AE4201FA00F13CBF54F87C
:109520000C0C20FA0CF047F07F5338BF014343F492
:1095300040130A4643EC102BF8BD00BF2DE9F04361
:10954000884683B0012157EC106B1546FFF7B8FB36
:109550000446002851D0C7F30A59C7F31303B9F1E1
:10956000000F01D043F48013002E019318D101A8FD
:10957000FFF7A0FC019A6261012200F12003226141
:10958000B9F1000F25D0A9F2334909EB03022046B7
:10959000C3F13503C8F800202B6003B0BDE8F083A9
:1095A00068460096FFF786FC034610B3DDE900022B
:1095B000C3F1200102FA01F10143DA406161019235
:1095C000002AA26114BF022201222261B9F1000F18
:1095D000D9D1A3F23243C8F8003004EB82031869F2
:1095E000FFF748FCC0EB421320462B6003B0BDE8F8
:1095F000F083009A6261019AE2E7034B0348224636
:1096000040F20F3102F016F83C270020B428002069
:10961000F0B583B00E4669460746FFF72DFF01A956
:10962000304655EC104BB0EE407BFFF725FF336919
:109630003A69D21ADDE900315B1A03EB4213002BC1
:1096400009DD17EE902A02EB035545EC174B87EE28
:10965000000B03B0F0BD10EE902A51EC100BC3EBE1
:10966000033302EB035141EC100B87EE000B03B008
:10967000F0BD00BF0139491101F1010C116902F17E
:10968000140303EB81018B4200EB8C0C17D210B555
:10969000A0F1040E53F8044B4EF8044F9942F9D848
:1096A0008A1AA2F1150323F00303043318448445F6
:1096B00004D9002340F8043B8445FBD810BD844501
:1096C00005D9002340F8043B8445FBD87047704718
:1096D00003694A11934200F1140009DA00EB830395
:1096E00002E053F8042DC2B98342FAD80020704733
:1096F00010DD11F01F010DD010B450F8224000EB26
:10970000820324FA01F28A4094420CD001205DF8D1
:10971000044B704700EB8203E6E70120704753F8E3
:10972000042D002AF2D18342F9D800205DF8044BC1
:10973000704700BF49B1FF2A02D80A700120704764
:109740008A2303604FF0FF3070470846704700BF20
:109750002DE9F0430E46264987B00F68044690462F
:109760001D4653B305AA3346019203212246CDF884
:109770000080384602F04EF8059B326898428446D5
:10978000C2F10002294609D2101A1CF8013B01F867
:10979000013B059B634500EB0C02F6D8944224DDA7
:1097A000A21A0A44302301F8013B9142FBD1002365
:1097B0001370284607B0BDE8F083BA6C00F12303AC
:1097C0009A4201DDFD6CCDE700F12409F96C4A46AF
:1097D00038468DED020BFCF711FC05460028E8D059
:1097E000C7E912909DED020BBCE70A46DFE700BF18
:1097F000483A00202DE9F04F2DED088BD1B00C46F2
:109800000BEE101A90460893834601F0BBFE0368E6
:1098100012931846FEF726FC20AF10900822002174
:109820003846FEF757F8A3891B0603D52369002B9A
:1098300000F0558700239FED838B9FED849BCDE93E
:109840002533CDE91333CDE9153327AA0E9324929E
:109850009246119304934446A1467E4BD3F8E450BC
:10986000FEF78CF94A4603461CA900975846A847BC
:10987000002800F0B080C0F2A6801C9A252A03467A
:1098800001D09944E9E7B9EB0405064640F0A7800A
:1098900000234FF0FF328DF867309846069309F1A8
:1098A000010999F8003003922B25202609F10109BE
:1098B000A3F120025A2A00F2CF80DFE812F0E8027A
:1098C000CD00CD00E302CD00CD00CD006A00CD007B
:1098D000CD0005028402CD001002C902CD00BD02F8
:1098E0005B005B005B005B005B005B005B005B00A0
:1098F0005B00CD00CD00CD00CD00CD00CD00CD0072
:109900005301CD0083011A02530153015301CD00CD
:10991000CD00CD00CD001502CD00CD009602CD00CA
:10992000CD00CD00AB01CD00AA02CD00CD00E306F5
:10993000CD00CD00CD00CD00CD00CD00CD00CD00BF
:109940005301CD008301DE0153015301530177021E
:10995000DE017F00CD008902CD005F02E0062F020C
:109960007F00CD00AB017C00B806CD00CD00BD0668
:10997000CD007C00A3F13002002119F8013B01EB7E
:10998000810102EB4101A3F13002092AF5D90691C8
:109990008EE7584601F0F6FD436815931846FEF72A
:1099A00061FB1690584601F0EDFD83681393169BFA
:1099B000002B40F02D8699F8003077E799F80030B9
:1099C00048F0200872E7082200213846FDF782FFA0
:1099D0000123994441E7B9EB0405064611D0269BC3
:1099E0002B442693259B0133072BCAE90045259379
:1099F0001CDC0AF1080A049B2B440493002E7FF41C
:109A000047AF269B002B41F00B821BEE103AB3F9B7
:109A10000C3013F0400F049B18BF4FF0FF3304933A
:109A2000049851B0BDEC088BBDE8F08F1BEE101A06
:109A300024AA584602F0AAFD0028E6D10DF19C0A9E
:109A4000D9E700BF0000000000000000FFFFFFFF9B
:109A5000FFFFEF7FC03400200B93002BD1D00021FB
:109A6000CDE90C118DF8DC3001238DF867100293DD
:109A70000791059303910F9137AC18F002030993F6
:109A800002D0029B0233029318F084030A9305D19B
:109A9000069B029A9D1A002D00F36983269A89B1CC
:109AA00025990DF1670001310132CAF8000007293C
:109AB0004FF0010026922591CAF8040000F3A2831A
:109AC0000AF1080A099B83B1259B1AA901330232C6
:109AD000CAF80010072B4FF0020126922593CAF80E
:109AE000041000F3A3830AF1080A0A9B802B00F0FC
:109AF0006C82039B05995D1A002D00F3A58218F472
:109B0000807F40F00D82059BCAF804301A44259BE3
:109B1000CAF800400133072B2692259300F31B83DC
:109B20000AF1080A18F0040F05D0069B02995C1A86
:109B3000002C00F38883049B069902988142ACBFF5
:109B40005B181B180493002A40F0B0820023259371
:109B5000079B1BB107995846FEF786FB0DF19C0A3F
:109B60004C4679E60B93089B073323F00703B3ECCD
:109B7000028BB0EEC87BB4EE497BF1EE10FA08938D
:109B800040F3E984B5EEC08BF1EE10FA01F1598093
:109B90009DF86710AB4CAC4B28F080080B9A472A15
:109BA000C8BF1C460023CDE90C3303220793029261
:109BB000059203930F9300293FF45FAF029B01339B
:109BC00002935AE7432B0B9303D018F0100F00F0C9
:109BD0005D85089D0822002122A837ACFDF77AFE9A
:109BE00022AB55F8042B2146584602F089FC034667
:109BF0000133059001F0EE82059B089523EAE3739B
:109C000002930021CDE90C118DF8671007910391A3
:109C10000F9132E70B93089B1A4600238DF86730AB
:109C2000134653F8044B0893002C00F048850B9B17
:109C3000532B00F0EC8618F010030C9340F0E786ED
:109C4000039B5D1C01F0E5800C991A46204601F04B
:109C5000A1FC0790002801F02883079B1A1B05929E
:109C60000C9B039322EAE2720F930D9307937323E5
:109C70009DF8671002920B939DE718F0200F0B934D
:109C8000089B3DD0073323F007031A4611465B6853
:109C900051F8082B08911946002BC0F20C84039B45
:109CA000013300F09E8228F0800052EA0103029006
:109CB00040F09982039B002B40F09A82804600235B
:109CC0000393059350AC06E1089B53F8042B0692CE
:109CD000002A80F21984069A08935242069299F853
:109CE000003048F00408E1E599F8003048F0080831
:109CF000DCE548F0100818F0200F0B93089BC1D149
:109D000018F0100F40F00B8418F0400F00F003849F
:109D100033F9042B0893D1170B46BDE7089B48F095
:109D20000202029253F8042B089347F63003ADF871
:109D300068307820454B1193002102230B900020BE
:109D4000039C8DF86700601C00F0AD80029820F045
:109D5000800852EA010040F0A480002C40F0AE865A
:109D6000002BACD1029B13F00103059300F0D183CB
:109D700030238DF83F310DF23F14ACE018F0200F86
:109D800040F0D48318F0100F40F09F8618F0400F79
:109D900040F0978718F4007F00F09786089B04999D
:109DA00053F8042B089311704C4655E599F8003090
:109DB000682B03BF99F8013048F4007809F10109D4
:109DC00048F0400872E599F800308DF867506DE56D
:109DD00099F800306C2B03BF99F8013048F0200847
:109DE00009F1010948F0100860E50B9348F01008EC
:109DF00018F0200100F05183089B073323F007037C
:109E0000596853F8082B089328F4806302930023C1
:109E100095E70B9348F010030293029B13F0200187
:109E200000F02983089B073323F00703596853F890
:109E3000082B0893012382E799F8003048F0800846
:109E400034E500BF942A00208C250020DC1D002072
:109E5000494611F8013B2A2B01F04982A3F1300257
:109E6000092A894698BF002101F2448119F8013B73
:109E700001EB810102EB4101A3F13002092AF5D97E
:109E8000039115E599F8003048F001080EE59DF8BA
:109E90006730002B7FF48FAD99F800308DF8676044
:109EA00004E5CDF80880012B00F09D81022B50AC19
:109EB00020D1119802F00F031209C35C04F8013D90
:109EC00042EA0172090952EA0103F3D150AB1B1BAC
:109ED000DDF808800593059A03989DF86710824283
:109EE0004FF00003B8BF0246CDE90C33079302924E
:109EF0000F9360E602F00703D20842EA4172C908F4
:109F0000303352EA0105204604F8013DF2D1029AAD
:109F1000D10700F14D8250AB1B1B90460593DAE749
:109F20000B9B652B40F3D480B5EE408BF1EE10FA1D
:109F300040F0C181259BBA49CAF8001001330132B3
:109F40000121072B26922593CAF8041000F35185AE
:109F50000AF1080A1B9B0E998B4280F2D082109B5B
:109F600012991A44CAE90013259B26920133072B44
:109F7000259300F397830AF1080A0E9B5C1E002CC0
:109F80007FF7D0AD102C259B40F36E851BEE106A39
:109F9000102505E00AF1080A103C102C40F36485F6
:109FA0000133A0491032072BCAE90015CDE925324B
:109FB000F0DD24AA3146584602F0E8FA00287ED1A6
:109FC000DDE925320DF19C0AE6E7069B02995D1A50
:109FD000002D7FF78EAD102D259B21DD09941026D5
:109FE0001BEE104A04E0103D102D0AF1080A16DDA0
:109FF00001338C491032072BCAE90016CDE925320E
:10A00000F1DD24AA214658460DF19C0A02F0BEFA61
:10A01000002854D1103D102DDDE92532E8DC099CE3
:10A020008049CAF8045001332A44072BCDE9253270
:10A03000CAF8001000F32685039B05995D1A002DD0
:10A040000AF1080A7FF75BAD102D259B1FDD5146F5
:10A0500010261BEE10AA04E0103D102D01F108019E
:10A0600014DD01336F481032072BC1E90006CDE93A
:10A070002532F1DD24AA5146584602F087FAF0B99C
:10A08000103D102DDDE9253227A9EADC8A4601338F
:10A090006449CAF804502A44072BCDE92532CAF88E
:10A0A000001000F3DA810AF1080A28E51BEE101A05
:10A0B00024AA584602F06AFA00283FF447AD079BED
:10A0C000002B3FF4A2AC07995846FEF7CDF89CE46C
:10A0D0000E9B012B40F37A81259BCAF80040013387
:10A0E00001320121072B26922593CAF8041000F3B0
:10A0F000F8810AF1080A1099129801330A44072BD3
:10A10000CAE90001CDE9253200F3DD810AF1080A30
:10A11000B5EE408BF1EE10FA00F077810E99013325
:10A12000013901340A44072BCAF800402593CAF8C4
:10A130000410269200F35B810AF1080A1499CAF808
:10A14000041001330A44072B1EA9CDE92532CAF8B1
:10A1500000107FF7E5AC1BEE101A24AA584602F057
:10A1600015FA0028ABD1269A0DF19C0ADAE4102DDD
:10A17000DDE925122C4E24DD179410231BEE104A26
:10A18000084604E0103D102D0AF1080A17DD0130E1
:10A1900010320728CAE90063CDE92502F2DD24AABE
:10A1A000214658460DF19C0A02F0F0F9002886D1AC
:10A1B000103D102DDDE925024FF01003E7DC179C60
:10A1C000014601312A440729CDE92512CAF8006069
:10A1D000CAF8045000F3BD839DF867100AF1080A1D
:10A1E0005DE4CDF808800A2A71F1000380F0458310
:10A1F00030320123DDF808808DF83F2105930DF200
:10A200003F1468E61BEE101A24AA584602F0BEF965
:10A2100000287FF454AF269A0DF19C0A52E400BF47
:10A22000582D002090300020B82A00201BEE101A74
:10A2300024AA584602F0AAF900287FF440AF269AD3
:10A240000DF19C0A51E4102C259BBE4E1FDD1BEE28
:10A25000108A102504E0103C102C0AF1080A16DDC3
:10A2600001331032072BCAE90065CDE92532F2DD52
:10A2700024AA414658460DF19C0A02F087F90028AD
:10A280007FF41DAF103C102CDDE92532E8DC0133F2
:10A290002244072BCAE90064CDE925327FF74BAC95
:10A2A0001BEE101A24AA584602F070F900287FF419
:10A2B00006AF269A3FE41B99002940F35A830C9E6F
:10A2C0000E9B9E42A8BF1E46002E0BDD259B013330
:10A2D0003244072BCAE900462692259300F389866B
:10A2E0000AF1080A0C9D002EA8BFAD1B002D00F33B
:10A2F00003820C9B18F4806F2344059340F01F8267
:10A300001B9B0E998B4203DB18F0010F00F0CF84EA
:10A31000109912980A44CAE9000125992692013140
:10A320000729259100F3A5860AF1080A0E996518F8
:10A33000CC1A059BED1AA542A8BF2546002D0DDDC0
:10A34000CAF80030259BCAF8045001332A44072B71
:10A350002692259300F3BB860AF1080A002DA8BFB8
:10A36000641B002C7FF7DEAB102C259B40F37C8315
:10A370001BEE106A102505E00AF1080A103C102CAB
:10A3800040F37283013370491032072BCAE900157C
:10A39000CDE92532F0DD24AA3146584602F0F6F820
:10A3A00000287FF48CAEDDE925320DF19C0AE5E74B
:10A3B000302B3FF48BAD3023023804F8013C50AB16
:10A3C0001B1ADDF808800593044684E518F0010F98
:10A3D0007FF482AE259BCAF800400133013201218F
:10A3E000072B26922593CAF804107FF7A5AE1BEE23
:10A3F000101A24AA584602F0C9F800287FF45FAE6C
:10A40000DDE925320DF19C0A98E60E994C1E002CD0
:10A410007FF794AE102C40F361831BEE106A102579
:10A4200005E00AF1080A103C102C40F35783013371
:10A4300045491032072BCAE90015CDE92532F0DD78
:10A4400024AA3146584602F0A1F800287FF437AE1E
:10A45000DDE925320DF19C0AE5E71BEE101A24AA6E
:10A46000584602F093F800287FF429AE269A0DF1A1
:10A470009C0AFFF744BB029B13F0100340F0C1801D
:10A48000029A12F0400200F07A83089850F8042BE8
:10A490000890194692B2012351E418F0100355D1E7
:10A4A00018F0400200F05D83089850F8042B0890E3
:10A4B000194692B2A8E4524261EB4101CDF80880FE
:10A4C0002D2001233CE41BEE101A24AA584602F06A
:10A4D0005DF800287FF4F3ADDDE925320DF19C0A2B
:10A4E00016E61BEE101A24AA584602F04FF8002870
:10A4F0007FF4E5ADDDE925320DF19C0AFBE518F0AE
:10A50000010F3FF40FAB2AE5089399F80030FFF7ED
:10A51000CDB950ACDFE418F4007F40F0DB8353F892
:10A52000042B0893D1170B46FFF7B6BB089B049882
:10A5300053F8041B0893C217C1E900024C46FFF709
:10A540008BB900BFB82A002090300020089B53F838
:10A55000042B089358E4B4EE488BF1EE10FA80F126
:10A5600094860B9B612B00F05285412B00F0C08537
:10A57000039B01330B9B23F0200500F08084472DC3
:10A5800004D1039B002B08BF0123039318EE903ADC
:10A59000002B48F480724646C0F21886B0EE48ABF5
:10A5A00000239046099307930B9B413B252B00F218
:10A5B0009883DFE813F06F0496039603960368040C
:10A5C0006C049603960396039603960396039603EC
:10A5D00096039603960396039603960396039603B3
:10A5E00096039603960396039603960396039603A3
:10A5F00096039603960396039603960396036804C0
:10A600006C04089B53F8042B08930123FFF797BBB6
:10A61000139B002B3FF4CFA9139B1B78002B3FF417
:10A62000CAA999F8003048F48068FFF73FB90B9346
:10A63000CDF80880FFF7F1BB0B939A4B119318F0FC
:10A64000200100F00581089B073323F007035968B8
:10A6500053F8082B089318F0010F0AD052EA0103AF
:10A6600007D00B9B8DF86930302348F002088DF835
:10A67000683028F4806302930223FFF760BB0B93DA
:10A68000FFF7B6BB0B93884B1193D8E7089B0121CA
:10A6900053F8042B02918DF8DC200893059137AC18
:10A6A000FFF7AFBA1BEE101A24AA584601F06EFF4E
:10A6B00000287FF404AD269A0DF19C0A5DE4039B0B
:10A6C0000794062B224628BF062303942146CDE992
:10A6D0000C22764C029305930F92FFF76CBA40213F
:10A6E0005846FBF7CFF920602061002800F00F8664
:10A6F00040236361FFF79EB8102D259B40F35D82D8
:10A70000514610261BEE10AA04E00831103D102D12
:10A7100040F35282013366481032072BC1E900062C
:10A72000CDE92532F1DD24AA5146584601F02EFF2D
:10A7300000287FF4C4ACDDE9253227A9E6E70E9BAB
:10A74000CDF82490E31803930D9BCDF82880139E39
:10A75000059DDDF85890DDF83C800B941BEE101A37
:10A760005046002B34D0B8F1000F35D10D9B013B82
:10A77000013E0D93159BC0E90039259B01334A44E6
:10A78000072B269225936CDC0830039B96F800C0BB
:10A790005B1B6345A8BF6346002B9A460CDD259CD6
:10A7A00001341A44072CC0E900532692259400F383
:10A7B000778196F800C00830BAF1000FACBFACEB5F
:10A7C0000A046446002C0ADC65440D9B002BCAD1A8
:10A7D000B8F1000F00F0AC8308F1FF38CAE7102C85
:10A7E000DDF894C024DD05954FF0100A63460D4650
:10A7F00004E0103C102C00F1080016DD01332C4958
:10A800001032072BC0E9001ACDE92532F1DD24AA68
:10A810002946584601F0BAFE00287FF450AC103C9F
:10A82000102CDDE9253227A8E8DC2946059D9C4649
:10A830000CF1010322444460072B1D4C0460CDE958
:10A84000253200F3C68396F800C008306544BCE7A3
:10A8500018F0100300F0C280089B53F8042B0893F3
:10A86000F9E624AA5846059101F090FE00287FF4ED
:10A8700026AC269A059927A887E70298CDF81CA050
:10A8800050AC00F4806000250AEE10BA094BDDF8E8
:10A890004CA0CDF81490A3464FF00508AC460446F2
:10A8A00010E000BFDC1D00209C2A0020B02A002000
:10A8B00090300020CDCCCCCC0A2A71F1000136D3E7
:10A8C0004A463146501840F10000A3FB005626F0DE
:10A8D000030505EB9605401B151A4FF0CC3661F1C8
:10A8E000000E06FB05F6A5FB039503FB0E6609F0BB
:10A8F000010E2E44AEFB085E2D184FEA5909303583
:10A900000BF8015C49EAC6790CF1010C0BF1FF3B35
:10A910007608002CD0D09AF800008445CCD1BCF148
:10A92000FF0FC9D00A2A71F1000180F08F815C46C7
:10A9300050AB1B1BDDF81490CDF84CA01AEE10BAEA
:10A94000DDF81CA0DDF80880CDF838C00593FFF7CE
:10A95000C2BA1BEE101A24AA584601F017FE0028AE
:10A960007FF4ADAB9DF86710269A0DF19C0AFFF7B6
:10A9700096B8259BBE48CAF8000001330132012079
:10A98000072B26922593CAF8040000F377810AF179
:10A99000080A002940F0AF800E9908F001030B432C
:10A9A0003FF4C0A8109B12991A44CAE90013259BD2
:10A9B00026920133072B259300F352820AF1080AED
:10A9C0000E99CAF8004001330A44072BCDE925321D
:10A9D000CAF804107FF7A4A8FFF7BDBB18F0400227
:10A9E00000F0DD80089850F8042B0890194692B2C8
:10A9F00031E61BEE101A24AA584601F0C7FD0028C4
:10AA00007FF45DAB269A0DF19C0AFFF7A3BA22AE44
:10AA10000822002130461D94FCF75CFF039B5A1C62
:10AA200000F0DB800025CDF80890CDF81C80994619
:10AA3000A8460CE037A9584601F062FD431C40448B
:10AA400000F0C883484508DC00F0188480461D9A51
:10AA5000525933460435002AECD1CDF81480DDF884
:10AA60000890DDF81C80C5E001338249CAF8044033
:10AA70002244072BCAF80010CDE925327FF750A8F1
:10AA8000FFF769BB1BEE101A24AA584601F07EFDA1
:10AA900000287FF414AB269A0DF19C0AFFF729B821
:10AAA00024AA5846059101F071FD00287FF407ABF8
:10AAB00096F800C0269A059927A87DE6012BCDF8C7
:10AAC00008807FF4F3A9FFF793BB089B049953F820
:10AAD000042B4C4611600893FEF7BEBE0133654956
:10AAE000CAF804402244072BCDE92532CAF80010E9
:10AAF0007FF722AB7BE4109B12981A44CAE900034B
:10AB0000259B26920133072B259300F3A9810AF197
:10AB1000080A0029BFF654AF4D42103180F20F836E
:10AB20001BEE101A102605E00AF1080A103D102D40
:10AB300040F3058301334F481032072BCAE9000662
:10AB4000CDE92532F0DD24AA5846039101F01EFD1F
:10AB500000287FF4B4AADDE9253203990DF19C0A9F
:10AB6000E4E7089B18F400711ABF114653F8042B50
:10AB700053F8042B089318BFD2B2FFF745B9029BD4
:10AB800013F40071089B1ABF114653F8042B53F8B5
:10AB9000042B089318BFD2B20123FFF7D0B8089B4B
:10ABA00018F400711ABF114653F8042B53F8042B04
:10ABB000089318BFD2B24EE58A4601332D49CAF830
:10ABC00004502A44072BCDE92532CAF8001000F3BF
:10ABD00039810AF1080AFFF78CBB00231946009659
:10ABE0001DAA584601F0B2FC03460133059000F05F
:10ABF000F1821D94059B002B4ED0632B00F318812E
:10AC00000023079337AC082200213046FCF762FE90
:10AC1000059D00962B461DAA2146584601F096FC3C
:10AC2000854240F07C83059A0023A35422EAE27215
:10AC3000CDE90C339DF86710039302920F93FEF752
:10AC4000BABF2D218DF86710FEF7A4BF169B15998A
:10AC5000ABEB030B1A465846FCF73AFF9AF8012073
:10AC6000054B0AB10AF1010A4FF0000C28E600BFBB
:10AC7000582D002090300020CDCCCCCC1BEE101AEB
:10AC800024AA584601F082FC00287FF418AA1B99D8
:10AC9000269A0DF19C0A7CE6059B9DF867100F93A0
:10ACA000CDE90233CDE90C330793FEF784BF0E994B
:10ACB000059865182D1ACC1AA542A8BF2546FFF79E
:10ACC0004DBB089B049953F8042B089311804C4604
:10ACD000FEF7C2BD13F9042B0893D1170B46FEF7FC
:10ACE000DBBF039A022122AB01931DAB00935846B0
:10ACF0001BABB0EE4A0B029200F08CFD472D029A7E
:10AD0000044600F06181462D104405D12378302B94
:10AD100000F06F821B9A1044B5EE40ABF1EE10FAD2
:10AD200040F0468103461B1B0E93472D00F0108117
:10AD3000462D00F0B5811B9B0C930C9B412D03F11C
:10AD4000FF331B9300F0E5819DF82C200021002BA0
:10AD5000B8BF0C9B8DF87820BABFC3F101032D2238
:10AD60002B22092B8DF8792040F3DA810DF18F0524
:10AD7000DFF81CC42A4610468CFB0321DA17C2EB0D
:10AD8000A10202EB8201A3EB4101303100F8011C6A
:10AD900019466329134600F1FF32ECDC3033D9B297
:10ADA000831E9D4202F8011C40F28B8213460DF176
:10ADB0007A0201E013F8011B02F8011B9D42F9D150
:10ADC0000DF191030DF17A021B1A13441EAA9B1A6E
:10ADD00014930E9B149A012B1A44059240F303829C
:10ADE000059B109A1344059326F48063059A43F457
:10ADF00080780023CDE90C3322EAE2720F930292AD
:10AE0000099B002B40F0B1809DF867100393FEF77B
:10AE1000D2BE2046FDF726F902460590FEF720BF78
:10AE20001BEE101A24AA584601F0B0FBFEF7EDBD48
:10AE3000591C5846FAF726FE0446002800F0CA813D
:10AE40000790E0E61BEE101A24AA584601F09EFB7C
:10AE500000287FF434A9269A0DF19C0AFFF749BA1D
:10AE60001BEE101A24AA584601F090FB00287FF42C
:10AE700026A9DDE925321B990DF19C0A49E6062336
:10AE80000393FFF783BB039B02215A1C2BE7039A12
:10AE9000032128E71BA8B0EE4A0BF8F7CFFCB4EE6D
:10AEA000007B20EE070BB5EE400BF1EE10FA01D15E
:10AEB00001231B93B348039BB3EE005B013B224687
:10AEC00004E0B5EE400BF1EE10FA13D020EE050BC6
:10AED000FDEEC07BB3F1FF3F17EE901A415CB8EE78
:10AEE000E76B944630EE460B02F8011B194603F15E
:10AEF000FF33E6D1B6EE006BB4EEC60BF1EE10FAFE
:10AF000000F34881B4EE460BF1EE10FA04D117EECF
:10AF1000903ADB0700F13E81002906DB4B1C13440D
:10AF2000302102F8011B9342FBD1131B0E93FCE668
:10AF30000B9C0E9BDDF82490DDF828801396E31817
:10AF40009D42294628BF194682460591FFF7D8B988
:10AF50001B9B0C93DA1C02DB039A93420CDD0B9BC8
:10AF6000023B0B9323F02005E7E62D2100238DF80B
:10AF700067100393FEF722BE0C9B0E9A9342C0F219
:10AF8000BD80F0070C9B40F13281109A1344059369
:10AF9000710503D50C9B002B00F33581059B23EA3B
:10AFA000E373029367230B9300230F930D9327E71B
:10AFB000229B8342BFF4B7AE30215A1C22921970F3
:10AFC000229B9842F9D8AEE6F30700F1A780229BB6
:10AFD000A9E624AA5846059101F0D8FA00287FF482
:10AFE0006EA896F800C0269A059927A86544FFF731
:10AFF000ECBB1BEE101A24AA584601F0C7FA002831
:10B000007FF45DA8269A0DF19C0AFFF76BB97823AF
:10B010008DF8693030238DF86830039B632B48F03E
:10B02000020600F3A6800023079337AC18EE903A8F
:10B03000002B48F481782BDBB0EE48AB0B9B23F060
:10B040002005002309930B9B612B7FF4ADAAB0EE82
:10B050004A0B1BA8F8F7F2FBB4EE007B20EE070BBF
:10B06000B5EE400BF1EE10FA01D101231B934648D7
:10B0700021E71BEE101A24AA584601F087FA00288F
:10B080007FF41DA81B9B269A0DF19C0AFFF74EB971
:10B090000B9B23F020052D230993B1EE48ABD2E79B
:10B0A0001B9A0C92002A06F0010340F30D810399CC
:10B0B0000B4340F0CF800C9B059366230B937205E6
:10B0C00000F1A380059B23EAE37302936CE71BEE78
:10B0D000101A24AA584601F059FA00287EF4EFAF5E
:10B0E0001B9C0E9B269A1C1B0DF19C0AFFF736B980
:10B0F00058238DE700220392FEF7DABB0E9B109ACD
:10B100009A180C9B0592002B40F3AB8067230B939E
:10B11000D5E70B9A0F32D2B2012118E6A018FBE551
:10B12000002940F0A88030228DF87A200DF17B02B2
:10B13000303302F8013B1EABD31A149349E60133B6
:10B140001249CAF804502A44072BCDE92532CAF81F
:10B1500000107FF733AC1BEE101A24AA584601F0FA
:10B1600015FA00287EF4ABAFDDE925320DF19C0A1B
:10B1700026E4591C5846FAF785FC044650B307905C
:10B1800054E700BF9C2A0020DC1D002090300020E6
:10B1900067666666CDF888C012F8011C90F80FC08B
:10B1A000614513460AD14FF0300E03F801EC229BA3
:10B1B000591E229113F8011C8C45F6D0392916BF6F
:10B1C0000131817AC9B203F8011CAEE60023904632
:10B1D000079360E71BEE102AB2F90C3043F04003EE
:10B1E0009381FEF716BCF5077FF5FEADF8E50593F4
:10B1F000CEE6B5EE40ABF1EE10FA3FF48BADC2F106
:10B2000001021B9287E567230B9313990B78FF2BA1
:10B2100079D000250C9A284603E001300131FF2B3C
:10B2200008D0934206DAD21A4B78002BF5D10B786E
:10B230000135F4E70C9213910D900F950F9A0D9B29
:10B2400016991344059A01FB0323059323EAE3733C
:10B250000293D5E5109BD3181944662305910B93EF
:10B260002DE7C3F101031A4422EAE2730293672334
:10B2700005920B9398E60DF17A0259E7039BDDF8EE
:10B280000890DDF81C800593B4E418EE903A002B8A
:10B29000B4BF2D219DF86710254C264BB8BF8DF803
:10B2A000671028F08008FEF779BC039B0293059392
:10B2B00073239DF8671003900F900D900B93FEF78A
:10B2C0007ABC0223149384E5039A134305D1012326
:10B2D000662202930B92059366E6109B01331A4493
:10B2E00022EAE2730293662305920B935CE6089AC6
:10B2F00099F80130894652F8041B089241EAE1713D
:10B300000391FEF7D3BA00230F930D9396E70C2316
:10B31000CBF800304FF0FF330493FEF781BB1BEEF8
:10B32000102A938943F040039381FEF7C8BE00BF03
:10B33000982A00208825002070B500294BD00646A9
:10B340000C4610B1436B002B48D0636ED80734D540
:10B35000B4F90C30002B3ED02146304600F050F8B6
:10B36000E36A054633B1E169304698470028B8BF23
:10B370004FF0FF35A3891A063CD4216B41B104F18B
:10B380004003994202D03046FCF76EFF002323634E
:10B39000616C21B13046FCF767FF00236364FCF762
:10B3A00087F9636E0022DB07A2811FD5A06DFCF731
:10B3B0007DFCFCF783F9284670BDA3899905CBD4A1
:10B3C000A06DFCF775FCB4F90C30002BC4D1656E90
:10B3D00015F0010505D00025284670BDFCF74AF997
:10B3E000B3E7A06DFCF766FC284670BDA06DFCF7C6
:10B3F00061FCDBE721693046FCF736FFBDE700BFA3
:10B40000B1F90C202DE9F0410C461107804647D4D4
:10B41000636842F40062002BA2815EDDA56A002D04
:10B4200058D00023D8F80060C8F8003093B212F466
:10B43000805256D10123E1694046A847431C67D09A
:10B44000A389A56A5F0705D56368C01A236B0BB192
:10B45000E36BC01AE169024600234046A847411C3D
:10B4600041D1D8F80030002B3DD01D2B01D0162B38
:10B4700056D1A3892269226023F400630021616010
:10B48000A381216BC8F8006021B304F14003994205
:10B4900002D04046FCF7E8FE00202063BDE8F081C2
:10B4A0002669BEB193B2256826609A070CBF63690E
:10B4B0000023AD1BA3600BE02B463246E169676AAF
:10B4C0004046B847B0F1000CA5EB0C05664417DD0B
:10B4D000002DF1DC0020BDE8F081E36B002B9DDC4A
:10B4E000F8E7206DAEE7B4F90C302269226023F44E
:10B4F0000063A3810022DB046260C2D52065C0E73F
:10B50000A38943F040034FF0FF30A381BDE8F081F1
:10B51000D8F80030002B93D01D2B06D0162B04D06A
:10B52000A38943F04003A381D5E7C8F80060D1E7C1
:10B5300038B50C46054608B1436B03B3B4F90C00AB
:10B5400088B1636EDB0701D481050FD528462146FB
:10B55000FFF756FF636EDA07054602D4A3899B0501
:10B5600008D5284638BD0546284638BDA06DFCF7ED
:10B570009FFBEBE7A06DFCF79DFB284638BDFCF771
:10B5800079F8DBE700487047B03500200000000084
:10B590000000000001F0FF01102A2BDB10F0070F64
:10B5A00008D010F8013B013A8B422DD010F0070F64
:10B5B00042B3F6D1F0B441EA012141EA014122F05F
:10B5C00007047FF000070023F0E80256083C85EAF4
:10B5D000010586EA010685FA47F5A3FA87F586FA9A
:10B5E00047F6A5FA87F68EB9EED1F0BC01F0FF015F
:10B5F00002F0070232B110F8013B013A83EA01037D
:10B6000013B1F8D10020704701387047002D06BFF4
:10B6100035460338073815F0010F07D1013015F40E
:10B62000807F02BF013015F4C03F0130F0BC01380B
:10B63000704700BF00B50B4C25681446EE681A46EB
:10B6400085B003460D464CB107490095CDE901147C
:10B650003046064900F086FFF6F7EAFD04490C463D
:10B66000F3E700BF483A0020FC2600200C2700200A
:10B670000827002038B5A1FB02148CBBFAF702FAA8
:10B680000546E0B150F8042C22F00302043A242AC3
:10B6900017D8132A1AD91B2AC0E900441DD9242A15
:10B6A00014BF00F1100200F118024FF00003C0E9CE
:10B6B000024404BF04614461C2E900339360284638
:10B6C00038BD2146FCF706F9284638BD024600235E
:10B6D000C2E900339360284638BD00F10802F6E75E
:10B6E000FCF7B8FA0C2300250360E8E72DE9F04FDA
:10B6F00003690C69A34283B0C0F28780013C01F169
:10B700001405A30000F11408009355F8243058F8EC
:10B710002420013381469A4208EB840005EB84071C
:10B720000190B2FBF3F63BD34FF0000CAE4640461F
:10B73000E24663465EF804BB02681FFA8BFC06FB18
:10B740000C334FEA134C4FEA1B4B06FB0BCC9BB25E
:10B75000AAEB03031FFA8CFA13FA82F3CAEB124224
:10B7600002EB23429BB243EA0243774540F8043B95
:10B770004FEA224A4FEA1C43DCD2009B58F80330C0
:10B7800073B9019B043B984504D307E0984504F145
:10B79000FF3403D253F80429002AF7D0C9F8104027
:10B7A0004846FDF76BFD00282BDB013641460023A0
:10B7B00055F8040BD1F800C082B29A1A030C12FAA1
:10B7C0008CF2C3EB1C4303EB224392B242EA0342E6
:10B7D000AF4241F8042B4FEA2343E9D258F8242022
:10B7E00008EB84036AB9043B984504D307E0984505
:10B7F00004F1FF3403D253F80429002AF7D0C9F822
:10B800001040304603B0BDE8F08F002003B0BDE823
:10B81000F08F00BF2DE9F04F2DED028B8FB08DED35
:10B82000020B0191816B1A9D059357EC106B044636
:10B83000934641B1C26B4A60012393408B60FDF790
:10B8400065FA0023A363B7F10008B4BF0123002306
:10B850002B60BE4BBCBF28F00048CDF80C8033EA0B
:10B86000080300F09F809DED028BB5EE408BF1EE5A
:10B8700010FA11D1059A012313601B9B002B00F0D5
:10B880003F82B34B1B9A1360013B009300980FB0AB
:10B89000BDEC028BBDE8F08F0CAA0DA92046B0EEDE
:10B8A000480BFDF74BFE5FEA1853054640F09280C7
:10B8B000DDE90C130B4403F23242202A40F3FA82F2
:10B8C000C2F1400208FA02F803F21242D64048EAF6
:10B8D000060207EE102AB8EE477B581E17EE906A54
:10B8E00053EC172B4FF0010AA6F1F8739FED913B33
:10B8F0009FED927B9FED935B06EE900A43EC122B3B
:10B90000B8EEE64BB7EE086B32EE466BA6EE037B65
:10B91000A4EE057BFDEEC76BB5EEC07BF1EE10FA31
:10B9200016EE907A08D5B8EEE66BB4EE476BF1EE02
:10B9300010FA18BF07F1FF37162F00F24581854B2B
:10B9400003EBC70393ED007BB4EEC78BF1EE10FA67
:10B9500057D5091A0023B1F1010807F1FF370A93FF
:10B9600000F1398100230693002F52DA069B0497D9
:10B97000DB1B06937B420893019B092B4FF00007CA
:10B980004ED8052B40F39D82043B01930026019B7A
:10B990009A1E032A00F22581DFE812F0AA03A7030A
:10B9A0009D037E03059AC8F3130842F20F7358EA09
:10B9B000060813601ED11B9B002B00F09185664B7F
:10B9C000009308331B9A009813600FB0BDEC028BF4
:10B9D000BDE8F08F18EE906AC6F31306A3F2FF30AD
:10B9E00053EC182B46F07F530C994FF0000A43F4A8
:10B9F00040137BE71B9B002B40F03B83574B00938E
:10BA000044E7091A0023B1F101080A9300F1E38029
:10BA1000069300230893019B0497092BB844B0D9DF
:10BA200000230126019307964FF0FF399B46002122
:10BA3000E163CDF82C902046FDF742F900900028F4
:10BA400000F04085009BA363B9F10E0F00F2DC808B
:10BA5000002E00F0D980049B002B40F3DE833D4A8A
:10BA600003F00F0102EBC10292ED007B1A11DB051E
:10BA700040F182833A4991ED086B02F00F020320F6
:10BA800088EE065B5AB13649D60704D591ED006BB6
:10BA9000013027EE067B521001F10801F4D185EE4A
:10BAA000076B0A9B3BB1B7EE007BB4EEC76BF1EEC0
:10BAB00010FA00F1AE8407EE900AB8EEE75BB1EE43
:10BAC0000C7BA5EE067B17EE902A51EC170BA2F12A
:10BAD0005071B9F1000F00F08883049E4A46079B1D
:10BAE000002B00F04784B6EE003B1A4BFDEEC64B30
:10BAF00003EBC20CB8EEE47B36EE477B1CED026B29
:10BB000083EE065B41EC160B14EE900A35EE465BB5
:10BB10000099B4EEC75B3030F1EE10FA01F8010B7A
:10BB200000F3AC84B7EE002BB2EE044B4FF0000CE8
:10BB300031E000BF61436F63A787D23FB3C8608B1A
:10BB4000288AC63FFB799F501344D33F0000F07F03
:10BB5000592D0020B00B0020142A0020202A00209C
:10BB6000880B00200CF1010C94454DDA27EE047B84
:10BB700025EE045BFDEEC76B16EE903AB8EEE63BA1
:10BB8000303337EE437BB4EEC57BF1EE10FA01F8AB
:10BB9000013B00F1738432EE476BB4EEC56BF1EEFE
:10BBA00010FADFD5009A049602E08A4200F0508431
:10BBB000894611F8013D392BF7D00133DBB20B7008
:10BBC000049B0133049355E1091A0123B1F10108E3
:10BBD0000A937FF5C7AEC1F1010306934FF0000849
:10BBE000C2E60026E66331462046FDF769F800907C
:10BBF000002800F06784009BA3634FF0FF330B9392
:10BC000099460123B34607930D9A002A55DB049900
:10BC10000E2952DCB74BBBF1000F03EBC10393EDD0
:10BC2000006B15DAB9F1000F12DC40F0F282B1EED0
:10BC3000047B26EE077BB4EEC78BF1EE10FACA4602
:10BC40004E4600F26D82DDF800806FEA0B0B70E269
:10BC500088EE067BBDEEC77B009917EE103AB9F16E
:10BC6000010F03F13003B8EEC75B01F8013BA5EE0D
:10BC7000468B00F03483B2EE044B012311E088EED2
:10BC8000067BBDEEC77B013317EE102A4B4502F150
:10BC90003002B8EEC75B01F8012BA5EE468B00F031
:10BCA0001E8328EE048BB5EE408BF1EE10FAE6D140
:10BCB000049B013304938946DCE0079B43B3019B5B
:10BCC000012B40F37682089B09F1FF3A534580F23D
:10BCD0003F82089BCDF820A0AAEB030217444FF047
:10BCE000000AB9F1000FC0F22583069B09934B446B
:10BCF000C844069301212046FDF70CF906460CE0E6
:10BD00007D4B009300980FB0BDEC028BBDE8F08F27
:10BD1000069BDDF820A0079E0993099B6BB1B8F143
:10BD2000000F0ADD434506991A46A8BF4246891A04
:10BD30009B1A06910993A8EB0208089B63B1079B25
:10BD4000002B00F0A782BAF1000F00F30482089BD9
:10BD5000B3EB0A0240F0FF8201212046FDF7DAF83A
:10BD6000002F824600F3AF80019B012B40F38781B7
:10BD7000002308930120002F40F0B180404410F0D0
:10BD80001F0000F07A81C0F12002042A00F38880AD
:10BD900040F0F681069B002B05DD29461A46204619
:10BDA000FDF7F4F90546B8F1000F05DD51464246AE
:10BDB0002046FDF7EBF982460A9B002B40F03F81BD
:10BDC000B9F1000F40F32581079B002B40F0A380C1
:10BDD000049B01330493DDF80080012707E0294626
:10BDE00000230A222046FCF79BFF013705465146F7
:10BDF0002846FFF77BFCB94500F1300008F8010B3D
:10BE0000EDDCB9F1000F009ACCBFCB464FF0010B2F
:10BE10000346934400272946012220460193FDF75B
:10BE2000B5F951460546FDF729FA002840F3AF81E0
:10BE30001BF8013C009A0BF1FF3B04E05A4500F06F
:10BE4000B1811BF8013D392B0BF10109F6D001330B
:10BE50008BF8003051462046FCF758FF56B12FB101
:10BE6000B74203D039462046FCF750FF3146204602
:10BE7000FCF74CFF29462046FCF748FF002389F8D1
:10BE80000030DDE904231A601B9B002B3FF4FEAC5D
:10BE90000098C3F800900FB0BDEC028BBDE8F08FA6
:10BEA000C0F11C00069B03440693099B03440993BD
:10BEB00080446FE7C2F1200206FA02F207EE102A70
:10BEC00009E5012663E501463A462046FDF7FEF8FE
:10BED000019B012B824640F3C58100230893DAF8C9
:10BEE00010200AEB82021069FCF7C4FFC0F12000A9
:10BEF00044E700BFB00B0020582D0020314600233E
:10BF00000A222046FCF70CFF0B9B002B064640F351
:10BF1000CE8204979946099B002B05DD31461A46CF
:10BF20002046FDF733F90646089B002B40F0EB81D5
:10BF3000B046029B009F03F001027B1E4B44089316
:10BF4000019B0A921343099351462846FFF7CEFB03
:10BF5000314683462846FDF791F9424651468146CF
:10BF60002046FDF7ADF9C26801460BF13003002A07
:10BF700042D1CDE906032846FDF780F906990290E3
:10BF80002046FCF7C3FE029A079B1AB909990029BB
:10BF900000F07E82B9F1000FC0F28381019949EA75
:10BFA00001090A9951EA090900F07B81002A00F38E
:10BFB000C681089A3B7007F101099742CB4600F011
:10BFC000C481294600230A222046FCF7A9FE4645E3
:10BFD000054631464FF000034FF00A02204612D0CA
:10BFE000FCF79EFE4146064600230A222046FCF747
:10BFF00097FE4F468046A7E720460293FCF786FE51
:10C00000029B0122C6E7FCF78BFE4F4606468046A0
:10C010009AE7019B022B71DC079B002B7FF47BAF1F
:10C02000049B5146013328460493FFF75FFBDDF87C
:10C0300000B000F130030BF8013B0027EBE651465E
:10C040002846FDF71BF90028BFF6BAAE29460023A3
:10C050000A222046FCF764FE049B5F1E079B0546F0
:10C06000002B7FF44BAF0B9B002B40F318829946BB
:10C07000B1E6BC4B00930333A4E41C2012E7DDE9D6
:10C08000020100287FF474AEC1F31302002A00F00D
:10C09000F480029B08936DE601230793049B5B44A5
:10C0A00003F10109B9F1010FCC460B93B8BF4FF072
:10C0B000010C0021BCF1170FE1637FF7BCAC01203C
:10C0C0000422520002F114036345014600F101000D
:10C0D000F7D9E163AFE401230793BBF1000F52DD11
:10C0E000CDF82CB0D946DC46E3E700230793D5E72B
:10C0F00000230793F1E7DDF82C900497B9F1000FC6
:10C100007FF4A1AD51464B4605222046FCF708FEC0
:10C11000014682462846FDF7B1F800287FF793AD27
:10C12000049B03F1010B009B3122984603F8012B7D
:10C13000009351462046FCF7E9FD0BF10103DDF8C1
:10C1400000900493CDF80080002E7FF48FAE91E62E
:10C15000A3EB0A0AC5E5314652462046FCF7B6FF76
:10C160002A46014606462046FCF702FF29460546B8
:10C170002046FCF7CBFDEAE50220B0EE485B81E407
:10C18000C0F13C008EE64FF0010BD9464FE403D1DD
:10C19000019BDB073FF54CAED9461BF8013D302B28
:10C1A000FAD057E6049B009A0133049331231370AD
:10C1B00050E6BAF1000F00F0238102F23342069BF1
:10C1C00009931344DDF820A00693904492E507EE0E
:10C1D000900AB1EE0C5BB8EEE77BA6EE075B15EEBE
:10C1E000902A51EC150BA2F1507141EC150BB1EEF8
:10C1F000047B36EE477BB4EEC57BF1EE10FA00F31C
:10C200003781B1EE455BB4EEC57BF1EE10FA7FF5F8
:10C21000FBAC4FF0000A564615E500F0F580049B94
:10C2200051495A4202F00F0001EBC00191ED006B41
:10C23000121128EE066B00F04281B0EE467B4B49AE
:10C2400000260220D30705D591ED005B01300126C1
:10C2500027EE057B521001F10801F3D1002E06FEF6
:10C26000076B1EE4029B002B7FF437AEDDE9020171
:10C27000C1F31302002A40F037813D4A0A40002AE8
:10C2800000F0FA80069B01330693012308F10108B0
:10C2900008936FE52946089A2046FCF717FF0546E4
:10C2A0005AE5002A12DD2946012220460193FCF7B7
:10C2B0006DFF51460546FCF7E1FF0028019B40F366
:10C2C000E180392B00F0CA800BF13103B94609F83F
:10C2D000013B049B0133374604934646BAE538EEEA
:10C2E000088BB4EEC68BF1EE10FA0ADCB4EE468B86
:10C2F000F1EE10FA7FF4DCAC17EE103AD8077FF5B8
:10C30000D7AC009A54E471682046FCF7D9FC074684
:10C31000002800F0DE80336902339A0006F10C0138
:10C320000C30F5F757FA394601222046FCF72EFF6C
:10C330008046FEE5069BA3EB09030993DAE4392B5B
:10C3400000F08C80B9460133C1E7049A01323746C8
:10C35000049246465FE529462046FCF7B7FE0546AF
:10C36000FAE400BF202A0020B00B0020880B002038
:10C370000000F07F5E4BFDEEC65B03EBC20C1CEDD4
:10C38000023BB8EEE57B36EE477B41EC160B15EE33
:10C39000901A23EE063B00983031012A00F8011B69
:10C3A00000F08380B2EE044B009B991827EE047BCB
:10C3B000FDEEC76B16EE903A303300F8013B814238
:10C3C000B8EEE65B37EE457BF0D1B6EE006B33EEB0
:10C3D000065BB4EEC75BF1EE10FA3FF5E3AB36EE69
:10C3E000436BB4EEC76BF1EE10FA7FF70DAC8946E4
:10C3F000013919F8013C302BF9D0731C049339E54D
:10C400000C9AC2F13602DAE60220B0EE486BFFF772
:10C4100048BBB9F1000F3FF4DAAE0B9A002A7FF760
:10C42000F3ABB2EE044B26EE046B013007EE900A3C
:10C43000049BB8EEE75BB1EE0C7BA6EE057B17EE36
:10C4400090CA51EC170B5E1EACF15071FFF747BB61
:10C45000049B013304933123FFF7B1BB049BBB461C
:10C4600001330493392337460BF8013B4646E1E498
:10C470004FF0000A564653E608927BE4731C04937F
:10C480008946F7E47FF422AFDA077FF51FAF18E79C
:10C49000392BE3D0B9F1000F3FF716AF16E7019B38
:10C4A000022B3FF728AE0497BAE501468DE7019BC2
:10C4B000022B3FF720AEDDF82C9004972BE50220ED
:10C4C000FFF7EFBA0B4B0C48002240F2AF11FFF719
:10C4D000B1F8084B08483A4640F2EF21FFF7AAF8B6
:10C4E000064B0093FFF7D2B9029B0893F7E400BF15
:10C4F000B00B00203C270020242A0020142A002012
:10C5000070B5054684B05BB11C4669B10E4B284638
:10C51000D3F8E0602346B047431C0FD004B070BD91
:10C5200000F582740029F1D1074A2346D2F8E06071
:10C5300028460A4601A9B047431CEFD100228A23AE
:10C5400022602B6004B070BDC034002010B582B0F2
:10C55000049CCDE900344FF0FF3301F0C7FB02B07B
:10C5600010BD00BF0EB410B583B005AB064C53F838
:10C57000042B01930146206800F0C4F803B0BDE825
:10C58000104003B0704700BF483A00202DE9F04F3B
:10C590009368176883B09246002B70D081468A68F2
:10C5A00008680C46083743E0A38913F4906F2ED037
:10C5B000D4E90416A0EB010806EB460606EBD67696
:10C5C00008F1010076102844B042324684BF064686
:10C5D00032465B0537D511464846F9F753FA0190C4
:10C5E00000283AD042462169F5F7F4F8A289019B68
:10C5F00022F4906242F08002A281A6EB080203EBD3
:10C6000008006661A260236120602E46A84642466B
:10C610005946FBF7E3F8DAF80830A2682068921B65
:10C6200040445B1BA2602060CAF808303BB3083767
:10C6300057E902B5002DFAD0AA4216469046B3D962
:10C640002E46A846E3E74846F9F7D8FC03460028FB
:10C65000D3D121694846FBF707FEA3890C2243F09A
:10C660004003C9F800204FF0FF30A38100220023CF
:10C67000CAF80820CAF8043003B0BDE8F08F0020E3
:10C680000023CAF8043003B0BDE8F08F2DE9F84F5D
:10C690004B6E9C0490462DD59368126843B38B462D
:10C6A000064602F1080959E9025A5FEA9A0715D0CD
:10C6B000043D002401E0A7420ED055F8041F5A465D
:10C6C000304601F05BFA431C04F10104F3D100236E
:10C6D000C8E90133BDE8F88FD8F808302AF0030A1A
:10C6E000A3EB0A03C8F8083009F10809002BDAD1D6
:10C6F0000020ECE701F00CF80023C8E90133BDE8A5
:10C70000F88F00BF2DE9F04F2DED028BC5B00DF174
:10C71000500A834608EE101A164600210822504699
:10C720001C460793FBF7D6F8BBF1000F04D0DBF8EB
:10C730003430002B00F0A08618EE102A536EDB0771
:10C7400040F11385B2F90C108AB295040BD418EE9F
:10C75000103A41F4005199815B6E8AB218EE101ABA
:10C7600023F400534B66100740F1058118EE103A90
:10C770001B69002B00F0FF8002F01A030A2B00F067
:10C780000A810023CDE91933CDE90D331BAA0C939F
:10C79000189291460B930593B0464446A84BD3F8A4
:10C7A000E450FBF7EBF92246034612A9CDF800A0AE
:10C7B0005846A847002800F04581C0F23981129AF6
:10C7C000252A034601D01C44E8E7B4EB08060546D9
:10C7D00040F03C81002361788DF8433004F101087A
:10C7E00006934FF0FF371E462B2408F10108A1F1F4
:10C7F00020035A2B00F27881DFE813F0B5027601AE
:10C800007601B0027601760176016A007601760142
:10C810007D028D02760188029702760192025B000A
:10C820005B005B005B005B005B005B005B005B0030
:10C830007601760176017601760176017601760140
:10C8400076015C028400760176017601760176013C
:10C8500076017601760176017601E80076017601AF
:10C86000760133027601DA02760176018B057601D4
:10C870007601760176017601760176017601760100
:10C8800076015C028600760176017601CD02860093
:10C890007F007601C0027601FD02EA00ED027F0012
:10C8A000760133027C006905760176016B0576011D
:10C8B0007C00A1F13003002218F8011B02EB820278
:10C8C00003EB4202A1F13003092BF5D906928EE762
:10C8D0005846FEF757FE43680D931846FBF7C2FB18
:10C8E0000E9005465846FEF74DFE83680B93002DCB
:10C8F00040F0D68498F8001077E798F8001046F0DA
:10C90000200672E746F01006B40640F18E81079BC0
:10C91000073323F007031A46596852F8083B079279
:10C920000A460029C0F27084791C00F0A28526F026
:10C930008001039153EA020100F03F840A2B72F157
:10C94000000180F0418530338DF80F31039E0123C3
:10C9500004930DF20F14049BBB42B8BF3B460393F4
:10C96000002308939DF84330002B00F0CB80039BFD
:10C9700001330393C6E018EE101A584618EE105A09
:10C9800001F040F8002840F05286AA8902F01A030C
:10C990000A2B7FF4F6AE18EE101AB1F90E30002B08
:10C9A000FFF6EFAE4B6EDB0702D4970540F112861F
:10C9B00018EE101A23463246584600F069FE0590DC
:10C9C000059845B0BDEC028BBDE8F08F46F010062F
:10C9D00016F0200200F03681079B073323F007038F
:10C9E00019465A6851F8083B079126F48061039173
:10C9F000002100208DF84300781C00F0108203987D
:10CA000020F0800653EA020040F00882002F40F038
:10CA10003885002940F0D583039B13F0010304936C
:10CA200000F0118430238DF80F310DF20F1492E7CE
:10CA3000082200215046FAF74DFF01231C44ADE6C1
:10CA4000C0340020B4EB080605461BD0199B1A9A87
:10CA500001333244072BC9E900861A9219931CDD71
:10CA6000002A00F0A68318EE101A18AA5846FFF7FD
:10CA70000DFE20BB0DF16C09059B33440593002D81
:10CA80007FF4A8AE1A9B002B40F0C18518EE103A37
:10CA90000022B3F90C30199215E009F10809EBE70F
:10CAA00018EE101A18AA5846FFF7F0FD002800F0FB
:10CAB000A680089B1BB108995846FBF7D5FB18EEDA
:10CAC000103AB3F90C3018EE102A526E12F0010F22
:10CAD0009AB200F0A080500600F1B285059845B0EA
:10CAE000BDEC028BBDE8F08F0029CBD000238DF880
:10CAF00043300123CDE903338DF8AC102BAC002378
:10CB000008931F4616F00203099302D0039B0233D9
:10CB1000039316F084030A9305D1069B039A9D1A8A
:10CB2000002D00F37B82DDE91903411C9DF84320B1
:10CB300082B101220133C9F8042007290DF1430213
:10CB4000CDE91913C9F8002000F34A82084609F11B
:10CB500008090131099AE2B111AA0233C9F800208B
:10CB600007294FF00202CDE91913C9F8042040F358
:10CB70005082002B00F0438318EE101A18AA584672
:10CB8000FFF784FD002894D1DDE919030DF16C094C
:10CB9000411C0A9A802A00F08481049ABD1A002D53
:10CBA00000F3D781049AC9F8004013440729CDE95E
:10CBB0001913C9F8042040F36E81002B00F0758230
:10CBC00018EE101A18AA5846FFF760FD00287FF4E7
:10CBD00070AF1A9B0DF16C09750705D5069A03997C
:10CBE000541A002C00F36B82DDE905210398814281
:10CBF000ACBF521812180592002B7FF451AF089960
:10CC000000231993002900F049815846FBF72CFBBB
:10CC10000DF16C09C1E59C053FF55DAF18EE104ABA
:10CC2000A06DFBF747F8A28955E7F006079A00F1D7
:10CC30001F83710640F1198332F9043B0792DA171A
:10CC400011466EE616F01003079940F0098316F0BE
:10CC5000400000F001831A4651F8043B07919BB253
:10CC6000C3E6079B1A4600238DF84330134653F85A
:10CC7000044B0393002C00F01284532900F06583C9
:10CC800016F0100540F061837B1C00F0B3843A4637
:10CC900029462046FEF77EFC0890002800F09F847D
:10CCA000031B039A049323EAE3732F46079203932B
:10CCB000089557E6432902D0F50640F12D83079DDC
:10CCC0000822002116A82BACFAF704FE16AB55F883
:10CCD000042B21465846FFF713FC0346013304900A
:10CCE00000F0B384049B079523EAE37303930023C6
:10CCF0008DF8433003E7079B53F8042B0692002A74
:10CD000080F29C82069A5242CDE9062398F80010E0
:10CD100046F0040669E598F800108DF8434064E594
:10CD200098F8001046F080065FE5424612F8011BB5
:10CD30002A2900F09684A1F13003092B90464FF088
:10CD400000073FF654AD18F8011B07EB870703EB0C
:10CD50004707A1F13003092BF5D948E598F80010F1
:10CD600046F0010641E59DF84330002B7FF4C2AD4B
:10CD7000202398F800108DF8433036E598F800101D
:10CD80006C2903BF98F8011046F0200608F101084D
:10CD900046F0100629E598F80010682903BF98F8B6
:10CDA000011046F4007608F1010846F040061CE543
:10CDB00046F010030393039B13F0200200F0068259
:10CDC000079B073323F0070319465A6851F8083BBD
:10CDD000079101210DE6079A46F00203039352F8EA
:10CDE000043B079247F63002ADF84420B84A0C9253
:10CDF00002210022FDE5B70600F14882F50600F1A8
:10CE00004683740600F1D583B00540F14083079B4B
:10CE1000059953F8042B07931170BEE4039601297A
:10CE20003FF48CAD022944AC11D10C9803F00F01F2
:10CE30001B09415C04F8011D43EA0273120953EA1D
:10CE40000201F3D1039E44AB1B1B049383E503F063
:10CE50000701DB0843EA4273D208303153EA020586
:10CE6000204604F8011DF2D1039EF307EBD53029CB
:10CE7000E8D03023023804F8013C44AB1B1A039E6F
:10CE80000493044667E5049B1B9401221C931A93A8
:10CE900019920DF16C0909F108099DE60DF16C0973
:10CEA0007BE4069A039D551B002D7FF776AE102D6F
:10CEB00040F3BB83099418EE104A07E000F1020C1E
:10CEC00009F108091046103D102D1EDD8149C9F8F1
:10CED0000010421C10331021072ACDE91923C9F88C
:10CEE0000410EBDD18AA002B74D0214658460DF132
:10CEF0006C09FFF7CBFB00287FF4DBADDDE91903FC
:10CF0000103D102D00F1010CE0DC099C714AC9F8BC
:10CF100004502B44BCF1070FCDE919C3C9F8002018
:10CF200040F39481002B00F01F8318EE101A18AA0A
:10CF30005846FFF7ABFB00287FF4BBAD049ADDE950
:10CF40001903BD1A002D00F101010DF16C097FF7E5
:10CF500029AE102D29DD0994102718EE104A07E09C
:10CF600000F1020C09F108091046103D102D1ADDE0
:10CF7000421C58491033072AC9E90017CDE9192383
:10CF8000EEDD18AA03B3214658460DF16C09FFF7F0
:10CF90007DFB00287FF48DADDDE91903103D102DD8
:10CFA00000F1010CE4DC099C61464A4AC9F80450CE
:10CFB0002B440729CDE91913C9F8002000F3E780B5
:10CFC00009F108090131EDE54FF0010C18460DF1AA
:10CFD0006C09CAE74FF0010C18460DF16C0972E7B5
:10CFE000002B00F0048118EE101A18AA5846FFF71B
:10CFF0004DFB00287FF45DADDDE919030DF16C09EF
:10D00000411CA7E5022311AA1C931B9201210DF1DB
:10D010006C09084609F10809411CBAE5102D40F3D6
:10D02000E582DDE919130F94084618EE104A07E06F
:10D0300000F1020C09F108091046103D102D1DDD0C
:10D040002549C9F80010421C10331021072ACDE9E8
:10D050001923C9F80410EBDD18AA03B3214658467A
:10D060000DF16C09FFF712FB00287FF422ADDDE91A
:10D070001903103D102D00F1010CE1DC0F9C6046FE
:10D08000154AC9F804502B440728CDE91903C9F8FB
:10D09000002000F3C18009F10809411C46E518464B
:10D0A0004FF0010C0DF16C09C7E77607199353D5C2
:10D0B000069A0399541A002C4EDD0DF16C09102CC0
:10D0C00040F3B082199918EE106A10250DE000BFE8
:10D0D000DC1D0020A0300020C82A0020881C09F197
:10D0E00008091146103C102C1ADD4A1CB3481033B5
:10D0F000072AC9E90005CDE91923EFDD18AA33B3E2
:10D1000031465846FFF7C2FA00287FF4D2ACDDE979
:10D110001913103C102C01F101000DF16C09E4DC35
:10D12000A64AC9F8044023440728CDE91903C9F8E1
:10D1300000207FF759AD7BB118EE101A18AA584697
:10D14000FFF7A4FA00287FF4B4AC1A9B4CE5012049
:10D1500019460DF16C09C5E7DDE9053203998A42EC
:10D16000ACBF9B185B18059349E5B2F90C108F050D
:10D1700018EE103A8AB23FF5E8AA18EE105A986DE8
:10D18000FAF796FDB5F90C108AB2FFF7DEBA002B5C
:10D190003FF479AE18EE101A18AA5846FFF776FA3F
:10D1A00000287FF486AC19991A9B01310DF16C09A6
:10D1B000F8E419920DF16C095EE4002F7FF4C3AB23
:10D1C000039E0027049744ACFFF7C5BB039B13F0F5
:10D1D000100354D1039A12F0400000F06B810799BC
:10D1E0001A4651F8043B07919BB2012101E4099AC8
:10D1F000002A64D1184601210DF16C09C9E401210E
:10D2000018460DF16C09C4E45B4262EB42020396DE
:10D210002D200121FFF7EEBB002B00F0888018EED7
:10D22000101A18AA5846FFF731FA00287FF441ACCB
:10D23000DDE919030DF16C09411C77E498F8001041
:10D240000793FFF7D2BA44ACFFF785BB09F1080991
:10D250000CF101016046A0E416F4007240F09781E1
:10D2600051F8043B0791FFF7C0BBB30500F188817B
:10D2700052F8043B0792DA171146FFF752BB0799A1
:10D2800051F8043B07910121FFF7B3BB079B0598B9
:10D2900053F8041B0793C217C1E90002FFF77DBAD8
:10D2A0000B9B002B3FF426AB0B9B1B78002B3FF412
:10D2B00021AB98F8001046F48066FFF796BA022377
:10D2C00011AA1C931B9201200DF16C09A2E6039692
:10D2D00071E53B4B0C9316F0200259D0079B0733A6
:10D2E00023F0070318465A6850F8083B0790F407E4
:10D2F00009D553EA020006D08DF84510302146F0DA
:10D3000002068DF8441026F4806103910221FFF794
:10D3100070BB2C4B0C93DEE7079B012153F8042BC9
:10D3200003918DF8AC20079304912BACDFE49DF8BA
:10D330004320002A40F03281099A002A7FF462AE2D
:10D34000184601210DF16C0927E40021082216A8D6
:10D350001394FAF7BFFA791C00F0BC8000250794FB
:10D360002C460CE02BA95846FFF7CAF8421C204473
:10D3700000F06B81B84208DC00F070810446139A1B
:10D38000525916AB0435002AECD10494079CAFE047
:10D3900016F0100307980CD116F0400405D01A4679
:10D3A00050F8043B07909BB2A1E716F4007240F0DE
:10D3B000E18050F8043B079099E700BFC82A00209D
:10D3C000DC1D00209C2A00200399049744AC9E4653
:10D3D00008EE90BA01F480664FF0000C234606E098
:10D3E000BEF10A0F72F1000239D3A6462A46A649B9
:10D3F0001EEB020040F100000F46A1FB001424F0D8
:10D40000030101EB9401401ABEEB00014FF0CC3553
:10D4100062F1000405FB01F507FB0455A1FB074180
:10D420000D44052704F00101A1FB071B091864083E
:10D43000303103F8011C44EAC5740CF1010C013BC6
:10D440006D08002ECCD00B9909786145C8D1BCF18C
:10D45000FF0FC5D0BEF10A0F72F100026CD21C465C
:10D4600044AB1B1B049F039E049318EE90BAFFF776
:10D4700072BA0396FFF762BA5846FAF7FBF8FFF75D
:10D480005BB9012903967FF4CDACFFF75CBA079B2B
:10D49000059953F8042B11600793FFF77EB9062F07
:10D4A0003B46039A794C079228BF062304930393C3
:10D4B000FFF725BB039B079913F4007214BF51F8C3
:10D4C000043B51F8043B07911CBF0246DBB201212B
:10D4D000FFF78FBA16AB00930023194613AA5846DC
:10D4E000FFF734F803460133049000F0AE80139444
:10D4F000049B002B30D0632B63DC002308932BAC00
:10D500000822002116A8FAF7E5F9049D16AB00934E
:10D5100013AA2B4621465846FFF718F8854240F0DB
:10D52000AB80039B049A07930023A3541F4622EA6F
:10D53000E2730393FFF716BA0E9A0D999B1A1846D9
:10D540000893FAF7C5FA0B99089B4A780AB101319A
:10D550000B914FF0000C48E7039B0793049B039348
:10D560001F460893FFF7FEB9012118460DF16C091B
:10D57000FFF713BB50F8043B07902246DBB2B6E638
:10D5800012F9043B0792DA171146FFF7CAB951F8AE
:10D59000043B07910246DBB2FFF727BA01231C9335
:10D5A00001210DF143031B930DF16C090B46FFF7AD
:10D5B000CDBA079B059953F8042B07931180FFF709
:10D5C000ECB8591C5846F8F75DFA044600283CD0E0
:10D5D000089095E7886DFAF76DFBFFF7E9B9039BB3
:10D5E0000793CDE90377089FFFF7BCB919981A9BF9
:10D5F000013045E5039B07932046FAF733FD20EA07
:10D60000E0732F46049003930895FFF7ABB918EE2B
:10D61000101A18AA5846FFF739F800283FF436AA1E
:10D62000FFF74DBA199801307AE58C466EE46B6EBF
:10D63000D90705D4AB899A0502D4A86DFAF73AFB4D
:10D640004FF0FF330593FFF749BA18EE102AB2F9ED
:10D650000C3043F040039381FFF735BA079C0497E1
:10D6600046E7079B98F8011053F8047B0793904610
:10D6700047EAE777FFF7B9B818EE102A938943F025
:10D6800040039381FFF715BACDCCCCCCB02A002053
:10D6900070B50C468989ADF58E6D21F00201ADF8AB
:10D6A0001410616E1B91E189ADF81610E1690991C2
:10D6B000616A0B911CA9029106914FF480610646A4
:10D6C0000491079118A80021CDE900320891FAF7DA
:10D6D000EBFADDE9003202A93046FFF713F8051E28
:10D6E00007DB02A93046FDF723FF002818BF4FF0E3
:10D6F000FF35BDF814305B0603D5A38943F0400322
:10D70000A3811898FAF7D2FA28460DF58E6D70BDF0
:10D710009368002B00F085802DE9F04FB1F90C30B3
:10D720000C461907804683B0174698B225D5236961
:10D730001BB310F002033D682DD04FF0000ADFF854
:10D74000C0B25646B9465E453346524628BF5B4690
:10D750004046002E52D0E169676AB847002856DD7E
:10D76000D9F808301B1A8244361AC9F80830002B41
:10D77000E9D1002003B0BDE8F08F2146404600F01B
:10D7800041F9002840F03881B4F90C303D6898B276
:10D7900010F00203D1D110F0010944D14E46009798
:10D7A00046B38205D4F808B040F18580B3455A46A7
:10D7B00000F2B48010F4906F40F0C18020680192B4
:10D7C0004946FAF70BF8A368019AA3EB0B0123680B
:10D7D000A1601344B24623600026009A9368A3EB2D
:10D7E0000A03D1449360002BC3D0B4F90C0080B27B
:10D7F000002ED6D1D5E900960835D1E7D5E900A6A7
:10D800000835A0E721464046FDF792FE88B3B4F9FB
:10D810000C3043F040034FF0FF30A38103B0BDE86C
:10D82000F08F002070471E46BA469946184600956C
:10D830001F4666B3002832D04A46D4E90413206854
:10D84000A568B24228BF3246884204D905EB030BD3
:10D850005A4500F3A780934264DCE169656A3A4661
:10D860004046A847B0F1000BD1DDB9EB0B09C9D098
:10D870000120DAF80830A3EB0B035F44A6EB0B069C
:10D88000CAF80830002B3FF474AF002ED2D1009AB2
:10D890005668134608320092002EF8D01F683246B0
:10D8A0000A213846FDF776FE002800F09C80013002
:10D8B000A0EB0709C0E720682369984216D862697F
:10D8C000B24213D86FF00043B34228BF3346E16938
:10D8D00093FBF2F3676A02FB03F340464A46B847FC
:10D8E000B0F1000A93DDA6EB0A0676E7B345DA4607
:10D8F00028BFB24652464946F9F770FFA36822682E
:10D90000A3EB0A035244A3602260002BEBD1214613
:10D910004046FDF70DFE0028E5D078E72068B346C5
:10D9200032464CE739460192F9F758FF019AA3684D
:10D930009B1AA360236813442360934695E72368EA
:10D940002169A3EB010B636903EB430A0AEBDA7A63
:10D950000BF101034FEA6A0A33445345524684BF30
:10D960009A46524643052CD511464046F8F78AF8A8
:10D9700000283BD05A4621690190F3F72BFFA2897A
:10D98000019B22F4906242F08002A28103EB0B0023
:10D990002361AAEB0B03C4F814A0A3602060B34674
:10D9A00032460CE739465A46F9F718FF23685B44BC
:10D9B000236021464046FDF7BBFD00283FF455AFEC
:10D9C00025E74046F8F71AFB03460028DED1216917
:10D9D0004046FAF749FCB4F90C300C2223F08003DE
:10D9E000C8F8002015E7721C914626E70C22B4F90E
:10D9F0000C30C8F800200CE74FF0FF30BAE600BF4B
:10DA000000FCFF7F38B5314B1B6805460C4613B14F
:10DA10005A6B002A4ED0B4F90C3018079AB21CD5B4
:10DA2000216929B312F0010007D00020A0606069CD
:10DA30004042A06139B1002038BD950758BF6069E8
:10DA4000A0600029F7D1120658BF0846F4D543F06C
:10DA50004003A3814FF0FF3038BDD1062ED55207C9
:10DA600014D4216943F00803A3819AB20029D9D1C3
:10DA700002F42070B0F5007FD4D02146284600F093
:10DA800047F9B4F90C3021699AB2CBE7216B51B157
:10DA900004F14002914204D02846FAF7E5FBB4F9BC
:10DAA0000C300022226321690022C4E9001223F015
:10DAB0002403D7E71846F9F7DDFDACE7092243F068
:10DAC00040032A604FF0FF30A38138BD483A002060
:10DAD0002DE9F04782B0824688461446FAF74EF8A0
:10DAE000012803D108F1FF33FE2B36D90DF10409CB
:10DAF000424604F15C0349465046FEF701FD421CD4
:10DB0000064632D020B39DF804C0002509E0236802
:10DB10005A1C226083F800C00135B54218D219F8AA
:10DB200001CFA368013B002BA360F0DAA769BB42D9
:10DB300061462246504602DBBCF10A0FE7D100F0F5
:10DB400053F9431CE8D10646304602B0BDE8F087E1
:10DB50004646304602B0BDE8F0875FFA88FC8DF893
:10DB600004C006460DF10409CFE7A389304643F00F
:10DB70004003A38102B0BDE8F08700BF30B5536E0B
:10DB800013F0010FB2F90C30144683B005469AB277
:10DB900001D198051CD5900406D4626E43F400535D
:10DBA00042F40052A381626622462846FFF790FFA6
:10DBB000636EDA07054602D4A3899B0502D5284681
:10DBC00003B030BDA06DFAF775F8284603B030BD3C
:10DBD000A06D0191FAF76CF8B4F90C3001999AB282
:10DBE000D9E700BF2DE9F04F8BB0DDE9158A149F0E
:10DBF0000391814605921E46B8F1000F5CD0039B4D
:10DC0000002B5ED0059B1D68002F6AD0741E4EB39A
:10DC1000039B0493043D002601950BE0039B2BBB63
:10DC2000019B1A68002A3AD0BC455CD2013C631CB7
:10DC3000664617D0D8F800300293019BDAF8E0501E
:10DC400053F8042F019307A943464846D8F804B077
:10DC5000A847421C3AD000EB060CBC45DED9029B1B
:10DC6000C8E9003B30460BB0BDE8F08F00280EDD60
:10DC7000049B019D18445A1E07A900F1FF3E11F8AC
:10DC8000013B02F8013F7245F9D101950490059BD3
:10DC90001A6804321A60019B1A68002AC4D1039BD7
:10DCA0000BB1059B1A600CF1FF3600223046C8F814
:10DCB00000200BB0BDE8F08F039B00F58678002BA9
:10DCC000A0D1059B4FF0FF371D689FE706468A21CC
:10DCD00000223046C9F80010C8F800200BB0BDE89B
:10DCE000F08F3E46BEE76646BCE700BF10B584B085
:10DCF000054C06980090079801900448006802942B
:10DD0000FFF770FF04B010BDC0340020483A002077
:10DD10002DE9F0418B890C46990796B008D504F19E
:10DD200043030122C4E90432236016B0BDE8F08148
:10DD3000B4F90E100029064625DB6A4600F0ACF85F
:10DD400000281FDB019D05F47045A5F50055B5FAC7
:10DD500085F54FF480686D094FF400674146304601
:10DD6000F7F790FEE0B1B4F90C30C4F8148043F03A
:10DD7000800320602061A38135BB3B43A38116B0A3
:10DD8000BDE8F081A38913F0800519D04FF0400859
:10DD90000025414630462F46F7F774FE0028E2D1B1
:10DDA000B4F90C309A05C0D423F0030304F1430204
:10DDB00043F002030121C4E90421A3812260B4E7F6
:10DDC0004FF480682F46C9E7B4F90E10304600F0D2
:10DDD00079F810B9B4F90C30CFE7A38923F0030325
:10DDE00043F001031BB2C8E7F8B50D4614460646DA
:10DDF00010B1436B002B4CD0B4F90C20A369A36085
:10DE0000170790B21BD52369CBB1EDB281042F4621
:10DE100022D522686169D31A994229DD0133A168AC
:10DE20000139A160511C2160157062699A4227D0A6
:10DE3000A389DB0701D50A2D22D03846F8BD21463B
:10DE40003046FFF7DFFD08BBB4F90C20236990B220
:10DE5000EDB281042F46DCD442F40052A281626EFE
:10DE6000616922F4005262662268D31A9942D5DCB5
:10DE700021463046FDF75CFB40B922680123CEE71E
:10DE800021463046FDF754FB0028D6D04FF0FF372F
:10DE9000D3E7F9F7EFFBAFE770B50C46084D034643
:10DEA0000026204611461C462E60F4F7B5F9431CA7
:10DEB00000D070BD2B68002BFBD0236070BD00BF6D
:10DEC0007C59002038B5074D0022044608462A60D8
:10DED000F4F7A8F9431C00D038BD2B68002BFBD009
:10DEE000236038BD7C59002081F0004102E000BF72
:10DEF00083F0004330B54FEA41044FEA430594EA0A
:10DF0000050F08BF90EA020F1FBF54EA000C55EA44
:10DF1000020C7FEA645C7FEA655C00F0E2804FEA15
:10DF20005454D4EB5555B8BF6D420CDD2C4480EAF7
:10DF3000020281EA030382EA000083EA010180EA27
:10DF4000020281EA0303362D88BF30BD11F0004F75
:10DF50004FEA01314FF4801C4CEA113102D04042AB
:10DF600061EB410113F0004F4FEA03334CEA1333E6
:10DF700002D0524263EB430394EA050F00F0A780FE
:10DF8000A4F10104D5F1200E0DDB02FA0EFC22FAF9
:10DF900005F2801841F1000103FA0EF2801843FAED
:10DFA00005F359410EE0A5F120050EF1200E012ADE
:10DFB00003FA0EFC28BF4CF0020C43FA05F3C0181C
:10DFC00051EBE37101F0004507D54FF0000EDCF195
:10DFD000000C7EEB00006EEB0101B1F5801F1BD33E
:10DFE000B1F5001F0CD349085FEA30004FEA3C0C42
:10DFF00004F101044FEA445212F5800F80F09A8038
:10E00000BCF1004F08BF5FEA500C50F1000041EB3B
:10E01000045141EA050130BD5FEA4C0C404141EB3F
:10E020000101013C28BFB1F5801FE9D291F0000F3A
:10E0300004BF01460020B1FA81F308BF2033A3F1E9
:10E040000B03B3F120020CDA0C3208DD02F1140CE0
:10E05000C2F10C0201FA0CF021FA02F10CE002F11B
:10E060001402D8BFC2F1200C01FA02F120FA0CFC14
:10E07000DCBF41EA0C019040E41AA2BF01EB04515D
:10E08000294330BD6FEA04041F3C1CDA0C340EDC5B
:10E0900004F11404C4F1200220FA04F001FA02F39E
:10E0A00040EA030021FA04F345EA030130BDC4F15C
:10E0B0000C04C4F1200220FA02F001FA04F340EA51
:10E0C0000300294630BD21FA04F0294630BD94F002
:10E0D000000F83F4801306BF81F480110134013DE9
:10E0E0004EE77FEA645C18BF7FEA655C29D094EA5A
:10E0F000050F08BF90EA020F05D054EA000C04BFD8
:10E100001946104630BD91EA030F1EBF00210020C2
:10E1100030BD5FEA545C05D14000494128BF41F061
:10E12000004130BD14F580043CBF01F5801130BDC5
:10E1300001F0004545F0FE4141F470014FF0000050
:10E1400030BD7FEA645C1ABF194610467FEA655C01
:10E150001CBF0B46024650EA013406BF52EA0335A3
:10E1600091EA030F41F4002130BD00BF90F0000F91
:10E1700004BF0021704730B54FF4806404F13204CD
:10E180004FF000054FF0000150E700BF90F0000F86
:10E1900004BF0021704730B54FF4806404F13204AD
:10E1A00010F0004548BF40424FF000013EE700BF7D
:10E1B00042004FEAE2014FEA31014FEA02701FBF0D
:10E1C00012F07F4393F07F4F81F06051704732F03F
:10E1D0007F4208BF704793F07F4F04BF41F4002196
:10E1E000704730B54FF4607401F0004521F00041F4
:10E1F0001CE700BF50EA010208BF704730B54FF07E
:10E2000000050AE050EA010208BF704730B511F07E
:10E21000004502D5404261EB41014FF4806404F1B6
:10E2200032045FEA915C3FF4D8AE4FF003025FEA3C
:10E23000DC0C18BF03325FEADC0C18BF033202EBC0
:10E24000DC02C2F1200300FA03FC20FA02F001FA1A
:10E2500003FE40EA0E0021FA02F11444BDE600BFBD
:10E2600008B502460B4643EC172BB5EEC07BF1EE2A
:10E2700010FA03D4BDE8084000F00CB8B1EE477BBB
:10E2800051EC170B00F006F8404261EB410108BD6C
:10E29000000000009FED0B6B41EC170B9FED0B5B3B
:10E2A00027EE066BBCEEC66BB8EE464BA4EE457B84
:10E2B000FCEEC77B16EE101A17EE900A704700BFEF
:10E2C000AFF30080000000000000F03D00000000FF
:10E2D0000000F0415FF800F0551A00605FF800F0B0
:04E2E000AD19006014
:04E2E400F8B500BFCA
:08E2E8004051FF7F010000001E
:10E2F000000000000000000000000000000000001E
:10E30000000000000000000000000000000000000D
:10E3100000000000000000000000000000000000FD
:10E3200000000000000000000000000000000000ED
:10E3300000000000000000000000000000000000DD
:10E3400000000000000000000000000000000000CD
:10E3500000000000000000000000000000000000BD
:10E3600000000000000000000000000000000000AD
:10E37000000000000000000000000000000000009D
:10E38000000000000000000000000000000000008D
:10E39000000000000000000000000000000000007D
:10E3A000000000000000000000000000000000006D
:10E3B000000000000000000000000000000000005D
:10E3C000000000000000000000000000000000004D
:10E3D000000000000000000000000000000000003D
:10E3E000000000000000000000000000000000002D
:10E3F000000000000000000000000000000000001D
:10E40000000000000000000000000000000000000C
:10E4100000000000000000000000000000000000FC
:10E4200000000000000000000000000000000000EC
:10E4300000000000000000000000000000000000DC
:10E4400000000000000000000000000000000000CC
:10E4500000000000000000000000000000000000BC
:10E4600000000000000000000000000000000000AC
:10E47000000000000000000000000000000000009C
:10E48000000000000000000000000000000000008C
:10E49000000000000000000000000000000000007C
:10E4A000000000000000000000000000000000006C
:10E4B000000000000000000000000000000000005C
:10E4C000000000000000000000000000000000004C
:10E4D000000000000000000000000000000000003C
:10E4E000000000000000000000000000000000002C
:10E4F000000000000000000000000000000000001C
:10E50000000000000000000000000000000000000B
:10E5100000000000000000000000000000000000FB
:10E5200000000000000000000000000000000000EB
:10E5300000000000000000000000000000000000DB
:10E5400000000000000000000000000000000000CB
:10E5500000000000000000000000000000000000BB
:10E5600000000000000000000000000000000000AB
:10E570000000000000000000000000000000244037
:10E580000000000000405940182D4454FB21E9BF11
:10E59000D221337F7CD90240D221337F7CD902C083
:10E5A0000000000000000080182D4454FB210940A9
:10E5B000182D4454FB2109C000000040FB21F93F05
:10E5C000000000002D44743E000000809846F83C96
:10E5D0000000006051CC783B00000080831BF039C4
:10E5E0000000004020257A38000000802282E336B7
:10E5F000000000001DF3693500000000000000006D
:10E600000000000000000080FE822B654715674077
:10E6100000000000000038430000FAFE422E76BFE2
:10E620003A3B9EBC9AF70CBDBDFDFFFFFFFFDF3FED
:10E630003C5455555555C53F912B17CF5555A53FC2
:10E6400017D0A4671111813F000000000000C842EC
:10E65000EF39FAFE422EE63F24C482FFBDBFCE3F13
:10E66000B5F40CD7086BAC3FCC5046D2ABB2833F6D
:10E67000843A4E9BE0D7553F0000000000000000A8
:10E68000000000000000F03F6EBF881A4F3B9B3C2B
:10E690003533FBA93DF6EF3F5DDCD89C136071BCC0
:10E6A0006180773E9AECEF3FD16687107A5E90BC2E
:10E6B000857F6EE815E3EF3F13F6673552D28C3C49
:10E6C000748515D3B0D9EF3FFA8EF92380CE8BBC79
:10E6D000DEF6DD296BD0EF3F61C8E6614EF7603CA6
:10E6E000C89B751845C7EF3F99D3335BE4A3903CB3
:10E6F00083F3C6CA3EBEEF3F6D7B835DA69A973C0F
:10E700000F89F96C58B5EF3FFCEFFD921AB58E3CBE
:10E71000F747722B92ACEF3FD19C2F703DBE3E3C31
:10E72000A2D1D332ECA3EF3F0B6E908934036ABCC5
:10E730001BD3FEAF669BEF3F0EBD2F2A525695BCF2
:10E74000515B12D00193EF3F55EA4E8CEF8050BCE5
:10E75000CC316CC0BD8AEF3F16F4D5B923C991BC4A
:10E76000E02DA9AE9A82EF3FAF555CE9E3D3803C40
:10E77000518EA5C8987AEF3F4893A5EA151B80BC37
:10E780007B517D3CB872EF3F3D32DE55F01F8FBCB0
:10E79000EA8D8C38F96AEF3FBF53133F8C898B3C6D
:10E7A00075CB6FEB5B63EF3F26EB11769CD996BC84
:10E7B000D45C0484E05BEF3F602F3A3EF7EC9A3C78
:10E7C000AAB968318754EF3F9D3886CB82E78FBC6A
:10E7D0001DD9FC22504DEF3F8DC3A644416F8A3CAA
:10E7E000D68C62883B46EF3F7D04E4B0057A803CDE
:10E7F00096DC7D91493FEF3F94A8A8E3FD8E963CBF
:10E800003862756E7A38EF3F7D4874F2185E873C47
:10E810003FA6B24FCE31EF3FF2E71F982B47803C27
:10E82000DD7CE265452BEF3F5E08713F7BB896BC0F
:10E830008163F5E1DF24EF3F31AB096DE1F7823C05
:10E84000E1DE1FF59D1EEF3FFABF6F1A9B213DBC15
:10E8500090D9DAD07F18EF3FB40A0C7282378B3C24
:10E860000B03E4A68512EF3F8FCBCE8992146E3C4A
:10E87000562F3EA9AF0CEF3FB6ABB04D754D833C64
:10E8800015B7310AFE06EF3F4C74ACE20142863CFC
:10E8900031D84CFC7001EF3F4AF8D35D39DD8F3C35
:10E8A000FF1664B208FCEE3F045B8E3B80A386BC7F
:10E8B000F19F925FC5F6EE3F68504BCCED4A92BC9B
:10E8C000CBA93A37A7F1EE3F8E2D511BF80799BC23
:10E8D00066D8056DAEECEE3FD236943EE8D171BC01
:10E8E000F79FE534DBE7EE3F151BCEB3191999BC52
:10E8F000E5A813C32DE3EE3F6D4C2AA7489F853C46
:10E900002234124CA6DEEE3F8A69287A601293BC4C
:10E910001C80AC0445DAEE3F5B8917488FA758BCD2
:10E920002A2EF7210AD6EE3F1B9A49679B2C7CBC06
:10E9300097A850D9F5D1EE3F11ACC260ED63433CCE
:10E940002D89616008CEEE3FEF64063B0966963C78
:10E9500057001DED41CAEE3F7903A1DAE1CC6E3CD0
:10E96000D03CC1B5A2C6EE3F30120F3F8EFF933CA4
:10E97000DED3D7F02AC3EE3FB0AF7ABBCE90763C61
:10E98000272A36D5DABFEE3F77E054EBBD1D933C26
:10E990000DDDFD99B2BCEE3F8EA3710034948FBCA7
:10E9A000A72C9D76B2B9EE3F49A393DCCCDE87BCA1
:10E9B0004266CFA2DAB6EE3F5F380FBDC6DE78BC46
:10E9C000824F9D562BB4EE3FF65C7BEC461286BC24
:10E9D0000F925DCAA4B1EE3F8ED7FD180535933C6A
:10E9E000DA27B53647AFEE3F059B8A2FB7987B3CB9
:10E9F000FDC797D412ADEE3F09541CE2E163903C91
:10EA0000295448DD07ABEE3FEAC6195085C7343CB0
:10EA1000B746598A26A9EE3F35C0642BE632943CAE
:10EA20004821AD156FA7EE3F9F7699614AE48CBCF3
:10EA300009DC76B9E1A5EE3FA84DEF3BC5338CBCB0
:10EA400085553AB07EA4EE3FAEE92B89785384BC5D
:10EA500020C3CC3446A3EE3F58585678DDCE93BC45
:10EA60002522558238A2EE3F64197E80AA10573CB9
:10EA700073A94CD455A1EE3F28225EBFEFB393BCDF
:10EA8000CD3B7F669EA0EE3F82B93487AD126ABC53
:10EA9000BFDA0B7512A0EE3FEEA96DB8EF6763BC4D
:10EAA0002F1A653CB29FEE3F5188E0543DDC80BC9C
:10EAB000849451F97D9FEE3FCF3E5A7E641F78BC0F
:10EAC000745FECE8759FEE3FB07D8BC04AEE86BC6C
:10EAD0007481A5489A9FEE3F8AE6551E321986BC7E
:10EAE000C9674256EB9FEE3FD3D4095ECB9C903C66
:10EAF0003F5DDE4F69A0EE3F1DA54DB9DC327BBC0A
:10EB00008701EB7314A1EE3F6BC06754FDEC943C9E
:10EB100032C13001EDA1EE3F556CD6ABE1EB653C67
:10EB2000624ECF36F3A2EE3F42CFB32FC5A188BCD1
:10EB3000121A3E5427A4EE3F34373BF1B66993BC1A
:10EB400013CE4C9989A5EE3F1EFF193A845E80BC16
:10EB5000ADC723461AA7EE3F6E5772D850D494BC67
:10EB6000ED92449BD9A8EE3F008A0E5B67AD903CC6
:10EB700099668AD9C7AAEE3FB4EAF0C12FB78D3C97
:10EB8000DBA02A42E5ACEE3FFFE7C59C60B665BC62
:10EB90008C44B51632AFEE3F445FF35983F67B3CAD
:10EBA00036771599AEB1EE3F833D1EA71F0993BC82
:10EBB000C6FF910B5BB4EE3F291E6C8BB8A95DBC00
:10EBC000E5C5CDB037B7EE3F59B9907CF9236CBCA1
:10EBD0000F52C8CB44BAEE3FAAF9F422434392BC89
:10EBE000504EDE9F82BDEE3F4B8E66D76CCA85BC11
:10EBF000BA07CA70F1C0EE3F27CE912BFCAF713C33
:10EC000090F0A38291C4EE3FBB730AE135D26D3C14
:10EC10002323E31963C8EE3F6322622204C587BC45
:10EC200065E55D7B66CCEE3FD531E2E3861C8B3C2F
:10EC3000332D4AEC9BD0EE3F15BBBCD3D1BB91BC6E
:10EC40005D253EB203D5EE3FD231EE9C31CC903CF7
:10EC500058B330139ED9EE3FB35A736E8469843C27
:10EC6000BFFD79556BDEEE3FB49D8E97CDDF82BC44
:10EC70007AF3D3BF6BE3EE3F8733CB92771A8C3CAA
:10EC8000ADD35A999FE8EE3FFAD9D14A8F7B90BC19
:10EC900066B68D2907EEEE3FBAAEDC56D9C355BC39
:10ECA000FB154FB8A2F3EE3F40F6A63D0EA490BC74
:10ECB0003A59E58D72F9EE3F3493AD38F4D668BC1D
:10ECC000475EFBF276FFEE3F358A586BE2EE91BC71
:10ECD0004A06A130B005EF3FCDDD5F0AD7FF743C97
:10ECE000D2C14B901E0CEF3FAC9892FAFBBD91BC89
:10ECF000091ED75BC212EF3FB30CAF30AE6E733C50
:10ED00009C5285DD9B19EF3F94FD9F5C32E38E3C66
:10ED10007AD0FF5FAB20EF3FAC5909D18FE0843C44
:10ED20004BD1572EF127EF3F671A4E38AFCD633CDA
:10ED3000B5E706946D2FEF3F6819926C2C6B673C1A
:10ED40006990EFDC2037EF3FD2B5CC83188A80BCC6
:10ED5000FAC35D550B3FEF3F6FFAFF3F5DAD8FBCD0
:10ED60007C89074A2D47EF3F49A97538AE0D90BC05
:10ED7000F2890D08874FEF3FA7073DA685A3743C96
:10ED800087A4FBDC1858EF3F0F2240209E9182BCE5
:10ED90009883C916E360EF3FAC92C1D5505A8E3CC0
:10EDA0008532DB03E669EF3F4B6B01AC593A843C9B
:10EDB00060B401F32173EF3F1F3EB40721D582BC3D
:10EDC0005F9B7B33977CEF3FC90D473BB92A89BCDA
:10EDD00029A1F5144686EF3FD3883A6004B6743C07
:10EDE000F63F8BE72E90EF3F71729D51ECC5833C4F
:10EDF000834CC7FB519AEF3FF091D38F12F78FBC32
:10EE0000DA90A4A2AFA4EF3F7D7423E298AE8DBC4C
:10EE1000F1678E2D48AFEF3F0820AA41BCC38E3C5E
:10EE2000275A61EE1BBAEF3F32EBA9C3942B843C07
:10EE300097BA6B372BC5EF3FEE85D131A9648A3C79
:10EE400040456E5B76D0EF3FEDE33BE4BA378EBCD6
:10EE500014BE9CADFDDBEF3F9DCD914D3B89773CD2
:10EE6000D8909E81C1E7EF3F89CC6041C105533CFA
:10EE7000F1718F2BC2F3EF3F0080E03779C341433C
:10EE8000176E05B5B5B89346F5F93FE9034F384D10
:10EE9000321D30F94877825A3CBF737FDD4F1575BC
:10EEA000000000000000F03F0000000000002440CF
:10EEB00000000000000059400000000000408F40AA
:10EEC000000000000088C34000000000006AF84015
:10EED0000000000080842E4100000000D012634139
:10EEE0000000000084D797410000000065CDCD41AF
:10EEF000000000205FA00242000000E87648374290
:10EF0000000000A2941A6D42000040E59C30A2422D
:10EF10000000901EC4BCD64200003426F56B0C43A2
:10EF20000080E03779C3414300A0D8855734764349
:10EF300000C84E676DC1AB43003D9160E458E143AA
:10EF4000408CB5781DAF154450EFE2D6E41A4B441F
:10EF500092D54D06CFF08044F64AE1C7022DB54464
:10EF6000B49DD9794378EA440038FAFE422EE63F50
:10EF70003067C79357F32E3D000000000000E0BF4C
:10EF8000605555555555E5BF060000000000E03FAF
:10EF90004E5559999999E93F7AA429555555E5BF98
:10EFA000E945489B5B49F2BFC33F268B2B00F03FEE
:10EFB0000000000000A0F63F00000000000000007C
:10EFC00000C8B9F2822CD6BF8056372824B4FA3C48
:10EFD000000000000080F63F00000000000000007C
:10EFE000000858BFBDD1D5BF20F7E0D808A51CBD8B
:10EFF000000000000060F63F00000000000000007C
:10F00000005845177776D5BF6D50B6D5A46223BD9D
:10F01000000000000040F63F00000000000000007B
:10F0200000F82D87AD1AD5BFD567B09EE484E6BC45
:10F03000000000000020F63F00000000000000007B
:10F04000007877955FBED4BFE03E2993691B04BD6D
:10F05000000000000000F63F00000000000000007B
:10F0600000601CC28B61D4BFCC844C482FD8133DA8
:10F070000000000000E0F53F00000000000000007C
:10F0800000A886863004D4BF3A0B82EDF342DC3C04
:10F090000000000000C0F53F00000000000000007C
:10F0A000004869554CA6D3BF60945186C6B1203D37
:10F0B0000000000000A0F53F00000000000000007C
:10F0C0000080989ADD47D3BF9280C5D44D59253D25
:10F0D000000000000080F53F00000000000000007C
:10F0E0000020E1BAE2E8D2BFD82BB7991E7B263DBB
:10F0F000000000000060F53F00000000000000007C
:10F100000088DE135A89D2BF3FB0CFB614CA153D6E
:10F11000000000000060F53F00000000000000005B
:10F120000088DE135A89D2BF3FB0CFB614CA153D4E
:10F13000000000000040F53F00000000000000005B
:10F140000078CFFB4129D2BF76DA5328245A16BD66
:10F15000000000000020F53F00000000000000005B
:10F16000009869C198C8D1BF0454E768BCAF1FBDFF
:10F17000000000000000F53F00000000000000005B
:10F1800000A8ABAB5C67D1BFF0A88233C61F1F3DA0
:10F190000000000000E0F43F00000000000000005C
:10F1A0000048AEF98B05D1BF665A05FDC4A826BD3F
:10F1B0000000000000C0F43F00000000000000005C
:10F1C000009073E224A3D0BF0E03F47EEE6B0CBD5F
:10F1D0000000000000A0F43F00000000000000005C
:10F1E00000D0B4942540D0BF7F2DF49EB836F0BC3B
:10F1F0000000000000A0F43F00000000000000003C
:10F2000000D0B4942540D0BF7F2DF49EB836F0BC1A
:10F21000000000000080F43F00000000000000003B
:10F2200000405E6D18B9CFBF873C99AB2A570D3DA2
:10F23000000000000060F43F00000000000000003B
:10F240000060DCCBADF0CEBF24AF869CB7262B3D53
:10F25000000000000040F43F00000000000000003B
:10F2600000F02A6E0727CEBF10FF3F544F2F17BD67
:10F27000000000000020F43F00000000000000003B
:10F2800000C04F6B215CCDBF1B68CABB91BA213D4A
:10F29000000000000000F43F00000000000000003B
:10F2A00000A09AC7F78FCCBF34849F684F79273D61
:10F2B000000000000000F43F00000000000000001B
:10F2C00000A09AC7F78FCCBF34849F684F79273D41
:10F2D0000000000000E0F33F00000000000000001C
:10F2E00000902D7486C2CBBF8FB78B31B04E193DC5
:10F2F0000000000000C0F33F00000000000000001C
:10F3000000C0804EC9F3CABF6690CD3F634EBA3C81
:10F310000000000000A0F33F00000000000000001B
:10F3200000B0E21FBC23CABFEAC146DC648C25BD25
:10F330000000000000A0F33F0000000000000000FB
:10F3400000B0E21FBC23CABFEAC146DC648C25BD05
:10F35000000000000080F33F0000000000000000FB
:10F360000050F49C5A52C9BFE3D4C104D9D12ABD7C
:10F37000000000000060F33F0000000000000000FB
:10F3800000D02065A07FC8BF09FADB7FBFBD2B3D41
:10F39000000000000040F33F0000000000000000FB
:10F3A00000E0100289ABC7BF584A537290DB2B3D77
:10F3B000000000000040F33F0000000000000000DB
:10F3C00000E0100289ABC7BF584A537290DB2B3D57
:10F3D000000000000020F33F0000000000000000DB
:10F3E00000D019E70FD6C6BF66E2B2A36AE410BD2B
:10F3F000000000000000F33F0000000000000000DB
:10F400000090A77030FFC5BF3950109F439E1EBDAE
:10F41000000000000000F33F0000000000000000BA
:10F420000090A77030FFC5BF3950109F439E1EBD8E
:10F430000000000000E0F23F0000000000000000BB
:10F4400000B0A1E3E526C5BF8F5B07908BDE20BD32
:10F450000000000000C0F23F0000000000000000BB
:10F460000080CB6C2B4DC4BF3C783561C10C173D7F
:10F470000000000000C0F23F00000000000000009B
:10F480000080CB6C2B4DC4BF3C783561C10C173D5F
:10F490000000000000A0F23F00000000000000009B
:10F4A00000901E20FC71C3BF3A54274D8678F13C72
:10F4B000000000000080F23F00000000000000009B
:10F4C00000F01FF85295C2BF08C47117308D24BDDB
:10F4D000000000000060F23F00000000000000009B
:10F4E00000602FD52AB7C1BF96A31118A4802EBDE6
:10F4F000000000000060F23F00000000000000007B
:10F5000000602FD52AB7C1BF96A31118A4802EBDC5
:10F51000000000000040F23F00000000000000007A
:10F520000090D07C7ED7C0BFF45BE88896690A3D26
:10F53000000000000040F23F00000000000000005A
:10F540000090D07C7ED7C0BFF45BE88896690A3D06
:10F55000000000000020F23F00000000000000005A
:10F5600000E0DB3191ECBFBFF233A35C547525BDE5
:10F57000000000000000F23F00000000000000005A
:10F5800000002B6E0727BEBF3C00F02A2C342A3D1A
:10F59000000000000000F23F00000000000000003A
:10F5A00000002B6E0727BEBF3C00F02A2C342A3DFA
:10F5B0000000000000E0F13F00000000000000003B
:10F5C00000C05B8F545EBCBF06BE5F58570C1DBDAC
:10F5D0000000000000C0F13F00000000000000003B
:10F5E00000E04A3A6D92BABFC8AA5BE83539253DBA
:10F5F0000000000000C0F13F00000000000000001B
:10F6000000E04A3A6D92BABFC8AA5BE83539253D99
:10F610000000000000A0F13F00000000000000001A
:10F6200000A031D645C3B8BF68562F4D297C133D85
:10F630000000000000A0F13F0000000000000000FA
:10F6400000A031D645C3B8BF68562F4D297C133D65
:10F65000000000000080F13F0000000000000000FA
:10F660000060E58AD2F0B6BFDA7333C9379726BD9A
:10F67000000000000060F13F0000000000000000FA
:10F680000020063F071BB5BF575EC6615B021F3DEA
:10F69000000000000060F13F0000000000000000DA
:10F6A0000020063F071BB5BF575EC6615B021F3DCA
:10F6B000000000000040F13F0000000000000000DA
:10F6C00000E01B96D741B3BFDF13F9CCDA5E2C3DC7
:10F6D000000000000040F13F0000000000000000BA
:10F6E00000E01B96D741B3BFDF13F9CCDA5E2C3DA7
:10F6F000000000000020F13F0000000000000000BA
:10F700000080A3EE3665B1BF09A38F765E7C143D01
:10F71000000000000000F13F0000000000000000B9
:10F72000008011C0300AAFBF918E36839E592D3DA7
:10F73000000000000000F13F000000000000000099
:10F74000008011C0300AAFBF918E36839E592D3D87
:10F750000000000000E0F03F00000000000000009A
:10F7600000801971DD42ABBF4C70D6E57A821C3D3A
:10F770000000000000E0F03F00000000000000007A
:10F7800000801971DD42ABBF4C70D6E57A821C3D1A
:10F790000000000000C0F03F00000000000000007A
:10F7A00000C032F65874A7BFEEA1F23446FC2CBD5F
:10F7B0000000000000C0F03F00000000000000005A
:10F7C00000C032F65874A7BFEEA1F23446FC2CBD3F
:10F7D0000000000000A0F03F00000000000000005A
:10F7E00000C0FEB9879EA3BFAAFE26F5B702F53C6E
:10F7F0000000000000A0F03F00000000000000003A
:10F8000000C0FEB9879EA3BFAAFE26F5B702F53C4D
:10F81000000000000080F03F000000000000000039
:10F820000000780E9B829FBFE4097E7C268029BD64
:10F83000000000000080F03F000000000000000019
:10F840000000780E9B829FBFE4097E7C268029BD44
:10F85000000000000060F03F000000000000000019
:10F860000080D5071BB997BF39A6FA93548D28BDE0
:10F87000000000000040F03F000000000000000019
:10F880000000FCB0A8C08FBF9CA6D3F67C1EDFBCD6
:10F89000000000000040F03F0000000000000000F9
:10F8A0000000FCB0A8C08FBF9CA6D3F67C1EDFBCB6
:10F8B000000000000020F03F0000000000000000F9
:10F8C0000000106B2AE07FBFE440DA0D3FE219BD73
:10F8D000000000000020F03F0000000000000000D9
:10F8E0000000106B2AE07FBFE440DA0D3FE219BD53
:10F8F000000000000000F03F0000000000000000D9
:10F9000000000000000000000000000000000000F7
:10F91000000000000000F03F0000000000000000B8
:10F9200000000000000000000000000000000000D7
:10F930000000000000C0EF3F0000000000000000D9
:10F94000000089751510803FE82B9D996BC710BD8D
:10F95000000000000080EF3F0000000000000000F9
:10F96000008093585620903FD2F7E2065BDC23BD1F
:10F97000000000000040EF3F000000000000000019
:10F980000000C9282549983F340C5A32BAA02ABD34
:10F99000000000000000EF3F000000000000000039
:10F9A0000040E7895D41A03F53D7F15CC011013DA4
:10F9B0000000000000C0EE3F00000000000000005A
:10F9C00000002ED4AE66A43F28FDBD7573162CBD75
:10F9D000000000000080EE3F00000000000000007A
:10F9E00000C09F14AA94A83F7D265AD0957919BDCE
:10F9F000000000000040EE3F00000000000000009A
:10FA000000C0DDCD73CBAC3F0728D847F2681ABDE4
:10FA1000000000000020EE3F000000000000000099
:10FA200000C006C031EAAE3F7B3BC94F3E110EBD60
:10FA30000000000000E0ED3F0000000000000000BA
:10FA4000006046D13B97B13F9B9E0D565D3225BD70
:10FA50000000000000A0ED3F0000000000000000DA
:10FA600000E0D1A7F5BDB33FD74EDBA55EC82C3D66
:10FA7000000000000060ED3F0000000000000000FA
:10FA800000A0974D5AE9B53F1E1D5D3C06692CBD8F
:10FA9000000000000040ED3F0000000000000000FA
:10FAA00000C0EA0AD300B73F32ED9DA98D1EEC3CA1
:10FAB000000000000000ED3F00000000000000001A
:10FAC0000040595D5E33B93FDA47BD3A5C11233DD2
:10FAD0000000000000C0EC3F00000000000000003B
:10FAE0000060AD8DC86ABB3FE568F72B809013BD01
:10FAF0000000000000A0EC3F00000000000000003B
:10FB00000040BC015888BC3FD3AC5AC6D146263D04
:10FB1000000000000060EC3F00000000000000005A
:10FB200000200A8339C7BE3FE045E6AF68C02DBD5F
:10FB3000000000000040EC3F00000000000000005A
:10FB400000E0DB3991E8BF3FFD0AA14FD63425BD67
:10FB5000000000000000EC3F00000000000000007A
:10FB600000E027828E17C13FF2072DCE78EF213DAE
:10FB70000000000000E0EB3F00000000000000007B
:10FB800000F0237E2BAAC13F349938448EA72C3D28
:10FB90000000000000A0EB3F00000000000000009B
:10FBA0000080860C61D1C23FA1B481CB6C9D033D26
:10FBB000000000000080EB3F00000000000000009B
:10FBC000009015B0FC65C33F89724B23A82FC63C3B
:10FBD000000000000040EB3F0000000000000000BB
:10FBE00000B033833D91C43F78B6FD547983253D01
:10FBF000000000000020EB3F0000000000000000BB
:10FC000000B0A1E4E527C53FC77D69E5E833263D9F
:10FC10000000000000E0EA3F0000000000000000DB
:10FC200000108CBE4E57C63F782E3C2C8BCF193D12
:10FC30000000000000C0EA3F0000000000000000DB
:10FC40000070758B12F0C63FE1219CE58D1125BD3A
:10FC50000000000000A0EA3F0000000000000000DB
:10FC6000005044858D89C73F0543917010661CBDC7
:10FC7000000000000060EA3F0000000000000000FB
:10FC8000000039EBAFBEC83FD12CE9AA543D07BDF7
:10FC9000000000000040EA3F0000000000000000FB
:10FCA0000000F7DC5A5AC93F6FFFA05828F2073D01
:10FCB000000000000000EA3F00000000000000001B
:10FCC00000E08A3CED93CA3F69215650437228BD3B
:10FCD0000000000000E0E93F00000000000000001C
:10FCE00000D05B57D831CB3FAAE1AC4E8D350CBD6F
:10FCF0000000000000C0E93F00000000000000001C
:10FD000000E03B3887D0CB3FB6125459C44B2DBDD1
:10FD10000000000000A0E93F00000000000000001B
:10FD20000010F0C6FB6FCC3FD22B96C572ECF1BC35
:10FD3000000000000060E93F00000000000000003B
:10FD40000090D4B03DB1CD3F35B015F72AFF2ABDA4
:10FD5000000000000040E93F00000000000000003B
:10FD60000010E7FF0E53CE3F30F441602712C23C33
:10FD7000000000000020E93F00000000000000003B
:10FD80000000DDE4ADF5CE3F118EBB651521CABC88
:10FD9000000000000000E93F00000000000000003B
:10FDA00000B0B36C1C99CF3F30DF0CCAECCB1B3DCD
:10FDB0000000000000C0E83F00000000000000005C
:10FDC00000584D603871D03F914EED16DB9CF83CE9
:10FDD0000000000000A0E83F00000000000000005C
:10FDE000006061672DC4D03FE9EA3C168B18273DBF
:10FDF000000000000080E83F00000000000000005C
:10FE000000E827828E17D13F1CF0A5630E212CBD80
:10FE1000000000000060E83F00000000000000005B
:10FE200000F8ACCB5C6BD13F8116A5F7CD9A2B3D8A
:10FE3000000000000040E83F00000000000000005B
:10FE400000685A6399BFD13FB7BD4751EDA62C3D1D
:10FE5000000000000020E83F00000000000000005B
:10FE600000B80E6D4514D23FEABA46BADE870A3DA5
:10FE70000000000000E0E73F00000000000000007C
:10FE80000090DC7CF0BED23FF404504AFA9C2A3D3C
:10FE90000000000000C0E73F00000000000000007C
:10FEA0000060D3E1F114D33FB83C21D37AE228BDFE
:10FEB0000000000000A0E73F00000000000000007C
:10FEC0000010BE76676BD33FC877F1B0CD6E113DA1
:10FED000000000000080E73F00000000000000007C
:10FEE0000030337752C2D33F5CBD06B6543B183D59
:10FEF000000000000060E73F00000000000000007C
:10FF000000E8D523B419D43F9DE090EC36E4083DD9
:10FF1000000000000040E73F00000000000000007B
:10FF200000C871C28D71D43F75D66709CE272FBD29
:10FF3000000000000020E73F00000000000000007B
:10FF40000030179EE0C9D43FA4D80A1B89202EBDDB
:10FF5000000000000000E73F00000000000000007B
:10FF600000A03807AE22D53F59C7648170BE2E3D30
:10FF70000000000000E0E63F00000000000000007C
:10FF800000D0C853F77BD53FEF405DEEEDAD1F3D90
:10FF90000000000000C0E63F00000000000000007C
:10FFA000006059DFBDD5D53FDC65A4082A0B0ABD2A
:10FFB0004FBB610567ACDD3F182D4454FB21E93F81
:10FFC0009BF681D20B73EF3F182D4454FB21F93F70
:10FFD000E2652F227F2B7A3C075C143326A6813CF6
:10FFE000BDCBF07A8807703C075C143326A6913CA1
:10FFF000BC89D897B2D29C3C33A7A8D523F64939FF
:02000004600397
:100000003DA7F444FD0FA5329D978CCF08BA5B2520
:10001000436FAC6428066811000000000000000077
:1000200000000000000000000000000000000000D0
:100030000000000000000000D0070000D007000012
:10004000B80B0000B80B0000D0070000D00700007C
:10005000B80B0000B80B0000000000000100000019
:10006000030000000200000000000000D0070000B4
:10007000D0070000B80B0000B80B00002566230075
:10008000252E38662C252E38662C252E38662C25F4
:100090002E3866230000000025642C256423000010
:1000A00025752300256C752300000000256C662350
:1000B00000000000256C642300000000256C64250E
:1000C00025230000792300006E23000030313233F5
:1000D0003435363738396162636465660000000084
:1000E000253032642A253032643A253032640000EB
:1000F0002B253032642A253032643A2530326400B0
:100100002573253032643A253032643A2530326422
:10011000000000003A41302C332300003A412A2CE1
:10012000332300002A3031323334353637383950F2
:100130004357414200000000450000002B2D000005
:10014000414D5500414344004153555100000000CA
:100150002B2D674750517353242100004F6F49697D
:100160003A30313233343536373863436D725700A5
:10017000783F7E4D564161007473000041614363D6
:10018000446465666747684C4D4E4F506D6E6F52C4
:10019000725354745658575A000000004262434646
:1001A0004F5051525300000065776E736700000096
:1001B00050534155463F6100313240002365776E10
:1001C0007300000047434D53303132333400000098
:1001D0002161424365646747684C6D4D6E4E6F4FB9
:1001E00072745455587A0000522B2D54534C5100C0
:1001F00065643031320000003031323300000000DD
:100200003F000000580000004D6F756E742025649B
:10021000000000003A414523000000003A4341231A
:10022000000000003A434D23000000003A435323EE
:10023000000000003A435523000000003A44230028
:100240003A454423000000003A46412300000000E4
:100250003A465623000000003A46612300000000A1
:100260003A467E23000000003A47282300000000A1
:100270003A472923000000003A47412300000000CC
:100280003A474323000000003A474423000000009F
:100290003A47444C230000003A474723000000003F
:1002A0003A474C23000000003A474D23000000006D
:1002B0003A474E23000000003A474F230000000059
:1002C0003A475223000000003A47524C23000000F6
:1002D0003A475323000000003A47534C23000000E4
:1002E0003A475423000000003A47564223000000DA
:1002F0003A475644230000003A47564E2300000078
:100300003A475650230000003A4756542300000055
:100310003A475662230000003A4757230000000086
:100320003A475841302300003A47584131230000F2
:100330003A475841322300003A47584133230000DE
:100340003A475841342300003A47584135230000CA
:100350003A475841362300003A47584137230000B6
:100360003A475841382300003A4758415323000088
:100370003A475841612300003A475841772300002B
:100380003A4758417A2300003A4758435323000024
:100390003A475844503023003A47584450312300DC
:1003A0003A475844503223003A47584450332300C8
:1003B0003A475844503423003A47584450352300B4
:1003C0003A475844503623003A47584450372300A0
:1003D0003A475844523123003A4758445232230096
:1003E0003A475844523323003A4758445234230082
:1003F0003A475844523523003A475844523623006E
:100400003A475844572300003A475844573123008D
:100410003A475845302300003A47584531230000F9
:100420003A475845322300003A47584541230000D7
:100430003A475845442300003A4758454F230000A7
:100440003A475845504423003A47584550522300F4
:100450003A475845522300003A4758455A2300006E
:100460003A475845724423003A4758457252230090
:100470003A47584C452300003A47584C482300005F
:100480003A47584C4F2300003A47584C532300003A
:100490003A47584C552300003A47584C5723000020
:1004A0003A47584D424423003A47584D42522300A0
:1004B0003A47584D434423003A47584D435223008E
:1004C0003A47584D474423003A47584D4752230076
:1004D0003A47584D494423003A47584D4952230062
:1004E0003A47584D4C4423003A47584D4C5223004C
:1004F0003A47584D4D4423003A47584D4D5223003A
:100500003A47584D524423003A47584D525223001F
:100510003A47584D534423003A47584D535223000D
:100520003A47584D634423003A47584D63522300DD
:100530003A47584D6D4423003A47584D6D522300B9
:100540003A47584F412300003A47584F4223000092
:100550003A47584F432300003A47584F4923000079
:100560003A47584F532300003A4758503123000070
:100570003A475850322300003A475850332300007E
:100580003A475850342300003A475852412300005C
:100590003A475852422300003A4758524423000039
:1005A0003A475852582300003A47585265230000F2
:1005B0003A475852662300003A47585272230000C7
:1005C0003A475852642300003A47585430230000F9
:1005D0003A475854312300003A4758543223000018
:1005E0003A475854332300003A47586C58230000C8
:1005F0003A475872672300003A4758727023000048
:100600003A475872742300003A475A23000000000A
:100610003A476123000000003A47632300000000CE
:100620003A476423000000003A47644C230000006E
:100630003A476523000000003A47662300000000A7
:100640003A476723000000003A4768230000000093
:100650003A476D23000000003A476E230000000077
:100660003A476F23000000003A4772230000000061
:100670003A47724C230000003A4774230000000000
:100680003A573F23000000004E2F41230000000096
:1006900025642C252B3036642C252B303664230022
:1006A00025640000253032642F253032642F253038
:1006B000326423002530382E35662300252B303850
:1006C0002E35662300000000252B30346423000003
:1006D000252B30352E31662300000000252B3032CB
:1006E000642A230053697465202564003F230000B9
:1006F00025732300253032642A230000252B30384F
:100700002E366623000000004F6374202034203210
:1007100030323600312E362E390000005465656EB9
:10072000417374726F000000556E69766572736173
:100730006C00000030303A30303A303000000000B9
:100740002564230050000000470000004C0000001A
:10075000540000004E00000048000000310000007E
:10076000616C69676E000000706F696E7420310003
:1007700025732009205B25662C2025665D0000007E
:10078000706F696E742032006572726F72000000C3
:10079000417A696D757468205074333A2000000006
:1007A0000019000049EB01000000000074C00F4078
:1007B000C0000000000000000200000050851F4043
:1007C00001000000FF000000FF000000000000002A
:1007D00000000000010000000200000054851F40DE
:1007E00001000000FF000000FF000000000000000A
:1007F00000000000FF004000260018007C00000000
:100800004142434445464748494A4B4C4D4E4F5060
:100810005152535455565758595A6162636465662C
:100820006768696A6B6C6D6E6F70717273747576E0
:100830007778797A303132333435363738392B2F6F
:10084000000000001F1C1F1E1F1E1F1F1E1F1E1F3B
:100850003A463F23000000004750524D430000003D
:10086000474E524D430000004750474741000000AB
:10087000474E4747410000006E616E00696E66009A
:100880006F7666006DEB010071EB010075EB010006
:1008900079EB01006CC00F40C0000000504F000019
:1008A00031B301000C000000130000000000000044
:1008B00024851F400B000000130000000000000012
:1008C00028851F400D0000001300000000000000FC
:1008D00020851F400A0000001300000001000000F6
:1008E0001C851F4064634141200000006463414156
:1008F00074000000646348442000000064634844BE
:1009000074000000696E7600746573740000000066
:1009100054696E760000000075000000760000004B
:1009200064696167000000006463484400000000DF
:10093000646341410000000000000000000000006E
:1009400011C2010005C10100F9BC010089BD01000F
:1009500015BE010081BC010059BD01005DBC010054
:1009600041BD01001DBD0100A1BD0100BDBC0100D4
:1009700071BD01000000000000000000C1ED010099
:10098000910E02008D0E0200890E0200451D00002E
:10099000411D0000850E0200810E020000000000D3
:1009A00000000000F9E9010049EE010015E3010033
:1009B0006DE4010035E30100D9E301005DE30100CE
:1009C000F1E4010089E4010011E30100D5730100A5
:1009D000D9730100E1730100E9730100D8399D2743
:1009E0000054EA2A00A4781F007B9A172C20667511
:1009F0006E6374696F6E3A20000000006173736566
:100A00007274696F6E2022257322206661696C659D
:100A1000643A2066696C6520222573222C206C695B
:100A20006E65202564257325730A000042616C6C95
:100A30006F6320737563636565646564000000001F
:100A40002F646174612F6A656E6B696E732F776FA7
:100A5000726B73706163652F474E552D746F6F6CA9
:100A6000636861696E2F61726D2D31312F7372630E
:100A70002F6E65776C69622D63796777696E2F6E6B
:100A800065776C69622F6C6962632F7374646C693B
:100A9000622F6764746F612D6765746865782E6373
:100AA0000000000000000000000000000000000046
:100AB0000000000000000000000000000000000036
:100AC0000000000000000000000000000000000026
:100AD0000000000010111213141516171819000049
:100AE00000000000001A1B1C1D1E1F00000000005B
:100AF00000000000000000000000000000000000F6
:100B000000000000001A1B1C1D1E1F00000000003A
:100B100000000000000000000000000000000000D5
:100B200000000000000000000000000000000000C5
:100B300000000000000000000000000000000000B5
:100B400000000000000000000000000000000000A5
:100B50000000000000000000000000000000000095
:100B60000000000000000000000000000000000085
:100B70000000000000000000000000000000000075
:100B80000000000000000000000000000000000065
:100B90000000000000000000000000000000000055
:100BA000000000002F646174612F6A656E6B696ECE
:100BB000732F776F726B73706163652F474E552D7E
:100BC000746F6F6C636861696E2F61726D2D313166
:100BD0002F7372632F6E65776C69622D6379677707
:100BE000696E2F6E65776C69622F6C6962632F7313
:100BF00074646C69622F6D707265632E630000000F
:100C000000202020202020202020282828282820DC
:100C100020202020202020202020202020202020D4
:100C2000208810101010101010101010101010103C
:100C3000100404040404040404040410101010102C
:100C400010104141414141410101010101010101F6
:100C50000101010101010101010101011010101048
:100C600010104242424242420202020202020202C8
:100C7000020202020202020202020202101010101C
:100C80002000000000000000000000000000000044
:100C90000000000000000000000000000000000054
:100CA0000000000000000000000000000000000044
:100CB0000000000000000000000000000000000034
:100CC0000000000000000000000000000000000024
:100CD0000000000000000000000000000000000014
:100CE0000000000000000000000000000000000004
:100CF00000000000000000000000000000000000F4
:100D000000000000496E66696E6974790000000099
:100D10004E614E002F646174612F6A656E6B696E5F
:100D2000732F776F726B73706163652F474E552D0C
:100D3000746F6F6C636861696E2F61726D2D3131F4
:100D40002F7372632F6E65776C69622D6379677795
:100D5000696E2F6E65776C69622F6C6962632F73A1
:100D600074646C69622F64746F612E63000000000C
:100D70002E0000006E660000696E69747900000044
:100D8000616E0000494E46004E414E003031323314
:100D90003435363738394142434445460000000077
:100DA000286E756C6C290000202020202020202037
:100DB0002020202020202020202020202020202033
:100DC000202020202020202000000042C8801F403A
:100DD000B8821F400800000000000042C4801F408D
:100DE000B4821F400400000000C0004224801F4065
:100DF00014821F401000000000C0004228801F40E5
:100E000018821F402000000000C000422C801F40BC
:100E10001C821F404000000000C0004234801F4080
:100E200024821F40000100000040004264811F40F6
:100E300054831F40000400000040004280811F4096
:100E400070831F4000000200004000427C811F4070
:100E50006C831F40000001000040004268811F4079
:100E600058831F4000080000004000423C811F40A2
:100E70002C831F40010000000040004244811F40BD
:100E800034831F40040000000040004240811F40A6
:100E900030831F40020000000040004248811F4094
:100EA00038831F40080000000000004204811F40FA
:100EB000F4821F40000004000000004208811F402F
:100EC000F8821F40000008000000004218811F4007
:100ED00008831F40000080000000004214811F4072
:100EE00004831F40000040000000004200811F40BA
:100EF000F0821F400000020000000042FC801F4002
:100F0000EC821F40000001000000004224811F40CD
:100F100014831F40000000040000004228811F408D
:100F200018831F4000000008000000421C811F4081
:100F30000C831F40000000010000004220811F4080
:100F400010831F400000000200000042EC801F40A0
:100F5000DC821F400010000000000042F0801F40B3
:100F6000E0821F40002000000000004234811F404A
:100F700024831F40000000400000004238811F40D1
:100F800028831F40000000800080004294801F40A2
:100F900084821F400000040000C0004290801F4077
:100FA00080821F400000008000800042A8801F4017
:100FB00098821F400000800000800042A4801F40F3
:100FC00094821F4000004000004000426C811F409E
:100FD0005C831F400010000000C0004230801F40B2
:100FE00020821F408000000000800042C8811F4016
:100FF000B8831F400080000000800042C4811F4071
:10100000B4831F400040000000800042C0811F40A8
:10101000B0831F400020000000800042BC811F40C0
:10102000AC831F400010000000800042D0811F40B0
:10103000C0831F400000020000800042CC811F409E
:10104000BC831F400000010030000000350000009C
:10105000CEFBFFFFCB0300000100000000000000FA
:1010600034000000CEFBFFFFCB03000001000000B6
:101070000000000002000000030000000400000067
:1010800006000000FB21F93FFB2109407CD91240FA
:10109000FB2119407A6A1F407CD92240BBFD2540C4
:1010A000FB2129403A462C407A6A2F405C47314068
:1010B0007CD932409C6B3440BBFD3540DB8F3740E0
:1010C000FB2139401BB43A403A463C405AD83D4097
:1010D0007A6A3F404C7E40405C4741406C10424041
:1010E0007CD942408CA243409C6B4440AC34454088
:1010F000BBFD4540CBC64640DB8F4740EB584840E0
:10110000FB21494005000000190000007D0000009F
:101110000101000401000004013201010132020159
:101120000110010101110101011201020103020676
:101130000103010601120202020000010202000185
:10114000020100010210000102220001022300013D
:101150000000000000000000022100010220000148
:101160000000000000000000013001010131010118
:101170000102000401030004000000000000000060
:101180000121020101210101000000000000000016
:101190000000000001100201010102010101010132
:1011A000010002010100010101020201010201012D
:1011B0004C435F434F4C4C41544500004C435F430C
:1011C00054595045000000004C435F4D4F4E45546C
:1011D000415259004C435F4E554D45524943000022
:1011E0004C435F54494D45004C435F4D455353417B
:1011F0004745530083F9A200444E6E00FC291500B8
:10120000D1572700DD34F50062DBC0003C99950022
:10121000419043006351FE00BBDEAB00B761C500E7
:101220003A6E2400D24D42004906E00009EA2E0041
:101230001C92D100EB1DFE0029B11C00E83EA70066
:10124000F535820044BB2E009CE98400B426700072
:10125000417E5F00D6913900538339009CF43900F8
:101260008B5F840028F9BD00F81F3B00DEFF97006C
:101270000F980500112FEF000A5A8B006D1F6D00AB
:10128000CF7E360009CB2700464FB7009E663F0051
:101290002DEA5F00BA277500E5EBC7003D7BF10042
:1012A000F739070092528A00FB6BEA001FB15F001A
:1012B000085D8D00300356007BFC4600F0AB6B00F0
:1012C00020BCCF0036F49A00E3A91D005E619100B6
:1012D000081BE60085996500A0145F008D4068003A
:1012E00080D8FF0027734D0006063100CA5615004E
:1012F000C9A873007BE260006B8CC0000001000095
:101300004C3A00201200000000060000581D00604A
:101310000A00000000020000F41C006062000000EF
:1013200000070000901C006062000000EE03000057
:10133000883C002012000000000004EE603C002009
:1013400028000000000300008C1C0060000000006A
:1013500001030904741C006000000000020309047A
:101360005C1C006000000000030309049C3C00209A
:10137000000000000000000000000000000000006D
:10138000303030303030303030303030303030305D
:10139000303030303030303030303030303030304D
:1013A00000000000CC560020345700209C5700203D
:1013B000000000000000000000000000000000002D
:1013C000000000000000000000000000000000001D
:1013D000000000000000000000000000000000000D
:1013E00000000000000000000000000000000000FD
:1013F00000000000000000000000000000000000ED
:1014000000000000000000000000000000000000DC
:1014100000000000000000000000000000000000CC
:1014200000000000000000000000000000000000BC
:1014300000000000000000000100000000000000AB
:101440000E33CDAB34126DE6ECDE05000B00000070
:10145000000000000000000000000000000000008C
:10146000000000000000000000000000000000007C
:10147000000000000000000000000000000000006C
:10148000000000000000000000000000000000005C
:10149000000000000000000000000000000000004C
:1014A000000000000000000000000000000000003C
:1014B000000000000000000000000000000000002C
:1014C0000029DE07007B9A1700003A40A42500207F
:1014D000000000000000000000000000000000000C
:1014E00000000000000000000000000000000000FC
:1014F00000000000000000000000000000000000EC
:1015000000000000000000000000000000000000DB
:1015100000000000000000008C26002000000000F9
:10152000E803000000000000B426002000000000D6
:10153000E80300000000000000801940B0240020F3
:101540000000000064530020A452002000000000AE
:1015500000000000400000004000000040000000CB
:10156000400000000000000000000000000000003B
:10157000000000000000000000000000000000006B
:101580000000000000000000B42600200000000061
:10159000E80300000000000000001940BC330020F8
:1015A00000000000A4530020E452002000000000CE
:1015B000000000002800000040000000280000009B
:1015C00040000000000000000000000000000000DB
:1015D000000000000000000000000000000000000B
:1015E0000000000000000000B42600200000000001
:1015F000E803000000000000008018405C33002079
:1016000000000000CC530020245300200000000004
:10161000000000002800000040000000280000003A
:10162000400000000000000000000000000000007A
:1016300000000000000000000000000000000000AA
:1016400000000000000000002C0100000215000056
:1016500061EB01000000000068C00F400000003096
:101660000F000000020000002C851F400100000058
:10167000FF000000FF00000000000000000000006C
:101680000E0000000200000030851F400100000035
:10169000FF000000FF00000000000000000000004C
:1016A0001302400026001800780000000117000017
:1016B00055EB0100000000006CC00F40000000036B
:1016C000070000000200000040851F4002000000EB
:1016D000FF000000FF00000000000000000000000C
:1016E000080000000200000044851F4002000000C6
:1016F000FF000000FF0000000000000000000000EC
:10170000FF004000260018007A00000000000000E2
:1017100080000000000000008000000000000000C9
:1017200080000000FFFFFFFF80841E00AC4F002000
:1017300030500020385100209850002064000000F4
:10174000680000006A0000006B00000070000000EC
:101750006D0000006C0000006E00000071000000D1
:101760008200000086000000EC4F00205050002056
:10177000C0510020E85000207200000076000000F8
:1017800078000000790000007E0000007B0000006F
:101790007A0000007C0000007F000000870000004D
:1017A0008B0000008C5600208030202000000000BC
:1017B00043000000000000000000000000000000E6
:1017C0000000000000000000000000000000000019
:1017D00043000000000000000000000000000000C6
:1017E00000000000000000000000000000000000F9
:1017F00043000000000000000000000000000000A6
:1018000000000000000000000000000000000000D8
:101810004300000000000000000000000000000085
:1018200000000000000000000000000000000000B8
:101830004300000000000000000000000000000065
:101840000000000000000000000000000000000098
:101850004300000000000000000000000000000045
:101860000000000000000000000000000000000078
:101870004300000000000000000000000000000025
:101880000000000000000000000000000000000058
:10189000D1790200316F0200000000001029002001
:1018A000802A002008270020082700200827002081
:1018B00008270020082700200827002008270020EC
:1018C0000827002008270020FFFFFFFFFFFFFFFF82
:1018D000FFFFFFFFFFFF00000100415343494900A4
:1018E00000000000000000000000000000000000F8
:1018F000000000000000000000004153434949007F
:1019000000000000000000000000000000000000D7
:1019100000000000000000000000000000000000C7
:10192000000000002C3600202C3600203436002029
:10193000343600203C3600203C360020443600205F
:10194000443600204C3600204C360020543600200F
:10195000543600205C3600205C36002064360020BF
:10196000643600206C3600206C360020743600206F
:10197000743600207C3600207C360020843600201F
:10198000843600208C3600208C36002094360020CF
:10199000943600209C3600209C360020A43600207F
:1019A000A4360020AC360020AC360020B43600202F
:1019B000B4360020BC360020BC360020C4360020DF
:1019C000C4360020CC360020CC360020D43600208F
:1019D000D4360020DC360020DC360020E43600203F
:1019E000E4360020EC360020EC360020F4360020EF
:1019F000F4360020FC360020FC360020043700209E
:101A0000043700200C3700200C370020143700204A
:101A1000143700201C3700201C37002024370020FA
:101A2000243700202C3700202C37002034370020AA
:101A3000343700203C3700203C370020443700205A
:101A4000443700204C3700204C370020543700200A
:101A5000543700205C3700205C37002064370020BA
:101A6000643700206C3700206C370020743700206A
:101A7000743700207C3700207C370020843700201A
:101A8000843700208C3700208C37002094370020CA
:101A9000943700209C3700209C370020A43700207A
:101AA000A4370020AC370020AC370020B43700202A
:101AB000B4370020BC370020BC370020C4370020DA
:101AC000C4370020CC370020CC370020D43700208A
:101AD000D4370020DC370020DC370020E43700203A
:101AE000E4370020EC370020EC370020F4370020EA
:101AF000F4370020FC370020FC3700200438002099
:101B0000043800200C3800200C3800201438002045
:101B1000143800201C3800201C38002024380020F5
:101B2000243800202C3800202C38002034380020A5
:101B3000343800203C3800203C3800204438002055
:101B4000443800204C3800204C3800205438002005
:101B5000543800205C3800205C38002064380020B5
:101B6000643800206C3800206C3800207438002065
:101B7000743800207C3800207C3800208438002015
:101B8000843800208C3800208C38002094380020C5
:101B9000943800209C3800209C380020A438002075
:101BA000A4380020AC380020AC380020B438002025
:101BB000B4380020BC380020BC380020C4380020D5
:101BC000C4380020CC380020CC380020D438002085
:101BD000D4380020DC380020DC380020E438002035
:101BE000E4380020EC380020EC380020F4380020E5
:101BF000F4380020FC380020FC3800200439002094
:101C0000043900200C3900200C3900201439002040
:101C1000143900201C3900201C39002024390020F0
:101C2000243900202C3900202C39002034390020A0
:101C3000343900203C3900203C3900204439002050
:101C4000443900204C3900204C3900205439002000
:101C5000543900205C3900205C39002064390020B0
:101C6000643900206C3900206C3900207439002060
:101C7000743900207C3900207C3900208439002010
:101C8000843900208C3900208C39002094390020C0
:101C9000943900209C3900209C390020A439002070
:101CA000A4390020AC390020AC390020B439002020
:101CB000B4390020BC390020BC390020C4390020D0
:101CC000C4390020CC390020CC390020D439002080
:101CD000D4390020DC390020DC390020E439002030
:101CE000E4390020EC390020EC390020F4390020E0
:101CF000F4390020FC390020FC390020043A00208F
:101D0000043A00200C3A00200C3A0020143A00203B
:101D1000143A00201C3A00201C3A0020243A0020EB
:101D2000243A0020FFFFFFFF000002000000000037
:101D300003000000CC560020B03000201201000249
:101D4000EF020140C0168304790201020301000082
:101D500059F9010059F9010059F9010059F9010037
:101D600059F9010059F9010059F9010059F9010027
:101D700059F9010059F9010059F9010059F9010017
:101D800059F9010059F9010059F9010059F9010007
:101D900059F9010059F9010059F9010059F90100F7
:101DA00059F9010059F9010059F9010059F90100E7
:101DB00059F9010059F9010059F9010059F90100D7
:101DC00059F9010059F9010059F9010059F90100C7
:101DD00059F9010059F9010059F9010059F90100B7
:101DE00059F9010059F9010059F9010059F90100A7
:101DF00059F9010059F9010059F9010059F9010097
:101E000059F9010059F9010059F9010059F9010086
:101E100059F9010059F9010059F9010059F9010076
:101E200059F9010059F9010059F9010059F9010066
:101E300059F9010059F9010059F9010059F9010056
:101E400059F9010059F9010059F9010059F9010046
:101E500059F9010059F9010059F9010059F9010036
:101E600059F9010059F9010059F9010059F9010026
:101E700059F9010059F9010059F9010059F9010016
:101E800059F9010059F9010059F9010059F9010006
:101E900059F9010059F9010059F9010059F90100F6
:101EA00059F9010059F9010059F9010059F90100E6
:101EB00059F9010059F9010059F9010059F90100D6
:101EC00059F9010059F9010059F9010059F90100C6
:101ED00059F9010059F9010059F9010059F90100B6
:101EE00059F9010059F9010059F9010059F90100A6
:101EF00059F9010059F9010059F9010059F9010096
:101F000059F9010059F9010059F9010059F9010085
:101F100059F9010059F9010059F9010059F9010075
:101F200059F9010059F9010059F9010059F9010065
:101F300059F9010059F9010059F9010059F9010055
:101F400059F9010059F9010059F9010059F9010045
:101F50002800000000010400010000000000000053
:101F6000020157494E555342000000000000000096
:101F7000000000000000000012034D005300460066
:101F80005400310030003000F80000000C03000065
:101F90000000000000000000000000000000000041
:101FA0000000010108000000000000000000000027
:101FB0000000000000000000000000000000000021
:101FC0000000000000000000000000000000000011
:101FD0000000000000000000000000000000000001
:101FE00000000000000000000000000000000000F1
:101FF00000000000000000000000000000000000E1
:1020000000000000000000000000000000000000D0
:1020100000000000000000000000000000000000C0
:1020200000000000000000000000000000000000B0
:1020300000000000000000000000000000000000A0
:102040000000000000000000000000000000000090
:102050000000000000000000000000000000000080
:102060000000000000000000000000000000000070
:102070000000000000000000000000000000000060
:102080000000000000000000000000000000000050
:102090000000000000000000000000000000000040
:1020A0000000000000000000000000000000000030
:1020B0000000000000000000000000000000000020
:1020C0000000000000000000000000000000000010
:1020D0000000000000000000000000000000000000
:1020E00000000000000000000000000000000000F0
:1020F00000000000000000000000000000000000E0
:1021000000000000000000000000000000000000CF
:1021100000000000000000000000000000000000BF
:1021200000000000000000000000000000000000AF
:10213000000000000000000000000000000000009F
:10214000000000000000000000000000000000008F
:10215000000000000000000000000000000000007F
:10216000000000000000000000000000000000006F
:10217000000000000000000000000000000000005F
:10218000000000000000000000000000000000004F
:10219000000000000000000000000000000000003F
:1021A000000000000000000000000000000000002F
:1021B000000000000000000000000000000000001F
:1021C000000000000000000000000000000000000F
:1021D00000000000000000000000000000000000FF
:1021E00000000000000000000000000000000000EF
:1021F00000000000000000000000000000000000DF
:1022000000000000000000000000000000000000CE
:1022100000000000000000000000000000000000BE
:1022200000000000000000000000000000000000AE
:10223000000000000000000000000000000000009E
:10224000000000000000000000000000000000008E
:10225000000000000000000000000000000000007E
:10226000000000000000000000000000000000006E
:10227000000000000000000000000000000000005E
:10228000000000000000000000000000000000004E
:10229000000000000000000000000000000000003E
:1022A000000000000000000000000000000000002E
:1022B000000000000000000000000000000000001E
:1022C000000000000000000000000000000000000E
:1022D00000000000000000000000000000000000FE
:1022E00000000000000000000000000000000000EE
:1022F00000000000000000000000000000000000DE
:1023000000000000000000000000000000000000CD
:1023100000000000000000000000000000000000BD
:1023200000000000000000000000000000000000AD
:10233000000000000000000000000000000000009D
:10234000000000000000000000000000000000008D
:10235000000000000000000000000000000000007D
:10236000000000000000000000000000000000006D
:10237000000000000000000000000000000000005D
:10238000000000000000000000000000000000004D
:10239000000000000000000000000000000000003D
:1023A000000000000000000000000000000000002D
:1023B000000000000000000000000000000000001D
:1023C000000000000000000000000000000000000D
:1023D00000000000000000000000000000000000FD
:1023E00000000000000000000000000000000000ED
:1023F00000000000000000000000000000000000DD
:1024000000000000000000000000000000000000CC
:1024100000000000000000000000000000000000BC
:1024200000000000000000000000000000000000AC
:10243000000000000000000000000000000000009C
:10244000000000000000000000000000000000008C
:10245000000000000000000000000000000000007C
:10246000000000000000000000000000000000006C
:10247000000000000000000000000000000000005C
:10248000000000000000000000000000000000004C
:10249000000000000000000000000000000000003C
:1024A000000000000000000000000000000000002C
:1024B000000000000000000000000000000000001C
:1024C000000000000000000000000000000000000C
:1024D00000000000000000000000000000000000FC
:1024E00000000000000000000000000000000000EC
:1024F00000000000000000000000000000000000DC
:1025000000000000000000000000000000000000CB
:1025100000000000000000000000000000000000BB
:1025200000000000000000000000000000000000AB
:10253000000000000000000000000000000000009B
:10254000000000000000000000000000000000008B
:10255000000000000000000000000000000000007B
:10256000000000000000000000000000000000006B
:10257000000000000000000000000000000000005B
:10258000000000000000000000000000000000004B
:10259000000000000000000000000000000000003B
:1025A000000000000000000000000000000000002B
:1025B000FFFFFFFFFFFFFFFFFFFFFFFFFFFFFFFF2B
:1025C000FFFFFFFFFFFFFFFFFFFFFFFFFFFFFFFF1B
:1025D000FFFFFFFFFFFFFFFFFFFFFFFFFFFFFFFF0B
:1025E000FFFFFFFFFFFFFFFFFFFFFFFFFFFFFFFFFB
:1025F000FFFFFFFFFFFFFFFFFFFFFFFFFFFFFFFFEB
:10260000FFFFFFFFFFFFFFFFFFFFFFFFFFFFFFFFDA
:10261000FFFFFFFFFFFFFFFFFFFFFFFFFFFFFFFFCA
:10262000FFFFFFFFFFFFFFFFFFFFFFFFFFFFFFFFBA
:10263000FFFFFFFFFFFFFFFFFFFFFFFFFFFFFFFFAA
:10264000FFFFFFFFFFFFFFFFFFFFFFFFFFFFFFFF9A
:10265000FFFFFFFFFFFFFFFFFFFFFFFFFFFFFFFF8A
:10266000FFFFFFFFFFFFFFFFFFFFFFFFFFFFFFFF7A
:10267000FFFFFFFFFFFFFFFFFFFFFFFFFFFFFFFF6A
:10268000FFFFFFFFFFFFFFFFFFFFFFFFFFFFFFFF5A
:10269000FFFFFFFFFFFFFFFFFFFFFFFFFFFFFFFF4A
:1026A000FFFFFFFFFFFFFFFFFFFFFFFFFFFFFFFF3A
:1026B000FFFFFFFFFFFFFFFFFFFFFFFFFFFFFFFF2A
:1026C000FFFFFFFFFFFFFFFFFFFFFFFFFFFFFFFF1A
:1026D000FFFFFFFFFFFFFFFFFFFFFFFFFFFFFFFF0A
:1026E000FFFFFFFFFFFFFFFFFFFFFFFFFFFFFFFFFA
:1026F000FFFFFFFFFFFFFFFFFFFFFFFFFFFFFFFFEA
:10270000FFFFFFFFFFFFFFFFFFFFFFFFFFFFFFFFD9
:10271000FFFFFFFFFFFFFFFFFFFFFFFFFFFFFFFFC9
:10272000FFFFFFFFFFFFFFFFFFFFFFFFFFFFFFFFB9
:10273000FFFFFFFFFFFFFFFFFFFFFFFFFFFFFFFFA9
:10274000FFFFFFFFFFFFFFFFFFFFFFFFFFFFFFFF99
:10275000FFFFFFFFFFFFFFFFFFFFFFFFFFFFFFFF89
:10276000FFFFFFFFFFFFFFFFFFFFFFFFFFFFFFFF79
:10277000FFFFFFFFFFFFFFFFFFFFFFFFFFFFFFFF69
:10278000FFFFFFFFFFFFFFFFFFFFFFFFFFFFFFFF59
:10279000FFFFFFFFFFFFFFFFFFFFFFFFFFFFFFFF49
:1027A000FFFFFFFFFFFFFFFFFFFFFFFFFFFFFFFF39
:1027B000FFFFFFFFFFFFFFFFFFFFFFFFFFFFFFFF29
:1027C000FFFFFFFFFFFFFFFFFFFFFFFFFFFFFFFF19
:1027D000FFFFFFFFFFFFFFFFFFFFFFFFFFFFFFFF09
:1027E000FFFFFFFFFFFFFFFFFFFFFFFFFFFFFFFFF9
:1027F000FFFFFFFFFFFFFFFFFFFFFFFFFFFFFFFFE9
:1028000000000000000000000000000000000000C8
:1028100000000000000000000000000000000000B8
:1028200000000000000000000000000000000000A8
:102830000000000000000000000000000000000098
:102840000000000000000000000000000000000088
:102850000000000000000000000000000000000078
:102860000000000000000000000000000000000068
:102870000000000000000000000000000000000058
:102880000000000000000000000000000000000048
:102890000000000000000000000000000000000038
:1028A0000000000000000000000000000000000028
:1028B0000000000000000000000000000000000018
:1028C0000000000000000000000000000000000008
:1028D00000000000000000000000000000000000F8
:1028E00000000000000000000000000000000000E8
:1028F00000000000000000000000000000000000D8
:1029000000000000000000000000000000000000C7
:1029100000000000000000000000000000000000B7
:1029200000000000000000000000000000000000A7
:102930000000000000000000000000000000000097
:102940000000000000000000000000000000000087
:102950000000000000000000000000000000000077
:102960000000000000000000000000000000000067
:102970000000000000000000000000000000000057
:102980000000000000000000000000000000000047
:102990000000000000000000000000000000000037
:1029A0000000000000000000000000000000000027
:1029B0000000000000000000000000000000000017
:1029C0000000000000000000000000000000000007
:1029D00000000000000000000000000000000000F7
:1029E00000000000000000000000000000000000E7
:1029F00000000000000000000000000000000000D7
:102A000000000000000000000000000000000000C6
:102A100000000000000000000000000000000000B6
:102A200000000000000000000000000000000000A6
:102A30000000000000000000000000000000000096
:102A40000000000000000000000000000000000086
:102A50000000000000000000000000000000000076
:102A60000000000000000000000000000000000066
:102A70000000000000000000000000000000000056
:102A80000000000000000000000000000000000046
:102A90000000000000000000000000000000000036
:102AA0000000000000000000000000000000000026
:102AB0000000000000000000000000000000000016
:102AC0000000000000000000000000000000000006
:102AD00000000000000000000000000000000000F6
:102AE00000000000000000000000000000000000E6
:102AF00000000000000000000000000000000000D6
:102B000000000000000000000000000000000000C5
:102B100000000000000000000000000000000000B5
:102B200000000000000000000000000000000000A5
:102B30000000000000000000000000000000000095
:102B40000000000000000000000000000000000085
:102B50000000000000000000000000000000000075
:102B60000000000000000000000000000000000065
:102B70000000000000000000000000000000000055
:102B80000000000000000000000000000000000045
:102B90000000000000000000000000000000000035
:102BA0000000000000000000000000000000000025
:102BB0000000000000000000000000000000000015
:102BC0000000000000000000000000000000000005
:102BD00000000000000000000000000000000000F5
:102BE00000000000000000000000000000000000E5
:102BF00000000000000000000000000000000000D5
:102C000000000000000000000000000000000000C4
:102C100000000000000000000000000000000000B4
:102C200000000000000000000000000000000000A4
:102C30000000000000000000000000000000000094
:102C40000000000000000000000000000000000084
:102C50000000000000000000000000000000000074
:102C60000000000000000000000000000000000064
:102C70000000000000000000000000000000000054
:102C80000000000000000000000000000000000044
:102C90000000000000000000000000000000000034
:102CA0000000000000000000000000000000000024
:102CB0000000000000000000000000000000000014
:102CC0000000000000000000000000000000000004
:102CD00000000000000000000000000000000000F4
:102CE00000000000000000000000000000000000E4
:102CF00000000000000000000000000000000000D4
:102D000000000000000000000000000000000000C3
:102D100000000000000000000000000000000000B3
:102D200000000000000000000000000000000000A3
:102D30000000000000000000000000000000000093
:102D40000000000000000000000000000000000083
:102D50000000000000000000000000000000000073
:102D60000000000000000000000000000000000063
:102D70000000000000000000000000000000000053
:102D80000000000000000000000000000000000043
:102D90000000000000000000000000000000000033
:102DA0000000000000000000000000000000000023
:102DB0000000000000000000000000000000000013
:102DC0000000000000000000000000000000000003
:102DD00000000000000000000000000000000000F3
:102DE00000000000000000000000000000000000E3
:102DF00000000000000000000000000000000000D3
:102E000000000000000000000000000000000000C2
:102E100000000000000000000000000000000000B2
:102E200000000000000000000000000000000000A2
:102E30000000000000000000000000000000000092
:102E40000000000000000000000000000000000082
:102E50000000000000000000000000000000000072
:102E60000000000000000000000000000000000062
:102E70000000000000000000000000000000000052
:102E80000000000000000000000000000000000042
:102E90000000000000000000000000000000000032
:102EA0000000000000000000000000000000000022
:102EB0000000000000000000000000000000000012
:102EC0000000000000000000000000000000000002
:102ED00000000000000000000000000000000000F2
:102EE00000000000000000000000000000000000E2
:102EF00000000000000000000000000000000000D2
:102F000000000000000000000000000000000000C1
:102F100000000000000000000000000000000000B1
:102F200000000000000000000000000000000000A1
:102F30000000000000000000000000000000000091
:102F40000000000000000000000000000000000081
:102F50000000000000000000000000000000000071
:102F60000000000000000000000000000000000061
:102F70000000000000000000000000000000000051
:102F80000000000000000000000000000000000041
:102F90000000000000000000000000000000000031
:102FA0000000000000000000000000000000000021
:102FB0000000000000000000000000000000000011
:102FC0000000000000000000000000000000000001
:102FD00000000000000000000000000000000000F1
:102FE00000000000000000000000000000000000E1
:102FF00000000000000000000000000000000000D1
:1030000000000000000000000000000000000000C0
:1030100000000000000000000000000000000000B0
:1030200000000000000000000000000000000000A0
:103030000000000000000000000000000000000090
:103040000000000000000000000000000000000080
:103050000000000000000000000000000000000070
:103060000000000000000000000000000000000060
:103070000000000000000000000000000000000050
:103080000000000000000000000000000000000040
:103090000000000000000000000000000000000030
:1030A0000000000000000000000000000000000020
:1030B0000000000000000000000000000000000010
:1030C0000000000000000000000000000000000000
:1030D00000000000000000000000000000000000F0
:1030E00000000000000000000000000000000000E0
:1030F00000000000000000000000000000000000D0
:1031000000000000000000000000000000000000BF
:1031100000000000000000000000000000000000AF
:10312000000000000000000000000000000000009F
:10313000000000000000000000000000000000008F
:10314000000000000000000000000000000000007F
:10315000000000000000000000000000000000006F
:10316000000000000000000000000000000000005F
:10317000000000000000000000000000000000004F
:10318000000000000000000000000000000000003F
:10319000000000000000000000000000000000002F
:1031A000000000000000000000000000000000001F
:1031B000000000000000000000000000000000000F
:1031C00000000000000000000000000000000000FF
:1031D00000000000000000000000000000000000EF
:1031E00000000000000000000000000000000000DF
:1031F00000000000000000000000000000000000CF
:1032000000000000000000000000000000000000BE
:1032100000000000000000000000000000000000AE
:10322000000000000000000000000000000000009E
:10323000000000000000000000000000000000008E
:10324000000000000000000000000000000000007E
:10325000000000000000000000000000000000006E
:10326000000000000000000000000000000000005E
:10327000000000000000000000000000000000004E
:10328000000000000000000000000000000000003E
:10329000000000000000000000000000000000002E
:1032A000000000000000000000000000000000001E
:1032B000000000000000000000000000000000000E
:1032C00000000000000000000000000000000000FE
:1032D00000000000000000000000000000000000EE
:1032E00000000000000000000000000000000000DE
:1032F00000000000000000000000000000000000CE
:1033000000000000000000000000000000000000BD
:1033100000000000000000000000000000000000AD
:10332000000000000000000000000000000000009D
:10333000000000000000000000000000000000008D
:10334000000000000000000000000000000000007D
:10335000000000000000000000000000000000006D
:10336000000000000000000000000000000000005D
:10337000000000000000000000000000000000004D
:10338000000000000000000000000000000000003D
:10339000000000000000000000000000000000002D
:1033A000000000000000000000000000000000001D
:1033B000000000000000000000000000000000000D
:1033C00000000000000000000000000000000000FD
:1033D00000000000000000000000000000000000ED
:1033E00000000000000000000000000000000000DD
:1033F00000000000000000000000000000000000CD
:040000056000100087
:00000001FF
