:1000000000800020BD010000F5080200B1080200D8
:10001000B1080200B1080200B1080200B1080200F4
:10002000B1080200B1080200B1080200F5080200A0
:10003000F5080200B1080200EDFC0100F1FC01002E
:10004000F5080200F5080200F5080200F5080200B4
:10005000F5080200F5080200F5080200F5080200A4
:10006000F5080200F5080200F5080200F508020094
:10007000F5080200F5080200F5080200F508020084
:10008000F5080200F5080200F5080200F508020074
:10009000F5080200F5080200F5080200F508020064
:1000A000F5080200F5080200F5080200F508020054
:1000B000F5080200F5080200F5080200F508020044
:1000C000F5080200F5080200F5080200F508020034
:1000D000F5080200F5080200F5080200F508020024
:1000E000F5080200F5080200F5080200F508020014
:1000F000F5080200051A0200F50802007523020047
:10010000F5080200BD2A0200F5080200F508020009
:10011000F5080200F5080200F5080200F5080200E3
:10012000F5080200F5080200F5080200F5080200D3
:10013000F5080200F5080200F5080200F5080200C3
:10014000F5080200F5080200F5080200F5080200B3
:100150008D020200A9020200C5020200E1020200B3
:10016000F5080200C12D0200F5080200F5080200A2
:10017000F5080200F5080200F5080200F508020083
:10018000F5080200F5080200F5080200F508020073
:10019000F5080200F5080200F5080200F508020063
:1001A000F5080200F5080200F5080200F508020053
:1001B000F5080200F5080200F5080200574B4CF262
:1001C000205210B5DA814DF62812DA8100BF00BF47
:1001D00020F094FB524B4FF010621A63514A9A631D
:1001E000514ADA63514A136913F4807303D153619E
:1001F0004FF4A85313614E4B9A78110703D59A78A0
:1002000042F008029A704B4B4B482A221A704B4B13
:10021000DA1C121AC11E22F00302994288BF002282
:10022000474920F071FA474B4748DA1C121AC11EA1
:1002300022F00302994288BF002200212AF03AFBF3
:10024000424943484FF4DE7220F05EFA414B424A85
:10025000802103F8011B9342FBD14FF0E0233C4A7D
:10026000C3F8082D3D4B8A221A70A3F5805324222F
:100270005A70A0221A709A799207FCD59A79D406FE
:10028000FCD4374B9A7902F00C02082AFAD10522E5
:100290001A7143225A719A799006FCD5304A9379A3
:1002A0005906FCD51E4B4FF08171596405219964A4
:1002B00020211170917901F00C010C29FAD1294A01
:1002C0005A604FF0E023284A5A6100229A610722BF
:1002D0001A61264AC3F8202D62B620F081FD134B27
:1002E0005B69DA0705D5224820F06EFD214B224AD2
:1002F000DA61224B1B785B0609D51E4C1E4BE26966
:100300009A4204D11A4820F05FFD0023E36120F0F7
:10031000FBFA2AF095FC20F0EFF9FEE700200540FB
:1003200000800440823F04000100002B00D0034005
:1003300000D0074000E007402087FF1FE88FFF1F25
:100340001027030024A6FF1FE88FFF1F00000000F6
:100350000082FF1F00E400E05FE400E00050064080
:1003600000400640C01005003F1901000000202099
:100370008298C26A00E00340A5C3945A00F0074087
:10038000FFFFFFFFFFFFFFFFFFFFFFFFFFFFFFFF7D
:10039000FFFFFFFFFFFFFFFFFFFFFFFFFFFFFFFF6D
:1003A000FFFFFFFFFFFFFFFFFFFFFFFFFFFFFFFF5D
:1003B000FFFFFFFFFFFFFFFFFFFFFFFFFFFFFFFF4D
:1003C000FFFFFFFFFFFFFFFFFFFFFFFFFFFFFFFF3D
:1003D000FFFFFFFFFFFFFFFFFFFFFFFFFFFFFFFF2D
:1003E000FFFFFFFFFFFFFFFFFFFFFFFFFFFFFFFF1D
:1003F000FFFFFFFFFFFFFFFFFFFFFFFFFFFFFFFF0D
:10040000FFFFFFFFFFFFFFFFFFFFFFFFDEF9FFFF23
:100410000548064B1B1AD90F01EBA301491002D066
:10042000034B03B118477047E88FFF1FE88FFF1F8A
:100430000000000008B5054B1BB105490548AFF3A6
:100440000080BDE80840FFF7E3BF00BF00000000E8
:10045000E88FFF1F0827030008B520F0AFFC00213C
:1004600008BD00BFFFFFFFFF2DE9F04FD64BD74976
:10047000D3E9042385B0C1E90E2320F09FFC0021BD
:10048000044617F065FF00210646204617F0F2FEED
:1004900000210546204617F045FF6B1E012B98BF33
:1004A00006F1FF360746304698BF0C3527F0D6FFD9
:1004B000C749064628F0DAF824F0A0FAC549814673
:1004C000304628F0D3F824F099FAC34980463046E4
:1004D00028F018F824F092FA0646284627F0BEFFC6
:1004E0004FF07E5127F006FFBC4928F00BF824F0AE
:1004F00085FA494605464FF0804027F0F9FE41460F
:1005000027F0F8FE27F050FB80463046894627F05A
:100510004BFB02460B464046494627F0E7F980462A
:100520002846894627F040FB02460B46404649468E
:1005300027F0DCF980463846894627F023FB02463F
:100540000B464046494627F0D1F98BA3D3E9002357
:1005500027F0CCF902461746884620460021CDE90F
:10056000027817F0C9FE00210646204617F098FED3
:1005700027F074FF9A4928F079F80546304627F0AD
:100580006DFF0146284627F0B5FE002103462046B0
:100590001C4617F09BFE27F061FF924928F066F891
:1005A000214627F0A7FE27F0FFFA8F4BCDE9000187
:1005B00000223846414627F099F924F051F970A3FA
:1005C000D3E9002304460D4627F0D6FD58B36EA3A9
:1005D000D3E900232046294627F086F96CA3D3E906
:1005E000002327F063FC27F0E7FD27F0CBFA7F4BD1
:1005F000002206460F4627F02FFB24F031F9024671
:100600000B462046294614461D460022784B27F00B
:100610006DF932463B4627F069F922462B4627F012
:1006200063F904460D465CA3D3E90023204629461E
:1006300027F05CF95AA3D3E9002304460D4627F0BE
:1006400053F959A3D3E9002327F030FC24F008F92B
:1006500055A3D3E9002382468B4627F0FDFA24F008
:10066000FFF802460B462046294627F03DF950A3E5
:10067000D3E9002306460F4627F018FC24F0F0F8D3
:100680004BA3D3E900238046894627F0E5FA24F0FE
:10069000E7F8002204460D4600233046394627F08D
:1006A00025F922462B4627F01FF924F0D9F827F028
:1006B00083FD504B044600224046494627F03EFD4C
:1006C000002800F0BC824A4B00224046494627F0F1
:1006D0000BF927F071FD0646304627F0BFFE46496C
:1006E000054628F0CBF8002800F09E8232A3D3E91B
:1006F00000235046594627F0F7F827F05DFD0746DE
:10070000731E012B05D806F10C0027F0A7FE013F50
:100710000546384627F0A2FE2D49064627F0A6FFDB
:1007200024F06CF92B498246304627F09FFF24F0D5
:1007300065F929498146304627F0E4FE24F05EF948
:100740004FF07E518046284627F0D4FD234927F0FC
:10075000D9FE24F053F91AA3D3E900230546DDE9B5
:10076000020127F0C1F8254B06460F460022DDE9BD
:10077000000145E0AFF3008000000080A2423A4152
:10078000000000008C8A414100000040D07D3C41C7
:100790000000000088D5E1400000000000D0974034
:1007A0000000006066865E400000000000D47640D5
:1007B00000000020A0993E4000000000006CB24004
:1007C000000000802CB44241F892FF1F7891FF1F77
:1007D0000000C8420000C84300A0B64301CDF44168
:1007E00000007042000061450000E03F0000D03F83
:1007F0000000F03F00002B40000020400000384087
:1008000027F054FB02460B463046394627F06EF877
:1008100002460B46CDE90223D1A3D3E9002327F0FA
:1008200045FB02460B464FF0804051469B469246A0
:1008300027F05EFD494627F05DFD27F0B5F9064635
:1008400040460F4627F0B0F902460B46304639467F
:1008500027F04CF8064628460F4627F0A5F9024631
:100860000B463046394627F041F8064620460F46EB
:1008700027F088F902460B463046394627F036F80D
:10088000B9A3D3E9002327F031F8B9A3D3E90023B2
:1008900027F02AF8B8A3D3E9002327F0DDF9B8A39D
:1008A000D3E9002327F022F8CD4B00228046894669
:1008B00027F058FC78B1CA4D002422462B4640460A
:1008C000494627F011F822462B468046894627F0F4
:1008D00049FC0028F1D1002200234046494627F078
:1008E0002DFC88B1BE4F0026002400254046494615
:1008F00032463B4626F0FAFF22462B468046894682
:1009000027F01CFC0028F1D19FA3D3E90023DDE9E7
:10091000000127F0A1F942464B4626F0E7FF9CA3D1
:10092000D3E9002304460D465046594627F094F972
:1009300052465B4627F090F902460B462046294670
:1009400026F0D4FFA64B002204460D4627F00AFCF1
:1009500078B1A34F002632463B462046294626F072
:10096000C3FF32463B4604460D4627F0FBFB0028FA
:10097000F1D1002200232046294627F0DFFB98B161
:10098000974F00264FF000084FF0000932463B46D3
:100990002046294626F0AAFF42464B4604460D460D
:1009A00027F0CCFB0028F1D1DDE902AB7AA3D3E933
:1009B00000235046594627F04FF902460B4678A1CE
:1009C000D1E9000126F090FF77A3D3E9002327F0B7
:1009D0006DFA23F05BFC76A3D3E9002306460F46AD
:1009E0005046594627F038F973A3D3E9002326F07F
:1009F0007DFF02460B4626F079FF6BA3D3E9002367
:100A000027F054FA23F042FC6DA3D3E9002380467B
:100A100089465046594627F01FF902460B466AA1FF
:100A2000D1E9000126F060FF5FA3D3E9002327F09E
:100A30003DFA23F09FFB66A3D3E9002382468B4651
:100A40003046394627F008F963A3D3E90023064668
:100A50000F464046494627F0FFF802460B4630460F
:100A6000394626F041FF52465B4627F0F5F822460C
:100A70002B4626F03BFF5A4B00228046894627F042
:100A800071FB78B1564D002422462B46404649461C
:100A900026F02AFF22462B468046894627F062FB35
:100AA0000028F1D1002200234046494627F046FBAA
:100AB00088B14B4F00260024002532463B46404675
:100AC000494626F013FF22462B468046894627F0EA
:100AD00035FB0028F1D14349434B0022D1E90E01F7
:100AE00027F0E4F902460B464046494626F0FCFE54
:100AF0003B4B00228046894627F034FB78B1384DC5
:100B0000002422462B464046494626F0EDFE22466A
:100B10002B468046894627F025FB0028F1D100228C
:100B200000234046494627F009FB88B12C4F002698
:100B30000024002532463B464046494626F0D6FE74
:100B400022462B468046894627F0F8FA0028F1D144
:100B5000234B00224046494627F0A8F946E000BF53
:100B600000000000A0D5E14000000080A2423A4110
:100B7000000000802CB44241000000E05BD2B03F96
:100B8000000000801CCA1A40000000E0360BF03F55
:100B9000000000605243FB3E00000060C91CAB3FF8
:100BA000000000608F425F4000000020DCA54C4048
:100BB000000000E0718AEF3F00000020858771404F
:100BC000000000A0F2D79A3E000000007670374087
:100BD000000000A0EEE734BF00000080732AF93E59
:100BE000000038407891FF1F00002E401CA3D3E97D
:100BF000002327F031F827F0DFFA72B61C490860AD
:100C000062B672B60A680B68C1E9042362B6194875
:100C100010F0CAFCE8B1174810F018FD0A2005B022
:100C2000BDE8F04F20F0D0BA0FA3D3E9002350461F
:100C3000594626F059FE27F0BFFA074660E50E4BED
:100C400000224046494626F04FFE27F0B5FA0646F8
:100C500042E5084810F0C0FCDDE700BFAFF30080BC
:100C600000000000C07A604100000000006BB2404C
:100C70007891FF1F4093FF1F00002A4008B5114BD9
:100C800093F88B1693F8AB26914204D0002283F898
:100C90008B2683F8AB260B4814F068FD00B108BD25
:100CA000094B0A4A19680A4BA0F1333000FB0133A3
:100CB000B2EB730F0348BDE8084094BF0121002147
:100CC00015F008BD4093FF1F7891FF1F999999195E
:100CD0009899991970B50C4682B072B62F4A11686E
:100CE00062B61369CB1A002B26DC2D4E2D4D20F059
:100CF0004BFA2D4B9A68D9681860821A8A42C8BF8D
:100D0000DA605A60326801929860019AD5F8283505
:100D100042F20F71D31A8B4294BF0121002121703E
:100D200004D902F51C521032C5F828251D4802B01E
:100D3000BDE8704015F08EBAD06811611844D060DB
:100D400091688B42C8BF9360012B03D05068591E35
:100D50000144516012681548114E80FB0250D117B2
:100D6000C1EB6011642000FB11210E4D326800922E
:100D70000098D5F8282542F20F7C821A624594BF6C
:100D800001220022227004D900F51C501030C5F851
:100D90002805044815F058FBA9E700BF7891FF1F0C
:100DA00034A0FF1F4093FF1F0890FF1F1F85EB51CA
:100DB000F8B5164E164D3778044601F09BF904F04D
:100DC000BBFD95F8F8349F4205D01721284610F056
:100DD000D7FC95F8F8340E48337014F0C1FC10B904
:100DE00095F8F83543B92046FFF748FF20460949F2
:100DF000BDE8F840FFF76EBF054810F0B5FB0448AA
:100E000015F07AFE024810F0B3FBECE70190FF1FEB
:100E10004093FF1F0090FF1F08B51FF0F7FBBDE8D0
:100E200008401FF0F3BB00BF10B50121172020F0D0
:100E30006FF90E484FF416511FF09CF8142401214D
:100E4000172020F031F90A2020F0BEF917200021E8
:100E500020F02AF9322020F0B7F9013CEFD1BDE8AB
:100E600010400121172020F01FB900BF0888FF1F84
:100E700038B50920124C134D21F040F800210A200A
:100E800020F0FEFF20464DF6C0211EF0BBFF0A23D6
:100E9000A3600D48042121F01DF921F0A3F9FA20E7
:100EA00020F092F9012406E021F0D4F9C0B23F28E5
:100EB00008BF85F8374021F0B9F90028F4DC38BDC7
:100EC000F487FF1F4093FF1F101103002DE9F84323
:100ED0001B4D1C4C2E681C4FDFF8709040F2EE2822
:100EE00022F03CFD2378EBB13B78DB071AD52B6869
:100EF000D9F800209B1A0E2B14D901221449154849
:100F000001F0D2F914484FF461411EF009FF124973
:100F10001248022201F0C8F9BDE8F8430021172069
:100F200020F0C2B82B6822789B1B2AB1B3F5FA6F68
:100F3000E3D822F013FDD3E74345FAD9DDE700BF3C
:100F400034A0FF1FD0A2FF1FF4A2FF1FF8A2FF1FB3
:100F50006488FF1F6490FF1FE087FF1F4090FF1F02
:100F600070B5274C0546FFF75FFF0FF00FFF2046D7
:100F700010F06AFB234817F083FB002600210120B4
:100F800017F08CFB1FF01AFF314617F057FB0121B9
:100F9000062020F0BDF8D4F8A41806201FF072FF38
:100FA000204610F0DDFA204610F0E8FB314604F54B
:100FB000DD6010F02BFC204613F0AEFC204610F054
:100FC000ADFB2846FFF750FA72B60F4B19681A6846
:100FD000C3E9041262B64FF4FA6020F0F5F821F08C
:100FE000DBFCB042D8BF00232846C8BF012384F8E9
:100FF0003830FFF73DFF2846BDE87040FFF766BF79
:101000004093FF1F590400007891FF1F38B5037803
:10101000062B04464ED03A2B4AD14378243B442B2E
:1010200046D8DFE813F016014500450045004500AD
:101030004500450045004500450045004500450088
:101040004500450045004500450045004500450078
:101050004500450045004500450045004500450068
:101060000101C600B600E200CF00EB00AD00450074
:1010700045004500450045009D00450045004500F0
:1010800094008B0082007200690045005F004500FB
:101090004500450045004500450045004500450028
:1010A00045004500450045004500450056004D00FF
:1010B000042038BD4378002B14BF0420012038BD24
:1010C0008178714829F048FC00280CBF04200220D8
:1010D00038BD81786D4829F03FFC00280CBF042002
:1010E000022038BD84786A48214629F035FC002862
:1010F00000F0BB80002038BD8178664829F02CFCC8
:10110000B0FA80F04009800038BD847862482146FA
:1011100029F022FC0028EDD16048214629F01CFC72
:1011200000280CBF0420022038BD81785C4829F0DB
:1011300013FC00280CBF0420022038BD81785948D8
:1011400029F00AFCB0FA80F04009800038BD8178AF
:10115000554829F001FCB0FA80F04009800038BD04
:1011600084785248214629F0F7FB0028C2D1504824
:10117000214629F0F1FB002800F08480012038BDD1
:1011800081784C4829F0E8FB00280CBF042003209C
:1011900038BD84784848214629F0DEFB002862D11A
:1011A0002146464829F0D8FBB0FA80F0400980007B
:1011B00038BD8178424829F0CFFBB0FA80F0400971
:1011C000800038BD85783F48294629F0C5FB0028B6
:1011D00049D14D2D4DD0572D7FF46AAFE378303B88
:1011E000012B8CBF0420022038BD8178294829F0CA
:1011F000B3FB00280CBF0420032038BD847832489C
:10120000214629F0A9FB00287FF474AF2F4821461E
:1012100029F0A2FB58BB2E48214629F09DFB00284F
:101220000CBF0420032038BD2A4929F03DFD0028C9
:101230003FF43FAF2849204629F036FD00283FF40F
:1012400038AFA4782548214629F086FB78B9244890
:10125000E2E784782348214629F07EFB00287FF4CA
:1012600049AF214859E7032038BD2048D4E7022080
:1012700038BDE1781E4829F06FFB00280CBF042020
:10128000012038BD1B4848E7A01103007C11030072
:10129000FC110300E4120300EC110300F41103003D
:1012A000D4110300C8110300C0110300AC110300E6
:1012B000B41103008011030044110300A8110300BE
:1012C0004011030048110300541103006011030092
:1012D00074110300181103002011030028110300EA
:1012E0003C1103005C110300081203000412030008
:1012F0004C110300BC110300002800F00B8510B551
:1013000003783A2B044640F0F484FFF77FFE002870
:1013100000F0DC84431EDBB2012B40F2D8840328AA
:1013200040F0EF84C549204629F0BEFC002800F0BB
:10133000D084C349204629F0B7FC002800F0CB84B4
:10134000C049204629F0B0FC002800F0C684BE4900
:10135000204629F0A9FC002800F0C184BB492046A2
:1013600029F0A2FC002800F0BE84B949204629F0EB
:101370009BFC002800F0B984B649204629F094FC73
:10138000002800F0B484B449204629F08DFC0028E0
:1013900000F0B284B149204629F086FC002800F014
:1013A000AD84AF49204629F07FFC002800F09984E5
:1013B000AC49204629F078FC002800F0A584AA4911
:1013C000204629F071FC002800F0A084A74920469F
:1013D00029F06AFC002800F09B84A549204629F0EA
:1013E00063FC002800F09984A249204629F05CFCA7
:1013F000002800F09484A049204629F055FC0028DC
:1014000000F08F849D49204629F04EFC002800F012
:101410008A849B49204629F047FC002800F08584F7
:101420009849204629F040FC002800F08084964925
:10143000204629F039FC002800F07B84934920469F
:1014400029F032FC002800F076849149204629F0EA
:101450002BFC002800F071848E49204629F024FCE2
:10146000002800F06C848C49204629F01DFC0028DF
:1014700000F067848949204629F016FC002800F016
:1014800062848749204629F00FFC002800F05D8423
:101490008449204629F008FC002800F0588482493D
:1014A000204629F001FC002800F053847F492046A3
:1014B00029F0FAFB002800F050847D49204629F0ED
:1014C000F3FB002800F047847A49204629F0ECFB22
:1014D000002800F046847849204629F0E5FB0028E2
:1014E00000F03D847549204629F0DEFB002800F01D
:1014F0003E847349204629F0D7FB002800F035844C
:101500007049204629F0D0FB002800F088846E49FD
:10151000204629F0C9FB002800F07F846B49204653
:1015200029F0C2FB002800F076846949204629F0A2
:10153000BBFB002800F06D846649204629F0B4FB0F
:10154000002800F064846449204629F0ADFB00289F
:1015500000F05B846149204629F0A6FB002800F0DA
:1015600052845F49204629F09FFB002800F04984FF
:101570005C49204629F098FB002800F040845A4935
:10158000204629F091FB002800F037845749204677
:1015900029F08AFB002800F02E845549204629F0C6
:1015A00083FB002800F025845249204629F07CFB6B
:1015B000002800F01C845049204629F075FB0028C3
:1015C00000F013844D49204629F06EFB002800F0FE
:1015D0000A844B49204629F067FB002800F001846B
:1015E0004849204629F060FB002800F0F88346496E
:1015F000204629F059FB002800F0EF83434920469C
:1016000029F052FB002800F0E6834149204629F0EA
:101610004BFB002800F0DD833E49204629F044FBC7
:10162000002800F0D4833C49204629F03DFB0028E7
:1016300000F0CB833949204672E000BF0C12030052
:10164000141203001C120300241203002C120300C6
:10165000341203003812030010110300401203007B
:1016600048120300501203005812030060120300D6
:101670006812030070120300781203008012030046
:10168000881203009012030098120300A0120300B6
:10169000A8120300B0120300B8120300C012030026
:1016A000C8120300D0120300D8120300E012030096
:1016B000E8120300F0120300F81203000013030005
:1016C0000813030010130300181303002013030072
:1016D00028130300301303003813030040130300E2
:1016E0004813030050130300581303006013030052
:1016F00068130300701303007813030080130300C2
:10170000881303009013030098130300A013030031
:10171000A8130300B0130300B8130300C0130300A1
:1017200029F0C2FA002800F04E83C549204629F06E
:10173000BBFA002800F04583C249204629F0B4FADC
:10174000002800F03C83C049204629F0ADFA00286B
:1017500000F03383BD49204629F0A6FA002800F0A6
:101760002A83BB49204629F09FFA002800F02183F4
:10177000B849204629F098FA002800F01883B649A5
:10178000204629F091FA002800F00F83B349204643
:1017900029F08AFA002800F00683B149204629F092
:1017A00083FA002800F0FD82AE49204629F07CFA39
:1017B000002800F0F183AC49204629F075FA002892
:1017C00000F0E883A949204629F06EFA002800F0CD
:1017D000DF83A749204629F067FA002800F0D68366
:1017E000A449204629F060FA002800F0CD83A249E0
:1017F000204629F059FA002800F0C4839F4920466A
:1018000029F052FA002800F0BB839D49204629F0B8
:101810004BFA002800F0B2839A49204629F044FA96
:10182000002800F0A9839849204629F03DFA0028B5
:1018300000F0A0839549204629F036FA002800F0F0
:1018400097839349204629F02FFA002800F08E83D1
:101850009049204629F028FA002800F085838E4917
:10186000204629F021FA002800F07C838B4920468D
:1018700029F01AFA002800F073838949204629F0DC
:1018800013FA002800F06A838649204629F00CFAF2
:10189000002800F061838449204629F005FA0028D9
:1018A00000F058838149204629F0FEF9002800F015
:1018B0004F837F49204629F0F7F9002800F046833E
:1018C0007C49204629F0F0F9002800F03D837A4950
:1018D000204629F0E9F9002800F0348377492046B2
:1018E00029F0E2F9002800F02B837549204629F001
:1018F000DBF9002800F022837249204629F0D4F950
:10190000002800F019837049204629F0CDF90028FD
:1019100000F010836D49204629F0C6F9002800F038
:1019200007836B49204629F0BFF9002800F0FE82AA
:101930006849204629F0B8F9002800F0F582664988
:10194000204629F0B1F9002800F0EC8263492046D6
:1019500029F0AAF9002800F0E3826149204629F025
:10196000A3F9002800F0DA825E49204629F09CF9AC
:10197000002800F0D1825C49204629F095F9002822
:1019800000F08B825949204629F08EF9002800F09A
:1019900082825749204629F087F9002800F0798291
:1019A0005449204629F080F9002800F070825249FD
:1019B000204629F079F9002800F067824F49204637
:1019C00029F072F9002800F05E824D49204629F086
:1019D0006BF9002800F055824A49204629F064F945
:1019E000002800F04C824849204629F05DF9002883
:1019F00000F043824549204629F056F9002800F0BE
:101A00003A824349204629F04FF9002800F03182FC
:101A10004049204629F048F9002800F028823E4934
:101A2000204629F041F9002800F01F823B4920465A
:101A300029F03AF9002800F016823949204671E071
:101A4000C8130300D0130300D8130300E0130300EE
:101A5000E8130300F0130300F8130300001403005D
:101A600008140300101403001814030020140300CA
:101A7000281403003014030038140300401403003A
:101A800048140300501403005814030060140300AA
:101A9000681403007014030078140300801403001A
:101AA000881403009014030098140300A01403008A
:101AB000A8140300B0140300B8140300C0140300FA
:101AC000C8140300D0140300D8140300E01403006A
:101AD000E8140300F0140300F814030000150300D9
:101AE0000815030010150300181503002015030046
:101AF00028150300301503003815030040150300B6
:101B00004815030050150300581503006015030025
:101B10006815030070150300781503008015030095
:101B20008815030029F0C0F8002800F09A81DC49EC
:101B3000204629F0B9F8002800F09181D9492046C3
:101B400029F0B2F8002800F08881D749204629F012
:101B5000ABF8002800F07F81D449204629F0A4F892
:101B6000002800F07681D249204629F09DF800280F
:101B700000F06D81CF49204629F096F8002800F04A
:101B80006481CD49204629F08FF8002800F05B8160
:101B9000CA49204629F088F8002800F05281C84937
:101BA000204629F081F8002800F04981C5492046E7
:101BB00029F07AF8002800F04081C349204629F036
:101BC00073F8002800F03781C049204629F06CF8EE
:101BD000002800F02E81BE49204629F065F8002833
:101BE00000F02581BB49204629F05EF8002800F06E
:101BF0001C81B949204629F057F8002800F01381CC
:101C0000B649204629F050F8002800F00A81B4496E
:101C1000204629F049F8002800F0C180B14920464B
:101C200029F042F8002800F0B880AF49204629F09A
:101C30003BF8002800F0AF80AC49204629F034F88A
:101C4000002800F0A680AA49204629F02DF8002897
:101C500000F09D80A749204629F026F8002800F0D2
:101C60009480A549204629F01FF8002800F08B80B9
:101C7000A249204629F018F8002800F08280A049E7
:101C8000204629F011F8002879D09E49204629F0F5
:101C90000BF8002871D09C49204629F005F800284F
:101CA00069D09A49204628F0FFFF002861D0984962
:101CB000204628F0F9FF002855D09649204628F004
:101CC000F3FF00280CBF04204FF0FF3010BD0120AF
:101CD00010BD102010BD042010BD042010BD042034
:101CE00010BD202010BD042010BD042010BD102008
:101CF00010BD4FF0FF3010BD202010BD4FF480709C
:101D000010BD4FF0FF3010BD102010BD802010BD61
:101D1000102010BD4FF0FF307047102010BD102074
:101D200010BD082010BD102010BD102010BD0820CF
:101D300010BD082010BD102010BD102010BD1020B7
:101D400010BD082010BD102010BD082010BD1020AF
:101D500010BD102010BD102010BD042010BD20208B
:101D600010BD102010BD102010BD042010BD10208B
:101D700010BD102010BD082010BD082010BD10207F
:101D800010BD042010BD082010BD102010BD102073
:101D900010BD082010BD102010BD102010BD042063
:101DA00010BD102010BD102010BD082010BD102047
:101DB00010BD102010BD102010BD102010BD10202F
:101DC00010BD102010BD102010BD102010BD10201F
:101DD00010BD102010BD102010BD102010BD10200F
:101DE00010BD102010BD802010BD102010BD10208F
:101DF00010BD102010BD882010BD102010BD102077
:101E000010BD102010BD102010BD102010BD1020DE
:101E100010BD102010BD102010BD102010BD0420DA
:101E200010BD082010BD102010BD042010BD0420DE
:101E300010BD042010BD082010BD082010BD1020CA
:101E400010BD082010BD082010BD102010BD1020AE
:101E500010BD102010BD102010BD082010BD0420A2
:101E600010BD102010BD102010BD102010BD10207E
:101E700010BD102010BD102010BD082010BD08207E
:101E800010BD102010BD102010BD102010BD082066
:101E900010BD082010BD082010BD082010BD00BFD7
:101EA0009015030098150300A0150300A815030062
:101EB000B0150300B8150300C0150300C8150300D2
:101EC000D0150300D8150300E0150300E815030042
:101ED000F0150300F81503000016030008160300B0
:101EE000101603001816030020160300281603001E
:101EF000301603003816030040160300481603008E
:101F000050160300581603006016030068160300FD
:101F10007016030078160300082010BD082010BDBD
:101F2000042010BD042010BD082010BD082010BDE5
:101F3000082010BD082010BD082010BD082010BDCD
:101F4000102010BD102010BD082010BD082010BDAD
:101F5000082010BD082010BD102010BD102010BD9D
:101F6000082010BD082010BD082010BD102010BD95
:101F7000102010BD102010BD102010BD082010BD75
:101F8000102010BD102010BD042010BD102010BD69
:101F9000102010BD102010BD102010BDF8B51D4E32
:101FA00004461D2700253A4631462E301EF0ACFB74
:101FB0003A463146E564A4F8505004F152001EF050
:101FC000A3FB4FF4E13323604FF4164301214DF698
:101FD0007C52A3604FF4964384F85E1162604FF424
:101FE000E1414FF4615223614FF41653E1606261A5
:101FF0004FF49651A3614FF416624FF4966384F840
:10200000705084F84251A585E16122626362A56245
:102010002046F8BD80160300024B3122A3F8702041
:10202000704700BF1890FF1F044B054A1B68A2F8B9
:1020300070301B0C82F87230704700BF241303000D
:102040001890FF1F024B3022A3F87020704700BF8A
:102050001890FF1F044B054A1B68A2F870301B0C38
:1020600082F87230704700BF1C1303001890FF1FE6
:10207000024B2322A3F87020704700BF1890FF1F67
:10208000044B18B13122A3F8702070473022A3F816
:10209000702070471890FF1F024B002283F87020B9
:1020A000704700BF1890FF1F70B5114E23213046B6
:1020B00028F052FC58B1044606F1D200FFF71CF993
:1020C000002804DDA41B844201DAD02800DD70BDA5
:1020D000051B621C3146701928F070FB002DF6DDDF
:1020E0002A4630462021BDE8704028F0E3BB00BFFF
:1020F0008890FF1F30B55A4C83B004F14C00002586
:102100008DF8075000F0D4F804F1280000F0D0F862
:1021100004F5A17104F128000DF1070200F02EF979
:102120000DF1070204F5A17104F14C0000F026F94D
:102130009DF80730002B57D0D222294604F17000B9
:1021400028F0B8FB94F84231063B622B48D8DFE810
:1021500003F083474747474747474747474747476E
:1021600047474747474747474747474747474747FF
:1021700080474747474747474747474747474747B6
:10218000474747474747474747474747477D7A7746
:1021900074716E6B47474747476847474765625DBD
:1021A0005A5747544747474747474747474747478F
:1021B0004747475132000CF053FB94F870307BB125
:1021C000FFF772FF27499DF80720A1F1240000F0D6
:1021D000E9F824499DF80720A1F1480000F0E2F851
:1021E000214B93F8E0360BB903B030BD15F036F94A
:1021F00003B030BD04F030F8DFE70BF0C1FEDCE7E0
:102200000BF0CEFCD9E70AF0BFFDD6E70DF10700D1
:1022100007F0E2FCD1E707F0FFF8CEE707F09EF801
:10222000CBE706F0DDFBC8E702F0DAFAC5E702F01B
:10223000D1F9C2E701F058FCBFE701F029FCBCE787
:1022400001F0DEF9B9E701F079F9B6E700F050F9ED
:10225000B3E70CF0CDFAB0E701F04AF9ADE700BF03
:102260001890FF1F8890FF1F4093FF1F08B51EF0B6
:10227000CDF91EF0CBF90A48FFF790FE094B00227A
:10228000002000211A60C3E908015A60C3E90A016D
:102290009A60C3E90C011A615A61DA6008BD00BF97
:1022A0001890FF1F7891FF1F01600271704700BFF7
:1022B0002DE9F041304E0446002500F10708206862
:1022C00003681B69984700282CDD677957BB206895
:1022D00003685B699847C0B206281CD0831FDBB235
:1022E0001A2B21D826FA03F3DB0712D494F8222004
:1022F000531CDBB22244E1181B2B90718F7136D82E
:10230000232884F8223004D1012B1CD884F82250D1
:10231000A5716771D3E794F82230002BF9D101231E
:102320006371E080BDE8F08194F82220531C2244C0
:10233000DBB29071E2181B2B9771E1D91B23232884
:1023400084F82230E5D1A2793A2ADFD1013B234437
:102350009A79232ADAD19D71404628F071FE01272F
:10236000421C4146A01D28F029FA6771A7E71B23EC
:1023700084F822306771A2E791000004437983B1A9
:1023800070B51678154606B170BD04460846A11D05
:1023900028F0F4FD237984F82260A67166712B7011
:1023A00070BD70470379934200D0704770B50468E0
:1023B0000D4651B1084628F043FE236802462946DF
:1023C00020465B68BDE87040184770BD08B51EF038
:1023D0001DF9BDE808401EF019B900BFFFFFFFFF5F
:1023E0002DE9F047404C94F88F34022B82B006461A
:1023F0000F4602D894F898347BB93C481CF08CFA0C
:10240000A37D012B4FF000024FF0000347D0374867
:1024100002B0BDE8F0471CF023BAD4F8B454D4F8A5
:10242000B08425F0004140460022002325F0A4FEA0
:10243000002842D1D4F8BC94D4F8B8A429F00041C3
:1024400050460022002325F097FE0028D5D05046A4
:102450004946CDE900012B46244842461CF070F95C
:1024600005460028C9D0D4E9A2010022002325F0A6
:102470005BFE78B1D4E9A4010022002325F054FECC
:1024800040B1D4E9A6010022002325F04DFEB0FAA8
:1024900080F56D0984F8905402B0BDE8F0873046AD
:1024A000394625F05FFE68B10BA3D3E900230F483E
:1024B00002B0BDE8F0471CF0D3B9D4F8B8A4D4F802
:1024C000BC94C4E706A3D3E90023084802B0BDE8E2
:1024D000F0471CF0C5B900BF00000060FB21F93FC8
:1024E00000000060FB21F9BF4093FF1F8894FF1F8D
:1024F0002DE9F04FB24D95F843A1AAF12A03F3B0AC
:102500002D2B39D8DFE813F0DE0138003800380011
:1025100038003800CA013D003D003D003D003D004F
:102520003D003D003D003D003800380038003800D7
:102530003800380038003A01BC013A0138009B01EC
:1025400038003800380038003800380038003800CB
:10255000380038002E0038003800380038003800C5
:102560003800D70195F8443133B9DFF858B29BF8F9
:102570007B34002B40F0C68273B0BDE8F04FFFF70C
:102580008BBDAAF13003DBB2069372B68E4B18688E
:1025900062B68E4B984205DDA0F50300A0F55640CB
:1025A0009842F9DC25F05AFF8949DFF818B226F085
:1025B0005DF8884925F0A6FF25F0F6FA0BF59C6436
:1025C000854B002225F048FBD4E9002325F08CF947
:1025D00019F0A2F9814BD3E9027877A3D3E900235C
:1025E000CDE90A7825F038FBCDE9020172A3D3E9E1
:1025F000002354E9020125F02FFB0022CDE9000160
:10260000002326A817F064FF59460EA80EF0FCFF21
:1026100000238DF83830384667A3D3E900234146BC
:1026200025F01AFB0EAF04460D460FCF6E460FC6BF
:1026300097E80300224686E803002B4626A956A801
:1026400017F096FF14AF594614A80EF0DDFF0FCF18
:10265000EC46ACE80F0097E803002B4686E8030041
:10266000224626A964A817F083FF9BF88F340993AC
:10267000069B032B00F008839BF830339BF8602403
:10268000134300F071844F4932A810F035F8DBE9AC
:10269000A2010022002325F047FD002800F0A280BF
:1026A000DBE9A4010022002325F03EFD002800F014
:1026B0009980DBE9A6010022002325F035FD0028E2
:1026C00000F09080099B022B40F2FA829BF8603464
:1026D000012B00F2878032A818F0A8FC064632A829
:1026E0000F4618F099FC044656A80D4618F048FB12
:1026F000804656A8894618F02DFB42464B46CDE948
:102700000001CDE904453648CDE902671CF0BCFA6A
:1027100056A818F035FB804656A8894618F01AFBD3
:102720004B46CDE90001CDE90445CDE902672C48CF
:1027300042461CF011FA9BF86034022B00F04486EC
:102740009BF88F34069A934240F298839BF860344A
:10275000022B00F2F9849BF832338BF87834012194
:10276000AAF12F028BF87D148BF87E2400238BF8BE
:102770003630FFF751FC73B0BDE8F08F114C0120EB
:102780000CF0F6FB20460EF027FF95F84321A2F14E
:102790004102B2FA82F20023520984F87C2484F8C0
:1027A0007D3484F87E3484F87B3473B0BDE8F04F18
:1027B000FFF732BCAFF30080000000A046DF913F7E
:1027C0001890FF1F4093FF1F7891FF1F00D68300D2
:1027D00000D6034B0000C04100002E40F892FF1FBE
:1027E0008894FF1F32A818F021FC044632A80D4639
:1027F00018F012FC064656A80F4618F0C1FA80469B
:1028000056A8894618F0A6FACDE90467CDE900017B
:10281000CDE90245B04842464B461CF035FA099BCB
:10282000022B8DD89BF83233002B40F07B830122A2
:10283000AAF12F038BF87D248BF87E3496E7A74905
:1028400091F83233002B58D09FA3D3E90023D1E96C
:10285000CE0125F001FAA24C0123CDE964010093D9
:1028600064A90022204618F0E7FE204628F0E8FB85
:102870009C490222204473B0BDE8F04F1DF044BFD4
:1028800001200CF075FB954B002283F87B24C3F8E4
:102890007C2473B0BDE8F04FFFF7BEBB95F8443120
:1028A0002C2B2DD0D5F8444143F22C3324F07F4417
:1028B0009C423DD160E60CF06DFF73B0BDE8F04F77
:1028C000FFF7AABB95F844312C2B39D195F8453147
:1028D000722B00F0BA81D5F8444143F22C3224F037
:1028E0007F4494423FF448AE95F846A1BAF1000FF8
:1028F0007FF442AE6D2B2FD03EE600200021AAE7E8
:1029000095F84531722B00F06C81D5F8444143F2C3
:102910002C3224F07F4494423FF42EAE95F84621A9
:10292000002A7FF429AE322B02D06D2B7FF424AE27
:1029300046F62C5300259C420CBF0324022462E17E
:10294000D5F8444143F22C3324F07F449C4218BF15
:102950004FF0000A3FF410AEDFF880B101200CF018
:1029600007FB0BF5DD6001210EF050FF0A201EF081
:102970002BFC9BF8F835002B40F08281574812F071
:1029800001FF9BF8C03480461BB100228BF8C024A5
:10299000984672B6544B186862B6544B984205DD9F
:1029A000A0F50300A0F556409842F9DC25F056FD4D
:1029B0004F49504D25F05AFE4F4925F0A3FD25F013
:1029C000F3F84E4B002225F047F9D5E9002324F017
:1029D0008BFF18F0A1FF4A4BD3E902673CA3D3E970
:1029E000002325F039F9CDE9020139A3D3E9002309
:1029F00055E9020125F030F90022CDE9000100235C
:102A00004AA817F065FDA5F59C613EA80EF0FCFDF7
:102A10002FA3D3E900233046394625F01DF90DF1E7
:102A2000F80C06460F46BCE80F00EE46AEE80F0075
:102A30009CE803003B468EE8030032464AA964A89E
:102A400017F096FD424664A9A5F59C600FF054FB73
:102A5000A5F59C6156A80FF04FFE64A818F090F9F8
:102A6000064664A80F4618F075F902460B4656A8AC
:102A7000CDE9062318F0DAFA804656A8894618F000
:102A8000CBFADDE90623CDE90401CDE90023CDE948
:102A9000028932463B46A5F566701CF05DF80122BE
:102AA00002238BF87D248BF87E34BAF1000F00F0FE
:102AB000E080534600228BF87A348BF88FA48BF891
:102AC0007B24FFF7A9FA56E600000020DCA54C4065
:102AD000000000A046DF913F8894FF1F4093FF1F36
:102AE0008890FF1FE41203007891FF1F00D6830037
:102AF00000D6034B2098FF1F0000C04100002E406D
:102B0000F892FF1F72B6664B186862B6654B984222
:102B100005DDA0F50300A0F556409842F9DC25F04C
:102B20009DFC6149DFF8848125F0A0FD604925F016
:102B3000E9FC25F039F85F4B002225F08DF8D8E943
:102B4000002324F0D1FE18F0E7FE5B4BD3E90245E9
:102B500051A3D3E9002325F07FF8CDE902014EA36C
:102B6000D3E9002358E9020125F076F80022CDE9E7
:102B70000001002356A817F0ABFCA8F59C614AA8F9
:102B80000EF042FD44A3D3E900232046294625F058
:102B900063F84AAC06460F460FCC6D460FC594E865
:102BA00003003B46324685E8030056A964A817F0A7
:102BB000DFFC01200CF0DCF9A8F59C6012F0E2FDCE
:102BC00064A90246A8F59C600FF096FA0023022241
:102BD0008BF87D348BF87E34ABF87A248BF8363062
:102BE000E3E595F84631A3F13004333B062BE4B21C
:102BF0003FF6C2AC95F84731002B7FF4BDAC2546BB
:102C0000002C3FF4B9ACDFF8B4B001200CF0B0F9FF
:102C100058460EF0E1FC01210BF5DD600EF0F6FDEB
:102C20000A201EF0D1FA9BF8F835002B40F076818F
:102C3000012300228BF87D34ABF87E348BF87B24A3
:102C40008BF87A448BF88F54AFE595F84631A3F1B1
:102C50003302062A3FF690AC95F84721002A7FF40C
:102C60008BACD5F84441303B5FFA83FA24F07F44C3
:102C700072E646F62C539C420CBF0323022319E74D
:102C8000584613F01DFF79E6099B022B3FF6F4AC82
:102C9000FFF702FA6FE500BF000000A046DF913F9A
:102CA0007891FF1F00D6830000D6034B2098FF1FAA
:102CB0000000C04100002E40F892FF1F4093FF1F0C
:102CC00032A818F0B3F9064632A80F4618F0A4F956
:102CD000044656A80D4618F053F8804656A8894673
:102CE00018F038F842464B46CDE90001CDE90445DD
:102CF0009B48CDE902671BF0C7FF56A818F040F8C3
:102D0000804656A8894618F025F84B46CDE90001C3
:102D1000CDE90445CDE90267914842461BF01CFF0E
:102D20009BF86034022B7FF47DAD9BF83233002B8F
:102D30003FF47DAD8B493EA80FF0DEFC894812F0D0
:102D400021FD64A9024687480FF0D6F985494AA8B3
:102D50000FF0D2FC4AA818F069F904463EA80D46C7
:102D600018F064F902460B462046294624F0BCFDC3
:102D700006464AA80F4618F04FF904463EA80D46ED
:102D800018F04AF902460B462046294624F0ACFDCD
:102D90006DA3D3E9002304460D463046394625F09D
:102DA000EBF990B10FF2A819D9E9008930463946FC
:102DB00042464B4624F098FD63A3D3E90023064620
:102DC0000F4625F0D9F90028F0D163A3D3E90023F9
:102DD0003046394625F0B2F990B10FF27419D9E9AD
:102DE00000893046394642464B4624F07FFD5AA3BF
:102DF000D3E9002306460F4625F0A0F90028F0D1BC
:102E000051A3D3E900232046294625F0B5F990B116
:102E10000FF23C19D9E900892046294642464B4623
:102E200024F062FD48A3D3E9002304460D4625F0B3
:102E3000A3F90028F0D148A3D3E90023204629466E
:102E400025F07CF990B10FF20819D9E900892046E4
:102E5000294642464B4624F049FD3FA3D3E90023CF
:102E600004460D4625F06AF90028F0D1CDE9004569
:102E70003B4832463B461BF0E1FED0E49BF8322350
:102E8000002A3FF4D4AC022B31D94AAE35499BF825
:102E9000607430460EF0B8FB4CAB0FCB8DE80F00E2
:102EA0002F4896E80C001BF00BFF002204460D464D
:102EB0000023DBE9A20125F037F9002800F00481A6
:102EC000DBE9A4010022002325F02EF9002800F000
:102ED000FB80DBE9A6010022002325F025F900286C
:102EE00000F0F280032F00F24E8200F09982DDE9BB
:102EF0000A01FFF775FA1B4812F044FC64A9024668
:102F000018480FF0F9F8002301228BF878248BF889
:102F10007D348BF87E348BF87B3427E4584613F0ED
:102F2000CFFD85E60F4812F041FC044638B99BF806
:102F30007A34022B03D9069B022B00F0AD829BF85A
:102F40008F34A0E7AFF3008000000060FB21094050
:102F500000000060FB21194000000060FB2109C057
:102F60008894FF1F4093FF1F754B64A9A3F1D802FB
:102F70003EA817F021FE73494AA80FF0BDFB3EA8FA
:102F800018F054F804464AA80D4618F04FF80B46BE
:102F900002462946204624F0A7FC02463EA81746D2
:102FA0000E4618F039F804464AA80D4618F034F8D1
:102FB00002460B462046294624F096FC02460B4664
:102FC00091469846384650A3D3E90023314625F070
:102FD000D3F888B14EA5D5E900453846314622469A
:102FE0002B4624F081FC48A3D3E9002307460E4674
:102FF00025F0C2F80028F0D147A3D3E900233846D2
:10300000314625F09BF888B141A5D5E90045384601
:10301000314622462B4624F069FC3FA3D3E9002326
:1030200007460E4625F08AF80028F0D136A3D3E9EA
:1030300000234846414625F09FF888B134A5D5E9DC
:1030400000454846414622462B4624F04DFC2EA31F
:10305000D3E900238146884625F08EF80028F0D178
:103060002DA3D3E900234846414625F067F888B1EF
:1030700027A5D5E900454846414622462B4624F07F
:1030800035FC25A3D3E900238146884625F056F870
:103090000028F0D14A4628F00043384626F0004187
:1030A00024F024FC1EA3D3E9002325F065F80028B2
:1030B0003FF4E9AA234812F065FB64A902462148BF
:1030C0000FF01AF8FFF7DFBA17A3D3E90023204661
:1030D000294625F03DF800283FF404AF14A3D3E9B6
:1030E00000232046294624F0B7FD13A3D3E900238B
:1030F00024F0B2FD25F0A8F80123CBF894048BF856
:103100009034F8E6AFF3008000000060FB21094036
:1031100000000060FB21194000000060FB2109C095
:10312000000000A046DF913F000000604B10233FED
:1031300000000020DCA54C40000000000020AC4056
:10314000C895FF1F4093FF1F1AAE3046B2490EF0DC
:103150005BFA1CAB0FCB8DE80F00B04896E80C0073
:103160001BF0AEFD0024002506460F462246DBE993
:10317000A2012B46CDE90C4524F0D6FF00283FF4F0
:10318000EAAADBE9A40122462B4624F0CDFF002861
:103190003FF4E1AADBE9A60122462B4624F0C4FF56
:1031A00000283FF4D8AA90A3D3E90023304639463B
:1031B00024F0E2FF00283FF4CEAA974920A820AED1
:1031C0000EF022FA0FCE6F460FC796E803000022DA
:1031D00087E8030091480CA91CF008FD00283FF483
:1031E000BAAA83A3D3E90023DDE90C0124F034FD5E
:1031F00081A3D3E9002324F02FFD25F025F82B46E9
:10320000CBF894042246DBE9A20124F08DFF0346AB
:1032100080B12B46DBE9A401224624F085FF03465A
:1032200040B12B46DBE9A601224624F07DFF031EB8
:1032300018BF012383F0010377498BF890343EA82F
:103240000FF05AFA744812F09DFA64A902467248C7
:103250000EF052FF70494AA80FF04EFA4AA817F034
:10326000E5FE04463EA80D4617F0E0FE02460B467A
:103270002046294624F038FB06464AA80F4617F098
:10328000CBFE04463EA80D4617F0C6FE02460B468E
:103290002046294624F028FB59A3D3E900230446FD
:1032A0000D463046394624F067FF90B10FF25819A9
:1032B000D9E900893046394642464B4624F014FB92
:1032C0004FA3D3E9002306460F4624F055FF0028FC
:1032D000F0D14FA3D3E900233046394624F02EFF26
:1032E00090B10FF22419D9E9008930463946424697
:1032F0004B4624F0FBFA46A3D3E9002306460F46CB
:1033000024F01CFF0028F0D13DA3D3E90023204680
:10331000294624F031FF90B10FF2EC09D9E9008978
:103320002046294642464B4624F0DEFA34A3D3E930
:10333000002304460D4624F01FFF0028F0D134A3DB
:10334000D3E900232046294624F0F8FE90B10FF27D
:10335000B809D9E900892046294642464B4624F05F
:10336000C5FA2BA3D3E9002304460D4624F0E6FE5C
:103370000028F0D1CDE90045284832463B461BF0F5
:103380005DFCFFF7E8B90CF0ABF900283FF4AFADF6
:10339000DBE9A2010022002324F0C6FE00283FF44E
:1033A000AAADDBE9A4010022002324F0BDFE002821
:1033B0003FF4A1ADDBE9A6010022002324F0B4FE16
:1033C00000287FF494AD96E59BF83233002B7FF410
:1033D000B1AC9BF88F34069A93423FF6B7A9FFF73A
:1033E00026BA00BFAFF30080000000C0A555E43E40
:1033F00000000020DCA54C40000000000020AC4094
:1034000000000060FB21094000000060FB21194022
:1034100000000060FB2109C04093FF1F8894FF1F3C
:103420000FCE6F4600240025CDE93E450FC796E834
:103430000300002287E8030027483EA91CF0D6FBC2
:1034400000283FF454AD20A3D3E90023DDE93E0179
:1034500024F002FC1EA3D3E9002324F0FDFB24F09A
:10346000F3FE2246CBF894042B46DBE9A20124F0BC
:103470005BFE28B3DBE9A40122462B4624F054FE70
:10348000F0B1DBE9A60122462B4624F04DFEB8B18F
:1034900000238BF890342AE5104812F073F964A9E0
:1034A00002460E480EF028FE032301228BF87B24EF
:1034B0008BF87D348BF87E348BF87844FFF756B95F
:1034C00001238BF8903416E500000020DCA54C4069
:1034D000000000000020AC408894FF1F4093FF1FB5
:1034E00008B51DF093F8BDE808401DF08FB800BF87
:1034F0000C4B9B7D022B0DD005D8012B0ED10A4B16
:1035000047221A807047033B012B07D8064B412204
:103510001A807047044B50221A807047024B4C228D
:103520001A8070474093FF1F8890FF1F08B51DF059
:103530006DF8BDE808401DF069B800BF10B5294B13
:1035400093F843312B2B27D02D2B24D1264CD4F8A4
:10355000A418FF2935DC1E2940DC1F212D2BC4F8BF
:10356000A4182FD02B2B0FD1084624F077FF1F492A
:1035700024F0C8FF25F0A2F90146C4F8A408FF29E9
:1035800011DDFF21C4F8A41806201DF07BFCBDE866
:103590001040FEF781BD10BD134CD4F8A418FF29CC
:1035A000D9DDFF21E0E71E29D8BF1F214FF006001B
:1035B000D8BFC4F8A4181DF065FCBDE81040FEF7A4
:1035C0006BBDFF21084624F049FF084925F04EF85D
:1035D00025F074F90146C4F8A408D0E72D2BC1D119
:1035E000F0E700BF1890FF1F4093FF1F3333B33F36
:1035F00008B51DF00BF8BDE808401DF007B800BF86
:103600002DE9F047C04CB4B0204612F09FF810B13D
:1036100034B0BDE8F087204612F0A8F80028F7D1B2
:10362000BA4D95F84331412B09D04D3BDBB2082B05
:10363000EED840F2411222FA03F3DB07E8D5B24894
:1036400012F0A0F894F8C03480461BB1002284F830
:10365000C024984695F84331413B142BD8D801A299
:1036600052F823F0393900001136000011360000FD
:10367000113600001136000011360000113600002E
:10368000113600001136000011360000113600001E
:1036900011360000B9360000113600001136000066
:1036A000113600001136000011360000B936000056
:1036B00011360000E937000094F87C34002B00F04C
:1036C0005C8172B6924B186862B6924B984205DDE7
:1036D000A0F50300A0F556409842F9DC24F0BEFEA8
:1036E0008D49DFF83892DFF838A224F0BFFF8D490A
:1036F00024F008FF24F058FA8B4B002224F0ACFA97
:10370000D9E9002324F0F0F818F006F97CA3D3E9F6
:10371000002324F0A1FACDE9020179A3D3E9002323
:1037200059E9020124F098FA0022CDE900010023B2
:103730000EA816F0CDFE72A3D3E90023DAE9020148
:1037400024F08AFA06460F4608A8A9F59C610DF0F8
:103750005BFF0DF1200CBCE80F00EE46AEE80F0059
:103760009CE803003B468EE8030032460EA926A8DB
:1037700016F0FEFE94F83033002B00F060816249B1
:103780001AA80EF0B9FF26A817F0FAFA064626A8DE
:103790000F4617F0DFFA02460B461AA8CDE90623BA
:1037A00017F044FC80461AA8894617F035FCDDE97D
:1037B0000623CDE90401CDE90023CDE902893B468A
:1037C0005A4832461BF0C8F994F83233002B40F0C7
:1037D000238195F843314D2B00F017814A4834B0CE
:1037E000BDE8F04713F06CB90E200BF095F90546D3
:1037F0001CF042FF00240346681C63F307041CF01E
:103800003BFF60F30F24A81C1CF036FF0346E81CA6
:1038100063F317441CF030FF60F31F64204624F06C
:10382000C3F93E4E02460B461220C6E900230BF0B8
:1038300073F905461CF020FF002460F30704681CA0
:103840001CF01AFF60F30F24A81C1CF015FF0346A0
:10385000E81C63F317441CF00FFF60F31F6420465D
:1038600024F0A2F946E9020172B6294B186862B643
:10387000284B984205DDA0F50300A0F5564098427C
:10388000F9DC24F0EBFD244924F0F0FE254924F076
:1038900039FE24F089F9244B002224F0DDF9D6E921
:1038A000002324F021F818F037F815A3D3E90023FA
:1038B00024F0D2F9CDE9020111A3D3E9002356E99E
:1038C000020124F0C9F90022CDE90001002326A855
:1038D00016F0FEFD12490AA3D3E90023D1E9020143
:1038E00024F0BAF94246CDE90001074826A90EF0B6
:1038F000DBFB0F4A0F4B92E803001860197187E653
:10390000000000A046DF913F4093FF1F1890FF1F6B
:103910007891FF1F00D6830000D6034B2098FF1F2D
:10392000F892FF1F0000C04100002E408894FF1F46
:10393000A01603008890FF1F474C01210491D4E991
:10394000000143A3D3E9002324F086F9CDE9020165
:103950003FA3D3E9002354E9020124F07DF90022BA
:10396000CDE90001002326A817F072F8424626A9E7
:10397000A4F59A600EF0C0FBBBE772B6374B18682F
:1039800062B6374A904205DDA0F50300A0F5564027
:103990009042F9DC24F062FD3249334C24F066FE9B
:1039A000324924F0AFFD24F0FFF8314B002224F01F
:1039B00053F9D4E9002323F097FF17F0ADFF24A3B8
:1039C000D3E9002324F048F9CDE9020120A3D3E98B
:1039D000002354E9020124F03FF90022CDE900015F
:1039E000002326A816F074FD224BD3E9020118A388
:1039F000D3E9002324F030F94246CDE9000126A99D
:103A0000A4F59C600EF050FBE3E61B4B93E803002B
:103A1000286785F87410E1E6DAE90201FEF7E0FCB8
:103A2000164811F0AFFE26A9024614480EF064FBBA
:103A30000122002384F8782484F87C34C9E64246C5
:103A4000A9F59C6026A90EF057FB98E6AFF300801D
:103A5000000000A046DF913F1098FF1F7891FF1FE4
:103A600000D6830000D6034B2098FF1F0000C04102
:103A700000002E40F892FF1FA01603004093FF1F86
:103A800008B51CF0C3FDBDE808401CF0BFBD00BF79
:103A900010B50D4C94F8433103B110BD0B4811F033
:103AA0005FFE68B17F23A4F87030094C204627F0F0
:103AB000C7FA084920440222BDE810401CF024BE89
:103AC00084F87000F1E700BF1890FF1F4093FF1FBC
:103AD0008890FF1FE412030008B51CF097FDBDE8B5
:103AE00008401CF093BD00BF2DE9F04F824A92F8C8
:103AF0004331413BA3B00C2B13D8DFE803F007128E
:103B00007E2C1212121212121212170092F8443165
:103B1000512B00F03C82532B00F0CF81452B00F05D
:103B2000648123B0BDE8F04FFEF7B6BA92F8443195
:103B3000532B7AD0412B00F02683552B00F07A834B
:103B4000512BEED16D4B002283F8362023B0BDE817
:103B5000F04FFEF761BA694C94F83630012B00F053
:103B6000E380022B59D1012104F59A650491D5E92E
:103B700000015FA3D3E9002324F06EF8CDE9020130
:103B80005BA3D3E9002355E9020124F065F814AEE4
:103B9000CDE9000100220023304616F059FF2046EF
:103BA00011F0F0FD12AA10AB0C920B930A9018AD15
:103BB0000FCD6C460FC40FCD0FC495E8030084E809
:103BC000030096E80F0013F067FA4D490446109879
:103BD00024F098FC24F072FE49490546129824F01E
:103BE00091FC24F06BFE474900902B464648224644
:103BF00026F07EFD23B0BDE8F08F92F84431532BC0
:103C000000F09681542B00F0E880452B00F08C8169
:103C100023B0BDE8F04FFEF72BBA002339490093DB
:103C20001A46394826F064FDE4E772B6374B186847
:103C300062B6374B984205DDA0F50300A0F556406B
:103C40009842F9DC24F00AFC32492C4F24F00EFD96
:103C5000314924F057FC23F0A7FF07F59C642F4B54
:103C6000002223F0F9FFD4E9002323F03DFE17F0F2
:103C700053FE1FA3D3E9002323F0EEFFCDE9020199
:103C80001BA3D3E9002354E9020123F0E5FF14AE9E
:103C9000CDE9000100220023304616F019FC384619
:103CA00011F070FD12AB0D931D4910AB0C938046C3
:103CB0000FA3D3E90023D1E9020123F0CDFFCDE921
:103CC0000A01CDF8208018AD0FCD6C460FC495E8E1
:103CD0000F0084E80F0096E80F0013F079FB1149FC
:103CE0000246094826F004FD012387F8363081E7B3
:103CF000000000A046DF913F1890FF1F4093FF1F78
:103D000000007042A81603008890FF1F7891FF1FE3
:103D100000D6830000D6034B0000C04100002E40B7
:103D2000F892FF1FB816030072B69F4B186862B670
:103D30009E4B984205DDA0F50300A0F55640984241
:103D4000F9DC24F08BFB9A499A4C24F08FFC9A49B9
:103D500024F0D8FB23F028FF984B002223F07CFFAF
:103D6000D4E9002323F0C0FD17F0D6FD8CA3D3E9DE
:103D7000002323F071FFCDE9020189A3D3E90023D9
:103D800054E9020123F068FF14AECDE900010022DE
:103D90000023304616F09CFBA4F59C6011F0F2FC69
:103DA00012AC87490D94074610ACD1E902017CA3FF
:103DB000D3E900230C9423F04FFFCDE90A010897C3
:103DC00018AD0FCD6C460FC495E80F0084E80F00C6
:103DD00096E80F0013F0FCFAF7E67A480EF09EF929
:103DE00023B0BDE8F04FFEF71FB9764C10A920466E
:103DF00014AB12AA0EF07AFC94F88BA6DDE9100140
:103E0000BAF1000F40F0E2804FF0000A94F8AB36B0
:103E1000DDE91267002B00F0B381D4F8BC361A7CC0
:103E2000012A40F2538372B6D3F80CB062B6D4F8CC
:103E3000B8360F93ABEB0305284623F0A3FE624B85
:103E40008046D3E9002330468946394623F04CFDAD
:103E50000F9A5A4506460F4600F092810022002331
:103E600024F062F9002840F08B81574B002DA3F11C
:103E7000100B4FF000024FF0000339463046D4BF1C
:103E80000025012524F078F9002818BF85F00105E8
:103E900084F8A95632463B464046494624F006F887
:103EA00021F00041C4F8A006CBF80410BAF1000FCD
:103EB00000F06681FEF7B8F89CE6424C00232046ED
:103EC00084F87D360EF01EFA14AB12AA10A9204613
:103ED0000EF00CFCDDE9100104F5D262C2E900012C
:103EE000D4F89C361A7C012A40F2018172B6DA6855
:103EF00062B6DDE91201344DC4F898260123C5E904
:103F0000000184F88B36D4F8BC361A7C012A40F2C2
:103F1000348272B6DA6862B60123C4F8B82684F82F
:103F2000AB36FEF781F865E626480EF0EBF957E769
:103F3000244C94F83630012B00F08A80022B7FF459
:103F40004FAF012104F59A650491D5E9000114A34E
:103F5000D3E9002323F080FECDE9020110A3D3E9C9
:103F6000002355E9020123F077FE0023CDE900018B
:103F7000002214A816F06CFD204611F003FC14A9D1
:103F8000024620460EF0B8F8FEF74EF832E60D4B2A
:103F9000002283F88B2683F8AB2621E7AFF300805D
:103FA000000000A046DF913F7891FF1F00D68300FC
:103FB00000D6034B2098FF1F0000C04100002E4098
:103FC000F892FF1F4093FF1FF099FF1FD4F89C3613
:103FD0001A7C012A40F2298272B6D3F80C9062B69C
:103FE000894DD4F89886D5E9002323F07DFCC84597
:103FF00006460F463FF408AF0022002324F094F851
:1040000000287FF401AFA9EB0808B8F1000F4FF0CA
:1040100000024FF0000339463046D4BF4FF000098C
:104020004FF0010924F0A8F8002818BF89F0010911
:1040300084F88996404623F0A5FD32463B4623F09E
:1040400035FF21F00041C4F8800645F80C1CDDE680
:1040500072B66E4B186862B66D4B984205DDA0F5DE
:104060000300A0F556409842F9DC24F0F7F96949BD
:10407000694C24F0FBFA694924F044FA23F094FDDA
:10408000674B002223F0E8FDD4E9002323F02CFC49
:1040900017F042FC5AA3D3E9002323F0DDFDCDE95C
:1040A000020157A3D3E9002354E9020123F0D4FD10
:1040B0000022CDE90001002314A816F009FAA4F5A6
:1040C0009C6011F05FFB57494DA3D3E900230546DF
:1040D000D1E9020123F0C0FD06460F46CDE9006795
:1040E0002A4614A9A4F59C600DF0DEFFE2E672B644
:1040F0001A68586811781A7A007811405A7A104272
:1041000000F08A819A7A02F0030209B142F00402B7
:1041100042F008029108013A99720D2A3FF6E7AE83
:1041200001A151F822F000BF694100006141000087
:104130007941000061410000EF3E00007141000044
:10414000694100006941000071410000EF3E00003C
:1041500061410000794100006141000069410000B7
:10416000DA68013ADA60C3E6DA680132DA60BFE69B
:10417000DA68023ADA60BBE6DA680232DA60B7E699
:10418000FDF768FF36E5284F012107F59A64049191
:10419000D4E900011AA3D3E9002323F05DFDCDE9A2
:1041A000020117A3D3E9002354E9020123F054FDCF
:1041B00014AECDE9000100220023304616F048FC81
:1041C000384611F0DFFA12AB0C9310AB0B930A9048
:1041D00018AD0FCD6C460FC40FCD0FC495E803008A
:1041E00084E8030096E80F0012F056FF0F490246DC
:1041F0000F4826F07DFA022387F83630FAE400BF34
:10420000000000A046DF913FD099FF1F7891FF1F6B
:1042100000D6830000D6034B2098FF1F0000C0414A
:1042200000002E40F892FF1F4093FF1FB8160300B6
:104230008890FF1F0E200AF06FFC05461CF01CFA48
:1042400000240346681C63F307041CF015FA0346B8
:10425000A81C63F30F241CF00FFA0346E81C63F359
:1042600017441CF009FA60F31F64204623F09CFCFD
:10427000BB4F02460B461220C7E900230AF04CFC54
:1042800005461CF0F9F900240346681C63F3070493
:104290001CF0F2F960F30F24A81C1CF0EDF90346A2
:1042A000E81C63F317441CF0E7F960F31F64204631
:1042B00023F07AFC47E9020172B6AA4B186862B68D
:1042C000A94B984205DDA0F50300A0F556409842A1
:1042D000F9DC24F0C3F8A549DFF8948224F0C6F98C
:1042E000A44924F00FF923F05FFCA34B002223F034
:1042F000B3FCD7E9002323F0F7FA17F00DFB96A3E0
:10430000D3E9002323F0A8FCCDE9020157E902011B
:1043100091A3D3E9002323F09FFC14AECDE9000163
:1043200000220023304616F0D3F8404611F02AFA56
:1043300012AB0D93914910AB0C93074686A3D3E9BA
:104340000023D1E9020123F087FCCDE90A01089797
:1043500018AD0FCD6C460FC495E80F0084E80F0030
:1043600096E80F0013F034F885490246854826F098
:10437000BFF9012388F836303CE472B61A685868F1
:1043800011781A7A007811405A7A10423CD09A7A01
:1043900002F0030209B142F0040242F0080291085F
:1043A000013A99720D2A3FF6B5AD01A151F822F0FC
:1043B000F1430000E943000001440000E94300002C
:1043C000153F0000F9430000F1430000F1430000F5
:1043D000F9430000153F0000E943000001440000DC
:1043E000E9430000F1430000DA68013ADA6092E53F
:1043F000DA680132DA608EE5DA68023ADA608AE574
:10440000DA680232DA6086E59A7A02F0030200295D
:10441000C5D042F00402C2E79A7A02F003020029F2
:104420003FF478AE42F0040274E672B61A6815786A
:104430005A6816781A7A15405A7A164200F0B880EF
:104440009A7A02F003020DB142F0040242F008022F
:104450009508013A9D720D2A3FF6BFAD01A555F8AA
:1044600022F000BFA94400009D440000C1440000A8
:104470009D440000DB3F0000B5440000A94400005B
:10448000A9440000B5440000DB3F00009D4400004B
:10449000C14400009D440000A9440000DA6802F114
:1044A000FF39C3F80C909AE5DA6802F10109C3F804
:1044B0000C9094E5DA68A2F10209C3F80C908EE53D
:1044C000DA6802F10209C3F80C9088E572B61A683E
:1044D00011785A6810781A7A11405A7A10425FD0CF
:1044E0009A7A02F0030209B142F0040242F0080293
:1044F0009108013A99720D2A3FF696AC01A151F844
:1045000022F000BF494500003D45000095450000F0
:104510003D450000293E0000894500004945000056
:104520004945000089450000293E00003D45000046
:10453000954500003D45000049450000DA6802F15C
:10454000FF3BC3F80CB071E4DA6802F1010BC3F869
:104550000CB06BE4AFF30080000000A046DF913F99
:104560002098FF1F7891FF1F00D6830000D6034BD1
:104570004093FF1F0000C04100002E40F892FF1F33
:10458000B81603008890FF1FDA68A2F1020BC3F887
:104590000CB04BE4DA6802F1020BC3F80CB045E44E
:1045A0009A7A02F003020029A2D042F004029FE7A7
:1045B0009A7A02F00302002D3FF44AAF42F004025F
:1045C00046E700BF08B51CF021F8BDE808401CF024
:1045D0001DB800BF2DE9F0435F4B93F837508BB007
:1045E00055B95E4B93F843313F2B00F0A7800BB0D9
:1045F000BDE8F043FDF750BD00233A22CDE9022388
:1046000004930593069307930893ADF824301DF0A7
:10461000E9FD01E01DF01EFE1DF008FE0028F9DC9A
:1046200002AF384626F00CFD4D494C4E384426F07A
:1046300071FA4C490222C41B1CF066F896F843310B
:10464000572B29D83E2B12D8213BDBB2172B09D888
:104650004549012202FA03F3194081BB41F20942A4
:10466000134212D1FDF718FD0BB0BDE8F0833F3BBC
:104670003E49DBB2012202FA03F31940F1B93C4A88
:104680001A40E2B93B4A1342ECD0611C38461DF097
:1046900021FD1DF0A7FDE5E7613BDBB21D2BE1D855
:1046A000012202FA03F3344A1A4008D133490B427B
:1046B00004D1334A1A40002AD4D0E6E70025DFF8B7
:1046C000C4803846611C1DF005FD1DF08BFDD8F837
:1046D00000300093009FD8F800300193019B07F54C
:1046E000FA779F4225D900244FF4965914E01DF023
:1046F000B1FD3319C0B2013483F870001DBB23280B
:1047000027D0D02C15DC331983F87050D8F800303E
:104710000193019B9F420CD91DF088FD0028E6DC27
:104720004B46013BFDD1D8F800300193019B9F42DD
:10473000F2D8FDF787FC0BB0BDE8F0830BB0BDE805
:10474000F043FDF787BC0022312883F871208BD01D
:10475000EFE783F8715087E74093FF1F1890FF1F22
:104760005A91FF1FE41203000080FF000540800003
:104770001004010100011600045102000100802014
:104780004000040034A0FF1F08B51BF03FFFBDE848
:1047900008401BF03BBF00BF70B5044682B0D0E9B3
:1047A000000117F0BFF80B4D95F8EE600122C4E947
:1047B0000001002321460096284616F03DFF2846BA
:1047C00026F03EFC04490222284402B0BDE87040B5
:1047D0001BF09ABF8890FF1FE4120300FFFFFFFF4A
:1047E0002DE9F047924C94F84321A2F1280392B0AE
:1047F0004C2B00F29980DFE813F0EB00D900970012
:1048000097009700970097009700970097009700F0
:1048100097009700970097009700970097009700E0
:10482000970097009700970097009700D90097008E
:104830003502EB00970097009302970097009700CE
:1048400097004D009C009C009C0097009700EB0097
:10485000A402FB0197002F010502CB029700D900AB
:104860009700970097009700970097004D009700DA
:10487000C201B201A8019701C601DC0297009700AE
:10488000970097007102A002F50197009700E001E0
:104890009700D0021CF092FA664B67490446D86A2A
:1048A00023F030FE24F00AF80346DB17201A634C8D
:1048B00063EB4301C4E9060113F01EFD0646D4E98B
:1048C000060113F0EDFC23F0C9FD5D4923F0CEFE97
:1048D0000546304623F0C2FD0146284623F00AFD76
:1048E0000546D4E9060113F0F1FC23F0B7FD524967
:1048F00023F0BCFE294623F0FDFC23F055F9514D71
:1049000002460B462146E1E90A230122284616F019
:10491000F7FD284626F094FB4B490222284412B0AA
:10492000BDE8F0471BF0F0BE12B0BDE8F047FDF760
:104930009FBBA2F14D05454F05EB45086FF05906A9
:1049400008EBC808361B07F10F094644BA4606EBC8
:104950000A001BF091FE0AF8010F002800F0B18256
:10496000D145F4D13A4937482A4625F0C1FE3548A9
:1049700026F066FB0E2817D8324E002508F11508E0
:1049800008EB050420461BF077FE17F8019F8145D0
:1049900005F101054946204601D01BF087FE30464F
:1049A00026F04EFB8542EBDD264DB5E7294904A8EC
:1049B0000EF04EF894F84331412B00F011835A2B3E
:1049C00000F04583292B00F0688312B0BDE8F08722
:1049D000184913A3D3E90023D1E9020123F03CF9DC
:1049E0000B4602461B4904A80DF0BAFE94F8433169
:1049F000522B00F09682442B00F03483282BE4D114
:104A000004A815F03DFE08A3D3E9002323F024F900
:104A100002460B4602A8CDE90223FFF7BDFED4E70C
:104A2000000000A046DF913F00000020DCA54C40C4
:104A30001890FF1FF892FF1F000061457891FF1F3B
:104A4000000070428890FF1FE41203008790FF1F50
:104A5000FC1603004093FF1F94F84431423B2E2B79
:104A60003FF662AF01A252F823F000BF9F4E000054
:104A700029490000854E000029490000294900000D
:104A8000294900002949000029490000294900005E
:104A9000294900002949000029490000714E000001
:104AA00029490000ED4D0000294900002949000076
:104AB00029490000DB4D0000294900002949000078
:104AC000294900002949000029490000294900001E
:104AD000294900002949000029490000294900000E
:104AE000294900002949000029490000D34D000050
:104AF00029490000294900002949000029490000EE
:104B000029490000294900002949000029490000DD
:104B100029490000294900002949000029490000CD
:104B200029490000BF4D0000B14BD3E9000123F03B
:104B30008BFB04AB002200211BF06EFF04A9AD48E3
:104B400025F0E8FFAC490222E9E6AC4BAC49B3F9E9
:104B50001820A84812B0BDE8F04725F0C9BD94F868
:104B600044314C2B00F0D881A24D94F85E010090A6
:104B7000A44900220123284616F05EFDC9E69D4B9C
:104B8000A14A1A6021E794F84401A049994CA0F188
:104B900066000123B0FA80F040091A4600902046D2
:104BA00016F04AFD204626F04BFA93490222204493
:104BB00012B0BDE8F0471BF0A7BD94F844314C2B70
:104BC00000F0A5819249934B8A4D0022D1E9000162
:104BD00023F06CF90F460646CDE9046794F85E2190
:104BE00004A993E68C4B8D49D3F82C218148B1E779
:104BF000894C94F80A35002B40F0CC810020052226
:104C000004AB98E7844EB47D022C00F0D58100F20D
:104C10004A81012C40F0DA81764D284626F010FAC0
:104C20007F49022228441BF06FFD96F80A3571482F
:104C3000002B00F0508126F003FA7A490222284422
:104C40001BF062FD744810F089FD002800F04B81D4
:104C5000684826F0F5F97449022228441BF054FDF7
:104C6000644857E61CF0AAF8644B7049704D04463E
:104C7000D86A23F047FC23F021FE0346DB17201AF5
:104C800063EB4301C5E9060113F062FB0446D5E975
:104C9000060113F0EFFA0646D5E9060113F042FBD0
:104CA0000746D5E9060113F027FBD5E9060113F005
:104CB000F7FAD5E9060113F009FB5E4A4D4882FB7D
:104CC0000412E317C3EB6213642202FB13445A4934
:104CD00000943B46324625F00BFD76E64E48454DA6
:104CE00010F050FD554B1B682B801A0C0128AA7040
:104CF00000F08B810228B3D1474810F057FD0028FF
:104D000040F0FC813D490023D1E90201002223F05B
:104D100029FA002814BF5723452384F870309FE7F1
:104D2000364BD86A22F040FF0B46454902463148CF
:104D300012B0BDE8F04725F0DBBC424A42492D489D
:104D400008E772B63A4B186862B6404B984205DDE8
:104D5000A0F50300A0F556409842F9DC23F07EFB55
:104D60003B4923F083FC3B4923F0CCFB22F01CFFA2
:104D700094F8444102460B464C2CCDE9042300F044
:104D800004811C4C012204A9204616F0B9FB09E756
:104D900012B0BDE8F04702F057B894F844012E492C
:104DA000144CA0F16600B0FA80F040090022012303
:104DB000F4E6194B2949D3F828210E48CAE6284AB7
:104DC0000C4B07CA03C318460B4900F8012B0222FB
:104DD000A5E5244907480322BCE6234A054B92E88F
:104DE0000300232283E803001A81EEE51F4AE7E768
:104DF0004098FF1F8890FF1FE4120300F892FF1FE6
:104E0000E01603001898FF1F323423000893FF1F99
:104E10002098FF1F00002E404093FF1F0C17030037
:104E20006017030068170300701703000000614556
:104E30007891FF1F1F85EB51BC1603000417030078
:104E4000E81603001293FF1F0817030000D6830023
:104E500000D6034B0000C0410093FF1FF41603006F
:104E600040170300581703004C17030034170300C2
:104E7000AF4AB04B92E80300022218601971581D26
:104E8000AD494CE5AD4AAB4B07CA03C323F8022B2F
:104E90001846140CA84900F8014B02223FE5A84926
:104EA000A448F02256E6033C012C00F28F80A14D6D
:104EB000284626F0C5F8A349022228441BF024FC0A
:104EC000B3E694F87030002B3FF44CAD994D284672
:104ED00026F0B6F820E526F0B3F89B4902222844D4
:104EE0001BF012FCAEE6994810F030FC002840F0B0
:104EF000A58096F878348F48002B00F0978026F034
:104F00009FF89349022228441BF0FEFBA8E6914B30
:104F10009149D3E900230AE78E4B8F4953E90223D5
:104F200005E794F844314C2B00F0BB8072B68B4BF4
:104F3000186862B68A4B984205DDA0F50300A0F51B
:104F400056409842F9DC23F089FA8649794D23F0DE
:104F50008DFB854923F0D6FA22F026FE6CA3D3E917
:104F6000002322F079FE02460B4604A815F09CFBB4
:104F700069A3D3E9002322F06FFE0F460646CDE970
:104F8000026794F85E2102A9C0E47849694825F0D7
:104F9000AFFB1AE5204610F0E3FB00287FF42EAEAD
:104FA00004F5A2645EA3D3E90023D4E9000122F052
:104FB00053FE23F049F922E65E4D284626F040F8DC
:104FC0006B49224628441BF09FFB2EE6594D28468C
:104FD00026F036F86749022228441BF095FB24E6A8
:104FE00004A815F0B7FE50A3D3E9002322F034FE45
:104FF000504D94F85E410094CDE902010022012356
:1050000002A9284616F018FB83E4504810F0CEFBA6
:10501000002875D158490023D1E90201002223F06C
:10502000A1F8002814BF4523572376E626F008F898
:105030005249022228441BF067FB11E63D4825F047
:10504000FFFF4B49022228441BF05EFB08E604A840
:1050500015F086FE34A3D3E9002322F0FDFD16F0FF
:105060007BFCD5E404A815F00FFB2FA3D3E90023A4
:1050700022F0F2FD94F8445102460B464C2DCDE946
:1050800002233FD02B4D94F85E010090002202A92C
:105090000123284616F0D0FA3BE404A815F056FE8A
:1050A000B1E472B62D4B186862B62D4B984205DDFF
:1050B000A0F50300A0F556409842F9DC23F0CEF9A4
:1050C000284923F0D3FA284923F01CFA22F06CFD7A
:1050D0000FA3D3E9002322F0BFFD02460B4604A82C
:1050E00015F0E2FA10A3D3E9002322F0B5FD024641
:1050F0000B461048224925F0FBFA66E457230CE6DC
:1051000045230AE614490B4825F0F2FA5DE400BF96
:105110000000004052C1D03F000000A0C88E0E40E9
:10512000000000E006154E4000000020DCA54C40C9
:105130002C1703008890FF1FE412030020170300C0
:1051400058170300201903006C1703004093FF1F3A
:10515000F81103002098FF1FD41603007891FF1F59
:1051600000D6830000D6034B0000C0411417030093
:105170005C17030064170300F892FF1F7417030005
:10518000CC16030008B51BF041FABDE808401BF03F
:105190003DBA00BF10B4204B93F8842085B03AB9D3
:1051A000002093F83C20EAB9002005B010BC7047FD
:1051B0001A49D3F890000A680092009A121AB2F5C0
:1051C000FA6FEDD293F87420002AE9D00A680192B0
:1051D0000198D3F88020801AB0F5FA6F2CBF002018
:1051E0000120DEE70D491C6F0A680292029A121B29
:1051F000B2F5FA6FD8D293F8B420002AD4D00A6856
:105200000392D3F8B820039B9B1AB3F5FA6F2CBF17
:10521000002000F00100C8E74093FF1F34A0FF1FEB
:105220002DE9F04F87B01BF0C9FD0021044613F0B3
:105230008FF800210646204613F01CF80021054691
:10524000204613F06FF86B1E012B98BF06F1FF3656
:105250008046304698BF0C3523F000F9D649064603
:1052600023F004FA1FF0CAFBD4490746304623F066
:10527000FDF91FF0C3FBD249034630461E4623F01A
:1052800041F91FF0BBFB8146284623F0E7F84FF0B9
:105290007E5123F02FF8CB4923F034F91FF0AEFBF9
:1052A000394605464FF0804023F022F8314623F07E
:1052B00021F822F079FC064648460F4622F074FC9D
:1052C00002460B463046394622F010FB0646284679
:1052D0000F4622F069FC02460B463046394622F062
:1052E00005FB064640460F4622F04CFC02460B46A4
:1052F0003046394622F0FAFA99A3D3E9002322F086
:10530000F5FA82468B462046002112F0F5FF002177
:105310000646204612F0C4FF23F0A0F8AA4923F065
:10532000A5F90546304623F099F80146284622F0B3
:10533000E1FF0021034620461C4612F0C7FF23F080
:105340008DF8A24923F092F9214622F0D3FF22F0F2
:105350002BFC9F4BCDE9000100225046594622F01C
:10536000C5FA1FF07DFA80A3D3E9002304460D4659
:1053700022F002FF58B37EA3D3E90023204629463A
:1053800022F0B2FA7CA3D3E9002322F08FFD22F0B1
:1053900013FF22F0F7FB8F4B002206460F4622F048
:1053A0005BFC1FF05DFA02460B4620462946144678
:1053B0001D460022884B22F099FA32463B4622F0E5
:1053C00095FA22462B4622F08FFA04460D466CA32E
:1053D000D3E900232046294622F088FA6AA3D3E9BC
:1053E000002304460D4622F07FFA69A3D3E9002387
:1053F00022F05CFD1FF034FA02460B46CDE9022391
:1054000063A3D3E9002322F027FC1FF029FA024608
:105410000B462046294622F067FA5FA3D3E9002312
:105420008046894622F042FD1FF01AFA5AA3D3E9BA
:10543000002304460D4622F00FFC1FF011FA002253
:1054400006460F4600234046494622F04FFA3246B0
:105450003B4622F049FA1FF003FA22F0ADFE5F4B03
:10546000064600222046294622F068FE002800F069
:105470001482594B20460022294622F035FA22F0A8
:105480009BFE0446204622F0E9FF5549804623F062
:10549000F5F9002800F0F68141A3D3E90023DDE906
:1054A000020122F021FA22F087FE0546631E012B3D
:1054B00005D804F10C0022F0D1FF013D80462846BA
:1054C00022F0CCFF3C49044623F0D0F81FF096FAB6
:1054D0003A490746204623F0C9F81FF08FFA3849A9
:1054E0000546204623F00EF81FF088FA4FF07E5153
:1054F0000446404622F0FEFE324923F003F81FF036
:105500007DFA034659465046059327A3D3E9002365
:1055100022F0EAF9334B804689460022DDE900019A
:1055200022F0C4FC02460B464046494622F0DEF912
:105530001FA3D3E9002382468B4622F0B7FC024624
:105540000B464FF080403946CDE9022322F0D0FED1
:10555000294622F0CFFE22F027FB804644E000BF20
:1055600000000080A2423A41000000008C8A4141C4
:1055700000000040D07D3C410000000088D5E140A3
:105580000000000000D097400000006066865E408A
:105590000000000000D4764000000020A0993E40AA
:1055A00000000000006CB240000000802CB44241BA
:1055B00000000000A0D5E1400000C8420000C84340
:1055C00000A0B64301CDF4410000704200006145E7
:1055D0000000E03F0000D03F0000F03F00002B4003
:1055E00000002040000038402046894622F0DCFAC6
:1055F00002460B464046494622F078F90446059893
:105600000D4622F0D1FA02460B462046294622F0EA
:105610006DF9044630460D4622F0B4FA02460B46B8
:105620002046294622F062F9A1A3D3E9002322F003
:105630005DF9A1A3D3E9002322F056F9A0A3D3E991
:10564000002322F009FBA0A3D3E9002322F04EF9A6
:10565000B74B00228046894622F084FD78B1B44DD4
:10566000002422462B464046494622F03DF9224678
:105670002B468046894622F075FD0028F1D1002294
:1056800000234046494622F059FD88B1A84F002624
:10569000002400254046494632463B4622F026F982
:1056A00022462B468046894622F048FD0028F1D14B
:1056B00087A3D3E90023DDE9000122F0CDFA4246B9
:1056C0004B4622F013F9DDE9026783A3D3E90023F7
:1056D00004460D463046394622F0BEFA32463B4675
:1056E00022F0BAFA02460B462046294622F0FEF87E
:1056F0008F4B00228046894622F034FD78B18C4DD4
:10570000002422462B464046494622F0EDF8224628
:105710002B468046894622F025FD0028F1D1002243
:1057200000234046494622F009FD88B1804F0026FB
:105730000024002532463B464046494622F0D6F832
:1057400022462B468046894622F0F8FC0028F1D1FB
:1057500063A3D3E900235046594622F07DFA02465E
:105760000B4661A1D1E9000122F0BEF860A3D3E9A4
:10577000002322F09BFB1EF089FD5FA3D3E90023E9
:1057800004460D465046594622F066FA5CA3D3E91A
:10579000002322F0ABF802460B4622F0A7F854A3F0
:1057A000D3E9002322F082FB1EF070FD56A3D3E95B
:1057B000002306460F465046594622F04DFA02464F
:1057C0000B4653A1D1E9000122F08EF848A3D3E99A
:1057D000002322F06BFB1EF0CDFC4FA3D3E9002386
:1057E00082468B462046294622F036FA4CA3D3E95E
:1057F000002304460D463046394622F02DFA024673
:105800000B462046294622F06FF852465B4622F0AE
:1058100023FA42464B4622F069F8454B0022804667
:10582000894622F09FFC78B1414D002422462B4648
:105830004046494622F058F822462B468046894683
:1058400022F090FC0028F1D1002200234046494676
:1058500022F074FC88B1364F002600240025324621
:105860003B464046494622F041F822462B468046B8
:10587000894622F063FC0028F1D14046494607B032
:10588000BDE8F08F28A3D3E90023DDE9020122F06F
:105890002BF822F091FC054608E6264B2046002214
:1058A000294622F021F822F087FC0446EAE500BFF1
:1058B00000000080A2423A41000000802CB4424126
:1058C000000000E05BD2B03F000000801CCA1A401C
:1058D000000000E0360BF03F000000605243FB3E4A
:1058E00000000060C91CAB3F000000608F425F40B9
:1058F00000000020DCA54C40000000E0718AEF3F72
:105900000000002085877140000000A0F2D79A3E79
:105910000000000076703740000000A0EEE734BFC2
:1059200000000080732AF93E00000000006BB240C6
:105930000000384000002A402DE9F04F844D95F8D2
:1059400038308DB013B90DB0BDE8F08F28460FF098
:1059500005FF002860D07F4C05E01DF031F8C1B292
:10596000204616F0D9FA1DF017F80028F5D1DFF817
:10597000E8A19AF80040002CE5D175480FF0EEFE42
:105980000028E0D095F83830002BDCD0FFF702FC7F
:105990000028D8D0714BDFF8C8B103F110070FCB46
:1059A00004AE86E80F0097E80F0008AD85E80F0009
:1059B000304616F055FB0746304616F061FB019065
:1059C000304616F06FFB0090284616F077FB8146B4
:1059D000284616F07FFB8046284616F091FB4E378E
:1059E000019A009B8DF8080002A88DF80D208DF813
:1059F0000C308DF80E708DF80A908DF8098012F039
:105A0000BFFC07461BF0DAF9B842CBE9060409D11E
:105A100001238AF8003096E728460FF097FE002809
:105A200099D190E7304616F01BFB0446304616F03D
:105A300027FB8046304616F035FB0746284616F011
:105A40003DFB0646284616F045FB034628461D4604
:105A500016F056FB03468DF80830424B8DF809507E
:105A6000D3E904234E3402A8CBE90E238DF80E406F
:105A70008DF80D808DF80C708DF80A6012F080FCA6
:105A800005460C461BF0A0F92846214612F0D6FD2B
:105A9000FFF7C6FB344B04460D460022DBE90E013E
:105AA00022F004FA02460B462046294621F01CFF4C
:105AB0002E4B002204460D4622F054FB78B12B4FAA
:105AC00000262046294632463B4621F00DFF32464D
:105AD0003B4604460D4622F045FB0028F1D100224A
:105AE00000232046294622F029FB98B1DFF87C905C
:105AF0004FF00008002600272046294642464B4624
:105B000021F0F4FE32463B4604460D4622F016FBD9
:105B10000028F1D1154B20462946002222F0C6F973
:105B200009A3D3E9002322F097F822F045FB72B6CF
:105B3000CBF8000062B672B6DBF80020DBF800306C
:105B4000CBE9042362B663E700000000C07A60413D
:105B50004093FF1F7C93FF1FE092FF1FB493FF1F32
:105B60007891FF1FF892FF1F00002E400000384080
:105B7000224B93F8380000B9704710B493F8842092
:105B800085B03AB9002093F83C20EAB9002005B06E
:105B900010BC70471A49D3F890000A680092009A26
:105BA000121AB2F5FA6FEDD293F87420002AE9D0F8
:105BB0000A6801920198D3F88020801AB0F5FA6F34
:105BC0002CBF00200120DEE70D491C6F0A680292FD
:105BD000029A121BB2F5FA6FD8D293F8B420002AB9
:105BE000D4D00A680392D3F8B820039B9B1AB3F56C
:105BF000FA6F2CBF002000F00100C8E74093FF1FA0
:105C000034A0FF1F144B93F8D4200AB9002070472A
:105C100000B5124AD3F8D810126883B00192019AE5
:105C2000521AB2F5FA6F03D3002003B05DF804FBFB
:105C30000022D3F8DC0083F8D52022F00FFC0849BD
:105C400022F014FD4FF0804122F0FAFD003818BF19
:105C5000012003B05DF804FB4093FF1F34A0FF1F39
:105C60000000C8422DE9F047324F334D3B682A68A7
:105C70008CB00193019B9B1AB3F5FA6F06D92F4B99
:105C800093F885203AB993F8753023B92C4B1878DE
:105C90000CB0BDE8F0872B4B03F1100C0FCB04AE1A
:105CA00086E80F009CE80F0008AC84E80F0030463F
:105CB00016F0D6F98046304616F0E2F982463046B4
:105CC00016F0F0F98146204616F0F8F9064620460F
:105CD00016F000FA034620461C4616F011FA08F1A9
:105CE0004E08034602A88DF808308DF809408DF85B
:105CF0000DA08DF80C908DF80A608DF80E8012F0D2
:105D00003FFB04461BF05AF83A680292041B029AC1
:105D10002A60002C0C4A0346B8BF6442042C9361ED
:105D2000074BCCBF002001200021D16118700CB0BE
:105D3000BDE8F08734A0FF1FE492FF1F4093FF1FD0
:105D4000E892FF1FB493FF1F7891FF1F2DE9F84FD2
:105D5000B1F100093DDDA0F1080606EBC907B04628
:105D600000240025F8E902232046294621F0BEFD43
:105D7000474504460D46F5D1484621F003FF8246CB
:105D80008B462046294652465B4622F08FF8002477
:105D9000804689460025F6E9020142464B4621F03D
:105DA000A3FD02460B4621F057FF02460B46204654
:105DB000294621F09BFDB74204460D46EBD15246E1
:105DC0005B462046294622F071F8BDE8F84F1EF0E8
:105DD00011B8484621F0D6FE002482468B460025A5
:105DE000EDE700BFFFFFFFFF2DE9F04FDFF82CA02C
:105DF0000B4CDAF800302268A1B01093109B9B1A6C
:105E0000B3F5FA6F03D9074B93F83D2072B9064BEF
:105E10001D78284621B0BDE8F08F00BF34A0FF1FD9
:105E2000F092FF1F4093FF1FF492FF1F03F13C0EFF
:105E3000D3F8BC70C24EDFF80CB3C34DBEE80F0000
:105E40000DF1480CACE80F00BEE80F00ACE80F0005
:105E5000BEE80F00ACE80F009EE803008CE80300EA
:105E600012A8D6E9048916F0DBF802460B46404634
:105E7000494621F03BFD15F04FFD21F00043194646
:105E8000DBF8003005EBC308ABA3D3E9002321F016
:105E9000E3FEC8E9000112A8D6E9028916F0A0F8CD
:105EA00002460B464046494621F01EFDDBF80080C5
:105EB00021F000434FEAC80919469FA3D3E9002304
:105EC000CDF8009021F0C8FEA04B0A4603EBC803B2
:105ED0000146C3E90012B6F91800CDE9021221F01B
:105EE00051FE0246384616460F4622F0B7FA984948
:105EF00022F0BCFB21F058FE02460B4630463946E4
:105F000021F0F2FC02460D909248D0F800B0BBF1AF
:105F10000B0F21F00043D8BF0BF1010B8E49D8BF06
:105F2000C0F800B0BBF10C0F4944D946A8BF4FF0F0
:105F30000C09C1E9002384480C934946FFF706FF8A
:105F400002460B46CDE90423844B002222F00AF9D5
:105F500018B9824B0022CDE904237C484946FFF75B
:105F6000F5FE02460B46CDE906237C4B002222F0CB
:105F7000F9F818B9794B0022CDE90623764849464D
:105F8000FFF7E4FE764B002206460F4622F0EAF8C1
:105F9000002800F0C88032463B463046394621F0A2
:105FA000A5FCCDE90A01009B55F8382009922B4445
:105FB000BBF1000F5F6840F3E780634E00250022CD
:105FC000002310461946F6E8022321F08FFC013524
:105FD0004D4502460B46F4DB4846CDE90E2321F041
:105FE000D1FDDDE90E2305460E46104619462A4628
:105FF0003346CDE9005621F059FF02460B46099879
:10600000394621F071FCDDE90423064621F0004504
:106010001046194621F06AFC02460B4630462946D6
:1060200022F08CF8002840F0A3800746474E002558
:106030000022002310461946F6E8022321F056FC00
:106040000135A94502460B46F4DCDDE9002321F0C9
:106050002DFF02460B46DDE9020121F045FCDDE99A
:10606000062321F0004506461946104621F03EFC65
:1060700002460B463046294622F060F8054678B1C4
:10608000DDE9020100224FF0804322F057F800289A
:106090000CBF002507F00105BBF1000F40F3C380E2
:1060A0002D4F00260022002310461946F7E8022350
:1060B00021F01CFC0136B14502460B46F4DCDDE95B
:1060C000002321F0F3FE06460F46DDF834B0DDF87C
:1060D00030903B4632465846494621F005FC21F0B7
:1060E0000047DDE90A23394622F028F800B31D4BAA
:1060F00058464946002222F021F8002808BF002512
:10610000194B104A1D70B8F10B0F08F1010308BFBD
:1061100000231360DAF800301193119B23602846A6
:1061200021B0BDE8F08F114B0022CDE90A233AE7F8
:106130000546E5E7AFF30080000000000020AC401A
:10614000F892FF1FEC92FF1F8092FF1F2092FF1F0B
:106150000000C842B891FF1FC091FF1F0000F03F30
:106160000000344000003E40F492FF1F0000444015
:1061700027F00041099800224FF0804321F0DEFF14
:10618000071E18BF012751E7484621F0FBFC0246D5
:106190000B4600200021CDE9002321F087FE0246B6
:1061A0000B460998394621F09FFBDDE9042306469A
:1061B00021F000451046194621F098FB02460B4697
:1061C0003046294621F0BAFF002835D18146DDE965
:1061D00000230020002121F069FE02460B460646FE
:1061E0000F46DDE9020121F07FFBDDE9062383464E
:1061F00021F000451046194621F078FB02460B4677
:106200005846294621F09AFF08B905465DE7DDE9C1
:10621000020100224FF0804321F090FF00280CBFC4
:10622000002509F00105DDE900230020002121F00F
:106230003DFE06460F4648E7099827F00041002238
:106240004FF0804321F07AFFB0F1000918BF4FF002
:106250000109BCE7FFFFFFFF2DE9F04F6A4EDFF8B1
:10626000ACC106F174030FCB9BB00DF1100888E8A8
:106270000F0006F184030FCB08AF06F13C0587E859
:106280000F000FCD0CAC0FC40FCD0FC40FCD0FC43A
:1062900095E803009CF84331732B84E80300D6F89B
:1062A000BC4006D0742B0ED0FBF7F6FE1BB0BDE849
:1062B000F08F96F83830002B40F0B280FBF7C2FE2A
:1062C0001BB0BDE8F08F96F83830002BF6D0FEF703
:1062D00061FF0028F2D0404615F0C2FE0446404659
:1062E00015F0CEFE8146404615F0DCFE804638466D
:1062F00015F0E4FE0646384615F0ECFE0546384635
:1063000015F0FEFE03468DF80830414BDFF804A17E
:106310008DF80950D3E904234E3402A8CAE90E23AC
:106320008DF80E408DF80D908DF80C808DF80A6078
:1063300012F026F805460C461AF046FD284621467E
:1063400012F07CF9FEF76CFF334B04460D46002239
:10635000DAE90E0121F0AAFD02460B462046294645
:1063600021F0C2FA2D4B002204460D4621F0FAFE20
:1063700078B12A4F00262046294632463B4621F076
:10638000B3FA32463B4604460D4621F0EBFE0028A8
:10639000F1D1002200232046294621F0CFFE98B1FA
:1063A0001E4F00264FF000084FF0000920462946F6
:1063B00032463B4621F09AFA42464B4604460D4689
:1063C00021F0BCFE0028F1D1144B002220462946C2
:1063D00021F06CFD0AA3D3E9002321F03DFC21F05C
:1063E000EBFE72B6CAF8000062B672B6DAF80020A8
:1063F000DAF80030CAE9042362B6FBF70DFE55E770
:1064000000000000C07A60414093FF1F1890FF1FFA
:10641000F892FF1F7891FF1F00002E4000003840C7
:10642000FEF7B8FE00283FF449AF0CA815F0D8FDE0
:1064300082460CA88B4615F0F3FD064620460C4616
:1064400022F00CF8CC4922F011F9CC4B054621463C
:106450003046002221F090FE002840F0B681C84B63
:1064600030462146002221F069FE002840F0AD812F
:1064700032463046C34E04F1004423462146347868
:10648000C6E9042321F0E0FE04EB440404EBC40459
:1064900004F10E03C1B281461846009101931AF02F
:1064A000EBF80099814203D0019B18461AF0FEF8E0
:1064B00004F10F03C9F307211846009101931AF064
:1064C000DBF80099814203D0019B18461AF0EEF8E0
:1064D00004F11003C9F307411846009101931AF023
:1064E000CBF80099814203D0019B18461AF0DEF8E0
:1064F000113420461AF0C0F84FEA1969814503D0DB
:10650000494620461AF0D2F89F4B00225046594681
:1065100021F014FE002859D19C4B002250465946C8
:1065200021F02AFE002851D13478C6E902AB594641
:10653000504621F089FE04EB440404EBC40404F14A
:106540000A0B5FFA80FA814658461AF095F88245A0
:1065500003D0514658461AF0A9F804F10B0B5846DF
:106560001AF08AF8C9F3072A824503D051465846E3
:106570001AF09CF804F10C0B58461AF07DF8C9F398
:10658000074A824503D0514658461AF08FF80D3419
:1065900020461AF071F84FEA1969814503D049463F
:1065A00020461AF083F870A3D3E90023D6E902014C
:1065B00021F07CFC82468B461DF0DCFDC6E90C0117
:1065C000504659461DF062FEC6E90E01284622F0EB
:1065D00075F984B204F1C8039BB242F208018B4200
:1065E00002B21DD83578328305EB450505EBC505AC
:1065F00005F1120A50465FFA82F91AF03DF881451A
:1066000003D0494650461AF051F8133528461AF07F
:1066100033F8240A844203D0214628461AF046F86B
:1066200009F0F2FB5A480DF027FB5A480AF0D8FF50
:1066300058480AF0D1FF012008F09AFC404615F0B6
:106640000FFD0446404615F01BFD8246404615F0FE
:1066500029FD8146384615F031FD8046384615F053
:1066600039FD0546384615F04BFD03468DF80830D8
:10667000D6E904238DF80DA0DFF81CA18DF8095090
:106680004E3402A8CAE90E238DF80E408DF80C9006
:106690008DF80A8011F074FE05460C461AF094FB42
:1066A0002846214611F0CAFFFEF7BAFD3B4B0446CF
:1066B0000D460022DAE90E0121F0F8FB02460B46F6
:1066C0002046294621F010F9354B002204460D469C
:1066D00021F048FD78B1324F002620462946324647
:1066E0003B4621F001F932463B4604460D4621F077
:1066F00039FD0028F1D1002200232046294621F04F
:106700001DFD98B1DFF898904FF000080026002793
:106710002046294642464B4621F0E8F832463B46A1
:1067200004460D4621F00AFD0028F1D11C4B002241
:106730002046294621F0BAFB0DA3D3E9002321F01E
:106740008BFA21F039FD72B6CAF8000062B672B653
:10675000DAF80020DAF80030CAE9042362B66022D1
:1067600000211FE0AFF3008000000020DCA54C40BA
:1067700000000000C07A60410000C84200807640FE
:10678000008076C0F892FF1F008056C000805640FF
:106790006894FF1F4093FF1F7891FF1F00002E4059
:1067A000000038400A4824F085F86022002109489A
:1067B00024F080F860220021074824F07BF8074B82
:1067C00000221A60FBF728FC70E5054E9CE600BF2E
:1067D0002092FF1F8092FF1FC091FF1FB891FF1FE3
:1067E000F892FF1F08B519F011FFBDE8084019F035
:1067F0000DBF00BF2DE9F0414FF0000E164C174DB4
:10680000F4464378067882781B0243EA06431A432B
:106810009F0CC2F38516C3F3053302F03F020CF15F
:10682000030C15F80780AE5DEF5CAB5C84F87080FC
:106830008C4584F8717084F8726084F873300EF1BE
:10684000040E00F1030004F10404DADB044B00221F
:1068500003F80E20BDE8F0811890FF1FDC1703003D
:106860008890FF1FFFFFFFFF2DE9F04FC64DC1B01D
:106870006622002126A824F01DF828460EF082FF8B
:1068800095F840352C7895F80A7595F80B85003BFE
:1068900018BF012306465FFA88F804F0030428466F
:1068A00007EB430708F003080EF058FF2301FFB27F
:1068B00043EA8803A6F102023B43B2FA82F252098C
:1068C00043EA801343EAC213AA7D95F879158DF83F
:1068D0009830012A95F8783401F0070100F02F82F2
:1068E000022A00F00582032A00F09C82A2F1040231
:1068F000B2FA82F25209920195F83105DB0043EABF
:10690000C0130B43134395F899258DF89930022A4B
:1069100000F0048295F89935FE2B00F0758295F809
:106920009935FF2B00F07C8295F89935012B14BF27
:1069300000270327022E95F8C93500F0F681022BB7
:1069400000F0FF8195F8C935FE2B00F0F58195F830
:10695000C935FF2B00F0618295F8C935012B14BFB2
:106960004FF000084FF00C0895F8086595F8893746
:1069700006F00306002B40F0BD8195F81148A401F4
:1069800064B281480AF0F8FD47EA061748EA0703AF
:106990001C4344EAC01495F838608DF89A40FFF71C
:1069A000E7F8002840F01E8295F8483595F88B26C8
:1069B00095F8F8148DF89C1046EA43168DF89B6004
:1069C00095F87C3622B195F8AB260AB143F0020364
:1069D00095F836200AB143F0040395F8F8250AB17A
:1069E00043F0080395F837200AB143F010038DF8FF
:1069F0009D301AF0E3F9654CDFF894A10021C4E959
:106A0000060111F0A5FC0646D4E9060111F032FC9E
:106A10008046D4E9060111F085FC0746D4E9060159
:106A200011F06AFC8346D4E9060111F039FC814675
:106A3000D4E9060111F04AFC564A8DF8A00082FB09
:106A40000632F317C3EB62136422DAE9020102FB98
:106A5000136645A3D3E900238DF89EB08DF89F906F
:106A60008DF8A1808DF8A2708DF8A36021F0F4F864
:106A700002460B460CA844490BF072FE72B6206821
:106A800062B6454B984205DDA0F50300A0F55640DF
:106A90009842F9DC21F0E2FC404921F0E7FD404951
:106AA00021F030FD21F080F831A3D3E9002321F05B
:106AB000D3F802460B460CA813F0F6FD2EA3D3E93B
:106AC000002321F0C9F880460CA8894613F0DCFDAC
:106AD0002BA3D3E9002321F0BFF8CDE9000118A8CA
:106AE00029490BF0B5FF18A814F034F924A3D3E911
:106AF000002321F0B1F8CDE9020118A814F030F913
:106B00001FA3D3E9002321F0A7F814F025FFCDE956
:106B1000040172B6246862B61F4B9C4205DDA4F5E1
:106B20000304A4F556449C42F9DC1E4F1E4BD7E9E2
:106B30000001002221F0BAF9D7E90C23CDE90601C2
:106B40001A49002020F0D0FECDE90A890AAEDDE91D
:106B50000089CDE9080196E803000DF1A40ECDE906
:106B60000A8925E0AFF30080000000A046DF913FD6
:106B70000000004052C1D03F000000A0C88E0E406F
:106B800000000020DCA54C404093FF1F7891FF1FC0
:106B9000F892FF1F1F85EB5100D6830000D6034BF0
:106BA0000000C0412098FF1F00002E400000F03F71
:106BB0008EE80300D7E90E01CDE9000196E8030055
:106BC0000DF1AC0C8CE80300DDE902BCCDE90ABC98
:106BD00096E803002DAA82E80300DDE90412CDE95E
:106BE0000A1296E803002FAB83E80300204621F049
:106BF00035FC8E4921F03AFD8D4921F083FC20F0CF
:106C0000D3FFCDE90A0196E803000DF1C40C8CE82E
:106C10000300DDE906BCCDE90ABC57E9028996E824
:106C2000030033AF87E80300CDE90A89DDE908787E
:106C300096E8030035ACCDE90A7884E80300D5F87E
:106C400024153C91D5F820153B9196E8030037AA0E
:106C500082E80300DDE90001CDE90A0196E80300BE
:106C600095F8374039AB83E80300002C6CD17149AB
:106C7000DAF82C0021F046FC1DF002FF21F01EFE88
:106C800095F8303395F87D448DF8FA0003F003034E
:106C9000012C8DF8FB302FD0022C36D004F00303EA
:106CA00095F87E2495F84015920002F01C021343DB
:106CB00043EA41138DF8FC303FA80DF19703002201
:106CC00013F8011F834282EA0102F9D15A4C8DF870
:106CD000FD20662126A8FFF78DFD204624F0B0F99F
:106CE00056490222204441B0BDE8F04F19F00CBDD6
:106CF000202201E6402444E651480EF031FD0028F0
:106D000000F08980022385F87D344D480EF028FD7F
:106D100000287BD1032385F87D34C1E7022E95F846
:106D2000C9354FF001077FF40AAEFE2B09D095F864
:106D3000C935022B7FF40BAE4FF0080814E6102281
:106D4000DAE54FF004080FE61BF04CFA01E01BF007
:106D500081FA1BF06BFA0028F9DC042139481BF09A
:106D6000B9F91BF03FFA14201AF02EFA00212E2256
:106D700019A818AE18910C4623F09CFD0AE0302C9F
:106D80000CD01BF067FAC0B2232806F8010B04F1FF
:106D9000010403D01BF04AFA0028F0DC04F58073EC
:106DA0000DEB0304002304F8A03C9DF860303F2B5A
:106DB0007FF45DAF0DF1610021F0CAFD2021044692
:106DC0000DF1610023F0C8FD034668B3013021F0E6
:106DD000BBFDC2B2C0F307233D948DF8F8208DF8B7
:106DE000F93044E7FEF73EFF90B946F00206FEF7A1
:106DF000FBFF08B146F00806FEF704FF00283FF449
:106E0000D3AD46F01006CFE5022793E5022347E70E
:106E100046F00606EBE7234642E74FF00C08A3E5F1
:106E2000032787E5302267E50246D5E700D6034B06
:106E30000000C041000020418890FF1FE4120300C1
:106E40004093FF1F101103002DE9F04F584C94F8A8
:106E50004431413BC1B0312B3ED8DFE813F0420052
:106E60003D00AD00F4013B023D003D003D003D0012
:106E70003D00C90207033F033D00A103CA033D00D3
:106E800081043D0011053D003D003D003D003D00F9
:106E90003D003D003D003D003D003D003D003D000A
:106EA0003D003D003D003D003D003D003D003D00FA
:106EB0003D003D001D053D003D003D003D003D0005
:106EC000320094F84531702B01F09983742B00F057
:106ED000F784672B00F07E8341B0BDE8F04FFBF7ED
:106EE000C7B894F84561532E00F0E584314D95F80C
:106EF000782400230E930F931093119312931393FE
:106F0000149316931C93002A41F08183A6F1300359
:106F10004A2B00F2CD84DFE813F0420A400A3E0A11
:106F20003C0A3A0A380A360A340A5F0BCB04CB040F
:106F3000CB04CB04CB04CB04CB04CB04CB04CB04D9
:106F4000CB04CB04CB04CB04CB04CB04CB04CB04C9
:106F5000CB04CB04CB04CB04CB04CB04CB04CB04B9
:106F6000CB04CB04CB04CB04CB04CB04CB04CB04A9
:106F7000CB04CB04CB04CB04CB04CB04B407FD0A75
:106F80009607CB04CB04B30ACB04CB049607CB04FF
:106F9000CB04CB04CB04AB0A620A9607CB04440AA9
:106FA000610BCB04CB04CB04B407CB04CB04B407F4
:106FB0001890FF1F4093FF1F94F84531532B8BD13E
:106FC00028AE5A220021304623F074FCB84B1B68CF
:106FD0001A6828921A89ADF8A4209A8CADF8A620D8
:106FE0001A8DADF8A8209A8BADF8AA209A8AADF830
:106FF000AC205A7B8DF8AE205A7CDB7B0AB143F083
:107000000203AC4A8DF8AF3013681A682C921A89C3
:10701000ADF8B4209A8CADF8B6201A8DADF8B82032
:107020009A8BADF8BA209A8AADF8BC205A7B8DF8BD
:10703000BE205A7CDB7B0AB143F002039E4D8DF8E3
:10704000BF3005F5AA63D3E9000121F0FDF805F58D
:10705000AC64309054E9020121F0F6F80346D4E91B
:107060000001319321F0F0F805F5AE62034652E9D4
:107070000201329321F0E8F805F5BE62034652E9B9
:107080000201339321F0E0F803461A20349307F00D
:1070900043FD074619F0F0FA0446781C19F0ECFAA3
:1070A000E4B260F30F241C20ADF8D44007F034FDA7
:1070B00019F0E2FA034641208DF8D63007F02CFD96
:1070C00019F0DAFA034605F594708DF8D7300CF014
:1070D000FDFB034605F59470ADF8D8300CF0F8FBD5
:1070E00003462420ADF8DA3007F016FD074619F004
:1070F000C3FA0446781C19F0BFFAE4B260F30F2417
:107100002620ADF8DC4007F007FD074619F0B4FA79
:107110000446781C19F0B0FAE4B260F30F2428207A
:10712000ADF8DE4007F0F8FC074619F0A5FA044672
:10713000781C19F0A1FAE4B260F30F242A20ADF80C
:10714000E04007F0E9FC074619F096FA0446781C7F
:1071500019F092FAE4B2594B002260F30F24D5E9FA
:107160004E01ADF8E24020F077FD1DF0FDFB21F06F
:107170004BF8D5F82C2195F81531D5F828118DF854
:10718000E720D5F840218DF8E610ADF8E40095F839
:1071900016118DF8E8200BB141F0020195F8143179
:1071A0000BB141F00401464C464B8DF8E91000222A
:1071B000F4E8080120F050FD1DF0D6FB21F024F882
:1071C000030CADF8EA00000E00228DF8EC308DF8CB
:1071D000ED003C4BD4E9000120F03EFD1DF0C4FB66
:1071E00021F012F895F8A92695F87D36ADF8EE0055
:1071F000010C000E8DF8F2308DF8F01095F88936FC
:107200008DF8F1000AB143F002032F4A8DF8F330F4
:1072100013788DF8F4303EA80DF19F03002213F887
:10722000011F984282EA0102F9D15A213046274CC7
:107230008DF8F920FFF7DEFA204623F001FF2449FC
:1072400002222044FDE194F84531423B152B3FF6E4
:1072500043AE01A252F823F0657B0000D96E000016
:10726000D96E0000D96E0000D96E0000D96E000002
:10727000D96E0000D96E0000D96E0000D96E0000F2
:10728000D96E0000D96E0000D96E0000D96E0000E2
:10729000457B0000D96E0000EB7A0000D96E00003B
:1072A000D96E0000D96E0000D96E0000CD7A0000C2
:1072B0006087FF1F2487FF1F4093FF1F00002440AB
:1072C000C099FF1F000059403893FF1F8890FF1F8F
:1072D000E412030094F84521A2F13103412B3FF65B
:1072E000FBAD01A151F823F0CB7D0000CB7D000068
:1072F000D96E0000D96E0000D96E0000D96E000072
:10730000D96E0000D96E0000D96E0000D96E000061
:10731000D96E0000D96E0000D96E0000D96E000051
:10732000D96E0000D96E0000637D0000D96E0000A8
:10733000D96E0000CB7C0000D96E0000D96E000031
:10734000D96E0000D96E0000D96E0000D96E000021
:10735000D96E0000D96E0000D96E0000D96E000011
:10736000EF800000C5800000D96E0000CB7C0000DB
:10737000D96E0000D96E0000D96E0000D96E0000F1
:10738000D96E0000D96E0000D96E0000637D000048
:10739000D96E0000D96E0000D96E0000D96E0000D1
:1073A000D96E0000D96E0000D96E0000D96E0000C1
:1073B000D96E0000D96E0000D96E0000D96E0000B1
:1073C000D96E0000D96E0000D96E0000D96E0000A1
:1073D000D96E0000D96E0000D96E0000D96E000091
:1073E000D96E0000D96E0000D96E0000AB8000009D
:1073F00094F84531613B192B3FF66EAD01A252F86E
:1074000023F000BF477C0000D96E0000397C0000EB
:10741000D96E0000D96E0000D96E0000D96E000050
:10742000D96E0000D96E0000D96E0000C97B000043
:10743000D96E0000D96E0000D96E0000D96E000030
:10744000B77B0000D96E0000D96E0000D96E000035
:10745000D96E0000D96E0000D96E0000D96E000010
:10746000D96E0000D96E00007D7B000094F8453194
:10747000413B162B3FF630AD01A252F823F000BF7E
:107480004B7C0000BB7C0000B77C0000B37C00009C
:10749000A77C0000D96E0000D96E00009D7C000022
:1074A000D96E0000D96E0000D96E0000D96E0000C0
:1074B000D96E0000D96E0000937C0000D96E0000E8
:1074C000D96E0000D96E0000897C0000D96E0000E2
:1074D0006D7C0000D96E0000BF7C000094F845313F
:1074E000423B2B2B3FF6F8AC01A252F823F000BF31
:1074F000557F0000A37F0000D96E0000D96E000008
:10750000D96E00006F7F0000D96E0000618000001E
:10751000D96E0000D96E0000D77F00002D800000DA
:10752000D96E0000D96E0000D96E0000D96E00003F
:10753000897F000013800000D96E0000D96E000022
:10754000D96E0000D96E0000D96E0000D96E00001F
:10755000D96E0000D96E0000D96E0000D96E00000F
:10756000D96E0000D96E0000D96E0000D96E0000FF
:10757000F97F000047800000D96E0000D96E00003E
:10758000D96E0000D96E0000D96E0000D96E0000DF
:10759000D96E0000D96E0000D96E0000BD7F0000DA
:1075A00094F84531413B122B20D8DFE813F08402D8
:1075B00081027E021F001F001F001F001F007A02B1
:1075C0001F001F001F001F001F001F001F001F00C3
:1075D0001F007402C64B93F81531002B00F0768122
:1075E000C44BC54A1B6813801B0C937041B0BDE8A7
:1075F000F08F94F84531322B00F0F78726D8312BE5
:107600007FF46AAC72B6BA4DD5F8980720F0BAFA92
:1076100005F5E06555E9022320F048FCCDE9280195
:1076200062B60123B44D94F85E011A4628A9009071
:10763000284614F001F8284623F002FDAF49022243
:10764000284441B0BDE8F04F19F05EB8333B012B40
:107650003FF642ACAA4DAB4EA1A3D3E90023D5E936
:10766000020120F0F9FA02460B4628A8A6F522717D
:107670000BF076F89AA3D3E90023D5E9020120F0B4
:10768000EBFA8046894616A8A6F5227109F0BCFFE0
:10769000A6F1D8030796069316AD0FCD6F460FC718
:1076A00095E8030042464B4687E8030028A91CA83A
:1076B00012F0C6FF1CA813F0B3FC8BA3D3E9002380
:1076C00020F0CAFACDE914011CA813F0A5FC86A38A
:1076D000D3E9002320F0C0FA89468046A6F522703F
:1076E000DDE914ABCDE928890EF04CF813A904911B
:1076F00012A952465B4602900391A6F52270CDE98D
:1077000000890AF03FFC12987B4D20F03BFA06F509
:107710008F6353E9022320F0C9FB06F59966CDE992
:107720001401139820F02EFA56E9022320F0BEFB34
:1077300094F8453194F85E210092332B4FF0010309
:10774000CDE928011A460CBF14A928A9284613F030
:1077500073FF694823F074FC68490222284470E7EB
:1077600094F84521A2F13003422B3FF6B5AB01A1BD
:1077700051F823F0797A0000797A0000797A0000D4
:10778000797A00009F810000D96E0000D96E000058
:10779000D96E0000D96E0000D96E0000D96E0000CD
:1077A000D96E0000D96E0000D96E0000D96E0000BD
:1077B000D96E0000D96E00000D810000F980000034
:1077C000D96E00009B810000D96E0000D96E0000C8
:1077D000D96E0000D96E0000D96E0000D96E00008D
:1077E000D96E0000D96E0000D96E0000D96E00007D
:1077F000D96E0000D96E0000D96E0000D96E00006D
:10780000D96E0000D96E0000D96E0000D96E00005C
:10781000D96E000079810000D96E0000D96E000099
:10782000D96E0000D96E0000D96E0000D96E00003C
:10783000D96E0000D96E0000D96E0000D96E00002C
:10784000D96E00003181000027810000F181000025
:10785000D96E0000D96E0000D96E0000D96E00000C
:10786000D96E0000D96E0000D96E0000D96E0000FC
:10787000D96E0000D96E0000D96E0000A981000009
:1078800094F84531303B032B3FF6B0AEDFE813F000
:1078900076004600DE00AA0094F84531413B032BF8
:1078A0003FF61AABDFE813F034001400E200DC000E
:1078B000FAF7DEFB9AE641B0BDE8F04FFEF7D4BF21
:1078C0000B4B93F81631002B7FF48AAE0E4B88E6F3
:1078D000074BD3F82C0720F0F1FF02460B49B9E023
:1078E000000000A046DF913F00000020DCA54C40D6
:1078F0004093FF1FC01703008890FF1FE41203008E
:10790000F892FF1FC895FF1FC41703005817030004
:10791000B74BD3F8280720F0D1FFDEE719F04EFA75
:10792000B44D0021C5E9060110F012FD0446D5E969
:10793000060110F09FFC0646D5E9060110F0F2FCA6
:107940000746D5E9060110F0D7FCD5E9060110F08D
:10795000A7FCD5E90601A84D10F0B8FC85FB04355D
:10796000E117C1EB6511642303FB11440094A349A3
:10797000A3483B46324622F0BBFE37E619F01EFA1A
:107980009C4E0021C6E9060110F0B6FC0546D6E97A
:10799000060110F085FC20F061FD9A4920F066FE9A
:1079A0000446284620F05AFD0146204620F0A2FC5D
:1079B0000446D6E9060110F089FC20F04FFD9249FB
:1079C00020F054FE214620F095FC20F0EDF88C4C80
:1079D00002460B463146E1E908230122204613F016
:1079E0008FFD29E4894BD3E902017BA3D3E900236E
:1079F00020F032F902460B4628A87D490AF0B0FE75
:107A000028A812F045FE76A3D3E9002320F024F93C
:107A1000002204460D460023CDE91C4520F08EFBD4
:107A20007B4B0022002840F016862046294620F095
:107A300099FB38B1764B0022204629461FF054FFAF
:107A4000CDE91C016E4C01221CA9C7E719F0B6F95B
:107A5000704902466A4841B0BDE8F04F22F048BE86
:107A6000634BD3F87C0720F029FF36E7604BD3F84F
:107A7000780720F023FF30E75D4B614C03EBC20336
:107A8000D3E9F40120F0E0FB02222346114618F06E
:107A9000C3FFFFF7D1BB412007F03EF818F0ECFD23
:107AA0001BE75D4B5D491A78D4E75D4A5D49D1E734
:107AB0005D4A5C49CEE7584B4D4A187817210F2391
:107AC00013FB00131A4457494D48C4E794F8464144
:107AD000002C00F0F085313C032C3FF6FDA9DFE8D7
:107AE00014F0E002DC02D802D00294F84631313BB7
:107AF000112B3FF6F1A901A252F823F039830000BF
:107B00002F830000258300001B83000011830000E9
:107B100007830000FD820000F38200004D83000017
:107B2000D96E0000D96E0000D96E0000D96E000039
:107B3000D96E0000D96E0000D96E000043830000AA
:107B40007983000094F84631303B072B3FF6C4A9F7
:107B5000DFE813F0C703BF03B403A903960383034D
:107B60007E03530394F84631303B032B3FF6B4A910
:107B7000DFE813F064015F015A015501234916A3A0
:107B8000D3E90023D1E9020120F066F81CF0F2FAF3
:107B9000264BD3E9002320F05FF813A3D3E9002399
:107BA00020F05AF80B4622490246154841B0BDE87C
:107BB000F04F22F09DBD1F4B53E902040AA3D3E905
:107BC000002304F10041EBE7094B144993F8982492
:107BD00040E700BFAFF30080000000A046DF913F08
:107BE000000000A0C88E0E4000002078C62D09417C
:107BF0004093FF1F7891FF1F1F85EB51BC160300B8
:107C00008890FF1F0000704200006145F892FF1F3E
:107C100000003840A01703003893FF1F58170300D7
:107C20006693FF1F081703005793FF1FE097FF1F7E
:107C3000781703000098FF1FB349A9A3D3E90023D5
:107C4000D1E90001ACE7B04BB6E7242006F064FFB1
:107C5000054618F011FD0446681C18F00DFDE4B24D
:107C600060F30F24A949AA4822B2F4E6A949AA4B15
:107C70000022D1E94E011FF0EFFF1CF075FE20F04D
:107C80009BFAA6490246E5E6A24BA549D3F8402156
:107C9000E0E6A04BA349D3F82C21DBE69D4BA1499C
:107CA000D3F82821D6E6A0480BF010FE9B490246E7
:107CB000D0E62A20CAE72820C8E72620C6E79A4847
:107CC0000BF006FE95490246C4E6924D95F87C36C7
:107CD000002B00F0DB84954BD3E9020182A3D3E9AA
:107CE00000231FF0B9FF28AE02460B463046294656
:107CF0000AF05EFD94F84531522B40F0B48472B620
:107D00008B4B186862B68B4B984205DDA0F50300DB
:107D1000A0F556409842F9DC20F0A0FB86497C4D46
:107D200020F0A4FC854920F0EDFB1FF03DFF70A37F
:107D3000D3E900231FF090FF02460B46304612F0B5
:107D4000B3FC6DA3D3E900231FF086FF94F85E21F6
:107D500006460F4628461CA9CDE91C6713F0D0FB48
:107D600069E46C4991F87C3628A8002B00F09F84C8
:107D70000AF092FE28A812F0F3FF61A3D3E90023D2
:107D80001FF06AFF13F0E8FD02460B4628A8CDE974
:107D9000162312F0DFFF5AA3D3E900231FF05CFF84
:107DA00094F845315A4D412BCDE91C0100F09584E2
:107DB000DDE9160113F0B6FD94F85E410094CDE9BB
:107DC00016010122002316A932E4312A514D00F098
:107DD0008B84D5F8BC36002B00F0A0841A7C012AD5
:107DE00040F2FC8472B6D86862B61FF0CBFE544BEA
:107DF000D3E9002320F05AF895F8A95603460A461D
:107E00000DB102F100421146184694F85E41404D12
:107E100000940123CDE928011A4628A908E43D4B26
:107E20003A49D3F8842815E63A4B3849D3F8FC2769
:107E300010E6384B354993F880280BE6354B33492B
:107E400093F8F82706E6632ED5E9A289D5E9A4239D
:107E5000D5E9A60100F01685702E00F00B8520F004
:107E6000F3F9384920F04EFB374920F04BFB1FF067
:107E70009BFE02460B462648344922F039FCFFF7A8
:107E8000B5BB95F83223002A00F00285274916A3D6
:107E9000D3E90023D1E902011FF0DEFE7A2E044669
:107EA0000D4600F00A85772E00F0628501230093CD
:107EB00022460B46264816F05BFA024601F10043C3
:107EC000134C104619460123CDE9280100930022E6
:107ED00028A9204613F0B0FBFFF7AEB9AFF300803E
:107EE00000002078C62D0941000000A046DF913F28
:107EF0000000004052C1D03F000000A0C88E0E40DC
:107F000000000020DCA54C40F097FF1F581703002D
:107F10008890FF1F4093FF1F00002440B01703000C
:107F20000C170300F41603006894FF1FF892FF1F5C
:107F30007891FF1F00D6830000D6034B0000C0419C
:107F4000E099FF1FE12E65420000614578170300AC
:107F50008894FF1F94F84631522B00F0F483442B91
:107F60007EF4BAAFA74B1B68A7495A6A72E594F82A
:107F70004631522B00F0EB83442B7EF4ADAFA14B86
:107F80001B68A2491A6865E594F84631522B00F047
:107F9000DC83442B7EF4A0AF9A4B1B689C49DA7BB0
:107FA00058E594F84631522B00F0DF83442B7EF4E1
:107FB00093AF944B1B6896495A694BE594F8463148
:107FC000522B00F0C883442B7EF486AF8D4B1B6888
:107FD0008F495A7C3EE594F84631522B00F0C3831A
:107FE000442B7EF479AF874B1B6893F92C20012A30
:107FF00000F0B884002271E494F84631522B00F06E
:10800000A083442B7EF468AF7E4B1B687E499A6A3E
:1080100020E594F84631522B00F09B83442B7EF4EC
:108020005BAF784B1B687A499A6813E594F8463140
:10803000522B00F09C83442B7EF44EAF714B1B6897
:1080400073495A7B06E594F84631522B00F085833C
:10805000442B7EF441AF6B4B1B686D49DA69F9E440
:1080600094F84631442B00F06083522B7EF434AFF9
:10807000684B93F96826012A00F085840022644940
:10808000E8E4654B00229A6041B0BDE8F04FF9F793
:10809000CBBF614B61499A68DCE45F4B00225A60B8
:1080A000F2E75D4B5D495A68D4E494F84631522BAF
:1080B00000F03783442B7EF40FAF524B5B6854497A
:1080C0005A7AC7E494F84631522B00F02C83442BA3
:1080D0007EF402AF4B4B5968514B0022D1E90001AD
:1080E0001FF0BAFD20F090F848490246B2E4494B2F
:1080F000474993F87D26ADE44A4B53E902011CF051
:1081000033FC20F059F845490246A3E4464B474C5E
:1081100053E9020120F098F823460122022118F0C9
:108120007BFCFFF789B83B4B3C49D3F8202591E411
:108130003F4B404D404A53E90201CDE90C010CAEE2
:1081400096E8030028AB83E803000DF1A7060DF1C4
:108150009F0111F8013F180903F00F030235105C6D
:10816000D35C85F86E008E4285F86F30F1D1232301
:10817000A4F88030FFF73ABA1A2006F0CDFC054685
:1081800018F07AFA0446681C18F076FAE4B260F344
:108190000F241D492548A2B25DE41C207CE4274B36
:1081A000224CD3E900016DE4254B2649214DD3E94A
:1081B000002300201FF098FBCDE90C010CAA92E8E7
:1081C000030028AB1C4A83E803000DF19F060DF164
:1081D000A70016F8013F190903F00F030235515C9F
:1081E000D35C85F86E10B04285F86F30F1D1BEE7F0
:1081F000084B0A49D3F824252CE4134B134953E9BF
:108200000223D2E42487FF1F58170300A01703009E
:108210009C1703004093FF1F7891FF1FB0170300C6
:1082200000005940109BFF1F3099FF1F8890FF1FCF
:108230006098FF1F1890FF1FC8170300B098FF1F1A
:108240005098FF1F0000F03F909BFF1FA8170300EE
:108250009F4BA049D3E90023A7E472B69E4C04F5D6
:10826000036353E902011FF0A7FFD4F82058401B15
:10827000C4F8300862B69949D4F83028FFF7EABB51
:1082800072B6954C04F5F463D3E900011FF094FF36
:10829000D4F89857401BC4F8A80762B68F49D4F8A1
:1082A000A827FFF7D7BB72B68D4B53E9020162B620
:1082B0001FF082FF89490246FFF7CCBB72B6894B9B
:1082C000D3E9000162B61FF077FF84490246FFF749
:1082D000C1BB72B6804BD3F8202862B67F49FFF746
:1082E000B9BB72B67C4BD3F8982762B67B49FFF7CF
:1082F000B1BB7D4B7D49D3E9002356E47A4B7B49E2
:1083000053E9022351E47A4B7849D3E900234CE442
:108310006F4B764953E9022347E4764B734953E99F
:10832000022342E4744B7149D3E900233DE4714BCD
:108330006E49D3E9002338E4704B6C4953E90223BA
:1083400033E46D4B634953E902232EE4624901F59E
:10835000BA63D3E9003491F8C90540B2002806DCBD
:1083600091F8C9150A0600F12083002300241A465B
:108370005E496348234619E4624B5649D3E900231A
:1083800013E4169873E5149871E513986FE5129845
:108390006DE511986BE5109869E50F9867E50E9803
:1083A00065E595F86034002B00F0D98128AC2046B3
:1083B000494909F029F92AAB0FCB8DE80F00524843
:1083C00094E80C0016F07CFC3DA3D3E900231FF0D9
:1083D00043FC3DA3D3E900231FF03EFC49E594F89C
:1083E00046312C2B7FF464AA94F84761A6F131033F
:1083F000DAB2082A3FF65CAA94F8481100297FF403
:1084000057AA95F8601491427FF652AA05EB03141F
:10841000D4E9D0012AA3D3E900231FF01DFC05EB0A
:10842000061380468946D3E9320125A3D3E9002308
:108430001FF012FCCDE9040121A3D3E90023D4E904
:10844000F4011FF009FCCDE9020105EB06161CA39F
:10845000D3E90023D6E90E011FF0FEFB4246CDE929
:1084600000014B462949264822F042F9FFF7BEB8E1
:1084700095F860242649224822F03AF9FFF7B6B869
:1084800095F8703413F0010F14BF43252D2513F018
:10849000020F14BF50202D2013F0040F4FF02302C1
:1084A00014BF49212D21002384F8705084F87100F5
:1084B00084F8721084F8732084F87430FFF796B84B
:1084C00000000020DCA54C40000000000020AC4073
:1084D000009BFF1FA81703004093FF1FB017030066
:1084E000709BFF1FE09AFF1F0099FF1F7817030082
:1084F000809BFF1FB09BFF1F209BFF1F309BFF1F18
:108500008890FF1FA09BFF1F8894FF1F7C1703000C
:108510005817030095F86034002B00F03B82A44A02
:108520000892013BDBB2103293A7D7E9006794A50C
:10853000D5E900450FF25029D9E90089002102EB65
:1085400003130B910A930991089BD3E9F6BA07E04C
:108550005846514622462B461FF0C6F983468A46A6
:108560005846514632463B461FF006FE0028EFD1E2
:1085700007E05846514622462B461FF0B7F983467E
:108580008A465846514642464B461FF0D7FD0028C2
:10859000EFD158465146002200231FF0CFFD08B10D
:1085A0000AF1004A7AA3D3E90023584651461FF046
:1085B000C5FD002842D0099B01330993089B0A9A04
:1085C00010339A420893BFD17A490B9B099A7A4893
:1085D00022F08EF8FFF70AB81C9848E4774A7849E9
:1085E000754822F085F8FFF701B872B6704DD5F8DE
:1085F00020081FF0C7FA05F5EA65FFF70BB86C4BCA
:1086000093F81431002B3FF461A9FEF7E9BF16ABD4
:108610001CAA049313AB14A90592029312AA11ABDE
:108620000391019200930FAA10AB0EA905F5A47057
:1086300015F024FE94F84561FEF768BC56A3D3E913
:108640000023584651461FF097FD0028B6D00B9BDB
:1086500001330B93B2E7204629461FF047F9CDE9D5
:108660001C01FFF7EFB9304612F00EF84CA3D3E926
:1086700000231FF0F1FA94F85E414F4D0094CDE9CC
:108680001C01002201231CA9FEF7D2BF4D4946A3BD
:10869000D3E90023D1E902011FF0DEFA28AE024639
:1086A0000B46304629460AF05BF8FFF723BB0AF079
:1086B000CFF9FFF75FBB444D444AEB683E48642165
:1086C00001FB03F382FB0312DB174149C3EB2232A8
:1086D00022F00EF8EC60FEF789BF94F85E010022EC
:1086E0001CA90123FEF7A3BFD5F89C36B3B11A7CB1
:1086F000012A40F2F78072B6D86862B61FF042FADB
:10870000344BD3E900231FF0D1FB95F8895603467B
:108710000A46002D3FF477ABFFF773BB1A46FFF70D
:1087200072BB2D4BCAE42C4BD5E4214B93F9282680
:10873000012A7FF4A3ACD3F82C0614F001F9024609
:108740009DE4254B61E4244B0DE4234B25E4224BAF
:1087500016E4214B66E4204B39E41F4B7CE4D5F84A
:108760009404FFF784BB1C4B3EE41B4B22E41A4BE2
:1087700065E400BFAFF3008000000060FB2109400A
:1087800000000060FB21194000000060FB2109C0CF
:10879000000000C0E21DF93F000000001426F93F70
:1087A00000000020DCA54C40000000A046DF913F07
:1087B0004093FF1F941703008890FF1FBF97FF1F70
:1087C00008170300F892FF1F0890FF1F8D512C69B6
:1087D000B8170300C099FF1F6087FF1F72B61968A2
:1087E0001A7A097811405A6810785A7A10425CD087
:1087F0009A7A02F0030209B142F0040242F0080240
:108800009108013A99720D2A3FF6EDAA01A151F89B
:1088100022F000BF578800004D8800006B880000E0
:108820004D880000E77D0000618800005788000047
:108830005788000061880000E77D00004D88000037
:108840006B8800004D88000057880000DA68013A04
:10885000DA60FFF7C8BADA680132DA60FFF7C3BA44
:10886000DA68023ADA60FFF7BEBADA680232DA6032
:10887000FFF7B9BA104619461FF0E6FC00F10040B8
:10888000FFF7EFBA404649461FF0DEFCFFF7E9BAB2
:108890004C4C01230026002728A900932046CDE94F
:1088A000286712F0C9FEFEF7C7BC9A7A02F00302ED
:1088B0000029A5D042F00402A2E7002122462B465F
:1088C0004148009115F054FD06460F4620462946C2
:1088D0001BF050FC32463B461FF0BEF902460B46E9
:1088E000FFF7EEBA72B619681A7A097811405A6819
:1088F00010785A7A104250D09A7A02F0030209B1E5
:1089000042F0040242F008029108013A99720D2ADD
:108910003FF6F2AE01A151F822F000BF5D890000E0
:1089200055890000BB89000055890000F9860000C8
:10893000B38900005D8900005D890000B3890000F3
:10894000F986000055890000BB89000055890000A8
:108950005D890000DA68013ADA60CDE6DA68013252
:10896000DA60C9E6186B13F017FF0246FEF7B6BFD0
:108970000223009322460B46134815F0F9FC0246E9
:108980000B46FFF79DBAD3F86C0613F0D9FF0246E9
:10899000FFF775BB0B93099316E69A7A02F0030270
:1089A0000029B1D042F00402AEE704F100410C46C8
:1089B000DDE4DA68023ADA609EE6DA680232DA600A
:1089C0009AE600BF8890FF1F8894FF1F08B517F034
:1089D0001DFEBDE8084017F019BE00BFFFFFFFFFF6
:1089E0002DE9F0433D4C94F84331313BCDB0462B5B
:1089F0004DD8DFE813F0510051004C004C004C0002
:108A00004C004C004C004C004C004C004C004C0006
:108A10004C0079009102B5024C004C004C004C0017
:108A2000F1024C004C004C004C004C004C004C003F
:108A30004C004C0047004C004C0068014C00F50114
:108A40004C004C004C004C004C004C004C004C00C6
:108A50004C004C004C0091034C004C004C00D803DF
:108A60004C0000034C004C004C004C004C004C00EF
:108A700050034C004C004C004C005D034C004C007B
:108A80004C00660394F84431002B00F095834DB000
:108A9000BDE8F043F9F700BB114F3EA9384621F07D
:108AA000BFFB3E9BBB4206460D4600F0E48300221E
:108AB00000231FF039FB002800F0B68394F84331FF
:108AC0000848312B4FF000024FF0000300F0DF8325
:108AD0000BF0C6FAF9F7A0FAF2E000BF1890FF1FFA
:108AE0005C91FF1F4093FF1F0025B1498DF83E5058
:108AF00008221AA821F0DCFFAE498DF87050092237
:108B00001DA821F0D5FF94F85E218DF87D501AA99B
:108B100012A812F0B5FB002800F0CF8094F85E3167
:108B200001221DA914A812F0E9FB002800F0C5805D
:108B300072B6A14B186862B6A04B984205DDA0F54D
:108B40000300A0F556409842F9DC1FF087FC9C49D1
:108B50009C4E1FF08BFD9C491FF0D4FC1FF024F8A5
:108B60009A4B00221FF078F8984B04460D460022DD
:108B7000DDE912011FF070F802460B462046294637
:108B80001EF0B2FE12F0C8FE85A3D3E900231FF049
:108B900063F883A3D3E90023CDE90201DDE91401E1
:108BA0001FF05AF80022CDE90001002326A811F099
:108BB0008FFC87497AA3D3E90023D1E902011FF092
:108BC0004BF820AC8046894620A8314608F01CFDB1
:108BD0000FCC6D460FC594E8030042464B4685E82E
:108BE000030026A93EA811F0C3FC3EA812F0B2F87B
:108BF0000446D6F828010D461FF030FC75491FF0D9
:108C000081FC1EF0D1FF02460B46204629461FF08C
:108C100095FA002851D1D6F82C011FF01FFC6D49A0
:108C20001FF070FC00211FF00BFE0446002844D109
:108C300006F5227306F5D8723EA932A811F0BCFFE2
:108C400032A812F0EDF958A3D3E900231FF004F87D
:108C500002460B4632A8CDE9162312F0DDF952A3E5
:108C6000D3E900231EF0F8FF02460B463046CDE95B
:108C700018230CF087FD01230DF13E0111AA039387
:108C800010AB054602910192009304940DF13F034D
:108C900018AA16A930468DF83F500AF021F800288E
:108CA00000F000839DF83E30012B00F02783022B5B
:108CB00006D1494B57221A8002E0474B21221A80E5
:108CC0004DB0BDE8F08372B63B4B186862B63B4BC3
:108CD000984205DDA0F50300A0F556409842F9DC66
:108CE0001FF0BCFB36493D4E1FF0C0FC36491FF05B
:108CF00009FC1EF059FF354B00221EF0ADFFD6E9EE
:108D000000231EF0F1FD12F007FE25A3D3E9002396
:108D10001EF0A2FFCDE9020121A3D3E9002356E909
:108D200002011EF099FF3EADCDE9000100220023B3
:108D3000284611F0CDFBA6F59C600CF023FD244BDA
:108D40000746D3E9020116A3D3E900231EF084FFEE
:108D5000CDE90C010A970DF5807EBEE80F00EC46C8
:108D6000ACE80F00BEE80F00ACE80F009EE803007F
:108D70008CE80300A6F59C6095E80C000AF0ECF87E
:108D80000546002800F060823035002384F87050DA
:108D900084F871304DB0BDE8F08300BFAFF30080C0
:108DA000000000A046DF913F00000020DCA54C4001
:108DB0005C91FF1F6491FF1F7891FF1F00D6830015
:108DC00000D6034B4093FF1F0000C04100002E401F
:108DD000F892FF1F35FA8E3C8890FF1F2098FF1FE6
:108DE000BF48DFF800830CF0CDFC07460E2005F0ED
:108DF00093FE064617F040FC002560F30705701C43
:108E000017F03AFC60F30F25B01C17F035FC034651
:108E1000F01C63F3174517F02FFC60F31F6528461D
:108E20001EF0C2FEC8E90001122005F075FE0646DC
:108E300017F022FC002560F30705701C17F01CFCDE
:108E400060F30F25B01C17F017FC60F31745F01CFA
:108E500017F012FC60F31F6528461EF0A5FE48E9D6
:108E6000020172B6A04B186862B6A04B984205DDAD
:108E7000A0F50300A0F556409842F9DC1FF0EEFA89
:108E80009B491FF0F3FB9B491FF03CFB1EF08CFE3F
:108E9000994B00221EF0E0FED8E900231EF024FDCD
:108EA00012F03AFD8CA3D3E900231EF0D5FECDE9E4
:108EB000020189A3D3E9002358E902011EF0CCFE88
:108EC0003EADCDE9000100220023284611F000FB51
:108ED0008A4981A3D3E90023D1E902011EF0BCFE37
:108EE000CDE90C010A970DF5807EBEE80F00EC4637
:108EF000ACE80F00BEE80F00ACE80F009EE80300EE
:108F00008CE80300764895E80C000AF025F8054641
:108F100000287FF439AF42E1714C20460CF020FC70
:108F2000002840F0448194F8483503F0FF05002BF9
:108F300040F03D810A222946714821F01FFA1EF0B7
:108F400021FE704B00221EF0B1FF04F5A86646E931
:108F50000201F9F761F80123E57084F83135AFE6D5
:108F6000694D01210491D5E900015BA3D3E90023F8
:108F70001EF072FECDE9020157A3D3E9002355E9A3
:108F800002011EF069FE3EAECDE900010022002381
:108F9000304611F05DFDA5F59A600CF0F3FB0DF580
:108FA000807E0C90BEE80F00EC46ACE80F00BEE8F7
:108FB0000F00ACE80F009EE80F008CE80F00A5F54D
:108FC0009A6096E80C0009F023FF0023303084F803
:108FD000700084F8713073E64148837D012B7FF483
:108FE0006FAE0AF001F8002200F1300384F870300F
:108FF00084F8712064E645483EA912F05FFC002821
:1090000046D03E9B47F22F52013B934240D8344D0D
:1090100028460CF0A5FB00283AD195F8F834BBBBE4
:1090200095F84835032B00F0638194F84431652BA3
:1090300000F03C81772B00F039816E2B01D0732B2F
:1090400026D127480CF096FF314B32480022C0E968
:109050000023A0F5B8600CF095FB012894F844318A
:1090600000F058816E2B00F05A81732B00F04E8176
:1090700018F08AF83E9BC5F8B4054FF47A7202FBEB
:1090800003F3C5F8B03572B6012385F8483562B6EA
:10909000F9F702F814E612480CF074FB01280CD919
:1090A0000F48032201214DB0BDE8F0430AF0CABFCA
:1090B0000B480CF067FB0128F2D909480322002174
:1090C000F1E70748032200214DB0BDE8F0430AF064
:1090D0005FBF00BFAFF30080000000A046DF913FFC
:1090E0004093FF1F2098FF1F7891FF1F00D6830039
:1090F00000D6034B0000C04100002E40F892FF1F35
:109100005C91FF1F00004E401098FF1F5D91FF1FF4
:109110000000F03F0099FF1F8549864821F0C4FDFB
:1091200000287FF4B4AC94F84831002B7FF4AFAC46
:1091300081480CF03BFB00287FF4A9AC7F4D7AA35B
:10914000D3E90023D5E902011EF086FD3EAF0246B9
:109150000B463846784909F003FB77480CF012FBC0
:1091600071A3D3E900238046D5E902011EF074FD06
:10917000CDE90C01CDF8288040AE0FCE6D460FC56D
:109180000FCE0FC596E8030085E803006A4897E80C
:109190000C0009F0E1FE054600287FF4F5AD6648B5
:1091A0000DF08EFCF0E56448032201218CE74DB000
:1091B000BDE8F043F8F746BF5F480CF0F7FA002827
:1091C0007FF465AC5D4D58A3D3E90023D5E90201D6
:1091D0001EF042FD0DF1F80802460B464046564986
:1091E00009F0BEFA54480CF0CDFA4FA3D3E900239E
:1091F0000746D5E902011EF02FFDCDE90C010A97C3
:1092000040AE0FCE6D460FC50FCE0FC596E80300DA
:1092100085E80300484898E80C0009F09DFE0546E3
:1092200000287FF4B1ADBAE7DFF80C8108F5AE6134
:10923000D1E90001324625F000431EF07FFF40B126
:10924000682327F8D43C3BE5A6F59C600DF038FC7C
:109250009AE540460CF084FAE0B998F8F834EBB996
:1092600098F848355BB198F84835042B07D0672348
:1092700027F8D43C24E5692223F8D42C20E594F87F
:1092800043312D48312B32462B467FF421AC0AF076
:109290008DFE1FE4732327F8D43C11E5652327F8DE
:1092A000D43C0DE5264B3F221A8009E522480CF0FC
:1092B00061FE94F84431234A23490020652BC2E91A
:1092C00000011FD0772B04BF022385F8993517F0D2
:1092D0005BFF3E9BC5F884054FF47A7202FB03F3F3
:1092E000C5F8803572B6012385F8483562B6CFE6F9
:1092F00095F84835022B7FF498AEC9E6104B45220D
:109300001A80DDE4FE2385F89935E0E7022385F82D
:10931000C935ADE66E2BF9D0732B7FF4A9AEFE23D1
:1093200085F8C935A4E600BF000000A046DF913FE4
:10933000201803005B91FF1F4093FF1FF892FF1F4F
:109340008890FF1FD098FF1F0000F03F08B517F06E
:109350005DF9BDE8084017F059B900BF10B5284BBA
:1093600093F843314BB3653BDAB2122A0DD8122B76
:109370000BD8DFE803F0130A0A0A0A0A0A0A0A0EDF
:109380000A0A0A0A0E0A0A0A1300BDE81040F8F792
:1093900083BE1C480CF0DAF900B310BD19480CF07C
:1093A000D5F90028F9D117480CF0DAF90028F4D1E2
:1093B000BDE8104013480AF029BE124C204684F83C
:1093C00031350CF0C3F90028E7D120460CF0C8F97C
:1093D00070B12046BDE810400CF0F0B909480CF01F
:1093E000BFF90028D9D1BDE8104006480AF068BE90
:1093F00020460AF00BFE2046BDE810400AF060BE91
:109400001890FF1F4093FF1F08B517F0FFF8BDE845
:10941000084017F0FBB800BF38B51E4B93F8433136
:10942000303B232B13D8DFE803F01616161616125E
:1094300012121212121212121212121212331212EB
:10944000122F12121212123112121212121DBDE834
:109450003840F8F721BE1C460F4D28460CF086F91F
:1094600038B138BD0C4D284603240CF07FF9002894
:10947000F7D1E3B285F8793595F879150246284693
:10948000BDE838400CF0A4BC0024E5E70224E3E783
:109490000124E1E71890FF1F4093FF1F08B517F064
:1094A000B5F8BDE8084017F0B1B800BFFFFFFFFFF7
:1094B0002DE9F04F87B017F081FC002104460EF033
:1094C00047FF0021064620460EF0D4FE0021054647
:1094D00020460EF027FF6B1E012B98BF06F1FF36CA
:1094E0008046304698BF0C351EF0B8FFD649064678
:1094F0001FF0BCF81BF082FAD449074630461FF033
:10950000B5F81BF07BFAD249034630461E461EF0E2
:10951000F9FF1BF073FA814628461EF09FFF4FF0BB
:109520007E511EF0E7FECB491EF0ECFF1BF066FA01
:10953000394605464FF080401EF0DAFE31461EF0F7
:10954000D9FE1EF031FB064648460F461EF02CFBA6
:1095500002460B46304639461EF0C8F906462846F4
:109560000F461EF021FB02460B46304639461EF0E0
:10957000BDF9064640460F461EF004FB02460B4668
:10958000304639461EF0B2F999A3D3E900231EF004
:10959000ADF982468B46204600210EF0ADFE00213B
:1095A000064620460EF07CFE1EF058FFAA491FF02A
:1095B0005DF8054630461EF051FF014628461EF074
:1095C00099FE0021034620461C460EF07FFE1EF049
:1095D00045FFA2491FF04AF821461EF08BFE1EF0FF
:1095E000E3FA9F4BCDE900010022504659461EF098
:1095F0007DF91BF035F980A3D3E9002304460D461D
:109600001EF0BAFD58B37EA3D3E9002320462946B5
:109610001EF06AF97CA3D3E900231EF047FC1EF07C
:10962000CBFD1EF0AFFA8F4B002206460F461EF010
:1096300013FB1BF015F902460B462046294614463B
:109640001D460022884B1EF051F932463B461EF063
:109650004DF922462B461EF047F904460D466CA3F1
:10966000D3E90023204629461EF040F96AA3D3E936
:10967000002304460D461EF037F969A3D3E9002301
:109680001EF014FC1BF0ECF802460B46CDE9022359
:1096900063A3D3E900231EF0DFFA1BF0E1F80246D2
:1096A0000B46204629461EF01FF95FA3D3E900238D
:1096B000804689461EF0FAFB1BF0D2F85AA3D3E984
:1096C000002304460D461EF0C7FA1BF0C9F800221D
:1096D00006460F460023404649461EF007F932462B
:1096E0003B461EF001F91BF0BBF81EF065FD5F4B19
:1096F00006460022204629461EF020FD002800F0E4
:109700001482594B2046002229461EF0EDF81EF027
:1097100053FD044620461EF0A1FE554980461FF029
:10972000ADF8002800F0F68141A3D3E90023DDE97C
:1097300002011EF0D9F81EF03FFD0546631E012B05
:1097400005D804F10C001EF089FE013D8046284634
:109750001EF084FE3C4904461EF088FF1BF04EF9C3
:109760003A49074620461EF081FF1BF047F9384969
:10977000054620461EF0C6FE1BF040F94FF07E5114
:10978000044640461EF0B6FD32491EF0BBFE1BF0FB
:1097900035F9034659465046059327A3D3E90023DC
:1097A0001EF0A2F8334B804689460022DDE9000115
:1097B0001EF07CFB02460B46404649461EF096F8DA
:1097C0001FA3D3E9002382468B461EF06FFB02469F
:1097D0000B464FF080403946CDE902231EF088FD4C
:1097E00029461EF087FD1EF0DFF9804644E000BFE9
:1097F00000000080A2423A41000000008C8A4141F2
:1098000000000040D07D3C410000000088D5E140D0
:109810000000000000D097400000006066865E40B7
:109820000000000000D4764000000020A0993E40D7
:1098300000000000006CB240000000802CB44241E7
:1098400000000000A0D5E1400000C8420000C8436D
:1098500000A0B64301CDF441000070420000614514
:109860000000E03F0000D03F0000F03F00002B4030
:109870000000204000003840204689461EF094F940
:1098800002460B46404649461EF030F8044605980D
:109890000D461EF089F902460B46204629461EF069
:1098A00025F8044630460D461EF06CF902460B467C
:1098B000204629461EF01AF8A1A3D3E900231EF082
:1098C00015F8A1A3D3E900231EF00EF8A0A3D3E955
:1098D00000231EF0C1F9A0A3D3E900231EF006F86F
:1098E000B74B0022804689461EF03CFC78B1B44D4F
:1098F000002422462B46404649461DF0F5FF2246ED
:109900002B46804689461EF02DFC0028F1D100220E
:109910000023404649461EF011FC88B1A84F00269E
:10992000002400254046494632463B461DF0DEFFF6
:1099300022462B46804689461EF000FC0028F1D1C5
:1099400087A3D3E90023DDE900011EF085F9424633
:109950004B461DF0CBFFDDE9026783A3D3E900236B
:1099600004460D46304639461EF076F932463B46EF
:109970001EF072F902460B46204629461DF0B6FF3E
:109980008F4B0022804689461EF0ECFB78B18C4D4F
:10999000002422462B46404649461DF0A5FF22469C
:1099A0002B46804689461EF0DDFB0028F1D10022BF
:1099B0000023404649461EF0C1FB88B1804F002677
:1099C0000024002532463B46404649461DF08EFFA6
:1099D00022462B46804689461EF0B0FB0028F1D176
:1099E00063A3D3E90023504659461EF035F90246D9
:1099F0000B4661A1D1E900011DF076FF60A3D3E918
:109A000000231EF053FA1AF041FC5FA3D3E90023B0
:109A100004460D46504659461EF01EF95CA3D3E994
:109A200000231DF063FF02460B461DF05FFF54A3A9
:109A3000D3E900231EF03AFA1AF028FC56A3D3E922
:109A4000002306460F46504659461EF005F90246C9
:109A50000B4653A1D1E900011DF046FF48A3D3E90D
:109A600000231EF023FA1AF085FB4FA3D3E900234D
:109A700082468B46204629461EF0EEF84CA3D3E9D9
:109A8000002304460D46304639461EF0E5F80246EE
:109A90000B46204629461DF027FF52465B461EF026
:109AA000DBF842464B461DF021FF454B0022804625
:109AB00089461EF057FB78B1414D002422462B46C3
:109AC000404649461DF010FF22462B4680468946F7
:109AD0001EF048FB0028F1D10022002340464946F1
:109AE0001EF02CFB88B1364F00260024002532469C
:109AF0003B46404649461DF0F9FE22462B4680462D
:109B000089461EF01BFB0028F1D14046494607B0AC
:109B1000BDE8F08F28A3D3E90023DDE902011DF0A1
:109B2000E3FE1EF049FB054608E6264B20460022D0
:109B300029461DF0D9FE1EF03FFB0446EAE500BFB2
:109B400000000080A2423A41000000802CB4424153
:109B5000000000E05BD2B03F000000801CCA1A4049
:109B6000000000E0360BF03F000000605243FB3E77
:109B700000000060C91CAB3F000000608F425F40E6
:109B800000000020DCA54C40000000E0718AEF3F9F
:109B90000000002085877140000000A0F2D79A3EA7
:109BA0000000000076703740000000A0EEE734BFF0
:109BB00000000080732AF93E00000000006BB240F4
:109BC0000000384000002A4008B516F01FFDBDE82F
:109BD000084016F01BBD00BF2DE9F04FA04C94F8D3
:109BE0004351A5F1210393B0592B5BD8DFE813F063
:109BF000CE005A005A005A005A005A005A005A0021
:109C00005A005A005A005A005A005A005A005A0084
:109C10005A005A005A005A005A005A005A005A0074
:109C20005A005A005A005A005A005A005A005A0064
:109C30005A00B500A7005A005A005A0089005A007D
:109C40005A005A005A004E025F005F005F005A003F
:109C50005A005A005A001E026C015A005A0067014D
:109C60005A005A005A005A005A005A005A005A0024
:109C70005F015A005A00520146015A00EE023B04AD
:109C80005A005A005A005A00EE03E0000E015A0032
:109C90005A005D045A0018045A005A005A005A002B
:109CA0005A00350413B0BDE8F04FF8F7F5B994F851
:109CB0004461002EF6D06B4821F0C2F90E2871D80D
:109CC000A5F14D04DFF89C8104EB440404EBC404CB
:109CD00000251534C14601E018F8016F67193846B0
:109CE00016F0CAFCB04205F101053146384601D0F4
:109CF00016F0DCFC484621F0A3F98542ECDD01209A
:109D000051E0584E06A9304620F08AFA069BB3422D
:109D100004460D4600F06484534B00221EF022FAE4
:109D200040B1524B0022204629461EF011FA00286D
:109D300040F01486F8F7A4F913B0BDE8F08F494B52
:109D400005AA04A903A811F041FD8346002840F0AC
:109D500010855846F8F794F9EEE794F84451303DF1
:109D6000092D94BF012700270ED80378012B00F09E
:109D7000A785312017F0ECFC142017F025FA54F8D1
:109D800025103B4815F0CCFF38460CE094F84441D0
:109D9000A4F13103032B05D8364D95F83560002E1C
:109DA00000F0C085002013B0BDE8F04FF8F768B9A7
:109DB00094F844010028F6D02A4821F041F9421CC9
:109DC0000F2AEFD8DFF8B0902649484616F09CFCE1
:109DD00019F81A7C07EB470707EBC70709F1FF38AB
:109DE00000261537BC19204616F046FC18F8015F0E
:109DF000854206F101062946204601D016F056FCA0
:109E0000484621F01DF98642ECDD78E794F844419C
:109E100034B1144821F014F902288CBF0024012425
:109E2000104806A911F04AFD002883D0069BA3F133
:109E30003C021F2A00F2D48384B10E4D2220C5F8C3
:109E40002C3104F069FE95F82C61054616F014FCDF
:109E5000864203D03146284616F028FC204669E7A2
:109E60001890FF1F5C91FF1F000028C000002840D1
:109E7000E087FF1F4093FF1F1293FF1F7A4806A938
:109E800011F01CFD0546002840F0F4832846F8F741
:109E9000F7F851E794F844314C2B00F0C58394F85F
:109EA0005E3171497148012211F028FA7BE794F87C
:109EB0005E316D496E48012211F020FA73E713B04C
:109EC000BDE8F04F01F0A8B96A4BD3E902015EA3E7
:109ED000D3E900231DF0C0FE02460B4606A86649E2
:109EE00008F03EFC72B6654B186862B6644B984247
:109EF00005DDA0F50300A0F556409842F9DC1EF000
:109F0000ADFA60491EF0B2FB5F491EF0FBFA1DF08E
:109F10004BFE4FA3D3E900231DF09EFE02460B46E5
:109F200006A810F0C1FB044606A80D4610F0ACFBD5
:109F300049A3D3E900231DF08FFE06460E200F46ED
:109F400004F0EAFD0346294620461D4644A3D3E912
:109F500000231DF081FE1EF077F95FFA80F80446B9
:109F6000284616F089FB804503D04146284616F066
:109F70009DFB05F10109484616F07EFBC4F3072856
:109F8000804503D04146484616F090FB05F1020992
:109F9000484616F071FBC4F30748804503D041469C
:109FA000484616F083FB0335284616F065FB240E61
:109FB000844203D02146284616F078FB122004F094
:109FC000ABFD3946054630461EF03EF904462846AC
:109FD00016F052FBE6B2864203D03146284616F010
:109FE00065FB6F1C384616F047FBC4F30726864214
:109FF00003D03146384616F059FBAF1C384616F0F0
:10A000003BFBC4F30746864203D03146384616F080
:10A010004DFB0335284616F02FFB240E844203D057
:10A020002146284616F042FB012083E6124D2846C1
:10A030000BF096FB0446002800F0628300242046C3
:10A04000B1E600BFAFF30080000000A046DF913F03
:10A050000000004052C1D03F00000020DCA54C4071
:10A06000000000A0C88E0E405C91FF1F1898FF1FD3
:10A070000898FF1FF892FF1F4093FF1F7891FF1F62
:10A0800000D6830000D6034B0000C041C64B0093AE
:10A090000122019205AB04AA03A902A811F026F837
:10A0A000834600283FF455AE0EF0AEFA04460EF09B
:10A0B00093FA05460EF078FA029B8DF81A300246A4
:10A0C000BA4B8DF81C20039A8DF81920059A8DF84B
:10A0D0001D508DF81820DD6ADFF8D4A2D3E90423DF
:10A0E0004E3406A8CAE90E238DF81E400EF048F93A
:10A0F000044628460D46AF491EF004FA1EF0DEFB6A
:10A10000041945EBE075204616F05EFE2046294610
:10A110000EF094FAFFF7CCF9A74B04460D46002247
:10A12000DAE90E011DF0C2FE02460B462046294622
:10A130001DF0DAFBA14B002204460D461EF012F87A
:10A1400078B19E4F00262046294632463B461DF0F8
:10A15000CBFB32463B4604460D461EF003F8002872
:10A16000F1D100220023204629461DF0E7FF98B1D7
:10A17000924F00264FF000084FF000092046294674
:10A1800032463B461DF0B2FB42464B4604460D4666
:10A190001DF0D4FF0028F1D1884B2046294600222B
:10A1A0001DF084FE7EA3D3E900231DF055FD1EF0B3
:10A1B00003F872B6CAF8000062B672B6DAF8002088
:10A1C000DAF80030CAE9042362B6C2E57C480BF035
:10A1D000C5FA002800F03D8394F844510022002382
:10A1E0002D2DCDE9062300F05383A5F12B05B5FAFB
:10A1F00085F56D0905F2491005F5A276204420F099
:10A200001FFF012840F2F181254495F84A31A3F15E
:10A210003A03B3FA83F35B090022A11906A811F0EF
:10A220006DF88346002800F0B98094F844312D2B56
:10A2300000F08B83DDE90654624B2846214600225C
:10A240001DF07CFF002840F07E835F4B574E284670
:10A25000214600221DF090FF00283ED12A462346C9
:10A2600021463478C6E9042328461DF0EDFF04EBAF
:10A27000440404EBC40404F10E08C7B2054640468A
:10A2800016F0FAF9874203D03946404616F00EFA26
:10A2900004F10F08404616F0EFF9C5F3072787428F
:10A2A00003D03946404616F001FA04F11008404642
:10A2B00016F0E2F9C5F30747874203D03946404616
:10A2C00016F0F4F91134204616F0D6F92D0E854219
:10A2D00003D02946204616F0E9F9D6E90423DFF831
:10A2E000D0A0CAE90E23FFF7E3F8334B04460D462E
:10A2F0000022DAE90E011DF0D9FD02460B46204688
:10A3000029461DF0F1FA2D4B002204460D461DF0A2
:10A3100029FF78B1294F00262046294632463B4680
:10A320001DF0E2FA32463B4604460D461DF01AFF88
:10A330000028F1D100220023204629461DF0FEFE10
:10A3400098B1DFF878904FF00008002600272046EB
:10A35000294642464B461DF0C9FA32463B46044662
:10A360000D461DF0EBFE0028F1D1144B2046294686
:10A3700000221DF09BFD0AA3D3E900231DF06CFC15
:10A380001DF01AFF72B6CAF8000062B672B6DAF8AB
:10A390000020DAF80030CAE9042362B6584602E524
:10A3A00000000000C07A60415C91FF1FF892FF1F1F
:10A3B0007891FF1F0000614500002E4000003840EA
:10A3C0004093FF1F008076C00080764094F844419F
:10A3D000002C3FF467ACBE4820F032FE01283FF667
:10A3E00061AC4E2C00F0E682452C00F0EA82572C3E
:10A3F0007FF458ACB7480BF0D9F9002840F0F1824F
:10A40000B5490022D1E9020100231DF0ABFE00286E
:10A4100014BF02220122AF4B012083F8C024C2E402
:10A42000AC480BF09BF9002800F01A81AB4820F0F3
:10A4300007FE012840F2D78094F84A31A3F13A038D
:10A44000B3FA83F35B09A249012206A810F056FF74
:10A450000546002843D12846A5E494F85E319C497E
:10A460009F48002228E594F844419948003C18BFD1
:10A47000012420F0E5FD06A90546954811F01EFAD5
:10A48000069B03F11E023C2A8CBF002404F0010449
:10A490000440032D8CBF002404F00104002C40F084
:10A4A000E2812046F7F7ECFD46E494F844314C2B6A
:10A4B00000F09D808B4D94F85E218549284610F070
:10A4C000DFFE044600283FF4BAADD5E90001864B13
:10A4D00000221DF0C1FBC5E90001204663E4DDE96F
:10A4E0000689824B0022404649461DF027FE00287F
:10A4F00059D17F4B0022404649461DF03DFE0028C1
:10A5000051D1754E3478C6E90289494640461DF05E
:10A510009BFE04EB440404EBC40404F10A095FFA53
:10A5200080F80746484616F0A7F8804503D0414614
:10A53000484616F0BBF804F10B09484616F09CF8A3
:10A54000C7F30728804503D04146484616F0AEF8C9
:10A5500004F10C09484616F08FF8C7F30748804508
:10A5600003D04146484616F0A1F80D34204616F0B7
:10A5700083F83F0E874203D03946204616F096F8FE
:10A5800051A3D3E90023D6E902011DF08FFC8046D8
:10A59000894619F0EFFDC6E90C014046494619F01D
:10A5A00075FEC6E90E0105F02FFC524809F064FB68
:10A5B000484807F015F8012004F0DAFC45480BF094
:10A5C000CDF8002840F0F28142480BF0BFF8002897
:10A5D0003FF441AF3F4806F0E3FF2846FFF7E3BBF7
:10A5E0000020FFF7A7BB00232DE7002314E6424815
:10A5F00006A91FF015FE0022002306460F461DF097
:10A60000B1FD00283FF41AAD3C4B002230463946DC
:10A610001DF09EFD00283FF411AD324B0124C3E92B
:10A6200000672046FFF7BFBB334806A91FF0F8FDBF
:10A630002E4B002204460D461DF094FD00283FF4E9
:10A64000B2AB2B4B0022204629461DF081FD00288D
:10A650003FF4A9AB234B012043E90245FFF7A3BB1D
:10A660001C480BF073F8054600287FF4DFAE28463F
:10A67000FFF799BB069EB7B207F1C80242F2080184
:10A6800092B28A4200F24B81134A1478168304EB8B
:10A69000440404EBC40404F11208404615F0ECFF36
:10A6A000F6B2864203D03146404615F0FFFF133420
:10A6B000204615F0E1FF390A81423FF4E7AB20461E
:10A6C00015F0F4FFFFF7E2BB00000020DCA54C40D2
:10A6D0005C91FF1F4093FF1FF892FF1F6191FF1FC6
:10A6E0001098FF1F2098FF1F00002E40008056C0CA
:10A6F000008056406894FF1F5D91FF1F00807640E8
:10A70000BF4E06A930461FF08BFD069BB342804624
:10A710000F463FF494ACBB4B00221DF023FD0028F4
:10A7200000F0BC80B84B4046394600221DF006FDC3
:10A73000002800F0B380AEA3D3E90023404627F001
:10A7400000411DF0FBFC002840F0B380AF4B00221D
:10A75000404639461DF0AAFBA7A3D3E900231DF00C
:10A76000A5FB012405F5A263C3E900012046FFF71C
:10A770001ABBDDE90487039EDFF894A20DF0CCFE3E
:10A7800005460DF0E1FE04460DF0F6FE03468DF899
:10A790001830A04B8DF81A50D3E904234E3606A882
:10A7A000CAE90E238DF819408DF81D808DF81C70B4
:10A7B0008DF81E600DF0E4FD05460C4616F004FB16
:10A7C000284621460DF03AFFFEF772FE924B0446F2
:10A7D0000D460022DAE90E011DF068FB02460B4629
:10A7E000204629461DF080F88C4B002204460D4679
:10A7F0001DF0B8FC78B1894F002620462946324624
:10A800003B461DF071F832463B4604460D461DF0AE
:10A81000A9FC0028F1D100220023204629461DF082
:10A820008DFC00283FF4B8AC7C4F00264FF00008A8
:10A830004FF000092046294632463B461DF056F8A7
:10A8400042464B4604460D461DF078FC0028F1D1E7
:10A85000A2E473480AF07AFF834600287FF4BCAC78
:10A860005846FFF7A0BA6E4D2120C5F8283104F0F4
:10A8700053F995F82851064615F0FEFE85F080053F
:10A8800085423FF40EAE2946304615F00FFF08E62C
:10A8900040F245164FF4A5700125AFE454A3D3E967
:10A8A0000023404627F000411DF048FC00283FF4FB
:10A8B000C6AB0023012485F80A352046FFF773BA9A
:10A8C000584D594CDFF86481DFF864A1312018F04D
:10A8D000C3FF142016F078FC40F2EE292E6805E044
:10A8E000B3F5FA6F3FF650AA19F038F819F036F8B8
:10A8F000237853B198F80030DB0706D52B68DAF8D7
:10A9000000209B1A0E2B3FF63FAA2B6822789B1B38
:10A91000002AE5D14B45E7D93846FFF744BA002570
:10A92000FFF7B4BA05F5947009F0E6F9304604F083
:10A93000F3F8A4F13001C9B215F0B8FE012085F892
:10A94000E006FFF730BA334EC7E4DDE9065404F100
:10A9500000442A462346CDE906236DE420462946D5
:10A960001DF072FC334904461DF074FF00287FF48B
:10A970005BAB314920461DF077FF00287FF454ABD4
:10A98000244D2D49EC6220461DF0B4FC2B491DF0EE
:10A99000B9FD1DF093FF2A7814231B24C1B204FBD8
:10A9A000023015F083FE0120FFF7C4B91C4806F001
:10A9B00013FE09E61A4B0022012083F8C024FFF79A
:10A9C000F2B917480AF0F2FE68B912490022D1E93B
:10A9D000020100231DF0C6FB002814BF0122022241
:10A9E00019E5022217E5012215E500BFAFF300804B
:10A9F000000000A09999B93F000000E0360BF03F3D
:10AA00005C91FF1F00003E400080564000004E4019
:10AA10007891FF1FF892FF1F00002E400000384081
:10AA20004093FF1F34A0FF1FD0A2FF1FF4A2FF1FFF
:10AA3000F8A2FF1F000040C100004041000020417B
:10AA40002DE9F0412C4CA4F5A37882B0054646468A
:10AA500008F5AB7714F8010F1FF05EFDD0B3A742E5
:10AA6000F8D198F85731ABBB0DF1FF300DF1070766
:10AA700022E0A3F14102052A94BFA3F137024FF06F
:10AA8000FF3296F84811A1F13003DCB2092C09D944
:10AA9000A1F16103052B22D9A1F14103052B19D89E
:10AAA000A1F13703511C15D043EA021300F8013F0E
:10AAB000874206F1020615D096F84731A3F130021D
:10AAC000D1B20929DDD9A3F16102052AD1D8A3F1B8
:10AAD0005702D6E70023184602B0BDE8F081A1F185
:10AAE0005703DFE702AB13E90300012385E8030006
:10AAF000184602B0BDE8F0815E91FF1FFFFFFFFF27
:10AB00002DE9F04F87B016F059F9002104460DF0F9
:10AB10001FFC0021064620460DF0ACFB0021054637
:10AB200020460DF0FFFB6B1E012B98BF06F1FF3690
:10AB30008046304698BF0C351DF090FCD64906463D
:10AB40001DF094FD19F05AFFD449074630461DF018
:10AB50008DFD19F053FFD249034630461E461DF0C5
:10AB6000D1FC19F04BFF814628461DF077FC4FF0D1
:10AB70007E511DF0BFFBCB491DF0C4FC19F03EFF18
:10AB8000394605464FF080401DF0B2FB31461DF0BE
:10AB9000B1FB1DF009F8064648460F461DF004F8C3
:10ABA00002460B46304639461CF0A0FE06462846B3
:10ABB0000F461CF0F9FF02460B46304639461CF0A2
:10ABC00095FE064640460F461CF0DCFF02460B464B
:10ABD000304639461CF08AFE99A3D3E900231CF0C5
:10ABE00085FE82468B46204600210DF085FB002124
:10ABF000064620460DF054FB1DF030FCAA491DF01E
:10AC000035FD054630461DF029FC014628461DF05D
:10AC100071FB0021034620461C460DF057FB1DF03A
:10AC20001DFCA2491DF022FD21461DF063FB1CF016
:10AC3000BBFF9F4BCDE900010022504659461CF056
:10AC400055FE19F00DFE80A3D3E9002304460D46FE
:10AC50001DF092FA58B37EA3D3E90023204629467B
:10AC60001CF042FE7CA3D3E900231DF01FF91DF068
:10AC7000A3FA1CF087FF8F4B002206460F461CF0FC
:10AC8000EBFF19F0EDFD02460B462046294614461F
:10AC90001D460022884B1CF029FE32463B461CF024
:10ACA00025FE22462B461CF01FFE04460D466CA3D3
:10ACB000D3E90023204629461CF018FE6AA3D3E9F5
:10ACC000002304460D461CF00FFE69A3D3E90023C0
:10ACD0001DF0ECF819F0C4FD02460B46CDE9022345
:10ACE00063A3D3E900231CF0B7FF19F0B9FD0246B6
:10ACF0000B46204629461CF0F7FD5FA3D3E900234D
:10AD0000804689461DF0D2F819F0AAFD5AA3D3E96E
:10AD1000002304460D461CF09FFF19F0A1FD002200
:10AD200006460F460023404649461CF0DFFD3246EA
:10AD30003B461CF0D9FD19F093FD1DF03DFA5F4B29
:10AD400006460022204629461DF0F8F9002800F0AA
:10AD50001482594B2046002229461CF0C5FD1DF0E7
:10AD60002BFA044620461DF079FB554980461DF01C
:10AD700085FD002800F0F68141A3D3E90023DDE939
:10AD800002011CF0B1FD1DF017FA0546631E012BF0
:10AD900005D804F10C001DF061FB013D80462846FA
:10ADA0001DF05CFB3C4904461DF060FC19F026FEDA
:10ADB0003A49074620461DF059FC19F01FFE384954
:10ADC000054620461DF09EFB19F018FE4FF07E51FF
:10ADD000044640461DF08EFA32491DF093FB19F0EF
:10ADE0000DFE034659465046059327A3D3E9002399
:10ADF0001CF07AFD334B804689460022DDE90001D4
:10AE00001DF054F802460B46404649461CF06EFDC4
:10AE10001FA3D3E9002382468B461DF047F8024664
:10AE20000B464FF080403946CDE902231DF060FA11
:10AE300029461DF05FFA1CF0B7FE804644E000BFD3
:10AE400000000080A2423A41000000008C8A41418B
:10AE500000000040D07D3C410000000088D5E1406A
:10AE60000000000000D097400000006066865E4051
:10AE70000000000000D4764000000020A0993E4071
:10AE800000000000006CB240000000802CB4424181
:10AE900000000000A0D5E1400000C8420000C84307
:10AEA00000A0B64301CDF4410000704200006145AE
:10AEB0000000E03F0000D03F0000F03F00002B40CA
:10AEC0000000204000003840204689461CF06CFEFF
:10AED00002460B46404649461CF008FD04460598CC
:10AEE0000D461CF061FE02460B46204629461CF02A
:10AEF000FDFC044630460D461CF044FE02460B465F
:10AF0000204629461CF0F2FCA1A3D3E900231CF043
:10AF1000EDFCA1A3D3E900231CF0E6FCA0A3D3E938
:10AF200000231CF099FEA0A3D3E900231CF0DEFC53
:10AF3000B74B0022804689461DF014F978B1B44D14
:10AF4000002422462B46404649461CF0CDFC2246B2
:10AF50002B46804689461DF005F90028F1D10022D4
:10AF60000023404649461DF0E9F888B1A84F002665
:10AF7000002400254046494632463B461CF0B6FCBC
:10AF800022462B46804689461DF0D8F80028F1D18C
:10AF900087A3D3E90023DDE900011CF05DFE4246F2
:10AFA0004B461CF0A3FCDDE9026783A3D3E9002331
:10AFB00004460D46304639461CF04EFE32463B46AE
:10AFC0001CF04AFE02460B46204629461CF08EFC29
:10AFD0008F4B0022804689461DF0C4F878B18C4D15
:10AFE000002422462B46404649461CF07DFC224662
:10AFF0002B46804689461DF0B5F80028F1D1002285
:10B000000023404649461DF099F888B1804F00263C
:10B010000024002532463B46404649461CF066FC6B
:10B0200022462B46804689461DF088F80028F1D13B
:10B0300063A3D3E90023504659461CF00DFE024697
:10B040000B4661A1D1E900011CF04EFC60A3D3E9DD
:10B0500000231CF02BFF19F019F95FA3D3E900239B
:10B0600004460D46504659461CF0F6FD5CA3D3E954
:10B0700000231CF03BFC02460B461CF037FC54A39B
:10B08000D3E900231CF012FF19F000F956A3D3E90D
:10B09000002306460F46504659461CF0DDFD024689
:10B0A0000B4653A1D1E900011CF01EFC48A3D3E9D3
:10B0B00000231CF0FBFE19F05DF84FA3D3E9002339
:10B0C00082468B46204629461CF0C6FD4CA3D3E998
:10B0D000002304460D46304639461CF0BDFD0246AD
:10B0E0000B46204629461CF0FFFB52465B461CF0EF
:10B0F000B3FD42464B461CF0F9FB454B002280460F
:10B1000089461DF02FF878B1414D002422462B4688
:10B11000404649461CF0E8FB22462B4680468946BD
:10B120001DF020F80028F1D10022002340464946B6
:10B130001DF004F888B1364F002600240025324661
:10B140003B46404649461CF0D1FB22462B468046F2
:10B1500089461CF0F3FF0028F1D14046494607B06C
:10B16000BDE8F08F28A3D3E90023DDE902011CF03C
:10B17000BBFB1DF021F8054608E6264B20460022C1
:10B1800029461CF0B1FB1DF017F80446EAE500BFA4
:10B1900000000080A2423A41000000802CB44241ED
:10B1A000000000E05BD2B03F000000801CCA1A40E3
:10B1B000000000E0360BF03F000000605243FB3E11
:10B1C00000000060C91CAB3F000000608F425F4080
:10B1D00000000020DCA54C40000000E0718AEF3F39
:10B1E0000000002085877140000000A0F2D79A3E41
:10B1F0000000000076703740000000A0EEE734BF8A
:10B2000000000080732AF93E00000000006BB2408D
:10B210000000384000002A402DE9F04FB44C94F86B
:10B220004431413B89B0312B3ED8DFE813F0500068
:10B230003D003D003D0081003D003D003D003D00E2
:10B240003D009E00C800FF003D0069013D003D003B
:10B2500089013D0032003D003D003D003D003D00C4
:10B260003D003D003D003D003D003D003D003D00F6
:10B270003D003D003D003D003D003D003D003D00E6
:10B280003D003D003D003D003D003D003D003D00D6
:10B29000420094F84531312B01F0EC80322B01F063
:10B2A0007B81302B00F0268209B0BDE8F04FF6F725
:10B2B000F3BE94F84731792B01F006826E2B01F032
:10B2C000AF82002009B0BDE8F04FF6F7D9BE94F880
:10B2D0004531432B01F0CE81633BDAB2102AF0D81E
:10B2E000102BEED801A252F823F000BF19B70000CE
:10B2F000C3B20000C3B20000C3B20000C3B200007A
:10B30000C3B2000019B70000C3B20000C3B200000E
:10B31000C3B20000C3B20000C3B20000C3B2000059
:10B3200019B70000C3B20000C3B200007DB800002E
:10B3300094F84531502B01F00B8200F2AE81452B81
:10B3400000F04B854F2BAFD16A4806A910F0CEFA1A
:10B35000044620B1069B072B41F22C830024204693
:10B36000F6F78EFE09B0BDE8F08F94F84531613BE9
:10B37000DBB2192BA5D86048012505FA03F210406D
:10B38000002841F016800A2B9CD194F846312C2BD2
:10B3900097D194F84731A3F13002012A91D894F85B
:10B3A0004821002A8DD1A3F13103544AB3FA83F323
:10B3B0005B0982F8983403F0A3FC284682E794F8EE
:10B3C0004531413B162B3FF66FAF01A252F823F0F7
:10B3D000E9BC00005DBC0000D1BB00000FBB000059
:10B3E000DBBA0000A9B20000A9B2000095BA0000C3
:10B3F000A9B20000A9B20000A9B20000A9B20000E1
:10B40000A9B20000A9B200005BBA0000A9B2000016
:10B41000A9B200004FBA000011BA0000A9B20000A2
:10B4200075BD0000A9B20000A5B9000094F845312F
:10B43000423B2B2B3FF638AF01A252F823F000BF5E
:10B4400037BE000001B90000A9B20000DBBD00005A
:10B450008DBF0000A5BE0000A9B20000A9B2000087
:10B46000A9B20000A9B20000A9B20000D1C000003A
:10B47000A9B20000A9B20000A9B20000A9B2000060
:10B4800055C00000ABC00000A9B20000A9B2000086
:10B49000A9B20000A9B20000A9B20000A9B2000040
:10B4A000A9B20000A9B20000A9B20000A9B2000030
:10B4B000A9B20000A9B20000A9B20000A9B2000020
:10B4C000E3BF000001B90000A9B20000A9B200006A
:10B4D000A9B20000A9B20000A9B20000A9B2000000
:10B4E000A9B20000A9B20000A9B20000E5BD0000A9
:10B4F0001890FF1F5F91FF1F058000024093FF1F00
:10B5000094F84531492B01F0C78000F2A980A3F1DE
:10B510004102022A3FF6C8AE412B00F0C281B3F1CE
:10B52000420418BF0124CE481FF08AFD0F2894BFA3
:10B530004FF001084FF0000840F2B6814046C1E6E6
:10B5400094F84561A6F13004422C3FF6ADAE01A35C
:10B5500053F824F0D9B70000D9B70000D9B70000DC
:10B56000D9B70000A9B20000A9B20000A9B200003A
:10B57000A9B20000A9B20000A9B20000A9B200005F
:10B58000A9B20000A9B20000A9B20000A9B200004F
:10B59000A9B20000A9B20000ADC20000A9B200002B
:10B5A000A9B200002BC30000A9B20000A9B200009C
:10B5B000A9B20000A9B20000A9B20000A9B200001F
:10B5C000A9B20000A9B20000A9B20000A9B200000F
:10B5D000A9B20000A9B20000A9B20000A9B20000FF
:10B5E000A9B20000A9B20000A9B20000A9B20000EF
:10B5F000A9B2000063C20000A9B20000A9B2000015
:10B60000A9B20000A9B20000A9B20000A9B20000CE
:10B61000A9B20000A9B20000A9B20000A9B20000BE
:10B62000A9B20000F1C10000C5C1000049C100007D
:10B63000A9B20000F5C00000A9B20000A9B2000044
:10B64000A9B20000A9B20000A9B20000A9B200008E
:10B65000A9B20000A9B20000A9B2000029C20000EE
:10B66000532B7FF421AE7E4806A910F03FF9069BCC
:10B67000132B8CBF002400F00104002C3FF46FAEAC
:10B68000784DAA6893423FF46AAE4120AB6003F064
:10B6900043FA297A15F00AF861E6722B7FF404AEBA
:10B6A00094F84631522B00F09683442B7FF409AE78
:10B6B0006D4E6E481FF0C4FC012805467FF401AEB4
:10B6C00094F84831A3F13002012A3FF6FAAD7268CE
:10B6D000917A00297FF4F5ADA3F131004342434153
:10B6E000B06B537203F018FA7368597A14F0DEFFE6
:10B6F0002846E7E55E4B00930122019205AB04AAC0
:10B7000003A902A80FF0F2FC8346002841F0C6808E
:10B710005846F6F7B5FC25E6514800211EF080FD9D
:10B7200049A3D3E900230E4621F0004107461CF04F
:10B7300023FD00287FF4C5AD4A4DD5E9A2011CF0D8
:10B7400083FD8046D5E9A4011CF07EFD8146D5E944
:10B75000A6011CF079FD0346314638461E463CA33F
:10B76000D3E900231CF078FA3BA3D3E900231CF0B3
:10B770009DFB94F84531632B01F01081702B01F093
:10B7800025811CF061FD064640461CF00DFAC5E916
:10B79000A20148461CF008FAC5E9A40130461CF095
:10B7A00003FAC5E9A601002140461DF03FF8002834
:10B7B00001F03880002148461DF038F8002801F0DB
:10B7C0003180002130461DF031F8B0FA80F35B097A
:10B7D00085F89034012075E5224D95F84815C9B2D9
:10B7E00000290CBF4FF001084FF000087FF4A6AE0F
:10B7F0001B480A221EF0C2FD431EFE2B074601F223
:10B800001B82A6F11A0003F087F9F9B214F04EFF7B
:10B81000002C41F0EA8038461CF0B4F9154B164E66
:10B8200000221CF043FBC6E9000195F878359C42E4
:10B830007FF484AE0B48002221460AF0C9FA404644
:10B8400040E500BFAFF30080000000000094D1404D
:10B85000000000A046DF913F000000000020AC4047
:10B860005F91FF1F4093FF1F2487FF1F6091FF1F01
:10B870005E91FF1F000059409098FF1FC7481FF0BE
:10B88000DFFB0F2828BF0F2004462246C349C448C7
:10B8900014F03AFFC34B23440022012083F87F2495
:10B8A00010E5C14B1C783EE6C04BBC49C4EB041705
:10B8B0001F440F22384614F027FF21468D2003F045
:10B8C00035F9814638461FF0BBFB0E283FF636AEF1
:10B8D0007E1E344616F801AFF51B4D44284614F081
:10B8E000CBFE82455146284601D014F0DFFE384693
:10B8F0001FF0A6FB0234E41BA042EADA4046E1E472
:10B900000A22AB4800211EF0E5FDAA4BA3FB002351
:10B910005B09642202FB03F3632B7FF6C5AC94F84A
:10B920004621522A01F08581442A7FF4CAACA24DF7
:10B93000296891F82C20013AD2B2032A3FF6C1AC13
:10B940009E4E56F8222093423FF6BBAC94F8452118
:10B95000432A01F0D08191F82020002A7FF4B1AC75
:10B96000A86ACB6103F0D8F82A686423D169B1FBD7
:10B97000F3F1C9B214F09AFE2C6894F92C305A1ED7
:10B98000D2B2032A42D8E16956F82220023B914202
:10B9900028BF1146022B01F2E781DFE813F0F9041A
:10B9A000E804D8047D487F4D0A2200211EF0E6FC01
:10B9B000B428034600F3E9876FF0B3029042C5F85C
:10B9C0003401B8BF13463520C5F8343103F0A4F86C
:10B9D0000446D5F834011CF041FD79491CF092FD74
:10B9E00078491CF043FE19F04BF84FF086411CF0EB
:10B9F00081FC1CF089FF0546204614F03DFEEDB2A7
:10BA0000854203D02946204614F050FE012059E417
:10BA1000624806A90FF052FF044600283FF49FAC8D
:10BA2000069BB52B3FF69AAC5E4D3720C5F84031EA
:10BA300003F072F895F84061054614F01DFE864249
:10BA40003FF48DAC3146284614F030FE87E45E4862
:10BA500009B0BDE8F04F08F049B9504806A90FF009
:10BA60002DFF044600283FF47AAC069BA3F12D027B
:10BA70002E2A3FF673AC4B4D2220C5F82C3103F033
:10BA80004BF895F82C61054614F0F6FD86423FF41C
:10BA900066ACD7E7414806A90FF010FF044600281E
:10BAA0003FF45DAC069B03F11E023C2A3FF656AC08
:10BAB0003C4D2120C5F8283103F02EF895F8285187
:10BAC000064614F0D9FD85F0800585423FF447AC69
:10BAD0002946304614F0EAFD41E43048314D0A224F
:10BAE00000211EF04BFCB428034600F34B876FF097
:10BAF000B3029042C5F83001B8BF13463420C5F8F0
:10BB0000303103F009F80446D5F8300163E70A2222
:10BB1000002122481EF032FC06461CF09FFC214BFF
:10BB20002A490446D3F87C071CF0ECFC0146204669
:10BB30001CF090FE00283FF4C4AB282002F0ECFF7C
:10BB4000044614F099FD0546601C14F095FDEDB215
:10BB500060F30F252DB2AE427FF7B3AB2A2002F07F
:10BB6000DBFF054614F088FDF7B2874236B203D0FA
:10BB70003946284614F09AFD0135284614F07CFD1C
:10BB8000C6F30721814202D0284614F08FFD0E48EB
:10BB900008F0CAF80120FFF795BB00BF5F91FF1FB7
:10BBA000BF97FF1F4093FF1F3893FF1F5793FF1F3F
:10BBB0006091FF1F1F85EB512487FF1F281803008A
:10BBC00000007041000070426894FF1F0000204197
:10BBD0000A220021A9481EF0D1FB06461CF03EFCBB
:10BBE000A74BA8490446D3F878071CF08BFC014604
:10BBF00020461CF039FE00283FF463AB2A2002F0F7
:10BC00008BFF044614F038FD0546601C14F034FD2B
:10BC1000EDB260F30F252DB2AE42BFF652AB282035
:10BC200002F07AFF054614F027FDF7B2874236B2DC
:10BC300003D03946284614F039FD0135284614F062
:10BC40001BFDC6F30721814202D0284614F02EFDC9
:10BC50008D4808F063F80120FFF734BB0A22002169
:10BC600086481EF08BFB06461CF0F8FB844B85498A
:10BC70000446D3F82C071CF045FC014620461CF076
:10BC8000E9FD00283FF41DAB242002F045FF0446E7
:10BC900014F0F2FC0546601C14F0EEFCEDB260F30B
:10BCA0000F252DB2AE427FF70CAB262002F034FFF9
:10BCB000054614F0E1FCF7B2874236B203D03946AC
:10BCC000284614F0F3FC0135284614F0D5FCC6F3E1
:10BCD0000721814202D0284614F0E8FC6A4808F0A7
:10BCE00017F80120FFF7EEBA0A22002163481EF080
:10BCF00045FB06461CF0B2FB614B62490446D3F893
:10BD000028071CF0FFFB014620461CF0ADFD002873
:10BD10003FF4D7AA262002F0FFFE044614F0ACFC44
:10BD20000546601C14F0A8FCEDB260F30F252DB29F
:10BD3000AE42BFF6C6AA242002F0EEFE054614F07D
:10BD40009BFCF7B2874236B203D03946284614F03E
:10BD5000ADFC0135284614F08FFCC6F30721814263
:10BD600002D0284614F0A2FC474807F0CBFF012080
:10BD7000FFF7A8BA0A2200214048414D1EF0FEFA02
:10BD80001BF000FF414B00221CF090F8404B0022BA
:10BD900006460F461CF0F0F9002840F0FB85C5E987
:10BDA0004E673C4B0022304639461CF0C7F908B1BB
:10BDB000384F0026C5E94E67362002F0ADFE334B02
:10BDC00000220446D5E94E011BF046FF18F0CCFDD9
:10BDD0001CF01AFA0FE6304E6BE409B0BDE8F04FE4
:10BDE000F6F730B994F84631522B00F0FB85442B1E
:10BDF0007FF4B4AA294D2A481FF022F901287FF4C4
:10BE0000ADAA274806A90FF059FD044600283FF4C3
:10BE1000A5AA069B012B3FF6A1AA2B689B7C002BB1
:10BE20007FF49CAA286A02F077FE9DF8181014F09F
:10BE30003DFCFFF794BA124809F098FC06A90546A4
:10BE400017480FF03BFD069A85F00103B2F57A7FA3
:10BE50002CBF002000F0010010EA030508D094F880
:10BE60004631522B00F03287442B00F03B860025F0
:10BE70002846F6F705F9FFF775BA00BF5F91FF1F77
:10BE80004093FF1F000020416894FF1F00002440E2
:10BE900000002840000022406087FF1F2487FF1F0A
:10BEA0006091FF1FA44809F061FC00287FF409AAF3
:10BEB00094F84631522B00F00D87442B7FF401AAF1
:10BEC0009E4E9F481FF0BCF8831E082B3FF6F9A931
:10BED0009B480A2200211EF0FDFA35682B790446A2
:10BEE000002B7FF4EEA91BF03DFE804628688946B2
:10BEF0001BF038FE02460B46404649461BF0D6FF73
:10BF00008046894672B6B56828691BF03BFE4246FA
:10BF10004B461BF0A1FE1CF04FF9286162B6336856
:10BF200030691C6002F0F8FD054614F0A5FBE6B28E
:10BF3000864203D03146284614F0B8FB6E1C3046CA
:10BF400014F09AFBC4F30721814202D0304614F06A
:10BF5000ADFBAE1C304614F08FFBC4F307418142A9
:10BF600002D0304614F0A2FB0335284614F084FBBF
:10BF7000210E814202D0284614F098FB01226E481F
:10BF800011460AF0C1FB0120FFF79CB994F8463135
:10BF9000522B00F02185442B7FF4E0A9674D6848BF
:10BFA0001FF04EF8831E022B3FF6D8A9644806A95D
:10BFB0000FF084FC044600283FF4D0A906997F299D
:10BFC0003FF6CCA92B6893F92C204039012A069121
:10BFD0007FF4C5A9186B0022C9B210F0AFFAFFF7C1
:10BFE000BEB9554809F0C2FB06A9054654480FF0F2
:10BFF00065FC069AA2F1100185F0010330298CBF7F
:10C00000002000F0010010EA03053FF431AF94F87E
:10C010004631522B00F05586442B7FF428AF474C15
:10C020002368206B9A6202F077FD236893F828104A
:10C0300014F03CFB2368A668986A1BF0A3FDD6E9C0
:10C040000E8902460B46404649461BF02FFFC6E9C3
:10C050001E010DE794F84631522B00F0C084442BAA
:10C060007FF42FA9354E36481EF0EAFF0128054619
:10C070007FF427A994F84831A3F13002012A3FF652
:10C0800020A93268117C00297FF41BA9A3F131019A
:10C090004B424B41F069D37302F03EFD3368D97BCC
:10C0A00014F004FB2846FFF70DB9234809F05EFBA6
:10C0B000054638B994F84631522B00F00586442BDA
:10C0C00000F0BA841E4806A90FF010FC0025CFE648
:10C0D000194809F04BFB054638B994F84631522B04
:10C0E00000F0F685442B00F0308506A914480FF0C7
:10C0F000E5FBBCE6104C134803230A22002184F818
:10C100000B351EF03BF91BF03DFD09A3D3E90023DD
:10C110001BF0CCFE04F5A263C3E900012046012117
:10C1200009F0C0FD0120FFF7CDB800BFAFF30080DC
:10C13000000000000088C3404093FF1F2487FF1FBA
:10C140006091FF1F5F91FF1F0A220021C048C14D6F
:10C150001EF014F9C04900F5434250328A4294BFA0
:10C16000034600233020C5F8243502F0D5FCD5F86D
:10C170002455044614F080FAEEB2864203D03146CC
:10C18000204614F093FA661C304614F075FAC5F395
:10C190000721814202D0304614F088FAA61C3046AE
:10C1A00014F06AFAC5F30741814202D0304614F018
:10C1B0007DFA0334204614F05FFA290E81423FF4E1
:10C1C00025AC20E40A220021A148A24D1EF0D6F899
:10C1D000A14900F5434250328A4294BF03460023EE
:10C1E0002C20C5F8203502F097FCD5F82055C0E783
:10C1F000984D95F90835022B7FF463A806A8FEF741
:10C200001FFC002800F02685DDE90623934803245F
:10C2100040E902230121A0F5A46085F80B4509F04F
:10C2200041FD0120FFF74EB806A8FEF709FC0028E3
:10C2300000F0B983DDE90623864C032184F80B1551
:10C24000002087491BF050FB04F5A26502460B460F
:10C2500020460121C5E9002309F024FD0120FFF754
:10C2600031B81A2002F058FC0A220446002178480E
:10C270001EF084F803462046DDB29EB214F0FCF9AD
:10C28000854203D02946204614F010FA0134204696
:10C2900014F0F2F9310A814202D0204614F006FA75
:10C2A0006C4809F061FF0120FFF70CB80A22002159
:10C2B00067481EF063F81BF065FC5BA3D3E900231D
:10C2C0001BF0CAFC58A3D3E9002304460D461BF01B
:10C2D00049FF002800F05283624B00222046294685
:10C2E0001BF02CFF08B95F4D00245F4E1D2046E96E
:10C2F000024502F011FC5D4B0022044656E90201A2
:10C300001BF0AAFC1BF080FF0546204614F0B4F990
:10C31000EDB2854203D02946204614F0C7F94D48B6
:10C3200009F03CFF0120FEF7CDBF0A22002148485A
:10C330001EF024F80528044628BF03241C2002F020
:10C34000EBFBE1B214F0B2F90120FEF7BBBF0846E7
:10C350001BF008FC36A3D3E900231BF0A7FD1BF05C
:10C3600053FF81B2E06B11F043F8FFF74FBB084673
:10C370001BF0F8FB2EA3D3E900231BF097FD1BF065
:10C3800043FF81B2A06B10F02BFF0120FEF79ABF94
:10C3900008461BF0E7FB26A3D3E900231BF086FD2C
:10C3A0001BF032FF81B2606B11F0E8F90120FEF75B
:10C3B00089BF94F846312C2B7EF483AF24480021AA
:10C3C0001DF02EFF1CA3D3E900230D4621F00041F0
:10C3D00006461BF0D1FE00287EF473AF18A3D3E904
:10C3E0000023294630461BF037FC17A3D3E900236E
:10C3F0001BF05CFD94F845317A2B05460C4600F0A5
:10C400003184612B00F06984632B00F06D84184B3C
:10C4100001F1004443E9020402F072FC0120FEF73E
:10C4200051BF00BFAFF30080000000A09999B93F51
:10C43000CD3B7F669EA0F63F000000000094D140F7
:10C44000000000A046DF913F000000000020AC404B
:10C450005F91FF1F4093FF1FA08601006098FF1FA0
:10C460000000F03F000039403099FF1F00002440D9
:10C470000098FF1FAE4B05AA04A903A80FF0A6F968
:10C48000834600283FF444A9DDE90487039EDFF8D2
:10C49000A4A20CF041F805460CF056F804460CF046
:10C4A0006BF803468DF81830A34B8DF81A50D3E97A
:10C4B00004234E3606A8CAE90E238DF819408DF8DC
:10C4C0001D808DF81C708DF81E600BF059FF05461D
:10C4D0000C4614F079FC284621460CF0AFF8FEF724
:10C4E0000FFB964B04460D460022DAE90E011BF0C5
:10C4F000DDFC02460B46204629461BF0F5F9904B21
:10C50000002204460D461BF02DFE78B18C4F00260C
:10C510002046294632463B461BF0E6F932463B466A
:10C5200004460D461BF01EFE0028F1D10022002318
:10C53000204629461BF002FE98B1814F00264FF09D
:10C5400000084FF000092046294632463B461BF0C2
:10C55000CDF942464B4604460D461BF0EFFD002840
:10C56000F1D1774B2046294600221BF09FFC6EA399
:10C57000D3E900231BF070FB1BF01EFE72B6CAF855
:10C58000000062B672B6DAF80020DAF80030CAE9C4
:10C59000042362B6FFF7BCB80A2206A96948DFF88F
:10C5A00094A11DF097FF044614F00EFC20460021D4
:10C5B0000CF044F8FEF7A4FA604B04460D46002246
:10C5C000DAE90E011BF072FC02460B4620462946B2
:10C5D0001BF08AF95A4B002204460D461BF0C2FD9F
:10C5E00078B1574F00262046294632463B461BF07D
:10C5F0007BF932463B4604460D461BF0B3FD00284E
:10C60000F1D100220023204629461BF097FD98B166
:10C61000DFF82C914FF0000800260027204629461D
:10C6200042464B461BF062F932463B4604460D46F5
:10C630001BF084FD0028F1D1414B00222046294601
:10C640001BF034FC38A3D3E900231BF005FB1BF0DF
:10C65000B3FD72B6CAF8000062B672B6DAF800200E
:10C66000DAF80030CAE9042362B60120F5F708FDC4
:10C67000FEF778BE344B0020002100220024C3E9DD
:10C68000A201C3E9A401C3E9A60183F89044C3F859
:10C6900094240120FEF716BE2A4806A90FF00EF9D1
:10C6A000044600283EF45BAE069901293EF656AEDC
:10C6B000264BC9B20420197013F0F8FF224B012257
:10C6C00083F8E026FEF74BBE012294F84531702B2B
:10C6D00000F0BE80742B00F0A880672B7EF4F1ADD3
:10C6E000194B93F8151191423FF490A993F8161144
:10C6F00093F8144183F815210AB144F0020409B1FA
:10C7000044F004040D2002F007FA054613F0B4FFCC
:10C7100084423FF47BA92146284613F0C7FFFFF768
:10C7200075B900BFAFF3008000000000C07A60411F
:10C730005E91FF1F7891FF1FF892FF1F00002E40AF
:10C74000000038405F91FF1F4093FF1F3893FF1F89
:10C7500094F84631522B00F01B81442B7EF4B1AD8E
:10C76000A94D94F8480100283EF4ACADA7481EF04E
:10C7700067FC06283EF6A5AD0A22A44806A91DF0CE
:10C78000A9FEA34B421E9A4204463EF69AAD6E683D
:10C79000337A002B7EF495AD1BF05CFE9D491BF0B7
:10C7A000B1FE1BF001FAC6E90001686B02F0B4F9B2
:10C7B000054613F061FFE6B2864203D031462846B3
:10C7C00013F074FF6E1C304613F056FFC4F30721BC
:10C7D000814202D0304613F069FFAE1C304613F0A0
:10C7E0004BFFC4F30741814202D0304613F05EFF95
:10C7F0000335284613F040FF210E814202D028461F
:10C8000013F054FF844B93F8F80500287EF45AADDA
:10C8100001221846114609F077FF0120FEF752BDAC
:10C82000002252E70123FEF7D3BF7B4B93F816118A
:10C8300091423FF4EBA893F8151193F8144183F853
:10C84000162109B144F00204002A3FF45BAF57E718
:10C85000714B93F8141191423FF4D8A893F8150145
:10C8600093F8161183F81421144608B142F002041B
:10C8700011B144F00402D4B20D2002F04DF9054686
:10C8800013F0FAFE844203D02146284613F00EFF2F
:10C89000012002F06DFB0120FEF714BD0BF0B4FE89
:10C8A00004460BF099FE05460BF07EFE029B8DF8C8
:10C8B0001A305A4BDFF868A18DF81D5002468DF8EA
:10C8C0001C20D3E90423CAE90E23039B8DF81930F9
:10C8D0004E34059B8DF8183006A88DF81E400BF0DD
:10C8E0004FFD05460C4614F06FFA284621460BF022
:10C8F000A5FEFEF705F94B4B04460D460022DAE98A
:10C900000E011BF0D3FA02460B46204629461AF0C8
:10C91000EBFF454B002204460D461BF023FC78B18B
:10C92000414F00262046294632463B461AF0DCFF9E
:10C9300032463B4604460D461BF014FC0028F1D15C
:10C9400000220023204629461BF0F8FB00283FF474
:10C9500008AE354F00264FF000084FF00009204682
:10C96000294632463B461AF0C1FF42464B46044632
:10C970000D461BF0E3FB0028F1D1F2E520A5D5E937
:10C980000045B2E4B423FFF7B9B8B423FFF71BB8EE
:10C99000264DE6E6264F0026FFF70CBA1BF054FCA6
:10C9A0008046FEF7F1BE234805A91DF039FC02467A
:10C9B0000B4641E4184D8C2085F87D3602F0ACF82A
:10C9C00095F87D1613F072FEFEF7C9BC1BF03CFC17
:10C9D00000F10049FEF7D8BE144DFFF7E0BA134E40
:10C9E000FFF741BB114DFFF706BA38461BF0CAF8F6
:10C9F00004F1AA0605EBC606C6E90001FEF715BF5D
:10CA0000000000A09999B93F2487FF1F6091FF1F84
:10CA10003F7E05000AD7233C4093FF1FF892FF1F7B
:10CA20007891FF1F00002E40000038406087FF1FF4
:10CA3000000028405F91FF1FBF4FC0481EF000FB61
:10CA4000831E082B3FF63EABBC4806A90EF04EFFF6
:10CA50000446002800F085813E68337B002B7FF47C
:10CA600007AA06981BF07EF88046B06889461BF03E
:10CA700079F802460B46404649461BF017FA8046B5
:10CA8000894672B6BD6828691BF07CF842464B4661
:10CA90001BF0E2F81BF090FB286162B63B68069A37
:10CAA00078699A6002F038F8069E054613F0E4FDB6
:10CAB000B7B2F6B2864203D03146284613F0F6FDEF
:10CAC0000135284613F0D8FD390A814202D02846A4
:10CAD00013F0ECFD01229A48114609F015FE254697
:10CAE000FFF7C6B9944F3B68F86A5A6202F014F82F
:10CAF0003B6804465E6A13F0BFFD1FFA86F8F6B283
:10CB0000864203D03146204613F0D0FD0134204642
:10CB100013F0B2FD4FEA1821814202D0204613F0F3
:10CB2000C5FD3B68FE68586A1BF02CF8D6E9062361
:10CB30001BF092F81BF040FBBC680023C4F8800097
:10CB4000636784F87030FFF793B97B4F7B481EF022
:10CB500077FA06A9044679480EF0B0FE069A511EEF
:10CB600007298CBF002300F00103012C14BF00260D
:10CB700003F00106002E00F0F1803B68997B00294C
:10CB80007FF476A9587B101A1AF0FCFF02460B4678
:10CB900000204FF0804117F097F804460D4672B61A
:10CBA000D7F80880D8F810001AF0ECFF22462B4680
:10CBB0001BF052F81BF000FBC8F8100062B6069B91
:10CBC0003C68D8B263731AF0DDFF0B4602464FF0A3
:10CBD0008041002017F078F81BF0EEFA94F92C3021
:10CBE000013B0146032B07D8DFE803F01A151E02AC
:10CBF000E06B89B210F040FCB86901F08DFF3B6832
:10CC0000597B13F053FD4E4800220121354609F0AF
:10CC10007BFDFFF72DB9606B89B210F009FEEBE7E1
:10CC2000206B0FF0FBFCE7E7A06B89B210F000FE71
:10CC3000E2E7444DFEF77CBE20461AF0A3FF024611
:10CC40000B460020404917F03FF81BF0B5FA0746A5
:10CC5000FEF7D7BD3D4805A91DF0E2FA02460B4696
:10CC6000FFF7D4BA3A492EA3D3E90023D1E9020150
:10CC70001AF0F2FF17F07EFA2BA3D3E900230E4639
:10CC800021F0004107461BF059FA00287EF419AB49
:10CC90003A462846214633461BF008F924A3D3E937
:10CCA00000230C4621F0004105461BF065FA0028E0
:10CCB0007EF407AB27492A462346C1E90023FFF744
:10CCC000ABBB204CFFF7ACB91E4FB6E61D4F0AE7D1
:10CCD0001C4F3BE71B4EFFF7F4B81F4B01F100441C
:10CCE00043E90204FFF798BB1B4902462346C1E90A
:10CCF0000023FFF791BB0A7E002A7EF4E2AA686A4D
:10CD00004B6101F009FF2A6864235169B1FBF3F11B
:10CD1000C9B213F0CBFC0120FEF7D4BAAFF3008008
:10CD2000000000A046DF913F000000E04D62503F50
:10CD3000000000401857B63F2487FF1F6091FF1F77
:10CD40004093FF1F6087FF1F000010405F91FF1F8F
:10CD5000F892FF1FE097FF1FF097FF1F3546FFF780
:10CD600087B80546FFF784B8206B0FF0D5FA01208D
:10CD7000FEF7A8BA08B513F049FCBDE8084013F067
:10CD800045BC00BFFFFFFFFF2DE9F04FAA4A92F814
:10CD900043312B3BADF28C6D3A2B00F28280DFE801
:10CDA00013F03B0080009900800080008000A70005
:10CDB000B40080008000800080008000800080003F
:10CDC0008000800080008000800080008000800063
:10CDD0008000800080008000800080008000800053
:10CDE00080008000CF008000800080008000DE0096
:10CDF000EC000201110180008000800057018000DA
:10CE00008000800080008000800080008000800022
:10CE100080008000DF018600884D7DA3D3E90023D8
:10CE2000D5E900011AF060FD02460B46C5E9002372
:10CE3000582001F071FE824B00220446D5E9000122
:10CE40001AF00AFF1BF0B8F90546204613F014FC4F
:10CE5000E9B2814202D0204613F028FC661C30461D
:10CE600013F00AFCC5F30721814202D0304613F0CB
:10CE70001DFCA61C304613F0FFFBC5F307418142A1
:10CE800002D0304613F012FC0334204613F0F4FBBA
:10CE9000290E814202D0204613F008FC694809F0AF
:10CEA00097F90DF28C6DBDE8F04FF5F7F5B8654CCC
:10CEB000204608F04BFC10BB634BE0701B68D69318
:10CEC00094F8F835D69AC4F82825C3B1204609F05D
:10CED000F7FD4EE1594D4EA3D3E90023D5E90001FA
:10CEE0001AF004FD02460B46C5E900235820A0E7CE
:10CEF000544C204608F05AFC002800F040810DF206
:10CF00008C6DBDE8F04FF5F79DB84E4C204608F00B
:10CF10004DFC0028F3D101212046022584F8085554
:10CF200008F0C0FE092001F0F7FD044613F0A4FB51
:10CF3000A84200F01E812946204613F0B7FB18E1F5
:10CF4000404C00220023CDE90023204632A3D3E940
:10CF5000002308F02BFF022384F80B35A1E7394C9E
:10CF600000220023CDE900232046384B002208F0A0
:10CF70001DFF002384F80B3593E729A3D3E9002391
:10CF8000304C0020002104F5A065CDE90001C5E981
:10CF9000002320462D4B002208F008FF00235820D4
:10CFA00084F80B3545E7274C00220023CDE9002308
:10CFB00020461DA3D3E9002308F0F8FE012384F8DE
:10CFC0000B356EE71F4CD4F820051AF0DBFD18A3D3
:10CFD000D3E900231AF06AFF02460B4600201B49E2
:10CFE0001AF082FC0646D4F824050F461AF0CAFD52
:10CFF0000FA3D3E900231AF059FF3B46CDE9000106
:10D000003246204608F0D2FE032384F80B3548E769
:10D010005655854D55D5744000000000B2CBEE3F0B
:10D02000000000202B6F2E41000000E0A1E9EF3F3F
:10D03000000000000088C3401890FF1F4098FF1FA9
:10D04000000030404093FF1F34A0FF1F0000F03F5E
:10D0500092F84431412B00F09680542B7FF421AF9D
:10D0600092F84531312B7FF41CAF574D0FCD0FF2A5
:10D070003019D9E9008948ACCDE902890FC44AA723
:10D08000D7E9006795E80300002284E80300002345
:10D09000CDE9006756A848AD0DF01AFA0FCDEC4661
:10D0A000ACE80F0094E8030041A3D3E900238CE827
:10D0B000030056A9D6A80DF05BFAD6A80DF050FED5
:10D0C0003DA3D3E900231AF011FC4FF0020A0246F7
:10D0D0000B463E48CDF800A013F086F93B4813F00C
:10D0E0006BF9D6A80DF036FE35A3D3E900231AF06C
:10D0F000FBFBCDF800A002460B46344813F074F950
:10D10000324813F059F92AA3D3E90023D6A956A827
:10D110000DF0C6FC56A80DF0BBFA42464B461AF07D
:10D12000E3FBCDF800A002460B46284813F05CF95B
:10D13000264813F041F956A80DF0A6FA32463B46B0
:10D140001AF0D2FBCDF800A002460B461F4813F0A0
:10D150004BF91E4813F030F90DF28C6DBDE8F08FDD
:10D160001B4C204608F0F2FA00287FF4C8AE84F881
:10D170000A050DF28C6DBDE8F04FF4F74DBF0125A7
:10D1800029462046CAE692F84531303B032B3FF64C
:10D1900088AEDFE813F083040503F5011F0000BF2C
:10D1A000000000007C5FEE3F00000080E85DE43F8F
:10D1B000000000E04F52ED3F00000080025FF93FA9
:10D1C000000000601276EB3F701803006488FF1FB8
:10D1D0004093FF1F0A216FF0090013F0E5F91BF0DF
:10D1E0003DF9C9491BF08EF9C8491BF03FFA1AF006
:10D1F000DBFC02460B466FF009000A21CDE906234D
:10D2000013F0D2F91BF02AF9BF491BF07BF9BF4993
:10D210001BF02CFA1AF0C8FC02460B460A205021DB
:10D22000CDE9082313F0C0F91BF018F9B6491BF03B
:10D2300069F9B6491BF01AFA83461AF0B5FC9CA3AB
:10D24000D3E90023CDE902239BA3D3E90023DFF830
:10D25000C0C206460F46CDE90023BCE80F000DF121
:10D260008808A8E80F009CE803000024002588E84F
:10D27000030022462B46D6A80DF02AF90DF1880CA2
:10D28000BCE80F00E946A9E80F0098E80300324621
:10D2900089E803003B46D6A93AA80DF069F988A3AE
:10D2A000D3E90023CDE9022387A3D3E90023D6A83D
:10D2B000CDE9002322462B460DF00AF90DF1880E28
:10D2C000BEE80F00EC46ACE80F0098E803003246D9
:10D2D00089E803003B46D6A948A80DF049F97CA38C
:10D2E000D3E90023CDE902237BA3D3E90023D6A809
:10D2F000CDE9002322462B460DF0EAF80DF1880C0B
:10D30000BCE80F00EE46AEE80F0098E803000DF50C
:10D31000AC7A324689E803003B46D6A950460DF068
:10D3200027F90DF59363C3E900450DF59463C3E94F
:10D3300000450DF59563C3E900450DF5A963C3E903
:10D3400000450DF5CF63C3E900450D210023714869
:10D35000CDF84035CDF870368DF8803616F0F8F9F6
:10D3600050460DF0FDFC0B460221024600916A4832
:10D3700013F03AF8684813F01FF83AA80DF000FDD2
:10D3800006463AA80F460DF0E5FC55A3D3E9002365
:10D3900080468946DDE906011AF0A8FA52A3D3E9CE
:10D3A0000023CDE90401DDE908011AF09FFACDE977
:10D3B0000201D6A93246CDE900893B46084611F064
:10D3C000CBFB48AB18460DF0DBFC48AB06461846D5
:10D3D0000F460DF0BFFC46A3D3E9002380468946E3
:10D3E000DDE906011AF082FA43A3D3E90023CDE96F
:10D3F0000401DDE908011AF079FA3B46CDE90201A2
:10D400003246D6A8CDE9008911F0A6FBD6A811F0C6
:10D4100083FA424B9B7D012B00F0858322462B46ED
:10D42000D6A811F01DFA05213D4816F091F93A48A9
:10D4300012F0C2FF9DF842350022002B00F07183EC
:10D440000DF5A961374BD1E900011AF005FC2CA3B9
:10D45000D3E900231AF02AFD334B00221AF0FCFB1B
:10D4600002460B46022400942B4812F0BDFF2A48C6
:10D4700012F0A2FFF0AA51462EA80DF061FB2EA8D3
:10D480000DF0D4FD274B00221AF0E6FB1CA3D3E9D4
:10D4900000231AF00BFD009402460B461E4812F0C2
:10D4A000A3FF1D4812F088FF2EA83FE0AFF30080D5
:10D4B0000030AAE67F76B63F00000080C737E03F25
:10D4C00000941BA4CB36DDBF000000605DEAF83F8E
:10D4D000008008E9A59CA43F000000200B26D4BFD3
:10D4E000000000E0C16BF73F0000004040B7FB3F89
:10D4F000000000A0EC91E33F00000060E3B51540A0
:10D5000000000060FB210940DB0F4940000034436C
:10D5100070180300601803006488FF1F4093FF1F0A
:10D52000581803000080664000004E400DF074FD66
:10D53000974B00221AF090FB7DA3D3E900231AF049
:10D54000B5FC009402460B46924812F04DFF9148FC
:10D5500012F032FF2EA80DF05BFD8D4B00221AF069
:10D560007BFB73A3D3E900231AF0A0FC00940246CE
:10D570000B46884812F038FF864812F01DFFEBE595
:10D580006DA3D3E90023CDE902236DA3D3E90023E2
:10D59000814ECDE900230FCE22AC0FC496E80300E4
:10D5A0000027002684E8030032463B46D6A80CF04C
:10D5B0008FFF0DF1880CBCE80F006D460FC594E895
:10D5C000030061A3D3E9002385E80300D6A93AA8A4
:10D5D0000CF0CEFF5EA3D3E90023CDE902235EA3C6
:10D5E000D3E90023D6A8CDE9002332463B460CF010
:10D5F0006FFF0DF1880EBEE80F00EC46ACE80F009F
:10D6000094E8030050A3D3E9002385E80300D6A9DA
:10D6100048A80CF0ADFF52A3D3E90023CDE90223C3
:10D6200051A3D3E90023D6A8CDE9002332463B46D7
:10D630000CF04EFF0DF1880CBCE80F00EE46AEE892
:10D640000F0094E803000DF5AC7A3FA3D3E9002363
:10D6500085E80300D6A950460CF08AFF0DF59363C8
:10D66000C3E900670DF59463C3E900670DF59563A1
:10D67000C3E900670DF5A963C3E900670DF5CF6342
:10D68000C3E900673AA80023CDF84035CDF87036DD
:10D690008DF880360DF074FB04460D463AA80DF067
:10D6A00059FB22462B4632A5D5E90045CDE9044574
:10D6B00031A5D5E90045CDE90001CDE90245D6A85F
:10D6C00011F04AFA48A80DF05BFB04460D4648A845
:10D6D0000DF040FB2B46224629A5D5E90045CDE9B2
:10D6E000044529A5D5E90045CDE90001CDE902456C
:10D6F000D6A811F031FA0521284816F029F8254856
:10D7000012F05AFE9DF84235002B00F007820DF50D
:10D71000A9611F4B0022D1E900011AF09DFA04A370
:10D72000D3E900231AF0C2FB02460B469AE600BF7B
:10D7300000000060FB2109400030AAE67F76B63F7A
:10D7400000000080C737E03F00000060358CE33FF9
:10D7500000941BA4CB36DDBF000000605DEAF83FFB
:10D76000008008E9A59CA43F000000200B26D4BF40
:10D77000000000E0C16BF73F0000004040B7FB3FF6
:10D78000000000A0EC91E33F00000060E3B515400D
:10D79000008066406488FF1F70180300581803005B
:10D7A00000240025D6AE0023C6E95045C6E95245FF
:10D7B000C6E95445C6E97C45C6E9C845CDF84035BB
:10D7C000CDF870368DF8803699A3D3E90023CDE9E2
:10D7D000022399A3D3E900230AA8CDE90023224616
:10D7E0002B460CF075FE96A3D3E90023CDE9022366
:10D7F00095A3D3E9002316A8CDE9002322462B46A2
:10D800000CF066FE92A3D3E90023CDE9022392A394
:10D81000D3E9002322A8CDE9002322462B460DF0B0
:10D8200009FC8FA3D3E90023CDE902238EA3D3E91A
:10D8300000232EA8CDE9002322462B460DF0FAFB4B
:10D840000AA80CF025FF80460AA889460CF01CFFA8
:10D850008D4B00221AF000FA85A3D3E900231AF0B9
:10D8600025FB894BCDE902010022404649461AF0CA
:10D87000F3F97FA3D3E900231AF018FB834ACDE91B
:10D880000001834956A81CF033FF56A81DF0D8FBB1
:10D89000014656A815F05CFF7E4812F08DFD16A8D3
:10D8A0000CF0F6FE804616A889460CF0EDFE764B8D
:10D8B00000221AF0D1F96EA3D3E900231AF0F6FA88
:10D8C000714BCDE902010022404649461AF0C4F9E5
:10D8D00067A3D3E900231AF0E9FA6F4ACDE9000102
:10D8E0006B4956A81CF004FF56A81DF0A9FB014681
:10D8F00056A815F02DFF674812F05EFD0AA80CF03F
:10D90000CDFE80460AA889460CF0BEFE02460B46B4
:10D9100022A8CDE906230DF0E5FB824622A88B461E
:10D920000DF0DCFBDDE90623CDE90401CDE902AB16
:10D93000CDE90023304642464B4611F00DF916A8BA
:10D940000CF0ACFE804616A889460CF09DFE0246FF
:10D950000B462EA8CDE906230DF0C4FB82462EA867
:10D960008B460DF0BBFBDDE90623CDE90401CDE9D3
:10D970000023304642464B46CDE902AB11F0ECF8AD
:10D980002B4622463CA5D5E90045CDE902453CA5FC
:10D99000D5E900453AA8CDE900450CF099FDF0AA7B
:10D9A0003AA948A80CF0AAFD48A80DF09BFB364BFD
:10D9B00000221AF051F92EA3D3E900231AF076FAC7
:10D9C000022702460B460097324812F00DFD3148FF
:10D9D00012F0F2FC48A80DF081FB2B4B00221AF04C
:10D9E0003BF923A3D3E900231AF060FA009702461B
:10D9F0000B46284812F0F8FC264812F0DDFC48A837
:10DA00000DF068FB204B00221AF026F918A3D3E989
:10DA100000231AF04BFA009702460B461D4812F0FD
:10DA2000E3FC1C4812F0C8FCFFF796BBAFF3008084
:10DA30000030AAE67F76B63F00000080C737E03F9F
:10DA400000941BA4CB36DDBF000000605DEAF83F08
:10DA50000000004040B7FB3F000000E0C16BF73F13
:10DA600000000060E3B51540000000A0EC91E33F2A
:10DA700000000060FB210940008008E9A59CA43F4C
:10DA8000000000200B26D4BF008066403818030039
:10DA9000401803006488FF1F50180300D6AC002212
:10DAA0000023C4E95023C4E95223C4E95423C4E940
:10DAB0007C23C4E9C82322A3D3E90023CDE90423AE
:10DAC00021A3D3E90023CDE9022321A3D3E9002335
:10DAD0000021CDE9002320461FA3D3E9002320A77E
:10DAE000D7E90067CDF84015CDF870168DF880168F
:10DAF00011F032F81CA3D3E9002320461CA5D5E978
:10DB00000045CDE90223CDE904671BA3D3E9002337
:10DB1000CDE9004511F020F8FFF71EBB32463B4629
:10DB2000A0E400239EE4002158461AF09DFE18B19F
:10DB300013A3D3E9002373E413A3D3E900236FE411
:10DB4000000000E0C16BF73F0000004040B7FBBFA2
:10DB500000000080C737E03F0030AAE67F76B63F7E
:10DB6000000000A0EC91E33F00000060E3B515C0A9
:10DB7000000000605DEAF83F00941BA4CB36DDBFD7
:10DB800000000060FB21F93F00000060FB21F9BFAD
:10DB900008B512F03BFDBDE8084012F037BD00BFEC
:10DBA000054B93F843212AB993F85E2182F00102D4
:10DBB00083F85E21F4F770BA1890FF1F08B512F0D1
:10DBC00025FDBDE8084012F021BD00BFFFFFFFFFAB
:10DBD000032900D970472DE9F04701EB410404EB1C
:10DBE000C40404F10A0A017084B00546504612F0DC
:10DBF00043FD002604F10B0960F30706484612F0C6
:10DC00003BFD04F10C0860F30F26404612F034FD92
:10DC100004F10D0760F31746384612F02DFD60F34E
:10DC20001F66BF4930461AF00BFE30B9BD49304679
:10DC30001AF024FE002800F00C8100220023C5E920
:10DC40000223504612F018FD002840F02781484674
:10DC500012F012FD002840F03781404612F00CFD12
:10DC6000002840F02681384612F006FD002840F0DA
:10DC70001081A9A3D3E90023D5E902011AF016F90E
:10DC800006460F4616F076FAC5E90C0130463946CD
:10DC900016F0FCFAC5E90E0104F10E0012F0ECFCDE
:10DCA0000026034604F10F0063F3070612F0E4FCBC
:10DCB00060F30F2604F1100012F0DEFC034604F1BD
:10DCC000110063F3174612F0D7FC60F31F66964904
:10DCD00030461AF0BFFD30B9944930461AF0C4FD01
:10DCE000002800F0B0802E7806EB460606EBC6064C
:10DCF0000022002306F10E07C5E90423384612F07E
:10DD0000BBFC002840F0B88006F10F07384612F03F
:10DD1000B3FC002840F0A38006F11007384612F04B
:10DD2000ABFC002840F0E0801136304612F0A4FC35
:10DD3000002840F0D48004F1120012F09DFC064649
:10DD400004F1130012F098FCF6B260F30F26B6B29D
:10DD500006F1C8039BB242F20802934200F2F0803F
:10DD60002E8304F1140012F087FC1AF073FB704943
:10DD70001AF07CFC6F491AF0BBFA6F49E86206465C
:10DD80001AF05EFD30B16B4930461AF077FD00287D
:10DD900040F0B6806FF0030905F11907A9EB0509FA
:10DDA000A14405F11A0805F128063C4609EB0400D8
:10DDB00012F062FC04F8010F002840D0B442F5D103
:10DDC0002A785E4901A81CF093FC01A940461CF08A
:10DDD000A1FEA0EB08000E281BD895F8009009EBD7
:10DDE000490909EBC9093E1F761B4E44304612F023
:10DDF00043FC3C4617F801AF82455146304601D0FE
:10DE000012F054FC40461DF01BF9183C641BA04264
:10DE1000E9DA41A3D3E90023D5E902011AF046F873
:10DE200006460F4616F0A6F9C5E90C0130463946FC
:10DE300016F02CFAC5E90E0104B0BDE8F087AB7E00
:10DE4000002BBDD0E5E7304619F0AEFEC5E9040170
:10DE500071E7304619F0A8FEC5E902011CE7384613
:10DE6000002106F1100712F021FC384612F004FCE4
:10DE700000283FF459AF37E03846002106F10F077C
:10DE800012F014FC384612F0F7FB00283FF444AFC0
:10DE9000E5E70021384612F009FCEAE65046002189
:10DEA00012F004FC484612F0E7FB00283FF4D5AE20
:10DEB0000AE04046002112F0F9FB384612F0DCFB84
:10DEC00000283FF4D6AEE4E74846002112F0EEFB0E
:10DED000404612F0D1FB00283FF4C5AEE9E700212F
:10DEE000304612F0E3FB26E738460021113612F0E7
:10DEF000DDFB304612F0C0FB00283FF41CAFEEE71C
:10DF00002A780023EB621B20142300FB02307821C7
:10DF100012F0CCFB3EE700BF00000020DCA54C4027
:10DF20000000B4C20000B4420000B4C30000B44317
:10DF30000000204100004041000040C1FC160300E9
:10DF40002E7806EB460606EBC6064FF0000806F1F3
:10DF50001207A5F81880384612F08EFB58B9133610
:10DF6000304612F089FB00283FF4FBAE002130461A
:10DF700012F09CFBF5E64146384612F097FBEEE7BF
:10DF8000084890F84311322907D93F2907D1064B99
:10DF900006491A7870301CF0ABBB2F2908D8F4F76B
:10DFA0007BB800BF1890FF1FF892FF1F581703009F
:10DFB0002DE9F04F303985B0CCB2D74D0C2000F0B0
:10DFC000ABFD214612F072FB21462846FFF700FE0A
:10DFD000D5E90423D149C1E90E2312F0EFFE002157
:10DFE00004460AF0B5F90021064620460AF042F937
:10DFF0000021054620460AF095F96B1E012B98BFBB
:10E0000006F1FF360746304698BF0C351AF026FA5F
:10E01000C34906461AF02AFB16F0F0FCC1498146B6
:10E0200030461AF023FB16F0E9FCBF498046304623
:10E030001AF068FA16F0E2FC064628461AF00EFAC4
:10E040004FF07E511AF056F9B8491AF05BFA16F003
:10E05000D5FC494605464FF080401AF049F9414643
:10E060001AF048F919F0A0FD80463046894619F0AB
:10E070009BFD02460B464046494619F037FC804658
:10E080002846894619F090FD02460B46404649460F
:10E0900019F02CFC80463846894619F073FD02467B
:10E0A0000B464046494619F021FC87A3D3E90023DB
:10E0B00019F01CFC02461746884620460021CDE98F
:10E0C00002780AF019F90021064620460AF0E8F81D
:10E0D0001AF0C4F996491AF0C9FA054630461AF002
:10E0E000BDF9014628461AF005F9002103462046ED
:10E0F0001C460AF0EBF81AF0B1F98E491AF0B6FA9C
:10E1000021461AF0F7F819F04FFD8B4BCDE90001CD
:10E1100000223846414619F0E9FB16F0A1FB6CA33A
:10E12000D3E9002304460D461AF026F858B36AA333
:10E13000D3E900232046294619F0D6FB68A3D3E98A
:10E14000002319F0B3FE1AF037F819F01BFD7B4BD2
:10E15000002206460F4619F07FFD16F081FB0246AD
:10E160000B462046294614461D460022744B19F0E2
:10E17000BDFB32463B4619F0B9FB22462B4619F04F
:10E18000B3FB04460D4658A3D3E900232046294695
:10E1900019F0ACFB56A3D3E9002304460D4619F051
:10E1A000A3FB55A3D3E9002319F080FE16F058FB1A
:10E1B00051A3D3E9002382468B4619F04DFD16F09A
:10E1C0004FFB02460B462046294619F08DFB4CA317
:10E1D000D3E9002306460F4619F068FE16F040FB0F
:10E1E00047A3D3E900238046894619F035FD16F090
:10E1F00037FB002204460D4600233046394619F00D
:10E2000075FB22462B4619F06FFB16F029FB19F01F
:10E21000D3FF4C4B044600224046494619F08EFF7E
:10E22000002840F0B282484B00224046494619F08F
:10E230005BFB19F0C1FF064630461AF00FF943495F
:10E2400005461AF01BFB002800F0A9822EA3D3E993
:10E2500000235046594619F047FB19F0ADFF074619
:10E26000731E012B05D806F10C001AF0F7F8013FD8
:10E27000054638461AF0F2F8294906461AF0F6F92A
:10E2800016F0BCFB2749824630461AF0EFF916F02B
:10E29000B5FB2549814630461AF034F916F0AEFB3D
:10E2A0004FF07E51804628461AF024F81F491AF094
:10E2B00029F916F0A3FB16A3D3E900230546DDE9EF
:10E2C000020119F011FB43E000000080A2423A4134
:10E2D000000000008C8A414100000040D07D3C419C
:10E2E0000000000088D5E1400000000000D0974009
:10E2F0000000006066865E400000000000D47640AA
:10E3000000000020A0993E4000000000006CB240D8
:10E31000000000802CB44241F892FF1F7891FF1F4B
:10E320000000C8420000C84300A0B64301CDF4413C
:10E3300000007042000061450000E03F0000D03F57
:10E340000000F03F00002B4000002A400000204069
:10E35000D94B06460F460022DDE9000119F0A6FD63
:10E3600002460B463046394619F0C0FA02460B46C3
:10E37000CDE90223B0A3D3E9002319F097FD0246AB
:10E380000B464FF0804051469B46924619F0B0FF35
:10E39000494619F0AFFF19F007FC064640460F4604
:10E3A00019F002FC02460B463046394619F09EFA37
:10E3B000064628460F4619F0F7FB02460B46304644
:10E3C000394619F093FA064620460F4619F0DAFB53
:10E3D00002460B463046394619F088FA98A3D3E92D
:10E3E000002319F083FA98A3D3E9002319F07CFAEB
:10E3F00097A3D3E9002319F02FFC97A3D3E90023B7
:10E4000019F074FAAC4B00228046894619F0AAFE36
:10E4100078B1A94D00244046494622462B4619F0C2
:10E4200063FA22462B468046894619F09BFE002857
:10E43000F1D1002200234046494619F07FFE88B101
:10E440009D4F0026002400254046494632463B4663
:10E4500019F04CFA22462B468046894619F06EFE8A
:10E460000028F1D17EA3D3E90023DDE9000119F0F2
:10E47000F3FB42464B4619F039FA7BA3D3E900235C
:10E4800004460D465046594619F0E6FB52465B4697
:10E4900019F0E2FB02460B462046294619F026FAFF
:10E4A000854B002204460D4619F05CFE78B1824F80
:10E4B000002632463B462046294619F015FA3246D8
:10E4C0003B4604460D4619F04DFE0028F1D10022CE
:10E4D00000232046294619F031FE98B1764F0026D8
:10E4E0004FF000084FF0000932463B4620462946CF
:10E4F00019F0FCF942464B4604460D4619F01EFE43
:10E500000028F1D1DDE902AB59A3D3E9002350463D
:10E51000594619F0A1FB02460B4657A1D1E900016B
:10E5200019F0E2F956A3D3E9002319F0BFFC15F066
:10E53000ADFE55A3D3E9002306460F465046594683
:10E5400019F08AFB52A3D3E9002319F0CFF9024650
:10E550000B4619F0CBF94AA3D3E9002319F0A6FC26
:10E5600015F094FE4CA3D3E900238046894650461B
:10E57000594619F071FB02460B4649A1D1E9000149
:10E5800019F0B2F93EA3D3E9002319F08FFC15F07E
:10E59000F1FD45A3D3E9002382468B463046394638
:10E5A00019F05AFB42A3D3E9002306460F46404622
:10E5B000494619F051FB02460B463046394619F0E0
:10E5C00093F952465B4619F047FB22462B4619F059
:10E5D0008DF9394B00228046894619F0C3FD78B188
:10E5E000354D002422462B464046494619F07CF919
:10E5F00022462B468046894619F0B4FD0028F1D109
:10E60000002200234046494619F098FD002855D0C5
:10E61000294F00260024002532463B464046494605
:10E6200019F064F922462B468046894619F086FD8A
:10E630000028F1D142E000BF00000000A0D5E14079
:10E6400000000080A2423A41000000802CB4424108
:10E65000000000E05BD2B03F000000801CCA1A40FE
:10E66000000000E0360BF03F000000605243FB3E2C
:10E6700000000060C91CAB3F000000608F425F409B
:10E6800000000020DCA54C40000000E0718AEF3F54
:10E690000000002085877140000000A0F2D79A3E5C
:10E6A0000000000076703740000000A0EEE734BFA5
:10E6B00000000080732AF93E000038404249434B75
:10E6C0000022D1E90E0119F0F1FB02460B4640464B
:10E6D000494619F009F93E4B00228046894619F057
:10E6E00041FD78B13A4D002422462B46404649462A
:10E6F00019F0FAF822462B468046894619F032FD79
:10E700000028F1D1002200234046494619F016FDA9
:10E7100088B12F4F00260024002532463B46404654
:10E72000494619F0E3F822462B468046894619F0FF
:10E7300005FD0028F1D1264B00224046494619F03C
:10E74000B5FB1DA3D3E9002319F086FA19F034FDB7
:10E7500072B61D49086062B672B60A680B68C1E9F4
:10E76000042362B601F050FB1A4805F085FA1A48F6
:10E7700002F036FF012000F0FBFB174802F02CFFEF
:10E7800005B0BDE8F04FF3F787BC144B00224046BC
:10E79000494619F0A9F819F00FFD06464CE508A303
:10E7A000D3E900235046594619F09EF819F004FDAC
:10E7B000074655E5AFF3008000000000C07A6041D5
:10E7C00000000000006BB2407891FF1F00002E4057
:10E7D000000038406894FF1F4093FF1F0000F03F87
:10E7E00008B511F013FFBDE8084011F00FBF00BFDE
:10E7F00010B5154B93F84331242B07D0582B1AD062
:10E80000212B10D0BDE81040F3F746BC0024204671
:10E810000021013411F04AFFB4F5006FF7D1BDE8D3
:10E820001040F3F7F9BB094B0122BDE8104083F813
:10E83000E026F3F7F1BB01F013FB012001F070FDBE
:10E84000BDE81040F3F7E8BB1890FF1F4093FF1F8F
:10E8500008B511F0DBFEBDE8084011F0D7BE00BFDF
:10E8600038B5314B93F84331423B202B12D8DFE8C7
:10E8700003F0151D11114E11111111111111114833
:10E8800054262C33111111111111111111111111E3
:10E8900011113800BDE83840F3F7FEBB234802F001
:10E8A0008BFE40B9BDE83840F3F7CCBB1F4802F0FF
:10E8B0008BFE0028F6D0BDE83840F3F7ADBB1B480F
:10E8C00002F05EFE0028F6D1ECE7184802F070FE78
:10E8D000BDE83840F3F7A0BB144B5B78002BEAD1BE
:10E8E000E0E7124C00253820A57000F015F9294604
:10E8F00011F0DCFE204602F073FEBDE83840F3F76D
:10E900008BBB0A4802F04CFE0028D4D1CAE7074866
:10E9100002F062FE0028CED1C4E7044802F03CFEBB
:10E920000028C8D0BEE700BF1890FF1F4093FF1F0C
:10E9300008B511F06BFEBDE8084011F067BE00BFDE
:10E940002DE9F04F044685B000F11A084FF0000998
:10E950006F4B5FFA89F121701A78C820702300FB91
:10E96000023011F0A3FE257805EB450505EBC50542
:10E970000022002305F10A06C4E90223304611F003
:10E980007BFE18B13046002111F090FE05F10B0618
:10E99000304611F071FE18B13046002111F086FEAC
:10E9A00005F10C06304611F067FE18B13046002123
:10E9B00011F07CFE0D35284611F05EFE18B1284698
:10E9C000002111F073FE50A3D3E90023D4E9020122
:10E9D00019F06CFA06460F4615F0CCFBC4E90C01A1
:10E9E0003046394615F052FC257805EB450505EB18
:10E9F000C5050022002305F10E06C4E90E01C4E995
:10EA00000423304611F038FE18B13046002111F0D1
:10EA10004DFE05F10F06304611F02EFE18B13046BE
:10EA2000002111F043FE05F11006304611F024FEDE
:10EA300018B13046002111F039FE1135284611F089
:10EA40001BFE18B12846002111F030FE207800EBA3
:10EA5000400000EBC005002705F112062783304671
:10EA600011F00AFE18B13946304611F01FFE133579
:10EA7000284611F001FE00283ED122780023E362EF
:10EA80001B20142300FB0230782111F00FFE2149D6
:10EA90004A4601A81BF02CFE01A940461CF03AF89A
:10EAA000A0EB08000E281ED8264616F8197B07EBA7
:10EAB000470707EBC707A6F1040AAAEB040ABA4402
:10EAC000504611F0D9FD354616F801BF8345594629
:10EAD000504601D011F0EAFD40461CF0B1FA183D55
:10EAE0002D1BA842E7DAB9F1000F02D14FF001095E
:10EAF0002EE705B0BDE8F08F2846002111F0D6FDC5
:10EB0000BBE700BFAFF3008000000020DCA54C4055
:10EB10003893FF1FFC160300034B1B78C82202FB2F
:10EB200003006430704700BF3893FF1FC82303FB06
:10EB300001006430704700BFF8B56A4B1D7805F1DD
:10EB40002204240104F10C0011F096FDA0F1010053
:10EB5000654BB0FA80F0400983F89804204611F024
:10EB60008BFD00260346601C63F3070611F084FD4D
:10EB700060F30F26A01C11F07FFD0346E01C63F339
:10EB8000174611F079FD60F31F663146304619F0E3
:10EB90004DFE68B15549304619F070FE40B95449F0
:10EBA000304619F04DFE18B9304618F0FDFF01E06F
:10EBB000002000214F4BC3E90001201D11F05CFD36
:10EBC00000260346601D63F3070611F055FD60F350
:10EBD0000F26A01D11F050FD0346E01D63F31746FC
:10EBE00011F04AFD60F31F663146304619F01EFEF3
:10EBF00068B13E49304619F041FE40B93C493046C3
:10EC000019F01EFE18B9304618F0CEFF01E00020C2
:10EC10000021394F47E9020104F1080011F02CFDF1
:10EC2000002660F3070604F1090011F025FD60F3EA
:10EC30000F2604F10A0011F01FFD034604F10B003A
:10EC400063F3174611F018FD60F31F663146304636
:10EC500019F0ECFD68B12549304619F00FFE40B9B6
:10EC60002349304619F0ECFD18B9304618F09CFFE6
:10EC700001E000200021214B05F19004A40043E9AC
:10EC80000201204611F0F8FC00250346601C63F3E6
:10EC9000070511F0F1FC60F30F25A01C11F0ECFC4E
:10ECA0000346E01C63F3174511F0E6FC60F31F65B3
:10ECB0002946284619F0BAFD78B10C49284619F0C2
:10ECC000DDFD50B90A49284619F0BAFD28B9284691
:10ECD00018F06AFFC7E90001F8BD00200021C7E96C
:10ECE0000001F8BD3893FF1F4093FF1FC2B8B23D2B
:10ECF000C2B8B2BDE097FF1FF097FF1F0098FF1F3B
:10ED00002DE9F843784B794ED3E90001347819F0B6
:10ED10009BFA223424010546204611F0ADFCEFB2E7
:10ED2000874203D03946204611F0C0FC04F10108A7
:10ED3000404611F0A1FCC5F30727874203D03946AE
:10ED4000404611F0B3FC04F10208404611F094FC77
:10ED5000C5F30747874203D03946404611F0A6FC69
:10ED60000334204611F088FC2D0E854203D029463D
:10ED7000204611F09BFC5E4F357857E9020119F0EF
:10ED800063FA22352D0105F104095FFA80F8044683
:10ED9000484611F071FC804503D04146484611F0C9
:10EDA00085FC05F10509484611F066FCC4F3072807
:10EDB000804503D04146484611F078FC05F106092C
:10EDC000484611F059FCC4F30748804503D041463A
:10EDD000484611F06BFC0735284611F04DFC240E17
:10EDE000844203D02146284611F060FC414B35781F
:10EDF00053E9020119F028FA22352D0105F108091D
:10EE00005FFA80F80446484611F036FC804503D08E
:10EE10004146484611F04AFC05F10909484611F0FF
:10EE20002BFCC4F30728804503D04146484611F027
:10EE30003DFC05F10A09484611F01EFCC4F30748E1
:10EE4000804503D04146484611F030FC0B3528463A
:10EE500011F012FC240E844203D02146284611F002
:10EE600025FCD7E90001347819F0EEF99034A400BC
:10EE70000546204611F000FCEFB2874203D0394628
:10EE8000204611F013FC04F10108404611F0F4FB98
:10EE9000C5F30727874203D03946404611F006FCE8
:10EEA00004F10208404611F0E7FBC5F3074787422B
:10EEB00003D03946404611F0F9FB0334204611F0E7
:10EEC000DBFB2D0E854203D02946204611F0EEFBD8
:10EED0003078094B000193F8981400F50B70BDE8E9
:10EEE000F84311F0E3BB00BFE097FF1F3893FF1F0B
:10EEF000F097FF1F0098FF1F4093FF1F2DE9F84375
:10EF0000184B1949C0EB00161E44024630461BF050
:10EF1000EFFB30461CF094F80E2820D8134B93F8E2
:10EF2000008008EB880808EB8808771E4FEAC808BD
:10EF300007F1F2054544AD1B284611F09DFB3C4608
:10EF400017F8019F81454946284601D011F0AEFBD4
:10EF500030461CF075F80234A41BA042E8DABDE884
:10EF6000F88300BF5793FF1F881803003893FF1FD3
:10EF70002DE9F04FAC4CE3B000230022059304933D
:10EF80000393029301930093194684F8782406466C
:10EF90001A4604F5A4700FF0ABF9234604F14802B9
:10EFA00000200021C3E96C01C3E96E01C3E97001CF
:10EFB00018339342F6D19D4B43E902019C4B1D78D7
:10EFC00005EB850505EB8505ED00002705F5947833
:10EFD000C4E9CE01C4E9A201C4E9A401C4E9A601BF
:10EFE0000023A4F8307384F8327384F8607484F8D2
:10EFF0007074404684F88F7484F89074C4F8943424
:10F0000011F03AFB012800F01D81874806F0CEFB85
:10F0100000282ED087490022D1E90201002319F0EF
:10F02000A1F8002800F064820026002700240025B3
:10F0300022462B46CDE90445CDE90267CDE90045DE
:10F040007D480FF089FD70A3D3E90023304639468F
:10F05000CDE9044518F04AFCCDE90045CDE90201AF
:10F0600069A3D3E9002374480FF076FD63B0BDE8CF
:10F07000F08F704BD3E902A965A3D3E90023504672
:10F08000494618F0E9FD02460B46CDE90E235046ED
:10F09000494690461D460022002319F063F80026D9
:10F0A000002800F02382654F94F814314BB1644B73
:10F0B000504629F00041002219F05EF8002840F087
:10F0C000F881A37D4FF0000A012BCDF810A000F0CD
:10F0D00013824DA3D3E900230FF23C19D9E900892B
:10F0E000CDE90223CDE900890022002346A80BF0D8
:10F0F000AFFCDDE90E2346A916A80BF0D1FC16A83B
:10F100000BF0C2FA32463B4618F0A6FD044616A89C
:10F110000D460BF0BDFA32463B4618F09DFDCDE999
:10F120000045CDE902010022002322A80BF02CFEAD
:10F130003BA3D3E90023CDE90089CDE90223CDF833
:10F1400010A00022002354A80BF082FCDDE90E235E
:10F1500054A92EA80BF0A4FC2EA80BF095FA324669
:10F160003B4618F079FD04462EA80D460BF090FAA8
:10F1700032463B4618F070FDCDE90045CDE902016D
:10F18000002200233AA80BF0FFFD46A80BF0F8FD83
:10F19000044646A80D460BF0DDFD064622A80F46A4
:10F1A0000BF044FF804622A889460BF035FF22462B
:10F1B0002B46CDE90401CDE90289CDE900671E485F
:10F1C0000FF0CAFC54A80BF0DBFD044654A80D4612
:10F1D0000BF0C0FD06463AA80F460BF027FF80460D
:10F1E0003AA889460BF018FFCDE90289CDE9040160
:10F1F000CDE90067104822462B460FF0ADFC63B006
:10F20000BDE8F08FAFF3008000000060FB21F93F04
:10F21000000000A046DF913F00000060FB21E93FB5
:10F22000000000807CD912404093FF1FB097FF1F61
:10F230003893FF1FF892FF1F8894FF1F0000F03FD4
:10F2400000002440002E40F0BB8105F5827011F0D3
:10F2500013FA002660F3070605F2051011F00CFA08
:10F2600060F30F2605F5837011F006FA60F3174678
:10F2700005F2071011F000FA60F31F6605F58470BF
:10F2800011F0FAF9002760F3070705F2091011F0F1
:10F29000F3F960F30F2705F5857011F0EDF960F3D0
:10F2A000174705F20B1011F0E7F960F31F6705F53A
:10F2B000867011F0E1F94FF0000860F3070805F2DD
:10F2C0000D1011F0D9F960F30F2805F5877011F0D2
:10F2D000D3F960F3174805F20F1011F0CDF960F380
:10F2E0001F6805F5887011F0C7F94FF0000960F349
:10F2F000070905F2111011F0BFF960F30F2905F5A8
:10F30000897011F0B9F960F3174905F2131011F083
:10F31000B3F960F31F6905F58A7011F0ADF94FF08C
:10F32000000A60F3070A05F2151011F0A5F960F361
:10F330000F2A05F58B7011F09FF960F3174A05F25B
:10F34000171011F099F960F31F6A05F58C7011F030
:10F3500093F94FF0000B60F3070B05F2191011F051
:10F360008BF960F30F2B05F58D7011F085F960F3C3
:10F37000174B05F21B1011F07FF9002360F31F6B90
:10F3800005F58E70069311F077F9069B60F307037D
:10F3900005F21D100993069311F06EF9069B60F3B8
:10F3A0000F2305F58F700993069311F065F9069BFD
:10F3B00060F3174305F21F100993069311F05CF9EF
:10F3C000069B002260F31F6305F590700D930C936C
:10F3D000069211F051F9069A60F3070205F2211026
:10F3E0000992069211F048F9069A60F30F2205F58A
:10F3F00091700992069211F03FF9069A60F3174254
:10F4000005F223100992069211F036F9069A0021AE
:10F4100060F31F6205F592700B920A92069111F04B
:10F420002BF9069960F3070105F225100991069161
:10F4300011F022F9069960F30F2105F593700991F7
:10F44000069111F019F9069960F3174105F227109A
:10F450000991069111F010F906990A9A0C9B0492F1
:10F4600060F31F619A4805913A4631460546039379
:10F47000A0F54A704346CDF808B0CDF804A0CDF809
:10F4800000900EF035FFA5F54A700EF069FF914B24
:10F490001D7820352D0105F10C0011F0EDF8012843
:10F4A000064600F09A80012384F8783463B0BDE802
:10F4B000F08FCDF838800DF140088749404625F09F
:10F4C00000450F9502F090F812AB0FCB8DE80F00BE
:10F4D0000EA898E80C000AF0E7FDDDE90E013246BF
:10F4E0003B4618F0B9FBCDE90E01EAE57B4FDBE5C1
:10F4F0006FA7D7E9006799E56FA5D5E900450FF239
:10F50000C019D9E900890022CDE900890023CDE99D
:10F51000024546A80BF09CFADDE90E2346A916A881
:10F520000BF0BEFA16A80BF0AFF832463B4618F0C7
:10F5300093FB02460B4616A8CDE906230BF0A8F86C
:10F5400032463B4618F088FB22462B4618F0CCF991
:10F55000DDE90623CDE90201CDE9002322A800223E
:10F5600000230BF011FC58A3D3E90023CDE9008957
:10F57000CDE90223CDF810A00022002354A80BF0FF
:10F5800067FADDE90E2354A92EA80BF089FA2EA8FC
:10F590000BF07AF832463B4618F05EFB80462EA808
:10F5A00089460BF075F832463B4618F055FB22466B
:10F5B0002B4618F099F9CDE90089CDE90201DFE584
:10F5C0003946404611F072F8424B1B781B01394610
:10F5D00003F5037011F06AF817E5284611F04CF8AE
:10F5E000002760F30707681C11F046F860F30F2747
:10F5F000A81C11F041F860F31747E81C11F03CF823
:10F6000060F31F67281D11F037F84FF0000960F311
:10F610000709681D11F030F860F30F29A81D11F0DB
:10F620002BF860F31749E81D11F026F860F31F6905
:10F6300005F1080011F020F84FF0000860F307080A
:10F6400005F1090011F018F860F30F2805F10A0020
:10F6500011F012F860F3174805F10B0011F00CF8E7
:10F6600060F31F68384618F09FFAC4E9A2014846C3
:10F6700018F09AFAC4E9A401404618F095FAC4E9D2
:10F68000A6013846002119F0D1F858B148460021AA
:10F6900019F0CCF830B10021404619F0C7F8B0FAA3
:10F6A00080F6760984F89064FDE600BFAFF3008031
:10F6B00000000060FB21094000000060FB21F93FD1
:10F6C00000000060FB21E93F000000807CD912406F
:10F6D000B097FF1F3893FF1F4093FF1F0000F0BF3C
:10F6E000F0B52B4D8FB0294608A800260027CDE99C
:10F6F000066701F089FF0DF1200CBCE80F00EE4613
:10F70000AEE80F009CE8030000228EE8030006A983
:10F7100005F5A47010F04EFA0446C8B118A3D3E959
:10F720000023DDE9060118F097FA17A3D3E90023B7
:10F7300018F092FA18F088FD3246C5F894043B465A
:10F74000D5E9A20118F0F0FC28B9204685F890040C
:10F7500020460FB0F0BDD5E9A40132463B4618F073
:10F76000E3FC0028F1D0D5E9A60132463B4618F06B
:10F77000DBFCB0FA80F04009E8E700BFAFF300809F
:10F7800000000020DCA54C40000000000020AC4040
:10F790004093FF1F2DE9F04FDFF83CA0DFF83C80DD
:10F7A0009AF8002098F8781499B04FF49473C82010
:10F7B00000FB023000230F931093119312931393C5
:10F7C000149315931693179310F070FF98F87834EC
:10F7D000002B40F0048303E03893FF1F4093FF1F8A
:10F7E0009AF800400F9D04EB840404EB8404E400C9
:10F7F00004F58277384610F03FFFEEB2864203D020
:10F800003146384610F052FF04F20517384610F022
:10F8100033FFC5F30726864203D03146384610F041
:10F8200045FF04F58377384610F026FFC5F30746F9
:10F83000864203D03146384610F038FF04F20714F0
:10F84000204610F019FF2D0E854203D02946204690
:10F8500010F02CFF9AF80040109D04EB840404EB98
:10F860008404E40004F58477384610F005FFEEB216
:10F87000864203D03146384610F018FF04F20917CB
:10F88000384610F0F9FEC5F30726864203D031460C
:10F89000384610F00BFF04F58577384610F0ECFE83
:10F8A000C5F30746864203D03146384610F0FEFEC7
:10F8B00004F20B14204610F0DFFE2D0E854203D01B
:10F8C0002946204610F0F2FE9AF80040119D04EB04
:10F8D000840404EB8404E40004F58677384610F0D1
:10F8E000CBFEEEB2864203D03146384610F0DEFE43
:10F8F00004F20D17384610F0BFFEC5F30726864206
:10F9000003D03146384610F0D1FE04F587773846EB
:10F9100010F0B2FEC5F30746864203D031463846A2
:10F9200010F0C4FE04F20F14204610F0A5FE2D0EB8
:10F93000854203D02946204610F0B8FE9AF80040D0
:10F94000129D04EB840404EB8404E40004F588773E
:10F95000384610F091FEEEB2864203D0314638466A
:10F9600010F0A4FE04F21117384610F085FEC5F31E
:10F970000726864203D03146384610F097FE04F53C
:10F980008977384610F078FEC5F30746864203D0E3
:10F990003146384610F08AFE04F21314204610F067
:10F9A0006BFE2D0E854203D02946204610F07EFEC8
:10F9B0009AF80040139D04EB840404EB8404E400F3
:10F9C00004F58A77384610F057FEEEB2864203D02F
:10F9D0003146384610F06AFE04F21517384610F02A
:10F9E0004BFEC5F30726864203D03146384610F059
:10F9F0005DFE04F58B77384610F03EFEC5F30746F2
:10FA0000864203D03146384610F050FE04F21714F7
:10FA1000204610F031FE2D0E854203D029462046A7
:10FA200010F044FE9AF80040149D04EB840404EBAB
:10FA30008404E40004F58C77384610F01DFEEEB225
:10FA4000864203D03146384610F030FE04F21917D2
:10FA5000384610F011FEC5F30726864203D0314622
:10FA6000384610F023FE04F58D77384610F004FE7A
:10FA7000C5F30746864203D03146384610F016FEDD
:10FA800004F21B14204610F0F7FD2D0E854203D022
:10FA90002946204610F00AFE9AF80040159D04EB16
:10FAA000840404EB8404E40004F58E77384610F0F7
:10FAB000E3FDEEB2864203D03146384610F0F6FD43
:10FAC00004F21D17384610F0D7FDC5F3072686420D
:10FAD00003D03146384610F0E9FD04F58F773846FB
:10FAE00010F0CAFDC5F30746864203D031463846BA
:10FAF00010F0DCFD04F21F14204610F0BDFD2D0EA9
:10FB0000854203D02946204610F0D0FD9AF80040E7
:10FB1000169D04EB840404EB8404E40004F5907760
:10FB2000384610F0A9FDEEB2864203D03146384681
:10FB300010F0BCFD04F22117384610F09DFDC5F30E
:10FB40000726864203D03146384610F0AFFD04F553
:10FB50009177384610F090FDC5F30746864203D0F2
:10FB60003146384610F0A2FD04F22314204610F06E
:10FB700083FD2D0E854203D02946204610F096FDC8
:10FB80009AF80040179D04EB840404EB8404E4001D
:10FB900004F59277384610F06FFDEEB2864203D03E
:10FBA0003146384610F082FD04F22517384610F031
:10FBB00063FDC5F30726864203D03146384610F070
:10FBC00075FD04F59377384610F056FDC5F30746EA
:10FBD000864203D03146384610F068FD04F22714FF
:10FBE000204610F049FD2D0E854203D029462046BF
:10FBF00010F05CFD98F87854002D49D0D8E9A24562
:10FC0000002200232046294618F08EFAD8E9A4677E
:10FC100058BBD8E9A6892946204618F015FB394675
:10FC2000034630461E4618F00FFB49460446404640
:10FC300018F00AFBC2B20892C0F307220992C0F37F
:10FC400007420A92020E0B92230EC4F30742F1B24E
:10FC5000C6F3072BC6F307495FFA84F8C4F30727F6
:10FC60000C920D93360E01251EE000220023304633
:10FC7000394618F059FAD8E9A6890028CBD00022D5
:10FC800000234046494618F04FFA0028C3D000250B
:10FC90002E46A946AB4629460D950C952F46A846FB
:10FCA0000B950A95099508959AF80040079120341C
:10FCB0002401204610F0E0FC0799884202D020463B
:10FCC00010F0F4FC631C1846079310F0D5FC58455F
:10FCD00004D0079B5946184610F0E8FC04F1020BCB
:10FCE000584610F0C9FC484503D04946584610F024
:10FCF000DDFC0334204610F0BFFCB04203D0314697
:10FD0000204610F0D3FC9AF8004020342401261D30
:10FD1000304610F0B1FC404503D04146304610F06B
:10FD2000C5FC661D304610F0A7FCB84203D039462A
:10FD3000304610F0BBFCA61D304610F09DFC0C9B1D
:10FD4000984203D01946304610F0B0FC07342046E4
:10FD500010F092FC0D9B984203D01946204610F0FB
:10FD6000A5FC9AF800402034240104F1080630462E
:10FD700010F082FC089B984203D01946304610F0E0
:10FD800095FC04F10906304610F076FC099B984278
:10FD900003D01946304610F089FC04F10A063046BB
:10FDA00010F06AFC0A9B984203D01946304610F0C6
:10FDB0007DFC0B34204610F05FFC0B9B984203D077
:10FDC0001946204610F072FC9AF8000000012946FE
:10FDD00000F5037010F06AFC19B0BDE8F08F16ABA7
:10FDE00017AA049314AB15A90592029313AA12AB98
:10FDF00003910192009310AA11AB0FA908F5A4700A
:10FE00000EF03CFAECE400BF10B50E4C0022D4F822
:10FE10006C37C4F8E8262046C4F8383705F0C6FC2D
:10FE200060B1094A094B0A480A49C4F82807C4F8CE
:10FE30002C17C4F87827C4F87C3710BD064A074B46
:10FE4000F1E700BF4093FF1F0000A0C10000B442D3
:10FE5000000034C3000034430000B4C200008743F4
:10FE6000704700BF2DE9F843614E624D347804EBD2
:10FE7000840404EB8404E40004F1D008404610F04C
:10FE8000FBFB95F82876013FFFB2032F98BF5A4A33
:10FE900003B203EB830398BF52F8272003EB8303DD
:10FEA0004FEA830388BF00229342C5F8183600F258
:10FEB0008B80C72B40F2888004F1D1084FF00009F5
:10FEC000404685F81C9610F0D7FB032F98BF4A4A8E
:10FED00003B203EB830398BF52F8272003EB83039D
:10FEE0004FEA830388BF4A469342C5F810365CD870
:10FEF000C72B5AD904F1DE084FF00009404685F8B7
:10FF0000149610F0B9FB95F86876013FFFB2032F05
:10FF100098BF394A03B203EB830398BF52F82720F6
:10FF200003EB83034FEA830388BF4A469342C5F835
:10FF3000583627D8C72B25D9DF340026204685F828
:10FF40005C6610F099FB032F98BF2B4A03B203EBBA
:10FF5000830398BF52F8276003EB83039B00B342EF
:10FF6000C5F8503601D8C72B07D84FF47A730A2149
:10FF70002046C5F8503610F099FB002385F854361A
:10FF8000BDE8F8834FF47A730A214046C5F8583625
:10FF900010F08CFB347895F8687604EB8404013F0C
:10FFA00004EB8404FFB2E400C6E74FF47A730A213D
:10FFB0004046C5F8103610F079FB347804EB840421
:10FFC00004EB8404E40095E74FF47A730A21404679
:10FFD000C5F8183610F06AFB347895F8287604EBEB
:10FFE0008404013F04EB8404FFB2E40064E700BF33
:10FFF0003893FF1F4093FF1F941803002DE9F0472B
:020000021000EC
:10000000DFF81483C54D98F8007007EB870404EB04
:100010008404E40004F1D20A504610F02DFB04F1F0
:10002000D309C6B2484610F027FB60F30F26B6B2DC
:10003000B6F57A7F80F0D280C5F8206604F1E00A38
:10004000504610F019FB04F1E109C6B2484610F021
:1000500013FB60F30F26B6B2B6F57A7F80F01B81F2
:10006000C5F8606604F1D50010F006FBA0F110039E
:10007000302B00F20181C5F8240604F1E30010F0F2
:10008000FBFAA0F11003302B00F2E780C5F86406FC
:10009000C82607FB0666304610F0EEFA002760F32C
:1000A0000707701C10F0E8FA60F30F27B01C10F07F
:1000B000E3FA60F31747F01C10F0DEFA4FF0000986
:1000C00060F31F6704F1CC00C5F8FC7585F8009655
:1000D00010F0D2FAC6B204F1CD0010F0CDFA60F300
:1000E0000F26B6B2C5F8046604F1CE06304685F890
:1000F000089610F0C1FA431EDBB2072B00F298807D
:1001000085F80906002704F1CF0085F80A7610F07B
:10011000B3FAC01B18BF012085F80B0604F1D40008
:1001200085F80C7610F0A8FAC01B18BF012085F8DE
:100130000D0604F1D60085F80E7610F09DFA3E46C5
:1001400060F3070604F1D70010F096FA60F30F266B
:1001500004F1D80010F090FA60F3174604F1D900CA
:1001600010F08AFA60F31F6604F1DA00C5F83C6605
:1001700085F8407610F080FAC6B204F1DB0010F08A
:100180007BFA60F30F26B6B2C5F8446604F1DC06CC
:10019000304685F8487610F06FFA431EDBB2072B25
:1001A00032D885F84906002604F1DD0085F84A6654
:1001B00010F062FA831B18BF012304F1E20085F8F6
:1001C0004B3685F84C6610F057FA801B18BF01209B
:1001D00085F84D0685F84E66BDE8F0870024504648
:1001E000C5F8204610F048FA002840F089804846BB
:1001F00010F042FA002877D198F8007007EB8704D6
:1002000004EB8404E40019E70427304685F84976B6
:1002100010F032FAB842C6D03946304610F046FAED
:1002200098F8004004EB840404EB8404E400BAE78B
:100230000427304685F8097610F01EFAB8423FF4DC
:1002400061AF3946304610F031FA98F8004004EBBF
:10025000840404EB8404E40054E7102104F1E0007A
:10026000C5F8641610F022FA98F8007007EB8704BE
:1002700004EB8404E4000BE7102104F1D200C5F87C
:10028000241610F013FA98F8007007EB870404EBBB
:100290008404E400F1E600245046C5F8604610F0FE
:1002A000EBF9B8B9484610F0E7F938B998F800709A
:1002B00007EB870404EB8404E400D3E600214846FE
:1002C00010F0F4F998F8007007EB870404EB84044D
:1002D000E400C7E65046214610F0E8F9484610F021
:1002E000CBF90028E2D0E9E70021484610F0DEF91A
:1002F00098F8007007EB870404EB8404E4009DE6A3
:100300005046214610F0D2F9484610F0B5F90028C1
:100310003FF472AFE8E700BF3893FF1F4093FF1F21
:100320002DE9F041D64C0546FFF768FE294600222C
:10033000204606F0E9F90325782094F80D8694F814
:10034000096684F8285610F037FBCE4A4FF0FF3389
:10035000152107460DF0CCF801212846C4F8347663
:1003600010F0D6FE0121284610F09EFE0121022049
:1003700010F0CEFE0121162010F0CAFE012115203A
:1003800010F0C6FE0021022010F08EFE0021162083
:1003900010F08AFE0121152010F086FEBA480BF0FD
:1003A000CDFE02210C2010F0B3FED4F834060DF07F
:1003B00083FAD4F834060DF0F3F8D4F83406FF21AC
:1003C0000DF082FAD4F8340603680221DB6A9847FC
:1003D000D4F8340605210CF089FCD4F834060368FF
:1003E0000521DB699847D4F83406036829465B6920
:1003F0009847D4F8340641460CF0B4FCD4F83406DF
:1004000041460CF0C7FCD4F8340640210DF066FAE2
:10041000D4F8340601210CF07BFC94F928365A1EDE
:10042000D2B2AA4240F2D480304617F0ABFB02466B
:100430000B4600204FF0804113F046FC00210320C2
:1004400010F032FE4FF00308782094F84D7694F8BF
:10045000496684F8688610F0AFFA8A4A4FF0FF3395
:10046000132105460DF044F801210520C4F8745607
:1004700010F04EFE0121052010F016FE012104208F
:1004800010F046FE0121142010F042FE012113203D
:1004900010F03EFE0021042010F006FE0021142082
:1004A00010F002FE0121132010F0FEFD76480BF043
:1004B00045FE02210C2010F02BFED4F874060DF03E
:1004C000FBF9D4F874060DF06BF8D4F87406FF212C
:1004D0000DF0FAF9D4F8740603680221DB6A984734
:1004E000D4F8740605210CF001FCD4F874060368F6
:1004F0000521DB699847D4F87406036841465B69B7
:100500009847D4F8740639460CF02CFCD4F87406DD
:1005100039460CF03FFCD4F8740640210DF0DEF9AA
:10052000D4F8740601210CF0F3FB94F968365A1ED6
:10053000D2B242453DD9304617F024FB02460B4665
:1005400000204FF0804113F0BFFB0021052010F088
:10055000ABFDFFF787FC94F928365A1ED2B2032A66
:100560001FD84A48D4F8181650F82220023B91426E
:1005700028BF1146022B00F27481DFE813F02D0131
:100580001D010300084617F0EDFA3BA3D3E9002351
:1005900017F08CFC17F038FE81B2D4F838060CF056
:1005A00027FF94F968365A1ED2B2032A1ED9BDE835
:1005B000F081364951F82210023BC82928BFC821D2
:1005C000022B00F24781DFE813F0D300AD00E50015
:1005D0002E4951F82210023BC82928BFC821022BFE
:1005E00000F24A81DFE803F07A548C002748D4F8FF
:1005F000581650F82220023B914228BF1146022B88
:1006000000F23481DFE803F013022400084617F0FB
:10061000A9FA19A3D3E9002317F048FC17F0F4FD59
:1006200081B2D4F87406BDE8F0410CF0D9BD08469B
:1006300017F098FA10A3D3E9002317F037FC17F04E
:10064000E3FD81B2D4F87006BDE8F0410DF096B834
:10065000084617F087FA08A3D3E9002317F026FC11
:1006600017F0D2FD81B2D4F87806BDE8F0410CF065
:10067000BFBE00BFAFF30080CD3B7F669EA0F63FBC
:100680004093FF1F9A99993DA487FF1F9418030078
:10069000084617F067FA7CA3D3E9002317F006FC9D
:1006A00017F0B2FD81B2D4F834060CF099FD94F93C
:1006B0002856304617F066FA0B4602464FF0804146
:1006C000002013F001FB17F077FD6B1E0146032B92
:1006D0003FF6B4AEDFE803F0B9B3ADA7084617F0B4
:1006E00041FA69A3D3E9002317F0E0FB17F08CFD72
:1006F00081B2D4F830060DF041F894F92856D8E7C5
:10070000084617F02FFA60A3D3E9002317F0CEFBB9
:1007100017F07AFD81B2D4F838060CF069FE94F92E
:100720002856C6E7084617F01DFA57A3D3E9002359
:1007300017F0BCFB17F068FD81B2D4F874060CF01A
:100740004FFD94F96856304617F01CFA0B460246E6
:100750004FF08041002013F0B7FA17F02DFD6B1E0B
:100760000146032B3FF6F1AEDFE803F058524C464A
:10077000084617F0F7F944A3D3E9002317F096FBD6
:1007800017F042FD81B2D4F870060CF0F7FF94F92F
:100790006856D8E7084617F0E5F93BA3D3E90023EC
:1007A00017F084FB17F030FD81B2D4F878060CF016
:1007B0001FFE94F96856C6E7084617F0D3F932A32E
:1007C000D3E9002317F072FB17F01EFD81B2D4F8B5
:1007D00034060CF005FDE4E6084617F0C3F92AA339
:1007E000D3E9002317F062FB17F00EFD81B2D4F8B5
:1007F00030060CF0C3FFD4E6D4F8780689B20CF0CA
:100800003BFEA2E6D4F8740689B20DF011F89CE61E
:10081000D4F8700689B20DF00BF896E6D4F86C06A1
:100820000BF0FCFE91E6D4F8380689B20CF024FEF9
:1008300004E6D4F8340689B20CF0FAFFFEE5D4F8E9
:10084000300689B20CF0F4FFF8E5D4F82C060BF072
:10085000E5FEF3E5D4F86C060BF05EFD94F96856FE
:1008600071E7D4F82C060BF057FD9AE6D4F86C0625
:10087000BDE8F0410BF050BDD4F82C060BF04CFD58
:1008800094F9285615E700BFCD3B7F669EA0F63F42
:1008900070B58D4C257805EB850505EB8505ED00DC
:1008A00005F1D20630460FF0E7FE18B100213046C0
:1008B0000FF0FCFED33528460FF0DEFE18B1002104
:1008C00028460FF0F3FE2078D523C82505FB00301D
:1008D00010210FF0EBFE237803FB055528460FF09F
:1008E000CBFE402803D0402128460FF0DFFE6E1CCF
:1008F00030460FF0C1FE772803D0772130460FF045
:10090000D5FEAE1C30460FF0B7FE1B2803D01B21CE
:1009100030460FF0CBFE033528460FF0ADFE18B180
:10092000002128460FF0C2FE257805EB850505EB72
:100930008505ED0005F1CC0630460FF09DFEC82878
:1009400003D0C82130460FF0B1FECD3528460FF058
:1009500093FE18B1002128460FF0A8FE2078C82584
:10096000CE2305FB003004210FF0A0FE2078CF231A
:1009700005FB003000210FF099FE2078D12305FB04
:1009800000300A210FF092FE2078D02305FB0030C2
:100990000A210FF08BFE2078D42305FB00300021C4
:1009A0000FF084FE257805EB850505EB8505ED0048
:1009B00005F1D20630460FF05FFE18B10021304637
:1009C0000FF074FED33528460FF056FE18B1002103
:1009D00028460FF06BFE2278E323C82000FB02308C
:1009E00010210FF063FE257805EB850505EB8505E5
:1009F000ED0005F1D60630460FF03EFE402803D04C
:100A0000402130460FF052FE05F1D70630460FF078
:100A100033FE772803D0772130460FF047FE05F1EB
:100A2000D80630460FF028FE1B2803D01B21304685
:100A30000FF03CFED93528460FF01EFE18B10021FC
:100A400028460FF033FE257805EB850505EB850577
:100A5000ED0005F1DA0630460FF00EFEC82803D08F
:100A6000C82130460FF022FEDB3528460FF004FE89
:100A700018B1002128460FF019FE2078C825DC2384
:100A800005FB003004210FF011FE2078DD2305FB6B
:100A9000003000210FF00AFE2078DF2305FB003034
:100AA0000A210FF003FE2078DE2305FB00300A2127
:100AB0000FF0FCFD2078E22305FB00300021BDE8AB
:100AC00070400FF0F3BD00BF3893FF1FF8B5AD4C79
:100AD000AD4E2078FEF712FA2078C825642705FB72
:100AE000007001210FF0E2FD6FF0090220785B2316
:100AF000C6E94A23852305FB003076210FF0D6FD99
:100B0000207896F82C11862305FB00300FF0CEFDDF
:100B10002078982305FB003000210FF0C7FD2078D6
:100B2000992305FB003000210FF0C0FD20789A23A7
:100B300005FB003078210FF0B9FD20789B2305FBE1
:100B40000030B5210FF0B2FD06F5947003F0D4F833
:100B500020786F2305FB003000210FF0A7FD2078DF
:100B60009C2305FB003000210FF0A0FD20786E23B0
:100B700005FB003000210FF099FD20787A2305FB5A
:100B8000003039460FF092FD20787B2305FB0030C2
:100B900004210FF08BFD20787C2305FB0030102111
:100BA0000FF084FD20787D2305FB003040210FF0FD
:100BB0007DFD2078802305FB003003210FF076FDBA
:100BC000257805EB850505EB8505ED0005F17E072C
:100BD00038460FF051FD582803D0582138460FF001
:100BE00065FD7F3528460FF047FD022803D002211E
:100BF00028460FF05BFD22788123C82000FB0230DD
:100C00000A210FF053FD257805EB850505EB8505D9
:100C1000ED0005F1BC0738460FF02EFD592803D032
:100C2000592138460FF042FD05F1BD0738460FF057
:100C300023FD792803D0792138460FF037FD05F1DF
:100C4000BE0738460FF018FDF32803D0F3213846CD
:100C50000FF02CFDBF3528460FF00EFD18B1002116
:100C600028460FF023FD2078C8254FF4947305FB28
:100C7000003000210FF01AFD20786D2305FB0030B5
:100C800000210FF013FD257805EB850505EB8505A3
:100C9000ED0005F1900738460FF0EEFC18B1002189
:100CA00038460FF003FD05F1910738460FF0E4FCDC
:100CB00018B1002138460FF0F9FC05F192073846CB
:100CC0000FF0DAFC18B1002138460FF0EFFC933535
:100CD00028460FF0D1FC18B1002128460FF0E6FCA1
:100CE000257805EB850505EB8505ED0005F19407F5
:100CF00038460FF0C1FC18B1002138460FF0D6FC81
:100D000005F1950738460FF0B7FC18B100213846B9
:100D10000FF0CCFC05F1960738460FF0ADFC18B18A
:100D2000002138460FF0C2FC973528460FF0A4FC8E
:100D300018B1002128460FF0B9FC2078C825A5235A
:100D400005FB003000210FF0B1FC2078C72305FB24
:100D5000003002210FF0AAFCFFF79AFD22787123E0
:100D600015FB023500272846A6F8147186F816717F
:100D70000FF082FC00B9F8BD39462846BDE8F840BE
:100D80000FF094BC3893FF1F4093FF1F38B500202D
:100D90000FF072FC00240346012063F307040FF0F8
:100DA0006BFC0346022063F30F240FF065FC03463F
:100DB000032063F317440FF05FFC294B60F31F64BB
:100DC0009C4228D000242046002101340FF06EFC04
:100DD000B4F5006FF7D1234D23480024FDF7B0FD93
:100DE0002C70FFF773FE01232B70FFF76FFE204678
:100DF0002C700FF041FC6A2828D101200FF03CFC38
:100E0000542819D102200FF037FC02280AD1032000
:100E10000FF032FC00B938BDBDE838400021032096
:100E20000FF044BC022108460FF040FC03200FF0F5
:100E300023FC0028EFD0EFE7542101200FF036FC0F
:100E400002200FF019FC0228E1D0EBE76A212046CE
:100E50000FF02CFC01200FF00FFC5428D2D0EBE750
:100E60006A5402003893FF1FF892FF1F2DE9F843E0
:100E700004200FF001FC0128D14D00F2D781287029
:100E8000D04C04F10F07C4F1F10630190FF0F4FB58
:100E900004F8010F002800F06C81A742F5D1CA4E7A
:100EA0000020FEF72BF8C94CC4F5DC7704F10F08DD
:100EB000013738190FF0E0FB04F8010F002800F0AB
:100EC0005281A045F5D10120FEF718F82C7804EBEB
:100ED000840404EB8404E40004F1640738460FF052
:100EE000CBFB431EDBB2032B00F2AA8100230128B7
:100EF000B07586F8353000F0B281022802D004289F
:100F000000F0BD8100220323727586F8793404F164
:100F1000810840460FF0B0FB17F0A0FAAC4917F07B
:100F2000F1FA0021074617F081FC002840F02781E4
:100F3000A849384617F0A2FC002840F02081384626
:100F400016F032FEDFF8908248E9020104F18500D4
:100F50000FF092FBA0F1800304F18600C6F828315F
:100F60000FF08AFBC6F82C0104F19B000FF084FB04
:100F7000034604F19800C6F840310FF07DFB80383D
:100F800017F06CFA954917F0BDFA954917F06EFB0A
:100F900013F076FD17F092FC80EAE072A2EBE072AB
:100FA000B52A0346A8BF3C23C6F8303104F19900A6
:100FB0000FF062FB803817F051FA884917F0A2FA57
:100FC000874917F053FB13F05BFD17F077FC80EABD
:100FD000E072A2EBE072B52A034604F19A04A8BFBE
:100FE0003C23C6F8343120460FF046FB17F036FAA2
:100FF0007C4917F03BFB7C49074617F021FC002891
:1010000040F0CF807949384617F038FC002840F08E
:10101000C880384616F0C8FDC6E94E01744CD6F8B3
:101020001C0700220023274667E8282316F0AAFDA4
:10103000C7E90001D6F86C0716F0A4FD54E94C236B
:1010400044E90601A4F5046044E9222304F0AEFB60
:101050002C78002800F0D68004EB8404022304EBF3
:10106000840486F80835E40004F190000FF004FBD6
:10107000002760F3070704F191000FF0FDFA60F319
:101080000F2704F192000FF0F7FA60F3174704F10D
:1010900093000FF0F1FADFF85C9160F31F674CF2F8
:1010A000503807EB08034B4588BF002704F1940034
:1010B000C6F820750FF0E0FA002760F3070704F187
:1010C00095000FF0D9FA60F30F2704F196000FF0A6
:1010D000D3FA60F3174704F197000FF0CDFA60F3ED
:1010E0001F67B844C84588BF002704F17100C6F8DF
:1010F00024750FF0C1FA034603F0010286F81421AB
:10110000C3F34002C3F3800304F1700086F8152195
:1011100086F816310FF0B0FA0146374803290170FE
:1011200040F28180FDF70CFC00270123384686F849
:10113000F83586F87C76FFF7F3F8234801F0E2F8FB
:101140002A78A523C82414FB02342046B523C6F808
:1011500040310FF091FA142800F28780B060BDE8AA
:10116000F843FDF7E9BC96F82630002B3FF4ABAE10
:10117000ACE6154EF37D002B3FF492AE93E6164B92
:10118000DFF8789040461E214FF0000843E90289BD
:101190000FF08CFA2C7804EB840404EB8404E40054
:1011A000D4E6174B00222046C6E94E230FF064FA1E
:1011B00078283FF433AF782120460FF077FA2DE7F7
:1011C0003893FF1F5693FF1F4093FF1F6593FF1F28
:1011D000CDCCCC3D0000C8413099FF1F00007042CB
:1011E000000070410000204100001041000040411B
:1011F000809BFF1FA0860100F892FF1F000008409F
:101200000000284004EB840404EB8404E40004F1AF
:101210006D000FF031FA431EDBB2022B28BF012014
:1012200086F8080520E7FCF7D3FC7DE700242C7046
:10123000FFF74CFC01232B70FFF748FC2C701FE6D6
:10124000012138460FF032FA2C7804EB8404012295
:1012500004EB84040023B275E40086F835300222E2
:101260000323727586F8793451E6204639460FF02B
:101270001DFA3846B060BDE8F843FDF75DBC0122B9
:10128000737586F8792442E608B50FF0BFF9BDE81A
:1012900008400FF0BBB900BF2DE9F84F04463C30C1
:1012A0000AF074FBA44BA549DFF894B20022002099
:1012B000C4E94823C4E94601214604F59470002599
:1012C00002F002FB0026002704F58E63C4E9A26742
:1012D000C4E9A467C4E9A667C4E9CE67A4F830539B
:1012E00084F8325384F8605443E902674FF40033C2
:1012F000C4F878340023C4F8943404F5946384F873
:101300007054C4F87C54C4F88054C4F88454C4F8AD
:101310008854C4F88C5484F8905484F89854C3E9E1
:10132000006704F5966343E90267C3E9006704F5C3
:10133000986343E90267214604F5A96002F00EF8BC
:101340004FF0000A04F5F26204F501634FF0FF0963
:1013500084F82896C4F82C56C4F83056C4F834568D
:10136000C4F8385684F86896C4F86C56C4F87056B9
:10137000C4F87456C4F8785684F88B56C4F89C5652
:1013800084F8AB56C4F8BC56A4F888572146C2E985
:101390000067C2E916ABC2E9126704F69800C2E919
:1013A00014ABA4F81058C3E90267C3E918ABC3E94A
:1013B0001467C3E916AB00F0DFFB214604F69C007E
:1013C00005F0A4FD214604F50A6003F0FBFB4FF095
:1013D00080734FF0010823604FF4407384F8168047
:1013E00023822946C4E902552571A5821E2204F1F3
:1013F000170019F05FFA04F59A6384F8388084F8CE
:101400007C54A4F8785484F83550E586A4F8145137
:1014100084F8165184F8C0544A4AC3E9006743E986
:10142000026704F59C63C3E9006743E90267002192
:1014300004F59E63C3E9001243E902673AA3D3E9C6
:10144000002304F5A06184F8F854C1E900234FF0AB
:101450000203A4F8083504F5A26384F80A5504F5DC
:10146000A46284F80B5504F5A861C3E900AB04F548
:10147000AA6342E90267C4F82055C4F82455C4F8A9
:101480002855C4F82C55A4F8305541E902AB84F82E
:10149000405584F8495584F84855C3E900AB2A4BB8
:1014A00004F5AC68002248E90223284B0022C8E971
:1014B0000023274B04F5AE6E00224EE90223254B94
:1014C0000022CEE900234FF07A53C4F8E035224BD6
:1014D0004FF0040C04F5BE61002284F878C584F84E
:1014E00079C541E902231D4B84F8F85504F5D8610C
:1014F0000022A4F87C56C1E9002304F5DA61C1E9B1
:1015000000230BA3D3E9002341E9022304F5DC61A6
:1015100041E90223204684F8E056C4F8A498BDE8C7
:10152000F88F00BFAFF30080000000202B6F2E412A
:1015300000000000006AF84000805B40000024408A
:101540000000F03F008046400000104000003040A6
:101550000000504000C082400000084000002840C9
:1015600000F69C0005F0D4BC00F69C0005F0E4BC3D
:1015700000F5A96002F07CB900F5A96001F000BF98
:1015800000F50A6003F020BB00F50A6003F000BC20
:1015900000F50A6003F0DCBC00F50A6003F0FABC59
:1015A00000F50A6003F0A8BD00F50A6003F032BE42
:1015B00000F50A6003F068BE00F50A6003F0DEBFC4
:1015C00000F50A6003F0C8BF00F50A6003F074BEBE
:1015D00000F50A6003F0F8BE00F50A6003F092BE61
:1015E00000F50A6003F010BF91F8142102704DF865
:1015F00004BDD1E946BCD1E94812C0E902BCC0E94A
:1016000004125DF804BB704791F8152102704DF883
:1016100004BDD1E946BCD1E94812C0E902BCC0E929
:1016200004125DF804BB704791F8162102704DF862
:1016300004BDD1E946BCD1E94812C0E902BCC0E909
:1016400004125DF804BB7047FFF710BC38B50446C0
:101650001620FDF761FA0FF00FF8002847D016F0BA
:10166000FDFE294917F002F816F09EFA04F5AA6368
:10167000C3E900011720FDF74FFA0EF0FDFF002827
:101680003ED016F0EBFE16F08FFA04F5AC6545E996
:1016900002011820FDF740FA0EF0EEFF68B316F0D5
:1016A000DDFE16F081FAC5E900011920FDF734FAD4
:1016B0000EF0E2FFF0B116F0D1FE16F075FA04F567
:1016C000AE6343E902011C20FDF726FA0EF0D4FFB9
:1016D000042828BF042084F8790594F87935DBB212
:1016E00084F878352046BDE8384004F04DBC074901
:1016F0000020BBE706490020E1E706490020D2E7C9
:1017000005490020C1E700BF0000C8420000F03FCB
:1017100000005040000030400000104070B5064608
:101720005820FDF7F9F905460EF0A6FF0024034600
:10173000681C63F307040EF09FFF60F30F24A81CDE
:101740000EF09AFF0346E81C63F317440EF094FF73
:1017500060F31F64204616F015FA074B002216F0BE
:101760007BFA06F5A063C3E90001304604F030FDC2
:10177000BDE8704006F030BC0000B03F704700BFCD
:1017800090F8F83408461BB91946C0B20FF08CBC6B
:101790000121C0B20FF088BC08B50EF037FF0EF083
:1017A00035FFBDE808400148FFF776BD4093FF1FB5
:1017B00038B5044672B6D0E92E0116F0FDFCD4F817
:1017C000B050401BC4F8C00062B672B6D4E95001F4
:1017D00016F0F2FCD4F83851401BC4F8480162B648
:1017E00038BD00BF72B6D0F8B030D0F8B4209B1A24
:1017F000C0F8C43062B672B6D0F83831D0F83C21A7
:101800009B1AC0F84C3162B6704700BF80F8A01038
:1018100080F82811704700BF10B5044672B6D0E9B1
:101820004001D4E96223C4E93E01C4E96023D4E95C
:101830000A01D4E93E2316F00FFAD4E96023C4E983
:101840003401D4E91E0116F007FAC4E9560162B664
:1018500010BD00BF2DE9F04719468246104606F03C
:1018600047FB06460F46DDE9080106F041FB04464A
:101870000D4672B6164BDDE90A01002216F0ECF9AE
:10188000DAE904238046894616F0E6F902460B465B
:101890003046394616F00AFB32463B4616F0DCF974
:1018A000DAE91823CAE92A014046494616F0D4F974
:1018B00002460B462046294616F0F8FA22462B46E9
:1018C00016F0CAF9CAE94C0162B6BDE8F08700BF5C
:1018D000000010402DE9F047824614461D4672B6BE
:1018E000DDE90C232946C0E94223DDE9082320462F
:1018F00016F0DCFA244F0026CAE93601CAE9386737
:10190000DAE93601DAE9382316F0D0FACAE93A0101
:101910000E98DAE9368916F035F902460B4640464C
:10192000494616F0C3FADDE90C23CAE94601CAE9C3
:101930006423DAE936232046CAE93C232946DDE957
:101940000A2316F0B3FACAE95801CAE95A67DAE974
:101950005801DAE95A2316F0A9FACAE95C010F988E
:1019600016F010F9DAE9584502460B46204629469A
:1019700016F09CFACAE96801DAE95823CAE95E233D
:1019800062B6BDE8F08700BF00002040D0F88400B8
:1019900043428B4204DC8842B4BF022001207047DE
:1019A0000220704772B6D0F8B0300B60D0F83831F2
:1019B000136062B6704700BF70B505461E462B6DBA
:1019C0001446A342059A084618DAC4EB43042B6B6D
:1019D000C81A0223137016F0D5F8D5E9042316F0BF
:1019E00065FAC6E90001204616F0CCF8D5E91823BF
:1019F00016F05CFA049BC3E9000170BD5942A14294
:101A000005DD2344CC1A2B6BC01A0223E2E7012325
:101A1000E0E700BFF8B5044619461046D4E90423B0
:101A200016F01AF916F0C8FB099D9DF82070286081
:101A3000D4E91823DDE9060116F00EF916F0BCFB17
:101A40000A9E012F306015D9236DC0EB4300306032
:101A50002B68226B00E0A26813442B60226B51427A
:101A60008B42F8DB9A4205DAA2689B1A2B60226B44
:101A70009342F9DCF8BD00BF38B5044672B60B6876
:101A8000C0F8B4301368C0F83C310B68C0F8B0300F
:101A90001568C0F83851086816F074F8C4E92E01CA
:101AA000284616F06FF8C4E9500162B638BD00BF91
:101AB0002DE9F04104460F4616461D4672B6D0F891
:101AC000B000D4F8388162B616F05CF8D4E904238B
:101AD00016F0ECF9C7E90001404616F053F8D4E9D6
:101AE000182316F0E3F900220023C6E90001C5E936
:101AF0000023BDE8F08100BF2DE9F043054685B025
:101B00000C4672B6D1E90423D1E92E0116F0CEF9C4
:101B1000D4E9182306460F46D4E9500116F0C6F959
:101B20008046894662B60EA3D3E900233046394683
:101B300016F092F802460B46CDE90223404608A370
:101B4000D3E90023494616F087F80022CDE90001C9
:101B50000023284609F018F9284605B0BDE8F083AF
:101B6000000000A046DF913F08B50EF04FFDBDE834
:101B700008400EF04BBD00BF01607047F8B5046827
:101B800004F5E06353E902670546D4F8280716F028
:101B90000BF832463B4616F05FF816F00DFBC4F822
:101BA0002007D4F82C0715F0FFFF32463B4616F00D
:101BB00053F816F001FB04F5EA6353E90267C4F831
:101BC0002407D4F8780715F0EFFF32463B4616F0AD
:101BD00043F816F0F1FAC4F87007D4F87C0715F052
:101BE000E3FF32463B4616F037F816F0E5FAC4F844
:101BF00074072420FCF790FF2B6844490446D3F86F
:101C0000280716F07FFC16F059FEC6B207B2204630
:101C10000EF032FD864203D0314620460EF046FDDE
:101C2000013420460EF028FDC7F30721814202D07F
:101C300020460EF03BFD2620FCF76EFF2B68334953
:101C40000446D3F82C0716F05DFC16F037FEC6B23A
:101C500007B220460EF010FD864203D031462046E2
:101C60000EF024FD013420460EF006FDC7F30721D7
:101C7000814202D020460EF019FD2820FCF74CFFCF
:101C80002B6822490446D3F8780716F03BFC16F07F
:101C900015FEC6B207B220460EF0EEFC864203D017
:101CA000314620460EF002FD013420460EF0E4FCE1
:101CB000C7F30721814202D020460EF0F7FC2A200C
:101CC000FCF72AFF2B6811490446D3F87C0716F06D
:101CD00019FC16F0F3FD054620460EF0CDFC2EB2A1
:101CE000EDB2854203D0294620460EF0DFFC0134D8
:101CF00020460EF0C1FCC6F30721814200D1F8BD99
:101D00002046BDE8F8400EF0D1BC00BF00002041E5
:101D100010B52420FCF700FF04460EF0ADFC0F28A0
:101D200003D00F2120460EF0C1FC013420460EF0F6
:101D3000A3FC272803D0272120460EF0B7FC26203D
:101D4000FCF7EAFE04460EF097FCF12803D0F121DF
:101D500020460EF0ABFC013420460EF08DFCD82856
:101D600003D0D82120460EF0A1FC2820FCF7D4FE99
:101D700004460EF081FC0F2803D00F2120460EF000
:101D800095FC013420460EF077FC272803D027214C
:101D900020460EF08BFC2A20FCF7BEFE04460EF017
:101DA0006BFCF12803D0F12120460EF07FFC0134BA
:101DB00020460EF061FCD82800D110BD2046D82165
:101DC000BDE810400EF072BC2DE9F8431046914674
:101DD0001F460E46FCF7A0FE04460EF04DFC0546DD
:101DE000601C0EF049FCEDB22C4960F30F25306CFD
:101DF00016F088FB16F062FD28498046706C16F0DC
:101E000081FB16F05BFD2DB24545044601DB8542A2
:101E100041DD4846FCF780FE05460EF02DFC002F04
:101E200008BF4446E1B281420FFA84F82FD1013550
:101E300028460EF021FCC8F30728804522D1002552
:101E400020467FB115F09EFED6E9042315F004FF6D
:101E5000134B002216F02AF816F0AEF9F06328466C
:101E6000BDE8F88315F08EFED6E9042315F0F4FEE4
:101E70000B4B002216F01AF816F09EF9B0632846B4
:101E8000BDE8F883414628460EF010FCD7E7284607
:101E90000EF00CFCCBE72C460125D1E700002041D9
:101EA0000000244001680023242201F5DD61FFF7D2
:101EB0008BBF00BF01680123262201F5DD61FFF71A
:101EC00083BF00BF01680023282201F5E761FFF707
:101ED0007BBF00BF016801232A2201F5E761FFF7FC
:101EE00073BF00BF08B50EF091FBBDE808400EF0CF
:101EF0008DBB00BFF8B5044672B6D0F89807D4F889
:101F0000206862B6D4F89C56ADB115F03BFE04F5DE
:101F1000E06353E9022315F0C9FF94F889766FBB9B
:101F200004F5D063D3E9002315F096FE16F044F9CA
:101F300072B6E86062B6D4F8BC56D5B1304615F03A
:101F400021FE04F5EA6353E9022315F0AFFF0B46C7
:101F500094F8A916024669B91046194604F5D464E6
:101F6000D4E9002315F078FE16F026F972B6E86081
:101F700062B6F8BD104603F10041EFE701F1004100
:101F8000CEE700BF9DF80810029100F5DD60FFF775
:101F900041BD00BF00F5DD60FFF76EBDF8B5002361
:101FA0000374044690F840350E46154672B600F5A7
:101FB000A063D3E9000105F0ABFF04F5F263D3E9B8
:101FC0000C01C3E9120104F50163D3E90E01C3E971
:101FD0001401D4F89837C4F89C37D4F82038C4F8E2
:101FE0002438306815F0CEFD04F5F46306460F463C
:101FF0002868C3E9006715F0C5FD04F5036343E9EC
:10200000020162B62046BDE8F84002F02DBD00BFD7
:102010002DE9F04F89B000230446084617460D46C7
:10202000079308F0FDFF824628468B4608F0F4FF30
:102030001BA3D3E90023804689465046594615F034
:102040000BFE02460B460DF11C0B0DF1180A029710
:1020500016461F46404612A3D3E900234946CDF851
:1020600010B0CDF80CA015F0F7FD04F5DD65CDE955
:1020700000013B4632462846FFF7CCFC5A46514603
:102080002846FFF7F9FC94F87C362BB90023012091
:10209000E37009B0BDE8F08F2046FFF72BFFF5E7AE
:1020A00000000020DCA54C4070B59AB004460E46F6
:1020B000014608A81546FFF7A7FA04F5227307930F
:1020C00004F5D87306930DF1200CBCE80F00EE4622
:1020D000AEE80F009CE803008EE803003146DDE91E
:1020E0001E230EA808F0ACFA2A460EA92046FFF7D8
:1020F0008FFF1AB070BD00BF30B58DB000F52273F0
:102100000446154600F5D872684608F055FD2A4683
:1021100069462046FFF77CFF0DB030BD90F87C3655
:1021200003B9704710B5D0F89C3682B00446002B36
:1021300061D01A7C012A4BD972B6D86862B615F004
:1021400021FD04F5D063D3E9002315F0AFFE0A4664
:1021500094F88916034609B102F10042184604F5C5
:10216000E063114653E9022315F076FD16F024F8DA
:10217000D4F8BC360090002B3FD01A7C012A3ED9FF
:1021800072B6D86862B615F0FDFC04F5D463D3E9E5
:10219000002315F08BFE0A4694F8A916034609B1F0
:1021A00002F10042184604F5EA63114653E902239E
:1021B00015F052FD16F000F801AA0346694604F531
:1021C000DD600193FFF758FC0023E37002B010BDFF
:1021D00072B61A68586811781A7A007811405A7ADB
:1021E00010424BD09A7A02F0030209B142F0040285
:1021F00042F0080248E01A46B0E71A46D2E772B643
:102200001A68586811781A7A007811405A7A104280
:1022100008D09A7A02F0030209B142F0040242F0B7
:10222000080205E09A7A02F0030209B142F00402C2
:102230009108013AD86899720D2AA3D801A151F8E2
:1022400022F000BFE7220100E1220100FF2201008D
:10225000E122010085210100F9220100E7220100AD
:10226000E7220100F922010085210100E12201009D
:10227000FF220100E1220100E72201009A7A02F028
:10228000030209B142F004029108013AD868997238
:102290000D2A3FF653AF01A151F822F0DB220100D5
:1022A000D5220100F3220100D52201003D210100C9
:1022B000ED220100DB220100DB220100ED22010002
:1022C0003D210100D5220100F3220100D5220100A9
:1022D000DB2201000138D86030E70130D8602DE7FB
:1022E0000138D8604EE70130D8604BE70238D8603B
:1022F00024E70230D86021E70238D86042E7023094
:10230000D8603FE790F87C3603B97047FFF7F2BD1D
:102310002DE9F04F90F87C668BB086B1A04B1A780F
:102320008A42044618D04A1E062A14D8DFE812F062
:102330000C00FC0005010E0117012001F30000252F
:1023400028460BB0BDE8F08F964ADFF85C924FF05C
:102350000008C2E9008919700029F0D072B6D4F8DB
:102360009887D4F82038089362B6D4F89C36002BAE
:1023700000F0C5801A7C012A40F2628172B6D868EA
:1023800062B604F5D06915F0FDFBD9E9002315F01C
:102390008DFD94F889260AB101F1004104F5E0654C
:1023A0000B46024655E90201CDE9000115F054FC47
:1023B00015F002FFD4F8BC360790002B00F0A68081
:1023C0001A7C012A40F2F68072B6D86862B604F52B
:1023D000D46715F0D7FBD7E9002315F067FD94F813
:1023E000A9260AB101F1004155E90223CDE90023F4
:1023F00004F5EA6502460B4655E90201CDE9020102
:1024000015F02AFC15F0D8FED9E900230990664999
:10241000002015F04BFD02460B46CDE90423614B2D
:10242000D3E900AB52465B4615F092FE08B1CDE908
:1024300004AB079BA8EB03000028B8BF404215F08F
:10244000A1FBDDE9002380468946DDE9040115F0A2
:1024500003FC02460B464046494615F083FE002821
:1024600052D072B6079BC4F89837D4F8980715F085
:1024700089FB04F5F463C3E9000162B655E9022360
:10248000CDE90223474BD3E900AB3546D7E900231A
:102490004549002015F00AFD52465B4680468946B4
:1024A00015F056FE08B9C246CB46089B099FD81BBB
:1024B0000028B8BF404215F065FBDDE902238046E5
:1024C00089465046594615F0C7FB02460B46404622
:1024D000494615F047FE00283FF432AF72B6C4F803
:1024E0002078D4F8200815F04DFB04F5036444E986
:1024F000020162B6354628460BB0BDE8F08F18469B
:10250000194604F5D06949E70546BFE7184619465C
:1025100004F5D4676CE7234A19704FF000084FF0B8
:102520000009C2E9008917E71E4ADFF88090197098
:102530004FF00008C2E900890EE71A4ADFF87090F0
:1025400019704FF00008C2E9008905E70FF2380959
:10255000D9E90089134A1970C2E90089FCE60FF233
:102560003009D9E900890F4A1970C2E90089F3E6F8
:102570000FF22409D9E900890A4A1970C2E90089D1
:10258000EAE600BFAFF30080000000201111C13F58
:10259000000000201111B13F000000201111A13FE7
:1025A000F09BFF1FE89BFF1F0000F03F0000E03F93
:1025B0000000D03F72B61A6811785A6810781A7AFB
:1025C00011405A7A104200F087809A7A02F0030292
:1025D00009B142F0040242F008029108013AD868B9
:1025E00099720D2A3FF6F2AE01A151F822F000BF18
:1025F0002F260100292601003B2601002926010083
:10260000CD230100352601002F2601002F260100D1
:1026100035260100CD230100292601003B260100BB
:10262000292601002F2601000138D860CEE60130AE
:10263000D860CBE60238D860C8E60230D860C5E67C
:1026400072B659681A6812780878197A11405A7A5D
:10265000104239D09A7A02F0030209B142F0040222
:1026600042F008029108013AD86899720D2A3FF6A3
:1026700087AE01A151F822F0B7260100B126010072
:10268000C3260100B126010081230100BD260100FF
:10269000B7260100B7260100BD26010081230100F5
:1026A000B1260100C3260100B1260100B7260100B2
:1026B0000138D86064E60130D86061E60238D8603D
:1026C0005EE60230D8605BE69A7A02F003020029E7
:1026D000C8D042F00402C5E79A7A02F0030200294A
:1026E0003FF47BAF42F0040277E700BF00F5DD6006
:1026F000FFF7DEB9FFFFFFFFD0B50E468AB00446F4
:1027000008AB06AA04A906F5DD60FFF7D1F9DDE9FB
:10271000080111A3D3E9002315F09EFA0EA3D3E913
:10272000002306460F46DDE9040115F095FA0AA3D9
:10273000D3E90023CDE90201DDE9060115F08CFAA9
:102740003246CDE900013B46204608F01DFB2046FD
:102750000AB0D0BDAFF30080000000A046DF913F7B
:10276000F0B59DB00C46054610A816461F46FFF76B
:10277000C3FF21460AA8FEF747FFCDE9066704F527
:10278000227308930DF1280CBCE80F00EE46AEE86A
:102790000F009CE8030004F5B4728EE8030028469D
:1027A00010A908F015FC28461DB0F0BDFFFFFFFF83
:1027B0002DE9F0430C46D1F8BC169DB005461646EF
:1027C0001F46002975D00B7C012B40F2AD8072B6FC
:1027D000C86862B615F0D6F904F5D463D3E90023CE
:1027E00015F064FB94F8A9C6BCF1000F49D182A38F
:1027F000D3E9002315F030FA80468946D4F89C3698
:10280000002B4BD01A7C012A58D972B6D86862B610
:1028100015F0B8F904F5D063D3E9002315F046FBB1
:1028200094F889C6BCF1000F3BD173A3D3E9002310
:1028300015F012FACDE9020100220023CDE900894A
:1028400010A808F0A1FA21460AA8FEF7DDFECDE99E
:10285000066704F5227308930DF1280CBCE80F00FD
:10286000EE46AEE80F009CE8030004F5B4728EE873
:102870000300284610A908F0ABFB28461DB0BDE8B0
:10288000F0835DA3D3E9002301F1004115F0E4F9E1
:10289000D4F89C3680468946002BB3D10020002115
:1028A000C8E755A3D3E9002301F1004115F0D4F99D
:1028B000C0E74FF000084FF000099FE772B61A68B2
:1028C00011785A6810781A7A11405A7A10426BD0EF
:1028D0009A7A02F0030200297AD142F008029108A4
:1028E000013AD86899720D2A91D801A151F822F0C5
:1028F000CB290100C5290100DD290100C5290100FE
:102900000F280100E3290100CB290100CB29010098
:10291000E32901000F280100C5290100DD2901007C
:10292000C5290100CB29010072B60B681A784B68E3
:1029300018780B7A1A404B7A18422DD08B7A03F014
:102940000303002A47D143F008039A08013BC868F3
:102950008A720D2B3FF63DAF01A252F823F000BF63
:10296000BF290100B9290100EF290100B92901009F
:10297000D3270100E9290100BF290100BF29010077
:10298000E9290100D3270100B9290100EF2901003D
:10299000B9290100BF2901008B7A03F00303002A43
:1029A000D3D043F00403D0E79A7A02F0030200295F
:1029B00095D042F0040292E70138C86009E701307F
:1029C000C86006E70138D86021E70130D8601EE70B
:1029D00042F0040281E743F00403B4E70230D86018
:1029E00015E70238D86012E70238C860F1E6023015
:1029F000C860EEE6AFF30080000000A046DF913F24
:102A0000F0B59DB00C46054601F5DD6110A81646EF
:102A10001F46FFF771F821460AA8FEF7F5FDCDE93C
:102A2000066704F5227308930DF1280CBCE80F002B
:102A3000EE46AEE80F009CE8030004F5B4728EE8A1
:102A40000300284610A908F0C3FA28461DB0F0BDBF
:102A500030B59BB00C4605460EA8FFF74DFE21464B
:102A600008A8FEF7E1FD04F5227306930DF1200C92
:102A7000BCE80F00EE46AEE80F009CE8030004F54A
:102A8000B4728EE8030028460EA908F0F1F9284632
:102A90001BB030BDFFFFFFFFF0B591F87C369BB057
:102AA0000546002B61D0D1F8BC360C46002B71D006
:102AB0001A7C012A79D972B6D86862B615F062F824
:102AC00004F5D463D3E9002315F0F0F90B4694F82C
:102AD000A9160246104600294CD119467EA3D3E917
:102AE000002315F0B9F806460F46D4F89C36002BA3
:102AF0004DD01A7C012A6BD972B6D86862B615F02F
:102B000041F804F5D063D3E9002315F0CFF994F828
:102B100089C6BCF1000F40D16FA3D3E9002315F0A3
:102B20009BF8CDE9020100220023CDE900670EA841
:102B300008F02AF9214608A8FEF776FD04F522736D
:102B400006930DF1200CBCE80F00EE46AEE80F0036
:102B50009CE8030004F5B4728EE8030028460EA931
:102B600008F086F928461BB0F0BDFFF771FF284634
:102B70001BB0F0BD03F1004157A3D3E9002315F0CA
:102B80006BF8D4F89C3606460F46002BB1D10020D6
:102B90000021C6E700260027A7E74FA3D3E90023BB
:102BA00001F1004115F058F8BBE772B619681A7ABE
:102BB000097811405A6810785A7A104248D09A7AA7
:102BC00002F0030209B142F0040242F0080245E0BB
:102BD00072B61A6811785A6810781A7A11405A7ABF
:102BE000104208D09A7A02F0030209B142F00402BE
:102BF00042F0080205E09A7A02F0030209B142F0BD
:102C000004029108013AD86899720D2A3FF676AF0E
:102C100001A151F822F000BFBB2C0100B52C01002E
:102C2000D32C0100B52C0100FD2A0100CD2C0100A0
:102C3000BB2C0100BB2C0100CD2C0100FD2A0100A2
:102C4000B52C0100D32C0100B52C0100BB2C0100D8
:102C50009A7A02F0030209B142F004029108013AA3
:102C6000D86899720D2A3FF628AF01A151F822F0D9
:102C7000AF2C0100A92C0100C72C0100A92C0100D8
:102C8000BB2A0100C12C0100AF2C0100AF2C0100B8
:102C9000C12C0100BB2A0100A92C0100C72C010096
:102CA000A92C0100AF2C01000138D86005E70130E4
:102CB000D86002E70138D86020E70130D8601DE70E
:102CC0000238D860F9E60230D860F6E60238D860FB
:102CD00014E70230D86011E7000000A046DF913F02
:102CE0002DE9F04F8BB00E46149FDDF8548003970A
:102CF000CDF81080197802911546D5E900BCDDF8B1
:102D000058E0089300F5DD639DF860A00793044642
:102D100018469DF85C30069304F59479D6E90023B3
:102D2000CDE900BC8EF80010CDF824E0FEF772FE6D
:102D3000D8F8002039685346484600F04BFF20B9C8
:102D4000069B13B1617D022902D00BB0BDE8F08F64
:102D5000089B07981B78CDF81080012B18BF012124
:102D600002910397D5E90045D6E90023099E317009
:102D7000CDE90045FEF74EFED8F8002039685346ED
:102D800048460BB0BDE8F04F00F024BF30B590F8D6
:102D9000F83583B001910092E3B1044602F0E0FC03
:102DA00078BB94F899358BB994F8C93559B26BB999
:102DB0002378012B23D894F8F854AB1F012B16D994
:102DC00065B10A35EDB2284603B030BD0725284667
:102DD00003B030BD0B25284603B030BD2046E5705A
:102DE0006A4601A9FFF7DAF8284603B030BD20464D
:102DF00002F0D8FC94F8F854002DE2D1EEE7042557
:102E0000E5E7204602F0DAFC0525E0E7FFFFFFFFDB
:102E100082B02DE9F0419AB00021044620AD002097
:102E2000CDE90A01CDE90C014FF00008284685E8FC
:102E30000C00CDF824808DF81F8007F08BFF42A393
:102E4000D3E9002314F008FF0646D4F828010F4602
:102E500014F098FE3EA3D3E9002314F045FD32465A
:102E60003B4615F089F9002854D10546D4F82C01C9
:102E700014F088FE36A3D3E9002314F037FD324660
:102E80003B4615F05BF9064600283BD104F522735A
:102E900004F5D87220A90EA807F08EFE0EA808F03F
:102EA000BFF829A3D3E9002314F0D6FE02460B464F
:102EB0000EA8CDE90A2308F0AFF823A3D3E9002335
:102EC00014F0CAFE012303930DF11F03029309AB13
:102ED000019308ABCDE90C01009304962EAB0CAA2C
:102EE0000AA92046FFF7FCFE18B3DDE908122046C8
:102EF000FFF74CFFB0B994F8403533B9022384F89A
:102F0000403502E084F8405508201AB0BDE8F04191
:102F100002B07047012084F840851AB0BDE8F04146
:102F200002B0704784F840651AB0BDE8F04102B0C5
:102F3000704784F8400506201AB0BDE8F04102B0A1
:102F4000704700BFAFF3008000000020DCA54C40BC
:102F5000000000E0E2361A3F82B070B5A2B0014630
:102F6000044626A880E80C000EA89DF8C860FEF76D
:102F70004BFB0DF1380CBCE80F00EE46AEE80F003D
:102F80009CE803008EE8030014ADDDE9342326A994
:102F9000284607F0EDFA0C960DF1580EBEE80F002A
:102FA000EC46ACE80F00BEE80F00ACE80F009EE86E
:102FB0000F008CE80F00204695E80C00FFF728FF73
:102FC00038B9012384F8403522B0BDE8704002B022
:102FD0007047002384F8403522B0BDE8704002B04D
:102FE000704700BFFFFFFFFF2DE9F04F00F594751C
:102FF00099B0044600230BAA0AA928468DF8273069
:1030000004F5DD6A00F032FE0DF1270212AB0192E9
:103010000093DDE90A1210AB5046FEF7CDFC2046C6
:1030200002F0B0FB0DAB04930CAB0393DDE912236C
:1030300001280CBF4FF0020B4FF0010BCDE900232C
:103040005046DDE91023CDF808B0FEF7E3FCDDE9DA
:103050000C120123284600F0BDFD18B9062019B056
:10306000BDE8F08F16AA14A928460C9F0D9E00F00B
:10307000FDFD149BA7EB0309169BB9F1000FA6EB0E
:10308000030804F5D863D3E90023B8BFC9F10009E8
:10309000A3A1D1E90001B8F1000FB8BFC8F1000841
:1030A00014F004FF04F5DA63D3E9002306460F4663
:1030B0009BA1D1E9000114F0F9FE9BA3D3E9002301
:1030C000CDE906013046394615F038F810B196A71B
:1030D000D7E9006794A3D3E90023DDE9060115F0E1
:1030E0002DF820B190A3D3E90023CDE9062348466B
:1030F00014F048FD32463B4614F0D8FE06464046E2
:103100000F4614F03FFDDDE9062314F0CFFE8046A4
:10311000894602460B463046394615F02DF8002800
:1031200000F0AE80844B00223046394615F006F898
:1031300000283FD1814B00223046394615F01CF85B
:10314000002800F0C68094F80A357D494FF0706081
:10315000002B36D1DDE91223DDE91067CDE9062326
:10316000CDE91467CDE916230DF13C08DDE906230E
:103170000EA9CDE90023504632463B460391CDF8D7
:103180001080CDF808B0FEF745FCDDE90E120123F2
:10319000284600F01FFD00283FF460AFDDE90E1265
:1031A0000123284600F01CFC00286CD1112019B026
:1031B000BDE8F08F94F80A355DA1D1E90001002B3C
:1031C000C8D0604B002214F047FDDDE91023CDE9A3
:1031D0001423DDE91223CDE916238046894672B611
:1031E00004F5F461D1E9000104F5F86353E9022321
:1031F000CDE906014046494614F02EFD11F0B4FB1E
:103200000B4602464946994604F5046340469046FB
:10321000D3E9002314F020FD04F5036656E90267A4
:1032200011F0A2FB62B600238DF83C3014F0C4FF0D
:1032300014F0A8FC32463B4614F058FB14F0BCFFD7
:1032400049460646404614F0B7FF14F09BFCDDE902
:10325000062314F04BFB14F0AFFF0DF13C0816AB46
:10326000324601460093CDF8048014AB5046FEF779
:10327000A3FBDDE91623DDE91467CDE9062375E735
:1032800046464F464EE7DDE90E120123284600F080
:1032900023FBA8B1204602F075FA584517D094F8E0
:1032A000F834063B012B0DD9DDE90C122046FFF75F
:1032B0006DFD00287FF4D3AE032384F84035CEE6BD
:1032C0001020CCE60021204602F06CFAECE7032047
:1032D000C5E61D4B304639464FF0804214F0BCFC29
:1032E00094F80A35002B3FF435AF164B002214F04A
:1032F000B3FCDDE91223DDE91067CDE90623CDE952
:10330000162300220023CDE914678046894614F075
:103310000BFF00283FF463AF0DF13C0826E700BF28
:103320000000000080842E41000000E00B2E113EC2
:10333000000000403333E33F0000E03F00C0824024
:1033400000808640000059403333F33F08B50DF04C
:103350005DF9BDE808400DF059B900BF30B4074D24
:10336000C0F8A81000240022C0E91245C0E91E459B
:1033700080F8502030BC80F8802070470000F03F7B
:103380000278012AD3B206D00078A0F10200B0FA88
:1033900080F0400970471846704700BF38B5D0F834
:1033A000A83093F8F8240446002A60D1826E12BB3C
:1033B000A26B002A00F0A68094F85120022A00F0A7
:1033C0008D8094F85120FE2A00F088806449002006
:1033D000C4E912010023A36394F88130022B2DD09D
:1033E00094F88130FE2B29D05D4900230020C4E9E8
:1033F0001E01A36638BD94F85120022A03D094F828
:103400005120FE2AE2D1A26B002A67D172B694F84D
:103410005130022B04BF012384F8513094F851300D
:10342000FE2B04BFFF2384F851304D4B0022C4E92A
:10343000122362B694F88130022BD1D1A36E002BF7
:1034400037D0D4F8A83093F8803803F0FF05002B6C
:103450007DD10DF099FED4E91A23C11A91429CBF87
:103460009B181D1AA5660DF08FFEE06638BD00237F
:103470008363836672B690F85130022B04BF012338
:1034800080F8513090F85130FE2B04BFFF2380F8B4
:10349000513090F88130022B04BF012380F8813035
:1034A00090F88130FE2B02D1FF2380F8813062B684
:1034B00038BD72B694F88130022B04BF012384F822
:1034C000813094F88130FE2B04BFFF2384F88130D3
:1034D000234B0022C4E91E2362B638BD93F8F837A7
:1034E00003F0FF05002B36D10DF04EFED4E90E237C
:1034F000C11A91429CBF9B181D1AA5630DF044FE92
:10350000E06369E772B694F85130022B04BF0123DF
:1035100084F8513094F85130FE2B04BFFF2384F817
:10352000513094F88130022B04BF012384F881309C
:1035300094F88130FE2B04BFFF2384F88130084BC0
:103540000022C4E91223C4E91E2362B6B0E70DF0DD
:103550001BFEE06638BD0DF017FEE0633CE700BFE0
:103560000000F03FD0F8A83093F8F8242DE9304857
:103570000446002A5BD190F85120022A0DD094F81D
:103580005120FE2A09D094F88130022B2AD094F8D9
:103590008130FE2B26D0BDE8308893F8F837002B19
:1035A000F1D172B6D4E916BC94F851305BB2002B5D
:1035B00007DC94F851301A065FD44FF0000B4FF03F
:1035C000000CD4F8A85005F5F465D5E900015A4679
:1035D000634614F08BF9C5E9000162B694F88130B6
:1035E000022BD4D1D4F8A83093F88038002BD2D154
:1035F00072B6D4E922BC94F881305BB2002B07DCB0
:1036000094F881301B0634D44FF0000B4FF0000CBF
:10361000D4F8A84004F5036454E902015A4663460D
:1036200014F064F944E9020162B6BDE83088002371
:103630008363836672B690F85130022B04BF012376
:1036400080F8513090F85130FE2B04BFFF2380F8F2
:10365000513090F88130022B04BF012380F8813073
:1036600090F88130FE2BDFD1FF2380F8813062B6E5
:10367000DBE70CF100439C46CAE70CF100439C4693
:103680009FE700BF90F85130022B2DE930480446E7
:1036900032D090F85130FE2B2ED094F88130022B8E
:1036A00005D094F88130FE2B01D0BDE83088D4F8E5
:1036B000A83093F88038002BF7D172B6D4E922BC39
:1036C00094F881305BB2002B07DC94F881301B0644
:1036D0003AD44FF0000B4FF0000CD4F8A84004F59A
:1036E000036454E902015A46634614F0FFF844E9C2
:1036F000020162B6BDE83088D4F8A83093F8F837F4
:10370000002BCAD172B6D4E916BC94F851305BB222
:10371000002B07DC94F851301A0611D44FF0000B3F
:103720004FF0000CD4F8A85005F5F465D5E9000178
:103730005A46634614F0DAF8C5E9000162B6ACE710
:103740000CF100439C46EDE70CF100439C46C4E7B6
:10375000D0F8A83093F8F8242DE930480446002A20
:103760005BD190F85120022A0DD094F85120FE2A06
:1037700009D094F88130022B2AD094F88130FE2BA6
:1037800026D0BDE8308893F8F837002BF1D172B617
:10379000D4E916BC94F851305BB2002B07DC94F8E6
:1037A00051301A065FD44FF0000B4FF0000CD4F8E4
:1037B000A85005F5F465D5E900015A46634614F0B2
:1037C00095F8C5E9000162B694F88130022BD4D196
:1037D000D4F8A83093F88038002BD2D172B6D4E94F
:1037E00022BC94F881305BB2002B07DC94F8813066
:1037F0001B0634D44FF0000B4FF0000CD4F8A84057
:1038000004F5036454E902015A46634614F06EF865
:1038100044E9020162B6BDE8308800238363836611
:1038200072B690F85130022B04BF012380F851305A
:1038300090F85130FE2B04BFFF2380F8513090F8F0
:103840008130022B04BF012380F8813090F8813051
:10385000FE2BDFD1FF2380F8813062B6DBE70CF16D
:1038600000439C46CAE70CF100439C469FE700BF1B
:103870000278B2B172B60F4A116862B6D2F814C0BB
:1038800061450ED090F800C05161BCF1010F09D024
:103890000278022A08D00278032A07D00378042B82
:1038A00006D07047FFF77ABDFFF75CBEFFF7EABEB0
:1038B000FFF74EBF7891FF1F08B50CF0A7FEBDE8DB
:1038C00008400CF0A3BE00BFC1617047806870471C
:1038D000C0687047FFFFFFFF2DE9F84304468846A4
:1038E0001546002B3CD1D0E90467E469294604F56C
:1038F000DD60FEF74BF801283CD002282DD1404670
:1039000014F040F98046D4F8E806894614F03AF9F4
:1039100002460B463046394616461F4600222E4BBD
:1039200013F0E2FF04F5DE642C4B002214F094F94E
:10393000D4E9022314F090F902460B46304639468A
:1039400013F0D2FF02460B464046494614F014FCE1
:10395000003818BF0120BDE8F8830020BDE8F883D7
:103960001BA3D3E90023D0E9040113F0BFFF0646EF
:103970000F46BAE7404614F005F902460B463046BA
:10398000394616461F460022134B13F0ADFF134B6A
:10399000002214F061F904F5DE63D3E9022314F088
:1039A0005BF98046D4F8E806894614F0EBF8024645
:1039B0000B464046494613F099FF02460B463046F7
:1039C000394614F0BBFB003818BF0120BDE8F8836E
:1039D000000000605555B53F0000184000002E4023
:1039E0002DE9F04FD0F81CA0074685B08B460AF5AC
:1039F000DD60114615461E46FDF7C8FF0446F8680F
:103A0000002E46D114F0BEF88046B868894614F0FE
:103A1000B9F8012C6DD0022C37D16B4B00224046F7
:103A2000494614F043FA694B002214F015F90AF5DF
:103A3000DE6402460B465846CDE9002314F0A2F896
:103A400006460F46DAF8E806DAF81C17084414F0C0
:103A500099F8DDE900238046894610461946D4E9E5
:103A6000022314F0F9F802460B464046494613F08B
:103A70003DFF02460B463046394614F05FFB0038E6
:103A800018BF012005B0BDE8F08F002005B0BDE8EB
:103A9000F08F053014F076F88046B8688946053016
:103AA000CDE9008914F06EF8BB69B32B06460F46CA
:103AB000AFDC012C53D0022CE7D12846039314F03D
:103AC00061F8039B06460AF5DE6403F15A000F46CF
:103AD00014F058F8D4E9162314F0BEF802460B4649
:103AE0003046394614F048FB002860D0384B00229D
:103AF000A1E7354B002214F0D9F9344B002214F021
:103B0000ABF80AF5DE6402460B465846CDE90023C1
:103B100014F038F806460F46DAF8E806DAF81C170B
:103B2000401A14F02FF8DDE900238046894610463C
:103B30001946D4E9022314F08FF802460B4640469A
:103B4000494613F0D1FE02460B463046394614F082
:103B500013FB003818BF012005B0BDE8F08F2846E0
:103B6000009314F00FF8009B80460AF5DE64C3F161
:103B70005A00894614F006F8D4E9162314F06CF8BC
:103B800002460B464046494614F0D8FA10B1104B95
:103B90000022BAE70C4B00223046394614F086F971
:103BA0000A4B002214F058F802460B46ADE7064BCC
:103BB0000022DDE9000114F079F9044B002214F031
:103BC0004BF802460B4636E700004E4000002E4000
:103BD000008056402DE9F04104460E46C069174664
:103BE0001D4693B9D0F820378B4202DD0020BDE896
:103BF000F081D0F824378B42F8DBD0F8703793424D
:103C0000F4DCD0F874379342F0DB01F0CFFD30B92B
:103C1000E3699A7D012A08D05B7D022B02D0012046
:103C2000BDE8F081002DFAD10DE0002DF7D12B4633
:103C30003A4631462046FFF74FFE0028D6D0E369CA
:103C40005B7D022BEBD13A46314620460023BDE88E
:103C5000F041FFF7C5BE00BF0023FFF7BBBF00BFA9
:103C6000C06900F5DD60FDF791BE00BFC06900F5D9
:103C7000DD60FDF797BE00BF2DE9F0410446C06945
:103C800000F69800FEF70EF9E369064603F6980081
:103C9000FEF710F9E369D3F82477D3F82027054617
:103CA000974203F69800D4BF00270127FEF70AF9D0
:103CB0008046E06900F69800FEF70CF9E169D1F85A
:103CC0007427D1F870379A42D4BF002707F0010754
:103CD0003E40354018EA050F02D008B1BDE8F0813A
:103CE000BDE8F04101F69800FDF748BFC06900F655
:103CF0009800FDF743BF00BFC06900F69800FEF7CB
:103D000007B800BFC06900F69800FEF7CBB800BF47
:103D1000C06900F69800FEF7CDB800BFC06900F694
:103D20009800FEF7CFB800BFC06900F69800FEF714
:103D3000D1B800BF08B50CF069FCBDE808400CF034
:103D400065BC00BF2DE9F04704469A4690F8008014
:103D500090F8F8540E46174601F002FD94F84835E5
:103D60002BB194F84835042B01D0BDE8F08758EA10
:103D7000050580F0010000F0010518BF0025002DA9
:103D8000F3D0737E5BB2002B45DC737E1B06D6E955
:103D900002894FD4737E9BB13846514600220023DE
:103DA00014F0EAF9003818BF0120A84208D0002218
:103DB0004FF080434046494614F0DEF9002843D1D5
:103DC0002AF00045384642464B46294614F0ACF9E5
:103DD00070B93A462B46C6E9022372B6B36AD3E9F4
:103DE0000001D6E9022313F037FFC6E9080162B6E5
:103DF00001233376042384F848353846514600229F
:103E0000002314F0B9F990B1022373760023E37014
:103E10003360BDE8F087D6E90289002200234046DE
:103E2000494614F09FF9051E18BF0125B2E7FE238D
:103E30007376EBE7002200234046494614F088F9E8
:103E4000051E18BF0125A5E794F8F835002B8CD086
:103E5000737E022B02D0737EFE2B86D1737E022BE3
:103E600004BF01237376737EFE2B7FF47EAFFF23A6
:103E700073767AE7032B2DE9F84390F80080044627
:103E80001E460D46174603D090F8F834002B44D157
:103E9000204601F065FC94F8483580F00100B8F147
:103EA000000F14BF002000F0010083BB98B3D5E9D8
:103EB0000289002200234046494614F035F910B12A
:103EC0006B7E002B3DD16B7E6A7E5BB25AB1B7EB45
:103ED000D37F08D04046494600224FF0804314F07B
:103EE0004BF900283ED1022E38D0032E1FD094F873
:103EF00078150022204601F06BFF84F84865EFB189
:103F0000FE236B760023E3702B60BDE8F88394F802
:103F100048359E42CAD0BDE8F88301F021FC94F8F0
:103F20004835002BF7D094F84835BDE8F883204693
:103F300002F024F884F84865002FE1D102236B7663
:103F4000E0E772B66B7E022B01D101236B766B7EAC
:103F5000FE2B04BFFF236B7662B6DCE7204602F03F
:103F600009F8CAE794F8F835002BD4D06B7E022B01
:103F700002D06B7EFE2BCED16B7E022B04BF0123C1
:103F80006B766B7EFE2BC6D1FF236B76C3E700BF3B
:103F900010B490F8F84534B1134610BC0A4600F549
:103FA000B061FFF767BF10BC704700BF90F8F8150D
:103FB00059B3D0B516461F460446002200233046AA
:103FC000394614F0B1F840B932463B4604F5B061C9
:103FD0002046BDE8D040FFF7B5BE94F89935022BD6
:103FE00004D094F89935FE2B00D0D0BD94F89935C3
:103FF000022B04BF012384F8993594F89935FE2BE0
:10400000F3D1FF2384F89935D0BD704790F8F83587
:104010003BB190F89935022B04D090F89935FE2BDE
:1040200000D0704790F89935022B04BF012380F827
:10403000993590F89935FE2B04BFFF2380F8993508
:10404000704700BF10B490F8F84534B1134610BC67
:104050000A4600F5B661FFF70DBF10BC704700BF00
:1040600090F8F81559B3D0B516461F4604460022FD
:1040700000233046394614F057F840B932463B46E3
:1040800004F5B6612046BDE8D040FFF75BBE94F86A
:10409000C935022B04D094F8C935FE2B00D0D0BD11
:1040A00094F8C935022B04BF012384F8C93594F86C
:1040B000C935FE2BF3D1FF2384F8C935D0BD704735
:1040C00090F8F8353BB190F8C935022B04D090F840
:1040D000C935FE2B00D0704790F8C935022B04BFBC
:1040E000012380F8C93590F8C935FE2B04BFFF23A2
:1040F00080F8C935704700BF08B50CF087FABDE8F5
:1041000008400CF083BA00BF90F92836012210B5A0
:1041100002755A1ED2B2032A04461ED84C48D4F85F
:10412000181650F82220023B914228BF1146022B5C
:1041300000F28280DFE803F06A5A0200084613F0BA
:1041400011FD41A3D3E9002313F0B0FE14F05CF895
:1041500081B2D4F8380609F04BF994F968365A1E42
:10416000D2B2032A00D910BD3948D4F8581650F8F5
:104170002220023B914228BF1146022B56D8DFE88D
:1041800003F013022400084613F0ECFC2EA3D3E93D
:10419000002313F08BFE14F037F881B2D4F87406C4
:1041A000BDE8104009F01CB8084613F0DBFC26A35C
:1041B000D3E9002313F07AFE14F026F881B2D4F884
:1041C0007006BDE8104009F0D9BA084613F0CAFCE1
:1041D0001DA3D3E9002313F069FE14F015F881B292
:1041E000D4F87806BDE8104009F002B9084613F08B
:1041F000B9FC15A3D3E9002313F058FE14F004F81A
:1042000081B2D4F8340608F0EBFFA6E7084613F0B5
:10421000A9FC0DA3D3E9002313F048FE13F0F4FF2B
:1042200081B2D4F8300609F0A9FA96E7D4F86C0602
:10423000BDE8104008F070B8D4F82C0608F06CF80F
:104240008BE700BFAFF30080CD3B7F669EA0F63FBB
:10425000A4180300FFFFFFFF2DE9F04F037C8DB092
:104260000446ABB1AF4BC1681B680A9382680A9BD6
:104270004FF47A705B1A00FB02F29A4294F84015F0
:1042800003D20023237484F840350DB0BDE8F08FCD
:1042900000F5DD673846FDF7A5FAD4F8AC37002BFA
:1042A00000F06F82002BB8BF5B420493D4F834381F
:1042B000002B00F06482002BB8BF5B42DFF868A2DD
:1042C000059304F5F26504F501660BE1002BB8BF18
:1042D0005B420693D4F83038002B00F01281002B9B
:1042E000B8BF5B422046079301F060FA00284CD12A
:1042F00072B6D4F82038089362B6089BDAF80080CA
:1043000043453FD02046DDF8209001F03BFA874B33
:10431000A0F1020B0022D3E90201002313F022FFD7
:10432000BBFA8BFB00384FEA5B1B18BF01208345AB
:1043300000F00081C84540F3008172B6D4F828012E
:1043400013F020FC04F59E6802460B46D8E90001F4
:1043500013F0CAFA04F5EA6353E9022313F07CFC74
:10436000734B00228046894613F0FCFE002800F0C3
:1043700002824046494613F01FFF079B834200DD3F
:10438000079062B6089BCAF8003094F83035002BCD
:1043900000F0F88072B6D5E9040113F00DFFD4F8EF
:1043A0009837C01AC4F8A80762B6D5E91223D5E930
:1043B000180113F07BFD02460B4613F04DFCD5E9C6
:1043C0000023804689461046194613F08FFA0B46A3
:1043D00002464946404613F069FD13F0EDFED4F85D
:1043E000A837002BB8BF5B428342804610DDD4F86B
:1043F000A837002BB8BFC0F1000872B6D4F89807F0
:10440000404413F0BFFBC5E90401C4F8A88762B6B5
:1044100094F89935022B04BF012384F8993594F858
:104420009935FE2B04BFFF2384F8993572B6D6E97F
:10443000060113F0C1FED4F82038C01AC4F83008C1
:1044400062B6D6E91423D6E91A0113F02FFD02460D
:104450000B4613F001FCD6E902238046894610463C
:10446000194613F043FA0B4602464946404613F0FC
:104470001DFD13F0A1FED4F83038002BB8BF5B420D
:104480008342804610DDD4F83038002BB8BFC0F12D
:10449000000872B6D4F82008404413F073FBC6E954
:1044A0000601C4F8308862B694F8C935022B04BFFF
:1044B000012384F8C93594F8C935FE2B04BFFF23C6
:1044C00084F8C9352378012B1DD023793BB194F8AA
:1044D000093584F80A35032363740023237100230C
:1044E00084F830353846FDF763F9D4F8A837002B47
:1044F0007FF4ECAE01230693D4F83038002B7FF420
:10450000EEAE0123EEE694F8093584F80A3500236F
:104510002370032363740A20FAF7FEFA21780CF063
:10452000C5F8DCE734A0FF1FF49BFF1FF892FF1FC4
:104530000000F03FC8457FF700AF72B6D4F82801FD
:1045400013F020FB04F59E6802460B46D8E90001F3
:1045500013F0CAF904F5E06353E9022313F07CFB7E
:10456000A74B00228046894613F0FCFD002800F08E
:1045700004814046494613F01FFE069B8342C8BF94
:104580000690FEE6049A069B9A42B4BF049B069BE3
:104590000993D4F8A837002B02DA099B5B420993F0
:1045A00072B604F5D863D3E9000104F5DA6A94F829
:1045B0000A75099ACDE902015AE90201002ACDE9FA
:1045C0000001FFB20998C0F21D8113F0DBFAD5E9B2
:1045D000008902460B4613F089F942464B4613F018
:1045E0003BFB0FF01DFB02460B46D5E90C0113F017
:1045F00033FBD5E9182313F059FC804689462FB1C7
:10460000D5E9142313F072F98046894629F0004752
:1046100079A3D3E900234046394613F08FFD38B122
:10462000099B002BB8BF5B42B3F57A7F00F31E8174
:10463000404649460022002313F076FD002800F092
:10464000BF80DDE90023C5E9122362B6059A079B06
:104650009A42B4BF059B079B0993D4F83038002BCE
:1046600002DA099B5B42099372B6DAE9000194F819
:104670000A75099A04F5DC63002ACDE9000153E9C3
:1046800002AB0998FFB2C0F2CF8013F07BFAD6E9F3
:10469000028902460B4613F029F942464B4613F0B5
:1046A000DBFA0FF0BDFA02460B46D6E90E0113F015
:1046B000D3FAD6E91A2313F0F9FB804689462FB1C5
:1046C000D6E9162313F012F98046894629F00047EF
:1046D00049A3D3E900234046394613F02FFD38B1F2
:1046E000099B002BB8BF5B42B3F57A7F00F3AE8025
:1046F000404649460022002313F016FD002842D010
:10470000C6E914AB62B62378012B03D02279002AC4
:1047100000F0CC80D4F8A827002A7FF4B6ADD4F8F6
:104720003028002A7FF4B1AD2279002A40F0E880D9
:10473000012B00F0E980E3781BB92378022B7FF48A
:10474000A4AD04F5A063D3E9000103F0E1FB72B668
:10475000D5E90C23C5E91223D6E90E23C6E91423B3
:1047600062B6237D002B7FF490AD20460DB0BDE8EE
:10477000F04FFFF7C9BC0120FFE50120FDE6012352
:104780009CE5012391E54246D6E90E013B4613F034
:104790008DFB8046894602460B465046594613F02B
:1047A000EBFC00287FD0DDE900AB42464B4650468B
:1047B000594613F0CDFC002870D0C6E91489A1E752
:1047C0004246D5E90C013B4613F070FB8046894612
:1047D00002460B46DDE9000113F0CEFC00285AD05A
:1047E000DDE9020142464B4613F0B2FC00284DD0F1
:1047F000C5E9128929E700BF00000040E17A843F43
:104800000000F03F404213F0BDF9D5E900890246AF
:104810000B4613F06BF842464B4613F01DFA0FF0AF
:10482000FFF901F10041DEE6404213F0ABF9D6E9B1
:10483000028902460B4613F059F842464B4613F0E4
:104840000BFA0FF0EDF901F100412CE7D6E90E016A
:10485000DDE9002313F02AFB099B002B8946D8BF12
:1048600001F10049804629F0004741E7D5E90C01F4
:10487000DDE9022313F01AFB099B002B8946D8BF00
:1048800001F10049804629F00047D1E6DDE90289BF
:10489000C5E91289D9E6DDE90089A1E7D046D94604
:1048A000C6E914892EE7D046D9467CE7D5E90A0344
:1048B000D4F8A87723F00041002FB8BF7F4213F04F
:1048C0007BFC002808BF012087423FF7DEACD6E919
:1048D0000C03D4F8307823F00041002FB8BF7F429A
:1048E00013F06AFC031E08BF01239F423FF7CDACC3
:1048F000074B1B680B930B9BE3600122227420E79C
:104900002046FCF765FE16E72046FCF741FE12E75D
:1049100034A0FF1FFFFFFFFF037D03B1704790F935
:1049200028365A1ED2B20121032A10B50446017559
:104930001ED84B48D4F8181650F82220023B91425A
:1049400028BF1146022B00F28280DFE803F06A5A8A
:104950000200084613F006F93FA3D3E9002313F041
:10496000A5FA13F051FC81B2D4F8380608F040FDE6
:1049700094F96836D4F858165A1ED2B2032A00D9D0
:1049800010BD374850F82220023B914228BF114603
:10499000022B56D8DFE803F013022400084613F078
:1049A000E1F82DA3D3E9002313F080FA13F02CFCD7
:1049B00081B2D4F87406BDE8104008F011BC084676
:1049C00013F0D0F824A3D3E9002313F06FFA13F007
:1049D0001BFC81B2D4F87006BDE8104008F0CEBED2
:1049E000084613F0BFF81CA3D3E9002313F05EFAC6
:1049F00013F00AFC81B2D4F87806BDE8104008F044
:104A0000F7BC084613F0AEF813A3D3E9002313F064
:104A10004DFA13F0F9FB81B2D4F8340608F0E0FB4C
:104A2000A6E7084613F09EF80BA3D3E9002313F082
:104A30003DFA13F0E9FB81B2D4F8300608F09EFE8F
:104A400096E7D4F86C06BDE8104007F065BCD4F8D2
:104A50002C0607F061FC8BE7CD3B7F669EA0F63FFE
:104A6000A4180300FFFFFFFF037D03B9704790F90F
:104A700028365A1ED2B20021032A10B50446017509
:104A80001ED84B48D4F8101650F82220023B914211
:104A900028BF1146022B00F28280DFE803F06A5A39
:104AA0000200084613F05EF83FA3D3E9002313F099
:104AB000FDF913F0A9FB81B2D4F8380608F098FC90
:104AC00094F96836D4F850165A1ED2B2032A00D987
:104AD00010BD374850F82220023B914228BF1146B2
:104AE000022B56D8DFE803F013022400084613F027
:104AF00039F82DA3D3E9002313F0D8F913F084FB80
:104B000081B2D4F87406BDE8104008F069BB0846CD
:104B100013F028F824A3D3E9002313F0C7F913F006
:104B200073FB81B2D4F87006BDE8104008F026BED1
:104B3000084613F017F81CA3D3E9002313F0B6F9C5
:104B400013F062FB81B2D4F87806BDE8104008F09B
:104B50004FBC084613F006F813A3D3E9002313F063
:104B6000A5F913F051FB81B2D4F8340608F038FBF4
:104B7000A6E7084612F0F6FF0BA3D3E9002313F0D3
:104B800095F913F041FB81B2D4F8300608F0F6FD38
:104B900096E7D4F86C06BDE8104007F0BDBBD4F82A
:104BA0002C0607F0B9FB8BE7CD3B7F669EA0F63F56
:104BB000A418030008B50BF029FDBDE808400BF070
:104BC00025BD00BF016070472DE9F047044600682D
:104BD000037813B10020BDE8F08700F0C7FD00287E
:104BE000F8D1236893F80A1583F80A0503F5F462EF
:104BF000D2E9006793F8090683F8091503F5036203
:104C000052E9028912F0AEFF02460B4600204FF037
:104C100080410FF059F802460B4630463946164699
:104C20001F460022584B13F017F8584B002213F080
:104C300013F813F0C1FA12F0A5FF32463B4613F009
:104C400035F913F0B9FA2368064693F8490612F0CD
:104C500089FF02460B4600204FF080410FF034F8E8
:104C600002460B4640464946904699460022464B2E
:104C700012F0F2FF454B002212F0EEFF13F09CFA07
:104C800012F080FF42464B4613F010F913F094FAED
:104C900005460120F9F740FF07460BF0EDFC5FFAEF
:104CA00086FA82456AD107F1010840460BF0E4FC20
:104CB000C6F3072981455CD107F1020840460BF095
:104CC000DBFCC6F3074981454ED1033738460BF06C
:104CD000D3FC310E814243D10520F9F71DFF064672
:104CE0000BF0CAFCEFB2874235D1771C38460BF087
:104CF000C3FCC5F30721814229D1B71C38460BF00C
:104D0000BBFCC5F3074181421DD1033630460BF091
:104D1000B3FC290E814212D1FAF73CFD236801252C
:104D20005D700B20F9F7F8FE236859780BF0BEFC94
:104D3000236893F8092583F80A2528464BE730466F
:104D40000BF0B4FCE8E738460BF0B0FCDDE7384682
:104D50000BF0ACFCD1E7394630460BF0A7FCC4E7BA
:104D600038460BF0A3FCB7E7494640460BF09EFCE3
:104D7000ABE7494640460BF099FC9DE75146384663
:104D80000BF094FC8FE700BF0000503F0000904004
:104D900003685A7802B9704710B5002204465A7069
:104DA0000B20F9F7B9FE2368BDE8104059780BF0E5
:104DB0007DBC00BFF0B504460068D0F8083883B069
:104DC00023B9D0F89038002B00F0B980437C012B38
:104DD0006ED0022B40D00BB103B0F0BD72B6256887
:104DE000594E05F5FC6353E9020113F0E5F905F5A9
:104DF000066503463360D5E9000113F0DDF9534D34
:104E0000286062B6256805F5F463D3E90067D5F834
:104E1000080812F0B7FE32463B4612F067FD13F069
:104E2000CBF905F5036353E902670090D5F89008C4
:104E300012F0A8FE32463B4612F058FD13F0BCF9C2
:104E400001AA0346694628460193FDF7A7F823689F
:104E500001225A7403B0F0BD00F5DD60FCF7A8FC38
:104E60002368D3F8FC27002AB6D1D3F8A827002A54
:104E7000B2D1D3F88428002AAED1D3F83038002B31
:104E8000AAD172B6304B2568186812F07BFE05F582
:104E9000FC6343E902012D4B186812F073FE05F51F
:104EA0000665C5E9000162B6236803225A7493E7D8
:104EB00000F5DD60FCF77CFC2568D5F8FC27D5F80B
:104EC00008389A4288D1D5F8A837002B84D1D5F874
:104ED0008428D5F890389A427FF47EAFD5F83038E0
:104EE000002B7FF479AF05F5F463D3E90067D5F8BB
:104EF000080812F047FE02460B463046394612F0CB
:104F0000F3FC13F059F905F5036353E902670090C8
:104F1000D5F8900812F036FE02460B463046394668
:104F200012F0E2FC13F048F901AA0346694628464C
:104F30000193FDF733F8236802225A744CE70323E8
:104F4000437403B0F0BD00BFF89BFF1FFC9BFF1F25
:104F500003685A7C032A10B508BF0022044608BF24
:104F60005A74FFF727FF2068437C032B00D010BD45
:104F70000021022380F84015037000F5DD60FCF786
:104F800045FC0A20F9F7C8FD2368BDE810401978F0
:104F90000BF08CBB2DE9F043044600680378022B2C
:104FA00083B000F098804278002A00F08F80002BB8
:104FB00040F0968000F0DAFB002840F098802368EB
:104FC00093F8F854002D40F0948093F8F835002BB6
:104FD00000F08B800120F9F79FFD07460BF04CFB9A
:104FE000002660F30706781C0BF046FB60F30F26E3
:104FF000B81C0BF041FB0346F81C63F317460BF09B
:105000003BFB60F31F6605200096F9F785FD074618
:105010000BF032FB002660F30706781C0BF02CFB2C
:1050200060F30F26B81C0BF027FB0346F81C63F354
:1050300017460BF021FB236860F31F6693F80906FF
:1050400012F090FD02460B4600204FF080410EF01A
:105050003BFE80468946009812F094FD42464B463E
:1050600012F0FAFD13F0A8F82368009093F84906AF
:1050700012F078FD02460B4600204FF080410EF002
:1050800023FE80468946304612F07CFD42464B4660
:1050900012F0E2FD13F090F823680190012783F8E5
:1050A000095583F80A551F700A20F9F735FD236862
:1050B00019780BF0FBFA206801AA80F84075694660
:1050C000FCF76CFF284603B0BDE8F08301252846B5
:1050D00003B0BDE8F0830025284603B0BDE8F083A7
:1050E0000225284603B0BDE8F0830525EFE7032538
:1050F000EDE70425EBE700BF2DE9F04303685D7899
:1051000083B0002D00F0818000220126DA7083F840
:10511000886783F8106804460A200CF055F830467A
:10512000F9F7FAFC07460BF0A7FA002660F307062A
:10513000781C0BF0A1FA60F30F26B81C0BF09CFA58
:105140000346F81C63F317460BF096FA60F31F66EC
:1051500005200096F9F7E0FC07460BF08DFA0026D3
:1051600060F30706781C0BF087FA60F30F26B81C73
:105170000BF082FA0346F81C63F317460BF07CFA37
:10518000236860F31F6693F8090612F0EBFC0246F1
:105190000B4600204FF080410EF096FD8046894678
:1051A000009812F0EFFC42464B4612F055FD13F00A
:1051B00003F82368009093F8490612F0D3FC0246E6
:1051C0000B4600204FF080410EF07EFD8046894660
:1051D000304612F0D7FC4B46424612F03DFD12F02D
:1051E000EBFF01AA694601902068FCF7D3FE206816
:1051F000837DA3F10103B3FA83F35B095B0043757D
:10520000FDF780F82068FFF787FB284603B0BDE86C
:10521000F08300BF70B505460B20F9F77DFC0BF05D
:105220002BFA2B68041E14BF012200225A7002D1EF
:105230001C70204670BD0A20F9F76EFC0BF01CFABA
:10524000064690B1022814D12846FFF755FF2B6877
:10525000044610B11E70204670BD1C700A20F9F77C
:105260005BFC21460BF022FAE3E72B6804461E7034
:10527000F1E72B6800241C700A20F9F74DFC214649
:105280000BF014FA204670BD03681A7802B9704713
:1052900010B5002204461A700A20F9F73DFC236875
:1052A00019780BF003FA206890F8F83503B910BDAF
:1052B000BDE8104001F004BC70B50446006890F8E9
:1052C000F8552DB10378012B02D890F8F83413B1BA
:1052D0000025284670BD00F049FA03460028F7D1A2
:1052E0002068012680F80A3580F8093580F8406585
:1052F00000F23C7200F2EC61FCF750FE23681E7174
:10530000E7E700BFF8B50446006800F02FFA08B1DF
:105310000020F8BD05462068012380F8383800F5E4
:105320009C6C80F8B0370022002300F59A66CCE927
:1053300000234CE90223294646E90223C6E900235B
:1053400000F030FA236803F5F262D2E90C01C2E9F9
:10535000120103F50162D2E90E670A20C2E914675F
:105360001D70F9F7D9FB256806460BF085F92F78F3
:10537000874204D0394630460BF098F9256800265C
:1053800005F23C7205F2EC6185F89965284685F8CE
:105390009865C5F88065C5F8846585F8C96585F8A0
:1053A000C865C5F8B065C5F8B465FCF7F3FD2068BD
:1053B000FFF7B2FA2068012480F80A65C470FCF790
:1053C000A1FF2046F8BD00BF38B503685A7C032A08
:1053D00008BF0022044608BF5A74FFF7EBFC23689D
:1053E0005A7C032A00D038BD00251D7183F8405532
:1053F0002046FFF787FF2068294600F5DD60BDE8FD
:105400003840FCF703BA00BFF8B504463820F9F776
:1054100083FB0BF031F92368002814BF012200221E
:105420009A700ED1184600F0C1F92368002800F0E8
:105430008A80D3F8E816C3F8EC160022C3F83C279C
:10544000F8BD3920F9F768FB06460BF015F9002581
:105450000346701C63F307050BF00EF960F30F258C
:10546000B01C0BF009F90346F01C63F317450BF071
:1054700003F9236860F31F6593F8090612F072FBC5
:1054800002460B4600204FF080410EF01DFC064600
:105490000F46284612F076FB32463B4612F0DCFB04
:1054A00012F08AFE2568C5F8EC063D20F9F734FBBA
:1054B00006460BF0E1F800250346701C63F3070570
:1054C0000BF0DAF860F30F25B01C0BF0D5F80346AB
:1054D000F01C63F317450BF0CFF8236860F31F65EA
:1054E00093F8490612F03EFB02460B4600204FF0AF
:1054F00080410EF0E9FB06460F46284612F042FBBB
:105500003B46324612F0A8FB12F056FE25680246D2
:10551000C5F83C07D5F8EC1605F59470FEF79CFB32
:1055200023689A7800EA02059D70002D88D1382002
:10553000F9F7F2FA29460BF0B9F823689A78002AAD
:105540003FF470AFF8BDD3F8E816D3F83827C3F8A6
:10555000EC16C3F83C27F8BD38B504463820F9F7F7
:10556000DBFA05460BF088F818B1002128460BF04D
:105570009DF82046BDE83840FFF746BF2DE9F047CB
:1055800004460068037813B10020BDE8F08700F0FE
:10559000E7F80028F8D1236893F80A1583F80A057C
:1055A00003F5F462D2E9006793F8090683F8091558
:1055B00003F5036252E9028912F0D4FA02460B465F
:1055C00000204FF080410EF07FFB02460B46304634
:1055D000394616461F460022564B12F03DFB564BED
:1055E000002212F039FB12F0E7FD12F0CBFA32463E
:1055F0003B4612F05BFC12F0DFFD2368064693F891
:10560000490612F0AFFA02460B4600204FF08041E7
:105610000EF05AFB02460B464046494690469946D4
:105620000022444B12F018FB434B002212F014FBF3
:1056300012F0C2FD12F0A6FA42464B4612F036FCBA
:1056400012F0BAFD05463920F9F766FA07460BF065
:1056500013F85FFA86FA824567D107F101084046E0
:105660000BF00AF8C6F30729814559D107F1020862
:1056700040460BF001F8C6F3074981454BD103378B
:1056800038460AF0F9FF310E814240D13D20F9F74A
:1056900043FA06460AF0F0FFEFB2874232D1771C98
:1056A00038460AF0E9FFC5F30721814226D1B71C2D
:1056B00038460AF0E1FFC5F3074181421AD10336AB
:1056C00030460AF0D9FF290E81420FD13820F9F770
:1056D00023FA01210AF0EAFF2046FFF795FE23682E
:1056E00093F8092583F80A2501204EE730460AF091
:1056F000DDFFEBE738460AF0D9FFE0E738460AF06D
:10570000D5FFD4E7394630460AF0D0FFC7E7384620
:105710000AF0CCFFBAE7494640460AF0C7FFAEE7B9
:10572000494640460AF0C2FFA0E7514638460AF013
:10573000BDFF92E70000503F0000904008B50AF01E
:1057400065FFBDE808400AF061BF00BF0078A0F126
:105750000200B0FA80F04009704700BFC07870477F
:1057600090F84005003818BF0120704790F8403588
:105770002BB990F84805003818BF01207047012068
:10578000704700BF10B500F5947482B0694620469A
:1057900001AAFEF76BFA01992046FEF761FA02B002
:1057A00010BD00BF80F8F814704700BF807D03383B
:1057B00001288CBF00200120704700BF012380F822
:1057C00030357047FFFFFFFF2DE9F04FDFF83892CB
:1057D000DFF838B2A9B04FF00008CDE90C89099282
:1057E000DFF82C9290F81621002300F52276CDE9FF
:1057F0000A3300F5D8778A468DF82820DBE90201C4
:105800007BA3D3E900234FF00008CDE90E8912F005
:1058100023FA0AAD07960697804689460FCD6C4657
:105820000FC495E80300424684E803004B46514606
:1058300010A804F005FFDBE902016DA3D3E9002302
:1058400012F00AFA079606970AAE804689460FCEEE
:10585000EC46ACE80F0095E8030084E803004246FC
:105860004B4609991CA804F0EBFE1CA805F0D8FBD8
:10587000044610A80D4605F0D3FB02460B46204611
:10588000294612F031F85CA3D3E9002312F0E4F9C1
:1058900080461CA8894605F0BFFB044610A80D46AB
:1058A00005F0BAFB02460B462046294612F01CF8CA
:1058B00051A3D3E9002312F0CFF9564B04460D460D
:1058C00000224046494612F039FC98B1524FDFF8A9
:1058D00044B100264FF0000A32463B464046494656
:1058E00012F004F852465B468046894612F026FCC8
:1058F0000028F1D1494B00224046494612F032FCC3
:1059000098B1454FDFF814B100264FF0000A324637
:105910003B464046494611F0E7FF52465B4680460B
:10592000894612F01FFC0028F1D13A4B0022204694
:10593000294612F003FC98B1374FDFF8D8B00026A3
:105940004FF0000A32463B462046294611F0CEFF72
:1059500052465B4604460D4612F0F0FB0028F1D19A
:105960002E4B00222046294612F0FCFB98B12A4F0C
:10597000DFF8A8B000264FF0000A32463B4620462A
:10598000294611F0B1FF52465B4604460D4612F01F
:10599000E9FB0028F1D1DDE93201214B002212F0B0
:1059A0005BF902460B4616A1D1E9000112F07EFA1E
:1059B0001C4B06460F4640464946002212F04CF961
:1059C00032463B4612F048F9369B0022C3E90001FB
:1059D000144B2046294612F03FF93B46324612F05E
:1059E0003BF9379BC3E9000129B0BDE8F08F00BF48
:1059F000000000A046DF913F00000020DCA54C40E5
:105A0000000000000020AC4000002440F892FF1F7E
:105A100000405940008066C00080764000806640AB
:105A200000002E400000E03F2DE9F04F90F80A35CD
:105A3000A9B000260027CDE90C67CDE90E67044622
:105A4000002B00F00D8100F5A261914B0022D1E9FD
:105A5000000112F001F98F4B002212F0FDF886A32D
:105A6000D3E9002312F022FA894604F5A461884B99
:105A70000022804651E9020112F0EEF87EA3D3E93C
:105A8000002312F013FA94F84035CDE90801002BF9
:105A900040F0B280804BD3E9020179A3D3E900231F
:105AA00012F0DAF81CAD02460B4628462146FCF7F8
:105AB00057FE284604F0ECFD73A3D3E9002312F04F
:105AC000CBF8CDE90601284604F0DEFD6EA3D3E94C
:105AD000002312F0C1F804F5947A0DF1400B5A46F8
:105AE00006460F4650460BA9FEF7C0F850461099DF
:105AF000FEF7B6F88246DDE9060142464B4611F054
:105B0000F3FE5FA3D3E9002312F0A6F8DDE9082332
:105B1000CDE902013046394611F0E6FE58A3D3E93B
:105B2000002312F099F80022CDE900010023584625
:105B300004F0CEFCDDE9060142464B4611F0D6FEEC
:105B40004FA3D3E9002312F087F8DDE90823CDE95C
:105B500002013046394611F0C9FE49A3D3E90023BA
:105B600012F07AF80022CDE900010023284604F063
:105B7000AFFC0EAB05930CAB454F049394F8163174
:105B800003930026CDE900672A4659462046CDF802
:105B900008A0FFF719FEDDE90C67404B00223046F4
:105BA000394612F0DFFA002862D03D4B0022304621
:105BB000394612F0C3FA08B9394F002604F5FE63DE
:105BC00043E90267DDE90E67344B0022304639466F
:105BD00012F0C8FA002848D0314B0022304639462E
:105BE00012F0ACFA08B92E4F002604F50764C4E998
:105BF000006729B0BDE8F08F274BD3E9020120A34D
:105C0000D3E9002312F028F81CAD02460B462846C3
:105C10002146FCF7F5FE284604F03AFD1AA3D3E925
:105C2000002312F019F8CDE90601284604F02CFDF6
:105C300015A3D3E9002312F00FF806460F4672B6FB
:105C400004F5036353E9020162B612F0B5FA0146A6
:105C500004F59470FEF704F80DF1400B82464AE714
:105C600000F5FE6343E90267BFE70C4F0026BCE77F
:105C70000A4F0026A2E700BF000000000020AC4051
:105C8000000000A046DF913F00000020DCA54C4052
:105C900000004E4000002E40F892FF1F000030C070
:105CA00000003040F8B5D0F81465D0F810753B4BC3
:105CB00004460D4638463146002212F035FA48B106
:105CC00004F5A46353E902010022002312F02CFA28
:105CD000002840D1A37D033B012B43D994F8163112
:105CE000002B4AD194F87834002B46D12C4B00225B
:105CF000D3E90201002312F035FA00284BD03A46CE
:105D0000334604F5FE6141E9022372B604F50363EC
:105D100053E9020162B612F04FFA014604F594709D
:105D2000FDF79EFF04F5A463012853E9022314BF85
:105D30001C491A49002011F08FFF1B4B002212F062
:105D4000B5F894F9083504F50766012BC6E900019A
:105D50001CD065B9F8BD002384F80B35A37D033B47
:105D6000012BBBD82046FFF75FFE002DF2D004F5D3
:105D7000DD60BDE8F840FBF74FBD2046FFF754FE5D
:105D800094F90835012BE4D104F5076600220023BD
:105D9000C6E90023DDE706F10046B0E70000F03F6A
:105DA000F892FF1F0000F0BF00002E4030B41D46E7
:105DB000144600F5A263C3E90045DDE9023400F5AD
:105DC000A46141E9023430BC0121FFF76BBF00BF81
:105DD0000429A8BF04212DE9F04F21EAE17505F15E
:105DE000AA0300EBC303D3E9006700F5DE63D3E940
:105DF000088983B0044601920023002240464946A8
:105E000012F0A6F900287CD1584B404649460022A2
:105E100011F022FF02460B460020554912F046F8C9
:105E200004F5E863D3E9088982468B460022002303
:105E30004046494612F08CF9002840F08E804B4BCA
:105E400040464946002211F007FF02460B4600205B
:105E5000474912F02BF852465B468046894612F0BD
:105E600077F900286DD0002200235046594612F0E1
:105E700083F970B1002200233046394612F07CF9D4
:105E800038B152465B463046394612F057F9002881
:105E900060D194F87835AB4256D0EDB284F878559D
:105EA00004F5B065D5E902233046394612F03CF9D5
:105EB00068B9C5E9026772B6D4F8A835D3E900011C
:105EC000D5E9022311F0C8FEC5E9080162B604F560
:105ED000B665D5E902233046394612F025F968B98E
:105EE000C5E9026772B6D4F8D815D5E90223D1E91D
:105EF000000111F0B1FEC5E9080162B603B0BDE8CA
:105F0000F08F04F5E863D3E90889002200234046B6
:105F1000494612F01DF90028BBD1144B40464946B2
:105F2000002211F099FE02460B460020104911F0A4
:105F3000BDFF002200238046894612F009F900289F
:105F4000A7D1C246CB468EE7019B002BA5D103B05B
:105F5000BDE8F08F56465F469BE70022002350467F
:105F6000594612F0FFF8002893D07CE70000244047
:105F70000000F03F01220021FFF72ABF90F87915B9
:105F80000022FFF725BF00BF90F878150122FFF728
:105F90001FBF00BFFFFFFFFF2DE9F04F00F5E265D7
:105FA0008BB0044692469B466BA1D1E9000155E9AE
:105FB000022311F07BFF04F5EC6353E9022305464D
:105FC0000E4665A1D1E90001CDE9065611F06EFF3C
:105FD0005246CDE904015B462846314611F066FF82
:105FE0005F4B00228046894612F0BCF818B9DFF8F2
:105FF00070914FF0000804F5D86552465B46C5E93C
:106000000089DDE9040111F051FF554B00220646DD
:106010000F4612F0A7F808B9514F0026424604F582
:10602000DA68C8E900674B46DDE9060111F03EFF7A
:1060300032463B46CDE90801DDE9040111F036FFA7
:1060400006460F4602460B46DDE9080112F076F8D7
:1060500008B1DDE9086732463B465046594611F023
:1060600043FC21F00043194600224FF0804312F018
:1060700083F8002834D132463B46DDE9060111F0B1
:1060800015FF3246C5E900013B46DDE9040111F088
:106090000DFFC8E9000104F5AE69C9E9006759E9D7
:1060A000020132463B4612F05DF8002838D194F8E0
:1060B000781520460122FFF78BFE04F5BE6353E9F5
:1060C0000223CDE90223D8E90067D5E9002304F5CE
:1060D000DD60CDE90067FBF7BDFB0BB0BDE8F08FDD
:1060E0001A20F8F719FD39468146304612F064F857
:1060F000014648465FFA81FB1FFA81FA0AF0BCFAB2
:10610000834522D109F1010948460AF0B5FA4FEA60
:106110001A2A8245AFD0514648460AF0C7FAAAE784
:10612000104B00223046394611F096FD49E9020134
:106130001920F8F7F1FC064659E9020112F064F85B
:10614000C1B230460AF0B2FAB1E7594648460AF001
:10615000ADFAD7E7AFF300800000000080842E4145
:10616000000028400000E03F70B505461A20F8F70F
:10617000D3FC06460AF080FA0446701C0AF07CFA4A
:10618000E4B260F30F24A0B211F0ECFC02460B461F
:106190002846BDE87040FFF7FFBE00BF30B500F5F0
:1061A000BE6200F5DA6352E90245D3E9002385B007
:1061B000CDE90023CDE9024500F5D863D3E90023FA
:1061C00000F5DD60FBF746FB05B030BDFFFFFFFFCC
:1061D000F0B500F5EC6200F5E26352E902670446AF
:1061E00053E9022318A1D1E9000189B0CDE9026782
:1061F000CDE90401CDE9002304F5A065D4F86406D7
:10620000D4F82416D5E900230790069104F5DD6043
:10621000FBF760FB0E4904F5A2630020C3E900010F
:10622000002604F5A4630027204643E90267012104
:10623000FFF738FDD5E9000109B0BDE8F04001F0F5
:1062400067BE00BFAFF300800000000080842E41D5
:106250000000F03F2DE9F04F00F5947583B001AADE
:1062600004460E4628466946FDF700FD019928467A
:10627000FDF7F6FC01AA694607462846FDF7F6FC3D
:10628000E37823B194F80A3583F00103E370009BAF
:10629000D4F820279A4229DCD4F82427934225DC1D
:1062A00094F8F834042B3AD0019BD4F87027934229
:1062B00028DBD4F87427934224DC94F8F834052BB7
:1062C00004BF002384F8F834A37D012B36D0E37893
:1062D0004BBB2378022B12D194F8F8347BB12046C3
:1062E000FBF752F92046FBF777F908E094F84035C0
:1062F000042284F8F82463B90EB984F80A6503B05F
:10630000BDE8F08F94F84035052284F8F824002B7E
:10631000F2D0012384F8303503B0BDE8F08F0023BC
:1063200084F8F834C0E794F8F834002BE7D020461E
:10633000FBF746F92046FBF74FF9CAE772B604F5BA
:10634000F263D4F898B7D3E9040194F8B0A7D3E97D
:106350000A895FFA8AFA62B611F02EFFA0EB0B03EE
:10636000002B2ED0CCBF4FF0010A4FF0000ADDE920
:10637000001201232846FDF733FB20B9BAF1000FC4
:1063800033D1012F4CD094F8F834072B04BF0023ED
:1063900084F8F834DDE9001228460123FDF79CFA61
:1063A00020B9BAF1000F2ED1022F44D094F8F8345E
:1063B000062B8CD1E378002284F8F824002B9ED1A0
:1063C00087E7002200234046494611F0ADFE002831
:1063D000CDD1404649460022002311F0CDFEB0F158
:1063E000000A18BF4FF0010AC1E7022FCBD194F881
:1063F0004035072284F8F824002B3FF47DAF0123B9
:1064000084F8303578E7012FD0D194F84035062252
:1064100084F8F824002B3FF46FAF84F830756BE7F5
:1064200094F84035072284F8F824002B3FF467AF36
:1064300084F8307563E794F84035062284F8F82430
:10644000002B7FF466AF5AE72DE9F04F044690F831
:106450000A058FB00E4617461D4620B372B694F853
:1064600048A594F8F8375FFA8AFA002B00F0B58057
:1064700094F88038B3B9BAF1040F00F00E8104F536
:10648000036A04F50468284611F07CFBD8E9002370
:106490005AE9028911F0E0FB42464B4611F026FA18
:1064A0004AE9020162B694F84035002B40F0E280E0
:1064B000132D7BDC844A854B02FB0633844AB2EB06
:1064C000B30F0FD321466846FCF7C2FA684604F0C2
:1064D00041FC7BA3D3E9002311F0BEFB04F59E65CC
:1064E000C5E90001002E73D094F8F83543B194F853
:1064F0004935042B00F0AF8094F8483584F84935CD
:1065000094F889371BB994F81138002B7CD00123FB
:1065100084F8F834002F46D194F84025002A40F042
:10652000AD8084F80A7594F89925022A08BF84F88A
:10653000993594F89935FE2B04BFFF2384F89935DB
:1065400094F8C935022B04BF012384F8C93594F8A7
:10655000C935FE2B02D1FF2384F8C93504F59E63AB
:10656000D4F82801D3E9006711F00CFB02460B4672
:106570003046394611F0E2FD40B9D4F82C0111F053
:1065800001FB32463B4611F0D9FD60B194F840352D
:10659000022284F8F82403F0FF02002B00F083802D
:1065A000012384F830350FB0BDE8F08F21466846EE
:1065B000FCF74EFA684604F0CDFB41A3D3E9002373
:1065C00011F04AFB04F59E68632DC8E9000189DDDE
:1065D00001212046FFF766FB86E7BAF1040F53D08E
:1065E00004F5F46B04F5F868284611F0CBFA58E985
:1065F0000223DBE9008911F02FFB42464B4611F0E4
:1066000075F9CBE9000133E794F8F824D4F82801B0
:10661000012A08BF84F8F83404F59E63D3E90089A1
:1066200011F0B0FA02460B464046494611F086FD8D
:1066300038BBD4F82C0111F0A5FA02460B464046AF
:10664000494611F099FDE0B994F8F834022BAAD12B
:1066500084F8F804A7E794F84835002B7FF44CAF92
:1066600094F80A3523BB94F8781501222046FFF7E9
:10667000AFFB41E72046FDF7EFFD19E784F8303521
:106680006CE7002F82D08EE794F89835002BA7D0C6
:1066900094F88038002B7FF405AF94F8C835002BB0
:1066A0003FF4EDAEFEE684F80A250FB0BDE8F08FAA
:1066B00001212046FFF7F6FAD5E700BFAFF30080CF
:1066C00000000020DCA54C40CDCCCCCC9899991989
:1066D000CCCCCC0CA9B190F8363010B504466BB1D7
:1066E00007212046FBF714FE38B1E3780BB10023F5
:1066F000E37023780BB10023237010BD90F87D1652
:10670000EFE77047FFFFFFFF2DE9F04F90F8F835F6
:1067100083B004460E469346002B00F0718172B69A
:10672000D0F8FC0511F01EFAB14B002211F0BEFBAF
:106730008046D4F80406894611F014FA02460B4646
:106740004046494611F088FA804694F80906894681
:1067500011F008FA02460B4600204FF080410DF080
:10676000B3FA02460B464046494611F075FA11F05D
:1067700023FDC4F8F006074611F070FE9D498246DD
:1067800011F074FF11F010FA04F5DE6580468946B9
:10679000C5E902899849504611F068FF11F004FAE2
:1067A00091A3D3E90023C5E906014046494611F00B
:1067B0007DFB80468946C5E904899049504611F021
:1067C00055FF11F0F1F907EBD773002FB8BF03376E
:1067D0005B10BF10C5E90801D4F83C06C4F81837AF
:1067E000C4F81C7711F0BEF9814B002211F05EFB5A
:1067F000CDE90001D4F8440611F0B4F902460B4685
:10680000DDE9000111F028FACDE9000194F849060C
:1068100011F0A8F902460B4600204FF080410DF020
:1068200053FA02460B46DDE9000104F5E86711F072
:1068300013FA11F0C1FCC4F84007054611F00EFE32
:106840006C49824611F012FF11F0AEF902460B4678
:10685000C7E9022368495046CDE9002311F006FF3D
:1068600011F0A2F9DDE90023C7E906011046194637
:106870005DA3D3E9002311F019FB02460B46C7E9DB
:1068800004235E495046CDE9002311F0EFFE11F0DC
:106890008BF905EBD573002DB8BF03355B10AD1038
:1068A000C7E90801D4F82006C4F86837C4F86C5763
:1068B00011F068F942464B4611F0CEF911F07CFC1C
:1068C0000025C4F80808D4F86006C4F8FC5784F81A
:1068D000F85711F057F9DDE9002311F0BDF911F077
:1068E0006BFCC4F89008C4F8845884F88058D4F835
:1068F000980711F047F904F5F463C3E90001D4F8EF
:10690000200811F03FF904F5036343E9020162B680
:1069100094F87835AA3304EBC303D3E90089002344
:1069200084F8993584F89835C4F8803504F5B06555
:1069300004F5E263C4F8A8354046D5E90223494688
:1069400011F0F2FB68B9C5E9028972B6D4F8A8352E
:10695000D3E90001D5E9022311F07EF9C5E9080168
:1069600062B694F87835AA3304EBC303D3E90089FF
:10697000002384F8C93584F8C835C4F8B03504F567
:10698000B66504F5EC63C4F8D8354046D5E9022372
:10699000494611F0C9FB68B9C5E9028972B6D4F855
:1069A000D835D3E90001D5E9022311F055F9C5E93D
:1069B000080162B6F9F728FA3046F8F7D9FABBF1C0
:1069C000000F69D104F59470FDF756F92046FAF7E7
:1069D00007FE2046FFF7FCFB204603B0BDE8F04F62
:1069E000FFF7C2BBAFF30080000000000020AC4006
:1069F00000408F400000B44300C0A84700D6034BBE
:106A000072B600F5D061D1E90001294B002211F0E6
:106A100023F911F0D1FBC4F8F006054611F01EFD74
:106A20002449824611F022FE11F0BEF804F5DE671B
:106A300080468946C7E902891F49504611F016FE73
:106A400011F0B2F818A3D3E90023C7E906014046C4
:106A5000494611F02BFA80468946C7E9048917494F
:106A6000504611F003FE11F09FF805EBD573C7E90E
:106A70000801002D4FEA6303B8BF0335C4F8183787
:106A8000AD1004F5D463D3E90001C4F81C57084BDA
:106A900004F5E8670022CAE62046FAF775FD2046AD
:106AA000FAF78EFD8EE700BF000000000020AC402A
:106AB000008076400000B44300C0A84700D6034BD6
:106AC00090F80A3503B1704730B5012183B080F8E2
:106AD0000A15044603F0FF05FFF7E4F8044B1B68B2
:106AE0000193019BC4F82835E57003B030BD00BFA9
:106AF00034A0FF1FFFFFFFFF2DE9F04FBA4E3568AE
:106B0000BFF35B8F15F00105BDB004462AD094F8A1
:106B10003135FBB194F8F834002B3FD1B34D2B78CD
:106B2000002B00F07781B24AB24B12681592159D86
:106B3000DFF8C4A21B68B14AB14FDAF800003D602B
:106B4000EE1A9642A5EB000528D8C72D32D83DB0E5
:106B5000BDE8F08FA54A11780029F8D013703DB038
:106B6000BDE8F08F304609F0F9FE0028CFD0A54BE4
:106B7000002730460026C3E95067C3E95267C3E9DE
:106B80005467C3E97C67C3E9C867C3F8E851C3F831
:106B9000185383F8285309F0E7FEB8E72046FDF7BD
:106BA00035FA2046FDF78CFA002384F831353DB0E4
:106BB000BDE8F08FC01A11F04DFC934911F0A2FC12
:106BC00010F0F2FF80467019894611F043FC8E499F
:106BD00011F098FC10F0E8FF04F5A863CDE9080176
:106BE00053E902017CA3D3E9002311F035F8CDE984
:106BF0000601404649460DF0FDF8CDE90A01404640
:106C000049460DF0F7F80DF0B5FACDE90C01404614
:106C100049460DF0EFF802460B4640464946CDE99D
:106C20000E230DF0E7F80DF031FBDDE90889CDE921
:106C30001001404649460DF0DDF802460B4640463D
:106C40004946CDE91223CDE908890DF0D3F80DF0BE
:106C500091FADDE9122380468946DDE9060110F04C
:106C6000FBFF42464B4610F0F7FFDDE90889CDE90E
:106C70001201404649460DF0BDF802460B4640461B
:106C80004946CDE908230DF0B5F80DF0FFFADDE92E
:106C9000082380468946DDE9060110F0DDFF424603
:106CA0004B4610F0D9FFDDE90A2380468946DDE92D
:106CB000060110F0D1FFDDE90C2310F0CDFF48A351
:106CC000D3E9002310F0C8FFDDE90E23CDE902016E
:106CD000DDE9060110F0C0FFDDE9102310F0BCFF74
:106CE0003FA3D3E9002310F0B7FF30AECDE9000198
:106CF00000223046002304F09DF918AB31461846B7
:106D0000424A04F0ABF9DDE9120135A3D3E90023CF
:106D100010F0A2FF32A3D3E90023CDE902014046DF
:106D2000494610F099FF0023CDE9000100223046CA
:106D300004F080F904F594783146344A0DF1580B8B
:106D400024A804F08BF9324640465946FCF78EFFE2
:106D500030994046FCF784FF05960290CDF810B0BC
:106D600094F815310393284611F074FB284911F06B
:106D7000C9FB10F019FF24AACDE9000118A920468B
:106D8000FEF722FD04F5AE61D1E90089179D169E3C
:106D900025F0004332464046494611F0CFF900281D
:106DA0007FF4FCAE40464946DDE930984A4628F07B
:106DB000004311F0C3F900287FF4F0AE32462B46B1
:106DC0002046FDF7F3F843464A462046FDF748F9CA
:106DD0003B68CAF80030BAE6000000A09999D93F94
:106DE000000000A046DF913F009CFF1F049CFF1F96
:106DF00034A0FF1F389FFF1F409FFF1FE093040038
:106E00003C9FFF1F089CFF1F6F12833A289CFF1FA7
:106E10006F12033B344BD3E902012DA3D3E90023C6
:106E200010F01AFF02460B4630A82146FBF798FCEB
:106E300030A803F02DFC064630A80F4603F024FCD2
:106E400032463B4600260027CDE90001CDE9046724
:106E50002648CDE9026707F07FFE30A803F014FC56
:106E600032463B4611F088F958B30FF26C09D9E964
:106E7000008930A803F00CFC064630A80F4603F04A
:106E800003FCCDE9048942464B464FF000084FF021
:106E90000009CDE9028910F029FD3246CDE9000153
:106EA0003B46124807F058FE114B12481B682493CA
:106EB000249B1149036001220B602A703DB0BDE89C
:106EC000F08F0FF21C09D9E90089D2E7AFF30080F7
:106ED000000000A046DF913F00000060FB21E9BFF9
:106EE00000000060FB21E93FF892FF1F089CFF1F94
:106EF00034A0FF1F389FFF1F409FFF1F08B509F0F8
:106F000085FBBDE8084009F081BB00BF0160704708
:106F100008B5002111200AF0FBF800210E200AF02C
:106F2000F7F8002110200AF0F3F8BDE8084000212E
:106F30000F200AF0EDB800BF2DE9F04F04460068BD
:106F400090F8F85483B035B190F84835022B4ED004
:106F500003B0BDE8F08F11200AF0CCF807460E20F0
:106F60000AF0C8F8814610200AF0C4F806460F203F
:106F70000AF0C0F878238046013BFDD111200AF0C9
:106F8000B9F883460E200AF0B5F8019010200AF0F7
:106F9000B1F882460F200AF0ADF85F45024640D0B6
:106FA000344B1D78344F56452CD0344B1A78AA42B6
:106FB0000AD020681D7015B3A5F12D01B1FA81F139
:106FC00002224909FCF7E4FF2D4B39781A788A42EE
:106FD000BED02068197069B1A1F12D01B1FA81F11B
:106FE0000222490903B0BDE8F04FFDF72BB8FDF7C9
:106FF0000DF8206803B0BDE8F04FFDF761B8FDF76C
:1070000005F8E1E79045D0D1002346453B70CCD050
:107010000EB92D233B70B8F1000FC6D12B233B7066
:10702000C3E7019B9945BBD1DFF848B04F458BF8CA
:107030000050B7D02FB1B9F1000F0ED09BF800501F
:10704000B0E701902068FEF79DFB01280CBF2B23C1
:107050002D23019A8BF80030EDE720680192FEF7AE
:1070600091FB01280CBF2D252B25019A8BF8005090
:1070700098E700BF479FFF1F469FFF1F459FFF1FC9
:10708000449FFF1F08B509F0C1FABDE8084009F0A8
:10709000BDBA00BFFFFFFFFF84B02DE9D0439AB017
:1070A00020AC84E80F000026002300272046CDE90D
:1070B0000A67CDE90C6709938DF81F3003F04AFE8B
:1070C000B3A3D3E9002310F0C7FDB54C0646D4F8AE
:1070D00028010F4610F056FDAFA3D3E9002310F0AE
:1070E00003FC32463B4611F047F8002840F0AD80E3
:1070F000D4F82C0110F046FDA7A3D3E9002310F02B
:10710000F5FB32463B4611F019F80646002840F0E0
:10711000968004F5227304F5D87220A90EA803F016
:107120004BFD0EA803F07CFF99A3D3E9002310F0D8
:1071300093FD02460B460EA8CDE90A2303F06CFF2F
:1071400093A3D3E9002310F087FD0123039309AB38
:107150000DF11F02019308ABCDE90C0102920093DF
:1071600004962EAB0CAA0AA92046FBF7B9FD00280D
:1071700071D0089810F006FD04F5E06353E902238E
:1071800010F094FE804689460998CDE90A8910F0EE
:10719000F9FC04F5EA6353E9022310F087FED4F802
:1071A0009C3606460F46CDE90C67DBB11A7C012AF6
:1071B00040F2A88072B6D86862B610F0E3FC794B52
:1071C000D3E9002310F072FE0B4694F889160246AC
:1071D000404600294AD1494610F086FBDDE90C679C
:1071E000804689464046494611F02EF8D4F8BC3610
:1071F0002F9A1060BBB11A7C012A3FD972B6D868A9
:1072000062B610F0BFFC684BD3E9002310F04EFECD
:1072100094F8A94602460B46304639460CBB10F09E
:1072200063FB06460F463046394611F00DF8309B99
:10723000186000201AB0BDE8D04304B070470820A1
:107240001AB0BDE8D04304B0704701201AB0BDE8C1
:10725000D04304B0704706201AB0BDE8D04304B054
:10726000704710F043FB06460F46DCE7494610F036
:107270003DFBDDE90C6780468946B3E772B6596885
:107280001A6812780878197A11405A7A104200F078
:1072900095809A7A02F0030209B142F0040242F0AA
:1072A00008029108013AD86899720D2AA8D801A15C
:1072B00051F822F0F3720100ED720100FF7201003B
:1072C000ED72010001720100F9720100F372010018
:1072D000F3720100F972010001720100ED72010008
:1072E000FF720100ED720100F37201000138D860F5
:1072F00086E70130D86083E70238D86080E7023043
:10730000D8607DE772B659681A6812780878197AD9
:1073100011405A7A104249D09A7A02F0030209B118
:1073200042F0040242F008029108013AD8689972CA
:107330000D2A3FF641AF01A151F822F07B73010005
:10734000757301008773010075730100B971010045
:10735000817301007B7301007B7301008173010065
:10736000B971010075730100877301007573010025
:107370007B7301000138D8601EE70130D8601BE73D
:107380000238D86018E70230D86015E7AFF3008004
:1073900000000020DCA54C40000000E0E2361A3F6F
:1073A0004093FF1FC099FF1FE099FF1F9A7A02F0D8
:1073B00003020029B8D042F00402B5E79A7A02F03D
:1073C000030200293FF46DAF42F0040269E700BFF9
:1073D00084B030B5A3B026AC84E80F000EA81A49DB
:1073E0009DF8C850FAF710F90DF1380CBCE80F0001
:1073F000EE46AEE80F009CE803008EE8030014ACF4
:10740000DDE9342326A9204603F0B2F8379B0C931C
:10741000369B0B930A950DF1600EBEE80F00EC460B
:10742000ACE80F00BEE80F00ACE80F009EE80300D8
:107430008CE8030094E80F00FFF72EFE23B0BDE8B0
:10744000304004B0704700BF4093FF1F08B509F0FB
:10745000DDF8BDE8084009F0D9B800BF08B50AF06A
:1074600041F80AF089FC0BF093F94FF47A7009F0B7
:10747000ABFE4FF0E023024AC3F80C2D08BD00BF5D
:107480000400FA050148E9F76BBD00BF0490FF1F37
:107490000148E9F78DBC00BF0490FF1F08B509F053
:1074A000B5F8BDE8084009F0B1B800BF0368184757
:1074B0000B680360704700BF0B680360704700BF34
:1074C000704700BF10B5044608F094FE204610BD7A
:1074D000434B70B50222434DC3F888202978002918
:1074E00048D0414E0023337072B6404C04F5F4632B
:1074F000D3E9000110F060FED4F89837C01AC4F840
:10750000A80762B6D4F8A837002B3BD0D4F8A83728
:1075100094F80B26002BD4BF0023012384F8B03746
:1075200094F8B0379AB3A3B32D4B0122C3F8C4200B
:107530002E48FAF721F894F8B03780F00100C0B275
:1075400063B3D4F8FC27D4F808389A4201DA00284B
:107550003DD1D4F80828C4F8FC27002384F8F83774
:10756000D4F898370133C4F89837012333700023D7
:107570002B7070BD1C49097809B1C3F88420012320
:107580002B7070BD94F8F837002BF0D0BEE7002BBD
:10759000CAD0134B0122C3F8C820C9E7D4F8FC377E
:1075A000002B09DD40B1D4F8FC370122013BC4F8BF
:1075B000FC3784F8F827D8E70023C4F8FC3784F8B0
:1075C000F837D4F89837013BC4F89837CDE7D4F8AA
:1075D000FC3701221344C4F8FC3784F8F827C4E7C9
:1075E00000F00F409C87FF1F709FFF1F4093FF1FFD
:1075F000444B70B52022444DC3F8C8202978002997
:107600004AD0424E0023337072B6414C04F50363F6
:1076100053E9020110F0D0FDD4F82038C01AC4F8A4
:10762000300862B6D4F83038002B3DD0D4F830386A
:1076300094F84B26002BD4BF0023012384F838385C
:1076400094F83838002A34D0002B34D02D4B4FF426
:1076500000525A602E48F9F78FFF94F8383880F0BE
:107660000100C0B263B3D4F88428D4F890389A42A9
:1076700001DA00283DD1D4F89028C4F884280023EA
:1076800084F88038D4F820380133C4F82038012336
:10769000337000232B7070BD1C49097809B1C3F801
:1076A000C42001232B7070BD94F88038002BF0D0DB
:1076B000BCE7002BCAD0134B4FF400529A60C9E7C5
:1076C000D4F88438002B09DD40B1D4F88438012285
:1076D000013BC4F8843884F88028D8E70023C4F834
:1076E000843884F88038D4F82038013BC4F8203836
:1076F000CDE7D4F8843801221344C4F8843884F8E0
:107700008028C4E700F00F409D87FF1F719FFF1F77
:107710004093FF1FFFFFFFFF2DE9F04F92461F46EA
:10772000D1E9102387B0CDE9022391F87030109E83
:107730000C46054613B9437E002B56D1AC4B93F84B
:107740004825042A00F06B8193F80A254AB993F87A
:107750004825012A00F0528193F84825022A00F0BA
:107760004D8193F80A35002B35D1D6E90001024648
:1077700021F00043CDE90423DDE904670022002362
:107780003046394610F0D0FC30B1DDE91423C4E9AD
:10779000142307B0BDE8F08F32463B46D4E90E0112
:1077A00010F084FB06460F4602460B46DDE9140145
:1077B00010F0E2FC002800F01481DDE912013246ED
:1077C0003B4610F0C5FC002800F00681C4E91467B0
:1077D00007B0BDE8F08FD6E90001D4E9162310F018
:1077E00085F8024621F00043C4E7D0E90289DDE9CB
:1077F00002234046494610F0A1FC58B1D6E900BC2E
:10780000DDE9022358462CF0004110F097FC0028D7
:1078100040F0A2817648FDF727F96B7E1B0600F148
:107820003B81744B0022DFF8D0B1CBE900236B7EA3
:10783000FF2B00F0F9806B7E012B00F0F580D4E97E
:107840000223DBE90089D6E90001CDE900011046F9
:10785000194610F04BF864A3D3E9002310F0FCF9AB
:1078600042464B4610F0F8F9DAE9082310F01EFB07
:10787000DDE9002310F03AF8C6E90001D6E900017D
:107880000022002310F05AFC002840F00881DDE9B6
:107890000201D6E9002310F065FC002840F05A816F
:1078A0003346D3E90023C6E900236B7E5BB2002B8D
:1078B00000F37D816B7E1A064FF0000848BFD5E9C2
:1078C00002834FF0000948BF03F10049D6E90001E7
:1078D00042464B4610F050FC08B9D6E90089C6E98B
:1078E00000896B7EFF2B03D06B7E012B7FF426AFCC
:1078F000D6E90089DDE90201424629F0004310F093
:107900001DFC002800F0F48072B6D4E9060110F0E6
:1079100053FC2369C01A206262B6D4E91423D4E967
:107920001A0110F0C3FA02460B4610F095F9D4E99B
:10793000022380468946104619460FF0D7FF0B46B2
:1079400002464946404610F0B1FA10F035FC236A71
:10795000002B8046C0F2FB8072B62069404410F0D4
:1079600011F9C4E90601C4F8208062B6236A206BCD
:1079700083EAE378A8EBE378636B23F0004110F02F
:107980001BFC002808BF012080453FF7D7AE00232D
:107990006B762B7600220023C6E9002372B6D7E966
:1079A000060110F009FC3B69C01A386262B63B6AF6
:1079B0007A6B386B22F0004183EAE377A7EBE37739
:1079C00010F0FAFB002808BF012087423FF7B6AE4F
:1079D0000748FCF7A1FFB1E6DDE91267C4E91467C7
:1079E000F6E6DDE91467E8E600000040E17A843F4E
:1079F0004093FF1F0000F03F789FFF1F6A7E002A20
:107A00003FF4AFAE6B7E5BB2002B4FF0000200F391
:107A1000C7806B7E1B0600F1C3800023AAE62A7E86
:107A2000002A7FF4A2AE8FE6D4E90223DBE90089C5
:107A3000D6E90001CDE90001104619460FF056FFC6
:107A40005FA3D3E9002310F007F942464B4610F03C
:107A500003F9DAE9082310F029FA02460B46DDE9BA
:107A600000010FF041FFC6E90001574BDBE90001BF
:107A7000002210F059FB00287BD0D6E90001DDE997
:107A8000022310F06FFB002840F08F8002ABD3E997
:107A90000023C6E90023F1E64C4B0022C3E6DDE9F2
:107AA0000223904603F100494046D6E900234946A7
:107AB00010F044FB00286DD0C6E900896B7E5BB2F4
:107AC000002B6ADC6B7E19064FF0000848BFD5E931
:107AD00002834FF0000948BF03F10049D6E90001D5
:107AE00042464B4610F034FB00287FF4F8AEF4E633
:107AF00072B6D4E9060110F05FFB2369C01A206258
:107B000062B6D4E91423D4E91A0110F0CFF9024681
:107B10000B4610F0A1F8D4E90223804689461046AE
:107B200019460FF0E3FE0B4602464946404610F068
:107B3000BDF910F041FB236A002BB8BF5B428342C2
:107B400080467FF713AF236A002BBFF605AFC8F15D
:107B5000000801E702ABA4E66B7E5BB2002B3FF7A7
:107B6000BEAE6B7E180625D44FF000084FF000091A
:107B7000B5E6DDE90223904603F100494046D6E927
:107B80000023494610F0F8FA08B1D6E90089C6E9A1
:107B9000008973E6D6E900898EE7D5E902899DE779
:107BA000D5E9022121F00043E4E533466FE7D5E94A
:107BB00002898BE609F10043994690E6AFF3008015
:107BC00000000040E17A843F0000F03F0000F0BF79
:107BD0002DE9F0410C4691F87010074616461D46F7
:107BE00029B1D4E91E23C6E9002301232B701D48C7
:107BF00090F80A1509B9BDE8F081FDF7B1FD00283C
:107C0000F9D194F87030002BF5D12B78002BF2D0FD
:107C10007B7E4FFA83F8002BEDD172B6D4E90601D2
:107C200010F0CAFA2369C31A236262B6276A636B2B
:107C3000206B002F23F00041B8BF7F4210F0BCFA48
:107C4000031E08BF01239F4206DD72B6D4E912234A
:107C5000C6E9002362B6CEE772B685F8008062B648
:107C6000C9E700BF4093FF1F2DE930488C4A8D4D76
:107C700013688AB0013328461360FDF771FD0028B0
:107C80002FD195F84835012B00F0B080864C874BFA
:107C900054E95201CDE90401009354E9540123460B
:107CA000CDE90201A4F59472A4F18801A4F5247031
:107CB000FFF732FD54E94E01CDE9040154E95001CA
:107CC0007B4A0092CDE90201A4F18803A4F1D80215
:107CD0002146A4F51870FFF71FFD95F89935002B84
:107CE0002CD07448744B50E90245CDE90845734CDB
:107CF000A0F1580108AAA0F51870FFF769FFDDE9A7
:107D00000801D4E9002310F00FFA002847D06C488E
:107D10006C4B014671E81445CDE906456A4CA0F567
:107D20002C7006AAFFF754FFDDE90601D4E9002311
:107D300010F0FAF950B10AB0BDE8308895F8C935AD
:107D40005AB2002BCDD185F84825CAE7DDE90601F6
:107D50005E4B00220FF080FF10F076FA00210546FE
:107D600010F078FDA0B95A49284610F087FD78B97F
:107D70005849284610F0C6FB4FF07C5110F0B8FA75
:107D800010F0C2FD232803D9534B1B6803B11860C0
:107D9000DDE90623C4E900230AB0BDE83088DDE947
:107DA00008014A4B00220FF057FF10F04DFA002156
:107DB000054610F04FFDA0B94549284610F05EFD7C
:107DC00078B94449284610F09DFB4FF07C5110F0E3
:107DD0008FFA10F099FD232803D9404B1B6803B19B
:107DE0001860DDE90823C4E9002390E795F8993588
:107DF000022B2DD095F89935FE2B29D095F8C93551
:107E0000022B04D095F8C935FE2B7FF43FAFD5F88F
:107E1000B035002B3FF43AAF72B6314BD3E900BC1A
:107E200095F8C9355BB2002B07DC95F8C9351B0600
:107E300032D44FF0000B4FF0000C2A4C5A4654E954
:107E4000020163460FF052FD44E9020162B61DE7EC
:107E5000D5F88035002BD1D072B6234BD3E900BCC6
:107E600095F899355BB2002B07DC95F899351A0621
:107E70000ED44FF0000B4FF0000C1C4C5A46D4E9C6
:107E8000000163460FF032FDC4E9000162B6B5E7B8
:107E90000CF100439C46F0E70CF100439C46CCE714
:107EA0007891FF1F4093FF1F509BFF1F809FFF1F74
:107EB000889FFF1F209BFF1F729FFF1F489FFF1F70
:107EC000A09BFF1F739FFF1F509FFF1F0000E03FFD
:107ED000398EE34C00001042689FFF1F609FFF1F18
:107EE0001099FF1F709BFF1FE098FF1FE09AFF1F74
:107EF00008B502460B4604A1D1E900010FF0D6FFF8
:107F000008BD00BFAFF300800000000080842E4158
:107F100070B592B0284B294E029304460D4608A82E
:107F200002A900960696FFF7C3FA21A3D3E900231E
:107F3000204629460FF090FE10F086F900210446F5
:107F400010F088FC10BB1E49204610F097FCE8B9E1
:107F50001C49204610F0D6FA4FF07C5110F0C8F9B9
:107F600010F0D2FC2328044610D90EA808A90C96BC
:107F7000FFF79EFA22460CA9134808F0CDF80C9B97
:107F80000EA8DB689847069BDB6800E00F4B08A84B
:107F90009847009B02A8DB6898470D480D490022CE
:107FA0000023C0E90023C1E9002312B070BD00BF67
:107FB00000000040E17A843F697C0100B4180300AE
:107FC000398EE34C00001042589FFF1FC17401001E
:107FD000489FFF1F509FFF1F10B54FF0E02292B047
:107FE000D2F8203D274C23F07F4343F00053C2F8E2
:107FF000203D02A9244B029308A800940694FFF7A1
:1080000057FA08A90EA80C94FFF752FA40F60F622F
:108010000CA91E4808F080F80C9B0EA8DB68984756
:10802000069B08A8DB689847009B02A8DB68984776
:10803000174B029302A908A800940694FFF738FA98
:1080400008A90EA80C94FFF733FA0CA940F60F62AA
:10805000104808F061F80C9B0EA8DB689847069B57
:1080600008A8DB689847009B02A8DB6898470A4B82
:108070000022202183F8441083F8452083F846200D
:1080800012B010BDB4180300D1740100609FFF1F2F
:10809000F1750100689FFF1F00E400E0F8B508F0EB
:1080A000B5FA0E4F0E4E08F0B1FA0E4800258024A6
:1080B0003A463146056004710BF0ACFD0A483A4679
:1080C0003146056004710BF0A5FD084804713A467D
:1080D00031460560BDE8F8400BF09CBD2087FF1FCE
:1080E000C5740100589FFF1F609FFF1F689FFF1FFF
:1080F00058492DE9F043A1FB00435B09A1FB034173
:10810000C3EB03144909A0EB8400534C1070C1EB7E
:108110000115A4FB014CA3EB85034FEA1C1C537013
:108120004E4B4F4E4F4FDFF840810CF10400A3FB44
:1081300000430CEB4C04A1EBC4019170C11A03EB9A
:1081400051039B08C3EBC303C01A431C0020D37028
:10815000014640F26D190DE0B7EBB40F46D3B8EB12
:10816000341F34BF4C464FF4B77421448C4500F1A2
:1081700001000FD35FFA80FE0EF2B27313F0030515
:1081800006FB03F4E8D040F26D1421448C4500F165
:108190000100EFD2354E82F806E0A6FB0306770910
:1081A000A5B36420F60900FB17374FF4C87000FB35
:1081B000163640F26D10ACEB010CDFF8B4E0604411
:1081C000012100230AE013F80E40844234D80C2920
:1081D000A0EB040012D001310133C9B2012B5FFAC8
:1081E00083FCF0D12DB9EFB11D2403E04FF4B77437
:1081F000BBE71C24A04229D3001BECE74FF00D0C79
:10820000013082F805C01071BDE8F083642000FBE6
:108210001737F6094FF4C87000FB16363FB14FF41C
:10822000B770C8E7002E14BF1C241D24E2E7002EFF
:10823000BFD14FF4B770BEE70CF1010C5FFA8CFCB4
:10824000013082F805C01071BDE8F0834FF0020CD8
:10825000D6E700BF89888888ABAAAAAA25499224B4
:10826000295C8FC2285C8F020AD7A3001F85EB51BF
:10827000C418030070B5084ED6E90023994208BF20
:10828000904206D005460C46044AFFF731FFC6E986
:108290000054024B587970BDA89FFF1F989FFF1F85
:1082A00070B5084ED6E90023994208BF904206D027
:1082B00005460C46044AFFF71BFFC6E90054024B73
:1082C000587870BDA89FFF1F989FFF1F70B5084E7C
:1082D000D6E90023994208BF904206D005460C46D5
:1082E000044AFFF705FFC6E90054024B187870BD39
:1082F000A89FFF1F989FFF1F70B5084ED6E9002367
:10830000994208BF904206D005460C46044AFFF742
:10831000EFFEC6E90054024B987870BDA89FFF1F7E
:10832000989FFF1F70B5084ED6E90023994208BFF9
:10833000904206D005460C46044AFFF7D9FEC6E92E
:108340000054024B187970BDA89FFF1F989FFF1F14
:1083500070B5094ED6E90023994208BF904206D075
:1083600005460C46054AFFF7C3FEC6E90054034B19
:10837000987900F2B27070BDA89FFF1F989FFF1FF1
:10838000F0B5334A8479864604FB02F2C4B1314821
:10839000314D324E04F2B27C40F2B3730CE09F07D1
:1083A00009D1B5EBB10F02D3B6EB311F03D302F500
:1083B000A83202F5C07201339C4500FB03F1EED1F7
:1083C0009EF8050001282CDD254E2649264D04F295
:1083D000B274A6FB04367709642303FB1747F6093A
:1083E0004FF4C87303FB164604F00304012308E0AE
:1083F00091F800C00133834205FB0C2201F1010119
:108400000FD0022BF4D1002CF2D10FB9002EEFD1F6
:10841000013302F51812834202F56E5201F1010197
:10842000EFD19EF801309EF80210C3EB03134FF416
:108430006164980004FB01009EF804309EF800403F
:1084400009492044013B01FB030010440021F0BD19
:108450008033E101295C8FC2285C8F020AD7A30018
:108460001F85EB51C418030080510100F0B5234D66
:10847000234E2B683268234F83B00093009B9B1AD6
:10848000B3F57A7F37D3396801312C680094009BAB
:1084900002F57A729B1AB3F57A7F084601F1010161
:1084A000F3D2326038600094174C2368834211D8AD
:1084B000164B1B6873B1984701430ED02B6801938C
:1084C000134B019A1B68326003442360114B3860E0
:1084D00002221A70002103B0F0BD0E490C4A0B783D
:1084E00038681268003B18BF012302440B7000215A
:1084F000226003B0F0BD3868D6E700BF34A0FF1F8C
:10850000909FFF1FA09FFF1F949FFF1FB09FFF1F03
:10851000A087FF1F9F9FFF1F70B5094EFFF7A6FFA3
:10852000D6E90023994208BF904206D005460C4682
:10853000044AFFF7DDFDC6E90054024B987870BD90
:10854000A89FFF1F989FFF1F70B5094EFFF78EFF72
:10855000D6E90023994208BF904206D005460C4652
:10856000044AFFF7C5FDC6E90054024B587870BDB8
:10857000A89FFF1F989FFF1F70B5094EFFF776FF5A
:10858000D6E90023994208BF904206D005460C4622
:10859000044AFFF7ADFDC6E90054024B187870BDE0
:1085A000A89FFF1F989FFF1F70B5094EFFF75EFF42
:1085B000D6E90023994208BF904206D005460C46F2
:1085C000044AFFF795FDC6E90054024B187970BDC7
:1085D000A89FFF1F989FFF1F70B5094EFFF746FF2A
:1085E000D6E90023994208BF904206D005460C46C2
:1085F000044AFFF77DFDC6E90054024B587970BD6F
:10860000A89FFF1F989FFF1F70B50A4EFFF72EFF10
:10861000D6E90023994208BF904206D005460C4691
:10862000054AFFF765FDC6E90054034B987900F24F
:10863000B27070BDA89FFF1F989FFF1F10B40A4B18
:108640000A491B680A4A0B4C1268206083B0034435
:108650000B60094B019202211970019A074B1A60B5
:1086600003B010BC704700BFA087FF1F949FFF1F7F
:1086700034A0FF1FA09FFF1F9F9FFF1F909FFF1F02
:10868000034A0449044B126808601A60FFF7EEBE03
:10869000A09FFF1FB09FFF1F949FFF1F034B044924
:1086A0001B68044A0860034413607047A09FFF1FC3
:1086B000A087FF1F949FFF1F2DE9F04F8DB0D3F8C7
:1086C00000B00293179B04901B6805915846194609
:1086D000069201930FF00CFE01460FF00BFE169B65
:1086E0000146D3F800A007460FF00CFF514606469E
:1086F00050460FF007FF31460FF0FCFD1B9C0BF0BE
:108700004BFE9D49054650460FF0FCFE51460FF0CA
:10871000F9FE314610F094F8002800F02581294632
:1087200038460FF0EFFE2946804650460FF0EAFE2D
:108730004146064640460FF0E5FE314605463046C6
:108740000FF0E0FE0146814628460FF0D3FD494672
:10875000074628460FF0CCFD39460FF087FF31461B
:10876000054630460FF0C6FD41460FF0CBFE3946B8
:108770000FF07CFF00F10043074600933946504656
:108780000FF0C0FE2946814650460FF0BBFE294639
:10879000824658460FF0B6FE49460FF0ABFD29461B
:1087A0000FF0B0FE3946039001980FF0ABFE514632
:1087B0000FF0A0FD39460FF0A5FE039B01461846B9
:1087C0000FF098FD189B00991B680793199B0246B0
:1087D0005846D3F800B01A9B1B680393029B1A609B
:1087E0000FF090FE51460FF085FD29468246019814
:1087F0000FF088FE49460FF07BFD29468146504622
:108800000FF080FE3946019048460FF07BFE019A3A
:10881000014610460FF06EFDDDF858C00099CCF807
:10882000000050460FF06EFE2946824648460FF083
:1088300069FE014650460FF05DFDDDF85CC0079B08
:10884000CCF800002946184601930FF05BFE39462C
:10885000814658460FF056FE014648460FF04AFD45
:10886000019B189F0099386018460FF04BFE29466F
:10887000074658460FF046FE014638460FF03AFDCF
:108880001999039A08601A990A60D4F80090314641
:1088900048460FF037FE67680990314638460FF0BA
:1088A00031FEA5680A90314628460FF02BFE41465E
:1088B0000B9048460FF026FE4146206038460FF0E8
:1088C00021FE4146606028460FF01CFEE568A0606E
:1088D000414628460FF016FE3146E06028460FF06C
:1088E00011FE069D014654F825000FF003FDAB0074
:1088F00030336B4444F8250053F80C1CE0680FF04B
:10890000F7FC059D049FE0600CAA02EB850354F878
:10891000270053F80C1C0FF0EDFCBB00303344F87B
:1089200027006B4454F8250053F80C1C0FF0E0FCB2
:10893000179A44F825001568199A029E14681A9A25
:1089400033681068169A1168189A12683560169D77
:108950002C60179C20601898016019990A601A9A77
:1089600013600DB0BDE8F08F044F054BDFF81480A5
:10897000054E00933D4601E77A82BA40F404353F44
:10898000F40435BF5E836C3F15EFC33E2DE9F0471D
:108990000C46014616461D4607460FF0B3FD21461C
:1089A000804620460FF0AEFD014640460FF0A2FC87
:1089B0004FF07C5181460FF0A5FD424BA3EB6908B7
:1089C000414682460FF09EFD41460FF09BFD014659
:1089D0004FF07F500FF08CFC41460FF093FD804626
:1089E000414650460FF08EFD41460FF08BFD01468B
:1089F0004FF07F500FF07CFC014640460FF082FDA7
:108A000049460FF07FFD304980460FF037FF00B92F
:108A100000242D492C6040460BF08EFD014627F0C6
:108A200000400FF067FC00210446306038460FF02C
:108A300007FF10B12B682C601C463460214620468D
:108A40000FF060FDD5F800800746414640460FF024
:108A500059FD014638460FF04DFC1A4F4FF07C513E
:108A600081460FF04FFDA7EB6907394680460FF0AE
:108A700049FD39460FF046FD01464FF07F500FF09B
:108A800037FC39460FF03EFD0746394640460FF0A9
:108A900039FD39460FF036FD01464FF07F500FF09B
:108AA00027FC014638460FF02DFD014607462046BB
:108AB0000FF028FD3060286839460FF023FD28604C
:108AC000BDE8F0879E59375FBD3786352DE9F04FF9
:108AD000A5B08B46014615461E460B920E930746DF
:108AE00008900FF00FFD3146044630460FF00AFDA6
:108AF000014620460FF0FEFB3099044608460FF071
:108B000001FD014620460FF0F5FB5946149038460A
:108B10000FF0F8FC2E99044630460FF0F3FC0146A6
:108B200020460FF0E7FB3199044630980FF0EAFC3D
:108B3000014620460FF0DEFB5946159058460FF0CF
:108B4000E1FC2E99044608460FF0DCFC0146204665
:108B50000FF0D0FB3199044608460FF0D3FC0146D4
:108B600020460FF0C7FB2946169038460FF0CAFC86
:108B70002F99044630460FF0C5FC014620460FF001
:108B8000B9FB3299044630980FF0BCFC01462046F0
:108B90000FF0B0FB2946179058460FF0B3FC2F9901
:108BA00004462E980FF0AEFC014620460FF0A2FBC3
:108BB0003299044631980FF0A5FC014620460FF08B
:108BC00099FB2946189028460FF09CFC2F990446E3
:108BD00008460FF097FC014620460FF08BFB3299B8
:108BE000044608460FF08EFC014620460FF082FB3B
:108BF00000234FF07E5219902392209321932293C9
:108C00004FF0040A0DF180090DF1640818AF17AE9A
:108C100016AD15AC14AB0222012100208DE8F00046
:108C2000CDF81490CDF81080FFF746FD14AB00226C
:108C3000022101208DE8F000CDF81490CDF81080CD
:108C4000FFF73AFD8DE8F000CDF81490CDF81080D4
:108C500014AB012200210220FFF72EFDBAF1010A18
:108C6000D8D1209E219D229C314630460FF04AFCEF
:108C70002946079028460FF045FC214680462046AD
:108C80000FF040FC2146824630460FF03BFC29465F
:108C9000814630460FF036FC21460C9028460FF0F6
:108CA00031FC239F3146064638460FF02BFC2946FF
:108CB000054638460FF026FC214684463846644671
:108CC0000FF020FC5146099040460FF013FB01467F
:108CD0000FF010FB01464FF07E500FF009FB459B53
:108CE000099A18600C9B0A921146184609930FF0D6
:108CF000FFFA01460FF0FEFA469B214618604846EF
:108D00000FF0F8FA01460FF0F5FA479B0A9A18603F
:108D1000099B114618460FF0EDFA01460FF0EAFAEA
:108D2000489B079F1860514638460FF0E3FA01460A
:108D30000FF0E0FA01464FF07E500FF0D9FA499B50
:108D40002946186030460FF0D3FA01460FF0D2FAE8
:108D50004A9B2146186048460FF0CAFA01460FF0B8
:108D6000C9FA4B9B2946186030460FF0C3FA0146FA
:108D70000FF0C0FA4C9B4146186038460FF0BAFA23
:108D800001460FF0B7FA01464FF07E500FF0B0FAEF
:108D90004D9BDDF820801860459B489A1B6809931D
:108DA00005464146184616680FF0ACFB5946044686
:108DB00030460D960FF0A6FB014620460FF09AFABA
:108DC0004B9A0B9FD2F800A0469A0446394650466B
:108DD00016680FF097FB014620460FF08BFA0790BC
:108DE000499A0C9641463046D2F800900FF08AFB23
:108DF0005946044648460FF085FB014620460FF0D1
:108E000079FA4C9AD2F80080479A044612680A927E
:108E1000394640460FF076FB014620460FF06AFACD
:108E200008994A9C07460A9826680FF06BFB59463A
:108E3000044630460FF066FB014620460FF05AFA12
:108E4000294604460B980FF05DFB014620460FF0C3
:108E500051FADDF838B00890594609980FF052FBE6
:108E60002E9904460D980FF04DFB014620460FF059
:108E700041FA2F99044650460FF044FB0146204624
:108E80000FF038FA59460E900C980FF03BFB2E99D4
:108E9000044648460FF036FB014620460FF02AFAFA
:108EA0002F99044640460FF02DFB014620460FF057
:108EB00021FA594604460A980FF024FB2E9983465E
:108EC00030460FF01FFB014658460FF013FA2946B3
:108ED00083462F980FF016FB014658460FF00AFA0A
:108EE0003099834609980FF00DFB31990B900D983E
:108EF0000FF008FB0B9B014618460FF0FBF9329967
:108F00000B9050460FF0FEFA0B9B014618460FF0EF
:108F1000F1F9309982460C980FF0F4FA0B903199E0
:108F200048460FF0EFFA0B9B014618460FF0E2F9A6
:108F30003299814640460FF0E5FA014648460FF067
:108F4000D9F9309980460A980FF0DCFA31998146B8
:108F500030460FF0D7FA014648460FF0CBF92946C4
:108F6000064632980FF0CEFA014630460FF0C2F9AD
:108F70000799814608460FF0C5FA0E9A0B921146E2
:108F8000054610460FF0BEFA014628460FF0B2F92A
:108F90005146054650460FF0B5FA014628460FF0F7
:108FA000A9F93946054638460FF0ACFA214606467F
:108FB00020460FF0A7FA014630460FF09BF94146D4
:108FC000064640460FF09EFA014630460FF092F9F1
:108FD00008990A9008460FF095FA594606465846F1
:108FE0000FF090FA014630460FF084F949460646E4
:108FF00048460FF087FA014630460FF07BF90A9990
:10900000064628460FF01CFCDDF81CC00CF100429F
:1090100096460D9229460B9A002840F0DA82099B69
:109020000A9D0D9703F10043109307F100430B9342
:1090300004F100430C9308F10043099302F100434B
:1090400007930AF100430E94CDF84880CDF83CE038
:109050000A91674614461193D046DDF828A03046A1
:1090600051460FF00BFC002824D00F9B089F08935B
:10907000479B459A1B681360479B109A1A604A9A4F
:10908000489B1168489A1B6811604A9A03F1004393
:1090900013604D9A4B9B11684B9A1B6811604D9A57
:1090A000C8465C4603F10043DDF84490DDF81CB08F
:1090B00013605646294630460FF0E0FB002840F08A
:1090C000BE82089B0B930D9B08934D9BCDF824907B
:1090D000CDF830B0DDF84890DDF838B01B684D9A17
:1090E0002146136038461AAA1BABFFF74FFCDDF888
:1090F0006CA0514650460FF0FDF851460FF002FAB1
:1091000001464FF07E500FF0F3F81A9B0A93054684
:10911000194618460FF0EEF851460FF0F3F92946BC
:10912000079038460FF0EEF92146064607980FF0F3
:10913000E9F9014630460FF0DDF83C9B08991860CC
:1091400028460FF0DFF95946064607980FF0DAF97E
:10915000014630460FF0CEF83D9B0B99186028462B
:109160000FF0D0F90C99064607980FF0CBF901469D
:1091700030460FF0BFF83E9B1860079B03F1004696
:10918000314638460FF0BEF92146074628460FF013
:10919000B9F9014638460FF0ADF83F9B08991860C1
:1091A00030460FF0AFF95946044628460FF0AAF9A9
:1091B000014620460FF09EF8409B0B991860304600
:1091C0000FF0A0F90C99044628460FF09BF90146D0
:1091D00020460FF08FF8419B449A1860429BC3F8D9
:1091E0000080439BC3F80090099B13603C9A16686B
:1091F000429A17681DAB1CAA39463046FFF7C6FBDA
:109200001D9D294628460FF075F829460FF07AF97A
:1092100001464FF07E500FF06BF81C9B08931946E7
:10922000044618460FF066F80E90014628460FF0E7
:1092300069F92146834630460FF064F95946804665
:1092400038460FF05FF9014640460FF053F83D9A5B
:10925000DDF80CC112680F9011462046DCF8008042
:109260000C920FF04FF9414681465846CDF82CB08C
:109270000FF048F9014648460FF03CF83E9A10902E
:10928000D2F80090204649460FF03CF909998346F0
:109290000B980FF037F9014658460FF02BF80B9A50
:1092A0000346304602F10046314611930FF02AF989
:1092B0002146834638460FF025F9014658460FF0FF
:1092C00019F80C9A0346314610460C930FF01AF920
:1092D0004146074620460FF015F9014638460FF083
:1092E00009F83146804648460FF00CF909990646C0
:1092F00020460FF007F9014630460EF0FBFF409A7A
:109300003F9CD2F80090D4F800B0419C0D901EAA6A
:109310001FAB2468099441464846FFF737FB1F9C62
:10932000214620460EF0E6FF21460FF0EBF80146FD
:109330004FF07E500EF0DCFF1E9B1393194606463D
:1093400018460EF0D7FF1290014620460FF0DAF8CB
:109350003C9A0F9F17603D9A109F17603E9A119F8D
:1093600017603146074658460FF0CCF839460F9043
:109370000C980FF0C7F80F9A014610460EF0BAFF8E
:109380003F9A3146106048460FF0BCF839460F90BE
:1093900040460FF0B7F80F9A014610460EF0AAFFAC
:1093A000409A3146106009980FF0ACF839460F909A
:1093B0000D980FF0A7F80F9A014610460EF09AFF8D
:1093C000419A1060584607F1004B59460FF09AF841
:1093D00031460F900C980FF095F80F9A0146104601
:1093E0000EF088FF429A5946106048460FF08AF8FE
:1093F0003146814640460FF085F8014648460EF05A
:1094000079FF439A5946106009980FF07BF831466E
:1094100080460D980FF076F8014640460EF06AFF40
:10942000449A5146106050460FF06CF801460EF019
:1094300061FF4FF07E510EF05BFF294680462846C3
:109440000FF060F801460EF055FF4FF07E510D9081
:109450000EF04EFF8146014640460FF053F8339A16
:109460002146106020460FF04DF801460EF042FFF5
:109470004FF07E510EF03CFF4FF0814106460898B8
:109480000FF040F8139B099319460FF03BF8414643
:109490000FF038F829460FF035F821460FF032F872
:1094A0003146834607980FF02DF8014658460EF0D6
:1094B00021FF349A4FF0814110600A980FF022F892
:1094C000099B0C9319460FF01DF851460FF01AF83E
:1094D00021460FF017F8414683460E980FF012F818
:1094E00029460FF00FF831460FF00CF801465846A8
:1094F0000EF0FEFE359A10600D9A4FF07E50114628
:109500000EF0F6FE02461146079809920EF0FAFF99
:10951000369A4FF0414110600A980EF0F3FF089917
:109520000EF0F0FF0C9B079319460EF0EBFF51462F
:109530000EF0E8FF29460EF0E5FF21460EF0E2FFAF
:109540003146834640460EF0DDFF014658460EF098
:10955000D1FE379A089910600A980EF0D3FF294679
:109560000EF0D0FF31460EF0CDFF079B05461946A1
:1095700050460EF0C7FF21460EF0C4FF01462846B4
:109580000EF0B8FE4FF08141054650460EF0BAFF8E
:10959000014628460EF0B6FF39460EF0A9FE389B6C
:1095A000099A1860399BDDF82CB0C3F800B0114659
:1095B00012980EF0A7FF21460EF0A4FF3A9B314609
:1095C000186048460EF09EFF3B9B186025B0BDE832
:1095D000F08F459B0C991960099B0C9203F1004197
:1095E000469BCDF824A01960079B0B93489B1968F4
:1095F000499B1868489B1860499B01F1004119601C
:109600004B9B19684C9B18684B9B18604C9B01F155
:1096100000411960459B1B6803F10043109302F160
:1096200000430E930AF10043129307F100430F9396
:1096300004F10043079308F1004311930DE5469BA5
:10964000479A46991B6812680A60479A499903F13C
:1096500000431360499B4A9A1B6812680A604A9A41
:109660004C9903F1004313604C9B4D9A1B681268A0
:109670000A6003F1004332E503A3D3E900230AF0B3
:1096800091BB00BFAFF3008000000060FB211940D8
:109690002DE970430C4615460646D2E90423D1E96C
:1096A00002010EF0D9FAD5E9022380468946D4E9B1
:1096B00004010EF0D1FA02460B46404649460EF030
:1096C00013F9C6E90001D5E90023D4E904010EF03D
:1096D000C3FAD5E9042380468946D4E900010EF097
:1096E000BBFA02460B46404649460EF0FDF8C6E975
:1096F0000201D5E90223D4E900010EF0ADFAD5E963
:10970000002380468946D4E902010EF0A5FA0246FC
:109710000B46404649460EF0E7F8C6E90401BDE8AD
:10972000708300BFF8B5D1E9002304460D46D0E9A7
:1097300000010EF091FAD5E9022306460F46D4E95E
:1097400002010EF089FA02460B46304639460EF009
:10975000CDF8D5E9042306460F46D4E904010EF0FE
:109760007BFA02460B46304639460EF0BFF8F8BD8C
:109770002DE9F04FD0E9022389B0D0E90067D1E9A3
:109780000089CDE900230C46D0E90412D4E902ABEC
:10979000CDE904123B46324630463946CDE902ABAC
:1097A0000EF05AFAD4E904AB0D460446DDE9000197
:1097B00002460B460EF050FA02460B46204629465A
:1097C0000EF094F804460D46DDE9040102460B460E
:1097D0000EF042FA02460B46204629460EF086F865
:1097E0000AF008FB4246CDE906014B464046494691
:1097F0000EF032FA04460D46DDE9020102460B4640
:109800000EF02AFA02460B46204629460EF06EF864
:10981000524604460D465B46504659460EF01CFA29
:1098200002460B46204629460EF060F80AF0E2FA9E
:10983000424604460D464B46304639460EF00CFA79
:10984000DDE9022306460F46DDE900010EF004FAC9
:1098500002460B46304639460EF048F85246064658
:109860000F465B46DDE904010EF0F6F902460B46B1
:10987000304639460EF03AF8DDE9062306460F4633
:10988000204629460EF0E8F902460B463046394696
:109890000EF00CFB09B0BDE8F04F0AF0C3B900BFF1
:1098A0002DE9F843D0E90023D0E90245D0E9046767
:1098B000194610460EF0D0F92246804689462B46BE
:1098C000204629460EF0C8F902460B464046494656
:1098D0000EF00CF8324604460D463B4630463946FB
:1098E0000EF0BAF90B460246294620460DF0FEFF5F
:1098F000BDE8F8430AF07EBA2DE9F04FD1E9004502
:1099000083B0D1E902898A46834622462B46204607
:1099100029460EF0A1F9DAE904230646CDE9002331
:109920000F4642464B46404649460EF095F90246E0
:109930000B46304639460DF0D9FFDDE900230646D7
:109940000F46104619460EF087F902460B46304680
:1099500039460DF0CBFF0AF04DFA02460B460020C7
:109960000E490EF0A3FA22462B4606460F460EF08D
:1099700073F9CBE900013246DAE902013B460EF009
:109980006BF9CBE902013246DAE904013B460EF0FD
:1099900063F9CBE9040103B0BDE8F08F0000F03FAC
:1099A0002DE9F047DDE908890446494640469246DC
:1099B0001D460AF0DFFB06460F46504629460AF0D0
:1099C000D9FB02460B46304639460EF045F9C4E94C
:1099D0000001504605F100410AF058FC02460B46D2
:1099E000304639460EF038F9C4E90201404649468E
:1099F0000AF04CFCC4E90401BDE8F08701F1480C11
:109A0000D1E90023C0E90023D1E90223C0E9022300
:109A1000D1E9042318318C4500F1180040E90223F4
:109A2000EED1704730B4A1F108031031F3E90245DB
:109A3000C0E90045D3E90645C0E90245D3E90C4534
:109A4000994200F1180040E90245EFD130BC70475F
:109A50002DE9F0478246DAE91089DAE90E34D0E9D7
:109A6000080188B0CDE9003442464B46DAE90A677E
:109A7000CDE906010EF0F0F8DAE906230446CDE957
:109A800002230D4632463B46DDE900010EF0E4F8C4
:109A900002460B46204629460DF026FFDAE90C4522
:109AA000DAE90023CDE904450EF0D6F802460B466C
:109AB0004046494690469946DDE902230EF0CCF82F
:109AC000DDE9042304460D46304639460EF0C4F85D
:109AD00002460B46204629460DF006FFDAE902232E
:109AE0000EF0BAF802460B46404649460DF0FCFE21
:109AF000DDE9022304460D46DDE900010EF0ACF875
:109B0000DDE9042306460F46DDE906010EF0A4F860
:109B100002460B46304639460DF0E6FEDAE90423EC
:109B20000EF09AF802460B46204629460DF0DEFE5E
:109B300008B0BDE8F08700BF2DE9F04F834687B03D
:109B400008468A46FFF784FF02460B4600208949F3
:109B50000EF0ACF9DAE90A3480468946DAE91001F8
:109B6000CDE90034DAE90823DAE90E67CDE902012C
:109B70000EF072F8DDE9002304460D463046394602
:109B80000EF06AF802460B46204629460DF0ACFE60
:109B900042464B460EF060F8CBE9000130463946AC
:109BA000DAE9046732463B460EF056F8DAE902235A
:109BB00004460D46DDE902010EF04EF802460B4662
:109BC000204629460DF090FE42464B460EF044F8E2
:109BD000CBE90201DDE90001DAE902230EF03CF8ED
:109BE000DAE9082304460D46304639460EF034F8CB
:109BF00002460B46204629460DF076FE42464B466D
:109C00000EF02AF8CBE90401DAE90A3418462146B5
:109C1000DAE90C23DAE91067CDE902010EF01CF84D
:109C2000DAE9062304460D46304639460EF014F8AC
:109C300002460B46204629460DF056FE42464B464C
:109C40000EF00AF8CBE90601DAE90023DAE90C455F
:109C500030463946CDE90045DAE90467CDE9042309
:109C60000DF0FAFFDDE9002304460D463046394683
:109C70000DF0F2FF02460B46204629460DF034FE59
:109C800042464B460DF0E8FFCBE908013046394625
:109C9000DAE9066732463B460DF0DEFFDDE90423D4
:109CA00004460D46DDE902010DF0D6FF02460B46E3
:109CB000204629460DF018FE42464B460DF0CCFFDB
:109CC000DAE90E34CBE90A01CDE902341A4630460E
:109CD000234639460DF0C0FFDAE9082304460D4655
:109CE000DDE900010DF0B8FF02460B46204629468B
:109CF0000DF0FAFD42464B460DF0AEFFCBE90C01EC
:109D0000DAE90223DAE90C010DF0A6FFDAE90067CF
:109D100004460D463246DDE902013B460DF09CFF4C
:109D200002460B46204629460DF0DEFD42464B46D4
:109D30000DF092FFCBE90E013046DAE908233946EF
:109D40000DF08AFFDAE9022304460D46DAE906013E
:109D50000DF082FF02460B46204629460DF0C4FD59
:109D600042464B460DF078FFCBE9100107B0BDE845
:109D7000F08F00BF0000F03F2DE9F04F85B001F1FA
:109D80004803029302F1480389460190039302F1CC
:109D9000600BDDF80C80DDF804A0A8F148064F4602
:109DA00000240025F6E80623F7E802010DF054FF31
:109DB00002460B46204629460DF098FD46450446CE
:109DC0000D46EFD106F10808D845EAE80245E4D18E
:109DD000019B18330193029B09F118099945D8D1C9
:109DE00005B0BDE8F08F00BF2DE9F04F83B0A2F1C0
:109DF00008038846A0F1080A01F1480B019302F11B
:109E00001009019E474600240025F6E90223F7E8E1
:109E100002010DF021FF02460B46204629460DF0B7
:109E200065FD4E4504460D46EFD108F11808D845AA
:109E3000EAE90245E5D103B0BDE8F08F30B40C4D3E
:109E4000002200230024C0E90045C0E90845C0E91C
:109E50001045C0E9062330BCC0E90C23C0E9022349
:109E6000C0E90E23C0E90423C0E90A23704700BFFC
:109E70000000F03F82B02DE9D043DDE9088906A952
:109E800081E80C000446494640460AF073F906464C
:109E90000F46404649460AF0F9F99DF81830012B63
:109EA00006D0022B40D00BB3BDE8D04302B07047C0
:109EB0000B460246C4E9042300220023C4E906231A
:109EC000C4E90223C4E90E23C4E90A23254B206315
:109ED00001F100410022C4E90067C4E91067C4E948
:109EE00008236163BDE8D04302B070470B460246C9
:109EF000C4E90E2300220023C4E90623C4E90C238D
:109F0000C4E90223C4E90423164BA06201F1004115
:109F10000022C4E90867C4E91067C4E90023E162CC
:109F2000BDE8D04302B070470B460246C4E90623A1
:109F30000C4BA0600022C4E9102301F10041002273
:109F40000023C4E90067C4E90867C4E90C23C4E935
:109F50000E23C4E90423C4E90A23E160BDE8D04329
:109F600002B070470000F03F2DE9F041214DB8B03C
:109F70000024CDE91445CDE91C45CDE92445171E43
:109F80004FF000044FF00005CDE91A45CDE920451A
:109F9000CDE91645CDE92245CDE91845CDE91E4567
:109FA000804624DD0C46002526AE04F1080393E824
:109FB00003008DE8030002A894E80C00FFF75AFFA5
:109FC00002AA14A93046FFF7D7FE013548223146D0
:109FD00014A806F099FBAF4204F11004E5D1482221
:109FE0003146404606F090FB38B0BDE8F08126AE21
:109FF000F5E700BF0000F03F2DE9F843D0E9048900
:10A0000004460E4617461D460022254B404649464B
:10A010000EF094F8002835D0224B002240464946E5
:10A020000EF0AAF8D8B14046494609F023FEC7E928
:10A030000001D4E90A0303F10041D4E9102309F037
:10A0400041FEC6E90001D4E9020303F10041D4E96D
:10A05000002309F037FEC5E90001BDE8F8830CA331
:10A06000D3E90023C7E9002300220023C6E9002327
:10A07000D4E90823D4E9060109F024FEC5E900016A
:10A08000BDE8F88304A3D3E90023EBE7AFF3008036
:10A0900000000060FB21F9BF00000060FB21F93FD8
:10A0A0000000F03F0000F0BF82B02DE9F04708A9A2
:10A0B00081E80C009DF82030002B68D0D0E90045E5
:10A0C000824635A3D3E90023204629460EF036F810
:10A0D00000285CD132A3D3E90023204629460DF0A5
:10A0E000BBFD31A3D3E9002306460F460DF0FEFB6E
:10A0F00002460B462EA1D1E900010DF0D7FE3246F3
:10A100003B460DF0F3FB2CA3D3E900230DF0A4FD97
:10A110000AF014F92AA3D3E9002306460F46DDE925
:10A120000A010DF0E3FB02460B4627A1D1E900012D
:10A130000DF0BCFE2C4B804689460022DDE90C0167
:10A140000DF0B4FE02460B46404649460DF084FD34
:10A1500032463B4606460F461DA1D1E900010DF0EF
:10A16000A5FE1DA3D3E900230DF0C0FB02460B465C
:10A17000304639460DF070FD19A3D3E900230DF0E8
:10A180006BFD22462B460DF0B1FBCAE90001BDE88C
:10A19000F04702B0704700BF000000E051B8AEBF0A
:10A1A00000000000DCA54C40000000E0A37014405B
:10A1B000000000A099992440000000A046DF913FD4
:10A1C00000000000001071400000000000B071406D
:10A1D00000000080EB51F03F000000E032965F3F4E
:10A1E000000000604B10333F00908F40FFFFFFFFE7
:10A1F00082B02DE9F04708A981E80C009DF82030D5
:10A20000002B69D0D0E90045824635A3D3E900236D
:10A21000204629460DF092FF00285DD132A3D3E9F4
:10A220000023204629460DF017FD31A3D3E9002372
:10A2300006460F460DF05AFB02460B462EA1D1E909
:10A2400000010DF033FE32463B460DF04FFB2CA3D0
:10A25000D3E900230DF000FD0AF070F82AA3D3E93A
:10A26000002306460F46DDE90A010DF03FFB0246DA
:10A270000B4627A1D1E900010DF018FE2A4B8046BC
:10A2800089460022DDE90C010DF010FE02460B4666
:10A29000404649460DF0E0FC32463B4606460F4636
:10A2A000002022490DF002FE1BA3D3E900230DF08C
:10A2B0001DFB02460B46304639460DF0CDFC18A377
:10A2C000D3E900230DF0C8FC02460B462046294680
:10A2D0000DF00AFBCAE90001BDE8F04702B0704783
:10A2E000000000E051B8AEBF00000000DCA54C400B
:10A2F000000000A099991140000000A0703D1D4091
:10A30000000000A046DF913F0000000000107140F7
:10A310000000000000B07140000000209A24563F69
:10A32000000000604B10333F00908F400000F03F72
:10A33000704700BF704700BF2DE9F0470D46BCB025
:10A340000646D0E9060114460DF07EFF8246D6E9A6
:10A3500004010DF079FF8146D6E902010DF074FF8A
:10A360008046D6E900010DF06FFF3BAB1F933AAB7F
:10A370001E9339AB1D9338AB1C9337AB1B9336AB95
:10A380001A9335AB199334AB189333AB179332ABA5
:10A39000169331AB159330AB14932FAB13932EABB5
:10A3A00012932DAB11932CAB10932BAB0F932AABC5
:10A3B0000E9329AB0D9328AB0C9327AB0B9326ABD5
:10A3C0000A9325AB099324AB089323AB079322ABE5
:10A3D000069321AB05930746D6E910010DF034FF33
:10A3E0000490D6E90E010DF02FFF0390D6E90C0181
:10A3F0000DF02AFF0290D6E90A010DF025FF019029
:10A40000D6E908010DF020FF53464A460090414628
:10A410003846FEF75BFB21980DF0C6FBC5E900014D
:10A4200022980DF0C1FBC5E9020123980DF0BCFB99
:10A43000C5E9040124980DF0B7FBC5E9060125988C
:10A440000DF0B2FBC5E9080126980DF0ADFBC5E99A
:10A450000A0127980DF0A8FBC5E90C0128980DF01A
:10A46000A3FBC5E90E0129980DF09EFBC5E910017B
:10A4700033980DF099FBC4E9000134980DF094FB7A
:10A48000C4E9020135980DF08FFBC4E90401369848
:10A490000DF08AFBC4E9060137980DF085FBC4E98D
:10A4A000080138980DF080FBC4E90A0139980DF0D5
:10A4B0007BFBC4E90C013A980DF076FBC4E90E0170
:10A4C0003B980DF071FBC4E910013CB0BDE8F0878A
:10A4D000C0E9022301220223027480F82030DDE962
:10A4E0000023C0E90623DDE902234FF0000C03F14D
:10A4F0000043C0E90A2380F800C070472DE9F0410D
:10A500000446904601F1100701F120050FC9BAB0C9
:10A510000DF1280C8CE80F0097E80F000EAE86E8CE
:10A520000F0095E80F000DF1480E8EE80F00614610
:10A5300016A80322FFF718FD424616A928A8FFF720
:10A540001BFC04AB06AA08A928A8FFF755FDDDE906
:10A550000401DDE90623CDE90201CDE9002320460F
:10A56000DDE9082300F066FD20463AB0BDE8F08141
:10A570002DE9F0471F46AEB00023CDE91833012383
:10A5800001F1200E164601F1100A8DF860300446E4
:10A590000FC90DF1300888E80F009AE80F000DF19F
:10A5A000400989E80F009EE80F000DF1500C8CE87F
:10A5B0000F003B4632461EA1D1E900010DF094F98F
:10A5C0009DF8D850CDE91A01042241461CA8FFF796
:10A5D000CBFC0AAB1CA808AA06A9FFF70DFDD5B94C
:10A5E000DDE90A2314A1D1E900010DF07DF9DDE9CF
:10A5F0000667DDE90889FFF73FF8CDE90089CDE975
:10A600000201049532463B46204600F021FA2046DE
:10A610002EB0BDE8F08738AB0FCB8DE80F0036AB1E
:10A620000CCB08A8FFF740FDDAE700BFAFF30080CE
:10A6300000000060FB21F93F00000060FB210940A1
:10A64000F0B595B00DF1680E04460D4616461F464E
:10A65000BEE80F00EC46ACE80F009EE8030032466F
:10A660008CE803003B46294606A8FFF781FF2046F9
:10A67000DDE9202306A900F09FFA204615B0F0BDC1
:10A68000D0E90201704700BFD0E90601704700BF62
:10A69000D0E90A0303F10041704700BFD0E90A0185
:10A6A000704700BFFFFFFFFF38B50446194610464C
:10A6B000D4E90A230DF01AF9FEF7DEFF0022002389
:10A6C00004460D460DF03AFD40B12046294606A34A
:10A6D000D3E900230DF00AF904460D462046294629
:10A6E00038BD00BFAFF3008000000060FB211940BF
:10A6F0002DE9F04FD1E900678FB00C460491059029
:10A70000834639463046CDE9062309F033FDD4E9C6
:10A7100002458046894620462946CDE9008909F050
:10A7200029FD02460B4640464946CDE902230DF07D
:10A7300093FABDA3D3E90023884621F00041814666
:10A740000DF0FCFCA0BB3046394609F09FFD0246E7
:10A750000B461E46204629461546CDE9085609F007
:10A7600095FD03460C46CDE90A3402460B462846C1
:10A7700031460DF071FA02460B46DBE904010DF09B
:10A78000B3F84A4643460DF091FBAF4B0022044616
:10A790000D460DF0D3FC064650B9AC4B00222046C6
:10A7A00029460DF0E9FC38B130460FB0BDE8F08F16
:10A7B00000200FB0BDE8F08F2046294609F05AFA74
:10A7C00002460B469AA1D1E90001CDE90C230DF018
:10A7D0008BF80B461D46049B02461446DDE9060134
:10A7E000D3E90423CDE906450DF080F802460B4677
:10A7F00082468B46204629460DF076F88CA3D3E995
:10A80000002304460D460DF0B7FCA0B10FF2282935
:10A81000D9E9008986A7D7E900672046294642463C
:10A820004B460DF061F832463B4604460D460DF0AE
:10A83000A3FC0028F1D182A3D3E9002320462946B6
:10A840000DF086FCA0B10FF2F019D9E900897CA7C0
:10A85000D7E900672046294642464B460DF046F8A8
:10A8600032463B4604460D460DF072FC0028F1D1FD
:10A8700052465B46DDE90C010DF036F86CA3D3E9D6
:10A88000002325F0004980460D460DF075FCA0B16F
:10A890000FF2A41BDBE900AB65A7D7E900674046D0
:10A8A000294652465B460DF01FF832463B4680462D
:10A8B0000D460DF061FC0028F1D161A3D3E900231E
:10A8C000404629460DF044FCA0B10FF26C1BDBE9B9
:10A8D00000AB5BA7D7E900674046294652465B4676
:10A8E0000DF004F832463B4680460D460DF030FC34
:10A8F0000028F1D1424625F00043204649460DF09C
:10A900001DFC18B9DDE90C34CDE90634DDE9066734
:10A910003046394609F02EFC04460D46304639468D
:10A9200009F0B4FCDDE900AB22462B46804689469F
:10A93000504659460DF090F9DDE9022304460D46D4
:10A94000DDE908010DF088F942464B4606460F4600
:10A95000504659460DF080F9DDE90A230DF07CF9E7
:10A9600002460B46304639460CF0BEFF22462B46C7
:10A9700009F0A8F90D4605990446D1E90023D1E96B
:10A98000020109F09FF902460B46204629460CF0C9
:10A99000ABFF27A3D3E90023804689460DF0ECFBEB
:10A9A00098B125A7D7E9006721A5D5E9004540461C
:10A9B000494632463B460CF097FF22462B468046DE
:10A9C00089460DF0D9FB0028F1D11DA3D3E900235E
:10A9D000404649460DF0BCFB98B117A5D5E90045A6
:10A9E00017A7D7E900674046494622462B460CF098
:10A9F0007DFF32463B46804689460DF0A9FB002884
:10AA0000F1D1189BC3E90089049BDDE90601D3E974
:10AA100004230CF069FF199BC3E9000101200FB06A
:10AA2000BDE8F08FAFF30080000000809997713D82
:10AA300000000060FB21094000000060FB2119407C
:10AA400000000060FB2109C00000F0BF0000F03FE3
:10AA5000F8B5044616461F460FA1D1E90001DDE90D
:10AA600008230CF041FF9DF82850FEF705FEDDE9B4
:10AA70000623C4E90623022384F8203000220123A0
:10AA8000C4E90A01C4E9026784F830502046227004
:10AA90002374F8BDAFF3008000000060FB21094083
:10AAA0002DE9F0431F46ADB00023CDE91633012355
:10AAB00001F1200E0546164601F110098DF85830B7
:10AAC0000FC90AAC84E80F0099E80F000DF13808AF
:10AAD00088E80F009EE80F000DF1480C8CE80F008D
:10AAE00032463B4614A1D1E900010CF0FDFE0422E0
:10AAF00001F10043189021461AA81993FFF734FA80
:10AB000008AB06AA04A91AA8FFF776FA0999089AC9
:10AB100001F10043CDE90223DDE906232846CDE912
:10AB20000023DDE90423FFF7D3FC28462DB0BDE860
:10AB3000F08300BFAFF3008000000060FB21F93F0D
:10AB40002DE9F0410446904601F1100701F120057E
:10AB50000FC9BAB00DF1280C8CE80F0097E80F0070
:10AB60000EAE86E80F0095E80F000DF1480E8EE856
:10AB70000F00614616A80322FFF7F6F9424616A910
:10AB800028A8FFF7F9F808AB06AA04A928A8FFF738
:10AB900033FA0999089A01F10043CDE90223DDE96E
:10ABA00006232046CDE90023DDE9042300F0ECF87C
:10ABB00020463AB0BDE8F0812DE9F04F1D46ADF5D5
:10ABC0000B7D06460C469046D5E900010022002385
:10ABD0000DF0AAFAB8B1D5E90201002200230DF068
:10ABE000A3FA80B1D5E90401002200230DF09CFAFC
:10ABF00048B1304642462146FFF7A2FF30460DF5E8
:10AC00000B7DBDE8F08F94E80F000DF1500C04F1BE
:10AC1000100B8CE80F009BE80F000DF1600A04F1A7
:10AC200020078AE80F0097E80F000DF1700E8EE8FC
:10AC30000F006146032230A8FFF796F9424630A97B
:10AC400042A8FFF799F808AB06AA04A942A8FFF7A3
:10AC5000D3F90CAB0193DDE94223CDE90E23DDE905
:10AC60004423DDE906ABCDE91023DDE946230DF1F0
:10AC70002809CDE91223CDF8009029460EA85246A6
:10AC80005B46FFF735FD00284ED06968D9F800A073
:10AC90002A680B9FDDE90C8901F10043CDE92223ED
:10ACA0000123D5E9040102248DF8903042464B4639
:10ACB0008DF880400CF01AFECDE92601D5E902039B
:10ACC000524603F100413B46CDE92A01CDE92E234E
:10ACD00020A90023042254A88DF8A0308DF8B0409C
:10ACE000FFF742F954A966A8FEF79CFE66AA42A99E
:10ACF00078A8FFF741F8DDE98023DDE9860108F057
:10AD0000E1FF544607F10045CDE904010246CDE9D3
:10AD10000089CDE902450B46304600F035F8304653
:10AD20000DF50B7DBDE8F08FDDE9082101F1004351
:10AD3000CDE90223CDE900ABDDE90423304600F084
:10AD400023F830460DF50B7DBDE8F08FD0E9020108
:10AD5000704700BFD0E90601704700BFFFFFFFFF4B
:10AD600008B5D0E90A2304A1D1E900010CF0BCFD2B
:10AD7000BDE80840FEF780BC00000060FB210940F0
:10AD8000D0E90A01704700BFC0E902230122022373
:10AD9000027480F82030DDE90023C0E90623DDE9F4
:10ADA00002234FF0000C03F10043C0E90A2380F8AE
:10ADB00000C07047FFFFFFFF2DE9F04F174601F17C
:10ADC000100901F1200504460FC9BDB00DF1300C8A
:10ADD0008CE80F0099E80F0010AE86E80F0095E8A8
:10ADE0000F000DF1500E8EE80F006146032218A8E7
:10ADF0009DF81881FFF7B8F83A4618A92AA8FEF777
:10AE0000BBFF0AAB2AA808AA06A9FFF7F5F8B8F114
:10AE1000000F1DD10B9B0A9803F1004112A3D3E947
:10AE200000230CF061FDDDE90667DDE908ABFEF704
:10AE300023FCCDE900ABCDE90201CDF8108032460C
:10AE40003B462046FFF704FE20463DB0BDE8F08FAC
:10AE500048AB0FCB8DE80F0046AB0CCB08A8FFF733
:10AE6000C7F9D7E7AFF3008000000060FB2109407D
:10AE70002DE9F04FC7B00546DDF858819DF840B187
:10AE8000D8E900A60C46174650463146002200235A
:10AE90000DF04AF9002869D0D8F80C30D8F808200D
:10AEA0000793069210461946002200230DF03CF944
:10AEB000D8E90489002862D101218DF8E810D4E98D
:10AEC000020106F1004642464B46CDE9340139966F
:10AED000D4E906014FF000080226CDF8E0A08DF875
:10AEE000C8808DF8D8600CF001FD069B4093D4E932
:10AEF0000A9A079B8DF8F88003F10043CDE93C01E5
:10AF0000052232A90EA84193CDE9449A8DF8086133
:10AF1000FFF72AF83A460EA920A8FEF72DFF0CAB42
:10AF200020A80AAA08A9FFF767F8BBF1000F41D1D2
:10AF30000D9B0C9803F1004123A3D3E900230CF0EF
:10AF4000D3FCDDE90867DDE90A89FEF795FBCDE969
:10AF50000089CDE90201CDF810B032463B462846C3
:10AF6000FFF776FD284647B0BDE8F08FD8F80830E7
:10AF70000693D8F80C300793D8E904899CE700229F
:10AF80000023404649460DF0CFF8002894D00DF537
:10AF9000A07CBCE80F006E460FC69CE803003A4652
:10AFA00086E8030028462146FFF706FF284647B0FB
:10AFB000BDE8F08F52AB0FCB8DE80F0050AB0CCB40
:10AFC0000AA8FFF715F9B3E700000060FB2109406C
:10AFD00070B596B00DF1680E229B069304460D469F
:10AFE0001646BEE80F00EC46ACE80F009EE80300F2
:10AFF00032468CE80300294608A8FFF739FF2046AF
:10B00000DDE9202308A9FFF74BFD204616B070BDEF
:10B01000D0E90201704700BFD0E90601704700BFC8
:10B02000D0E90A0303F10041704700BFD0E90A01EB
:10B03000704700BFC0E9022301220223027480F896
:10B040002030DDE90023C0E90623DDE902234FF0CB
:10B05000000CC0E90A2380F800C070472DE9F041D8
:10B060000446904601F1100701F120050FC9BAB05E
:10B070000DF1280C8CE80F0097E80F000EAE86E863
:10B080000F0095E80F000DF1480E8EE80F006146A5
:10B0900016A80322FEF768FF424616A928A8FEF765
:10B0A0006BFE06AB08AA04A928A8FEF7A5FF07991E
:10B0B000069A01F10043CDE90223DDE90823204689
:10B0C000CDE90023DDE90423FFF702FA20463AB078
:10B0D000BDE8F081D0E90201704700BFD0E9060168
:10B0E000704700BFD0E90A01704700BF2DE9F04763
:10B0F00086B0904699460E9C9DF83CA000234FF0E8
:10B10000FF3202600B60C8F80030C9F800302578C3
:10B11000202D06460F4603D114F8015F202DFBD0E9
:10B120002046BAF1000F07D00FF08AFF082853D04D
:10B13000002006B0BDE8F0870FF082FF0728F7D1A6
:10B140008DF804508DF806A004AD0DF1040A637863
:10B150008DF805300A22294650460FF00FF900F508
:10B16000FF437F33B3F5803F03D2049B534500D0A8
:10B170003060A3783A2BDBD1E3788DF81030237957
:10B180008DF811300A22002303A928468DF81230C9
:10B190000FF0F4F800F5FF437F33B3F5803F03D29F
:10B1A000039BAB4218BF386063792E2BC0D1A379C3
:10B1B000303BC8F800303368172BB9D83B683B2BBD
:10B1C000B6D8D8F80030B3F5167FB1D2D9F8003030
:10B1D0003B2BADD80120ACE763788DF804500DF11E
:10B1E000040A04AD8DF805300A2200232946504692
:10B1F0008DF806300FF0C2F800F5FF437F33B3F54A
:10B20000803F03D2049B534500D03060A3783A2B93
:10B210008ED1E3788DF8103023798DF811300A2221
:10B22000002303A928468DF812300FF0A7F800F587
:10B23000FF437F33B3F5803F03D2039BAB4218BF7C
:10B24000386063793A2B7FF473AFA3798DF80830B7
:10B2500002ADE3798DF8093003A900230A222846BC
:10B260008DF80A300FF08AF800F5FF437F33B3F50D
:10B27000803FA0D2039BAB429DD0C9F800009AE763
:10B2800070B586B0CDE90012054605AB04AA03A946
:10B2900002A8FFF72BFF044638B303980DF0DEF841
:10B2A00013490DF0E3F9064602980DF0D7F8014670
:10B2B00030460DF01FF8064604980DF0CFF80D4902
:10B2C0000DF0D4F9014630460DF014F80646059805
:10B2D0000DF0C4F808490DF0C9F9014630460DF0EB
:10B2E00009F80CF061FCC5E90001204606B070BD0C
:10B2F0000000704200001644000061452DE9F04F47
:10B3000091F80080B8F1200F89B00C460746164628
:10B310001D4604D114F8018FB8F1200FFAD0204651
:10B320000FF08EFE15B9062800F0B080092803D072
:10B33000002009B0BDE8F08F4FF0000A002E00F0A9
:10B34000AA80B8F12D0F00F0CB80B8F12B0FEFD110
:10B35000674B0022CDE9002363788DF810300DF1A2
:10B360001809A3788DF811300DF1100B00230A2273
:10B37000494658468DF812300FF000F800F5FF43AB
:10B380007F33B3F5803F8046D2D2069B5B45CFD05A
:10B390000334237803F0EF022A2A01D0DF2BC7D130
:10B3A00063788DF81830A3788DF819300A224FF0A1
:10B3B000000305A948468DF81A300EF0DFFF00F5AE
:10B3C000FF437F33B3F5803F8346B1D2059B4B45A6
:10B3D000AED01DB3BAF1000F40F08780E3783A2B6E
:10B3E00001D0272BA4D123798DF80C300DF10C0955
:10B3F00063798DF80D3005A900240A2248468DF89E
:10B400000E400EF0BBFF00F5FF437F33B3F5803FE6
:10B4100005466AD2059B4B4508BF2546002E0BBF4B
:10B4200000236FF059034FF4B4725A2243453FF79B
:10B430007FAF4245FFF67CAFBBF13B0F3FF678AFE5
:10B440003B2D3FF675AF58460DF008F829490DF031
:10B450000DF9044640460DF001F8014620460CF077
:10B4600049FF044628460CF0F9FF23490DF0FEF889
:10B47000014620460CF03EFF0CF096FBDDE9002370
:10B480000CF0EAFBC7E90001012052E74FF0010A86
:10B49000002E7FF456AF63788DF811300DF1180946
:10B4A0000DF1100BA3788DF810800A2249465846FA
:10B4B0008DF812308DF813600EF060FF00F5FF4339
:10B4C0007F33B3F5803F8046BFF432AF069B5B45C8
:10B4D0003FF42EAF064B0022CDE90023033458E79A
:10B4E000064B0022CDE9002336E7002596E700BF92
:10B4F0000000F03F00007042000061450000F0BF16
:10B500002DE9F04FD1E900378BB00646039318467A
:10B51000029227F0004142A3D3E900230CF0E6F9A0
:10B5200004460D4609F09CF9804689462046294686
:10B5300042464B460CF0D8F93B4B00220CF08CFBFA
:10B5400082468B4609F08CF902460B465046594616
:10B550000CF0CAF9DFF8D4E004460D46BEE80F004F
:10B560000DF1140CACE80F00DEF800308CF8003060
:10B57000029B204629460022B3B32B4B0CF06CFBF8
:10B5800004460D4600220023204629460CF0CCFD3F
:10B5900030B100220023504659460CF0C5FD78BB5F
:10B5A00003983946002200230CF0C8FD88BB002315
:10B5B000ADF81030494640460CF0FEFD29460346E2
:10B5C00020461C460CF0F8FD5946019050460CF000
:10B5D000F3FD2346009005A9304604AA0FF088F831
:10B5E00001200BB0BDE8F08F114B0CF035FB2E2382
:10B5F0008DF81F30312304460D468DF82230C1E707
:10B6000000220023404649460CF08EFD0028C7D09A
:10B61000CDE72D23ADF81030CCE700BFAFF30080AD
:10B62000000000E01038223F00004E40D018030018
:10B6300000002440FFFFFFFF2DE9F04FD1E9004556
:10B6400089B0064617469846002200232046294620
:10B650009DF848900CF072FD002870D156A3D3E9F4
:10B660000023204629460CF041F904460D4609F016
:10B67000F7F80CF0A1FD83460CF084FA02460B4665
:10B68000204629460CF030F94D4B00220CF0E4FA2C
:10B6900004460D4609F0E4F802460B4620462946CA
:10B6A0000CF022F9464B00220CF0D6FA0CF084FD87
:10B6B000444B03900FCB0DF1100A8AE80F00B8F14C
:10B6C000000F1BD04FF0010C2FB10CF120036B4485
:10B6D000332203F80E2CB9F1000F1CD02946204666
:10B6E0000CF06AFD039A009203465A4651463046D2
:10B6F0000EF0FEFF012009B0BDE8F08F324B0FCBFA
:10B70000D646AEE807002EF8023B1B0C4FF0000CAB
:10B710008EF80030D8E70CF120030DEB030C29461E
:10B720000CF8079C20460CF047FD5A46034651464C
:10B7300030460EF0DDFF012009B0BDE8F08F224653
:10B740002B461DA1D1E900010CF0CEF804460D46B0
:10B7500009F086F80CF030FD83460CF013FA02462F
:10B760000B46204629460CF0BFF8154B00220CF082
:10B7700073FA04460D4609F073F802460B4620465C
:10B7800029460CF0B1F80E4B00220CF065FA0CF0D3
:10B7900013FD0C4B03900FCB0DF1100A8AE80F003C
:10B7A000B8F1000FAAD02D238DF810304FF0010C06
:10B7B0008AE700BFAFF30080000000E01038223FAE
:10B7C00000004E40F4180300E41803002DE9F04196
:10B7D000074684B018461C460E4615460FF030FC4E
:10B7E000082803D0002004B0BDE8F08123788DF84C
:10B7F0000030E84663788DF801300A22002303A95F
:10B8000040468DF802300EF0B9FD00F5FF437F335E
:10B81000B3F5803F03D2039B434518BF3060A37844
:10B820002F2BDFD1E3788DF804300DF10408237954
:10B830008DF805300A22002303A940468DF8063012
:10B840000EF09CFD00F5FF437F33B3F5803F03D23C
:10B85000039B434518BF286063792F2BC2D1A3797E
:10B860008DF808300DF10808E3798DF8093003A947
:10B8700000230A2240468DF80A300EF07FFD00F5C5
:10B88000FF437F33B3F5803F03D2039B434518BF8B
:10B8900038603368013B0B2BA4D82B68013B1E2B6F
:10B8A000A0D83B68632B9DD80B2BCCBF03F5FA6364
:10B8B00003F634033B60012095E700BF30B583B049
:10B8C0000D460A2201A904460EF058FD00F500437A
:10B8D000B3F5803F06D2019BA34203D0286001202C
:10B8E00003B030BD002003B030BD00BF30B583B021
:10B8F0000D460A2201A904460EF0ECFDB0F5803F8A
:10B9000006D2019BA34203D02860012003B030BDC2
:10B91000002003B030BD00BF014B002208F042BA46
:10B920000080764038B500220A4B08F03BFA00222E
:10B93000002304460D460CF001FC38B12046294690
:10B94000044B00220BF0D2FF04460D462046294648
:10B9500038BD00BF0080764038B500220A4B08F0A1
:10B9600021FA0022002304460D460CF0E7FB38B113
:10B9700020462946044B00220BF0B8FF04460D4632
:10B980002046294638BD00BF0080764000220221B3
:10B990000280828082600273028242610276828328
:10B9A000026280F824200285C26280F8302002877B
:10B9B000C263A0F84820C264A0F858200266A0F82C
:10B9C00068200267A0F87820C0F88020A0F88820BE
:10B9D000C0F89020A0F89820C0F8A02080F8B910F6
:10B9E000A0F8BA2080F8BC20C0F8C020C0F8C4205D
:10B9F000C0F8C820C0F8CC20C0F8D020C0F8D420AF
:10BA0000A0F8A82080F8AA20704700BF38B50578B4
:10BA100004462D2D08BF013420460CF099FF2378F1
:10BA2000642202FB00F0A3F13002092A05D814F8C1
:10BA3000013FA3F13002092AF9D92E2B03D02D2D75
:10BA400008BF404238BD6378303B092BF7D8A27855
:10BA500003EB8303303A00EB4300092A98BF8018B8
:10BA60002D2D08BF404238BD70B50D4604460CF080
:10BA70006FFF1C4BA3FB00235B092B80642202FB9E
:10BA800013002278184BA2F13001092900FB03F3BF
:10BA900005D814F8012FA2F130010929F9D92E2A6D
:10BAA0000AD0124A03EB83030133A2FB03235B0892
:10BAB00000226B602A7270BD6078A0F13001092904
:10BAC00004F10104EDD8084A094E14F8010FA6FB51
:10BAD00002C2D20802FB0133A0F130010929F4D9D6
:10BAE000DFE700BF1F85EB5180969800ABAAAAAA9A
:10BAF000CDCCCCCC2DE9F04190F8A9708CB00446A7
:10BB00005FB390F8AA30A3F14102052A78D9A3F1D6
:10BB10006102052A94BF573B303B94F8AB20A2F159
:10BB200041011B010529DBB240F23B81A2F1610119
:10BB3000052994BF573A303A134494F8A820DBB251
:10BB40009A4200F0B980D4F8D03001330027C4F80D
:10BB5000D03038460CB0BDE8F08190F8BA6046B3FA
:10BB600090F8B930022B03D090F8AA20002A49D1CE
:10BB7000D4F8C450002DECD02B4604F1AA0804E000
:10BB80002D6B002DE5D0D4F8C430996AA86A0FF067
:10BB90008BF806460028DCD1EA6A94F8BA309A425B
:10BBA000D7DCEDD10F22414628460EF081FFEE731F
:10BBB000E6E700F1AA08BE4940460FF075F830B13B
:10BBC000BC4940460FF070F8002840F0EC80012698
:10BBD000D4F8C05084F8B960C4F8C4502DB9B8E79F
:10BBE0002D6BC4F8C450002DB3D0A86A41460FF0A5
:10BBF0005BF80028F4DBACD00023C4F8C430A8E71D
:10BC0000373B8AE746EA4316013E282EB0D801A307
:10BC100053F826F047BE01003BBE01002BBE0100D9
:10BC20001FBE01000FBE010051BE0100A5BE0100F4
:10BC300099BE010083BE010071BB010071BB010010
:10BC400071BB010071BB010071BB010071BB010040
:10BC500071BB010071BB010071BB010071BB010030
:10BC600071BB010071BB010071BB010071BB010020
:10BC700071BB010071BB010071BB010071BB010010
:10BC800071BB010071BB010071BB010071BB010000
:10BC900071BB010047BE010073BE01003BBE010045
:10BCA0002BBE01001FBE01000FBE010069BE0100D6
:10BCB0005FBE01008FBE0100D4F8D43094F8BC20E0
:10BCC0000133C4F8D4307AB3D4F8CC3094F8B91036
:10BCD0000133C4F8CC30002900F0F480012929D0C8
:10BCE000D4F8C450002D3FF434AFDFF8CC812B469C
:10BCF00040F201160DE00FF041F9D8F800300B9337
:10BD00000B9B2B62AE842D6B002D3FF422AFD4F839
:10BD1000C430996AA86A0EF0C7FF0346294605F1A8
:10BD20001000002BE7D014E794F8B930002B4AD06C
:10BD3000012BD5D1604E236CE36333680293029BE1
:10BD4000636433680193236DE36440F20115019B42
:10BD50002587A4F848506365002AC1D0092204F160
:10BD60001C01201D04F0D0FC092204F1280104F17B
:10BD7000100004F0C9FC33680993099B6363636E88
:10BD8000236633680493049A33680393039BE26544
:10BD9000626F2580A4F858502267E366A4F86850C3
:10BDA0009EE7373AC8E6454940460EF07DFF002839
:10BDB0003FF40EAF424940460EF076FF061E18BF14
:10BDC0000126760004E73C4D226D2B680593059B08
:10BDD000636540F20113E264A4F848302B680893CD
:10BDE000089A2B680793D4F894100798C4F88C200D
:10BDF00040F20113D4F8A420C4F89C00C4F89010B9
:10BE0000A4F88830C4F8A020A4F8983068E7A2F11C
:10BE10005702B2FA82F2520980F83020A8E600F107
:10BE20002801AA30FFF720FEA2E6A2F15302B2FADF
:10BE300082F2520980F824209AE600F11C01AA300F
:10BE4000FFF712FE94E6AA30FFF7E0FD20658FE6CB
:10BE5000302A94BF0022012280F8BC2088E6AA3054
:10BE6000FFF7D4FD606783E6AA30FFF7CFFD606679
:10BE70007EE6A2F14102B2FA82F2520980F8BC20B9
:10BE800076E6AA30FFF7C2FDC4F8840070E6AA3057
:10BE90000CF05EFD20646BE6AA30FFF7B7FDC4F836
:10BEA000A40065E6AA300CF053FDC4F894005FE6E8
:10BEB000041903000C19030034A0FF1F1419030018
:10BEC0001C190300134D2B680593059A236DE36439
:10BED00040F20116626504F11C010922A4F84860D1
:10BEE000201D04F011FC092204F1280104F11000C6
:10BEF00004F00AFC2B680A930A9B6363D4F884302D
:10BF0000C4F880302B680693069B2680E367A4F86C
:10BF1000786063E734A0FF1F38B5D0F8C830A1F1CE
:10BF20000A02013304460D46C0F8C830222A2ED832
:10BF3000DFE802F0182D2D182D2D2D2D2D2D2D2D56
:10BF40002D2D2D2D2D2D2D2D2D2D2D2D2D2D402D0E
:10BF50002D2D2D2D182D120090F8A83083F02C03D4
:10BF600080F8A83094F8BB300E2B2ED9002094F81E
:10BF7000BA30A5F12A0500220133B5FA85F56D091D
:10BF800084F8BA3084F8BB2084F8A95038BD90F802
:10BF9000BB300D2B05D8C218013380F8BB3082F8B6
:10BFA000AA1094F8A900C0B994F8A8305D4084F8AC
:10BFB000A85038BD00200223A4F8A80084F8B930A6
:10BFC000A4F8BA0084F8BC0038BD2344002283F8EA
:10BFD000AA202046FFF78EFDC9E7002038BD00BF2C
:10BFE00038B504460023806863700CF033FA0B49BF
:10BFF0000CF03CFB0546A0880CF030FA01462846C0
:10C000000CF078F90BF0D0FD247B02460B460CB106
:10C0100001F100431046194638BD00BF286B6E4E33
:10C0200038B504460023406963700CF013FA0B49DD
:10C030000CF01CFB0546208A0CF010FA014628463D
:10C040000CF058F90BF0B0FD247E02460B460CB103
:10C0500001F100431046194638BD00BF286B6E4EF3
:10C060004368064AA2FB03C26421520901FB123352
:10C0700003F5FA630022427098B270471F85EB51B6
:10C080004368074AA2FB03135B09A2FB03124FF0AC
:10C09000640C520900210CFB12334170D8B2704776
:10C0A0001F85EB514368044A0021A2FB0323417022
:10C0B000C3F34730704700BF5917B7D14368044AEC
:10C0C0000021A2FB03234170C3F38740704700BFE8
:10C0D00083DE1B4308494368084AA1FB03135B0B3B
:10C0E000A2FB031252094FF0640C00210CFB123327
:10C0F0004170D8B2704700BF5917B7D11F85EB51B7
:10C100004368074AA2FB03135B09A2FB03124FF02B
:10C11000640C520900210CFB12334170D8B27047F5
:10C120001F85EB5190F81CC04160BCF1020FC2604A
:10C1300001D18368184703F075BD00BF436810B490
:10C140001C685A682168114302682160154C164921
:10C150001460D160154C164914611160417A154A7A
:10C160005C180A3194F824C053F8214002EBCC014A
:10C1700049680C60017A5C1803EB810194F818C0DF
:10C18000CC6902EBCC0149680C60817A10BC58186C
:10C1900003EB810390F83000596B02EBC002536847
:10C1A0001960704701401F0001100038011000782D
:10C1B00000001F80D41C030043681A685968136884
:10C1C0000B431360704700BF70B4016B4A4A097992
:10C1D000D177C16A09791177016B09791177826A80
:10C1E00003462AB34168C9688A4243D9C46A006BCE
:10C1F000521A21689A620D6803F12404A5424FF097
:10C20000010259D01C68E56815F0804F0D6829D1EE
:10C210002D780E6845F0004501360E60656336499D
:10C220000079C87612B1DB6A1B79CB7670BC704797
:10C230000168324C406B0A63CC62CC6824F08044C5
:10C24000CC6004682E4924684FF0030C8C4283F8BC
:10C2500025C039D1037F4260022BC26038D170BC47
:10C26000836818472D880E6845F0004502360E6039
:10C270006563D4E7C16A0968CC8B260402F1FF30FC
:10C2800031D4C0F30E00C883CC8B186BA4B2CC821F
:10C290000468E58B2D041ED4C2F30E05E583E58BFF
:10C2A000ADB2E5820D680024013A9C6203F12404DA
:10C2B00018BF0122A542A5D11968CC6893F8244083
:10C2C00044F000444C63AAE72346114670BC18476B
:10C2D00070BC03F0A7BCE58BC2F3080605F47E45ED
:10C2E0003543E583DBE7CC8BC0F3080004F47E44E0
:10C2F0002043C883C8E700BF0080004000000FFF54
:10C3000025C1010008B50248FFF75EFF08BD00BF68
:10C31000A487FF1FFFFFFFFF2DE9F041056B0446D7
:10C32000406988460BF01EFC064640460F460BF05F
:10C3300019FC02460B46304639460BF08DFC7A4B11
:10C3400000220BF089FC74A3D3E9002306460F46B4
:10C350000BF0ACFD754B00220BF0C6FA0BF054FF4E
:10C36000C3B20F2B25F040050ED92563E26A94F87D
:10C370003B1022F01F021F2B94BF1A4342F01F02F2
:10C38000E26299B9BDE8F08145F0400564A3D3E9C4
:10C3900000232563304639460BF088FD634B0022AD
:10C3A0000BF0A2FA0BF030FFC3B2DFE76049614A3D
:10C3B000CB6BD4F8308043F48053CB63D568D3681B
:10C3C000C5F380659A014FEAC50540F1978045F0B5
:10C3D00004050C2DEFB208BF2F4640F09080564E5A
:10C3E00094F83800002104F05FFE33684FF00042FB
:10C3F000DA62C8F307425A63DA6A002AFCDA986BF9
:10C400004FF00042DA620002C8F3072280B25A639A
:10C41000DA6A002AFCDA996BC9B201435FFA88F242
:10C420004FF00040D86209025A63DA6A002AFCDA47
:10C430009B6B94F838005FFA83F848EA0108012101
:10C4400004F032FE0C2D4FEA181803D03A48394652
:10C45000FFF7B2FE3649C4F83480CB6B354AD4F8C6
:10C460002C8043F48053CB63D568D368C5F38065D3
:10C470009B014FEAC50547D545F004050C2DEFB2E9
:10C4800008BF2F4641D194F83800002104F00CFE7B
:10C4900033684FF00042DA62C8F307425A63DA6A3F
:10C4A000002AFCDA986B4FF00042DA620002C8F30F
:10C4B000072280B25A63DA6A002AFCDA996BC9B2A1
:10C4C00001435FFA88F24FF00040D86209025A63D4
:10C4D000DA6A002AFCDA9E6B94F83800F6B20E4352
:10C4E000012104F0E1FD0C2D4FEA161603D012488D
:10C4F0003946FFF761FE6663BDE8F081EFB20E4892
:10C500000C21FFF759FE6AE7EFB20B480C21FFF749
:10C5100053FEB8E7AFF3008000000000C0EB12410B
:10C520000000000040240441000040400000E03FC3
:10C530000080044000C00240A487FF1FF8B5C36A12
:10C540003F2923F4BF33054628BF3F2123F48073DE
:10C550000AB143F4803395F83B2043EA0124EC62AE
:10C5600002B9F8BD2A492B4ACB6B43F48053CB6305
:10C57000D668D368C6F380669B014FEAC60640D5ED
:10C5800046F004060C2EF7B208BF37463AD195F8AC
:10C590003800002104F088FD1F4B1B684FF000425B
:10C5A000DA62C4F307425A63DA6A002AFCDA986B4B
:10C5B0004FF00042DA620002C4F3072280B25A63ED
:10C5C000DA6A002AFCDA996BC9B2E4B201434FF08F
:10C5D0000042DA6209025C63DA6A002AFCDA9C6BC8
:10C5E00095F83800E4B20C43012104F05DFD0C2EF7
:10C5F0004FEA141403D008483946FFF7DDFD6C6399
:10C60000F8BDF7B204480C21FFF7D6FDBFE700BF25
:10C610000080044000C00240A487FF1FFF29F8B536
:10C62000056A044617DD564B4FF480721D4094F89E
:10C630003B30E2632562DBB9E26BE3682069A16904
:10C6400002FB03F300FB03F34E4AB2FBF3F319447E
:10C65000A360E161F8BD7F2958DD494B1D4094F886
:10C660003B30802245F00105E2632562002BE3D0D8
:10C670004549464ACB6B43F48053CB63D668D368B5
:10C68000C6F380669B014FEAC60649D546F004060C
:10C690000C2EF7B208BF374643D1002194F838007A
:10C6A00004F002FD3A4B1B682A0C4FF00041D9629E
:10C6B0005A63DA6A002AFCDA986B4FF00042DA62B9
:10C6C0000002C5F3072280B25A63DA6A002AFCDA54
:10C6D000996BC9B2EDB201434FF00042DA62090230
:10C6E0005D63DA6A002AFCDA9D6B94F83800EDB2DB
:10C6F0000D43012104F0D8FC0C2E4FEA151503D090
:10C7000023483946FFF758FD656395E73F290DDC5F
:10C710001F2911DD1A4B1D40202245F0030586E735
:10C72000F7B21B480C21FFF747FDB6E7144B1D403D
:10C73000402245F002057AE70F2907DC0729104B54
:10C740000ADD1D40082245F0050570E7114B2B401E
:10C75000102243F401756AE7032904DD1D40042219
:10C7600045F0060563E7012904DD1D40022245F07E
:10C7700007055CE71D40012245F0080557E700BFAB
:10C78000F0FD0F00008793030080044000C00240CA
:10C79000A487FF1FF0FF0F002DE9F84390F83B300E
:10C7A000002B00F0C380076B27F0300444F0100426
:10C7B000A7420546046359D1DFF878815E4AD36BFE
:10C7C00043F48053D3635D4BDF68DB68C7F3806756
:10C7D0009B014FEAC70743D547F004070C2FFEB271
:10C7E00008BF3E463DD195F83800002104F05CFCBE
:10C7F000D8F800304FF00042DA62C4F307425A63BF
:10C80000DA6A002AFCDA986B4FF00042DA62000222
:10C81000C4F3072280B25A63DA6A002AFCDA996B01
:10C82000C9B2E4B201434FF00042DA6209025C632C
:10C83000DA6A002AFCDA9C6B95F83800E4B20C4303
:10C84000012104F031FC0C2F4FEA141803D03948B1
:10C850003146FFF7B1FCC5F83480A00BBDE8F88382
:10C86000FEB234480C21FFF7A7FCBCE7324AD36B79
:10C8700043F48053D363A2F5E032D368D268C3F3A4
:10C88000806992014FEAC90949D549F00409B9F113
:10C890000C0F5FFA89F608BF4E4642D1DFF894804C
:10C8A00095F83800002104F0FFFBD8F800304FF075
:10C8B0000042DA62C4F307425A63DA6A002AFCDAF9
:10C8C000986BC4F3072400024FF00042DA6280B292
:10C8D0005C63DA6A002AFCDA996B07F0CF07C9B209
:10C8E00047F0100701434FF00042DA6209025F632C
:10C8F000DA6A002AFCDA9F6B95F83800FFB20F4322
:10C90000012104F0D1FBB9F10C0F4FEA171703D046
:10C9100008483146FFF750FC2C6B6F634EE75FFA17
:10C9200089F604480C21FFF747FCB7E74FF0FF30CA
:10C9300094E700BFA487FF1F0080044000C00240AE
:10C940002DE9F84390F83B30044623BB7E4F002688
:10C9500060690BF007F9236B5B0604460D4616D49D
:10C9600075A1D1E9000132463B460BF075F922462C
:10C970002B460BF09BFA754B00220BF06DF9734BB5
:10C9800000220BF069F90BF03FFCBDE8F8836CA1C5
:10C99000D1E90001E7E7076B27F0300545F02005F6
:10C9A000AF42056365D1DFF8A8816A4AD36B43F4CF
:10C9B0008053D363684BDE68DB68C6F380669A01F8
:10C9C0004FEAC6064FD546F004060C2EF7B208BF54
:10C9D000374649D194F83800002104F065FBD8F8B7
:10C9E00000304FF00042DA62C5F307425A63DA6A58
:10C9F000002AFCDA986B4FF00042DA620002C5F3BD
:10CA0000072280B25A63DA6A002AFCDA996BC9B24B
:10CA1000EDB201434FF00042DA6209025D63DA6A67
:10CA2000002AFCDA9D6B94F83800EDB20D43012129
:10CA300004F03AFB0C2E4FEA151803D0444839464F
:10CA4000FFF7BAFBC4F83480C5F384300BF08AF8E2
:10CA5000424B00220AF04AFF3B4B00220BF0FCF84D
:10CA600006460F4674E7F7B239480C21FFF7A4FBDE
:10CA7000B0E7384AD36B43F48053D363A2F5E03276
:10CA8000D368D268C3F3806991014FEAC90949D5D7
:10CA900049F00409B9F10C0F5FFA89F608BF4E4658
:10CAA00042D1DFF8AC8094F83800002104F0FCFAA1
:10CAB000D8F800304FF00042DA62C5F307425A63FB
:10CAC000DA6A002AFCDA986BC5F3072500024FF0FA
:10CAD0000042DA6280B25D63DA6A002AFCDA996B9E
:10CAE00007F0CF07C9B247F0200701434FF00042DB
:10CAF000DA6209025F63DA6A002AFCDA9F6B94F853
:10CB00003800FFB20F43012104F0CEFAB9F10C0F47
:10CB10004FEA171703D00E483146FFF74DFB256B40
:10CB2000676342E75FFA89F609480C21FFF744FB87
:10CB3000B7E700BFAFF30080000000400AD7D33F43
:10CB400000000060B81EC53F0000A03F00408F40BD
:10CB5000A487FF1F0080044000C002400000F03F97
:10CB600090F8252090F828C0036861F3061280F839
:10CB70002520426A1B684FEA0C6C4CEA12226C2199
:10CB8000184700BF90F825C090F8262010B40CF08C
:10CB90007F0C01F0010422F00702C1F342010A43B5
:10CBA0004CEAC41C046880F825C080F8262090F860
:10CBB00028102468426A090641EA122223466C21A1
:10CBC00010BC184790F826C090F8272010B40CF03D
:10CBD0007F0C01F0010422F00102C1F340010A437D
:10CBE0004CEAC41C046880F826C080F8272090F81E
:10CBF00028102468426A090641EA122223466C2161
:10CC000010BC184790F8272090F828C0036861F3FB
:10CC1000410280F82720426A1B684FEA0C6C4CEAFC
:10CC200012226C21184700BF90F828C0426A03689E
:10CC300061F3030C80F828C04FEA0C6C1B684CEAC7
:10CC400012226C21184700BF00B5036883B05B68EF
:10CC50006C219847C0F3021003B05DF804FB00BFDD
:10CC600000B5036883B05B686C219847C0F3C310BC
:10CC700003B05DF804FB00BF00B5036883B05B68D8
:10CC80006C219847C0F3C13003B05DF804FB00BFCE
:10CC900000B5036883B05B686C219847C0F34040DF
:10CCA00003B05DF804FB00BF00B5036883B05B68A8
:10CCB0006C219847C0F3036003B05DF804FB00BF2C
:10CCC00010B404680A46C1F30721246880F82610CE
:10CCD000C2F3074180F82710110E80F82810234670
:10CCE00080F8252010BC6C21184700BF90F8252043
:10CCF00090F828C0036861F3030280F82520426A97
:10CD00001B684FEA0C6C4CEA12226C21184700BFDA
:10CD100090F828C0426A036861F3041C80F828C0B8
:10CD20004FEA0C6C1B684CEA12226C21184700BFBA
:10CD300003686F215B68184710B4C27D0468C1F3B3
:10CD4000014C2468417522F0030242EA0C02C1F34F
:10CD5000072CC2752346C1F3110210BC80F816C01F
:10CD600000211847427D61F38202427510B4426986
:10CD70000468C2F31122236810BC0021184700BFC9
:10CD800010B40468246841640A462346702110BC2C
:10CD9000184700BF90F8462010B461F3820204687F
:10CDA00080F846202468426C2346702110BC184746
:10CDB000C2604FF07C5202611A4A0260827A818618
:10CDC00022F00F028272026B816980F83C3002F01F
:10CDD0007C4242F4A02242F490620263026A02F4AE
:10CDE0007E420262426A30B40F4D002401F47001A9
:10CDF00002F0800244600481846344758475C475C4
:10CE00008462816195F90040C1694262C26A9C42B4
:10CE100001F4704102F0FE02B8BF2B70C16130BC5A
:10CE2000C2627047301A0300B49FFF1F90F83400AD
:10CE300004F03AB9836B03B17047294A29492A485B
:10CE400030B4146802E00133172B46D031F8022BBE
:10CE5000B0FBF2F29442F6D3244A254952F823302B
:10CE6000CC7A1A0902F4706223F47043134343F03E
:10CE70007850D4B172B6CA7AD50708D54FF0E02CF5
:10CE8000CD68DCF880412C40CCF880418C6194075F
:10CE900008D54FF0E02C0D69DCF884412C40CCF82B
:10CEA0008441CC6152070ED462B60A68D1688142CF
:10CEB00007D0104C1049146043F0FC43D06013615C
:10CEC000116030BC70474FF0E0244D69D4F88821E0
:10CED0002A400A62C4F88821E6E71623BCE700BFAF
:10CEE000DC87FF1F24190300005125025419030099
:10CEF000A487FF1F01403F0000003F80836B03B108
:10CF000070470D4AD37A002BFAD0D80704D54FF0DA
:10CF1000E0219069C1F80001990704D54FF0E021A4
:10CF2000D069C1F804015B07EAD54FF0E023126A2B
:10CF3000C3F80821E4E700BFA487FF1F806B0B46FE
:10CF400008B100F0CBBD064A12684FF00041D16233
:10CF50005363D36A002BFCDA906BC0B2704700BFFA
:10CF6000A487FF1F2DE9F04105460F46FFF762FF3A
:10CF700000212846FFF75AFF39462846FFF7DEFF13
:10CF8000042400212846FFF7D9FF631E13F0FF0495
:10CF9000F7D195F93C30012B4FF001060EDD052449
:10CFA00000212846FFF7CAFF631E13F0FF04F7D1E4
:10CFB00095F93C30013676B2B342F0DC01212846C7
:10CFC000FFF734FF1823013BFDD1DFF880800021FB
:10CFD0002846FFF72BFF98F90030B3420EDD0524F9
:10CFE00000212846FFF7AAFF631E13F0FF04F7D1C4
:10CFF00098F90030013676B2B342F0DC3946284663
:10D00000FFF79CFF002128752846FFF797FF0021B6
:10D0100004462846FFF792FF2402044300212846D5
:10D02000FFF78CFF2402002104432846FFF786FF08
:10D030002402034628461C43FFF760FF28460121CF
:10D04000FFF7F4FE2046BDE8F08100BFB49FFF1F4C
:10D0500070B5054614460E46FFF7ECFE0021284643
:10D06000FFF7E4FE46F080012846FFF767FF210E38
:10D0700028752846FFF762FFC4F307412846FFF7EB
:10D080005DFFC4F307212846FFF758FFE1B22846A9
:10D09000FFF754FF95F93C30012B0FDD01260524E5
:10D0A00000212846FFF74AFF631E13F0FF04F7D163
:10D0B00095F93C30013676B2B342F0DC2846FFF7F2
:10D0C0001DFF01212846FFF7B1FE70BD10B4827E1E
:10D0D0000468C1F3034C2468018322F00F0242EA82
:10D0E0000C0282762346C1F3130210BC14211847A8
:10D0F00010B4427F0468C1F3034C2468C17622F067
:10D100000F0242EA0C02C1F3072C42772346C1F317
:10D11000130210BC80F81CC015211847038C02684C
:10D1200023F4FF7310B423F00103C1F30844234335
:10D130001468C183038421F07E4223462D2110BC54
:10D14000184700BF10B490F824200468C1F3064CBF
:10D150002468418422F07F0242EA0C0280F82420F5
:10D160002346C1F3160210BC3321184710B40468DB
:10D17000C1F30722246880F82E20C1F3074280F80B
:10D180002D1080F82F20234621F07F4210BC6E2105
:10D19000184700BF10B50446FFF70AFE0D4921608D
:10D1A000502184F8251041210A2084F827100621F7
:10D1B000094AE07184F83D1001204FF48371074B58
:10D1C00084F82600E1871020226484F82800636434
:10D1D000204610BD6C1A0300000408001E000CC499
:10D1E00038B50C4605462049C0680BF08BF90BF0AA
:10D1F0008BFB42F6415382B203FB02F2120A1B4B35
:10D2000002FB04FC1F2101FB0332BCFBF2F2FF2AEC
:10D2100002F1FF3408D87F2A9CBF01F1FF31C9B267
:10D220007E2CF0D9D3B201E000231A461F292868CA
:10D2300085F8433028BF1F2103680C4628460B2180
:10D2400098472146284600F003FC20460BF006F9DB
:10D2500029690BF057F90BF057FBC1B22846BDE81E
:10D26000384000F0E7BB00BF00FF7F47FE440100ED
:10D270000A46016880F843200B680B21184700BF5D
:10D28000F8B5836B044642EA4145CBB190F82600DD
:10D29000002103F009FFC5F30741A06B00F01EFC5D
:10D2A000C5F30721A06B00F019FCA06BE9B200F0F8
:10D2B00015FC94F826000121BDE8F84003F0F4BE07
:10D2C000066B4549454803E00133172B00F0818088
:10D2D00031F8022BB0FBF2F29642F5D3404A414EB0
:10D2E00052F823301A0902F4706223F47043134396
:10D2F000F27A43F078511AB372B6F27AD70708D5AA
:10D300004FF0E02CF768DCF880013840CCF8800161
:10D31000B061900708D54FF0E02C3769DCF8840144
:10D320003840CCF88401F061570708D54FF0E02071
:10D330007769D0F888213A40C0F88821326262B615
:10D340003268D068884207D043F0FC43264810601A
:10D35000D1601361254B136094F82600002103F07F
:10D36000A3FE33684FF00042DA62C5F307425A6306
:10D37000DA6A002AFCDA4FF00042996BDA62C5F3F0
:10D3800007225A63DA6A002AFCDA4FF00042EDB253
:10D39000996BDA625D63DA6A002AFCDAF27A9B6BD7
:10D3A000002A86D0D00704D54FF0E023B169C3F836
:10D3B0000011910704D54FF0E023F169C3F804117F
:10D3C00053077FF576AF4FF0E023326AC3F80821A8
:10D3D0006FE7162382E700BF2419030000512502DE
:10D3E00054190300A487FF1F01403F0000003F8045
:10D3F00070B5044608460BF031F81B490BF082F873
:10D400001A490BF033F9A16A06460BF07BF818496C
:10D410000BF02CF94FF07E510AF06AFF0BF074FA12
:10D42000C5B20F2D1AD80121204600F087FAA16A53
:10D4300030460BF067F80F490BF018F94FF07E51AA
:10D440000AF056FF0BF060FAC5B21F2D29462046A0
:10D4500028BF1F21BDE8704000F008BB0021204616
:10D4600000F06CFAF1E700BFD504354200007A44C1
:10D4700052B89E3EC3F5283E202914D820291FD833
:10D48000DFE801F01F1E221E251E1E1E281E1E1E66
:10D490001E1E1E1E2B1E1E1E1E1E1E1E1E1E1E1E9F
:10D4A0001E1E1E1E2E0080291DD0B1F5807F02D1C8
:10D4B000002100F055BA402918D1022100F050BADD
:10D4C0007047082100F04CBA072100F049BA062144
:10D4D00000F046BA052100F043BA042100F040BA3A
:10D4E000032100F03DBA012100F03ABA704700BFB5
:10D4F00038B5044600F02EFBB4F84030E28F94F8C3
:10D50000421094F874C0244D256023F4716322F412
:10D51000E16223F00F0343F4806322F0070221F05D
:10D520003F0142F48372A4F840300123E28784F87B
:10D53000653041F00802A4F8703094F8671084F860
:10D54000263010232CF00F0C84F8422084F8283069
:10D55000124A94F83D3084F874C021F003014FF072
:10D560000A0C62640622002084F807C084F8671061
:10D570004FF0500C412162F30303A4F8720084F8C9
:10D580006600A4F86E0084F825C084F827102046B1
:10D5900084F83D3038BD00BFA81A03001E000CC43B
:10D5A000416870B50446C1F3130100F031FAE17926
:10D5B000204600F089F9A1682046C1F3130100F06C
:10D5C0008DF961692046C1F31121FFF7B5FBA1690F
:10D5D0002046C1F31301FFF779FDA38BE17EC3F36E
:10D5E0000B0341EA03212046FFF782FD238CE18BE8
:10D5F000C3F3080341EA03412046FFF78FFD94F887
:10D600002430618C03F07F0341EA03412046FFF799
:10D6100099FD94F82830616A1B0643EA11212046DF
:10D62000FFF74EFB94F82C30A16A03F001031B06B0
:10D6300043EA1121204600F063F9E16A2046090A15
:10D64000FFF794FD616C2046FFF79AFBE16B2046E3
:10D65000C1F3122100F018FA216C2046C1F3150124
:10D6600000F0B0F994F843102046FFF701FEB4F83B
:10D6700048102046C1F30B0100F0A4FA94F84A10B8
:10D68000204601F0010100F0ADFA94F84B30E16C56
:10D69000204643EA012100F0B3FA94F84F102046E7
:10D6A00001F0030100F0C2FA216D204600F0CEFA2D
:10D6B000616D2046C1F3110100F0CEFA94F85730A5
:10D6C00094F85810204643EA012100F0DBFAA16DDE
:10D6D0002046C1F3132100F0E3FAB4F85C102046B1
:10D6E00000F0F8FA94F86030B4F85E1003F07F03AD
:10D6F00041EA0341204600F0F7FA216E2046C1F3CB
:10D700000F2100F007FB94F8633094F86410204672
:10D7100043EA012100F00CFB616E2046C1F31121A8
:10D7200000F014FBB4F86810204600F033FBB4F8A6
:10D730006A102046C1F30B0100F0C0F9B4F86C1078
:10D740002046C1F30A0100F053F9B4F86E30B4F882
:10D750007010204643EA014100F026FB216894F84E
:10D7600074300D68B4F8722003F00F0342EA0342EC
:10D7700020462B463D21BDE87040184770B5044651
:10D7800008460AF06BFE25490AF0BCFE24490AF05F
:10D790006DFF24490646E0680AF0ACFD31460AF008
:10D7A000B1FE21490AF062FF4FF07E510AF0A0FD60
:10D7B0000BF0AAF8C5B20F2D236829D89B68012168
:10D7C000204698471749E0680AF094FD31460AF070
:10D7D00099FE16490AF04AFF4FF07E510AF088FD83
:10D7E0000BF092F8C5B21F2D28BF1F2529462046F1
:10D7F00000F02EF928460AF031FE21690AF082FE77
:10D800000BF082F8C1B22046BDE8704000F012B9BA
:10D810009B68002120469847E5E700BFD5043542C4
:10D8200000007A440AD7A33C6666A63EEC51383E17
:10D83000202914D8202921D8DFE801F02120252033
:10D84000292020202D2020202020202031202020B1
:10D85000202020202020202020202020350080296A
:10D8600025D0B1F5807F03D1036800215B6A18479A
:10D87000402920D1036802215B6A1847704702687B
:10D880000821526A104702680721526A104702684D
:10D890000621526A104702680521526A1047026841
:10D8A0000421526A104702680321526A1047036834
:10D8B00001215B6A1847704708B5036801215B685E
:10D8C000984700F0010008BD10B404682468C171D5
:10D8D0000A462346112110BC184700BF10B4827AB3
:10D8E0000468C1F3034C2468018122F00F0242EA6C
:10D8F0000C0282722346C1F3130210BC1321184795
:10D9000090F82C2010B40468C1F3006C22F00102DE
:10D91000246880F8291042EA0C0280F82C20C1F318
:10D92000072CC1F3074280F82B20234621F07E42CA
:10D9300010BC80F82AC06D21184700BF427D90F8C6
:10D9400018C061F38612427542694FEA0C6C4CEACA
:10D9500012220721FFF794BC407DC009704700BF29
:10D96000F8B504460F46FFF7F7FF00B1F8BD63793D
:10D97000257A67F303036371636806462D06204624
:10D9800045EA1325FFF7E8FFC5F307220146C5F373
:10D99000074358B1E3702B0EA270657023712A46BD
:10D9A00031462046BDE8F840FFF76ABCE3712B0E14
:10D9B000A271657123722A462046BDE8F840FFF740
:10D9C0005FBC00BF10B490F842200468C1F3054C5E
:10D9D0002468A0F8401022F03F0242EA0C0280F8CE
:10D9E00042202346C1F3150210BC0A21184700BF8C
:10D9F00010B40468B0F86C20246861F30A02A0F83F
:10DA00006C202346C1F30A0210BC3821184700BF1E
:10DA100010B482790468C1F3034C2468818022F039
:10DA20000F0242EA0C0282712346C1F3130210BCBA
:10DA300010211847027961F30402027110B44268A0
:10DA40000468C2F31302236810BC1021184700BFFA
:10DA5000427961F30402427110B442680468C2F36F
:10DA60001302236810BC1021184700BF427C90F8B5
:10DA700014C061F30402427402694FEA0C6C4CEA70
:10DA800012220621FFF7FCBB10B490F83F20046877
:10DA9000C1F3024C246880F83D1022F0070242EAEC
:10DAA0000C02C1F3072C80F83F202346C1F3120279
:10DAB00010BC80F83EC00921184700BF10B40468AC
:10DAC000B0F86A20246861F30B02A0F86A202346AC
:10DAD000C1F30B0210BC3421184700BFF8B505464E
:10DAE0000E460079002103F0DFFA0724002746FAEA
:10DAF00004F313F001034FF00101287808BF194621
:10DB000003F0D2FA0121287903F0CEFAA87803F0C5
:10DB1000F1FA031E18BF0123A3403B4328790021DB
:10DB2000DFB203F0C1FA013CE1D1F3074CBF0121A0
:10DB30002146287803F0B8FA2879012103F0B4FAD5
:10DB4000A87803F0D7FA00280CBF384647F0010048
:10DB5000F8BD00BF38B50446FFF71CFBA06C164BA0
:10DB6000626DE16C034043F4803302F47C02A364F1
:10DB70006265A36D226E1148206001F07C4103F0C4
:10DB8000704302F08002E164A365616EE36E226679
:10DB9000A26E002501F07C4102F0704203F478434C
:10DBA0000120E366E565064B6166A266A4F8700095
:10DBB00025652046636438BD00F0FE00E41A0300CA
:10DBC00080040500C1F30B020168B0F848C010B42E
:10DBD0000C6862F30B0C2346A0F848C010BC03216C
:10DBE000184700BF0A46016890F84AC010B40C6894
:10DBF00062F3000C234680F84AC010BC0421184789
:10DC000010B404680A46C1F30721246880F84C1058
:10DC1000C2F3074180F84D10110E80F84E102346D4
:10DC200080F84B2010BC0521184700BF01F003020B
:10DC3000016890F84FC010B40C6862F3010C2346E1
:10DC400080F84FC010BC2021184700BF03680A4667
:10DC50001B682121184700BF10B490F856200468B3
:10DC6000C1F3014C2468A0F8541022F0030242EAE8
:10DC70000C0280F856202346C1F3110210BC232168
:10DC8000184700BF10B4046824680A46090A80F8DF
:10DC90005810234680F8572010BC2421184700BF95
:10DCA00010B490F85B200468C1F3034C246880F83A
:10DCB000591022F00F0242EA0C02C1F3072C80F83F
:10DCC0005B202346C1F3130210BC80F85AC0252103
:10DCD000184700BF10B404682468A0F85C100A4616
:10DCE0002346262110BC184710B490F86020046821
:10DCF000C1F3064C2468A0F85E1022F07F0242EACD
:10DD00000C0280F860202346C1F3160210BC2721C4
:10DD1000184700BF10B4046824680A46090A80F84E
:10DD20006210234680F8612010BC2821184700BFEC
:10DD300010B4046824680A46090A80F8641023466F
:10DD400080F8632010BC2A21184700BF70B5044634
:10DD50000D4629B9036820215B689847C0B2C0B15D
:10DD600094F867302268C5F30140166884F865505E
:10DD700023F00303C5F30721034384F8661084F8F6
:10DD80006730C5F31102204633462B21BDE87040B1
:10DD9000184770BD10B404682468A0F868100A46DB
:10DDA00023462C2110BC184710B4046824680A4686
:10DDB000090CA0F870102346A0F86E2010BC3A2180
:10DDC000184700BFFFFFFFFF2DE9F04FADF5477D7E
:10DDD00014468046302218468B4600210A930CF0E8
:10DDE00069FD0021631E651DC4F101020846D418B7
:10DDF00013F8011F19B10CA941F820400130AB42C2
:10DE0000F5D109900446002800F0EC8036AB0CAA4E
:10DE10000DF1480E06939C460792CDF820E00023B2
:10DE2000002600279C4240F3DA8011680BEBC10109
:10DE3000D1E90001EEE80201DDF81C90E246002580
:10DE400013E0AC4213DD116801EB410108EB011056
:10DE5000D9F8001000EBC101D1E900010135062D10
:10DE6000EAE8020109F1040908D09C42E9DCAB426E
:10DE70000DBF8D49304639460020EFE70133062BB0
:10DE800002F104020CF1300CCCD14FF4907200215D
:10DE90007EA80CF00FFD7EAB0B9302930023019341
:10DEA000019A7EA9C2EBC20301EBC30304938AABC0
:10DEB0000593029B03F10808134601330393019B6A
:10DEC0008B464FF00009069900919945D1E900452C
:10DED0000DF50A7A2BD0DBE900232046294609F00C
:10DEE000E5FF039B09F10109994548E9020133D097
:10DEF000009B029EF3E9024557460093F7E8022390
:10DF0000F6E8020109F0A8FE02460B462046294623
:10DF100009F0EAFC464504460D46EFD1019B9945C0
:10DF20000BF1380B0AF1300A08F10808D3D15CA3D1
:10DF3000D3E90023204629460AF00AF9002851D1E6
:10DF40002046294605F056FF049BC3E90001039BC8
:10DF500009F101099945CBD1069BCDF804903033E6
:10DF60000693029B303302934B46062B98D1DDE992
:10DF700012457EAB00930DF1A8094FF0000B009BFA
:10DF80002046D3E90023294609F090FF0BF1010B4D
:10DF9000CA46BBF1060FEAE8020128D0089B059F9C
:10DFA000F3E902452AAE0893B046D6E90023F7E824
:10DFB000020109F051FE02460B462046294609F0AF
:10DFC00093FCC84506F1080604460D46ECD1009BBB
:10DFD00038330093059B30330593D146CFE7304665
:10DFE000394627E700200DF5477DBDE8F08F36ABB9
:10DFF00001930DF1A0080423DDF82CA00093C14685
:10E00000019B73E90245BBF1060F01933DD01EABA6
:10E010000AF58C7702934E46F6E90223F7E90C01E4
:10E0200009F01AFE02460B462046294609F05CFC20
:10E03000B04504460D46EFD1DAE9462309F036FF34
:10E04000009B0133C9E9000109D0009B013B0BF1A2
:10E05000FF3B0093AAF1380AA9F10809D0E7DDF8DF
:10E0600008A0099807990A9E0022FAE8024551F88B
:10E07000043B013206EBC3039042C3E90045F4DCE4
:10E0800001200DF5477DBDE8F08FDAE946232046F3
:10E09000294609F00BFFC9E90001D6E7AFF300807C
:10E0A000000000E05D72323C0000F03F2DE9F04FCF
:10E0B0008DB00A93DDE91634DDF860A00190CDE95A
:10E0C0000234DAE90045089200230022204629465E
:10E0D0000AF02AF8E8B1DAE90267002200233046A4
:10E0E00039460AF021F8DAE90489B0B100220023A8
:10E0F000404649460AF018F878B1DDE90201089A6D
:10E100000A9BCDE9160101980DB0BDE8F04FFBF771
:10E1100047BCDAE90489DAE90267DDE9020142462F
:10E120004B4609F0E3FB804689462046294606F027
:10E1300021F802460B462046294614461D4606F0A5
:10E14000A5F8CDE904013046394606F013F88246B9
:10E150008B463046394606F099F8CDE9060140462F
:10E16000494606F007F802460B46404649469046A7
:10E17000994606F08BF8424606460F464B46204627
:10E18000294609F069FD3246804689463B462046CD
:10E19000294609F061FD524606460F465B46DDE919
:10E1A000040109F059FD324604460D463B46DDE9BF
:10E1B000060109F051FD02460B462046294609F0AA
:10E1C00093FB089D0A9C02460B4628462146CDE952
:10E1D000082305F0CFFF04F10043CDE902012846F2
:10E1E000194606F053F8424604460D464B46DDE913
:10E1F000020109F031FDDDE90823CDE90A012046DD
:10E20000294609F029FD02460B46DDE90A0109F01D
:10E210006BFB019B4246C3E900014B462046294661
:10E2200009F01AFDDDE9082304460D46DDE9020187
:10E2300009F012FD02460B462046294609F056FB1E
:10E24000DDF80480C8E90201DDE90623DDE9040107
:10E2500009F002FD324604460D463B4650465946FB
:10E2600009F0FAFC02460B462046294609F03EFB1F
:10E27000C8E904010DB0BDE8F08F00BFF8B5044651
:10E280000F46D0E9080116461D4609F0DDFF38604B
:10E29000D4E90A0109F0D8FF3060D4E90C0109F093
:10E2A000D3FF2860D4E90E0109F0CEFF069B186069
:10E2B000D4E9100109F0C8FF079B1860D4E91201E6
:10E2C00009F0C2FF089B1860D4E9140109F0BCFFF3
:10E2D000099B1860D4E9160109F0B6FF0A9B186083
:10E2E000D4E9180109F0B0FF0B9B1860F8BD00BF1E
:10E2F00070B50446084616461D4609F055FCC4E9AB
:10E300000801304609F050FCC4E90A01284609F02A
:10E310004BFCC4E90C01049809F046FCC4E90E0169
:10E32000059809F041FCC4E91001069809F03CFC8D
:10E33000C4E91201079809F037FCC4E914010898F0
:10E3400009F032FCC4E91601099809F02DFC0022FD
:10E35000012384F8E821C4E9180184F8EA3170BD8A
:10E3600000F120016830FBF7E7BB00BFFFFFFFFFB4
:10E370002DE9F0471F4686B090F8EA319DF83850F5
:10E3800023B90020002106B0BDE8F0871646D0E989
:10E390001E23CDE90023D0E92423CDE90223D0E9CF
:10E3A0002A236846CDE90423FBF77AFA66A3D3E96A
:10E3B00000238046894609F0C1FE0028E1D16C4661
:10E3C0000DF1180AD4E9000142464B4609F06EFDF2
:10E3D000E4E802015445F5D1012D5DD0022D1FD096
:10E3E000002DCED1DDE9004500220023204629463C
:10E3F00009F09AFE002870D122462B46DDE9020181
:10E4000009F054FD05F020FD534B002209F024FCD7
:10E410004FA3D3E9002309F049FD06B0BDE8F0871A
:10E420003046394605F0A6FE04460D4630463946CC
:10E4300005F02CFFDDE9002306460F46204629465D
:10E4400009F00AFC002204460D460023DDE9020122
:10E4500009F002FC02460B462046294609F046FA1E
:10E46000DDE9042304460D463046394609F0F4FB45
:10E4700002460B462046294609F038FA374B00225F
:10E4800004460D4609F078FEE0B1344D00242046E4
:10E49000294605F0C7FBB7E7DDE900450022002368
:10E4A0002046294609F040FE08BB22462B46DDE9FE
:10E4B000040109F0FBFC05F0C7FC32463B4609F0BD
:10E4C00013FAA1E7264B00222046294609F036FE22
:10E4D0000028DCD0224D0024D9E7DDE9020100222A
:10E4E000002309F049FED8B11E4900204BE7002265
:10E4F0000023DDE9040109F03FFE174B002290B133
:10E500003046394609F0A8FB11A3D3E9002309F0EE
:10E51000CDFC02460B460020124909F0E5F932E72E
:10E52000114900202FE73046394609F095FB08A332
:10E53000D3E9002309F0BAFC02460B4600200A4941
:10E5400009F0D2F91FE700BF000000A0AF03D23CE2
:10E5500000000060FB210940008066400000F03FA1
:10E560000000F0BF00805640008056C02DE9F04FFB
:10E5700000F5AC75ADF5017D044629464C48DFF841
:10E5800034A1DFF834B1FBF7D5FE02A82946FBF72A
:10E5900049FA04F5D07502A94848FBF7CBFE294695
:10E5A0004748FBF7C7FE14A82946FBF73BFA14A916
:10E5B0004448FBF7BFFE14A926A8FBF7BDFA26A91D
:10E5C0004148FBF7B7FE26AA14A938A804F1200693
:10E5D000FBF7D2FB38A95046FBF7ACFE26AA02A9EE
:10E5E000304604F16805FBF7C7FB31463748FBF7B7
:10E5F000A1FE31462846FBF79FFA29465846FBF70D
:10E6000099FE2A46314638A8FBF7B6FB04F1B0075D
:10E6100038A9F8345046FBF78DFE22462846394685
:10E62000FBF78AFE39462A48FBF784FE2146294833
:10E63000FBF780FE3846FBF70BFA804620468946FA
:10E64000FBF706FA02460B465CA82146CDE90023FB
:10E65000FBF7E8F96EA8FBF7F1FBDDE90023404684
:10E66000494609F0F9FACDE97E016EA91A48FBF78F
:10E6700061FE5CAA6EA94AA8FBF77EFB4AAA39464E
:10E680002846FBF779FB29465846FBF753FE2946F7
:10E690003046FBF7C7F92A46314638A8FBF76CFB32
:10E6A00038A95046FBF746FE0DF5017DBDE8F08F19
:10E6B000181B03003C1B0300441B0300201B03002A
:10E6C000281B0300301B0300381B030068170300DE
:10E6D0004C1B0300501B0300541B030038B500F50E
:10E6E000E875044600F5DC7200F5D0712846FAF7AB
:10E6F000CFFF29462846FBF7FFF829460E4804F5C8
:10E70000C475FBF715FE04F5B87204F5AC71284624
:10E71000FAF7BEFF29462846FBF7EEF829460748D8
:10E72000FBF706FE2046FFF721FF0023012084F8B7
:10E73000E83184F8EA0138BD5C1B0300641B030068
:10E7400090F8E911012940F287802DE9F04F9FB040
:10E7500000210546CDE90C230020DDE92834CDE970
:10E760001001CDE91201CDE91401CDE91601CDE981
:10E770000E340DF1100808AF05F1080605F118096F
:10E780000CAC56E902230294F6E902AB18A8CDE9D5
:10E7900000ABFFF78BFC0197CDF80080D6E9002392
:10E7A00012A918A8FBF7A4FF083708F10808844647
:10E7B000002847D04E45E4D1DDE90801DDE9042316
:10E7C000DDE90689C5E90401C5E90023CDE90001B9
:10E7D000C5E90289DDE90A8905F5AC76C5E906894E
:10E7E0003046FBF7DDF8D5E90623CDE9002305F532
:10E7F000B877D5E902233846FBF7D2F805F5DC7186
:10E8000005F5D070FAF7B4FF8046894630463946A0
:10E81000FAF7AEFF02460B464046494609F064F857
:10E820000223C5E97C0185F8E8312846FFF756FF49
:10E83000844658B10FCC05F5A0750FC594E80300C8
:10E8400085E8030060461FB0BDE8F08F4FF0000C74
:10E8500060461FB0BDE8F08F4FF0000C6046704777
:10E860002DE9F04788B0044616461F4604AA06ABB9
:10E8700002A96830FBF7C0FBDDE9060132463B46E2
:10E8800009F032F88046894602460B46D4E9000179
:10E8900009F02AF806460F46C4E90067D4E90201E8
:10E8A00042464B4609F020F832463B46D4E904671D
:10E8B00004F5AC75C4E90201CDE900672846FBF711
:10E8C0006FF8D4E90623CDE9002304F5B87AD4E93A
:10E8D00002235046FBF764F804F5DC7104F5D070B0
:10E8E000FAF746FF06460F4628465146FAF740FF1C
:10E8F00002460B463046394608F0F6FF0223C4E9CB
:10E900007C0184F8E8312046FFF7E8FE08B0BDE856
:10E91000F08700BFFFFFFFFF2DE9F04FD0E906238E
:10E9200093B0CDE902230368069300F5AC730E9310
:10E9300000F5B8730F9300F5D073109300F5DC73F6
:10E9400011930523D0E90445D0F80490079380463D
:10E95000002100207EA3D3E9002309F07DF922469F
:10E960002B4606460F4608F0C1FF04460D46DDE97A
:10E970000223C8E904453046394608F0B7FFC8E924
:10E980000601CDE900450E9D069A4B462846FBF749
:10E9900007F8D8E90623CDE900230F9CD8E9022324
:10E9A0002046FAF7FDFF21462846FAF7E1FE044625
:10E9B0000D4610981199FAF7DBFE02460B462046E9
:10E9C000294608F091FF03460C46C8E97C34D8E993
:10E9D0000634CDE90A0118462146CDE9023405F096
:10E9E00055FCD8E902BA06460F465846514605F08E
:10E9F000C1FB0D46D8F85C11D8F8582101F100434D
:10EA00000446194610463B463246CDE9086709F0F0
:10EA100023F922462B4609F01FF90022002308F0B3
:10EA200065FFD8E90445CDE90C012046294605F0EB
:10EA30002DFCCDE90401D8E90019069108464946A4
:10EA400005F098FB0F46D8F87411D8F8702101F141
:10EA50000043064619461046DDE9042309F0FCF898
:10EA600032463B4609F0F8F8DDE90C2308F03EFF9A
:10EA700002460B4658460AF10041CDE90C2305F049
:10EA800005FC0F46D8F86411D8F860A101F1004BDD
:10EA9000DDE9082306465946504609F0DDF83246BE
:10EAA0003B4609F0D9F8DDE90C2308F01FFF0246C8
:10EAB0000B46069809F10041CDE9082305F0E6FB75
:10EAC0000F46D8F87C11D8F878A101F1004BDDE9A8
:10EAD000042306465946504609F0BEF832463B46E6
:10EAE00009F0BAF8DDE9082308F000FF06460F46F2
:10EAF000DDE9020105F03EFBD8E95A2309F0ACF844
:10EB000032463B4608F0F2FE06460F4620462946AE
:10EB100005F030FBD8E9602309F09EF832463B4609
:10EB200008F0E4FE0B460246DDE90A0109F0BEF9F1
:10EB3000079B013B07937FF40DAF0223404688F803
:10EB4000E83113B0BDE8F04FFFF7C8BDAFF3008068
:10EB5000000000A09999E93F2DE9F04F83B00446E9
:10EB6000DDE90C01CDE9000194F8E80118254FF426
:10EB7000D07B15FB00B02044DDE90E89DDE910678C
:10EB8000FAF70EFF94F8E8112A4815FB01B1214469
:10EB9000FBF7CEFBCDE9006794F8E8014FF4AC7ABF
:10EBA00015FB00A0424620444B46FAF7F9FE94F8C4
:10EBB000E831214815FB03A12144FBF7B9FB94F888
:10EBC000E83104EBC302C2E90089C2E9046794F8A2
:10EBD000E9210133DBB2012A98BF84F8E931022B25
:10EBE00084F8E83105D0002384F8EA3103B0BDE8A9
:10EBF000F08F04F5DC7104F5D070FAF7B9FD064624
:10EC00000F4604F5AC7004F5B871FAF7B1FD0B4688
:10EC100002463946304608F067FE94F8E831022B88
:10EC2000C4E97C01DFD1204603B0BDE8F04FFFF717
:10EC300055BD00BF5C1B0300641B03002DE9F843B6
:10EC40001F4690F81833DDE90889D3B1013BDBB2E8
:10EC500000F110050446164605EB0315D4E9A201A0
:10EC600032463B4608F042FE4246C4E9A2014B460A
:10EC7000D4E9A40108F03AFE1034C4E9A001AC4282
:10EC8000ECD1BDE8F88300BF30B41D4690F81833CE
:10EC9000082B13D800EB03111446C1E97E45DDE9CA
:10ECA0000245C1E98045DDE90445C1E9A245DDE948
:10ECB00006450133C1E9A44580F8183330BC7047DC
:10ECC00082B02DE9F04F9BB024A981E80C0090F8A8
:10ECD0001833002B69D04FF0000800F5A07381466F
:10ECE000059300F1680A0026002714AD4246059BF3
:10ECF000029309EB0214D4E9A423CDE900232846AA
:10ED0000D4E9A223FFF7D2F92A46514608A8FBF717
:10ED10006BF808A90846FAF7EFFDD4E980230DF156
:10ED2000900ECDE90623BEE80F00AC46ACE80F001C
:10ED30009EE803008CE8030016AB0FCB8DE80F00B4
:10ED400006A895E80C00FBF7AFF9DDE906BCD4E9AD
:10ED50007E230EA8CDE900BCFAF722FE0EA908A872
:10ED6000FAF706FD02460B4608F076FF02460B4610
:10ED70003046394608F0BAFD08F1010899F8183311
:10ED80005FFA88F2934206460F46B0D8184608F05C
:10ED9000F9FE02460B463046394609F087F81BB0AB
:10EDA000BDE8F04F02B005F025B8002000211BB0EF
:10EDB000BDE8F04F02B070472DE9F04FFBB00024E2
:10EDC0001893859B849F1190A3F1080603F12809ED
:10EDD00016911492B8461796CDF840900025E6E9B2
:10EDE000024530224046002190440BF063FD4E4521
:10EDF000F5D1119B93F81833002B00F0DF81A7F1B8
:10EE00000803199300231593984600240023CDE9A5
:10EE10001234149B0293119B03EB08194FEA081359
:10EE20000693D9E9A423CDE900231AA8D9E9A2239E
:10EE3000FFF73CF91AAA169920A8FAF7D5FF20A9DE
:10EE40000846FAF759FDDDE9240323F000419AA3AF
:10EE5000D3E9002309F072F9002800F0A4819C4B4B
:10EE6000002000210022CDE96E01CDE972230024AB
:10EE7000002320AA6EA926A8CDE97034FAF708FC71
:10EE800026A90846FAF738FD26AA20A92CA8FAF7E1
:10EE9000FFFB2CA90846FAF72FFD189B08EB480842
:10EEA00003EBC806D6E90001DDE9202308F01CFDCC
:10EEB000DDE92223CDE93201D6E9020108F014FD93
:10EEC000DDE92423CDE93401D6E9040108F00CFD85
:10EED000CDE9360126A932A8FAF724FC06460F46EA
:10EEE00032A82CA9CDE90C67FAF71CFC3246824601
:10EEF0008B463B4630463946CDE90EAB08F0ACFEBA
:10EF0000524606460F465B465046594608F0A4FE58
:10EF100002460B463046394608F0E8FC02460B46EE
:10EF2000DDE9120108F0E2FCCDE9120156AC0DF565
:10EF3000DC7862AD00220023CDE95623CDE95823C9
:10EF4000CDE95A23624B0022E4E8022356A920AA05
:10EF50005CA8FAF79DFB26A95CA8FAF7E3FBE5E8B5
:10EF600002012CA95CA8FAF7DDFB5CAB9C42E8E847
:10EF70000201DFD10DF5E47ACDF810A0DDF858A03C
:10EF80000DF5CC7B0026DDF850E074460FCC0DF17A
:10EF9000E00CACE80F0094E803008CE80300BEE846
:10EFA0000F003EAD0FC594E8030042AF85E80300B3
:10EFB0000DF1F008002E00F0F080012E00F0F88036
:10EFC000DDE93C01119B069A9C183DA3D3E900237F
:10EFD00008F08CFC3AA3D3E90023C8E90001D7E983
:10EFE000000108F081FCC7E9000138A9D4E9A22397
:10EFF0000291D9E9A47844A8CDE90078FFF756F842
:10F000003EA9D4E9A2230291D9E9A4454AA8CDE9B1
:10F010000045FFF74BF844AA514650A8FAF7E4FE22
:10F020004AAA514656A8FAF7DFFEDDE95623DDE984
:10F03000500108F059FC24A3D3E9002308F036FF5F
:10F04000DDE95823CDE95C01DDE9520108F04CFC13
:10F050001DA3D3E9002308F029FFDDE95A23CDE9F8
:10F060005E01DDE9540108F03FFC17A3D3E900235A
:10F0700008F01CFFCDE9600126A95CA8FAF752FB55
:10F08000EBE902012CA95CA8FAF74CFB049BE3E92D
:10F0900002010136032E04937FF475AF199B099387
:10F0A0006EAB0A9362AB0B93179B08936EAB9B46B8
:10F0B00010E000BFAFF30080000000C0CCCCEC3FFC
:10F0C000000000A0F2D77A3E000000A0F2D78A3EEE
:10F0D0000000F03F0B9B099EF3E802010B930A9B93
:10F0E000F3E802890A93DDE90C23CDE90401CDE9B7
:10F0F000068908F0B1FDDDE90E2304460D464046C1
:10F10000494608F0A9FD02460B462046294608F06C
:10F11000EDFB089C02460B46F4E90201089408F056
:10F12000E5FBC4E900010DF5DC7A62AFF7E80223E4
:10F13000DDE9040108F090FDFAE8028904460D4675
:10F1400042464B46DDE9060108F086FD02460B46C5
:10F150002046294608F0CAFB02460B46F6E90201A2
:10F1600008F0C4FBBB45C6E90001DFD1099B109A3A
:10F1700030330993089B9342ACD1159A119B01320D
:10F1800093F8183315925FFA82F843453FF641AE83
:10F19000DDE912017BB0BDE8F08FDDE938010DF14A
:10F1A000E0083EAF0EE70A490020002200235AE69D
:10F1B000DDE93A010DF1E80840AF03E70023002440
:10F1C000CDE91234DDE912017BB0BDE8F08F00BF5C
:10F1D0000000F03FFFFFFFFF2DE9F04FADF24C4D77
:10F1E000239290F8EA219DF8704420900A9422918D
:10F1F000219222B1209E96F818239A4206D200232B
:10F20000219321980DF24C4DBDE8F08F06F1680373
:10F2100019464CA82493FAF7F1FBDDE94C23CDE91C
:10F220008223DDE94E23CDE98423DDE95023CDE9B6
:10F230008623DDE95223CDE99423DDE95423CDE98A
:10F240009623DDE9562382A9084606F5A077CDE985
:10F2500098232597FAF750FB82A994A8FAF762FA47
:10F26000DDE9822304460D4608F0F6FC02460B4613
:10F27000DDE9940108F038FBDDE98423CDE9940150
:10F280002046294608F0E8FC02460B46DDE99601D7
:10F2900008F02AFBDDE98623CDE9960120462946C0
:10F2A00008F0DAFC0B460246DDE9980108F01CFB89
:10F2B000CDE9980194A90DF54A7B0846FAF71CFBA5
:10F2C00094AA82A95846FAF7E3F959465846FAF73C
:10F2D00013FBDDE98223CDE94C23DDE98423CDE96D
:10F2E0004E23DDE98623CDE95023DDE99423CDE9E2
:10F2F0005223DDE99623CDE95423DDE99823CDE9B6
:10F300005623DDE9CA23CDE95823DBE90223CDE901
:10F310005A23DBE904233D46CDE95C230FCD28AC1D
:10F320000FC495E8030096F8186384E80300002EE4
:10F3300032D00026DDF880A03446CCAD0AEB0413B1
:10F34000D3E980230DF58F6CCDE98223BCE80F0053
:10F350005F460FC79CE8030087E8030095E80F00AD
:10F360008DE80F0082A89BE80C00FAF79DFEDDE90E
:10F3700082890AEB041394AA04EB440402EBC40050
:10F38000D3E97E23CDE90089FAF70AFB01369AF822
:10F390001833F4B2A342D1D8209CCDF800B05EABB4
:10F3A000019328AA94AB4CA92046FFF705FD94F8D9
:10F3B00018330C93002B00F0E5830C9BDDF880A044
:10F3C000013BDBB20AF1100202EB03130FF2282912
:10F3D000D9E900898AA7D7E9006704930023099334
:10F3E0000693DAE9A45407E02846214632463B4614
:10F3F00008F07AFA05460C462846214642464B4616
:10F4000008F0BAFE0028EFD107E028462146324630
:10F410003B4608F06BFA05460C467BA3D3E9002374
:10F420002846214608F08AFE0028EED128462146CB
:10F430000022002308F082FE08B104F1004474A306
:10F44000D3E900232846214608F078FE002800F082
:10F45000BD80069B01330693049B0AF1100A9A456E
:10F46000BFD10A9B0C9883428CBF042306230493CC
:10F47000069B022B07DD099B0C98022BC2BF049B45
:10F4800043F00103049308F06DFB63A3D3E9002369
:10F4900008F0E2FBCDE90C01654B26930023ADF8A3
:10F4A0009C304FF0FF33099300220023CDE906235F
:10F4B000DA46FAAD0DF5507903240122E31E02FA73
:10F4C00003F3049A1A4268D026AB1B5D002B64D16B
:10F4D000DAE92A23DDE90C0108F044FE00285CD1BA
:10F4E00070AB7CAE4A46F2E80C01E3E80201B3429D
:10F4F000F9D182AB26AA70A95846FEF765FC002810
:10F5000072D000220023CDF828A0CDF838B00DF13C
:10F510009808A5F1300682AF92469B4618F8013B49
:10F520006BB1D7E90023D6E9000108F095FB02464C
:10F530000B465046594608F0D9F982468B460836A4
:10F54000AE4207F10807E9D15246DDF828A0DAE912
:10F550002A675B463046394608F0C6F902460B4634
:10F56000CDE90A2300220023DDF838B008F004FEBC
:10F5700018B900220023CDE90A2332463B46DDE9D3
:10F580000A0108F093FCDDE9062306460F4608F061
:10F59000F3FD10B1CDE9066709940134062C0AF198
:10F5A000380A05F1300509F1080986D1099C631C68
:10F5B00040D0DDE906011AA3D3E9002308F0BEFD1F
:10F5C000002837D126AA012313556AE716A3D3E9E9
:10F5D00000232846214608F0CFFD00283FF43CAF29
:10F5E000099B0133099337E7DAE92A23CDE90A2396
:10F5F00016461F46C1E700BF00000060FB2109401E
:10F6000000000060FB21194000000060FB2109C0E0
:10F61000000000C0E21DF93F000000A0F7C6B03EA8
:10F62000000000E04D62703F000000001426F93F2A
:10F63000010101004CA95EA8FAF7E0F90023159337
:10F64000BDA3D3E90023CDE90423BF4B002228AD9D
:10F65000CDE916230FCD2EAC0FC495E8030084E846
:10F6600003000DF58F6A209ECDF800B034AB28AAB8
:10F670000193304694AB4CA9FFF79EFB044696F8E5
:10F6800018030D4608F07EFA02460B46204629462E
:10F6900008F00CFC04F0AEFBDDE9166704460D46ED
:10F6A000002200233046394608F048FD30B9324682
:10F6B0003B462046294608F041FD68B1CDE9164594
:10F6C0004CA95EA828ADFAF799F90FCD2EAC0FC45E
:10F6D00095E8030084E80300DDE904019B4B002268
:10F6E00008F004F95E4604460D46D6E900012246BC
:10F6F0002B4608F0B1FAE6E80E015645F5D140ABCD
:10F7000026AA34A95846FEF75FFB002800F08D8139
:10F71000419C409B09931A461846214623460A9469
:10F7200008F09AFA439E429B0C9304460D461A46F3
:10F730001846314633460E9608F08EFA02460B46BE
:10F740002046294608F0D2F8449B459E0F93044674
:10F750000D461A46184631463346149608F07CFA90
:10F7600002460B462046294608F0C0F874A3D3E9A8
:10F77000002304460D4608F0E1FC002840F0FA8121
:10F780002046294604F036FB099A0A9B04460D469A
:10F790001046194622462B4608F088FB22460646AC
:10F7A0000F462B460C980E9908F080FB02460B463C
:10F7B000CDE912230F98149922462B4608F076FBC8
:10F7C000CDE906012046294604F0D4FC804689464E
:10F7D0002046294604F05AFD4246CDE910014B4629
:10F7E0005A49002008F080F844464D468046894634
:10F7F00032463B463046394608F02EFA42464B46E2
:10F8000008F02AFA22462B46CDE9184508F06EF892
:10F81000DDE91223CDE970013046394608F01CFAC3
:10F8200042464B4608F018FADDE9102304460D461F
:10F83000DDE9060108F010FACDE91C0102460B468D
:10F840002046294608F050F8DDE90623CDE972018B
:10F850003046394608F000FA42464B4608F0FCF9BB
:10F86000DDE91023CDE91A01DDE9120108F0F4F910
:10F870000A460146CDE91E1213460246DDE91A0189
:10F8800008F034F8DDE91C23CDE97401204629464F
:10F8900008F02CF8DDE91245CDE9760122462B4629
:10F8A0002046294608F0D8F942464B4608F0D4F9DC
:10F8B000DDE9182308F01AF8DDE90623CDE978011F
:10F8C0002046294608F0C8F942464B4608F0C4F9DC
:10F8D000DDE9102304460D463046394608F0BCF9F0
:10F8E00002460B4606460F462046294607F0FCFF17
:10F8F000DDE91E23CDE97A01DDE91A0107F0F4FF05
:10F900003246CDE97C013B462046294607F0EEFF12
:10F91000DDE90623CDE97E011046194608F09CF981
:10F9200042464B4608F098F9DDE9182307F0DEFF60
:10F930000EE000BFAFF30080000000E00B2E113E90
:10F94000000000004C48B4390000F0BF0000F03F58
:10F95000CDE980014CAA70A982A8FAF70DFA82A914
:10F960004CA8FAF74BF8DDE94698DDE928014A464C
:10F97000434607F0BBFFDDE94876CDE928013A466A
:10F98000DDE92A01334607F0B1FFDDE94A54CDE94C
:10F990002A012A46DDE92C01234607F0A7FFDDF8FE
:10F9A00028C00C9ACDE92C010E99099821F000434A
:10F9B0002CF0004107F09AFFDDF850C00F9A2CF0B0
:10F9C000004307F093FF4A4628F0004307F08EFFFC
:10F9D0003A4626F0004307F089FF2A4624F0004308
:10F9E00007F084FF70A3D3E9002308F0A7FB0028E9
:10F9F00040F0C480DDE904016D4B002208F02CF9D1
:10FA000002460B46CDE9042367A3D3E9002308F09F
:10FA100095FB20B164A4D4E90034CDE90434159BEE
:10FA200001331E2B15937FF41EAEDDF8808098F80D
:10FA30001833002B00F0B18000273E46002400253B
:10FA400008EB061328A81946D3E9A2230290D1E9AE
:10FA5000A401CDE9000182A8FEF728FB82AA4CA9E7
:10FA60005846FAF7C1F959465846F9F745FF06EBEB
:10FA7000460694AB03EBC6015846F9F779FE0246F9
:10FA80000B4608F0E9F802460B462046294607F0E7
:10FA90002DFF0137044698F81803FEB286420D4642
:10FAA000CED308F06FF802460B462046294608F0F0
:10FAB000FDF904F09FF9DDE9166704460D460022C2
:10FAC00000233046394608F039FB30B922462B4630
:10FAD0003046394608F046FB68B1CDE916454CA9D9
:10FAE0005EA828ACF9F78AFF0FCC2EAD0FC594E8BD
:10FAF000030085E80300DDE9168900220023404663
:10FB0000494608F01BFB00287FF479AB249C5EA9D2
:10FB10002046F9F773FFDDF880A021460AF12000A6
:10FB2000F9F780FF9DF89D609DF89C30259DB600FB
:10FB300046EA43069DF89B302EAC1E430FCC0FC502
:10FB400094E80300229B012785E80300CAE9C889DD
:10FB50008AF828638AF8EA710BB1C3E90089239B0C
:10FB6000002B3FF44EAB159A21981A600DF24C4DC4
:10FB7000BDE8F08F70A8FAF761F9EBE6159B013349
:10FB8000159352E70A9B002B0CBF06230423049312
:10FB900000240023CDE90C347EE400220023144627
:10FBA0001D4682E7AFF30080000000809997713D09
:10FBB0000000E03FF0B589B00DF1380E05460E4665
:10FBC0001746BEE80F000DF1080CACE80F009EE8E8
:10FBD000030004248CE803003A462346009431468F
:10FBE0002846FFF7F9FA09B0F0BD00BFF0B589B0BB
:10FBF0000DF1380E05460E461746BEE80F000DF112
:10FC0000080CACE80F009EE8030003248CE8030016
:10FC10003A462346009431462846FFF7DDFA09B0FC
:10FC2000F0BD00BFEFF3108272B6437F5BB9017F76
:10FC3000012930B40BD0032913D00123437702B933
:10FC400062B630BC70470AB962B670477047124C52
:10FC50002168B1B1114943610B6883610860586143
:10FC6000EBE70F4D0F492C688CB143610B68836142
:10FC700058614FF0E0234FF080540860C3F8044D02
:10FC8000DBE7064B4161816120601860D5E7446184
:10FC900084612860EDE700BFB89FFF1FC89FFF1F6A
:10FCA000C09FFF1FBC9FFF1F70B5EFF3108272B69D
:10FCB0000C4C206880B10C4E00254369236073B161
:10FCC0009D6102B962B6836845779847EFF3108269
:10FCD00072B620680028F0D102B962B670BD3360F8
:10FCE000EFE700BFC09FFF1FBC9FFF1FFFF7DCBFF8
:10FCF000024A136801331360704700BF34A0FF1F2E
:10FD00000368C9B21B6818470368C9B21B68184763
:10FD10000368C9B21B6818470368C9B21B68184753
:10FD2000084B10B503EB51030446B3FBF1F001F0AF
:10FD30000DFB054B1B7803B110BD2046BDE81040FC
:10FD400003F084BE004495086188FF1F08B508468B
:10FD500001F0FEFC012008BD08B5084601F0F8FCE2
:10FD6000012008BD38B508460D460BF069F9044678
:10FD70000146284601F0F6FC204638BD10B508467D
:10FD80001446114601F0EEFC204610BD084611460F
:10FD900001F016BF0846114601F0F6BE01F00EBE96
:10FDA00008B5084601F0AAFC003818BF012008BDBC
:10FDB00008B5084601F080FC003818BF012008BDD6
:10FDC0000846114601F010BC084601F04BBC00BFCC
:10FDD000084601F0EDBB00BF01F084BB10B503681D
:10FDE0001446DB6998472046BDE8104001F01CBB73
:10FDF00001F0BEBD01F076BD01F060BD01F03ABD7D
:10FE000001F044BD084B10B503EB51030446B3FBAE
:10FE1000F1F001F0E5FE054B1B7803B110BD204663
:10FE2000BDE8104003F012BE004495086288FF1F31
:10FE300008B5084602F0D2F8012008BD08B508460A
:10FE400002F0CCF8012008BD38B508460D460BF08D
:10FE5000F7F804460146284602F03CF9204638BD32
:10FE600010B508461446114602F034F9204610BD7C
:10FE70000846114602F05CBB0846114602F03CBB46
:10FE800002F054BA08B5084602F088F8003818BFE6
:10FE9000012008BD08B5084602F05EF8003818BF1A
:10FEA000012008BD0846114601F0EABF084602F0ED
:10FEB00025B800BF084601F0C7BF00BF01F05CBF16
:10FEC00010B50648144600EB5100B0FBF1F001F00C
:10FED00087FE2046BDE8104001F0F0BE00449508C2
:10FEE00002F0FEB902F0B6B902F0A0B902F07AB998
:10FEF00002F084B90368064A1B68934205D110B525
:10FF0000C8B202F06BF8012010BDC9B2184700BF9B
:10FF10003DFE01000368064A1B68934205D110B5F7
:10FF2000C8B202F05BF8012010BDC9B2184700BF8B
:10FF30003DFE01000368064A1B68934205D110B5D7
:10FF4000C8B202F04BF8012010BDC9B2184700BF7B
:10FF50003DFE01000368064A1B68934205D110B5B7
:10FF6000C8B202F03BF8012010BDC9B2184700BF6B
:10FF70003DFE0100084B10B503EB51030446B3FBF3
:10FF8000F1F002F05BFB054B1B7803B110BD20467E
:10FF9000BDE8104003F05ABD00A24A046388FF1F69
:10FFA00008B5084602F0B6FC012008BD08B50846B1
:10FFB00002F0B0FC012008BD38B508460D460BF034
:10FFC0003FF804460146284602F0AEFC204638BD04
:10FFD00010B508461446114602F0A6FC204610BD96
:10FFE0000846114602F01ABE0846114602F0FABD54
:10FFF00002F052BD08B5084602F06CFC003818BF8C
:020000022000DC
:10000000012008BD08B5084602F042FC003818BFC0
:10001000012008BD0846114602F00CBC084602F05B
:1000200035BC00BF084602F0E9BB00BF02F0B0BB20
:1000300010B50648144600EB5100B0FBF1F002F099
:10004000FDFA2046BDE8104002F044BB00A24A047D
:1000500002F0FCBC02F0B4BC02F09EBC02F078BC22
:1000600002F082BC0368064A1B68934205D110B5B2
:10007000C8B202F04FFC012010BDC9B2184700BF42
:10008000ADFF01000368064A1B68934205D110B515
:10009000C8B202F03FFC012010BDC9B2184700BF32
:1000A000ADFF01000368064A1B68934205D110B5F5
:1000B000C8B202F02FFC012010BDC9B2184700BF22
:1000C000ADFF01000368064A1B68934205D110B5D5
:1000D000C8B202F01FFC012010BDC9B2184700BF12
:1000E000ADFF0100704700BF704700BF704700BF01
:1000F000704700BF704700BF38B5064CA4F16005DB
:1001000054F8083C2046DB68183C9847AC42F7D1CD
:1001100038BD00BF20A0FF1F2DE9F043036887B062
:1001200004469046002B3ED000229A600122DA60FD
:10013000294DDFF8A8901D442D1151F8083B00937C
:1001400005EB4506F60002A85B68984706F108072C
:1001500059F806304F443846DB689847009B204AE0
:10016000009202A949F8063038469B689847009BE0
:1001700002A8DB68984723681A49C3F80080032265
:100180009A6005F14402531103F138232079685431
:10019000403301209B0002F01F0200FA02F21A60B5
:1001A00007B0BDE8F083104AD36B43F40003D36378
:1001B00000BF0E4B01221A6003F580730C4A0360E6
:1001C00098680028B4D0103393422360F8D10020FF
:1001D000206007B0BDE8F083008FFCBFD09FFF1FF9
:1001E000A41C030044E400E00080044000700340CD
:1001F000407103400368002B3DD02DE9F0471E4CB1
:10020000DFF878901E4A1C44241104F1440673114F
:1002100004EB4404E40003F1382386B060339F000C
:100220004FF0010A59F80430009204F1080806F072
:100230001F06144A02920AFA06F6C8440546DB680D
:100240003E6040469847009B0F4A009249F80430B0
:10025000404602A99B689847009B02A8DB68984724
:100260002A6800239360C2F80CA0C7F800612B60D5
:1002700006B0BDE8F0877047008FFCBFD09FFF1F1E
:10028000B4180300E5000200A41C03000448054A5A
:1002900050F8083B01211B68C2F80C11184700BF39
:1002A000D09FFF1F007003400448054A8369012165
:1002B0001B68C2F81C112030184700BFD09FFF1FD9
:1002C000007003400448054A036B01211B68C2F813
:1002D0002C113830184700BFD09FFF1F007003401B
:1002E0000448054A836C01211B68C2F83C11503058
:1002F000184700BFD09FFF1F00700340084B0948FC
:10030000094A0A4910B40A4C1C6098609C61186242
:100310001C6398639C64186510BC002003F07ABCD1
:10032000D09FFF1FE50002002087FF1FF900020099
:10033000B418030070B5012A8AB008BF0A22A1B31D
:100340004FF0210E02E05FFA86FE2946B1FBF2F57E
:1003500002FB15145FFA84FC092C0CF1300498BFE1
:100360005FFA84FC0EF1280488BF0CF1370C6C4452
:1003700088BF5FFA8CFC91420EF1FF3604F824CC62
:10038000E1D24BB10EF1FF3E5FFA8EFE0EF1280373
:100390006B442D2203F8242C036801A95B68CEF17D
:1003A0002202714498470AB070BD30228DF8252092
:1003B0004FF0210EE5E700BF00B5036883B040F6BB
:1003C0000D22ADF804205B68022201A9984703B012
:1003D0005DF804FB034B022888BF034618461B68E0
:1003E0005B6818476488FF1F2DE9F04F194687B0F6
:1003F0000646104614469A4607F0C8FE9DF840701F
:10040000002840F0A9802AF000455F4B204629468D
:100410004FF0FF3207F0BAFE48B95B4B2046294641
:100420004FF0FF3207F094FE002800F08E80574B0B
:10043000204651464FF0604207F09EFE00287BD1D7
:10044000534B204651464FF0604207F077FE00289C
:1004500072D1204651460022002307F06FFE054668
:10046000002875D1002F7AD00FF21419D9E900892C
:1004700048494FF0000B00204B460BF1010B424660
:1004800007F0EAFB5FFA8BF3BB42F5D302460B465B
:100490002046514607F02AFA8946804607F0B4FE06
:1004A0000F2F28BF0F278246019707F05BFB0246FC
:1004B0000B464046494607F017FA2B4680468946C8
:1004C0000A2251463046FFF735FF2E234D468DF860
:1004D00008300DF109027B1EDFF8BC9044468346CC
:1004E00052FA83FA02AF4FF0000842464B462046CC
:1004F000294607F0B1FB0D46044607F085FEC0B261
:1005000000F1300307F8013F07F03CFB02460B46C1
:100510002046294607F0E8F9BA4504460D46E4D1DD
:10052000019A336801325B68D2B202A9304698471B
:10053000584607B0BDE8F08F336818495B6803225E
:10054000304607B0BDE8F04F184733681449F5E767
:100550000AF1004A012585E733681249EEE70D4BA1
:1005600000222046514607F0C1F907F04DFE2B4608
:1005700001460A22304607B0BDE8F04FFFF7DABE69
:10058000000000A09999B93FFFFFEF7FFFFFEF4107
:10059000FFFFEFC10000E03F00002440BC1C03004F
:1005A000B81C0300B41C0300884200DB704770B421
:1005B000114C2268091AEAB1104B114E114D83FB00
:1005C000023C9444D317C3EB2C4306FB132244F2A2
:1005D000A71C05FB03F30CFB0233002B02DA03F12B
:1005E0000043013BB3FBF1F201FB123223601044E4
:1005F00070BC7047044BF5E730A0FF1F5F0B4E83C4
:100600001DF30100ECF4FFFF42CE0C1F10B5174B99
:100610000FCB84B0EC468CE80F00154B5A7891074D
:1006200017D51A78124C12F0700218BF1A70802178
:100630000023E171332223710323E272A37272B6A5
:100640004CF001032046984762B6237813F07003FC
:1006500009D1084B064901E0013B02D04A78D20794
:10066000FAD504B010BD237004B010BDC01C030047
:1006700000000240410D0300B0F5006F11D210B52B
:10068000094B5B78DB07044604D504F1A0542078BD
:10069000C0B210BD04F1A054FFF7B8FF2078C0B27B
:1006A00010BD0020704700BF00000240B0F5006F91
:1006B0001FD238B50F4B5B78DA0704460D4610D5CC
:1006C00004F1A0542378AB420AD00A4A137813F0FD
:1006D000700318BF1370074A25705378DB07FCD5E9
:1006E00038BD04F1A054FFF791FF2378AB42ECD161
:1006F000F6E770470000024008B5F6F7C3FEF6F7CC
:10070000C7FE03F02BF9FAE701B441EA000313F046
:1007100003036FD1403A41D351F8043B40F8043B06
:1007200051F8043B40F8043B51F8043B40F8043BCB
:1007300051F8043B40F8043B51F8043B40F8043BBB
:1007400051F8043B40F8043B51F8043B40F8043BAB
:1007500051F8043B40F8043B51F8043B40F8043B9B
:1007600051F8043B40F8043B51F8043B40F8043B8B
:1007700051F8043B40F8043B51F8043B40F8043B7B
:1007800051F8043B40F8043B51F8043B40F8043B6B
:1007900051F8043B40F8043B403ABDD2303211D30B
:1007A00051F8043B40F8043B51F8043B40F8043B4B
:1007B00051F8043B40F8043B51F8043B40F8043B3B
:1007C000103AEDD20C3205D351F8043B40F8043B0B
:1007D000043AF9D204320AD0D2071CBF11F8013B07
:1007E00000F8013B03D30B7803704B78437001BCD6
:1007F000704700BF0C2A4AD310F0030311D0C3F195
:100800000403D21ADB071CBF11F8013B00F8013BBF
:1008100007D311F8013B00F8013B11F8013B00F848
:10082000013B11F003033FF475AF30B4043AC91A29
:10083000C3F1040C51F8044B022B19D0032B0BD03D
:10084000240A51F8043B1D0644EA050440F8044B11
:100850001C46043AF4D216E0240E51F8043B1D0263
:1008600044EA050440F8044B1C46043AF4D20AE07A
:10087000240C51F8043B1D0444EA050440F8044BE1
:100880001C46043AF4D20432B1EB0C0130BC043AF9
:10089000A0D3013A11F8013B00F8013BF9D20B78E3
:1008A00003704B7843708B78837001BC704700BF36
:1008B00008B50F4C636B58030DD4636B59050FD407
:1008C000636B1A0511D4636BDB04F3D502F0F6F801
:1008D000636B5803F1D502F073FA636B5905EFD5DA
:1008E00001F090F8636B1A05EDD501F043FDEAE7DE
:1008F0000080044008B5FFF7DBFF00BF014B10226A
:100900001A80704700200540704700BF094A08B5AB
:100910000346106833B169460344A1F580518B4208
:1009200001D2136008BD0AF085F90C2303604FF073
:10093000FF3008BD1C88FF1F002070474FF0FF30BC
:10094000704700BF4FF400534B600020704700BF5A
:10095000012070474FF0FF30704700BF0078B0FAB9
:1009600080F04009704700BF01230370704700BF4B
:10097000FEE7FFFFEFF31383CBB9EFF31080A0B9CD
:10098000EFF3058343B94FF48070EFF311835BB14C
:10099000984228BF184670470F2BF6D9054AD05CFD
:1009A000EFF31183002BF3D17047184670474FF0D7
:1009B000FF307047F0E300E007F0CEBF01F1FF3CED
:1009C00070B56546002401E070460134B0FBF2FECC
:1009D00002FB1E03092B03F130068ABF3733F3B243
:1009E000DBB2904205F8013FEED2631C0022CA54EC
:1009F000C8187CB162461CF8015F10F801ED8CF854
:100A000000E0A1EB0C030232013B521A23449A424C
:100A10000570EFDB084670BD2DE9F04F894685B0C3
:100A20000146044690461F4607F032FF89EAE97600
:100A3000A6EBE976002840F0458124F00045B64950
:100A4000284607F025FF78BBB349284607F002FF88
:100A500050BB0021204607F0F3FE002840F0EC8058
:100A6000032E6FDD0325B9F1000FA6EB050562DB50
:100A70000021204607F0E4FE002840F078814E2354
:100A8000492146227B703970FB1CBA7035B118467B
:100A90002A46202109F00EFF03462B440022184667
:100AA0001A7005B0BDE8F08F02AB01AA414620469E
:100AB00009F022FDDDF804B058EA0B03464605466E
:100AC00051D101230278954D01939B46944BDA4610
:100AD000342A88BF1D46029B002B5DD00AF1010A13
:100AE000A9EB0A04002C07EB0A0640F3A18022467A
:100AF0002021384609F0DEFE264407EB040C2D23A6
:100B0000BBF1000F0CF8013B57D061DAB8F1000FD0
:100B10005ED06346302103F8021BCBF1000B2E227E
:100B20008CF8012018465A4609F0C4FE002300EB59
:100B30000B0C01934CE02DB138462A46202109F0D8
:100B4000B9FE2F440021204607F07AFE002800F06D
:100B5000DB804E232D2049214622BB7038707970EE
:100B60003B1DFA709AE7CBF10003984580F2A6800E
:100B7000C8F1000B4FF0010A684DCDF804B05046A3
:100B8000D345B8BF0AF1010ABBF1000F68D1029B3F
:100B90000AF1010A002BA1D1A9EB0A04002C07EBF2
:100BA0000A0647DD22462021384609F083FE264406
:100BB00007EB040CBBF1000FA7D1B8F1000F07D071
:100BC0006346302203F8022B2E228CF801209C462B
:100BD000B44522D2634615F8012B03F8012BB3422A
:100BE0001CD0019A2E20013A0EE08CF801000CF185
:100BF000020CB445634602F1FF320ED215F8011B18
:100C000003F8011BB34209D00192002AEDD09C46A3
:100C1000B445634602F1FF32F0D36646B9F1000FE6
:100C20000EDB002333703B46184605B0BDE8F08F5D
:100C3000BC4664E7BC46BDE7042E8ADD042512E706
:100C4000CA44BAF1000F6FEA0A04EADA24EAE4744B
:100C5000013430462246202109F02CFE2644E0E7EC
:100C6000BFF639AFB8F1000F3FF435AF0BEB080317
:100C7000984208F1020A7FF62EAFB8F1000F07DDA7
:100C8000284D2046294607F03DFC013E0446F8D198
:100C900002AB03AA3146204609F02EFCDDF804B071
:100CA000039B08F10102A3EB0B03934208BF0BF176
:100CB000010B054608BFCDF804B00CE70AF0C0F9F7
:100CC00082465DE70021204607F0BAFD002814BFE8
:100CD00004250325B5422EDAB9F1000FA6EB050570
:100CE00022DB4FF07E53204663F31E00002107F005
:100CF000A7FDC0BB4E2241237B703A70FB1CBA702B
:100D0000002D7FF4C4AEC9E64E23492146227B70F4
:100D10003970FB1CBA70C1E6FFFF7F7FD01C030057
:100D200074170300000020412DB138462A462021C7
:100D300009F0C0FD2F444FF07E53204663F31E00A0
:100D4000002107F07DFD4E2238B141232D21BB70DB
:100D500039707A703B1DFA70A0E641237B703A70BF
:100D6000FB1CBA709AE62D2307F8013BC2E72D233E
:100D700007F8013B83E600BF10B40F4B53F8302057
:100D800092F880422CB1012391B182F8803010BCDE
:100D9000704703EBC0035B681A6821B922F00202B6
:100DA00010BC1A60704742F0030210BC1A60704712
:100DB00082F8003110BC7047D41C0300014B186846
:100DC000704700BF00D00340034B002210215A613E
:100DD0005A6018605961704700D00340704700BFE7
:100DE000F0B54FF0E0244FF400054FF0807CC4F8DC
:100DF0000851C4F808C14FF0007CC4F808C11D4A6E
:100E00001D481E494FF0806CC4F808C128230027F4
:100E100048F6FF7609254FF0006CC4F808C183B08E
:100E200057609660D3605361D3615362D36253635A
:100E3000D3635364156047608660C3604361056097
:100E40004F608E60CB604B610D6002F027FEFFF7B4
:100E5000C5FF0B4C23680093009B132BFAD902F0BB
:100E600069FB23680193019BB3F5967FF9D303B027
:100E7000F0BD00BF008003400090034000800B40A5
:100E800034A0FF1F28287F4B36D000291B783FDD78
:100E9000012202FA03FC614510B554D2C21E012A98
:100EA00070D9202867D0192865D0774A926802FB4C
:100EB000011222FA03F3421F1B2A7DD8DFE812F049
:100EC000C600BF007C007C00B800B1007C007C0044
:100ED0007C007C007C007C007C007C007C00AA0004
:100EE000A3009C0095007C00CD007C007C007C0071
:100EF0007C007C007C00D40018780B2895BFC0F1E2
:100F00000C000C3801FA00F041FA00F002F02ABEA1
:100F1000212817D85D4B53F8302092F8801203EB4C
:100F2000C00300293CD001215B6882F80011012038
:100F30004FF4A27182F8800219601A6822F0200230
:100F40001A6070477047212814D8504B53F830105E
:100F500091F8804203EBC00344B35B6881F88020C2
:100F60004FF4A272012081F880021A601A6822F000
:100F700020021A6010BD464A926802FB011222FA52
:100F800003F398E7434CA268042802FB011222FAFB
:100F900003F270D1404BA2614FF45171596310BDFF
:100FA0005B68196821F002011960C0E75B681A6884
:100FB00042F003021A60D3E72128DBD87F29D4BF8F
:100FC00000210121FFF7D8FE304B03EBC00253F89C
:100FD0003010536801244FF4A27281F880421A60E5
:100FE0001A6822F020021A6010BD27482B4A83613C
:100FF00040F24441916010BD2348284A036140F209
:101000004441516010BD2048254A036440F24441E8
:10101000916110BD1C48224A836340F244415161F2
:1010200010BD19481D4A836240F24441116110BD50
:1010300015481A4A036240F24441D16010BD12487B
:10104000174A036340F24441116110BD0E48144A2F
:10105000836440F24441D16110BD0D48114A83615F
:101060004FF45171D16410BD09480E4A03614FF429
:101070005171916410BD084B22614FF45171196395
:1010800010BD00BF2088FF1F00800340D41C030058
:1010900000800B40009003400090044000B00440EA
:1010A00000C0044000A00440212816D810B4104B02
:1010B00053F8302092F880422CB1012371B982F8A4
:1010C000003110BC704703EBC0035B681A6849B17C
:1010D00042F0030210BC1A607047704782F88030FB
:1010E00010BC704722F0020210BC1A60704700BFAB
:1010F000D41C0300212806D8044B53F8303093F851
:101100000002C0B270470020704700BFD41C03002B
:10111000212820D81B4A02EBC00301295B680FD0AD
:1011200004291DD052F83000002280F8802299B1A5
:10113000022922D003290DD14FF481721A60704721
:1011400052F830004FF4A27280F880121A601A68C8
:1011500022F020021A6070474FF480721A607047C4
:1011600052F830104FF4A272012081F880021A6008
:101170001A6842F020021A60704740F203121A60A7
:10118000704700BFD41C030072B60D494FF0E02237
:1011900093690868D2F8042D62B6520102D5322B49
:1011A00088BF0130074AC3F58C334FF47A7103F2DC
:1011B0003F13A2FB032301FB00F000EB1310704769
:1011C00034A0FF1F398EE3382DE9F843044672B688
:1011D000204F4FF0E02293693D68D2F8042D62B6AB
:1011E000520102D5322B88BF01350CB9BDE8F88316
:1011F000DFF86490DFF86480A9EB0303A8FB032306
:101200004FF47A7202FB05F505EB13154FF0E0265B
:1012100072B6B1693A68D6F804CD62B6A9EB01039B
:10122000A8FB03031CF0806FC5EB13134FF47A7017
:1012300002D0322988BF013200FB0233B3F57A7F36
:1012400004D3013CD2D005F57A75E1E702F086FBC4
:10125000DEE700BF34A0FF1F3F190100398EE338DD
:101260002DE9F84F314B1B6807460BB101221A706C
:10127000DFF8BC90DFF8BC8099F80040D8F8003067
:101280002D4D01349C422B782AD303F0FF0A002B0A
:101290003ED15446294EDFF8A8B005E033791B064D
:1012A00023D42B78A3420AD1FFF764FB4028F5DD55
:1012B000FF28F6DD02F052FB2B78A342F4D03F2C3E
:1012C00029D9204B403C1B68FFB21F551E4A1B4BBF
:1012D00001211170BC2289F800A0DA70BDE8F88FF6
:1012E0009C425FFA84FAD5D0E9E72B78D8F8001051
:1012F0005A1C8A42DBB203D23F2A10D8D1B201E095
:1013000000210A461BF80230DBB2F3712970C8E7EE
:101310004FF0000A54460A4BFFB21F55D6E7D1B230
:10132000084A3F3B1268D35CDBB2EEE788A0FF1FA0
:10133000D0A0FF1F3088FF1FD8A0FF1F00A00640CD
:1013400090A0FF1FD4A0FF1F8CA0FF1F2A4A2B498B
:10135000536B70B443F48063294D536300232B70A7
:10136000284E0B70284C2949237032780B7028497D
:101370000B709AB3152A03D1264B40F213329A61AF
:10138000254B1B78012B31D0052B03D1214B4FF47A
:101390005172DA612028214B214C38BF2020C0F344
:1013A000443C83F800C0C0F3471C00F01F0083F8E2
:1013B00001C00422987202209A70D87488205A754D
:1013C0004FF0E021187440223C20D87084F82D2082
:1013D0004FF4005370BCC1F804317047114B40F218
:1013E00013321A640C4B1B78012BCDD10D4B4FF4EB
:1013F00051725A64CEE700BF0080044084A0FF1FF2
:101400007CA0FF1F85A0FF1FD0A0FF1FD8A0FF1F3B
:101410008CA0FF1F00C004403488FF1F00A00640BE
:1014200000E400E000A00440294B29499B7800F02B
:10143000030203F0EC031343420700F00F0248BF1E
:1014400043F01003042A8B7003D18B7943F04003DF
:101450008B711F4B5A79C30602F0EF021C4B48BF39
:1014600042F010025A719A79810602F0EF0211D50A
:1014700042F0100281059A710FD59A78154942F011
:10148000A0029A700978144B03EBC10340F2463274
:101490005B6814E09A71820505D4104B104A1968F4
:1014A000914211D070479A780A4942F0A0029A708E
:1014B0000978094B03EBC10340F247325B680749E7
:1014C00007481A600860704700221A60704700BF22
:1014D00000A006403488FF1FD41C030088A0FF1F13
:1014E000D400D442284B5B6B5B054CD510B5274C20
:1014F000237823B102F032FA2378002BFAD1244A60
:10150000244B4FF0E0204FF400540021C0F88441F8
:10151000D1701B7863B3152B1BD01F4B1B7803F0C6
:101520007F03012B1FD0052B0ED01C4B184A1C4CDF
:101530001C48196892F804C0D27900232370037004
:1015400009B101230B7010BD174B40F20312DA6191
:10155000EBE7154B40F203129A610F4B1B7803F037
:101560007F03012BDFD1114B40F203125A64DCE7F9
:101570000E4B40F203121A64074B1B7803F07F03F3
:10158000012BD0D1EFE77047008004408CA0FF1FF3
:1015900000A0064085A0FF1F3488FF1F38A0FF1F52
:1015A0007CA0FF1F84A0FF1F00C0044000A00440D7
:1015B0000A4A38B50546137803F0FF04002BFAD128
:1015C00001212846FFF7A4FD21462846FFF76CFDC0
:1015D000034A044B52F835201A6038BD8CA0FF1F17
:1015E000D41C030088A0FF1F09B140F08000194AF5
:1015F0001378834217D010B4174C646B64050FD571
:1016000003F07F03012B21D0052B14D0002900F01B
:101610007F0314BF60214421012B10D0052B03D080
:10162000107010BC704770470C4B41F44071D96189
:10163000107010BC7047094B0024DC61E6E7084BD2
:1016400041F440715964107010BC7047044B002481
:101650005C64DBE73488FF1F0080044000C0044066
:1016600000A00440104A137883420AD00F49496B06
:10167000490505D5ABB1152B09D068B1152801D0A6
:10168000107070470A4B40F213319961F8E7084B2C
:10169000002199610028F1D1064B40F21331196401
:1016A000EEE704490B64E8E785A0FF1F00800440D3
:1016B00000C0044000A004400D4B5B6B13F480633A
:1016C00013D0212803D90B4B0020186070470A4B18
:1016D00010B5084C53F8303023600121FFF718FD96
:1016E000236800221A70012010BD1846704700BF01
:1016F0000080044038A0FF1FD41C0300104B5B6B1C
:1017000013F4806312D012280BD0142810D10D4B83
:1017100040F202325A610C4A537B01200343537357
:1017200070470A4B40F20232DA60F4E7184670471D
:10173000054A537B03F0FE0300205373704700BF3C
:101740000080044000C0044000A0064000A0044007
:10175000034B5B6B5B0501D5FFF782BD704700BF94
:10176000008004402DE9F84F394B5B6B5A053CD59E
:10177000384B1B680BB101221A704718B84231D29E
:10178000354EDFF8D880364CDFF8D89000F1010AEA
:1017900013E003F0FF0B53B34FF0000B5D46324AEA
:1017A0001AF8013C5355524630490123BA420B7096
:1017B0000AF1010A86F800B014D23578D8F8003062
:1017C0000135AB422378E4D9AB425FFA85FB0FD0F9
:1017D0003F2DE4D9264B1AF8012C1B68403D5A5581
:1017E0005246E1E71F4BBC22DA70BDE8F88F5D4638
:1017F0006FF0430389F8033006E099F804301B06C4
:101800000BD42378AB42E3D1FFF7B4F84028F4DDE2
:10181000FF28F6DD02F0A2F8F3E72378D8F80010ED
:101820005A1C9142DBB203D93F2A0AD8D1B201E057
:1018300000210A460C4B9B5CDBB289F80730217013
:10184000DFE7D1B20A4A3F3B1268D35CDBB2F4E770
:101850000080044088A0FF1FD0A0FF1F3088FF1F1A
:10186000D8A0FF1F00A0064090A0FF1F8CA0FF1F64
:10187000D4A0FF1F10B5044C237823B102F06EF8FA
:101880002378002BFAD110BD8CA0FF1F084A094B0A
:1018900011781A789142C8B2D3B202D2013B181A19
:1018A0007047054A1268013A1344181A704700BF7E
:1018B000D0A0FF1FD8A0FF1F3088FF1F064A074B8C
:1018C00011781A789142D0B23CBF054A1268CBB267
:1018D00038BF9B18181A70477CA0FF1F84A0FF1FF9
:1018E0002C88FF1F1B4B1C491A780B789A422ED06C
:1018F00010B55FFA82FE194AD8B21268431C9A42A8
:1019000019D93F2B1BD85FFA83FC1548C05CC0B2C5
:1019100081F800C01349096861B19E453CBF72441B
:10192000D31A114A126828BFAEEB03039A4201D3BF
:1019300000230B7010BD4FF0000C6346E5E70B4C25
:101940003F382468205C5FFA83FCC0B2E0E74FF0C8
:10195000FF3070477CA0FF1F84A0FF1F2C88FF1F53
:101960003CA0FF1F38A0FF1F2888FF1F80A0FF1F7B
:101970000D4A0E4B11781B789942DAB211D00C49FE
:101980000968531C994207D93F2B06D9094B3F3AA6
:101990001B68985CC0B270470023074AD05CC0B295
:1019A00070474FF0FF3070477CA0FF1F84A0FF1FDF
:1019B0002C88FF1F80A0FF1F3CA0FF1F0C4B5B6B00
:1019C0005B0514D50B4B0C48DA78402102F0CB02B2
:1019D000DA705974DA78094942F03402DA70084A48
:1019E00003781268DBB20B700AB1002313707047E2
:1019F0000080044000A0064084A0FF1F7CA0FF1FC1
:101A000038A0FF1F2DE9F041504C237913F0300F1F
:101A100047D072B6A37D03F0FF01002B58D062B609
:101A2000DFF82C814B4898F800304B4A057816684F
:101A30004A4F5FFA83FC4A4BEDB2D3F800E008E06E
:101A40001DB14FF0000C07F80C304A1E12F0FF01D8
:101A500012D0E3790CF101029642DBB2F0D9954243
:101A6000ACF13F00F1D03F2A6DD994464A1E12F0E6
:101A7000FF010EF80030ECD15FFA8CF388F80030EB
:101A8000384B196869B1AC453CBF721B02EB0C03C3
:101A9000354A126828BFACEB05039A429CBF01236C
:101AA0000B702A48C3781E06DDB216D46A060DD51F
:101AB000264B1B795B0609D52C4B2D491B68002250
:101AC0000A7003B11A70214B3C22DA70BDE8F08134
:101AD0004023E279637462B6E3E703791C06E5D537
:101AE000244B254ADFF894E01C7816689EF80030F5
:101AF000234A244FD2F800C0E4B2DBB207E00379F6
:101B00000023FA5CD2B2C271027D072A11D8A34227
:101B100003F101010ED08E42F1D93F290279A3F1E0
:101B20003F0301D80B46ECE71CF803200B46D2B26A
:101B3000E9E7DCB2054B8EF800401A79110644BF84
:101B40007C22DA70B2E794467DE700BF00A0064031
:101B50007CA0FF1F84A0FF1F2C88FF1F3CA0FF1F3D
:101B600080A0FF1F38A0FF1F2488FF1F88A0FF1F31
:101B70008CA0FF1FD0A0FF1F3088FF1FD8A0FF1F21
:101B8000D4A0FF1F90A0FF1F094B10B4186060B1D4
:101B900001F14004074B084801F11A021A60074B93
:101BA0000460283110BC196070474024F2E700BF80
:101BB00080A0FF1F2888FF1F2C88FF1F2488FF1F7D
:101BC000054B186018B1054B403119607047034B45
:101BD00040211960704700BFD4A0FF1F3088FF1F4D
:101BE0002A4A2B49536B70B443F40063294D536365
:101BF000294E2A4C327800232B700B702849237011
:101C00000B702849092A0B7033D01A2A03D1264BAE
:101C100040F213325A60254B1B780A2B31D01F2B10
:101C200003D1214B4FF451721A602028204B214CD4
:101C300038BF2020C0F3443C83F800C0C0F3471CE9
:101C400000F01F0083F801C00422987202209A70ED
:101C5000D87488205A754FF0E021187440223C2037
:101C6000D87084F82F204FF4004370BCC1F80431C1
:101C70007047114B40F21332DA600C4B1B780A2B81
:101C8000CDD10D4B4FF451721A61CEE70080044064
:101C900028A1FF1F20A1FF1F4488FF1F5CA1FF1F79
:101CA00064A1FF1F30A1FF1F00D004404C88FF1F1C
:101CB00000B0064000E400E000B00440294B294990
:101CC0009B7800F0030203F0EC031343420700F09B
:101CD0000F0248BF43F01003042A8B7003D18B79A5
:101CE00043F040038B711F4B5A79C30602F0EF0299
:101CF0001C4B48BF42F010025A719A79810602F0DB
:101D0000EF0211D542F0100281059A710FD59A7831
:101D1000154942F0A0029A700978144B03EBC103F5
:101D200040F246325B6814E09A71820505D4104B8C
:101D3000104A1968914211D070479A780A4942F0C6
:101D4000A0029A700978094B03EBC10340F24732B5
:101D50005B68074907481A600860704700221A60EC
:101D6000704700BF00B006404C88FF1FD41C030022
:101D70002CA1FF1FD400D642294B5B6B1B054DD510
:101D800010B5284C237823B101F0E8FD2378002B0F
:101D9000FAD1254A254B4FF0E0204FF400440021B2
:101DA000C0F88441D1701B78092B2CD01A2B1BD082
:101DB0001F4B1B7803F07F030A2B1FD01F2B0ED065
:101DC0001C4B194A1C4C1D48196892F804C0D27962
:101DD00000232370037009B101230B7010BD184B51
:101DE00040F203121A60EBE7154B40F203125A60FF
:101DF0000F4B1B7803F07F030A2BDFD1114B40F20E
:101E000003121A61DCE70F4B40F20312DA60084B51
:101E10001B7803F07F030A2BD0D1EFE7704700BF98
:101E20000080044030A1FF1F00B006404488FF1F1F
:101E30004C88FF1FDCA0FF1F20A1FF1F28A1FF1F50
:101E400000D0044000B004400A4A38B50546137873
:101E500003F0FF04002BFAD101212846FFF758F9BF
:101E600021462846FFF720F9034A044B52F8352053
:101E70001A6038BD30A1FF1FD41C03002CA1FF1F26
:101E800009B140F08000194A1378834217D010B48A
:101E9000174C646B24050FD503F07F030A2B21D068
:101EA0001F2B14D0002900F07F0314BF60214421B0
:101EB0000A2B10D01F2B03D0107010BC7047704736
:101EC0000C4B41F440711960107010BC7047094B05
:101ED00000241C60E6E7084B41F440711961107062
:101EE00010BC7047044B00241C61DBE74C88FF1FCB
:101EF0000080044000D0044000B00440124B1A7827
:101F000082420CD01149496B090507D5092A16D020
:101F10001A2A0AD009280DD01A2801D01870704743
:101F20000B4A40F213315160F8E7094A00210928B1
:101F30005160F1D1074A40F21331D160EEE7054A12
:101F40000021D160E6E700BF4488FF1F0080044005
:101F500000D0044000B004400D4B5B6B13F40063F1
:101F600013D0212803D90B4B0020186070470A4B6F
:101F700010B5084C53F8303023600121FFF7C8F842
:101F8000236800221A70012010BD1846704700BF58
:101F900000800440DCA0FF1FD41C03000C4B5B6BD3
:101FA00013F4006312D0172809D10A4B0A4A40F2F1
:101FB00002319960537B0120034353737047064AF3
:101FC000537B03F0FE03002053737047184670479D
:101FD0000080044000B0044000B006402DE9F84FF6
:101FE000334B5B6B1A053AD5324B1B6806460BB177
:101FF00001221A70DFF8C090DFF8C08099F8004025
:10200000D8F800302E4D0134A3422B7829D99C42B8
:102010005FFA84FA14D12B4FDFF8ACB005E03B79BE
:102020001B0623D42B78A3420AD1FEF7A3FC402839
:10203000F5DDFF28F6DD01F091FC2B78A342F4D00A
:10204000272C29D9214B283C1B68F6B21E55204A63
:102050001C4B01211170BC2289F800A0DA70BDE888
:10206000F88F03F0FF0AA3B95446D4E72B78D8F8C9
:1020700000105A1C9142DBB208D9272A10D8D1B2DD
:102080001BF80230DBB2FB712970CBE700210A4656
:10209000F6E74FF0000A54460B4BF6B21E55D6E752
:1020A000D1B20A4A273B1268D35CDBB2EBE700BF30
:1020B000008004402CA1FF1F5CA1FF1F4888FF1F68
:1020C00064A1FF1F00B0064034A1FF1F60A1FF1FE5
:1020D00030A1FF1F2DE9F84F394B5B6B1A053CD53A
:1020E000384B1B680BB101221A704718B84231D225
:1020F000354EDFF8D880364CDFF8D89000F1010A71
:1021000013E003F0FF0B53B34FF0000B5D46324A70
:102110001AF8013C5355524630490123BA420B701C
:102120000AF1010A86F800B014D23578D8F80030E8
:102130000135AB422378E4D9AB425FFA85FB0FD07F
:10214000272DE4D9264B1AF8012C1B68283D5A5537
:102150005246E1E71F4BBC22DA70BDE8F88F5D46BE
:102160006FF0430389F8033006E099F804301B064A
:102170000BD42378AB42E3D1FEF7FCFB4028F4DD1F
:10218000FF28F6DD01F0EAFBF3E72378D8F800102A
:102190005A1C9142DBB203D9272A0AD8D1B201E0F6
:1021A00000210A460C4B9B5CDBB289F8073021709A
:1021B000DFE7D1B20A4A273B1268D35CDBB2F4E70F
:1021C000008004402CA1FF1F5CA1FF1F4888FF1F57
:1021D00064A1FF1F00B0064034A1FF1F30A1FF1F04
:1021E00060A1FF1F10B5044C237823B101F0B6FBAA
:1021F0002378002BFAD110BD30A1FF1F084A094BEC
:1022000011781A789142C8B2D3B202D2013B181A9F
:102210007047054A1268013A1344181A704700BF04
:102220005CA1FF1F64A1FF1F4888FF1F064A074BE0
:1022300011781A789142D0B23CBF054A1268CBB2ED
:1022400038BF9B18181A704720A1FF1F28A1FF1F35
:102250004088FF1F1B4B1C491A780B789A422ED0DE
:1022600010B55FFA82FE194AD8B21268431C9A422E
:1022700019D93F2B1BD85FFA83FC1548C05CC0B24C
:1022800081F800C01349096861B19E453CBF7244A2
:10229000D31A114A126828BFAEEB03039A4201D346
:1022A00000230B7010BD4FF0000C6346E5E70B4CAC
:1022B0003F382468205C5FFA83FCC0B2E0E74FF04F
:1022C000FF30704720A1FF1F28A1FF1F4088FF1F7C
:1022D000E0A0FF1FDCA0FF1F3C88FF1F24A1FF1F01
:1022E0000D4A0E4B11781B789942DAB211D00C4985
:1022F0000968531C994207D93F2B06D9094B3F3A2D
:102300001B68985CC0B270470023074AD05CC0B21B
:1023100070474FF0FF30704720A1FF1F28A1FF1F1B
:102320004088FF1F24A1FF1FE0A0FF1F0C4B5B6B29
:102330001B0514D50B4B0C48DA78402102F0CB0278
:10234000DA705974DA78094942F03402DA70084ACE
:1023500003781268DBB20B700AB100231370704768
:102360000080044000B0064028A1FF1F20A1FF1FED
:10237000DCA0FF1F2DE9F041504C237913F0300F02
:1023800047D072B6A37D03F0FF01002B58D062B690
:10239000DFF82C814B4898F800304B4A05781668D6
:1023A0004A4F5FFA83FC4A4BEDB2D3F800E008E0F5
:1023B0001DB14FF0000C07F80C304A1E12F0FF015F
:1023C00012D0E3790CF101029642DBB2F0D99542CA
:1023D000ACF13F00F1D03F2A6DD994464A1E12F06D
:1023E000FF010EF80030ECD15FFA8CF388F8003072
:1023F000384B196869B1AC453CBF721B02EB0C034A
:10240000354A126828BFACEB05039A429CBF0123F2
:102410000B702A48C3781E06DDB216D46A060DD5A5
:10242000264B1B795B0609D52C4B2D491B680022D6
:102430000A7003B11A70214B3C22DA70BDE8F081BA
:102440004023E279637462B6E3E703791C06E5D5BD
:10245000244B254ADFF894E01C7816689EF800307B
:10246000234A244FD2F800C0E4B2DBB207E003797C
:102470000023FA5CD2B2C271027D072A11D8A342AE
:1024800003F101010ED08E42F1D927290279A3F17F
:10249000270301D80B46ECE71CF803200B46D2B209
:1024A000E9E7DCB2054B8EF800401A79110644BF0B
:1024B0007C22DA70B2E794467DE700BF00B00640A8
:1024C00020A1FF1F28A1FF1F4088FF1FE0A0FF1FC2
:1024D00024A1FF1FDCA0FF1F3888FF1F2CA1FF1FB6
:1024E00030A1FF1F5CA1FF1F4888FF1F64A1FF1FD1
:1024F00060A1FF1F34A1FF1F094B10B4186060B129
:1025000001F14004074B084801F11A021A60074B19
:102510000460283110BC196070474024F2E700BF06
:1025200024A1FF1F3C88FF1F4088FF1F3888FF1F22
:10253000054B186018B1054B283119607047034BE3
:1025400028211960704700BF60A1FF1F4888FF1F46
:102550002DE9F84F314B1B6807460BB101221A7069
:10256000DFF8BC90DFF8BC8099F80040D8F8003064
:102570002D4D01349C422B782AD303F0FF0A002B07
:102580003ED15446294EDFF8A8B005E033791B064A
:1025900023D42B78A3420AD1FEF7ECF94028F5DDCD
:1025A000FF28F6DD01F0DAF92B78A342F4D0272CCE
:1025B00029D9204B283C1B68FFB21F551E4A1B4BD4
:1025C00001211170AC2289F800A0DA70BDE8F88F03
:1025D0009C425FFA84FAD5D0E9E72B78D8F800104E
:1025E0005A1C8A42DBB203D2272A10D8D1B201E0AA
:1025F00000210A461BF80230DBB2F3712970C8E7EC
:102600004FF0000A54460A4BFFB21F55D6E7D1B22D
:10261000084A273B1268D35CDBB2EEE7B8A1FF1F84
:10262000E8A1FF1F5C88FF1FF0A1FF1F00C006404C
:10263000C0A1FF1FECA1FF1FBCA1FF1F1D4A1E4927
:10264000536B2DE9F04343F480531C4DDFF8708049
:10265000DFF870901C4F1D4E5363002388F8003044
:10266000202889F800303B7033702B7040F213350E
:102670008D6002F5103238BF20204FF45175CD60C7
:10268000C0F344311170C0F3471E114C82F801E0D1
:1026900000F01F002C2190724FF0E02C9370137407
:1026A000D17040224FF4003384F83120CCF804314B
:1026B000BDE8F0830080044000C00440BCA1FF1FBF
:1026C000ACA1FF1FB4A1FF1FE8A1FF1FF0A1FF1FD6
:1026D00000E400E0294B29499B7800F0030203F055
:1026E000EC031343420700F00F0248BF43F010030E
:1026F000042A8B7003D18B7943F040038B711F4BFD
:102700005A79C30602F0EF021C4B48BF42F0100298
:102710005A719A79810602F0EF0211D542F0100247
:1027200081059A710FD59A78154942F0A0029A70E6
:102730000978144B03EBC10340F246325B6814E0A6
:102740009A71820505D4104B104A1968914211D034
:1027500070479A780A4942F0A0029A700978094BAA
:1027600003EBC10340F247325B68074907481A6030
:102770000860704700221A60704700BF00C0064022
:102780006088FF1FD41C0300B8A1FF1FD400D842EB
:1027900038B5134B5B6BDB0420D5124C237823B187
:1027A00001F0DCF82378002BFAD10F4A0F494FF0E3
:1027B000E024002340F203104FF40035C4F88451A4
:1027C000D3708860C8600A490A4C0B4809681579BB
:1027D000D2792370037009B101230B7038BD00BF9B
:1027E00000800440BCA1FF1F00C0064000C00440A0
:1027F00068A1FF1FACA1FF1FB4A1FF1F0A4A38B593
:102800000546137803F0FF04002BFAD10121284676
:10281000FEF77EFC21462846FEF746FC034A044BA1
:1028200052F835201A6038BDBCA1FF1FD41C03002C
:10283000B8A1FF1F09B140F08000114A137883420C
:1028400016D010B40F4C646BE4040ED503F07F0374
:10285000082B02D10C4B0024DC60002900F07F0320
:1028600014BF60214421082B03D0107010BC7047A6
:102870007047054B41F44071D960107010BC70472F
:102880006088FF1F0080044000C00440704700BF04
:102890000D4B5B6B13F4805313D0212803D90B4BE2
:1028A0000020186070470A4B10B5084C53F83030C0
:1028B00023600121FEF72CFC236800221A700120FE
:1028C00010BD1846704700BF0080044068A1FF1F7C
:1028D000D41C03000C4B5B6B13F4805312D00E28F6
:1028E00009D10A4B0A4A40F202315960537B012058
:1028F000034353737047064A537B03F0FE030020E3
:1029000053737047184670470080044000C004406D
:1029100000C00640034B5B6BDB0401D5FFF718BE1C
:10292000704700BF0080044079B170B5074E04467F
:102930004518736BDB0404F1010403D514F8010C92
:10294000FFF706FEAC42F4D170BD70470080044032
:1029500010B5044C237823B101F000F82378002B44
:10296000FAD110BDBCA1FF1F084A094B11781A7893
:102970009142C8B2D3B202D2013B181A7047054A3D
:102980001268013A1344181A704700BFE8A1FF1FEC
:10299000F0A1FF1F5C88FF1F064A074B11781A78C9
:1029A0009142D0B23CBF054A1268CBB238BF9B18E7
:1029B000181A7047ACA1FF1FB4A1FF1F5888FF1F52
:1029C0001B4B1C491A780B789A422ED010B55FFA2F
:1029D00082FE194AD8B21268431C9A4219D93F2B79
:1029E0001BD85FFA83FC1548C05CC0B281F800C0F8
:1029F0001349096861B19E453CBF7244D31A114A1C
:102A0000126828BFAEEB03039A4201D300230B7078
:102A100010BD4FF0000C6346E5E70B4C3F382468CF
:102A2000205C5FFA83FCC0B2E0E74FF0FF307047F4
:102A3000ACA1FF1FB4A1FF1F5888FF1F6CA1FF1F8F
:102A400068A1FF1F5488FF1FB0A1FF1F0D4A0E4B46
:102A500011781B789942DAB211D00C490968531CDD
:102A6000994207D93F2B06D9094B3F3A1B68985C1E
:102A7000C0B270470023074AD05CC0B270474FF025
:102A8000FF307047ACA1FF1FB4A1FF1F5888FF1F84
:102A9000B0A1FF1F6CA1FF1F054B064A1B7806491A
:102AA0001268DBB20B700AB100231370704700BFCD
:102AB000B4A1FF1F68A1FF1FACA1FF1F30B43A4BA8
:102AC0001A79950624D5394D3949DB792A780C686D
:102AD000D8B2531C9C42D2B231D8364B1A7802F08D
:102AE000FF0322B1002213463349C8542A703349E8
:102AF000096869B1324A10789842C2B28ABFA21AF4
:102B00009B1A9B182F4A12689A429CBF01230B7094
:102B1000254AD3781C06D9B21ED44A060DD5224BBD
:102B20001B795B0609D5284B28491B6800220A70CF
:102B300003B11A701C4B2C22DA7030BC70471D494F
:102B400009789942D3D03F2B2CD921493F3A0968C3
:102B50008854DAB22A70CAE713791806DDD51D4BFE
:102B600017481D7803789D42DCB208D01A4A1268D3
:102B7000631C9A4206D9272B0DD8DAB204E06C23E5
:102B8000D370CAE700221346144CE35CDBB2064C58
:102B9000E3710270C1E7124A273C1568DAB22B5D77
:102BA000DBB2F4E7DAB29FE700C00640ACA1FF1F3A
:102BB0005888FF1FB4A1FF1F6CA1FF1F68A1FF1F52
:102BC000F0A1FF1F5088FF1FB8A1FF1FBCA1FF1F6E
:102BD000B0A1FF1FE8A1FF1F5C88FF1FC0A1FF1F5E
:102BE000ECA1FF1F094B10B4186060B101F1400463
:102BF000074B084801F11A021A60074B046028319C
:102C000010BC196070474024F2E700BFB0A1FF1F5D
:102C10005488FF1F5888FF1F5088FF1F054B1860FE
:102C200018B1054B283119607047034B28211960F2
:102C3000704700BFECA1FF1F5C88FF1F704700BFFB
:102C4000704700BF704700BF431E032B17D872B6F2
:102C50000C4951F8230080B110B40B4CB0F800C0FF
:102C600034F81320A2EB0C02D0F804C041F823C0C2
:102C700024F8132062B610BC704762B6704700207B
:102C8000704700BF84A2FF1FD4A2FF1F0138032892
:102C90000BD872B6074B53F8203043B100205B6865
:102CA0000130002BFBD162B67047002070471846F8
:102CB000F9E700BFACA2FF1F10B472B6194A1A4C54
:102CC000042312F8011B090743F0010C05D554F841
:102CD000331061B154F83C10B9B10433142BF0D166
:102CE00062B6124B00221A7010BC00F09BBC0F4958
:102CF00004EBC302083050600A780D4844F83300F2
:102D0000013A0A7062B610BC7047084A094904EBE0
:102D1000CC0308305860137844F83C10013B137022
:102D200062B6F0E7601E03000080FF1FDCA2FF1FF9
:102D300088004000C8004000421E032A0ED81C4BE9
:102D4000400140F0100010B4034472B6194CA05C6E
:102D500003281CD8DFE800F013150318704705207E
:102D6000A05413F0080F088814BFC8228822083125
:102D700042EA004259601A6062B610BC70470320F4
:102D8000EEE708330220EBE708330420E8E70A4BBC
:102D900053F8220038B1094B53F82200416043F840
:102DA000221062B6E9E743F82210044BF7E700BFB0
:102DB0000080FF1FCCA2FF1FACA2FF1FBCA2FF1F01
:102DC0002DE9F04FDFF8CCA2DFF8CCB285B03DE0C2
:102DD000B24D9E0805EBC607013A796813F0080367
:102DE000D4B2A1F1080040F0B88055F836204FEA7F
:102DF000124C120C21F808CC00F0A78021F8063CF8
:102E000041F8043CA64B53F82420002A00F001822C
:102E1000A44B53F82420506043F82400A24B33F80D
:102E20001420944423F814C000F0DCFB002800F0C8
:102E3000E98117F0080F9D4B00F1080018BF5B46B1
:102E4000786045F8363008238AF880309AF8803068
:102E50005907DCB21BD5964B1B78ABB195490A7864
:102E600002F0FF032AB1013BDBB20B70002B00F034
:102E7000468391490A7802F0FF032AB1013BDBB295
:102E80000B70002B00F0EB8104238AF8803014F0E3
:102E9000080200F0CC819AF89020D3B2120997D1A1
:102EA000DFF8F8919B0809EBC30459F83300646814
:102EB000C0F3830009287CD00FD80138012808D836
:102EC0007E4A158842F22100854200F0FB8149F8D4
:102ED00033B001238AF89430B5E70D28F9D1D4E94D
:102EE0000007774D49F833B0744E764CC9F810207E
:102EF00083B240F2816CC9F818202A6063454FF014
:102F00000102C6E90007227000F2FF80B3F5D06F1E
:102F100080F0CB82B3F5817F00F0268240F2DE8024
:102F200040F2023293427BD107F07F07042F00F278
:102F30000881020C40F00581634911F8273043F005
:102F4000020301F82730134670E017F0080F574BC3
:102F500018BF5B4645F8363075E700F063FB5B4908
:102F60005B4A51F82430002B00F05781586841F833
:102F70002400115D03F108007860032905D8DFE81B
:102F800001F0120F1502042111551A8817F0080FCD
:102F900014BFC823882343EA024345F8363052E77A
:102FA00002211155F1E703211155EEE705211155D5
:102FB000EBE7434D2A683AB34649424C0F884648EE
:102FC00094F800E00678402F3B4628BF4023BEF12E
:102FD000000F8EF0010E84F800E046F0020486F047
:102FE0000106067009EBC400426014BFC8208820A7
:102FF00040EA03401A44FB1A9BB249F834000B80A4
:10300000002B00F036812A602C4B1A88B2F5A06F95
:103010007FF45FAF9A788AF8982000225A7058E7B8
:10302000B3F5A06F40F08D8000221346B6F806C0BD
:103030002948944528BF944667460278402F28BF08
:10304000402742F0020E3E0409EBCE0846F0C806C7
:10305000C8F8043049F83E6000263B442670BCEBBB
:10306000070782F00106067040F01181BCF13F0FA6
:103070004FF0010509D946F00206027009EBC602BD
:1030800025705360882349F8363001238AF894303C
:103090001FE700BF00200740C80040000080FF1F5E
:1030A00084A2FF1F94A2FF1FD4A2FF1F880040002C
:1030B000D0A2FF1FD1A2FF1FFCA2FF1FA4A2FF1FCF
:1030C00078A2FF1F75A2FF1FC0200740ACA2FF1F00
:1030D000CCA2FF1F76A2FF1F74A2FF1F802B00F05F
:1030E0008B81822B2DD107F07F07042F29D8A74A87
:1030F00000231380A64B13F827309F0740F1FC8173
:1031000001231370A14B022290E742F2210C634588
:10311000BBD01DD942F2212293420DD1BFB2002F64
:1031200082D19C4B1A689C4B1A609C4BC0F30740A1
:1031300000221870134679E742F2213293423FF49D
:1031400073AF0F238AF8C03001238AF89430C0E6A9
:10315000B3F5086F00F04A81B3F5106FF1D1904BD1
:10316000C0F307400425187059F835301A0606D404
:103170000135142D0CD059F835301A06F8D509EB65
:10318000C50301355868083800F04CFA142DF2D107
:10319000844A854B0292854A0192854E854ADFF822
:1031A00018820394009200251C4656F8047B2FB128
:1031B00038467F6800F036FA002FF9D1009BD8F826
:1031C000007043F8045B46F8045C00932FB1384666
:1031D0007F6800F027FA002FF9D1029B48F8045BC2
:1031E00043F8045B0293019B23F8025B019323786D
:1031F000023B032B00F20981DFE813F03F010401D9
:103200003F0104016D4A45F836001378013313700D
:1032100019E643F82400674BFEE5115D022926D02C
:103220007FF611AE03291DD1012313550BE6E007EC
:103230006ED4210621D4A20708D5614B93F88820CB
:103240000221D2B283F8882083F88010E30603D5E8
:103250005B4B102283F8802005B0BDE8F08F00F0B2
:1032600059FB11E617F0080F14BF0323022313556F
:10327000E9E53F2F98BF0022C5E6514B80220D2182
:1032800083F8C01083F88020A207DFD5D5E746F089
:1032900002060270402F09EBC6003A4628BF4022C2
:1032A00043601004134440F088000121BA1A49F821
:1032B0003600217055D02B60424B1A8001238AF8CA
:1032C000943006E692885AB93F4AE51D14F8011B6E
:1032D00002F8011FAC42F9D13C4A1268862A3CD060
:1032E0003B4C3C4825780278002D85F0010525707F
:1032F00042F0020482F00102027009EBC4024FF0B6
:103300000000506014BFC822882249F83420DEE54E
:103310002B4B30483049314C022583F894500270D1
:103320002F480C602F4D48608C600D24CD60FF202D
:103330000A618A6183F8C04001219F2483F88800D4
:1033400083F8800083F8982083F88C0083F8844009
:1033500083F8941005B0BDE8F08F234A0F20107059
:10336000BEE73F2FA7D890E607F07F07042F3FF670
:10337000E8AE000C7FF4E5AE054A12F8273023F0E2
:10338000020302F82730002213464FE67CA2FF1FFB
:10339000C020074034A0FF1FF8A2FF1FF4A2FF1FA8
:1033A000D0A2FF1FBCA2FF1FCCA2FF1FD4A2FF1FF1
:1033B00084A2FF1F94A2FF1FACA2FF1FDCA2FF1F6D
:1033C0000020074076A2FF1FEBA2FF1FECA2FF1F09
:1033D00075A2FF1F74A2FF1F0080FF1F880040001E
:1033E000F4A1FF1F34A2FF1FD1A2FF1F484B494980
:1033F0001B780B700B4619E6464A00231380454B99
:10340000022213E64FF001032370434BB34204F151
:1034100001047FF4CAAE414E039CDFF80481414FA2
:1034200000233370042518F8013B3F4AAB541B07B7
:1034300025D445F0020145F0030204350023142D84
:1034400049F8313049F83230EDD1384F25783A78A3
:1034500042F0020009EBC00C85F00106CCF8043004
:10346000002D4DD1882382F0010226703A7049F870
:10347000303001238AF894302BE52570C5E700F041
:10348000B1F8002832D009EBC5030830586049F87C
:10349000357000F0A7F808B345F0010309EBC3024B
:1034A0000830506049F833B0C3E7214A5368002B15
:1034B0003FF447AE000CBFB204E013690C32002B9E
:1034C0003FF43FAE11888142F7D15188B942F4D11F
:1034D000000A03280CBF1A781289A7E53378013354
:1034E000337045F0010349F83300A2E7337849F817
:1034F000350001333370CCE7064B022296E500BE5F
:103500002670C82382F001063E7049F83030BCE5D1
:10351000D0A2FF1F7CA2FF1F94A2FF1FDCA2FF1FEF
:10352000601E030088004000C020074074A2FF1FF7
:103530000C1E030070B500F035FB00231A4A194633
:1035400042F8331002EBC3000133142B4160F7D172
:10355000164C174B606B174D40F480206063C2F32C
:10356000072483F89C40144CFF204FF0010CC2F359
:103570000746120E83F8B0604FF0E02E83F8B420B7
:1035800083F8800083F88800187483F894C0217051
:1035900083F884C0702385F849304FF400721023FB
:1035A000CEF80821237270BD0080FF1F0080044008
:1035B0000020074000E400E00021074000F0ACB824
:1035C00000F07CB800F056B800F090B800F076B982
:1035D00000F050B90846114600F0BAB8084600F0AD
:1035E0003BB900BF72B60D490B68B3FA83F00B28E4
:1035F00010DC4FF00042C24023EA02030B6062B6C7
:10360000074A00EBC000C10002EBC000002353508A
:103610004360704762B60020704700BF7488FF1F88
:10362000BC83FF1F0E4BC31AB3F5587F10D20D4A4F
:10363000127872B972B60C4A0C49A2FB03230868CF
:103640004FF000421B0922FA03F303430B6062B6FA
:103650007047074A1278002AECD0FFF72DBB00BF55
:10366000BC83FF1FDCA2FF1F398EE3387488FF1F65
:10367000D0A2FF1F38B50F4C206878B1438802886C
:10368000C11801339A420D7A02D94380284638BDC9
:10369000FFF7C8FF00232360284638BD064B1B7880
:1036A0002BB10320FFF7D0FA20600028E6D14FF0BD
:1036B000FF35EBE7E0A2FF1FD0A2FF1F10B5094CBA
:1036C000206818B143881844007A10BD064B1B7857
:1036D0002BB10320FFF7B8FA20600028F2D14FF099
:1036E000FF3010BDE0A2FF1FD0A2FF1F084B094A08
:1036F0001B6810B594881BB11A885B88D31A1C44C8
:103700000CB1204610BD00F029F9204610BD00BFC5
:10371000E0A2FF1FD4A2FF1F0B4B1B789BB110B57B
:103720000A4C206848B1FFF77DFF00230320236087
:10373000FFF78AFA30B1FFF775FF0320FFF784FA2D
:103740000028F8D110BD7047D0A2FF1FE0A2FF1FD4
:103750002DE9F04FDFF8EC9083B0012289F80020CA
:10376000019179B3384FDFF8E480019D384EDFF8DE
:10377000E4A083463968A1B3B1F802E0CEF1400C71
:10378000AC4528BFAC460EEB0C040022A4B232704C
:10379000A5EB0C054C8001F10802BCF1000F0AD02A
:1037A0000EF1FF3E7244DC441BF8014B02F8014F5E
:1037B000DC45F9D14C883F2C0BD805228AF8002033
:1037C000002DD7D10198002389F8003003B0BDE85F
:1037D000F08F40220A800420FFF7AEFA00223A6000
:1037E000EBE798F800202AB348F6014408E0013CD2
:1037F00019D03278BAB900F0B1F898F80020CAB1FF
:103800000420FFF743FA0728F1D84FF0010389F8A5
:103810000030FFF7E7FE014638600028ACD1013CDC
:1038200089F80000E5D101234FF0FF30337003B079
:10383000BDE8F08F00234FF0FF3089F8003003B06F
:10384000BDE8F08FE5A2FF1FE8A2FF1FD0A2FF1F77
:10385000E4A2FF1FFCA2FF1F00B583B003460121B5
:103860000DF107008DF80730FFF772FF03B05DF828
:1038700004FB00BF38B50E4D0E4C286801232370A1
:1038800028B140880023C0F14000237038BD0A4BA6
:103890001B7813B90020207038BD0420FFF7F6F91B
:1038A0000728F7D8FFF79EFE28600028E9D1F1E746
:1038B000E8A2FF1FE5A2FF1FD0A2FF1FF8B5114B22
:1038C0001B788BB1104E114D346801272F7064B1F5
:1038D0000F4B00271F706388238021460420FFF7C9
:1038E0002BFA376000232B70F8BDFFF77BFE084BE7
:1038F000014620B104201C70FFF71EFAF2E71F708A
:10390000F0E700BFD0A2FF1FE8A2FF1FE5A2FF1F44
:10391000FCA2FF1F38B50E4B1B7853B90D4C216824
:1039200041B103F0FF054B880B800420FFF704FA38
:10393000256038BDFFF756FE014620B1BDE838408E
:103940000420FFF7F9B9044B01221A7038BD00BFFB
:10395000E5A2FF1FE8A2FF1FFCA2FF1F2DE9F8430D
:10396000324E337863B1324F3A784AB90122D907DF
:103970003A7043D49A0726D400225B073A7001D4E8
:10398000BDE8F8832B4B1A68002AF9D0EFF30582C3
:10399000002AF5D1EFF3108572B6186800283AD0E6
:1039A000254C2178002936D142691A600123237001
:1039B000002A37D0916105B962B600258368457742
:1039C00098472570DCE7DFF8748098F80020002A1B
:1039D000D2D00025DFF868902B4659F823402368A1
:1039E00020461B690135984708B12369984798F824
:1039F0000020EBB29A42F0D83378BDE7FFF776FEAD
:103A000068B9104B1B780BB93378B3E7337803F000
:103A1000FE033370AEE7002DB2D162B6B0E700F01E
:103A2000BFF8EEE7084B1A60C5E700BF7888FF1FB4
:103A3000FDA2FF1FB89FFF1FC49FFF1F0CA3FF1F06
:103A400000A3FF1F691B0300C89FFF1F70B4104E27
:103A5000104D3478D4B1621ED2B2291D2B4601EB31
:103A6000820101E08B4205D053F8042B8242F9D148
:103A700070BC7047631CDBB2074A3370137845F89B
:103A8000240043F00203137070BC70470123F3E776
:103A90000CA3FF1F00A3FF1F7888FF1F2A4B2B4A90
:103AA0006020E1211870597013782948082B34D010
:103AB0000A2B20D00C2B274B0CBF15213D211222A5
:103AC0008160C2609960DA60234B21491B78214AEA
:103AD000CBB101230B621362204B1D491B781D4A99
:103AE000012B13D9042B1BD884234B6253621C4B2C
:103AF00001221A707047174B192113228160C2608E
:103B00009960DA60E0E70B621362E5E780234B62BD
:103B10005362134B01221A7070470E4B0121ECE7E0
:103B2000082B06D885234B6253620D4B01221A7075
:103B30007047102B94BF862387234B625362084B38
:103B400001221A70704700BF004007407988FF1FAC
:103B500000B0034000B00B400DA3FF1F7A88FF1F89
:103B60000EA3FF1F0B4A0C49D36A43F48053D36260
:103B70000B784BB1094B802283F82120074B80F34F
:103B80000C0000B218807047044BC02283F821203B
:103B9000F4E700BF008004400DA3FF1F00C00C40ED
:103BA000704700BF10B584B072B6174A7024412028
:103BB0000F2180231470D0719171137013781B063C
:103BC000FCD5906862B6114B114C984238BF00EB9F
:103BD000800001A938BF40000A22FCF7EFFE01A9CE
:103BE0002046002311F8012B01333AB10A2B20F8AB
:103BF000022FF7D11623237004B010BD5B00DBB297
:103C0000237004B010BD00BF0000024080969800F1
:103C10000889FF1F03460846194606F067BC00BF27
:103C200000F0E8B8F8B504460D4601F04DFB224619
:103C300006460F462B462046294604F0A7FA40B90F
:103C40002046294600F0E6FA084B002204F094FAD8
:103C500010B930463946F8BD06F0ECFF0346212284
:103C60001A600348BDE8F84000F030BC0000F03FA7
:103C700094250300F8B504460D4601F079FD22466F
:103C800006460F462B462046294604F07FFA40B9E7
:103C90002046294600F0BEFA084B002204F06CFAD8
:103CA00010B930463946F8BD06F0C4FF034621225C
:103CB0001A600348BDE8F84000F008BC0000F03F7F
:103CC0009425030001F08CBF2DE9F84314461D46EE
:103CD0008046894602F098F9224606460F462B4652
:103CE0002046294604F052FA78B9002200234046C3
:103CF000494604F019FAD8B100220023204629468B
:103D000004F012FA28B1264F002630463946BDE8A5
:103D1000F8832046294600F05BFB0028F5D02046BA
:103D200029460022002304F009FA0028EDD02CE0F7
:103D30003046394600F04CFBA0B10022002330464B
:103D4000394604F0F1F90028DFD04046494600F03A
:103D50003FFB0028D9D02046294600F039FB002837
:103D6000D3D012E04046494600F032FB0028E4D0B0
:103D70002046294600F02CFB0028DED032463B4688
:103D80003046394604F002FA20B906F053FF2223E8
:103D90000360BAE706F04EFF21230360B5E700BFDA
:103DA0000000F03FF8B514461D4603F0BFF8224668
:103DB00006460F462B462046294604F0E7F930B95F
:103DC000204629460022002304F0AEF910B93046FF
:103DD0003946F8BD06F02EFF0022002321210160A4
:103DE0001046194604F062F806460F46304639463A
:103DF000F8BD00BFF8B504460D4600F0CBFB2246E7
:103E000006460F462B462046294604F0BFF930B936
:103E1000204629460022002304F090F910B93046CC
:103E20003946F8BD06F006FF00220023212101607B
:103E30001046194604F03AF806460F463046394611
:103E4000F8BD00BFFFFFFFFF2DE9F84FBC4B21F08D
:103E500000469E4204460D468A461CDDB94B9E42F2
:103E60000DDC0AD0B84BB94AB94CBAF1000FD8BF33
:103E7000134620461946BDE8F88F0028F2D02246A6
:103E80002B462046294603F031FD04460B462046CA
:103E90001946BDE8F88FAF4B9E4200F3B080A3F106
:103EA000DE739E4240F39D804FF0FF3B22462B463F
:103EB0002046294603F0D0FE02460B46804689463E
:103EC00003F0CAFE86A3D3E9002306460F4603F09B
:103ED000C3FE85A3D3E9002303F008FD32463B4629
:103EE00003F0BAFE82A3D3E9002303F0FFFC3246BD
:103EF0003B4603F0B1FE80A3D3E9002303F0F6FCB8
:103F000032463B4603F0A8FE7DA3D3E9002303F02D
:103F1000EDFC32463B4603F09FFE7BA3D3E9002332
:103F200003F0E4FC42464B4603F096FE78A3D3E947
:103F30000023804689463046394603F08DFE76A33D
:103F4000D3E9002303F0D0FC32463B4603F084FE65
:103F500073A3D3E9002303F0C7FC32463B4603F0CA
:103F60007BFE71A3D3E9002303F0BEFC32463B463F
:103F700003F072FE6EA3D3E9002303F0B5FC3246D2
:103F80003B4603F069FEBBF1FF3F02460B4640464D
:103F9000494656D003F0AAFC6F4E22462B4603F04A
:103FA0005BFE6E4B06EBCB064FEACB0B5B44D3E9D3
:103FB000002303F099FC22462B4603F095FC0B46A8
:103FC0000246D6E9000103F08FFCBAF1000F044667
:103FD0000B46BFF64EAF01F1004320461946BDE83F
:103FE000F88F55A3D3E9002303F080FC5C4B00223B
:103FF00004F0C2F800283FF457AF2B4639E700F031
:1040000009F9584B9E4204460D462CDCA3F550237B
:104010009E4253DD524B002203F066FC504B064695
:104020000F464FF0010B20462946002203F05EFCAC
:1040300002460B463046394603F038FF04460D462B
:1040400034E703F053FC22462B4603F005FE0246FC
:104050000B462046294603F047FC04460B46204603
:104060001946BDE8F88F404B9E421CDA3F4B0022B8
:1040700003F03AFC02460B462046294614461D46EC
:1040800000223A4B03F0E8FD354B002203F02EFCF2
:1040900002460B462046294603F008FF4FF0020B6C
:1040A00004460D4602E702460B460020304903F065
:1040B000FDFE4FF0030B04460D46F7E602460B46A5
:1040C00003F014FC264B002203F00EFC4FF0000B13
:1040D00006460F462046294600224FF08043A5E7BA
:1040E00011DA22E33AAD903FEB0D76244B7BA93FEA
:1040F000513DD0A0660DB13F6E204CC5CD45B73FB8
:10410000FF8300922449C23F0D5555555555D53F63
:104110002F6C6A2C44B4A2BF9AFDDE522DDEAD3F57
:104120006D9A74AFF2B0B33F711623FEC671BC3FF7
:10413000C4EB98999999C93F9C7500883CE4377EF7
:10414000FFFF0F440000F07FFB21F93FFB21F9BF87
:10415000182D4454FFFFDB3F681E0300881E030038
:104160000000F03FFFFFF23F008003400000F83FF7
:104170000000F0BF254A21F00043934223DD10B533
:10418000234A934286B009DD02460B4603F0ACFB9E
:1041900002460B461046194606B010BD02AA02F0B0
:1041A0009BFC00F00304012C11D0022C23D0CCB1D5
:1041B0000124DDE90423DDE90201009400F0B4FDEF
:1041C00002460B46E6E70022002300F07DBCDDE955
:1041D0000423DDE90201009400F0A6FD024601F18E
:1041E0000043D7E7DDE90423DDE9020100F06CFCC0
:1041F00002460B46CEE7DDE90423DDE9020100F0CB
:1042000063FC024601F10043C4E700BFFB21E93F24
:10421000FFFFEF7F21F0004319467047DFF860C0D1
:10422000F8B521F000430027634504460D461646C5
:10423000176022DC844653EA0C0C1ED0DFF844C021
:1042400001EA0C0C0A46BCF1000F09D10E4B00220A
:1042500003F002FD6FF0350704460A4621F00043E3
:1042600022F0FF421B1522F4E002A3F2FE3342F0DB
:104270007F553B4445F40015336020462946F8BD80
:10428000FFFFEF7F0000F07F0000504310B5294A88
:1042900021F00043934286B020DD274A934209DD96
:1042A00002460B4603F020FB02460B461046194619
:1042B00006B010BD02AA02F00FFC00F003000128B6
:1042C00018D002282AD0F0B1DDE90423DDE902018B
:1042D00000F0FAFB024601F10043E7E700230093F8
:1042E0000022002300F020FD02460B46104619462E
:1042F00006B010BDDDE90423DDE9020100F0E4FBB6
:1043000002460B46D2E70124DDE90423DDE9020180
:10431000009400F009FD02460B46C7E70124DDE9E1
:104320000423DDE90201009400F0FEFC024601F1E5
:104330000043BBE7FB21E93FFFFFEF7F10B5144AC5
:1043400021F00043934286B019DD124A934205DD05
:1043500002460B4603F0C8FA06B010BD02AA02F0EE
:10436000BBFB440004F00204C4F10104DDE90423B2
:10437000DDE90201009400F09BFD06B010BD0123B1
:1043800000930022002300F093FD06B010BD00BF93
:10439000FB21E93FFFFFEF7F38B5044600F0E6F967
:1043A00021460546204604F073FA20B90021204634
:1043B00004F046FA08B9284638BD06F03BFC002157
:1043C00021230360084604F051F90546284638BD0C
:1043D00041F0004000F58010C00F7047FFFFFFFF65
:1043E00070B51646C1F30A5204460D460B465ABB39
:1043F00021F00043034326D02F4B002203F02CFC76
:104400002E4B9E4204460D4648DBC1F30A520B4632
:10441000363A4CF250318E421EDC164440F2FE72A7
:10442000964219DC002E28DC16F1350F2DDB23F027
:10443000FF4323F4E003363643EA06512046204B7F
:10444000002203F009FC70BD40F2FF7C6245E0D120
:10445000024603F04BFA70BD05F0004343F0FC4107
:1044600041F45F1141F410510FA3D3E90023154823
:1044700041F03C0103F0F0FB70BD23F0FF4323F457
:10448000E003204643EA065170BD05F0004343F0C7
:10449000D27141F4B7310C4841F01F0104A3D3E9B4
:1044A000002303F0D9FB70BD9C7500883CE4377E87
:1044B00059F3F8C21F6EA50100005043B03CFFFF46
:1044C0000000903C9C75008859F3F8C20149002017
:1044D000704700BF0000F87FD0B506460F4614466F
:1044E00006F0A8FB0346394630461C60D0BD00BF2D
:1044F00030B583B080B1144603F10045CDE90045E5
:1045000010461946DDE9002303F0A6FB222203B082
:10451000BDE83040FFF7E0BF14461D46EEE700BFA0
:1045200000224FF08053FFF7E3BF00BF00224FF09F
:10453000E043FFF7DDBF00BF38B505460C4600F08D
:104540000FF808B9204638BD204600F009F828B118
:104550002146284604F092F90028F3D0284638BDB9
:1045600030F000400ED0A0F50003B3F1FE4F0DD3A4
:10457000074B421E9A4207D9A0F1FF40B0FA80F0E3
:10458000400970470220704703207047042070479D
:10459000FEFF7F002DE9F84F714E8E4305460C4615
:1045A00000F0A580002902460B4651DD08155DD0BC
:1045B000C3F31301C307A0F2FF3641F4801103D403
:1045C000490001EBD2715200D30F002503EB4103E8
:1045D000761052001620AC464FF400110CEB01048B
:1045E0009C4203DC1B1B04EB010C0D445B000138F7
:1045F00003EBD2734FEA51014FEA4202EED1074674
:1046000020244FF0004109E040D05B00013C03EB67
:10461000D2734FEA51014FEA420241D0634501EBA8
:10462000000EF1DDBEF1000F0EEB01000BDBE046EA
:10463000A3EB0C03964588BF03F1FF33A2EB0E02F8
:104640000F44C446E1E70028F1DB0CF10108EFE775
:1046500021F00046064346D000296FD10846D30A10
:1046600015385205002BFAD0DE0274D400215B000D
:10467000DD020C4601F10101F9D515468A40C1F170
:10468000200125FA01F1001B0B4391E79645BCD8A8
:10469000BEF1000F0EEB0100D5DB98460023CDE7FD
:1046A000134312D0DFF8BCA0DFF8BCB0DAE9000198
:1046B000DBE9002303F018F9DAE9008902460B462A
:1046C0004046494603F044FDF8B97C086B1003F1FD
:1046D0007F53EA0703F5001348BF44F0004403EB9F
:1046E000065125460C4628462146BDE8F88F02466D
:1046F0000B4603F0B1FA2A46234603F0F7F80546C5
:104700000C4628462146BDE8F88FB7F1FF3FDAE9AD
:104710000001DBE900231AD003F0E8F8DAE90089A8
:1047200002460B464046494603F008FD88B1B91CD5
:1047300007F1020408BF01356408C7E703F0D4F8A5
:1047400002460B4603F0B2FB05460C46CBE70135AB
:10475000BCE70137B9E7154620214FF0FF3490E759
:104760000000F07F2089FF1F2889FF1F20F00042F2
:10477000B2F1FF4F2DE9F041044654D2002A50D047
:104780000028034657DB14F0FF4F4FEAE05009D1F1
:1047900014F400025BD15B001C02114602F101021D
:1047A000F9D5401AC3F3160242F40002C307A0F180
:1047B0007F0558BF520000246D1052004FF0190EB3
:1047C00021464FF0807C01EB0C039342DDBF03EBED
:1047D0000C016444D31A1346BEF1010E4FEA4302A2
:1047E0004FEA5C0CEFD1BBB11A4E1B4F30683968F1
:1047F000D6F8008003F07CFD0146404604F02AF81C
:1048000050B130683968366803F074FD01463046AF
:1048100004F016F8B8B10234601000F17C5000EBDF
:10482000C550BDE8F081014603F06CFE214603F05F
:1048300061FDBDE8F081014603F05AFD014603F039
:1048400015FFBDE8F081013424F00104E4E74FF0E6
:10485000FF31A6E73089FF1F3489FF1FFFFFFFFFED
:10486000C1F30A522DE9F843A2F2FF35132D0B468E
:1048700084460C460646074632DC002D20DB384ACB
:1048800042FA05F901EA09020243884614D032A32C
:10489000D3E9002303F02AF80022002303F06CFC84
:1048A00040B1002C03DA4FF480132B41984428EADE
:1048B000090400262346B44660461946BDE8F8833D
:1048C00025A3D3E9002303F011F80022002303F00D
:1048D00053FC0028EED0002C26DB00263446E9E706
:1048E000332D08DDB5F5806FE6D1024602F0FEFFFC
:1048F00084460B46E0E7A2F213424FF0FF3828FA55
:1049000002F810EA080FD7D013A3D3E9002302F06E
:10491000EDFF0022002303F02FFC0028CAD0002C5A
:104920000EDB27EA0806C5E724F0004434430D4BAC
:10493000002C4FF000060CBF4FF000441C46B9E7B6
:10494000142D06D0C5F134050123AB401F44BE42EF
:10495000E7D90134E5E700BF9C7500883CE4377E69
:10496000FFFF0F000000F0BF38B5C1F30A54A4F2F6
:10497000FF32132A0B4684468E4605461DDC002A6C
:104980000DDB1D49114103EA0100284312D04FF409
:1049900000231341734423EA010E002108E001F0D3
:1049A000004E013204BF4EF07F5E4EF4401E0021E7
:1049B00073468C466046194638BD332A08DDB2F589
:1049C000806FF7D1024602F091FF84460B46F1E773
:1049D000A4F213444FF0FF30E04010EA0C0FE9D08E
:1049E000C2F1330201219140491928BF03F1010EA0
:1049F00021EA0001DCE700BFFFFF0F002DE9F041D5
:104A0000C0F3C7557F3D162D044620F0004725DC36
:104A1000002D804614DB174F2F4138421BD016491A
:104A200003F068FC002103F029FFA0B1002C03DA99
:104A30004FF400032B41984428EA0700BDE8F081B9
:104A40000D4903F057FC002103F018FF18B1002CAA
:104A50000CDB002000E02046BDE8F081B7F1FF4FFD
:104A6000F9D3014603F046FCBDE8F081002FF2D0F7
:104A70000248F1E7FFFF7F00CAF24971000080BFE2
:104A800008B5C0F3C7537F3B162B014615DC002B3E
:104A900002460BDB0B481841014205D04FF4800160
:104AA0001941114421EA0001084608BD013300F014
:104AB0000041F9D141F07E51F6E7802BF4D103F0AB
:104AC00019FC08BDFFFF7F002DE9F04F21F00048E1
:104AD00087B0B8F1795F92469B460646019170DA3D
:104AE00003F06AFB002800F0F480019B324619466F
:104AF000304603F0B1F87AA3D3E9002304460D460B
:104B000003F0AAF878A3D3E9002302F0EFFE2246CF
:104B10002B4603F0A1F876A3D3E9002302F0E4FECC
:104B200022462B4603F098F873A3D3E9002302F042
:104B3000DDFE22462B4603F08FF871A3D3E9002354
:104B400002F0D2FE22462B4603F086F86EA3D3E98C
:104B5000002302F0CBFE22462B4603F07DF8CDE980
:104B600002016B4B00222046294603F075F8DDE96F
:104B70000223804689462046294603F06DF84D46BB
:104B8000DDF804904446B0460F46064652465B4662
:104B90004046494603F060F802460B463046394627
:104BA00002F0A2FE02460B462046294602F09CFE79
:104BB00002460B460020574902F096FE07B0BDE8BA
:104BC000F08F019B024603F047F845A3D3E9002389
:104BD00004460D4603F040F843A3D3E9002302F056
:104BE00085FE22462B4603F037F841A3D3E9002384
:104BF00002F07AFE22462B4603F02EF83EA3D3E9BC
:104C0000002302F073FE22462B4603F025F83CA356
:104C1000D3E9002302F068FE22462B4603F01CF87D
:104C200039A3D3E9002302F061FE2B46224603F0AC
:104C300013F8394B9845CDE9020192DD374B984581
:104C40004FF000023DDCA8F50013324900209046E9
:104C5000994602F049FECDE904012D4B0022204681
:104C6000294602F0F9FF42464B4602F03DFEDDE9DF
:104C70000223804689462046294602F0EDFF4D4634
:104C8000DDF804904446B0460F46064652465B4661
:104C90004046494602F0E0FF02460B4630463946A0
:104CA00002F022FE02460B462046294602F01CFE78
:104CB00002460B46DDE9040102F016FE07B0BDE82E
:104CC000F08F174BDFF85C90CDE904234FF000081C
:104CD000C3E71049002007B0BDE8F08FAFF30080B4
:104CE000D43888BEE9FAA8BDC4B1B4BD9EEE213E59
:104CF000AD529C804F7E923E9015CB19A001FA3E9A
:104D00007751C1166CC1563F4C5555555555A53F69
:104D10000000E03F0000F03F3233D33F0000E93FA6
:104D20000000E73F0000D23F2DE9F04F994687B0E1
:104D300021F00043B3F1795F90460446019104DA13
:104D400003F03AFA002800F08F80019B22461946B2
:104D5000204602F081FF019B06460F463246194667
:104D600020463B4602F078FF43A3D3E90023824666
:104D70008B463046394602F06FFF41A3D3E900234A
:104D800002F0B2FD32463B4602F066FF3EA3D3E995
:104D9000002302F0ABFD32463B4602F05DFF3CA330
:104DA000D3E9002302F0A0FD32463B4602F054FF57
:104DB00039A3D3E9002302F099FD109BCDE902014C
:104DC000002B37D0384B00224046494602F044FFC2
:104DD000DDE90223CDE904015046594602F03CFFCB
:104DE00002460B46DDE9040102F07EFD32463B46F9
:104DF00002F032FF42464B4602F076FD28A3D3E98B
:104E0000002306460F465046594602F025FF02464B
:104E10000B463046394602F069FD02460B462046F5
:104E2000019902F061FD04460D462046294607B06F
:104E3000BDE8F08F02460B463046394602F00CFFC3
:104E400017A3D3E9002302F04FFD52465B4602F060
:104E500003FF2246019B02F049FD04460D46204611
:104E6000294607B0BDE8F08F019D2046294607B0CE
:104E7000BDE8F08FAFF300807CD5CF5A3AD9E53D3D
:104E8000EB9C2B8AE6E55A3E7DFEB157E31DC73EFB
:104E9000D561C119A0012A3FA6F810111111813F57
:104EA000495555555555C53F0000E03FFFFFFFFFF1
:104EB0002DE9F04F9B46D44B89B021F000449C4231
:104EC00092460F4606460791009450DC03F074F9B1
:104ED000814600286FD1129B01333343234300F0F6
:104EE000DF81129B012B00F0E88152465B46304681
:104EF000394602F0FBFC0D4602460B460020C34932
:104F000002F0D4FF32463B4606460F464846294645
:104F100002F0EAFC02460B465046594602F0E4FC19
:104F20004A463B4602F098FE02460B461446484667
:104F30004A4629461D463B4602F08EFEB44B0022EF
:104F400002F0D4FC02460B462046294602F0CEFC75
:104F500032463B4602F080FE4A463B4602F0C6FC23
:104F600004460D462046294609B0BDE8F08FA94BFE
:104F7000009A9A421FDD002904DA07F100430BF181
:104F8000004B1F4632463B4681A1D1E9000102F0A9
:104F9000ABFC52465B4604460D467FA1D1E90001B9
:104FA00002F0A2FC22462B4602F0A0FC4FF0000AC1
:104FB000D34606460F4632463B463046394602F057
:104FC0004BFE02460B468046894602F045FE4246AD
:104FD00004460D464B463046394602F03DFE70A36E
:104FE000D3E90023CDE902012046294602F034FE30
:104FF0006DA3D3E9002302F079FC22462B4602F090
:105000002BFE6BA3D3E9002302F070FC22462B4653
:1050100002F022FE68A3D3E9002302F067FC2246D7
:105020002B4602F019FE66A3D3E9002302F05EFCD2
:1050300022462B4602F010FE63A3D3E9002302F0C0
:1050400055FC42464B4602F007FE61A3D3E900231C
:10505000CDE904012046294602F0FEFD5EA3D3E916
:10506000002302F043FC22462B4602F0F5FD5CA330
:10507000D3E9002302F03AFC22462B4602F0ECFD75
:1050800059A3D3E9002302F031FC22462B4602F05B
:10509000E3FD57A3D3E9002302F028FC22462B4668
:1050A00002F0DAFD54A3D3E9002302F01FFC02460C
:1050B0000B46DDE9040102F019FCDDE9022302F0F0
:1050C000CBFD52465B4602F011FC42464B4602F0D5
:1050D000C3FD52465B4602F009FC49A3D3E9002315
:1050E00004460D46DDE9020102F0B6FD22462B46DC
:1050F00002F0FCFB82468B4652465B463046394600
:1051000002F0F4FB434B009A9A4204460D4600F32A
:105110008380129B012B36D002460B4600203B4970
:1051200002F0C4FE002432463B4606460F462046A7
:10513000294602F0D9FB02460B465046594602F07A
:10514000D3FB22463B4602F087FD02460B46204633
:1051500029469046994622463B4602F07DFD2C4B5F
:10516000002202F0C3FB02460B464046494602F0CD
:10517000BDFB32463B4602F06FFD22463B4602F045
:10518000B5FB04460D462046294609B0BDE8F08F20
:10519000182D4454FB21E93F075C143326A6813CBB
:1051A000D47ABF74702AFB3EE9A7F0320FB8123FE1
:1051B00068108D1AF726303F1583E0FEC8DB573F95
:1051C00093846EE9E326823FFE41B31BBAA1AB3F55
:1051D000735360DBCB75F3BEA69237A0887E143F75
:1051E0000165F2F2D844433F280356C9226D6D3F52
:1051F00037D60684F464963F7AFE10111111C13F30
:10520000635555555555D53FFFFF2F3E0000F0BF64
:105210000000F03F2794E53F129802F0B3FC2246CD
:10522000804689462B462046294602F015FD424617
:10523000CDE900014B462046294602F057FB0246C5
:105240000B46DDE9000102F031FE52465B4602F0FA
:105250004BFB02460B463046394602F045FB024600
:105260000B4602F043FB02460B464046494602F01D
:105270003BFB079B9B1703F002030446C3F10100AD
:105280000D4602F07FFC02460B462046294602F0FE
:10529000E3FC04460D462046294609B0BDE8F08FE0
:1052A00030463946FEF7B6FF02460B460020044959
:1052B00002F0FCFD04460D4665E734463D4662E7D4
:1052C0000000F03FFFFFFFFF2DE9F84FC44E21F033
:1052D0000043B34205460C460DDD03F1404303F5A0
:1052E0008013034340F0B980002940F3C0800020C0
:1052F0000021BDE8F88FBB4EB34208DCBA4A9342A6
:1053000000F3BA809CA1D1E90001BDE8F88F002923
:10531000C0F2708102460B460020B44902F0E4FA64
:10532000B34B002202F098FC04460D46FFF732F919
:1053300093A3D3E90023894680462946204602F0FC
:105340008BFC91A3D3E9002302F0D0FA22462B462E
:1053500002F082FC8EA3D3E9002302F0C5FA2246B4
:105360002B4602F079FC8CA3D3E9002302F0BEFAAD
:1053700022462B4602F070FC89A3D3E9002302F0F9
:10538000B3FA22462B4602F067FC87A3D3E9002339
:1053900002F0ACFA22462B4602F05EFC84A3D3E96D
:1053A000002382468B462046294602F055FC82A304
:1053B000D3E9002302F098FA22462B4602F04CFC77
:1053C0007FA3D3E9002302F091FA22462B4602F094
:1053D00043FC7DA3D3E9002302F086FA22462B4644
:1053E00002F03AFC814B002202F080FA02460B46A2
:1053F0005046594602F05AFD42464B4602F02CFCFC
:10540000002682468B4632464B463046494602F0DD
:1054100023FC02460B462046294602F065FA324636
:1054200004460D464B464046494602F05FFA0246A6
:105430000B462046294602F039FD02460B465046EF
:10544000594602F053FA32464B4602F04FFA0246F2
:105450000B4602F04BFABDE8F88F02460B4602F00D
:1054600043FA02460B4602F021FDBDE8F88F58A131
:10547000D1E90001BDE8F88F02460B4602F0ECFBD3
:105480003FA3D3E9002306460F4602F0E5FB3EA307
:10549000D3E9002302F02AFA32463B4602F0DCFB55
:1054A0003BA3D3E9002302F01FFA32463B4602F049
:1054B000D3FB39A3D3E9002302F018FA32463B4666
:1054C00002F0CAFB36A3D3E9002302F00DFA3246FC
:1054D0003B4602F0C1FB34A3D3E9002302F006FAF5
:1054E00032463B4602F0B8FB31A3D3E900238046A5
:1054F00089463046394602F0AFFB2FA3D3E900239B
:1055000002F0F2F932463B4602F0A6FB2CA3D3E9A7
:10551000002302F0EBF932463B4602F09DFB2AA342
:10552000D3E9002302F0E0F932463B4602F094FB57
:105530002E4B002202F0DAF902460B46404649465D
:1055400002F0B4FC2A46234602F086FB02460B46D4
:1055500021A1D1E9000102F0C7F902460B46284615
:10556000214602F0C1F902460B4603A1D1E9000130
:1055700002F0BAF9BDE8F88F182D4454FB21F93F29
:1055800009F7FD0DE13D023F88B20175E0EF493FAB
:105590003B8F68B52882A43F5544880E55C1C93F4A
:1055A0007D6FEB0312D6D43F555555555555C53F24
:1055B00082922EB1C5B8B33F59018D1B6C06E63FF0
:1055C000C88A599CE52A00404B2D8A1C273A034083
:1055D000182D4454FB210940075C143326A6913C46
:1055E000FFFFEF3FFFFFDF3F0000603C0000F03FA8
:1055F0000000E03F5C4B002202F078F95B4B002298
:1056000002F02AFB40A3D3E9002304460D4602F032
:1056100023FB3FA3D3E9002302F068F922462B467F
:1056200002F01AFB3CA3D3E9002302F05DF9224605
:105630002B4602F011FB3AA3D3E9002302F056F9FE
:1056400022462B4602F008FB37A3D3E9002302F0E1
:105650004BF922462B4602F0FFFA35A3D3E900238B
:1056600002F044F922462B4602F0F6FA80468946BB
:1056700020462946FEF78EFF2FA3D3E900230646D6
:105680000F462046294602F0E7FA2DA3D3E900236E
:1056900002F02AF922462B4602F0DEFA2AA3D3E9C9
:1056A000002302F023F922462B4602F0D5FA28A364
:1056B000D3E9002302F018F922462B4602F0CCFA77
:1056C000294B002202F012F902460B464046494699
:1056D00002F0ECFB32463B4602F0BEFA1EA3D3E9D1
:1056E000002302F001F932463B4602F0FFF8024681
:1056F0000B4602F0FBF802460B4619A1D1E9000166
:1057000002F0F2F8BDE8F88F09F7FD0DE13D023F28
:1057100088B20175E0EF493F3B8F68B52882A43F0E
:105720005544880E55C1C93F7D6FEB0312D6D43F57
:10573000555555555555C53F82922EB1C5B8B33F05
:1057400059018D1B6C06E63FC88A599CE52A00402A
:105750004B2D8A1C273A0340075C143326A6913C44
:10576000182D4454FB2109400000F03F0000E03FA9
:105770002DE9704FC44B21F00048984586B004468F
:105780000D4632DD08F1404808F5801858EA000857
:105790000ED002460B4602F0A7F80B46024602F076
:1057A00085FB04460B462046194606B0BDE8708FBF
:1057B00099A3D3E9002302F04FFA22462B46044670
:1057C0000D461046194696A3D3E9002302F044FA89
:1057D00002460B462046294602F088F804460B464E
:1057E0002046194606B0BDE8708FA84B98450E4676
:1057F0000FDCB8F1795F80F251818BA3D3E90023EC
:1058000002F074F8A24B002202F0B6FC002840F02F
:10581000FF8020462946FEF7FDFC02460B4600208D
:105820009B4902F061F89B4B002202F015FA80A31D
:10583000D3E9002304460D4602F00EFA7EA3D3E915
:10584000002302F053F822462B4602F005FA7CA30F
:10585000D3E9002302F048F822462B4602F0FCF977
:1058600079A3D3E9002302F041F822462B4602F047
:10587000F3F977A3D3E9002302F036F822462B464A
:1058800002F0EAF974A3D3E9002302F02FF82246CC
:105890002B4602F0E1F972A3D3E90023CDE9000120
:1058A0002046294602F0D8F96FA3D3E9002302F07D
:1058B0001BF822462B4602F0CFF96DA3D3E9002353
:1058C00002F014F822462B4602F0C6F96AA3D3E987
:1058D000002302F009F822462B4602F0BDF96C4B7A
:1058E000002202F003F8CDE9020120462946FEF726
:1058F00051FE694B984582468B4668DC02460B4652
:1059000001F0F4FFDDE90223CDE90401DDE9000146
:1059100002F0CCFA02460B46DDE9040102F09CF9E4
:105920004FF00008CDE9000142465B46404659462B
:1059300002F092F902460B462046294601F0D4FFB8
:10594000424604460D465B465046594601F0CEFF9E
:1059500002460B462046294602F0A8FA02460B46AC
:1059600001F0C4FF02460B462DA1D1E9000101F070
:10597000BBFF02460B46DDE9000101F0B5FF4246E0
:1059800004460D465B464046594601F0AFFF0246CD
:105990000B463BA1D1E9000101F0A6FF02460B46F0
:1059A0002046294601F0A0FF0B46024634A1D1E96A
:1059B000000101F099FF04460B46002E3FF7F3AEBD
:1059C00003F100432046194606B0BDE8708FDDE9BB
:1059D0000223DDE9000102F069FA52465B4602F05B
:1059E0003BF952465B4601F081FF02460B4601F04F
:1059F0007DFF0BA3D3E9002301F076FF0B4602469F
:105A000005A1D1E9000101F06FFF04460B46D4E780
:105A10002B46C8E6AFF30080182D4454FB21F93F14
:105A2000075C143326A6913C9C7500883CE4377EC5
:105A300009F7FD0DE13D023F88B20175E0EF493FF6
:105A40003B8F68B52882A43F5544880E55C1C93F95
:105A50007D6FEB0312D6D43F555555555555C53F6F
:105A600082922EB1C5B8B33F59018D1B6C06E63F3B
:105A7000C88A599CE52A00404B2D8A1C273A0340CE
:105A8000182D4454FB21E93FFFFFEF3FFFFFDF3FAD
:105A90000000F03F0000E03F3233EF3F02460B468C
:105AA00002F0DAF838A3D3E900238046894602F0F1
:105AB000D3F837A3D3E9002301F018FF42464B4641
:105AC00002F0CAF834A3D3E9002301F00DFF4246E7
:105AD0004B4602F0C1F832A3D3E9002301F006FFE0
:105AE00042464B4602F0B8F82FA3D3E9002301F059
:105AF000FBFE42464B4602F0AFF82DA3D3E900234C
:105B000001F0F4FE42464B4602F0A6F82AA3D3E980
:105B1000002382468B464046494602F09DF828A362
:105B2000D3E9002301F0E0FE42464B4602F094F830
:105B300025A3D3E9002301F0D9FE42464B4602F0EB
:105B40008BF823A3D3E9002301F0CEFE42464B4657
:105B500002F082F8204B002201F0C8FE02460B46FC
:105B60005046594602F0A2F922462B4602F074F83C
:105B700022462B4601F0BAFE04460B462046194643
:105B800006B0BDE8708F00BF09F7FD0DE13D023F93
:105B900088B20175E0EF493F3B8F68B52882A43F8A
:105BA0005544880E55C1C93F7D6FEB0312D6D43FD3
:105BB000555555555555C53F82922EB1C5B8B33F81
:105BC00059018D1B6C06E63FC88A599CE52A0040A6
:105BD0004B2D8A1C273A03400000F03FFFFFFFFFD8
:105BE0002DE9F84F9E465342DFF87C9113432EF087
:105BF000004848EAD3734B4516460D4607463DD844
:105C00004442044321F0004A4AEAD4744C45034616
:105C10008B4633D80EF1404404F5801414433DD034
:105C20004FEAAE7404F002045AEA030344EAD17462
:105C30002CD058EA020235D0C84546D0CA4531D0EA
:105C4000AAEB080ABAF1747F4FEA2A5339DABEF197
:105C5000000F46DA3C3344DA00200021012C58D0F2
:105C6000022C49D084B134A3D3E9002301F03CFED7
:105C700033A3D3E9002301F037FE05E03A4630466E
:105C800071462B4601F032FEBDE8F88F022C10D091
:105C9000032CF9D12CA1D1E90001F5E7BDE8F84FBB
:105CA000FEF7D2B8BBF1000F07DB29A1D1E9000153
:105CB000EAE723A1D1E90001E6E727A1D1E9000144
:105CC000E2E723A1D1E90001C8E7C24504F1FF34AE
:105CD00023D0022C29D8254B03EBC403D3E90001C0
:105CE000D2E7324673463846294602F0DFF8FEF71F
:105CF00091FAFEF7A9F8B1E70FA3D3E9002301F069
:105D0000F3FD02460B460EA1D1E9000101F0ECFDC6
:105D1000BAE701F100431946B6E7022C08D8144B44
:105D200003EBC403D3E90001AEE700200021ABE799
:105D30000BA1D1E90001A7E7075C143326A6A13C1B
:105D4000182D4454FB210940182D4454FB2109C04F
:105D5000182D4454FB21F93F182D4454FB21F9BF61
:105D6000182D4454FB21E93F0000F07FC01E0300C2
:105D7000A81E03002DE9F84323F000479E469C46E9
:105D800057EA0203054690462FD010461446984A1B
:105D900021F0004991450B4627DC4242954E0243D3
:105DA00047EAD272B24220D8B945AE462A4601F03F
:105DB000004606DCC0F2CB804545C0F0C88000F04C
:105DC000FF808C491940F9B9B9F1000F40F0E28029
:105DD000BEF1000F754640F30881A1F213416D003A
:105DE000002D01F1FF31FADC12E0734642462846ED
:105DF00001F032FF0B46024602F058F805460B460A
:105E000028461946BDE8F8834FEA2951A1F2FF312F
:105E1000784D0CEA050585B9002F40F0AC800028CC
:105E2000804640F3E080A5F213454FEA4808B8F1F8
:105E3000000F05F1FF35F8DC02E03D15A5F2FF3556
:105E4000DFF8B481414572DBC3F3130343F48013DD
:105E5000DFF8A4E1754559DBCCF3130C4CF4801C3E
:105E6000101A491B0BD11DE050EA0E0344D04FEA33
:105E7000DE73013903EB40034FEA4E0211D0A3EB6E
:105E80000C00944288BF00F1FF300028A2EB040E02
:105E90004FEAD277E8DA013907EB43034FEA4202CF
:105EA000EDD1101BA3EB0C0C944288BF0CF1FF3C0E
:105EB000BCF1000FA4BF0246634653EA020105D1BC
:105EC0001AE0D10F01EB43035200013DB3F5801FEF
:105ED000F7DB49498D4269DA491B142976DC05F262
:105EE0001E40CA4003FA00F043FA01F10E4340EAB3
:105EF00002031D46334683E7404BF60F03EBC60310
:105F0000D3E9005328461946BDE8F883AEEB0504F3
:105F10001F2C24DD3A4C491BA4EB050C00FA0CFCA9
:105F200018BF0024ABD1A3EB0C0C1046C0E7A8EBC4
:105F30000108B8F11F0F0CDC01F21E4309FA08F941
:105F40002EFA03F30EFA08F243EA090380E70B4640
:105F500056E72B4B5B1A0EFA03F3002278E705F2A3
:105F60001E4C07FA04FE20FA0CFC00FA04F44CEA7A
:105F70000E0C101B75E74FEAC728B8F1000F1E4D35
:105F80007FF75EAF4FEA4808B8F1000F05F1FF3523
:105F9000F8DC55E74FEAC925002D17497FF738AFE0
:105FA0006D00002D01F1FF31FADC31E7A3F580131C
:105FB000334305F2FF3543EA05510B4615461FE70B
:105FC0000E4B03EB1673D3E9005319E71F2906DCC8
:105FD00005F21E4022FA01F183400B4389E7084A8B
:105FE000521B134185E7074D2AE7064910E700BF1A
:105FF000FFFFEF7F0000F07F02FCFFFFD81E0300D1
:10600000E2FBFFFFEDFBFFFF2DE9F04F23F0004A1D
:1060100007465AEA020093B014461D46884610D13E
:10602000FB19754988F400225241984291411FD2D0
:106030003846414622462B4601F058FC13B0BDE8D5
:10604000F08F11466D4A28F0004991459B4646461F
:106050003B4614DD06F1404606F580161E43E7D1A7
:106060002319654985F4002252419E429141DFD3B4
:10607000634C00231846214613B0BDE8F08F3ED094
:106080005E4A9245E6DC00F08880002E69DB002243
:10609000009279B9594A924500F08380584A924556
:1060A00000F09780BBF1804F00F09684554A9345ED
:1060B00000F0B783384641460293FEF7ABF8029BE7
:1060C0004BB3009AF30F013B0A93134300F088800F
:1060D0004D4B9A4540F39E8003F104739A454B4B18
:1060E00040F30E84994540F38784BBF1000F40F3E1
:1060F0008784002013B0BDE8F04FFEF717BA002FD9
:1061000096D1BDE7384641460093FEF783F8009BE1
:10611000002B65D10093B9F1000F04D0384B26F065
:1061200040429A42CDD1BBF1000F05DA02460B4640
:106130000020334901F0BAFE002EBFF67FAF009B6E
:1061400009F1404909F5801959EA030940F06884CA
:1061500002460B4601F0C8FB02460B4601F0A6FEC4
:106160006CE72B4A92452EDCA2F1547292450FDD6A
:106170004FEA2A52A2F2FF32142A40F34384C2F1BA
:10618000340221FA02F000FA02F28A4200F071842D
:1061900000220092002981D08CE700293FF475AFDE
:1061A00058E709F1404202F580121A433FF460AF0C
:1061B000164B994540F36983BBF1000FC0F25F8332
:1061C000204629463AE70222009200293FF462AFB6
:1061D00070E7BBF1000FC0F2F783384641462DE768
:1061E0003A4643463846414601F07EFB02460B469E
:1061F00001F05CFE22E700BF0000F0FF0000F07F2E
:106200000000F03F0000E03F0000E041FFFFEF3FF3
:10621000FFFF3F43D64B334000222BB9D54B01F053
:106220001BFD6FF0340289464FEA2953A3F2FF3376
:106230009A18D14B0B92C9F3130949F07F5699452F
:1062400046F4401607DDCD4B994540F3F283013209
:106250000B92A6F5801600220023CDE90823CDE994
:106260001023C74B0022CDE906230027DDE90623D2
:106270003146824601F038FBB346DDE9062380460D
:10628000894650463146CDE90CAB01F02FFB024662
:106290000B460020BA4901F009FE0A460146CDE945
:1062A0000E12134649460246404601F0D5FC0A4606
:1062B00083469446CDE902BC4FF0000CCDF808C0EF
:1062C0007610DDE902AB46F00056014606F50023E4
:1062D000CDE904120020D91906460F4602460B46A6
:1062E0005046594601F0B8FC02460B464046494626
:1062F00001F0FAFADDE90623804689463046394640
:1063000001F0F2FA02460B46DDE90C0101F0ECFA6D
:1063100052465B4601F0A0FC02460B464046494609
:1063200001F0E2FADDE90E2301F096FCDDE90467F5
:10633000CDE9060132463B463046394601F08CFC39
:1063400079A3D3E9002306460F4601F085FC78A324
:10635000D3E9002301F0CAFA32463B4601F07CFC47
:1063600075A3D3E9002301F0C1FA32463B4601F0A0
:1063700073FC73A3D3E9002301F0B8FA32463B461D
:1063800001F06AFC70A3D3E9002301F0AFFA3246B2
:106390003B4601F061FC6EA3D3E9002301F0A6FAAD
:1063A0003246804689463B463046394601F054FC29
:1063B00002460B464046494601F04EFC5246064610
:1063C0000F465B46DDE9040101F090FADDE90623A2
:1063D00001F042FC32463B4601F088FA52468046C4
:1063E00089465B465046594601F036FC02460B464C
:1063F000CDE90C23634B002201F078FA42464B466C
:1064000001F074FA00260F4632463B465046594684
:1064100001F022FC5B4B82468B4600223046394617
:1064200001F062FADDE90C2301F05EFA02460B4648
:106430004046494601F058FADDE9042301F00CFC1E
:106440003246804689463B46DDE9060101F004FC00
:1064500002460B464046494601F048FA80468946C6
:1064600002460B465046594601F040FA00263AA330
:10647000D3E9002330460F4601F0EEFB52465B465F
:1064800082468B463046394601F02EFA02460B46CC
:106490004046494601F028FA31A3D3E9002301F030
:1064A000DBFB31A3D3E900238046894630463946D9
:1064B00001F0D2FB02460B464046494601F016FA6F
:1064C000DDE9102301F012FA80460B98894601F0AD
:1064D00059FB424606460F464B4650465946CDE9C3
:1064E00004AB01F003FADDE9082301F0FFF93246BD
:1064F0003B4601F0FBF9002032463B4682468B4684
:1065000001F0F2F9DDE9082301F0EEF9DDE90423F9
:1065100001F0EAF902460B464046494601F0E4F92B
:1065200032E000BFAFF30080EF4E454A287ECA3FFD
:1065300065DBC9934A86CD3F01411DA96074D13FF7
:106540004D268F515555D53FFFAB6FDBB66DDB3F09
:10655000033333333333E33F000000E009C7EE3F3A
:10656000FD033ADC09C7EE3FF5015B14E02F3EBEA8
:106570000000F07F000040438E98030079B60B00C6
:106580000000F03F00000840CDE90201009B0A9A9C
:10659000013B13430CBFD44BD44B0022CDE9042361
:1065A0000023CDE900450093DDE9008920464246FD
:1065B0004B46294601F098F952465B4601F04CFBE8
:1065C000224606460F462B46DDE9020101F044FB58
:1065D00002460B463046394601F088F942464B46A2
:1065E00006460F465046594601F036FB0B4602461A
:1065F00004460D463046394601F078F9BC4B9942C5
:10660000804689468A4640F3168101F13F4303F5EF
:10661000E003034340F02282A1A3D3E900233046E4
:10662000394601F063F92246CDE900012B46404688
:10663000494601F059F902460B46DDE9000101F037
:106640009BFD002840F00A82CAF30A534FF48012DF
:10665000A3F2FE3342FA03F35344A649C3F30A52AA
:10666000A2F2FF3241FA02FCC3F31301C2F1140299
:1066700041F4801141FA02FE00200CEA0301BAF154
:10668000000FCDF808E002460B4602DA7146494297
:1066900002912046294601F027F9029B1B05009331
:1066A00002460B4604460D463046394601F01EF9B7
:1066B00089464FF000087CA3D3E9002340464946B1
:1066C00001F0CAFA224682468B462B46404649468E
:1066D00001F00AF902460B463046394601F004F94A
:1066E00073A3D3E9002301F0B7FA73A3D3E900231E
:1066F00004460D464046494601F0AEFA02460B46B6
:106700002046294601F0F2F806460F4602460B469F
:106710005046594601F0EAF852465B4604460D469B
:1067200001F0E2F802460B463046394601F0DCF84B
:10673000224682468B462B462046294601F08CFA9B
:106740005FA3D3E9002306460F4601F085FA5EA356
:10675000D3E9002301F0C8F832463B4601F07CFA49
:106760005BA3D3E9002301F0C1F832463B4601F0B8
:1067700073FA59A3D3E9002301F0B6F832463B4639
:1067800001F06AFA56A3D3E9002301F0AFF83246CC
:106790003B4601F061FA02460B462046294601F0CD
:1067A000A3F806460F4602460B462046294601F04E
:1067B00053FA002280468946304639464FF08043DE
:1067C00001F092F802460B464046494601F06EFB46
:1067D000524606460F465B462046294601F03CFAE3
:1067E00052465B4601F082F802460B463046394677
:1067F00001F07AF822462B4601F076F802460B4665
:1068000000203A4901F070F8009D0C462C44B4F584
:10681000801FC0F21F812146DDE9042301F01CFA2C
:106820000CE4002EFFF646AC3846414613B0BDE8F6
:10683000F04FFDF7AFBEDFF8C0C021F00043634565
:1068400040F3D2802D4B0B4403430AD122462B4602
:1068500001F04AF832463B4601F084FC00283FF440
:10686000F3AEDDE904010022002301F067FC0038EB
:1068700018BF012013B0BDE8F04FFDF751BE002353
:10688000002418462146FFF7D9BBBBF1000FF6DA0A
:1068900005F1004320461946FFF7D0BBAFF3008057
:1068A000FE822B654715973C00000000432EE63F13
:1068B000EF39FAFE422EE63F396CA80C615C20BE2F
:1068C000D0A4BE726937663EF16BD2C541BDBB3EF6
:1068D0002CDE25AF6A56113F93BDBE166CC1663FD4
:1068E0003E5555555555C53F0000F0BF0000F03FDF
:1068F000FFFF8F400000F0FFFFCB904000346F3F60
:10690000994579DB704B99453FF7EFAB6E4B002211
:1069100000F0EAFF60A3D3E9002306460F4601F02A
:106920009BF95FA3D3E90023804689463046394668
:1069300001F092F9654B82468B460022304639467B
:1069400001F08AF902460B4657A1D1E9000100F097
:10695000CBFF32463B4601F07FF902460B46002052
:106960005B4900F0C1FF3246CDE902013B463046AB
:10697000394601F071F902460B46DDE9020101F0EA
:106980006BF94BA3D3E9002301F066F902460B46ED
:106990005046594600F0A8FF02460B4606460F46F1
:1069A0004046494600F0A2FF002042464B46824640
:1069B0008B4600F099FF02460B463046394600F000
:1069C00093FFCDE90201E1E53A4643463E49002006
:1069D00001F06CFAFFF732BB3A463846434641466F
:1069E00001F03AF9FFF72ABB394A934252DCDDE95C
:1069F0000023009202925CE6BBF1000FFFF679AB38
:106A0000002037E700297FF47DABC2F114024AFA77
:106A100002F000FA02F2524535D00091FFF73EBB7A
:106A2000009B012B7FF40AAB01F100431946FFF7ED
:106A300005BB21A3D3E90023CDE9082320A3D3E993
:106A40000023CDE91023234B0022CDE906234FF488
:106A500080270BE4029AFDF7C3FCDDE6DDE90401C3
:106A60000022002301F06AFB003818BF0120FFF765
:106A700041BB00F00100C0F10202009200293FF486
:106A80000DABFFF717BB00F00100C0F1020200924E
:106A9000FFF704BB1B15D9E5000000604715F73F61
:106AA00044DF5DF80BAE543E555555555555D53F11
:106AB000FE822B654715F73F0000004003B8E23F18
:106AC00006D0CF43EBFD4C3E0000F03F0000D03F2E
:106AD0000000E03F0000F83F2DE9F04F1446B64AB1
:106AE00021F00045954291B040F38580B34A95422C
:106AF0000F4626DC0029A6A3D3E9002340F3C48176
:106B000000F0F2FEAE4B9D428046894600F0888040
:106B1000A1A3D3E9002300F0E7FE02460B46C4E937
:106B200000234046494600F0DFFE9BA3D3E9002343
:106B300000F0DAFEC4E902010126304611B0BDE8DA
:106B4000F08FA04A954240F38B809F4A95425DDCCE
:106B50002E15A6F21646A5EB06518946804601F091
:106B60002BFB01F00FF802460B4640464946CDE9A3
:106B70000A2300F0B9FE954B002201F06DF889461A
:106B8000804601F019FB054600F0FCFF02460B466B
:106B900040464946CDE90C2300F0A6FE8B4B00226F
:106BA00001F05AF802460B46CDE90E2300220023DD
:106BB00001F0BAFA002800F06581002D0CBF012316
:106BC0000223834A019202220092214632460AA8F9
:106BD00000F062FA002F0646AFDAD4E9000505F1AD
:106BE0000041C4E90001E168A26801F10043C4E981
:106BF00002237642A1E70026C4E900010022002317
:106C00003046C4E9022311B0BDE8F08F02460B46BE
:106C100000F06AFE0026C4E90201C4E900018CE725
:106C20005FA3D3E9002300F05FFE5FA3D3E9002355
:106C30008046894600F058FE02460B46C4E9002310
:106C40004046494600F050FE57A3D3E9002300F028
:106C50004BFE0126C4E90201304611B0BDE8F08FB9
:106C6000FDF7D8FA52A3D3E900238046894600F005
:106C7000F3FF584B002200F039FE01F09DFA064662
:106C800000F080FF42A3D3E9002382468B46CDE982
:106C900004AB00F0E1FF02460B464046494600F0D7
:106CA00023FE3DA3D3E90023CDE902015046594616
:106CB00000F0D2FF1F2E8046894612DC464B721E22
:106CC00053F82230AB420CD002460B46DDE90201FC
:106CD00000F00AFE02460B46C4E9002382468B46BA
:106CE000B4E02B150793DDE902014B46424600F064
:106CF000FBFDC1F30A53C3EB1553102B8B468246A1
:106D000040F3A08026A3D3E90023DDE9040100F0CD
:106D1000A3FF8046894602460B46DDE9020100F0EA
:106D2000E3FD82468B4652465B46DDE9020100F0F8
:106D3000DBFD42464B4600F0D7FD1BA3D3E9002301
:106D400080468946DDE9040100F086FF42464B4655
:106D500000F0CAFD02460B46804689465046594619
:106D6000CDE908AB00F0C0FD079AC1F30A53D31A6E
:106D7000312B8B46824631DC02460B46C4E90023A8
:106D8000DDE90823CDE9022360E000BFAFF3008016
:106D900000004054FB21F93F3163621A61B4D03DD9
:106DA0000000601A61B4D03D7370032E8A19A33BB2
:106DB00083C8C96D305FE43FFB21E93F7BD90240C6
:106DC000FB21F93FFB213941FFFFEF7F00007041BC
:106DD000681F03000000E03FE81E030048A3D3E95A
:106DE0000023DDE9040100F037FF804689460246B2
:106DF0000B46DDE9080100F077FD82468B465246DE
:106E00005B46DDE90801CDE902AB00F06DFD4246CD
:106E10004B4600F069FD3CA3D3E900238046894638
:106E2000DDE9040100F018FF42464B4600F05CFD2E
:106E300002460B46804689465046594600F054FDAE
:106E40008B46824652465B46C4E9002352465B4667
:106E5000DDE9020100F048FD42464B4600F044FDEA
:106E6000002F02460B46C4E90223BFF666AE0BF1C3
:106E7000004301F10041A060C4F800A06360E1603C
:106E800076425AE603239CE600F030FD264B9D42F5
:106E90008046894616D01EA3D3E9002300F026FDC4
:106EA00002460B46C4E900234046494600F01CFD5B
:106EB00017A3D3E9002300F019FD4FF0FF36C4E912
:106EC00002013AE614A3D3E9002300F00FFD14A356
:106ED000D3E900238046894600F008FD02460B46B0
:106EE000C4E900234046494600F0FEFC0CA3D3E968
:106EF000002300F0FBFC4FF0FF36C4E902011CE662
:106F00000000002E8A19A33BC14920259A837B39B2
:106F10003163621A61B4D03D0000601A61B4D03DA3
:106F20007370032E8A19A33BFB21F93F2DE9F04F23
:106F300023F0004555EA020C83B050D00E46019173
:106F4000504926F0004A8A4507461446984642DCD6
:106F50008D429B4691464BDD05F1004505F58015B8
:106F6000154338D138463146FDF754F90B460246F1
:106F7000414620461D461446FDF74CF9424B0BEAAC
:106F8000030306460F46002B53D122462B462046CC
:106F9000294600F0ABFC32463B4601F0EDF888B1E3
:106FA0002046294632463B4600F09EFC02460B46F0
:106FB00004460D4600F09AFC32463B4601F0D2F8FA
:106FC000002854D1019B03F00043204683EA0501C9
:106FD00003B0BDE8F08F224638463146434600F004
:106FE0003BFE02460B4600F061FF03B0BDE8F08FA8
:106FF00026498D421BDC1046194600F077FC0B46F3
:10700000024631463846FEF7B5FE03460E46AAEB69
:10701000050AA7EB09075AEA070A31D11846314693
:107020000022002300F018FE03B0BDE8F08F3B46BD
:10703000EDE7174B002200F00FFE8046894602461E
:107040000B462046294601F097F80028BAD0204682
:10705000294632463B4600F047FC04460D46404672
:10706000494622462B4601F073F80028AAD0204654
:10707000294632463B4600F037FC04460D46A1E760
:107080001F466FE7FFFFEF7F0000E07FFFFFDF7F1E
:107090000000E03FFFFFFFFF2DE9F04FADF5197D48
:1070A0001C4608930B91B64BA29953F821300593D7
:1070B00012F1140F04F1FF3306460393C0F23A8332
:1070C000B049D31E81FB0301DB17C3EBA103079378
:1070D0000133A3EB8303DB00D3180693079A039BCA
:1070E000D41A059AD7181BD40137DDF88CA227448F
:1070F00020AD4FF000084FF0000908E05AF82400D6
:1071000000F040FD0134BC42E5E8020108D0002C4B
:10711000F4DA013440464946BC42E5E80201F6D1C2
:10712000059B002BC0F2C083089BDDF80C9020AAC1
:1071300002EBC30ADA000292059AA6F108011A448A
:1071400004910DF5E07B019201EBC308039B002B3A
:10715000C0F29C81049E57460024002577E9022353
:10716000F6E9020100F078FD02460B46204629466A
:1071700000F0BCFB464504460D46EFD1019B09F1EA
:1071800001099945EBE802450AF1080ADED1049BA2
:10719000DDF808B0059A01929B440CAB03EB820327
:1071A000043B09930CAB03EB82030A93019A98AB5F
:1071B00003EBC203002A53E9284529DD0DF5E07AE7
:1071C0000AEBC2080DF130096F4B00222046294618
:1071D00000F042FD00F0F0FF00F0D4FC6B4B002209
:1071E00006460F4600F038FD02460B46204629466B
:1071F00000F07AFB00F0E0FF78E9022349F8040B85
:107200003946304600F072FBD04504460D46DBD1CE
:10721000DDF81890204629464A46FDF7E1F800229D
:107220004FF07F5304460D4600F016FDFDF718FBA6
:10723000574B002200F010FD02460B46204629461F
:1072400000F052FB0D46044600F0B6FF804600F009
:1072500099FC0B4602462946204600F045FB4B466A
:10726000002B06460F4640F39580019A501E0CAA4B
:10727000C9F1180352F8202042FA03F404FA03F388
:10728000D21AC9F117010CAB42FA01F5002D43F8EF
:107290002020A04400F38880002200233046394695
:1072A00000F042FF002800F04C82019B059A5C1E12
:1072B000A2420EDC0CAA0A9E980002EB8303002275
:1072C00053F8041DB34242EA0102F9D1002A40F00A
:1072D000E080059B0CAA013B52F82330002B40F0C4
:1072E000CF80099A012352F8041D01330029FAD0F6
:1072F000019AD318029302F10108079B019A03EB4C
:10730000080A0AF1804AA39B0AF1FF3A03EB8A0AB2
:10731000089B03F10053013B134420A901EBC3096F
:1073200070AB03EBC20301935AF8040F00F02AFC80
:10733000039B002BE9E902011FDB049E4F4600245A
:10734000002501E077E90201F6E9022300F084FC60
:1073500002460B462046294600F0C8FA5E45044620
:107360000D46EFD1019BE3E902450193029B08F131
:1073700001089845D8DD019318E700240025F1E7BE
:10738000B0200300ABAAAA2A0000703E00007041A2
:10739000000020406BD1019B0CAA013B52F8235006
:1073A000ED15002D7FF778AF019B002B08F1010848
:1073B00040F3C5810C9C002C51D1019B012B20D0A6
:1073C0000CAB012253F8044F002C4BD0531C0CA9DA
:1073D000C4F1807441F822400199994210DD0CAA51
:1073E0000CA852F8232000EB830300EB81006FF020
:1073F0007F4100E01A688A1A43F8042B8342F9D1CE
:107400000124069B002B0EDD012B00F06881022B6E
:1074100009D1019B5A1E0CAB0CA953F82230C3F3BF
:10742000150341F82230022D7FF436AF32463B4639
:10743000B349002000F058FA06460F46002C3FF4EE
:107440002BAF069AAE490020FCF7CAFF02460B4656
:107450003046394600F048FA06460F461CE701233D
:107460000022B4E7019901328A42ABD1C9E7A54BAA
:10747000002200F077FE002840F04A8105460BE725
:10748000019B03F10108CDF8088036E700240025B0
:1074900074E6069B0294A3F118010CABCDE90358E6
:1074A00053F824300691224653B9031F0CA8034415
:1074B00053F8040D013A18390028F9D002920691C8
:1074C000069A8F490020FCF78BFF029B002B044695
:1074D0000D46C0F2DF8103F1010B0CAB03EB8B0611
:1074E0004FEACB030693DFF8209270AB03EBCB0798
:1074F0004FF0000856F8040D00F044FB22462B46DE
:1075000000F0AAFB4B4667E90201424620462946A5
:1075100000F0A2FB0CAB9E4204460D46EAD1069B4E
:10752000CDF81CB0DDF814B0083B70AA02EB0309DB
:10753000BBF1000F48AB4FF0000801932EDB6EA3A8
:10754000D3E90023DFF8C4A14F460026002400251C
:1075500003E0B04510DBFAE90223F7E8020100F08E
:107560007BFB02460B462046294600F0BFF9013658
:10757000B34504460D46ECDA019B029903EBC803C0
:107580008845C3E90045A9F108094FEAC80A08F18E
:10759000010206D0BBF1000F9046D0DA002400258E
:1075A000EAE7A29ADDF81CB0022A22DC002A00F3E6
:1075B000FB8017D1A29A069C019D13462C441046CD
:1075C000194674E9022300F091F9A54202460B46E0
:1075D000F5D1039909B103F1004319460B9B1046FD
:1075E000C3E90001049B03F007000DF5197DBDE818
:1075F000F08FA29A032AF5D1029A9B46002A00F046
:1076000066815BE902672046294632463B4600F028
:107610006DF9A046A94604460D4622462B46304643
:10762000394600F061F94B46424600F05FF9CBE97C
:1076300000016BE90245019B5B45E2D1029B012BF6
:1076400040F34581019B5344D3E900459B465BE9E8
:1076500002672046294632463B4600F047F9A046DD
:10766000A94604460D4622462B463046394600F0D0
:107670003BF94B46424600F039F9CBE900016BE992
:1076800002454AAB5B45E2D1019A0AF108040023A6
:10769000144402F110051A461846114674E90223F3
:1076A00000F024F9A54203460A46F5D103990029C2
:1076B00040F0C4801846019B0B9C1146D3E902237D
:1076C000C4E90223DDE94823C4E90023049BC4E99B
:1076D000040103F007000DF5197DBDE8F08F019B53
:1076E0005A1E0CAB0CA953F82230C3F3160341F811
:1076F000223098E6AFF3008000000040FB21F93F04
:107700000000F03F0000E03F0000703E70200300EA
:10771000019B002B08F10108C8BF02253FF74AAEC4
:1077200032463B466B49002000F0DEF80225064653
:107730000F46B1E500216FF017030791CCE4002458
:107740005FE6069C304639466242CDE90358FCF7B5
:1077500047FE614B002206460F4600F003FD00285D
:1077600062D0019B00225D1C18345C4B06943046AD
:107770003946029500F070FA00F01EFD044600F054
:1077800001FA554B002200F067FA02460B463046DC
:10779000394600F0A9F800F00FFD0CAA019B42F851
:1077A000230042F825408BE6019C002604EBCB0B1E
:1077B0003346304619467BE9022300F097F85C45D2
:1077C00006460B46F5D1039A3046002A50D1194699
:1077D0000B9B3246C3E900010B46DDE9480100F08E
:1077E00083F80B4602990029024611DD029E48AD3E
:1077F000012410461946F5E9022300F077F8013418
:10780000A64202460B46F4DA039909B103F100439C
:1078100019460B9B1046C3E90201049B03F00700C5
:107820000DF5197DBDE8F08F3046394600F0C4FCF7
:10783000019B02930CAA42F8230041E60B9E3361A0
:10784000019B02F1004298681C6872611A465B68ED
:1078500003F10045D36803F10041049BC6E902012E
:1078600003F00700C6E900450DF5197DBDE8F08F6E
:107870000B9A194603F10043536016600B463246DB
:10788000DDE9480100F030F80B4602990029024674
:10789000ACDCBBE7A29B022B0DDC002B14DC7FF4DD
:1078A000A1AEA29A134694E6A6F108030493089B9E
:1078B000DB0002936BE4A29B032B7FF493AE0023C7
:1078C00048A91A460191F1E6002633467BE70023DA
:1078D0001A46EBE60000F03F000070410000703EE9
:1078E00081F0004102E000BF83F0004330B54FEA71
:1078F00041044FEA430594EA050F08BF90EA020FDE
:107900001FBF54EA000C55EA020C7FEA645C7FEA70
:10791000655C00F0E2804FEA5454D4EB5555B8BF93
:107920006D420CDD2C4480EA020281EA030382EA04
:10793000000083EA010180EA020281EA0303362D96
:1079400088BF30BD11F0004F4FEA01314FF4801C69
:107950004CEA113102D0404261EB410113F0004F7B
:107960004FEA03334CEA133302D0524263EB430332
:1079700094EA050F00F0A780A4F10104D5F1200ED0
:107980000DDB02FA0EFC22FA05F2801841F100012B
:1079900003FA0EF2801843FA05F359410EE0A5F1FF
:1079A00020050EF1200E012A03FA0EFC28BF4CF030
:1079B000020C43FA05F3C01851EBE37101F00045E6
:1079C00007D54FF0000EDCF1000C7EEB00006EEBF3
:1079D0000101B1F5801F1BD3B1F5001F0CD349087D
:1079E0005FEA30004FEA3C0C04F101044FEA4452D4
:1079F00012F5800F80F09A80BCF1004F08BF5FEA5B
:107A0000500C50F1000041EB045141EA050130BD3A
:107A10005FEA4C0C404141EB0101013C28BFB1F54C
:107A2000801FE9D291F0000F04BF01460020B1FA97
:107A300081F308BF2033A3F10B03B3F120020CDA6A
:107A40000C3208DD02F1140CC2F10C0201FA0CF048
:107A500021FA02F10CE002F11402D8BFC2F1200CAD
:107A600001FA02F120FA0CFCDCBF41EA0C01904063
:107A7000E41AA2BF01EB0451294330BD6FEA0404AC
:107A80001F3C1CDA0C340EDC04F11404C4F1200297
:107A900020FA04F001FA02F340EA030021FA04F3A9
:107AA00045EA030130BDC4F10C04C4F1200220FA00
:107AB00002F001FA04F340EA0300294630BD21FA3E
:107AC00004F0294630BD94F0000F83F4801306BF04
:107AD00081F480110134013D4EE77FEA645C18BFF8
:107AE0007FEA655C29D094EA050F08BF90EA020F8F
:107AF00005D054EA000C04BF1946104630BD91EA87
:107B0000030F1EBF0021002030BD5FEA545C05D189
:107B10004000494128BF41F0004130BD14F58004C8
:107B20003CBF01F5801130BD01F0004545F0FE413C
:107B300041F470014FF0000030BD7FEA645C1ABF71
:107B4000194610467FEA655C1CBF0B46024650EAA8
:107B5000013406BF52EA033591EA030F41F40021D4
:107B600030BD00BF90F0000F04BF0021704730B55A
:107B70004FF4806404F132044FF000054FF000012F
:107B800050E700BF90F0000F04BF0021704730B5F0
:107B90004FF4806404F1320410F0004548BF4042C5
:107BA0004FF000013EE700BF42004FEAE2014FEA1A
:107BB00031014FEA02701FBF12F07F4393F07F4FF5
:107BC00081F06051704732F07F4208BF704793F0F8
:107BD0007F4F04BF41F40021704730B54FF460740B
:107BE00001F0004521F000411CE700BF50EA01020E
:107BF00008BF704730B54FF000050AE050EA0102B7
:107C000008BF704730B511F0004502D5404261EB26
:107C100041014FF4806404F132045FEA915C3FF467
:107C2000D8AE4FF003025FEADC0C18BF03325FEA04
:107C3000DC0C18BF033202EBDC02C2F1200300FAB5
:107C400003FC20FA02F001FA03FE40EA0E0021FADA
:107C500002F11444BDE600BF70B54FF0FF0C4CF4C8
:107C6000E06C1CEA11541DBF1CEA135594EA0C0F7A
:107C700095EA0C0F00F0DEF82C4481EA030621EAB5
:107C80004C5123EA4C5350EA013518BF52EA0335F0
:107C900041F4801143F4801338D0A0FB02CE4FF0A2
:107CA0000005E1FB02E506F00042E0FB03E54FF0D2
:107CB0000006E1FB03569CF0000F18BF4EF0010ECA
:107CC000A4F1FF04B6F5007F64F5407404D25FEAC6
:107CD0004E0E6D4146EB060642EAC62141EA555179
:107CE0004FEAC52040EA5E504FEACE2EB4F1FD0CBB
:107CF00088BFBCF5E06F1ED8BEF1004F08BF5FEA39
:107D0000500E50F1000041EB045170BD06F00046EA
:107D100046EA010140EA020081EA0301B4EB5C0497
:107D2000C2BFD4EB0C0541EA045170BD41F480118F
:107D30004FF0000E013C00F3AB8014F1360FDEBFB4
:107D4000002001F0004170BDC4F10004203C35DA90
:107D50000C341BDC04F11404C4F1200500FA05F313
:107D600020FA04F001FA05F240EA020001F00042B4
:107D700021F0004110EBD37021FA04F642EB06012A
:107D80005EEA430E08BF20EAD37070BDC4F10C0454
:107D9000C4F1200500FA04F320FA05F001FA04F218
:107DA00040EA020001F0004110EBD37041F1000104
:107DB0005EEA430E08BF20EAD37070BDC4F120050F
:107DC00000FA05F24EEA020E20FA04F301FA05F277
:107DD00043EA020321FA04F001F0004121FA04F21F
:107DE00020EA020000EBD3705EEA430E08BF20EAEF
:107DF000D37070BD94F0000F0FD101F00046400029
:107E000041EB010111F4801F08BF013CF7D041EAAA
:107E1000060195F0000F18BF704703F000465200AE
:107E200043EB030313F4801F08BF013DF7D043EA7F
:107E30000603704794EA0C0F0CEA135518BF95EA35
:107E40000C0F0CD050EA410618BF52EA4306D1D1BC
:107E500081EA030101F000414FF0000070BD50EADB
:107E6000410606BF1046194652EA430619D094EA65
:107E70000C0F02D150EA013613D195EA0C0F05D14F
:107E800052EA03361CBF104619460AD181EA0301A3
:107E900001F0004141F0FE4141F470014FF000005B
:107EA00070BD41F0FE4141F4780170BD70B54FF0F6
:107EB000FF0C4CF4E06C1CEA11541DBF1CEA135576
:107EC00094EA0C0F95EA0C0F00F0A7F8A4EB050458
:107ED00081EA030E52EA03354FEA013100F088804F
:107EE0004FEA03334FF0805545EA131343EA126318
:107EF0004FEA022245EA111545EA10654FEA0026CD
:107F00000EF000419D4208BF964244F1FD0404F585
:107F1000407402D25B084FEA3202B61A65EB0305E1
:107F20005B084FEA32024FF480104FF4002CB6EB9E
:107F3000020E75EB030E22BFB61A754640EA0C001E
:107F40005B084FEA3202B6EB020E75EB030E22BF5E
:107F5000B61A754640EA5C005B084FEA3202B6EB9F
:107F6000020E75EB030E22BFB61A754640EA9C005E
:107F70005B084FEA3202B6EB020E75EB030E22BF2E
:107F8000B61A754640EADC0055EA060E18D04FEAEC
:107F9000051545EA16754FEA06164FEAC30343EA8C
:107FA00052734FEAC2025FEA1C1CC0D111F4801F59
:107FB0000BD141EA00014FF000004FF0004CB6E752
:107FC00011F4801F04BF01430020B4F1FD0C88BFF1
:107FD000BCF5E06F3FF6AFAEB5EB030C04BFB6EBFC
:107FE000020C5FEA500C50F1000041EB045170BDEF
:107FF0000EF0004E4EEA113114EB5C04C2BFD4EB1C
:108000000C0541EA045170BD41F480114FF0000E9F
:10801000013C90E645EA060E8DE60CEA135594EA1B
:108020000C0F08BF95EA0C0F3FF43BAF94EA0C0F1E
:108030000AD150EA01347FF434AF95EA0C0F7FF493
:1080400025AF104619462CE795EA0C0F06D152EAE7
:1080500003353FF4FDAE1046194622E750EA4106CB
:1080600018BF52EA43067FF4C5AE50EA41047FF4DC
:108070000DAF52EA43057FF4EBAE12E74FF0FF3C41
:1080800006E000BF4FF0010C02E000BF4FF0010C12
:108090004DF804CD4FEA410C7FEA6C5C4FEA430C8B
:1080A00018BF7FEA6C5C1BD001B050EA410C0CBFDA
:1080B00052EA430C91EA030F02BF90EA020F00203C
:1080C000704710F1000F91EA030F58BF994208BFA3
:1080D00090422CBFD8176FEAE37040F00100704760
:1080E0004FEA410C7FEA6C5C02D150EA013C07D1B7
:1080F0004FEA430C7FEA6C5CD6D152EA033CD3D002
:108100005DF8040B704700BF8446104662468C46FB
:108110001946634600E000BF01B5FFF7B7FF00282E
:1081200048BF10F1000F01BD4DF808EDFFF7F4FF57
:108130000CBF012000205DF808FB00BF4DF808EDE2
:10814000FFF7EAFF34BF012000205DF808FB00BF05
:108150004DF808EDFFF7E0FF94BF012000205DF827
:1081600008FB00BF4DF808EDFFF7CEFF94BF0120DC
:1081700000205DF808FB00BF4DF808EDFFF7C4FFD5
:1081800034BF012000205DF808FB00BF4FEA410C1E
:108190007FEA6C5C02D150EA013C0AD14FEA430C01
:1081A0007FEA6C5C02D152EA033C02D14FF000003E
:1081B00070474FF0010070474FEA410212F500127C
:1081C00015D211D56FF47873B3EB625212D94FEA1E
:1081D000C12343F0004343EA505311F0004F23FA08
:1081E00002F018BF404270474FF00000704750EA5D
:1081F000013005D111F0004008BF6FF0004070471A
:108200004FF00000704700BF4A0011D212F5001273
:1082100011D20DD56FF47873B3EB62520ED44FEADE
:10822000C12343F0004343EA505323FA02F070475E
:108230004FF00000704750EA013002D14FF0FF309C
:1082400070474FF0000070474FEA4102B2F1E0433F
:1082500024BFB3F5001CDCF1FE5C0DD901F0004C2D
:108260004FEAC0024CEA5070B2F1004F40EB83007D
:1082700008BF20F00100704711F0804F21D113F1A9
:108280003872BCBF01F00040704741F480114FEAE2
:108290005252C2F11802C2F1200C10FA0CF320FA6B
:1082A00002F018BF40F001004FEAC1234FEAD32388
:1082B00003FA0CFC40EA0C0023FA02F34FEA4303F2
:1082C000CCE77FEA625307D150EA01331EBF4FF07B
:1082D000FE4040F44000704701F0004040F0FE4096
:1082E00040F40000704700BF80F0004002E000BF93
:1082F00081F0004142001FBF5FEA410392EA030F91
:108300007FEA226C7FEA236C6AD04FEA1262D2EBDA
:108310001363C1BFD218414048404140B8BF5B42DF
:10832000192B88BF704710F0004F40F4000020F078
:108330007F4018BF404211F0004F41F4000121F08E
:108340007F4118BF494292EA030F3FD0A2F10102D8
:1083500041FA03FC10EB0C00C3F1200301FA03F116
:1083600000F0004302D5494260EB4000B0F5000F39
:1083700013D3B0F1807F06D340084FEA310102F1F8
:108380000102FE2A51D2B1F1004F40EBC25008BFAA
:1083900020F0010040EA03007047490040EB000074
:1083A000013A28BFB0F5000FEDD2B0FA80FCACF175
:1083B000080CB2EB0C0200FA0CF0AABF00EBC250A2
:1083C00052421843BCBFD0401843704792F0000F90
:1083D00081F4000106BF80F400000132013BB5E7E3
:1083E0004FEA41037FEA226C18BF7FEA236C21D059
:1083F00092EA030F04D092F0000F08BF08467047BE
:1084000090EA010F1CBF0020704712F07F4F04D18B
:10841000400028BF40F00040704712F100723CBF9E
:1084200000F50000704700F0004343F0FE4040F4C8
:10843000000070477FEA226216BF08467FEA236386
:108440000146420206BF5FEA412390EA010F40F471
:10845000800070474FF0000304E000BF10F00043BD
:1084600048BF40425FEA000C08BF704743F09643A4
:1084700001464FF000001CE050EA010208BF7047BF
:108480004FF000030AE000BF50EA010208BF704746
:1084900011F0004302D5404261EB41015FEA010C5B
:1084A00002BF84460146002043F0B64308BFA3F153
:1084B0008053A3F50003BCFA8CF2083AA3EBC25335
:1084C00010DB01FA02FC634400FA02FCC2F1200254
:1084D000BCF1004F20FA02F243EB020008BF20F08B
:1084E0000100704702F1200201FA02FCC2F12002F1
:1084F00050EA4C0021FA02F243EB020008BF20EAE6
:10850000DC7070474FF0FF0C1CEAD0521EBF1CEA13
:10851000D15392EA0C0F93EA0C0F6FD01A4480EA01
:10852000010C400218BF5FEA41211ED04FF00063EA
:1085300043EA501043EA5111A0FB01310CF0004016
:10854000B1F5000F3EBF490041EAD3715B0040EA3C
:10855000010062F17F02FD2A1DD8B3F1004F40EB0C
:10856000C25008BF20F00100704790F0000F0CF0DF
:10857000004C08BF49024CEA502040EA51207F3AA3
:10858000C2BFD2F1FF0340EAC250704740F400007E
:108590004FF00003013A5DDC12F1190FDCBF00F06F
:1085A00000407047C2F10002410021FA02F1C2F11D
:1085B000200200FA02FC5FEA310040F1000053EAB9
:1085C0004C0308BF20EADC70704792F0000F00F007
:1085D000004C02BF400010F4000F013AF9D040EA0D
:1085E0000C0093F0000F01F0004C02BF490011F4A1
:1085F000000F013BF9D041EA0C018FE70CEAD1539F
:1086000092EA0C0F18BF93EA0C0F0AD030F0004C1E
:1086100018BF31F0004CD8D180EA010000F00040D2
:10862000704790F0000F17BF90F0004F084691F090
:10863000000F91F0004F14D092EA0C0F01D14202CA
:108640000FD193EA0C0F03D14B0218BF084608D193
:1086500080EA010000F0004040F0FE4040F40000DD
:10866000704740F0FE4040F4400070474FF0FF0C70
:108670001CEAD0521EBF1CEAD15392EA0C0F93EAB7
:108680000C0F69D0A2EB030280EA010C49024FEA09
:10869000402037D04FF0805343EA111143EA1013C2
:1086A0000CF000408B4238BF5B0042F17D024FF47A
:1086B000000C8B4224BF5B1A40EA0C00B3EB510F55
:1086C00024BFA3EB510340EA5C00B3EB910F24BF3E
:1086D000A3EB910340EA9C00B3EBD10F24BFA3EBC3
:1086E000D10340EADC001B0118BF5FEA1C1CE0D18B
:1086F000FD2A3FF650AF8B4240EBC25008BF20F03E
:10870000010070470CF0004C4CEA50207F32C2BF91
:10871000D2F1FF0340EAC250704740F400004FF02E
:108720000003013A37E792F0000F00F0004C02BF5F
:10873000400010F4000F013AF9D040EA0C0093F029
:10874000000F01F0004C02BF490011F4000F013B83
:10875000F9D041EA0C0195E70CEAD15392EA0C0FEB
:1087600008D142027FF47DAF93EA0C0F7FF470AF23
:10877000084676E793EA0C0F04D14B023FF44CAF66
:1087800008466EE730F0004C18BF31F0004CCAD1FB
:1087900030F000427FF45CAF31F000437FF43CAF37
:1087A0005FE700BF4FF0FF3C06E000BF4FF0010C59
:1087B00002E000BF4FF0010C4DF804CD4FEA40023B
:1087C0004FEA41037FEA226C18BF7FEA236C11D085
:1087D00001B052EA530C18BF90EA010F58BFB2EB38
:1087E000030088BFC81738BF6FEAE17018BF40F0B8
:1087F000010070477FEA226C02D15FEA402C05D16C
:108800007FEA236CE4D15FEA412CE1D05DF8040BF0
:10881000704700BF844608466146FFE70FB5FFF783
:10882000C9FF002848BF10F1000F0FBD4DF808ED3B
:10883000FFF7F4FF0CBF012000205DF808FB00BF2C
:108840004DF808EDFFF7EAFF34BF012000205DF886
:1088500008FB00BF4DF808EDFFF7E0FF94BF0120D3
:1088600000205DF808FB00BF4DF808EDFFF7D2FFD0
:1088700094BF012000205DF808FB00BF4DF808ED13
:10888000FFF7C8FF34BF012000205DF808FB00BFE0
:108890004FEA40024FEA41037FEA226C02D15FEACD
:1088A000402C08D17FEA236C02D15FEA412C02D12F
:1088B0004FF0000070474FF0010070474FEA400250
:1088C000B2F1FE4F0FD34FF09E03B3EB12620DD9FE
:1088D0004FEA002343F0004310F0004F23FA02F068
:1088E00018BF404270474FF00000704712F1610F0F
:1088F00001D1420205D110F0004008BF6FF00040E6
:1089000070474FF00000704742000ED2B2F1FE4FA8
:108910000BD34FF09E03B3EB126209D44FEA00234E
:1089200043F0004323FA02F070474FF00000704715
:1089300012F1610F01D1420202D14FF0FF307047B6
:108940004FF00000704700BF0A22002101F016BD61
:108950000A22002101F012BD024B0146186800F006
:1089600003B800BFE08FFF1F2DE9F04F01F10B06A8
:10897000162E83B0044624D8102900F2BA8000F0E5
:10898000A3FA102618220220B54F3A44A2F108019A
:1089900053688B4200F0BA805A68D96822F003020B
:1089A0001A449D68E9608D60516841F001012046DC
:1089B000516003F1080500F08DFA284603B0BDE8C8
:1089C000F08F36F0070600F19480B14200F29180FA
:1089D00000F07AFAB6F5FC7FC0F09A81730A00F0D5
:1089E0008F80042B00F26F81B30903F1390003F18A
:1089F000380CC3009A4F3B44A3F108055B689D42C5
:108A000006D10CE0002980F22781DB689D4206D068
:108A10005A6822F00302911B0F29F3DD60463D697D
:108A2000DFF840C265457CD06A6822F00302931BE0
:108A30000F2B00F37B81002BC7E904CC80F26C8103
:108A4000B2F5007F80F01A81D308796801334FEACC
:108A5000521E012202FA0EF20A4357F833E0C5F81B
:108A600008E007EBC3010839E9607A6047F8335042
:108A7000CEF80C50831001219940914257D81142F1
:108A800006D120F003004900114200F10400FAD0A1
:108A900007EBC0094D468646D5F80C80454508D100
:108AA0001DE1002B80F22481D8F80C80454500F0B0
:108AB0001681D8F8042022F00302931B0F2BF0DD5F
:108AC0002046D8E9025408EB060146F00106C8F832
:108AD0000460EC60A56043F00104C7E90411C1E93A
:108AE00002CC4C6048F8023000F0F4F908F10805B7
:108AF00002E00C2323600025284603B0BDE8F08F78
:108B00004FF4007340204FF03F0C73E7D3689A4254
:108B100008BF02307FF440AF3D69DFF848C16545CA
:108B200082D17A688310012199409142A7D9BD680A
:108B30006B6823F003094E4503D8A9EB06030F2BFE
:108B40007ADCDFF824B1494BDBF800201B680132E6
:108B5000334405EB090A00F0338103F580530F33EA
:108B600023F47F6828F00F084146204602F03AF8C7
:108B7000411C024600F0F380824500F2EE803C4B3F
:108B8000196841441960084600F04E81DBF8001076
:108B9000019301311BBFA2EB0A010918CBF8002099
:108BA000196012F0070B00F01781CBF108010A449D
:108BB000CBF5805190440831A1EB0801C1F30B0AB9
:108BC00051462046009202F00DF8421CDDE90023D8
:108BD00000F04F81801A00EB0A081968BA6048F06B
:108BE00001005144BD425060196000F02981B9F183
:108BF0000F0F40F227816868A9F10C0C2CF0070CCC
:108C000000F0010040EA0C0068604FF0050E05EB33
:108C10000C00BCF10F0FC0E901EE00F23281506888
:108C20001546144B1A688A4238BF1960124B1A68ED
:108C30008A4238BF196094E0AA1943F0010346F054
:108C400001066E602046BA60536000F043F90835B3
:108C5000284603B0BDE8F08FD9681A44A1E600BFEA
:108C60003889FF1F4089FF1F408DFF1F40A3FF1F52
:108C700010A3FF1F38A3FF1F3CA3FF1FB2F5206FF7
:108C80004FEA522363D3142B00F2B78003F15C0147
:108C9000C9005B3307EB010E7958AEF1080E8E4523
:108CA00000F091804B6823F00303934202D9896856
:108CB0008E45F7D1D1F80CE07A68C5E9021ECEF8EE
:108CC0000850CD60D6E6142B59D9542B00F29D8064
:108CD000330B03F16F0003F16E0CC3008AE60EF153
:108CE000010E1EF0030F05F108057FF4D5AE51E02B
:108CF000424445465368D8F80C1043F001035360D2
:108D000055F8083F2046D9608B6000F0E3F8F3E6A1
:108D1000F00806F1080237E62A442046536843F07B
:108D200001035360083500F0D5F8E5E6A91920469F
:108D300046F0010643F001046E60C7E90411C1E981
:108D400002CC4C60AB5000F0C5F80835D4E693096E
:108D500003F13901C90038339CE7BD425FD0BD68DB
:108D6000686820F003084645A8EB060302D80F2BDD
:108D70003FF762AF204600F0ADF80025BCE603F1F6
:108D80005C0003F15B0CC30034E659F808394B452D
:108D900040F0968010F0030F00F1FF30F5D17B68B2
:108DA00023EA01037B60490099423FF6C0AE19B93E
:108DB000BDE649000EF1040E1942FAD0704667E68E
:108DC00003F11008D0E69A104FF001087B6808FA0A
:108DD00002F21A437A6070E702EB08014942C1F3DC
:108DE0000B0A51462046009201F0FCFE431CDDE9CF
:108DF00000237FF4EFAEDA46EFE6542B25D8130BB1
:108E000003F16F01C9006E3344E7B3F5AA7F25D89B
:108E1000F30B03F1780003F1770CC300EAE5294B6B
:108E2000186840441860B1E6CAF30B0CBCF1000F9F
:108E30007FF4ACAEBD68C84448F001006860F0E65D
:108E40001546EEE60123536094E7B3F5AA7F23D8D5
:108E5000D30B03F17801C90077331BE740F254527A
:108E6000934223D8B30C03F17D0003F17C0CC300C3
:108E7000C0E5ABF1080BD844A8EB02084FF0000A9C
:108E8000ABE605F108012046009302F0EBF9BD685E
:108E9000009B68681968C4E640F254518B420BD8B5
:108EA000930C03F17D01C9007C33F3E64FF47E732C
:108EB0007F204FF07E0C9DE54FF47E717E23E9E626
:108EC0007B6870E710A3FF1F014801F0E1BE00BFFF
:108ED00088A4FF1F014801F0DDBE00BF88A4FF1F6A
:108EE0002DE9F84F1746002900F098800C4607F14D
:108EF0000B058046FFF7E8FF162D54F8041C5BD8DD
:108F000010252A46AF425CD821F003069642A4F110
:108F1000080962DABC4BD3F808C009EB06008445A7
:108F200000F09780D0F804C02CF0010303445B6884
:108F3000DB0768D42CF0030C06EB0C03934247DAF2
:108F4000CB0710D454F8083CA9EB030ADAF8043034
:108F500023F003018C44B444944580F211817318CA
:108F6000934280F2E88039464046FFF7FDFC074611
:108F7000E0B154F8043C23F001034B44A0F1080293
:108F8000934200F0D280321F242A00F2F580132A87
:108F900000F2AC800346224611681960516859609E
:108FA00092689A602146404602F05CF94046FFF71D
:108FB00091FF3846BDE8F88F25F00705002D2A46B9
:108FC000A0DA0C23C8F8003000273846BDE8F88F37
:108FD0001E46D0E90223D3609A60731B0F2B22D860
:108FE000D9F8043003F0010333434E44C9F8043088
:108FF000736843F00103736040462746FFF76AFF3A
:109000003846BDE8F88FC907ADD454F8083CA9EB41
:10901000030ADAF8041021F00301A0E7BDE8F84FD5
:109020001146FFF7A1BCD9F8042009EB050102F0B5
:1090300001024E4443F001032A43C9F804204B6067
:10904000736843F0010308317360404602F00AF987
:10905000D2E7DCF8040020F0030B06EB0B0C05F163
:10906000100084454DDAC9073FF57DAF54F8081C60
:10907000A9EB010ADAF8041021F003018B44B34490
:1090800058453FF76CAF5746DAF80C1057F8080F01
:10909000321F242AC160886000F2DB80132A40F26C
:1090A000D6802168CAF808106168CAF80C101B2A1B
:1090B00000F2DF8008340AF1100221681160616853
:1090C0005160A16891600AEB0501ABEB050242F02B
:1090D000010299604A60DAF8043003F001032B437F
:1090E0004046CAF80430FFF7F5FE6EE723680360D8
:1090F000636843601B2A68D804F1080200F1080382
:109100004AE709EB05029A60ACEB050343F0010363
:10911000536054F8043C03F001032B43404644F8E9
:10912000043CFFF7D7FE27464FE750F8043C23F0F6
:1091300003031E4451E75746DAF80C1057F8080F9E
:10914000321F242AC16088604CD8132A48D921686C
:10915000CAF808106168CAF80C101B2A56D80834DF
:109160000AF110021E462368136063685360A36807
:109170009360D1463C4630E7214601F01FFB11E7E2
:10918000D0E902135746CB60996057F8081FDAF808
:109190000C30CB60321F242A99602DD8132A29D98C
:1091A0002368CAF808306368CAF80C301B2A42D812
:1091B00008340AF1100322681A6062685A60A268D3
:1091C0009A606646D1463C4607E7A3688360E36839
:1091D000C360242A26D004F1100200F11003DBE65C
:1091E0003A46BFE7214638461E46D14601F0E6FA28
:1091F0003C46F2E63B46DEE7214638466646D14627
:1092000001F0DCFA3C46E8E63889FF1FA168CAF89D
:109210001010E168CAF81410242A20D010340AF182
:1092200018029FE7236903616169416104F1180233
:1092300000F11803B0E6A368CAF81030E368CAF872
:109240001430242A21D010340AF11803B3E73A4627
:1092500033E72146384601F0B1FA164B33E722696D
:10926000CAF818206269CAF81C2018340AF12002D2
:1092700078E7A168CAF81010E168CAF81410242A27
:109280000DD010340AF1180217E72369CAF8183014
:109290006369CAF81C3018340AF120038BE722698D
:1092A000CAF818206269CAF81C2018340AF1200292
:1092B00003E700BF3889FF1F2DE9F04FA1B08946B1
:1092C000002107921C9100220021CDE90412804662
:1092D00049461B910F4611F8012B2D2A5ED801A09B
:1092E00050F822F07F9402009D9302009D930200AB
:1092F0009D9302009D9302009D9302009D930200A6
:109300009D9302009D930200D3920200D39202002B
:10931000D3920200D3920200D39202009D930200E6
:109320009D9302009D9302009D9302009D93020075
:109330009D9302009D9302009D9302009D93020065
:109340009D9302009D9302009D9302009D93020055
:109350009D9302009D9302009D9302009D93020045
:109360009D930200D39202009D9302009D93020000
:109370009D9302009D9302009D9302009D93020025
:109380009D9302009D9302009D9302009D93020015
:10939000279B02009D930200139B0200002109916C
:1093A000302A79D0002308932F2A144640F22985C9
:1093B0004FF0000A38465646554612E00130082D57
:1093C0001B90C8BF0AEB8A0A0478C6BF02EB4A02A8
:1093D000A2F1300AA3F130062F2C05F10105224637
:1093E0006BDD06EB8603392C02EB4303E6DDA24975
:1093F000012201F017FB002834D11B9B1A460133D0
:109400001B935478002D40F09C85302C40F047850C
:10941000C3F10102981801331B931C78302CF9D04A
:10942000A4F13103082B00F224831B9F431CA4F1F9
:10943000300E0A9301253C464FF0000B06EB8606E2
:109440000EEB46060020631C1B936478A4F13001E8
:10945000092900F2DC8201308E46002940F0AD84FB
:109460001B9CF0E70020652CAB460A90864601D095
:10947000452C2FD1002D74D1089B034370D1079B3D
:1094800013B1079BC3F800904FF0000BD946584624
:10949000494621B0BDE8F08F7A7802F0DF02582A01
:1094A00000F06E8401371B973A78302AFAD0002AF0
:1094B00000F0C7800123089376E76F49012201F08D
:1094C000B1FA002800F0D080AB464FF0000ECDF886
:1094D00028E0704600230B93002D00F08E8030466C
:1094E000FEF740FB02460B46CDE90423DDE90A23E3
:1094F000BBF1000F08BFAB46102DA3EB02032C46B7
:10950000A8BF1024092D0C9313DD5C4B03EBC4039F
:1095100053E91223FEF7A0FBCDE904015046FEF704
:1095200021FB02460B46DDE90401FEF7DFF9CDE938
:1095300004010F2D00F3A8800C9B002B00F0138476
:109540000C9B40F36B83162B40F3E4840C9AC5F11B
:109550002503934280F20C850C9B2C1B1C4499E044
:109560000025DDF86C9009F101031B9399F8014087
:109570002B2C00F07B822D2C00F0198200230C9301
:10958000A4F13003092B00F20D82302C05D11B9B76
:1095900001331B931C78302CFAD0A4F13103082B33
:1095A00098D81B9A0B92531C1B93A4F1300154784A
:1095B0002F2C09DC00F033BC01331B939CF80140D5
:1095C0002F2CA2F1300106DD01EB8102392C9C46E3
:1095D00004EB4202F0DD0B9A9B1A082B40F31F8428
:1095E00044F61F630B930C9B002B3FF475AF0B9B52
:1095F0005B420B93002D7FF472AF089B034320D195
:10960000BEF1000F7FF43BAF692C00F0268400F31D
:109610001E83492C00F021844E2C7FF430AF184972
:109620001BA802F031FA00283FF429AF1B9B1B78DE
:10963000282B00F078851348FAF748FF83468946BF
:1096400002E04FF0000BD946079A0AB11B9B13604A
:10965000099B002B3FF41BAF09F100439946584684
:10966000494621B0BDE8F08F1B9B0A905A1C1B9203
:109670005C78AB46EAE600BFC0200300702403001C
:10968000D0200300942503000C9B2C1B1C44002CB1
:1096900040F3008314F00F000AD0BB4901EBC00176
:1096A000DDE90423D1E90001FEF7D6FACDE9040192
:1096B00034F00F0340F0638200230893394600968C
:1096C0002B465A46404602F067FB15900746002895
:1096D00000F04E83DDE90A329B1A0C9A002AA8BFDB
:1096E00000230D9322EAE27200239B4614929A46CD
:1096F0007968404602F0D0FA8146002800F02281C5
:109700003A690232920007F10C010C30F6F7FCFFC7
:10971000DDE904010A910B461EA901911DA90B90D8
:1097200002460091404602F0E5FE1C90002800F041
:10973000F8800121404602F0D7FB8246002800F065
:1097400001811D9B002BC0F2F0800D9A149D9E1884
:10975000089A1E9C9B1A23448C4A013B9342C4F1F5
:10976000360480F2A380D21A1F2AA4EB020400F36D
:10977000FF80012393400F9300231093089B2544FF
:109780003444A6421D443346A8BF2346AB42A8BF7B
:109790002B46002B02DDE41AED1AF61A0D9B002B66
:1097A00000F39F80002C00F3B3800C9B002B00F390
:1097B000D580002D00F3BD80002E08DD51463246D5
:1097C000404602F0CDFC8246002800F0BB801C9988
:1097D0004A46404602F05CFD8346002800F0B28015
:1097E0000026C368C66051460E9302F031FDB042B8
:1097F000C0F24E8400F0D3835146584602F0DAFEA0
:1098000000224FF0804304460D46FEF7A1FC0028DD
:1098100051D00E9B002B00F0D7805D4B11935C4D17
:10982000059B10960F9300240F9A5A4E5A4B1640E0
:109830009E4200F0F280089B7BB1B6F1D46F0CD849
:10984000DDE910014EA3D3E90023FEF781FC0028D7
:1098500040F07D8105F1D6639D1BDDE90A1002F021
:10986000C1FD02460B4620462946FEF7F5F9DDE923
:109870000A32FEF73BF8CDE904010C46089B23B9F8
:10988000444B23409E4200F0FD801C99404602F06C
:1098900029FA4946404602F025FA5146404602F070
:1098A00021FA5946404602F01DFA21E70123002023
:1098B000CDE90F3062E7394B002220462946FEF7FA
:1098C000CBF9CDE910010B460E990246002976D15D
:1098D00003F1004312921393059B0F93DDE91245A8
:1098E000A2E751461A46404602F0DAFB824648B3E8
:1098F00001461C9A404602F025FB18B30E901C99B5
:10990000404602F0EFF90E9B1C93002C7FF74DAF01
:109910001C992246404602F023FC1C9000287FF44C
:1099200044AFCDF830905E4610E0149A0D9ED51AE3
:109930000EE749462A46404602F012FC81460028BE
:109940007FF43AAFCDF830905E461C98DFF8449033
:109950002223C8F800304FF0000BC5E04946149AA6
:10996000404602F09DFB814600287FF422AFE9E7E4
:109970000B4AD31A012202FA03F3CDE90F23FDE6C5
:109980000000C0FFFFFFDF417024030002FCFFFF67
:109990000000F03F0000F07F0000E07F0000E03FAB
:1099A000E2FBFFFF0023CDF86C900B9394E50123BD
:1099B0000C9309F102031B9399F80240E0E5DDE9FD
:1099C0001023CDE9122387E7DDE90412002940F0D6
:1099D000AD80C2F313030F92002B40F0AD80A44B77
:1099E000002220462946FEF7A9FB002840F0A0826D
:1099F000A04B204629460022FEF72EF9CDE91001A2
:109A000001F1004318901993DDE918450CE7652C26
:109A10004FF0010E3FF4A5AD2AE5A2F15473059372
:109A2000DDE904231046194602F0DCFC02460B4631
:109A300020462946FEF710F9DDE90423FDF756FF1D
:109A40008D4A8E4B0A409A42CDE904017BD90A9A8D
:109A500003F154739A4203D10B9B01333FF472AF6D
:109A6000874A4FF0FF33CDE904320EE700230C9311
:109A70009FE7652C00F0E480452C00F0E1804FF07A
:109A8000010EBAE5109E119D3046294607F008FBED
:109A9000FEF7B4F80B46024629463046FDF724FF90
:109AA0000E9D049E45EA060CC4F313065CEA060309
:109AB00004460D4600F0A98067A3D3E90023FEF712
:109AC0003DFB48B966A3D3E9002320462946FEF7AB
:109AD00053FB00283FF4D9AEDDE904341C98CDF8DF
:109AE00030905E46A1469B460146404602F0FAF899
:109AF0000C99404602F0F6F85146404602F0F2F862
:109B00001599404602F0EEF83146404602F0EAF878
:109B10009AE501220992791C1B917A78002A3FF478
:109B2000AEAC0F463CE400220992F4E7DDE90412F2
:109B3000012900F07C810F924D49524D0023CDE95F
:109B40001031002470E601F15474059496E6DDE9C5
:109B50001001FEF759FB012838BF0120FEF702F87B
:109B6000CDE910010B460E990246002940F07081A4
:109B700003F1004316921793DDE916456AE6B3F543
:109B80009A7F00F3F580102B4FEA23143E4B40F3ED
:109B9000E082DDE904019A4608930023994614F017
:109BA000010F09F101094FEA640404D0DAE9002346
:109BB000FEF752F80123012C0AF1080AEFD10BB18C
:109BC000CDE90401089B03EBC90A059BA3F154737B
:109BD0000593DDE90423DAE90001FEF73DF8264BA1
:109BE000CDE904010B400A4628498B4200F2C080AF
:109BF000A1F580118B4240F2448221494FF0FF339E
:109C0000CDE904310023089358E517A3D3E90023D5
:109C1000FEF794FA00283FF438AE5DE71633FFF6FE
:109C200033ADDDE90A329A1A194B03EBC203DDE9C1
:109C30000401D3E90023FEF739F98346894603E599
:109C40004FF0000BCDF828B04FF0010E14E46E2C4D
:109C50003FF4E5AC13E400BF9535A094FFFFDF3F70
:109C600035E5AF350000E03F9535A094FFFFCF3FCD
:109C70000000F03F0000E03F0000F07FFFFF9F7C0E
:109C8000FFFFEF7F0000F0BF482403000000A07C2E
:109C9000702403003FF410AD644214F00F020AD0A8
:109CA000AA4B03EBC203DDE90401D3E90023FEF76D
:109CB000FDF8CDE9040124113FF4FEAC1F2C35DC86
:109CC00014F01003DDE9040118BF6A23DFF8809265
:109CD00008930023E20704D5D9E90023FDF7BCFF70
:109CE0000123641009F10809F4D10BB1CDE9040195
:109CF000089B93B1DDE90401C1F30A52C2F16B0381
:109D0000002B0ADD1F2B40F34C820020342B0490E3
:109D100040F360824FF05C730593DDE9040100229B
:109D20000023FEF701FA00283FF4C8AC22234FF0CD
:109D3000000BC8F80030D94686E41E9A049203F25C
:109D400033421F9B23F4801343EA02530593E0053B
:109D500002D543F0004305937E4A1A401AB900F039
:109D600069FF22230360DDE904349B46A1466BE4CE
:109D70002223DFF8E091C8F800304FF0000B63E4D5
:109D80000293099B01931CAB0093734A1DAB1BA963
:109D9000404601F0BFFB10F00F0504463FF451AC04
:109DA000062D7FD1079B0137002B3FF46DAB4FF0A1
:109DB000000B1F60D946FFF76ABB0A9B1B9C03443C
:109DC0000A93012805F101031A4615D0284400F131
:109DD000FF3C03E046009C450DD001332A46082A8B
:109DE0001D4606EB8600F5D9102BDCBF0AEB8A0A6C
:109DF0004FEA4A0AEFE70232082D46DC1546FFF724
:109E00001DBB56490122384600F00CFE002878D0D0
:109E10004FF0000BDA465E465D46FFF756BB44F650
:109E20001F639942A8BF19460B91FFF7DCBBDDE920
:109E300004340F94002C7FF47FAECDF830905E4652
:109E400022234FF0000B1C98C8F80030D9464BE68F
:109E5000DDE91023CDE916238EE641491BA801F068
:109E600013FE00283FF40BAB1B9B3E49013B1BA894
:109E70001B9301F009FE10B91B9B01331B93DFF804
:109E8000D4904FF0000BFFF7DFBB102ADCBF0AEBCA
:109E90008A0A01EB4A0A15460020FFF7D4BA0020CF
:109EA000FFF7BEBA1C9A3AB135211EA802F0ACFBEE
:109EB0001C99404601F016FF013D1D9B042D00F248
:109EC000A18101A252F825F03B9D0200F99E0200FB
:109ED000F39E0200DD9E02003B9D02004FF0FF3327
:109EE0006FF00045CDE90435E3057FF53CAF059BF8
:109EF0002FE7184B0593F7E71E9B04931F9B0593D1
:109F000025E71B9B1A4601331B935478064682466D
:109F1000FFF77BBA0C980D4901EBC001DDE9042382
:109F2000D1E90001FDF798FE83468946FFF78CBB17
:109F30000D4B0E4C11930E9B10930023CDE918345A
:109F400062E5AB460A90FFF781BA00BF70240300B8
:109F5000002103000000F07FD4200300C020030094
:109F6000C4200300C82003000000E03F0000E0BF61
:109F7000A54CC5F10F0504EBC501DDE90423D1E9CA
:109F80000001FDF769FE0C9B5D1B04EBC504D4E9E1
:109F90000023FDF761FE83468946FFF755BB0E9B04
:109FA000CDF830905E46109FDDE90A9B002B00F053
:109FB000AA80DDE90445954BC5F3130199422A4671
:109FC0003BD0002F00F0A880DDE904231F421C468F
:109FD00021D00E9B58464946002B00F0BE8002F06F
:109FE00001FA089D02460B467DB1C4F30A54C4F140
:109FF0006B04002C09DD240504F17F53002203F5D6
:10A000004013FDF729FE02460B4658464946FDF728
:10A010006DFC83468946089B6BB17D4B584649468B
:10A020000022FDF719FE7B4B0B408946834613B98E
:10A030002223C8F800301C9856E5089B0499002B91
:10A0400000F0B780734B2B40B3F1D46F00F2B180B6
:10A050001B0DC3F16B034FF0FF3000FA03F399427D
:10A06000AFD16D4B9A4200F0C8806A4B134003F5A4
:10A070008013059300230493DDE904349B46A14635
:10A08000C9E702F15473059300230893FFF716BB49
:10A09000DDE904010E9BCDF8309003435D465E463A
:10A0A000DDE90A9BB7D1C1F313030C46002BB2D1F3
:10A0B00021F000431B0D1B05B3F1D66FABD96B69C3
:10A0C00013B92B69012BA6DD31460122404602F06F
:10A0D00047F85146064602F0BBF800289BDD089B76
:10A0E000002B7FD14B4B2340A3F580136FEA135312
:10A0F0006FEA035305934FF0FF330493DDE9043413
:10A100009B46A14687E7DDE90412C2F313030B4324
:10A1100014467FF456AFE2E7DDE904340F9A1A42A1
:10A120003FF479AF55E73D491BA81EAA01F0C6FCD4
:10A1300005287FF480AA1F9B43F0FF4343F4E0030C
:10A1400005931E9B0493DDE904349B46A146FFF76B
:10A150007BBA08934FF0000934E502F043F9089DFB
:10A1600002460B4645B3C4F30A54C4F16B04002CF9
:10A1700009DD240504F17F530E9A03F54013FDF722
:10A180006BFD02460B4658464946FDF7ADFB0022E3
:10A19000002383468946FDF7C7FF00283FF43DAF03
:10A1A0004EE64FF0FF3202FA03F3049A1A4004928B
:10A1B000B3E54FF0FF3352E758464946FDF794FBAD
:10A1C0000022002383468946FDF7AEFF00283FF4B6
:10A1D00032AF35E6C2F14B024FF0FF3393400B40F4
:10A1E00005939AE50B4B2340B3F1D66F3FF77CAF55
:10A1F000B3F15C7F3FF711AF22E601317FF435AF59
:10A20000FFF7A3BB0023A2E570240300FFFF0F00AC
:10A21000000050390000F07FFFFFEF7FE8200300CF
:10A2200010B4044C044B84460A46206810BC6146B6
:10A23000FFF742B8E08FFF1F548DFF1F012B2DE960
:10A24000F84F41D0242B1F463ED880464A488E46C0
:10A2500075461EF801BB10F80B4014F00804F7D146
:10A26000BBF12D0F71D0BBF12B0F08BF9EF800B0D2
:10A270006FF0004908BF05F1020E002B42D0102BF1
:10A2800055D0B9FBF7F60025284607FB169A05E0DE
:10A2900033D007FB00C001251EF801BBABF1300C29
:10A2A000BCF1090F06D9ABF1410CBCF1190F12D862
:10A2B000ABF1370C634517DDB5F1FF3FECD08642BB
:10A2C000E6D24FF0FF35E7E700F0B4FC1623036059
:10A2D0000020BDE8F88FABF1610CBCF1190F03D879
:10A2E000ABF1570C6345E7DC6B1C25D084B9002A21
:10A2F000EFD095BB1160BDE8F88FE245C9DA4FF0A9
:10A30000FF35C9E7BBF1300F04D00A273B46B8E759
:10A310004042ECE79EF8003003F0DF03582B20D1D9
:10A3200010279EF801B03B460EF1020EA9E7BBF1E3
:10A33000300F19D01F46A4E72223C8F8003072B1AD
:10A340000EF1FF3148461160D5E79EF800B04FF09E
:10A35000004905F1020E01248FE78146F0E74846E7
:10A36000B7E708273B468CE79EF8000000F0DF00C7
:10A370005828D5D01F4684E72921030010B4044C87
:10A3800084461346206810BC0A466146FFF756BF54
:10A39000E08FFF1F2DE9F04707464C480E46354633
:10A3A00016F801EB10F80EC01CF0080CF7D1BEF146
:10A3B0002D0F5AD0BEF12B0F03BF96F800E0644674
:10A3C000AE1C64465BB1102B54D04FF0FF38B8FB85
:10A3D000F3F803FB08FA6FEA0A0A994608E0BEF1AF
:10A3E000300F5AD00A23DFF8E8804FF0050A99466B
:10A3F0000025284605E02CD009FB00C0012516F8F1
:10A4000001EBAEF1300CBCF1090F06D9AEF1410CF5
:10A41000BCF1190F0BD8AEF1370C634510DDB5F167
:10A42000FF3FECD04045E6D94FF0FF35E7E7AEF10E
:10A43000610CBCF1190F03D8AEF1570C6345EEDC8B
:10A440006B1C0BD004B140420AB165B91160BDE884
:10A45000F087D445D0DD4FF0FF35D0E722233B60B5
:10A460002846002AF3D0711EF0E796F800E0012498
:10A47000AE1CA7E7BEF1300F21D1307800F0DF002D
:10A48000582816D14FF0100996F801E04FF00F0A46
:10A4900002366FF070484B46AAE7337803F0DF03CB
:10A4A000582BEFD008234FF0070A6FF06048994609
:10A4B0009EE799466FF070484FF00F0A98E74FF00B
:10A4C0000F0A6FF07048994692E700BF29210300F8
:10A4D0009999991910B4044C84461346206810BC0D
:10A4E0000A466146FFF756BFE08FFF1F13460A4634
:10A4F0000146022000F012BE70B50C4682B015462F
:10A500001E46FDF751FB2246002400962B4601947F
:10A5100002F0E6F802B070BD024B0344587800F038
:10A520004400704728210300024A0349034800F011
:10A53000BBB800BF488DFF1F29E30200C08EFF1F7C
:10A540000C4B4168994210B5044601D003F0ECFE73
:10A55000A168094B994202D0204603F0E5FEE1686C
:10A56000064B994204D02046BDE8104003F0DCBE03
:10A5700010BD00BF44A3FF1FACA3FF1F14A4FF1F07
:10A580002DE9F8432A4C2B4B2B48DFF8B090DFF82D
:10A59000B0802C4F1860002504230822294604F1BE
:10A5A0005C00294E6566C4E90253C4E90055C4E95C
:10A5B0000455A56100F07EF9244B63670822294603
:10A5C00004F1C400C4E90749C4E90987C4E91A557C
:10A5D000C4E91E55C4F8CC502567C4F88050E66223
:10A5E00000F068F91A4BC4F8DC30294604F168031E
:10A5F000082204F59670C4F88430C4E92298C4E9AE
:10A600002476C4E93455C4E93855C4F83451C4F843
:10A61000D850C4F8E85000F04DF904F1D003C4E973
:10A620003C98C4E93E76C4F8EC30BDE8F88300BF3E
:10A6300044A3FF1F7CA4FF1F29A5020031A702002D
:10A6400055A7020095A70200B5A702000900010066
:10A650001200020010B504460A4800F019FB636BB3
:10A6600023B9094B094A1B68626323B1BDE8104056
:10A67000044800F00FBBFFF783FFBDE8104001481E
:10A6800000F008BB8CA4FF1F7CA4FF1F41A50200A3
:10A69000014800F0FDBA00BF8CA4FF1F014800F084
:10A6A000F9BA00BF8CA4FF1F2DE9F84380460F467E
:10A6B00016464FF00009D6E90154013D11D4A38993
:10A6C000012B05F1FF3508D9B4F90E3001332146CD
:10A6D00003D04046B84749EA00096B1C04F16804FE
:10A6E000EDD13668002EE6D14846BDE8F88300BFBC
:10A6F0000EB410B59DB06FF000411FABCDE906015F
:10A700000491094953F8042B0290084C08680193FE
:10A7100002A9059402F036F8029B00221A701DB0BF
:10A72000BDE8104003B07047E08FFF1F0802FFFF35
:10A7300010B50C46B1F90E1000F03EFA002803DB0C
:10A74000236D0344236510BDA38923F48053A381A3
:10A7500010BD00BF2DE9F0410C46B1F90C101F46A9
:10A76000CB05054616460BD421F48051A1813B460A
:10A77000B4F90E1032462846BDE8F04100F044BA64
:10A78000B4F90E100223002200F000FAB4F90C1004
:10A79000EAE700BF10B50C46B1F90E1000F0F6F96B
:10A7A000A389421C0EBF23F4805343F480532065D9
:10A7B000A38110BDB1F90E1000F0D6B988420DD9B1
:10A7C0008B1883420AD900EB020CBAB1624613F827
:10A7D00001CD02F801CD9942F9D170470F2A0ED868
:10A7E000034602F1FF3C4AB10CF1010C013B8C44E1
:10A7F00011F8012B03F8012F6145F9D1704740EAA8
:10A8000001039B0750D1A2F1100370B501F1200C98
:10A8100023F00F0501F1100E00F11004AC441B09E8
:10A820005EF8105C44F8105C5EF80C5C44F80C5C5C
:10A830005EF8085C44F8085C5EF8045C44F8045C6C
:10A840000EF1100EE64504F11004E9D1013312F0C7
:10A850000C0F01EB031102F00F0400EB031327D0E0
:10A86000043C24F003064FEA940C1E441C1F8E4641
:10A870005EF8045B44F8045FB442F9D10CF10104C2
:10A8800002F0030203EB840301EB840102F1FF3CBD
:10A890004AB10CF1010C013B8C4411F8012B03F877
:10A8A000012F6145F9D170BD02F1FF3C03469BE7E2
:10A8B0002246EBE7830730B548D0541E002A3FD02C
:10A8C000CAB2034601E0013C3AD303F8012B9D07CD
:10A8D000F9D1032C2DD9CDB245EA05250F2C45EA37
:10A8E000054536D9A4F1100222F00F0C03F1200E19
:10A8F000E6444FEA121C03F1100242E9045542E912
:10A90000025510327245F8D10CF1010214F00C0F0F
:10A9100003EB021204F00F0C13D0ACF1040323F08C
:10A9200003030433134442F8045B9342FBD10CF05D
:10A9300003042CB1C9B21C4403F8011B9C42FBD197
:10A9400030BD64461346002CF4D1F9E703461446A3
:10A95000BFE71A46A446E0E711F0FF01034644D0E2
:10A96000820732D110B5046841EA012E4EEA0E4E3C
:10A970008EEA0402A2F1013323EA0203A4F10132B8
:10A9800022EA0402134313F0803F0FD150F8044F22
:10A9900084EA0E0CA4F10133ACF1013223EA040382
:10A9A00022EA0C02134313F0803FEFD0037823B95F
:10A9B00036E010F8013F002B32D09942F9D110BD9A
:10A9C0008A4211D09A071846CCD0184613F8012BAA
:10A9D000002AF5D1104670479907184607D0184647
:10A9E00001330278002AF7D170478207F7D1026855
:10A9F000A2F1013323EA020313F0803F08D150F89B
:10AA0000042FA2F1013323EA020313F0803FF6D0B2
:10AA10000378002BE8D010F8013F002BFBD17047E2
:10AA2000184610BD002A3ED040EA01039B0730B50E
:10AA300084462FD1032A2DD90B4608E0043A8446D8
:10AA4000194625D01EF0803F22D1032A22D904685E
:10AA5000194653F8045BA4F1013EAC4284462EEA49
:10AA6000040E00F10400E9D09CF800000C78A0422C
:10AA70001BD1E64668B11EF8010F11F8014FA2EB99
:10AA80000E03A04203F1FF330FD11CEB0303F1D1FE
:10AA9000002030BD9CF800000C78844205D1012ACA
:10AAA000F6D0E646E6E710467047001B30BD00BF13
:10AAB00040EA01039B0730B501D1032A0FD8844631
:10AAC00001F1FF3E07E01EF8011F03F8011B541EB1
:10AAD000C1B19C4622466346002AF4D130BD0B46E4
:10AAE0008446194653F8045BA5F1013424EA0504B1
:10AAF00014F0803FE4D1043A032A4CF8045B194671
:10AB0000EFD8DDE79444002CE8D003F8011B63453F
:10AB1000FBD130BD41EA00029207034615D10A6815
:10AB2000A2F1013020EA020010F0803F0DD101F1C6
:10AB3000040C43F8042B61465CF8042BA2F10130AD
:10AB400020EA020010F0803FF3D011F8012B1846E4
:10AB500003F8012B002AF8D1704700BF014B93F88E
:10AB600028017047548DFF1F38B5074D0022044659
:10AB700008462A60F5F7E2FE431C00D038BD2B687A
:10AB8000002BFBD0236038BD80A4FF1F38B50C46D6
:10AB9000084D8446114620461A4600232B60644621
:10ABA000F5F7D8FE431C00D038BD2B68002BFBD036
:10ABB000236038BD80A4FF1F38B50C46084D84467D
:10ABC000114620461A4600232B606446F5F7B4FE72
:10ABD000431C00D038BD2B68002BFBD0236038BD50
:10ABE00080A4FF1F38B5074D0022044608462A609E
:10ABF000F5F78CFE431C00D038BD2B68002BFBD032
:10AC0000236038BD80A4FF1F38B50C46084D84462C
:10AC1000114620461A4600232B606446F5F7DAFBFE
:10AC2000431C00D038BD2B68002BFBD0236038BDFF
:10AC300080A4FF1F014B1868704700BFE08FFF1F03
:10AC400070B50D4E0D4D761BB61006D0002455F88C
:10AC5000043B01349847A642F9D1094E094D761BB1
:10AC600007F0F8FCB61006D0002455F8043B013478
:10AC70009847A642F9D170BD602603006026030004
:10AC80000427030060260300704700BF704700BF21
:10AC9000704700BF704700BFFFFFFFFFFFFFFFFFD0
:10ACA000A2EB0300704700BF02780B78012A28BF8F
:10ACB0009A42F5D16DE9044540EA0104CDE9026705
:10ACC0006FF0000C4FEA447212B380EA010414F0F2
:10ACD000070F6AD100F0070420F0070004F0030515
:10ACE00021F007014FEAC505F0E8042314F0040F32
:10ACF000F1E804670CFA05F462EA040266EA040665
:10AD00000AD063EA0403624667EA0407664603E082
:10AD1000F0E80423F1E8046782FA4CF582EA0604BD
:10AD2000A4FA8CF46CBB83FA4CF583EA0705A5FA08
:10AD30008CF595B950E9022351E9026782FA4CF586
:10AD400082EA0604A4FA8CF483FA4CF583EA070538
:10AD5000A5FA8CF52543DBD09CB92DBAB5FA85F45C
:10AD600024F0070427FA04F1DDE9026723FA04F36B
:10AD700003F0FF0001F0FF01FDE80445A0EB010036
:10AD8000704724BAB4FA84F424F0070426FA04F1D4
:10AD9000DDE9026722FA04F202F0FF0001F0FF0190
:10ADA000FDE80445A0EB0100704714F0030F3CD10F
:10ADB00010F0030428D150F8082B51F8083B82FA10
:10ADC0004CF582EA0305A5FA8CF55DB950F8042C20
:10ADD00051F8043C82FA4CF582EA0305A5FA8CF599
:10ADE000002DE8D02DBAB5FA85F424F0070423FA33
:10ADF00004F122FA04F202F0FF0001F0FF01FDE885
:10AE00000445A0EB010070474FEAC40420F00300A2
:10AE100050F8082B21F0030151F8083B0CFA04F418
:10AE200062EA040263EA0403C9E710F003041AD0DB
:10AE3000A1EB040120F00300E40750F8042B06D036
:10AE40000FD28B785FFAA2F4E41A06D12BB1CB783B
:10AE50005FFAB2F4E41A00D11BB920465DF8104B3A
:10AE6000704701F1040150F8042BCC0721F00301D5
:10AE700051F8043B48D824D222F07F4482FA4CF5A2
:10AE800094EA1325A5FA8CF50AD165B951F8043B6B
:10AE900084EA0204B4EB036F0ED150F8042BEBE705
:10AEA0004FEA132355E035F07F454DD10878FDE892
:10AEB0000445C0F1000070474FEA126203F0FF033F
:10AEC00047E002EA1C4482FA4CF594EA1345A5FADD
:10AED0008CF50AD165B951F8043B84EA0204B4EB5D
:10AEE000034F0CD150F8042BEBE74FEA134330E04B
:10AEF00015EA1C4528D10B884FEA124229E04FEA97
:10AF0000124203EA1C4324E002F0FF0482FA4CF5EB
:10AF100094EA1365A5FA8CF50AD165B951F8043B9A
:10AF200084EA0204B4EB032F09D150F8042BEBE7B9
:10AF30004FEA13630DE015F0FF0F05D10B684FEAE0
:10AF4000122223F07F4304E04FF00000FDE80445A7
:10AF5000704712BA1BBA82FA4CF482EA0304A4FACC
:10AF60008CF5B5FA85F402FA04F203FA04F34FEA19
:10AF70001260FDE80445A0EB1360704780EA01020F
:10AF8000844612F0030F4FD111F0030F32D14DF868
:10AF9000044D11F0040F51F8043B0BD0A3F1013222
:10AFA0009A4312F0803F04BF4CF8043B51F8043B35
:10AFB00016D100BF51F8044BA3F101329A4312F0AD
:10AFC000803FA4F101320BD14CF8043BA24312F0B4
:10AFD000803F04BF51F8043B4CF8044BEAD02346B1
:10AFE0000CF8013B13F0FF0F4FEA3323F8D15DF863
:10AFF000044B704711F0010F06D011F8012B0CF82B
:10B00000012B002A08BF704711F0020FBFD031F8A2
:10B01000022B12F0FF0F16BF2CF8022B8CF8002029
:10B0200012F47F4FB3D1704711F8012B0CF8012BAC
:10B03000002AF9D1704700BFFFFFFFFFFFFFFFFFAE
:10B0400090F800F06DE9024520F007016FF0000C68
:10B0500010F0070491F820F040F049804FF0000410
:10B060006FF00700D1E9002391F840F000F10800EB
:10B0700082FA4CF2A4FA8CF283FA4CF3A2FA8CF323
:10B080004BBBD1E9022382FA4CF200F10800A4FA8A
:10B090008CF283FA4CF3A2FA8CF3E3B9D1E90423DE
:10B0A00082FA4CF200F10800A4FA8CF283FA4CF315
:10B0B000A2FA8CF37BB9D1E9062301F1200182FACF
:10B0C0004CF200F10800A4FA8CF283FA4CF3A2FAD5
:10B0D0008CF3002BC6D0002A04BF04301A4612BAE3
:10B0E000B2FA82F2FDE8024500EBD2007047D1E9E6
:10B0F000002304F00305C4F100004FEAC50514F075
:10B10000040F91F840F00CFA05F562EA05021CBF45
:10B1100063EA050362464FF00004A9E72DE9F04712
:10B12000DFF874A00646DAF8000098460F4691460C
:10B13000FFF7AEFD194B1C6824B365681F2D24DC96
:10B140005EB96B1C0235DAF80000636044F82570C4
:10B15000FFF7A0FD0020BDE8F08704EB8501012387
:10B16000C1F88890D4F88821AB401A43022EC4F865
:10B170008821C1F80881E4D1D4F88C211A43C4F89D
:10B180008C21DEE7064C1C60D7E7DAF80000FFF7F9
:10B1900081FD4FF0FF30DEE7E48FFF1F20A6FF1F89
:10B1A00090A4FF1F024B13B1024800F005B870478E
:10B1B000000000006DE50200002301461A46184613
:10B1C000FFF7ACBFF8B5244F0C460646FDF77CFEF2
:10B1D000BB685D68C4F57E610F3125F003054B192E
:10B1E00023F47F6323F00F03A3F58054B4F5805F4D
:10B1F00007DB00213046FFF7F5FCBB682B44984283
:10B2000004D03046FDF766FE0020F8BD61423046AE
:10B21000FFF7E8FC01300DD0104ABB682D1B45F04C
:10B2200001055D60136830461B1B1360FDF752FE7D
:10B230000120F8BD00213046FFF7D4FCBA68831A1C
:10B240000F2BDEDD43F001035360054B03491B6800
:10B25000C01A0860D5E700BF3889FF1F10A3FF1F81
:10B26000408DFF1F002961D0F8B50C460646FDF75A
:10B270002BFE54F8042C7B4FA4F1080522F00101A9
:10B2800005EB010CB868DCF80430604523F00303DB
:10B2900000F08B80D207CCF8043032D454F8082C5C
:10B2A000AD1A1144AA6807F1080082426AD00CEB7B
:10B2B0000304D4F804E0EC68D4601EF0010FA2602F
:10B2C00000F0978041F001036B60CCF80010B1F5FD
:10B2D000007F35D27868CB080122490901338A40C2
:10B2E000024357F833107A6007EBC302083AC5E906
:10B2F000021247F83350CD603046BDE8F840FDF704
:10B30000E9BD0CEB03025268D00710D4194407F1D1
:10B310000800DCF80830834273D0DCF80C20DA60D7
:10B32000936041F001036B606950D0E7704741F0D2
:10B330000103B1F5007F44F8043CCCF80010C9D3F8
:10B34000B1F5206F4FEA512348D28B0903F1390040
:10B3500003F13802C300F818FB580838984259D056
:10B360005A6822F003028A4202D99B689842F7D1B8
:10B37000D868C5E902308560DD603046BDE8F84038
:10B38000FDF7A8BD0CEB03025268D20763D40B444F
:10B39000DCE90212CA60916043F001026A60304643
:10B3A000EB50BDE8F840FDF795BD0B44D10707D43D
:10B3B00054F8082CAD1A1344D5E90212CA60916002
:10B3C00043F001026A60284ABD6012689A4293D82D
:10B3D000264B30461968FFF7F5FE8DE7142B0AD986
:10B3E000542B1FD80B0B03F16F0003F16E02C30047
:10B3F000B1E719448DE703F15C0003F15B02C30080
:10B40000A9E741F00103C7E90455C5E902006B60F3
:10B41000695071E779689210012404FA02F20A4334
:10B420007A60A6E7B3F5AA7F06D8CB0B03F17800C4
:10B4300003F17702C3008EE740F25452934206D8DC
:10B440008B0C03F17D0003F17C02C30083E74FF412
:10B450007E737E227FE741F001036B60CCF8001021
:10B460004AE700BF3889FF1F448DFF1F40A3FF1F1D
:10B470002DE9F0410469B4EB611F2FDD00F1140EDA
:10B480004E1111F01F0C0EEB84050EEB86032BD032
:10B490005EF8261004339D4221FA0CF1CCF120080D
:10B4A00018D977461A6802FA08F20A4347F8042BBB
:10B4B00053F8041B9D4221FA0CF1F3D8A31B9B0007
:10B4C000053B9B0801330EEB83044EF82310C9B1F2
:10B4D000043417E0416174460029F9D10023036167
:10B4E00000234361BDE8F0819D4288BF00F1100256
:10B4F000F4D953F8041B42F8041F9D42F9D8A41B49
:10B500000EEB8404A4EB0E039B1074450361E7D09B
:10B51000BDE8F0812DE9F04F0C688A46A17885B02E
:10B52000302900909346029340F0C4816FF00100EF
:10B53000001BE21C8318144612F8011B3029F9D0B5
:10B54000DFF8C48218F80120002A00F0DE8022789B
:10B55000002718F802203D4626462AB116F8012F8A
:10B5600018F80220002AF9D1A84901930122304697
:10B57000FFF758FA019B814600284CD0002D4DD191
:10B580003278A94602F0DF02502A35464FD0CAF879
:10B590000060002F68D12B1B013B072B394604DDCF
:10B5A0005B10072B01F10101FADC009800F074FB3D
:10B5B0008246002800F05A8200F11406AC4201963F
:10B5C00080F0C8810027CDF80C909049A1463C46F8
:10B5D0000CE0202F19D0384604372A7818F80220BA
:10B5E00002F00F02824014434D4545D015F8012D5D
:10B5F0002E2AEED14D45ECD301222846FFF712FA50
:10B6000082490028F0D0202FE5D1002046F8044BD5
:10B6100004270446E1E7002D00F03981327802F07A
:10B62000DF02AD1B502A4FEA85093546AFD16A7853
:10B630002B2A00F01D812D2A00F09D806E1C002019
:10B6400018F802104A1E182A00F29380727818F82F
:10B65000022010390136002A54D100B149428944F0
:10B66000CAF80060002F96D0002B14BF00250625D5
:10B67000284605B0BDE8F08FDDF80C90234646F86B
:10B68000043B1846019BF61AB610CAF8106000F089
:10B69000DBFB7601DBF80040361AA6426FDCC0F215
:10B6A000E9800027DBF808304B45C0F24A81DBF81F
:10B6B00004304B4546DDA3EB09094C457CDCDBF847
:10B6C0000C20022A00F05E81032A00F07A81012A10
:10B6D00000F068810098514600F004FB50250E9A56
:10B6E00000232846136005B0BDE8F08F01EB81010F
:10B6F00002EB4102A2F1100116F8012F18F8022006
:10B70000002AAAD0192AF1DDA7E7404901930122B6
:10B710002046FFF787F9019B00286BD1617818F864
:10B720000120651C002A67D030292C4605D114F869
:10B73000013F302BFBD018F80320B2FA82F77F09C3
:10B74000012309E7012557B1DBF80C30022B5FD04C
:10B75000032B61D0012B00F0828045F010050E9B79
:10B76000C3F800A0029B2846C3F8009005B0BDE8CE
:10B77000F08F2E460BE70120AA78AE1C60E7361B3F
:10B780003146504600F06EFF074678B1721E5311E5
:10B790000199012751F8231002F01F0307FA03F360
:10B7A0000B4203D0BA4200F3E080022731465046F4
:10B7B000B144FFF75DFE75E709F1FF35002F40F05A
:10B7C000CC80002D40F0CB806B11019A05F01F0555
:10B7D00052F823200123AB4013424946504618BF7C
:10B7E00047F00207A4EB0904FFF742FE0225DBF84D
:10B7F0000490A8E72178254601F0DF01502900F0E8
:10B80000BD80CAF800502FE7E8220300C0200300E3
:10B810000F9BC3F101030F930F9B002B9DD0DAF810
:10B820001070DDF80480BA004346019208EB8700EF
:10B83000002103E0984243F8041C3ED91E4653F809
:10B84000042BB2F1FF3FF5D00132022D326000F03F
:10B85000BD8014F01F0440F0E38021257FE7BA0784
:10B860007FF57BAF019B1B681F43FB07D7D474E7B1
:10B87000002081E7A21B51460098A9EB020900F0C5
:10B880006FFC00F114038246019300270AE77278E7
:10B8900018F80200711C002800F09F800D4611F876
:10B8A000012F18F802000028F8D1751B4FEA85090E
:10B8B0000E4667E60234002342E6DAF808309F427B
:10B8C00080F28D803B460AEB830201210133022D79
:10B8D000CAF81030516179D09F42BADA002B40F398
:10B8E0009880DAF8142008EB83030AF118008342E9
:10B8F0004FEA520240F2AE804446016842EAC17209
:10B9000044F8042B50F8042B83424FEA5202F4D837
:10B91000A3EB0A03193B9B08013348F8232008EBEB
:10B920008303002A40F09A80A3EB0802921043455B
:10B93000CAF8102070D0DBF8083009F101094B4536
:10B940008BDA0098514600F0CDF90E9A002313606F
:10B95000A3258DE6019E002391E6012734E72946C1
:10B96000504600F07FFE07462EE7B11E504600F01D
:10B9700079FE00283FF419AF032717E74FF00009BD
:10B98000012754E60F9A002A7FF4A4AE02990B60B7
:10B99000019B0122CAF810201A600E9B6225C3F891
:10B9A00000A065E64C457FF495AE012CEED0611EFB
:10B9B000504600F057FE00283FF48CAEDBF8043010
:10B9C000E4E70F9A002A3FF485AEDFE7DBF80030AA
:10B9D000013BA34232D02225C1E60E46D2E5DAF879
:10B9E00004100098013100F057F90646C0B3DAF8A8
:10B9F000103002339A000AF10C010C30F4F784FE87
:10BA00005146009800F06EF906F114083369B24609
:10BA100059E70023CAF810300023CAF814308AE727
:10BA2000019B4344C4F1200453F8040C00F00CFAC9
:10BA3000A042BFF612AFDAF810304FE7631104F0FE
:10BA40001F0458F823200123A34013420CBF2225D2
:10BA5000212584E6C8F8002043466AB1043363E731
:10BA6000074B08483246842102F0EAFD044B0548A2
:10BA70005246E42102F0E4FDCAF81020CCE700BFF2
:10BA8000702203008422030010B4046809E014F853
:10BA9000013FA3F1410CBCF1190F98BF2033934231
:10BAA00008D111F8012B002AF1D1013404600120E2
:10BAB00010BC7047002010BC704700BF2DE9F04F4C
:10BAC000096885B04B1111F01F01029002EB83034E
:10BAD000039140F08F801D1F0193029B01991C6808
:10BAE000002341F8043C61780134002900F098807B
:10BAF000DFF87491A846AC469A461E460EE020290F
:10BB000000F28C80564506DDC44501D2072B5BDD73
:10BB1000624551D3082314F8011FA1B119F801009F
:10BB20000028ECD00133082B06F101063ADCDCF8E2
:10BB30000010090100F00F000843CCF8000014F8D1
:10BB4000011F0029EAD1002E6AD0C44501D2072B7B
:10BB500074DD624552D2111F634653F8040B41F85D
:10BB6000040FAB42F9D9A5EB0C0323F00303691CC6
:10BB700004330CF1010C614538BF04231344002148
:10BB800043F8041BAB42FBD9019B53F8043C2BB98F
:10BB9000AA4249D055F8043D002BF9D0052005B044
:10BBA000BDE8F08F6245B6D200234CF8043C19463C
:10BBB000ACF1040C0123BDE70023ACF104084CF800
:10BBC000043CB246C446A6E7C3F10801DCF80030E5
:10BBD0008900C1F1200E60469B46476807FA0EF3C4
:10BBE00043EA0B0327FA01FB036040F804BF40451A
:10BBF000F3D38DE7191D01911D466EE7039B002BC2
:10BC0000C2D0039B0198C3F120014FF0FF33CB401A
:10BC100050F8041C0B4040F8043CB8E7292909D02F
:10BC2000042005B0BDE8F08F012305202B6005B08E
:10BC3000BDE8F08F029901340C6084E7DCF8001055
:10BC4000C3F108039B00C3F12007644608466668F9
:10BC500006FA07F1014326FA03F0216044F8040FC5
:10BC60004445F4D375E700BFE822030082B049B130
:10BC70005AB16BB113780B601278101E18BF0120F7
:10BC800002B0704701A9002AF3D1104602B07047F4
:10BC90006FF00100F4E700BF436C70B505460C4639
:10BCA0004BB153F8240080B1026843F824200023EC
:10BCB000C0E9033370BD2122042102F0E1FC0346F8
:10BCC00068640028EDD1002070BD012101FA04F65E
:10BCD000721D9200284602F0D3FC0028F3D0C0E980
:10BCE0000146E4E731B1436C4A6853F8220008602A
:10BCF00043F82210704700BF2DE9F0410D69074657
:10BD00000E461C4601F1140E0020DEF800108BB226
:10BD100002FB03434FEA134C090C02FB01CC013038
:10BD20009BB203EB0C4385424EF8043B4FEA1C44A4
:10BD3000EBDC3CB1B368AB4207DD06EB85030135B4
:10BD40005C6135613046BDE8F0817168384601318B
:10BD5000FFF7A2FF8046A8B13269023206F10C015A
:10BD600092000C30F4F7D0FC7B6C726853F8221010
:10BD7000316043F82260464606EB850301355C617D
:10BD80003561DFE7024B03484246BA2102F058FC16
:10BD900070220300E82303002DE9F8431746274AE1
:10BDA0001E4608330C46092E82FB03124FEAE3734A
:10BDB0000546C3EB620339DD4FF0010C00214FEA69
:10BDC0004C0C634501F10101F9DC2846FFF764FFE3
:10BDD000014668B3089B4361092F4FF001030361DB
:10BDE00012DC0A340927BE420BDDF61B264414F888
:10BDF000013B0A22303B2846FFF77EFFA642014660
:10BE0000F5D10846BDE8F88304F10909C8463C4469
:10BE100018F8013B0A22303B2846FFF76DFFA0458A
:10BE20000146F5D1A7F108044C44DCE70021CCE73A
:10BE30000A46034B0348D32102F002FC398EE33853
:10BE400070220300E8230300020C12040346CAB95F
:10BE50000304102013F07F4F04BF1B02083013F0BF
:10BE6000704F04BF1B01043013F0404F04BF9B0010
:10BE70000230002B05DB13F0804F00F1010008BFFA
:10BE8000202070470020E5E7036813F00702014611
:10BE900007D0DA071FD4980721D55B080B60012073
:10BEA000704798B2A0B11046DAB20AB908301B0A3E
:10BEB0001A0704BF1B0904309A0704BF9B0802300D
:10BEC000DA0703D45B0800F1010006D00B6070476D
:10BED0001B0C1020E8E700207047202070479B08CB
:10BEE0000B600220704700BF38B5436C04460D4616
:10BEF0004BB15868B0B102685A6000220123C0E912
:10BF00000435C26038BD2122042102F0B9FB03468A
:10BF100060640028EDD1094B0948002240F2451128
:10BF200002F08EFB1C220121204602F0A9FB002812
:10BF3000F1D001220223C0E90123DEE770220300D1
:10BF4000E82303002DE9F04F0E691569AE4285B074
:10BF50008846144605DB2A46234635460C461646D7
:10BF60009846A3686168AF19BB42B8BF0131FFF7BB
:10BF700093FE0190002800F08780019B03F11409D3
:10BF800009EB870AD14505D24B46002243F8042B22
:10BF90009A45FBD808F1140808EB860B04F114034A
:10BFA000D8451A4603EB85055FD22B1B153B23F0C2
:10BFB000030304331534A54238BF0423CDE902A797
:10BFC000AC461F46924605E0090C29D1C34509F14C
:10BFD000040948D958F8041B8DB2002DF4D05646F8
:10BFE0004C46002356F8041B22681FFA81FE90B2CB
:10BFF000090C05FB0E00120C034405FB012202EBA9
:10C0000013429BB243EA0243B44544F8043B4FEA6F
:10C010001243E7D849F8073058F8041C090CD5D06A
:10C02000D9F8003050461A464C4600260588120CB6
:10C0300001FB052216449BB243EA064344F8043B45
:10C0400050F8045B22682D0C93B201FB053303EB1F
:10C05000164384454FEA1346E8D8C34549F80730EC
:10C0600009F10409B6D8DDE902A7002F02DC05E0DA
:10C07000013F03D05AF8043D002BF9D0019B18462C
:10C080001F6105B0BDE8F08F034B0448019A4FF4DF
:10C09000B17102F0D5FA00BF70220300E82303005B
:10C0A00012F003032DE9F0411446064632D10D4645
:10C0B000A41020D0D6F84080B8F1000F33D0E307A9
:10C0C0004FF0000707D4641015D0D8F80000A8B1CD
:10C0D0008046E307F7D5424629463046FFF732FF50
:10C0E000B5B16968736C641053F821202A6043F875
:10C0F00021500546E9D12846BDE8F0814246414637
:10C100003046FFF71FFFC8F8000007608046E0E7F1
:10C110000546D8E7013B0F4A52F823200023FFF7DA
:10C12000EBFD0546C4E701213046FFF7B5FD80462B
:10C1300040B1012340F27122C0E90432002330648F
:10C140000360BCE7044B0548424640F2451102F04B
:10C1500077FA00BF3825030070220300E8230300AC
:10C160002DE9F0470C4690462669A368496806EB1E
:10C170006216751C9D4207464FEA621904DD5B009A
:10C180009D4201F10101FADC3846FFF785FD844646
:10C19000002851D0B9F1000F00F114000EDD09F1B3
:10C1A00005024FEA820E03460CEB8202002143F89F
:10C1B000041B9342FBD1AEF114031844216904F12E
:10C1C000140318F01F0803EB81012DD0C8F12009DA
:10C1D00086464FF0000A1A6802FA08F242EA0A029A
:10C1E0004EF8042B53F8042B994222FA09FAF2D89C
:10C1F0000B1B153B23F00303043304F1150291429A
:10C2000038BF0423BAF1000F18BF2E4640F803A030
:10C210007B6C6268CCF8106053F822102160604695
:10C2200043F82240BDE8F087043853F8042B40F867
:10C23000042F9942F9D8EBE7034B044862464FF4C8
:10C24000EF7102F0FDF900BF70220300E823030044
:10C250000B6984460069C01A15D10CF1140C143115
:10C260000CEB830210B401EB830301E0944508D288
:10C2700052F8044D53F8041D8C42F7D004D24FF00D
:10C28000FF3010BC70477047012010BC704700BFE2
:10C290002DE9F84F0F691369FF1A002F0E469046DB
:10C2A0007FD101F11405143202EB830205EB830305
:10C2B00001E09D4278D253F8041D52F8044DA1428A
:10C2C000F7D069D37168FFF7E7FC8146002877D083
:10C2D0003569D8F81020C76008F1140E06F1140073
:10C2E00009F1140A06F110010EEB820200EB85073A
:10C2F00056464FF0000C5EF8044B51F804BFA3B251
:10C300001CFA8BFCACEB03034FEA144CCCEB1B4C3C
:10C310000CEB234C9BB243EA0C43724546F8043BBA
:10C320004FEA2C4CE7D8A2EB0801153908F11508A3
:10C33000424521F0030404F1040438BF04242044DE
:10C3400021F0030238BF002287425244544418D9D6
:10C350002646014651F8043B1CFA83FC4FEA2C4266
:10C3600002EB13421FFA8CFC4CEA02438F4246F860
:10C37000043B4FEA224CEDD8013F3F1A27F0030758
:10C38000E21923B952F8043D013D002BFAD0C9F857
:10C3900010504846BDE8F88F334601274646984678
:10C3A00090E7F9DB00278DE70021FFF775FC814658
:10C3B00068B101220023C9E904234846BDE8F88F8B
:10C3C000064B07484A4640F2452102F039F9034B33
:10C3D00003484A4640F2372102F032F97022030046
:10C3E000E8230300114B0B40A3F15073002B03DD36
:10C3F00000221946104670475B42B3F1A07F4FEA16
:10C40000235206DA4FF40023134100221946104646
:10C410007047A2F114031E2BDABF4FF00042DA403E
:10C420000122002319461046704700BF0000F07F2C
:10C430002DE9F843066900F1140808EB8606A6F119
:10C44000040956F8047C3846FFF7FEFCC0F12003CF
:10C450000A280B601CDDC8450CD2B0F10B0356F85E
:10C46000082C2DD147F07F5545F44015104629463C
:10C47000BDE8F883B0F10B02F4D007FA02F242F003
:10C480007F5545F44015002210462946BDE8F88343
:10C49000C0F10B0327FA03F2C84542F07F553CBFB9
:10C4A00056F8082CDA4000F1150328BF002207FADD
:10C4B00003F345F440151A4310462946BDE8F883B6
:10C4C000C3F120009F4022FA00F10F43A6F10801BA
:10C4D000884502FA03F238BF56F80C3C47F07F5506
:10C4E00038BFC34045F4401538BF1A4310462946AB
:10C4F000BDE8F88370B5012182B016461D46FFF7EE
:10C50000CBFB044600284AD02B46C5F30A55C3F39B
:10C5100013030DB143F48013002E019314D101A82D
:10C52000FFF7B2FC019B636101212030216115B34B
:10C53000069BA5F2334505441D60079BC0F13500FD
:10C540001860204602B070BD68460096FFF79CFC5C
:10C5500008B3019B0099C0F1200203FA02F20A43DA
:10C56000C34001936261002B14BF02210121A3612A
:10C570002161002DDCD104EB8102A0F2324310696D
:10C58000069A1360FFF760FC079BC0EB4110186030
:10C59000204602B070BDDDE900236261E3E7034B92
:10C5A0000348224640F20F3102F04AF8702203009D
:10C5B000E82303002DE9F04383B00E4669460746A1
:10C5C000FFF736FF04460D46304601A9FFF730FF5E
:10C5D00033693A69D21ADDE900369B1B03EB42133B
:10C5E000002B0BDD05EB03594D4602460B4620465A
:10C5F0002946FBF75BFC03B0BDE8F083C3EB0333D4
:10C6000001EB03573946F0E70139491101F1010CFB
:10C61000116902F1140303EB81018B4200EB8C0CD6
:10C6200016D210B5A0F1040E53F8044B4EF8044F87
:10C630009942F9D88B1A153B23F0030304331844AD
:10C64000844504D9002340F8043B8445FBD810BD41
:10C65000844505D9002340F8043B8445FBD8704746
:10C66000704700BF03694A11934200F1140009DAD0
:10C6700000EB830302E053F8042DBAB98342FAD8E1
:10C68000002070470FDD11F01F010CD010B450F8DE
:10C69000224000EB820324FA01F28A4094420BD03C
:10C6A000012010BC704700EB8203E7E701207047D0
:10C6B00053F8042D002AF3D18342F9D8002010BC8E
:10C6C000704700BF49B1FF2A02D80A7001207047A5
:10C6D0008A2303604FF0FF3070470846704700BF61
:10C6E0002DE9F04788B01E46119D254B80461F68F6
:10C6F000894614466DB3109B019407A90491032148
:10C70000CDE9026300914B464246384602F088F874
:10C71000079B31689842C1F100012B460AD2A1EB78
:10C72000000C10F8012B03F8012B079A82420CEB46
:10C730000001F6D88C4220DD621A1A44302103F839
:10C74000011B9342FBD100231370284608B0BDE8BB
:10C75000F087BA6C04F123039A4201DDFD6CCAE74D
:10C7600004F1240AF96C52463846FCF7B9FB054639
:10C770000028EAD0C7E912A0BDE71A46E3E700BFE8
:10C78000E08FFF1F2DE9F04FD9B00C460C91904679
:10C790000E93824601F0E6FE036819931846FEF7F1
:10C7A0004FFC08221790002128A8FEF783F8A389E0
:10C7B0001F0603D52369002B00F03F8700232FAA13
:10C7C0000024CDE92D33CDE91A33CDE91C33139381
:10C7D000189309930023CDE914342C9291464446D2
:10C7E000A046784BD3F8E450FEF7B8F9034628A8E2
:10C7F0000090424624A95046A847002800F0B08087
:10C80000C0F2A680249A252A034601D09844E8E77E
:10C81000B8EB0407064640F0A78000234FF0FF3234
:10C820008DF887309B460B9308F1010898F800308B
:10C8300008922B25202608F10108A3F120025A2A8C
:10C8400000F2C280DFE812F0E602C000C000E102A0
:10C85000C000C000C0006A00C000C000080284021E
:10C86000C0001302C702C000C2025B005B005B0095
:10C870005B005B005B005B005B005B00C000C00016
:10C88000C000C000C000C000C0004301C00089015A
:10C890001D02430143014301C000C000C000C000AD
:10C8A0001802C000C0009602C000C000C000B10164
:10C8B000C000A902C000C000DD06C000C000C0006A
:10C8C000C000C000C000C000C0004301C00089011A
:10C8D000E2014301430143017702E2017F00C0000E
:10C8E0008902C0005F02DA0632027F00C000B10197
:10C8F0007C00B406C000C000B806C0007C00A3F1F4
:10C900003002002118F8013B01EB810102EB4101EB
:10C91000A3F13002092AF5D90B918EE7504601F0B8
:10C9200021FE43681C931846FEF78AFB1D900746BC
:10C93000504601F017FE83681A93002F40F0B1852E
:10C9400098F8003077E798F800304BF0200B72E74A
:10C950000822002128A8FDF7ADFF0123984440E7F5
:10C96000B8EB0407064611D02E9B3B442E932D9B1B
:10C970000133072BC9E900472D9319DC09F1080998
:10C98000099B3B440993002E7FF447AF2E9B002B5D
:10C9900041F001820C9BB3F90C3013F0400F099B5E
:10C9A00018BF4FF0FF330993099859B0BDE8F08FD5
:10C9B0000C992CAA504602F0D7FE0028EAD10DF1BE
:10C9C000BC09DDE7548DFF1F1093002BDED0002241
:10C9D0008DF8FC3001238DF8872007930D920A9380
:10C9E00008921292169211923FAC1BF0020302D0F1
:10C9F0000799023107911BF084010F9105D10B9922
:10CA000007980F1A002F00F382832E9E82B1012215
:10CA1000C9F804202D9A013201360DF18701072A49
:10CA20002E962D92C9F8001000F3BD8309F1080974
:10CA300083B12D9B22AA01330236C9F80020072BAF
:10CA40004FF002022E962D93C9F8042000F3C08304
:10CA500009F108090F9B802B00F08182089B0A9A3C
:10CA60009F1A002F00F3BC821BF4807F40F01E82CF
:10CA70000A9BC9F804301E442D9BC9F800400133BD
:10CA8000072B2E962D9300F3378309F108091BF02D
:10CA9000040F05D00B9B079A9C1A002C00F3A4836B
:10CAA000099B0B9A07998A42ACBF9B185B180993A4
:10CAB000002E40F0CA8200232D930D9B1BB10D99CF
:10CAC0005046FEF7CFFB0DF1BC09444688E61093B3
:10CAD0000E9B073323F00701F1E80223CDE914236D
:10CAE000DDE9142323F000450E9116461046B34BA2
:10CAF00029464FF0FF32FBF749FB002840F0FC8449
:10CB0000AE4B304629464FF0FF32FBF721FB0028A1
:10CB100040F0F284DDE9140100220023FBF70EFB54
:10CB2000002841F038809DF88720A54CA54B2BF0BC
:10CB3000800B10994729C8BF1C46002303210D9381
:10CB400007910A910893129316931193002A3FF4C8
:10CB50004CAF079B0133079347E7432B109303D058
:10CB60001BF0100F00F051850E9E082200212AA80C
:10CB70003FACFDF79FFE2AAB56F8042B21465046EA
:10CB800002F0AAFD034601330A9001F0C3820A9B1A
:10CB90000E9623EAE373079300228DF887200D9207
:10CBA00008921292169211921FE70E9F109357F857
:10CBB000044B00238DF88730002C00F04D85109B2E
:10CBC000532B00F0D4861BF01003119340F0CF8656
:10CBD000089B5D1C01F0CC8011991A46204601F09B
:10CBE000DFFC0D90002801F051830D9B11999DF8F9
:10CBF00087200E971B1B0A9323EAE3730793732383
:10CC00000891129116910D9110939FE71BF0200F40
:10CC100010930E9B3CD0073323F007031A461146AE
:10CC20005B6851F8082B0E911946002BC0F2018465
:10CC3000089B013300F0A88252EA01032BF0800523
:10CC400040F0A382089B002B40F0A482AB46002357
:10CC500008930A9358ACFFE00E9B53F8042B0B92F9
:10CC6000002A80F20C840B9A0E9352420B9298F891
:10CC700000304BF0040BDEE598F800304BF0080B69
:10CC8000D9E54BF0100B1BF0200F10930E9BC2D177
:10CC90001BF0100F40F0FE831BF0400F00F0F683F6
:10CCA00033F9042B0E93D1170B46BEE70E9B53F8B6
:10CCB000042B0E9347F63003ADF888307820424BB2
:10CCC00018934BF002050021022310900020089CCD
:10CCD0008DF88700601C00F0A88052EA010025F062
:10CCE000800B40F0A180002C40F09586002BAED147
:10CCF00015F001030A9300F0C78330238DF85F31EC
:10CD00000DF25F14A8E01BF0200F40F0E5831BF04C
:10CD1000100F40F086861BF0400F40F07F871BF419
:10CD2000007F00F07E860E9B099953F8042B0E932A
:10CD30001170444654E598F80030682B03BF98F80A
:10CD400001304BF4007B08F101084BF0400B72E519
:10CD500098F800308DF887506DE598F800306C2B0E
:10CD600003BF98F801304BF0200B08F101084BF09D
:10CD7000100B60E510934BF0100B1BF0200100F03E
:10CD80004A830E9B073323F00703596853F8082B97
:10CD90000E932BF48065002398E710934BF0100559
:10CDA00015F0200100F028830E9B073323F00703C2
:10CDB000596853F8082B0E93012387E7FFFFEF7F95
:10CDC00044250300B81C0300C817030098F800307E
:10CDD0004BF0800B2FE5414611F8013B2A2B01F067
:10CDE0007F82A3F13002092A884698BF002101F210
:10CDF000768118F8013B01EB810102EB4101A3F1BF
:10CE00003002092AF5D9089117E598F800304BF05F
:10CE1000010B10E59DF88730002B7FF491AD98F859
:10CE200000308DF8876006E55D46012B00F0AD818E
:10CE3000022B58AC1FD1189802F00F031209C35CE3
:10CE400004F8013D42EA0172090952EA0103F3D1F3
:10CE500058AB1B1BAB460A930A9908989DF887208C
:10CE600081424FF00003B8BF01460D930791129322
:10CE7000169311936AE602F00703D20842EA417260
:10CE8000C908303352EA0106204604F8013DF2D1C8
:10CE9000E907DDD5302BDBD03023023804F8013C24
:10CEA00058AB1B1AAB460A930446D5E7109B652B7B
:10CEB00040F3DC80DDE9140100220023FBF734F9A4
:10CEC000002800F0C8810123C9F804302D9BBD4A19
:10CED000C9F8002001330136072B2E962D9300F35D
:10CEE000398509F10809239B139A934280F2C28283
:10CEF000179B199A1E44C9E900232D9B2E960133D6
:10CF0000072B2D9300F38D8309F10809139B5C1EF9
:10CF1000002C7FF7BCAD102C2D9BAB4D40F35585FD
:10CF2000324610270C9E05E009F10809103C102C30
:10CF300040F34A8501331032072BC9E90057CDE988
:10CF40002D32F1DD2CAA3146504602F00DFC0028AE
:10CF500040F08380DDE92D320DF1BC09E6E70B9B43
:10CF6000079A9F1A002F7FF779AD102F2D9B964DB2
:10CF700023DD324626460C9C04E0103F102F09F1B9
:10CF8000080918DD013310321021072BCDE92D32AD
:10CF9000C9F80050C9F80410EFDD2CAA214650460C
:10CFA0000DF1BC0902F0E0FB002856D1103F102F14
:10CFB000DDE92D32E6DC3446164601333E44072BCC
:10CFC000CDE92D36C9F80050C9F8047000F3168574
:10CFD000089B0A9A9F1A002F09F108097FF744ADB0
:10CFE000102F2D9B784D22DD324626460C9C04E006
:10CFF000103F102F09F1080917DD013310321021FD
:10D00000072BCDE92D32C9F80050C9F80410EFDD27
:10D010002CAA2146504602F0A7FBF0B9103F102F72
:10D02000DDE92D320DF1BC09E7DC3446164601334B
:10D030003E44072BCDE92D36C9F80050C9F80470DD
:10D0400000F3CD8109F108090EE50C992CAA504690
:10D0500002F08AFB00283FF42EAD0D9B002B3FF41D
:10D0600099AC0D995046FEF7FDF893E4139B012B04
:10D0700040F36E812D9FC9F8004001231F44013603
:10D08000072FC9F804302E962D9700F3D98109F1A6
:10D090000809179B199A01371E44072FC9E9002375
:10D0A000CDE92D7600F3D98109F10809DDE91401F4
:10D0B00000220023FBF738F8002840F06781139B1B
:10D0C0000137013B01341E44072FC9F800402D975A
:10D0D000C9F804302E9600F34C8109F108091B9B16
:10D0E000C9F8043001371E44072F26ABCDE92D7651
:10D0F000C9F800307FF7C9AC0C992CAA504602F051
:10D1000033FB0028A9D12E9E0DF1BC09BFE4102FDE
:10D11000DDE92D212D4D27DDCDE91E381026D04625
:10D12000A2460C9C04E0103F102F09F1080916DDFF
:10D1300001321031072AC9E90056CDE92D21F2DD6F
:10D140002CAA214640460DF1BC0902F00DFB002837
:10D1500040F0F283103F102FDDE92D21E8DC54462A
:10D160001E9BC246DDF87C80C9F8005001327E1853
:10D17000072ACDE92D26C9F8047000F3CC839DF869
:10D18000872009F1080941E45D460A2A71F100038C
:10D1900080F02983303201238DF85F21AB460A935A
:10D1A0000DF25F1458E60C991E932CAA504602F01B
:10D1B000DBFA00287FF451AF2E9E1E9B0DF1BC09B7
:10D1C00036E400BFD01C0300782503006825030067
:10D1D0000C992CAA504602F0C7FA00287FF43DAF04
:10D1E0002E9E0DF1BC0935E4102C2D9BB84D1FDD92
:10D1F000DDF830B0102704E0103C102C09F10809CC
:10D2000016DD01331036072BC9E90057CDE92D365D
:10D21000F2DD2CAA594650460DF1BC0902F0A4FAE1
:10D2200000287FF41AAF103C102CDDE92D36E8DC25
:10D2300001332644072BC9E90054CDE92D367FF789
:10D240002FAC0C992CAA504602F08EFA00287FF4DD
:10D2500004AF2E9E24E42399002940F32783119DD7
:10D26000139B9D42A8BF1D46002D0BDD2D9B013356
:10D270002E44072BC9E900452E962D9300F3DD8639
:10D2800009F10809119F002DA8BF7F1B002F00F393
:10D29000F481119B1BF4806F23440A9340F01482A5
:10D2A000239B139A934203DB1BF0010F00F0A5842C
:10D2B000179A19991644C9E900122D9A2E9601322F
:10D2C000072A2D9200F3C68609F10809139AA518BA
:10D2D000D41A0A9BED1AA542A8BF2546002D0DDDE4
:10D2E000C9F800302D9BC9F8045001332E44072B98
:10D2F0002E962D9300F3BE8609F10809002DA8BFD4
:10D30000641B002C7FF7C3AB102C2D9B714D40F399
:10D310005C83324610270C9E05E009F10809103C99
:10D32000102C40F3518301331032072BC9E9005709
:10D33000CDE92D32F1DD2CAA3146504602F014FA27
:10D3400000287FF48AAEDDE92D320DF1BC09E6E755
:10D350001BF0010F7FF48EAE2D9FC9F80040012312
:10D360001F440136072FC9F804302E962D977FF7FA
:10D37000B4AE0C992CAA504602F0F6F900287FF4BE
:10D380006CAEDDE92D760DF1BC09A8E6139B5C1EA1
:10D39000002C7FF7A4AE102C4E4D40F34C83324648
:10D3A00010230C9E05E009F10809103C102C40F3F5
:10D3B000418301371032072FC9E90053CDE92D729F
:10D3C000F1DD2CAA3146504602F0CEF900287FF458
:10D3D00044AEDDE92D720DF1BC091023E5E70C998F
:10D3E0002CAA504602F0C0F900287FF436AE2E9EDB
:10D3F0000DF1BC09FFF738BB15F0100360D115F033
:10D40000400200F073830E9850F8042B0E901946DA
:10D4100092B201235AE41BF0100368D11BF04002C2
:10D4200000F056830E9850F8042B0E90194692B2D5
:10D43000AFE4524261EB41015D462D20012346E4F9
:10D440000C992CAA504602F08FF900287FF405AE03
:10D45000DDE92D760DF1BC091BE60C992CAA50468E
:10D4600002F082F900287FF4F8ADDDE92D760DF1A8
:10D47000BC091BE61BF0010F3FF409AB38E50E9326
:10D4800098F80030FFF7D7B958ACE5E41BF4007FFB
:10D4900040F0BD8353F8042B0E93D1170B46FFF7D2
:10D4A000C4BB1A9B002B3FF44BAA1A9B1B78002B82
:10D4B0003FF446AA98F800304BF4806BFFF7BBB9F5
:10D4C0000E9B53F8042B0E930123FFF7FFBB00BF05
:10D4D00068250300782503000E9B099853F8041B68
:10D4E0000E93C217C1E900024446FFF779B90E9BBB
:10D4F00053F8042B0E934CE4DDE9140102460B466D
:10D50000FAF744FE002840F07586109B612B00F06E
:10D510005B85412B00F0AC85089B0133109B23F009
:10D520002003079300F06384472B04D1089B002B52
:10D5300008BF01230893DDE914010A46002A4BF4D1
:10D540008073CDF83CB0C0F2E1859B4600231646BF
:10D550001E9307460D93109B413B252B00F26783DA
:10D56000DFE813F0520465036503650349044E04C4
:10D57000650365036503650365036503650365036B
:10D58000650365036503650365036503650365035B
:10D59000650365036503650365036503650365034B
:10D5A00065036503650365036503650349044E046C
:10D5B00010935D46FFF7F4BB1093B74B18931BF025
:10D5C000200100F0FC800E9B073323F0070359680D
:10D5D00053F8082B0E931BF0010F0AD052EA0103F7
:10D5E00007D0109B8DF8893030234BF0020B8DF85B
:10D5F00088302BF480650223FFF768BB1093FFF798
:10D60000BCBB1093A54B1893D9E70E9B012153F88F
:10D61000042B07918DF8FC200E930A913FACFFF785
:10D62000BBBA0C992CAA504602F09EF800287FF451
:10D6300014AD2E9E0DF1BC0968E440215046FBF765
:10D6400093F90C9B18601861002800F060860C9A12
:10D6500040235361FFF7B2B8089B0D94062B214677
:10D6600028BF06230894224607938D4C0E970A93F1
:10D67000129116911191FFF769BA102F2D9B894DC8
:10D6800040F34582324626460C9C05E009F1080924
:10D69000103F102F40F33982013310321021072B35
:10D6A000CDE92D32C9F80050C9F80410EEDD2CAADE
:10D6B0002146504602F058F800287FF4CEACDDE950
:10D6C0002D320DF1BC09E3E7139B0A9DCDF83C8098
:10D6D0004A46DDF85890CDF828B0E31808931A9F11
:10D6E000DDF874B0DDF83080129B10943146B9F14A
:10D6F000000F2ED083BB013F09F1FF391C9BC2E90B
:10D70000003B2D9B01335944072B2E912D935FDC59
:10D710000832089B38785B1B8342A8BF0346002B66
:10D720001E460BDD2D98013019440728C2E900532D
:10D730002E912D9000F3568138780832002EACBF20
:10D74000841B0446002C0BDC0544129BB9F1000F2E
:10D75000D0D1002B00F0D483129B013B1293CDE774
:10D76000102C2D981DDD102604E0103C102C02F129
:10D77000080216DD01304B4B10310728C2E9003694
:10D78000CDE92D01F1DD2CAA4146504601F0ECFF18
:10D7900000287FF462AC103C102CDDE92D012FAA8B
:10D7A000E8DC01303F4B546021440728CDE92D01CE
:10D7B000136000F3FB83387808320544C5E71BF09B
:10D7C000100300F0BC800E9B53F8042B0E9302E76D
:10D7D0002CAA4146504601F0C7FF00287FF43DAC1B
:10D7E0002E992FAA95E7CDF834902F4BDDF868904D
:10D7F000CDF81C8005F480674FF0000C58AC4FF05A
:10D80000CC3B0A9505E00A2A71F1000134D3424667
:10D810003146501840F10000A3FB005626F00305E6
:10D8200005EB9605401B151A61F1000E0BFB05F682
:10D8300003FB0E66A5FB03852E4408F0010E0525AB
:10D84000AEFB055E2D184FEA5808303504F8015C30
:10D8500048EAC6780CF1010C013C7608002FD2D0C2
:10D8600099F800008445CED1BCF1FF0FCBD00A2A35
:10D8700071F1000180F098810A9DCDF8689058AB55
:10D880001B1BDDF81C80DDF83490CDF84CC0AB4696
:10D890000A93FFF7E1BA00BFC81703004C25030045
:10D8A0006025030078250300CDCCCCCC0123C9F83A
:10D8B00004302D9BBA4AC9F8002001330136072BEA
:10D8C0002E962D9300F38C8109F10809002940F070
:10D8D000BE80139A0BF0010313433FF4D8A8179BA3
:10D8E00019999A19C9E900132D9B2E920133072B20
:10D8F0002D9300F36E8209F108091399C9F80040CD
:10D9000001338E18072BCDE92D36C9F804107FF7A7
:10D91000BCA8FFF7F1BB0C991E932CAA504601F04E
:10D9200023FF00287FF499AB9DF887202E9E1E9B35
:10D930000DF1BC09FFF76AB8C246FFF78EBB1BF0BA
:10D94000400200F0B8800E9850F8042B0E90194653
:10D9500092B240E60C992CAA504601F005FF00282F
:10D960007FF47BAB2E9E0DF1BC09FFF7BCBA2AAE4B
:10D970000822002130462594FCF79CFF089B5A1C86
:10D9800000F0D4800025CDF81C80CDF834B0A84636
:10D990009B460CE03FA9504601F09EFE431C4044CC
:10D9A00000F0B883584508DC00F035848046259A9D
:10D9B000525933460435002AECD1CDF82880DDF8E1
:10D9C00034B0DDF81C80BEE0164601332644072B38
:10D9D000C9F80050C9F80440CDE92D367FF755A8A5
:10D9E000FFF78ABB2CAA4146504601F0BDFE002835
:10D9F0007FF433AB38782E992FAA9FE60C992CAA86
:10DA0000504601F0B1FE00287FF427AB2E9E0DF1A9
:10DA1000BC09FFF723B8012B5D467FF409AAFFF785
:10DA2000B9BB0E9B099953F8042B444611600E9321
:10DA3000FEF7D6BE164601372644072FCDE92D76D0
:10DA4000C9F80050C9F804407FF747AB91E4179B31
:10DA500019989A19C9E900032D9B2E920133072BBF
:10DA60002D9300F3B68109F108090029BFF645AFEF
:10DA70004F4210314B4D80F2888349461026A14613
:10DA80000C9C04E00831103F102F40F37C830133DD
:10DA90001032072BC1E90056CDE92D32F2DD2CAA58
:10DAA0002146504601F060FE00287FF4D6AADDE949
:10DAB0002D322FA9E7E70E9B1BF400711ABF114608
:10DAC00053F8042B53F8042B0E9318BFD2B282E5FF
:10DAD0000E9B1BF400711ABF114653F8042B53F828
:10DAE000042B0E9318BFD2B2FFF753B90E9B15F457
:10DAF00000711ABF114653F8042B53F8042B0E93F0
:10DB000018BFD2B20123FFF7E1B8344616460133FD
:10DB10003E44072BCDE92D36C9F80050C9F80470F2
:10DB200000F34A8109F10809FFF7B3BB0023194646
:10DB3000009625AA504601F0F5FD034601330A90F0
:10DB400000F0E88225940A9B002B3DD0632B00F364
:10DB5000298100230D933FAC082200213046FCF7B9
:10DB6000A9FE0A9D00962B4625AA2146504601F0A3
:10DB7000D9FD854240F0C4830A990E97002363546F
:10DB800021EAE1719DF8872008930791129316937B
:10DB90001193FEF7DBBF2D228DF88720FEF7C5BF5E
:10DBA000D01C0300782503001D9B1C99E41A1A461B
:10DBB0002046FCF77DFF99F80120A54B0AB109F139
:10DBC00001094FF0000C22E60A9B9DF887200E9772
:10DBD000CDE907331293169311930D93FEF7B6BF59
:10DBE0000C992CAA504601F0BFFD00287FF435AAFD
:10DBF00023992E9E0DF1BC0968E6139A0A99A5187F
:10DC00006D1AD41AA542A8BF2546FFF777BB13F9B2
:10DC1000042B0E93D1170B46FFF707B80E9B0999FB
:10DC200053F8042B0E9311804446FEF7D9BD089B90
:10DC30000A9302232AA9049125A90A9D039123A9E5
:10DC400000933A46334601950291504600F0E8FDB4
:10DC5000079B472B044600F0A381462B054405D1C2
:10DC60000378302B00F0B882239B1D4438463146A0
:10DC700000220023FAF758FA002800F066812B46AC
:10DC80001B1B1393079B472B00F04A81079B462BD6
:10DC900000F00082239B1193119B079A013B412ABC
:10DCA000239300F023829DF840200021002BB8BF71
:10DCB000119B8DF89820BABFC3F101032D222B22AE
:10DCC000092B8DF8992040F34F820DF1AF05614E7D
:10DCD0002A46104686FB0321DA17C2EBA10202EBAB
:10DCE0008201A3EB4101303100F8011C1946632980
:10DCF000134600F1FF32ECDC3033D9B2831E9D4273
:10DD000002F8011C40F2E98213460DF19A0201E08B
:10DD100013F8011B02F8011B9D42F9D10DF1B1036B
:10DD20000DF19A021B1A134426AA9B1A1B93139BEC
:10DD30001B9A012B1A440A9240F349820A9B179AB4
:10DD400013440A930F9B0A9A23F4806343F4807B65
:10DD500022EAE272002312930792169311931E9BFC
:10DD6000002B40F0EB809DF887200893FEF7EEBE75
:10DD700020460E97FDF764F9119B089320EAE071A5
:10DD8000129316930D9373239DF887200A900791A1
:10DD90001093FEF7DBBE0C992CAA504601F0E4FC70
:10DDA000FEF7F8BD591C5046FAF7DEFD0446002880
:10DDB00000F0B0810D90CFE60C992CAA504601F0EE
:10DDC000D3FC00287FF449A92E9E0DF1BC09FFF772
:10DDD00060BA0C992CAA504601F0C6FC00287FF4CA
:10DDE0003CA9DDE92D3223990DF1BC093DE606235E
:10DDF0000893FFF7A0BB089B01330A93022319E79E
:10DE0000089B0A93032315E73846314623AAF6F701
:10DE100005FA00224FF07F53F9F71EFF002200237E
:10DE200006460F46FAF780F908B1012323930A4BFF
:10DE30000A93089BCDF84C90013BCDE9118B254608
:10DE4000DDF828B0CDF858A098461F940DE000BF2B
:10DE5000CDCCCCCC676666664C250300002200233F
:10DE600008F1FF38FAF760F9E8B9AE4B0022304606
:10DE70003946F9F7F1FE0F460646FAF79DF90446D2
:10DE8000F9F780FE0B46024639463046F9F72CFD7D
:10DE90001BF80430B8F1FF3FAA46C14605F8013B24
:10DEA00006460F46DAD1A04B002230463946DDE95E
:10DEB000118BCDF84490DDF84C90CDE912A4DDF83B
:10DEC00058A01F9CFAF758F9002840F03181964B72
:10DED000304639460022FAF727F918B1139BDE07BE
:10DEE00000F12681119B002B07DB119B01332B4492
:10DEF000302205F8012BAB42FBD12B1B1393C1E65B
:10DF0000109C139BDDF828B0DDF83C801A97E318CD
:10DF10009D4228BF1D4691460E460A95FFF7C0B99F
:10DF2000239B1193DD1C02DB089A934219DD109BA1
:10DF3000023B109323F020030793ADE62D2200232C
:10DF40008DF887200893FEF704BE2A9BAB42BFF4EE
:10DF500097AE30215A1C2A9219702A9B9D42F9D8FB
:10DF60008EE6119B139A9342C0F2C5800F9B13F06B
:10DF7000010F119B00F04D81179A13440A930F9BD8
:10DF8000590503D5119B002B00F356810A9B23EA08
:10DF9000E373079367231093002312931693DEE62F
:10DFA0000F9BDB0700F19F802A9B69E62CAA414664
:10DFB000504601F0D9FB00287FF44FA838782E99FD
:10DFC0002FAA0544FFF7C1BB78238DF88930302391
:10DFD0008DF888304BF002030F93089B632B00F3FE
:10DFE000ED8000230D933FACDDE914121346002BA6
:10DFF0004BF4817B67DB1E46109B23F020030793C5
:10E0000000230F461E93109B612B7FF4A4AA384671
:10E01000314623AAF6F702F900224FF07F53F9F7B1
:10E020001BFE0022002306460F46FAF77DF808B1D2
:10E03000012323933D4B0A93FBE60C992CAA5046EF
:10E0400001F092FB00287FF408A82E9E0DF1BC0978
:10E05000FFF718B90C992CAA504601F085FB00284F
:10E060007EF4FBAF239B2E9E0DF1BC09FFF72EB96A
:10E070005823AAE70C992CAA504601F075FB0028FA
:10E080007EF4EBAF239C139B2E9E1C1B0DF1BC0951
:10E09000FFF734B9239A0F9B1192002A03F0010372
:10E0A00040F3088108990B4340F0FD80119B0A93CF
:10E0B000662310930F9B5A0500F1C0800A9B23EA48
:10E0C000E373079368E7109B23F020030793DDE9D0
:10E0D000142303F100462D2317461E9393E70022D5
:10E0E0000892FEF7AABB0A9D2544BFE5109A0F329D
:10E0F000D2B20121DAE5139B179A9A18119B0A9262
:10E10000002B40F38F8067231093D3E79B460023B7
:10E110000D93DCE70C9AB2F90C3043F04003938185
:10E12000FEF73BBC000030400000E03FC817030092
:10E13000129B0A9A2A93D17B15F8013C8B422A46FE
:10E1400009D1302002F8010C2A9A531E2A9312F8A2
:10E15000013C9942F6D0392B0BBF0A9B01339B7AC5
:10E16000DBB202F8013CC8E6002940F08C80302286
:10E170008DF89A200DF19B02303302F8013B26AB5B
:10E18000D31A1B93D3E54C46894601333A44072BF7
:10E19000CDE92D32C9F80050C9F804707FF7ABAB58
:10E1A0000C992CAA504601F0DFFA00287EF455AFF6
:10E1B000DDE92D320DF1BC09FFF79FBB591C50461C
:10E1C000FAF7D2FB04460028A4D00D900CE70F9B71
:10E1D000D8077FF5B7ADB1E53846314600220023B8
:10E1E000F9F7A2FF00287FF43FAD0A9BC3F10103BA
:10E1F00023933AE5159B4A4C002BB4BF2D229DF882
:10E200008720484BB8BF8DF887202BF0800BFEF796
:10E2100090BC0A93B3E6089BDDF81C80DDF834B0AF
:10E220000A9390E4C3F101031A4422EAE2730793CC
:10E2300067230A921093AFE6672310931A990B781D
:10E24000FF2B59D00025119A284603E001300131F7
:10E25000FF2B08D0934206DAD21A4B78002BF5D167
:10E260000B780135F4E711921A9116901295129AD3
:10E27000169B1D9913440A9A01FB03230A9323EA70
:10E28000E37307936BE50DF19A0275E7089B07931B
:10E290000A9373239DF887200E970890129016908A
:10E2A0001093FEF753BC179BD518294466230A9197
:10E2B0001093FFE6089A134305D1012366220793C2
:10E2C00010920A9368E6179B5D1C2A4422EAE273C7
:10E2D000079366230A9210935EE602231B9326E5BA
:10E2E0000E9A98F80130884652F8041B0E9241EAC3
:10E2F000E1710891FEF79FBA002312931693B6E7D7
:10E300000C9A938943F040039381FEF7A6BE0C2339
:10E31000CAF800304FF0FF330993FEF745BB00BF4A
:10E3200048250300B41C030070B500294BD00646F5
:10E330000C4610B1436B002B48D0636ED80734D520
:10E34000B4F90C30002B3ED02146304600F050F896
:10E35000E36A054633B1E169304698470028B8BF03
:10E360004FF0FF35A3891A063CD4216B41B104F16B
:10E370004003994202D03046FCF774FF0023236328
:10E38000616C21B13046FCF76DFF00236364FCF73C
:10E390007FF9636E0022DB07A2811FD5A06DFCF719
:10E3A00075FCFCF77BF9284670BDA3899905CBD491
:10E3B000A06DFCF76DFCB4F90C30002BC4D1656E78
:10E3C00015F0010505D00025284670BDFCF742F97F
:10E3D000B3E7A06DFCF75EFC284670BDA06DFCF7AE
:10E3E00059FCDBE721693046FCF73CFFBDE700BF85
:10E3F000B1F90C20F8B50C461107074642D4636802
:10E4000042F40062002BA28159DDA56A002D54D090
:10E4100000233E683B6093B212F4805253D1E1690D
:10E4200001233846A847421C63D0A389A56A5B072D
:10E4300005D56368C01A236B0BB1E36BC01AE169A1
:10E44000024600233846A847411C3ED13B68002BBA
:10E450003BD01D2B01D0162B52D1A38922692260FB
:10E4600023F4006300216160A381216B3E6021B32E
:10E4700004F14003994202D03846FCF7F3FE002035
:10E480002063F8BD2669C6B193B2256826609A0755
:10E490000CBF63690023AD1BA3600CE0D4F824C05B
:10E4A000E1692B4632463846E047B0F1000CA5EB57
:10E4B0000C05664416DD002DF0DC0020F8BDE36B92
:10E4C000002BA2DCF9E7206DB1E7B4F90C3022692A
:10E4D000226023F40063A3810022DB046260C4D5C0
:10E4E0002065C2E7A38943F040034FF0FF30A381CA
:10E4F000F8BD3B68002B98D01D2B06D0162B04D0FE
:10E50000A38943F04003A381F8BD3E60D5E700BF77
:10E5100038B50C46054608B1436B03B3B4F90C009B
:10E5200088B1636EDB0701D481050FD528462146EB
:10E53000FFF75EFF636EDA07054602D4A3899B05E9
:10E5400008D5284638BD0546284638BDA06DFCF7DD
:10E550009FFBEBE7A06DFCF79DFB284638BDFCF761
:10E5600079F8DBE700487047448EFF1F38B5074D48
:10E57000074C2C1BA41005D0013C55F8043D9847CE
:10E58000002CF9D1BDE8384004F0BCB80000000010
:10E5900000000000FFFFFFFFFFFFFFFFFFFFFFFF87
:10E5A00001F0FF01102A2BDB10F0070F08D010F844
:10E5B000013B013A8B422DD010F0070F42B3F6D148
:10E5C000F0B441EA012141EA014122F007047FF061
:10E5D00000070023F0E80256083C85EA010586EAB8
:10E5E000010685FA47F5A3FA87F586FA47F6A5FAF4
:10E5F00087F68EB9EED1F0BC01F0FF0102F0070200
:10E6000032B110F8013B013A83EA010313B1F8D1AA
:10E610000020704701387047002D06BF354603388B
:10E62000073815F0010F07D1013015F4807F02BFC4
:10E63000013015F4C03F0130F0BC0138704700BF15
:10E6400000B50B4C25681446EE681A4685B00346A3
:10E650000D464CB107490095CDE9011430460649F5
:10E6600001F06EF8F2F784F904490C46F3E700BFB5
:10E67000E08FFF1F882503009825030094250300E1
:10E6800038B5A1FB02148CBBFAF76EF90546E0B170
:10E6900050F8042C22F00302043A242A17D8132A33
:10E6A0001AD91B2AC0E900441DD9242A14BF00F13D
:10E6B000100200F118024FF00003C0E9024404BF49
:10E6C00004614461C2E900339360284638BD2146A5
:10E6D000FCF7F0F8284638BD02460023C2E90033B3
:10E6E0009360284638BD00F10802F6E7FCF7A2FA6D
:10E6F0000C2300250360E8E72DE9F04F03690C695E
:10E70000A34283B0C0F28880013C01F11405A3004C
:10E7100000F11408009355F8243058F824200133F0
:10E720008A469A4208EB8401814605EB84070191F1
:10E73000B2FBF3F63AD34FF0000CAE4640466246C9
:10E7400063465EF804BB01681FFA8BFC06FB0C33C2
:10E750004FEA134C4FEA1B4B06FB0BCC9BB2D31A70
:10E760001FFA8CF213FA81F3C2EB114202EB23423F
:10E770009BB243EA0243774540F8043B4FEA22420A
:10E780004FEA1C43DDD2009B58F8033073B9019B5C
:10E79000043B984504D307E0984504F1FF3403D2C5
:10E7A00053F80429002AF7D0C9F8104051464846CA
:10E7B000FDF74EFD00282BDB01364146002355F8BE
:10E7C000040BD1F800C082B29A1A030C12FA8CF230
:10E7D000C3EB1C4303EB224392B242EA0342AF4233
:10E7E00041F8042B4FEA2343E9D258F8242008EBE0
:10E7F00084036AB9043B984504D307E0984504F1C3
:10E80000FF3403D253F80429002AF7D0C9F8104086
:10E81000304603B0BDE8F08F002003B0BDE8F08FB4
:10E820002DE9F04F816B99B090469946CDE9048966
:10E83000259D044641B1C26B4A60012393408B6021
:10E84000FDF750FA0023A363B9F1000AB4BF012316
:10E8500000232B60764BBCBF2AF0004ACDF814A0F1
:10E8600033EA0A0300F0AB80DDE9042310461946C1
:10E8700000220023CDE90A01F9F756FC074678B1DA
:10E88000249A01231360269B002B00F0AE83694B72
:10E89000269A1360013B0393039819B0BDE8F08FEB
:10E8A00016AB019317AB00932046DDE90A23FDF771
:10E8B00021FE5FEA1A56054640F09780DDE916769C
:10E8C0003E4406F23243202B40F3A683C3F14003BB
:10E8D0000AFA03FA06F2124328FA03F04AEA0000A1
:10E8E000F9F740F90123013EA1F1F8710F93524B62
:10E8F0000022F8F7F9FF48A3D3E90023F9F7ACF9B0
:10E9000047A3D3E90023F8F7F1FF80463046894654
:10E91000F9F738F944A3D3E90023F9F79DF9024642
:10E920000B4640464946F8F7E1FF80468946F9F72D
:10E9300043FC00228346002340464946F9F7FEFB8C
:10E94000002840F04583BBF1160F00F234833B4BA7
:10E9500003EBCB03D3E90023DDE90A01F9F7EEFB72
:10E96000002871D00023BF1B0E937B1E0BF1FF3BD1
:10E97000069300F1278300230993BBF1000F6ADAA5
:10E98000099BCDF81CB0A3EB0B030993CBF100035B
:10E990000D93229B092B4FF0000B65D8052B40F3FC
:10E9A0003983043B22930026229B023B032B00F277
:10E9B0006786DFE813F04E044B0442042504249AD2
:10E9C000CAF3130A42F20F735AEA080A13601AD103
:10E9D000269B002B00F06386194B03930833269A7D
:10E9E0000398136019B0BDE8F08FDDE90A12C2F395
:10E9F0001303084643F07F510F97A6F2FF36169F88
:10EA000041F4401173E7269B002B40F0DB830D4B54
:10EA1000039341E7AFF3008061436F63A787D23F61
:10EA2000B3C8608B288AC63FFB799F501344D33FFD
:10EA30000000F07FD11C03000000F83F70240300A9
:10EA4000C8250300D4250300BF1B7B1E069300F1DD
:10EA50007E840E900990069B5B44CDE9063B002323
:10EA60000D93229B092B99D90023CDE9223301264E
:10EA70004FF0FF330C960893089B12930021E1633B
:10EA80002046FDF709F90390002800F00186039B5A
:10EA9000A363089B0E2B00F21381002E00F010815F
:10EAA0000799002940F35584AE4B01F00F0203EBA8
:10EAB000C2034FEA2118C905D3E9006740F1118468
:10EAC000A94BDDE90A01D3E90823F9F7EFF9CDE90C
:10EAD000100108F00F084FF0030AB8F1000F13D02F
:10EAE000DFF8849218F0010F09D030463946D9E991
:10EAF0000023F9F7B1F80AF1010A06460F465FEA6A
:10EB0000680809F10809EDD1DDE9100132463B46FC
:10EB1000F9F7CCF9804689460E9B43B1934B00220E
:10EB200040464946F9F70AFB002840F02A8550463E
:10EB3000F9F728F842464B46F9F78EF88C4B00223D
:10EB4000F8F7D4FEA1F15073CDE910011193089BA1
:10EB5000002B00F09980079B1493089B13930C9B48
:10EB6000002B00F0A584139A7E4B8249039E03EB91
:10EB7000C20353E902230020F9F798F9DDE91023D5
:10EB8000F8F7B2FECDE9100149464046F9F714FB0B
:10EB90000746F8F7F7FF02460B4640464946F8F7A6
:10EBA000A3FE30378046894602460B4606F8017BB5
:10EBB000DDE91001F9F7E0FA002840F02785CDF8EB
:10EBC00054B00027DDE910AB1095139D13942AE093
:10EBD0000137AF4280F22A85674B504659460022E2
:10EBE000F9F73AF8644B002282468B464046494684
:10EBF000F9F732F889468046F9F7DEFA0446F8F765
:10EC0000C1FF02460B4640464946F8F76DFE3034D8
:10EC100006F8014B52465B4680468946F9F78EFA64
:10EC2000002840F0F18442464B4650490020F8F756
:10EC30005BFE52465B46F9F781FA0028C8D0DDE951
:10EC40001343109D039A079302E0B24200F0C6847A
:10EC5000B14616F8013D392BF7D00133DBB23370E2
:10EC6000079B0133079392E15046F8F78BFF42462A
:10EC70004B46F8F7F1FF3E4B0022F8F737FEA1F1C3
:10EC80005073CDE9100111933C4B40464946002298
:10EC9000F8F72AFEDDE9108942464B4606460F4644
:10ECA000F9F76AFA8246002840F0A884424609F142
:10ECB000004330463946F9F741FA002840F04583D1
:10ECC000179B002BC0F28C80079A0E2A00F38880D5
:10ECD000244B03EBC203D3E900AB239B002B1BDACD
:10ECE000089B002B18DC40F02E83244B504600225A
:10ECF0005946F8F7B1FF02460B46DDE90A01F9F77C
:10ED000027FADDF820A05646002800F0B982239BA0
:10ED1000DDF80C80DF43BBE2DDE90A7852465B4652
:10ED200038464146F9F7C2F8F9F746FA81460990A4
:10ED3000F8F728FF52465B46F8F78EFF039E0B4616
:10ED4000024641463846F8F7CFFD09F1300306F890
:10ED5000013B089B012B00F05C830694012704957E
:10ED60001C462AE070240300482403000000F03F02
:10ED700000001C400000E03F000024400000144060
:10ED800052465B4640464946F9F790F8F9F714FABF
:10ED90000546F8F7F7FE52465B46F8F75DFF013788
:10EDA0000B46024649464046F8F79EFD05F1300302
:10EDB000A74206F8013B00F02983A54B0022F8F793
:10EDC0004BFF0022002380468946F9F7ADF9002861
:10EDD000D6D0049D069C079B01330793B146D6E02D
:10EDE0000C9A002A00F00781229A012A40F39482AB
:10EDF000089B03F1FF380D9B434580F25E820D9B1B
:10EE0000CDF83480A8EB03039B444FF00008089B27
:10EE1000002BC0F22F83069A1A440692099A1746CD
:10EE20001A44099201212046FDF75EF8064667B1B3
:10EE3000069900290B4608DD099AB942A8BF3B464E
:10EE4000D21AFF1ACB1A099206930D9B63B10C9B41
:10EE5000002B00F0B682B8F1000F00F331820D9B59
:10EE6000B3EB080240F0168301212046FDF73CF881
:10EE7000BBF1000F824600F3D480229B012B40F3AC
:10EE8000A7814FF000090120BBF1000F40F0D580B1
:10EE9000069B184410F01F0000F09881C0F1200379
:10EEA000042B00F3AD8040F02482099B002B05DD8C
:10EEB00029461A462046FDF753F90546069B002BC6
:10EEC00005DD51461A462046FDF74AF982460E9B5B
:10EED000002B40F05C81089B002B40F343810C9B8E
:10EEE000002B40F0C680079B01330793DDF80C80B0
:10EEF000DDF82090012707E0294600230A2220465A
:10EF0000FCF7FAFE0137054651462846FFF7F4FBA9
:10EF1000B94500F1300308F8013BEDDC089A002AFE
:10EF2000C8BF9346039AD8BF4FF0010B9344002704
:10EF30002946012220460493FDF712F95146054661
:10EF4000FDF786F9002840F3DC811BF8013C039AA9
:10EF50000BF1FF3B04E05A4500F0EE811BF8013D48
:10EF6000392B0BF10109F6D001338BF800305146F3
:10EF70002046FCF7B7FE56B12FB1B74203D0394651
:10EF80002046FCF7AFFE31462046FCF7ABFE294693
:10EF90002046FCF7A7FE002389F80030249B079A3F
:10EFA0001A60269B002B3FF477AC0398C3F80090BF
:10EFB00019B0BDE8F08F0123BF1B0E937B1E069393
:10EFC0007FF5D9ACC7F10103099300230693D4E47C
:10EFD0005846F8F7D7FD42464B46F9F7A5F8002802
:10EFE0007FF4B1AC0BF1FF3BADE41A4B03930398F4
:10EFF00019B0BDE8F08FDDF83480099F0C9E16E74C
:10F00000C0F11C00099B03440993069B0344074479
:10F0100006934AE70126C7E4C3F1200308FA03F088
:10F020005EE401465A462046FDF73AF8229B012B42
:10F03000824640F3BA814FF00009DAF810300AEB4B
:10F0400083031869FCF700FFC0F1200020E700BF30
:10F0500000002440D01C0300314600230A22204631
:10F06000FCF74AFE129B002B064640F3F382CDE9E3
:10F070000783002F00F31A81B9F1000F40F0E381FC
:10F08000B046049B039F089903F001027B1E1944BC
:10F09000229B0C92134309910A9351462846FFF78D
:10F0A0002BFB314683462846FDF7D2F842465146AF
:10F0B00081462046FDF7ECF8C26801460BF13003AB
:10F0C000002A42D1069028460893FDF7C1F8069918
:10F0D00004902046FCF706FE049A089B1AB90A9988
:10F0E000002900F0A982B9F1000FC0F271812299C4
:10F0F00049EA01090C9951EA090900F06981002ADD
:10F1000000F3BC81099A3B7007F101099742CB4695
:10F1100000F0BA81294600230A222046FCF7ECFDC4
:10F120004645054631464FF000034FF00A0220469F
:10F1300012D0FCF7E1FD4146064600230A22204694
:10F14000FCF7DAFD4F468046A7E720460493FCF71C
:10F15000C9FD049B0122C6E7FCF7CEFD4F460646DB
:10F1600080469AE7229B022B79DC0C9B002B80D1F6
:10F17000079B5146013328460793FFF7BDFADDF898
:10F180000CB000F130030BF8013B0027D0E65146EC
:10F190002846FDF75DF80028BFF69DAE29460023FE
:10F1A0000A222046FCF7A8FD079B03F1FF380C9BC1
:10F1B0000546002B7FF450AF129B002B40F3438297
:10F1C000089393E6B64B0393033308E41C2019E736
:10F1D000DDE9041200297FF454AEC2F31303002BBF
:10F1E0007FF44FAEAF4B1340002B00F00B82099B16
:10F1F00001330993069B013306934FF0010942E660
:10F2000001230C93239B079A134412930133012B80
:10F210001F460893B8BF01270021172FE1637FF72E
:10F220002FAC012204235B0003F11400B842114605
:10F2300002F10102F7D9E16322E401230C93239B3D
:10F24000002B59DD129308931F46E5E700230C932A
:10F25000D8E700230C93F2E7129BCDE90783089BC4
:10F26000002B7FF454AD514605222046FCF744FDA7
:10F27000014682462846FCF7EBFF00287FF747ADA2
:10F28000039B079F3122984603F8012B0137039314
:10F2900051462046FCF726FD7B1CDDF80C900793B9
:10F2A000CDF80C80002E7FF46EAE70E631463A4603
:10F2B0002046FCF755FF0646DEE6A3EB0808A6E568
:10F2C000314642462046FCF7EBFE2A4601460646FA
:10F2D0002046FCF737FE294605462046FCF702FD8E
:10F2E000BDE5DDE90A234FF0020ACDE91023FFF75F
:10F2F000F4BBC0F13C0085E6012323930893FFF79C
:10F30000BBBB03D1049BDB073FF51FAED9461BF8FF
:10F31000013D302BFAD02AE60F9A002A00F02D8109
:10F3200003F23343069ADDF834801A440692099AB0
:10F3300017461A44099275E5079B039A0133079310
:10F340003123137013E64FF0000A5646DFE40E90A7
:10F3500038E600F03D81079A534B564206F00F0203
:10F3600003EBC203D3E90023DDE90A01F8F774FCDB
:10F3700036118046894600F078814C4F00234FF0CB
:10F38000020AF20706D5D7E90023F8F765FC0AF16F
:10F39000010A0123761007F10807F2D1002B3FF490
:10F3A000BBAB80468946FFF7B7BB049B002B7FF4BD
:10F3B00042AEDDE90412C2F31303002B3FF412AF97
:10F3C00039E629460D9A2046FCF76AFE05464BE5CC
:10F3D000002A12DD2946012220460493FCF7C0FED4
:10F3E00051460546FCF734FF0028049B40F3188182
:10F3F000392B00F0F9800BF13103B94609F8013BD4
:10F40000079B0133374607934646B0E50995069CAE
:10F41000049D02460B46F8F769FA52465B46804661
:10F420008946F8F7A9FE60B952465B464046494610
:10F43000F8F77AFE00283FF4CEAC099BD9077FF598
:10F44000CAAC039A04E471682046FCF725FC074621
:10F45000002800F00E81336902339A0006F10C0196
:10F460000C30F1F751F9394601222046FCF778FEBD
:10F47000804606E6DDE908239F1AD3E4392B00F025
:10F48000B380B9460133B9E7079A0132374607928C
:10F4900046464DE529462046FCF702FE0546E3E4D4
:10F4A000D42503000000F07F7024030048240300EB
:10F4B000DDF84CA0814901EBCA01DDE9102351E9D7
:10F4C0000201F8F7C9FBCDE9100149464046F8F7BB
:10F4D00073FE0646F8F756FB0B4602464946404681
:10F4E000F8F702FA039F53463036012B07F8016BF9
:10F4F0008046894600F0B780139E039B1E44704BE4
:10F50000002240464946F8F7A7FB89468046F8F7AF
:10F5100053FE8246F8F736FB0AF1300A02460B46E4
:10F5200040464946F8F7E0F907F801ABBE4280468D
:10F530008946E4D1634B0022DDE91001F8F7D6F9E2
:10F5400042464B46F8F7FAFD002864D1DDE9102366
:10F550005C490020F8F7C8F942464B46F8F70CFE24
:10F5600000283FF4ADABB146013E19F8013C302B09
:10F57000F9D0149B0133079309E5169BC3F13603B9
:10F58000D0E6089B002B3FF46FAB129B002B7FF75C
:10F5900097AB079A013ACDE913324046484B002217
:10F5A0004946F8F759FB804689460AF10100F8F709
:10F5B000E9FA42464B46F8F74FFB434B0022F8F777
:10F5C00095F9A1F15073CDE910011193FFF7C7BA76
:10F5D000DDE90A894FF0020AFFF79EBA079B013363
:10F5E00007933123FFF73BBB079BBB4601330793D0
:10F5F000392337460BF8013B4646A8E44FF0000A92
:10F6000056463DE699463EE4109D139C149B0133FB
:10F610000793B146BBE4149B039A0793FFF718BB0B
:10F620007FF4EBAEDA077FF5E8AEE1E6DDF854B043
:10F63000109D139CFFF744BB392BD5D0B9F1000FB7
:10F640003FF7D9AED9E6229B022B3FF705AECDF8A6
:10F650001C808DE5229B022B3FF7FEAD129BCDF85F
:10F660001C80089305E53E4664E74FF0020AFFF769
:10F6700053BA164B16483A4640F2EF21FEF7E0FF28
:10F680000026E66331462046FCF706FB039050B99E
:10F690000E4B0F48002240F2AF11FEF7D1FF0D4B89
:10F6A0000393FFF7F9B8039BA3634FF0FF33129363
:10F6B0000893012323960C93FFF702BB70240300E9
:10F6C000000024400000E03F00001C4070220300C6
:10F6D000D8250300C825030070B5054684B05BB18A
:10F6E0001C4669B10E4B2846D3F8E0602346B0476C
:10F6F000431C0FD004B070BD00F582740029F1D115
:10F70000074A2346D2F8E06028460A4601A9B047D6
:10F71000431CEFD100228A2322602B6004B070BD0D
:10F72000548DFF1F00B583B0DDF810C0CDE9003C5B
:10F730004FF0FF3301F0B6FB03B05DF804FB00BFF0
:10F740000EB410B583B005AB064C53F8042B0193EF
:10F750000146206800F0C4F803B0BDE8104003B0D3
:10F76000704700BFE08FFF1F2DE9F04F93681768C7
:10F7700083B09246002B70D081468A6808680C4698
:10F78000083743E0A38913F4906F2ED0D4E9041610
:10F79000A0EB010806EB460606EBD67608F1010061
:10F7A00076102844B042324684BF064632465B0596
:10F7B00037D511464846F9F7D7F8019000283AD0D6
:10F7C00042462169F0F7A0FFA289019B22F49062D2
:10F7D00042F08002A281A6EB080203EB08006661FA
:10F7E000A260236120602E46A84642465946FAF799
:10F7F000E5FFDAF80830A2682068921B40445B1BE2
:10F80000A2602060CAF808303BB3083757E902B558
:10F81000002DFAD0AA4216469046B3D92E46A846E5
:10F82000E3E74846F9F75CFB03460028D3D121699A
:10F830004846FBF717FDA3890C2243F04003C9F8A3
:10F8400000204FF0FF30A38100220023CAF80820D7
:10F85000CAF8043003B0BDE8F08F00200023CAF8D6
:10F86000043003B0BDE8F08F2DE9F84F4B6E9C04D7
:10F8700090462DD59368126843B38B46064602F135
:10F88000080959E9025A5FEA9A0715D0043D002495
:10F8900001E0A7420ED055F8041F5A46304601F049
:10F8A00051FA431C04F10104F3D10023C8E90133E8
:10F8B000BDE8F88FD8F808302AF0030AA3EB0A0352
:10F8C000C8F8083009F10809002BDAD10020ECE76C
:10F8D00001F008F80023C8E90133BDE8F88F00BF44
:10F8E0002DE9F04FC5B00DF1500A8346039116463D
:10F8F0000021082250461C460793FAF7DBFFBBF1B4
:10F90000000F04D0DBF83430002B00F0A186039AFE
:10F91000536EDB0740F11C85B2F90C108AB29504D6
:10F9200009D4039B41F4005199818AB219465B6E58
:10F9300023F400534B66100740F10481039B1B69BD
:10F94000002B00F0FF8002F01A030A2B00F0088160
:10F950000023CDE91933CDE90D331BAA0B9318927F
:10F9600091460C930593B0464446A64BD3F8E45019
:10F97000FBF7F4F82246034612A9CDF800A058463A
:10F98000A847002800F04081C0F23381129A252A4E
:10F99000034601D01C44E8E7B4EB0806054640F0F6
:10F9A0003781002361788DF8433004F10108069314
:10F9B0004FF0FF371E462B2408F10108A1F1200368
:10F9C0005A2B00F26581DFE813F09F0263016301A7
:10F9D0009A026301630163016A00630163016702C4
:10F9E000770263017202810263017C025B005B00AB
:10F9F0005B005B005B005B005B005B005B00630126
:10FA000063016301630163016301630163016301D6
:10FA100046028400630163016301630163016301C2
:10FA20006301630163016301E20063016301630138
:10FA30001D026301C4026301630194056301630154
:10FA40006301630163016301630163016301630196
:10FA500046028600630163016301B70286007F00EE
:10FA60006301AA026301E702E400D7027F00630199
:10FA70001D027C00720563016301740563017C0053
:10FA8000A1F13003002218F8011B02EB820203EB04
:10FA90004202A1F13003092BF5D906928EE75846B0
:10FAA000FEF760FD43680D931846FBF7C9FA0E9008
:10FAB00005465846FEF756FD83680C93002D40F02E
:10FAC000DF8498F8001077E798F8001046F02006D9
:10FAD00072E746F01006B40640F17881079B0733C1
:10FAE00023F007031A46596852F8083B07920A4662
:10FAF0000029C0F27A84791C00F0A78526F08001E5
:10FB0000029153EA020100F048840A2B72F10001CD
:10FB100080F0498530338DF80F31029E0123049324
:10FB20000DF20F14049BBB42B8BF3B460293002367
:10FB300008939DF84330002B00F0B880029B0133FE
:10FB40000293B3E0039D5846294601F03FF8002890
:10FB500040F05686AA8902F01A030A2B7FF4F8AE09
:10FB60000399B1F90E30002BFFF6F2AE4B6EDB07B6
:10FB700002D4970540F11886039923463246584629
:10FB800000F070FE0590059845B0BDE8F08F46F096
:10FB9000100616F0200200F02681079B073323F0A1
:10FBA000070319465A6851F8083B079126F480610B
:10FBB0000291002100208DF84300781C00F00082A3
:10FBC000029820F0800653EA020040F0F881002FEE
:10FBD00040F04385002940F0E483029B13F00103C9
:10FBE000049300F0208430238DF80F310DF20F14B0
:10FBF00098E7082200215046FAF75CFE01231C44D6
:10FC0000B3E600BF548DFF1FB4EB080605461AD0BB
:10FC1000199B1A9A01333244072BC9E900861A92BC
:10FC200019931ADD002A00F0B483039918AA5846E4
:10FC3000FFF71AFED8B90DF16C09059B3344059303
:10FC4000002D7FF4AEAE1A9B002B40F0CA85039BBB
:10FC50000022B3F90C3019920CE009F10809ECE725
:10FC6000B346089B1BB108995846FBF7FBFA039B68
:10FC7000B3F90C30039A526E12F0010F9AB200F0F1
:10FC80009C80500600F1C885059845B0BDE8F08F0E
:10FC90000029D8D000238DF8433001238DF8AC1013
:10FCA000029304932BAC002308931F4616F0020323
:10FCB000099302D0029B0233029316F084030A9345
:10FCC00005D1069B029A9D1A002D00F39482DDE96E
:10FCD0001903411C9DF8432082B101220133C9F868
:10FCE000042007290DF14302CDE91913C9F80020BA
:10FCF00000F36482084609F108090131099ADAB172
:10FD000011AA0233C9F8002007294FF00202CDE9F9
:10FD10001913C9F8042040F36982002B00F05883BE
:10FD2000039918AA5846FFF79FFD002899D1DDE9ED
:10FD300019030DF16C09411C0A9A802A00F0828196
:10FD4000049ABD1A002D00F3E081049AC9F800401E
:10FD500013440729CDE91913C9F8042040F36C8135
:10FD6000002B00F09E82039918AA5846FFF77CFDED
:10FD700000287FF476AF1A9B0DF16C09750705D545
:10FD8000069A0299541A002C00F39582DDE90521A8
:10FD900002988142ACBF521812180592002B40F015
:10FDA000FE81089900231993002900F048815846E4
:10FDB000FBF758FA0DF16C09D6E59C053FF561AFEC
:10FDC000039CA06DFAF766FFA2895AE7F006079A2E
:10FDD00000F13E83710640F1388332F9043B07920B
:10FDE000DA17114684E616F01003079940F02883CD
:10FDF00016F0400000F020831A4651F8043B0791AA
:10FE00009BB2D3E6079B1A4600238DF84330134676
:10FE100053F8044B0293002C00F02D84532900F07A
:10FE20008A8316F0100540F086837B1C00F0CC849A
:10FE30003A4629462046FEF7B3FB0890002800F01A
:10FE4000B884031B029A049323EAE3732F460792B4
:10FE5000029308956DE6432902D0F50640F15283DE
:10FE6000079D0822002116A82BACFAF723FD16AB3C
:10FE700055F8042B21465846FFF72EFC0346013364
:10FE8000049000F0CE84049B079523EAE373029369
:10FE900000238DF8433006E7079B53F8042B0692A6
:10FEA000002A80F2BB82069A5242CDE9062398F8D6
:10FEB000001046F004067FE598F800108DF84340E6
:10FEC0007AE598F8001046F0800675E5424612F88B
:10FED000011B2A2900F0B084A1F13003092B9046C0
:10FEE0004FF000073FF66AAD18F8011B07EB8707D4
:10FEF00003EB4707A1F13003092BF5D95EE598F82C
:10FF0000001046F0010657E59DF84330002B7FF4C2
:10FF1000D8AD202398F800108DF843304CE598F8C0
:10FF200000106C2903BF98F8011046F0200608F174
:10FF3000010846F010063FE598F80010682903BF55
:10FF400098F8011046F4007608F1010846F04006E2
:10FF500032E546F010030293029B13F0200200F0FA
:10FF60002582079B073323F0070319465A6851F887
:10FF7000083B079101211DE6079A46F00203029310
:10FF800052F8043B079247F63002ADF84420A14AEC
:10FF90000B92022100220DE6B70600F16782F506FA
:10FFA00000F16183740600F1EE83B00540F15B83DC
:10FFB000079B059953F8042B07931170D4E402961C
:10FFC00001293FF4A2AD022944AC11D10B9803F0F2
:10FFD0000F011B09415C04F8011D43EA0273120979
:10FFE00053EA0201F3D1029E44AB1B1B049399E533
:10FFF00003F00701DB0843EA4273D208303153EAC9
:020000023000CC
:100000000205204604F8011DF2D1029EF307EBD54C
:100010003029E8D03023023804F8013C44AB1B1AE5
:10002000029E049304467DE5049B1B9401221C93CD
:100030001A9319920DF16C0909F108099EE60DF168
:100040006C0991E4069A029D551B002D7FF778AE4E
:10005000102D40F3D383194643460994B846039CB8
:1000600037465E469B4607E000F1020C09F108099D
:100070001046103D102D1FDD674BC9F80030421CA3
:1000800010311023072ACDE91921C9F80430EBDD1E
:1000900018AA002900F08C80214630460DF16C0929
:1000A000FFF7E2FB00287FF4DBADDDE91901103D2D
:1000B000102D00F1010CDFDC5A46099CB3460B46BB
:1000C0003E4647469046544AC9F804502B44BCF17A
:1000D000070FCDE919C3C9F8002040F3A781002B11
:1000E00000F02C83039918AA5846FFF7BDFB00289F
:1000F0007FF4B7AD049ADDE91903BD1A002D00F1B4
:1001000001010DF16C097FF720AE102D32DD19468B
:1001100043460994B046039C5E4610279B4607E081
:1001200000F1020C09F108091046103D102D1ADDEE
:10013000421C394B1031072AC9E90037CDE9192192
:10014000EEDD18AA29B3214630460DF16C09FFF700
:100150008BFB00287FF484ADDDE91901103D102DE3
:1001600000F1010CE4DC5A46099C0B46B34661469B
:1001700046469046284AC9F804502B440729CDE941
:100180001913C9F8002000F3F38009F108090131BF
:10019000DBE54FF0010C08460DF16C09C5E703994A
:1001A00018AA5846FFF760FB00283FF4FAAD58E55F
:1001B0004FF0010C08460DF16C095AE7002B00F0D6
:1001C0000C81039918AA5846FFF74EFB00287FF4CC
:1001D00048ADDDE919030DF16C09411C8EE50223E0
:1001E00011AA1C931B9201210DF16C09084609F11B
:1001F0000809411CA0E5102D40F3E282DDE9191346
:10020000184643460F94B846039C37465E469B46C5
:100210000CE000BFC81703004426030001F1020CE4
:1002200009F108091146103D102D1DDDB24BC9F82A
:1002300000304A1C10301023072ACDE91920C9F8D4
:100240000430EBDD18AA30B3214630460DF16C09BD
:10025000FFF70AFB00287FF403ADDDE91910103D1C
:10026000102D01F1010CE1DC5A460F9C0346B34608
:1002700060463E46474690469F4AC9F804502B4484
:100280000728CDE91903C9F8002000F3B68009F169
:100290000809411C1EE501464FF0010C0DF16C09E7
:1002A000C1E7760719934AD5069A0299541A002C89
:1002B00045DD0DF16C09102C40F39D821999039EC8
:1002C000102506E0881C09F108091146103C102C85
:1002D0001ADD4A1C88481033072AC9E90005CDE910
:1002E0001923EFDD18AA2BB331465846FFF7BCFAA5
:1002F00000287FF4B6ACDDE91913103C102C01F195
:1003000001000DF16C09E4DC7B4AC9F80440234488
:100310000728CDE91903C9F800207FF737AD73B17D
:10032000039918AA5846FFF79FFA00287FF499AC62
:100330001A9B2BE5012019460DF16C09C6E7DDE992
:10034000053202998A42ACBF9B185B18059328E5D9
:10035000039BB3F90C108F058AB23FF5E0AA1D4646
:10036000986DFAF795FCB5F90C108AB2FFF7D7BA79
:10037000002B3FF459AE039918AA5846FFF774FAB8
:1003800000287FF46EAC19991A9B01310DF16C09AC
:10039000DBE419920DF16C094FE4002F7FF4BAAB46
:1003A000029E0027049744ACFFF7BCBB029B13F0EE
:1003B000100354D1029A12F0400000F067810799AF
:1003C0001A4651F8043B07919BB20121FFF7F2BB9B
:1003D000012118460DF16C09AEE4099A002A5ED19C
:1003E000184601210DF16C09A6E45B4262EB420262
:1003F00002962D200121FFF7DEBB002B00F08D803F
:10040000039918AA5846FFF72FFA00287FF429AC61
:10041000DDE919030DF16C09411C5BE498F800104B
:100420000793FFF7C9BA44ACFFF77CBB09F1080991
:100430000CF10101604683E416F4007240F09181F2
:1004400051F8043B0791FFF7B1BBB30500F182817E
:1004500052F8043B0792DA171146FFF749BB079998
:1004600051F8043B07910121FFF7A4BB079B0598B6
:1004700053F8041B0793C217C1E90002FFF774BACF
:100480000C9B002B3FF41DAB0C9B1B78002B3FF407
:1004900018AB98F8001046F48066FFF78DBA022377
:1004A00011AA1C931B9201200DF16C099FE6029684
:1004B00052E5124B0B9316F020025FD0079B0733D7
:1004C00023F0070318465A6850F8083B0790F407D2
:1004D00009D553EA020006D08DF84510302146F0C8
:1004E00002068DF8441026F4806102910221FFF784
:1004F00061BB034B0B93DEE734260300C8170300F0
:100500004C250300079B012153F8042B02918DF821
:10051000AC20079304912BACBAE49DF84320002A49
:1005200040F02681099A002A7FF459AE184601212D
:100530000DF16C0904E40021082216A81394FAF7BF
:10054000B9F9791C00F0B280002507942C460CE024
:100550002BA95846FFF7C0F8421C204400F06181E7
:10056000B84208DC00F065810446139A525916AB74
:100570000435002AECD10494079CA5E016F0100382
:1005800007980CD116F0400405D01A4650F8043BE9
:1005900007909BB29BE716F4007240F0D58050F8AC
:1005A000043B079093E70299CDF8208001F4806620
:1005B000DDF8308004974FF0000C44AC05E00A2BC6
:1005C00072F1000236D33B462A46DFF890E29918D2
:1005D00041F10001AEFB010525F0030000EB9500A1
:1005E000091A581A4FF0CC3562F1000705FB00F5E7
:1005F0000EFB0755A0FB0E70054407F0010E052009
:10060000AEFB000E40187F08303004F8010C47EABA
:10061000C5770CF1010C013C6D08002ECFD098F885
:1006200000106145CBD1BCF1FF0FC8D00A2B72F18D
:1006300000026CD244AB1B1B049FCDF83080029E9D
:10064000DDF820800493FFF76DBA0296FFF75DBADC
:100650005846F9F7FFFFFFF75AB9012902967FF4D0
:10066000B2ACFFF757BA079B059953F8042B1160FA
:100670000793FFF779B9062F3B46029A784C079209
:1006800028BF062304930293FFF70DBB029B079933
:1006900013F4007214BF51F8043B51F8043B079166
:1006A0001CBF0246DBB20121FFF784BA16AB0093F0
:1006B0000023194613AA5846FFF734F803460133BE
:1006C000049000F0AE801394049B7BB3632B62DC38
:1006D000002308932BAC0822002116A8FAF7EAF8A9
:1006E000049D16AB009313AA2B4621465846FFF7EC
:1006F00019F8854240F0AB80029B049A07930023CF
:10070000A3541F4622EAE2730293FFF712BA0E9B2C
:100710000D99E41A1A462046FAF7CAF998F80130FA
:100720000BB108F101084FF0000C4CE7029B079356
:10073000049B02931F460893FFF7FBB9012118465B
:100740000DF16C09FFF7FCBA50F8043B0790224604
:10075000DBB2BCE612F9043B0792DA171146FFF749
:10076000C7B951F8043B07910246DBB2FFF71EBA46
:1007700001231C9301210DF143031B930DF16C091F
:100780000B46FFF7B7BA079B059953F8042B07935D
:100790001180FFF7E9B8591C5846F8F7E5F8044608
:1007A00000283ED0089096E7886DFAF773FAFFF7B5
:1007B000E3B9029B049702970793089FFFF7B9B923
:1007C00019981A9B013057E5029B07932046FAF7C8
:1007D00037FC20EAE0732F46049002930895FFF758
:1007E000A8B9039918AA5846FFF73EF800283FF425
:1007F0002EAAFFF73CBA1998013085E58C4662E4D1
:10080000039B5B6ED90707D4039B9B899A0503D48E
:10081000039B986DFAF73EFA4FF0FF330593FFF70D
:1008200033BA039AB2F90C3043F040039381FFF7D7
:1008300021BA079C049747E7079B98F8011053F8E3
:10084000047B0793904647EAE777FFF7B5B8039A2A
:10085000938943F040039381FFF703BACDCCCCCC0E
:1008600060250300F0B51F468B89ADF26C4D23F077
:100870000203ADF80C304B6E1993CB89ADF80E30F6
:10088000CB6907934B6A09931AAB009304934FF417
:100890008063154606460293059316A800230C466E
:1008A0000693FAF7F1F92A463B4669463046FFF7C8
:1008B00017F8051E07DB69463046FDF729FE0028BC
:1008C00018BF4FF0FF35BDF80C305B0603D5A38988
:1008D00043F04003A3811698FAF7D8F928460DF2A1
:1008E0006C4DF0BD9368002B00F081802DE9F04F36
:1008F000B1F90C300C461907804683B0174698B200
:1009000023D523690BB310F002033D682BD04FF0C1
:10091000000ADFF8B4B256465E453346524628BF59
:100920005B464046002E4FD0E169D4F824C0E04732
:10093000002852DDBB681B1A8244361ABB60002BAC
:10094000EAD1002003B0BDE8F08F2146404600F018
:100950003DF9002840F03481B4F90C303D6898B27C
:1009600010F00203D3D110F0010942D14E463EB33C
:100970008205D4F808B040F18180B3455A4600F2B0
:10098000B18010F4906F40F0BE802068019249461B
:10099000F9F714FFA368019AA3EB0B012368A16088
:1009A0001344B24623600026BB68A3EB0A03D1447C
:1009B000BB60002BC5D0B4F90C0080B2002ED7D19B
:1009C000D5E900960835D2E7D5E900A60835A3E7B2
:1009D00021464046FDF79CFD80B3B4F90C3043F04E
:1009E00040034FF0FF30A38103B0BDE8F08F00203B
:1009F00070471E46BA46994618461F4666B388B3E6
:100A00004A46D4E904C32068A168B24228BF3246EE
:100A1000604504D901EB030B5A4500F3A7809342CC
:100A200064DCE169D4F824C03A464046E047B0F1BE
:100A3000000BD2DDB9EB0B09CAD00120DAF808307F
:100A4000A3EB0B035F44A6EB0B06CAF80830002BA0
:100A50003FF477AF002ED2D16E682B460835002EBA
:100A6000FAD01F6832460A213846FDF799FD002862
:100A700000F09D800130A0EB0709C1E720682369E1
:100A8000984217D86269B24214D86FF00043B3425B
:100A900028BF3346E16993FBF2F3D4F824C002FB8C
:100AA00003F340464A46E047B0F1000A95DDA6EB65
:100AB0000A0679E7B345DA4628BFB24652464946A8
:100AC000F9F77CFEA3682268A3EB0A035244A360F3
:100AD0002260002BEBD121464046FDF719FD00288E
:100AE000E5D07AE72068B34632464FE739460192AF
:100AF000F9F764FE019AA3689B1AA3602368134464
:100B00002360934696E723682169A3EB010B636991
:100B100003EB430A0AEBDA7A0BF101034FEA6A0AA4
:100B200033445345524684BF9A46524643052CD51A
:100B300011464046F7F718FF00283BD05A46216976
:100B40000190EFF7E1FDA289019B22F4906242F04F
:100B50008002A28103EB0B002361AAEB0B03C4F814
:100B600014A0A3602060B34632460FE739465A46C8
:100B7000F9F724FE23685B44236021464046FDF7D5
:100B8000C7FC00283FF456AF27E74046F8F7A8F91E
:100B900003460028DED121694046FAF763FBB4F929
:100BA0000C300C2223F08003C8F8002017E7721CD9
:100BB000914626E70C22B4F90C30C8F800200EE765
:100BC0004FF0FF30BEE600BF00FCFF7F38B5314B71
:100BD0001B6805460C4613B15A6B002A4ED0B4F977
:100BE0000C3018079AB21CD5216929B312F0010004
:100BF00007D00020A06060694042A06139B10020A8
:100C000038BD950758BF6069A0600029F7D112066A
:100C100058BF0846F4D543F04003A3814FF0FF309E
:100C200038BDD1062ED5520714D4216943F00803EC
:100C3000A3819AB20029D9D102F42070B0F5007FC7
:100C4000D4D02146284600F03FF9B4F90C30216990
:100C50009AB2CBE7216B51B104F14002914204D02A
:100C60002846FAF7FFFAB4F90C3000222263216912
:100C70000022C4E9001223F02403D7E71846F9F74D
:100C8000E9FCACE7092243F040032A604FF0FF3053
:100C9000A38138BDE08FFF1F2DE9F04383B00746E5
:100CA00088461446F9F75AFF012803D108F1FF33AB
:100CB000FE2B37D90DF10409424604F15C03494685
:100CC0003846FEF709FD421C064633D028B39DF88E
:100CD00004C0002509E023685A1C226083F800C084
:100CE0000135B54219D219F801CFA368013B002B99
:100CF000A360F0DAD4F818E073456146224638461E
:100D000002DBBCF10A0FE6D100F04AF9431CE7D13F
:100D10000646304603B0BDE8F0834646304603B091
:100D2000BDE8F0835FFA88FC8DF804C006460DF13B
:100D30000409CEE7A389304643F04003A38103B002
:100D4000BDE8F08330B5536E13F0010FB2F90C30EB
:100D5000144683B005469AB201D198051CD590047B
:100D600006D4626E43F4005342F40052A3816266DB
:100D700022462846FFF790FF636EDA07054602D445
:100D8000A3899B0502D5284603B030BDA06DF9F7B5
:100D900081FF284603B030BDA06D0191F9F778FFBF
:100DA000B4F90C3001999AB2D9E700BF2DE9F04FA0
:100DB00089B0DDE9138A129F0191814603921E4694
:100DC000B8F1000F55D0019B002B57D0039B1D6835
:100DD000002F63D0741E2EB3019B0293043D0026A6
:100DE0000AE0019B13BB2A68002A35D0BC4557D2C4
:100DF000013C631C664615D0D8F8003055F8042F26
:100E00000093DAF8E0C0D8F804B0434605A9484694
:100E1000E047421C37D000EB060CBC45E1D9009BF3
:100E2000C8E9003B304609B0BDE8F08F00280CDD72
:100E3000029B18445A1E05A900F1FF3E11F8013B20
:100E400002F8013F7245F9D10290039B1A680432FF
:100E50001A602A68002AC9D1019B0BB1039B1A6052
:100E60000CF1FF3600223046C8F8002009B0BDE87A
:100E7000F08F019B00F58678002BA7D1039B4FF0E4
:100E8000FF371D68A6E706468A2100223046C9F8CA
:100E90000010C8F8002009B0BDE8F08F3E46C1E759
:100EA0006646BFE710B584B0054C069800900798D9
:100EB0000190044800680294FFF778FF04B010BD69
:100EC000548DFF1FE08FFF1F2DE9F0418B890C46E9
:100ED000990796B008D504F143030122C4E904320E
:100EE000236016B0BDE8F081B4F90E100029064663
:100EF00025DB6A4600F0ACF800281FDB019D05F4F5
:100F00007045A5F50055B5FA85F54FF480686D0973
:100F10004FF4006741463046F7F726FDE0B1B4F9DB
:100F20000C30C4F8148043F0800320602061A3815A
:100F300035BB3B43A38116B0BDE8F081A38913F014
:100F4000800519D04FF040080025414630462F4615
:100F5000F7F70AFD0028E2D1B4F90C309A05C0D4A5
:100F600023F0030304F1430243F002030121C4E927
:100F70000421A3812260B4E74FF480682F46C9E7BB
:100F8000B4F90E10304600F079F810B9B4F90C300D
:100F9000CFE7A38923F0030343F001031BB2C8E7A3
:100FA000F8B50D461446064610B1436B002B4CD0E5
:100FB000B4F90C20A369A360170790B21BD523696D
:100FC000CBB1EDB281042F4622D522686169D31AD4
:100FD000994229DD0133A1680139A160511C2160CA
:100FE000157062699A4227D0A389DB0701D50A2DC3
:100FF00022D03846F8BD21463046FFF7E7FD08BB52
:10100000B4F90C20236990B2EDB281042F46DCD4F0
:1010100042F40052A281626E616922F4005262665B
:101020002268D31A9942D5DC21463046FDF770FA82
:1010300040B922680123CEE721463046FDF768FA21
:101040000028D6D04FF0FF37D3E7F9F703FBAFE71F
:1010500070B50C46084D03460026204611461C4636
:101060002E60EFF76FFC431C00D070BD2B68002B87
:10107000FBD0236070BD00BF80A4FF1F38B5074DB3
:101080000022044608462A60EFF762FC431C00D0A9
:1010900038BD2B68002BFBD0236038BD80A4FF1F18
:1010A00038B505460C462846214600220023F7F7AE
:1010B00045F828B928462146BDE8384000F00AB86E
:1010C000284604F1004100F005F8404261EB41017F
:1010D00038BD00BFD0B50C4B002206460F46F6F7D0
:1010E000BBFDF7F791F80446F6F73CFD074B0022ED
:1010F000F6F7B2FD02460B4630463946F6F7F4FBEA
:10110000F7F782F82146D0BD0000F03D0000F04125
:101110003A463F2300FFFFFF3A41302C33230000C3
:101120003A412A2C332300002A3031323334353609
:101130003738395043574142000000004500000055
:101140002B2D0000414D5500414344004153555162
:10115000000000002B2D67475051735324210000DD
:101160004F6F49693A30313233343536373863435B
:101170006D725700783F7E4D5641610074730000D8
:1011800041614363446465666747684C4D4E4F5008
:101190006D6E6F52725354745658575A00000000C7
:1011A000426243464F5051525300000065776E73C0
:1011B0006700000050534155463F61003132400006
:1011C0002365776E7300000047434D53303132334F
:1011D000340000002161424365646747684C6D4DEF
:1011E0006E4E6F4F72745455587A0000522B2D5426
:1011F000534C5100656430313200000030313233DD
:10120000000000003F0000005800FFFF3A41452366
:10121000000000003A434123000000003A434D2300
:10122000000000003A435323000000003A435523D6
:10123000000000003A4423003A4544230000000027
:101240003A464123000000003A46562300000000C1
:101250003A466123000000003A467E230000000069
:101260003A472823000000003A47292300000000E5
:101270003A474123000000003A47432300000000A2
:101280003A474423000000003A47444C2300000042
:101290003A474723000000003A474C230000000073
:1012A0003A474D23000000003A474E23000000005B
:1012B0003A474F23000000003A4752230000000045
:1012C0003A47524C230000003A47532300000000E5
:1012D0003A47534C230000003A47542300000000D3
:1012E0003A475642230000003A4756442300000084
:1012F0003A47564E230000003A475650230000005C
:101300003A475654230000003A4756622300000033
:101310003A475723000000003A4758413023000065
:101320003A475841312300003A47584132230000E0
:101330003A475841332300003A47584134230000CC
:101340003A475841352300003A47584136230000B8
:101350003A475841372300003A47584138230000A4
:101360003A475841532300003A475841612300004F
:101370003A475841772300003A4758417A23000002
:101380003A475843532300003A475844503023000B
:101390003A475844503123003A47584450322300CA
:1013A0003A475844503323003A47584450342300B6
:1013B0003A475844503523003A47584450362300A2
:1013C0003A475844503723003A4758445231230093
:1013D0003A475844523223003A4758445233230084
:1013E0003A475844523423003A4758445235230070
:1013F0003A475844523623003A475844572300008E
:101400003A475844573123003A47584530230000A3
:101410003A475845312300003A47584532230000E7
:101420003A475845412300003A47584544230000B5
:101430003A4758454F2300003A4758455044230047
:101440003A475845505223003A4758455223000026
:101450003A4758455A2300003A47584572442300FA
:101460003A475845725223003A47584C45230000EA
:101470003A47584C482300003A47584C4F23000045
:101480003A47584C532300003A47584C5523000024
:101490003A47584C572300003A47584D42442300DE
:1014A0003A47584D425223003A47584D434423008F
:1014B0003A47584D435223003A47584D474423007A
:1014C0003A47584D475223003A47584D4944230064
:1014D0003A47584D495223003A47584D4C4423004F
:1014E0003A47584D4C5223003A47584D4D4423003B
:1014F0003A47584D4D5223003A47584D5244230025
:101500003A47584D525223003A47584D534423000E
:101510003A47584D535223003A47584D63442300ED
:101520003A47584D635223003A47584D6D442300C3
:101530003A47584D6D5223003A47584F4123000017
:101540003A47584F422300003A47584F4323000080
:101550003A47584F492300003A47584F5323000059
:101560003A475850312300003A4758503223000080
:101570003A475850332300003A475850342300006C
:101580003A475852412300003A475852422300003C
:101590003A475852442300003A4758525823000013
:1015A0003A475852652300003A47585266230000D4
:1015B0003A475852722300003A47585264230000B9
:1015C0003A475854302300003A475854312300001A
:1015D0003A475854322300003A4758543323000006
:1015E0003A47586C582300003A4758726723000066
:1015F0003A475872702300003A475872742300002B
:101600003A475A23000000003A47612300000000D7
:101610003A476323000000003A47642300000000BB
:101620003A47644C230000003A476523000000005D
:101630003A476623000000003A4767230000000095
:101640003A476823000000003A476D23000000007D
:101650003A476E23000000003A476F230000000065
:101660003A477223000000003A47724C2300000002
:101670003A477423000000003A573F2300FFFFFF62
:10168000000000000000000000000000000000005A
:1016900000000000000000000000000000FFFFFF4D
:1016A0004E2F412300FFFFFF25642C252B3036648D
:1016B0002C252B3036642300256400FF253032644E
:1016C0002F253032642F2530326423002530382E08
:1016D00035662300252B30382E35662300000000A8
:1016E000252B303464230000252B30352E31662322
:1016F00000000000252B3032642A230053697465F2
:10170000202564003F230000257323002530326428
:101710002A230000252B30382E36662300000000D7
:101720004F6374202034203230323600312E362E72
:10173000390000005465656E417374726F000000DB
:10174000556E6976657273616C00000030303A3016
:10175000303A3030000000002564230050000000C3
:10176000470000004C000000540000004E00000044
:10177000480000003100FFFF25662300252E386653
:101780002C252E38662C252E38662C252E386623DF
:101790000000000025642C2564230000257523002B
:1017A000256C752300000000256C662300000000F6
:1017B000256C642300000000256C642525230000AF
:1017C000792300006E230000303132333435363750
:1017D000383961626364656600FFFFFF414243443C
:1017E00045464748494A4B4C4D4E4F505152535431
:1017F00055565758595A6162636465666768696AE5
:101800006B6C6D6E6F707172737475767778797AB0
:10181000303132333435363738392B2F00FFFFFF64
:10182000616C69676E00FFFFD0070000D007000001
:10183000B80B0000B80B0000706F696E74203100A7
:1018400025732009205B25662C2025665D0000009D
:10185000706F696E742032006572726F72000000E2
:10186000417A696D757468205074333A2000FFFF27
:101870000000000000000000000000000000244004
:1018800000000000004059404D6F756E74202564C3
:1018900000FFFFFFD0070000D0070000B80B0000DA
:1018A000B80B0000D0070000D0070000B80B000004
:1018B000B80B0000AD740100B1740100B9740100EF
:1018C000C17401001F1C1F1E1F1E1F1F1E1F1E1F75
:1018D0002573253032643A253032643A253032643B
:1018E00000FFFFFF253032642A253032643A25306C
:1018F000326400002B253032642A253032643A25C8
:10190000303264004750524D43000000474E524D64
:10191000430000004750474741000000474E4747FB
:101920004100FFFF0200030004000500060008005C
:101930000A000C00100014001800200028003800D5
:10194000400060008000C0000001800100028002B1
:101950000003FFFF00000080000001800000000085
:1019600000000280000001000110000000000200E1
:10197000011001000320000001000200032001000B
:101980000430000003200200032003000540000093
:1019900005400100065000000650010007600000ED
:1019A0000760010008700000076002000870010075
:1019B0003C80044000100000041A0000FF7F00007B
:1019C0001110000005C301000C0800000002000017
:1019D000000200000B0700004002000000020000AF
:1019E0000D0E000040020000000200000A0209067D
:1019F000141715160F00000000020000000200007E
:101A000000020000000200000002000000020000CE
:101A100000020000000200000002000001010202BA
:101A2000040408081000000000000000000000008E
:101A300051D0010065CF010005CC010091CC01001F
:101A400031CD010085CB010061CC010061CB0100EB
:101A500049CC010029CC0100A9CC0100C5CB010073
:101A600079CC0100000000000000000051D001000E
:101A700065CF010005CC010091CC010031CD010002
:101A800085CB010061CC010061CB010049CC010094
:101A900029CC0100A9CC0100C5CB010079CC010003
:101AA000000000000000000051D0010065CF0100DF
:101AB00005CC010091CC010031CD010085CB0100A6
:101AC00061CC010061CB010049CC010029CC0100AF
:101AD000A9CC0100C5CB010079CC010000000000B9
:101AE0000000000051D0010065CF010005CC0100CD
:101AF00091CC010031CD010085CB010061CC01000A
:101B000061CB010049CC010029CC0100A9CC010026
:101B1000C5CB010079CC0100646341412000000085
:101B20006463414174000000646348442000000085
:101B30006463484474000000696E760074657374D1
:101B40000000000054696E7600000000750000007F
:101B5000760000006469616700FFFFFF646348442A
:101B600000000000646341410000FFFF000000002E
:101B70000000000059FD01007DFD010001FE010093
:101B8000FDFD0100F9FD0100F5FD0100F1FD010081
:101B900021FD0100DDFD0100D9FD0100D1FD0100A5
:101BA000C9FD0100C1FD0100B1FD0100A1FD010061
:101BB0009DFD010095FD01008DFD010001FD01006D
:101BC00009FD010011FD010019FD010065FD010085
:101BD0004DFD010000000000000000003DFE01007E
:101BE00061FE0100F1FE0100EDFE0100E9FE0100D1
:101BF000E5FE0100E1FE010005FE0100C1FE01005D
:101C0000BDFE0100B5FE0100ADFE0100A5FE010014
:101C100095FE010085FE010081FE010079FE0100B4
:101C200071FE010015FF010035FF010055FF0100A5
:101C3000F5FE010049FE010031FE01000000000038
:101C400000000000ADFF0100D1FF010061000200B3
:101C50005D00020059000200550002005100020020
:101C600075FF0100310002002D0002002500020076
:101C70001D0002001500020005000200F5FF010032
:101C8000F1FF0100E9FF0100E1FF01008500020012
:101C9000A5000200C500020065000200B9FF0100B6
:101CA000A1FF0100E9000200ED000200F1000200C6
:101CB000F50002006E616E00696E66006F76660068
:101CC0006FF07F030370037813F0800FFBD0704731
:101CD0003000FFFF4008FE4340A004404408FE439C
:101CE00044A004400018FE4300C004403000FE43FE
:101CF000309004403400FE43349004401C18FE43EE
:101D00001CC004401018FE4310C004400818FE43D5
:101D100008C004400C18FE430CC004400C10FE43E5
:101D20000CB004401010FE4310B004401810FE43E5
:101D300018B004401C10FE431CB004401410FE43B5
:101D400014B004400418FE4304C004400010FE43D5
:101D500000B004400008FE4300A004400408FE4315
:101D600004A004400C08FE430CA004400808FE43F5
:101D700008A004401418FE4314C004401818FE4381
:101D800018C004400410FE4304B004400810FE4391
:101D900008B004401400FE43149004404C08FE4375
:101DA0004CA004400420FE4304D004402410FE4311
:101DB00024B004402010FE4320B004402810FE430D
:101DC00028B004402C10FE432CB004400020FE43F9
:101DD00000D004404808FE4348A004401000FE43E1
:101DE000109004400000000000000000DD350200FB
:101DF000D5350200D1350200CD350200C9350200CB
:101E0000C5350200C1350200BD35020000010000E9
:101E1000C088FF1F12000000000200007C88FF1F26
:101E20004300000000030000D488FF1F00000000F2
:101E300001030904D888FF1F000000000203090401
:101E4000F088FF1F00000000030309040889FF1F3A
:101E50000000000000000000000000000000000082
:101E600000151915FFFFFFFF4FBB610567ACDD3F94
:101E7000182D4454FB21E93F9BF681D20B73EF3FB1
:101E8000182D4454FB21F93FE2652F227F2B7A3C29
:101E9000075C143326A6813CBDCBF07A8807703CE2
:101EA000075C143326A6913C182D4454FB21E9BF4E
:101EB000D221337F7CD90240D221337F7CD902C02A
:101EC0000000000000000080182D4454FB21094050
:101ED000182D4454FB2109C0000000000000000040
:101EE0000000000000000080FB21F93FFB210940B9
:101EF0007CD91240FB2119407A6A1F407CD92240CC
:101F0000BBFD2540FB2129403A462C407A6A2F40F0
:101F10005C4731407CD932409C6B3440BBFD35403E
:101F2000DB8F3740FB2139401BB43A403A463C40F6
:101F30005AD83D407A6A3F404C7E40405C47414021
:101F40006C1042407CD942408CA243409C6B444080
:101F5000AC344540BBFD4540CBC64640DB8F4740D7
:101F6000EB584840FB21494083F9A200444E6E00E3
:101F7000FC291500D1572700DD34F50062DBC000D5
:101F80003C999500419043006351FE00BBDEAB00DD
:101F9000B761C5003A6E2400D24D42004906E00008
:101FA00009EA2E001C92D100EB1DFE0029B11C0095
:101FB000E83EA700F535820044BB2E009CE9840072
:101FC000B4267000417E5F00D691390053833900FA
:101FD0009CF439008B5F840028F9BD00F81F3B009A
:101FE000DEFF97000F980500112FEF000A5A8B00B3
:101FF0006D1F6D00CF7E360009CB2700464FB7001E
:102000009E663F002DEA5F00BA277500E5EBC7002A
:102010003D7BF100F739070092528A00FB6BEA0022
:102020001FB15F00085D8D00300356007BFC460049
:10203000F0AB6B0020BCCF0036F49A00E3A91D0082
:102040005E619100081BE60085996500A0145F00A1
:102050008D40680080D8FF0027734D0006063100D0
:10206000CA561500C9A873007BE260006B8CC000E3
:1020700000000040FB21F93F000000002D44743EA9
:10208000000000809846F83C0000006051CC783B8E
:1020900000000080831BF0390000004020257A38C2
:1020A000000000802282E336000000001DF3693545
:1020B0000200000003000000040000000600000011
:1020C0002E0000006E660000696E697479000000E1
:1020D000616E00FF35000000CEFBFFFFCB03000068
:1020E000010000000000000034000000CEFBFFFFF4
:1020F000CB0300000100000000000000FFFFFFFF15
:10210000BC89D897B2D29C3C33A7A8D523F64939CD
:102110003DA7F444FD0FA5329D978CCF08BA5B25EF
:10212000436FAC6428066811002020202020202066
:102130002020282828282820202020202020202077
:102140002020202020202020208810101010101087
:1021500010101010101010101004040404040404D3
:10216000040404101010101010104141414141416D
:10217000010101010101010101010101010101014F
:10218000010101011010101010104242424242425F
:10219000020202020202020202020202020202021F
:1021A00002020202101010102000000000000000C7
:1021B000000000000000000000000000000000001F
:1021C000000000000000000000000000000000000F
:1021D00000000000000000000000000000000000FF
:1021E00000000000000000000000000000000000EF
:1021F00000000000000000000000000000000000DF
:1022000000000000000000000000000000000000CE
:1022100000000000000000000000000000000000BE
:10222000000000000000000000FFFFFF4C435F4380
:102230004F4C4C41544500004C435F43545950456A
:10224000000000004C435F4D4F4E45544152590031
:102250004C435F4E554D4552494300004C435F543B
:10226000494D45004C435F4D45535341474553004D
:1022700042616C6C6F63207375636365656465644C
:10228000000000002F646174612F6A656E6B696ED7
:10229000732F776F726B73706163652F474E552D87
:1022A000746F6F6C636861696E2F61726D2D31316F
:1022B0002F7372632F6E65776C69622D6379677710
:1022C000696E2F6E65776C69622F6C6962632F731C
:1022D00074646C69622F6764746F612D67657468DC
:1022E00065782E6300FFFFFF000000000000000083
:1022F00000000000000000000000000000000000DE
:1023000000000000000000000000000000000000CD
:102310000000000000000000101112131415161721
:102320001819000000000000001A1B1C1D1E1F00D1
:10233000000000000000000000000000000000009D
:102340000000000000000000001A1B1C1D1E1F00E2
:10235000000000000000000000000000000000007D
:10236000000000000000000000000000000000006D
:10237000000000000000000000000000000000005D
:10238000000000000000000000000000000000004D
:10239000000000000000000000000000000000003D
:1023A000000000000000000000000000000000002D
:1023B000000000000000000000000000000000001D
:1023C000000000000000000000000000000000000D
:1023D00000000000000000000000000000000000FD
:1023E00000000000000000002F646174612F6A6526
:1023F0006E6B696E732F776F726B73706163652F8D
:10240000474E552D746F6F6C636861696E2F6172F2
:102410006D2D31312F7372632F6E65776C69622D6C
:1024200063796777696E2F6E65776C69622F6C6967
:1024300062632F7374646C69622F6D707265632EB2
:102440006300FFFFFFFFFFFF0080E03779C34143D8
:10245000176E05B5B5B89346F5F93FE9034F384D0A
:10246000321D30F94877825A3CBF737FDD4F1575B6
:10247000000000000000F03F0000000000002440C9
:1024800000000000000059400000000000408F40A4
:10249000000000000088C34000000000006AF8400F
:1024A0000000000080842E4100000000D012634133
:1024B0000000000084D797410000000065CDCD41A9
:1024C000000000205FA00242000000E8764837428A
:1024D000000000A2941A6D42000040E59C30A24228
:1024E0000000901EC4BCD64200003426F56B0C439D
:1024F0000080E03779C3414300A0D8855734764344
:1025000000C84E676DC1AB43003D9160E458E143A4
:10251000408CB5781DAF154450EFE2D6E41A4B4419
:1025200092D54D06CFF08044F64AE1C7022DB5445E
:10253000B49DD9794378EA440500000019000000F1
:102540007D000000494E46004E414E00303132338E
:10255000343536373839414243444546000000009F
:10256000286E756C6C2900FF202020202020202060
:1025700020202020202020203030303030303030DB
:1025800030303030303030302C2066756E637469F6
:102590006F6E3A2000000000617373657274696F9A
:1025A0006E2022257322206661696C65643A20667C
:1025B000696C6520222573222C206C696E652025AC
:1025C00064257325730A00FF496E66696E69747924
:1025D000000000004E614E002F646174612F6A6537
:1025E0006E6B696E732F776F726B73706163652F9B
:1025F000474E552D746F6F6C636861696E2F617201
:102600006D2D31312F7372632F6E65776C69622D7A
:1026100063796777696E2F6E65776C69622F6C6975
:1026200062632F7374646C69622F64746F612E63CC
:1026300000FFFFFF2020202020202020202020201D
:1026400020202020303030303030303030303030CA
:1026500030303030F8B500BFF8BC08BC9E4670473B
:10266000A5B1020035040000190E00006D22000023
:10267000CD230000E13400002D350000F1350000CD
:10268000813A0000D93A0000C545000089470000A2
:1026900085510000E5670000CD8900004D930000E2
:1026A000099400009D940000C99B000075CD0000B6
:1026B00091DB0000BDDB0000E1E7000051E8000015
:1026C00031E900008912010099170100691B01001E
:1026D000E51E01004D330100B9380100353D010010
:1026E000F9400100B54B01003D570100FD6E0100AE
:1026F000857001004D7401009D7401009D800100F2
:04270000FD020200D4
:04270400F8B500BF65
:082708000C15FF7F0100000029
:10271000000000007C99FF1FE099FF1F509BFF1FE6
:10272000789AFF1F72000000760000007800000019
:10273000790000007E0000007B0000007A000000AD
:102740007C0000007F000000870000008B0000007C
:102750003C99FF1FC099FF1FC89AFF1F289AFF1FAF
:1027600064000000680000006A0000006B000000C8
:10277000700000006D0000006C0000006E000000A2
:1027800071000000820000008600000001010000CE
:102790002C01000000C00240B0190300000000003E
:1027A0000000000000000000000000000000000029
:1027B0000000000000000000000000000000000019
:1027C00000000000000000000000000080841E00E7
:1027D000741B030000000000E8030000000000007C
:1027E0003D2C0200DC1B030000000000E803000099
:1027F00000000000412C0200441C03000000000007
:10280000E803000000000000452C020024A6FF1F82
:1028100008000000280000001A000000400000002E
:102820004000000001000000280000001A00000025
:102830004000000009000000280000000A0000001D
:10284000280000001A0000004000000028000000DE
:1028500008010101EC1D030000000000E803000076
:1028600000000000FFFFFFFF010A0400090243000F
:10287000020100C032090400000102020100052427
:1028800000100105240101010424020605240600AC
:10289000010705820310004009040100020A00003C
:1028A0000007050302400000070584024000000005
:1028B0001201100102000040C016830475020102DB
:1028C00003010000040309041803540065006500B7
:1028D0006E00730079006400750069006E006F007F
:1028E000160355005300420020005300650072009B
:1028F000690061006C0000000C0300000000000093
:1029000000000000000000000000000000000000C7
:10291000000000000000F03F59F3F8C21F6EA5014F
:102920000000803F6042A20D000000000000000097
:102930003889FF1F3889FF1F4089FF1F4089FF1F0B
:102940004889FF1F4889FF1F5089FF1F5089FF1FBB
:102950005889FF1F5889FF1F6089FF1F6089FF1F6B
:102960006889FF1F6889FF1F7089FF1F7089FF1F1B
:102970007889FF1F7889FF1F8089FF1F8089FF1FCB
:102980008889FF1F8889FF1F9089FF1F9089FF1F7B
:102990009889FF1F9889FF1FA089FF1FA089FF1F2B
:1029A000A889FF1FA889FF1FB089FF1FB089FF1FDB
:1029B000B889FF1FB889FF1FC089FF1FC089FF1F8B
:1029C000C889FF1FC889FF1FD089FF1FD089FF1F3B
:1029D000D889FF1FD889FF1FE089FF1FE089FF1FEB
:1029E000E889FF1FE889FF1FF089FF1FF089FF1F9B
:1029F000F889FF1FF889FF1F008AFF1F008AFF1F49
:102A0000088AFF1F088AFF1F108AFF1F108AFF1FF6
:102A1000188AFF1F188AFF1F208AFF1F208AFF1FA6
:102A2000288AFF1F288AFF1F308AFF1F308AFF1F56
:102A3000388AFF1F388AFF1F408AFF1F408AFF1F06
:102A4000488AFF1F488AFF1F508AFF1F508AFF1FB6
:102A5000588AFF1F588AFF1F608AFF1F608AFF1F66
:102A6000688AFF1F688AFF1F708AFF1F708AFF1F16
:102A7000788AFF1F788AFF1F808AFF1F808AFF1FC6
:102A8000888AFF1F888AFF1F908AFF1F908AFF1F76
:102A9000988AFF1F988AFF1FA08AFF1FA08AFF1F26
:102AA000A88AFF1FA88AFF1FB08AFF1FB08AFF1FD6
:102AB000B88AFF1FB88AFF1FC08AFF1FC08AFF1F86
:102AC000C88AFF1FC88AFF1FD08AFF1FD08AFF1F36
:102AD000D88AFF1FD88AFF1FE08AFF1FE08AFF1FE6
:102AE000E88AFF1FE88AFF1FF08AFF1FF08AFF1F96
:102AF000F88AFF1FF88AFF1F008BFF1F008BFF1F44
:102B0000088BFF1F088BFF1F108BFF1F108BFF1FF1
:102B1000188BFF1F188BFF1F208BFF1F208BFF1FA1
:102B2000288BFF1F288BFF1F308BFF1F308BFF1F51
:102B3000388BFF1F388BFF1F408BFF1F408BFF1F01
:102B4000488BFF1F488BFF1F508BFF1F508BFF1FB1
:102B5000588BFF1F588BFF1F608BFF1F608BFF1F61
:102B6000688BFF1F688BFF1F708BFF1F708BFF1F11
:102B7000788BFF1F788BFF1F808BFF1F808BFF1FC1
:102B8000888BFF1F888BFF1F908BFF1F908BFF1F71
:102B9000988BFF1F988BFF1FA08BFF1FA08BFF1F21
:102BA000A88BFF1FA88BFF1FB08BFF1FB08BFF1FD1
:102BB000B88BFF1FB88BFF1FC08BFF1FC08BFF1F81
:102BC000C88BFF1FC88BFF1FD08BFF1FD08BFF1F31
:102BD000D88BFF1FD88BFF1FE08BFF1FE08BFF1FE1
:102BE000E88BFF1FE88BFF1FF08BFF1FF08BFF1F91
:102BF000F88BFF1FF88BFF1F008CFF1F008CFF1F3F
:102C0000088CFF1F088CFF1F108CFF1F108CFF1FEC
:102C1000188CFF1F188CFF1F208CFF1F208CFF1F9C
:102C2000288CFF1F288CFF1F308CFF1F308CFF1F4C
:102C3000388CFF1F388CFF1F408CFF1F408CFF1FFC
:102C4000488CFF1F488CFF1F508CFF1F508CFF1FAC
:102C5000588CFF1F588CFF1F608CFF1F608CFF1F5C
:102C6000688CFF1F688CFF1F708CFF1F708CFF1F0C
:102C7000788CFF1F788CFF1F808CFF1F808CFF1FBC
:102C8000888CFF1F888CFF1F908CFF1F908CFF1F6C
:102C9000988CFF1F988CFF1FA08CFF1FA08CFF1F1C
:102CA000A88CFF1FA88CFF1FB08CFF1FB08CFF1FCC
:102CB000B88CFF1FB88CFF1FC08CFF1FC08CFF1F7C
:102CC000C88CFF1FC88CFF1FD08CFF1FD08CFF1F2C
:102CD000D88CFF1FD88CFF1FE08CFF1FE08CFF1FDC
:102CE000E88CFF1FE88CFF1FF08CFF1FF08CFF1F8C
:102CF000F88CFF1FF88CFF1F008DFF1F008DFF1F3A
:102D0000088DFF1F088DFF1F108DFF1F108DFF1FE7
:102D1000188DFF1F188DFF1F208DFF1F208DFF1F97
:102D2000288DFF1F288DFF1F308DFF1F308DFF1F47
:102D3000FFFFFFFF00000200000000000300000092
:102D400044A3FF1F4300000000000000000000003B
:102D50000000000000000000000000000000000073
:102D60000000000043000000000000000000000020
:102D70000000000000000000000000000000000053
:102D80000000000043000000000000000000000000
:102D90000000000000000000000000000000000033
:102DA00000000000430000000000000000000000E0
:102DB0000000000000000000000000000000000013
:102DC00000000000430000000000000000000000C0
:102DD00000000000000000000000000000000000F3
:102DE00000000000430000000000000000000000A0
:102DF00000000000000000000000000000000000D3
:102E0000000000004300000000000000000000007F
:102E100000000000000000000000000000000000B2
:102E200000000000C5C602006DBC020000000000EA
:102E300028210300C02003009425030094250300EB
:102E40009425030094250300942503009425030092
:102E5000942503009425030094250300FFFFFFFF42
:102E6000FFFFFFFFFFFFFFFFFFFF000001004153D7
:102E7000434949000000000000000000000000007D
:102E800000000000000000000000000000004153AE
:102E9000434949000000000000000000000000005D
:102EA0000000000000000000000000000000000022
:102EB0000000000044A3FF1FACA3FF1F14A4FF1FCA
:102EC0000000000000000000000000000000000002
:102ED00000000000000000000000000000000000F2
:102EE00000000000000000000000000000000000E2
:102EF00000000000000000000000000000000000D2
:102F000000000000000000000000000000000000C1
:102F100000000000000000000000000000000000B1
:102F200000000000000000000000000000000000A1
:102F30000000000000000000000000000000000091
:102F40000000000000000000010000000000000080
:102F50000E33CDAB34126DE6ECDE05000B00000045
:102F60000000000000000000000000000000000061
:102F70000000000000000000000000000000000051
:102F80000000000000000000000000000000000041
:102F90000000000000000000000000000000000031
:102FA0000000000000000000000000000000000021
:102FB0000000000000000000000000000000000011
:102FC0000000000000000000000000000000000001
:082FD000C08EFF1F84A4FF1F47
:00000001FF
