:1000000000800020BD0100007DEB010039EB010004
:1000100039EB010039EB010039EB010039EB01004C
:1000200039EB010039EB010039EB01007DEB0100F8
:100030007DEB010039EB01004D1B0200511B02005A
:100040007DEB01007DEB01007DEB01007DEB01000C
:100050007DEB01007DEB01007DEB01007DEB0100FC
:100060007DEB01007DEB01007DEB01007DEB0100EC
:100070007DEB01007DEB01007DEB01007DEB0100DC
:100080007DEB01007DEB01007DEB01007DEB0100CC
:100090007DEB01007DEB01007DEB01007DEB0100BC
:1000A0007DEB01007DEB01007DEB01007DEB0100AC
:1000B0007DEB01007DEB01007DEB01007DEB01009C
:1000C0007DEB01007DEB01007DEB01007DEB01008C
:1000D0007DEB01007DEB01007DEB01007DEB01007C
:1000E0007DEB01007DEB01007DEB01007DEB01006C
:1000F0007DEB010025FA01007DEB01009503020074
:100100007DEB0100DD0A02007DEB01007DEB0100CB
:100110007DEB01007DEB01007DEB01007DEB01003B
:100120007DEB01007DEB01007DEB01007DEB01002B
:100130007DEB01007DEB01007DEB01007DEB01001B
:100140007DEB01007DEB01007DEB01007DEB01000B
:1001500011E501002DE5010049E5010065E501001B
:100160007DEB0100E10D02007DEB01007DEB010064
:100170007DEB01007DEB01007DEB01007DEB0100DB
:100180007DEB01007DEB01007DEB01007DEB0100CB
:100190007DEB01007DEB01007DEB01007DEB0100BB
:1001A0007DEB01007DEB01007DEB01007DEB0100AB
:1001B0007DEB01007DEB01007DEB0100574B4CF224
:1001C000205210B5DA814DF62812DA8100BF00BF47
:1001D0001EF0D8FC524B4FF010621A63514A9A63DA
:1001E000514ADA63514A136913F4807303D153619E
:1001F0004FF4A85313614E4B9A78110703D59A78A0
:1002000042F008029A704B4B4B482A221A704B4B13
:10021000DA1C121AC11E22F00302994288BF002282
:1002200047491EF0B5FB474B4748DA1C121AC11E5E
:1002300022F00302994288BF0022002128F0E2FC4C
:10024000424943484FF4DE721EF0A2FB414B424A42
:10025000802103F8011B9342FBD14FF0E0233C4A7D
:10026000C3F8082D3D4B8A221A70A3F5805324222F
:100270005A70A0221A709A799207FCD59A79D406FE
:10028000FCD4374B9A7902F00C02082AFAD10522E5
:100290001A7143225A719A799006FCD5304A9379A3
:1002A0005906FCD51E4B4FF08171596405219964A4
:1002B00020211170917901F00C010C29FAD1294A01
:1002C0005A604FF0E023284A5A6100229A610722BF
:1002D0001A61264AC3F8202D62B61EF0A3FE134B06
:1002E0005B69DA0705D522481EF090FE214B224AB1
:1002F000DA61224B1B785B0609D51E4C1E4BE26966
:100300009A4204D11A481EF081FE0023E3611EF0D8
:100310003FFC28F03DFE1EF033FBFEE700200540C9
:1003200000800440823F04000100002B00D0034005
:1003300000D0074000E007402087FF1FE08FFF1F2D
:10034000A8090300F8A5FF1FE08FFF1F00000000B1
:100350000082FF1F00E400E05FE400E00050064080
:1003600000400640C01005003F1901000000202099
:10037000F88EC66A00E00340A5C3945A00F0074017
:10038000FFFFFFFFFFFFFFFFFFFFFFFFFFFFFFFF7D
:10039000FFFFFFFFFFFFFFFFFFFFFFFFFFFFFFFF6D
:1003A000FFFFFFFFFFFFFFFFFFFFFFFFFFFFFFFF5D
:1003B000FFFFFFFFFFFFFFFFFFFFFFFFFFFFFFFF4D
:1003C000FFFFFFFFFFFFFFFFFFFFFFFFFFFFFFFF3D
:1003D000FFFFFFFFFFFFFFFFFFFFFFFFFFFFFFFF2D
:1003E000FFFFFFFFFFFFFFFFFFFFFFFFFFFFFFFF1D
:1003F000FFFFFFFFFFFFFFFFFFFFFFFFFFFFFFFF0D
:10040000FFFFFFFFFFFFFFFFFFFFFFFFDEF9FFFF23
:100410000548064B1B1AD90F01EBA301491002D066
:10042000034B03B118477047E08FFF1FE08FFF1F9A
:100430000000000008B5054B1BB105490548AFF3A6
:100440000080BDE80840FFF7E3BF00BF00000000E8
:10045000E08FFF1FA009030008B51EF0D1FD0021A9
:1004600008BD00BFFFFFFFFF2DE9F04FD64BD74976
:10047000D3E9042385B0C1E90E231EF0C1FD00219C
:10048000044616F0D1FA00210646204616F05EFA20
:1004900000210546204616F0B1FA6B1E012B98BFCD
:1004A00006F1FF360746304698BF0C3526F07EF938
:1004B000C749064626F082FA22F048FCC549814623
:1004C000304626F07BFA22F041FCC3498046304694
:1004D00026F0C0F922F03AFC0646284626F066F9D6
:1004E0004FF07E5126F0AEF8BC4926F0B3F922F069
:1004F0002DFC494605464FF0804026F0A1F84146C4
:1005000026F0A0F825F0F8FC80463046894625F014
:10051000F3FC02460B464046494625F08FFB8046D9
:100520002846894625F0E8FC02460B4640464946E7
:1005300025F084FB80463846894625F0CBFC0246F0
:100540000B464046494625F079FB8BA3D3E90023AF
:1005500025F074FB02461746884620460021CDE967
:10056000027816F035FA00210646204616F004FA05
:1005700026F01CF99A4926F021FA0546304626F065
:1005800015F90146284626F05DF80021034620466D
:100590001C4616F007FA26F009F9924926F00EFAE1
:1005A000214626F04FF825F0A7FC8F4BCDE900013E
:1005B00000223846414625F041FB22F0F9FA70A3AB
:1005C000D3E9002304460D4625F07EFF58B36EA301
:1005D000D3E900232046294625F02EFB6CA3D3E95E
:1005E000002325F00BFE25F08FFF25F073FC7F4BD9
:1005F000002206460F4625F0D7FC22F0D9FA024623
:100600000B462046294614461D460022784B25F00D
:1006100015FB32463B4625F011FB22462B4625F0C2
:100620000BFB04460D465CA3D3E900232046294674
:1006300025F004FB5AA3D3E9002304460D4625F018
:10064000FBFA59A3D3E9002325F0D8FD22F0B0FA34
:1006500055A3D3E9002382468B4625F0A5FC22F062
:10066000A7FA02460B462046294625F0E5FA50A394
:10067000D3E9002306460F4625F0C0FD22F098FA84
:100680004BA3D3E900238046894625F08DFC22F058
:100690008FFA002204460D4600233046394625F0E5
:1006A000CDFA22462B4625F0C7FA22F081FA25F032
:1006B0002BFF504B044600224046494625F0E6FEFB
:1006C000002800F0BC824A4B00224046494625F0F3
:1006D000B3FA25F019FF0646304626F067F846497A
:1006E000054626F073FA002800F09E8232A3D3E973
:1006F00000235046594625F09FFA25F005FF07468E
:10070000731E012B05D806F10C0026F04FF8013FAF
:100710000546384626F04AF82D49064626F04EF999
:1007200022F014FB2B498246304626F047F922F08E
:100730000DFB29498146304626F08CF822F006FB55
:100740004FF07E518046284625F07CFF234926F055
:1007500081F822F0FBFA1AA3D3E900230546DDE96C
:10076000020125F069FA254B06460F460022DDE915
:10077000000145E0AFF3008000000080A2423A4152
:10078000000000008C8A414100000040D07D3C41C7
:100790000000000088D5E1400000000000D0974034
:1007A0000000006066865E400000000000D47640D5
:1007B00000000020A0993E4000000000006CB24004
:1007C000000000802CB44241F092FF1F7091FF1F87
:1007D0000000C8420000C84300A0B64301CDF44168
:1007E00000007042000061450000E03F0000D03F83
:1007F0000000F03F00002B40000020400000384087
:1008000025F0FCFC02460B463046394625F016FA28
:1008100002460B46CDE90223D1A3D3E9002325F0FC
:10082000EDFC02460B464FF0804051469B469246F7
:1008300025F006FF494625F005FF25F05DFB06463D
:1008400040460F4625F058FB02460B4630463946D7
:1008500025F0F4F9064628460F4625F04DFB0246E2
:100860000B463046394625F0E9F9064620460F4644
:1008700025F030FB02460B463046394625F0DEF9BE
:10088000B9A3D3E9002325F0D9F9B9A3D3E900230B
:1008900025F0D2F9B8A3D3E9002325F085FBB8A34E
:1008A000D3E9002325F0CAF9CD4B002280468946C2
:1008B00025F000FE78B1CA4D002422462B46404662
:1008C000494625F0B9F922462B468046894625F04F
:1008D000F1FD0028F1D1002200234046494625F0D1
:1008E000D5FD88B1BE4F002600240025404649466C
:1008F00032463B4625F0A2F922462B4680468946E1
:1009000025F0C4FD0028F1D19FA3D3E90023DDE940
:10091000000125F049FB42464B4625F08FF99CA388
:10092000D3E9002304460D465046594625F03CFBCA
:1009300052465B4625F038FB02460B4620462946C8
:1009400025F07CF9A64B002204460D4625F0B2FDA9
:1009500078B1A34F002632463B462046294625F073
:100960006BF932463B4604460D4625F0A3FD0028B0
:10097000F1D1002200232046294625F087FD98B1B9
:10098000974F00264FF000084FF0000932463B46D3
:100990002046294625F052F942464B4604460D466C
:1009A00025F074FD0028F1D1DDE902AB7AA3D3E98B
:1009B00000235046594625F0F7FA02460B4678A127
:1009C000D1E9000125F038F977A3D3E9002325F018
:1009D00015FC21F003FE76A3D3E9002306460F465B
:1009E0005046594625F0E0FA73A3D3E9002325F0D9
:1009F00025F902460B4625F021F96BA3D3E9002324
:100A000025F0FCFB21F0EAFD6DA3D3E9002380462D
:100A100089465046594625F0C7FA02460B466AA158
:100A2000D1E9000125F008F95FA3D3E9002325F0FF
:100A3000E5FB21F047FD66A3D3E9002382468B4600
:100A40003046394625F0B0FA63A3D3E900230646C1
:100A50000F464046494625F0A7FA02460B46304667
:100A6000394625F0E9F852465B4625F09DFA2246C4
:100A70002B4625F0E3F85A4B00228046894625F0A4
:100A800019FD78B1564D002422462B464046494672
:100A900025F0D2F822462B468046894625F00AFDED
:100AA0000028F1D1002200234046494625F0EEFC03
:100AB00088B14B4F00260024002532463B46404675
:100AC000494625F0BBF822462B468046894625F04C
:100AD000DDFC0028F1D14349434B0022D1E90E014E
:100AE00025F08CFB02460B464046494625F0A4F80B
:100AF0003B4B00228046894625F0DCFC78B1384D1E
:100B0000002422462B464046494625F095F82246C9
:100B10002B468046894625F0CDFC0028F1D10022E5
:100B200000234046494625F0B1FC88B12C4F0026F1
:100B30000024002532463B464046494625F07EF8D3
:100B400022462B468046894625F0A0FC0028F1D19C
:100B5000234B00224046494625F050FB46E000BFAB
:100B600000000000A0D5E14000000080A2423A4110
:100B7000000000802CB44241000000E05BD2B03F96
:100B8000000000801CCA1A40000000E0360BF03F55
:100B9000000000605243FB3E00000060C91CAB3FF8
:100BA000000000608F425F4000000020DCA54C4048
:100BB000000000E0718AEF3F00000020858771404F
:100BC000000000A0F2D79A3E000000007670374087
:100BD000000000A0EEE734BF00000080732AF93E59
:100BE000000038407091FF1F00002E401CA3D3E985
:100BF000002325F0D9F925F087FC72B61C4908605E
:100C000062B672B60A680B68C1E9042362B6194875
:100C10000FF012FDE8B117480FF060FD0A2005B093
:100C2000BDE8F04F1EF0E0BA0FA3D3E90023504611
:100C3000594625F001F825F067FC074660E50E4BA4
:100C400000224046494624F0F7FF25F05DFC0646A9
:100C500042E508480FF008FDDDE700BFAFF3008074
:100C600000000000C07A604100000000006BB2404C
:100C70007091FF1F3893FF1F00002A4070B50C468B
:100C800082B072B62F4A116862B61369CB1A002B74
:100C900026DC2D4E2D4D1EF087FA2D4B9A68D96813
:100CA0001860821A8A42C8BFDA605A6032680192BC
:100CB0009860019AD5F8283542F20F71D31A8B4209
:100CC00094BF01210021217004D902F51C52103279
:100CD000C5F828251D4802B0BDE8704013F03ABFA2
:100CE000D06811611844D06091688B42C8BF93608E
:100CF000012B03D05068591E0144516012681548F9
:100D0000114E80FB0250D117C1EB6011642000FB33
:100D100011210E4D326800920098D5F8282542F234
:100D20000F7C821A624594BF01220022227004D9EE
:100D300000F51C501030C5F82805044814F004F8DC
:100D4000A9E700BF7091FF1FF49FFF1F3893FF1F9B
:100D50000090FF1F1F85EB51F8B5224E224D3778CA
:100D6000044601F0B1F904F03FF895F8F8349F42D9
:100D700005D0172128460FF04BFD95F8F8341A4896
:100D8000337013F069F910B995F8F835FBB91648C6
:100D900013F068F928B120461449BDE8F840FFF780
:100DA0006DBF134B134A1968134BA0F1333000FB8E
:100DB0000133B2EB730F0C4894BF0121002114F0F2
:100DC00009F920460949BDE8F840FFF757BF064832
:100DD0000FF012FC044814F00FFB03480FF010FC56
:100DE000D5E700BFF98FFF1F3893FF1FF88FFF1F54
:100DF0007091FF1F999999199899991908B51DF043
:100E000049FDBDE808401DF045BD00BF10B50121FA
:100E100017201EF08DF90E484FF416511DF0ECF915
:100E20001424012117201EF04FF90A201EF0DCF9CE
:100E3000172000211EF048F932201EF0D5F9013CA0
:100E4000EFD1BDE81040012117201EF03DB900BFD1
:100E5000CC87FF1F38B50920124C134D1FF05EF8E8
:100E600000210A201FF01CF820464DF6C0211DF07D
:100E70000BF90A23A3600D4804211FF03BF91FF072
:100E8000C1F9FA201EF0B0F9012406E01FF0F2F9D2
:100E9000C0B23F2808BF85F837401FF0D7F90028B7
:100EA000F4DC38BDB887FF1F3893FF1F90F40200B1
:100EB0002DE9F8431B4D1C4C2E681C4FDFF8709039
:100EC00040F2EE2820F05AFD2378EBB13B78DB07A7
:100ED0001AD52B68D9F800209B1A0E2B14D90122A1
:100EE0001449154801F0CAF914484FF461411DF046
:100EF00059F812491248022201F0C0F9BDE8F8433E
:100F0000002117201EF0E0B82B6822789B1B2AB125
:100F1000B3F5FA6FE3D820F031FDD3E74345FAD9B2
:100F2000DDE700BFF49FFF1F90A2FF1FB4A2FF1FC9
:100F3000B8A2FF1F2488FF1F5C90FF1FA487FF1F1C
:100F40003890FF1F70B5234C0546FFF75FFF0EF08A
:100F50005DFF20460FF0C0FB1F4815F0FDFE002688
:100F60000021012015F006FF1EF04AF8314615F069
:100F7000D1FE20460FF03CFB20460FF047FC3146E7
:100F800004F5D9600FF08AFC204612F041F92046A2
:100F90000FF00CFC2846FFF767FA72B60F4B196882
:100FA0001A68C3E9041262B64FF4FA601EF01CF925
:100FB0001FF002FDB042D8BF00232846C8BF01235E
:100FC00084F83830FFF746FF2846BDE87040FFF749
:100FD0006FBF00BF3893FF1F590400007091FF1FBF
:100FE00038B50378062B04464ED03A2B4AD14378C5
:100FF000243B442B46D8DFE813F01601450045009A
:1010000045004500450045004500450045004500B8
:1010100045004500450045004500450045004500A8
:101020004500450045004500450045004500450098
:10103000450045000101C600B600E200CF00EB000C
:10104000AD00450045004500450045009D004500B8
:101050004500450094008B00820072006900450045
:101060005F0045004500450045004500450045003E
:101070004500450045004500450045004500450048
:1010800056004D00042038BD4378002B14BF0420C7
:10109000012038BD8178714827F006FE00280CBF7A
:1010A0000420022038BD81786D4827F0FDFD00281E
:1010B0000CBF0420022038BD84786A48214627F0FE
:1010C000F3FD002800F0BB80002038BD8178664821
:1010D00027F0EAFDB0FA80F04009800038BD84783E
:1010E0006248214627F0E0FD0028EDD16048214606
:1010F00027F0DAFD00280CBF0420022038BD8178DB
:101100005C4827F0D1FD00280CBF0420022038BD28
:101110008178594827F0C8FDB0FA80F04009800076
:1011200038BD8178554827F0BFFDB0FA80F04009FE
:10113000800038BD84785248214627F0B5FD00284C
:10114000C2D15048214627F0AFFD002800F084802E
:10115000012038BD81784C4827F0A6FD00280CBF3F
:101160000420032038BD84784848214627F09CFDA0
:10117000002862D12146464827F096FDB0FA80F05B
:101180004009800038BD8178424827F08DFDB0FAD3
:1011900080F04009800038BD85783F48294627F017
:1011A00083FD002849D14D2D4DD0572D7FF46AAFD6
:1011B000E378303B012B8CBF0420022038BD8178BE
:1011C000294827F071FD00280CBF0420032038BDFA
:1011D00084783248214627F067FD00287FF474AFF9
:1011E0002F48214627F060FD58BB2E48214627F0A6
:1011F0005BFD00280CBF0420032038BD2A4927F0DE
:1012000003FF00283FF43FAF2849204627F0FCFEAB
:1012100000283FF438AFA4782548214627F044FD44
:1012200078B92448E2E784782348214627F03CFD3A
:1012300000287FF449AF214859E7032038BD2048F2
:10124000D4E7022038BDE1781E4827F02DFD0028A4
:101250000CBF0420012038BD1B4848E720F50200E0
:10126000FCF402007CF5020064F602006CF502005A
:1012700074F5020054F5020048F5020040F5020042
:101280002CF5020034F5020000F50200C4F402005F
:1012900028F50200C0F40200C8F40200D4F40200F1
:1012A000E0F40200F4F4020098F40200A0F402005A
:1012B000A8F40200BCF40200DCF4020088F502008D
:1012C00084F50200CCF402003CF50200002800F096
:1012D0000B8510B503783A2B044640F0F484FFF7F1
:1012E0007FFE002800F0DC84431EDBB2012B40F2BD
:1012F000D884032840F0EF84C549204627F084FEB7
:10130000002800F0D084C349204627F07DFE002845
:1013100000F0CB84C049204627F076FE002800F07C
:10132000C684BE49204627F06FFE002800F0C18425
:10133000BB49204627F068FE002800F0BE84B9496A
:10134000204627F061FE002800F0B984B649204607
:1013500027F05AFE002800F0B484B449204627F054
:1013600053FE002800F0B284B149204627F04CFE1D
:10137000002800F0AD84AF49204627F045FE002844
:1013800000F09984AC49204627F03EFE002800F08A
:10139000A584AA49204627F037FE002800F0A08443
:1013A000A749204627F030FE002800F09B84A5497D
:1013B000204627F029FE002800F09984A249204603
:1013C00027F022FE002800F09484A049204627F050
:1013D0001BFE002800F08F849D49204627F014FE54
:1013E000002800F08A849B49204627F00DFE002843
:1013F00000F085849849204627F006FE002800F07A
:1014000080849649204627F0FFFD002800F07B8469
:101410009349204627F0F8FD002800F07684914992
:10142000204627F0F1FD002800F071848E49204607
:1014300027F0EAFD002800F06C848C49204627F054
:10144000E3FD002800F067848949204627F0DCFD91
:10145000002800F062848749204627F0D5FD002847
:1014600000F05D848449204627F0CEFD002800F07E
:1014700058848249204627F0C7FD002800F0538495
:101480007F49204627F0C0FD002800F050847D49A8
:10149000204627F0B9FD002800F047847A4920460D
:1014A00027F0B2FD002800F046847849204627F056
:1014B000ABFD002800F03D847549204627F0A4FDCF
:1014C000002800F03E847349204627F09DFD002847
:1014D00000F035847049204627F096FD002800F082
:1014E00088846E49204627F08FFD002800F07F8415
:1014F0006B49204627F088FD002800F07684694972
:10150000204627F081FD002800F06D8466492046C2
:1015100027F07AFD002800F064846449204627F013
:1015200073FD002800F05B846149204627F06CFDC4
:10153000002800F052845F49204627F065FD00280E
:1015400000F049845C49204627F05EFD002800F049
:1015500040845A49204627F057FD002800F0378480
:101560005749204627F050FD002800F02E845549A9
:10157000204627F049FD002800F0258452492046E6
:1015800027F042FD002800F01C845049204627F037
:101590003BFD002800F013844D49204627F034FD20
:1015A000002800F00A844B49204627F02DFD002832
:1015B00000F001844849204627F026FD002800F06D
:1015C000F8834649204627F01FFD002800F0EF83EE
:1015D0004349204627F018FD002800F0E6834149E2
:1015E000204627F011FD002800F0DD833E4920460B
:1015F00027F00AFD002800F0D4833C49204627F05C
:1016000003FD002800F0CB833949204672E000BF7B
:101610008CF5020094F502009CF50200A4F502008E
:10162000ACF50200B4F50200B8F5020090F4020037
:10163000C0F50200C8F50200D0F50200D8F502009E
:10164000E0F50200E8F50200F0F50200F8F502000E
:1016500000F6020008F6020010F6020018F602007A
:1016600020F6020028F6020030F6020038F60200EA
:1016700040F6020048F6020050F6020058F602005A
:1016800060F6020068F6020070F6020078F60200CA
:1016900080F6020088F6020090F6020098F602003A
:1016A000A0F60200A8F60200B0F60200B8F60200AA
:1016B000C0F60200C8F60200D0F60200D8F602001A
:1016C000E0F60200E8F60200F0F60200F8F602008A
:1016D00000F7020008F7020010F7020018F70200F6
:1016E00020F7020028F7020030F7020038F7020066
:1016F00040F7020027F088FC002800F04E83C5491F
:10170000204627F081FC002800F04583C24920468E
:1017100027F07AFC002800F03C83C049204627F0DF
:1017200073FC002800F03383BD49204627F06CFC91
:10173000002800F02A83BB49204627F065FC0028DA
:1017400000F02183B849204627F05EFC002800F015
:101750001883B649204627F057FC002800F00F8375
:10176000B349204627F050FC002800F00683B14919
:10177000204627F049FC002800F0FD82AE492046B3
:1017800027F042FC002800F0F183AC49204627F006
:101790003BFC002800F0E883A949204627F034FCF0
:1017A000002800F0DF83A749204627F02DFC002801
:1017B00000F0D683A449204627F026FC002800F03C
:1017C000CD83A249204627F01FFC002800F0C483E7
:1017D0009F49204627F018FC002800F0BB839D4954
:1017E000204627F011FC002800F0B2839A492046D9
:1017F00027F00AFC002800F0A9839849204627F02A
:1018000003FC002800F0A0839549204627F0FCFB4C
:10181000002800F097839349204627F0F5FB002825
:1018200000F08E839049204627F0EEFB002800F060
:1018300085838E49204627F0E7FB002800F07C8353
:101840008B49204627F0E0FB002800F0738389498C
:10185000204627F0D9FB002800F06A8386492046FD
:1018600027F0D2FB002800F061838449204627F04E
:10187000CBFB002800F058838149204627F0C4FBA9
:10188000002800F04F837F49204627F0BDFB002849
:1018900000F046837C49204627F0B6FB002800F084
:1018A0003D837A49204627F0AFFB002800F03483BF
:1018B0007749204627F0A8FB002800F02B837549C4
:1018C000204627F0A1FB002800F022837249204621
:1018D00027F09AFB002800F019837049204627F072
:1018E00093FB002800F010836D49204627F08CFB05
:1018F000002800F007836B49204627F085FB00286D
:1019000000F0FE826849204627F07EFB002800F0A8
:10191000F5826649204627F077FB002800F0EC822C
:101920006349204627F070FB002800F0E3826149FC
:10193000204627F069FB002800F0DA825E49204645
:1019400027F062FB002800F0D1825C49204627F096
:101950005BFB002800F08B825949204627F054FB9E
:10196000002800F082825749204627F04DFB0028CE
:1019700000F079825449204627F046FB002800F009
:1019800070825249204627F03FFB002800F0678212
:101990004F49204627F038FB002800F05E824D4971
:1019A000204627F031FB002800F055824A492046A6
:1019B00027F02AFB002800F04C824849204627F0F7
:1019C00023FB002800F043824549204627F01CFBFA
:1019D000002800F03A824349204627F015FB0028F2
:1019E00000F031824049204627F00EFB002800F02D
:1019F00028823E49204627F007FB002800F01F827E
:101A00003B49204627F000FB002800F016823949A8
:101A1000204671E048F7020050F7020058F7020034
:101A200060F7020068F7020070F7020078F7020022
:101A300080F7020088F7020090F7020098F7020092
:101A4000A0F70200A8F70200B0F70200B8F7020002
:101A5000C0F70200C8F70200D0F70200D8F7020072
:101A6000E0F70200E8F70200F0F70200F8F70200E2
:101A700000F8020008F8020010F8020018F802004E
:101A800020F8020028F8020030F8020038F80200BE
:101A900040F8020048F8020050F8020058F802002E
:101AA00060F8020068F8020070F8020078F802009E
:101AB00080F8020088F8020090F8020098F802000E
:101AC000A0F80200A8F80200B0F80200B8F802007E
:101AD000C0F80200C8F80200D0F80200D8F80200EE
:101AE000E0F80200E8F80200F0F80200F8F802005E
:101AF00000F9020008F9020027F086FA002800F039
:101B00009A81DC49204627F07FFA002800F0918175
:101B1000D949204627F078FA002800F08881D74973
:101B2000204627F071FA002800F07F81D449204632
:101B300027F06AFA002800F07681D249204627F083
:101B400063FA002800F06D81CF49204627F05CFA47
:101B5000002800F06481CD49204627F055FA00287E
:101B600000F05B81CA49204627F04EFA002800F0B9
:101B70005281C849204627F047FA002800F04981E1
:101B8000C549204627F040FA002800F04081C349AB
:101B9000204627F039FA002800F03781C049204656
:101BA00027F032FA002800F02E81BE49204627F0A7
:101BB0002BFA002800F02581BB49204627F024FAA3
:101BC000002800F01C81B949204627F01DFA0028A2
:101BD00000F01381B649204627F016FA002800F0DD
:101BE0000A81B449204627F00FFA002800F0C1808E
:101BF000B149204627F008FA002800F0B880AF4924
:101C0000204627F001FA002800F0AF80AC492046BA
:101C100027F0FAF9002800F0A680AA49204627F00C
:101C2000F3F9002800F09D80A749204627F0ECF941
:101C3000002800F09480A549204627F0E5F9002807
:101C400000F08B80A249204627F0DEF9002800F042
:101C50008280A049204627F0D7F9002879D09E49F4
:101C6000204627F0D1F9002871D09C49204627F062
:101C7000CBF9002869D09A49204627F0C5F90028F9
:101C800061D09849204627F0BFF9002855D09649E1
:101C9000204627F0B9F900280CBF04204FF0FF3090
:101CA00010BD012010BD102010BD042010BD042067
:101CB00010BD042010BD202010BD042010BD042044
:101CC00010BD102010BD4FF0FF3010BD202010BD02
:101CD0004FF4807010BD4FF0FF3010BD102010BDCC
:101CE000802010BD102010BD4FF0FF307047102035
:101CF00010BD102010BD082010BD102010BD1020F8
:101D000010BD082010BD082010BD102010BD1020EF
:101D100010BD102010BD082010BD102010BD0820DF
:101D200010BD102010BD102010BD102010BD0420CB
:101D300010BD202010BD102010BD102010BD0420AB
:101D400010BD102010BD102010BD082010BD0820AF
:101D500010BD102010BD042010BD082010BD1020A3
:101D600010BD102010BD082010BD102010BD102087
:101D700010BD042010BD102010BD102010BD082083
:101D800010BD102010BD102010BD102010BD10205F
:101D900010BD102010BD102010BD102010BD10204F
:101DA00010BD102010BD102010BD102010BD10203F
:101DB00010BD102010BD102010BD802010BD1020BF
:101DC00010BD102010BD102010BD882010BD1020A7
:101DD00010BD102010BD102010BD102010BD10200F
:101DE00010BD102010BD102010BD102010BD1020FF
:101DF00010BD042010BD082010BD102010BD04200F
:101E000010BD042010BD042010BD082010BD082006
:101E100010BD102010BD082010BD082010BD1020DE
:101E200010BD102010BD102010BD102010BD0820C6
:101E300010BD042010BD102010BD102010BD1020BA
:101E400010BD102010BD102010BD102010BD0820A6
:101E500010BD082010BD102010BD102010BD102096
:101E600010BD082010BD082010BD082010BD08209E
:101E700010BD00BF10F9020018F9020020F902009D
:101E800028F9020030F9020038F9020040F9020096
:101E900048F9020050F9020058F9020060F9020006
:101EA00068F9020070F9020078F9020080F9020076
:101EB00088F9020090F9020098F90200A0F90200E6
:101EC000A8F90200B0F90200B8F90200C0F9020056
:101ED000C8F90200D0F90200D8F90200E0F90200C6
:101EE000E8F90200F0F90200F8F90200082010BD3C
:101EF000082010BD042010BD042010BD082010BD16
:101F0000082010BD082010BD082010BD082010BDFD
:101F1000082010BD102010BD102010BD082010BDDD
:101F2000082010BD082010BD082010BD102010BDD5
:101F3000102010BD082010BD082010BD082010BDC5
:101F4000102010BD102010BD102010BD102010BD9D
:101F5000082010BD102010BD102010BD042010BDA1
:101F6000102010BD102010BD102010BD102010BD7D
:101F7000F8B51D4E04461D2700253A4631462E3041
:101F80001CF006FD3A463146E564A4F8505004F1D1
:101F900052001CF0FDFC4FF4E13323604FF4164374
:101FA00001214DF67C52A3604FF4964384F85E11F4
:101FB00062604FF4E1414FF4615223614FF41653D4
:101FC000E16062614FF49651A3614FF416624FF4E1
:101FD000966384F8705084F84251A585E1612262CD
:101FE0006362A5622046F8BD00FA0200024B31226E
:101FF000A3F87020704700BF1090FF1F044B054AE4
:102000001B68A2F870301B0C82F87230704700BF5A
:10201000A4F602001090FF1F024B3022A3F870209C
:10202000704700BF1090FF1F044B054A1B68A2F8C1
:1020300070301B0C82F87230704700BF9CF60200B3
:102040001090FF1F024B2322A3F87020704700BF9F
:102050001090FF1F044B18B13122A3F87020704775
:102060003022A3F8702070471090FF1F024B00220F
:1020700083F87020704700BF1090FF1F70B5114E9D
:102080002321304626F010FE58B1044606F1D20056
:10209000FFF71CF9002804DDA41B844201DAD028D4
:1020A00000DD70BD051B621C3146701926F02EFD47
:1020B000002DF6DD2A4630462021BDE8704026F08E
:1020C000A1BD00BF8090FF1F30B55A4C83B004F112
:1020D0004C0000258DF8075000F0D4F804F12800DA
:1020E00000F0D0F804F5A17104F128000DF1070209
:1020F00000F02EF90DF1070204F5A17104F14C0076
:1021000000F026F99DF80730002B57D0D22229463F
:1021100004F1700026F076FD94F84231063B622B04
:1021200048D8DFE803F083474747474747474747D3
:10213000474747474747474747474747474747472F
:1021400047474747804747474747474747474747E6
:10215000474747474747474747474747474747470F
:10216000477D7A7774716E6B4747474747684747A3
:102170004765625D5A574754474747474747474770
:10218000474747474747475132000BF0B5FC94F8A3
:1021900070307BB1FFF772FF27499DF80720A1F14E
:1021A000240000F0E9F824499DF80720A1F1480037
:1021B00000F0E2F8214B93F8C0360BB903B030BD04
:1021C00013F0C2FC03B030BD03F09EFADFE70BF062
:1021D00023F8DCE70AF030FED9E709F021FFD6E763
:1021E0000DF1070006F044FED1E706F061FACEE7F4
:1021F00006F000FACBE705F03FFDC8E701F048FD27
:10220000C5E701F041FCC2E701F0FEF8BFE701F0CD
:10221000CFF8BCE700F084FEB9E700F06BFEB6E74C
:1022200000F04EF9B3E70BF02FFCB0E700F03CFEF6
:10223000ADE700BF1090FF1F8090FF1F3893FF1F76
:1022400008B51CF027FB1CF025FB0A48FFF790FEA1
:10225000094B0022002000211A60C3E908015A60DE
:10226000C3E90A019A60C3E90C011A615A61DA6094
:1022700008BD00BF1090FF1F7091FF1F0160027129
:10228000704700BF2DE9F041304E0446002500F1B3
:102290000708206803681B69984700282CDD6779C8
:1022A00057BB206803685B699847C0B206281CD0FA
:1022B000831FDBB21A2B21D826FA03F3DB0712D4D3
:1022C00094F82220531CDBB22244E1181B2B90719E
:1022D0008F7136D8232884F8223004D1012B1CD8E2
:1022E00084F82250A5716771D3E794F82230002B4F
:1022F000F9D101236371E080BDE8F08194F82220D8
:10230000531C2244DBB29071E2181B2B9771E1D968
:102310001B23232884F82230E5D1A2793A2ADFD181
:10232000013B23449A79232ADAD19D71404627F054
:1023300047F80127421C4146A01D26F0E7FB6771C4
:10234000A7E71B2384F822306771A2E791000004FD
:10235000437983B170B51678154606B170BD044651
:102360000846A11D26F0BAFF237984F82260A671E1
:1023700066712B7070BD70470379934200D070472F
:1023800070B504680D4651B1084627F019F8236866
:102390000246294620465B68BDE87040184770BD7C
:1023A00008B51CF077FABDE808401CF073BA00BF0E
:1023B0002DE9F047404C94F88F34022B82B006464A
:1023C0000F4602D894F898347BB93C481AF0ACFC1C
:1023D000A37D012B4FF000024FF0000347D0374898
:1023E00002B0BDE8F0471AF043BCD4F8B454D4F8B6
:1023F000B08425F0004140460022002324F064F818
:10240000002842D1D4F8BC94D4F8B8A429F00041F3
:1024100050460022002324F057F80028D5D050461B
:102420004946CDE900012B46244842461AF0D0FA2D
:1024300005460028C9D0D4E9A2010022002324F0D7
:102440001BF878B1D4E9A4010022002324F014F889
:1024500040B1D4E9A6010022002324F00DF8B0FA1F
:1024600080F56D0984F8905402B0BDE8F0873046DD
:10247000394624F01FF868B10BA3D3E900230F48B5
:1024800002B0BDE8F0471AF0F3BBD4F8B8A4D4F812
:10249000BC94C4E706A3D3E90023084802B0BDE812
:1024A000F0471AF0E5BB00BF00000060FB21F93FD8
:1024B00000000060FB21F9BF3893FF1F8094FF1FCD
:1024C0002DE9F04FA84C94F84351A5F12A03D9B057
:1024D0002D2B38D8DFE813F09D0137003700370087
:1024E0003700370089013C003C003C003C003C00C8
:1024F0003C003C003C003C00370037003700370010
:1025000037003700370027017B01270137005A01C8
:102510003700370037003700370037003700370003
:10252000370037002E0037003700370037003700FC
:102530003700960194F844312BB98C4C94F87B34D5
:10254000002B40F0958259B0BDE8F04FFFF78EBDEB
:10255000A5F1300A5FFA8AFA72B6854B186862B63E
:10256000844B984205DDA0F50300A0F55640984243
:10257000F9DC24F01BF980497C4C24F01FFA7F49D8
:1025800024F068F923F0B8FC04F59C667C4B00222B
:1025900023F00AFDD6E9002323F04EFB17F0BCFD23
:1025A000784BD3E90223CDE906236DA3D3E90023B9
:1025B00023F0FAFCCDE9020169A3D3E9002356E92F
:1025C000020123F0F1FC24ABCDE900010022184602
:1025D000002316F0BDFA0CAB184621460EF05CF84D
:1025E0000023DDE906018DF830305DA3D3E9002337
:1025F00023F0DAFC0DF1300C06460F46BCE80F0064
:10260000E846A8E80F009CE80300324688E803008B
:102610003B4624A93CA816F0EBFA214612A80EF07E
:102620003BF80DF1480CBCE80F00EE46AEE80F0099
:102630009CE80300324688E803003B4624A94AA8E8
:1026400016F0D6FABAF1030F94F88FB400F07E8238
:1026500094F8303394F86024134300F0FA820DF1BB
:10266000C009424948460EF0AFFEBBF1020F00F22E
:102670007D823CA816F084FF06463CA80F4616F063
:102680006BFFCDE90801484617F0D0F802460B462B
:102690004846CDE90A2317F0BFF8DDE90A23CDE962
:1026A0000223DDE90823CDE90401CDE90023364802
:1026B0003B4632461AF0CAFC4AA816F061FF0646AD
:1026C0004AA80F4616F048FFCDE90801484617F022
:1026D000ADF8024648469046894617F09DF8DDE978
:1026E0000823CDE90401CDE90023CDE9028926487C
:1026F00032463B461AF038FCBBF1020F00F28781EC
:1027000094F83233002B40F0F28201232F3D84F8FD
:102710007D3484F87E54002384F83630FFF766FC5D
:1027200059B0BDE8F08F114D01200BF06DFD28462A
:102730000DF09AFF94F84321A2F14102B2FA82F21D
:102740000023520985F87C2485F87D3485F87E3491
:1027500085F87B3459B0BDE8F04FFFF747BC00BFA8
:10276000000000A046DF913F1090FF1F3893FF1F2D
:102770007091FF1F00D6830000D6034B0000C041BC
:1027800000002E40F092FF1F8094FF1FAE4991F889
:102790003233002B57D0A8A3D3E90023D1E9CE01CF
:1027A00023F002FCA94C0123CDE94A0100934AA978
:1027B0000022204617F040FB204626F001FEA449E7
:1027C0000222204459B0BDE8F04F1CF0E1B80120CE
:1027D0000BF01AFD9C4B002283F87B24C3F87C2469
:1027E00059B0BDE8F04FFFF701BC94F844312C2BF1
:1027F0002CD0D4F8445143F22C3325F07F459D4230
:102800003CD1A0E60CF012F959B0BDE8F04FFFF74B
:10281000EDBB94F844312C2B38D194F84531722B10
:1028200000F0CB81D4F8445143F22C3225F07F459F
:1028300095423FF488AE94F84671002F7FF483AE42
:102840006D2B2ED07FE600200021ABE794F84531B8
:10285000722B00F0C581D4F8445143F22C3225F09C
:102860007F4595423FF46FAE94F84621002A7FF4ED
:102870006AAE322B02D06D2B7FF465AE46F62C5338
:1028800000269D420CBF03250225BBE1D4F844512C
:1028900043F22C3325F07F459D4218BF00273FF4BB
:1028A00052AE694C01200BF0AFFC04F5D960012158
:1028B0000DF0F4FF0A201CF097FC94F8F835002B7B
:1028C00040F0D081604811F0D9FB94F8C0348246C2
:1028D0001BB1002284F8C0249A4672B65D4B18687A
:1028E00062B65D4B984205DDA0F50300A0F55640A9
:1028F0009842F9DC23F05AFF5849594E24F05EF80B
:10290000584923F0A7FF23F0F7FA574B002223F092
:102910004BFBD6E9002323F08FF917F0FDFB534B57
:10292000D3E9028946A3D3E9002323F03DFBCDE997
:10293000020143A3D3E9002356E9020123F034FB4B
:102940000022CDE90001002330A816F001F9A6F518
:102950009C6124A80DF0A0FE39A3D3E900234046D2
:10296000494623F021FB0DF1900C80468946BCE8D6
:102970000F00EE46AEE80F009CE803004B468EE8E1
:102980000300424630A94AA816F032F952464AA935
:10299000A6F59C600EF0B6FBA6F59C613CA80EF077
:1029A00013FD4AA816F0ECFD80464AA8894616F0A9
:1029B000D3FD02460B463CA8CDE9062316F036FFB0
:1029C00082463CA88B4616F027FFDDE90623CDE9B9
:1029D0000401CDE90023CDE902AB42464B46A6F502
:1029E00066701AF0C1FA0122022384F87D2484F86B
:1029F0007E34002F00F026813B46002284F87A3492
:102A000084F88F7484F87B24FFF7F0FA88E694F852
:102A10008F34534540F22A8194F86034022B00F23F
:102A2000918194F8323384F8783401222F3D84F870
:102A30007D2484F87E546EE600000020DCA54C4026
:102A4000000000A046DF913F3893FF1F8090FF1FDA
:102A500064F602007091FF1F00D6830000D6034B7E
:102A60001898FF1F0000C04100002E40F092FF1F89
:102A700072B6AB4B186862B6AA4B984205DDA0F55A
:102A80000300A0F556409842F9DC23F08FFEA649DA
:102A9000A64F23F093FFA64923F0DCFE23F02CFA87
:102AA000A44B002223F080FAD7E9002323F0C4F8D6
:102AB00017F032FBA04BD3E9028997A3D3E9002397
:102AC00023F072FACDE9020193A3D3E9002357E979
:102AD000020123F069FA0022CDE9000100233CA89D
:102AE00016F036F8A7F59C6130A80DF0D5FD8AA345
:102AF000D3E900234046494623F056FA30AD8046DC
:102B000089460FCD6E460FC695E803004B464246F8
:102B100086E803003CA94AA816F06AF801200BF0E9
:102B200073FBA7F59C6011F0A9FA4AA90246A7F524
:102B30009C600EF0E7FA0023022284F87D3484F8CA
:102B40007E34A4F87A2484F8363003E6BBF1020F11
:102B500040F2DD8094F8603494F83023134378D049
:102B60000DF1C009214648460EF02EFC94F8603461
:102B7000012B7FF67EAD3CA816F002FD02460B4607
:102B80003CA8CDE90A2316F0E7FCCDE90801484648
:102B900016F04CFE064648460F4616F03DFEDDE9AF
:102BA0000823CDE90401CDE90023CDE90267DDE981
:102BB0000A2362481AF04AFA9EE594F84631A3F1D6
:102BC0003302062A3FF6BFAC94F84721002A7FF46F
:102BD000BAACD4F84451303BDFB225F07F4560E613
:102BE00094F84631A3F13005333B062BEDB23FF6A6
:102BF000AAAC94F84731002B7FF4A5AC2E46002DEB
:102C00003FF4A1AC4E4C01200BF0FEFA20460DF033
:102C10002BFD012104F5D9600DF040FE0A201CF0C7
:102C2000E3FA94F8F835002B5DD10123002284F8F3
:102C30007D34A4F87E3484F87B2484F87A5484F8B4
:102C40008F6487E546F62C539D420CBF0323022375
:102C5000D3E63B4811F012FA4AA9024638480EF072
:102C600051FAFCE4204612F0ABFB2BE694F8322339
:102C7000002A3FF44AAD022B94F860241CD9022AA2
:102C80001AD9032A00F0A3800BF076FEA0B1D4E994
:102C9000A2010022002323F0EFFB88B1D4E9A401B4
:102CA0000022002323F0E8FB50B1D4E9A601002262
:102CB000002323F0E1FB18B1DDE90601FFF778FB03
:102CC0001F4811F0DBF94AA902461D480EF01AFA16
:102CD0000023012284F8782484F87D3484F87E343B
:102CE00084F87B3417E5204612F06AFB9DE7144810
:102CF00011F0D8F9054638B994F87A34022B03D983
:102D0000BAF1020F00F0A78094F88F34B3E7FFF711
:102D1000ADF905E5AFF30080000000A046DF913F6C
:102D20007091FF1F00D6830000D6034B1898FF1F39
:102D30000000C04100002E40F092FF1F8094FF1F52
:102D40003893FF1F524918A84FF000084FF00009B0
:102D500018AECDE91E890DF09FFC0FCE6F460FC750
:102D600096E80300002287E803004A481EA91BF0EA
:102D7000EDF8064600283FF454AE41A3D3E9002302
:102D8000DDE91E0123F010F93FA3D3E9002323F06E
:102D90000BF923F001FC4246C4F894044B46D4E9F5
:102DA000A20123F069FB78B1D4E9A40142464B4665
:102DB00023F062FB40B1D4E9A60142464B4623F022
:102DC0005BFBB0FA80F6760984F8906429E6304916
:102DD0001EA8002600271EADCDE918670DF05CFC8B
:102DE0000FCDEC46ACE80F0095E8030000228CE81C
:102DF0000300284818A91BF0A9F800283FF45CAF8D
:102E0000D4E9A20132463B4623F036FB78B1D4E93F
:102E1000A40132463B4623F02FFB40B1D4E9A60182
:102E200032463B4623F028FB00287FF445AF14A32D
:102E3000D3E90023DDE9180123F0B6F812A3D3E9A2
:102E4000002323F0B1F823F0A7FB0123C4F8940476
:102E500084F8903434E70E4811F010F94AA902467C
:102E60000B480EF04FF90323012284F87B2484F8E9
:102E70007D3484F87E3484F878544CE4AFF30080D9
:102E800000000020DCA54C40000000000020AC4009
:102E90003893FF1F8094FF1F08B51BF0FBFCBDE8B3
:102EA00008401BF0F7BC00BF0C4B9B7D022B0DD0E4
:102EB00005D8012B0ED10A4B47221A807047033BDD
:102EC000012B07D8064B41221A807047044B502231
:102ED0001A807047024B4C221A8070473893FF1FAC
:102EE0008090FF1F08B51BF0D5FCBDE808401BF023
:102EF000D1BC00BF044B93F843312B2B02D02D2BB8
:102F000000D07047FFF7B2B81090FF1F08B51BF054
:102F1000C1FCBDE808401BF0BDBC00BFFFFFFFFFC8
:102F20002DE9F047C04CB4B0204611F08BF810B139
:102F300034B0BDE8F087204611F094F80028F7D1AE
:102F4000BA4D95F84331412B09D04D3BDBB2082BEC
:102F5000EED840F2411222FA03F3DB07E8D5B2487B
:102F600011F08CF894F8C03480461BB1002284F82C
:102F7000C024984695F84331413B142BD8D801A280
:102F800052F823F059320000312F0000312F000099
:102F9000312F0000312F0000312F0000312F0000B1
:102FA000312F0000312F0000312F0000312F0000A1
:102FB000312F0000D92F0000312F0000312F0000E9
:102FC000312F0000312F0000312F0000D92F0000D9
:102FD000312F00000931000094F87C34002B00F000
:102FE0005C8172B6924B186862B6924B984205DDCE
:102FF000A0F50300A0F556409842F9DC23F0D6FB7B
:103000008D49DFF83892DFF838A223F0D7FC8D49DC
:1030100023F020FC22F070FF8B4B002222F0C4FF33
:10302000D9E9002322F008FE17F076F87CA3D3E953
:10303000002322F0B9FFCDE9020179A3D3E90023EF
:1030400059E9020122F0B0FF0022CDE9000100237E
:103050000EA815F07DFD72A3D3E90023DAE9020181
:1030600022F0A2FF06460F4608A8A9F59C610DF0C4
:1030700013FB0DF1200CBCE80F00EE46AEE80F008C
:103080009CE803003B468EE8030032460EA926A8C2
:1030900015F0AEFD94F83033002B00F060816249EA
:1030A0001AA80EF091F926A816F06AFA064626A884
:1030B0000F4616F051FA02460B461AA8CDE9062330
:1030C00016F0B4FB80461AA8894616F0A5FBDDE988
:1030D0000623CDE90401CDE90023CDE902893B4671
:1030E0005A48324619F040FF94F83233002B40F032
:1030F000238195F843314D2B00F017814A4834B0B5
:10310000BDE8F04712F05CB90E200AF051FE05460A
:103110001BF0F6FB00240346681C63F307041BF056
:10312000EFFB60F30F24A81C1BF0EAFB0346E81C2E
:1031300063F317441BF0E4FB60F31F64204622F0A6
:10314000DBFE3E4E02460B461220C6E900230AF083
:103150002FFE05461BF0D4FB002460F30704681C17
:103160001BF0CEFB60F30F24A81C1BF0C9FB034629
:10317000E81C63F317441BF0C3FB60F31F64204695
:1031800022F0BAFE46E9020172B6294B186862B60F
:10319000284B984205DDA0F50300A0F55640984263
:1031A000F9DC23F003FB244923F008FC254923F034
:1031B00051FB22F0A1FE244B002222F0F5FED6E9BD
:1031C000002322F039FD16F0A7FF15A3D3E9002351
:1031D00022F0EAFECDE9020111A3D3E9002356E96A
:1031E000020122F0E1FE0022CDE90001002326A821
:1031F00015F0AEFC12490AA3D3E90023D1E902017C
:1032000022F0D2FE4246CDE90001074826A90DF082
:103210004FFF0F4A0F4B92E803001860197187E6C1
:10322000000000A046DF913F3893FF1F1090FF1F62
:103230007091FF1F00D6830000D6034B1898FF1F24
:10324000F092FF1F0000C04100002E408094FF1F3D
:1032500020FA02008090FF1F474C01210491D4E91D
:10326000000143A3D3E9002322F09EFECDE9020131
:103270003FA3D3E9002354E9020122F095FE002286
:10328000CDE90001002326A815F026FF424626A915
:10329000A4F59A600DF036FFBBE772B6374B18689D
:1032A00062B6374A904205DDA0F50300A0F556400E
:1032B0009042F9DC23F07AFA3249334C23F07EFB5A
:1032C000324923F0C7FA22F017FE314B002222F0D8
:1032D0006BFED4E9002322F0AFFC16F01DFF24A3FF
:1032E000D3E9002322F060FECDE9020120A3D3E957
:1032F000002354E9020122F057FE0022CDE900012B
:10330000002326A815F024FC224BD3E9020118A3C0
:10331000D3E9002322F048FE4246CDE9000126A968
:10332000A4F59C600DF0C4FEE3E61B4B93E803009C
:10333000286785F87410E1E6DAE90201FFF738F84A
:10334000164810F09BFE26A9024614480DF0DAFE3E
:103350000122002384F8782484F87C34C9E64246AC
:10336000A9F59C6026A90DF0CDFE98E6AFF300808C
:10337000000000A046DF913F0898FF1F7091FF1FDB
:1033800000D6830000D6034B1898FF1F0000C041F1
:1033900000002E40F092FF1F20FA02003893FF1F1A
:1033A00008B51BF077FABDE808401BF073BA00BF00
:1033B00010B50D4C94F8433103B110BD0B4810F01B
:1033C0004BFE68B17F23A4F87030094C204625F0ED
:1033D000F7FF084920440222BDE810401BF0D8BA8C
:1033E00084F87000F1E700BF1090FF1F3893FF1FB3
:1033F0008090FF1F64F6020008B51BF04BFABDE891
:1034000008401BF047BA00BF2DE9F041864A92F808
:103410004331413BA0B00C2B13D8DFE803F0071277
:10342000832C1212121212121212170092F8443147
:10343000512B00F07081532B00F07F81452B00F061
:103440006F8120B0BDE8F041FEF710BE92F8443124
:10345000532B7FD0412B00F0FE81552B00F0508282
:10346000512BEED1714B002283F8362020B0BDE8FD
:10347000F041FEF7BBBD6D4C94F83630012B00F0E7
:10348000EB80022B5ED1012104F59A660491D6E906
:10349000000163A3D3E9002322F086FDCDE90201F8
:1034A0005FA3D3E9002356E9020122F07DFD12ADAE
:1034B000CDE9000100220023284615F00DFE20462C
:1034C00010F0DCFD10AA0EAB0C920B930A900DF1DC
:1034D000580EBEE80F00EC46ACE80F00BEE80F0047
:1034E000ACE80F009EE803008CE8030095E80F00AD
:1034F00012F052FA4E4904460E9823F0ABF923F02D
:1035000085FB4B490546109823F0A4F923F07EFB78
:10351000484900902B464848224625F091FA20B0B1
:10352000BDE8F08192F84431532B00F01681542B02
:1035300000F0EE80452B00F0FC8020B0BDE8F041AB
:10354000FEF780BD00233B4900931A463A4825F018
:1035500077FAE4E772B6394B186862B6384B98428E
:1035600005DDA0F50300A0F556409842F9DC23F0F4
:103570001DF934492D4D23F021FA334923F06AF91E
:1035800022F0BAFC05F59C66304B002222F00CFDBF
:10359000D6E9002322F050FB16F0BEFD20A3D3E9AC
:1035A000002322F001FDCDE902011DA3D3E9002390
:1035B00056E9020122F0F8FC12ACCDE9000100222C
:1035C0000023204615F0C4FA284610F057FD10AB32
:1035D0000D931F490EAB0C93064611A3D3E90023AC
:1035E000D1E9020122F0E0FCCDE90A0108960DF1D3
:1035F000580EBEE80F00EC46ACE80F009EE80F0046
:103600008CE80F0094E80F0012F058FA11490246B6
:10361000094825F015FA012385F836307FE700BF09
:10362000000000A046DF913F1090FF1F3893FF1F5E
:103630000000704228FA02008090FF1F7091FF1F67
:1036400000D6830000D6034B0000C04100002E408E
:10365000F092FF1F38FA020072B69F4B186862B6EC
:103660009E4B984205DDA0F50300A0F55640984218
:10367000F9DC23F09BF89A499A4D23F09FF99A4977
:1036800023F0E8F822F038FC984B002222F08CFC62
:10369000D5E9002322F0D0FA16F03EFD8CA3D3E941
:1036A000002322F081FCCDE9020189A3D3E90023A4
:1036B00055E9020122F078FC12ACCDE900010022AC
:1036C0000023204615F044FAA5F59C6010F0D6FCC6
:1036D00010AD87490D957EA3D3E9002305460EAEB4
:1036E000D1E902010C9622F05FFCCDE90A010895B0
:1036F0000DF1580EBEE80F00EC46ACE80F009EE856
:103700000F008CE80F0094E80F0012F0D7F9F1E6F3
:1037100078480DF00BFD20B0BDE8F041FEF76EBC1F
:10372000744812AB10AA0EA90DF048FEFEF77CFCFF
:10373000F5E670480DF022FDEDE76E4C00232046C3
:1037400084F87D360DF01AFD12AB10AA0EA92046A2
:103750000DF034FEFEF752FCE1E6664C94F836308C
:10376000012B27D0022BD6D1012104F59A650491B3
:10377000D5E9000156A3D3E9002322F015FCCDE9D9
:10378000020153A3D3E9002355E9020122F00CFC06
:103790000023CDE90001002212A815F09DFC20466F
:1037A00010F06CFC12A9024620460DF0ABFCFEF7AF
:1037B00025FCB4E672B6484B186862B6474B98428F
:1037C00005DDA0F50300A0F556409842F9DC22F093
:1037D000EDFF4349434C23F0F1F8434923F03AF815
:1037E00022F08AFB414B002222F0DEFBD4E90023C9
:1037F00022F022FA16F090FC35A3D3E9002322F040
:10380000D3FBCDE9020132A3D3E9002354E902013D
:1038100022F0CAFB0022CDE90001002312A815F016
:1038200097F9A4F59C6010F029FC314928A3D3E94D
:1038300000230546D1E9020122F0B6FB06460F46F9
:103840002A4612A9CDE90067A4F59C600DF030FC72
:10385000FEF7D4FB63E6274F012107F59A64049134
:10386000D4E900011AA3D3E9002322F09DFBCDE99E
:10387000020117A3D3E9002354E9020122F094FBCB
:1038800012AECDE9000100220023304615F024FCE1
:10389000384610F0F3FB10AB0C930EAB0B930A9071
:1038A00016AD0FCD6C460FC40FCD0FC495E80300C5
:1038B00084E8030096E80F0012F06EF80E49024605
:1038C0000E4825F0BDF8022387F8363027E600BF02
:1038D000000000A046DF913F7091FF1F00D68300DB
:1038E00000D6034B1898FF1F0000C04100002E4077
:1038F000F092FF1F3893FF1F38FA02008090FF1FDD
:103900000E200AF055FA05461AF0FAFF0024034685
:10391000681C63F307041AF0F3FF0346A81C63F363
:103920000F241AF0EDFF0346E81C63F317441AF066
:10393000E7FF60F31F64204622F0DEFA444F0246A0
:103940000B461220C7E900230AF032FA05461AF0A6
:10395000D7FF00240346681C63F307041AF0D0FF66
:1039600060F30F24A81C1AF0CBFF0346E81C63F396
:1039700017441AF0C5FF60F31F64204622F0BCFA1A
:1039800047E9020172B6334B186862B6324B98426F
:1039900005DDA0F50300A0F556409842F9DC22F0C1
:1039A00005FF2E49DFF8B88023F008F82D4922F0F2
:1039B00051FF22F0A1FA2C4B002222F0F5FAD7E9B0
:1039C000002322F039F916F0A7FB1FA3D3E9002347
:1039D00022F0EAFACDE9020157E902011AA3D3E97C
:1039E000002322F0E1FA12AECDE90001002200230B
:1039F000304615F0ADF8404610F040FB10AB0D938B
:103A00001A490EAB0C9307460FA3D3E90023D1E963
:103A1000020122F0C9FACDE90A01089716AD0FCDCF
:103A20006C460FC495E80F0084E80F0096E80F007D
:103A300012F044F80E4902460E4825F001F8012321
:103A400088F836306BE500BF000000A046DF913FEC
:103A50001898FF1F7091FF1F00D6830000D6034BFC
:103A60003893FF1F0000C04100002E40F092FF1F5E
:103A700038FA02008090FF1F08B51AF00BFFBDE86E
:103A800008401AF007BF00BF2DE9F0435F4B93F8E1
:103A900037508BB055B95E4B93F843313F2B00F054
:103AA000A7800BB0BDE8F043FEF7E0BA00233A224E
:103AB000CDE9022304930593069307930893ADF889
:103AC00024301CF09FFB01E01CF0D4FB1CF0BEFB7B
:103AD0000028F9DC02AF384625F072FC4D494C4E07
:103AE000384425F0BFF94C490222C41B1AF050FF9C
:103AF00096F84331572B29D83E2B12D8213BDBB205
:103B0000172B09D84549012202FA03F3194081BB5A
:103B100041F20942134212D1FEF7A8FA0BB0BDE8F8
:103B2000F0833F3B3E49DBB2012202FA03F3194026
:103B3000F1B93C4A1A40E2B93B4A1342ECD0611C4D
:103B400038461CF0D7FA1CF05DFBE5E7613BDBB2C1
:103B50001D2BE1D8012202FA03F3344A1A4008D19E
:103B600033490B4204D1334A1A40002AD4D0E6E745
:103B70000025DFF8C4803846611C1CF0BBFA1CF03D
:103B800041FBD8F800300093009FD8F80030019333
:103B9000019B07F5FA779F4225D900244FF49659E7
:103BA00014E01CF067FB3319C0B2013483F87000D5
:103BB0001DBB232827D0D02C15DC331983F8705077
:103BC000D8F800300193019B9F420CD91CF03EFBBA
:103BD0000028E6DC4B46013BFDD1D8F800300193CC
:103BE000019B9F42F2D8FEF717FA0BB0BDE8F083B5
:103BF0000BB0BDE8F043FEF717BA0022312883F876
:103C000071208BD0EFE783F8715087E73893FF1F5F
:103C10001090FF1F5291FF1F64F602000080FF000A
:103C2000054080001004010100011600045102004B
:103C30000100802040000400F49FFF1F08B51AF027
:103C400029FEBDE808401AF025BE00BF70B5044645
:103C500082B0D0E9000116F065FA0B4D95F8EE60E0
:103C60000122C4E90001002321460096284616F0EF
:103C7000E3F8284625F0A4FB04490222284402B0B8
:103C8000BDE870401AF084BE8090FF1F64F6020009
:103C90002DE9F047924C94F84321A2F1280392B009
:103CA0004C2B00F29980DFE813F0EB00D90097006D
:103CB000970097009700970097009700970097004C
:103CC000970097009700970097009700970097003C
:103CD000970097009700970097009700D9009700EA
:103CE0003502EB009700970093029700970097002A
:103CF00097004D009C009C009C0097009700EB00F3
:103D0000A402FB0197002F010502CB029700D90006
:103D10009700970097009700970097004D00970035
:103D2000C201B201A8019701C601DC029700970009
:103D3000970097007102A002F50197009700E0013B
:103D40009700D0021BF05CF9664B67490446D86ABD
:103D500022F080FD22F05AFF0346DB17201A634C45
:103D600063EB4301C4E9060112F032FE0646D4E9D2
:103D7000060112F001FE22F019FD5D4922F01EFE3F
:103D80000546304622F012FD0146284622F05AFC34
:103D90000546D4E9060112F005FE22F007FD52495E
:103DA00022F00CFE294622F04DFC22F0A5F8514DE0
:103DB00002460B462146E1E90A230122284615F076
:103DC0009FFF284625F0FCFA4B490222284412B0F6
:103DD000BDE8F0471AF0DCBD12B0BDE8F047FEF7D1
:103DE00031B9A2F14D05454F05EB45086FF0590675
:103DF00008EBC808361B07F10F094644BA4606EB24
:103E00000A001AF07DFD0AF8010F002800F0B082C8
:103E1000D145F4D13A4937482A4624F011FE3548B5
:103E200025F0CEFA0E2817D8324E002508F11508D5
:103E300008EB050420461AF063FD17F8019F814541
:103E400005F101054946204601D01AF073FD3046C0
:103E500025F0B6FA8542EBDD264DB5E7294904A8E1
:103E60000DF060FB94F84331412B00F010835A2B86
:103E700000F04483292B00F0678312B0BDE8F0877F
:103E8000184913A3D3E90023D1E9020122F08CF8E9
:103E90000B4602461B4904A80DF0CAFA94F84331B8
:103EA000522B00F09582442B00F03383282BE4D171
:103EB00004A814F02BFF08A3D3E9002322F074F820
:103EC00002460B4602A8CDE90223FFF7BFFED4E766
:103ED000000000A046DF913F00000020DCA54C4020
:103EE0001090FF1FF092FF1F000061457091FF1FAF
:103EF000000070428090FF1F64F602007F90FF1F59
:103F00007CFA02003893FF1F94F84431423B2E2B79
:103F10003FF662AF01A252F823F000BF4D4300000C
:103F2000D93D000033430000D93D0000D93D0000D9
:103F3000D93D0000D93D0000D93D0000D93D000029
:103F4000D93D0000D93D0000D93D000021430000CB
:103F5000D93D00009D420000D93D0000D93D000040
:103F6000D93D00008B420000D93D0000D93D000042
:103F7000D93D0000D93D0000D93D0000D93D0000E9
:103F8000D93D0000D93D0000D93D0000D93D0000D9
:103F9000D93D0000D93D0000D93D0000834200001A
:103FA000D93D0000D93D0000D93D0000D93D0000B9
:103FB000D93D0000D93D0000D93D0000D93D0000A9
:103FC000D93D0000D93D0000D93D0000D93D000099
:103FD000D93D00006F420000B14BD3E9000122F04F
:103FE000DBFA04AB002200211AF05AFE04A9AD4806
:103FF00024F038FFAC490222E9E6AC4BAC49B3F9F6
:104000001820A84812B0BDE8F04724F019BD94F874
:1040100044314C2B00F0D781A24D94F85E01009002
:10402000A44900220123284615F006FFC9E69D4B4E
:10403000A14A1A6021E794F84401A049994CA0F1E3
:1040400066000123B0FA80F040091A46009020462D
:1040500015F0F2FE204625F0B3F9934902222044E0
:1040600012B0BDE8F0471AF093BC94F844314C2BE1
:1040700000F0A4819249934B8A4D0022D1E90001BE
:1040800022F0BCF80F460646CDE9046794F85E219D
:1040900004A993E68C4B8D49D3F82C218148B1E7D4
:1040A000894C94F80A35002B40F0CB810020052282
:1040B00004AB98E7844EB47D022C00F0D48100F26A
:1040C0004981012C40F0D981764D284625F078F9B8
:1040D0007F49022228441AF05BFC96F80A357148A1
:1040E000002B00F04F8125F06BF97A490222284419
:1040F0001AF04EFC74480FF0ADFF002800F04A8122
:10410000684825F05DF97449022228441AF040FC01
:10411000644857E61AF074FF644B7049704D0446CA
:10412000D86A22F097FB22F071FD0346DB17201AB4
:1041300063EB4301C5E9060112F076FC0446D5E9BC
:10414000060112F003FC0646D5E9060112F056FC02
:104150000746D5E9060112F03BFCD5E9060112F04D
:104160000BFCD5E9060112F01DFC5E4A4D4882FBAE
:104170000412E317C3EB6213642202FB13445A498F
:1041800000943B46324624F05BFC76E64E48454DB3
:104190000FF074FF554B1B682B801A0C0128AA7076
:1041A00000F08A810228B3D147480FF07BFF002836
:1041B00040F0FB813D490023D1E90201002222F0B9
:1041C00079F9002814BF5723452384F870309FE7FE
:1041D000364BD86A21F090FE0B46454902463148DD
:1041E00012B0BDE8F04724F02BBC424A42492D48AA
:1041F00008E772B63A4B186862B6404B984205DD44
:10420000A0F50300A0F556409842F9DC22F0CEFA62
:104210003B4922F0D3FB3B4922F01CFB21F06CFE12
:1042200094F8444102460B464C2CCDE9042300F09F
:1042300003811C4C012204A9204615F061FD09E709
:1042400012B0BDE8F04702F04FB894F844012E498F
:10425000144CA0F16600B0FA80F04009002201235E
:10426000F4E6194B2949D3F828210E48CAE6284A12
:104270000C4B07CA03C318460B4900F8012B022256
:10428000A5E5244907480122BCE6234A054B92E8EC
:104290000300232283E803001A81EEE51F4AE7E7C3
:1042A0003898FF1F8090FF1F64F60200F092FF1FF6
:1042B00060FA02001098FF1F323423000093FF1FA2
:1042C0001898FF1F00002E403893FF1F8CFA020041
:1042D000E0FA0200E8FA0200F0FA0200000061458C
:1042E0007091FF1F1F85EB513CFA020084FA020017
:1042F00068FA02000A93FF1F88FA020000D68300C2
:1043000000D6034B0000C041F892FF1F74FA020070
:10431000C0FA0200D8FA0200CCFA0200B4FA020095
:10432000AF4AB04B92E803002322DA8018609980EC
:10433000A3E5AD4AAB4B07CA03C323F8022B1846CB
:10434000140CAA4900F8014B022240E5A849A548EF
:10435000E62257E6033C012C00F28F80A14D28464F
:1043600025F02EF8A349022228441AF011FBB4E6E6
:1043700094F87030002B3FF44DAD9A4D284625F04F
:104380001FF821E525F01CF89B49022228441AF069
:10439000FFFAAFE699480FF055FE002840F0A580DF
:1043A00096F878348F48002B00F0978025F008F8B5
:1043B0009349022228441AF0EBFAA9E6914B92495C
:1043C000D3E900230BE78F4B8F4953E9022306E71C
:1043D00094F844314C2B00F0BB8072B68B4B1868BC
:1043E00062B68B4B984205DDA0F50300A0F5564060
:1043F0009842F9DC22F0DAF986497A4D22F0DEFAA9
:10440000854922F027FA21F077FD6DA3D3E9002337
:1044100021F0CAFD02460B4604A814F089FC6AA3E9
:10442000D3E9002321F0C0FD0F460646CDE902671F
:1044300094F85E2102A9C1E478496A4824F000FB9F
:104440001BE520460FF008FE00287FF42FAE04F590
:10445000A2645FA3D3E90023D4E9000121F0A4FD05
:1044600022F09AF823E65F4D284624F0A9FF6C4914
:10447000224628441AF08CFA2FE65A4D284624F09A
:104480009FFF6849022228441AF082FA25E604A810
:1044900015F062F850A3D3E9002321F085FD514DBA
:1044A00094F85E410094CDE902010022012302A9A3
:1044B000284615F0C1FC84E450480FF0F3FD0028B5
:1044C00075D159490023D1E90201002221F0F2FF00
:1044D000002814BF4523572377E624F071FF534982
:1044E000022228441AF054FA12E63E4824F068FFEB
:1044F0004B49022228441AF04BFA09E604A815F0A9
:104500002FF835A3D3E9002321F04EFD15F024FE4A
:10451000D6E404A814F0FEFB2FA3D3E9002321F076
:1045200043FD94F8445102460B464C2DCDE902233D
:104530003FD02C4D94F85E010090002202A9012387
:10454000284615F079FC3CE404A815F001F8B2E423
:1045500072B62E4B186862B62D4B984205DDA0F559
:104560000300A0F556409842F9DC22F01FF92949D2
:1045700022F024FA284922F06DF921F0BDFC10A3A5
:10458000D3E9002321F010FD02460B4604A814F0E5
:10459000CFFB11A3D3E9002321F006FD02460B4611
:1045A0001048234924F04CFA67E457230DE64523CD
:1045B0000BE615490B4824F043FA5EE4AFF30080A4
:1045C0000000004052C1D03F000000A0C88E0E4045
:1045D000000000E006154E4000000020DCA54C4025
:1045E000ACFA02008090FF1FA0FA020064F60200FD
:1045F000D8FA0200A8FC0200ECFA02003893FF1F70
:1046000078F502001898FF1F54FA02007091FF1FFE
:1046100000D6830000D6034B0000C04194FA02008C
:10462000DCFA0200E4FA0200F092FF1FF4FA020042
:104630004CFA020008B51AF02DF9BDE808401AF04E
:1046400029B900BF10B4204B93F8842085B03AB943
:10465000002093F83C20EAB9002005B010BC704758
:104660001A49D3F890000A680092009A121AB2F51B
:10467000FA6FEDD293F87420002AE9D00A6801920B
:104680000198D3F88020801AB0F5FA6F2CBF002073
:104690000120DEE70D491C6F0A680292029A121B84
:1046A000B2F5FA6FD8D293F8B420002AD4D00A68B1
:1046B0000392D3F8B820039B9B1AB3F5FA6F2CBF73
:1046C000002000F00100C8E73893FF1FF49FFF1F90
:1046D0002DE9F04F87B01AF093FC0021044612F048
:1046E000A3F900210646204612F030F900210546C4
:1046F000204612F083F96B1E012B98BF06F1FF369E
:104700008046304698BF0C3522F050F8D649064610
:1047100022F054F91EF01AFBD4490746304622F025
:104720004DF91EF013FBD249034630461E4622F0D7
:1047300091F81EF00BFB8146284622F037F84FF027
:104740007E5121F07FFFCB4922F084F81EF0FEFA63
:10475000394605464FF0804021F072FF314621F086
:1047600071FF21F0C9FB064648460F4621F0C4FB05
:1047700002460B463046394621F060FA0646284686
:104780000F4621F0B9FB02460B463046394621F070
:1047900055FA064640460F4621F09CFB02460B4662
:1047A0003046394621F04AFA99A3D3E9002321F093
:1047B00045FA82468B462046002112F009F9002175
:1047C0000646204612F0D8F821F0F0FFAA4922F060
:1047D000F5F80546304621F0E9FF0146284621F06C
:1047E00031FF0021034620461C4612F0DBF821F081
:1047F000DDFFA24922F0E2F8214621F023FF21F05B
:104800007BFB9F4BCDE9000100225046594621F029
:1048100015FA1EF0CDF980A3D3E9002304460D4616
:1048200021F052FE58B37EA3D3E900232046294647
:1048300021F002FA7CA3D3E9002321F0DFFC21F070
:1048400063FE21F047FB8F4B002206460F4621F006
:10485000ABFB1EF0ADF902460B4620462946144636
:104860001D460022884B21F0E9F932463B4621F0F3
:10487000E5F922462B4621F0DFF904460D466CA3EC
:10488000D3E900232046294621F0D8F96AA3D3E9C9
:10489000002304460D4621F0CFF969A3D3E9002394
:1048A00021F0ACFC1EF084F902460B46CDE9022350
:1048B00063A3D3E9002321F077FB1EF079F90246C8
:1048C0000B462046294621F0B7F95FA3D3E9002320
:1048D0008046894621F092FC1EF06AF95AA3D3E97A
:1048E000002304460D4621F05FFB1EF061F9002213
:1048F00006460F4600234046494621F09FF93246BE
:104900003B4621F099F91EF053F921F0FDFD5F4B74
:10491000064600222046294621F0B8FD002800F076
:104920001482594B20460022294621F085F921F0B6
:10493000EBFD0446204621F039FF5549804622F020
:1049400045F9002800F0F68141A3D3E90023DDE911
:10495000020121F071F921F0D7FD0546631E012BFC
:1049600005D804F10C0021F021FF013D80462846C6
:1049700021F01CFF3C49044622F020F81EF0E6F925
:104980003A490746204622F019F81EF0DFF9384967
:104990000546204621F05EFF1EF0D8F94FF07E510B
:1049A0000446404621F04EFE324921F053FF1EF0EE
:1049B000CDF9034659465046059327A3D3E9002372
:1049C00021F03AF9334B804689460022DDE90001A7
:1049D00021F014FC02460B464046494621F02EF9D0
:1049E0001FA3D3E9002382468B4621F007FC024631
:1049F0000B464FF080403946CDE9022321F020FEDE
:104A0000294621F01FFE21F077FA804644E000BFDE
:104A100000000080A2423A41000000008C8A41411F
:104A200000000040D07D3C410000000088D5E140FE
:104A30000000000000D097400000006066865E40E5
:104A40000000000000D4764000000020A0993E4005
:104A500000000000006CB240000000802CB4424115
:104A600000000000A0D5E1400000C8420000C8439B
:104A700000A0B64301CDF441000070420000614542
:104A80000000E03F0000D03F0000F03F00002B405E
:104A900000002040000038402046894621F02CFAD2
:104AA00002460B464046494621F0C8F804460598A0
:104AB0000D4621F021FA02460B462046294621F0F8
:104AC000BDF8044630460D4621F004FA02460B4676
:104AD0002046294621F0B2F8A1A3D3E9002321F012
:104AE000ADF8A1A3D3E9002321F0A6F8A0A3D3E950
:104AF000002321F059FAA0A3D3E9002321F09EF866
:104B0000B74B00228046894621F0D4FC78B1B44DE1
:104B1000002422462B464046494621F08DF8224685
:104B20002B468046894621F0C5FC0028F1D10022A1
:104B300000234046494621F0A9FC88B1A84F002631
:104B4000002400254046494632463B4621F076F88F
:104B500022462B468046894621F098FC0028F1D158
:104B600087A3D3E90023DDE9000121F01DFA4246C5
:104B70004B4621F063F8DDE9026783A3D3E9002304
:104B800004460D463046394621F00EFA32463B4681
:104B900021F00AFA02460B462046294621F04EF83B
:104BA0008F4B00228046894621F084FC78B18C4DE1
:104BB000002422462B464046494621F03DF8224635
:104BC0002B468046894621F075FC0028F1D1002251
:104BD00000234046494621F059FC88B1804F002609
:104BE0000024002532463B464046494621F026F83F
:104BF00022462B468046894621F048FC0028F1D108
:104C000063A3D3E900235046594621F0CDF902466B
:104C10000B4661A1D1E9000121F00EF860A3D3E9B0
:104C2000002321F0EBFA1DF0D9FC5FA3D3E90023A8
:104C300004460D465046594621F0B6F95CA3D3E927
:104C4000002320F0FBFF02460B4620F0F7FF54A3A1
:104C5000D3E9002321F0D2FA1DF0C0FC56A3D3E91A
:104C6000002306460F465046594621F09DF902465C
:104C70000B4653A1D1E9000120F0DEFF48A3D3E9A0
:104C8000002321F0BBFA1DF01DFC4FA3D3E9002344
:104C900082468B462046294621F086F94CA3D3E96B
:104CA000002304460D463046394621F07DF9024680
:104CB0000B462046294620F0BFFF52465B4621F0B6
:104CC00073F942464B4620F0B9FF454B002280461F
:104CD000894621F0EFFB78B1414D002422462B4656
:104CE0004046494620F0A8FF22462B46804689468A
:104CF00021F0E0FB0028F1D1002200234046494684
:104D000021F0C4FB88B1364F00260024002532462E
:104D10003B464046494620F091FF22462B468046BE
:104D2000894621F0B3FB0028F1D14046494607B03F
:104D3000BDE8F08F28A3D3E90023DDE9020120F0CC
:104D40007BFF21F0E1FB054608E6264B20460022CA
:104D5000294620F071FF21F0D7FB0446EAE500BFA9
:104D600000000080A2423A41000000802CB4424181
:104D7000000000E05BD2B03F000000801CCA1A4077
:104D8000000000E0360BF03F000000605243FB3EA5
:104D900000000060C91CAB3F000000608F425F4014
:104DA00000000020DCA54C40000000E0718AEF3FCD
:104DB0000000002085877140000000A0F2D79A3ED5
:104DC0000000000076703740000000A0EEE734BF1E
:104DD00000000080732AF93E00000000006BB24022
:104DE0000000384000002A402DE9F04F844D95F82E
:104DF00038308DB013B90DB0BDE8F08F28460FF0F4
:104E000029F9002860D07F4C05E01BF0E9FDC1B214
:104E1000204615F081FC1BF0CFFD0028F5D1DFF80E
:104E2000E8A19AF80040002CE5D175480FF012F97E
:104E30000028E0D095F83830002BDCD0FFF702FCDA
:104E40000028D8D0714BDFF8C8B103F110070FCBA1
:104E500004AE86E80F0097E80F0008AD85E80F0064
:104E6000304615F0FDFC0746304615F009FD01906F
:104E7000304615F017FD0090284615F01FFD8146BD
:104E8000284615F027FD8046284615F039FD4E3797
:104E9000019A009B8DF8080002A88DF80D208DF86E
:104EA0000C308DF80E708DF80A908DF8098011F095
:104EB000D3FD07461AF0A4F8B842CBE9060409D19D
:104EC00001238AF8003096E728460FF0BBF8002847
:104ED00099D190E7304615F0C3FC0446304615F0F2
:104EE000CFFC8046304615F0DDFC0746284615F01D
:104EF000E5FC0646284615F0EDFC034628461D460F
:104F000015F0FEFC03468DF80830424B8DF8095031
:104F1000D3E904234E3402A8CBE90E238DF80E40CA
:104F20008DF80D808DF80C708DF80A6011F094FDED
:104F300005460C461AF06AF82846214611F0EAFEAA
:104F4000FFF7C6FB344B04460D460022DBE90E0199
:104F500021F054F902460B462046294620F06CFE0B
:104F60002E4B002204460D4621F0A4FA78B12B4FB7
:104F700000262046294632463B4620F05DFE32465A
:104F80003B4604460D4621F095FA0028F1D1002257
:104F900000232046294621F079FA98B1DFF87C9069
:104FA0004FF00008002600272046294642464B467F
:104FB00020F044FE32463B4604460D4621F066FA98
:104FC0000028F1D1154B20462946002221F016F980
:104FD00009A3D3E9002320F0E7FF21F095FA72B688
:104FE000CBF8000062B672B6DBF80020DBF80030C8
:104FF000CBE9042362B663E700000000C07A604199
:105000003893FF1F7493FF1FD892FF1FAC93FF1FAD
:105010007091FF1FF092FF1F00002E4000003840EB
:10502000224B93F8380000B9704710B493F88420ED
:1050300085B03AB9002093F83C20EAB9002005B0C9
:1050400010BC70471A49D3F890000A680092009A81
:10505000121AB2F5FA6FEDD293F87420002AE9D053
:105060000A6801920198D3F88020801AB0F5FA6F8F
:105070002CBF00200120DEE70D491C6F0A68029258
:10508000029A121BB2F5FA6FD8D293F8B420002A14
:10509000D4D00A680392D3F8B820039B9B1AB3F5C7
:1050A000FA6F2CBF002000F00100C8E73893FF1F03
:1050B000F49FFF1F144B93F8D4200AB900207047C7
:1050C00000B5124AD3F8D810126883B00192019A41
:1050D000521AB2F5FA6F03D3002003B05DF804FB57
:1050E0000022D3F8DC0083F8D52021F05FFB0849CB
:1050F00021F064FC4FF0804121F04AFD003818BFD8
:10510000012003B05DF804FB3893FF1FF49FFF1FDD
:105110000000C8422DE9F047324F334D3B682A6802
:105120008CB00193019B9B1AB3F5FA6F06D92F4BF4
:1051300093F885203AB993F8753023B92C4B187839
:105140000CB0BDE8F0872B4B03F1100C0FCB04AE75
:1051500086E80F009CE80F0008AC84E80F0030469A
:1051600015F07EFB8046304615F08AFB82463046BD
:1051700015F098FB8146204615F0A0FB0646204618
:1051800015F0A8FB034620461C4615F0B9FB08F1B4
:105190004E08034602A88DF808308DF809408DF8B6
:1051A0000DA08DF80C908DF80A608DF80E8011F02E
:1051B00053FC044619F024FF3A680292041B029A39
:1051C0002A60002C0C4A0346B8BF6442042C936149
:1051D000074BCCBF002001200021D16118700CB01A
:1051E000BDE8F087F49FFF1FDC92FF1F3893FF1F7D
:1051F000E092FF1FAC93FF1F7091FF1F2DE9F84F46
:10520000B1F100093DDDA0F1080606EBC907B04683
:1052100000240025F8E902232046294620F00EFD4F
:10522000474504460D46F5D1484620F053FE8246D8
:105230008B462046294652465B4620F0DFFF00247D
:10524000804689460025F6E9020142464B4620F099
:10525000F3FC02460B4620F0A7FE02460B46204612
:10526000294620F0EBFCB74204460D46EBD15246EE
:105270005B462046294620F0C1FFBDE8F84F1CF0F0
:1052800063BF484620F026FE002482468B46002558
:10529000EDE700BFFFFFFFFF2DE9F04FDFF82CA087
:1052A0000B4CDAF800302268A1B01093109B9B1AC7
:1052B000B3F5FA6F03D9074B93F83D2072B9064B4B
:1052C0001D78284621B0BDE8F08F00BFF49FFF1F76
:1052D000E892FF1F3893FF1FEC92FF1F03F13C0E73
:1052E000D3F8BC70C24EDFF80CB3C34DBEE80F005C
:1052F0000DF1480CACE80F00BEE80F00ACE80F0061
:10530000BEE80F00ACE80F009EE803008CE8030045
:1053100012A8D6E9048915F083FA02460B464046E6
:10532000494620F08BFC14F0F7FE21F000431946AB
:10533000DBF8003005EBC308ABA3D3E9002320F072
:1053400033FEC8E9000112A8D6E9028915F048FA2F
:1053500002460B464046494620F06EFCDBF80080D2
:1053600021F000434FEAC80919469FA3D3E900235F
:10537000CDF8009020F018FEA04B0A4603EBC803BE
:105380000146C3E90012B6F91800CDE9021220F077
:10539000A1FD0246384616460F4621F007FA984905
:1053A00021F00CFB20F0A8FD02460B4630463946A2
:1053B00020F042FC02460D909248D0F800B0BBF1BC
:1053C0000B0F21F00043D8BF0BF1010B8E49D8BF62
:1053D000C0F800B0BBF10C0F4944D946A8BF4FF04C
:1053E0000C09C1E9002384480C934946FFF706FFE6
:1053F00002460B46CDE90423844B002221F05AF8E3
:1054000018B9824B0022CDE904237C484946FFF7B6
:10541000F5FE02460B46CDE906237C4B002221F027
:1054200049F818B9794B0022CDE906237648494658
:10543000FFF7E4FE764B002206460F4621F03AF8CD
:10544000002800F0C88032463B463046394620F0FE
:10545000F5FBCDE90A01009B55F8382009922B4451
:10546000BBF1000F5F6840F3E780634E0025002228
:10547000002310461946F6E8022320F0DFFB013531
:105480004D4502460B46F4DB4846CDE90E2320F09D
:1054900021FDDDE90E2305460E46104619462A4633
:1054A0003346CDE9005620F0A9FE02460B46099886
:1054B000394620F0C1FBDDE90423064621F0004512
:1054C0001046194620F0BAFB02460B4630462946E4
:1054D00020F0DCFF002840F0A3800746474E00255F
:1054E0000022002310461946F6E8022320F0A6FB0E
:1054F0000135A94502460B46F4DCDDE9002320F026
:105500007DFE02460B46DDE9020120F095FBDDE958
:10551000062321F0004506461946104620F08EFB72
:1055200002460B463046294620F0B0FF054678B1CA
:10553000DDE9020100224FF0804320F0A7FF0028A0
:105540000CBF002507F00105BBF1000F40F3C3803D
:105550002D4F00260022002310461946F7E80223AB
:1055600020F06CFB0136B14502460B46F4DCDDE968
:10557000002320F043FE06460F46DDF834B0DDF888
:1055800030903B4632465846494620F055FB21F0C4
:105590000047DDE90A23394620F078FF00B31D4BB0
:1055A00058464946002220F071FF002808BF002518
:1055B000194B104A1D70B8F10B0F08F1010308BF19
:1055C00000231360DAF800301193119B2360284602
:1055D00021B0BDE8F08F114B0022CDE90A233AE754
:1055E0000546E5E7AFF30080000000000020AC4076
:1055F000F092FF1FE492FF1F7892FF1F1892FF1F87
:105600000000C842B091FF1FB891FF1F0000F03F9B
:105610000000344000003E40EC92FF1F0000444078
:1056200027F00041099800224FF0804320F02EFF20
:10563000071E18BF012751E7484620F04BFC0246E1
:105640000B4600200021CDE9002320F0D7FD0246C3
:105650000B460998394620F0EFFADDE904230646A7
:1056600021F000451046194620F0E8FA02460B46A4
:105670003046294620F00AFF002835D18146DDE971
:1056800000230020002120F0B9FD02460B4606460B
:105690000F46DDE9020120F0CFFADDE9062383465B
:1056A00021F000451046194620F0C8FA02460B4684
:1056B0005846294620F0EAFE08B905465DE7DDE9CF
:1056C000020100224FF0804320F0E0FE00280CBFD2
:1056D000002509F00105DDE900230020002120F06C
:1056E0008DFD06460F4648E7099827F00041002245
:1056F0004FF0804320F0CAFEB0F1000918BF4FF010
:105700000109BCE7FFFFFFFF2DE9F04F6A4EDFF80C
:10571000ACC106F174030FCB9BB00DF1100888E803
:105720000F0006F184030FCB08AF06F13C0587E8B4
:105730000F000FCD0CAC0FC40FCD0FC40FCD0FC495
:1057400095E803009CF84331732B84E80300D6F8F6
:10575000BC4006D0742B0ED0FCF788FC1BB0BDE813
:10576000F08F96F83830002B40F0B280FCF754FCF4
:105770001BB0BDE8F08F96F83830002BF6D0FEF75E
:1057800061FF0028F2D0404615F06AF80446404612
:1057900015F076F88146404615F084F88046384684
:1057A00015F08CF80646384615F094F8054638464C
:1057B00015F0A6F803468DF80830414BDFF804A138
:1057C0008DF80950D3E904234E3402A8CAE90E2308
:1057D0008DF80E408DF80D908DF80C808DF80A60D4
:1057E00011F03AF905460C4619F010FC28462146FE
:1057F00011F090FAFEF76CFF334B04460D46002281
:10580000DAE90E0120F0FAFC02460B462046294652
:1058100020F012FA2D4B002204460D4620F04AFEDD
:1058200078B12A4F00262046294632463B4620F0D2
:1058300003FA32463B4604460D4620F03BFE002864
:10584000F1D1002200232046294620F01FFE98B106
:105850001E4F00264FF000084FF000092046294651
:1058600032463B4620F0EAF942464B4604460D4696
:1058700020F00CFE0028F1D1144B002220462946CE
:1058800020F0BCFC0AA3D3E9002320F08DFB20F01C
:105890003BFE72B6CAF8000062B672B6DAF80020B3
:1058A000DAF80030CAE9042362B6FCF79FFB55E73B
:1058B00000000000C07A60413893FF1F1090FF1F66
:1058C000F092FF1F7091FF1F00002E400000384033
:1058D000FEF7B8FE00283FF449AF0CA814F080FF93
:1058E00082460CA88B4614F09BFF064620460C46C9
:1058F00020F05CFFCC4921F061F8CC4B05462146F5
:105900003046002220F0E0FD002840F0B681C84B70
:1059100030462146002220F0B9FD002840F0AD813C
:1059200032463046C34E04F10044234621463478C3
:10593000C6E9042320F030FE04EB440404EBC40465
:1059400004F10E03C1B2814618460091019318F08C
:10595000D7FF0099814203D0019B184618F0EAFF57
:1059600004F10F03C9F3072118460091019318F0C1
:10597000C7FF0099814203D0019B184618F0DAFF57
:1059800004F11003C9F3074118460091019318F080
:10599000B7FF0099814203D0019B184618F0CAFF57
:1059A0001134204618F0ACFF4FEA1969814503D045
:1059B0004946204618F0BEFF9F4B002250465946EC
:1059C00020F064FD002859D19C4B002250465946D6
:1059D00020F07AFD002851D13478C6E902AB59464F
:1059E000504620F0D9FD04EB440404EBC40404F158
:1059F0000A0B5FFA80FA8146584618F081FF82450B
:105A000003D05146584618F095FF04F10B0B584649
:105A100018F076FFC9F3072A824503D0514658464D
:105A200018F088FF04F10C0B584618F069FFC9F311
:105A3000074A824503D05146584618F07BFF0D3483
:105A4000204618F05DFF4FEA1969814503D04946A9
:105A5000204618F06FFF70A3D3E90023D6E90201B6
:105A600020F0CCFB82468B461CF02CFDC6E90C01D5
:105A7000504659461CF0B2FDC6E90E01284621F0F9
:105A8000C5F884B204F1C8039BB242F208018B420C
:105A900002B21DD83578328305EB450505EBC50507
:105AA00005F1120A50465FFA82F918F029FF814584
:105AB00003D04946504618F03DFF1335284618F0EC
:105AC0001FFF240A844203D02146284618F032FFE3
:105AD00009F0E6FA5A480CF043FD5A480AF0C8FDAE
:105AE00058480AF0C1FD012008F08EFB404614F032
:105AF000B7FE0446404614F0C3FE8246404614F00A
:105B0000D1FE8146384614F0D9FE8046384614F05E
:105B1000E1FE0546384614F0F3FE03468DF80830E2
:105B2000D6E904238DF80DA0DFF81CA18DF80950EB
:105B30004E3402A8CAE90E238DF80E408DF80C9061
:105B40008DF80A8010F088FF05460C4619F05EFAC1
:105B50002846214611F0DEF8FEF7BAFD3B4B04461D
:105B60000D460022DAE90E0120F048FB02460B4602
:105B70002046294620F060F8354B002204460D46A9
:105B800020F098FC78B1324F002620462946324654
:105B90003B4620F051F832463B4604460D4620F085
:105BA00089FC0028F1D1002200232046294620F05C
:105BB0006DFC98B1DFF898904FF0000800260027A0
:105BC0002046294642464B4620F038F832463B46AE
:105BD00004460D4620F05AFC0028F1D11C4B00224F
:105BE0002046294620F00AFB0DA3D3E9002320F02C
:105BF000DBF920F089FC72B6CAF8000062B672B612
:105C0000DAF80020DAF80030CAE9042362B660222C
:105C100000211FE0AFF3008000000020DCA54C4015
:105C200000000000C07A60410000C8420080764059
:105C3000008076C0F092FF1F008056C00080564062
:105C40006094FF1F3893FF1F7091FF1F00002E40CC
:105C5000000038400A4822F0D5FF602200210948A0
:105C600022F0D0FF60220021074822F0CBFF074B33
:105C700000221A60FCF7BAF970E5054E9CE600BFF9
:105C80001892FF1F7892FF1FB891FF1FB091FF1F5E
:105C9000F092FF1F08B518F0FDFDBDE8084018F0B0
:105CA000F9BD00BF2DE9F0414FF0000E164C174D25
:105CB000F4464378067882781B0243EA06431A4387
:105CC0009F0CC2F38516C3F3053302F03F020CF1BB
:105CD000030C15F80780AE5DEF5CAB5C84F8708058
:105CE0008C4584F8717084F8726084F873300EF11A
:105CF000040E00F1030004F10404DADB044B00227B
:105D000003F80E20BDE8F0811090FF1F60FB020039
:105D10008090FF1FFFFFFFFF2DE9F04FC64DC1B080
:105D20006622002126A822F06DFF28460EF0A6F973
:105D300095F840352C7895F80A7595F80B85003B59
:105D400018BF012306465FFA88F804F003042846CA
:105D500007EB430708F003080EF07CF92301FFB2BC
:105D600043EA8803A6F102023B43B2FA82F25209E7
:105D700043EA801343EAC213AA7D95F879158DF89A
:105D80009830012A95F8783401F0070100F0258257
:105D9000022A00F0FB81032A00F09282A2F10402A1
:105DA000B2FA82F25209920195F83105DB0043EA1A
:105DB000C0130B43134395F899258DF89930022AA7
:105DC00000F0FA8195F89935FE2B00F06B8295F87A
:105DD0009935FF2B00F0728295F89935012B14BF8D
:105DE00000270327022E95F8C93500F0EC81022B1D
:105DF00000F0F58195F8C935FE2B00F0EB8195F8A0
:105E0000C935FF2B00F0578295F8C935012B14BF17
:105E10004FF000084FF00C0895F8086595F86937C1
:105E200006F00306002B40F0B38195F8F147A4017A
:105E300064B281480AF0E8FB47EA061748EA07031C
:105E40001C4344EAC01495F838608DF89A40FFF777
:105E5000E7F8002840F0148295F8483595F8362088
:105E600095F8F8148DF89C1046EA43168DF89B605F
:105E700095F87C360AB143F0040395F8F8250AB189
:105E800043F0080395F837200AB143F010038DF86A
:105E90009D3019F0B5F8694CDFF8A4A10021C4E9E0
:105EA000060110F0C1FD0646D4E9060110F04EFDD2
:105EB0008046D4E9060110F0A1FD0746D4E90601A9
:105EC00010F086FD8346D4E9060110F055FD8146A9
:105ED000D4E9060110F066FD5A4A8DF8A00082FB55
:105EE0000632F317C3EB62136422DAE9020102FB04
:105EF000136649A3D3E900238DF89EB08DF89F90D7
:105F00008DF8A1808DF8A2708DF8A36020F04CF878
:105F100002460B460CA848490BF08AFA72B6206874
:105F200062B6494B984205DDA0F50300A0F5564046
:105F30009842F9DC20F03AFC444920F03FFD444906
:105F400020F088FC1FF0D8FF35A3D3E9002320F010
:105F50002BF802460B460CA812F0EAFE32A3D3E956
:105F6000002320F021F880460CA8894612F0D2FECA
:105F70002FA3D3E9002320F017F8CDE9000118A8DA
:105F80002D490BF0CFFA18A813F0E6FA28A3D3E9AD
:105F9000002320F009F8CDE9020118A813F0E0FA77
:105FA00023A3D3E900231FF0FFFF14F0D5F8CDE9B8
:105FB000040172B6246862B6234B9C4205DDA4F549
:105FC0000304A4F556449C42F9DC224F224BD7E946
:105FD0000001002220F012F9D7E90C23CDE90601D7
:105FE0001E4900201FF028FECDE90A890AAEDDE92E
:105FF0000089CDE9080196E803000DF1A40ECDE972
:106000000A898EE80300D7E90E01CDE9000196E880
:1060100003000DF1AC0C23E0000000A046DF913F2F
:106020000000004052C1D03F000000A0C88E0E40CA
:1060300000000020DCA54C403893FF1F7091FF1F2B
:10604000F092FF1F1F85EB5100D6830000D6034B53
:106050000000C0411898FF1F00002E400000F03FD4
:106060008CE80300DDE902BCCDE90ABC96E8030038
:106070002DAA82E80300DDE90412CDE90A1296E8B0
:1060800003002FAB83E80300204620F08FFB8E49EE
:1060900020F094FC8D4920F0DDFB1FF02DFFCDE9B1
:1060A0000A0196E803000DF1C40C8CE80300DDE959
:1060B00006BCCDE90ABC57E9028996E8030033AF74
:1060C00087E80300CDE90A89DDE9087896E803004E
:1060D00035ACCDE90A7884E80300D5F824153C9165
:1060E000D5F820153B9196E8030037AA82E8030013
:1060F000DDE90001CDE90A0196E8030095F8374093
:1061000039AB83E80300002C6CD17149DAF82C001C
:1061100020F0A0FB1CF05CFE20F078FD95F83033F9
:1061200095F87D448DF8FA0003F00303012C8DF8F7
:10613000FB302FD0022C36D004F0030395F87E24D8
:1061400095F84015920002F01C02134343EA4113F4
:106150008DF8FC303FA80DF19703002213F8011FC2
:10616000834282EA0102F9D15A4C8DF8FD20662162
:1061700026A8FFF797FD204623F022F95649022270
:10618000204441B0BDE8F04F18F002BC20220BE6DD
:1061900040244EE651480DF05FFF002800F0898052
:1061A000022385F87D344D480DF056FF00287BD141
:1061B000032385F87D34C1E7022E95F8C9354FF0E9
:1061C00001077FF414AEFE2B09D095F8C935022BD8
:1061D0007FF415AE4FF008081EE61022E4E54FF0FC
:1061E000040819E61AF00EF801E01AF043F81AF064
:1061F0002DF80028F9DC0421394819F07BFF1AF04A
:1062000001F8142018F0F0FF00212E2219A818AE72
:1062100018910C4622F0F6FC0AE0302C0CD01AF053
:1062200029F8C0B2232806F8010B04F1010403D0B9
:106230001AF00CF80028F0DC04F580730DEB030471
:10624000002304F8A03C9DF860303F2B7FF45DAF45
:106250000DF1610020F024FD202104460DF16100C4
:1062600022F022FD034668B3013020F015FDC2B2D2
:10627000C0F307233D948DF8F8208DF8F93044E7FA
:10628000FEF748FF90B946F00206FFF705F808B19F
:1062900046F00806FEF70EFF00283FF4DDAD46F09D
:1062A0001006D9E502279DE5022347E746F00606DA
:1062B000EBE7234642E74FF00C08ADE5032791E5F5
:1062C000302271E50246D5E700D6034B0000C041FD
:1062D000000020418090FF1F64F602003893FF1FEA
:1062E00090F40200FFFFFFFF2DE9F04F5F4C94F8A0
:1062F0004431413BC3B0312B3ED8DFE813F04200BC
:106300003D00BB0003024B023D003D003D003D004F
:106310003D00D90217034F033D00B103DA033D00EE
:1063200093043D0023053D003D003D003D003D0040
:106330003D003D003D003D003D003D003D003D0075
:106340003D003D003D003D003D003D003D003D0065
:106350003D003D002D053D003D003D003D003D0060
:10636000320094F84531702B01F08383742B00F0D8
:106370000585672B00F08E8343B0BDE8F04FFBF737
:1063800061BE94F84531532B00F0F38418AA15AB85
:1063900000201EAD16A90492029314AA13AB059512
:1063A000039101920093109012AB119012901390F0
:1063B00014901590169018901E9011AA2C4810A9B0
:1063C00016F080F894F84551A5F130034A2B00F2FD
:1063D000CD84DFE813F0A70AA50AA30AA10A9F0A41
:1063E0009D0A9B0A990A2F0ACB04CB04CB04CB0449
:1063F000CB04CB04CB04CB04CB04CB04CB04CB0425
:10640000CB04CB04CB04CB04CB04CB04CB04CB0414
:10641000CB04CB04CB04CB04CB04CB04CB04CB0404
:10642000CB04CB04CB04CB04CB04CB04CB04CB04F4
:10643000CB04CB04CB04CB04A107310A8107CB04E6
:10644000CB04B20ACB04CB048107CB04CB04CB042E
:10645000CB04A90A090B8107CB04950A280ACB04AF
:10646000CB04CB04A107CB04CB04A1071090FF1FE2
:106470008094FF1F94F84531532B7FF47DAF2AADF4
:106480005A220021284622F0BDFBB94B1B681A682E
:106490002A921A89ADF8AC209A8CADF8AE201A8DEC
:1064A000ADF8B0209A8BADF8B2209A8AADF8B4203E
:1064B0005A7B8DF8B6205A7CDB7B0AB143F002038D
:1064C000AC4A8DF8B73013681A682E921A89ADF865
:1064D000BC209A8CADF8BE201A8DADF8C0209A8BE6
:1064E000ADF8C2209A8AADF8C4205A7B8DF8C62038
:1064F0005A7CDB7B0AB143F002039F4C8DF8C73016
:1065000004F5AA63D3E9000120F046F804F5AC666F
:10651000329056E9020120F03FF80346D6E9000127
:10652000339320F039F804F5AE62034652E90201D4
:10653000349320F031F804F5BE62034652E90201BB
:10654000359320F029F803461A20369307F030FCE3
:10655000074618F0D5F90646781C18F0D1F9F6B2BE
:1065600060F30F261C20ADF8DC6007F021FC18F06A
:10657000C7F9034641208DF8DE3007F019FC18F00A
:10658000BFF9034604F594708DF8DF300BF012FE6E
:10659000034604F59470ADF8E0300BF00DFE0346B1
:1065A0002420ADF8E23007F003FC074618F0A8F904
:1065B0000646781C18F0A4F9F6B260F30F262620E0
:1065C000ADF8E46007F0F4FB074618F099F90646C9
:1065D000781C18F095F9F6B260F30F262820ADF874
:1065E000E66007F0E5FB074618F08AF90646781CD6
:1065F00018F086F9F6B260F30F262A20ADF8E860AD
:1066000007F0D6FB074618F07BF90646781C18F011
:1066100077F9F6B2594B002260F30F26D4E94E0108
:10662000ADF8EA601FF0C0FC1CF046FB1FF094FFC1
:10663000D4F82C2194F81531D4F828118DF8EF20D6
:10664000D4F840218DF8EE10ADF8EC0094F8161156
:106650008DF8F0200BB141F0020194F814310BB128
:1066600041F00401464E474B8DF8F1100022F6E848
:1066700004011FF099FC1CF01FFB1FF06DFF030CC1
:10668000ADF8F200000E00228DF8F4308DF8F50020
:106690003C4BD6E900011FF087FC1CF00DFB1FF0FE
:1066A0005BFF94F8992694F87D36ADF8F600010C5E
:1066B000000E8DF8FA308DF8F81094F889368DF8C0
:1066C000F9000AB143F002032F4A8DF8FB3013782A
:1066D0008DF8FC3040A80DF1A703002213F8011F2C
:1066E000984282EA0102F9D15A212846274C8DF8B6
:1066F0000121FFF7D7FA204622F062FE2449022248
:106700002044FEE194F84531423B152B3FF634AE70
:1067100001A252F823F000BF2D7000007963000041
:1067200079630000796300007963000079630000F9
:1067300079630000796300007963000079630000E9
:1067400079630000796300007963000079630000D9
:106750000D70000079630000B16F000079630000E4
:10676000796300007963000079630000936F000093
:106770006087FF1F2487FF1F3893FF1F00002440FE
:10678000B899FF1F000059403093FF1F8090FF1FF2
:1067900064F6020094F84531313B412B3FF6ECADF5
:1067A00001A252F823F000BF937200009372000020
:1067B0007963000079630000796300007963000069
:1067C0007963000079630000796300007963000059
:1067D0007963000079630000796300007963000049
:1067E000796300007963000025720000796300007E
:1067F0007963000093710000796300007963000001
:106800007963000079630000796300007963000018
:106810007963000079630000796300007963000008
:106820008B750000617500007963000093710000B2
:1068300079630000796300007963000079630000E8
:10684000796300007963000079630000257200001D
:1068500079630000796300007963000079630000C8
:1068600079630000796300007963000079630000B8
:1068700079630000796300007963000079630000A8
:106880007963000079630000796300007963000098
:106890007963000079630000796300007963000088
:1068A0007963000079630000796300004775000098
:1068B00094F84531613B192B3FF65EAD01A252F8C9
:1068C00023F000BF0F710000796300000171000028
:1068D0007963000079630000796300007963000048
:1068E0007963000079630000796300009170000013
:1068F0007963000079630000796300007963000028
:106900007F70000079630000796300007963000004
:106910007963000079630000796300007963000007
:1069200079630000796300004570000094F84531F8
:10693000413B162B3FF620AD01A252F823F000BFD9
:1069400013710000837100007F7100007B710000F3
:106950006F710000796300007963000065710000C9
:1069600079630000796300007963000079630000B7
:1069700079630000796300005B71000079630000B7
:1069800079630000796300005171000079630000B1
:1069900035710000796300008771000094F845317B
:1069A000423B2B2B3FF6E8AC01A252F823F000BF8C
:1069B000777300002574000079630000796300009C
:1069C000796300009173000079630000FD7400009A
:1069D00079630000796300008D740000C9740000C1
:1069E0007963000079630000796300007963000037
:1069F00059740000E37400007963000079630000BB
:106A00007963000079630000796300007963000016
:106A10007963000079630000796300007963000006
:106A200079630000796300007963000079630000F6
:106A300073740000AF740000796300007963000094
:106A400079630000796300007963000079630000D6
:106A50007963000079630000796300003F740000EF
:106A600094F84531413B122B20D8DFE813F0870220
:106A7000840281021F001F001F001F001F007D02F3
:106A80001F001F001F001F001F001F001F001F000E
:106A90001F007702C64B93F81531002B00F074816C
:106AA000C44BC54A1B6813801B0C937043B0BDE8F0
:106AB000F08F94F84531322B00F0E38726D8312B44
:106AC0007FF45AAC72B6BA4DD5F878071FF002FAC7
:106AD00005F5DC6555E902231FF090FBCDE92A019D
:106AE00062B6B54D94F85E01009001231A462AA9BA
:106AF000284613F0A1F9284622F062FCAF49022291
:106B0000284443B0BDE8F04F17F042BF333B012BA0
:106B10003FF632ACAA4DAB4EA1A3D3E90023D5E991
:106B200002011FF041FA02460B462AA8A6F522717F
:106B30000AF07EFC9AA3D3E90023D5E902011FF0F5
:106B400033FA8046894618A8A6F5227109F0A4FDFB
:106B500000230893A6F1D8030796069318AD0FCD2E
:106B60006F460FC795E8030042464B4687E803008F
:106B70002AA91EA812F0A4F81EA812F051FE8AA39A
:106B8000D3E900231FF010FACDE916011EA812F078
:106B900043FE85A3D3E900231FF006FA8946804609
:106BA000A6F52270DDE916ABCDE92A890DF066FA6B
:106BB00015A9049114A952465B4602900391A6F5CB
:106BC0002270CDE900890AF0DDF914987A4D1FF0A2
:106BD00081F906F58B6353E902231FF00FFB06F5DD
:106BE0009566CDE9160115981FF074F956E9022350
:106BF0001FF004FB94F8453194F85E210092332B8A
:106C00004FF00103CDE92A011A460CBF16A92AA9A3
:106C1000284613F011F9684822F0D2FB6749022296
:106C200028446EE794F84521A2F13003422B3FF649
:106C3000A3AB01A151F823F03F6F00003F6F0000AC
:106C40003F6F00003F6F0000EF75000079630000A8
:106C500079630000796300007963000079630000C4
:106C600079630000796300007963000079630000B4
:106C70007963000079630000796300000D760000FD
:106C8000F9750000796300009576000079630000D3
:106C90007963000079630000796300007963000084
:106CA0007963000079630000796300007963000074
:106CB0007963000079630000796300007963000064
:106CC0007963000079630000796300007963000054
:106CD0007963000079630000717600007963000039
:106CE0007963000079630000796300007963000034
:106CF0007963000079630000796300007963000024
:106D00007963000079630000317600002776000087
:106D1000E575000079630000796300007963000085
:106D200079630000796300007963000079630000F3
:106D300079630000796300007963000079630000E3
:106D40009575000094F84531303B032B3FF6AEAE0D
:106D5000DFE803F0C191875094F84531413B032BA4
:106D60003FF60AABDFE803F0403A3412FBF76AF96A
:106D70009CE643B0BDE8F04FFEF7CEBF0C4B93F856
:106D80001631002B7FF48CAE0F4B8AE6084BD3F8FC
:106D90005C071FF03BFF02460C4966E0AFF3008042
:106DA000000000A046DF913F00000020DCA54C4021
:106DB0003893FF1F44FB02008090FF1F64F602001F
:106DC000F092FF1FC095FF1F48FB0200D8FA020097
:106DD000B94BD3F858071FF019FFDCE7B64BD3F8CF
:106DE0000C071FF013FFD6E7B34BD3F808071FF0CB
:106DF0000DFFD0E7B14BD3E90201A9A3D3E90023EA
:106E00001FF0D2F802460B462AA8AB490AF010FB45
:106E10002AA811F083FFA4A3D3E900231FF0C4F82C
:106E2000002204460D460023CDE91E451FF02EFB2F
:106E3000A34B0022002840F03C86204629461FF044
:106E400039FB38B19E4B0022204629461EF0F4FE45
:106E5000CDE91E019B4C01221EA9204612F050FFD5
:106E600049E418F0CDF898490246964843B0BDE889
:106E7000F04F21F0E5BD18F0C3F8944D0021C5E9AD
:106E800006010FF0D1FD0446D5E906010FF05EFDC5
:106E90000646D5E906010FF0B1FD0746D5E9060122
:106EA0000FF096FDD5E906010FF066FDD5E9060164
:106EB0000FF078FD864A834882FB0412E317C3EB88
:106EC0006213642202FB1344824900943B4632461B
:106ED00021F0B6FDEAE518F093F87C4C0021C4E9F6
:106EE00006010FF075FD0646D4E906010FF044FDDA
:106EF0001FF05CFC78491FF061FD054630461FF02D
:106F000055FC014628461FF09DFB0546D4E90601C5
:106F10000FF048FD1FF04AFC70491FF04FFD294655
:106F20001FF090FB1EF0E8FF664D02460B4621461F
:106F3000E1E908230122284612F0E2FEDBE55E4B80
:106F4000604C03EBC203D3E9F4011FF025FB0222DE
:106F50002346114617F0A4FEFFF7CDBB412006F0F3
:106F600027FF17F0CDFC16E75D4B5E491A787CE7EA
:106F70005D4A5E4979E75E4A5C4976E7584B4E4A7E
:106F8000187817210F2313FB00131A4457494D4853
:106F90006CE794F84641002C00F0BE85313C032C90
:106FA0003FF6EAA9DFE814F0CB02C702C302BB0236
:106FB00094F84631313B112B3FF6DEA901A252F87D
:106FC00023F000BF1D78000013780000097800004E
:106FD000FF770000F5770000EB770000E177000015
:106FE000D7770000A1770000796300007963000083
:106FF0007963000079630000796300007963000021
:107000007963000097770000CD77000094F846314F
:10701000303B072B3FF6B0A9DFE813F0B503AD0313
:10702000A20397038403480343033E0394F84631C5
:10703000303B032B3FF6A0A9DFE813F049014401E0
:107040003F013A011D4916A3D3E90023D1E902010A
:107050001EF0AAFF1BF036FA264BD3E900231EF0E0
:10706000A3FF13A3D3E900231EF09EFF0B46224982
:107070000246144843B0BDE8F04F21F0E1BC1F4B7D
:1070800053E902040AA3D3E9002304F10041EBE72A
:10709000094B144993F89824E7E600BFAFF300804A
:1070A000000000A046DF913F000000A0C88E0E4007
:1070B00000002078C62D09413893FF1FF092FF1F72
:1070C000000038408090FF1F24FB02007091FF1FDA
:1070D0001F85EB513CFA0200000070420000614540
:1070E0003093FF1FD8FA02005E93FF1F88FA020058
:1070F0004F93FF1FD897FF1FF8FA0200F897FF1F62
:10710000B549ABA3D3E90023D1E90001ACE7B24B09
:10711000B6E7242006F04CFE054617F0F1FB0446C6
:10712000681C17F0EDFBE4B260F30F24AB49AC48E8
:1071300022B29BE6AB49AC4B0022D1E94E011EF0D6
:1071400033FF1BF0B9FD1FF0DFF9A84902468CE6BA
:10715000A44BA749D3F8402187E6A24BA549D3F811
:107160002C2182E69F4BA349D3F828217DE6A24833
:107170000BF020F89D49024677E62A20CAE728202E
:10718000C8E72620C6E79C480BF016F89749024648
:107190006BE6944E96F87C36002B00F09684974B65
:1071A000D3E9020184A3D3E900231EF0FDFE2AAD3A
:1071B00002460B46284631460AF060F994F84531FC
:1071C000522B40F0938472B68D4B186862B68D4B8B
:1071D000984205DDA0F50300A0F556409842F9DC81
:1071E0001FF0E4FA88491FF0E9FB88491FF032FBE1
:1071F0001EF082FE72A3D3E900231EF0D5FE0246E4
:107200000B46284611F094FD6FA3D3E900231EF02E
:10721000CBFE0F460646CDE91E67714D94F85E2100
:107220001EA988E66F4991F87C362AA8002B00F049
:1072300048840AF099F92AA812F092F964A3D3E9D4
:1072400000231EF0B1FE12F087FF02460B462AA86B
:10725000CDE9182312F080F95DA3D3E900231EF0D5
:10726000A3FE94F845315E4D412BCDE91E0100F09F
:107270006584DDE9180112F055FF94F85E41009431
:10728000CDE918010122002318A9284612F0D4FDE7
:1072900031E4534D94F85E0100900123002600274D
:1072A0001A462AA92846CDE92A6712F0C5FD22E42C
:1072B0004C4B4A49D3F86428D7E54A4B4749D3F8A1
:1072C000DC27D2E5474B454993F86028CDE5454B8F
:1072D000424993F8D827C8E5424B632DD3E9A20170
:1072E000D3E9A467D3E9A62304D0702D00F063840A
:1072F000104619461FF050F945491FF0ABFA4549B1
:107300001FF0A8FA1EF0F8FD02460B463448424929
:1073100021F096FBFFF7CABB324C94F83223002AC7
:1073200000F03C84354924A3D3E90023D1E90201CC
:107330001EF03AFE7A2D06460F4600F04A84772D5D
:1073400000F05D8401230246009304F5A4700B460F
:1073500015F032F9024601F10043214C104619465E
:107360000123CDE92A01009300222AA9204612F028
:1073700063FDFFF7C0B994F84631522B00F0098441
:10738000442B7EF4F9AF254B1B6814495A6A6CE50F
:1073900094F84631522B00F0FF83442B7EF4ECAF7F
:1073A0001E4B1B681E491A685FE500BFAFF30080E3
:1073B00000002078C62D0941000000A046DF913F63
:1073C0000000004052C1D03F000000A0C88E0E4017
:1073D00000000020DCA54C40E897FF1FD8FA02000F
:1073E0008090FF1F3893FF1F0000244034FB0200F1
:1073F0008CFA020074FA02006094FF1FF092FF1FE3
:107400007091FF1F00D6830000D6034B0000C041DF
:10741000E12E654200006145F8FA02002487FF1F53
:1074200024FB020094F84631522B00F0A283442B37
:107430007EF4A2AFA74B1B68A7495A6915E594F8DB
:107440004631522B00F09783442B7EF495AFA14B2D
:107450001B68A1495A7C08E594F84631522B00F08C
:107460009483442B7EF488AF9A4B1B689A49DA7B4D
:10747000FBE494F84631522B00F08183442B7EF4D8
:107480007BAF944B1B6895499A6AEEE494F84631B9
:10749000522B00F07883442B7EF46EAF8D4B1B682B
:1074A00093F92C20012A00F08E83002274E494F8D2
:1074B0004631522B00F06183442B7EF45DAF854B47
:1074C0001B688549DA69D0E494F84631522B00F004
:1074D0005E83442B7EF450AF7E4B1B687E495A7B03
:1074E000C3E494F84631522B00F04B83442B7EF4D6
:1074F00043AF784B1B6878499A68B6E494F84631F4
:10750000442B00F02A83522B7EF436AF744B93F950
:107510006826012A00F07F8300226F49A5E4714BA1
:1075200000229A6043B0BDE8F04FFAF767BD6D4B9B
:107530006D499A6899E46B4B00225A60F2E7694BF7
:1075400069495A6891E494F84631522B00F003835C
:10755000442B7EF411AF5F4B5B685F495A7A84E439
:1075600094F84631522B00F0F482442B7EF404AFA1
:10757000584B59685D4B0022D1E900011EF014FD03
:107580001EF0EAFF5A4902466FE4554B524993F800
:107590007D266AE4574B5849584DD3E90023002013
:1075A0001EF04AFBCDE90E010EAA92E803002AABB9
:1075B000534A83E803000DF1A7060DF1AF0016F85A
:1075C000013F190903F00F030235515CD35C85F8C4
:1075D0006E10B04285F86F30F1D12323A4F88030CB
:1075E000FFF764BA3E4B4049D3F824253DE4454BB0
:1075F000454CD3E90001A8E4444B53E902011BF0D8
:107600005BFB1EF081FF384902462EE4404B3E4CA6
:1076100053E902011EF0C0FF23460122022117F0A8
:107620003FFBFFF768B82E4B2F49D3F820251CE409
:10763000384B324D324A53E90201CDE90E010EAE0C
:1076400096E803002AAB83E803000DF1AF060DF1C5
:10765000A70111F8013F180903F00F030235105C70
:10766000D35C85F86E008E4285F86F30F1D1B4E7B7
:107670001A2006F09DFB054617F042F90446681CE7
:1076800017F03EF9E4B260F30F2414491E48A2B289
:10769000FFF7ECBB1C2062E41F4B204953E9022397
:1076A000E7E41F4B1D49D3E90023E2E472B60C4C1A
:1076B00004F5016353E902011EF026FFD4F80058D7
:1076C000401BC4F8100862B60749D4F81028FFF729
:1076D000CCBB00BF2487FF1F20FB0200D8FA0200AA
:1076E0003893FF1F7091FF1F34FB020000005940C8
:1076F00024FB02004898FF1F0000F03F1090FF1F7E
:107700004CFB0200A898FF1F8090FF1FE89AFF1F04
:107710002899FF1F5898FF1F689BFF1F2CFB020032
:10772000D89AFF1F72B69E4C04F5F063D3E90001AE
:107730001EF0EAFED4F87857401BC4F8880762B6FA
:107740009849D4F88827FFF790BB72B6964B53E957
:10775000020162B61EF0D8FE92490246FFF785BBD1
:1077600072B6924BD3E9000162B61EF0CDFE8D4990
:107770000246FFF77ABB72B6894BD3F8002862B68F
:107780008849FFF772BB72B6854BD3F8782762B68B
:107790008449FFF76ABB864B864953E9022368E4B4
:1077A0007F4B03F5BA62D2E9004593F8C91549B297
:1077B000002906DC93F8C9351B0600F13582002448
:1077C00000257D497D4822462B4653E47C4B794970
:1077D000D3E900234DE47B4B7749D3E9002348E408
:1077E000784B754953E9022343E4774B7249D3E957
:1077F00000233EE4754B704953E9022339E4744B8E
:107800006D4953E9022334E4694B6B49D3E9002302
:107810002FE46F4B6849D3E900232AE46D4B664996
:1078200053E9022325E46C4A6C49644821F008F9C5
:10783000FFF73CB91E9865E5594C94F86034002B6D
:1078400000F0EF81013B04F110020A94DBB24CA777
:10785000D7E900674CA5D5E900450FF23419D9E9FD
:107860000089002102EB03130D910C930B910A9BED
:10787000D3E9F6BA07E05846514622462B461EF099
:10788000DBF983468A465846514632463B461EF04F
:107890001BFE0028EFD107E05846514622462B46F2
:1078A0001EF0CCF983468A465846514642464B461E
:1078B0001EF0ECFD0028EFD158465146002200236F
:1078C0001EF0E4FD08B10AF1004A33A3D3E9002316
:1078D000584651461EF0DAFD002800F0DC800B9B74
:1078E00001330B930A9B0C9A10339A420A93BED130
:1078F0003B490D9B0B9A314821F0A2F8FFF7D6B80F
:10790000274BD3F89404FDE41898FBE41698F9E4A7
:107910001598F7E41498F5E41398F3E41298F1E459
:107920001198EFE41098EDE41D4B2E4993F8602474
:10793000224821F085F8FFF7B9B8194B93F8703455
:1079400013F0010F14BF43202D2013F0020F84F811
:10795000700014BF50202D2013F0040F4FF02301AE
:107960004FF0000214BF49232D2384F8710084F8DE
:10797000723084F8731084F87420FFF797B800BF52
:1079800000000060FB21094000000060FB2119405D
:1079900000000060FB2109C0000000C0E21DF93FAB
:1079A0003893FF1F34FB0200489BFF1FB89AFF1F4C
:1079B000F89AFF1F2CFB0200F8FA02008090FF1FCC
:1079C000789BFF1FF898FF1F589BFF1FD89AFF1F37
:1079D000889BFF1F089BFF1FB797FF1F88FA0200B5
:1079E00018FB0200D8FA020094F846312C2B7FF4E1
:1079F000BDA994F84751313DEDB2082D3FF6B6A927
:107A000094F84831002B7FF4B1A98F4C94F860347E
:107A1000AB427FF6ABA904EB0518D8E9D00184A3EB
:107A2000D3E900231EF0C0FA81A3D3E90023064660
:107A30000F46D8E9F6011EF0B7FACDE904017CA3A0
:107A4000D3E90023D8E9F4011EF0AEFACDE9020132
:107A500077A3D3E90023D8E9D2011EF0A5FA324674
:107A6000CDE900013B467949794820F0E9FFFFF76D
:107A70001DB8754B93F81431002B3FF485A9FFF71F
:107A80000FB872B6704DD5F800081EF023FA05F550
:107A9000E665FFF71FB868A3D3E9002358465146AF
:107AA0001EF012FD00283FF41DAF0D9B01330D9316
:107AB00018E7204629461EF0C1F8CDE91E01FFF760
:107AC000C9B909F02FFDFFF7B6BB62495CA3D3E942
:107AD0000023D1E902011EF067FA2AAD02460B46E7
:107AE0002846314609F0A4FCFFF768BB284611F090
:107AF00011F94FA3D3E900231EF056FA544D94F820
:107B00005E410094CDE91E01002201231EA92846F2
:107B100012F092F9FEF7EFBF4F4D504AEB684C4818
:107B2000642101FB03F382FB0312DB174C49C3EB17
:107B3000223220F085FFEC60FEF7B8BF94F85E01BA
:107B4000009000221EA90123284612F075F9FEF7C5
:107B5000D2BF444B0DE5434BFEE43B4B93F9282643
:107B6000012A7FF4D9ACD3F82C0613F079FE024633
:107B7000D3E43C4B5FE43B4B6AE43A4BA0E4394B23
:107B800080E4384BB6E4374B89E4364B6DE4354B33
:107B9000A3E4344BFFF7F8BB324B02E42C4C012337
:107BA000002600272AA900932046CDE92A6712F073
:107BB00043F9FEF7A0BD304639461EF0EDFC00F15A
:107BC0000040FFF799BB186B13F074FD0246FFF7F6
:107BD000E3B800230246009304F5A4700B4614F0AA
:107BE000EBFC04460D46304639461AF06BFC224643
:107BF0002B461EF0D9F902460B46FFF7AEBB022317
:107C00000246009304F5A4700B4614F0D5FC02461E
:107C10000B46FFF7A2BBD3F86C0613F021FE024619
:107C20007BE40D930B9363E605F100410D46C8E537
:107C300000000020DCA54C40000000001426F93FA5
:107C4000000000A046DF913F3893FF1FFCFA0200BE
:107C50008090FF1FF092FF1F0090FF1F8D512C6935
:107C60003CFB02006087FF1F08B516F013FEBDE85D
:107C7000084016F00FBE00BF2DE9F0433D4C94F8CC
:107C80004331313BCDB0462B4DD8DFE813F05100E6
:107C900051004C004C004C004C004C004C004C007F
:107CA0004C004C004C004C004C0079009102B50295
:107CB0004C004C004C004C00F1024C004C004C00BD
:107CC0004C004C004C004C004C004C0047004C0059
:107CD0004C0069014C00F5014C004C004C004C007C
:107CE0004C004C004C004C004C004C004C009103EC
:107CF0004C004C004C00D8034C0000034C004C00DE
:107D00004C004C004C004C0050034C004C004C000C
:107D10004C005D034C004C004C00660394F8443169
:107D2000002B00F095834DB0BDE8F043FAF79EB903
:107D3000114F3EA9384620F01BFC3E9BBB42064635
:107D40000D4600F0E483002200231EF095FB00287E
:107D500000F0B68394F843310848312B4FF000020D
:107D60004FF0000300F0DF830AF0EEFDFAF73EF972
:107D7000F3E000BF1090FF1F5491FF1F3893FF1FC7
:107D80000025B1498DF83E5008221AA821F038F894
:107D9000AE498DF8705009221DA821F031F894F8F1
:107DA0005E218DF87D501AA912A811F069FE0028F5
:107DB00000F0D08094F85E3101221DA914A811F0C2
:107DC0009DFE002800F0C68072B6A14B186862B60E
:107DD000A04B984205DDA0F50300A0F5564098425F
:107DE000F9DC1EF0E3FC9C499C4E1EF0E7FD9C492B
:107DF0001EF030FD1EF080F89A4B00221EF0D4F8E1
:107E0000984B04460D460022DDE912011EF0CCF825
:107E100002460B46204629461DF00EFF12F07CF963
:107E200085A3D3E900231EF0BFF883A3D3E9002381
:107E3000CDE90201DDE914011EF0B6F80022CDE91A
:107E40000001002326A810F083FE87497AA3D3E916
:107E50000023D1E902011EF0A7F820AC8046894634
:107E600020A8314608F018FC0FCC6D460FC594E8E9
:107E7000030042464B4685E8030026A93EA810F0C1
:107E8000B7FE3EA811F068FB0446D6F828010D465F
:107E90001EF08CFC75491EF0DDFC1EF02DF802462C
:107EA0000B46204629461EF0F1FA002852D1D6F89A
:107EB0002C011EF07BFC6D491EF0CCFC00211EF055
:107EC00067FE0446002845D106F5227306F5D872F0
:107ED0003EA9009032A811F0B3F932A811F0A0FC2D
:107EE00057A3D3E900231EF05FF802460B4632A8E1
:107EF000CDE9162311F090FC51A3D3E900231EF025
:107F000053F802460B463046CDE918230CF0B6F87C
:107F100001230DF13E0111AA039310AB0546029116
:107F20000192009304940DF13F0318AA16A930465C
:107F30008DF83F5009F048FB002800F0FF829DF8C3
:107F40003E30012B00F02683022B06D1484B5722EE
:107F50001A8002E0464B21221A804DB0BDE8F08322
:107F600072B63B4B186862B63A4B984205DDA0F5F5
:107F70000300A0F556409842F9DC1EF017FC364984
:107F80003C4E1EF01BFD36491EF064FC1DF0B4FF94
:107F9000344B00221EF008F8D6E900231DF04CFEF9
:107FA00012F0BAF824A3D3E900231DF0FDFFCDE9B8
:107FB000020121A3D3E9002356E902011DF0F4FFD9
:107FC0003EADCDE9000100220023284610F0C0FD9F
:107FD000A6F59C600CF052F8234B0746D3E902014A
:107FE00015A3D3E900231DF0DFFFCDE90C010A97AB
:107FF0000DF5807EBEE80F00EC46ACE80F00BEE851
:108000000F00ACE80F009EE803008CE80300A6F523
:108010009C6095E80C0009F013FC0546002800F070
:108020005F823035002384F8705084F871304DB091
:10803000BDE8F083AFF30080000000A046DF913F71
:1080400000000020DCA54C405491FF1F5C91FF1FF5
:108050007091FF1F00D6830000D6034B3893FF1F9B
:108060000000C04100002E40F092FF1F35FA8E3C08
:108070008090FF1F1898FF1FBF48DFF800830BF0A8
:10808000FDFF07460E2005F093FE064616F038FC6D
:10809000002560F30705701C16F032FC60F30F2515
:1080A000B01C16F02DFC0346F01C63F3174516F0C8
:1080B00027FC60F31F6528461DF01EFFC8E900017C
:1080C000122005F075FE064616F01AFC002560F336
:1080D0000705701C16F014FC60F30F25B01C16F099
:1080E0000FFC60F31745F01C16F00AFC60F31F65E7
:1080F00028461DF001FF48E9020172B6A04B18683E
:1081000062B6A04B984205DDA0F50300A0F55640ED
:108110009842F9DC1EF04AFB9B491EF04FFC9B493C
:108120001EF098FB1DF0E8FE994B00221DF03CFF6D
:10813000D8E900231DF080FD11F0EEFF8CA3D3E9F8
:1081400000231DF031FFCDE9020189A3D3E900230B
:1081500058E902011DF028FF3EADCDE900010022E3
:108160000023284610F0F4FC8A4981A3D3E90023B8
:10817000D1E902011DF018FFCDE90C010A970DF5B8
:10818000807EBEE80F00EC46ACE80F00BEE80F00B2
:10819000ACE80F009EE803008CE80300764895E801
:1081A0000C0009F04DFB054600287FF43AAF42E190
:1081B000714C20460BF050FF002840F0448194F8A9
:1081C000483503F0FF05002B40F03D810A22294687
:1081D000714820F07BFA1DF07DFE704B00221EF0EE
:1081E0000DF804F5A86646E90201F9F7FFFE012340
:1081F000E57084F83135B0E6694D01210491D5E987
:1082000000015BA3D3E900231DF0CEFECDE90201FE
:1082100057A3D3E9002355E902011DF0C5FE3EAE88
:10822000CDE9000100220023304610F055FFA5F5EE
:108230009A600BF023FF0DF5807E0C90BEE80F00D6
:10824000EC46ACE80F00BEE80F00ACE80F009EE87B
:108250000F008CE80F00A5F59A6096E80C0009F075
:108260004BFA0023303084F8700084F8713074E6E3
:108270004148837D012B7FF470AE09F029FB002279
:1082800000F1300384F8703084F8712065E64548C9
:108290003EA911F013FF002846D03E9B47F22F5213
:1082A000013B934240D8344D28460BF0D5FE0028C0
:1082B0003AD195F8F834BBBB95F84835032B00F05C
:1082C000638194F84431652B00F03C81772B00F0FA
:1082D00039816E2B01D0732B26D127480CF0CAFAB6
:1082E000314B32480022C0E90023A0F5B8600BF002
:1082F000C5FE012894F8443100F058816E2B00F03F
:108300005A81732B00F04E8116F04EFF3E9BC5F84C
:10831000B4054FF47A7202FB03F3C5F8B03572B6B8
:10832000012385F8483562B6F9F7A0FE15E6124834
:108330000BF0A4FE01280CD90F48032201214DB0F7
:10834000BDE8F0430AF0F2BA0B480BF097FE0128A3
:10835000F2D9094803220021F1E70748032200214E
:108360004DB0BDE8F0430AF087BA00BFAFF300801C
:10837000000000A046DF913F3893FF1F1898FF1FB1
:108380007091FF1F00D6830000D6034B0000C04150
:1083900000002E40F092FF1F5491FF1F00004E403E
:1083A0000898FF1F5591FF1F0000F03FF898FF1F2E
:1083B0008549864820F028FE00287FF4B4AC94F864
:1083C0004831002B7FF4AFAC81480BF06BFE0028E6
:1083D0007FF4A9AC7F4D7AA3D3E90023D5E902014C
:1083E0001DF0E2FD3EAF02460B463846784909F0E3
:1083F0001FF877480BF042FE71A3D3E900238046B3
:10840000D5E902011DF0D0FDCDE90C01CDF82880A1
:1084100040AE0FCE6D460FC50FCE0FC596E80300D8
:1084200085E803006A4897E80C0009F009FA054658
:1084300000287FF4F6AD66480CF0C2FFF1E5644811
:10844000032201218CE74DB0BDE8F043F9F7E4BD0C
:108450005F480BF027FE00287FF465AC5D4D58A304
:10846000D3E90023D5E902011DF09EFD0DF1F808C6
:1084700002460B464046564908F0DAFF54480BF0D6
:10848000FDFD4FA3D3E900230746D5E902011DF006
:108490008BFDCDE90C010A9740AE0FCE6D460FC59E
:1084A0000FCE0FC596E8030085E80300484898E81A
:1084B0000C0009F0C5F9054600287FF4B2ADBAE713
:1084C000DFF80C8108F5AE61D1E90001324625F0F4
:1084D00000431DF0DBFF40B1682327F8D43C3CE5A6
:1084E000A6F59C600CF06CFF9BE540460BF0B4FDDC
:1084F000E0B998F8F834EBB998F848355BB198F8DA
:108500004835042B07D0672327F8D43C25E569229A
:1085100023F8D42C21E594F843312D48312B3246F1
:108520002B467FF421AC0AF0B5F91FE4732327F83A
:10853000D43C12E5652327F8D43C0EE5264B3F22B8
:108540001A800AE522480CF095F994F84431234A40
:1085500023490020652BC2E900011FD0772B04BFFF
:10856000022385F8993516F01FFE3E9BC5F8840559
:108570004FF47A7202FB03F3C5F8803572B601231B
:1085800085F8483562B6CFE695F84835022B7FF47A
:1085900098AEC9E6104B45221A80DEE4FE2385F82A
:1085A0009935E0E7022385F8C935ADE66E2BF9D0A1
:1085B000732B7FF4A9AEFE2385F8C935A4E600BF6E
:1085C000000000A046DF913FA4FB02005391FF1F73
:1085D0003893FF1FF092FF1F8090FF1FC898FF1F66
:1085E0000000F03F08B516F055F9BDE8084016F058
:1085F00051B900BF10B5284B93F843314BB3653BDD
:10860000DAB2122A0DD8122B0BD8DFE803F0130AC6
:108610000A0A0A0A0A0A0A0E0A0A0A0A0E0A0A0AB2
:108620001300BDE81040F9F721BD1C480BF00AFD0E
:1086300000B310BD19480BF005FD0028F9D117480B
:108640000BF00AFD0028F4D1BDE8104013480AF0F1
:1086500051B9124C204684F831350BF0F3FC002858
:10866000E7D120460BF0F8FC70B12046BDE8104081
:108670000BF020BD09480BF0EFFC0028D9D1BDE874
:10868000104006480AF090B920460AF033F9204617
:10869000BDE810400AF088B91090FF1F3893FF1F03
:1086A00008B516F0F7F8BDE8084016F0F3B800BFBB
:1086B00038B51E4B93F84331303B232B13D8DFE8FA
:1086C00003F01616161616121212121212121212A7
:1086D0001212121212331212122F1212121212311D
:1086E00012121212121DBDE83840F9F7BFBC1C4629
:1086F0000F4D28460BF0B6FC38B138BD0C4D28465E
:1087000003240BF0AFFC0028F7D1E3B285F87935EC
:1087100095F8791502462846BDE838400BF0D8BFD9
:108720000024E5E70224E3E70124E1E71090FF1FBE
:108730003893FF1F08B516F0ADF8BDE8084016F0F5
:10874000A9B800BFFFFFFFFF2DE9F04F87B016F07B
:1087500057FC002104460EF067F90021064620462A
:108760000EF0F4F80021054620460EF047F96B1E86
:10877000012B98BF06F1FF368046304698BF0C3576
:108780001EF014F8D64906461EF018F91AF0DEFA63
:10879000D449074630461EF011F91AF0D7FAD249EB
:1087A000034630461E461EF055F81AF0CFFA8146B1
:1087B00028461DF0FBFF4FF07E511DF043FFCB49D3
:1087C0001EF048F81AF0C2FA394605464FF08040CC
:1087D0001DF036FF31461DF035FF1DF08DFB0646BE
:1087E00048460F461DF088FB02460B463046394688
:1087F0001DF024FA064628460F461DF07DFB024672
:108800000B46304639461DF019FA064640460F46DB
:108810001DF060FB02460B46304639461DF00EFA4D
:1088200099A3D3E900231DF009FA82468B4620461E
:1088300000210EF0CDF80021064620460EF09CF8EF
:108840001DF0B4FFAA491EF0B9F8054630461DF0E8
:10885000ADFF014628461DF0F5FE002103462046E7
:108860001C460EF09FF81DF0A1FFA2491EF0A6F8CD
:1088700021461DF0E7FE1DF03FFB9F4BCDE90001B7
:108880000022504659461DF0D9F91AF091F980A3FB
:10889000D3E9002304460D461DF016FE58B37EA30F
:1088A000D3E90023204629461DF0C6F97CA3D3E96D
:1088B00000231DF0A3FC1DF027FE1DF00BFB8F4BCA
:1088C000002206460F461DF06FFB1AF071F90246B2
:1088D0000B462046294614461D460022884B1DF0B3
:1088E000ADF932463B461DF0A9F922462B461DF054
:1088F000A3F904460D466CA3D3E90023204629467C
:108900001DF09CF96AA3D3E9002304460D461DF02F
:1089100093F969A3D3E900231DF070FC1AF048F91C
:1089200002460B46CDE9022363A3D3E900231DF0E1
:108930003BFB1AF03DF902460B46204629461DF046
:108940007BF95FA3D3E90023804689461DF056FCDE
:108950001AF02EF95AA3D3E9002304460D461DF060
:1089600023FB1AF025F9002206460F460023404655
:1089700049461DF063F932463B461DF05DF91AF099
:1089800017F91DF0C1FD5F4B06460022204629461F
:108990001DF07CFD002800F01482594B2046002277
:1089A00029461DF049F91DF0AFFD044620461DF093
:1089B000FDFE554980461EF009F9002800F0F681B9
:1089C00041A3D3E90023DDE902011DF035F91DF0D3
:1089D0009BFD0546631E012B05D804F10C001DF01C
:1089E000E5FE013D804628461DF0E0FE3C49044678
:1089F0001DF0E4FF1AF0AAF93A49074620461DF097
:108A0000DDFF1AF0A3F93849054620461DF022FF84
:108A10001AF09CF94FF07E51044640461DF012FEBC
:108A200032491DF017FF1AF091F903465946504696
:108A3000059327A3D3E900231DF0FEF8334B8046AE
:108A400089460022DDE900011DF0D8FB02460B46F5
:108A5000404649461DF0F2F81FA3D3E900238246A1
:108A60008B461DF0CBFB02460B464FF0804039464B
:108A7000CDE902231DF0E4FD29461DF0E3FD1DF0C4
:108A80003BFA804644E000BF00000080A2423A4129
:108A9000000000008C8A414100000040D07D3C4134
:108AA0000000000088D5E1400000000000D09740A1
:108AB0000000006066865E400000000000D4764042
:108AC00000000020A0993E4000000000006CB24071
:108AD000000000802CB4424100000000A0D5E1401D
:108AE0000000C8420000C84300A0B64301CDF441D5
:108AF00000007042000061450000E03F0000D03FF0
:108B00000000F03F00002B400000204000003840F3
:108B1000204689461DF0F0F902460B46404649467C
:108B20001DF08CF8044605980D461DF0E5F9024647
:108B30000B46204629461DF081F8044630460D4676
:108B40001DF0C8F902460B46204629461DF076F86E
:108B5000A1A3D3E900231DF071F8A1A3D3E9002359
:108B60001DF06AF8A0A3D3E900231DF01DFAA0A30D
:108B7000D3E900231DF062F8B74B002280468946F6
:108B80001DF098FC78B1B44D002422462B46404697
:108B900049461DF051F822462B46804689461DF075
:108BA00089FC0028F1D100220023404649461DF0EF
:108BB0006DFC88B1A84F0026002400254046494698
:108BC00032463B461DF03AF822462B4680468946FF
:108BD0001DF05CFC0028F1D187A3D3E90023DDE977
:108BE00000011DF0E1F942464B461DF027F8DDE992
:108BF000026783A3D3E9002304460D463046394675
:108C00001DF0D2F932463B461DF0CEF902460B4626
:108C1000204629461DF012F88F4B002280468946D7
:108C20001DF048FC78B18C4D002422462B4640466E
:108C300049461DF001F822462B46804689461DF024
:108C400039FC0028F1D100220023404649461DF09E
:108C50001DFC88B1804F00260024002532463B468B
:108C6000404649461CF0EAFF22462B46804689468C
:108C70001DF00CFC0028F1D163A3D3E9002350467A
:108C800059461DF091F902460B4661A1D1E9000158
:108C90001CF0D2FF60A3D3E900231DF0AFFA19F056
:108CA0009DFC5FA3D3E9002304460D465046594678
:108CB0001DF07AF95CA3D3E900231CF0BFFF024644
:108CC0000B461CF0BBFF54A3D3E900231DF096FA1A
:108CD00019F084FC56A3D3E9002306460F465046FC
:108CE00059461DF061F902460B4653A1D1E9000136
:108CF0001CF0A2FF48A3D3E900231DF07FFA19F06E
:108D0000E1FB4FA3D3E9002382468B462046294648
:108D10001DF04AF94CA3D3E9002304460D46304622
:108D200039461DF041F902460B46204629461CF003
:108D300083FF52465B461DF037F942464B461CF016
:108D40007DFF454B0022804689461DF0B3FB78B17C
:108D5000414D002422462B46404649461CF06CFFFC
:108D600022462B46804689461DF0A4FB0028F1D1FF
:108D700000220023404649461DF088FB88B1364F4B
:108D800000260024002532463B46404649461CF05A
:108D900055FF22462B46804689461DF077FB00286A
:108DA000F1D14046494607B0BDE8F08F28A3D3E98A
:108DB0000023DDE902011CF03FFF1DF0A5FB054685
:108DC00008E6264B2046002229461CF035FF1DF000
:108DD0009BFB0446EAE500BF00000080A2423A4146
:108DE000000000802CB44241000000E05BD2B03FA4
:108DF000000000801CCA1A40000000E0360BF03F63
:108E0000000000605243FB3E00000060C91CAB3F05
:108E1000000000608F425F4000000020DCA54C4055
:108E2000000000E0718AEF3F00000020858771405C
:108E3000000000A0F2D79A3E000000007670374094
:108E4000000000A0EEE734BF00000080732AF93E66
:108E500000000000006BB2400000384000002A40D3
:108E600008B515F017FDBDE8084015F013BD00BFAB
:108E70002DE9F04FA04C94F84351A5F1210393B094
:108E8000592B5BD8DFE813F0CE005A005A005A0085
:108E90005A005A005A005A005A005A005A005A0002
:108EA0005A005A005A005A005A005A005A005A00F2
:108EB0005A005A005A005A005A005A005A005A00E2
:108EC0005A005A005A005A005A00B500A7005A002A
:108ED0005A005A0089005A005A005A005A004E029D
:108EE0005F005F005F005A005A005A005A001E02DD
:108EF0006C015A005A0067015A005A005A005A0081
:108F00005A005A005A005A005F015A005A00520192
:108F100046015A00EE023B045A005A005A005A0019
:108F2000EE03E0000E015A005A005D045A001804D6
:108F30005A005A005A005A005A00350413B0BDE8CE
:108F4000F04FF9F793B894F84461002EF6D06B48CF
:108F500020F036FA0E2871D8A5F14D04DFF89C8177
:108F600004EB440404EBC40400251534C14601E0BD
:108F700018F8016F6719384615F0C2FCB04205F1C8
:108F800001053146384601D015F0D4FC484620F0A2
:108F900017FA8542ECDD012051E0584E06A9304613
:108FA0001FF0E6FA069BB34204460D4600F06484C7
:108FB000534B00221DF07EFA40B1524B0022204656
:108FC00029461DF06DFA002840F01486F9F742F8A2
:108FD00013B0BDE8F08F494B05AA04A903A810F00F
:108FE000F5FF8346002840F010855846F9F732F81F
:108FF000EEE794F84451303D092D94BF0127002736
:109000000ED80378012B00F0A785312016F0B0FBB5
:10901000142016F0E9F854F825103B4814F0C2FF6C
:1090200038460CE094F84441A4F13103032B05D8F1
:10903000364D95F83560002E00F0C085002013B045
:10904000BDE8F04FF9F706B894F844010028F6D0CF
:109050002A4820F0B5F9421C0F2AEFD8DFF8B0906B
:109060002649484615F094FC19F81A7C07EB470787
:1090700007EBC70709F1FF3800261537BC19204652
:1090800015F03EFC18F8015F854206F101062946FD
:10909000204601D015F04EFC484620F091F986425A
:1090A000ECDD78E794F8444134B1144820F088F9B5
:1090B00002288CBF00240124104806A910F0FEFFEE
:1090C000002883D0069BA3F13C021F2A00F2D48320
:1090D00084B10E4D2220C5F82C3104F069FE95F8BC
:1090E0002C61054615F00CFC864203D0314628461B
:1090F00015F020FC204669E71090FF1F5491FF1FD8
:10910000000028C000002840A487FF1F3893FF1FDD
:109110000A93FF1F7A4806A910F0D0FF05460028E1
:1091200040F0F4832846F8F795FF51E794F844316E
:109130004C2B00F0C58394F85E31714971480122CF
:1091400010F0DCFC7BE794F85E316D496E4801223B
:1091500010F0D4FC73E713B0BDE8F04F01F0A8B9EC
:109160006A4BD3E902015EA3D3E900231CF01CFF84
:1091700002460B4606A8664908F05AF972B6654BD6
:10918000186862B6644B984205DDA0F50300A0F5AF
:1091900056409842F9DC1DF009FB60491DF00EFCB9
:1091A0005F491DF057FB1CF0A7FE4FA3D3E9002336
:1091B0001CF0FAFE02460B4606A80FF0B9FD044665
:1091C00006A80D460FF0A6FD49A3D3E900231CF025
:1091D000EBFE06460E200F4604F0EAFD0346294644
:1091E00020461D4644A3D3E900231CF0DDFE1DF0FC
:1091F000D3F95FFA80F80446284615F081FB8045D4
:1092000003D04146284615F095FB05F10109484673
:1092100015F076FBC4F30728804503D04146484645
:1092200015F088FB05F10209484615F069FBC4F307
:109230000748804503D04146484615F07BFB03357F
:10924000284615F05DFB240E844203D021462846B3
:1092500015F070FB122004F0ABFD39460546304690
:109260001DF09AF90446284615F04AFBE6B28642FC
:1092700003D03146284615F05DFB6F1C384615F0CB
:109280003FFBC4F30726864203D03146384615F02B
:1092900051FBAF1C384615F033FBC4F3074686423A
:1092A00003D03146384615F045FB0335284615F006
:1092B00027FB240E844203D02146284615F03AFBB2
:1092C000012083E6124D28460AF0C6FE0446002817
:1092D00000F0628300242046B1E600BFAFF30080B7
:1092E000000000A046DF913F0000004052C1D03F87
:1092F00000000020DCA54C40000000A0C88E0E40FD
:109300005491FF1F1098FF1F0098FF1FF092FF1F3E
:109310003893FF1F7091FF1F00D6830000D6034BC8
:109320000000C041C64B00930122019205AB04AA84
:1093300003A902A810F0DAFA834600283FF455AEDC
:109340000DF0CEFC04460DF0B3FC05460DF098FC84
:10935000029B8DF81A300246BA4B8DF81C20039AF6
:109360008DF81920059A8DF81D508DF81820DD6AAA
:10937000DFF8D4A2D3E904234E3406A8CAE90E23A9
:109380008DF81E400DF068FB044628460D46AF4997
:109390001DF060FA1DF03AFC041945EBE07520461B
:1093A00015F034FE204629460DF0B4FCFFF7CCF949
:1093B000A74B04460D460022DAE90E011CF01EFF01
:1093C00002460B46204629461CF036FCA14B0022E3
:1093D00004460D461DF06EF878B19E4F00262046DB
:1093E000294632463B461CF027FC32463B460446A3
:1093F0000D461DF05FF80028F1D100220023204621
:1094000029461DF043F898B1924F00264FF000080E
:109410004FF000092046294632463B461CF00EFC20
:1094200042464B4604460D461DF030F80028F1D167
:10943000884B2046294600221CF0E0FE7EA3D3E99B
:1094400000231CF0B1FD1DF05FF872B6CAF80000F1
:1094500062B672B6DAF80020DAF80030CAE90423FE
:1094600062B6C2E57C480AF0F5FD002800F03D83B5
:1094700094F84451002200232D2DCDE9062300F05D
:109480005383A5F12B05B5FA85F56D0905F2491051
:1094900005F5A27620441FF093FF012840F2F181E8
:1094A000254495F84A31A3F13A03B3FA83F35B09F3
:1094B0000022A11906A810F021FB8346002800F025
:1094C000B98094F844312D2B00F08B83DDE90654EC
:1094D000624B2846214600221CF0D8FF002840F0AD
:1094E0007E835F4B574E2846214600221CF0ECFF3E
:1094F00000283ED12A46234621463478C6E9042373
:1095000028461DF049F804EB440404EBC40404F1BC
:109510000E08C7B20546404615F0F2F9874203D05F
:109520003946404615F006FA04F10F08404615F09A
:10953000E7F9C5F30727874203D03946404615F0BF
:10954000F9F904F11008404615F0DAF9C5F30747B8
:10955000874203D03946404615F0ECF911342046D5
:1095600015F0CEF92D0E854203D02946204615F080
:10957000E1F9D6E90423DFF8D0A0CAE90E23FFF70A
:10958000E3F8334B04460D460022DAE90E011CF0E5
:1095900035FE02460B46204629461CF04DFB2D4B5E
:1095A000002204460D461CF085FF78B1294F0026A5
:1095B0002046294632463B461CF03EFB32463B469F
:1095C00004460D461CF076FF0028F1D1002200234E
:1095D000204629461CF05AFF98B1DFF878904FF0EA
:1095E0000008002600272046294642464B461CF02C
:1095F00025FB32463B4604460D461CF047FF00283B
:10960000F1D1144B2046294600221CF0F7FD0AA395
:10961000D3E900231CF0C8FC1CF076FF72B6CAF830
:10962000000062B672B6DAF80020DAF80030CAE953
:10963000042362B6584602E500000000C07A60418B
:109640005491FF1FF092FF1F7091FF1F00006145B2
:1096500000002E40000038403893FF1F008076C085
:109660000080764094F84441002C3FF467ACBE483B
:109670001FF0A6FE01283FF661AC4E2C00F0E682FA
:10968000452C00F0EA82572C7FF458ACB7480AF01A
:1096900009FD002840F0F182B5490022D1E902011C
:1096A00000231CF007FF002814BF02220122AF4B49
:1096B000012083F8C024C2E4AC480AF0CBFC0028A7
:1096C00000F01A81AB481FF07BFE012840F2D780E2
:1096D00094F84A31A3F13A03B3FA83F35B09A24940
:1096E000012206A810F00AFA0546002843D12846B0
:1096F000A5E494F85E319C499F48002228E594F83F
:1097000044419948003C18BF01241FF059FE06A9A6
:109710000546954810F0D2FC069B03F11E023C2A38
:109720008CBF002404F001040440032D8CBF0024EE
:1097300004F00104002C40F0E2812046F8F78AFC96
:1097400046E494F844314C2B00F09D808B4D94F806
:109750005E218549284610F093F9044600283FF41D
:10976000BAADD5E90001864B00221CF01DFCC5E90D
:109770000001204663E4DDE90689824B0022404671
:1097800049461CF083FE002859D17F4B00224046F9
:1097900049461CF099FE002851D1754E3478C6E92F
:1097A0000289494640461CF0F7FE04EB440404EBF2
:1097B000C40404F10A095FFA80F80746484615F028
:1097C0009FF8804503D04146484615F0B3F804F1B0
:1097D0000B09484615F094F8C7F30728804503D0D5
:1097E0004146484615F0A6F804F10C09484615F024
:1097F00087F8C7F30748804503D04146484615F02F
:1098000099F80D34204615F07BF83F0E874203D0BF
:109810003946204615F08EF851A3D3E90023D6E946
:1098200002011CF0EBFC8046894618F04BFEC6E9AD
:109830000C014046494618F0D1FEC6E90E0105F07C
:109840002FFC524808F08CFE484806F011FF01201A
:1098500004F0DAFC45480AF0FDFB002840F0F281F4
:1098600042480AF0EFFB00283FF441AF3F4806F0C2
:10987000DFFE2846FFF7E3BB0020FFF7A7BB00236E
:109880002DE7002314E6424806A91EF071FE0022CF
:10989000002306460F461CF00DFE00283FF41AADCB
:1098A0003C4B0022304639461CF0FAFD00283FF4BC
:1098B00011AD324B0124C3E900672046FFF7BFBB5F
:1098C000334806A91EF054FE2E4B002204460D46D6
:1098D0001CF0F0FD00283FF4B2AB2B4B00222046D9
:1098E00029461CF0DDFD00283FF4A9AB234B0120E5
:1098F00043E90245FFF7A3BB1C480AF0A3FB05465A
:1099000000287FF4DFAE2846FFF799BB069EB7B26A
:1099100007F1C80242F2080192B28A4200F24B817A
:10992000134A1478168304EB440404EBC40404F1D2
:109930001208404614F0E4FFF6B2864203D03146E6
:10994000404614F0F7FF1334204614F0D9FF390ACB
:1099500081423FF4E7AB204614F0ECFFFFF7E2BB97
:1099600000000020DCA54C405491FF1F3893FF1FDE
:10997000F092FF1F5991FF1F0898FF1F1898FF1FB3
:1099800000002E40008056C0008056406094FF1FAB
:109990005591FF1F00807640BF4E06A930461EF04D
:1099A000E7FD069BB34280460F463FF494ACBB4BA9
:1099B00000221CF07FFD002800F0BC80B84B404620
:1099C000394600221CF062FD002800F0B380AEA3EF
:1099D000D3E90023404627F000411CF057FD002842
:1099E00040F0B380AF4B0022404639461CF006FCE5
:1099F000A7A3D3E900231CF001FC012405F5A26311
:109A0000C3E900012046FFF71ABBDDE90487039E86
:109A1000DFF894A20DF0ECF805460DF001F90446CC
:109A20000DF016F903468DF81830A04B8DF81A503A
:109A3000D3E904234E3606A8CAE90E238DF819404F
:109A40008DF81D808DF81C708DF81E600DF004F8E7
:109A500005460C4615F0DAFA284621460DF05AF96B
:109A6000FEF772FE924B04460D460022DAE90E0123
:109A70001CF0C4FB02460B46204629461CF0DCF8CD
:109A80008C4B002204460D461CF014FD78B1894F22
:109A900000262046294632463B461CF0CDF8324689
:109AA0003B4604460D461CF005FD0028F1D100227E
:109AB0000023204629461CF0E9FC00283FF4B8ACFE
:109AC0007C4F00264FF000084FF000092046294641
:109AD00032463B461CF0B2F842464B4604460D4621
:109AE0001CF0D4FC0028F1D1A2E473480AF0AAFAD1
:109AF000834600287FF4BCAC5846FFF7A0BA6E4DF1
:109B00002120C5F8283104F053F995F8285106466C
:109B100014F0F6FE85F0800585423FF40EAE29462E
:109B2000304614F007FF08E640F245164FF4A570E2
:109B30000125AFE454A3D3E90023404627F00041B8
:109B40001CF0A4FC00283FF4C6AB0023012485F8D8
:109B50000A352046FFF773BA584D594CDFF8648137
:109B6000DFF864A1312017F087FE142015F03CFBCC
:109B700040F2EE292E6805E0B3F5FA6F3FF650AAE1
:109B800017F0FCFE17F0FAFE237853B198F8003076
:109B9000DB0706D52B68DAF800209B1A0E2B3FF660
:109BA0003FAA2B6822789B1B002AE5D14B45E7D9B9
:109BB0003846FFF744BA0025FFF7B4BA05F59470AC
:109BC00008F00EFD304604F0F3F8A4F13001C9B2FC
:109BD00014F0B0FE012085F8C006FFF730BA334E0E
:109BE000C7E4DDE9065404F100442A462346CDE9E2
:109BF00006236DE4204629461CF0CEFC334904467A
:109C00001CF0D0FF00287FF45BAB314920461CF0EC
:109C1000D3FF00287FF454AB244D2D49EC6220463D
:109C20001CF010FD2B491CF015FE1CF0EFFF2A78EC
:109C300014231B24C1B204FB023014F07BFE01206C
:109C4000FFF7C4B91C4806F00FFD09E61A4B0022C5
:109C5000012083F8C024FFF7F2B917480AF022FA6E
:109C600068B912490022D1E9020100231CF022FC4C
:109C7000002814BF0122022219E5022217E5012261
:109C800015E500BFAFF30080000000A09999B93F2F
:109C9000000000E0360BF03F5491FF1F00003E40F3
:109CA0000080564000004E407091FF1FF092FF1F51
:109CB00000002E40000038403893FF1FF49FFF1F24
:109CC00090A2FF1FB4A2FF1FB8A2FF1F000040C157
:109CD00000004041000020412DE9F0412C4CA4F54A
:109CE000A37882B00546464608F5AB7714F8010F15
:109CF0001EF0BAFDD0B3A742F8D198F85731ABBBEC
:109D00000DF1FF300DF1070722E0A3F14102052A12
:109D100094BFA3F137024FF0FF3296F84811A1F13A
:109D20003003DCB2092C09D9A1F16103052B22D93A
:109D3000A1F14103052B19D8A1F13703511C15D00E
:109D400043EA021300F8013F874206F1020615D0EC
:109D500096F84731A3F13002D1B20929DDD9A3F138
:109D60006102052AD1D8A3F15702D6E7002318468D
:109D700002B0BDE8F081A1F15703DFE702AB13E9C0
:109D80000300012385E80300184602B0BDE8F08116
:109D90005691FF1FFFFFFFFF2DE9F04F87B015F031
:109DA0002FF9002104460CF03FFE00210646204614
:109DB0000CF0CCFD0021054620460CF01FFE6B1E6A
:109DC000012B98BF06F1FF368046304698BF0C3510
:109DD0001CF0ECFCD64906461CF0F0FD18F0B6FF6E
:109DE000D449074630461CF0E9FD18F0AFFFD249D0
:109DF000034630461E461CF02DFD18F0A7FF814695
:109E000028461CF0D3FC4FF07E511CF01BFCCB49C4
:109E10001CF020FD18F09AFF394605464FF08040AF
:109E20001CF00EFC31461CF00DFC1CF065F80646DB
:109E300048460F461CF060F802460B46304639464D
:109E40001BF0FCFE064628460F461CF055F802465D
:109E50000B46304639461BF0F1FE064640460F469B
:109E60001CF038F802460B46304639461BF0E6FE39
:109E700099A3D3E900231BF0E1FE82468B462046DE
:109E800000210CF0A5FD0021064620460CF074FDD3
:109E90001CF08CFCAA491CF091FD054630461CF0D4
:109EA00085FC014628461CF0CDFB002103462046D8
:109EB0001C460CF077FD1CF079FCA2491CF07EFDDD
:109EC00021461CF0BFFB1CF017F89F4BCDE90001A9
:109ED0000022504659461BF0B1FE18F069FE80A3DF
:109EE000D3E9002304460D461CF0EEFA58B37EA3D6
:109EF000D3E90023204629461BF09EFE7CA3D3E92C
:109F000000231CF07BF91CF0FFFA1BF0E3FF8F4BE2
:109F1000002206460F461CF047F818F049FE02469C
:109F20000B462046294614461D460022884B1BF04E
:109F300085FE32463B461BF081FE22462B461BF037
:109F40007BFE04460D466CA3D3E900232046294638
:109F50001BF074FE6AA3D3E9002304460D461BF0F0
:109F60006BFE69A3D3E900231CF048F918F020FE2A
:109F700002460B46CDE9022363A3D3E900231CF07C
:109F800013F818F015FE02460B46204629461BF032
:109F900053FE5FA3D3E90023804689461CF02EF9C7
:109FA00018F006FE5AA3D3E9002304460D461BF021
:109FB000FBFF18F0FDFD002206460F460023404639
:109FC00049461BF03BFE32463B461BF035FE18F07F
:109FD000EFFD1CF099FA5F4B064600222046294609
:109FE0001CF054FA002800F01482594B204600223D
:109FF00029461BF021FE1CF087FA044620461CF07F
:10A00000D5FB554980461CF0E1FD002800F0F681A3
:10A0100041A3D3E90023DDE902011BF00DFE1CF092
:10A0200073FA0546631E012B05D804F10C001CF0E1
:10A03000BDFB013D804628461CF0B8FB3C49044668
:10A040001CF0BCFC18F082FE3A49074620461CF082
:10A05000B5FC18F07BFE3849054620461CF0FAFB9B
:10A0600018F074FE4FF07E51044640461CF0EAFAA8
:10A0700032491CF0EFFB18F069FE03465946504682
:10A08000059327A3D3E900231BF0D6FD334B80466D
:10A0900089460022DDE900011CF0B0F802460B46BB
:10A0A000404649461BF0CAFD1FA3D3E90023824660
:10A0B0008B461CF0A3F802460B464FF08040394611
:10A0C000CDE902231CF0BCFA29461CF0BBFA1BF0B8
:10A0D00013FF804644E000BF00000080A2423A41E6
:10A0E000000000008C8A414100000040D07D3C41CE
:10A0F0000000000088D5E1400000000000D097403B
:10A100000000006066865E400000000000D47640DB
:10A1100000000020A0993E4000000000006CB2400A
:10A12000000000802CB4424100000000A0D5E140B6
:10A130000000C8420000C84300A0B64301CDF4416E
:10A1400000007042000061450000E03F0000D03F89
:10A150000000F03F00002B4000002040000038408D
:10A16000204689461BF0C8FE02460B46404649463B
:10A170001BF064FD044605980D461BF0BDFE02462B
:10A180000B46204629461BF059FD044630460D4635
:10A190001BF0A0FE02460B46204629461BF04EFD52
:10A1A000A1A3D3E900231BF049FDA1A3D3E9002318
:10A1B0001BF042FDA0A3D3E900231BF0F5FEA0A3F2
:10A1C000D3E900231BF03AFDB74B002280468946B5
:10A1D0001CF070F978B1B44D002422462B4640465D
:10A1E00049461BF029FD22462B46804689461CF035
:10A1F00061F90028F1D100220023404649461CF0B5
:10A2000045F988B1A84F002600240025404649465C
:10A2100032463B461BF012FD22462B4680468946BD
:10A220001CF034F90028F1D187A3D3E90023DDE93C
:10A2300000011BF0B9FE42464B461BF0FFFCDDE976
:10A24000026783A3D3E9002304460D46304639460E
:10A250001BF0AAFE32463B461BF0A6FE02460B460A
:10A26000204629461BF0EAFC8F4B00228046894697
:10A270001CF020F978B18C4D002422462B46404634
:10A2800049461BF0D9FC22462B46804689461CF0E5
:10A2900011F90028F1D100220023404649461CF064
:10A2A000F5F888B1804F00260024002532463B4651
:10A2B000404649461BF0C2FC22462B468046894652
:10A2C0001CF0E4F80028F1D163A3D3E90023504641
:10A2D00059461BF069FE02460B4661A1D1E9000117
:10A2E0001BF0AAFC60A3D3E900231BF087FF18F042
:10A2F00075F95FA3D3E9002304460D46504659463D
:10A300001BF052FE5CA3D3E900231BF097FC02462E
:10A310000B461BF093FC54A3D3E900231BF06EFF04
:10A3200018F05CF956A3D3E9002306460F465046C1
:10A3300059461BF039FE02460B4653A1D1E90001F4
:10A340001BF07AFC48A3D3E900231BF057FF18F059
:10A35000B9F84FA3D3E9002382468B46204629460D
:10A360001BF022FE4CA3D3E9002304460D463046E1
:10A3700039461BF019FE02460B46204629461BF0C3
:10A380005BFC52465B461BF00FFE42464B461BF001
:10A3900055FC454B0022804689461CF08BF878B16D
:10A3A000414D002422462B46404649461BF044FCC2
:10A3B00022462B46804689461CF07CF80028F1D1C5
:10A3C00000220023404649461CF060F888B1364F11
:10A3D00000260024002532463B46404649461BF0F5
:10A3E0002DFC22462B46804689461CF04FF800285B
:10A3F000F1D14046494607B0BDE8F08F28A3D3E924
:10A400000023DDE902011BF017FC1CF07DF8054676
:10A4100008E6264B2046002229461BF00DFC1CF0C6
:10A4200073F80446EAE500BF00000080A2423A410A
:10A43000000000802CB44241000000E05BD2B03F3D
:10A44000000000801CCA1A40000000E0360BF03FFC
:10A45000000000605243FB3E00000060C91CAB3F9F
:10A46000000000608F425F4000000020DCA54C40EF
:10A47000000000E0718AEF3F0000002085877140F6
:10A48000000000A0F2D79A3E00000000767037402E
:10A49000000000A0EEE734BF00000080732AF93E00
:10A4A00000000000006BB2400000384000002A406D
:10A4B0002DE9F04FB44C94F84431413B89B0312B35
:10A4C0003ED8DFE813F050003D003D003D00810024
:10A4D0003D003D003D003D003D009E00C800FF00E6
:10A4E0003D0069013D003D0089013D0032003D0015
:10A4F0003D003D003D003D003D003D003D003D0074
:10A500003D003D003D003D003D003D003D003D0063
:10A510003D003D003D003D003D003D003D003D0053
:10A520003D003D003D003D00420094F84531312B97
:10A5300001F0EC80322B01F07B81302B00F0268281
:10A5400009B0BDE8F04FF7F791BD94F84731792B8A
:10A5500001F006826E2B01F0AF82002009B0BDE849
:10A56000F04FF7F777BD94F84531432B01F0CE81DA
:10A57000633BDAB2102AF0D8102BEED801A252F8C1
:10A5800023F000BFB1A900005BA500005BA500009F
:10A590005BA500005BA500005BA50000B1A9000061
:10A5A0005BA500005BA500005BA500005BA50000AB
:10A5B0005BA500005BA50000B1A900005BA5000041
:10A5C0005BA5000015AB000094F84531502B01F05D
:10A5D0000B8200F2AE81452B00F04B854F2BAFD1A3
:10A5E0006A4806A90FF082FD044620B1069B072B9E
:10A5F00041F22C8300242046F7F72CFD09B0BDE87A
:10A60000F08F94F84531613BDBB2192BA5D8604837
:10A61000012505FA03F21040002841F016800A2BAC
:10A620009CD194F846312C2B97D194F84731A3F163
:10A630003002012A91D894F84821002A8DD1A3F143
:10A640003103544AB3FA83F35B0982F8983403F078
:10A65000A3FC284682E794F84531413B162B3FF690
:10A660006FAF01A252F823F081AF0000F5AE0000F9
:10A6700069AE0000A7AD000073AD000041A5000069
:10A6800041A500002DAD000041A5000041A500003E
:10A6900041A5000041A5000041A5000041A5000022
:10A6A000F3AC000041A5000041A50000E7AC0000AC
:10A6B000A9AC000041A500000DB0000041A50000BC
:10A6C0003DAC000094F84531423B2B2B3FF638AFB0
:10A6D00001A252F823F000BFCFB0000099AB0000F8
:10A6E00041A5000073B0000025B200003DB100009C
:10A6F00041A5000041A5000041A5000041A50000C2
:10A7000041A5000069B3000041A5000041A500007B
:10A7100041A5000041A50000EDB2000043B30000D8
:10A7200041A5000041A5000041A5000041A5000091
:10A7300041A5000041A5000041A5000041A5000081
:10A7400041A5000041A5000041A5000041A5000071
:10A7500041A5000041A500007BB2000099AB0000BC
:10A7600041A5000041A5000041A5000041A5000051
:10A7700041A5000041A5000041A5000041A5000041
:10A7800041A500007DB000001090FF1F5791FF1FF2
:10A79000058000023893FF1F94F84531492B01F0E2
:10A7A000C78000F2A980A3F14102022A3FF6C8AE99
:10A7B000412B00F0C281B3F1420418BF0124CE48FE
:10A7C0001EF0FEFD0F2894BF4FF001084FF0000867
:10A7D00040F2B6814046C1E694F84561A6F13004E6
:10A7E000422C3FF6ADAE01A353F824F071AA00004D
:10A7F00071AA000071AA000071AA000041A5000022
:10A8000041A5000041A5000041A5000041A50000B0
:10A8100041A5000041A5000041A5000041A50000A0
:10A8200041A5000041A5000041A5000041A5000090
:10A8300045B5000041A5000041A50000C3B50000DA
:10A8400041A5000041A5000041A5000041A5000070
:10A8500041A5000041A5000041A5000041A5000060
:10A8600041A5000041A5000041A5000041A5000050
:10A8700041A5000041A5000041A5000041A5000040
:10A8800041A5000041A5000041A50000FBB4000067
:10A8900041A5000041A5000041A5000041A5000020
:10A8A00041A5000041A5000041A5000041A5000010
:10A8B00041A5000041A5000041A5000089B40000A9
:10A8C0005DB40000E1B3000041A500008DB30000BD
:10A8D00041A5000041A5000041A5000041A50000E0
:10A8E00041A5000041A5000041A5000041A50000D0
:10A8F00041A50000C1B40000532B7FF421AE7E4877
:10A9000006A90FF0F3FB069B132B8CBF002400F06D
:10A910000104002C3FF46FAE784DAA6893423FF4D7
:10A920006AAE4120AB6003F043FA297A14F002F8D2
:10A9300061E6722B7FF404AE94F84631522B00F09E
:10A940009683442B7FF409AE6D4E6E481EF038FDA1
:10A95000012805467FF401AE94F84831A3F1300296
:10A96000012A3FF6FAAD7268917A00297FF4F5ADBD
:10A97000A3F1310043424341B06B537203F018FA24
:10A980007368597A13F0D6FF2846E7E55E4B0093CB
:10A990000122019205AB04AA03A902A80EF0A6FFAA
:10A9A0008346002841F0C6805846F7F753FB25E65A
:10A9B000514800211DF0DCFD49A3D3E900230E46D8
:10A9C00021F0004107461BF07FFD00287FF4C5AD54
:10A9D0004A4DD5E9A2011BF0DFFD8046D5E9A4016F
:10A9E0001BF0DAFD8146D5E9A6011BF0D5FD034633
:10A9F000314638461E463CA3D3E900231BF0D4FA67
:10AA00003BA3D3E900231BF0F9FB94F84531632BFA
:10AA100001F01081702B01F025811BF0BDFD064671
:10AA200040461BF069FAC5E9A20148461BF064FAEA
:10AA3000C5E9A40130461BF05FFAC5E9A601002173
:10AA400040461CF09BF8002801F038800021484661
:10AA50001CF094F8002801F03180002130461CF0F1
:10AA60008DF8B0FA80F35B0985F89034012075E524
:10AA7000224D95F84815C9B200290CBF4FF00108C6
:10AA80004FF000087FF4A6AE1B480A221DF01EFE00
:10AA9000431EFE2B074601F21B82A6F11A0003F0AB
:10AAA00087F9F9B213F046FF002C41F0EA803846EE
:10AAB0001BF010FA154B164E00221BF09FFBC6E947
:10AAC000000195F878359C427FF484AE0B48002253
:10AAD000214609F0FDFD404640E500BFAFF3008090
:10AAE000000000000094D140000000A046DF913F2C
:10AAF000000000000020AC405791FF1F3893FF1F5B
:10AB00002487FF1F5891FF1F5691FF1F00005940D7
:10AB10008898FF1FC7481EF053FC0F2828BF0F203E
:10AB200004462246C349C44813F032FFC34B2344B2
:10AB30000022012083F87F2410E5C14B1C783EE6FB
:10AB4000C04BBC49C4EB04171F440F22384613F016
:10AB50001FFF21468D2003F035F9814638461EF04F
:10AB60002FFC0E283FF636AE7E1E344616F801AF97
:10AB7000F51B4D44284613F0C3FE82455146284636
:10AB800001D013F0D7FE38461EF01AFC0234E41B45
:10AB9000A042EADA4046E1E40A22AB4800211DF077
:10ABA00041FEAA4BA3FB00235B09642202FB03F3D3
:10ABB000632B7FF6C5AC94F84621522A01F08581BB
:10ABC000442A7FF4CAACA24D296891F82C20013A9E
:10ABD000D2B2032A3FF6C1AC9E4E56F822209342D1
:10ABE0003FF6BBAC94F84521432A01F0D08191F89F
:10ABF0002020002A7FF4B1ACA86ACB6103F0D8F81A
:10AC00002A686423D169B1FBF3F1C9B213F092FE53
:10AC10002C6894F92C305A1ED2B2032A42D8E1692A
:10AC200056F82220023B914228BF1146022B01F226
:10AC3000E781DFE813F0F904E804D8047D487F4D8C
:10AC40000A2200211DF042FDB428034600F3E987E3
:10AC50006FF0B3029042C5F83401B8BF13463520F7
:10AC6000C5F8343103F0A4F80446D5F834011BF0DC
:10AC70009DFD79491BF0EEFD78491BF09FFE18F011
:10AC8000A7F84FF086411BF0DDFC1BF0E5FF054601
:10AC9000204613F035FEEDB2854203D0294620460A
:10ACA00013F048FE012059E4624806A90FF006FAA5
:10ACB000044600283FF49FAC069BB52B3FF69AACA8
:10ACC0005E4D3720C5F8403103F072F895F84061C9
:10ACD000054613F015FE86423FF48DAC31462846FA
:10ACE00013F028FE87E45E4809B0BDE8F04F07F096
:10ACF00071BC504806A90FF0E1F9044600283FF462
:10AD00007AAC069BA3F12D022E2A3FF673AC4B4D75
:10AD10002220C5F82C3103F04BF895F82C6105463C
:10AD200013F0EEFD86423FF466ACD7E7414806A932
:10AD30000FF0C4F9044600283FF45DAC069B03F114
:10AD40001E023C2A3FF656AC3C4D2120C5F8283166
:10AD500003F02EF895F82851064613F0D1FD85F042
:10AD6000800585423FF447AC2946304613F0E2FDAA
:10AD700041E43048314D0A2200211DF0A7FCB428DF
:10AD8000034600F34B876FF0B3029042C5F83001E1
:10AD9000B8BF13463420C5F8303103F009F8044633
:10ADA000D5F8300163E70A22002122481DF08EFC0D
:10ADB00006461BF0FBFC214B2A490446D3F85C07EE
:10ADC0001BF048FD014620461BF0ECFE00283FF436
:10ADD000C4AB282002F0ECFF044613F091FD0546B9
:10ADE000601C13F08DFDEDB260F30F252DB2AE4265
:10ADF0007FF7B3AB2A2002F0DBFF054613F080FD9E
:10AE0000F7B2874236B203D03946284613F092FD96
:10AE10000135284613F074FDC6F30721814202D0A4
:10AE2000284613F087FD0E4807F0F2FB0120FFF7DC
:10AE300095BB00BF5791FF1FB797FF1F3893FF1FA8
:10AE40003093FF1F4F93FF1F5891FF1F1F85EB513A
:10AE50002487FF1FACFB020000007041000070421D
:10AE60006094FF1F000020410A220021A9481DF024
:10AE70002DFC06461BF09AFCA74BA8490446D3F8C4
:10AE800058071BF0E7FC014620461BF095FE002802
:10AE90003FF463AB2A2002F08BFF044613F030FD31
:10AEA0000546601C13F02CFDEDB260F30F252DB2AA
:10AEB000AE42BFF652AB282002F07AFF054613F0EF
:10AEC0001FFDF7B2874236B203D03946284613F049
:10AED00031FD0135284613F013FDC6F307218142E9
:10AEE00002D0284613F026FD8D4807F08BFB012089
:10AEF000FFF734BB0A22002186481DF0E7FB064617
:10AF00001BF054FC844B85490446D3F80C071BF016
:10AF1000A1FC014620461BF045FE00283FF41DAB76
:10AF2000242002F045FF044613F0EAFC0546601CAD
:10AF300013F0E6FCEDB260F30F252DB2AE427FF7C1
:10AF40000CAB262002F034FF054613F0D9FCF7B213
:10AF5000874236B203D03946284613F0EBFC013560
:10AF6000284613F0CDFCC6F30721814202D02846C3
:10AF700013F0E0FC6A4807F03FFB0120FFF7EEBA50
:10AF80000A22002163481DF0A1FB06461BF00EFCBF
:10AF9000614B62490446D3F808071BF05BFC01468D
:10AFA00020461BF009FE00283FF4D7AA262002F015
:10AFB000FFFE044613F0A4FC0546601C13F0A0FC41
:10AFC000EDB260F30F252DB2AE42BFF6C6AA242023
:10AFD00002F0EEFE054613F093FCF7B2874236B25C
:10AFE00003D03946284613F0A5FC0135284613F056
:10AFF00087FCC6F30721814202D0284613F09AFC51
:10B00000474807F0F3FA0120FFF7A8BA0A22002107
:10B010004048414D1DF05AFB1AF05CFF414B0022A5
:10B020001BF0ECF8404B002206460F461BF04CFA92
:10B03000002840F0FB85C5E94E673C4B00223046B6
:10B0400039461BF023FA08B1384F0026C5E94E6790
:10B05000362002F0ADFE334B00220446D5E94E0106
:10B060001AF0A2FF17F028FE1BF076FA0FE6304E1A
:10B070006BE409B0BDE8F04FF6F7CEBF94F8463167
:10B08000522B00F0FB85442B7FF4B4AA294D2A48AB
:10B090001EF096F901287FF4ADAA274806A90FF003
:10B0A0000DF8044600283FF4A5AA069B012B3FF6A5
:10B0B000A1AA2B689B7C002B7FF49CAA286A02F033
:10B0C00077FE9DF8181013F035FCFFF794BA12487C
:10B0D00008F0C8FF06A9054617480EF0EFFF069ACC
:10B0E00085F00103B2F57A7F2CBF002000F001004B
:10B0F00010EA030508D094F84631522B00F032874D
:10B10000442B00F03B8600252846F6F7A3FFFFF707
:10B1100075BA00BF5791FF1F3893FF1F00002041F1
:10B120006094FF1F000024400000284000002240DF
:10B130006087FF1F2487FF1F5891FF1FA44808F056
:10B1400091FF00287FF409AA94F84631522B00F0B1
:10B150000D87442B7FF401AA9E4E9F481EF030F9C4
:10B16000831E082B3FF6F9A99B480A2200211DF0F7
:10B1700059FB35682B790446002B7FF4EEA91AF0B1
:10B1800099FE8046286889461AF094FE02460B46CE
:10B19000404649461BF032F88046894672B6B5688B
:10B1A00028691AF097FE42464B461AF0FDFE1BF046
:10B1B000ABF9286162B6336830691C6002F0F8FDB3
:10B1C000054613F09DFBE6B2864203D03146284681
:10B1D00013F0B0FB6E1C304613F092FBC4F3072152
:10B1E000814202D0304613F0A5FBAE1C304613F06E
:10B1F00087FBC4F30741814202D0304613F09AFB2B
:10B200000335284613F07CFB210E814202D02846EC
:10B2100013F090FB01226E48114609F0F5FE012063
:10B22000FFF79CB994F84631522B00F02185442B4E
:10B230007FF4E0A9674D68481EF0C2F8831E022B18
:10B240003FF6D8A9644806A90EF038FF0446002846
:10B250003FF4D0A906997F293FF6CCA92B6893F932
:10B260002C204039012A06917FF4C5A9186B0022D1
:10B27000C9B20FF06BFEFFF7BEB9554808F0F2FEF9
:10B2800006A9054654480EF019FF069AA2F11001CE
:10B2900085F0010330298CBF002000F0010010EA86
:10B2A00003053FF431AF94F84631522B00F0558638
:10B2B000442B7FF428AF474C2368206B9A6202F03E
:10B2C00077FD236893F8281013F034FB2368A668F1
:10B2D000986A1AF0FFFDD6E90E8902460B464046F1
:10B2E00049461AF08BFFC6E91E010DE794F8463176
:10B2F000522B00F0C084442B7FF42FA9354E3648E2
:10B300001EF05EF8012805467FF427A994F848311D
:10B31000A3F13002012A3FF620A93268117C0029EE
:10B320007FF41BA9A3F131014B424B41F069D37368
:10B3300002F03EFD3368D97B13F0FCFA2846FFF794
:10B340000DB9234808F08EFE054638B994F8463109
:10B35000522B00F00586442B00F0BA841E4806A943
:10B360000EF0C4FE0025CFE6194808F07BFE054626
:10B3700038B994F84631522B00F0F685442B00F092
:10B38000308506A914480EF099FEBCE6104C13480F
:10B3900003230A22002184F80B351DF097F91AF0D7
:10B3A00099FD09A3D3E900231AF028FF04F5A2634D
:10B3B000C3E900012046012109F0F4F80120FFF75C
:10B3C000CDB800BFAFF30080000000000088C3408C
:10B3D0003893FF1F2487FF1F5891FF1F5791FF1FAE
:10B3E0000A220021C048C14D1DF070F9C04900F586
:10B3F000434250328A4294BF034600233020C5F8AE
:10B40000243502F0D5FCD5F82455044613F078FA1B
:10B41000EEB2864203D03146204613F08BFA661C0A
:10B42000304613F06DFAC5F30721814202D0304651
:10B4300013F080FAA61C304613F062FAC5F30741F8
:10B44000814202D0304613F075FA0334204613F0DF
:10B4500057FA290E81423FF425AC20E40A2200214C
:10B46000A148A24D1DF032F9A14900F543425032E6
:10B470008A4294BF034600232C20C5F8203502F0F1
:10B4800097FCD5F82055C0E7984D95F90835022B63
:10B490007FF463A806A8FEF71FFC002800F02685AD
:10B4A000DDE906239348032440E902230121A0F5A6
:10B4B000A46085F80B4509F075F80120FFF74EB838
:10B4C00006A8FEF709FC002800F0B983DDE9062391
:10B4D000864C032184F80B15002087491AF0ACFB39
:10B4E00004F5A26502460B4620460121C5E900236A
:10B4F00009F058F80120FFF731B81A2002F058FC83
:10B500000A220446002178481DF0E0F80346204650
:10B51000DDB29EB213F0F4F9854203D029462046ED
:10B5200013F008FA0134204613F0EAF9310A814297
:10B5300002D0204613F0FEF96C4809F095FA01207C
:10B54000FFF70CB80A22002167481DF0BFF81AF077
:10B55000C1FC5BA3D3E900231AF026FD58A3D3E96D
:10B56000002304460D461AF0A5FF002800F0528380
:10B57000624B0022204629461AF088FF08B95F4D29
:10B5800000245F4E1D2046E9024502F011FC5D4B90
:10B590000022044656E902011AF006FD1AF0DCFF0B
:10B5A0000546204613F0ACF9EDB2854203D029469A
:10B5B000204613F0BFF94D4809F070FA0120FEF75C
:10B5C000CDBF0A22002148481DF080F80528044616
:10B5D00028BF03241C2002F0EBFBE1B213F0AAF910
:10B5E0000120FEF7BBBF08461AF064FC36A3D3E97E
:10B5F00000231AF003FE1AF0AFFF81B2E06B10F0E7
:10B600003FFBFFF74FBB08461AF054FC2EA3D3E9CB
:10B6100000231AF0F3FD1AF09FFF81B2A06B10F027
:10B620002FFA0120FEF79ABF08461AF043FC26A322
:10B63000D3E900231AF0E2FD1AF08EFF81B2606BAD
:10B6400010F09EFB0120FEF789BF94F846312C2BA9
:10B650007EF483AF244800211CF08AFF1CA3D3E9A9
:10B6600000230D4621F0004106461AF02DFF002868
:10B670007EF473AF18A3D3E90023294630461AF0AD
:10B6800093FC17A3D3E900231AF0B8FD94F84531D1
:10B690007A2B05460C4600F03184612B00F069845A
:10B6A000632B00F06D84184B01F1004443E9020460
:10B6B00002F072FC0120FEF751BF00BFAFF3008023
:10B6C000000000A09999B93FCD3B7F669EA0F63F50
:10B6D000000000000094D140000000A046DF913F30
:10B6E000000000000020AC405791FF1F3893FF1F5F
:10B6F000A08601005898FF1F0000F03F000039406D
:10B700002899FF1F00002440F897FF1FAE4B05AAA1
:10B7100004A903A80EF05AFC834600283FF444A96C
:10B72000DDE90487039EDFF8A4A20BF061FA054669
:10B730000BF076FA04460BF08BFA03468DF81830BE
:10B74000A34B8DF81A50D3E904234E3606A8CAE954
:10B750000E238DF819408DF81D808DF81C708DF822
:10B760001E600BF079F905460C4613F04FFC284695
:10B7700021460BF0CFFAFEF70FFB964B04460D4621
:10B780000022DAE90E011AF039FD02460B46204686
:10B7900029461AF051FA904B002204460D461AF041
:10B7A00089FE78B18C4F00262046294632463B461A
:10B7B0001AF042FA32463B4604460D461AF07AFE2B
:10B7C0000028F1D100220023204629461AF05EFE0F
:10B7D00098B1814F00264FF000084FF00009204635
:10B7E000294632463B461AF029FA42464B46044661
:10B7F0000D461AF04BFE0028F1D1774B2046294622
:10B8000000221AF0FBFC6EA3D3E900231AF0CCFB54
:10B810001AF07AFE72B6CAF8000062B672B6DAF8AA
:10B820000020DAF80030CAE9042362B6FFF7BCB89A
:10B830000A2206A96948DFF894A11CF0F3FF044628
:10B8400013F0E4FB204600210BF064FAFEF7A4FAA3
:10B85000604B04460D460022DAE90E011AF0CEFCD8
:10B8600002460B46204629461AF0E6F95A4B0022BA
:10B8700004460D461AF01EFE78B1574F00262046AA
:10B88000294632463B461AF0D7F932463B46044633
:10B890000D461AF00FFE0028F1D1002200232046A9
:10B8A00029461AF0F3FD98B1DFF82C914FF000080B
:10B8B000002600272046294642464B461AF0BEF98C
:10B8C00032463B4604460D461AF0E0FD0028F1D111
:10B8D000414B0022204629461AF090FC38A3D3E9B8
:10B8E00000231AF061FB1AF00FFE72B6CAF80000CE
:10B8F00062B672B6DAF80020DAF80030CAE904233A
:10B9000062B60120F6F7A6FBFEF778BE344B0020A6
:10B91000002100220024C3E9A201C3E9A401C3E974
:10B92000A60183F89044C3F894240120FEF716BEC4
:10B930002A4806A90EF0C2FB044600283EF45BAE7E
:10B94000069901293EF656AE264BC9B2042019705D
:10B9500012F0F0FF224B012283F8C026FEF74BBE07
:10B96000012294F84531702B00F0BE80742B00F05A
:10B97000A880672B7EF4F1AD194B93F81511914215
:10B980003FF490A993F8161193F8144183F8152108
:10B990000AB144F0020409B144F004040D2002F09D
:10B9A00007FA054612F0ACFF84423FF47BA921461A
:10B9B000284612F0BFFFFFF775B900BFAFF3008054
:10B9C00000000000C07A60415691FF1F7091FF1F78
:10B9D000F092FF1F00002E40000038405791FF1FDB
:10B9E0003893FF1F3093FF1F94F84631522B00F01D
:10B9F0001B81442B7EF4B1ADA94D94F84801002879
:10BA00003EF4ACADA7481DF0DBFC06283EF6A5AD24
:10BA10000A22A44806A91CF005FFA34B421E9A4225
:10BA200004463EF69AAD6E68337A002B7EF495ADEF
:10BA30001AF0B8FE9D491AF00DFF1AF05DFAC6E93A
:10BA40000001686B02F0B4F9054612F059FFE6B246
:10BA5000864203D03146284612F06CFF6E1C3046F9
:10BA600012F04EFFC4F30721814202D0304612F09B
:10BA700061FFAE1C304612F043FFC4F30741814220
:10BA800002D0304612F056FF0335284612F038FF38
:10BA9000210E814202D0284612F04CFF844B93F8CD
:10BAA000F80500287EF45AAD01221846114609F027
:10BAB000ABFA0120FEF752BD002252E70123FEF748
:10BAC000D3BF7B4B93F8161191423FF4EBA893F848
:10BAD000151193F8144183F8162109B144F00204BA
:10BAE000002A3FF45BAF57E7714B93F81411914272
:10BAF0003FF4D8A893F8150193F8161183F8142190
:10BB0000144608B142F0020411B144F00402D4B268
:10BB10000D2002F04DF9054612F0F2FE844203D0EA
:10BB20002146284612F006FF012002F06DFB01209D
:10BB3000FEF714BD0BF0D4F804460BF0B9F8054637
:10BB40000BF09EF8029B8DF81A305A4BDFF868A173
:10BB50008DF81D5002468DF81C20D3E90423CAE954
:10BB60000E23039B8DF819304E34059B8DF8183049
:10BB700006A88DF81E400AF06FFF05460C4613F02C
:10BB800045FA284621460BF0C5F8FEF705F94B4B60
:10BB900004460D460022DAE90E011AF02FFB024698
:10BBA0000B46204629461AF047F8454B002204462A
:10BBB0000D461AF07FFC78B1414F002620462946F9
:10BBC00032463B461AF038F832463B4604460D46AC
:10BBD0001AF070FC0028F1D10022002320462946EB
:10BBE0001AF054FC00283FF408AE354F00264FF001
:10BBF00000084FF000092046294632463B461AF01D
:10BC00001DF842464B4604460D461AF03FFC0028FC
:10BC1000F1D1F2E520A5D5E90045B2E4B423FFF760
:10BC2000B9B8B423FFF71BB8264DE6E6264F002629
:10BC3000FFF70CBA1AF0B0FC8046FEF7F1BE2348BD
:10BC400005A91CF095FC02460B4641E4184D8C20DA
:10BC500085F87D3602F0ACF895F87D1612F06AFE94
:10BC6000FEF7C9BC1AF098FC00F10049FEF7D8BEF7
:10BC7000144DFFF7E0BA134EFFF741BB114DFFF72C
:10BC800006BA38461AF026F904F1AA0605EBC606EC
:10BC9000C6E90001FEF715BF000000A09999B93F61
:10BCA0002487FF1F5891FF1F3F7E05000AD7233CC2
:10BCB0003893FF1FF092FF1F7091FF1F00002E406E
:10BCC000000038406087FF1F000028405791FF1F89
:10BCD000BF4FC0481DF074FB831E082B3FF63EABE0
:10BCE000BC4806A90EF002FA0446002800F085813F
:10BCF0003E68337B002B7FF407AA06981AF0DAF827
:10BD00008046B06889461AF0D5F802460B46404690
:10BD100049461AF073FA8046894672B6BD682869AA
:10BD20001AF0D8F842464B461AF03EF91AF0ECFBEE
:10BD3000286162B63B68069A78699A6002F038F822
:10BD4000069E054612F0DCFDB7B2F6B2864203D07D
:10BD50003146284612F0EEFD0135284612F0D0FD9E
:10BD6000390A814202D0284612F0E4FD01229A48A5
:10BD7000114609F049F92546FFF7C6B9944F3B68CB
:10BD8000F86A5A6202F014F83B6804465E6A12F0E0
:10BD9000B7FD1FFA86F8F6B2864203D03146204638
:10BDA00012F0C8FD0134204612F0AAFD4FEA182116
:10BDB000814202D0204612F0BDFD3B68FE68586A01
:10BDC0001AF088F8D6E906231AF0EEF81AF09CFB70
:10BDD000BC680023C4F88000636784F87030FFF704
:10BDE00093B97B4F7B481DF0EBFA06A904467948CE
:10BDF0000EF064F9069A511E07298CBF002300F04B
:10BE00000103012C14BF002603F00106002E00F0F0
:10BE1000F1803B68997B00297FF476A9587B101A42
:10BE20001AF058F802460B4600204FF0804116F0F9
:10BE3000F5F804460D4672B6D7F80880D8F8100019
:10BE40001AF048F822462B461AF0AEF81AF05CFBBE
:10BE5000C8F8100062B6069B3C68D8B263731AF04B
:10BE600039F80B4602464FF08041002016F0D6F814
:10BE70001AF04AFB94F92C30013B0146032B07D8FA
:10BE8000DFE803F01A151E02E06B89B20FF03CFFE9
:10BE9000B86901F08DFF3B68597B12F04BFD4E48AD
:10BEA00000220121354609F0AFF8FFF72DB9606B8C
:10BEB00089B20FF0BFFFEBE7206B0FF0B7F8E7E7B1
:10BEC000A06B89B20FF0B6FFE2E7444DFEF77CBEEF
:10BED000204619F0FFFF02460B460020404916F0AD
:10BEE0009DF81AF011FB0746FEF7D7BD3D4805A99E
:10BEF0001CF03EFB02460B46FFF7D4BA3A492EA38C
:10BF0000D3E90023D1E902011AF04EF816F0DAFA6B
:10BF10002BA3D3E900230E4621F0004107461AF077
:10BF2000B5FA00287EF419AB3A4628462146334636
:10BF30001AF064F924A3D3E900230C4621F0004150
:10BF400005461AF0C1FA00287EF407AB27492A46B5
:10BF50002346C1E90023FFF7ABBB204CFFF7ACB988
:10BF60001E4FB6E61D4F0AE71C4F3BE71B4EFFF77F
:10BF7000F4B81F4B01F1004443E90204FFF798BBFA
:10BF80001B4902462346C1E90023FFF791BB0A7E05
:10BF9000002A7EF4E2AA686A4B6101F009FF2A6870
:10BFA00064235169B1FBF3F1C9B212F0C3FC012063
:10BFB000FEF7D4BAAFF30080000000A046DF913F47
:10BFC000000000E04D62503F000000401857B63FAF
:10BFD0002487FF1F5891FF1F3893FF1F6087FF1FA3
:10BFE000000010405791FF1FF092FF1FD897FF1FCE
:10BFF000E897FF1F3546FFF787B80546FFF784B877
:10C00000206B0EF091FE0120FEF7A8BA08B512F0E1
:10C0100041FCBDE8084012F03DBC00BFFFFFFFFF40
:10C020002DE9F04FAA4A92F843312B3BADF28C6DCB
:10C030003A2B00F28280DFE813F03B008000990089
:10C04000800080008000A700B40080008000800095
:10C0500080008000800080008000800080008000E0
:10C0600080008000800080008000800080008000D0
:10C07000800080008000800080008000CF00800071
:10C08000800080008000DE00EC00020111018000D1
:10C0900080008000570180008000800080008000C8
:10C0A000800080008000800080008000DF0186002A
:10C0B000884D7DA3D3E90023D5E9000119F0BCFD2B
:10C0C00002460B46C5E90023582001F071FE824B61
:10C0D00000220446D5E9000119F066FF1AF014FAAF
:10C0E0000546204612F00CFCE9B2814202D02046FF
:10C0F00012F020FC661C304612F002FCC5F307214A
:10C10000814202D0304612F015FCA61C304612F0D7
:10C11000F7FBC5F30741814202D0304612F00AFC1A
:10C120000334204612F0ECFB290E814202D0204657
:10C1300012F000FC694808F0CBFC0DF28C6DBDE8F4
:10C14000F04FF5F793BF654C204607F07BFF10BB1F
:10C15000634BE0701B68D69394F8F835D69AC4F810
:10C160002825C3B1204609F02BF94EE1594D4EA3C5
:10C17000D3E90023D5E9000119F060FD02460B4622
:10C18000C5E900235820A0E7544C204607F08AFF59
:10C19000002800F040810DF28C6DBDE8F04FF5F7FE
:10C1A0003BBF4E4C204607F07DFF0028F3D1012114
:10C1B0002046022584F8085508F0F4F9092001F01A
:10C1C000F7FD044612F09CFBA84200F01E812946B0
:10C1D000204612F0AFFB18E1404C00220023CDE9CD
:10C1E0000023204632A3D3E9002308F05FFA02239C
:10C1F00084F80B35A1E7394C00220023CDE9002358
:10C200002046384B002208F051FA002384F80B3501
:10C2100093E729A3D3E90023304C0020002104F543
:10C22000A065CDE90001C5E9002320462D4B002281
:10C2300008F03CFA0023582084F80B3545E7274CDA
:10C2400000220023CDE9002320461DA3D3E90023CB
:10C2500008F02CFA012384F80B356EE71F4CD4F854
:10C26000200519F037FE18A3D3E9002319F0C6FF03
:10C2700002460B4600201B4919F0DEFC0646D4F8A6
:10C2800024050F4619F026FE0FA3D3E9002319F069
:10C29000B5FF3B46CDE900013246204608F006FADC
:10C2A000032384F80B3548E75655854D55D5744022
:10C2B00000000000B2CBEE3F000000202B6F2E41AB
:10C2C000000000E0A1E9EF3F000000000088C3404B
:10C2D0001090FF1F3898FF1F000030403893FF1F59
:10C2E000F49FFF1F0000F03F92F84431412B00F013
:10C2F0009680542B7FF421AF92F84531312B7FF497
:10C300001CAF574D0FCD0FF23019D9E9008948AC59
:10C31000CDE902890FC44AA7D7E9006795E8030071
:10C32000002284E803000023CDE9006756A848AD49
:10C330000CF00EFC0FCDEC46ACE80F0094E80300C7
:10C3400041A3D3E900238CE8030056A9D6A80CF03A
:10C350004FFCD6A80DF004F93DA3D3E9002319F052
:10C360006DFC4FF0020A02460B463E48CDF800A095
:10C3700012F07EF93B4812F061F9D6A80DF0ECF806
:10C3800035A3D3E9002319F057FCCDF800A00246ED
:10C390000B46344812F06CF9324812F04FF92AA3D8
:10C3A000D3E90023D6A956A80CF0BEFE56A80CF07F
:10C3B000B5FC42464B4619F03FFCCDF800A00246C2
:10C3C0000B46284812F054F9264812F037F956A8BF
:10C3D0000CF0A0FC32463B4619F02EFCCDF800A034
:10C3E00002460B461F4812F043F91E4812F026F988
:10C3F0000DF28C6DBDE8F08F1B4C204607F022FE3D
:10C4000000287FF4C8AE84F80A050DF28C6DBDE8F3
:10C41000F04FF5F7EBBD012529462046CAE692F814
:10C420004531303B032B3FF688AEDFE813F0830441
:10C430000503F5011F0000BF000000007C5FEE3F18
:10C4400000000080E85DE43F000000E04F52ED3F57
:10C4500000000080025FF93F000000601276EB3FB1
:10C46000F8FB02002488FF1F3893FF1F0A216FF09A
:10C47000090012F0DDF91AF099F9C9491AF0EAF940
:10C48000C8491AF09BFA19F037FD02460B466FF0C7
:10C4900009000A21CDE9062312F0CAF91AF086F93B
:10C4A000BF491AF0D7F9BF491AF088FA19F024FDEC
:10C4B00002460B460A205021CDE9082312F0B8F9B4
:10C4C0001AF074F9B6491AF0C5F9B6491AF076FAB5
:10C4D000834619F011FD9CA3D3E90023CDE9022383
:10C4E0009BA3D3E90023DFF8C0C206460F46CDE97F
:10C4F0000023BCE80F000DF18808A8E80F009CE8B5
:10C5000003000024002588E8030022462B46D6A815
:10C510000CF01EFB0DF1880CBCE80F00E946A9E801
:10C520000F0098E80300324689E803003B46D6A98D
:10C530003AA80CF05DFB88A3D3E90023CDE90223E0
:10C5400087A3D3E90023D6A8CDE9002322462B46B2
:10C550000CF0FEFA0DF1880EBEE80F00EC46ACE8D8
:10C560000F0098E80300324689E803003B46D6A94D
:10C5700048A80CF03DFB7CA3D3E90023CDE90223BE
:10C580007BA3D3E90023D6A8CDE9002322462B467E
:10C590000CF0DEFA0DF1880CBCE80F00EE46AEE8B8
:10C5A0000F0098E803000DF5AC7A324689E80300E5
:10C5B0003B46D6A950460CF01BFB0DF59363C3E92F
:10C5C00000450DF59463C3E900450DF59563C3E996
:10C5D00000450DF5A963C3E900450DF5CF63C3E937
:10C5E00000450D2100237148CDF84035CDF8703657
:10C5F0008DF8803615F0BCF850460CF0B1FF0B46B4
:10C600000221024600916A4812F032F8684812F09E
:10C6100015F83AA80CF0B4FF06463AA80F460CF0FD
:10C620009BFF55A3D3E9002380468946DDE9060137
:10C6300019F004FB52A3D3E90023CDE90401DDE99D
:10C64000080119F0FBFACDE90201D6A93246CDE97D
:10C6500000893B46084610F087FC48AB18460CF0B2
:10C660008FFF48AB064618460F460CF075FF46A3F1
:10C67000D3E9002380468946DDE9060119F0DEFA98
:10C6800043A3D3E90023CDE90401DDE9080119F052
:10C69000D5FA3B46CDE902013246D6A8CDE900895C
:10C6A00010F062FCD6A810F03FFB424B9B7D012BA3
:10C6B00000F0858322462B46D6A810F0D9FA052132
:10C6C0003D4815F055F83A4811F0B8FF9DF842354D
:10C6D0000022002B00F071830DF5A961374BD1E9E1
:10C6E000000119F061FC2CA3D3E9002319F086FDA9
:10C6F000334B002219F058FC02460B4602240094EA
:10C700002B4811F0B5FF2A4811F098FFF0AA5146C6
:10C710002EA80CF059FD2EA80DF088F8274B00220A
:10C7200019F042FC1CA3D3E9002319F067FD009423
:10C7300002460B461E4811F09BFF1D4811F07EFF7C
:10C740002EA83FE0AFF300800030AAE67F76B63F28
:10C7500000000080C737E03F00941BA4CB36DDBF4C
:10C76000000000605DEAF83F008008E9A59CA43F56
:10C77000000000200B26D4BF000000E0C16BF73F93
:10C780000000004040B7FB3F000000A0EC91E33FF9
:10C7900000000060E3B5154000000060FB21094087
:10C7A000DB0F494000003443F8FB0200E4FB0200C9
:10C7B0002488FF1F3893FF1FDCFB020000806640C7
:10C7C00000004E400DF028F8974B002219F0ECFBCA
:10C7D0007DA3D3E9002319F011FD009402460B4616
:10C7E000924811F045FF914811F028FF2EA80DF056
:10C7F0000FF88D4B002219F0D7FB73A3D3E9002368
:10C8000019F0FCFC009402460B46884811F030FFFA
:10C81000864811F013FFEBE56DA3D3E90023CDE9C2
:10C8200002236DA3D3E90023814ECDE900230FCE6F
:10C8300022AC0FC496E803000027002684E803001A
:10C8400032463B46D6A80CF083F90DF1880CBCE8C3
:10C850000F006D460FC594E8030061A3D3E90023E0
:10C8600085E80300D6A93AA80CF0C2F95EA3D3E983
:10C870000023CDE902235EA3D3E90023D6A8CDE9A6
:10C88000002332463B460CF063F90DF1880EBEE8FA
:10C890000F00EC46ACE80F0094E8030050A3D3E986
:10C8A000002385E80300D6A948A80CF0A1F952A3FB
:10C8B000D3E90023CDE9022351A3D3E90023D6A86D
:10C8C000CDE9002332463B460CF042F90DF1880CCD
:10C8D000BCE80F00EE46AEE80F0094E803000DF54B
:10C8E000AC7A3FA3D3E9002385E80300D6A95046DC
:10C8F0000CF07EF90DF59363C3E900670DF59463C1
:10C90000C3E900670DF59563C3E900670DF5A963F9
:10C91000C3E900670DF5CF63C3E900673AA80023B8
:10C92000CDF84035CDF870368DF880360CF028FE05
:10C9300004460D463AA80CF00FFE22462B4632A5BF
:10C94000D5E90045CDE9044531A5D5E90045CDE956
:10C950000001CDE90245D6A810F006FB48A80CF06E
:10C960000FFE04460D4648A80CF0F6FD2B46224665
:10C9700029A5D5E90045CDE9044529A5D5E9004516
:10C98000CDE90001CDE90245D6A810F0EDFA052168
:10C99000284814F0EDFE254811F050FE9DF8423570
:10C9A000002B00F007820DF5A9611F4B0022D1E991
:10C9B000000119F0F9FA04A3D3E9002319F01EFCD1
:10C9C00002460B469AE600BF00000060FB210940CA
:10C9D0000030AAE67F76B63F00000080C737E03F10
:10C9E00000000060358CE33F00941BA4CB36DDBF14
:10C9F000000000605DEAF83F008008E9A59CA43FC4
:10CA0000000000200B26D4BF000000E0C16BF73F00
:10CA10000000004040B7FB3F000000A0EC91E33F66
:10CA200000000060E3B51540008066402488FF1FC9
:10CA3000F8FB0200DCFB020000240025D6AE002338
:10CA4000C6E95045C6E95245C6E95445C6E97C45A4
:10CA5000C6E9C845CDF84035CDF870368DF880363A
:10CA600099A3D3E90023CDE9022399A3D3E90023B5
:10CA70000AA8CDE9002322462B460CF069F896A3BC
:10CA8000D3E90023CDE9022395A3D3E9002316A817
:10CA9000CDE9002322462B460CF05AF892A3D3E9A5
:10CAA0000023CDE9022392A3D3E9002322A8CDE9F4
:10CAB000002322462B460CF0BDFE8FA3D3E90023B2
:10CAC000CDE902238EA3D3E900232EA8CDE90023CC
:10CAD00022462B460CF0AEFE0AA80CF01FF9804649
:10CAE0000AA889460CF016F98D4B002219F05CFA61
:10CAF00085A3D3E9002319F081FB894BCDE902011D
:10CB000000224046494619F04FFA7FA3D3E900239B
:10CB100019F074FB834ACDE90001834956A81BF044
:10CB20008FFF56A81CF04CFC014656A814F020FEBE
:10CB30007E4811F083FD16A80CF0F0F8804616A888
:10CB400089460CF0E7F8764B002219F02DFA6EA317
:10CB5000D3E9002319F052FB714BCDE90201002209
:10CB60004046494619F020FA67A3D3E9002319F09B
:10CB700045FB6F4ACDE900016B4956A81BF060FFE9
:10CB800056A81CF01DFC014656A814F0F1FD67489C
:10CB900011F054FD0AA80CF0C7F880460AA889468F
:10CBA0000CF0B8F802460B4622A8CDE906230CF09B
:10CBB00099FE824622A88B460CF090FEDDE9062302
:10CBC000CDE90401CDE902ABCDE900233046424670
:10CBD0004B4610F0C9F916A80CF0A6F8804616A826
:10CBE00089460CF097F802460B462EA8CDE906239D
:10CBF0000CF078FE82462EA88B460CF06FFEDDE925
:10CC00000623CDE90401CDE90023304642464B46D8
:10CC1000CDE902AB10F0A8F92B4622463CA5D5E998
:10CC20000045CDE902453CA5D5E900453AA8CDE946
:10CC300000450BF08DFFF0AA3AA948A80BF09EFF23
:10CC400048A80CF04FFE364B002219F0ADF92EA388
:10CC5000D3E9002319F0D2FA022702460B460097C7
:10CC6000324811F005FD314811F0E8FC48A80CF0FD
:10CC700035FE2B4B002219F097F923A3D3E90023AB
:10CC800019F0BCFA009702460B46284811F0F0FC58
:10CC9000264811F0D3FC48A80CF01CFE204B0022C3
:10CCA00019F082F918A3D3E9002319F0A7FA009725
:10CCB00002460B461D4811F0DBFC1C4811F0BEFC7F
:10CCC000FFF796BBAFF300800030AAE67F76B63F51
:10CCD00000000080C737E03F00941BA4CB36DDBFC7
:10CCE000000000605DEAF83F0000004040B7FB3FF5
:10CCF000000000E0C16BF73F00000060E3B51540A5
:10CD0000000000A0EC91E33F00000060FB2109401F
:10CD1000008008E9A59CA43F000000200B26D4BF9A
:10CD200000806640BCFB0200C4FB02002488FF1F99
:10CD3000D4FB0200D6AC00220023C4E95023C4E98E
:10CD40005223C4E95423C4E97C23C4E9C82322A3A1
:10CD5000D3E90023CDE9042321A3D3E90023CDE9BE
:10CD6000022321A3D3E900230021CDE9002320469B
:10CD70001FA3D3E9002320A7D7E90067CDF840150A
:10CD8000CDF870168DF8801610F0EEF81CA3D3E9DC
:10CD9000002320461CA5D5E90045CDE90223CDE9B5
:10CDA00004671BA3D3E90023CDE9004510F0DCF8AC
:10CDB000FFF71EBB32463B46A0E400239EE4002161
:10CDC000584619F0F9FE18B113A3D3E9002373E410
:10CDD00013A3D3E900236FE4000000E0C16BF73F29
:10CDE0000000004040B7FBBF00000080C737E03FB5
:10CDF0000030AAE67F76B63F000000A0EC91E33F4A
:10CE000000000060E3B515C0000000605DEAF83F77
:10CE100000941BA4CB36DDBF00000060FB21F93F6E
:10CE200000000060FB21F9BF08B511F033FDBDE83B
:10CE3000084011F02FBD00BF054B93F843212AB9DC
:10CE400093F85E2182F0010283F85E21F5F70EB9B6
:10CE50001090FF1F08B511F01DFDBDE8084011F04E
:10CE600019BD00BFFFFFFFFF032900D970472DE95F
:10CE7000F04701EB410404EBC40404F10A0A017019
:10CE800084B00546504611F03BFD002604F10B0925
:10CE900060F30706484611F033FD04F10C0860F317
:10CEA0000F26404611F02CFD04F10D0760F31746E4
:10CEB000384611F025FD60F31F66BF49304619F072
:10CEC00067FE30B9BD49304619F080FE002800F0F9
:10CED0000C8100220023C5E90223504611F010FD09
:10CEE000002840F02781484611F00AFD002840F054
:10CEF0003781404611F004FD002840F02681384675
:10CF000011F0FEFC002840F01081A9A3D3E9002312
:10CF1000D5E9020119F072F906460F4615F0D2FA6A
:10CF2000C5E90C013046394615F058FBC5E90E013C
:10CF300004F10E0011F0E4FC0026034604F10F009A
:10CF400063F3070611F0DCFC60F30F2604F1100018
:10CF500011F0D6FC034604F1110063F3174611F0FB
:10CF6000CFFC60F31F669649304619F01BFE30B9BE
:10CF70009449304619F020FE002800F0B0802E7849
:10CF800006EB460606EBC6060022002306F10E0756
:10CF9000C5E90423384611F0B3FC002840F0B880FE
:10CFA00006F10F07384611F0ABFC002840F0A380D3
:10CFB00006F11007384611F0A3FC002840F0E0808D
:10CFC0001136304611F09CFC002840F0D48004F16A
:10CFD000120011F095FC064604F1130011F090FCCC
:10CFE000F6B260F30F26B6B206F1C8039BB242F266
:10CFF0000802934200F2F0802E8304F1140011F035
:10D000007FFC19F0CFFB704919F0D8FC6F4919F07B
:10D0100017FB6F49E862064619F0BAFD30B16B495B
:10D02000304619F0D3FD002840F0B6806FF00309B8
:10D0300005F11907A9EB0509A14405F11A0805F145
:10D0400028063C4609EB040011F05AFC04F8010FD5
:10D05000002840D0B442F5D12A785E4901A81BF0DF
:10D06000EFFC01A940461BF0FDFEA0EB08000E28D6
:10D070001BD895F8009009EB490909EBC9093E1F37
:10D08000761B4E44304611F03BFC3C4617F801AF8E
:10D0900082455146304601D011F04CFC40461CF010
:10D0A0008FF9183C641BA042E9DA41A3D3E90023BD
:10D0B000D5E9020119F0A2F806460F4615F002FA6A
:10D0C000C5E90C013046394615F088FAC5E90E016C
:10D0D00004B0BDE8F087AB7E002BBDD0E5E730465D
:10D0E00018F00AFFC5E9040171E7304618F004FFA3
:10D0F000C5E902011CE73846002106F1100711F0CE
:10D1000019FC384611F0FCFB00283FF459AF37E01A
:10D110003846002106F10F0711F00CFC384611F0DB
:10D12000EFFB00283FF444AFE5E70021384611F05B
:10D1300001FCEAE65046002111F0FCFB484611F0E4
:10D14000DFFB00283FF4D5AE0AE04046002111F095
:10D15000F1FB384611F0D4FB00283FF4D6AEE4E7EB
:10D160004846002111F0E6FB404611F0C9FB0028BB
:10D170003FF4C5AEE9E70021304611F0DBFB26E7BE
:10D1800038460021113611F0D5FB304611F0B8FBBE
:10D1900000283FF41CAFEEE72A780023EB621B2047
:10D1A000142300FB0230782111F0C4FB3EE700BFDE
:10D1B00000000020DCA54C400000B4C20000B442D6
:10D1C0000000B4C30000B44300002041000040410F
:10D1D000000040C17CFA02002E7806EB460606EB02
:10D1E000C6064FF0000806F11207A5F81880384669
:10D1F00011F086FB58B91336304611F081FB002838
:10D200003FF4FBAE0021304611F094FBF5E64146B9
:10D21000384611F08FFBEEE7084890F843113229A9
:10D2200007D93F2907D1064B06491A7870301BF001
:10D2300007BC2F2908D8F4F719BF00BF1090FF1FB3
:10D24000F092FF1FD8FA02002DE9F04F303985B077
:10D25000CCB2D74D0C2000F0ABFD214611F06AFB9B
:10D2600021462846FFF700FED5E90423D149C1E94C
:10D270000E2311F0C5FE0021044609F0D5FB002164
:10D280000646204609F062FB00210546204609F0CB
:10D29000B5FB6B1E012B98BF06F1FF3607463046E3
:10D2A00098BF0C3519F082FAC349064619F086FB7F
:10D2B00015F04CFDC1498146304619F07FFB15F051
:10D2C00045FDBF498046304619F0C4FA15F03EFDD1
:10D2D0000646284619F06AFA4FF07E5119F0B2F965
:10D2E000B84919F0B7FA15F031FD494605464FF037
:10D2F000804019F0A5F9414619F0A4F918F0FCFD99
:10D3000080463046894618F0F7FD02460B464046F7
:10D31000494618F093FC80462846894618F0ECFDF3
:10D3200002460B464046494618F088FC804638467F
:10D33000894618F0CFFD02460B464046494618F094
:10D340007DFC87A3D3E9002318F078FC024617463A
:10D35000884620460021CDE9027809F039FB0021FA
:10D360000646204609F008FB19F020FA964919F004
:10D3700025FB0546304619F019FA0146284619F0F2
:10D3800061F90021034620461C4609F00BFB19F009
:10D390000DFA8E4919F012FB214619F053F918F0D5
:10D3A000ABFD8B4BCDE9000100223846414618F019
:10D3B00045FC15F0FDFB6CA3D3E9002304460D46A4
:10D3C00019F082F858B36AA3D3E90023204629460E
:10D3D00018F032FC68A3D3E9002318F00FFF19F00E
:10D3E00093F818F077FD7B4B002206460F4618F0A5
:10D3F000DBFD15F0DDFB02460B46204629461446B0
:10D400001D460022744B18F019FC32463B4618F0BA
:10D4100015FC22462B4618F00FFC04460D4658A377
:10D42000D3E900232046294618F008FC56A3D3E987
:10D43000002304460D4618F0FFFB55A3D3E9002353
:10D4400018F0DCFE15F0B4FB51A3D3E900238246AB
:10D450008B4618F0A9FD15F0ABFB02460B462046A3
:10D46000294618F0E9FB4CA3D3E9002306460F46F2
:10D4700018F0C4FE15F09CFB47A3D3E900238046B7
:10D48000894618F091FD15F093FB002204460D46E5
:10D4900000233046394618F0D1FB22462B4618F0BF
:10D4A000CBFB15F085FB19F02FF84C4B04460022FE
:10D4B0004046494618F0EAFF002840F0B282484B47
:10D4C00000224046494618F0B7FB19F01DF8064601
:10D4D000304619F06BF94349054619F077FB0028EF
:10D4E00000F0A9822EA3D3E900235046594618F034
:10D4F000A3FB19F009F80746731E012B05D806F1A6
:10D500000C0019F053F9013F0546384619F04EF961
:10D510002949064619F052FA15F018FC27498246A7
:10D52000304619F04BFA15F011FC2549814630467A
:10D5300019F090F915F00AFC4FF07E51804628460C
:10D5400019F080F81F4919F085F915F0FFFB16A3B3
:10D55000D3E900230546DDE9020118F06DFB43E045
:10D5600000000080A2423A41000000008C8A414144
:10D5700000000040D07D3C410000000088D5E14023
:10D580000000000000D097400000006066865E400A
:10D590000000000000D4764000000020A0993E402A
:10D5A00000000000006CB240000000802CB442413A
:10D5B000F092FF1F7091FF1F0000C8420000C84397
:10D5C00000A0B64301CDF441000070420000614567
:10D5D0000000E03F0000D03F0000F03F00002B4083
:10D5E00000002A4000002040D94B06460F4600228A
:10D5F000DDE9000118F002FE02460B4630463946CE
:10D6000018F01CFB02460B46CDE90223B0A3D3E978
:10D61000002318F0F3FD02460B464FF080405146C0
:10D620009B46924619F00CF8494619F00BF818F091
:10D6300063FC064640460F4618F05EFC02460B4669
:10D640003046394618F0FAFA064628460F4618F0D2
:10D6500053FC02460B463046394618F0EFFA0646B0
:10D6600020460F4618F036FC02460B463046394637
:10D6700018F0E4FA98A3D3E9002318F0DFFA98A38E
:10D68000D3E9002318F0D8FA97A3D3E9002318F0C0
:10D690008BFC97A3D3E9002318F0D0FAAC4B0022FF
:10D6A0008046894618F006FF78B1A94D002440460F
:10D6B000494622462B4618F0BFFA22462B468046A2
:10D6C000894618F0F7FE0028F1D1002200234046D9
:10D6D000494618F0DBFE88B19D4F00260024002546
:10D6E0004046494632463B4618F0A8FA22462B46A9
:10D6F0008046894618F0CAFE0028F1D17EA3D3E9FE
:10D700000023DDE9000118F04FFC42464B4618F0BB
:10D7100095FA7BA3D3E9002304460D4650465946AB
:10D7200018F042FC52465B4618F03EFC02460B469F
:10D730002046294618F082FA854B002204460D4601
:10D7400018F0B8FE78B1824F002632463B4620469C
:10D75000294618F071FA32463B4604460D4618F049
:10D76000A9FE0028F1D1002200232046294618F006
:10D770008DFE98B1764F00264FF000084FF000095B
:10D7800032463B462046294618F058FA42464B4658
:10D7900004460D4618F07AFE0028F1D1DDE902AB0F
:10D7A00059A3D3E900235046594618F0FDFB024621
:10D7B0000B4657A1D1E9000118F03EFA56A3D3E970
:10D7C000002318F01BFD14F009FF55A3D3E9002333
:10D7D00006460F465046594618F0E6FB52A3D3E9D9
:10D7E000002318F02BFA02460B4618F027FA4AA33A
:10D7F000D3E9002318F002FD14F0F0FE4CA3D3E9A6
:10D800000023804689465046594618F0CDFB024613
:10D810000B4649A1D1E9000118F00EFA3EA3D3E965
:10D82000002318F0EBFC14F04DFE45A3D3E90023D0
:10D8300082468B463046394618F0B6FB42A3D3E900
:10D84000002306460F464046494618F0ADFB024607
:10D850000B463046394618F0EFF952465B4618F051
:10D86000A3FB22462B4618F0E9F9394B00228046EB
:10D87000894618F01FFE78B1354D002422462B460C
:10D880004046494618F0D8F922462B46804689463C
:10D8900018F010FE0028F1D100220023404649462E
:10D8A00018F0F4FD002855D0294F0026002400254B
:10D8B00032463B464046494618F0C0F922462B46C0
:10D8C0008046894618F0E2FD0028F1D142E000BF11
:10D8D00000000000A0D5E14000000080A2423A41D3
:10D8E000000000802CB44241000000E05BD2B03F59
:10D8F000000000801CCA1A40000000E0360BF03F18
:10D90000000000605243FB3E00000060C91CAB3FBA
:10D91000000000608F425F4000000020DCA54C400A
:10D92000000000E0718AEF3F000000208587714011
:10D93000000000A0F2D79A3E000000007670374049
:10D94000000000A0EEE734BF00000080732AF93E1B
:10D95000000038404249434B0022D1E90E0118F043
:10D960004DFC02460B464046494618F065F93E4BD1
:10D9700000228046894618F09DFD78B13A4D00247A
:10D9800022462B464046494618F056F922462B4679
:10D990008046894618F08EFD0028F1D10022002330
:10D9A0004046494618F072FD88B12F4F00260024EA
:10D9B000002532463B464046494618F03FF922468C
:10D9C0002B468046894618F061FD0028F1D1264B90
:10D9D00000224046494618F011FC1DA3D3E900235C
:10D9E00018F0E2FA18F090FD72B61D49086062B6B0
:10D9F00072B60A680B68C1E9042362B601F050FBF5
:10DA00001A4804F0ADFD1A4802F032FE012000F081
:10DA1000FBFB174802F028FE05B0BDE8F04FF4F715
:10DA200025BB144B00224046494618F005F918F072
:10DA30006BFD06464CE508A3D3E900235046594642
:10DA400018F0FAF818F060FD074655E5AFF30080CE
:10DA500000000000C07A604100000000006BB2408E
:10DA60007091FF1F00002E40000038406094FF1F9F
:10DA70003893FF1F0000F03F08B510F00BFFBDE822
:10DA8000084010F007BF00BF10B5154B93F84331A5
:10DA9000242B07D0582B1AD0212B10D0BDE81040D2
:10DAA000F4F7E4BA002420460021013410F042FFCC
:10DAB000B4F5006FF7D1BDE81040F4F797BA094B01
:10DAC0000122BDE8104083F8C026F4F78FBA01F0B8
:10DAD00013FB012001F070FDBDE81040F4F786BA99
:10DAE0001090FF1F3893FF1F08B510F0D3FEBDE85C
:10DAF000084010F0CFBE00BF38B5314B93F843312A
:10DB0000423B202B12D8DFE803F0151D11114E11F6
:10DB1000111111111111114854262C331111111129
:10DB2000111111111111111111113800BDE83840F6
:10DB3000F4F79CBA234802F087FD40B9BDE83840AD
:10DB4000F4F76ABA1F4802F087FD0028F6D0BDE856
:10DB50003840F4F74BBA1B4802F05AFD0028F6D1C2
:10DB6000ECE7184802F06CFDBDE83840F4F73EBA27
:10DB7000144B5B78002BEAD1E0E7124C00253820EB
:10DB8000A57000F015F9294610F0D4FE204602F0E9
:10DB90006FFDBDE83840F4F729BA0A4802F048FDA5
:10DBA0000028D4D1CAE7074802F05EFD0028CED194
:10DBB000C4E7044802F038FD0028C8D0BEE700BF23
:10DBC0001090FF1F3893FF1F08B510F063FEBDE8EB
:10DBD000084010F05FBE00BF2DE9F04F044685B04D
:10DBE00000F11A084FF000096F4B5FFA89F12170BC
:10DBF0001A78C820702300FB023010F09BFE2578B5
:10DC000005EB450505EBC5050022002305F10A06D5
:10DC1000C4E90223304610F073FE18B130460021EB
:10DC200010F088FE05F10B06304610F069FE18B1C1
:10DC30003046002110F07EFE05F10C06304610F053
:10DC40005FFE18B13046002110F074FE0D352846F5
:10DC500010F056FE18B12846002110F06BFE50A3BC
:10DC6000D3E90023D4E9020118F0C8FA06460F46AA
:10DC700014F028FCC4E90C013046394614F0AEFC1F
:10DC8000257805EB450505EBC5050022002305F1C8
:10DC90000E06C4E90E01C4E90423304610F030FE3C
:10DCA00018B13046002110F045FE05F10F06304650
:10DCB00010F026FE18B13046002110F03BFE05F1B1
:10DCC0001006304610F01CFE18B13046002110F04E
:10DCD00031FE1135284610F013FE18B128460021F8
:10DCE00010F028FE207800EB400000EBC005002774
:10DCF00005F112062783304610F002FE18B13946AE
:10DD0000304610F017FE1335284610F0F9FD0028B4
:10DD10003ED122780023E3621B20142300FB023053
:10DD2000782110F007FE21494A4601A81AF088FE22
:10DD300001A940461BF096F8A0EB08000E281ED85B
:10DD4000264616F8197B07EB470707EBC707A6F12E
:10DD5000040AAAEB040ABA44504610F0D1FD354635
:10DD600016F801BF83455946504601D010F0E2FD38
:10DD700040461BF025FB183D2D1BA842E7DAB9F100
:10DD8000000F02D14FF001092EE705B0BDE8F08F7A
:10DD90002846002110F0CEFDBBE700BFAFF30080A6
:10DDA00000000020DCA54C403093FF1F7CFA0200ED
:10DDB000034B1B78C82202FB03006430704700BF8E
:10DDC0003093FF1FC82303FB01006430704700BF7E
:10DDD000F8B56A4B1D7805F12204240104F10C000A
:10DDE00010F08EFDA0F10100654BB0FA80F0400903
:10DDF00083F89804204610F083FD00260346601C3B
:10DE000063F3070610F07CFD60F30F26A01C10F0F2
:10DE100077FD0346E01C63F3174610F071FD60F3D5
:10DE20001F663146304618F0A9FE68B155493046A4
:10DE300018F0CCFE40B95449304618F0A9FE18B984
:10DE4000304618F059F801E0002000214F4BC3E99B
:10DE50000001201D10F054FD00260346601D63F3F1
:10DE6000070610F04DFD60F30F26A01D10F048FDD1
:10DE70000346E01D63F3174610F042FD60F31F6692
:10DE80003146304618F07AFE68B13E49304618F007
:10DE90009DFE40B93C49304618F07AFE18B930462C
:10DEA00018F02AF801E000200021394F47E902016B
:10DEB00004F1080010F024FD002660F3070604F1C9
:10DEC000090010F01DFD60F30F2604F10A0010F0A8
:10DED00017FD034604F10B0063F3174610F010FD25
:10DEE00060F31F663146304618F048FE68B1254998
:10DEF000304618F06BFE40B92349304618F048FE12
:10DF000018B9304617F0F8FF01E000200021214B3E
:10DF100005F19004A40043E90201204610F0F0FC52
:10DF200000250346601C63F3070510F0E9FC60F36D
:10DF30000F25A01C10F0E4FC0346E01C63F317451A
:10DF400010F0DEFC60F31F652946284618F016FE27
:10DF500078B10C49284618F039FE50B90A492846CC
:10DF600018F016FE28B9284617F0C6FFC7E90001C9
:10DF7000F8BD00200021C7E90001F8BD3093FF1F64
:10DF80003893FF1FC2B8B23DC2B8B2BDD897FF1FC9
:10DF9000E897FF1FF897FF1F2DE9F843784B794E5C
:10DFA000D3E90001347818F0F7FA22342401054649
:10DFB000204610F0A5FCEFB2874203D03946204638
:10DFC00010F0B8FC04F10108404610F099FCC5F3CC
:10DFD0000727874203D03946404610F0ABFC04F1D6
:10DFE0000208404610F08CFCC5F30747874203D077
:10DFF0003946404610F09EFC0334204610F080FC69
:10E000002D0E854203D02946204610F093FC5E4F2A
:10E01000357857E9020118F0BFFA22352D0105F1D4
:10E0200004095FFA80F80446484610F069FC804510
:10E0300003D04146484610F07DFC05F105094846ED
:10E0400010F05EFCC4F30728804503D041464846E3
:10E0500010F070FC05F10609484610F051FCC4F3BD
:10E060000748804503D04146484610F063FC073519
:10E07000284610F045FC240E844203D02146284651
:10E0800010F058FC414B357853E9020118F084FA3E
:10E0900022352D0105F108095FFA80F8044648464B
:10E0A00010F02EFC804503D04146484610F042FC5B
:10E0B00005F10909484610F023FCC4F30728804500
:10E0C00003D04146484610F035FC05F10A094846A0
:10E0D00010F016FCC4F30748804503D0414648467B
:10E0E00010F028FC0B35284610F00AFC240E844260
:10E0F00003D02146284610F01DFCD7E900013478F2
:10E1000018F04AFA9034A4000546204610F0F8FBB7
:10E11000EFB2874203D03946204610F00BFC04F1E1
:10E120000108404610F0ECFBC5F30727874203D0F7
:10E130003946404610F0FEFB04F10208404610F05C
:10E14000DFFBC5F30747874203D03946404610F04E
:10E15000F1FB0334204610F0D3FB2D0E854203D093
:10E160002946204610F0E6FB3078094B000193F871
:10E17000981400F50B70BDE8F84310F0DBBB00BF4E
:10E18000D897FF1F3093FF1FE897FF1FF897FF1FD7
:10E190003893FF1F2DE9F843184B1949C0EB0016BF
:10E1A0001E44024630461AF04BFC30461BF008F97C
:10E1B0000E2820D8134B93F8008008EB880808EB52
:10E1C0008808771E4FEAC80807F1F2054544AD1BE1
:10E1D000284610F095FB3C4617F8019F81454946BB
:10E1E000284601D010F0A6FB30461BF0E9F80234B7
:10E1F000A41BA042E8DABDE8F88300BF4F93FF1FDD
:10E2000010FC02003093FF1F2DE9F04FAC4CE3B03F
:10E210000023002205930493039302930193009338
:10E22000194684F8782406461A4604F5A4700EF0C0
:10E2300083F9234604F1480200200021C3E96C0160
:10E24000C3E96E01C3E9700118339342F6D19D4BC7
:10E2500043E902019C4B1D7805EB850505EB85051F
:10E26000ED00002705F59478C4E9CE01C4E9A201C8
:10E27000C4E9A401C4E9A6010023A4F8307384F81A
:10E28000327384F8607484F87074404684F88F7434
:10E2900084F89074C4F8943410F032FB012800F034
:10E2A0001D81874805F0FEFE00282ED087490022F8
:10E2B000D1E90201002318F0FDF8002800F0648283
:10E2C000002600270024002522462B46CDE90445E0
:10E2D000CDE90267CDE900457D480EF045FE70A30B
:10E2E000D3E9002330463946CDE9044517F0A6FCB2
:10E2F000CDE90045CDE9020169A3D3E900237448C3
:10E300000EF032FE63B0BDE8F08F704BD3E902A986
:10E3100065A3D3E900235046494617F045FE02465F
:10E320000B46CDE90E235046494690461D46002235
:10E33000002318F0BFF80026002800F02382654F64
:10E3400094F814314BB1644B504629F0004100223F
:10E3500018F0BAF8002840F0F881A37D4FF0000AC9
:10E36000012BCDF810A000F013824DA3D3E90023B8
:10E370000FF23C19D9E90089CDE90223CDE90089E2
:10E380000022002346A80AF0A7FEDDE90E2346A9D5
:10E3900016A80AF0C9FE16A80AF0BCFC32463B4695
:10E3A00017F002FE044616A80D460AF0B7FC3246E6
:10E3B0003B4617F0F9FDCDE90045CDE90201002209
:10E3C000002322A80BF0E0F83BA3D3E90023CDE91A
:10E3D0000089CDE90223CDF810A00022002354A823
:10E3E0000AF07AFEDDE90E2354A92EA80AF09CFE5D
:10E3F0002EA80AF08FFC32463B4617F0D5FD0446A6
:10E400002EA80D460AF08AFC32463B4617F0CCFD9A
:10E41000CDE90045CDE90201002200233AA80BF026
:10E42000B3F846A80BF0ACF8044646A80D460BF02E
:10E4300093F8064622A80F460BF0F8F9804622A86A
:10E4400089460BF0E9F922462B46CDE90401CDE9D6
:10E450000289CDE900671E480EF086FD54A80BF036
:10E460008FF8044654A80D460BF076F806463AA8F5
:10E470000F460BF0DBF980463AA889460BF0CCF941
:10E48000CDE90289CDE90401CDE9006710482246B3
:10E490002B460EF069FD63B0BDE8F08FAFF300804E
:10E4A00000000060FB21F93F000000A046DF913F23
:10E4B00000000060FB21E93F000000807CD9124091
:10E4C0003893FF1FA897FF1F3093FF1FF092FF1F85
:10E4D0008094FF1F0000F03F00002440002E40F019
:10E4E000BB8105F5827010F00BFA002660F3070679
:10E4F00005F2051010F004FA60F30F2605F583709D
:10E5000010F0FEF960F3174605F2071010F0F8F965
:10E5100060F31F6605F5847010F0F2F9002760F3D0
:10E52000070705F2091010F0EBF960F30F2705F566
:10E53000857010F0E5F960F3174705F20B1010F045
:10E54000DFF960F31F6705F5867010F0D9F94FF019
:10E55000000860F3070805F20D1010F0D1F960F320
:10E560000F2805F5877010F0CBF960F3174805F216
:10E570000F1010F0C5F960F31F6805F5887010F0F2
:10E58000BFF94FF0000960F3070905F2111010F010
:10E59000B7F960F30F2905F5897010F0B1F960F350
:10E5A000174905F2131010F0ABF960F31F6905F578
:10E5B0008A7010F0A5F94FF0000A60F3070A05F21F
:10E5C000151010F09DF960F30F2A05F58B7010F00F
:10E5D00097F960F3174A05F2171010F091F960F3FC
:10E5E0001F6A05F58C7010F08BF94FF0000B60F38B
:10E5F000070B05F2191010F083F960F30F2B05F5E6
:10E600008D7010F07DF960F3174B05F21B1010F0C0
:10E6100077F9002360F31F6B05F58E70069310F0F9
:10E620006FF9069B60F3070305F21D10099306932B
:10E6300010F066F9069B60F30F2305F58F700993C0
:10E64000069310F05DF9069B60F3174305F21F1067
:10E650000993069310F054F9069B002260F31F63A0
:10E6600005F590700D930C93069210F049F9069AF7
:10E6700060F3070205F221100992069210F040F9AA
:10E68000069A60F30F2205F591700992069210F038
:10E6900037F9069A60F3174205F2231009920692A1
:10E6A00010F02EF9069A002160F31F6205F59270B2
:10E6B0000B920A92069110F023F9069960F3070174
:10E6C00005F225100991069110F01AF9069960F3E8
:10E6D0000F2105F593700991069110F011F9069933
:10E6E00060F3174105F227100991069110F008F91F
:10E6F00006990A9A0C9B049260F31F619A4805914F
:10E700003A46314605460393A0F54A704346CDF894
:10E7100008B0CDF804A0CDF800900DF00DFFA5F5E0
:10E720004A700DF041FF914B1D7820352D0105F108
:10E730000C0010F0E5F80128064600F09A8001234D
:10E7400084F8783463B0BDE8F08FCDF838800DF1EF
:10E7500040088749404625F000450F9501F08CFFA1
:10E7600012AB0FCB8DE80F000EA898E80C0009F053
:10E77000DBFFDDE90E0132463B4617F015FCCDE923
:10E780000E01EAE57B4FDBE56FA7D7E9006799E566
:10E790006FA5D5E900450FF2C019D9E9008900221B
:10E7A000CDE900890023CDE9024546A80AF094FC92
:10E7B000DDE90E2346A916A80AF0B6FC16A80AF051
:10E7C000A9FA32463B4617F0EFFB02460B4616A865
:10E7D000CDE906230AF0A2FA32463B4617F0E4FBE5
:10E7E00022462B4617F028FADDE90623CDE902017F
:10E7F000CDE9002322A8002200230AF0C5FE58A379
:10E80000D3E90023CDE90089CDE90223CDF810A09A
:10E810000022002354A80AF05FFCDDE90E2354A96E
:10E820002EA80AF081FC2EA80AF074FA32463B4664
:10E8300017F0BAFB80462EA889460AF06FFA3246D6
:10E840003B4617F0B1FB22462B4617F0F5F9CDE910
:10E850000089CDE90201DFE53946404610F06AF84B
:10E86000424B1B781B01394603F5037010F062F828
:10E8700017E5284610F044F8002760F30707681CE6
:10E8800010F03EF860F30F27A81C10F039F860F381
:10E890001747E81C10F034F860F31F67281D10F0CC
:10E8A0002FF84FF0000960F30709681D10F028F8F1
:10E8B00060F30F29A81D10F023F860F31749E81D35
:10E8C00010F01EF860F31F6905F1080010F018F849
:10E8D0004FF0000860F3070805F1090010F010F888
:10E8E00060F30F2805F10A0010F00AF860F31748EA
:10E8F00005F10B0010F004F860F31F68384617F0BC
:10E90000FBFAC4E9A201484617F0F6FAC4E9A401EB
:10E91000404617F0F1FAC4E9A6013846002118F084
:10E920002DF958B14846002118F028F930B10021DE
:10E93000404618F023F9B0FA80F6760984F890641E
:10E94000FDE600BFAFF3008000000060FB2109403E
:10E9500000000060FB21F93F00000060FB21E93F5F
:10E96000000000807CD91240A897FF1F3093FF1F42
:10E970003893FF1F0000F0BFF0B52B4D8FB0294634
:10E9800008A800260027CDE9066701F085FE0DF1F5
:10E99000200CBCE80F00EE46AEE80F009CE8030038
:10E9A00000228EE8030006A905F5A4700FF0B2FA64
:10E9B0000446C8B118A3D3E90023DDE9060117F026
:10E9C000F3FA17A3D3E9002317F0EEFA17F0E4FDEA
:10E9D0003246C5F894043B46D5E9A20117F04CFD38
:10E9E00028B9204685F8900420460FB0F0BDD5E93F
:10E9F000A40132463B4617F03FFD0028F1D0D5E98F
:10EA0000A60132463B4617F037FDB0FA80F04009C8
:10EA1000E8E700BFAFF3008000000020DCA54C4019
:10EA2000000000000020AC403893FF1F2DE9F04F9C
:10EA3000DFF83CA0DFF83C809AF8002098F87814C2
:10EA400099B04FF49473C82000FB023000230F9359
:10EA50001093119312931393149315931693179382
:10EA60000FF068FF98F87834002B40F0048303E03F
:10EA70003093FF1F3893FF1F9AF800400F9D04EB5F
:10EA8000840404EB8404E40004F5827738460FF034
:10EA900037FFEEB2864203D0314638460FF04AFFC8
:10EAA00004F2051738460FF02BFFC5F30726864200
:10EAB00003D0314638460FF03DFF04F583773846E2
:10EAC0000FF01EFFC5F30746864203D03146384695
:10EAD0000FF030FF04F2071420460FF011FF2D0E47
:10EAE000854203D0294620460FF024FF9AF80040C3
:10EAF000109D04EB840404EB8404E40004F58477A3
:10EB000038460FF0FDFEEEB2864203D0314638465D
:10EB10000FF010FF04F2091738460FF0F1FEC5F3AD
:10EB20000726864203D0314638460FF003FF04F52E
:10EB3000857738460FF0E4FEC5F30746864203D0DA
:10EB4000314638460FF0F6FE04F20B1420460FF063
:10EB5000D7FE2D0E854203D0294620460FF0EAFE4F
:10EB60009AF80040119D04EB840404EB8404E40053
:10EB700004F5867738460FF0C3FEEEB2864203D026
:10EB8000314638460FF0D6FE04F20D1738460FF026
:10EB9000B7FEC5F30726864203D0314638460FF04C
:10EBA000C9FE04F5877738460FF0AAFEC5F307467D
:10EBB000864203D0314638460FF0BCFE04F20F14F3
:10EBC00020460FF09DFE2D0E854203D0294620469B
:10EBD0000FF0B0FE9AF80040129D04EB840404EBA1
:10EBE0008404E40004F5887738460FF089FEEEB21D
:10EBF000864203D0314638460FF09CFE04F21117CE
:10EC000038460FF07DFEC5F30726864203D0314615
:10EC100038460FF08FFE04F5897738460FF070FE06
:10EC2000C5F30746864203D0314638460FF082FED0
:10EC300004F2131420460FF063FE2D0E854203D01C
:10EC4000294620460FF076FE9AF80040139D04EB0B
:10EC5000840404EB8404E40004F58A7738460FF05A
:10EC60004FFEEEB2864203D0314638460FF062FEC8
:10EC700004F2151738460FF043FEC5F30726864207
:10EC800003D0314638460FF055FE04F58B773846F1
:10EC90000FF036FEC5F30746864203D031463846AC
:10ECA0000FF048FE04F2171420460FF029FE2D0E37
:10ECB000854203D0294620460FF03CFE9AF80040DA
:10ECC000149D04EB840404EB8404E40004F58C77C5
:10ECD00038460FF015FEEEB2864203D03146384674
:10ECE0000FF028FE04F2191738460FF009FEC5F39D
:10ECF0000726864203D0314638460FF01BFE04F546
:10ED00008D7738460FF0FCFDC5F30746864203D0E9
:10ED1000314638460FF00EFE04F21B1420460FF069
:10ED2000EFFD2D0E854203D0294620460FF002FE4E
:10ED30009AF80040159D04EB840404EB8404E4007D
:10ED400004F58E7738460FF0DBFDEEB2864203D035
:10ED5000314638460FF0EEFD04F21D1738460FF02D
:10ED6000CFFDC5F30726864203D0314638460FF063
:10ED7000E1FD04F58F7738460FF0C2FDC5F3074675
:10ED8000864203D0314638460FF0D4FD04F21F14FA
:10ED900020460FF0B5FD2D0E854203D029462046B2
:10EDA0000FF0C8FD9AF80040169D04EB840404EBB4
:10EDB0008404E40004F5907738460FF0A1FDEEB22C
:10EDC000864203D0314638460FF0B4FD04F22117D5
:10EDD00038460FF095FDC5F30726864203D031462D
:10EDE00038460FF0A7FD04F5917738460FF088FDFF
:10EDF000C5F30746864203D0314638460FF09AFDE8
:10EE000004F2231420460FF07BFD2D0E854203D023
:10EE1000294620460FF08EFD9AF80040179D04EB1E
:10EE2000840404EB8404E40004F5927738460FF080
:10EE300067FDEEB2864203D0314638460FF07AFDC8
:10EE400004F2251738460FF05BFDC5F3072686420E
:10EE500003D0314638460FF06DFD04F59377384600
:10EE60000FF04EFDC5F30746864203D031463846C3
:10EE70000FF060FD04F2271420460FF041FD2D0E27
:10EE8000854203D0294620460FF054FD98F8785467
:10EE9000002D49D0D8E9A24500220023204629466A
:10EEA00017F0EAFAD8E9A46758BBD8E9A689294639
:10EEB000204617F071FB3946034630461E4617F0D0
:10EEC0006BFB49460446404617F066FBC2B2089207
:10EED000C0F307220992C0F307420A92020E0B9276
:10EEE000230EC4F30742F1B2C6F3072BC6F307495A
:10EEF0005FFA84F8C4F307270C920D93360E0125B0
:10EF00001EE0002200233046394617F0B5FAD8E952
:10EF1000A6890028CBD0002200234046494617F09E
:10EF2000ABFA0028C3D000252E46A946AB46294699
:10EF30000D950C952F46A8460B950A9509950895B1
:10EF40009AF8004007912034240120460FF0D8FCA5
:10EF50000799884202D020460FF0ECFC631C18464B
:10EF600007930FF0CDFC584504D0079B594618462F
:10EF70000FF0E0FC04F1020B58460FF0C1FC4845CD
:10EF800003D0494658460FF0D5FC033420460FF015
:10EF9000B7FCB04203D0314620460FF0CBFC9AF8C4
:10EFA000004020342401261D30460FF0A9FC4045C6
:10EFB00003D0414630460FF0BDFC661D30460FF0D1
:10EFC0009FFCB84203D0394630460FF0B3FCA61D73
:10EFD00030460FF095FC0C9B984203D01946304602
:10EFE0000FF0A8FC073420460FF08AFC0D9B9842D6
:10EFF00003D0194620460FF09DFC9AF800402034BB
:10F00000240104F1080630460FF07AFC089B984270
:10F0100003D0194630460FF08DFC04F10906304646
:10F020000FF06EFC099B984203D0194630460FF052
:10F0300081FC04F10A0630460FF062FC0A9B9842FC
:10F0400003D0194630460FF075FC0B3420460FF004
:10F0500057FC0B9B984203D0194620460FF06AFCE0
:10F060009AF800000001294600F503700FF062FCD9
:10F0700019B0BDE8F08F16AB17AA049314AB15A90D
:10F080000592029313AA12AB03910192009310AA66
:10F0900011AB0FA908F5A4700DF014FAECE400BF51
:10F0A00010B50E4C0022D4F84C37C4F8C8262046C0
:10F0B000C4F8183704F0F6FF60B1094A094B0A4852
:10F0C0000A49C4F80807C4F80C17C4F85827C4F84C
:10F0D0005C3710BD064A074BF1E700BF3893FF1FAE
:10F0E0000000A0C10000B442000034C3000034435B
:10F0F0000000B4C200008743704700BF2DE9F84309
:10F10000614E624D347804EB840404EB8404E40023
:10F1100004F1D00840460FF0F3FB95F82876013F44
:10F12000FFB2032F98BF5A4A03B203EB830398BF81
:10F1300052F8272003EB83034FEA830388BF0022A2
:10F140009342C5F8183600F28B80C72B40F28880B6
:10F1500004F1D1084FF00009404685F81C960FF0E5
:10F16000CFFB032F98BF4A4A03B203EB830398BF38
:10F1700052F8272003EB83034FEA830388BF4A46F4
:10F180009342C5F810365CD8C72B5AD904F1DE0873
:10F190004FF00009404685F814960FF0B1FB95F842
:10F1A0006876013FFFB2032F98BF394A03B203EBE1
:10F1B000830398BF52F8272003EB83034FEA8303AE
:10F1C00088BF4A469342C5F8583627D8C72B25D959
:10F1D000DF340026204685F85C660FF091FB032F94
:10F1E00098BF2B4A03B203EB830398BF52F8276002
:10F1F00003EB83039B00B342C5F8503601D8C72BFD
:10F2000007D84FF47A730A212046C5F850360FF01C
:10F2100091FB002385F85436BDE8F8834FF47A73E8
:10F220000A214046C5F858360FF084FB347895F82B
:10F23000687604EB8404013F04EB8404FFB2E4002D
:10F24000C6E74FF47A730A214046C5F810360FF02E
:10F2500071FB347804EB840404EB8404E40095E748
:10F260004FF47A730A214046C5F818360FF062FB56
:10F27000347895F8287604EB8404013F04EB840489
:10F28000FFB2E40064E700BF3093FF1F3893FF1F15
:10F290001CFC02002DE9F047DFF81483C54D98F8F7
:10F2A000007007EB870404EB8404E40004F1D20A45
:10F2B00050460FF025FB04F1D309C6B248460FF0C3
:10F2C0001FFB60F30F26B6B2B6F57A7F80F0D280CE
:10F2D000C5F8206604F1E00A50460FF011FB04F176
:10F2E000E109C6B248460FF00BFB60F30F26B6B239
:10F2F000B6F57A7F80F01B81C5F8606604F1D50011
:10F300000FF0FEFAA0F11003302B00F20181C5F8D6
:10F31000240604F1E3000FF0F3FAA0F11003302B00
:10F3200000F2E780C5F86406C82607FB066630468B
:10F330000FF0E6FA002760F30707701C0FF0E0FA01
:10F3400060F30F27B01C0FF0DBFA60F31747F01CD7
:10F350000FF0D6FA4FF0000960F31F6704F1CC00FC
:10F36000C5F8FC7585F800960FF0CAFAC6B204F12C
:10F37000CD000FF0C5FA60F30F26B6B2C5F80466EB
:10F3800004F1CE06304685F808960FF0B9FA431E10
:10F39000DBB2072B00F2988085F80906002704F1FC
:10F3A000CF0085F80A760FF0ABFAC01B18BF01201A
:10F3B00085F80B0604F1D40085F80C760FF0A0FA5E
:10F3C000C01B18BF012085F80D0604F1D60085F892
:10F3D0000E760FF095FA3E4660F3070604F1D7006B
:10F3E0000FF08EFA60F30F2604F1D8000FF088FAC0
:10F3F00060F3174604F1D9000FF082FA60F31F663C
:10F4000004F1DA00C5F83C6685F840760FF078FA2A
:10F41000C6B204F1DB000FF073FA60F30F26B6B248
:10F42000C5F8446604F1DC06304685F848760FF0EE
:10F4300067FA431EDBB2072B32D885F8490600264F
:10F4400004F1DD0085F84A660FF05AFA831B18BFF5
:10F45000012304F1E20085F84B3685F84C660FF085
:10F460004FFA801B18BF012085F84D0685F84E66BF
:10F47000BDE8F08700245046C5F820460FF040FA5A
:10F48000002840F0898048460FF03AFA002877D1EA
:10F4900098F8007007EB870404EB8404E40019E794
:10F4A0000427304685F849760FF02AFAB842C6D0CC
:10F4B000394630460FF03EFA98F8004004EB8404D9
:10F4C00004EB8404E400BAE70427304685F80976A3
:10F4D0000FF016FAB8423FF461AF394630460FF0EC
:10F4E00029FA98F8004004EB840404EB8404E40057
:10F4F00054E7102104F1E000C5F864160FF01AFA81
:10F5000098F8007007EB870404EB8404E4000BE731
:10F51000102104F1D200C5F824160FF00BFA98F868
:10F52000007007EB870404EB8404E400F1E6002498
:10F530005046C5F860460FF0E3F9B8B948460FF0F9
:10F54000DFF938B998F8007007EB870404EB8404FE
:10F55000E400D3E6002148460FF0ECF998F800707B
:10F5600007EB870404EB8404E400C7E65046214619
:10F570000FF0E0F948460FF0C3F90028E2D0E9E7C0
:10F58000002148460FF0D6F998F8007007EB870481
:10F5900004EB8404E4009DE6504621460FF0CAF9CE
:10F5A00048460FF0ADF900283FF472AFE8E700BF1E
:10F5B0003093FF1F3893FF1F2DE9F041D24C84B0E8
:10F5C00006460125FFF766FE00223146204605F07B
:10F5D0001BFD29460420D4F8046694F8097684F8C3
:10F5E00028560FF0A5FD294604200FF06DFD44209C
:10F5F0000FF026FB4FF096081522C8238DE80C016A
:10F60000314603230222054600260BF0CDFD0623DA
:10F610001822CDE90036284608230221C4F82C56CA
:10F620000BF03CFED4F82C0631460BF0D5FE3846E4
:10F6300016F050FC0B4602464FF08041002012F0BD
:10F64000EDFC16F061FF94F92836013B0146032BCF
:10F650000AD8DFE813F041013B0104003501D4F87A
:10F66000340689B20CF0E6FBD4F82C06FF223F21C9
:10F670000BF06CFC00254FF4F07203210123CDE95F
:10F680000015D4F82C0611460BF014FF2946D4F8C7
:10F690002C060BF0A1FFD4F82C060BF043F9012641
:10F6A000294604200FF010FD31461220D4F844768C
:10F6B00094F8498684F868660FF03AFD31461220C6
:10F6C0000FF002FD44200FF0BBFA96233946029357
:10F6D0000627C823064601931422132300970BF034
:10F6E00063FD082318223046022101950097C4F8D3
:10F6F0006C660BF0D3FDD4F86C0629460BF06CFE5B
:10F70000404616F0E7FB0B4602464FF080410020D2
:10F7100012F084FC16F0F8FE94F96836013B0146BD
:10F72000032B08D8DFE803F0C7C102BBD4F8740686
:10F7300089B20CF07FFBD4F86C06FF223F210BF05E
:10F7400005FC00254FF4F07203210123CDE90015DB
:10F75000D4F86C0611460BF0ADFE2946D4F86C06C1
:10F760000BF03AFFD4F86C060BF0DCF829461220B7
:10F770000FF0AAFCFFF7C2FC94F928365A1ED2B249
:10F78000032A1ED86148D4F8181650F82220023BEC
:10F79000914228BF1146022B00F2AA80DFE803F055
:10F7A0006F5F0200084616F085FB55A3D3E90023DE
:10F7B00016F024FD16F0D0FE81B2D4F838060CF015
:10F7C0005FFA94F968365A1ED2B2032A02D904B0FD
:10F7D000BDE8F0814D48D4F8581650F82220023B7D
:10F7E000914228BF1146022B7BD8DFE803F01402B8
:10F7F0002600084616F05EFB41A3D3E9002316F06D
:10F80000FDFC16F0A9FE81B2D4F8740604B0BDE880
:10F81000F0410CF035B9084616F04CFB38A3D3E99B
:10F82000002316F0EBFC16F097FE81B2D4F87006B8
:10F8300004B0BDE8F0410CF0A3BA084616F03AFB5C
:10F840002FA3D3E9002316F0D9FC16F085FE81B270
:10F85000D4F8780604B0BDE8F0410CF011BA0846BF
:10F8600016F028FB26A3D3E9002316F0C7FC16F0F8
:10F8700073FE81B2D4F834060CF002F9A1E7084611
:10F8800016F018FB1EA3D3E9002316F0B7FC16F000
:10F8900063FE81B2D4F830060CF072FA91E7D4F826
:10F8A000780689B20CF030FA45E7D4F8700689B2D0
:10F8B0000CF0C0FA3FE7D4F86C060BF0B7FB3AE760
:10F8C000D4F8380689B20CF01FFACDE6D4F8300629
:10F8D00089B20CF0AFFAC7E6D4F82C060BF0A6FB01
:10F8E000C2E6D4F86C0604B0BDE8F0410BF01CBAD7
:10F8F000D4F82C060BF018FA63E700BFAFF30080D2
:10F90000CD3B7F669EA0F63F3893FF1F1CFC020094
:10F9100070B58D4C257805EB850505EB8505ED006B
:10F9200005F1D20630460EF0EBFF18B1002130464B
:10F930000FF000F8D33528460EF0E2FF18B1002191
:10F9400028460EF0F7FF2078D523C82505FB0030A8
:10F9500010210EF0EFFF237803FB055528460EF02B
:10F96000CFFF402803D0402128460EF0E3FF6E1C55
:10F9700030460EF0C5FF772803D0772130460EF0D1
:10F98000D9FFAE1C30460EF0BBFF1B2803D01B2155
:10F9900030460EF0CFFF033528460EF0B1FF18B108
:10F9A000002128460EF0C6FF257805EB850505EBFE
:10F9B0008505ED0005F1CC0630460EF0A1FFC82804
:10F9C00003D0C82130460EF0B5FFCD3528460EF0E5
:10F9D00097FF18B1002128460EF0ACFF2078C8250B
:10F9E000CE2305FB003004210EF0A4FF2078CF23A6
:10F9F00005FB003000210EF09DFF2078D12305FB90
:10FA000000300A210EF096FF2078D02305FB00304D
:10FA10000A210EF08FFF2078D42305FB003000214F
:10FA20000EF088FF257805EB850505EB8505ED00D3
:10FA300005F1D20630460EF063FF18B100213046C2
:10FA40000EF078FFD33528460EF05AFF18B100218A
:10FA500028460EF06FFF2278E323C82000FB023017
:10FA600010210EF067FF257805EB850505EB850570
:10FA7000ED0005F1D60630460EF042FF402803D0D7
:10FA8000402130460EF056FF05F1D70630460EF005
:10FA900037FF772803D0772130460EF04BFF05F172
:10FAA000D80630460EF02CFF1B2803D01B21304611
:10FAB0000EF040FFD93528460EF022FF18B1002184
:10FAC00028460EF037FF257805EB850505EB850503
:10FAD000ED0005F1DA0630460EF012FFC82803D01B
:10FAE000C82130460EF026FFDB3528460EF008FF11
:10FAF00018B1002128460EF01DFF2078C825DC2310
:10FB000005FB003004210EF015FF2078DD2305FBF6
:10FB1000003000210EF00EFF2078DF2305FB0030BF
:10FB20000A210EF007FF2078DE2305FB00300A21B2
:10FB30000EF000FF2078E22305FB00300021BDE835
:10FB400070400EF0F7BE00BF3093FF1FF8B5AD4C0C
:10FB5000AD4E2078FEF71EFB2078C825642705FBF4
:10FB6000007001210EF0E6FE6FF0090220785B23A1
:10FB7000C6E94A23852305FB003076210EF0DAFE24
:10FB8000207896F82C11862305FB00300EF0D2FE6B
:10FB90002078982305FB003000210EF0CBFE207862
:10FBA000992305FB003000210EF0C4FE20789A2333
:10FBB00005FB003078210EF0BDFE20789B2305FB6D
:10FBC0000030B5210EF0B6FE06F5947002F008FD87
:10FBD00020786F2305FB003000210EF0ABFE20786B
:10FBE0009C2305FB003000210EF0A4FE20786E233C
:10FBF00005FB003000210EF09DFE20787A2305FBE6
:10FC0000003039460EF096FE20787B2305FB00304D
:10FC100004210EF08FFE20787C2305FB003010219C
:10FC20000EF088FE20787D2305FB003040210EF089
:10FC300081FE2078802305FB003003210EF07AFE40
:10FC4000257805EB850505EB8505ED0005F17E07BB
:10FC500038460EF055FE582803D0582138460EF08D
:10FC600069FE7F3528460EF04BFE022803D00221A4
:10FC700028460EF05FFE22788123C82000FB023068
:10FC80000A210EF057FE257805EB850505EB850565
:10FC9000ED0005F1BC0738460EF032FE592803D0BE
:10FCA000592138460EF046FE05F1BD0738460EF0E4
:10FCB00027FE792803D0792138460EF03BFE05F166
:10FCC000BE0738460EF01CFEF32803D0F321384659
:10FCD0000EF030FEBF3528460EF012FE18B100219E
:10FCE00028460EF027FE2078C8254FF4947305FBB4
:10FCF000003000210EF01EFE20786D2305FB003041
:10FD000000210EF017FE257805EB850505EB85052E
:10FD1000ED0005F1900738460EF0F2FD18B1002114
:10FD200038460EF007FE05F1910738460EF0E8FD63
:10FD300018B1002138460EF0FDFD05F19207384656
:10FD40000EF0DEFD18B1002138460EF0F3FD9335BC
:10FD500028460EF0D5FD18B1002128460EF0EAFD28
:10FD6000257805EB850505EB8505ED0005F1940784
:10FD700038460EF0C5FD18B1002138460EF0DAFD08
:10FD800005F1950738460EF0BBFD18B10021384645
:10FD90000EF0D0FD05F1960738460EF0B1FD18B112
:10FDA000002138460EF0C6FD973528460EF0A8FD16
:10FDB00018B1002128460EF0BDFD2078C825A523E6
:10FDC00005FB003000210EF0B5FD2078C72305FBB0
:10FDD000003002210EF0AEFDFFF79AFD227871236C
:10FDE00015FB023500272846A6F8147186F816710F
:10FDF0000EF086FD00B9F8BD39462846BDE8F8404A
:10FE00000EF098BD3093FF1F3893FF1F38B50020C8
:10FE10000EF076FD00240346012063F307040EF084
:10FE20006FFD0346022063F30F240EF069FD0346C5
:10FE3000032063F317440EF063FD294B60F31F6446
:10FE40009C4228D000242046002101340EF072FD8F
:10FE5000B4F5006FF7D1234D23480024FDF7BCFE15
:10FE60002C70FFF773FE01232B70FFF76FFE204607
:10FE70002C700EF045FD6A2828D101200EF040FDBF
:10FE8000542819D102200EF03BFD02280AD103208C
:10FE90000EF036FD00B938BDBDE838400021032022
:10FEA0000EF048BD022108460EF044FD03200EF07E
:10FEB00027FD0028EFD0EFE7542101200EF03AFD96
:10FEC00002200EF01DFD0228E1D0EBE76A2120465A
:10FED0000EF030FD01200EF013FD5428D2D0EBE7D8
:10FEE0006A5402003093FF1FF092FF1F2DE9F84380
:10FEF00004200EF005FD0128D14D00F2D7812870B5
:10FF0000D04C04F10F07C4F1F10630190EF0F8FCE3
:10FF100004F8010F002800F06C81A742F5D1CA4E09
:10FF20000020FEF737F9C94CC4F5DC7704F10F085F
:10FF3000013738190EF0E4FC04F8010F002800F036
:10FF40005281A045F5D10120FEF724F92C7804EB6D
:10FF5000840404EB8404E40004F1640738460EF0E2
:10FF6000CFFC431EDBB2032B00F2AA810023012841
:10FF7000B07586F8353000F0B281022802D004282E
:10FF800000F0BD8100220323727586F8793404F1F4
:10FF9000810840460EF0B4FC16F008FCAC4916F09F
:10FFA00059FC0021074616F0E9FD002840F02781A2
:10FFB000A849384616F00AFE002840F0208138464D
:10FFC00015F09AFFDFF8908248E9020104F18500FC
:10FFD0000EF096FCA0F1800304F18600C6F82831EB
:10FFE0000EF08EFCC6F82C0104F19B000EF088FC8C
:10FFF000034604F19800C6F840310EF081FC8038C9
:020000021000EC
:1000000016F0D4FB954916F025FC954916F0D6FC60
:1000100012F0DEFE16F0FAFD80EAE072A2EBE0726A
:10002000B52A0346A8BF3C23C6F8303104F1990035
:100030000EF066FC803816F0B9FB884916F00AFC11
:10004000874916F0BBFC12F0C3FE16F0DFFD80EA14
:10005000E072A2EBE072B52A034604F19A04A8BF4D
:100060003C23C6F8343120460EF04AFC16F09EFBC5
:100070007C4916F0A3FC7C49074616F089FD002850
:1000800040F0CF807949384616F0A0FD002840F0B6
:10009000C880384615F030FFC6E94E01744CD6F8DA
:1000A000FC0600220023274667E8282315F012FFEC
:1000B000C7E90001D6F84C0715F00CFF54E94C23B2
:1000C00044E90601A4F5026044E9222303F0EAFFB3
:1000D0002C78002800F0D68004EB8404022304EB83
:1000E000840486F80835E40004F190000EF008FC62
:1000F000002760F3070704F191000EF001FC60F3A4
:100100000F2704F192000EF0FBFB60F3174704F198
:1001100093000EF0F5FBDFF85C9160F31F674CF283
:10012000503807EB08034B4588BF002704F19400C3
:10013000C6F820750EF0E4FB002760F3070704F112
:1001400095000EF0DDFB60F30F2704F196000EF032
:10015000D7FB60F3174704F197000EF0D1FB60F373
:100160001F67B844C84588BF002704F17100C6F86E
:1001700024750EF0C5FB034603F0010286F8142136
:10018000C3F34002C3F3800304F1700086F8152125
:1001900086F816310EF0B4FB01463748032901708A
:1001A00040F28180FDF718FD00270123384686F8CC
:1001B000F83586F87C76FFF7FFF9234800F0DEFF7C
:1001C0002A78A523C82414FB02342046B523C6F898
:1001D00040310EF095FB142800F28780B060BDE836
:1001E000F843FDF7F5BD96F82630002B3FF4ABAE93
:1001F000ACE6154EF37D002B3FF492AE93E6164B22
:10020000DFF8789040461E214FF0000843E902894C
:100210000EF090FB2C7804EB840404EB8404E400DF
:10022000D4E6174B00222046C6E94E230EF068FBA9
:1002300078283FF433AF782120460EF07BFB2DE782
:100240003093FF1F4E93FF1F3893FF1F5D93FF1FD7
:10025000CDCCCC3D0000C8412899FF1F0000704262
:1002600000007041000020410000104100004041AA
:10027000589BFF1FA0860100F092FF1F000008405E
:100280000000284004EB840404EB8404E40004F13F
:100290006D000EF035FB431EDBB2022B28BF0120A0
:1002A00086F8080520E7FCF7DFFD7DE700242C70C9
:1002B000FFF74CFC01232B70FFF748FC2C701FE666
:1002C000012138460EF036FB2C7804EB8404012221
:1002D00004EB84040023B275E40086F83530022272
:1002E0000323727586F8793451E6204639460EF0BC
:1002F00021FB3846B060BDE8F843FDF769BD012237
:10030000737586F8792442E608B50EF0C3FABDE8A5
:1003100008400EF0BFBA00BF2DE9F84F04463C304C
:1003200009F034FFA84BA949DFF8A4B2DFF8A49282
:1003300000220020C4E94823C4E94601214604F50F
:100340009470002501F034FF0026002704F58E6329
:10035000C4E9A267C4E9A467C4E9A667C4E9CE6793
:10036000A4F8305384F8325384F8605443E90267A8
:100370004FF40033C4F878340023C4F8943404F5FF
:10038000946384F87054C4F87C54C4F88054C4F85E
:100390008454C4F88854C4F88C5484F8905484F875
:1003A0009854C3E9006704F5966343E90267C3E91B
:1003B000006704F5986343E90267214604F5A960E4
:1003C00001F040FCFF2384F8283684F8683604F5F1
:1003D000D063C4F82C56C4F83056C4F83456C4F868
:1003E0003856C4F86C56C4F87056C4F87456C4F83D
:1003F0007856C3E9006704F5D263A4F8885684F8F8
:100400008A5604F5EE62C3E900674FF0000A04F56E
:10041000FE63A4F8985684F89A56A4F868572146C3
:10042000C2E90067C2E916ABC2E9126704F67800B8
:10043000C2E914ABA4F8F057C3E90267C3E918ABEB
:10044000C3E91467C3E916AB00F0DEFB214604F6EE
:100450007C0005F0DBF9214604F5086003F02EF876
:100460004FF080734FF0010823604FF4407384F81D
:10047000168023822946C4E902552571A5821E22D1
:1004800004F1170018F0BEFB04F59A6384F8388075
:1004900084F87C54A4F8785484F83550E586A4F8A0
:1004A000145184F8165184F8C05443E90267C3E933
:1004B000006704F59C6343E90267C3E900674FF0F6
:1004C000000804F59E63C3E900890FF2EC09D9E93D
:1004D000008943E9026704F5A06384F8F854C3E98E
:1004E00000894FF00203A4F8083504F5A26804F56A
:1004F000A86304F5A46984F80A5504F5AA6284F88F
:100500000B55C8E900AB49E90267C4F82055C4F8A7
:100510002455C4F82855C4F82C55A4F8305543E99F
:1005200002AB2D4B84F8405584F8495584F8485562
:1005300004F5AC66C2E900AB002246E90223274B72
:100540000022C6E90023264B04F5AE6E00224EE9D8
:100550000223244B0022CEE900234FF07A53C4F843
:10056000E035214B4FF0040C04F5BE66002284F800
:1005700078C584F879C546E902231C4B84F8F85500
:1005800004F5D661002204F5D466A4F87C56C6E9C9
:100590000023C1E900230AA3D3E9002304F5D868A6
:1005A00041E90223204648E9022384F8C056BDE809
:1005B000F88F00BFAFF30080000000202B6F2E41AA
:1005C00000000000006AF84000805B40000024400A
:1005D0000000F03F00804640000010400000304026
:1005E0000000504000C08240000008400000284049
:1005F00000F67C0005F00CB900F67C0005F01CB993
:1006000000F5A96001F0A8BD00F5A96001F02CBBC0
:1006100000F5086002F054BF00F5086003F034B83C
:1006200000F5086003F010B900F5086003F02EB97A
:1006300000F5086003F0DCB900F5086003F066BA65
:1006400000F5086003F09CBA00F5086003F012BCE6
:1006500000F5086003F0FCBB00F5086003F0A8BAE1
:1006600000F5086003F02CBB00F5086003F0C6BA83
:1006700000F5086003F044BB91F8142102704DF8B6
:1006800004BDD1E946BCD1E94812C0E902BCC0E9C9
:1006900004125DF804BB704791F8152102704DF803
:1006A00004BDD1E946BCD1E94812C0E902BCC0E9A9
:1006B00004125DF804BB704791F8162102704DF8E2
:1006C00004BDD1E946BCD1E94812C0E902BCC0E989
:1006D00004125DF804BB7047FFF708BC38B5044648
:1006E0001620FDF765FB0EF00BF9002847D016F039
:1006F0005DF8294916F062F915F0FEFB04F5AA63CE
:10070000C3E900011720FDF753FB0EF0F9F80028AC
:100710003ED016F04BF815F0EFFB04F5AC6545E95B
:1007200002011820FDF744FB0EF0EAF868B316F05A
:100730003DF815F0E1FBC5E900011920FDF738FB94
:100740000EF0DEF8F0B116F031F815F0D5FB04F537
:10075000AE6343E902011C20FDF72AFB0EF0D0F83E
:10076000042828BF042084F8790594F87935DBB291
:1007700084F878352046BDE8384004F085B807494C
:100780000020BBE706490020E1E706490020D2E748
:1007900005490020C1E700BF0000C8420000F03F4B
:1007A00000005040000030400000104070B5064688
:1007B0005820FDF7FDFA05460EF0A2F80024034686
:1007C000681C63F307040EF09BF860F30F24A81C69
:1007D0000EF096F80346E81C63F317440EF090F809
:1007E00060F31F64204615F075FB074B002215F0DF
:1007F000DBFB06F5A063C3E90001304604F068F9AD
:10080000BDE8704005F054BF0000B03F704700BF26
:1008100090F8F83408461BB91946C0B20EF054BC23
:100820000121C0B20EF050BC08B50EF033F80EF046
:1008300031F8BDE808400148FFF76EBD3893FF1F4F
:1008400038B5044672B6D0E92E0115F05DFED4F835
:10085000B050401BC4F8C00062B672B6D4E9500173
:1008600015F052FED4F83851401BC4F8480162B666
:1008700038BD00BF72B6D0F8B030D0F8B4209B1AA3
:10088000C0F8C43062B672B6D0F83831D0F83C2126
:100890009B1AC0F84C3162B6704700BF80F8A010B8
:1008A00080F82811704700BF10B5044672B6D0E931
:1008B0004001D4E96223C4E93E01C4E96023D4E9DC
:1008C0000A01D4E93E2315F06FFBD4E96023C4E9A3
:1008D0003401D4E91E0115F067FBC4E9560162B684
:1008E00010BD00BF2DE9F04719468246104605F0BD
:1008F0006BFE06460F46DDE9080105F065FE04467D
:100900000D4672B6164BDDE90A01002215F04CFBCC
:10091000DAE904238046894615F046FB02460B4679
:100920003046394615F06AFC32463B4615F03CFB32
:10093000DAE91823CAE92A014046494615F034FB92
:1009400002460B462046294615F058FC22462B4607
:1009500015F02AFBCAE94C0162B6BDE8F08700BF7A
:10096000000010402DE9F047824614461D4672B63D
:10097000DDE90C232946C0E94223DDE908232046AE
:1009800015F03CFC244F0026CAE93601CAE9386755
:10099000DAE93601DAE9382315F030FCCAE93A0120
:1009A0000E98DAE9368915F095FA02460B4640466C
:1009B000494615F023FCDDE90C23CAE94601CAE9E2
:1009C0006423DAE936232046CAE93C232946DDE9D7
:1009D0000A2315F013FCCAE95801CAE95A67DAE993
:1009E0005801DAE95A2315F009FCCAE95C010F98AD
:1009F00015F070FADAE9584502460B4620462946BA
:100A000015F0FCFBCAE96801DAE95823CAE95E235C
:100A100062B6BDE8F08700BF00002040D0F8840037
:100A200043428B4204DC8842B4BF0220012070475D
:100A30000220704772B6D0F8B0300B60D0F8383171
:100A4000136062B6704700BF70B505461E462B6D39
:100A50001446A342059A084618DAC4EB43042B6BEC
:100A6000C81A0223137015F035FAD5E9042315F0DE
:100A7000C5FBC6E90001204615F02CFAD5E918237C
:100A800015F0BCFB049BC3E9000170BD5942A142B3
:100A900005DD2344CC1A2B6BC01A0223E2E70123A5
:100AA000E0E700BFF8B5044619461046D4E9042330
:100AB00015F07AFA15F028FD099D9DF82070286040
:100AC000D4E91823DDE9060115F06EFA15F01CFDD6
:100AD0000A9E012F306015D9236DC0EB43003060B2
:100AE0002B68226B00E0A26813442B60226B5142FA
:100AF0008B42F8DB9A4205DAA2689B1A2B60226BC4
:100B00009342F9DCF8BD00BF38B5044672B60B68F5
:100B1000C0F8B4301368C0F83C310B68C0F8B0308E
:100B20001568C0F83851086815F0D4F9C4E92E01E9
:100B3000284615F0CFF9C4E9500162B638BD00BFB0
:100B40002DE9F04104460F4616461D4672B6D0F810
:100B5000B000D4F8388162B615F0BCF9D4E90423AA
:100B600015F04CFBC7E90001404615F0B3F9D4E994
:100B7000182315F043FB00220023C6E90001C5E954
:100B80000023BDE8F08100BF2DE9F043054685B0A4
:100B90000C4672B6D1E90423D1E92E0115F02EFBE3
:100BA000D4E9182306460F46D4E9500115F026FB78
:100BB0008046894662B60EA3D3E900233046394603
:100BC00015F0F2F902460B46CDE90223404608A390
:100BD000D3E90023494615F0E7F90022CDE90001E9
:100BE0000023284608F0D0FC284605B0BDE8F08375
:100BF000000000A046DF913F08B50DF04BFEBDE8B8
:100C000008400DF047BE00BF01607047F8B50468AA
:100C100004F5DC6353E902670546D4F8080715F0CC
:100C20006BF932463B4615F0BFF915F06DFCC4F880
:100C30000007D4F80C0715F05FF932463B4615F073
:100C4000B3F915F061FC04F5E66353E90267C4F8F3
:100C50000407D4F8580715F04FF932463B4615F013
:100C6000A3F915F051FCC4F85007D4F85C0715F04F
:100C700043F932463B4615F097F915F045FCC4F8A8
:100C800054072420FDF794F82B6844490446D3F810
:100C9000080715F0DFFD15F0B9FFC6B207B2204610
:100CA0000DF02EFE864203D0314620460DF042FE66
:100CB000013420460DF024FEC7F30721814202D003
:100CC00020460DF037FE2620FDF772F82B683349D9
:100CD0000446D3F80C0715F0BDFD15F097FFC6B21A
:100CE00007B220460DF00CFE864203D03146204666
:100CF0000DF020FE013420460DF002FEC7F307215F
:100D0000814202D020460DF015FE2820FDF750F854
:100D10002B6822490446D3F8580715F09BFD15F0BF
:100D200075FFC6B207B220460DF0EAFD864203D039
:100D3000314620460DF0FEFD013420460DF0E0FD69
:100D4000C7F30721814202D020460DF0F3FD2A208F
:100D5000FDF72EF82B6811490446D3F85C0715F00F
:100D600079FD15F053FF054620460DF0C9FD2EB262
:100D7000EDB2854203D0294620460DF0DBFD01345B
:100D800020460DF0BDFDC6F30721814200D1F8BD1C
:100D90002046BDE8F8400DF0CDBD00BF0000204169
:100DA00010B52420FDF704F804460DF0A9FD0F2826
:100DB00003D00F2120460DF0BDFD013420460DF07B
:100DC0009FFD272803D0272120460DF0B3FD2620C4
:100DD000FCF7EEFF04460DF093FDF12803D0F1215E
:100DE00020460DF0A7FD013420460DF089FDD828DE
:100DF00003D0D82120460DF09DFD2820FCF7D8FF18
:100E000004460DF07DFD0F2803D00F2120460DF084
:100E100091FD013420460DF073FD272803D02721D2
:100E200020460DF087FD2A20FCF7C2FF04460DF096
:100E300067FDF12803D0F12120460DF07BFD013440
:100E400020460DF05DFDD82800D110BD2046D821E8
:100E5000BDE810400DF06EBD2DE9F84310469146F7
:100E60001F460E46FCF7A4FF04460DF049FD05465B
:100E7000601C0DF045FDEDB22C4960F30F25306C80
:100E800015F0E8FC15F0C2FE28498046706C15F09C
:100E9000E1FC15F0BBFE2DB24545044601DB854261
:100EA00041DD4846FCF784FF05460DF029FD002F83
:100EB00008BF4446E1B281420FFA84F82FD10135D0
:100EC00028460DF01DFDC8F30728804522D10025D6
:100ED00020467FB114F0FEFFD6E9042315F064F834
:100EE000134B002215F08AF915F00EFBF06328462B
:100EF000BDE8F88314F0EEFFD6E9042315F054F8AA
:100F00000B4B002215F07AF915F0FEFAB063284673
:100F1000BDE8F883414628460DF00CFDD7E728468A
:100F20000DF008FDCBE72C460125D1E7000020415C
:100F30000000244001680023242201F5D961FFF755
:100F40008BBF00BF01680123262201F5D961FFF79D
:100F500083BF00BF01680023282201F5E361FFF78A
:100F60007BBF00BF016801232A2201F5E361FFF77F
:100F700073BF00BF08B50DF08DFCBDE808400DF053
:100F800089BC00BF9DF80810029100F5D960FFF7F9
:100F900089BD00BF00F5D960FFF7B6BDF8B50023E5
:100FA0000374044690F840350E46154672B600F5B7
:100FB000A063D3E9000105F017FB04F5EE63D3E964
:100FC0000C01C3E9120104F5FE63D3E90E01C3E984
:100FD0001401D4F87837C4F87C37D4F80038C4F852
:100FE0000438306814F076FF04F5F06306460F46C7
:100FF0002868C3E9006714F06DFF04F5016343E955
:10100000020162B62046BDE8F84002F0A9B900BF6F
:101010002DE9F04F89B000230446084617460D46D7
:10102000079308F0FDFB824628468B4608F0F4FB48
:101030001DA3D3E90023804689465046594614F043
:10104000B3FF02460B460DF11C0B0DF1180A029777
:1010500016461F46404614A3D3E900234946CDF85F
:1010600010B0CDF80CA014F09FFF04F5D965CDE9C0
:1010700000013B4632462846FFF714FD5A465146CA
:101080002846FFF741FD94F87C362BB172B6D4F8B0
:101090007837D4F8003862B600230120E37009B035
:1010A000BDE8F08FAFF3008000000020DCA54C40CD
:1010B00070B59CB004460E4601460AA81546FFF7D7
:1010C000EBFA0023089304F52273079304F5D87311
:1010D00006930DF1280CBCE80F00EE46AEE80F00B9
:1010E0009CE803008EE803003146DDE9202310A8C8
:1010F00007F0E6FD2A4610A92046FFF789FF1CB03D
:1011000070BD00BF30B58FB0002304461546009374
:1011100000F5D87200F5227302A808F091F82A466B
:1011200002A92046FFF774FF0FB030BD90F87C365F
:1011300003B9704710B500F5DC6182B004460022A7
:10114000002351E9020114F02FFF15F0DDF904F539
:10115000E66100220023009051E9020114F024FF0F
:1011600015F0D2F901AA0346694604F5D960019346
:10117000FFF7CAFC0023E37002B010BD90F87C3684
:101180002BB172B6D0F87837D0F8003862B6704715
:101190002DE9F04F90F87C6689B0002E00F0A68013
:1011A000814B1A788A42044613D04A1E062A0FD869
:1011B000DFE812F00700DB00E400B700C000C90060
:1011C000D2007A4ADFF8E8914FF00008C2E90089BE
:1011D0001970002900F08A8072B6D4F87887D4F8A4
:1011E0000038069362B604F5DC6353E9020104F5A6
:1011F000E667002200230797CDE9040114F0D4FE2E
:1012000015F082F957E902230546194610460023D6
:101210000022CDE9000114F0C7FE15F075F904F5C0
:10122000D063D3E9002362490746002014F0E6FFAB
:1012300002460B46CDE902235C4BD3E900AB524694
:101240005B4615F02DF908B1CDE902ABA8EB05001E
:101250000028B8BF404214F03DFEDDE9022380467D
:101260008946DDE9040114F09FFE02460B46404624
:10127000494615F01FF900283DD1054604F5D26313
:10128000D3E900234A49002014F0B8FF52465B46D8
:101290008046894615F004F908B9C246CB46069B3C
:1012A000D81B0028B8BF404214F014FEDDE900232B
:1012B000804689465046594614F076FE02460B4653
:1012C0004046494615F0F6F888B172B6C4F8007881
:1012D000D4F8000814F0FEFD04F5016444E90201AD
:1012E00062B63546284609B0BDE8F08F002528468D
:1012F00009B0BDE8F08F72B6C4F87857D4F8780713
:1013000014F0E8FD04F5F063C3E9000162B6079B41
:1013100053E90223CDE90023244B3546D3E900AB42
:10132000ACE70FF26C09D9E90089204A1970C2E9CB
:1013300000894EE70FF26009D9E900891B4A19704C
:10134000C2E9008945E70FF25809D9E90089174A2F
:101350001970C2E900893CE7144A19704FF000087F
:101360004FF00009C2E9008933E7104ADFF84490E2
:1013700019704FF00008C2E900892AE70B4ADFF82C
:10138000389019704FF00008C2E9008921E700BFCA
:10139000000000201111C13F000000201111B13FD9
:1013A000000000201111A13FC89BFF1FC09BFF1F21
:1013B0000000F03F0000E03F0000D03F00F5D960A2
:1013C000FFF7BEBBFFFFFFFFD0B50E468AB0044655
:1013D00008AB06AA04A906F5D960FFF7B1FBDDE961
:1013E000080111A3D3E9002314F0DEFD0EA3D3E915
:1013F000002306460F46DDE9040114F0D5FD0AA3DB
:10140000D3E90023CDE90201DDE9060114F0CCFDAA
:101410003246CDE900013B46204608F0B5F82046AB
:101420000AB0D0BDAFF30080000000A046DF913FBE
:10143000F0B59DB00C46054610A816461F46FFF7AE
:10144000C3FF21460AA8FFF727F9CDE9066704F58F
:10145000227308930DF1280CBCE80F00EE46AEE8AD
:101460000F009CE8030004F5B4728EE803002846E0
:1014700010A908F0ADF928461DB0F0BDF0B516462C
:101480009DB000221F460023CDE90223CDE90023B1
:101490000C46054610A808F077F821460AA8FFF781
:1014A000FBF8CDE9066704F5227308930DF1280CCB
:1014B000BCE80F00EE46AEE80F009CE8030004F520
:1014C000B4728EE80300284610A908F081F9284676
:1014D0001DB0F0BDF0B59DB00C46054601F5D961D3
:1014E00010A816461F46FFF74FFB21460AA8FFF734
:1014F000D3F8CDE9066704F5227308930DF1280CA3
:10150000BCE80F00EE46AEE80F009CE8030004F5CF
:10151000B4728EE80300284610A908F059F928464D
:101520001DB0F0BD30B59BB00C4605460EA8FFF7C8
:101530004BFF214608A8FFF7BFF804F52273069376
:101540000DF1200CBCE80F00EE46AEE80F009CE861
:10155000030004F5B4728EE8030028460EA908F0D3
:1015600087F828461BB030BD30B591F87C369BB06B
:10157000054623B300220023CDE90223CDE9002351
:101580000C460EA808F000F8214608A8FFF794F8CA
:1015900004F5227306930DF1200CBCE80F00EE4613
:1015A000AEE80F009CE8030004F5B4728EE8030077
:1015B00028460EA908F05CF828461BB030BDFFF79E
:1015C000B1FF28461BB030BD2DE9F04F8BB00E4661
:1015D000149FDDF854800397CDF81080197802919C
:1015E0001546D5E900BCDDF858E0089300F5D9634D
:1015F0009DF860A00793044618469DF85C3006935A
:1016000004F59479D6E90023CDE900BC8EF80010EA
:10161000CDF824E0FFF746FAD8F8002039685346A1
:10162000484600F04BFF20B9069B13B1617D0229AB
:1016300002D00BB0BDE8F08F089B07981B78CDF85F
:101640001080012B18BF012102910397D5E90045B5
:10165000D6E90023099E3170CDE90045FFF722FA53
:10166000D8F800203968534648460BB0BDE8F04F23
:1016700000F024BF30B590F8F83583B001910092A6
:10168000E3B1044602F0E8FC78BB94F899358BB9D5
:1016900094F8C93559B26BB92378012B23D894F843
:1016A000F854AB1F012B16D965B10A35EDB22846A7
:1016B00003B030BD0725284603B030BD0B252846B2
:1016C00003B030BD2046E5706A4601A9FFF766FC0D
:1016D000284603B030BD204602F0E0FC94F8F854F0
:1016E000002DE2D1EEE70425E5E7204602F0E2FC1A
:1016F0000525E0E7FFFFFFFF82B02DE9F0419AB03A
:101700000021044620AD0020CDE90A01CDE90C01FD
:101710004FF00008284685E80C00CDF824808DF8AD
:101720001F8007F019FF42A3D3E9002314F03CFC0B
:101730000646D4F828010F4614F0CCFB3EA3D3E9AB
:10174000002314F079FA32463B4614F0BDFE00281F
:1017500055D10546D4F82C0114F0BCFB36A3D3E9CF
:10176000002314F06BFA32463B4614F08FFE064617
:1017700000283CD104F5227304F5D872009020A90A
:101780000EA807F05DFD0EA808F04AF828A3D3E9DB
:10179000002314F009FC02460B460EA8CDE90A23EB
:1017A00008F03AF822A3D3E9002314F0FDFB01234B
:1017B00003930DF11F03029309AB019308ABCDE92D
:1017C0000C01009304962EAB0CAA0AA92046FFF741
:1017D000FBFE18B3DDE908122046FFF74BFFB0B956
:1017E00094F8403533B9022384F8403502E084F898
:1017F000405508201AB0BDE8F04102B07047012002
:1018000084F840851AB0BDE8F04102B0704784F812
:1018100040651AB0BDE8F04102B0704784F8400559
:1018200006201AB0BDE8F04102B07047AFF3008067
:1018300000000020DCA54C40000000E0E2361A3F2A
:1018400082B070B5A2B00146044626A880E80C001C
:101850000EA89DF8C860FEF71FFF0DF1380CBCE81C
:101860000F00EE46AEE80F009CE803008EE8030090
:1018700014ADDDE9342326A9284607F0B9F90C9602
:101880000DF1580EBEE80F00EC46ACE80F00BEE8C4
:101890000F00ACE80F009EE80F008CE80F00204618
:1018A00095E80C00FFF728FF38B9012384F840358C
:1018B00022B0BDE8704002B07047002384F8403584
:1018C00022B0BDE8704002B0704700BFFFFFFFFFCD
:1018D0002DE9F04F00F5947599B0044600230BAA4A
:1018E0000AA928468DF8273004F5D96A00F032FE9F
:1018F0000DF1270212AB01920093DDE90A1210AB41
:101900005046FFF7A1F8204602F0B8FB0DAB049358
:101910000CAB0393DDE9122301280CBF4FF0020B3F
:101920004FF0010BCDE900235046DDE91023CDF83F
:1019300008B0FFF7B7F8DDE90C120123284600F0E4
:10194000BDFD18B9062019B0BDE8F08F16AA14A97C
:1019500028460C9F0D9E00F0FDFD149BA7EB03098C
:10196000169BB9F1000FA6EB030804F5D463D3E985
:101970000023B8BFC9F10009A3A1D1E90001B8F162
:10198000000FB8BFC8F1000814F038FC04F5D663A6
:10199000D3E9002306460F469BA1D1E9000114F0CC
:1019A0002DFC9BA3D3E90023CDE90601304639463F
:1019B00014F06CFD10B196A7D7E9006794A3D3E9A2
:1019C0000023DDE9060114F061FD20B190A3D3E905
:1019D0000023CDE90623484614F07CFA32463B4604
:1019E00014F00CFC064640460F4614F073FADDE98D
:1019F000062314F003FC8046894602460B46304617
:101A0000394614F061FD002800F0AE80844B0022BE
:101A10003046394614F03AFD00283FD1814B002270
:101A20003046394614F050FD002800F0C68094F886
:101A30000A357D494FF07060002B36D1DDE9122365
:101A4000DDE91067CDE90623CDE91467CDE916235A
:101A50000DF13C08DDE906230EA9CDE9002350462F
:101A600032463B460391CDF81080CDF808B0FFF721
:101A700019F8DDE90E120123284600F01FFD0028A9
:101A80003FF460AFDDE90E120123284600F01CFC94
:101A900000286CD1112019B0BDE8F08F94F80A35F8
:101AA0005DA1D1E90001002BC8D0604B002214F0E9
:101AB0007BFADDE91023CDE91423DDE91223CDE91A
:101AC00016238046894672B604F5F061D1E900011B
:101AD00004F5F46353E90223CDE906014046494683
:101AE00014F062FA11F0E8F80B46024649469946AE
:101AF00004F5026340469046D3E9002314F054FAFB
:101B000004F5016656E9026711F0D6F862B60023C3
:101B10008DF83C3014F0F8FC14F0DCF932463B460A
:101B200014F08CF814F0F0FC49460646404614F0D8
:101B3000EBFC14F0CFF9DDE9062314F07FF814F084
:101B4000E3FC0DF13C0816AB324601460093CDF89C
:101B5000048014AB5046FEF777FFDDE91623DDE97C
:101B60001467CDE9062375E746464F464EE7DDE9A3
:101B70000E120123284600F023FBA8B1204602F0F4
:101B80007DFA584517D094F8F834063B012B0DD94F
:101B9000DDE90C122046FFF76DFD00287FF4D3AE7F
:101BA000032384F84035CEE61020CCE60021204601
:101BB00002F074FAECE70320C5E61D4B30463946C7
:101BC0004FF0804214F0F0F994F80A35002B3FF4FE
:101BD00035AF164B002214F0E7F9DDE91223DDE9F9
:101BE0001067CDE90623CDE9162300220023CDE9B5
:101BF00014678046894614F03FFC00283FF463AF29
:101C00000DF13C0826E700BF0000000080842E4153
:101C1000000000E00B2E113E000000403333E33F94
:101C20000000E03F00C08240008086400000594034
:101C30003333F33F08B50CF02DFEBDE808400CF03F
:101C400029BE00BF30B4074DC0F8A8100024002200
:101C5000C0E91245C0E91E4580F8502030BC80F82C
:101C6000802070470000F03F0278012AD3B206D0EE
:101C70000078A0F10200B0FA80F0400970471846E1
:101C8000704700BF38B5D0F8A83093F8F824044660
:101C9000002A60D1826E12BBA26B002A00F0A680DF
:101CA00094F85120022A00F08D8094F85120FE2AE9
:101CB00000F0888064490020C4E912010023A36376
:101CC00094F88130022B2DD094F88130FE2B29D04E
:101CD0005D4900230020C4E91E01A36638BD94F8C5
:101CE0005120022A03D094F85120FE2AE2D1A26B9F
:101CF000002A67D172B694F85130022B04BF012339
:101D000084F8513094F85130FE2B04BFFF2384F83F
:101D100051304D4B0022C4E9122362B694F8813051
:101D2000022BD1D1A36E002B37D0D4F8A83093F872
:101D3000603803F0FF05002B7DD10DF035FAD4E9B2
:101D40001A23C11A91429CBF9B181D1AA5660DF05B
:101D50002BFAE06638BD00238363836672B690F881
:101D60005130022B04BF012380F8513090F85130DC
:101D7000FE2B04BFFF2380F8513090F88130022BF6
:101D800004BF012380F8813090F88130FE2B02D10E
:101D9000FF2380F8813062B638BD72B694F8813086
:101DA000022B04BF012384F8813094F88130FE2B8C
:101DB00004BFFF2384F88130234B0022C4E91E2393
:101DC00062B638BD93F8D83703F0FF05002B36D143
:101DD0000DF0EAF9D4E90E23C11A91429CBF9B1879
:101DE0001D1AA5630DF0E0F9E06369E772B694F897
:101DF0005130022B04BF012384F8513094F8513044
:101E0000FE2B04BFFF2384F8513094F88130022B5D
:101E100004BF012384F8813094F88130FE2B04BF85
:101E2000FF2384F88130084B0022C4E91223C4E95F
:101E30001E2362B6B0E70DF0B7F9E06638BD0DF0CD
:101E4000B3F9E0633CE700BF0000F03FD0F8A830F2
:101E500093F8F8242DE930480446002A5BD190F825
:101E60005120022A0DD094F85120FE2A09D094F86E
:101E70008130022B2AD094F88130FE2B26D0BDE889
:101E8000308893F8D837002BF1D172B6D4E916BC5C
:101E900094F851305BB2002B07DC94F851301A06ED
:101EA0005FD44FF0000B4FF0000CD4F8A85005F5AC
:101EB000F065D5E900015A46634613F0BFFEC5E957
:101EC000000162B694F88130022BD4D1D4F8A83046
:101ED00093F86038002BD2D172B6D4E922BC94F8C2
:101EE00081305BB2002B07DC94F881301B0634D4C0
:101EF0004FF0000B4FF0000CD4F8A84004F501643B
:101F000054E902015A46634613F098FE44E902017F
:101F100062B6BDE8308800238363836672B690F8AA
:101F20005130022B04BF012380F8513090F851301A
:101F3000FE2B04BFFF2380F8513090F88130022B34
:101F400004BF012380F8813090F88130FE2BDFD16F
:101F5000FF2380F8813062B6DBE70CF100439C463A
:101F6000CAE70CF100439C469FE700BF90F8513050
:101F7000022B2DE93048044632D090F85130FE2B28
:101F80002ED094F88130022B05D094F88130FE2BAE
:101F900001D0BDE83088D4F8A83093F86038002B21
:101FA000F7D172B6D4E922BC94F881305BB2002B31
:101FB00007DC94F881301B063AD44FF0000B4FF049
:101FC000000CD4F8A84004F5016454E902015A4613
:101FD000634613F033FE44E9020162B6BDE830887F
:101FE000D4F8A83093F8D837002BCAD172B6D4E908
:101FF00016BC94F851305BB2002B07DC94F85130DA
:102000001A0611D44FF0000B4FF0000CD4F8A85072
:1020100005F5F065D5E900015A46634613F00EFE5A
:10202000C5E9000162B6ACE70CF100439C46EDE760
:102030000CF100439C46C4E7D0F8A83093F8F8248C
:102040002DE930480446002A5BD190F85120022A3D
:102050000DD094F85120FE2A09D094F88130022B3B
:102060002AD094F88130FE2B26D0BDE8308893F832
:10207000D837002BF1D172B6D4E916BC94F85130A0
:102080005BB2002B07DC94F851301A065FD44FF096
:10209000000B4FF0000CD4F8A85005F5F065D5E919
:1020A00000015A46634613F0C9FDC5E9000162B656
:1020B00094F88130022BD4D1D4F8A83093F860384A
:1020C000002BD2D172B6D4E922BC94F881305BB235
:1020D000002B07DC94F881301B0634D44FF0000B42
:1020E0004FF0000CD4F8A84004F5016454E9020153
:1020F0005A46634613F0A2FD44E9020162B6BDE808
:10210000308800238363836672B690F85130022BC7
:1021100004BF012380F8513090F85130FE2B04BFEA
:10212000FF2380F8513090F88130022B04BF012347
:1021300080F8813090F88130FE2BDFD1FF2380F8CA
:10214000813062B6DBE70CF100439C46CAE70CF134
:1021500000439C469FE700BF0278B2B172B60F4AB7
:10216000116862B6D2F814C061450ED090F800C074
:102170005161BCF1010F09D00278022A08D002781F
:10218000032A07D00378042B06D07047FFF77ABDE7
:10219000FFF75CBEFFF7EABEFFF74EBF7091FF1F6F
:1021A00008B50CF077FBBDE808400CF073BB00BF2E
:1021B000C161704780687047C0687047FFFFFFFFCC
:1021C0002DE9F843044688461546002B3CD1D0E95A
:1021D0000467E469294604F5D960FEF71FFC01286D
:1021E0003CD002282DD1404613F074FE8046D4F82E
:1021F000C806894613F06EFE02460B463046394645
:1022000016461F4600222E4B13F016FD04F5DA6425
:102210002C4B002213F0C8FED4E9022313F0C4FEB5
:1022200002460B463046394613F006FD02460B4681
:102230004046494614F048F9003818BF0120BDE86F
:10224000F8830020BDE8F8831BA3D3E90023D0E97D
:10225000040113F0F3FC06460F46BAE7404613F0BC
:1022600039FE02460B463046394616461F460022C6
:10227000134B13F0E1FC134B002213F095FE04F511
:10228000DA63D3E9022313F08FFE8046D4F8C80640
:10229000894613F01FFE02460B464046494613F09E
:1022A000CDFC02460B463046394614F0EFF80038B4
:1022B00018BF0120BDE8F883000000605555B53F08
:1022C0000000184000002E402DE9F04FD0F81CA06F
:1022D000074685B08B460AF5D960114615461E465D
:1022E000FEF79CFB0446F868002E46D113F0F2FD81
:1022F0008046B868894613F0EDFD012C6DD0022CA4
:1023000037D16B4B00224046494613F077FF694BAB
:10231000002213F049FE0AF5DA6402460B465846DD
:10232000CDE9002313F0D6FD06460F46DAF8C806BD
:10233000DAF8FC16084413F0CDFDDDE900238046F1
:10234000894610461946D4E9022313F02DFE0246B1
:102350000B464046494613F071FC02460B46304698
:10236000394614F093F8003818BF012005B0BDE8D5
:10237000F08F002005B0BDE8F08F053013F0AAFD06
:102380008046B86889460530CDE9008913F0A2FD82
:10239000BB69B32B06460F46AFDC012C53D0022C91
:1023A000E7D12846039313F095FD039B06460AF5F3
:1023B000DA6403F15A000F4613F08CFDD4E91623BA
:1023C00013F0F2FD02460B463046394614F07CF815
:1023D000002860D0384B0022A1E7354B002213F0D3
:1023E0000DFF344B002213F0DFFD0AF5DA640246DC
:1023F0000B465846CDE9002313F06CFD06460F4608
:10240000DAF8C806DAF8FC16401A13F063FDDDE9C5
:1024100000238046894610461946D4E9022313F06A
:10242000C3FD02460B464046494613F005FC0246F2
:102430000B463046394614F047F8003818BF0120E3
:1024400005B0BDE8F08F2846009313F043FD009BD4
:1024500080460AF5DA64C3F15A00894613F03AFD62
:10246000D4E9162313F0A0FD02460B464046494628
:1024700014F00CF810B1104B0022BAE70C4B0022FC
:102480003046394613F0BAFE0A4B002213F08CFD99
:1024900002460B46ADE7064B0022DDE9000113F0D2
:1024A000ADFE044B002213F07FFD02460B4636E7DB
:1024B00000004E4000002E40008056402DE9F041C3
:1024C00004460E46C06917461D4693B9D0F800373A
:1024D0008B4202DD0020BDE8F081D0F804378B424A
:1024E000F8DBD0F850379342F4DCD0F854379342FD
:1024F000F0DB01F0D7FD30B9E3699A7D012A08D0FD
:102500005B7D022B02D00120BDE8F081002DFAD1C5
:102510000DE0002DF7D12B463A4631462046FFF715
:102520004FFE0028D6D0E3695B7D022BEBD13A4603
:10253000314620460023BDE8F041FFF7C5BE00BF8D
:102540000023FFF7BBBF00BFC06900F5D960FEF7ED
:1025500065BA00BFC06900F5D960FEF76BBA00BF6D
:102560002DE9F0410446C06900F67800FEF7E2FC70
:10257000E369064603F67800FEF7E4FCE369D3F866
:102580000477D3F800270546974203F67800D4BFB6
:1025900000270127FEF7DEFC8046E06900F67800A0
:1025A000FEF7E0FCE169D1F85427D1F850379A42A0
:1025B000D4BF002707F001073E40354018EA050F59
:1025C00002D008B1BDE8F081BDE8F04101F6780025
:1025D000FEF71CBBC06900F67800FEF717BB00BF12
:1025E000C06900F67800FEF7DBBB00BFC06900F6EB
:1025F0007800FEF79FBC00BFC06900F67800FEF7C8
:10260000A1BC00BFC06900F67800FEF7A3BC00BF04
:10261000C06900F67800FEF7A5BC00BF08B50CF055
:1026200039F9BDE808400CF035B900BF2DE9F04795
:1026300004469A4690F8008090F8F8540E461746E3
:1026400001F00AFD94F848352BB194F84835042B75
:1026500001D0BDE8F08758EA050580F0010000F0E0
:10266000010518BF0025002DF3D0737E5BB2002B4F
:1026700045DC737E1B06D6E902894FD4737E9BB17D
:10268000384651460022002313F01EFF003818BFC1
:102690000120A84208D000224FF08043404649461E
:1026A00013F012FF002843D12AF000453846424675
:1026B0004B46294613F0E0FE70B93A462B46C6E970
:1026C000022372B6B36AD3E90001D6E9022313F0FC
:1026D0006BFCC6E9080162B601233376042384F853
:1026E0004835384651460022002313F0EDFE90B1E4
:1026F000022373760023E3703360BDE8F087D6E9E8
:102700000289002200234046494613F0D3FE051EED
:1027100018BF0125B2E7FE237376EBE70022002302
:102720004046494613F0BCFE051E18BF0125A5E72B
:1027300094F8F835002B8CD0737E022B02D0737E78
:10274000FE2B86D1737E022B04BF01237376737E2A
:10275000FE2B7FF47EAFFF2373767AE7032B2DE900
:10276000F84390F8008004461E460D46174603D0F5
:1027700090F8F834002B44D1204601F06DFC94F819
:10278000483580F00100B8F1000F14BF002000F0C0
:10279000010083BB98B3D5E902890022002340469B
:1027A000494613F069FE10B16B7E002B3DD16B7E64
:1027B0006A7E5BB25AB1B7EBD37F08D04046494638
:1027C00000224FF0804313F07FFE00283ED1022EFE
:1027D00038D0032E1FD094F878150022204601F03F
:1027E00077FF84F84865EFB1FE236B760023E37032
:1027F0002B60BDE8F88394F848359E42CAD0BDE806
:10280000F88301F029FC94F84835002BF7D094F8B0
:102810004835BDE8F883204602F030F884F8486572
:10282000002FE1D102236B76E0E772B66B7E022BBC
:1028300001D101236B766B7EFE2B04BFFF236B76E9
:1028400062B6DCE7204602F015F8CAE794F8F835DE
:10285000002BD4D06B7E022B02D06B7EFE2BCED110
:102860006B7E022B04BF01236B766B7EFE2BC6D1E1
:10287000FF236B76C3E700BF10B490F8F84534B17E
:10288000134610BC0A4600F5B061FFF767BF10BCE5
:10289000704700BF90F8F81559B3D0B516461F46DB
:1028A0000446002200233046394613F0E5FD40B9C6
:1028B00032463B4604F5B0612046BDE8D040FFF704
:1028C000B5BE94F89935022B04D094F89935FE2BB7
:1028D00000D0D0BD94F89935022B04BF012384F8B1
:1028E000993594F89935FE2BF3D1FF2384F8993567
:1028F000D0BD704790F8F8353BB190F89935022B70
:1029000004D090F89935FE2B00D0704790F8993597
:10291000022B04BF012380F8993590F89935FE2BDE
:1029200004BFFF2380F89935704700BF10B490F8BA
:10293000F84534B1134610BC0A4600F5B661FFF7FE
:102940000DBF10BC704700BF90F8F81559B3D0B553
:1029500016461F460446002200233046394613F02F
:102960008BFD40B932463B4604F5B6612046BDE8D2
:10297000D040FFF75BBE94F8C935022B04D094F821
:10298000C935FE2B00D0D0BD94F8C935022B04BF49
:10299000012384F8C93594F8C935FE2BF3D1FF2300
:1029A00084F8C935D0BD704790F8F8353BB190F840
:1029B000C935022B04D090F8C935FE2B00D07047E2
:1029C00090F8C935022B04BF012380F8C93590F86F
:1029D000C935FE2B04BFFF2380F8C935704700BFFF
:1029E00008B50BF057FFBDE808400BF053BF00BF20
:1029F00090F92836012210B502755A1ED2B2032A68
:102A000004461ED84C48D4F8181650F82220023B31
:102A1000914228BF1146022B00F28280DFE803F0CA
:102A20006A5A0200084613F045FA41A3D3E900238D
:102A300013F0E4FB13F090FD81B2D4F8380609F0EE
:102A40001FF994F968365A1ED2B2032A00D910BD74
:102A50003948D4F8581650F82220023B914228BF3A
:102A60001146022B56D8DFE803F013022400084673
:102A700013F020FA2EA3D3E9002313F0BFFB13F0C9
:102A80006BFD81B2D4F87406BDE8104008F0F8BFC1
:102A9000084613F00FFA26A3D3E9002313F0AEFB88
:102AA00013F05AFD81B2D4F87006BDE8104009F069
:102AB00067B9084613F0FEF91DA3D3E9002313F00C
:102AC0009DFB13F049FD81B2D4F87806BDE81040B3
:102AD00009F0D6B8084613F0EDF915A3D3E90023A1
:102AE00013F08CFB13F038FD81B2D4F8340608F0F3
:102AF000C7FFA6E7084613F0DDF90DA3D3E90023CD
:102B000013F07CFB13F028FD81B2D4F8300609F0F5
:102B100037F996E7D4F86C06BDE8104008F004B920
:102B2000D4F82C0608F000F98BE700BFAFF3008063
:102B3000CD3B7F669EA0F63F2CFC0200FFFFFFFF0F
:102B40002DE9F04F037C8DB00446ABB1B34BC168A7
:102B50001B680A9382680A9B4FF47A705B1A00FB29
:102B600002F29A4294F8401503D20023237484F8A9
:102B700040350DB0BDE8F08F00F5D9673846FDF758
:102B800079FED4F88C37002B00F07782002BB8BF89
:102B90005B420493D4F81438002B00F06C82002BB5
:102BA000B8BF5B42DFF878A2059304F5EE6504F543
:102BB000FE6612E1002BB8BF5B420693D4F81038D2
:102BC000002B00F01981002BB8BF5B422046079311
:102BD00001F068FA00284CD172B6D4F80038089396
:102BE00062B6089BDAF8008043453FD02046DDF806
:102BF000209001F043FA8B4BA0F1020B0022D3E9A5
:102C00000201002313F056FCBBFA8BFB00384FEA9D
:102C10005B1B18BF0120834500F00881C84540F3C5
:102C2000088172B6D4F8280113F054F904F59E68AF
:102C300002460B46D8E9000112F0FEFF04F5E663F8
:102C400053E9022313F0B0F9774B002280468946FE
:102C500013F030FC002800F00A824046494613F089
:102C600053FC079B834200DD079062B6089BCAF8BD
:102C7000003094F83035002B00F0008172B6D5E9B1
:102C8000040113F041FCD4F87837C01AC4F888075F
:102C900062B6D5E91223D5E9180113F0AFFA02465E
:102CA0000B4613F081F9D5E900238046894610468A
:102CB000194612F0C3FF0B4602464946404613F040
:102CC0009DFA13F021FCD4F88837002BB8BF5B4283
:102CD0008342804610DDD4F88837002BB8BFC0F19E
:102CE000000872B6D4F87807404413F0F3F8C5E949
:102CF0000401C4F8888762B694F89935022B04BFA2
:102D0000012384F8993594F89935FE2B04BFFF23ED
:102D100084F8993572B6D6E9060113F0F5FBD4F8BC
:102D20000038C01AC4F8100862B6D6E91423D6E9F0
:102D30001A0113F063FA02460B4613F035F9D6E98F
:102D40000223804689461046194612F077FF0B464B
:102D500002464946404613F051FA13F0D5FBD4F829
:102D60001038002BB8BF5B428342804610DDD4F898
:102D70001038002BB8BFC0F1000872B6D4F80008B4
:102D8000404413F0A7F8C6E90601C4F8108862B6FB
:102D900094F8C935022B04BF012384F8C93594F88F
:102DA000C935FE2B04BFFF2384F8C9352378012BD6
:102DB00024D023793BB194F8093584F80A350323EC
:102DC00063740023237194F87D34022B04BF012324
:102DD00084F87D34002384F830353846FDF730FD23
:102DE000D4F88837002B7FF4E5AE01230693D4F89E
:102DF0001038002B7FF4E7AE0123E7E694F809359D
:102E000084F80A3500232370032363740A20FAF739
:102E1000CFFF21780BF08EFDD5E700BFF49FFF1F99
:102E2000CC9BFF1FF092FF1F0000F03FC8457FF7CB
:102E3000F8AE72B6D4F8280113F04CF804F59E6889
:102E400002460B46D8E9000112F0F6FE04F5DC63F9
:102E500053E9022313F0A8F8A74B002280468946C5
:102E600013F028FB002800F004814046494613F087
:102E70004BFB069B8342C8BF0690F6E6049A069B6E
:102E80009A42B4BF049B069B0993D4F88837002B61
:102E900002DA099B5B42099372B604F5D463D3E965
:102EA000000104F5D66A94F80A75099ACDE9020181
:102EB0005AE90201002ACDE90001FFB20998C0F2E7
:102EC0001D8113F007F8D5E9008902460B4612F080
:102ED000B5FE42464B4613F067F80EF00DFF024672
:102EE0000B46D5E90C0113F05FF8D5E9182313F070
:102EF00085F9804689462FB1D5E9142312F09EFE4C
:102F00008046894629F0004779A3D3E9002340464B
:102F1000394613F0BBFA38B1099B002BB8BF5B42AE
:102F2000B3F57A7F00F31E81404649460022002314
:102F300013F0A2FA002800F0BF80DDE90023C5E904
:102F4000122362B6059A079B9A42B4BF059B079B62
:102F50000993D4F81038002B02DA099B5B420993DD
:102F600072B6DAE9000194F80A75099A04F5D86393
:102F7000002ACDE9000153E902AB0998FFB2C0F283
:102F8000CF8012F0A7FFD6E9028902460B4612F065
:102F900055FE42464B4613F007F80EF0ADFE0246D2
:102FA0000B46D6E90E0112F0FFFFD6E91A2313F003
:102FB00025F9804689462FB1D6E9162312F03EFE48
:102FC0008046894629F0004749A3D3E900234046BB
:102FD000394613F05BFA38B1099B002BB8BF5B424E
:102FE000B3F57A7F00F3AE804046494600220023C5
:102FF00013F042FA002842D0C6E914AB62B6237837
:10300000012B03D02279002A00F0CC80D4F8882745
:10301000002A7FF4AEADD4F81028002A7FF4A9ADC1
:103020002279002A40F0E880012B00F0E980E37863
:103030001BB92378022B7FF49CAD04F5A063D3E980
:10304000000103F0D1FA72B6D5E90C23C5E91223C9
:10305000D6E90E23C6E9142362B6237D002B7FF444
:1030600088AD20460DB0BDE8F04FFFF7C1BC012090
:10307000F7E50120FDE6012394E5012389E54246B9
:10308000D6E90E013B4613F0B9F880468946024660
:103090000B465046594613F017FA00287FD0DDE959
:1030A00000AB42464B465046594613F0F9F900280A
:1030B00070D0C6E91489A1E74246D5E90C013B4628
:1030C00013F09CF88046894602460B46DDE9000174
:1030D00013F0FAF900285AD0DDE9020142464B46C6
:1030E00013F0DEF900284DD0C5E9128929E700BFA9
:1030F00000000040E17A843F0000F03F404212F0BF
:10310000E9FED5E9008902460B4612F097FD4246DA
:103110004B4612F049FF0EF0EFFD01F10041DEE6F3
:10312000404212F0D7FED6E9028902460B4612F061
:1031300085FD42464B4612F037FF0EF0DDFD01F1F2
:1031400000412CE7D6E90E01DDE9002313F056F823
:10315000099B002B8946D8BF01F10049804629F020
:10316000004741E7D5E90C01DDE9022313F046F8F9
:10317000099B002B8946D8BF01F10049804629F000
:103180000047D1E6DDE90289C5E91289D9E6DDE922
:103190000089A1E7D046D946C6E914892EE7D04672
:1031A000D9467CE7D5E90A03D4F8887723F00041B3
:1031B000002FB8BF7F4213F0A7F9002808BF0120F5
:1031C00087423FF7D6ACD6E90C03D4F8107823F049
:1031D0000041002FB8BF7F4213F096F9031E08BFCD
:1031E00001239F423FF7C5AC074B1B680B930B9B1A
:1031F000E3600122227420E72046FDF731FA16E74A
:103200002046FDF70DFA12E7F49FFF1FFFFFFFFFB7
:10321000037D03B1704790F928365A1ED2B20121BE
:10322000032A10B5044601751ED84B48D4F8181669
:1032300050F82220023B914228BF1146022B00F297
:103240008280DFE803F06A5A0200084612F032FE7C
:103250003FA3D3E9002312F0D1FF13F07DF981B22F
:10326000D4F8380608F00CFD94F96836D4F85816EE
:103270005A1ED2B2032A00D910BD374850F8222076
:10328000023B914228BF1146022B56D8DFE803F0DB
:1032900013022400084612F00DFE2DA3D3E90023EB
:1032A00012F0ACFF13F058F981B2D4F87406BDE8FF
:1032B000104008F0E5BB084612F0FCFD24A3D3E95A
:1032C000002312F09BFF13F047F981B2D4F8700687
:1032D000BDE8104008F054BD084612F0EBFD1CA3F9
:1032E000D3E9002312F08AFF13F036F981B2D4F843
:1032F0007806BDE8104008F0C3BC084612F0DAFDBD
:1033000013A3D3E9002312F079FF13F025F981B25A
:10331000D4F8340608F0B4FBA6E7084612F0CAFD5C
:103320000BA3D3E9002312F069FF13F015F981B262
:10333000D4F8300608F024FD96E7D4F86C06BDE812
:10334000104007F0F1BCD4F82C0607F0EDFC8BE739
:10335000CD3B7F669EA0F63F2CFC0200FFFFFFFFE7
:10336000037D03B9704790F928365A1ED2B2002166
:10337000032A10B5044601751ED84B48D4F8101620
:1033800050F82220023B914228BF1146022B00F246
:103390008280DFE803F06A5A0200084612F08AFDD4
:1033A0003FA3D3E9002312F029FF13F0D5F881B22F
:1033B000D4F8380608F064FC94F96836D4F850164E
:1033C0005A1ED2B2032A00D910BD374850F8222025
:1033D000023B914228BF1146022B56D8DFE803F08A
:1033E00013022400084612F065FD2DA3D3E9002343
:1033F00012F004FF13F0B0F881B2D4F87406BDE8FF
:10340000104008F03DBB084612F054FD24A3D3E958
:10341000002312F0F3FE13F09FF881B2D4F8700687
:10342000BDE8104008F0ACBC084612F043FD1CA3F8
:10343000D3E9002312F0E2FE13F08EF881B2D4F843
:103440007806BDE8104008F01BBC084612F032FDBB
:1034500013A3D3E9002312F0D1FE13F07DF881B25B
:10346000D4F8340608F00CFBA6E7084612F022FD5B
:103470000BA3D3E9002312F0C1FE13F06DF881B263
:10348000D4F8300608F07CFC96E7D4F86C06BDE86A
:10349000104007F049BCD4F82C0607F045FC8BE738
:1034A000CD3B7F669EA0F63F2CFC020008B50BF0DA
:1034B000F1F9BDE808400BF0EDB900BF01607047BD
:1034C0002DE9F04704460068037813B10020BDE8F9
:1034D000F08700F0C7FD0028F8D1236893F80A159B
:1034E00083F80A0503F5F062D2E9006793F809064C
:1034F00083F8091503F5016252E9028912F0DAFC3A
:1035000002460B4600204FF080410EF087FD024638
:103510000B463046394616461F460022584B12F0DD
:1035200043FD584B002212F03FFD12F0EDFF12F068
:10353000D1FC32463B4612F061FE12F0E5FF2368F3
:10354000064693F8490612F0B5FC02460B460020E9
:103550004FF080410EF062FD02460B464046494660
:10356000904699460022464B12F01EFD454B002224
:1035700012F01AFD12F0C8FF12F0ACFC42464B46A6
:1035800012F03CFE12F0C0FF05460120FAF710FCD5
:1035900007460BF0B5F95FFA86FA82456AD107F162
:1035A000010840460BF0ACF9C6F3072981455CD110
:1035B00007F1020840460BF0A3F9C6F3074981451D
:1035C0004ED1033738460BF09BF9310E814243D17F
:1035D0000520FAF7EDFB06460BF092F9EFB28742B1
:1035E00035D1771C38460BF08BF9C5F307218142A2
:1035F00029D1B71C38460BF083F9C5F30741814246
:103600001DD1033630460BF07BF9290E814212D1D1
:10361000FBF70CFA236801255D700B20FAF7C8FB55
:10362000236859780BF086F9236893F8092583F805
:103630000A2528464BE730460BF07CF9E8E7384688
:103640000BF078F9DDE738460BF074F9D1E739462D
:1036500030460BF06FF9C4E738460BF06BF9B7E76B
:10366000494640460BF066F9ABE7494640460BF049
:1036700061F99DE7514638460BF05CF98FE700BFD2
:103680000000503F0000904003685A7802B970472C
:1036900010B5002204465A700B20FAF789FB236804
:1036A000BDE8104059780BF045B900BFF0B50446AD
:1036B0000068D0F8E83783B023B9D0F87038002B11
:1036C00000F0B980437C012B6ED0022B40D00BB1AF
:1036D00003B0F0BD72B62568594E05F5F86353E99D
:1036E000020112F011FF05F5046503463360D5E9C8
:1036F000000112F009FF534D286062B6256805F5F8
:10370000F063D3E90067D5F8E80712F0E3FB32462F
:103710003B4612F093FA12F0F7FE05F5016353E908
:1037200002670090D5F8700812F0D4FB32463B4691
:1037300012F084FA12F0E8FE01AA03466946284610
:103740000193FDF72BFC236801225A7403B0F0BDEE
:1037500000F5D960FDF774F82368D3F8DC27002A58
:10376000B6D1D3F88827002AB2D1D3F86428002A2A
:10377000AED1D3F81038002BAAD172B6304B2568E1
:10378000186812F0A7FB05F5F86343E902012D4B19
:10379000186812F09FFB05F50465C5E9000162B6E3
:1037A000236803225A7493E700F5D960FDF748F8BF
:1037B0002568D5F8DC27D5F8E8379A4288D1D5F8BE
:1037C0008837002B84D1D5F86428D5F870389A4210
:1037D0007FF47EAFD5F81038002B7FF479AF05F574
:1037E000F063D3E90067D5F8E80712F073FB0246EF
:1037F0000B463046394612F01FFA12F085FE05F5E9
:10380000016353E902670090D5F8700812F062FB7B
:1038100002460B463046394612F00EFA12F074FE9C
:1038200001AA0346694628460193FDF7B7FB2368C2
:1038300002225A744CE70323437403B0F0BD00BF67
:10384000D09BFF1FD49BFF1F03685A7C032A10B52F
:1038500008BF0022044608BF5A74FFF727FF2068FC
:10386000437C032B00D010BD0021022380F84015BB
:10387000037000F5D960FDF711F80A20FAF798FAFD
:103880002368BDE8104019780BF054B82DE9F043D7
:10389000044600680378022B83B000F098804278D9
:1038A000002A00F08F80002B40F0968000F0DAFBB9
:1038B000002840F09880236893F8F854002D40F0D9
:1038C000948093F8F835002B00F08B800120FAF7F4
:1038D0006FFA07460BF014F8002660F30706781C11
:1038E0000BF00EF860F30F26B81C0BF009F8034636
:1038F000F81C63F317460BF003F860F31F6605200E
:103900000096FAF755FA07460AF0FAFF002660F328
:103910000706781C0AF0F4FF60F30F26B81C0AF0C3
:10392000EFFF0346F81C63F317460AF0E9FF23682C
:1039300060F31F6693F8090612F0BCFA02460B46C4
:1039400000204FF080410EF069FB804689460098C8
:1039500012F0C0FA42464B4612F026FB12F0D4FD9C
:103960002368009093F8490612F0A4FA02460B4629
:1039700000204FF080410EF051FB804689463046D2
:1039800012F0A8FA42464B4612F00EFB12F0BCFDB4
:1039900023680190012783F8095583F80A551F70A1
:1039A0000A20FAF705FA236819780AF0C3FF20689D
:1039B00001AA80F840756946FDF7F0FA284603B081
:1039C000BDE8F0830125284603B0BDE8F08300255B
:1039D000284603B0BDE8F0830225284603B0BDE8C1
:1039E000F0830525EFE70325EDE70425EBE700BFAE
:1039F0002DE9F04303685D7883B0002D00F08180ED
:103A000000220126DA7083F8686783F8F0670446BD
:103A10000A200BF0E9FB3046FAF7CAF907460AF02C
:103A20006FFF002660F30706781C0AF069FF60F359
:103A30000F26B81C0AF064FF0346F81C63F3174610
:103A40000AF05EFF60F31F6605200096FAF7B0F9F2
:103A500007460AF055FF002660F30706781C0AF0B7
:103A60004FFF60F30F26B81C0AF04AFF0346F81C0C
:103A700063F317460AF044FF236860F31F6693F868
:103A8000090612F017FA02460B4600204FF080415B
:103A90000EF0C4FA80468946009812F01BFA42469E
:103AA0004B4612F081FA12F02FFD2368009093F834
:103AB000490612F0FFF902460B4600204FF0804104
:103AC0000EF0ACFA80468946304612F003FA4B46B7
:103AD000424612F069FA12F017FD01AA69460190F8
:103AE0002068FDF757FA2068837DA3F10103B3FA3C
:103AF00083F35B095B004375FDF740FB2068FFF72C
:103B000087FB284603B0BDE8F08300BF70B50546CB
:103B10000B20FAF74DF90AF0F3FE2B68041E14BFD0
:103B2000012200225A7002D11C70204670BD0A206A
:103B3000FAF73EF90AF0E4FE064690B1022814D1E5
:103B40002846FFF755FF2B68044610B11E7020462B
:103B500070BD1C700A20FAF72BF921460AF0EAFE24
:103B6000E3E72B6804461E70F1E72B6800241C7005
:103B70000A20FAF71DF921460AF0DCFE204670BD46
:103B800003681A7802B9704710B5002204461A700B
:103B90000A20FAF70DF9236819780AF0CBFE20689D
:103BA00090F8F83503B910BDBDE8104001F008BC2D
:103BB00070B50446006890F8F8552DB10378012BD4
:103BC00002D890F8F83413B10025284670BD00F0F3
:103BD00049FA03460028F7D12068012680F80A3503
:103BE00080F8093580F8406500F21C7200F2CC6163
:103BF000FDF7D4F923681E71E7E700BFF8B5044666
:103C0000006800F02FFA08B10020F8BD05462068D2
:103C1000012380F8183800F59C6C80F8903700225A
:103C2000002300F59A66CCE900234CE902232946DB
:103C300046E90223C6E9002300F030FA236803F5C1
:103C4000EE62D2E90C01C2E9120103F5FE62D2E98B
:103C50000E670A20C2E914671D70FAF7A9F82568F3
:103C600006460AF04DFE2F78874204D0394630468A
:103C70000AF060FE2568002605F21C7205F2CC6190
:103C800085F89965284685F89865C5F88065C5F872
:103C9000846585F8C96585F8C865C5F8B065C5F857
:103CA000B465FDF777F92068FFF7B2FA20680124C0
:103CB00080F80A65C470FDF761FA2046F8BD00BFC0
:103CC00038B503685A7C032A08BF0022044608BF9F
:103CD0005A74FFF7EBFC23685A7C032A00D038BDE6
:103CE00000251D7183F840552046FFF787FF2068A7
:103CF000294600F5D960BDE83840FCF7CFBD00BFCC
:103D0000F8B504463820FAF753F80AF0F9FD2368AD
:103D1000002814BF012200229A700ED1184600F02C
:103D2000C1F92368002800F08A80D3F8C816C3F8C8
:103D3000CC160022C3F81C27F8BD3920FAF738F852
:103D400006460AF0DDFD00250346701C63F30705F7
:103D50000AF0D6FD60F30F25B01C0AF0D1FD034632
:103D6000F01C63F317450AF0CBFD236860F31F6571
:103D700093F8090612F09EF802460B4600204FF019
:103D800080410EF04BF906460F46284612F0A2F885
:103D900032463B4612F008F912F0B6FB2568C5F82A
:103DA000CC063D20FAF704F806460AF0A9FD0025E6
:103DB0000346701C63F307050AF0A2FD60F30F25AC
:103DC000B01C0AF09DFD0346F01C63F317450AF092
:103DD00097FD236860F31F6593F8490612F06AF8AF
:103DE00002460B4600204FF080410EF017F90646C0
:103DF0000F46284612F06EF83B46324612F0D4F8D1
:103E000012F082FB25680246C5F81C07D5F8CC16CF
:103E100005F59470FEF794FB23689A7800EA020592
:103E20009D70002D88D13820F9F7C2FF29460AF08D
:103E300081FD23689A78002A3FF470AFF8BDD3F86B
:103E4000C816D3F81827C3F8CC16C3F81C27F8BD3A
:103E500038B504463820F9F7ABFF05460AF050FDA7
:103E600018B1002128460AF065FD2046BDE838401B
:103E7000FFF746BF2DE9F04704460068037813B109
:103E80000020BDE8F08700F0E7F80028F8D12368AB
:103E900093F80A1583F80A0503F5F062D2E9006782
:103EA00093F8090683F8091503F5016252E90289BE
:103EB00012F000F802460B4600204FF080410EF051
:103EC000ADF802460B463046394616461F460022DC
:103ED000564B12F069F8564B002212F065F812F0BA
:103EE00013FB11F0F7FF32463B4612F087F912F050
:103EF0000BFB2368064693F8490611F0DBFF0246E8
:103F00000B4600204FF080410EF088F802460B4629
:103F100040464946904699460022444B12F044F8E8
:103F2000434B002212F040F812F0EEFA11F0D2FFEB
:103F300042464B4612F062F912F0E6FA0546392085
:103F4000F9F736FF07460AF0DBFC5FFA86FA82458E
:103F500067D107F1010840460AF0D2FCC6F30729F1
:103F6000814559D107F1020840460AF0C9FCC6F361
:103F7000074981454BD1033738460AF0C1FC310E61
:103F8000814240D13D20F9F713FF06460AF0B8FC04
:103F9000EFB2874232D1771C38460AF0B1FCC5F344
:103FA0000721814226D1B71C38460AF0A9FCC5F387
:103FB000074181421AD1033630460AF0A1FC290E8E
:103FC00081420FD13820F9F7F3FE01210AF0B2FC4B
:103FD0002046FFF795FE236893F8092583F80A2504
:103FE00001204EE730460AF0A5FCEBE738460AF020
:103FF000A1FCE0E738460AF09DFCD4E7394630469C
:104000000AF098FCC7E738460AF094FCBAE749463C
:1040100040460AF08FFCAEE7494640460AF08AFC6B
:10402000A0E7514638460AF085FC92E70000503F71
:104030000000904008B50AF02DFCBDE808400AF0E9
:1040400029BC00BF0078A0F10200B0FA80F040095E
:10405000704700BFC078704790F84005003818BF1F
:104060000120704790F840352BB990F8480500388A
:1040700018BF012070470120704700BF10B500F540
:10408000947482B06946204601AAFEF763FA01994A
:104090002046FEF759FA02B010BD00BF80F8F814B0
:1040A000704700BF807D033801288CBF00200120AD
:1040B000704700BF012380F830357047FFFFFFFFD6
:1040C0002DE9F04FDFF8409290F81631DFF83CB25E
:1040D000ABB000264FF00008CDE90C66CDE90E89A3
:1040E0008DF83030DFF828920B9200F5227300F53E
:1040F000D8778A460A93DBE902017DA3D3E900233E
:104100004FF00008CDE9108911F04EFF0A9B089688
:10411000079306970CAD804689460FCD6C460FC4B9
:1041200095E80300424684E803004B46514612A836
:1041300004F0C6FDDBE902016DA3D3E9002311F011
:1041400033FF0A9B0896079306970CAE8046894674
:104150000FCEEC46ACE80F0095E8030084E80300BE
:1041600042464B460B991EA804F0AAFD1EA805F076
:1041700057FB044612A80D4605F052FB02460B46BB
:104180002046294611F058FD5BA3D3E9002311F026
:104190000BFF80461EA8894605F03EFB044612A888
:1041A0000D4605F039FB02460B462046294611F024
:1041B00043FD51A3D3E9002311F0F6FE554B04460D
:1041C0000D4600224046494612F060F998B1524F20
:1041D000DFF840B100264FF0000A32463B46404629
:1041E000494611F02BFD52465B468046894612F047
:1041F0004DF90028F1D1494B00224046494612F0C2
:1042000059F998B1444FDFF814B100264FF0000A75
:1042100032463B464046494611F00EFD52465B464B
:104220008046894612F046F90028F1D1394B002228
:104230002046294612F02AF998B1374FDFF8D4B05A
:1042400000264FF0000A32463B462046294611F030
:10425000F5FC52465B4604460D4612F017F900285D
:10426000F1D12E4B00222046294612F023F998B1B5
:10427000294FDFF8A8B000264FF0000A32463B462F
:104280002046294611F0D8FC52465B4604460D46AE
:1042900012F010F90028F1D1DDE93401204B0022A1
:1042A00011F082FE02460B4615A1D1E9000111F082
:1042B000A5FF1C4B06460F4640464946002211F01A
:1042C00073FE32463B4611F06FFE389B0022C3E975
:1042D0000001144B2046294611F066FE3B4632464B
:1042E00011F062FE399BC3E900012BB0BDE8F08FED
:1042F000000000A046DF913F00000020DCA54C40FC
:10430000000000000020AC4000002440F092FF1F9D
:1043100000405940008066C00080764000806640C2
:1043200000002E400000E03F2DE9F04F90F80A35E4
:10433000A9B000260027CDE90C67CDE90E67044639
:10434000002B00F00D8100F5A261914B0022D1E914
:10435000000111F029FE8F4B002211F025FE86A3EB
:10436000D3E9002311F04AFF894604F5A461884B84
:104370000022804651E9020111F016FE7EA3D3E926
:10438000002311F03BFF94F84035CDE90801002BE4
:1043900040F0B280804BD3E9020179A3D3E9002336
:1043A00011F002FE1CAD02460B4628462146FDF7E1
:1043B0003FF8284604F0B2FC73A3D3E9002311F0C0
:1043C000F3FDCDE90601284604F0A4FC6EA3D3E971
:1043D000002311F0E9FD04F5947A0DF1400B5A46E3
:1043E00006460F4650460BA9FEF7B4F85046109902
:1043F000FEF7AAF88246DDE9060142464B4611F077
:104400001BFC5FA3D3E9002311F0CEFDDDE90823F7
:10441000CDE902013046394611F00EFC58A3D3E92C
:10442000002311F0C1FD0022CDE900010023584610
:1044300004F08EFBDDE9060142464B4611F0FEFB1F
:104440004FA3D3E9002311F0AFFDDDE90823CDE947
:1044500002013046394611F0F1FB49A3D3E90023AC
:1044600011F0A2FD0022CDE900010023284604F04E
:104470006FFB0EAB05930CAB454F049394F81631CC
:1044800003930026CDE900672A4659462046CDF819
:1044900008A0FFF715FEDDE90C67404B002230460F
:1044A000394612F007F8002862D03D4B0022304612
:1044B000394611F0EBFF08B9394F002604F5FA63CD
:1044C00043E90267DDE90E67344B00223046394686
:1044D00011F0F0FF002848D0314B00223046394619
:1044E00011F0D4FF08B92E4F002604F50564C4E985
:1044F000006729B0BDE8F08F274BD3E9020120A364
:10450000D3E9002311F050FD1CAD02460B462846AE
:104510002146FCF7DFFF284604F000FC1AA3D3E98C
:10452000002311F041FDCDE90601284604F0F2FB1D
:1045300015A3D3E9002311F037FD06460F4672B6E6
:1045400004F5016353E9020162B611F0DDFF014693
:1045500004F59470FDF7F8FF0DF1400B82464AE731
:1045600000F5FA6343E90267BFE70C4F0026BCE79A
:104570000A4F0026A2E700BF000000000020AC4068
:10458000000000A046DF913F00000020DCA54C4069
:1045900000004E4000002E40F092FF1F000030C08F
:1045A00000003040F8B5D0F81465D0F810753B4BDA
:1045B00004460D4638463146002211F05DFF48B1F1
:1045C00004F5A46353E902010022002311F054FF13
:1045D000002840D1A37D033B012B43D994F8163129
:1045E000002B4AD194F87834002B46D12C4B002272
:1045F000D3E90201002311F05DFF00284BD03A46B9
:10460000334604F5FA6141E9022372B604F5016309
:1046100053E9020162B611F077FF014604F5947088
:10462000FDF792FF04F5A463012853E9022314BFA8
:104630001C491A49002011F0B7FC1B4B002211F055
:10464000DDFD94F9083504F50566012BC6E9000186
:104650001CD065B9F8BD002384F80B35A37D033B5E
:10466000012BBBD82046FFF75FFE002DF2D004F5EA
:10467000D960BDE8F840FCF717B92046FFF754FEB3
:1046800094F90835012BE4D104F5056600220023D6
:10469000C6E90023DDE706F10046B0E70000F03F81
:1046A000F092FF1F0000F0BF00002E4030B41D4606
:1046B000144600F5A263C3E90045DDE9023400F5C4
:1046C000A46141E9023430BC0121FFF76BBF00BF98
:1046D0000429A8BF04212DE9F04F21EAE17505F175
:1046E000AA0300EBC303D3E9006700F5DA63D3E95B
:1046F000088983B0044601920023002240464946BF
:1047000011F0CEFE00287CD1584B4046494600228D
:1047100011F04AFC02460B460020554911F06EFD8F
:1047200004F5E463D3E9088982468B46002200231E
:104730004046494611F0B4FE002840F08E804B4BB5
:1047400040464946002211F02FFC02460B4600204D
:10475000474911F053FD52465B468046894611F0A9
:104760009FFE00286DD0002200235046594611F0CC
:10477000ABFE70B1002200233046394611F0A4FE92
:1047800038B152465B463046394611F07FFE00286C
:1047900060D194F87835AB4256D0EDB284F87855B4
:1047A00004F5B065D5E902233046394611F064FEC0
:1047B00068B9C5E9026772B6D4F8A835D3E9000133
:1047C000D5E9022311F0F0FBC5E9080162B604F552
:1047D000B665D5E902233046394611F04DFE68B979
:1047E000C5E9026772B6D4F8D815D5E90223D1E934
:1047F000000111F0D9FBC5E9080162B603B0BDE8BC
:10480000F08F04F5E463D3E90889002200234046D1
:10481000494611F045FE0028BBD1144B404649469D
:10482000002211F0C1FB02460B460020104911F096
:10483000E5FC002200238046894611F031FE002865
:10484000A7D1C246CB468EE7019B002BA5D103B072
:10485000BDE8F08F56465F469BE700220023504696
:10486000594611F027FE002893D07CE70000244031
:104870000000F03F01220021FFF72ABF90F87915D0
:104880000022FFF725BF00BF90F878150122FFF73F
:104890001FBF00BFFFFFFFFF2DE9F04F00F5DE65F2
:1048A0008BB0044692469B466BA1D1E9000155E9C5
:1048B000022311F0A3FC04F5E86353E90223054643
:1048C0000E4665A1D1E90001CDE9065611F096FC2E
:1048D0005246CDE904015B462846314611F08EFC74
:1048E0005F4B00228046894611F0E4FD18B9DFF8DD
:1048F00070914FF0000804F5D46552465B46C5E957
:104900000089DDE9040111F079FC554B00220646CF
:104910000F4611F0CFFD08B9514F0026424604F56D
:10492000D668C8E900674B46DDE9060111F066FC70
:1049300032463B46CDE90801DDE9040111F05EFC99
:1049400006460F4602460B46DDE9080111F09EFDC2
:1049500008B1DDE9086732463B465046594611F03A
:104960006BF921F00043194600224FF0804311F00B
:10497000ABFD002834D132463B46DDE9060111F09B
:104980003DFC3246C5E900013B46DDE9040111F07A
:1049900035FCC8E9000104F5AE69C9E9006759E9C9
:1049A000020132463B4611F085FD002838D194F8CB
:1049B000781520460122FFF78BFE04F5BE6353E90C
:1049C0000223CDE90223D8E90067D5E9002304F5E5
:1049D000D960CDE90067FBF785FF0BB0BDE8F08F2C
:1049E0001A20F9F7E5F939468146304611F08CFD79
:1049F000014648465FFA81FB1FFA81FA09F080FF01
:104A0000834522D109F10109484609F079FF4FEAAF
:104A10001A2A8245AFD05146484609F08BFFAAE7D3
:104A2000104B00223046394611F0BEFA49E9020126
:104A30001920F9F7BDF9064659E9020111F08CFD7C
:104A4000C1B2304609F076FFB1E75946484609F051
:104A500071FFD7E7AFF300800000000080842E4193
:104A6000000028400000E03F70B505461A20F9F725
:104A70009FF9064609F044FF0446701C09F040FF08
:104A8000E4B260F30F24A0B211F014FA02460B4610
:104A90002846BDE87040FFF7FFBE00BF30B500F507
:104AA000BE6200F5D66352E90245D3E9002385B022
:104AB000CDE90023CDE9024500F5D463D3E9002315
:104AC00000F5D960FBF70EFF05B030BDFFFFFFFF1B
:104AD000F0B500F5E86200F5DE6352E902670446CE
:104AE00053E9022318A1D1E9000189B0CDE9026799
:104AF000CDE90401CDE9002304F5A065D4F86406EE
:104B0000D4F82416D5E900230790069104F5D9605E
:104B1000FBF728FF0E4904F5A2630020C3E900015A
:104B2000002604F5A4630027204643E9026701211B
:104B3000FFF738FDD5E9000109B0BDE8F04001F00C
:104B400053BD00BFAFF300800000000080842E4101
:104B50000000F03F2DE9F04F00F5947583B001AAF5
:104B600004460E4628466946FDF7F4FC019928469E
:104B7000FDF7EAFC01AA694607462846FDF7EAFC6C
:104B8000E37823B194F80A3583F00103E370009BC6
:104B9000D4F800279A4229DCD4F80427934225DC74
:104BA00094F8F834042B3AD0019BD4F85027934260
:104BB00028DBD4F85427934224DC94F8F834052BEE
:104BC00004BF002384F8F834A37D012B36D0E378AA
:104BD0004BBB2378022B12D194F8F8347BB12046DA
:104BE000FBF71AFD2046FBF73FFD08E094F840353F
:104BF000042284F8F82463B90EB984F80A6503B076
:104C0000BDE8F08F94F84035052284F8F824002B95
:104C1000F2D0012384F8303503B0BDE8F08F0023D3
:104C200084F8F834C0E794F8F834002BE7D0204635
:104C3000FBF70EFD2046FBF717FDCAE772B604F539
:104C4000EE63D4F878B7D3E9040194F890A7D3E9D8
:104C50000A895FFA8AFA62B611F056FCA0EB0B03E0
:104C6000002B2ED0CCBF4FF0010A4FF0000ADDE937
:104C7000001201232846FDF727FB20B9BAF1000FE7
:104C800033D1012F4CD094F8F834072B04BF002304
:104C900084F8F834DDE9001228460123FDF790FA84
:104CA00020B9BAF1000F2ED1022F44D094F8F83475
:104CB000062B8CD1E378002284F8F824002B9ED1B7
:104CC00087E7002200234046494611F0D5FB002823
:104CD000CDD1404649460022002311F0F5FBB0F14A
:104CE000000A18BF4FF0010AC1E7022FCBD194F898
:104CF0004035072284F8F824002B3FF47DAF0123D0
:104D000084F8303578E7012FD0D194F84035062269
:104D100084F8F824002B3FF46FAF84F830756BE70C
:104D200094F84035072284F8F824002B3FF467AF4D
:104D300084F8307563E794F84035062284F8F82447
:104D4000002B7FF466AF5AE72DE9F04F044690F848
:104D50000A058FB00E4617461D4620B372B694F86A
:104D600048A594F8D8375FFA8AFA002B00F0B5808E
:104D700094F86038B3B9BAF1040F00F00E8104F56D
:104D8000016A04F50268284611F0A4F8D8E9002366
:104D90005AE9028911F008F942464B4610F04EFFDD
:104DA0004AE9020162B694F84035002B40F0E280F7
:104DB000132D7BDC844A854B02FB0633844AB2EB1D
:104DC000B30F0FD321466846FCF7ACFB684604F0EE
:104DD000C3FB7BA3D3E9002311F0E6F804F59E653D
:104DE000C5E90001002E73D094F8F83543B194F86A
:104DF0004935042B00F0AF8094F8483584F84935E4
:104E000094F869371BB994F8F137002B7CD0012353
:104E100084F8F834002F46D194F84025002A40F059
:104E2000AD8084F80A7594F89925022A08BF84F8A1
:104E3000993594F89935FE2B04BFFF2384F89935F2
:104E400094F8C935022B04BF012384F8C93594F8BE
:104E5000C935FE2B02D1FF2384F8C93504F59E63C2
:104E6000D4F82801D3E9006711F034F802460B4664
:104E70003046394611F00AFB40B9D4F82C0111F044
:104E800029F832463B4611F001FB60B194F84035F9
:104E9000022284F8F82403F0FF02002B00F0838044
:104EA000012384F830350FB0BDE8F08F2146684605
:104EB000FCF738FB684604F04FFB41A3D3E900231D
:104EC00011F072F804F59E68632DC8E9000189DDD0
:104ED00001212046FFF766FB86E7BAF1040F53D0A5
:104EE00004F5F06B04F5F468284610F0F3FF58E978
:104EF0000223DBE9008911F057F842464B4610F0D7
:104F00009DFECBE9000133E794F8F824D4F828019A
:104F1000012A08BF84F8F83404F59E63D3E90089B8
:104F200010F0D8FF02460B464046494611F0AEFA53
:104F300038BBD4F82C0110F0CDFF02460B4640469A
:104F4000494611F0C1FAE0B994F8F834022BAAD11D
:104F500084F8F804A7E794F84835002B7FF44CAFA9
:104F600094F80A3523BB94F8781501222046FFF700
:104F7000AFFB41E72046FDF7E3FD19E784F8303544
:104F80006CE7002F82D08EE794F89835002BA7D0DD
:104F900094F86038002B7FF405AF94F8C835002BE7
:104FA0003FF4EDAEFEE684F80A250FB0BDE8F08FC1
:104FB00001212046FFF7F6FAD5E700BFAFF30080E6
:104FC00000000020DCA54C40CDCCCCCC98999919A0
:104FD000CCCCCC0CA9B190F8363010B504466BB1EE
:104FE00007212046FCF7D4F838B1E3780BB1002351
:104FF000E37023780BB10023237010BD90F87D1669
:10500000EFE77047FFFFFFFF2DE9F04F90F8F8350D
:1050100083B004460E469346002B00F0718172B6B1
:10502000D0F8FC0510F046FFB14B002211F0E6F875
:105030008046D4F80406894610F03CFF02460B4631
:105040004046494610F0B0FF804694F8090689466C
:1050500010F030FF02460B4600204FF080410CF06C
:10506000DDFF02460B464046494610F09DFF11F019
:105070004BFAC4F8D006074611F098FB9D498246CA
:1050800011F09CFC10F038FF04F5DA658046894683
:10509000C5E902899849504611F090FC10F02CFFA8
:1050A00091A3D3E90023C5E906014046494611F022
:1050B000A5F880468946C5E904899049504611F013
:1050C0007DFC10F019FF07EBD773002FB8BF033733
:1050D0005B10BF10C5E90801D4F83C06C4F8F836E7
:1050E000C4F8FC7610F0E6FE814B002211F086F841
:1050F000CDE90001D4F8440610F0DCFE02460B4670
:10510000DDE9000110F050FFCDE9000194F84906F7
:1051100010F0D0FE02460B4600204FF080410CF00C
:105120007DFF02460B46DDE9000104F5E46710F05F
:105130003BFF11F0E9F9C4F82007054611F036FBF2
:105140006C49824611F03AFC10F0D6FE02460B463E
:10515000C7E9022368495046CDE9002311F02EFC2F
:1051600010F0CAFEDDE90023C7E906011046194622
:105170005DA3D3E9002311F041F802460B46C7E9CD
:1051800004235E495046CDE9002311F017FC10F0CE
:10519000B3FE05EBD573002DB8BF03355B10AD1022
:1051A000C7E90801D4F82006C4F84837C4F84C57BA
:1051B00010F090FE42464B4610F0F6FE11F0A4F9B6
:1051C0000025C4F8E807D4F86006C4F8DC5784F872
:1051D000D85710F07FFEDDE9002310F0E5FE11F056
:1051E00093F9C4F87008C4F8645884F86058D4F887
:1051F000780710F06FFE04F5F063C3E90001D4F8FE
:10520000000810F067FE04F5016343E9020162B68D
:1052100094F87835AA3304EBC303D3E9008900235B
:1052200084F8993584F89835C4F8803504F5B0656C
:1052300004F5DE63C4F8A8354046D5E902234946A3
:1052400011F01AF968B9C5E9028972B6D4F8A8351F
:10525000D3E90001D5E9022310F0A6FEC5E9080153
:1052600062B694F87835AA3304EBC303D3E9008916
:10527000002384F8C93584F8C835C4F8B03504F57E
:10528000B66504F5E863C4F8D8354046D5E902238D
:10529000494611F0F1F868B9C5E9028972B6D4F847
:1052A000D835D3E90001D5E9022310F07DFEC5E928
:1052B000080162B6F9F7F4FE3046F8F7A5FFBBF136
:1052C000000F69D104F59470FDF74AF92046FBF709
:1052D000CFF92046FFF7FCFB204603B0BDE8F04FB6
:1052E000FFF7C2BBAFF30080000000000020AC401D
:1052F00000408F400000B44300C0A84700D6034BD5
:1053000072B600F5D061D1E90001294B002210F0FE
:105310004BFE11F0F9F8C4F8D006054611F046FA34
:105320002449824611F04AFB10F0E6FD04F5DA67E5
:1053300080468946C7E902891F49504611F03EFB65
:1053400010F0DAFD18A3D3E90023C7E906014046AF
:10535000494610F053FF80468946C7E9048917493A
:10536000504611F02BFB10F0C7FD05EBD573C7E9D4
:105370000801002D4FEA6303B8BF0335C4F8F836BF
:10538000AD1004F5D263D3E90001C4F8FC56084B14
:1053900004F5E4670022CAE62046FBF73DF9204603
:1053A000FBF756F98EE700BF000000000020AC407C
:1053B000008076400000B44300C0A84700D6034BED
:1053C00090F80A3503B1704730B5012183B080F8F9
:1053D0000A15044603F0FF05FFF7E4F8044B1B68C9
:1053E0000193019BC4F82835E57003B030BD00BFC0
:1053F000F49FFF1FFFFFFFFF2DE9F04FBA4E356806
:10540000BFF35B8F15F00105BDB004462AD094F8B8
:105410003135FBB194F8F834002B3FD1B34D2B78E4
:10542000002B00F07781B24AB24B12681592159D9D
:10543000DFF8C4A21B68B14AB14FDAF800003D6042
:10544000EE1A9642A5EB000528D8C72D32D83DB0FC
:10545000BDE8F08FA54A11780029F8D013703DB04F
:10546000BDE8F08F304609F0BDFB0028CFD0A54B3A
:10547000002730460026C3E95067C3E95267C3E9F5
:105480005467C3E97C67C3E9C867C3F8E851C3F848
:10549000185383F8285309F0ABFBB8E72046FDF713
:1054A00029FA2046FDF780FA002384F831353DB013
:1054B000BDE8F08FC01A11F075F9934911F0CAF9DF
:1054C00010F01AFD80467019894611F06BF98E496B
:1054D00011F0C0F910F010FD04F5A863CDE9080142
:1054E00053E902017CA3D3E9002310F05DFDCDE96F
:1054F0000601404649460CF027FECDE90A01404628
:1055000049460CF021FE0CF0DDFFCDE90C014046D0
:1055100049460CF019FE02460B4640464946CDE985
:105520000E230CF011FE0DF059F8DDE90889CDE9E4
:105530001001404649460CF007FE02460B46404625
:105540004946CDE91223CDE908890CF0FDFD0CF0A8
:10555000B9FFDDE9122380468946DDE9060110F036
:1055600023FD42464B4610F01FFDDDE90889CDE9D9
:105570001201404649460CF0E7FD02460B46404604
:105580004946CDE908230CF0DFFD0DF027F8DDE9F1
:10559000082380468946DDE9060110F005FD4246F4
:1055A0004B4610F001FDDDE90A2380468946DDE91E
:1055B000060110F0F9FCDDE90C2310F0F5FC48A31E
:1055C000D3E9002310F0F0FCDDE90E23CDE9020160
:1055D000DDE9060110F0E8FCDDE9102310F0E4FC41
:1055E0003FA3D3E9002310F0DFFC30AECDE900018A
:1055F00000223046002304F01DF918AB314618464E
:10560000424A04F02BF9DDE9120135A3D3E9002366
:1056100010F0CAFC32A3D3E90023CDE902014046D1
:10562000494610F0C1FC0023CDE9000100223046BC
:1056300004F000F904F594783146344A0DF1580B22
:1056400024A804F00BF9324640465946FCF782FF85
:1056500030994046FCF778FF05960290CDF810B0DF
:1056600094F815310393284611F09CF8284911F05D
:10567000F1F810F041FC24AACDE9000118A9204658
:10568000FEF71EFD04F5AE61D1E90089179D169E57
:1056900025F0004332464046494610F0F7FE002808
:1056A0007FF4FCAE40464946DDE930984A4628F092
:1056B000004310F0EBFE00287FF4F0AE32462B469C
:1056C0002046FDF7E7F843464A462046FDF73CF9F9
:1056D0003B68CAF80030BAE6000000A09999D93FAB
:1056E000000000A046DF913FD89BFF1FDC9BFF1FFF
:1056F000F49FFF1F109FFF1F189FFF1FE0930400E0
:10570000149FFF1FE09BFF1F6F12833A009CFF1F37
:105710006F12033B344BD3E902012DA3D3E90023DD
:1057200010F042FC02460B4630A82146FBF780FEF3
:1057300030A803F0F3FA064630A80F4603F0EAFA61
:1057400032463B4600260027CDE90001CDE904673B
:105750002648CDE9026707F007FC30A803F0DAFA23
:1057600032463B4610F0B0FE58B30FF26C09D9E94F
:10577000008930A803F0D2FA064630A80F4603F09D
:10578000C9FACDE9048942464B464FF000084FF074
:105790000009CDE9028910F051FA3246CDE9000145
:1057A0003B46124807F0E0FB114B12481B6824935C
:1057B000249B1149036001220B602A703DB0BDE8B3
:1057C000F08F0FF21C09D9E90089D2E7AFF300800E
:1057D000000000A046DF913F00000060FB21E9BF10
:1057E00000000060FB21E93FF092FF1FE09BFF1FDC
:1057F000F49FFF1F109FFF1F189FFF1F08B509F0A0
:1058000049F8BDE8084009F045B800BF016070479D
:1058100008B50021112009F08BFC00210E2009F0B1
:1058200087FC0021102009F083FCBDE8084000211E
:105830000F2009F07DBC00BF2DE9F04F0446006841
:1058400090F8F85483B035B190F84835022B4ED01B
:1058500003B0BDE8F08F112009F05CFC07460E2074
:1058600009F058FC8146102009F054FC06460F2030
:1058700009F050FC78238046013BFDD1112009F04E
:1058800049FC83460E2009F045FC0190102009F0E8
:1058900041FC82460F2009F03DFC5F45024640D0A6
:1058A000344B1D78344F56452CD0344B1A78AA42CD
:1058B0000AD020681D7015B3A5F12D01B1FA81F150
:1058C00002224909FCF7D8FF2D4B39781A788A4211
:1058D000BED02068197069B1A1F12D01B1FA81F132
:1058E0000222490903B0BDE8F04FFDF71FB8FDF7EC
:1058F00001F8206803B0BDE8F04FFDF755B8FCF79C
:10590000F9FFE1E79045D0D1002346453B70CCD06C
:105910000EB92D233B70B8F1000FC6D12B233B707D
:10592000C3E7019B9945BBD1DFF848B04F458BF8E1
:105930000050B7D02FB1B9F1000F0ED09BF8005036
:10594000B0E701902068FEF799FB01280CBF2B23DC
:105950002D23019A8BF80030EDE720680192FEF7C5
:105960008DFB01280CBF2D252B25019A8BF80050AB
:1059700098E700BF1F9FFF1F1E9FFF1F1D9FFF1F58
:105980001C9FFF1F08B508F085FFBDE8084008F020
:1059900081BF00BFFFFFFFFF84B02DE970439AB0C5
:1059A00020AC84E80F0000250023002420A8CDE9C6
:1059B0000A45CDE90C4509938DF81F3003F0CCFD65
:1059C00039A3D3E9002310F0EFFA3B4E0446D6F892
:1059D00028010D4610F07EFA35A3D3E9002310F01C
:1059E0002BF922462B4610F06FFD002852D1D6F835
:1059F0002C0110F06FFA2EA3D3E9002310F01EF94A
:105A000022462B4610F042FD044600283CD106F504
:105A1000227306F5D872009020A90EA803F010FC9E
:105A20000EA803F0FDFE20A3D3E9002310F0BCFA7A
:105A300002460B460EA8CDE90A2303F0EDFE1AA399
:105A4000D3E9002310F0B0FA012303930DF11F03F3
:105A5000029309AB019308AB8046894600930494F6
:105A60002EAB30460CAA0AA9CDE90C89FBF7ACFD98
:105A7000B0B12F9A00231360309A204613601AB0F9
:105A8000BDE8704304B0704708201AB0BDE8704309
:105A900004B0704701201AB0BDE8704304B07047ED
:105AA0000620ECE7AFF3008000000020DCA54C40AE
:105AB000000000E0E2361A3F3893FF1F84B030B593
:105AC000A3B026AC84E80F000EA81A499DF8C85070
:105AD000FAF7E2FD0DF1380CBCE80F00EE46AEE837
:105AE0000F009CE803008EE8030014ACDDE93423CA
:105AF00026A9204603F07CF8379B0C93369B0B932A
:105B00000A950DF1600EBEE80F00EC46ACE80F0000
:105B1000BEE80F00ACE80F009EE803008CE803002D
:105B200094E80F00FFF738FF23B0BDE8304004B021
:105B3000704700BF3893FF1F08B508F0ABFEBDE803
:105B4000084008F0A7BE00BF08B509F0DBFC0AF06A
:105B500023F90AF02DFEBDE808404FF47A7009F0F1
:105B600043BB00BF0148EBF7EDB900BFFC8FFF1F3F
:105B70000148EBF7F1B800BFFC8FFF1F08B508F034
:105B800089FEBDE8084008F085BE00BF03681847DD
:105B90000B680360704700BF0B680360704700BF6D
:105BA000704700BF10B5044608F066FC204610BDE3
:105BB000444B70B54022444DC3F8C82029780029D1
:105BC0004AD0424E0023337072B6414C04F5F06364
:105BD000D3E9000110F098FCD4F87837C01AC4F863
:105BE000880762B6D4F88837002B3DD0D4F88837C0
:105BF00094F80B26002BD4BF0023012384F89037A0
:105C000094F89037002A34D1002B34D02D4B4FF428
:105C100080525A602E48FAF7F7FC94F8903780F0DB
:105C20000100C0B263B3D4F8DC27D4F8E8379A4255
:105C300001DA00283DD1D4F8E827C4F8DC27002396
:105C400084F8D837D4F878370133C4F8783701238B
:105C5000337000232B7070BD1C49097809B1C3F85B
:105C6000C42001232B7070BD94F8D837002BF0D0DE
:105C7000BCE7002BCAD0134B4FF480529A60C9E79F
:105C8000D4F8DC37002B09DD40B1D4F8DC37012231
:105C9000013BC4F8DC3784F8D827D8E70023C4F8E0
:105CA000DC3784F8D837D4F87837013BC4F8783734
:105CB000CDE7D4F8DC3701221344C4F8DC3784F88C
:105CC000D827C4E700F00F409C87FF1F489FFF1FA5
:105CD0003893FF1F424B70B51022424DC3F8C820C5
:105CE0002978002947D0404E0023337072B63F4CCC
:105CF00004F5016353E9020110F006FCD4F8003802
:105D0000C01AC4F8100862B6D4F81038002B3AD084
:105D1000D4F8103894F84B26002BD4BF002301236D
:105D200084F8183894F8183892BB9BB32C4B042293
:105D30005A642E48FAF768FC94F8183880F001008D
:105D4000C0B25BB3D4F86428D4F870389A4201DA50
:105D500000283CD1D4F87028C4F86428002384F8C3
:105D60006038D4F800380133C4F8003801233370A8
:105D700000232B7070BD1C49097809B1C3F8C420F9
:105D800001232B7070BD94F86038002BF0D0BFE772
:105D9000002BCBD0124B04229A64CAE7D4F86438A3
:105DA000002B09DD40B1D4F864380122013BC4F86E
:105DB000643884F86028D9E70023C4F8643884F88C
:105DC0006038D4F80038013BC4F80038CEE7D4F886
:105DD000643801221344C4F8643884F86028C5E7A5
:105DE00000F00F409D87FF1F499FFF1F3893FF1F43
:105DF0002DE9F04F92461F46D1E9102387B0CDE937
:105E0000022391F87030109E0C46054613B9437E6C
:105E1000002B56D1AC4B93F84825042A00F06B8137
:105E200093F80A254AB993F84825012A00F05281CF
:105E300093F84825022A00F04D8193F80A35002B8B
:105E400035D1D6E90001024621F00043CDE9042313
:105E5000DDE90467002200233046394610F00CFBD0
:105E600030B1DDE91423C4E9142307B0BDE8F08F95
:105E700032463B46D4E90E0110F0C0F906460F4603
:105E800002460B46DDE9140110F01EFB002800F06D
:105E90001481DDE9120132463B4610F001FB002877
:105EA00000F00681C4E9146707B0BDE8F08FD6E9B9
:105EB0000001D4E916230FF0C1FE024621F0004391
:105EC000C4E7D0E90289DDE902234046494610F0E3
:105ED000DDFA58B1D6E900BCDDE9022358462CF0C2
:105EE000004110F0D3FA002840F0A2817648FDF777
:105EF00037FA6B7E1B0600F13B81744B0022DFF802
:105F0000D0B1CBE900236B7EFF2B00F0F9806B7ED4
:105F1000012B00F0F580D4E90223DBE90089D6E902
:105F20000001CDE90001104619460FF087FE64A379
:105F3000D3E9002310F038F842464B4610F034F80D
:105F4000DAE9082310F05AF9DDE900230FF076FEB4
:105F5000C6E90001D6E900010022002310F096FAFC
:105F6000002840F00881DDE90201D6E9002310F0A5
:105F7000A1FA002840F05A813346D3E90023C6E94C
:105F800000236B7E5BB2002B00F37D816B7E1A06D3
:105F90004FF0000848BFD5E902834FF0000948BF21
:105FA00003F10049D6E9000142464B4610F08CFA55
:105FB00008B9D6E90089C6E900896B7EFF2B03D0BA
:105FC0006B7E012B7FF426AFD6E90089DDE9020163
:105FD000424629F0004310F059FA002800F0F480FE
:105FE00072B6D4E9060110F08FFA2369C01A206254
:105FF00062B6D4E91423D4E91A0110F0FFF802467E
:106000000B460FF0D1FFD4E90223804689461046A3
:1060100019460FF013FE0B4602464946404610F063
:10602000EDF810F071FA236A002B8046C0F2FB8075
:1060300072B6206940440FF04DFFC4E90601C4F870
:10604000208062B6236A206B83EAE378A8EBE378CA
:10605000636B23F0004110F057FA002808BF0120BD
:1060600080453FF7D7AE00236B762B7600220023C6
:10607000C6E9002372B6D7E9060110F045FA3B697C
:10608000C01A386262B63B6A7A6B386B22F0004104
:1060900083EAE377A7EBE37710F036FA002808BF2E
:1060A000012087423FF7B6AE0748FDF7B1F8B1E6E9
:1060B000DDE91267C4E91467F6E6DDE91467E8E68E
:1060C00000000040E17A843F3893FF1F0000F03F5A
:1060D000509FFF1F6A7E002A3FF4AFAE6B7E5BB21B
:1060E000002B4FF0000200F3C7806B7E1B0600F10F
:1060F000C3800023AAE62A7E002A7FF4A2AE8FE6A0
:10610000D4E90223DBE90089D6E90001CDE90001E9
:10611000104619460FF092FD5FA3D3E900230FF05C
:1061200043FF42464B460FF03FFFDAE9082310F0E9
:1061300065F802460B46DDE900010FF07DFDC6E97A
:106140000001574BDBE90001002210F095F900280F
:106150007BD0D6E90001DDE9022310F0ABF900287D
:1061600040F08F8002ABD3E90023C6E90023F1E6BB
:106170004C4B0022C3E6DDE90223904603F10049BF
:106180004046D6E90023494610F080F900286DD03A
:10619000C6E900896B7E5BB2002B6ADC6B7E190658
:1061A0004FF0000848BFD5E902834FF0000948BF0F
:1061B00003F10049D6E9000142464B4610F070F960
:1061C00000287FF4F8AEF4E672B6D4E9060110F0C8
:1061D0009BF92369C01A206262B6D4E91423D4E97A
:1061E0001A0110F00BF802460B460FF0DDFED4E961
:1061F000022380468946104619460FF01FFD0B46C4
:106200000246494640460FF0F9FF10F07DF9236A37
:10621000002BB8BF5B42834280467FF713AF236AEF
:10622000002BBFF605AFC8F1000801E702ABA4E6FA
:106230006B7E5BB2002B3FF7BEAE6B7E180625D49B
:106240004FF000084FF00009B5E6DDE90223904663
:1062500003F100494046D6E90023494610F034F9DD
:1062600008B1D6E90089C6E9008973E6D6E9008954
:106270008EE7D5E902899DE7D5E9022121F00043A7
:10628000E4E533466FE7D5E902898BE609F100437F
:10629000994690E6AFF3008000000040E17A843F29
:1062A0000000F03F0000F0BF2DE9F0410C4691F8EE
:1062B0007010074616461D4629B1D4E91E23C6E9CB
:1062C000002301232B701D4890F80A1509B9BDE879
:1062D000F081FDF7C1FE0028F9D194F87030002B51
:1062E000F5D12B78002BF2D07B7E4FFA83F8002B70
:1062F000EDD172B6D4E9060110F006F92369C31A8C
:10630000236262B6276A636B206B002F23F0004183
:10631000B8BF7F4210F0F8F8031E08BF01239F4268
:1063200006DD72B6D4E91223C6E9002362B6CEE7D1
:1063300072B685F8008062B6C9E700BF3893FF1FC8
:106340002DE930488C4A8D4D13688AB001332846B8
:106350001360FDF781FE00282FD195F84835012BF9
:1063600000F0B080864C874B54E95201CDE904011E
:10637000009354E954012346CDE90201A4F5947237
:10638000A4F18801A4F51C70FFF732FD54E94E0119
:10639000CDE9040154E950017B4A0092CDE90201A4
:1063A000A4F18803A4F1D8022146A4F51070FFF7E8
:1063B0001FFD95F89935002B2CD07448744B50E98B
:1063C0000245CDE90845734CA0F1580108AAA0F593
:1063D0001070FFF769FFDDE90801D4E9002310F030
:1063E0004BF8002847D06C486C4B014671E81445C7
:1063F000CDE906456A4CA0F5247006AAFFF754FFC4
:10640000DDE90601D4E9002310F036F850B10AB0F6
:10641000BDE8308895F8C9355AB2002BCDD185F842
:106420004825CAE7DDE906015E4B00220FF0BCFDFE
:1064300010F0B2F80021054610F0B4FBA0B95A499B
:10644000284610F0C3FB78B95849284610F002FAE4
:106450004FF07C5110F0F4F810F0FEFB232803D924
:10646000534B1B6803B11860DDE90623C4E9002320
:106470000AB0BDE83088DDE908014A4B00220FF080
:1064800093FD10F089F80021054610F08BFBA0B9B0
:106490004549284610F09AFB78B94449284610F03F
:1064A000D9F94FF07C5110F0CBF810F0D5FB232830
:1064B00003D9404B1B6803B11860DDE90823C4E928
:1064C000002390E795F89935022B2DD095F8993552
:1064D000FE2B29D095F8C935022B04D095F8C93583
:1064E000FE2B7FF43FAFD5F8B035002B3FF43AAF29
:1064F00072B6314BD3E900BC95F8C9355BB2002BBD
:1065000007DC95F8C9351B0632D44FF0000B4FF06D
:10651000000C2A4C5A4654E9020163460FF08EFBE8
:1065200044E9020162B61DE7D5F88035002BD1D0D1
:1065300072B6234BD3E900BC95F899355BB2002BBA
:1065400007DC95F899351A060ED44FF0000B4FF082
:10655000000C1C4C5A46D4E9000163460FF06EFB58
:10656000C4E9000162B6B5E70CF100439C46F0E7D0
:106570000CF100439C46CCE77091FF1F3893FF1F3E
:10658000289BFF1F589FFF1F609FFF1FF89AFF1F48
:106590004A9FFF1F209FFF1F789BFF1F4B9FFF1FDE
:1065A000289FFF1F0000E03F398EE34C000010429F
:1065B000409FFF1F389FFF1F0899FF1F489BFF1F29
:1065C000D898FF1FB89AFF1F08B502460B4604A1D2
:1065D000D1E900010FF012FE08BD00BFAFF300804B
:1065E0000000000080842E4170B592B0284B294EE7
:1065F000029304460D4608A802A900960696FFF7E6
:10660000C7FA21A3D3E90023204629460FF0CCFC8A
:106610000FF0C2FF0021044610F0C4FA10BB1E495F
:10662000204610F0D3FAE8B91C49204610F012F9C0
:106630004FF07C5110F004F810F00EFB23280446B4
:1066400010D90EA808A90C96FFF7A2FA22460CA9A9
:10665000134807F0A3FE0C9B0EA8DB689847069B27
:10666000DB6800E00F4B08A89847009B02A8DB6896
:1066700098470D480D4900220023C0E90023C1E9D5
:10668000002312B070BD00BF00000040E17A843FDB
:10669000416301003CFC0200398EE34C00001042D3
:1066A000309FFF1FA15B0100209FFF1F289FFF1F3E
:1066B00010B54FF0E02292B0D2F8203D274C23F0E5
:1066C0007F4343F00053C2F8203D02A9244B0293BC
:1066D00008A800940694FFF75BFA08A90EA80C948A
:1066E000FFF756FA40F60F620CA91E4807F056FE57
:1066F0000C9B0EA8DB689847069B08A8DB689847A8
:10670000009B02A8DB689847174B029302A908A8D0
:1067100000940694FFF73CFA08A90EA80C94FFF722
:1067200037FA0CA940F60F62104807F037FE0C9BB1
:106730000EA8DB689847069B08A8DB689847009B73
:1067400002A8DB6898470A4B0022202183F84410F6
:1067500083F8452083F8462012B010BD3CFC0200AF
:10676000B15B0100389FFF1FD55C0100409FFF1FF8
:1067700000E400E0F8B508F08DF80E4F0E4E08F07A
:1067800089F80E48002580243A4631460560047198
:106790000BF0ACFA0A483A463146056004710BF03A
:1067A000A5FA084804713A4631460560BDE8F8404C
:1067B0000BF09CBA2087FF1FA55B0100309FFF1FD5
:1067C000389FFF1F409FFF1F58492DE9F043A1FB51
:1067D00000435B09A1FB0341C3EB03144909A0EB90
:1067E0008400534C1070C1EB0115A4FB014CA3EBCA
:1067F00085034FEA1C1C53704E4B4F4E4F4FDFF832
:1068000040810CF10400A3FB00430CEB4C04A1EB12
:10681000C4019170C11A03EB51039B08C3EBC3037E
:10682000C01A431C0020D370014640F26D190DE0E0
:10683000B7EBB40F46D3B8EB341F34BF4C464FF41C
:10684000B77421448C4500F101000FD35FFA80FE3C
:106850000EF2B27313F0030506FB03F4E8D040F226
:106860006D1421448C4500F10100EFD2354E82F8C1
:1068700006E0A6FB03067709A5B36420F60900FB32
:1068800017374FF4C87000FB163640F26D10ACEBB2
:10689000010CDFF8B4E06044012100230AE013F8A2
:1068A0000E40844234D80C29A0EB040012D00131F0
:1068B0000133C9B2012B5FFA83FCF0D12DB9EFB1DE
:1068C0001D2403E04FF4B774BBE71C24A04229D376
:1068D000001BECE74FF00D0C013082F805C0107181
:1068E000BDE8F083642000FB1737F6094FF4C87049
:1068F00000FB16363FB14FF4B770C8E7002E14BF47
:106900001C241D24E2E7002EBFD14FF4B770BEE770
:106910000CF1010C5FFA8CFC013082F805C010719B
:10692000BDE8F0834FF0020CD6E700BF8988888865
:10693000ABAAAAAA25499224295C8FC2285C8F029F
:106940000AD7A3001F85EB514CFC020070B5084E1E
:10695000D6E90023994208BF904206D005460C466E
:10696000044AFFF731FFC6E90054024B587970BD65
:10697000809FFF1F709FFF1F70B5084ED6E9002350
:10698000994208BF904206D005460C46044AFFF7DC
:106990001BFFC6E90054024B587870BD809FFF1F53
:1069A000709FFF1F70B5084ED6E90023994208BFBB
:1069B000904206D005460C46044AFFF705FFC6E99B
:1069C0000054024B187870BD809FFF1F709FFF1FFF
:1069D00070B5084ED6E90023994208BF904206D010
:1069E00005460C46044AFFF7EFFEC6E90054024B89
:1069F000987870BD809FFF1F709FFF1F70B5084E75
:106A0000D6E90023994208BF904206D005460C46BD
:106A1000044AFFF7D9FEC6E90054024B187970BD4D
:106A2000809FFF1F709FFF1F70B5094ED6E900239E
:106A3000994208BF904206D005460C46054AFFF72A
:106A4000C3FEC6E90054034B987900F2B27070BDE2
:106A5000809FFF1F709FFF1FF0B5334A84798646E1
:106A600004FB02F2C4B13148314D324E04F2B27C23
:106A700040F2B3730CE09F0709D1B5EBB10F02D31D
:106A8000B6EB311F03D302F5A83202F5C072013311
:106A90009C4500FB03F1EED19EF8050001282CDD9A
:106AA000254E2649264D04F2B274A6FB043677091A
:106AB000642303FB1747F6094FF4C87303FB16461C
:106AC00004F00304012308E091F800C0013383427D
:106AD00005FB0C2201F101010FD0022BF4D1002C97
:106AE000F2D10FB9002EEFD1013302F51812834213
:106AF00002F56E5201F10101EFD19EF801309EF8CE
:106B00000210C3EB03134FF46164980004FB01000F
:106B10009EF804309EF8004009492044013B01FBE7
:106B2000030010440021F0BD8033E101295C8FC2D5
:106B3000285C8F020AD7A3001F85EB514CFC020092
:106B400080510100F0B5234D234E2B683268234F4E
:106B500083B00093009B9B1AB3F57A7F37D33968D3
:106B600001312C680094009B02F57A729B1AB3F5F0
:106B70007A7F084601F10101F3D232603860009457
:106B8000174C2368834211D8164B1B6873B1984782
:106B900001430ED02B680193134B019A1B6832609E
:106BA00003442360114B386002221A70002103B0A5
:106BB000F0BD0E490C4A0B7838681268003B18BFCC
:106BC000012302440B700021226003B0F0BD38683D
:106BD000D6E700BFF49FFF1F689FFF1F789FFF1F2E
:106BE0006C9FFF1F889FFF1FA087FF1F779FFF1FBE
:106BF00070B5094EFFF7A6FFD6E90023994208BFFA
:106C0000904206D005460C46044AFFF7DDFDC6E972
:106C10000054024B987870BD809FFF1F709FFF1F2C
:106C200070B5094EFFF78EFFD6E90023994208BFE1
:106C3000904206D005460C46044AFFF7C5FDC6E95A
:106C40000054024B587870BD809FFF1F709FFF1F3C
:106C500070B5094EFFF776FFD6E90023994208BFC9
:106C6000904206D005460C46044AFFF7ADFDC6E942
:106C70000054024B187870BD809FFF1F709FFF1F4C
:106C800070B5094EFFF75EFFD6E90023994208BFB1
:106C9000904206D005460C46044AFFF795FDC6E92A
:106CA0000054024B187970BD809FFF1F709FFF1F1B
:106CB00070B5094EFFF746FFD6E90023994208BF99
:106CC000904206D005460C46044AFFF77DFDC6E912
:106CD0000054024B587970BD809FFF1F709FFF1FAB
:106CE00070B50A4EFFF72EFFD6E90023994208BF80
:106CF000904206D005460C46054AFFF765FDC6E9F9
:106D00000054034B987900F2B27070BD809FFF1F52
:106D1000709FFF1F10B40A4B0A491B680A4A0B4CAC
:106D20001268206083B003440B60094B019202217A
:106D30001970019A074B1A6003B010BC704700BF6E
:106D4000A087FF1F6C9FFF1FF49FFF1F789FFF1FEF
:106D5000779FFF1F689FFF1F034A0449044B126877
:106D600008601A60FFF7EEBE789FFF1F889FFF1F25
:106D70006C9FFF1F034B04491B68044A08600344CF
:106D800013607047789FFF1FA087FF1F6C9FFF1F36
:106D90002DE9F04F8DB0D3F800B00293179B04900B
:106DA0001B68059158461946069201930FF048FC5E
:106DB00001460FF047FC169B0146D3F800A007469A
:106DC0000FF048FD5146064650460FF043FD314650
:106DD0000FF038FC1B9C0BF087FC9D490546504684
:106DE0000FF038FD51460FF035FD31460FF0D0FE63
:106DF000002800F02581294638460FF02BFD294652
:106E0000804650460FF026FD4146064640460FF0AC
:106E100021FD3146054630460FF01CFD01468146F6
:106E200028460FF00FFC4946074628460FF008FC9D
:106E300039460FF0C3FD3146054630460FF002FCDF
:106E400041460FF007FD39460FF0B8FD00F1004351
:106E500007460093394650460FF0FCFC2946814610
:106E600050460FF0F7FC2946824658460FF0F2FCD8
:106E700049460FF0E7FB29460FF0ECFC394603903A
:106E800001980FF0E7FC51460FF0DCFB39460FF09C
:106E9000E1FC039B014618460FF0D4FB189B0099B8
:106EA0001B680793199B02465846D3F800B01A9BFB
:106EB0001B680393029B1A600FF0CCFC51460FF045
:106EC000C1FB2946824601980FF0C4FC49460FF0E9
:106ED000B7FB2946814650460FF0BCFC394601906D
:106EE00048460FF0B7FC019A014610460FF0AAFB86
:106EF000DDF858C00099CCF8000050460FF0AAFC0D
:106F00002946824648460FF0A5FC014650460FF040
:106F100099FBDDF85CC0079BCCF8000029461846B9
:106F200001930FF097FC3946814658460FF092FCCA
:106F3000014648460FF086FB019B189F0099386078
:106F400018460FF087FC2946074658460FF082FC8A
:106F5000014638460FF076FB1999039A08601A9992
:106F60000A60D4F80090314648460FF073FC676819
:106F70000990314638460FF06DFCA5680A903146FD
:106F800028460FF067FC41460B9048460FF062FC24
:106F90004146206038460FF05DFC4146606028465F
:106FA0000FF058FCE568A060414628460FF052FCFF
:106FB0003146E06028460FF04DFC069D014654F82E
:106FC00025000FF03FFBAB0030336B4444F8250045
:106FD00053F80C1CE0680FF033FB059D049FE06044
:106FE0000CAA02EB850354F8270053F80C1C0FF091
:106FF00029FBBB00303344F827006B4454F82500CC
:1070000053F80C1C0FF01CFB179A44F82500156868
:10701000199A029E14681A9A33681068169A1168B1
:10702000189A12683560169D2C60179C206018987D
:10703000016019990A601A9A13600DB0BDE8F08FCB
:10704000044F054BDFF81480054E00933D4601E7E1
:107050007A82BA40F404353FF40435BF5E836C3F56
:1070600015EFC33E2DE9F0470C46014616461D4676
:1070700007460FF0EFFB2146804620460FF0EAFB63
:10708000014640460FF0DEFA4FF07C5181460FF08A
:10709000E1FB424BA3EB6908414682460FF0DAFB65
:1070A00041460FF0D7FB01464FF07F500FF0C8FA72
:1070B00041460FF0CFFB8046414650460FF0CAFBD9
:1070C00041460FF0C7FB01464FF07F500FF0B8FA72
:1070D000014640460FF0BEFB49460FF0BBFB30496E
:1070E00080460FF073FD00B900242D492C60404606
:1070F0000BF0CAFB014627F000400FF0A3FA002175
:107100000446306038460FF043FD10B12B682C6008
:107110001C463460214620460FF09CFBD5F80080C9
:107120000746414640460FF095FB014638460FF0B2
:1071300089FA1A4F4FF07C5181460FF08BFBA7EB79
:107140006907394680460FF085FB39460FF082FB10
:1071500001464FF07F500FF073FA39460FF07AFB7B
:107160000746394640460FF075FB39460FF072FB73
:1071700001464FF07F500FF063FA014638460FF09A
:1071800069FB0146074620460FF064FB3060286823
:1071900039460FF05FFB2860BDE8F0879E59375FE6
:1071A000BD3786352DE9F04FA5B08B460146154613
:1071B0001E460B920E93074608900FF04BFB31468C
:1071C000044630460FF046FB014620460FF03AFADF
:1071D0003099044608460FF03DFB014620460FF06B
:1071E00031FA5946149038460FF034FB2E99044674
:1071F00030460FF02FFB014620460FF023FA31995D
:10720000044630980FF026FB014620460FF01AFA8C
:107210005946159058460FF01DFB2E990446084616
:107220000FF018FB014620460FF00CFA3199044686
:1072300008460FF00FFB014620460FF003FA2946DF
:10724000169038460FF006FB2F99044630460FF093
:1072500001FB014620460FF0F5F9329904463098BB
:107260000FF0F8FA014620460FF0ECF92946179086
:1072700058460FF0EFFA2F9904462E980FF0EAFACD
:10728000014620460FF0DEF93299044631980FF09E
:10729000E1FA014620460FF0D5F929461890284614
:1072A0000FF0D8FA2F99044608460FF0D3FA01469A
:1072B00020460FF0C7F93299044608460FF0CAFA83
:1072C000014620460FF0BEF900234FF07E52199080
:1072D00023922093219322934FF0040A0DF1800909
:1072E0000DF1640818AF17AE16AD15AC14AB022241
:1072F000012100208DE8F000CDF81490CDF8108029
:10730000FFF746FD14AB0022022101208DE8F000BA
:10731000CDF81490CDF81080FFF73AFD8DE8F0001D
:10732000CDF81490CDF8108014AB0122002102207A
:10733000FFF72EFDBAF1010AD8D1209E219D229C93
:10734000314630460FF086FA2946079028460FF05E
:1073500081FA2146804620460FF07CFA214682467B
:1073600030460FF077FA2946814630460FF072FA20
:1073700021460C9028460FF06DFA239F31460646B1
:1073800038460FF067FA2946054638460FF062FA8C
:1073900021468446384664460FF05CFA514609900F
:1073A00040460FF04FF901460FF04CF901464FF0FF
:1073B0007E500FF045F9459B099A18600C9B0A9284
:1073C0001146184609930FF03BF901460FF03AF9C0
:1073D000469B2146186048460FF034F901460FF0ED
:1073E00031F9479B0A9A1860099B114618460FF01D
:1073F00029F901460FF026F9489B079F186051466E
:1074000038460FF01FF901460FF01CF901464FF006
:107410007E500FF015F9499B2946186030460FF051
:107420000FF901460FF00EF94A9B214618604846B5
:107430000FF006F901460FF005F94B9B294618603D
:1074400030460FF0FFF801460FF0FCF84C9B414628
:10745000186038460FF0F6F801460FF0F3F80146D1
:107460004FF07E500FF0ECF84D9BDDF82080186057
:10747000459B489A1B68099305464146184616687D
:107480000FF0E8F95946044630460D960FF0E2F940
:10749000014620460FF0D6F84B9A0B9FD2F800A079
:1074A000469A04463946504616680FF0D3F901460D
:1074B00020460FF0C7F80790499A0C96414630468F
:1074C000D2F800900FF0C6F95946044648460FF02E
:1074D000C1F9014620460FF0B5F84C9AD2F8008069
:1074E000479A044612680A92394640460FF0B2F9AC
:1074F000014620460FF0A6F808994A9C07460A98CC
:1075000026680FF0A7F95946044630460FF0A2F955
:10751000014620460FF096F8294604460B980FF0D6
:1075200099F9014620460FF08DF8DDF838B0089043
:10753000594609980FF08EF92E9904460D980FF0D0
:1075400089F9014620460FF07DF82F9904465046F0
:107550000FF080F9014620460FF074F859460E905E
:107560000C980FF077F92E99044648460FF072F9FF
:10757000014620460FF066F82F99044640460FF06A
:1075800069F9014620460FF05DF8594604460A980D
:107590000FF060F92E99834630460FF05BF90146F3
:1075A00058460FF04FF8294683462F980FF052F9AE
:1075B000014658460FF046F83099834609980FF077
:1075C00049F931990B900D980FF044F90B9B014646
:1075D00018460FF037F832990B9050460FF03AF9F1
:1075E0000B9B014618460FF02DF8309982460C98F7
:1075F0000FF030F90B90319948460FF02BF90B9BA7
:10760000014618460FF01EF83299814640460FF0A9
:1076100021F9014648460FF015F8309980460A983E
:107620000FF018F93199814630460FF013F90146F1
:1076300048460FF007F82946064632980FF00AF937
:10764000014630460EF0FEFF0799814608460FF0CE
:1076500001F90E9A0B921146054610460FF0FAF802
:10766000014628460EF0EEFF5146054650460FF003
:10767000F1F8014628460EF0E5FF39460546384642
:107680000FF0E8F82146064620460FF0E3F80146E1
:1076900030460EF0D7FF4146064640460FF0DAF876
:1076A000014630460EF0CEFF08990A9008460FF0CA
:1076B000D1F85946064658460FF0CCF801463046F8
:1076C0000EF0C0FF4946064648460FF0C3F8014693
:1076D00030460EF0B7FF0A99064628460FF058FAD2
:1076E000DDF81CC00CF1004296460D9229460B9A1B
:1076F000002840F0DA82099B0A9D0D9703F10043B0
:10770000109307F100430B9304F100430C9308F12D
:107710000043099302F1004307930AF100430E94DA
:10772000CDF84880CDF83CE00A91674614461193A5
:10773000D046DDF828A0304651460FF047FA002821
:1077400024D00F9B089F0893479B459A1B681360A2
:10775000479B109A1A604A9A489B1168489A1B687E
:1077600011604A9A03F1004313604D9A4B9B1168D4
:107770004B9A1B6811604D9AC8465C4603F1004362
:10778000DDF84490DDF81CB01360564629463046BB
:107790000FF01CFA002840F0BE82089B0B930D9B53
:1077A00008934D9BCDF82490CDF830B0DDF848908B
:1077B000DDF838B01B684D9A2146136038461AAA86
:1077C0001BABFFF74FFCDDF86CA0514650460EF0A6
:1077D00039FF51460FF03EF801464FF07E500EF053
:1077E0002FFF1A9B0A930546194618460EF02AFFEA
:1077F00051460FF02FF82946079038460FF02AF827
:107800002146064607980FF025F8014630460EF04F
:1078100019FF3C9B0899186028460FF01BF8594641
:10782000064607980FF016F8014630460EF00AFF9C
:107830003D9B0B99186028460FF00CF80C990646F2
:1078400007980FF007F8014630460EF0FBFE3E9B0E
:107850001860079B03F10046314638460EF0FAFFE8
:107860002146074628460EF0F5FF014638460EF041
:10787000E9FE3F9B0899186030460EF0EBFF594631
:10788000044628460EF0E6FF014620460EF0DAFEDA
:10789000409B0B99186030460EF0DCFF0C990446B3
:1078A00028460EF0D7FF014620460EF0CBFE419B46
:1078B000449A1860429BC3F80080439BC3F8009031
:1078C000099B13603C9A1668429A17681DAB1CAA64
:1078D00039463046FFF7C6FB1D9D294628460EF067
:1078E000B1FE29460EF0B6FF01464FF07E500EF075
:1078F000A7FE1C9B08931946044618460EF0A2FEEC
:107900000E90014628460EF0A5FF214683463046DC
:107910000EF0A0FF5946804638460EF09BFF014608
:1079200040460EF08FFE3D9ADDF80CC112680F90B4
:1079300011462046DCF800800C920EF08BFF414689
:1079400081465846CDF82CB00EF084FF01464846DB
:107950000EF078FE3E9A1090D2F8009020464946EC
:107960000EF078FF099983460B980EF073FF0146DD
:1079700058460EF067FE0B9A0346304602F1004669
:10798000314611930EF066FF2146834638460EF0CD
:1079900061FF014658460EF055FE0C9A03463146EB
:1079A00010460C930EF056FF4146074620460EF057
:1079B00051FF014638460EF045FE314680464846A6
:1079C0000EF048FF0999064620460EF043FF014697
:1079D00030460EF037FE409A3F9CD2F80090D4F823
:1079E00000B0419C0D901EAA1FAB2468099441462B
:1079F0004846FFF737FB1F9C214620460EF022FE2B
:107A000021460EF027FF01464FF07E500EF018FE83
:107A10001E9B13931946064618460EF013FE12904D
:107A2000014620460EF016FF3C9A0F9F17603D9AC4
:107A3000109F17603E9A119F1760314607465846BF
:107A40000EF008FF39460F900C980EF003FF0F9AC6
:107A5000014610460EF0F6FD3F9A3146106048464A
:107A60000EF0F8FE39460F9040460EF0F3FE0F9AE6
:107A7000014610460EF0E6FD409A31461060099826
:107A80000EF0E8FE39460F900D980EF0E3FE0F9AC7
:107A9000014610460EF0D6FD419A1060584607F197
:107AA000004B59460EF0D6FE31460F900C980EF062
:107AB000D1FE0F9A014610460EF0C4FD429A594677
:107AC000106048460EF0C6FE3146814640460EF034
:107AD000C1FE014648460EF0B5FD439A5946106076
:107AE00009980EF0B7FE314680460D980EF0B2FEB2
:107AF000014640460EF0A6FD449A5146106050469D
:107B00000EF0A8FE01460EF09DFD4FF07E510EF0E6
:107B100097FD2946804628460EF09CFE01460EF051
:107B200091FD4FF07E510D900EF08AFD8146014689
:107B300040460EF08FFE339A2146106020460EF02C
:107B400089FE01460EF07EFD4FF07E510EF078FD6D
:107B50004FF08141064608980EF07CFE139B099376
:107B600019460EF077FE41460EF074FE29460EF0DF
:107B700071FE21460EF06EFE3146834607980EF0E8
:107B800069FE014658460EF05DFD349A4FF0814182
:107B900010600A980EF05EFE099B0C9319460EF0D9
:107BA00059FE51460EF056FE21460EF053FE414658
:107BB00083460E980EF04EFE29460EF04BFE3146DF
:107BC0000EF048FE014658460EF03AFD359A106018
:107BD0000D9A4FF07E5011460EF032FD02461146CE
:107BE000079809920EF036FE369A4FF04141106028
:107BF0000A980EF02FFE08990EF02CFE0C9B0793AE
:107C000019460EF027FE51460EF024FE29460EF0CE
:107C100021FE21460EF01EFE3146834640460EF000
:107C200019FE014658460EF00DFD379A089910606E
:107C30000A980EF00FFE29460EF00CFE31460EF0AB
:107C400009FE079B0546194650460EF003FE2146E5
:107C50000EF000FE014628460EF0F4FC4FF0814184
:107C6000054650460EF0F6FD014628460EF0F2FDA0
:107C700039460EF0E5FC389B099A1860399BDDF80F
:107C80002CB0C3F800B0114612980EF0E3FD214667
:107C90000EF0E0FD3A9B3146186048460EF0DAFDE2
:107CA0003B9B186025B0BDE8F08F459B0C9919608F
:107CB000099B0C9203F10041469BCDF824A019606A
:107CC000079B0B93489B1968499B1868489B186051
:107CD000499B01F1004119604B9B19684C9B186846
:107CE0004B9B18604C9B01F100411960459B1B6840
:107CF00003F10043109302F100430E930AF1004395
:107D0000129307F100430F9304F10043079308F126
:107D1000004311930DE5469B479A46991B681268EC
:107D20000A60479A499903F100431360499B4A9AB4
:107D30001B6812680A604A9A4C9903F10043136069
:107D40004C9B4D9A1B6812680A6003F1004332E5B0
:107D500003A3D3E900230AF0CFB900BFAFF300803B
:107D600000000060FB2119402DE970430C461546C8
:107D70000646D2E90423D1E902010EF015F9D5E94E
:107D8000022380468946D4E904010EF00DF902462B
:107D90000B46404649460DF04FFFC6E90001D5E9C4
:107DA0000023D4E904010EF0FFF8D5E9042380464E
:107DB0008946D4E900010EF0F7F802460B4640462A
:107DC00049460DF039FFC6E90201D5E90223D4E99D
:107DD00000010EF0E9F8D5E9002380468946D4E990
:107DE00002010EF0E1F802460B46404649460DF00E
:107DF00023FFC6E90401BDE8708300BFF8B5D1E9EF
:107E0000002304460D46D0E900010EF0CDF8D5E977
:107E1000022306460F46D4E902010EF0C5F80246D9
:107E20000B46304639460DF009FFD5E904230646D6
:107E30000F46D4E904010EF0B7F802460B4630466F
:107E400039460DF0FBFEF8BD2DE9F04FD0E90223D5
:107E500089B0D0E90067D1E90089CDE900230C465B
:107E6000D0E90412D4E902ABCDE904123B46324614
:107E700030463946CDE902AB0EF096F8D4E904ABB2
:107E80000D460446DDE9000102460B460EF08CF873
:107E900002460B46204629460DF0D0FE04460D460C
:107EA000DDE9040102460B460EF07EF802460B4661
:107EB000204629460DF0C2FE0AF046F94246CDE9B9
:107EC00006014B46404649460EF06EF804460D4604
:107ED000DDE9020102460B460EF066F802460B464B
:107EE000204629460DF0AAFE524604460D465B4642
:107EF000504659460EF058F802460B462046294691
:107F00000DF09CFE0AF020F9424604460D464B4611
:107F1000304639460EF048F8DDE9022306460F46A2
:107F2000DDE900010EF040F802460B4630463946C6
:107F30000DF084FE524606460F465B46DDE904011D
:107F40000EF032F802460B46304639460DF076FE0A
:107F5000DDE9062306460F46204629460EF024F8A2
:107F600002460B46304639460EF048F909B0BDE8E6
:107F7000F04F0AF001B800BF2DE9F04FD1E90045FC
:107F800083B0D1E902898A46834622462B462046A1
:107F900029460EF009F8DAE904230646CDE9002364
:107FA0000F4642464B46404649460DF0FDFF02460D
:107FB0000B46304639460DF041FEDDE9002306460A
:107FC0000F46104619460DF0EFFF02460B463046AD
:107FD00039460DF033FE0AF0B7F802460B46002092
:107FE0000E490EF00BF922462B4606460F460DF0C1
:107FF000DBFFCBE900013246DAE902013B460DF036
:10800000D3FFCBE902013246DAE904013B460DF029
:10801000CBFFCBE9040103B0BDE8F08F0000F03FD7
:108020002DE9F047DDE90889044649464046924675
:108030001D460AF047FA06460F46504629460AF002
:1080400041FA02460B46304639460DF0ADFFC4E911
:108050000001504605F100410AF0C0FA02460B4605
:10806000304639460DF0A0FFC4E9020140464946BA
:108070000AF0B4FAC4E90401BDE8F08701F1480C44
:10808000D1E90023C0E90023D1E90223C0E902239A
:10809000D1E9042318318C4500F1180040E902238E
:1080A000EED1704730B4A1F108031031F3E9024575
:1080B000C0E90045D3E90645C0E90245D3E90C45CE
:1080C000994200F1180040E90245EFD130BC7047F9
:1080D0002DE9F0478246DAE91089DAE90E34D0E971
:1080E000080188B0CDE9003442464B46DAE90A6718
:1080F000CDE906010DF058FFDAE906230446CDE983
:1081000002230D4632463B46DDE900010DF04CFFEF
:1081100002460B46204629460DF08EFDDAE90C4555
:10812000DAE90023CDE904450DF03EFF02460B4697
:108130004046494690469946DDE902230DF034FF5A
:10814000DDE9042304460D46304639460DF02CFF88
:1081500002460B46204629460DF06EFDDAE9022361
:108160000DF022FF02460B46404649460DF064FDE5
:10817000DDE9022304460D46DDE900010DF014FFA0
:10818000DDE9042306460F46DDE906010DF00CFF8C
:1081900002460B46304639460DF04EFDDAE904231F
:1081A0000DF002FF02460B46204629460DF046FD23
:1081B00008B0BDE8F08700BF2DE9F04F834687B0D7
:1081C00008468A46FFF784FF02460B46002089498D
:1081D0000EF014F8DAE90A3480468946DAE910012B
:1081E000CDE90034DAE90823DAE90E67CDE90201C6
:1081F0000DF0DAFEDDE9002304460D46304639462F
:108200000DF0D2FE02460B46204629460DF014FD25
:1082100042464B460DF0C8FECBE9000130463946D8
:10822000DAE9046732463B460DF0BEFEDAE9022386
:1082300004460D46DDE902010DF0B6FE02460B468E
:10824000204629460DF0F8FC42464B460DF0ACFEA8
:10825000CBE90201DDE90001DAE902230DF0A4FE19
:10826000DAE9082304460D46304639460DF09CFEF7
:1082700002460B46204629460DF0DEFC42464B46A0
:108280000DF092FECBE90401DAE90A3418462146E2
:10829000DAE90C23DAE91067CDE902010DF084FE7A
:1082A000DAE9062304460D46304639460DF07CFED9
:1082B00002460B46204629460DF0BEFC42464B4680
:1082C0000DF072FECBE90601DAE90023DAE90C458C
:1082D00030463946CDE90045DAE90467CDE90423A3
:1082E0000DF062FEDDE9002304460D4630463946B6
:1082F0000DF05AFE02460B46204629460DF09CFC26
:1083000042464B460DF050FECBE908013046394657
:10831000DAE9066732463B460DF046FEDDE9042306
:1083200004460D46DDE902010DF03EFE02460B4615
:10833000204629460DF080FC42464B460DF034FEA7
:10834000DAE90E34CBE90A01CDE902341A463046A7
:10835000234639460DF028FEDAE9082304460D4687
:10836000DDE900010DF020FE02460B4620462946BD
:108370000DF062FC42464B460DF016FECBE90C01B7
:10838000DAE90223DAE90C010DF00EFEDAE9006702
:1083900004460D463246DDE902013B460DF004FE7F
:1083A00002460B46204629460DF046FC42464B4607
:1083B0000DF0FAFDCBE90E013046DAE90823394623
:1083C0000DF0F2FDDAE9022304460D46DAE9060172
:1083D0000DF0EAFD02460B46204629460DF02CFC26
:1083E00042464B460DF0E0FDCBE9100107B0BDE879
:1083F000F08F00BF0000F03F2DE9F04F85B001F194
:108400004803029302F1480389460190039302F165
:10841000600BDDF80C80DDF804A0A8F148064F469B
:1084200000240025F6E80623F7E802010DF0BCFD64
:1084300002460B46204629460DF000FC4645044600
:108440000D46EFD106F10808D845EAE80245E4D127
:10845000019B18330193029B09F118099945D8D162
:1084600005B0BDE8F08F00BF2DE9F04F83B0A2F159
:1084700008038846A0F1080A01F1480B019302F1B4
:108480001009019E474600240025F6E90223F7E87B
:1084900002010DF089FD02460B46204629460DF0EB
:1084A000CDFB4E4504460D46EFD108F11808D845DE
:1084B000EAE90245E5D103B0BDE8F08F30B40C4DD8
:1084C000002200230024C0E90045C0E90845C0E9B6
:1084D0001045C0E9062330BCC0E90C23C0E90223E3
:1084E000C0E90E23C0E90423C0E90A23704700BF96
:1084F0000000F03F82B02DE9D043DDE9088906A9EC
:1085000081E80C0004464946404609F0DBFF064678
:108510000F46404649460AF061F89DF81830012B95
:1085200006D0022B40D00BB3BDE8D04302B0704759
:108530000B460246C4E9042300220023C4E90623B3
:10854000C4E90223C4E90E23C4E90A23254B2063AE
:1085500001F100410022C4E90067C4E91067C4E9E1
:1085600008236163BDE8D04302B070470B46024662
:10857000C4E90E2300220023C4E90623C4E90C2326
:10858000C4E90223C4E90423164BA06201F10041AF
:108590000022C4E90867C4E91067C4E90023E16266
:1085A000BDE8D04302B070470B460246C4E906233B
:1085B0000C4BA0600022C4E9102301F1004100220D
:1085C0000023C4E90067C4E90867C4E90C23C4E9CF
:1085D0000E23C4E90423C4E90A23E160BDE8D043C3
:1085E00002B070470000F03F2DE9F041214DB8B0D6
:1085F0000024CDE91445CDE91C45CDE92445171EDD
:108600004FF000044FF00005CDE91A45CDE92045B3
:10861000CDE91645CDE92245CDE91845CDE91E4500
:10862000804624DD0C46002526AE04F1080393E8BD
:1086300003008DE8030002A894E80C00FFF75AFF3E
:1086400002AA14A93046FFF7D7FE01354822314669
:1086500014A806F09DF9AF4204F11004E5D14822B8
:108660003146404606F094F938B0BDE8F08126AEB8
:10867000F5E700BF0000F03F2DE9F843D0E9048999
:1086800004460E4617461D460022254B40464946E5
:108690000DF0FCFE002835D0224B00224046494612
:1086A0000DF012FFD8B14046494609F08DFCC7E9EC
:1086B0000001D4E90A0303F10041D4E9102309F0D1
:1086C000ABFCC6E90001D4E9020303F10041D4E99F
:1086D000002309F0A1FCC5E90001BDE8F8830CA363
:1086E000D3E90023C7E9002300220023C6E90023C1
:1086F000D4E90823D4E9060109F08EFCC5E900019C
:10870000BDE8F88304A3D3E90023EBE7AFF30080CF
:1087100000000060FB21F9BF00000060FB21F93F71
:108720000000F03F0000F0BF82B02DE9F04708A93B
:1087300081E80C009DF82030002B68D0D0E900457E
:10874000824635A3D3E90023204629460DF09EFE3C
:1087500000285CD132A3D3E90023204629460DF03E
:1087600023FC31A3D3E9002306460F460DF066FA39
:1087700002460B462EA1D1E900010DF03FFD324625
:108780003B460DF05BFA2CA3D3E900230DF00CFC63
:1087900009F07CFF2AA3D3E9002306460F46DDE952
:1087A0000A010DF04BFA02460B4627A1D1E9000160
:1087B0000DF024FD2C4B804689460022DDE90C019A
:1087C0000DF01CFD02460B46404649460DF0ECFB01
:1087D00032463B4606460F461DA1D1E900010DF089
:1087E0000DFD1DA3D3E900230DF028FA02460B4628
:1087F000304639460DF0D8FB19A3D3E900230DF01C
:10880000D3FB22462B460DF019FACAE90001BDE858
:10881000F04702B0704700BF000000E051B8AEBFA3
:1088200000000000DCA54C40000000E0A3701440F4
:10883000000000A099992440000000A046DF913F6D
:1088400000000000001071400000000000B0714006
:1088500000000080EB51F03F000000E032965F3FE7
:10886000000000604B10333F00908F40FFFFFFFF80
:1088700082B02DE9F04708A981E80C009DF820306E
:10888000002B69D0D0E90045824635A3D3E9002307
:10889000204629460DF0FAFD00285DD132A3D3E928
:1088A0000023204629460DF07FFB31A3D3E90023A6
:1088B00006460F460DF0C2F902460B462EA1D1E93D
:1088C00000010DF09BFC32463B460DF0B7F92CA39E
:1088D000D3E900230DF068FB09F0D8FE2AA3D3E901
:1088E000002306460F46DDE90A010DF0A7F902460E
:1088F0000B4627A1D1E900010DF080FC2A4B8046F0
:1089000089460022DDE90C010DF078FC02460B4699
:10891000404649460DF048FB32463B4606460F4668
:10892000002022490DF06AFC1BA3D3E900230DF0BF
:1089300085F902460B46304639460DF035FB18A343
:10894000D3E900230DF030FB02460B4620462946B2
:108950000DF072F9CAE90001BDE8F04702B07047B6
:10896000000000E051B8AEBF00000000DCA54C40A4
:10897000000000A099991140000000A0703D1D402A
:10898000000000A046DF913F000000000010714091
:108990000000000000B07140000000209A24563F03
:1089A000000000604B10333F00908F400000F03F0C
:1089B000704700BF704700BF2DE9F0470D46BCB0BF
:1089C0000646D0E9060114460DF0E6FD8246D6E9DA
:1089D00004010DF0E1FD8146D6E902010DF0DCFD58
:1089E0008046D6E900010DF0D7FD3BAB1F933AABB3
:1089F0001E9339AB1D9338AB1C9337AB1B9336AB2F
:108A00001A9335AB199334AB189333AB179332AB3E
:108A1000169331AB159330AB14932FAB13932EAB4E
:108A200012932DAB11932CAB10932BAB0F932AAB5E
:108A30000E9329AB0D9328AB0C9327AB0B9326AB6E
:108A40000A9325AB099324AB089323AB079322AB7E
:108A5000069321AB05930746D6E910010DF09CFD66
:108A60000490D6E90E010DF097FD0390D6E90C01B4
:108A70000DF092FD0290D6E90A010DF08DFD0190F6
:108A8000D6E908010DF088FD53464A46009041465C
:108A90003846FEF787FB21980DF02EFAC5E9000154
:108AA00022980DF029FAC5E9020123980DF024FA65
:108AB000C5E9040124980DF01FFAC5E906012598BF
:108AC0000DF01AFAC5E9080126980DF015FAC5E966
:108AD0000A0127980DF010FAC5E90C0128980DF04D
:108AE0000BFAC5E90E0129980DF006FAC5E9100147
:108AF00033980DF001FAC4E9000134980DF0FCF947
:108B0000C4E9020135980DF0F7F9C4E9040136987B
:108B10000DF0F2F9C4E9060137980DF0EDF9C4E95A
:108B2000080138980DF0E8F9C4E90A0139980DF008
:108B3000E3F9C4E90C013A980DF0DEF9C4E90E013D
:108B40003B980DF0D9F9C4E910013CB0BDE8F087BD
:108B5000C0E9022301220223027480F82030DDE9FB
:108B60000023C0E90623DDE902234FF0000C03F1E6
:108B70000043C0E90A2380F800C070472DE9F041A6
:108B80000446904601F1100701F120050FC9BAB063
:108B90000DF1280C8CE80F0097E80F000EAE86E868
:108BA0000F0095E80F000DF1480E8EE80F006146AA
:108BB00016A80322FFF718FD424616A928A8FFF7BA
:108BC0001BFC04AB06AA08A928A8FFF755FDDDE9A0
:108BD0000401DDE90623CDE90201CDE900232046A9
:108BE000DDE9082300F026FE20463AB0BDE8F0811A
:108BF0002DE9F0471F46AEB00023CDE9183301231D
:108C000001F1200E164601F1100A8DF8603004467D
:108C10000FC90DF1300888E80F009AE80F000DF138
:108C2000400989E80F009EE80F000DF1500C8CE818
:108C30000F003B4632461EA1D1E900010CF0FCFFBB
:108C40009DF8D850CDE91A01042241461CA8FFF72F
:108C5000CBFC0AAB1CA808AA06A9FFF70DFDD5B9E5
:108C6000DDE90A2314A1D1E900010CF0E5FFDDE9FB
:108C70000667DDE90889FFF76BF8CDE90089CDE9E2
:108C80000201049532463B46204600F025FA204674
:108C90002EB0BDE8F08738AB0FCB8DE80F0036ABB8
:108CA0000CCB08A8FFF740FDDAE700BFAFF3008068
:108CB00000000060FB21F93F00000060FB2109403B
:108CC0002DE9F04194B00DF1680E04468846164631
:108CD0001F46BEE80F00EC469DF88850ACE80F0038
:108CE0009EE8030032468CE803003B46414606A856
:108CF000FFF77EFF2046DDE92023009506A900F05E
:108D00009FFA204614B0BDE8F08100BFD0E902010F
:108D1000704700BFD0E90601704700BFD0E90A03E1
:108D200003F10041704700BFD0E90A01704700BF5E
:108D300038B5044619461046D4E90A230CF07EFFE4
:108D4000FFF706F80022002304460D460DF09EFBB7
:108D500040B12046294606A3D3E900230CF06EFF5C
:108D600004460D462046294638BD00BFAFF30080BB
:108D700000000060FB2119402DE9F04FD1E90067A8
:108D80008FB00C4604910590834639463046CDE9B4
:108D9000062309F097FBD4E9024580468946204620
:108DA0002946CDE9008909F08DFB02460B46404675
:108DB0004946CDE902230DF0F7F8BDA3D3E900231E
:108DC000884621F0004181460DF060FBA0BB304693
:108DD000394609F003FC02460B461E46204629464A
:108DE0001546CDE9085609F0F9FB03460C46CDE9D6
:108DF0000A3402460B46284631460DF0D5F80246A5
:108E00000B46DBE904010CF017FF4A4643460DF020
:108E1000F5F9AF4B002204460D460DF037FB064630
:108E200050B9AC4B0022204629460DF04DFB38B11D
:108E300030460FB0BDE8F08F00200FB0BDE8F08FD6
:108E40002046294609F0C0F802460B469AA1D1E90E
:108E50000001CDE90C230CF0EFFE0B461D46049BF0
:108E600002461446DDE90601D3E90423CDE90645AF
:108E70000CF0E4FE02460B4682468B46204629460D
:108E80000CF0DAFE8CA3D3E9002304460D460DF066
:108E90001BFBA0B10FF22829D9E9008986A7D7E9E1
:108EA00000672046294642464B460CF0C5FE324636
:108EB0003B4604460D460DF007FB0028F1D182A386
:108EC000D3E90023204629460DF0EAFAA0B10FF2BB
:108ED000F019D9E900897CA7D7E90067204629461F
:108EE00042464B460CF0AAFE32463B4604460D462F
:108EF0000DF0D6FA0028F1D152465B46DDE90C01AF
:108F00000CF09AFE6CA3D3E9002325F000498046BB
:108F10000D460DF0D9FAA0B10FF2A41BDBE900ABAE
:108F200065A7D7E900674046294652465B460CF0E4
:108F300083FE32463B4680460D460DF0C5FA0028BA
:108F4000F1D161A3D3E90023404629460DF0A8FAE8
:108F5000A0B10FF26C1BDBE900AB5BA7D7E90067A0
:108F60004046294652465B460CF068FE32463B4678
:108F700080460D460DF094FA0028F1D1424625F0C6
:108F80000043204649460DF081FA18B9DDE90C345A
:108F9000CDE90634DDE906673046394609F092FA34
:108FA00004460D463046394609F018FBDDE900ABB2
:108FB00022462B4680468946504659460CF0F4FF1F
:108FC000DDE9022304460D46DDE908010CF0ECFF63
:108FD00042464B4606460F46504659460CF0E4FFC3
:108FE000DDE90A230CF0E0FF02460B463046394625
:108FF0000CF022FE22462B4609F00EF80D4605998C
:109000000446D1E90023D1E9020109F005F802463E
:109010000B46204629460CF00FFE27A3D3E9002378
:10902000804689460DF050FA98B125A7D7E9006728
:1090300021A5D5E900454046494632463B460CF05D
:10904000FBFD22462B46804689460DF03DFA00285E
:10905000F1D11DA3D3E90023404649460DF020FA83
:1090600098B117A5D5E9004517A7D7E9006740468D
:10907000494622462B460CF0E1FD32463B468046EF
:1090800089460DF00DFA0028F1D1189BC3E900893B
:10909000049BDDE90601D3E904230CF0CDFD199B07
:1090A000C3E9000101200FB0BDE8F08FAFF30080ED
:1090B000000000809997713D00000060FB2109408D
:1090C00000000060FB21194000000060FB2109C086
:1090D0000000F0BF0000F03FF8B5044616461F46FA
:1090E0000FA1D1E90001DDE908230CF0A5FD9DF8F1
:1090F0002850FEF72DFEDDE90623C4E906230223EE
:1091000084F8203000220123C4E90A01C4E902677F
:1091100084F83050204622702374F8BDAFF30080ED
:1091200000000060FB2109402DE9F0431F46ADB06F
:109130000023CDE91633012301F1200E0546164622
:1091400001F110098DF858300FC90AAC84E80F00FE
:1091500099E80F000DF1380888E80F009EE80F002D
:109160000DF1480C8CE80F0032463B4614A1D1E9C2
:1091700000010CF061FD042201F10043189021462A
:109180001AA81993FFF730FA08AB06AA04A91AA87F
:10919000FFF772FA0999089A01F10043CDE9022319
:1091A000DDE906232846CDE90023DDE90423FFF7A6
:1091B000CFFC28462DB0BDE8F08300BFAFF30080A0
:1091C00000000060FB21F93F2DE9F0410446904684
:1091D00001F1100701F120050FC9BAB00DF1280CFB
:1091E0008CE80F0097E80F000EAE86E80F0095E8B8
:1091F0000F000DF1480E8EE80F00614616A80322FD
:10920000FFF7F2F9424616A928A8FFF7F5F808ABD0
:1092100006AA04A928A8FFF72FFA0999089A01F1CC
:109220000043CDE90223DDE906232046CDE90023F2
:10923000DDE9042300F0A8F920463AB0BDE8F0814A
:109240002DE9F04FADF50D7D1C469DF85862059651
:1092500082460D469046D3E90001002200230DF01E
:109260000BF9002845D0D4E90201002200230DF0BB
:1092700003F900283DD0D4E90401002200230DF0B9
:10928000FBF8002835D0002E00F0508105F11003C6
:109290009B460AAB049395E80F0016AE86E80F00D4
:1092A0009BE80F0005F1200E0DF1680989E80F0019
:1092B0009EE80F000DF1780C8CE80F0044AF3146AA
:1092C00032A80322FFF790F9424632A93846FFF749
:1092D00093F8049B08AA06A93846FFF7CDF9DDE903
:1092E000082395A1D1E900010CF0A6FC804689462F
:1092F0002DE005F110039B460AAB049395E80F009F
:1093000016AE86E80F009BE80F0005F1200E0DF168
:10931000680989E80F009EE80F000DF1780C8CE8D1
:109320000F0044AF3146032232A8FFF75DF94246F1
:1093300032A93846FFF760F8049B08AA06A9384608
:10934000FFF79AF9059B002BC9D1DDE90889D4E91B
:10935000006500223046294600230DF08DF80028D4
:1093600069D0D4E90201002200230DF085F800281D
:1093700061D0D4E90401002200230DF07DF800281B
:1093800059D0059B002B6FD06BA3D3E90023DDE9F7
:109390000A010CF053FC68A3D3E9002305460C46F0
:1093A0000DF092F8A0B10FF29819D9E9008962A7DF
:1093B000D7E900672846214642464B460CF03CFC64
:1093C00032463B4605460C460DF07EF80028F1D1AA
:1093D0005DA3D3E90023284621460DF061F8A0B132
:1093E00057A7D7E900670FF26019D9E90089284625
:1093F000214632463B460CF021FC42464B46054690
:109400000C460DF04DF80028F1D1284604F100413A
:10941000DDE90823CDE9020147A1D1E900010CF003
:109420000BFCDDE90645CDE9000122462B465046FE
:1094300000F0AAF828E0DDE944BC0EA942460DF18F
:1094400030080191CDF80080CDE910BCD7E902BC0D
:10945000CDE912BCD7E904BC4B46214610A8CDE9A2
:1094600014BCFFF789FCA0B904990A680B9901F1B3
:109470000043CDE90223DDE908235046CDE900236E
:10948000DDE9062300F080F850460DF50D7DBDE8BE
:10949000F08FD8F800B0DDE90E8905F10045012311
:1094A000CDE92465D4E9040102268DF898304246BE
:1094B0004B468DF888600CF0C1FBCDE92801D4E95A
:1094C00002030D9D8DF8B86003F100415A462B460A
:1094D000CDE92C01CDE9302322A9002356A804228E
:1094E0008DF8A830FFF780F856A968A8FEF7DAFDD6
:1094F00068AA39467AA8FEF77FFFDDE98223DDE915
:10950000880108F089FD5E4605F10047CDE90601B6
:109510000246CDE90089CDE902670B46504600F0CE
:1095200033F850460DF50D7DBDE8F08F42462946D3
:109530005046FFF749FEA7E700000060FB21094005
:1095400000000060FB21194000000060FB2109C001
:10955000D0E90201704700BFD0E90601704700BFA3
:1095600008B5D0E90A2304A1D1E900010CF064FB9D
:10957000BDE80840FEF7ECBB00000060FB2109409D
:10958000D0E90A01704700BFC0E90223012202238B
:10959000027480F82030DDE90023C0E90623DDE90C
:1095A00002234FF0000C03F10043C0E90A2380F8C6
:1095B00000C07047FFFFFFFF2DE9F04F174601F194
:1095C000100901F1200504460FC9BDB00DF1300CA2
:1095D0008CE80F0099E80F0010AE86E80F0095E8C0
:1095E0000F000DF1500E8EE80F006146032218A8FF
:1095F0009DF81881FEF7F8FF3A4618A92AA8FEF749
:10960000FBFE0AAB2AA808AA06A9FFF735F8B8F1AD
:10961000000F1DD10B9B0A9803F1004112A3D3E95F
:1096200000230CF009FBDDE90667DDE908ABFEF776
:109630008FFBCDE900ABCDE90201CDF810803246B9
:109640003B462046FFF748FD20463DB0BDE8F08F81
:1096500048AB0FCB8DE80F0046AB0CCB08A8FFF74B
:1096600007F9D7E7AFF3008000000060FB21094055
:109670002DE9F04FC7B00546DDF858819DF840B19F
:10968000D8E900A60C461746504631460022002372
:109690000CF0F2FE002869D0D8F80C30D8F8082079
:1096A0000793069210461946002200230CF0E4FEB0
:1096B000D8E90489002862D101218DF8E810D4E9A5
:1096C000020106F1004642464B46CDE93401399687
:1096D000D4E906014FF000080226CDF8E0A08DF88D
:1096E000C8808DF8D8600CF0A9FA069B4093D4E9A5
:1096F0000A9A079B8DF8F88003F10043CDE93C01FD
:10970000052232A90EA84193CDE9449A8DF808614B
:10971000FEF76AFF3A460EA920A8FEF76DFE0CABD5
:1097200020A80AAA08A9FEF7A7FFBBF1000F41D1A4
:109730000D9B0C9803F1004123A3D3E900230CF007
:109740007BFADDE90867DDE90A89FEF701FBCDE96F
:109750000089CDE90201CDF810B032463B462846DB
:10976000FFF7BAFC284647B0BDE8F08FD8F80830BC
:109770000693D8F80C300793D8E904899CE70022B7
:109780000023404649460CF077FE002894D00DF5A2
:10979000A07CBCE80F006E460FC69CE803003A466A
:1097A00086E8030028462146FFF706FF284647B013
:1097B000BDE8F08F52AB0FCB8DE80F0050AB0CCB58
:1097C0000AA8FFF755F8B3E700000060FB21094045
:1097D00070B596B00DF1680E229B069304460D46B7
:1097E0001646BEE80F00EC46ACE80F009EE803000A
:1097F00032468CE80300294608A8FFF739FF2046C7
:10980000DDE9202308A9FFF78FFC204616B070BDC4
:10981000D0E90201704700BFD0E90601704700BFE0
:10982000D0E90A0303F10041704700BFD0E90A0103
:10983000704700BFC0E9022301220223027480F8AE
:109840002030DDE90023C0E90623DDE902234FF0E3
:10985000000CC0E90A2380F800C070472DE9F041F0
:109860000446904601F1100701F120050FC9BAB076
:109870000DF1280C8CE80F0097E80F000EAE86E87B
:109880000F0095E80F000DF1480E8EE80F006146BD
:1098900016A80322FEF7A8FE424616A928A8FEF73E
:1098A000ABFD06AB08AA04A928A8FEF7E5FE0799B8
:1098B000069A01F10043CDE90223DDE908232046A1
:1098C000CDE90023DDE90423FFF742F920463AB051
:1098D000BDE8F081D0E90201704700BFD0E9060180
:1098E000704700BFD0E90A01704700BF2DE9F0477B
:1098F00086B0904699460E9C9DF83CA000234FF000
:10990000FF3202600B60C8F80030C9F800302578DB
:10991000202D06460F4603D114F8015F202DFBD001
:109920002046BAF1000F07D00FF04AFD082853D0A7
:10993000002006B0BDE8F0870FF042FD0728F7D100
:109940008DF804508DF806A004AD0DF1040A63787B
:109950008DF805300A22294650460EF0B7FE00F574
:10996000FF437F33B3F5803F03D2049B534500D0C0
:109970003060A3783A2BDBD1E3788DF8103023796F
:109980008DF811300A22002303A928468DF81230E1
:109990000EF09CFE00F5FF437F33B3F5803F03D20A
:1099A000039BAB4218BF386063792E2BC0D1A379DB
:1099B000303BC8F800303368172BB9D83B683B2BD5
:1099C000B6D8D8F80030B3F5167FB1D2D9F8003048
:1099D0003B2BADD80120ACE763788DF804500DF136
:1099E000040A04AD8DF805300A22002329465046AA
:1099F0008DF806300EF06AFE00F5FF437F33B3F5B5
:109A0000803F03D2049B534500D03060A3783A2BAB
:109A10008ED1E3788DF8103023798DF811300A2239
:109A2000002303A928468DF812300EF04FFE00F5F2
:109A3000FF437F33B3F5803F03D2039BAB4218BF94
:109A4000386063793A2B7FF473AFA3798DF80830CF
:109A500002ADE3798DF8093003A900230A222846D4
:109A60008DF80A300EF032FE00F5FF437F33B3F578
:109A7000803FA0D2039BAB429DD0C9F800009AE77B
:109A800070B586B0CDE90012054605AB04AA03A95E
:109A900002A8FFF72BFF044638B303980CF086FEAC
:109AA00013490CF08BFF064602980CF07FFE01462E
:109AB00030460CF0C7FD064604980CF077FE0D49C1
:109AC0000CF07CFF014630460CF0BCFD06460598C4
:109AD0000CF06CFE08490CF071FF014630460CF0AA
:109AE000B1FD0CF009FAC5E90001204606B070BDD1
:109AF0000000704200001644000061452DE9F04F5F
:109B000091F80080B8F1200F89B00C460746164640
:109B10001D4604D114F8018FB8F1200FFAD0204669
:109B20000FF04EFC15B9062800F0B080092803D0CC
:109B3000002009B0BDE8F08F4FF0000A002E00F0C1
:109B4000AA80B8F12D0F00F0CB80B8F12B0FEFD128
:109B5000674B0022CDE9002363788DF810300DF1BA
:109B60001809A3788DF811300DF1100B00230A228B
:109B7000494658468DF812300EF0A8FD00F5FF4317
:109B80007F33B3F5803F8046D2D2069B5B45CFD072
:109B90000334237803F0EF022A2A01D0DF2BC7D148
:109BA00063788DF81830A3788DF819300A224FF0B9
:109BB000000305A948468DF81A300EF087FD00F520
:109BC000FF437F33B3F5803F8346B1D2059B4B45BE
:109BD000AED01DB3BAF1000F40F08780E3783A2B86
:109BE00001D0272BA4D123798DF80C300DF10C096D
:109BF00063798DF80D3005A900240A2248468DF8B6
:109C00000E400EF063FD00F5FF437F33B3F5803F58
:109C100005466AD2059B4B4508BF2546002E0BBF63
:109C200000236FF059034FF4B4725A2243453FF7B3
:109C30007FAF4245FFF67CAFBBF13B0F3FF678AFFD
:109C40003B2D3FF675AF58460CF0B0FD29490CF09E
:109C5000B5FE044640460CF0A9FD014620460CF036
:109C6000F1FC044628460CF0A1FD23490CF0A6FEA9
:109C7000014620460CF0E6FC0CF03EF9DDE900233D
:109C80000CF092F9C7E90001012052E74FF0010AF8
:109C9000002E7FF456AF63788DF811300DF118095E
:109CA0000DF1100BA3788DF810800A224946584612
:109CB0008DF812308DF813600EF008FD00F5FF43AB
:109CC0007F33B3F5803F8046BFF432AF069B5B45E0
:109CD0003FF42EAF064B0022CDE90023033458E7B2
:109CE000064B0022CDE9002336E7002596E700BFAA
:109CF0000000F03F00007042000061450000F0BF2E
:109D00002DE9F04FD1E900378BB006460393184692
:109D1000029227F0004142A3D3E900230BF08EFF0B
:109D200004460D4608F044FF8046894620462946F1
:109D300042464B460BF080FF3B4B00220CF034F9BF
:109D400082468B4608F034FF02460B465046594681
:109D50000BF072FFDFF8D4E004460D46BEE80F00BA
:109D60000DF1140CACE80F00DEF800308CF8003078
:109D7000029B204629460022B3B32B4B0CF014F96A
:109D800004460D4600220023204629460CF074FBB1
:109D900030B100220023504659460CF06DFB78BBD1
:109DA00003983946002200230CF070FB88BB002387
:109DB000ADF81030494640460CF0A6FB2946034654
:109DC00020461C460CF0A0FB5946019050460CF072
:109DD0009BFB2346009005A9304604AA0EF030FEF6
:109DE00001200BB0BDE8F08F114B0CF0DDF82E23F5
:109DF0008DF81F30312304460D468DF82230C1E71F
:109E000000220023404649460CF036FB0028C7D00C
:109E1000CDE72D23ADF81030CCE700BFAFF30080C5
:109E2000000000E01038223F00004E4058FC0200C5
:109E300000002440FFFFFFFF2DE9F04FD1E900456E
:109E400089B0064617469846002200232046294638
:109E50009DF848900CF01AFB002870D156A3D3E966
:109E60000023204629460BF0E9FE04460D4608F083
:109E70009FFE0CF049FB83460CF02CF802460B4683
:109E8000204629460BF0D8FE4D4B00220CF08CF8F2
:109E900004460D4608F08CFE02460B462046294635
:109EA0000BF0CAFE464B00220CF07EF80CF02CFBA7
:109EB000444B03900FCB0DF1100A8AE80F00B8F164
:109EC000000F1BD04FF0010C2FB10CF120036B449D
:109ED000332203F80E2CB9F1000F1CD0294620467E
:109EE0000CF012FB039A009203465A465146304644
:109EF0000EF0A6FD012009B0BDE8F08F324B0FCB6C
:109F0000D646AEE807002EF8023B1B0C4FF0000CC3
:109F10008EF80030D8E70CF120030DEB030C294636
:109F20000CF8079C20460CF0EFFA5A4603465146BF
:109F300030460EF085FD012009B0BDE8F08F2246C5
:109F40002B461DA1D1E900010BF076FE04460D461B
:109F500008F02EFE0CF0D8FA83460BF0BBFF024649
:109F60000B46204629460BF067FE154B00220CF0ED
:109F70001BF804460D4608F01BFE02460B46204621
:109F800029460BF059FE0E4B00220CF00DF80CF098
:109F9000BBFA0C4B03900FCB0DF1100A8AE80F00AF
:109FA000B8F1000FAAD02D238DF810304FF0010C1E
:109FB0008AE700BFAFF30080000000E01038223FC6
:109FC00000004E407CFC02006CFC02002DE9F041D8
:109FD000074684B018461C460E4615460FF0F0F9A9
:109FE000082803D0002004B0BDE8F08123788DF864
:109FF0000030E84663788DF801300A22002303A977
:10A0000040468DF802300EF061FB00F5FF437F33D0
:10A01000B3F5803F03D2039B434518BF3060A3785C
:10A020002F2BDFD1E3788DF804300DF1040823796C
:10A030008DF805300A22002303A940468DF806302A
:10A040000EF044FB00F5FF437F33B3F5803F03D2AE
:10A05000039B434518BF286063792F2BC2D1A37996
:10A060008DF808300DF10808E3798DF8093003A95F
:10A0700000230A2240468DF80A300EF027FB00F537
:10A08000FF437F33B3F5803F03D2039B434518BFA3
:10A0900038603368013B0B2BA4D82B68013B1E2B87
:10A0A000A0D83B68632B9DD80B2BCCBF03F5FA637C
:10A0B00003F634033B60012095E700BF30B583B061
:10A0C0000D460A2201A904460EF000FB00F50043EC
:10A0D000B3F5803F06D2019BA34203D02860012044
:10A0E00003B030BD002003B030BD00BF30B583B039
:10A0F0000D460A2201A904460EF094FBB0F5803FFC
:10A1000006D2019BA34203D02860012003B030BDDA
:10A11000002003B030BD00BF014B002207F0ECBFB0
:10A120000080764038B500220A4B07F0E5FF002298
:10A13000002304460D460CF0A9F938B12046294603
:10A14000044B00220BF07AFD04460D4620462946BA
:10A1500038BD00BF0080764038B500220A4B07F0BA
:10A16000CBFF0022002304460D460CF08FF938B1D6
:10A1700020462946044B00220BF060FD04460D46A4
:10A180002046294638BD00BF0080764000220221CB
:10A190000280828082600273028242610276828340
:10A1A000026280F824200285C26280F83020028793
:10A1B000C263A0F84820C264A0F858200266A0F844
:10A1C00068200267A0F87820C0F88020A0F88820D6
:10A1D000C0F89020A0F89820C0F8A02080F8B9100E
:10A1E000A0F8BA2080F8BC20C0F8C020C0F8C42075
:10A1F000C0F8C820C0F8CC20C0F8D020C0F8D420C7
:10A20000A0F8A82080F8AA20704700BF38B50578CC
:10A2100004462D2D08BF013420460CF041FD237863
:10A22000642202FB00F0A3F13002092A05D814F8D9
:10A23000013FA3F13002092AF9D92E2B03D02D2D8D
:10A2400008BF404238BD6378303B092BF7D8A2786D
:10A2500003EB8303303A00EB4300092A98BF8018D0
:10A260002D2D08BF404238BD70B50D4604460CF098
:10A2700017FD1C4BA3FB00235B092B80642202FB10
:10A2800013002278184BA2F13001092900FB03F3D7
:10A2900005D814F8012FA2F130010929F9D92E2A85
:10A2A0000AD0124A03EB83030133A2FB03235B08AA
:10A2B00000226B602A7270BD6078A0F1300109291C
:10A2C00004F10104EDD8084A094E14F8010FA6FB69
:10A2D00002C2D20802FB0133A0F130010929F4D9EE
:10A2E000DFE700BF1F85EB5180969800ABAAAAAAB2
:10A2F000CDCCCCCC2DE9F04190F8A9708CB00446BF
:10A300005FB390F8AA30A3F14102052A78D9A3F1EE
:10A310006102052A94BF573B303B94F8AB20A2F171
:10A3200041011B010529DBB240F23B81A2F1610131
:10A33000052994BF573A303A134494F8A820DBB269
:10A340009A4200F0B980D4F8D03001330027C4F825
:10A35000D03038460CB0BDE8F08190F8BA6046B312
:10A3600090F8B930022B03D090F8AA20002A49D1E6
:10A37000D4F8C450002DECD02B4604F1AA0804E018
:10A380002D6B002DE5D0D4F8C430996AA86A0EF080
:10A390003BFE06460028DCD1EA6A94F8BA309A42BD
:10A3A000D7DCEDD10F22414628460EF029FDEE7391
:10A3B000E6E700F1AA08BE4940460EF025FE30B19E
:10A3C000BC4940460EF020FE002840F0EC800126FB
:10A3D000D4F8C05084F8B960C4F8C4502DB9B8E7B7
:10A3E0002D6BC4F8C450002DB3D0A86A41460EF0BE
:10A3F0000BFE0028F4DBACD00023C4F8C430A8E77F
:10A40000373B8AE746EA4316013E282EB0D801A31F
:10A4100053F826F047A601003BA601002BA6010039
:10A420001FA601000FA6010051A60100A5A601006C
:10A4300099A6010083A6010071A3010071A3010088
:10A4400071A3010071A3010071A3010071A30100B8
:10A4500071A3010071A3010071A3010071A30100A8
:10A4600071A3010071A3010071A3010071A3010098
:10A4700071A3010071A3010071A3010071A3010088
:10A4800071A3010071A3010071A3010071A3010078
:10A4900071A3010047A6010073A601003BA60100BD
:10A4A0002BA601001FA601000FA6010069A601004E
:10A4B0005FA601008FA60100D4F8D43094F8BC2028
:10A4C0000133C4F8D4307AB3D4F8CC3094F8B9104E
:10A4D0000133C4F8CC30002900F0F480012929D0E0
:10A4E000D4F8C450002D3FF434AFDFF8CC812B46B4
:10A4F00040F201160DE00EF0F1FED8F800300B939B
:10A500000B9B2B62AE842D6B002D3FF422AFD4F851
:10A51000C430996AA86A0EF077FD0346294605F112
:10A520001000002BE7D014E794F8B930002B4AD084
:10A53000012BD5D1604E236CE36333680293029BF9
:10A54000636433680193236DE36440F20115019B5A
:10A550002587A4F848506365002AC1D0092204F178
:10A560001C01201D04F014FA092204F1280104F151
:10A57000100004F00DFA33680993099B6363636E5E
:10A58000236633680493049A33680393039BE2655C
:10A59000626F2580A4F858502267E366A4F86850DB
:10A5A0009EE7373AC8E6454940460EF02DFD0028A3
:10A5B0003FF40EAF424940460EF026FD061E18BF7E
:10A5C0000126760004E73C4D226D2B680593059B20
:10A5D000636540F20113E264A4F848302B680893E5
:10A5E000089A2B680793D4F894100798C4F88C2025
:10A5F00040F20113D4F8A420C4F89C00C4F89010D1
:10A60000A4F88830C4F8A020A4F8983068E7A2F134
:10A610005702B2FA82F2520980F83020A8E600F11F
:10A620002801AA30FFF720FEA2E6A2F15302B2FAF7
:10A6300082F2520980F824209AE600F11C01AA3027
:10A64000FFF712FE94E6AA30FFF7E0FD20658FE6E3
:10A65000302A94BF0022012280F8BC2088E6AA306C
:10A66000FFF7D4FD606783E6AA30FFF7CFFD606691
:10A670007EE6A2F14102B2FA82F2520980F8BC20D1
:10A6800076E6AA30FFF7C2FDC4F8840070E6AA306F
:10A690000CF006FB20646BE6AA30FFF7B7FDC4F8A8
:10A6A000A40065E6AA300CF0FBFAC4F894005FE65B
:10A6B0008CFC020094FC0200F49FFF1F9CFC020033
:10A6C000A4FC0200134D2B680593059A236DE364E7
:10A6D00040F20116626504F11C010922A4F84860E9
:10A6E000201D04F055F9092204F1280104F110009D
:10A6F00004F04EF92B680A930A9B6363D4F8843004
:10A70000C4F880302B680693069B2680E367A4F884
:10A71000786063E7F49FFF1F38B5D0F8C830A1F127
:10A720000A02013304460D46C0F8C830222A2ED84A
:10A73000DFE802F0182D2D182D2D2D2D2D2D2D2D6E
:10A740002D2D2D2D2D2D2D2D2D2D2D2D2D2D402D26
:10A750002D2D2D2D182D120090F8A83083F02C03EC
:10A7600080F8A83094F8BB300E2B2ED9002094F836
:10A77000BA30A5F12A0500220133B5FA85F56D0935
:10A7800084F8BA3084F8BB2084F8A95038BD90F81A
:10A79000BB300D2B05D8C218013380F8BB3082F8CE
:10A7A000AA1094F8A900C0B994F8A8305D4084F8C4
:10A7B000A85038BD00200223A4F8A80084F8B930BE
:10A7C000A4F8BA0084F8BC0038BD2344002283F802
:10A7D000AA202046FFF78EFDC9E7002038BD00BF44
:10A7E00038B504460023806863700BF0DBFF0B492B
:10A7F0000CF0E4F80546A0880BF0D8FF0146284687
:10A800000BF020FF0BF078FB247B02460B460CB1CB
:10A8100001F100431046194638BD00BF286B6E4E4B
:10A8200038B504460023406963700BF0BBFF0B4949
:10A830000CF0C4F80546208A0BF0B8FF0146284604
:10A840000BF000FF0BF058FB247E02460B460CB1C8
:10A8500001F100431046194638BD00BF286B6E4E0B
:10A860004368064AA2FB03C26421520901FB12336A
:10A8700003F5FA630022427098B270471F85EB51CE
:10A880004368074AA2FB03135B09A2FB03124FF0C4
:10A89000640C520900210CFB12334170D8B270478E
:10A8A0001F85EB514368044A0021A2FB032341703A
:10A8B000C3F34730704700BF5917B7D14368044A04
:10A8C0000021A2FB03234170C3F38740704700BF00
:10A8D00083DE1B4308494368084AA1FB03135B0B53
:10A8E000A2FB031252094FF0640C00210CFB12333F
:10A8F0004170D8B2704700BF5917B7D11F85EB51CF
:10A900004368074AA2FB03135B09A2FB03124FF043
:10A91000640C520900210CFB12334170D8B270470D
:10A920001F85EB512DE9F0410446012190F83900D3
:10A9300004F0FEFB94F83A00012104F0F9FB94F8CE
:10A940003800012104F0F4FB94F83900002104F0F0
:10A95000BBFB94F83A00002104F0B6FB94F83800F1
:10A96000012104F0B1FBB548012107F005FAB44913
:10A97000B24807F02FFAB14807F0C0F9B149B24A1E
:10A98000CB6BD4F8208043F48053CB63D668D36874
:10A99000C6F380669D014FEAC60640F1BB8146F0D2
:10A9A00004060C2EF7B208BF374640F0B481A34D21
:10A9B00094F83800002104F087FB2B684FF0004228
:10A9C000DA62C8F307425A63DA6A002AFCDA986B43
:10A9D0004FF00042DA620002C8F3072280B25A63E5
:10A9E000DA6A002AFCDA996BC9B201435FFA88F28D
:10A9F0004FF00040D86209025A63DA6A002AFCDA92
:10AA00009B6B94F838005FFA83F848EA010801214B
:10AA100004F05AFB0C2E4FEA181803D08748394629
:10AA200007F0D0F98749C4F83480CB6B864AD4F854
:10AA3000248043F48053CB63D668D368C6F3806622
:10AA400098014FEAC60640F15F8146F004060C2EDD
:10AA5000F7B208BF374640F0588194F8380000211B
:10AA600004F032FB2B684FF00042DA62C8F3074271
:10AA70005A63DA6A002AFCDA986B4FF00042DA6215
:10AA80000002C8F3072280B25A63DA6A002AFCDAAD
:10AA9000996BC9B201435FFA88F24FF00040D86267
:10AAA00009025A63DA6A002AFCDA9B6B94F83800D0
:10AAB0005FFA83F848EA0108012104F005FB0C2E37
:10AAC0004FEA181803D05D48394607F07BF95D4915
:10AAD000C4F83480CB6B5C4AD4F8288043F48053AC
:10AAE000CB63D668D368C6F3806699014FEAC60681
:10AAF00040F1048146F004060C2EF7B208BF374639
:10AB000040F0FD8094F83800002104F0DDFA2B6855
:10AB10004FF00042DA62C8F307425A63DA6A002A49
:10AB2000FCDA986B4FF00042DA620002C8F30722A9
:10AB300080B25A63DA6A002AFCDA996BC9B201431F
:10AB40005FFA88F24FF00040D86209025A63DA6A6D
:10AB5000002AFCDA9B6B94F838005FFA83F848EA25
:10AB60000108012104F0B0FA0C2E4FEA181803D0A6
:10AB70003248394607F026F93249C4F83480CB6BA5
:10AB8000314AD4F82C8043F48053CB63D668D36821
:10AB9000C6F380669A014FEAC60640F1A98046F0E6
:10ABA00004060C2EF7B208BF374640F0A28094F896
:10ABB0003800002104F088FA2B684FF00042DA6276
:10ABC000C8F307425A63DA6A002AFCDA986B4FF03E
:10ABD0000042DA620002C8F3072280B25A63DA6ADE
:10ABE000002AFCDA996BC9B201435FFA88F24FF090
:10ABF0000040D86209025A63DA6A002AFCDA9B6BC9
:10AC000094F838005FFA83F848EA0108012104F05B
:10AC10005BFA0C2E4FEA181803D00848394607F0A3
:10AC2000D1F80849C4F83480CB6B074AD4F8308097
:10AC300043F48053CB63D66808E000BFE088FF1F71
:10AC4000032002380080044000C00240D368C6F3ED
:10AC500080669B014FEAC60644D546F004060C2EDA
:10AC6000F7B208BF37463ED194F83800002104F00F
:10AC70002BFA2B684FF00042DA62C8F307425A639E
:10AC8000DA6A002AFCDA986B4FF00042DA620002BE
:10AC9000C8F3072280B25A63DA6A002AFCDA996B99
:10ACA000C9B201435FFA88F24FF00040D86209024E
:10ACB0005A63DA6A002AFCDA9D6B94F83800EDB228
:10ACC0000D43012104F000FA0C2E4FEA151503D0B4
:10ACD0001348394607F076F80123656384F83B3062
:10ACE000BDE8F081F7B20E480C2107F06BF8BBE726
:10ACF000F7B20B480C2107F065F858E7F7B208489F
:10AD00000C2107F05FF8FDE6F7B205480C2107F0CB
:10AD100059F8A2E6F7B202480C2107F053F846E6CC
:10AD2000E088FF1FFFFFFFFF2DE9F041056B0446A0
:10AD3000406988460BF0BEF8064640460F460BF0C9
:10AD4000B9F802460B46304639460BF02DF97A4BDE
:10AD500000220BF029F974A3D3E9002306460F461D
:10AD60000BF04CFA754B00220AF066FF0BF0F4FB77
:10AD7000C3B20F2B25F040050ED92563E26A94F883
:10AD80003B1022F01F021F2B94BF1A4342F01F02F8
:10AD9000E26299B9BDE8F08145F0400564A3D3E9CA
:10ADA00000232563304639460BF028FA634B002216
:10ADB0000AF042FF0BF0D0FBC3B2DFE76049614A03
:10ADC000CB6BD4F8308043F48053CB63D568D36821
:10ADD000C5F380659A014FEAC50540F1978045F0BB
:10ADE00004050C2DEFB208BF2F4640F09080564E60
:10ADF00094F83800002104F067F933684FF00042FE
:10AE0000DA62C8F307425A63DA6A002AFCDA986BFE
:10AE10004FF00042DA620002C8F3072280B25A63A0
:10AE2000DA6A002AFCDA996BC9B201435FFA88F248
:10AE30004FF00040D86209025A63DA6A002AFCDA4D
:10AE40009B6B94F838005FFA83F848EA0108012107
:10AE500004F03AF90C2D4FEA181803D03A48394655
:10AE600006F0B0FF3649C4F83480CB6B354AD4F8CD
:10AE70002C8043F48053CB63D568D368C5F38065D9
:10AE80009B014FEAC50547D545F004050C2DEFB2EF
:10AE900008BF2F4641D194F83800002104F014F97E
:10AEA00033684FF00042DA62C8F307425A63DA6A45
:10AEB000002AFCDA986B4FF00042DA620002C8F315
:10AEC000072280B25A63DA6A002AFCDA996BC9B2A7
:10AED00001435FFA88F24FF00040D86209025A63DA
:10AEE000DA6A002AFCDA9E6B94F83800F6B20E4358
:10AEF000012104F0E9F80C2D4FEA161603D0124890
:10AF0000394606F05FFF6663BDE8F081EFB20E4898
:10AF10000C2106F057FF6AE7EFB20B480C2106F050
:10AF200051FFB8E7AFF3008000000000C0EB124112
:10AF30000000000040240441000040400000E03FC9
:10AF40000080044000C00240E088FF1FF8B5C36ADB
:10AF50003F2923F4BF33054628BF3F2123F48073E4
:10AF60000AB143F4803395F83B2043EA0124EC62B4
:10AF700002B9F8BD2A492B4ACB6B43F48053CB630B
:10AF8000D668D368C6F380669B014FEAC60640D5F3
:10AF900046F004060C2EF7B208BF37463AD195F8B2
:10AFA0003800002104F090F81F4B1B684FF000425E
:10AFB000DA62C4F307425A63DA6A002AFCDA986B51
:10AFC0004FF00042DA620002C4F3072280B25A63F3
:10AFD000DA6A002AFCDA996BC9B2E4B201434FF095
:10AFE0000042DA6209025C63DA6A002AFCDA9C6BCE
:10AFF00095F83800E4B20C43012104F065F80C2EFA
:10B000004FEA141403D00848394606F0DBFE6C639F
:10B01000F8BDF7B204480C2106F0D4FEBFE700BF2C
:10B020000080044000C00240E088FF1FFF29F8B5FF
:10B03000056A044617DD564B4FF480721D4094F8A4
:10B040003B30E2632562DBB9E26BE3682069A1690A
:10B0500002FB03F300FB03F34E4AB2FBF3F3194484
:10B06000A360E161F8BD7F2958DD494B1D4094F88C
:10B070003B30802245F00105E2632562002BE3D0DE
:10B080004549464ACB6B43F48053CB63D668D368BB
:10B09000C6F380669B014FEAC60649D546F0040612
:10B0A0000C2EF7B208BF374643D1002194F8380080
:10B0B00004F00AF83A4B1B682A0C4FF00041D962A1
:10B0C0005A63DA6A002AFCDA986B4FF00042DA62BF
:10B0D0000002C5F3072280B25A63DA6A002AFCDA5A
:10B0E000996BC9B2EDB201434FF00042DA62090236
:10B0F0005D63DA6A002AFCDA9D6B94F83800EDB2E1
:10B100000D43012103F0E0FF0C2E4FEA151503D08B
:10B110002348394606F056FE656395E73F290DDC66
:10B120001F2911DD1A4B1D40202245F0030586E73B
:10B13000F7B21B480C2106F045FEB6E7144B1D4044
:10B14000402245F002057AE70F2907DC0729104B5A
:10B150000ADD1D40082245F0050570E7114B2B4024
:10B16000102243F401756AE7032904DD1D4004221F
:10B1700045F0060563E7012904DD1D40022245F084
:10B1800007055CE71D40012245F0080557E700BFB1
:10B19000F0FD0F00008793030080044000C00240D0
:10B1A000E088FF1FF0FF0F002DE9F04180F8382004
:10B1B000069A80F83A3080F839200023032280F87C
:10B1C0003B3080F842300360436002624FF420233A
:10B1D0000822DDF82080C2638362C0F81480044630
:10B1E00007980D460AF066FE064640460F460AF0EE
:10B1F00061FE02460B46304639460AF0D5FE224B28
:10B2000000220AF0D1FE1CA3D3E9002306460F4614
:10B210000AF0F4FF1D4B00220AF00EFD0BF09CF922
:10B22000C3B20F2B14D91A4A22631F2B28BF1F2326
:10B23000184A626243F440230721204684F84010F4
:10B24000E3622021FFF7F2FEE5602046BDE8F081D1
:10B25000114B236330460AA3D3E9002339460AF091
:10B26000CDFF0A4B00220AF0E7FC0BF075F9C3B2E0
:10B27000DBE700BFAFF3008000000000C0EB12412D
:10B280000000000040240441000040400000E03F76
:10B2900010000E00D7C7090050000E00F8B50F29A6
:10B2A00028BF0F210229944638BF0221BCF1350F77
:10B2B000044680F840101A469DF8180005D8BCF1E5
:10B2C000230F70D94FF4803C01E04FF4C03C082AB2
:10B2D00028BF08220C28656A3B4B28BF0C20012A96
:10B2E00038BF01220330C0B2013A2B40D2B243EA48
:10B2F000C01343EA02130B4394F83B2043EA0C03C8
:10B30000636202B9F8BD3149314ACB6B266A43F416
:10B310008053CB63D568D368C5F380659B014FEA42
:10B32000C5054AD545F004050C2DEFB208BF2F46E0
:10B3300044D194F83800002103F0C6FE254B1B6869
:10B340004FF00042DA62C6F307425A63DA6A002A13
:10B35000FCDA986B4FF00042DA620002C6F3072273
:10B3600080B25A63DA6A002AFCDA996BC9B2F6B283
:10B3700001434FF00042DA6209025E63DA6A002A92
:10B38000FCDA9E6B94F83800F6B20E43012103F00C
:10B390009BFE0C2D4FEA161603D00E48394606F0D8
:10B3A00011FD6663F8BDBCF1170F94BF4FF0000CA0
:10B3B0004FF0010C4FEACC3C89E7EFB205480C2175
:10B3C00006F000FDB5E700BF0020FEFF008004404E
:10B3D00000C00240E088FF1FF8B5436A044631B15F
:10B3E00094F83B2043F4005363623AB9F8BD94F8F3
:10B3F0003B2023F400536362002AF7D02A492B4AEA
:10B40000CB6B266A43F48053CB63D568D368C5F30E
:10B4100080659B014FEAC50540D545F004050C2D1C
:10B42000EFB208BF2F463AD194F83800002103F05C
:10B430004BFE1F4B1B684FF00042DA62C6F3074217
:10B440005A63DA6A002AFCDA986B4FF00042DA623B
:10B450000002C6F3072280B25A63DA6A002AFCDAD5
:10B46000996BC9B2F6B201434FF00042DA620902A9
:10B470005E63DA6A002AFCDA9E6B94F83800F6B252
:10B480000E43012103F020FE0C2D4FEA161603D0C7
:10B490000748394606F096FC6663F8BDEFB20448EB
:10B4A0000C2106F08FFCBFE70080044000C0024082
:10B4B000E088FF1F2DE9F04105469DF818009DF832
:10B4C0001C40032828BF0320B1F5F07F28BF4FF4AC
:10B4D000F071B2F5F07F28BF4FF4F072032B28BF54
:10B4E0000323012C28BF0124E40344EA4034520919
:10B4F00044EA431444EA022495F8422095F83B308C
:10B500004909002A85F8411008BF00210C4344F482
:10B510002026AE620BB9BDE8F0812D4AD36B43F40F
:10B520008053D363A2F5E032D368D268C3F3806856
:10B5300093014FEAC80843D548F00408B8F10C0F4E
:10B540005FFA88F708BF47463CD195F838000021DC
:10B5500003F0BAFD1F4B1B684FF00042DA620A226B
:10B560005A63DA6A002AFCDA986BC6F307260002EF
:10B570004FF00042DA6280B25E63DA6A002AFCDAD7
:10B58000996BC9B2E4B201434FF00042DA6209029A
:10B590005C63DA6A002AFCDA9C6B95F83800E4B246
:10B5A0000C43012103F090FDB8F10C0F4FEA141485
:10B5B00003D00848394606F005FC6C63BDE8F0810D
:10B5C0005FFA88F703480C2106F0FCFBBDE700BFDB
:10B5D00000800440E088FF1FF8B5836A23F00F0362
:10B5E0000446836219B190F841201343836294F8B2
:10B5F0003B3084F8421003B9F8BD2B492B4ACB6B82
:10B60000A66A43F48053CB63D568D368C5F38065DD
:10B610009B014FEAC50540D545F004050C2DEFB25E
:10B6200008BF2F463AD194F83800002103F04CFDB2
:10B630001F4B1B684FF00042DA62C6F307425A63A1
:10B64000DA6A002AFCDA986B4FF00042DA620002F4
:10B65000C6F3072280B25A63DA6A002AFCDA996BD1
:10B66000C9B2F6B201434FF00042DA6209025E63EA
:10B67000DA6A002AFCDA9E6B94F83800F6B20E43C0
:10B68000012103F021FD0C2D4FEA161603D00848C6
:10B69000394606F097FB6663F8BDEFB204480C210B
:10B6A00006F090FBBFE700BF0080044000C00240EE
:10B6B000E088FF1F2DE9F84390F83B30002B00F0A5
:10B6C000C380076B27F0300444F01004A7420546FE
:10B6D000046359D1DFF878815E4AD36B43F4805319
:10B6E000D3635D4BDF68DB68C7F380679B014FEA7C
:10B6F000C70743D547F004070C2FFEB208BF3E46EC
:10B700003DD195F83800002103F0DEFCD8F8003078
:10B710004FF00042DA62C4F307425A63DA6A002A41
:10B72000FCDA986B4FF00042DA620002C4F30722A1
:10B7300080B25A63DA6A002AFCDA996BC9B2E4B2C1
:10B7400001434FF00042DA6209025C63DA6A002AC0
:10B75000FCDA9C6B95F83800E4B20C43012103F04D
:10B76000B3FC0C2F4FEA141803D03948314606F0C9
:10B7700029FBC5F83480A00BBDE8F883FEB234483D
:10B780000C2106F01FFBBCE7324AD36B43F4805315
:10B79000D363A2F5E032D368D268C3F38069920123
:10B7A0004FEAC90949D549F00409B9F10C0F5FFA0C
:10B7B00089F608BF4E4642D1DFF8948095F83800EC
:10B7C000002103F081FCD8F800304FF00042DA622B
:10B7D000C4F307425A63DA6A002AFCDA986BC4F3AE
:10B7E000072400024FF00042DA6280B25C63DA6A3A
:10B7F000002AFCDA996B07F0CF07C9B247F01007AF
:10B8000001434FF00042DA6209025F63DA6A002AFC
:10B81000FCDA9F6B95F83800FFB20F43012103F06B
:10B8200053FCB9F10C0F4FEA171703D00848314603
:10B8300006F0C8FA2C6B6F634EE75FFA89F604488E
:10B840000C2106F0BFFAB7E74FF0FF3094E700BFD6
:10B85000E088FF1F0080044000C00240FFFFFFFFA0
:10B860002DE9F84390F83B30044623BB7E4F002679
:10B8700060690AF01FFB236B5B0604460D4616D475
:10B8800075A1D1E9000132463B460AF08DFB224604
:10B890002B460AF0B3FC754B00220AF085FB734B74
:10B8A00000220AF081FB0AF057FEBDE8F8836CA184
:10B8B000D1E90001E7E7076B27F0300545F02005E7
:10B8C000AF42056365D1DFF8A8816A4AD36B43F4C0
:10B8D0008053D363684BDE68DB68C6F380669A01E9
:10B8E0004FEAC6064FD546F004060C2EF7B208BF45
:10B8F000374649D194F83800002103F0E5FBD8F829
:10B9000000304FF00042DA62C5F307425A63DA6A48
:10B91000002AFCDA986B4FF00042DA620002C5F3AD
:10B92000072280B25A63DA6A002AFCDA996BC9B23C
:10B93000EDB201434FF00042DA6209025D63DA6A58
:10B94000002AFCDA9D6B94F83800EDB20D4301211A
:10B9500003F0BAFB0C2E4FEA151803D044483946C1
:10B9600006F030FAC4F83480C5F384300AF0A2FA45
:10B97000424B00220AF062F93B4B00220AF014FB12
:10B9800006460F4674E7F7B239480C2106F01AFA5A
:10B99000B0E7384AD36B43F48053D363A2F5E03267
:10B9A000D368D268C3F3806991014FEAC90949D5C8
:10B9B00049F00409B9F10C0F5FFA89F608BF4E4649
:10B9C00042D1DFF8AC8094F83800002103F07CFB12
:10B9D000D8F800304FF00042DA62C5F307425A63EC
:10B9E000DA6A002AFCDA986BC5F3072500024FF0EB
:10B9F0000042DA6280B25D63DA6A002AFCDA996B8F
:10BA000007F0CF07C9B247F0200701434FF00042CB
:10BA1000DA6209025F63DA6A002AFCDA9F6B94F843
:10BA20003800FFB20F43012103F04EFBB9F10C0FB8
:10BA30004FEA171703D00E48314606F0C3F9256BBD
:10BA4000676342E75FFA89F609480C2106F0BAF904
:10BA5000B7E700BFAFF30080000000400AD7D33F34
:10BA600000000060B81EC53F0000A03F00408F40AE
:10BA7000E088FF1F0080044000C002400000F03F4B
:10BA800038B50C4605462049C0680AF0E3FE0BF0C5
:10BA9000E3F842F6415382B203FB02F2120A1B4B57
:10BAA00002FB04FC1F2101FB0332BCFBF2F2FF2A64
:10BAB00002F1FF3408D87F2A9CBF01F1FF31C9B2DF
:10BAC0007E2CF0D9D3B201E000231A461F29286842
:10BAD00085F8433028BF1F2103680C4628460B21F8
:10BAE00098472146284600F03BFA20460AF05EFEC1
:10BAF00029690AF0AFFE0BF0AFF8C1B22846BDE8E5
:10BB0000384000F01FBA00BF00FF7F47FE4401002D
:10BB1000F8B5836B044642EA4145CBB190F8260064
:10BB2000002103F0D1FAC5F30741A06B00F034FA0D
:10BB3000C5F30721A06B00F02FFAA06BE9B200F06B
:10BB40002BFA94F826000121BDE8F84003F0BCBAB6
:10BB5000066B4549454803E00133172B00F081800F
:10BB600031F8022BB0FBF2F29642F5D3404A414E37
:10BB700052F823301A0902F4706223F4704313431D
:10BB8000F27A43F078511AB372B6F27AD70708D531
:10BB90004FF0E02CF768DCF880013840CCF88001E9
:10BBA000B061900708D54FF0E02C3769DCF88401CC
:10BBB0003840CCF88401F061570708D54FF0E020F9
:10BBC0007769D0F888213A40C0F88821326262B69D
:10BBD0003268D068884207D043F0FC4326481060A2
:10BBE000D1601361254B136094F82600002103F007
:10BBF0006BFA33684FF00042DA62C5F307425A63CA
:10BC0000DA6A002AFCDA4FF00042996BDA62C5F377
:10BC100007225A63DA6A002AFCDA4FF00042EDB2DA
:10BC2000996BDA625D63DA6A002AFCDAF27A9B6B5E
:10BC3000002A86D0D00704D54FF0E023B169C3F8BD
:10BC40000011910704D54FF0E023F169C3F8041106
:10BC500053077FF576AF4FF0E023326AC3F808212F
:10BC60006FE7162382E700BFFCFF020000512502A8
:10BC70002C000300E088FF1F01403F0000003F80D0
:10BC800070B5044608460AF091FD1B490AF0E2FD32
:10BC90001A490AF093FEA16A06460AF0DBFD18492C
:10BCA0000AF08CFE4FF07E510AF0CAFC0AF0D4FF75
:10BCB000C5B20F2D1AD80121204600F0FFF8A16A65
:10BCC00030460AF0C7FD0F490AF078FE4FF07E516A
:10BCD0000AF0B6FC0AF0C0FFC5B21F2D2946204667
:10BCE00028BF1F21BDE8704000F048B90021204660
:10BCF00000F0E4F8F1E700BFD504354200007A44D3
:10BD000052B89E3EC3F5283E202914D820291FD8BA
:10BD1000DFE801F01F1E221E251E1E1E281E1E1EED
:10BD20001E1E1E1E2B1E1E1E1E1E1E1E1E1E1E1E26
:10BD30001E1E1E1E2E0080291DD0B1F5807F02D14F
:10BD4000002100F0CDB8402918D1022100F0C8B878
:10BD50007047082100F0C4B8072100F0C1B80621DF
:10BD600000F0BEB8052100F0BBB8042100F0B8B85F
:10BD7000032100F0B5B8012100F0B2B8704700BF50
:10BD800070B5044608460AF011FD25490AF062FD27
:10BD900024490AF013FE24490646E0680AF052FCE2
:10BDA00031460AF057FD21490AF008FE4FF07E5156
:10BDB0000AF046FC0AF050FFC5B20F2D236829D8BF
:10BDC0009B680121204698471749E0680AF03AFC31
:10BDD00031460AF03FFD16490AF0F0FD4FF07E5162
:10BDE0000AF02EFC0AF038FFC5B21F2D28BF1F2510
:10BDF0002946204600F0B4F828460AF0D7FC21690D
:10BE00000AF028FD0AF028FFC1B22046BDE87040C4
:10BE100000F098B89B68002120469847E5E700BFEE
:10BE2000D504354200007A440AD7A33C6666A63E94
:10BE3000EC51383E202914D8202921D8DFE801F020
:10BE400021202520292020202D20202020202020D6
:10BE500031202020202020202020202020202020D1
:10BE60003500802925D0B1F5807F03D103680021FA
:10BE70005B6A1847402920D1036802215B6A184792
:10BE8000704702680821526A104702680721526A07
:10BE9000104702680621526A104702680521526A5B
:10BEA000104702680421526A104702680321526A4F
:10BEB0001047036801215B6A18477047427D90F87C
:10BEC00018C061F38612427542694FEA0C6C4CEA65
:10BED00012220721FFF71CBE407DC009704700BF3A
:10BEE000F8B504460F46FFF7F7FF00B1F8BD6379D8
:10BEF000257A67F303036371636806462D062046BF
:10BF000045EA1325FFF7E8FFC5F307220146C5F30D
:10BF1000074358B1E3702B0EA270657023712A4657
:10BF200031462046BDE8F840FFF7F2BDE3712B0E25
:10BF3000A271657123722A462046BDE8F840FFF7DA
:10BF4000E7BD00BF027961F30402027110B44268D8
:10BF50000468C2F31302236810BC1021184700BF05
:10BF6000427961F30402427110B442680468C2F37A
:10BF70001302236810BC1021184700BF427C90F8C0
:10BF800014C061F30402427402694FEA0C6C4CEA7B
:10BF900012220621FFF7BCBDF8B505460E46007912
:10BFA000002103F091F80724002746FA04F313F068
:10BFB00001034FF00101287808BF194603F084F807
:10BFC0000121287903F080F8A87803F0A3F8031E74
:10BFD00018BF0123A3403B4328790021DFB203F0BF
:10BFE00073F8013CE1D1F3074CBF012121462878C9
:10BFF00003F06AF82879012103F066F8A87803F0C5
:10C0000089F800280CBF384647F00100F8BD00BF92
:10C010002DE9F04FADF5477D144680463022184695
:10C020008B4600210A930CF0EDFD0021631E651D77
:10C03000C4F101020846D41813F8011F19B10CA964
:10C0400041F820400130AB42F5D109900446002868
:10C0500000F0EC8036AB0CAA0DF1480E06939C461E
:10C060000792CDF820E00023002600279C4240F3F1
:10C07000DA8011680BEBC101D1E90001EEE80201A1
:10C08000DDF81C90E246002513E0AC4213DD116898
:10C0900001EB410108EB0110D9F8001000EBC101E0
:10C0A000D1E900010135062DEAE8020109F1040990
:10C0B00008D09C42E9DCAB420DBF8D493046394681
:10C0C0000020EFE70133062B02F104020CF1300CE3
:10C0D000CCD14FF4907200217EA80CF093FD7EAB82
:10C0E0000B93029300230193019A7EA9C2EBC20332
:10C0F00001EBC30304938AAB0593029B03F1080889
:10C10000134601330393019B8B464FF000090699B8
:10C1100000919945D1E900450DF50A7A2BD0DBE96C
:10C120000023204629460AF069F8039B09F101091A
:10C13000994548E9020133D0009B029EF3E902458C
:10C1400057460093F7E80223F6E8020109F02CFFB6
:10C1500002460B462046294609F06EFD4645044638
:10C160000D46EFD1019B99450BF1380B0AF1300ACE
:10C1700008F10808D3D15CA3D3E90023204629465F
:10C180000AF08EF9002851D12046294605F0DCFF3F
:10C19000049BC3E90001039B09F101099945CBD137
:10C1A000069BCDF8049030330693029B3033029304
:10C1B0004B46062B98D1DDE912457EAB00930DF17D
:10C1C000A8094FF0000B009B2046D3E90023294625
:10C1D0000AF014F80BF1010BCA46BBF1060FEAE8AE
:10C1E000020128D0089B059FF3E902452AAE089377
:10C1F000B046D6E90023F7E8020109F0D5FE024671
:10C200000B462046294609F017FDC84506F10806E9
:10C2100004460D46ECD1009B38330093059B303328
:10C220000593D146CFE73046394627E700200DF584
:10C23000477DBDE8F08F36AB01930DF1A0080423D4
:10C24000DDF82CA00093C146019B73E90245BBF1C8
:10C25000060F01933DD01EAB0AF58C7702934E4634
:10C26000F6E90223F7E90C0109F09EFE02460B46AF
:10C270002046294609F0E0FCB04504460D46EFD1C2
:10C28000DAE9462309F0BAFF009B0133C9E900014E
:10C2900009D0009B013B0BF1FF3B0093AAF1380A48
:10C2A000A9F10809D0E7DDF808A0099807990A9EC6
:10C2B0000022FAE8024551F8043B013206EBC303C1
:10C2C0009042C3E90045F4DC01200DF5477DBDE84F
:10C2D000F08FDAE946232046294609F08FFFC9E9A5
:10C2E0000001D6E7AFF30080000000E05D72323C51
:10C2F0000000F03F2DE9F04F8DB00A93DDE91634D0
:10C30000DDF860A00190CDE90234DAE90045089239
:10C3100000230022204629460AF0AEF8E8B1DAE907
:10C32000026700220023304639460AF0A5F8DAE910
:10C330000489B0B100220023404649460AF09CF827
:10C3400078B1DDE90201089A0A9BCDE9160101984E
:10C350000DB0BDE8F04FFBF763BEDAE90489DAE916
:10C360000267DDE9020142464B4609F067FC804660
:10C3700089462046294606F0A5F802460B46204687
:10C38000294614461D4606F029F9CDE90401304638
:10C39000394606F097F882468B463046394606F015
:10C3A0001DF9CDE906014046494606F08BF80246E4
:10C3B0000B46404649469046994606F00FF94246DC
:10C3C00006460F464B462046294609F0EDFD32460B
:10C3D000804689463B462046294609F0E5FD5246FF
:10C3E00006460F465B46DDE9040109F0DDFD3246F5
:10C3F00004460D463B46DDE9060109F0D5FD02463F
:10C400000B462046294609F017FC089D0A9C024667
:10C410000B4628462146CDE9082306F053F804F1DF
:10C420000043CDE902012846194606F0D7F84246F6
:10C4300004460D464B46DDE9020109F0B5FDDDE994
:10C440000823CDE90A012046294609F0ADFD024640
:10C450000B46DDE90A0109F0EFFB019B4246C3E907
:10C4600000014B462046294609F09EFDDDE90823E0
:10C4700004460D46DDE9020109F096FD02460B4631
:10C480002046294609F0DAFBDDF80480C8E90201FC
:10C49000DDE90623DDE9040109F086FD32460446A4
:10C4A0000D463B465046594609F07EFD02460B4676
:10C4B0002046294609F0C2FBC8E904010DB0BDE8D9
:10C4C000F08F00BFF8B504460F46D0E908011646C4
:10C4D0001D460AF061F83860D4E90A010AF05CF8F8
:10C4E0003060D4E90C010AF057F82860D4E90E0155
:10C4F0000AF052F8069B1860D4E910010AF04CF8D3
:10C50000079B1860D4E912010AF046F8089B1860EE
:10C51000D4E914010AF040F8099B1860D4E9160127
:10C520000AF03AF80A9B1860D4E918010AF034F8C6
:10C530000B9B1860F8BD00BF70B504460846164650
:10C540001D4609F0D9FCC4E90801304609F0D4FCC5
:10C55000C4E90A01284609F0CFFCC4E90C0104989B
:10C5600009F0CAFCC4E90E01059809F0C5FCC4E94C
:10C570001001069809F0C0FCC4E91201079809F0FF
:10C58000BBFCC4E91401089809F0B6FCC4E9160123
:10C59000099809F0B1FC0022012384F8E821C4E9DC
:10C5A000180184F8EA3170BD00F120016830FBF712
:10C5B00003BE00BFFFFFFFFF2DE9F04F0646B9B0F5
:10C5C000194696F8EA319DF808A11046CDE9000118
:10C5D000002B00F088800022002309F06BFF002868
:10C5E00000F0868078A5D5E900453022002108A812
:10C5F0000CF008FB012308A9032214A88DF83030A1
:10C6000002238DF84030CDE90E45FBF7EDFF06F132
:10C61000200214A926A8FBF7EFFE00220023CDE993
:10C620000223CDE90423CDE9062326A806AB04AAFC
:10C6300002A9FCF721F8DDE9060303F1004164A338
:10C64000D3E9002309F0F8FA61A3D3E90023804677
:10C65000894609F039FF98B15FA7D7E900675CA563
:10C66000D5E9004532463B464046494609F0E4FAE2
:10C6700022462B468046894609F026FF0028F1D144
:10C6800057A3D3E900234046494609F0FFFE98B17D
:10C6900051A5D5E9004552A7D7E9006722462B46A8
:10C6A0004046494609F0CAFA32463B46804689462A
:10C6B00009F0ECFE0028F1D1BAF1010F1CD0BAF15B
:10C6C000020F2BD0BAF1000F0DD1494B002240468A
:10C6D000494609F069FC3EA3D3E9002309F08EFD29
:10C6E00039B0BDE8F08F0020002139B0BDE8F08FEF
:10C6F0003DA5D5E9004578E7DDE90023DDE9040142
:10C7000009F09AFA3A4B002209F04EFC30A3D3E923
:10C71000002309F073FD39B0BDE8F08FDDE904674F
:10C720003046394605F05AFF82468B46DDE9000166
:10C7300005F054FF04460D463046394605F0C2FE6A
:10C7400006460F46DDE9000105F0BCFE02460B4639
:10C7500040464946CDE9002305F0B4FEDDE900235B
:10C76000804689463046394609F01EFC42464B4613
:10C7700009F01AFC22462B4606460F4650465946FB
:10C7800009F012FC02460B463046394609F056FACB
:10C79000184B002204460D4609F096FE30B1154DA7
:10C7A00000242046294605F0E7FBABE7124B0022A8
:10C7B0002046294609F06AFE0028F2D00E4D0024DA
:10C7C000EFE700BFAFF3008000000060FB21F93FFE
:10C7D00000000060FB21094000000060FB211940BF
:10C7E00000000060FB2109C000000060FB21F9BFD0
:10C7F000008066400000F03F0000F0BF2DE9F04FE0
:10C8000000F5AC75ADF5017D044629464C48DFF8CE
:10C8100034A1DFF834B1FCF7CDF802A82946FBF7C4
:10C8200041FC04F5D07502A94848FCF7C3F8294635
:10C830004748FCF7BFF814A82946FBF733FC14A9B6
:10C840004448FCF7B7F814A926A8FBF7B5FC26A9BD
:10C850004148FCF7AFF826AA14A938A804F120062D
:10C86000FBF7CAFD38A95046FCF7A4F826AA02A98E
:10C87000304604F16805FBF7BFFD31463748FCF749
:10C8800099F831462846FBF797FC29465846FCF7AD
:10C8900091F82A46314638A8FBF7AEFD04F1B007FF
:10C8A00038A9F8345046FCF785F822462846394620
:10C8B000FCF782F839462A48FCF77CF821462948DB
:10C8C000FCF778F83846FBF703FC8046204689469B
:10C8D000FBF7FEFB02460B465CA82146CDE9002390
:10C8E000FBF7E0FB6EA8FBF7E9FDDDE9002340461E
:10C8F000494609F059FBCDE97E016EA91A48FCF7BB
:10C9000059F85CAA6EA94AA8FBF776FD4AAA3946EF
:10C910002846FBF771FD29465846FCF74BF8294697
:10C920003046FBF7BFFB2A46314638A8FBF764FDCB
:10C9300038A95046FCF73EF80DF5017DBDE8F08FB3
:10C94000ACFC0200D0FC0200D8FC0200B4FC0200E7
:10C95000BCFC0200C4FC0200CCFC0200E8FA0200AD
:10C96000E0FC0200E4FC0200E8FC020038B500F53F
:10C97000E875044600F5DC7200F5D0712846FBF737
:10C98000F3F929462846FBF7F7FA29460E4804F53D
:10C99000C475FCF70DF804F5B87204F5AC712846BF
:10C9A000FBF7E2F929462846FBF7E6FA294607484D
:10C9B000FBF7FEFF2046FFF721FF0023012084F84C
:10C9C000E83184F8EA0138BDF0FC0200F8FC02000E
:10C9D0002DE9F04F0546A1B095F8E9410990012CE9
:10C9E000DDE92A0130D90024CDE914230023CDE963
:10C9F00018340CAB059305F1080A05F11803CDE9CD
:10CA0000160193A5D5E900450DF1400B089314A933
:10CA10005AE902230291FAE902671AA8CDE90067F0
:10CA2000FFF768FCDDE91E678F4B00223046394670
:10CA3000DAE9008909F02AFD30B98C4B0022304632
:10CA4000394609F041FD18B1002021B0BDE8F08F52
:10CA50003046394605F0B8FA02460B467EA1D1E9C8
:10CA60000001CDE90A2309F0E7F802460B46164615
:10CA70001F464046494600220023CDE9066709F0DB
:10CA8000DDF88046894602460B463046394603E0CB
:10CA90003046394622462B4609F0CEF86EA3D3E93C
:10CAA000002306460F4609F00FFD0028F0D107E0ED
:10CAB0003046394622462B4609F0C0F806460F4656
:10CAC00067A3D3E900233046394609F0E9FC002882
:10CAD000EED14B46DDE90A01424627F0004903E06A
:10CAE0004046394622462B4609F0A6F85AA3D3E918
:10CAF000002380460F4609F0E7FC0028F0D107E04C
:10CB00004046394622462B4609F098F880460F46A3
:10CB100053A3D3E900234046394609F0C1FC00285D
:10CB2000EED1424627F000433046494609F0AEFCBC
:10CB3000002800F08880DDE906894046494605F076
:10CB4000C1FC06460F464046494605F047FD002217
:10CB5000002309F029FA02460B460020002109F0C3
:10CB60006BF832463B4605F057FADDE91A230646D4
:10CB70000F46DDE91C0105F04FFA02460B46304630
:10CB8000394603E03046394622462B4609F054F830
:10CB900031A3D3E9002306460F4609F095FC00288F
:10CBA000F0D12FA3D3E900233046394609F078FCB1
:10CBB00070B13046394622462B4609F03FF828A38B
:10CBC000D3E9002306460F4609F06AFC0028F0D19D
:10CBD000059BE3E802670593DDE90623EBE8022302
:10CBE000089B53457FF413AFDDE91001DDE90C2309
:10CBF000099FC7E90401C7E90023CDE9000107F552
:10CC0000AC70FBF70DFADDE91201DDE90E23C7E98F
:10CC10000601C7E9022314ACCDE9000107F5B8709D
:10CC2000FBF7FEF90FCC07F5A0750FC594E80300DC
:10CC3000022685E80300384687F8E86121B0BDE8A0
:10CC4000F04FFFF793BEDDE90A23CDE9062372E733
:10CC500000000060FB21194000000060FB2109403A
:10CC600000000060FB2109C00000F0BF0000F03FA1
:10CC70002DE9F04788B0044616461F4604AA06ABC5
:10CC800002A96830FBF7F8FCDDE9060132463B46B5
:10CC900008F0D2FF8046894602460B46D4E90001DF
:10CCA00008F0CAFF06460F46C4E90067D4E902014E
:10CCB00042464B4608F0C0FF32463B46D4E9046783
:10CCC00004F5AC75C4E90201CDE900672846FBF71D
:10CCD000A7F9D4E90623CDE9002304F5B87AD4E90D
:10CCE00002235046FBF79CF904F5DC7104F5D07083
:10CCF000FBF7AAF806460F4628465146FBF7A4F86C
:10CD000002460B463046394608F096FF0223C4E936
:10CD10007C0184F8E8312046FFF728FE08B0BDE822
:10CD2000F08700BFFFFFFFFF2DE9F04FD0E906239A
:10CD300093B0CDE902230368069300F5AC730E931C
:10CD400000F5B8730F9300F5D073109300F5DC7302
:10CD500011930523D0E90445D0F804900793804649
:10CD6000002100207EA3D3E9002309F01DF922460B
:10CD70002B4606460F4608F061FF04460D46DDE9E6
:10CD80000223C8E904453046394608F057FFC8E990
:10CD90000601CDE900450E9D069A4B462846FBF755
:10CDA0003FF9D8E90623CDE900230F9CD8E90223F7
:10CDB0002046FBF735F921462846FBF745F804469F
:10CDC0000D4610981199FBF73FF802460B46204696
:10CDD000294608F031FF03460C46C8E97C34D8E9FF
:10CDE0000634CDE90A0118462146CDE9023405F0A2
:10CDF000F5FBD8E902BA06460F465846514605F0FB
:10CE000061FB0D46D8F85C11D8F8582101F10043B8
:10CE10000446194610463B463246CDE9086709F0FC
:10CE2000C3F822462B4609F0BFF80022002308F081
:10CE300005FFD8E90445CDE90C012046294605F057
:10CE4000CDFBCDE90401D8E9001906910846494611
:10CE500005F038FB0F46D8F87411D8F8702101F1AD
:10CE60000043064619461046DDE9042309F09CF804
:10CE700032463B4609F098F8DDE90C2308F0DEFE67
:10CE800002460B4658460AF10041CDE90C2305F055
:10CE9000A5FB0F46D8F86411D8F860A101F1004B4A
:10CEA000DDE9082306465946504609F07DF832462A
:10CEB0003B4609F079F8DDE90C2308F0BFFE024695
:10CEC0000B46069809F10041CDE9082305F086FBE1
:10CED0000F46D8F87C11D8F878A101F1004BDDE9B4
:10CEE000042306465946504609F05EF832463B4652
:10CEF00009F05AF8DDE9082308F0A0FE06460F46BF
:10CF0000DDE9020105F0DEFAD8E95A2309F04CF810
:10CF100032463B4608F092FE06460F46204629461A
:10CF200005F0D0FAD8E9602309F03EF832463B46D6
:10CF300008F084FE0B460246DDE90A0109F05EF9BD
:10CF4000079B013B07937FF40DAF0223404688F80F
:10CF5000E83113B0BDE8F04FFFF708BDAFF3008034
:10CF6000000000A09999E93F2DE9F04F83B00446F5
:10CF7000DDE90C01CDE9000194F8E80118254FF432
:10CF8000D07B15FB00B02044DDE90E89DDE9106798
:10CF9000FBF746F894F8E8112A4815FB01B1214443
:10CFA000FBF706FDCDE9006794F8E8014FF4AC7A91
:10CFB00015FB00A0424620444B46FBF731F894F89D
:10CFC000E831214815FB03A12144FBF7F1FC94F85B
:10CFD000E83104EBC302C2E90089C2E9046794F8AE
:10CFE000E9210133DBB2012A98BF84F8E931022B31
:10CFF00084F8E83105D0002384F8EA3103B0BDE8B5
:10D00000F08F04F5DC7104F5D070FAF71DFF0646C9
:10D010000F4604F5AC7004F5B871FAF715FF0B462E
:10D0200002463946304608F007FE94F8E831022BF4
:10D03000C4E97C01DFD1204603B0BDE8F04FFFF723
:10D0400095BC00BFF0FC0200F8FC020030B41D46A5
:10D0500090F81833082B13D800EB03111446C1E9DC
:10D060007E45DDE90245C1E98045DDE90445C1E9C8
:10D07000A245DDE906450133C1E9A44580F818332E
:10D0800030BC7047FFFFFFFF2DE9F04FFBB00024DD
:10D090001893859B849F1190A3F1080603F128093A
:10D0A00016911492B8461796CDF840900025E6E9FF
:10D0B000024530224046002190440BF0A3FD4E452E
:10D0C000F5D1119B93F81833002B00F0DF81A7F105
:10D0D0000803199300231593984600240023CDE9F3
:10D0E0001234149B0293119B03EB08194FEA0813A7
:10D0F0000693D9E9A423CDE900231AA8D9E9A223EC
:10D10000FFF7F8F81AAA169920A8FBF7ADF920A99D
:10D110000846FAF731FFDDE9240323F000419AA322
:10D12000D3E9002309F0B2F9002800F0A4819C4B58
:10D13000002000210022CDE96E01CDE972230024F8
:10D14000002320AA6EA926A8CDE97034FAF70CFEB8
:10D1500026A90846FAF710FF26AA20A92CA8FAF754
:10D1600003FE2CA90846FAF707FF189B08EB4808AE
:10D1700003EBC806D6E90001DDE9202308F05CFDD9
:10D18000DDE92223CDE93201D6E9020108F054FDA0
:10D19000DDE92423CDE93401D6E9040108F04CFD92
:10D1A000CDE9360126A932A8FAF728FE06460F4631
:10D1B00032A82CA9CDE90C67FAF720FE3246824648
:10D1C0008B463B4630463946CDE90EAB08F0ECFEC7
:10D1D000524606460F465B465046594608F0E4FE66
:10D1E00002460B463046394608F028FD02460B46FB
:10D1F000DDE9120108F022FDCDE9120156AC0DF572
:10D20000DC7862AD00220023CDE95623CDE9582316
:10D21000CDE95A23624B0022E4E8022356A920AA52
:10D220005CA8FAF7A1FD26A95CA8FAF7E7FDE5E8F6
:10D2300002012CA95CA8FAF7E1FD5CAB9C42E8E88E
:10D240000201DFD10DF5E47ACDF810A0DDF858A089
:10D250000DF5CC7B0026DDF850E074460FCC0DF1C7
:10D26000E00CACE80F0094E803008CE80300BEE893
:10D270000F003EAD0FC594E8030042AF85E8030000
:10D280000DF1F008002E00F0F080012E00F0F88083
:10D29000DDE93C01119B069A9C183DA3D3E90023CC
:10D2A00008F0CCFC3AA3D3E90023C8E90001D7E990
:10D2B000000108F0C1FCC7E9000138A9D4E9A223A4
:10D2C0000291D9E9A47844A8CDE90078FFF712F8D3
:10D2D0003EA9D4E9A2230291D9E9A4454AA8CDE9FF
:10D2E0000045FFF707F844AA514650A8FBF7BCF8E1
:10D2F0004AAA514656A8FBF7B7F8DDE95623DDE9FF
:10D30000500108F099FC24A3D3E9002308F076FF2C
:10D31000DDE95823CDE95C01DDE9520108F08CFC20
:10D320001DA3D3E9002308F069FFDDE95A23CDE905
:10D330005E01DDE9540108F07FFC17A3D3E9002367
:10D3400008F05CFFCDE9600126A95CA8FAF756FD5C
:10D35000EBE902012CA95CA8FAF750FD049BE3E974
:10D3600002010136032E04937FF475AF199B0993D4
:10D370006EAB0A9362AB0B93179B08936EAB9B4605
:10D3800010E000BFAFF30080000000C0CCCCEC3F49
:10D39000000000A0F2D77A3E000000A0F2D78A3E3B
:10D3A0000000F03F0B9B099EF3E802010B930A9BE0
:10D3B000F3E802890A93DDE90C23CDE90401CDE904
:10D3C000068908F0F1FDDDE90E2304460D464046CE
:10D3D000494608F0E9FD02460B462046294608F07A
:10D3E0002DFC089C02460B46F4E90201089408F063
:10D3F00025FCC4E900010DF5DC7A62AFF7E80223F1
:10D40000DDE9040108F0D0FDFAE8028904460D4682
:10D4100042464B46DDE9060108F0C6FD02460B46D2
:10D420002046294608F00AFC02460B46F6E90201AE
:10D4300008F004FCBB45C6E90001DFD1099B109A46
:10D4400030330993089B9342ACD1159A119B01325A
:10D4500093F8183315925FFA82F843453FF641AED0
:10D46000DDE912017BB0BDE8F08FDDE938010DF197
:10D47000E0083EAF0EE70A490020002200235AE6EA
:10D48000DDE93A010DF1E80840AF03E7002300248D
:10D49000CDE91234DDE912017BB0BDE8F08F00BFA9
:10D4A0000000F03FFFFFFFFF2DE9F04FADF2444DCC
:10D4B000289290F8EA219DF8684419900A942791DF
:10D4C000269222B1199E96F818239A4206D200237A
:10D4D000269326980DF2444DBDE8F08F06F16803BF
:10D4E00019464AA82993FAF7C9FDDDE94A23CDE98F
:10D4F0008023DDE94C23CDE98223DDE94E23CDE90C
:10D500008423DDE95023CDE99223DDE95223CDE9DF
:10D510009423DDE9542380A90846CDE99623FAF740
:10D520002BFD80A992A8FAF769FCDDE98023044667
:10D530000D4608F039FD02460B46DDE9920108F080
:10D540007BFBDDE98223CDE992012046294608F0E4
:10D550002BFD02460B46DDE9940108F06DFBDDE989
:10D560008423CDE994012046294608F01DFD0B4691
:10D570000246DDE9960108F05FFBCDE9960192A92C
:10D580000DF5487B0846FAF7F7FC92AA80A95846A1
:10D59000FAF7EAFB59465846FAF7EEFCDDE9802334
:10D5A000CDE94A23DDE98223CDE94C23DDE984235B
:10D5B000CDE94E23DDE99223CDE95023DDE9942323
:10D5C000CDE95223DDE99623CDE95423DDE9C823D3
:10D5D000CDE95623DBE90223CDE95823DBE9042317
:10D5E00006F5A075CDE95A230FCD2CAC0FC495E8F4
:10D5F000030096F8186384E80300002E32D000265A
:10D60000DDF864A03446CAAD0AEB0413D3E98023E5
:10D610000DF58E6CCDE98023BCE80F005F460FC787
:10D620009CE8030087E8030095E80F008DE80F00F1
:10D6300080A89BE80C00FBF777F8DDE980890AEB0E
:10D64000041392AA04EB440402EBC400D3E97E2342
:10D65000CDE90089FAF7E4FC01369AF81833F4B200
:10D66000A342D1D8199CCDF800B05CAB01932CAA91
:10D6700092AB4AA92046FFF707FD94F818330C93A4
:10D68000002B00F030840C9BDDF864A0013BDBB282
:10D690000AF1100202EB03130FF22C29D9E90089D9
:10D6A0008BA7D7E900670493002308930693DAE970
:10D6B000A45407E02846214632463B4608F0BCFA0F
:10D6C00005460C462846214642464B4608F0FCFEDD
:10D6D0000028EFD107E02846214632463B4608F0B5
:10D6E000ADFA05460C467CA3D3E900232846214623
:10D6F00008F0CCFE0028EED1284621460022002367
:10D7000008F0C4FE08B104F1004475A3D3E9002376
:10D710002846214608F0BAFE002800F0BD80069B8E
:10D7200001330693049B0AF1100A9A45BFD10A9B64
:10D730000C9883428CBF042306230493069B022B80
:10D7400007DD089B0C98022BC2BF049B43F001032A
:10D75000049308F0AFFB64A3D3E9002308F024FC92
:10D76000CDE90C01664B2A930023ADF8AC304FF0A5
:10D77000FF33089300220023CDE90623DA46F8ADF3
:10D780000DF54E7903240122E31E02FA03F3049AF5
:10D790001A4268D02AAB1B5D002B64D1DAE92A015A
:10D7A000DDE90C2308F07CFE00285CD16EAB7AAE7C
:10D7B0004A46F2E80C01E3E80201B342F9D180AB3A
:10D7C0002AAA6EA95846FEF723FC002872D0002230
:10D7D0000023CDF828A0CDF838B00DF1A808A5F1A8
:10D7E000300680AF92469B4618F8013B6BB1D7E9F3
:10D7F0000023D6E9000108F0D7FB02460B4650464D
:10D80000594608F01BFA82468B460836AE4207F1AD
:10D810000807E9D15246DDF828A0DAE92A675B4615
:10D820003046394608F008FA02460B46CDE90A238D
:10D8300000220023DDF838B008F046FE18B90022B7
:10D840000023CDE90A2332463B46DDE90A0108F010
:10D85000D5FCDDE9062306460F4608F035FE10B17B
:10D86000CDE9066708940134062C0AF1380A05F15F
:10D87000300509F1080986D1089C631C42D0DDE916
:10D8800006011BA3D3E9002308F000FE002839D1CC
:10D890002AAA012313556AE717A3D3E900232846D0
:10D8A000214608F011FE00283FF43CAF089B0133ED
:10D8B000089337E7DAE92A23CDE90A2316461F46FB
:10D8C000C1E700BFAFF3008000000060FB2109400A
:10D8D00000000060FB21194000000060FB2109C02E
:10D8E000000000C0E21DF93F000000A0F7C6B03EF6
:10D8F000000000E04D62703F000000001426F93F78
:10D90000010101004AA95CA8FAF7B8FB00231893AB
:10D91000DDE92C34CDE92034DDE92E34CDE92234A3
:10D92000DDE93034CDE92434B7A4D4E90034CDE9BD
:10D930000434B94C0023CDE91634199ECDF800B05B
:10D9400032AB2CAA0193304692AB4AA9FFF79CFB5D
:10D95000044696F818030D4608F0BCFA02460B463A
:10D960002046294608F04AFC04F0EEFBDDE9166784
:10D9700004460D46002200233046394608F086FD55
:10D9800030B932463B462046294608F07FFD88B133
:10D990004AA95CA8CDE91645FAF770FBDDE92C34FD
:10D9A000CDE92034DDE92E34CDE92234DDE930340F
:10D9B000CDE92434DDE90401984B002208F03EF95A
:10D9C0005E4604460D46D6E900012B46224608F085
:10D9D000EBFAE6E80E010DF58E639E42F3D19DF859
:10D9E000AB30E3B19DF8AC30CBB1DBE92C030022C6
:10D9F00023F000418A4B08F0D7FA04460D46224630
:10DA0000DBE92A012B4608F019F92246CBE92A0165
:10DA10002B46DBE9380108F011F9CBE938013EABC0
:10DA20002AAA32A95846FEF7F3FA002800F08C81A2
:10DA30003E9B3F9C0A931A461846214623460C9467
:10DA400008F0B2FA419B409D0E9306460F462A46C7
:10DA50001946284608F0A8FA02460B4630463946D1
:10DA600008F0ECF8DDE9423A06460F461A460F93F5
:10DA700018465146534608F097FA02460B46304680
:10DA8000394608F0DBF862A3D3E9002306460F46C7
:10DA900008F0FCFC002840F01D823046394604F0B6
:10DAA00053FB0A9A0C9B06460F461046194632460F
:10DAB0003B4608F0A3FB02460B46CDE906230E9930
:10DAC00032463B46284608F099FB02460B46CDE914
:10DAD00014230F9832463B46514608F08FFBCDE9A0
:10DAE00008013046394604F0EDFC80468946304650
:10DAF000394604F073FD4246CDE912014B464749D1
:10DB00000020CDE9108908F097F8DDE90667804626
:10DB1000894632463B463046394608F045FA424689
:10DB20004B4608F041FADDE9102308F087F8DDE9FB
:10DB30001423CDE96E013046394608F035FA4246E5
:10DB40004B4608F031FADDE9122306460F46DDE9BF
:10DB5000080108F029FACDE91C0102460B463046BF
:10DB6000394608F069F8DDE90823CDE97001DDE9FF
:10DB7000060108F019FA42464B4608F015FADDE9AD
:10DB80001223CDE91A01DDE9140108F00DFA0A4665
:10DB90000146CDE91E1213460246DDE91A0108F0DE
:10DBA0004DF8CDE97201DDE91C233046394608F015
:10DBB00045F8DDE91467CDE9740132463B4630464D
:10DBC000394608F0F1F942464B4608F0EDF9DDE937
:10DBD000102308F033F8DDE90823CDE9760130465B
:10DBE000394608F0E1F942464B4608F0DDF9DDE937
:10DBF000122306460F46DDE9060108F0D5F90A466C
:10DC00000146CDE906120DE0000000E00B2E113EAA
:10DC1000000000004C48B4390000F0BF0000F03FA5
:10DC20000000D03F134639460246304608F004F85B
:10DC3000DDE91E23CDE97801DDE91A0107F0FCFFDB
:10DC4000DDE90623CDE97A013046394607F0F6FFD3
:10DC5000DDE90823CDE97C011046194608F0A4F956
:10DC600042464B4608F0A0F9DDE9102307F0E6FF35
:10DC7000CDE97E016EAC21464AAA80A8FAF7BCFB2A
:10DC800080A94AA8FAF7FAF9DDE94439DDE92C015F
:10DC90001A4606934B4607F0D1FFDDE94687CDE9EA
:10DCA0002C014246DDE92E013B4607F0C7FFDDE9C6
:10DCB0004864CDE92E013246DDE93001234607F004
:10DCC000BDFF2A46CDE930010C9D0E9825F000419C
:10DCD00020F000430A9807F0B1FF0F9A2AF00043A2
:10DCE00007F0ACFF069A29F0004307F0A7FF424671
:10DCF00027F0004307F0A2FF324624F0004307F06C
:10DD00009DFF81A3D3E9002308F0C0FB002840F069
:10DD1000E680DDE904017E4B002208F045F9024669
:10DD20000B46CDE9042378A3D3E9002308F0AEFB2A
:10DD300020B175A4D4E90034CDE90434189B013333
:10DD40001E2B18937FF4F9ADDDF8648098F8183332
:10DD5000002B00F0D38000273E460024002508EB6E
:10DD600006132CA81946D3E9A2230290D1E9A401F5
:10DD7000CDE9000180A8FEF7BDFA80AA4AA958465D
:10DD8000FAF772FB59465846FAF7F6F806EB4606DC
:10DD900092AB03EBC6015846FAF756F802460B461B
:10DDA00008F002F902460B462046294607F046FFD6
:10DDB0000137044698F81803FEB286420D46CED3CA
:10DDC00008F088F802460B462046294608F016FA65
:10DDD00004F0BAF9DDE9166704460D460022002377
:10DDE0003046394608F052FB002860D122462B46C7
:10DDF0003046394608F05EFB002858D1DDE91601AF
:10DE00000022002308F042FB00287FF460AB9DF85D
:10DE1000AB301BB900230024CDE920349DF8AC3091
:10DE20001BB900230024CDE922349DF8AD301BB985
:10DE300000230024CDE92434299C5CA92046FAF76C
:10DE40001DF92146199C04F12000FAF72BF922460E
:10DE5000DDE92034C2E95034DDE92234C2E952342C
:10DE6000DDE92434DDE91601C2E954349DF8AC3013
:10DE7000C2E9C80114469DF8AD205B0043EA820365
:10DE80009DF8AB20134384F82833012384F8EA314A
:10DE9000279B0BB1C3E90001289B002B3FF419AB72
:10DEA000189A26981A600DF2444DBDE8F08F4AA9E1
:10DEB0005CA8CDE91645FAF7E1F8DDE92C34CDE9A7
:10DEC0002034DDE92E34CDE92234DDE93034CDE9EA
:10DED000243493E76EAC2046FAF7F0FACBE6189BB1
:10DEE0000133189330E70A9B002B0CBF0623042351
:10DEF000049300240023CDE90C3433E400220023F2
:10DF000014461D4660E700BF000000809997713DF0
:10DF10000000E03FF0B589B00DF1380E05460E4621
:10DF20001746BEE80F000DF1080CACE80F009EE8A4
:10DF3000030004248CE803003A462346009431464B
:10DF40002846FFF7B1FA09B0F0BD00BFF0B589B0BF
:10DF50000DF1380E05460E461746BEE80F000DF1CE
:10DF6000080CACE80F009EE8030003248CE80300D3
:10DF70003A462346009431462846FFF795FA09B001
:10DF8000F0BD00BF0368C9B21B6818470368C9B277
:10DF90001B6818470368C9B21B6818470368C9B2F1
:10DFA0001B681847084B10B503EB51030446B3FB3D
:10DFB000F1F001F0DBF9054B1B7803B110BD2046F1
:10DFC000BDE8104003F0CCBD004495082188FF1F38
:10DFD00008B5084601F0CCFB012008BD08B508468D
:10DFE00001F0C6FB012008BD38B508460D460BF010
:10DFF000E7F904460146284601F0C4FB204638BD37
:10E0000010B508461446114601F0BCFB204610BD71
:10E010000846114601F0E4BD0846114601F0C4BDB2
:10E0200001F0DCBC08B5084601F078FB003818BFE9
:10E03000012008BD08B5084601F04EFB003818BFA6
:10E04000012008BD0846114601F0DEBA084601F07D
:10E0500019BB00BF084601F0BBBA00BF01F052BABD
:10E0600010B503681446DB6998472046BDE81040A8
:10E0700001F0EAB901F08CBC01F044BC01F02EBC07
:10E0800001F008BC01F012BC084B10B503EB5103C2
:10E090000446B3FBF1F001F0B3FD054B1B7803B16F
:10E0A00010BD2046BDE8104003F05ABD004495085D
:10E0B0002288FF1F08B5084601F0A0FF012008BD17
:10E0C00008B5084601F09AFF012008BD38B508469A
:10E0D0000D460BF075F904460146284602F00AF891
:10E0E000204638BD10B508461446114602F002F825
:10E0F000204610BD0846114602F02ABA08461146CD
:10E1000002F00ABA02F022B908B5084601F056FF3B
:10E11000003818BF012008BD08B5084601F02CFFE3
:10E12000003818BF012008BD0846114601F0B8BEEE
:10E13000084601F0F3BE00BF084601F095BE00BFDF
:10E1400001F02ABE10B50648144600EB5100B0FBA2
:10E15000F1F001F055FD2046BDE8104001F0BEBDD4
:10E160000044950802F0CCB802F084B802F06EB812
:10E1700002F048B802F052B80368064A1B6893429E
:10E1800005D110B5C8B201F039FF012010BDC9B2E8
:10E19000184700BFC1E001000368064A1B689342AC
:10E1A00005D110B5C8B201F029FF012010BDC9B2D8
:10E1B000184700BFC1E001000368064A1B6893428C
:10E1C00005D110B5C8B201F019FF012010BDC9B2C8
:10E1D000184700BFC1E001000368064A1B6893426C
:10E1E00005D110B5C8B201F009FF012010BDC9B2B8
:10E1F000184700BFC1E00100084B10B503EB510305
:10E200000446B3FBF1F002F029FA054B1B7803B189
:10E2100010BD2046BDE8104003F0A2BC00A24A0495
:10E220002388FF1F08B5084602F084FB012008BDC3
:10E2300008B5084602F07EFB012008BD38B5084647
:10E240000D460BF0BDF804460146284602F07CFB63
:10E25000204638BD10B508461446114602F074FB3E
:10E26000204610BD0846114602F0E8BC084611469B
:10E2700002F0C8BC02F020BC08B5084602F03AFB28
:10E28000003818BF012008BD08B5084602F010FB91
:10E29000003818BF012008BD0846114602F0DABA5E
:10E2A000084602F003BB00BF084602F0B7BA00BF41
:10E2B00002F07EBA10B50648144600EB5100B0FBE0
:10E2C000F1F002F0CBF92046BDE8104002F012BA9E
:10E2D00000A24A0402F0CABB02F082BB02F06CBB8F
:10E2E00002F046BB02F050BB0368064A1B6893422B
:10E2F00005D110B5C8B202F01DFB012010BDC9B296
:10E30000184700BF31E201000368064A1B689342C8
:10E3100005D110B5C8B202F00DFB012010BDC9B285
:10E32000184700BF31E201000368064A1B689342A8
:10E3300005D110B5C8B202F0FDFA012010BDC9B276
:10E34000184700BF31E201000368064A1B68934288
:10E3500005D110B5C8B202F0EDFA012010BDC9B266
:10E36000184700BF31E20100704700BF704700BF8F
:10E37000704700BF704700BF704700BF38B5064CFC
:10E38000A4F1600554F8083C2046DB68183C984727
:10E39000AC42F7D138BD00BFE09FFF1F2DE9F0432D
:10E3A000036887B004469046002B3ED000229A6056
:10E3B0000122DA60294DDFF8A8901D442D1151F893
:10E3C000083B009305EB4506F60002A85B689847FA
:10E3D00006F1080759F806304F443846DB6898477D
:10E3E000009B204A009202A949F8063038469B68F3
:10E3F0009847009B02A8DB68984723681A49C3F82E
:10E40000008003229A6005F14402531103F138237E
:10E4100020796854403301209B0002F01F0200FA6B
:10E4200002F21A6007B0BDE8F083104AD36B43F4E0
:10E430000003D36300BF0E4B01221A6003F5807303
:10E440000C4A036098680028B4D0103393422360CC
:10E45000F8D10020206007B0BDE8F083008FFCBF3A
:10E46000909FFF1F38FE020044E400E0008004405B
:10E4700000700340407103400368002B3DD02DE93C
:10E48000F0471E4CDFF878901E4A1C44241104F11A
:10E490004406731104EB4404E40003F1382386B00E
:10E4A00060339F004FF0010A59F80430009204F1E4
:10E4B000080806F01F06144A02920AFA06F6C84433
:10E4C0000546DB683E6040469847009B0F4A009235
:10E4D00049F80430404602A99B689847009B02A86F
:10E4E000DB6898472A6800239360C2F80CA0C7F83D
:10E4F00000612B6006B0BDE8F0877047008FFCBF5D
:10E50000909FFF1F3CFC020069E3010038FE0200FF
:10E510000448054A50F8083B01211B68C2F80C1159
:10E52000184700BF909FFF1F007003400448054A32
:10E53000836901211B68C2F81C112030184700BFF5
:10E54000909FFF1F007003400448054A036B0121A0
:10E550001B68C2F82C113830184700BF909FFF1F6E
:10E56000007003400448054A836C01211B68C2F80F
:10E570003C115030184700BF909FFF1F00700340B0
:10E58000084B0948094A0A4910B40A4C1C609860B3
:10E590009C6118621C6398639C64186510BC002021
:10E5A00003F0A4BB909FFF1F69E301002087FF1FBA
:10E5B0007DE301003CFC020070B5012A8AB008BF6F
:10E5C0000A22A1B34FF0210E02E05FFA86FE29462F
:10E5D000B1FBF2F502FB15145FFA84FC092C0CF177
:10E5E000300498BF5FFA84FC0EF1280488BF0CF158
:10E5F000370C6C4488BF5FFA8CFC91420EF1FF36F9
:10E6000004F824CCE1D24BB10EF1FF3E5FFA8EFE4E
:10E610000EF128036B442D2203F8242C036801A972
:10E620005B68CEF12202714498470AB070BD302277
:10E630008DF825204FF0210EE5E700BF00B50368F7
:10E6400083B040F60D22ADF804205B68022201A9D8
:10E65000984703B05DF804FB034B022888BF0346CC
:10E6600018461B685B6818472488FF1FFFFFFFFFE1
:10E670002DE9F04F194687B00646104614469A46D3
:10E6800007F02CFF9DF84070002840F0A9802AF088
:10E6900000455F4B204629464FF0FF3207F01EFF32
:10E6A00048B95B4B204629464FF0FF3207F0F8FE91
:10E6B000002800F08E80574B204651464FF06042B4
:10E6C00007F002FF00287BD1534B204651464FF004
:10E6D000604207F0DBFE002872D12046514600223E
:10E6E000002307F0D3FE0546002875D1002F7AD00D
:10E6F0000FF21419D9E9008948494FF0000B0020A6
:10E700004B460BF1010B424607F04EFC5FFA8BF3D0
:10E71000BB42F5D302460B462046514607F08EFA1F
:10E720008946804607F018FF0F2F28BF0F27824623
:10E73000019707F0BFFB02460B464046494607F0EB
:10E740007BFA2B46804689460A2251463046FFF71F
:10E7500033FF2E234D468DF808300DF109027B1E44
:10E76000DFF8BC904446834652FA83FA02AF4FF07A
:10E77000000842464B462046294607F015FC0D4648
:10E78000044607F0E9FEC0B200F1300307F8013F8C
:10E7900007F0A0FB02460B462046294607F04CFA3C
:10E7A000BA4504460D46E4D1019A336801325B68EC
:10E7B000D2B202A930469847584607B0BDE8F08F5C
:10E7C000336818495B680322304607B0BDE8F04F54
:10E7D000184733681449F5E70AF1004A012585E72F
:10E7E00033681249EEE70D4B00222046514607F0F0
:10E7F00025FA07F0B1FE2B4601460A22304607B043
:10E80000BDE8F04FFFF7D8BE000000A09999B93FCE
:10E81000FFFFEF7FFFFFEF41FFFFEFC10000E03F91
:10E820000000244050FE02004CFE020048FE0200A0
:10E83000884200DB704770B4114C2268091AEAB1B3
:10E84000104B114E114D83FB023C9444D317C3EB84
:10E850002C4306FB132244F2A71C05FB03F30CFB1D
:10E860000233002B02DA03F10043013BB3FBF1F268
:10E8700001FB12322360104470BC7047044BF5E773
:10E88000F09FFF1F5F0B4E831DF30100ECF4FFFFB1
:10E8900042CE0C1F10B5174B0FCB84B0EC468CE862
:10E8A0000F00154B5A78910717D51A78124C12F0B1
:10E8B000700218BF1A7080210023E1713322237186
:10E8C0000323E272A37272B64CF00103204698470C
:10E8D00062B6237813F0700309D1084B064901E0B2
:10E8E000013B02D04A78D207FAD504B010BD23709C
:10E8F00004B010BD54FE020000000240410D0300B0
:10E90000B0F5006F11D210B5094B5B78DB070446F8
:10E9100004D504F1A0542078C0B210BD04F1A05475
:10E92000FFF7B8FF2078C0B210BD0020704700BFCD
:10E9300000000240B0F5006F1FD238B50F4B5B7876
:10E94000DA0704460D4610D504F1A0542378AB42F3
:10E950000AD00A4A137813F0700318BF1370074ADD
:10E9600025705378DB07FCD538BD04F1A054FFF7C0
:10E9700091FF2378AB42ECD1F6E7704700000240EC
:10E9800008B5F7F7EFF8F7F7F3F802F0F7FFFAE753
:10E9900001B441EA000313F003036FD1403A41D3BD
:10E9A00051F8043B40F8043B51F8043B40F8043B69
:10E9B00051F8043B40F8043B51F8043B40F8043B59
:10E9C00051F8043B40F8043B51F8043B40F8043B49
:10E9D00051F8043B40F8043B51F8043B40F8043B39
:10E9E00051F8043B40F8043B51F8043B40F8043B29
:10E9F00051F8043B40F8043B51F8043B40F8043B19
:10EA000051F8043B40F8043B51F8043B40F8043B08
:10EA100051F8043B40F8043B51F8043B40F8043BF8
:10EA2000403ABDD2303211D351F8043B40F8043B98
:10EA300051F8043B40F8043B51F8043B40F8043BD8
:10EA400051F8043B40F8043B103AEDD20C3205D3A8
:10EA500051F8043B40F8043B043AF9D204320AD09E
:10EA6000D2071CBF11F8013B00F8013B03D30B7820
:10EA700003704B78437001BC704700BF0C2A4AD327
:10EA800010F0030311D0C3F10403D21ADB071CBF3B
:10EA900011F8013B00F8013B07D311F8013B00F8E6
:10EAA000013B11F8013B00F8013B11F003033FF477
:10EAB00075AF30B4043AC91AC3F1040C51F8044BD1
:10EAC000022B19D0032B0BD0240A51F8043B1D064E
:10EAD00044EA050440F8044B1C46043AF4D216E01C
:10EAE000240E51F8043B1D0244EA050440F8044B8F
:10EAF0001C46043AF4D20AE0240C51F8043B1D04ED
:10EB000044EA050440F8044B1C46043AF4D20432AB
:10EB1000B1EB0C0130BC043AA0D3013A11F8013B2F
:10EB200000F8013BF9D20B7803704B7843708B7877
:10EB3000837001BC704700BF08B50F4C636B58036E
:10EB40000DD4636B59050FD4636B1A0511D4636B35
:10EB5000DB04F3D501F0C2FF636B5803F1D502F07B
:10EB60003FF9636B5905EFD500F05CFF636B1A0545
:10EB7000EDD501F00FFCEAE70080044008B5FFF78F
:10EB8000DBFF00BF014B10221A80704700200540B8
:10EB9000704700BF094A08B50346106833B169469B
:10EBA0000344A1F580518B4201D2136008BD0AF0E5
:10EBB000E9F90C2303604FF0FF3008BDE087FF1F29
:10EBC000002070474FF0FF30704700BF4FF40053F4
:10EBD0004B600020704700BF012070474FF0FF30AE
:10EBE000704700BF0078B0FA80F04009704700BF5E
:10EBF00001230370704700BFFEE7FFFFEFF31383AD
:10EC0000CBB9EFF31080A0B9EFF3058343B94FF40C
:10EC10008070EFF311835BB1984228BF18467047AC
:10EC20000F2BF6D9054AD05CEFF31183002BF3D1FB
:10EC30007047184670474FF0FF307047F0E300E030
:10EC400008F032B801F1FF3C70B56546002401E0E0
:10EC500070460134B0FBF2FE02FB1E03092B03F1E8
:10EC600030068ABF3733F3B2DBB2904205F8013F7A
:10EC7000EED2631C0022CA54C8187CB162461CF84C
:10EC8000015F10F801ED8CF800E0A1EB0C030232FB
:10EC9000013B521A23449A420570EFDB084670BDCF
:10ECA0002DE9F04F894685B00146044690461F463F
:10ECB00007F096FF89EAE976A6EBE976002840F0AE
:10ECC000458124F00045B649284607F089FF78BB06
:10ECD000B349284607F066FF50BB0021204607F0E5
:10ECE00057FF002840F0EC80032E6FDD0325B9F1BB
:10ECF000000FA6EB050562DB0021204607F048FF68
:10ED0000002840F078814E23492146227B703970DB
:10ED1000FB1CBA7035B118462A46202109F072FF53
:10ED200003462B44002218461A7005B0BDE8F08F48
:10ED300002AB01AA4146204609F086FDDDF804B089
:10ED400058EA0B034646054651D101230278954DFA
:10ED500001939B46944BDA46342A88BF1D46029B9A
:10ED6000002B5DD00AF1010AA9EB0A04002C07EB85
:10ED70000A0640F3A18022462021384609F042FFCE
:10ED8000264407EB040C2D23BBF1000F0CF8013BCC
:10ED900057D061DAB8F1000F5ED06346302103F836
:10EDA000021BCBF1000B2E228CF8012018465A468C
:10EDB00009F028FF002300EB0B0C01934CE02DB170
:10EDC00038462A46202109F01DFF2F440021204605
:10EDD00007F0DEFE002800F0DB804E232D204921C5
:10EDE0004622BB70387079703B1DFA709AE7CBF100
:10EDF0000003984580F2A680C8F1000B4FF0010A8D
:10EE0000684DCDF804B05046D345B8BF0AF1010AA9
:10EE1000BBF1000F68D1029B0AF1010A002BA1D1BE
:10EE2000A9EB0A04002C07EB0A0647DD2246202145
:10EE3000384609F0E7FE264407EB040CBBF1000F4F
:10EE4000A7D1B8F1000F07D06346302203F8022B98
:10EE50002E228CF801209C46B44522D2634615F838
:10EE6000012B03F8012BB3421CD0019A2E20013A4A
:10EE70000EE08CF801000CF1020CB445634602F17F
:10EE8000FF320ED215F8011B03F8011BB34209D063
:10EE90000192002AEDD09C46B445634602F1FF3250
:10EEA000F0D36646B9F1000F0EDB002333703B460A
:10EEB000184605B0BDE8F08FBC4664E7BC46BDE728
:10EEC000042E8ADD042512E7CA44BAF1000F6FEA66
:10EED0000A04EADA24EAE4740134304622462021A6
:10EEE00009F090FE2644E0E7BFF639AFB8F1000F15
:10EEF0003FF435AF0BEB0803984208F1020A7FF6A6
:10EF00002EAFB8F1000F07DD284D2046294607F047
:10EF1000A1FC013E0446F8D102AB03AA31462046CB
:10EF200009F092FCDDF804B0039B08F10102A3EBA9
:10EF30000B03934208BF0BF1010B054608BFCDF848
:10EF400004B00CE70AF03CFA82465DE70021204657
:10EF500007F01EFE002814BF04250325B5422EDA53
:10EF6000B9F1000FA6EB050522DB4FF07E532046DA
:10EF700063F31E00002107F00BFEC0BB4E224123AD
:10EF80007B703A70FB1CBA70002D7FF4C4AEC9E6EA
:10EF90004E23492146227B703970FB1CBA70C1E6B2
:10EFA000FFFF7F7F64FE0200F4FA020000002041B0
:10EFB0002DB138462A46202109F024FE2F444FF077
:10EFC0007E53204663F31E00002107F0E1FD4E2230
:10EFD00038B141232D21BB7039707A703B1DFA7016
:10EFE000A0E641237B703A70FB1CBA709AE62D2391
:10EFF00007F8013BC2E72D2307F8013B83E600BF7A
:10F00000014B1868704700BF00D00340034B00223B
:10F0100010215A615A6018605961704700D003404E
:10F02000704700BFF0B54FF0E0244FF400054FF0FB
:10F03000807CC4F80851C4F808C14FF0007CC4F8C3
:10F0400008C11D4A1D481E494FF0806CC4F808C114
:10F050002823002748F6FF7609254FF0006CC4F8F6
:10F0600008C183B057609660D3605361D361536227
:10F07000D3625363D3635364156047608660C36093
:10F08000436105604F608E60CB604B610D6002F0A4
:10F090008FFDFFF7C5FF0B4C23680093009B132BDC
:10F0A000FAD902F057FA23680193019BB3F5967FD2
:10F0B000F9D303B0F0BD00BF0080034000900340CF
:10F0C00000800B40F49FFF1F212816D810B4104B6E
:10F0D00053F8302092F880422CB1012371B982F8A4
:10F0E000003110BC704703EBC0035B681A6849B17C
:10F0F00042F0030210BC1A607047704782F88030FB
:10F1000010BC704722F0020210BC1A60704700BFAA
:10F1100068FE0200212806D8044B53F8303093F8DB
:10F120000002C0B270470020704700BF68FE0200B6
:10F13000212820D81B4A02EBC00301295B680FD0AD
:10F1400004291DD052F83000002280F8802299B1A5
:10F15000022922D003290DD14FF481721A60704721
:10F1600052F830004FF4A27280F880121A601A68C8
:10F1700022F020021A6070474FF480721A607047C4
:10F1800052F830104FF4A272012081F880021A6008
:10F190001A6842F020021A60704740F203121A60A7
:10F1A000704700BF68FE020072B60D494FF0E022C2
:10F1B00093690868D2F8042D62B6520102D5322B49
:10F1C00088BF0130074AC3F58C334FF47A7103F2DC
:10F1D0003F13A2FB032301FB00F000EB1310704769
:10F1E000F49FFF1F398EE3382DE9F843044672B6C9
:10F1F000204F4FF0E02293693D68D2F8042D62B6AB
:10F20000520102D5322B88BF01350CB9BDE8F88315
:10F21000DFF86490DFF86480A9EB0303A8FB032305
:10F220004FF47A7202FB05F505EB13154FF0E0265B
:10F2300072B6B1693A68D6F804CD62B6A9EB01039B
:10F24000A8FB03031CF0806FC5EB13134FF47A7017
:10F2500002D0322988BF013200FB0233B3F57A7F36
:10F2600004D3013CD2D005F57A75E1E702F086FBC4
:10F27000DEE700BFF49FFF1F3F190100398EE3381E
:10F280002DE9F84F314B1B6807460BB101221A706C
:10F29000DFF8BC90DFF8BC8099F80040D8F8003067
:10F2A0002D4D01349C422B782AD303F0FF0A002B0A
:10F2B0003ED15446294EDFF8A8B005E033791B064D
:10F2C00023D42B78A3420AD1FFF798FC4028F5DD20
:10F2D000FF28F6DD02F052FB2B78A342F4D03F2C3E
:10F2E00029D9204B403C1B68FFB21F551E4A1B4BBF
:10F2F00001211170BC2289F800A0DA70BDE8F88FF6
:10F300009C425FFA84FAD5D0E9E72B78D8F8001050
:10F310005A1C8A42DBB203D23F2A10D8D1B201E094
:10F3200000210A461BF80230DBB2F3712970C8E7EE
:10F330004FF0000A54460A4BFFB21F55D6E7D1B230
:10F34000084A3F3B1268D35CDBB2EEE748A0FF1FE0
:10F3500090A0FF1FF087FF1F98A0FF1F00A006408E
:10F3600050A0FF1F94A0FF1F4CA0FF1F2A4A2B494B
:10F37000536B70B443F48063294D536300232B70A7
:10F38000284E0B70284C2949237032780B7028497D
:10F390000B709AB3152A03D1264B40F213329A61AF
:10F3A000254B1B78012B31D0052B03D1214B4FF47A
:10F3B0005172DA612028214B214C38BF2020C0F344
:10F3C000443C83F800C0C0F3471C00F01F0083F8E2
:10F3D00001C00422987202209A70D87488205A754D
:10F3E0004FF0E021187440223C20D87084F82D2082
:10F3F0004FF4005370BCC1F804317047114B40F218
:10F4000013321A640C4B1B78012BCDD10D4B4FF4EA
:10F4100051725A64CEE700BF0080044044A0FF1F31
:10F420003CA0FF1F45A0FF1F90A0FF1F98A0FF1F3B
:10F430004CA0FF1F00C00440F487FF1F00A006403F
:10F4400000E400E000A00440294B29499B7800F02B
:10F45000030203F0EC031343420700F00F0248BF1E
:10F4600043F01003042A8B7003D18B7943F04003DF
:10F470008B711F4B5A79C30602F0EF021C4B48BF39
:10F4800042F010025A719A79810602F0EF0211D50A
:10F4900042F0100281059A710FD59A78154942F011
:10F4A000A0029A700978144B03EBC10340F2463274
:10F4B0005B6814E09A71820505D4104B104A1968F4
:10F4C000914211D070479A780A4942F0A0029A708E
:10F4D0000978094B03EBC10340F247325B680749E7
:10F4E00007481A600860704700221A60704700BF22
:10F4F00000A00640F487FF1F68FE020048A0FF1F1F
:10F50000D400D442284B5B6B5B054CD510B5274C1F
:10F51000237823B102F032FA2378002BFAD1244A5F
:10F52000244B4FF0E0204FF400540021C0F88441F8
:10F53000D1701B7863B3152B1BD01F4B1B7803F0C6
:10F540007F03012B1FD0052B0ED01C4B184A1C4CDF
:10F550001C48196892F804C0D27900232370037004
:10F5600009B101230B7010BD174B40F20312DA6191
:10F57000EBE7154B40F203129A610F4B1B7803F037
:10F580007F03012BDFD1114B40F203125A64DCE7F9
:10F590000E4B40F203121A64074B1B7803F07F03F3
:10F5A000012BD0D1EFE77047008004404CA0FF1F33
:10F5B00000A0064045A0FF1FF487FF1FF89FFF1F14
:10F5C0003CA0FF1F44A0FF1F00C0044000A0044057
:10F5D0000A4A38B50546137803F0FF04002BFAD128
:10F5E00001212846FFF7A4FD21462846FFF76CFDC0
:10F5F000034A044B52F835201A6038BD4CA0FF1F57
:10F6000068FE020048A0FF1F09B140F08000194ABF
:10F610001378834217D010B4174C646B64050FD570
:10F6200003F07F03012B21D0052B14D0002900F01B
:10F630007F0314BF60214421012B10D0052B03D080
:10F64000107010BC704770470C4B41F44071D96189
:10F65000107010BC7047094B0024DC61E6E7084BD2
:10F6600041F440715964107010BC7047044B002481
:10F670005C64DBE7F487FF1F0080044000C00440A7
:10F6800000A00440104A137883420AD00F49496B06
:10F69000490505D5ABB1152B09D068B1152801D0A6
:10F6A000107070470A4B40F213319961F8E7084B2C
:10F6B000002199610028F1D1064B40F21331196401
:10F6C000EEE704490B64E8E745A0FF1F0080044013
:10F6D00000C0044000A004400D4B5B6B13F480633A
:10F6E00013D0212803D90B4B0020186070470A4B18
:10F6F00010B5084C53F8303023600121FFF718FD96
:10F70000236800221A70012010BD1846704700BF00
:10F7100000800440F89FFF1F68FE0200104B5B6BE7
:10F7200013F4806312D012280BD0142810D10D4B83
:10F7300040F202325A610C4A537B01200343537357
:10F7400070470A4B40F20232DA60F4E7184670471D
:10F75000054A537B03F0FE0300205373704700BF3C
:10F760000080044000C0044000A0064000A0044007
:10F77000034B5B6B5B0501D5FFF782BD704700BF94
:10F78000008004402DE9F84F394B5B6B5A053CD59E
:10F79000384B1B680BB101221A704718B84231D29E
:10F7A000354EDFF8D880364CDFF8D89000F1010AEA
:10F7B00013E003F0FF0B53B34FF0000B5D46324AEA
:10F7C0001AF8013C5355524630490123BA420B7096
:10F7D0000AF1010A86F800B014D23578D8F8003062
:10F7E0000135AB422378E4D9AB425FFA85FB0FD0F9
:10F7F0003F2DE4D9264B1AF8012C1B68403D5A5581
:10F800005246E1E71F4BBC22DA70BDE8F88F5D4637
:10F810006FF0430389F8033006E099F804301B06C3
:10F820000BD42378AB42E3D1FFF7E8F94028F4DDAD
:10F83000FF28F6DD02F0A2F8F3E72378D8F80010ED
:10F840005A1C9142DBB203D93F2A0AD8D1B201E057
:10F8500000210A460C4B9B5CDBB289F80730217013
:10F86000DFE7D1B20A4A3F3B1268D35CDBB2F4E770
:10F870000080044048A0FF1F90A0FF1FF087FF1FDB
:10F8800098A0FF1F00A0064050A0FF1F4CA0FF1F24
:10F8900094A0FF1F10B5044C237823B102F06EF83A
:10F8A0002378002BFAD110BD4CA0FF1F084A094B4A
:10F8B00011781A789142C8B2D3B202D2013B181A19
:10F8C0007047054A1268013A1344181A704700BF7E
:10F8D00090A0FF1F98A0FF1FF087FF1F064A074B4D
:10F8E00011781A789142D0B23CBF054A1268CBB267
:10F8F00038BF9B18181A70473CA0FF1F44A0FF1F79
:10F90000EC87FF1F1B4B1C491A780B789A422ED0AC
:10F9100010B55FFA82FE194AD8B21268431C9A42A7
:10F9200019D93F2B1BD85FFA83FC1548C05CC0B2C5
:10F9300081F800C01349096861B19E453CBF72441B
:10F94000D31A114A126828BFAEEB03039A4201D3BF
:10F9500000230B7010BD4FF0000C6346E5E70B4C25
:10F960003F382468205C5FFA83FCC0B2E0E74FF0C8
:10F97000FF3070473CA0FF1F44A0FF1FEC87FF1F14
:10F98000FC9FFF1FF89FFF1FE887FF1F40A0FF1F7E
:10F990000D4A0E4B11781B789942DAB211D00C49FE
:10F9A0000968531C994207D93F2B06D9094B3F3AA6
:10F9B0001B68985CC0B270470023074AD05CC0B295
:10F9C00070474FF0FF3070473CA0FF1F44A0FF1F5F
:10F9D000EC87FF1F40A0FF1FFC9FFF1F0C4B5B6BC2
:10F9E0005B0514D50B4B0C48DA78402102F0CB02B2
:10F9F000DA705974DA78094942F03402DA70084A48
:10FA000003781268DBB20B700AB1002313707047E1
:10FA10000080044000A0064044A0FF1F3CA0FF1F40
:10FA2000F89FFF1F2DE9F041504C237913F0300F60
:10FA300047D072B6A37D03F0FF01002B58D062B609
:10FA4000DFF82C814B4898F800304B4A057816684F
:10FA50004A4F5FFA83FC4A4BEDB2D3F800E008E06E
:10FA60001DB14FF0000C07F80C304A1E12F0FF01D8
:10FA700012D0E3790CF101029642DBB2F0D9954243
:10FA8000ACF13F00F1D03F2A6DD994464A1E12F0E6
:10FA9000FF010EF80030ECD15FFA8CF388F80030EB
:10FAA000384B196869B1AC453CBF721B02EB0C03C3
:10FAB000354A126828BFACEB05039A429CBF01236C
:10FAC0000B702A48C3781E06DDB216D46A060DD51F
:10FAD000264B1B795B0609D52C4B2D491B68002250
:10FAE0000A7003B11A70214B3C22DA70BDE8F08134
:10FAF0004023E279637462B6E3E703791C06E5D537
:10FB0000244B254ADFF894E01C7816689EF80030F4
:10FB1000234A244FD2F800C0E4B2DBB207E00379F5
:10FB20000023FA5CD2B2C271027D072A11D8A34227
:10FB300003F101010ED08E42F1D93F290279A3F1E0
:10FB40003F0301D80B46ECE71CF803200B46D2B26A
:10FB5000E9E7DCB2054B8EF800401A79110644BF84
:10FB60007C22DA70B2E794467DE700BF00A0064031
:10FB70003CA0FF1F44A0FF1FEC87FF1FFC9FFF1F3F
:10FB800040A0FF1FF89FFF1FE487FF1F48A0FF1F33
:10FB90004CA0FF1F90A0FF1FF087FF1F98A0FF1F22
:10FBA00094A0FF1F50A0FF1F094B10B4186060B154
:10FBB00001F14004074B084801F11A021A60074B93
:10FBC0000460283110BC196070474024F2E700BF80
:10FBD00040A0FF1FE887FF1FEC87FF1FE487FF1F80
:10FBE000054B186018B1054B403119607047034B45
:10FBF00040211960704700BF94A0FF1FF087FF1FCE
:10FC00002A4A2B49536B70B443F40063294D536364
:10FC1000294E2A4C327800232B700B702849237010
:10FC20000B702849092A0B7033D01A2A03D1264BAE
:10FC300040F213325A60254B1B780A2B31D01F2B10
:10FC400003D1214B4FF451721A602028204B214CD4
:10FC500038BF2020C0F3443C83F800C0C0F3471CE9
:10FC600000F01F0083F801C00422987202209A70ED
:10FC7000D87488205A754FF0E021187440223C2037
:10FC8000D87084F82F204FF4004370BCC1F80431C1
:10FC90007047114B40F21332DA600C4B1B780A2B81
:10FCA000CDD10D4B4FF451721A61CEE70080044064
:10FCB000E8A0FF1FE0A0FF1F0488FF1F1CA1FF1F7B
:10FCC00024A1FF1FF0A0FF1F00D004400C88FF1FDD
:10FCD00000B0064000E400E000B00440294B294990
:10FCE0009B7800F0030203F0EC031343420700F09B
:10FCF0000F0248BF43F01003042A8B7003D18B79A5
:10FD000043F040038B711F4B5A79C30602F0EF0298
:10FD10001C4B48BF42F010025A719A79810602F0DA
:10FD2000EF0211D542F0100281059A710FD59A7831
:10FD3000154942F0A0029A700978144B03EBC103F5
:10FD400040F246325B6814E09A71820505D4104B8C
:10FD5000104A1968914211D070479A780A4942F0C6
:10FD6000A0029A700978094B03EBC10340F24732B5
:10FD70005B68074907481A600860704700221A60EC
:10FD8000704700BF00B006400C88FF1F68FE0200ED
:10FD9000ECA0FF1FD400D642294B5B6B1B054DD551
:10FDA00010B5284C237823B101F0E8FD2378002B0F
:10FDB000FAD1254A254B4FF0E0204FF400440021B2
:10FDC000C0F88441D1701B78092B2CD01A2B1BD082
:10FDD0001F4B1B7803F07F030A2B1FD01F2B0ED065
:10FDE0001C4B194A1C4C1D48196892F804C0D27962
:10FDF00000232370037009B101230B7010BD184B51
:10FE000040F203121A60EBE7154B40F203125A60FE
:10FE10000F4B1B7803F07F030A2BDFD1114B40F20D
:10FE200003121A61DCE70F4B40F20312DA60084B51
:10FE30001B7803F07F030A2BD0D1EFE7704700BF98
:10FE400000800440F0A0FF1F00B006400488FF1FA0
:10FE50000C88FF1F9CA0FF1FE0A0FF1FE8A0FF1F52
:10FE600000D0044000B004400A4A38B50546137873
:10FE700003F0FF04002BFAD101212846FFF758F9BF
:10FE800021462846FFF720F9034A044B52F8352053
:10FE90001A6038BDF0A0FF1F68FE0200ECA0FF1F33
:10FEA00009B140F08000194A1378834217D010B48A
:10FEB000174C646B24050FD503F07F030A2B21D068
:10FEC0001F2B14D0002900F07F0314BF60214421B0
:10FED0000A2B10D01F2B03D0107010BC7047704736
:10FEE0000C4B41F440711960107010BC7047094B05
:10FEF00000241C60E6E7084B41F440711961107062
:10FF000010BC7047044B00241C61DBE70C88FF1F0A
:10FF10000080044000D0044000B00440124B1A7826
:10FF200082420CD01149496B090507D5092A16D020
:10FF30001A2A0AD009280DD01A2801D01870704743
:10FF40000B4A40F213315160F8E7094A00210928B1
:10FF50005160F1D1074A40F21331D160EEE7054A12
:10FF60000021D160E6E700BF0488FF1F0080044045
:10FF700000D0044000B004400D4B5B6B13F40063F1
:10FF800013D0212803D90B4B0020186070470A4B6F
:10FF900010B5084C53F8303023600121FFF7C8F842
:10FFA000236800221A70012010BD1846704700BF58
:10FFB000008004409CA0FF1F68FE02000C4B5B6B9E
:10FFC00013F4006312D0172809D10A4B0A4A40F2F1
:10FFD00002319960537B0120034353737047064AF3
:10FFE000537B03F0FE03002053737047184670479D
:10FFF0000080044000B0044000B006402DE9F84FF6
:020000022000DC
:10000000334B5B6B1A053AD5324B1B6806460BB176
:1000100001221A70DFF8C090DFF8C08099F8004024
:10002000D8F800302E4D0134A3422B7829D99C42B8
:100030005FFA84FA14D12B4FDFF8ACB005E03B79BE
:100040001B0623D42B78A3420AD1FEF7D7FD402804
:10005000F5DDFF28F6DD01F091FC2B78A342F4D00A
:10006000272C29D9214B283C1B68F6B21E55204A63
:100070001C4B01211170BC2289F800A0DA70BDE888
:10008000F88F03F0FF0AA3B95446D4E72B78D8F8C9
:1000900000105A1C9142DBB208D9272A10D8D1B2DD
:1000A0001BF80230DBB2FB712970CBE700210A4656
:1000B000F6E74FF0000A54460B4BF6B21E55D6E752
:1000C000D1B20A4A273B1268D35CDBB2EBE700BF30
:1000D00000800440ECA0FF1F1CA1FF1F0888FF1F29
:1000E00024A1FF1F00B00640F4A0FF1F20A1FF1FA6
:1000F000F0A0FF1F2DE9F84F394B5B6B1A053CD57B
:10010000384B1B680BB101221A704718B84231D224
:10011000354EDFF8D880364CDFF8D89000F1010A70
:1001200013E003F0FF0B53B34FF0000B5D46324A70
:100130001AF8013C5355524630490123BA420B701C
:100140000AF1010A86F800B014D23578D8F80030E8
:100150000135AB422378E4D9AB425FFA85FB0FD07F
:10016000272DE4D9264B1AF8012C1B68283D5A5537
:100170005246E1E71F4BBC22DA70BDE8F88F5D46BE
:100180006FF0430389F8033006E099F804301B064A
:100190000BD42378AB42E3D1FEF730FD4028F4DDE9
:1001A000FF28F6DD01F0EAFBF3E72378D8F800102A
:1001B0005A1C9142DBB203D9272A0AD8D1B201E0F6
:1001C00000210A460C4B9B5CDBB289F8073021709A
:1001D000DFE7D1B20A4A273B1268D35CDBB2F4E70F
:1001E00000800440ECA0FF1F1CA1FF1F0888FF1F18
:1001F00024A1FF1F00B00640F4A0FF1FF0A0FF1FC6
:1002000020A1FF1F10B5044C237823B101F0B6FBE9
:100210002378002BFAD110BDF0A0FF1F084A094B2C
:1002200011781A789142C8B2D3B202D2013B181A9F
:100230007047054A1268013A1344181A704700BF04
:100240001CA1FF1F24A1FF1F0888FF1F064A074BA0
:1002500011781A789142D0B23CBF054A1268CBB2ED
:1002600038BF9B18181A7047E0A0FF1FE8A0FF1FB7
:100270000088FF1F1B4B1C491A780B789A422ED01E
:1002800010B55FFA82FE194AD8B21268431C9A422E
:1002900019D93F2B1BD85FFA83FC1548C05CC0B24C
:1002A00081F800C01349096861B19E453CBF7244A2
:1002B000D31A114A126828BFAEEB03039A4201D346
:1002C00000230B7010BD4FF0000C6346E5E70B4CAC
:1002D0003F382468205C5FFA83FCC0B2E0E74FF04F
:1002E000FF307047E0A0FF1FE8A0FF1F0088FF1F3E
:1002F000A0A0FF1F9CA0FF1FFC87FF1FE4A0FF1F03
:100300000D4A0E4B11781B789942DAB211D00C4984
:100310000968531C994207D93F2B06D9094B3F3A2C
:100320001B68985CC0B270470023074AD05CC0B21B
:1003300070474FF0FF307047E0A0FF1FE8A0FF1F9D
:100340000088FF1FE4A0FF1FA0A0FF1F0C4B5B6BEA
:100350001B0514D50B4B0C48DA78402102F0CB0278
:10036000DA705974DA78094942F03402DA70084ACE
:1003700003781268DBB20B700AB100231370704768
:100380000080044000B00640E8A0FF1FE0A0FF1F6F
:100390009CA0FF1F2DE9F041504C237913F0300F42
:1003A00047D072B6A37D03F0FF01002B58D062B690
:1003B000DFF82C814B4898F800304B4A05781668D6
:1003C0004A4F5FFA83FC4A4BEDB2D3F800E008E0F5
:1003D0001DB14FF0000C07F80C304A1E12F0FF015F
:1003E00012D0E3790CF101029642DBB2F0D99542CA
:1003F000ACF13F00F1D03F2A6DD994464A1E12F06D
:10040000FF010EF80030ECD15FFA8CF388F8003071
:10041000384B196869B1AC453CBF721B02EB0C0349
:10042000354A126828BFACEB05039A429CBF0123F2
:100430000B702A48C3781E06DDB216D46A060DD5A5
:10044000264B1B795B0609D52C4B2D491B680022D6
:100450000A7003B11A70214B3C22DA70BDE8F081BA
:100460004023E279637462B6E3E703791C06E5D5BD
:10047000244B254ADFF894E01C7816689EF800307B
:10048000234A244FD2F800C0E4B2DBB207E003797C
:100490000023FA5CD2B2C271027D072A11D8A342AE
:1004A00003F101010ED08E42F1D927290279A3F17F
:1004B000270301D80B46ECE71CF803200B46D2B209
:1004C000E9E7DCB2054B8EF800401A79110644BF0B
:1004D0007C22DA70B2E794467DE700BF00B00640A8
:1004E000E0A0FF1FE8A0FF1F0088FF1FA0A0FF1FC4
:1004F000E4A0FF1F9CA0FF1FF887FF1FECA0FF1FB9
:10050000F0A0FF1F1CA1FF1F0888FF1F24A1FF1FD1
:1005100020A1FF1FF4A0FF1F094B10B4186060B1A9
:1005200001F14004074B084801F11A021A60074B19
:100530000460283110BC196070474024F2E700BF06
:10054000E4A0FF1FFC87FF1F0088FF1FF887FF1F25
:10055000054B186018B1054B283119607047034BE3
:1005600028211960704700BF20A1FF1F0888FF1FC6
:100570002DE9F84F314B1B6807460BB101221A7069
:10058000DFF8BC90DFF8BC8099F80040D8F8003064
:100590002D4D01349C422B782AD303F0FF0A002B07
:1005A0003ED15446294EDFF8A8B005E033791B064A
:1005B00023D42B78A3420AD1FEF720FB4028F5DD97
:1005C000FF28F6DD01F0DAF92B78A342F4D0272CCE
:1005D00029D9204B283C1B68FFB21F551E4A1B4BD4
:1005E00001211170AC2289F800A0DA70BDE8F88F03
:1005F0009C425FFA84FAD5D0E9E72B78D8F800104E
:100600005A1C8A42DBB203D2272A10D8D1B201E0A9
:1006100000210A461BF80230DBB2F3712970C8E7EB
:100620004FF0000A54460A4BFFB21F55D6E7D1B22D
:10063000084A273B1268D35CDBB2EEE778A1FF1FC4
:10064000A8A1FF1F1C88FF1FB0A1FF1F00C006400C
:1006500080A1FF1FACA1FF1F7CA1FF1F1D4A1E49E7
:10066000536B2DE9F04343F480531C4DDFF8708049
:10067000DFF870901C4F1D4E5363002388F8003044
:10068000202889F800303B7033702B7040F213350E
:100690008D6002F5103238BF20204FF45175CD60C7
:1006A000C0F344311170C0F3471E114C82F801E0D1
:1006B00000F01F002C2190724FF0E02C9370137407
:1006C000D17040224FF4003384F83120CCF804314B
:1006D000BDE8F0830080044000C004407CA1FF1FFF
:1006E0006CA1FF1F74A1FF1FA8A1FF1FB0A1FF1FD6
:1006F00000E400E0294B29499B7800F0030203F055
:10070000EC031343420700F00F0248BF43F010030D
:10071000042A8B7003D18B7943F040038B711F4BFC
:100720005A79C30602F0EF021C4B48BF42F0100298
:100730005A719A79810602F0EF0211D542F0100247
:1007400081059A710FD59A78154942F0A0029A70E6
:100750000978144B03EBC10340F246325B6814E0A6
:100760009A71820505D4104B104A1968914211D034
:1007700070479A780A4942F0A0029A700978094BAA
:1007800003EBC10340F247325B68074907481A6030
:100790000860704700221A60704700BF00C0064022
:1007A0002088FF1F68FE020078A1FF1FD400D842F6
:1007B00038B5134B5B6BDB0420D5124C237823B187
:1007C00001F0DCF82378002BFAD10F4A0F494FF0E3
:1007D000E024002340F203104FF40035C4F88451A4
:1007E000D3708860C8600A490A4C0B4809681579BB
:1007F000D2792370037009B101230B7038BD00BF9B
:10080000008004407CA1FF1F00C0064000C00440DF
:1008100028A1FF1F6CA1FF1F74A1FF1F0A4A38B552
:100820000546137803F0FF04002BFAD10121284676
:10083000FEF77EFC21462846FEF746FC034A044BA1
:1008400052F835201A6038BD7CA1FF1F68FE0200F7
:1008500078A1FF1F09B140F08000114A137883424C
:1008600016D010B40F4C646BE4040ED503F07F0374
:10087000082B02D10C4B0024DC60002900F07F0320
:1008800014BF60214421082B03D0107010BC7047A6
:100890007047054B41F44071D960107010BC70472F
:1008A0002088FF1F0080044000C00440704700BF44
:1008B0000D4B5B6B13F4805313D0212803D90B4BE2
:1008C0000020186070470A4B10B5084C53F83030C0
:1008D00023600121FEF72CFC236800221A700120FE
:1008E00010BD1846704700BF0080044028A1FF1FBC
:1008F00068FE02000C4B5B6B13F4805312D00E2881
:1009000009D10A4B0A4A40F202315960537B012057
:10091000034353737047064A537B03F0FE030020E2
:1009200053737047184670470080044000C004406D
:1009300000C00640034B5B6BDB0401D5FFF718BE1C
:10094000704700BF0080044079B170B5074E04467F
:100950004518736BDB0404F1010403D514F8010C92
:10096000FFF706FEAC42F4D170BD70470080044032
:1009700010B5044C237823B101F000F82378002B44
:10098000FAD110BD7CA1FF1F084A094B11781A78D3
:100990009142C8B2D3B202D2013B181A7047054A3D
:1009A0001268013A1344181A704700BFA8A1FF1F2C
:1009B000B0A1FF1F1C88FF1F064A074B11781A7849
:1009C0009142D0B23CBF054A1268CBB238BF9B18E7
:1009D000181A70476CA1FF1F74A1FF1F1888FF1F12
:1009E0001B4B1C491A780B789A422ED010B55FFA2F
:1009F00082FE194AD8B21268431C9A4219D93F2B79
:100A00001BD85FFA83FC1548C05CC0B281F800C0F7
:100A10001349096861B19E453CBF7244D31A114A1B
:100A2000126828BFAEEB03039A4201D300230B7078
:100A300010BD4FF0000C6346E5E70B4C3F382468CF
:100A4000205C5FFA83FCC0B2E0E74FF0FF307047F4
:100A50006CA1FF1F74A1FF1F1888FF1F2CA1FF1F8F
:100A600028A1FF1F1488FF1F70A1FF1F0D4A0E4B06
:100A700011781B789942DAB211D00C490968531CDD
:100A8000994207D93F2B06D9094B3F3A1B68985C1E
:100A9000C0B270470023074AD05CC0B270474FF025
:100AA000FF3070476CA1FF1F74A1FF1F1888FF1F44
:100AB00070A1FF1F2CA1FF1F054B064A1B7806499A
:100AC0001268DBB20B700AB100231370704700BFCD
:100AD00074A1FF1F28A1FF1F6CA1FF1F30B43A4B68
:100AE0001A79950624D5394D3949DB792A780C686D
:100AF000D8B2531C9C42D2B231D8364B1A7802F08D
:100B0000FF0322B1002213463349C8542A703349E7
:100B1000096869B1324A10789842C2B28ABFA21AF3
:100B20009B1A9B182F4A12689A429CBF01230B7094
:100B3000254AD3781C06D9B21ED44A060DD5224BBD
:100B40001B795B0609D5284B28491B6800220A70CF
:100B500003B11A701C4B2C22DA7030BC70471D494F
:100B600009789942D3D03F2B2CD921493F3A0968C3
:100B70008854DAB22A70CAE713791806DDD51D4BFE
:100B800017481D7803789D42DCB208D01A4A1268D3
:100B9000631C9A4206D9272B0DD8DAB204E06C23E5
:100BA000D370CAE700221346144CE35CDBB2064C58
:100BB000E3710270C1E7124A273C1568DAB22B5D77
:100BC000DBB2F4E7DAB29FE700C006406CA1FF1F7A
:100BD0001888FF1F74A1FF1F2CA1FF1F28A1FF1F52
:100BE000B0A1FF1F1088FF1F78A1FF1F7CA1FF1F6E
:100BF00070A1FF1FA8A1FF1F1C88FF1F80A1FF1F5E
:100C0000ACA1FF1F094B10B4186060B101F14004A2
:100C1000074B084801F11A021A60074B046028319B
:100C200010BC196070474024F2E700BF70A1FF1F9D
:100C30001488FF1F1888FF1F1088FF1F054B1860BE
:100C400018B1054B283119607047034B28211960F2
:100C5000704700BFACA1FF1F1C88FF1F704700BF7B
:100C6000704700BF704700BF431E032B17D872B6F2
:100C70000C4951F8230080B110B40B4CB0F800C0FF
:100C800034F81320A2EB0C02D0F804C041F823C0C2
:100C900024F8132062B610BC704762B6704700207B
:100CA000704700BF44A2FF1F94A2FF1F0138032812
:100CB0000BD872B6074B53F8203043B100205B6865
:100CC0000130002BFBD162B67047002070471846F8
:100CD000F9E700BF6CA2FF1F10B472B6194A1A4C94
:100CE000042312F8011B090743F0010C05D554F841
:100CF000331061B154F83C10B9B10433142BF0D166
:100D000062B6124B00221A7010BC00F09BBC0F4957
:100D100004EBC302083050600A780D4844F83300F1
:100D2000013A0A7062B610BC7047084A094904EBE0
:100D3000CC0308305860137844F83C10013B137022
:100D400062B6F0E7F8FF02000080FF1F9CA2FF1FC1
:100D500088004000C8004000421E032A0ED81C4BE9
:100D6000400140F0100010B4034472B6194CA05C6E
:100D700003281CD8DFE800F013150318704705207E
:100D8000A05413F0080F088814BFC8228822083125
:100D900042EA004259601A6062B610BC70470320F4
:100DA000EEE708330220EBE708330420E8E70A4BBC
:100DB00053F8220038B1094B53F82200416043F840
:100DC000221062B6E9E743F82210044BF7E700BFB0
:100DD0000080FF1F8CA2FF1F6CA2FF1F7CA2FF1FC1
:100DE0002DE9F04FDFF8CCA2DFF8CCB285B03DE0C2
:100DF000B24D9E0805EBC607013A796813F0080367
:100E0000D4B2A1F1080040F0B88055F836204FEA7E
:100E1000124C120C21F808CC00F0A78021F8063CF7
:100E200041F8043CA64B53F82420002A00F001822C
:100E3000A44B53F82420506043F82400A24B33F80D
:100E40001420944423F814C000F0DCFB002800F0C8
:100E5000E98117F0080F9D4B00F1080018BF5B46B1
:100E6000786045F8363008238AF880309AF8803068
:100E70005907DCB21BD5964B1B78ABB195490A7864
:100E800002F0FF032AB1013BDBB20B70002B00F034
:100E9000468391490A7802F0FF032AB1013BDBB295
:100EA0000B70002B00F0EB8104238AF8803014F0E3
:100EB000080200F0CC819AF89020D3B2120997D1A1
:100EC000DFF8F8919B0809EBC30459F83300646814
:100ED000C0F3830009287CD00FD80138012808D836
:100EE0007E4A158842F22100854200F0FB8149F8D4
:100EF00033B001238AF89430B5E70D28F9D1D4E94D
:100F00000007774D49F833B0744E764CC9F810207D
:100F100083B240F2816CC9F818202A6063454FF013
:100F20000102C6E90007227000F2FF80B3F5D06F1E
:100F300080F0CB82B3F5817F00F0268240F2DE8024
:100F400040F2023293427BD107F07F07042F00F278
:100F50000881020C40F00581634911F8273043F005
:100F6000020301F82730134670E017F0080F574BC3
:100F700018BF5B4645F8363075E700F063FB5B4908
:100F80005B4A51F82430002B00F05781586841F833
:100F90002400115D03F108007860032905D8DFE81B
:100FA00001F0120F1502042111551A8817F0080FCD
:100FB00014BFC823882343EA024345F8363052E77A
:100FC00002211155F1E703211155EEE705211155D5
:100FD000EBE7434D2A683AB34649424C0F884648EE
:100FE00094F800E00678402F3B4628BF4023BEF12E
:100FF000000F8EF0010E84F800E046F0020486F047
:101000000106067009EBC400426014BFC8208820A6
:1010100040EA03401A44FB1A9BB249F834000B80A3
:10102000002B00F036812A602C4B1A88B2F5A06F95
:101030007FF45FAF9A788AF8982000225A7058E7B8
:10104000B3F5A06F40F08D8000221346B6F806C0BD
:101050002948944528BF944667460278402F28BF08
:10106000402742F0020E3E0409EBCE0846F0C806C7
:10107000C8F8043049F83E6000263B442670BCEBBB
:10108000070782F00106067040F01181BCF13F0FA6
:101090004FF0010509D946F00206027009EBC602BD
:1010A00025705360882349F8363001238AF894303C
:1010B0001FE700BF00200740C80040000080FF1F5E
:1010C00044A2FF1F54A2FF1F94A2FF1F88004000EC
:1010D00090A2FF1F91A2FF1FBCA2FF1F64A2FF1FCF
:1010E00038A2FF1F35A2FF1FC02007406CA2FF1FC0
:1010F0008CA2FF1F36A2FF1F34A2FF1F802B00F01F
:101100008B81822B2DD107F07F07042F29D8A74A86
:1011100000231380A64B13F827309F0740F1FC8172
:1011200001231370A14B022290E742F2210C634588
:10113000BBD01DD942F2212293420DD1BFB2002F64
:1011400082D19C4B1A689C4B1A609C4BC0F30740A1
:1011500000221870134679E742F2213293423FF49D
:1011600073AF0F238AF8C03001238AF89430C0E6A9
:10117000B3F5086F00F04A81B3F5106FF1D1904BD1
:10118000C0F307400425187059F835301A0606D404
:101190000135142D0CD059F835301A06F8D509EB65
:1011A000C50301355868083800F04CFA142DF2D107
:1011B000844A854B0292854A0192854E854ADFF822
:1011C00018820394009200251C4656F8047B2FB128
:1011D00038467F6800F036FA002FF9D1009BD8F826
:1011E000007043F8045B46F8045C00932FB1384666
:1011F0007F6800F027FA002FF9D1029B48F8045BC2
:1012000043F8045B0293019B23F8025B019323786C
:10121000023B032B00F20981DFE813F03F010401D8
:101220003F0104016D4A45F836001378013313700D
:1012300019E643F82400674BFEE5115D022926D02C
:101240007FF611AE03291DD1012313550BE6E007EC
:101250006ED4210621D4A20708D5614B93F88820CB
:101260000221D2B283F8882083F88010E30603D5E8
:101270005B4B102283F8802005B0BDE8F08F00F0B2
:1012800059FB11E617F0080F14BF0323022313556F
:10129000E9E53F2F98BF0022C5E6514B80220D2182
:1012A00083F8C01083F88020A207DFD5D5E746F089
:1012B00002060270402F09EBC6003A4628BF4022C2
:1012C00043601004134440F088000121BA1A49F821
:1012D0003600217055D02B60424B1A8001238AF8CA
:1012E000943006E692885AB93F4AE51D14F8011B6E
:1012F00002F8011FAC42F9D13C4A1268862A3CD060
:101300003B4C3C4825780278002D85F0010525707E
:1013100042F0020482F00102027009EBC4024FF0B5
:101320000000506014BFC822882249F83420DEE54E
:101330002B4B30483049314C022583F894500270D1
:101340002F480C602F4D48608C600D24CD60FF202D
:101350000A618A6183F8C04001219F2483F88800D4
:1013600083F8800083F8982083F88C0083F8844009
:1013700083F8941005B0BDE8F08F234A0F20107059
:10138000BEE73F2FA7D890E607F07F07042F3FF670
:10139000E8AE000C7FF4E5AE054A12F8273023F0E2
:1013A000020302F82730002213464FE63CA2FF1F3B
:1013B000C0200740F49FFF1FB8A2FF1FB4A2FF1F69
:1013C00090A2FF1F7CA2FF1F8CA2FF1F94A2FF1FF1
:1013D00044A2FF1F54A2FF1F6CA2FF1F9CA2FF1F6D
:1013E0000020074036A2FF1FABA2FF1FACA2FF1FC9
:1013F00035A2FF1F34A2FF1F0080FF1F880040009E
:10140000B4A1FF1FF4A1FF1F91A2FF1F484B494940
:101410001B780B700B4619E6464A00231380454B98
:10142000022213E64FF001032370434BB34204F151
:1014300001047FF4CAAE414E039CDFF80481414FA2
:1014400000233370042518F8013B3F4AAB541B07B7
:1014500025D445F0020145F0030204350023142D84
:1014600049F8313049F83230EDD1384F25783A78A3
:1014700042F0020009EBC00C85F00106CCF8043004
:10148000002D4DD1882382F0010226703A7049F870
:10149000303001238AF894302BE52570C5E700F041
:1014A000B1F8002832D009EBC5030830586049F87C
:1014B000357000F0A7F808B345F0010309EBC3024B
:1014C0000830506049F833B0C3E7214A5368002B15
:1014D0003FF447AE000CBFB204E013690C32002B9E
:1014E0003FF43FAE11888142F7D15188B942F4D11F
:1014F000000A03280CBF1A781289A7E53378013354
:10150000337045F0010349F83300A2E7337849F816
:10151000350001333370CCE7064B022296E500BE5E
:101520002670C82382F001063E7049F83030BCE5D1
:1015300090A2FF1F3CA2FF1F54A2FF1F9CA2FF1FEF
:10154000F8FF020088004000C020074034A2FF1FBF
:10155000A4FF020070B500F091FB00231A4A19465F
:1015600042F8331002EBC3000133142B4160F7D172
:10157000164C174B606B174D40F480206063C2F32C
:10158000072483F89C40144CFF204FF0010CC2F359
:101590000746120E83F8B0604FF0E02E83F8B420B7
:1015A00083F8800083F88800187483F894C0217051
:1015B00083F884C0702385F849304FF400721023FB
:1015C000CEF80821237270BD0080FF1F0080044008
:1015D0000020074000E400E00021074000F0ACB824
:1015E00000F07CB800F056B800F090B800F076B982
:1015F00000F050B90846114600F0BAB8084600F0AD
:101600003BB900BF72B60D490B68B3FA83F00B28E3
:1016100010DC4FF00042C24023EA02030B6062B6C6
:10162000074A00EBC000C10002EBC000002353508A
:101630004360704762B60020704700BF3488FF1FC8
:10164000BC83FF1F0E4BC31AB3F5587F10D20D4A4F
:10165000127872B972B60C4A0C49A2FB03230868CF
:101660004FF000421B0922FA03F303430B6062B6FA
:101670007047074A1278002AECD0FFF72DBB00BF55
:10168000BC83FF1F9CA2FF1F398EE3383488FF1FE5
:1016900090A2FF1F38B50F4C206878B143880288AC
:1016A000C11801339A420D7A02D94380284638BDC9
:1016B000FFF7C8FF00232360284638BD064B1B7880
:1016C0002BB10320FFF7D0FA20600028E6D14FF0BD
:1016D000FF35EBE7A0A2FF1F90A2FF1F10B5094C3A
:1016E000206818B143881844007A10BD064B1B7857
:1016F0002BB10320FFF7B8FA20600028F2D14FF099
:10170000FF3010BDA0A2FF1F90A2FF1F084B094A87
:101710001B6810B594881BB11A885B88D31A1C44C7
:101720000CB1204610BD00F029F9204610BD00BFC5
:10173000A0A2FF1F94A2FF1F0B4B1B789BB110B5FB
:101740000A4C206848B1FFF77DFF00230320236087
:10175000FFF78AFA30B1FFF775FF0320FFF784FA2D
:101760000028F8D110BD704790A2FF1FA0A2FF1F54
:101770002DE9F04FDFF8EC9083B0012289F80020CA
:10178000019179B3384FDFF8E480019D384EDFF8DE
:10179000E4A083463968A1B3B1F802E0CEF1400C71
:1017A000AC4528BFAC460EEB0C040022A4B232704C
:1017B000A5EB0C054C8001F10802BCF1000F0AD02A
:1017C0000EF1FF3E7244DC441BF8014B02F8014F5E
:1017D000DC45F9D14C883F2C0BD805228AF8002033
:1017E000002DD7D10198002389F8003003B0BDE85F
:1017F000F08F40220A800420FFF7AEFA00223A6000
:10180000EBE798F800202AB348F6014408E0013CD1
:1018100019D03278BAB900F0B1F898F80020CAB1FE
:101820000420FFF743FA0728F1D84FF0010389F8A5
:101830000030FFF7E7FE014638600028ACD1013CDC
:1018400089F80000E5D101234FF0FF30337003B079
:10185000BDE8F08F00234FF0FF3089F8003003B06F
:10186000BDE8F08FA5A2FF1FA8A2FF1F90A2FF1F37
:10187000A4A2FF1FBCA2FF1F00B583B00346012135
:101880000DF107008DF80730FFF772FF03B05DF828
:1018900004FB00BF38B50E4D0E4C286801232370A1
:1018A00028B140880023C0F14000237038BD0A4BA6
:1018B0001B7813B90020207038BD0420FFF7F6F91B
:1018C0000728F7D8FFF79EFE28600028E9D1F1E746
:1018D000A8A2FF1FA5A2FF1F90A2FF1FF8B5114BE2
:1018E0001B788BB1104E114D346801272F7064B1F5
:1018F0000F4B00271F706388238021460420FFF7C9
:101900002BFA376000232B70F8BDFFF77BFE084BE6
:10191000014620B104201C70FFF71EFAF2E71F7089
:10192000F0E700BF90A2FF1FA8A2FF1FA5A2FF1F04
:10193000BCA2FF1F38B50E4B1B7853B90D4C216864
:1019400041B103F0FF054B880B800420FFF704FA38
:10195000256038BDFFF756FE014620B1BDE838408E
:101960000420FFF7F9B9044B01221A7038BD00BFFB
:10197000A5A2FF1FA8A2FF1FBCA2FF1F2DE9F843CD
:10198000324E337863B1324F3A784AB90122D907DF
:101990003A7043D49A0726D400225B073A7001D4E8
:1019A000BDE8F8832B4B1A68002AF9D0EFF30582C3
:1019B000002AF5D1EFF3108572B6186800283AD0E6
:1019C000254C2178002936D142691A600123237001
:1019D000002A37D0916105B962B600258368457742
:1019E00098472570DCE7DFF8748098F80020002A1B
:1019F000D2D00025DFF868902B4659F823402368A1
:101A000020461B690135984708B12369984798F823
:101A10000020EBB29A42F0D83378BDE7FFF776FEAC
:101A200068B9104B1B780BB93378B3E7337803F000
:101A3000FE033370AEE7002DB2D162B6B0E700F01E
:101A40001BF9EEE7084B1A60C5E700BF3888FF1F97
:101A5000BDA2FF1FC0A2FF1FCCA2FF1FE0A2FF1F5D
:101A6000D4A2FF1FA0FF0200D0A2FF1FEFF310823D
:101A700072B6437F5BB9017F012930B40BD00329D3
:101A800013D00123437702B962B630BC70470AB95C
:101A900062B670477047124C2168B1B11149436179
:101AA0000B68836108605861EBE70F4D0F492C68A4
:101AB0008CB143610B68836158614FF0E0234FF0B4
:101AC00080540860C3F8044DDBE7064B4161816137
:101AD00020601860D5E7446184612860EDE700BFAD
:101AE000C0A2FF1FD0A2FF1FC8A2FF1FC4A2FF1FDA
:101AF00090F81CC04160BCF1020FC26001D1836844
:101B00001847FFF7B3BF00BF70B5EFF3108272B68E
:101B10000C4C206880B10C4E00254369236073B1E2
:101B20009D6102B962B6836845779847EFF31082EA
:101B300072B620680028F0D102B962B670BD336079
:101B4000EFE700BFC8A2FF1FC4A2FF1FFFF7DCBF63
:101B5000024A136801331360704700BFF49FFF1FF0
:101B600070B4104E104D3478D4B1621ED2B2291D1B
:101B70002B4601EB820101E08B4205D053F8042B88
:101B80008242F9D170BC7047631CDBB2074A3370E4
:101B9000137845F8240043F00203137070BC7047BB
:101BA0000123F3E7E0A2FF1FD4A2FF1F3888FF1F25
:101BB0002A4B2B4A6020E12118705970137829486C
:101BC000082B34D00A2B20D00C2B274B0CBF15210F
:101BD0003D2112228160C2609960DA60234B214965
:101BE0001B78214ACBB101230B621362204B1D49A4
:101BF0001B781D4A012B13D9042B1BD884234B625D
:101C000053621C4B01221A707047174B1921132283
:101C10008160C2609960DA60E0E70B621362E5E719
:101C200080234B625362134B01221A7070470E4B94
:101C30000121ECE7082B06D885234B6253620D4B3C
:101C400001221A707047102B94BF862387234B62A2
:101C50005362084B01221A70704700BF00400740D2
:101C60003988FF1F00B0034000B00B40E1A2FF1F06
:101C70003A88FF1FE2A2FF1F704700BF10B584B073
:101C800072B6174A702441200F2180231470D0713E
:101C90009171137013781B06FCD5906862B6114BD6
:101CA000114C984238BF00EB800001A938BF4000BA
:101CB0000A22FCF7C7FF01A92046002311F8012BD7
:101CC00001333AB10A2B20F8022FF7D116232370E3
:101CD00004B010BD5B00DBB2237004B010BD00BFC8
:101CE0000000024080969800C888FF1F03460846FF
:101CF000194606F0A3BD00BF00F026BA436810B431
:101D00001C685A682168114302682160154C164905
:101D10001460D160154C164914611160417A154A5E
:101D20005C180A3194F824C053F8214002EBCC012E
:101D300049680C60017A5C1803EB810194F818C0C3
:101D4000CC6902EBCC0149680C60817A10BC581850
:101D500003EB810390F83000596B02EBC00253682B
:101D60001960704701401F00011000380110007811
:101D700000001F8068FE02004268036810B4D2E9C8
:101D80000004026822430260DA6869B942F0807296
:101D9000D9688A4206D01968480408D542F08041C3
:101DA000DA60196110BC704722F08072F0E7044CD1
:101DB0001C6042F08040DA6010BC18611960704706
:101DC00001401F0043681A68596813680B43136089
:101DD000704700BF4268036810B4D2E9000402688B
:101DE00022430260DA68940102F0E06005D50A0936
:101DF00002F4706221F470411143DA6801439142A8
:101E000006D01A68500405D541F08042D9601A61A5
:101E100010BC7047044C1C6041F08040D96010BC7D
:101E200018611A60704700BF01401F0070B4016B59
:101E30004A4A0979D177C16A09791177016B097921
:101E40001177826A03462AB34168C9688A4243D936
:101E5000C46A006B521A21689A620D6803F1240467
:101E6000A5424FF0010259D01C68E56815F0804F7B
:101E70000D6829D12D780E6845F0004501360E60B9
:101E8000656336490079C87612B1DB6A1B79CB7677
:101E900070BC70470168324C406B0A63CC62CC68FE
:101EA00024F08044CC6004682E4924684FF0030C71
:101EB0008C4283F825C039D1037F4260022BC26077
:101EC00038D170BC836818472D880E6845F00045EE
:101ED00002360E606563D4E7C16A0968CC8B2604BC
:101EE00002F1FF3031D4C0F30E00C883CC8B186BE5
:101EF000A4B2CC820468E58B2D041ED4C2F30E0577
:101F0000E583E58BADB2E5820D680024013A9C6261
:101F100003F1240418BF0122A542A5D11968CC6899
:101F200093F8244044F000444C63AAE7234611464A
:101F300070BC184770BCFFF799BDE58BC2F308066B
:101F400005F47E453543E583DBE7CC8BC0F3080021
:101F500004F47E442043C883C8E700BF00800040EB
:101F600000000FFFF11A020008B50248FFF75EFFFC
:101F700008BD00BFE088FF1FF8B504460D4601F01C
:101F80004BFB224606460F462B462046294604F0C8
:101F9000A5FA40B92046294600F0E4FA084B002291
:101FA00004F092FA10B930463946F8BD06F0EAFF5F
:101FB000034621221A600348BDE8F84000F02EBC19
:101FC0000000F03F2C080300F8B504460D4601F070
:101FD00077FD224606460F462B462046294604F04A
:101FE0007DFA40B92046294600F0BCFA084B002291
:101FF00004F06AFA10B930463946F8BD06F0C2FF5F
:10200000034621221A600348BDE8F84000F006BCF0
:102010000000F03F2C08030001F08ABF2DE9F843CF
:1020200014461D468046894602F096F92246064629
:102030000F462B462046294604F050FA78B9002274
:1020400000234046494604F017FAD8B10022002385
:102050002046294604F010FA28B1264F00263046C3
:102060003946BDE8F8832046294600F059FB002890
:10207000F5D0204629460022002304F007FA002864
:10208000EDD02CE03046394600F04AFBA0B10022EA
:1020900000233046394604F0EFF90028DFD04046EF
:1020A000494600F03DFB0028D9D02046294600F0E3
:1020B00037FB0028D3D012E04046494600F030FB01
:1020C0000028E4D02046294600F02AFB0028DED074
:1020D00032463B463046394604F000FA20B906F055
:1020E00051FF22230360BAE706F04CFF212303606F
:1020F000B5E700BF0000F03FF8B514461D4603F0F9
:10210000BDF8224606460F462B462046294604F0D7
:10211000E5F930B9204629460022002304F0ACF945
:1021200010B930463946F8BD06F02CFF00220023D6
:10213000212101601046194604F060F806460F465A
:1021400030463946F8BD00BFF8B504460D4600F0EC
:10215000C9FB224606460F462B462046294604F078
:10216000BDF930B9204629460022002304F08EF93B
:1021700010B930463946F8BD06F004FF00220023AE
:10218000212101601046194604F038F806460F4632
:1021900030463946F8BD00BF2DE9F84FBC4B21F061
:1021A00000469E4204460D468A461CDDB94B9E42BF
:1021B0000DDC0AD0B84BB94AB94CBAF1000FD8BF00
:1021C000134620461946BDE8F88F0028F2D0224673
:1021D0002B462046294603F031FD04460B46204697
:1021E0001946BDE8F88FAF4B9E4200F3B080A3F1D3
:1021F000DE739E4240F39D804FF0FF3B22462B460C
:102200002046294603F0D0FE02460B46804689460A
:1022100003F0CAFE86A3D3E9002306460F4603F067
:10222000C3FE85A3D3E9002303F008FD32463B46F5
:1022300003F0BAFE82A3D3E9002303F0FFFC324689
:102240003B4603F0B1FE80A3D3E9002303F0F6FC84
:1022500032463B4603F0A8FE7DA3D3E9002303F0FA
:10226000EDFC32463B4603F09FFE7BA3D3E90023FF
:1022700003F0E4FC42464B4603F096FE78A3D3E914
:102280000023804689463046394603F08DFE76A30A
:10229000D3E9002303F0D0FC32463B4603F084FE32
:1022A00073A3D3E9002303F0C7FC32463B4603F097
:1022B0007BFE71A3D3E9002303F0BEFC32463B460C
:1022C00003F072FE6EA3D3E9002303F0B5FC32469F
:1022D0003B4603F069FEBBF1FF3F02460B4640461A
:1022E000494656D003F0AAFC6F4E22462B4603F017
:1022F0005BFE6E4B06EBCB064FEACB0B5B44D3E9A0
:10230000002303F099FC22462B4603F095FC0B4674
:102310000246D6E9000103F08FFCBAF1000F044633
:102320000B46BFF64EAF01F1004320461946BDE80B
:10233000F88F55A3D3E9002303F080FC5C4B002207
:1023400004F0C2F800283FF457AF2B4639E700F0FD
:1023500009F9584B9E4204460D462CDCA3F5502348
:102360009E4253DD524B002203F066FC504B064662
:102370000F464FF0010B20462946002203F05EFC79
:1023800002460B463046394603F038FF04460D46F8
:1023900034E703F053FC22462B4603F005FE0246C9
:1023A0000B462046294603F047FC04460B462046D0
:1023B0001946BDE8F88F404B9E421CDA3F4B002285
:1023C00003F03AFC02460B462046294614461D46B9
:1023D00000223A4B03F0E8FD354B002203F02EFCBF
:1023E00002460B462046294603F008FF4FF0020B39
:1023F00004460D4602E702460B460020304903F032
:10240000FDFE4FF0030B04460D46F7E602460B4671
:1024100003F014FC264B002203F00EFC4FF0000BDF
:1024200006460F462046294600224FF08043A5E786
:1024300011DA22E33AAD903FEB0D76244B7BA93FB6
:10244000513DD0A0660DB13F6E204CC5CD45B73F84
:10245000FF8300922449C23F0D5555555555D53F30
:102460002F6C6A2C44B4A2BF9AFDDE522DDEAD3F24
:102470006D9A74AFF2B0B33F711623FEC671BC3FC4
:10248000C4EB98999999C93F9C7500883CE4377EC4
:10249000FFFF0F440000F07FFB21F93FFB21F9BF54
:1024A000182D4454FFFFDB3F00010300200103000F
:1024B0000000F03FFFFFF23F008003400000F83FC4
:1024C0000000F0BF254A21F00043934223DD10B500
:1024D000234A934286B009DD02460B4603F0ACFB6B
:1024E00002460B461046194606B010BD02AA02F07D
:1024F0009BFC00F00304012C11D0022C23D0CCB1A2
:102500000124DDE90423DDE90201009400F0B4FDBB
:1025100002460B46E6E70022002300F07DBCDDE921
:102520000423DDE90201009400F0A6FD024601F15A
:102530000043D7E7DDE90423DDE9020100F06CFC8C
:1025400002460B46CEE7DDE90423DDE9020100F097
:1025500063FC024601F10043C4E700BFFB21E93FF1
:10256000FFFFEF7F21F0004319467047DFF860C09E
:10257000F8B521F000430027634504460D46164692
:10258000176022DC844653EA0C0C1ED0DFF844C0EE
:1025900001EA0C0C0A46BCF1000F09D10E4B0022D7
:1025A00003F002FD6FF0350704460A4621F00043B0
:1025B00022F0FF421B1522F4E002A3F2FE3342F0A8
:1025C0007F553B4445F40015336020462946F8BD4D
:1025D000FFFFEF7F0000F07F0000504310B5294A55
:1025E00021F00043934286B020DD274A934209DD63
:1025F00002460B4603F020FB02460B4610461946E6
:1026000006B010BD02AA02F00FFC00F00300012882
:1026100018D002282AD0F0B1DDE90423DDE9020157
:1026200000F0FAFB024601F10043E7E700230093C4
:102630000022002300F020FD02460B4610461946FA
:1026400006B010BDDDE90423DDE9020100F0E4FB82
:1026500002460B46D2E70124DDE90423DDE902014D
:10266000009400F009FD02460B46C7E70124DDE9AE
:102670000423DDE90201009400F0FEFC024601F1B2
:102680000043BBE7FB21E93FFFFFEF7F10B5144A92
:1026900021F00043934286B019DD124A934205DDD2
:1026A00002460B4603F0C8FA06B010BD02AA02F0BB
:1026B000BBFB440004F00204C4F10104DDE904237F
:1026C000DDE90201009400F09BFD06B010BD01237E
:1026D00000930022002300F093FD06B010BD00BF60
:1026E000FB21E93FFFFFEF7F38B5044600F0E6F934
:1026F00021460546204604F073FA20B90021204601
:1027000004F046FA08B9284638BD06F03BFC002123
:1027100021230360084604F051F90546284638BDD8
:1027200041F0004000F58010C00F7047FFFFFFFF31
:1027300070B51646C1F30A5204460D460B465ABB05
:1027400021F00043034326D02F4B002203F02CFC42
:102750002E4B9E4204460D4648DBC1F30A520B46FF
:10276000363A4CF250318E421EDC164440F2FE7274
:10277000964219DC002E28DC16F1350F2DDB23F0F4
:10278000FF4323F4E003363643EA06512046204B4C
:10279000002203F009FC70BD40F2FF7C6245E0D1ED
:1027A000024603F04BFA70BD05F0004343F0FC41D4
:1027B00041F45F1141F410510FA3D3E900231548F0
:1027C00041F03C0103F0F0FB70BD23F0FF4323F424
:1027D000E003204643EA065170BD05F0004343F094
:1027E000D27141F4B7310C4841F01F0104A3D3E981
:1027F000002303F0D9FB70BD9C7500883CE4377E54
:1028000059F3F8C21F6EA50100005043B03CFFFF12
:102810000000903C9C75008859F3F8C201490020E3
:10282000704700BF0000F87FD0B506460F4614463B
:1028300006F0A8FB0346394630461C60D0BD00BFF9
:1028400030B583B080B1144603F10045CDE90045B1
:1028500010461946DDE9002303F0A6FB222203B04F
:10286000BDE83040FFF7E0BF14461D46EEE700BF6D
:1028700000224FF08053FFF7E3BF00BF00224FF06C
:10288000E043FFF7DDBF00BF38B505460C4600F05A
:102890000FF808B9204638BD204600F009F828B1E5
:1028A0002146284604F092F90028F3D0284638BD86
:1028B00030F000400ED0A0F50003B3F1FE4F0DD371
:1028C000074B421E9A4207D9A0F1FF40B0FA80F0B0
:1028D000400970470220704703207047042070476A
:1028E000FEFF7F002DE9F84F714E8E4305460C46E2
:1028F00000F0A580002902460B4651DD08155DD089
:10290000C3F31301C307A0F2FF3641F4801103D4CF
:10291000490001EBD2715200D30F002503EB4103B4
:10292000761052001620AC464FF400110CEB010457
:102930009C4203DC1B1B04EB010C0D445B000138C3
:1029400003EBD2734FEA51014FEA4202EED1074640
:1029500020244FF0004109E040D05B00013C03EB34
:10296000D2734FEA51014FEA420241D0634501EB75
:10297000000EF1DDBEF1000F0EEB01000BDBE046B7
:10298000A3EB0C03964588BF03F1FF33A2EB0E02C5
:102990000F44C446E1E70028F1DB0CF10108EFE742
:1029A00021F00046064346D000296FD10846D30ADD
:1029B00015385205002BFAD0DE0274D400215B00DA
:1029C000DD020C4601F10101F9D515468A40C1F13D
:1029D000200125FA01F1001B0B4391E79645BCD875
:1029E000BEF1000F0EEB0100D5DB98460023CDE7CA
:1029F000134312D0DFF8BCA0DFF8BCB0DAE9000165
:102A0000DBE9002303F018F9DAE9008902460B46F6
:102A10004046494603F044FDF8B97C086B1003F1C9
:102A20007F53EA0703F5001348BF44F0004403EB6B
:102A3000065125460C4628462146BDE8F88F024639
:102A40000B4603F0B1FA2A46234603F0F7F8054691
:102A50000C4628462146BDE8F88FB7F1FF3FDAE97A
:102A60000001DBE900231AD003F0E8F8DAE9008975
:102A700002460B464046494603F008FD88B1B91CA2
:102A800007F1020408BF01356408C7E703F0D4F872
:102A900002460B4603F0B2FB05460C46CBE7013578
:102AA000BCE70137B9E7154620214FF0FF3490E726
:102AB0000000F07F1889FF1F2089FF1F20F00042CF
:102AC000B2F1FF4F2DE9F041044654D2002A50D014
:102AD0000028034657DB14F0FF4F4FEAE05009D1BE
:102AE00014F400025BD15B001C02114602F10102EA
:102AF000F9D5401AC3F3160242F40002C307A0F14D
:102B00007F0558BF520000246D1052004FF0190E7F
:102B100021464FF0807C01EB0C039342DDBF03EBB9
:102B20000C016444D31A1346BEF1010E4FEA43026E
:102B30004FEA5C0CEFD1BBB11A4E1B4F30683968BD
:102B4000D6F8008003F07CFD0146404604F02AF8E8
:102B500050B130683968366803F074FD014630467C
:102B600004F016F8B8B10234601000F17C5000EBAC
:102B7000C550BDE8F081014603F06CFE214603F02C
:102B800061FDBDE8F081014603F05AFD014603F006
:102B900015FFBDE8F081013424F00104E4E74FF0B3
:102BA000FF31A6E72889FF1F2C89FF1FFFFFFFFFCA
:102BB000C1F30A522DE9F843A2F2FF35132D0B465B
:102BC00084460C460646074632DC002D20DB384A98
:102BD00042FA05F901EA09020243884614D032A3F9
:102BE000D3E9002303F02AF80022002303F06CFC51
:102BF00040B1002C03DA4FF480132B41984428EAAB
:102C0000090400262346B44660461946BDE8F88309
:102C100025A3D3E9002303F011F80022002303F0D9
:102C200053FC0028EED0002C26DB00263446E9E7D2
:102C3000332D08DDB5F5806FE6D1024602F0FEFFC8
:102C400084460B46E0E7A2F213424FF0FF3828FA21
:102C500002F810EA080FD7D013A3D3E9002302F03B
:102C6000EDFF0022002303F02FFC0028CAD0002C27
:102C70000EDB27EA0806C5E724F0004434430D4B79
:102C8000002C4FF000060CBF4FF000441C46B9E783
:102C9000142D06D0C5F134050123AB401F44BE42BC
:102CA000E7D90134E5E700BF9C7500883CE4377E36
:102CB000FFFF0F000000F0BF38B5C1F30A54A4F2C3
:102CC000FF32132A0B4684468E4605461DDC002A39
:102CD0000DDB1D49114103EA0100284312D04FF4D6
:102CE00000231341734423EA010E002108E001F0A0
:102CF000004E013204BF4EF07F5E4EF4401E0021B4
:102D000073468C466046194638BD332A08DDB2F555
:102D1000806FF7D1024602F091FF84460B46F1E73F
:102D2000A4F213444FF0FF30E04010EA0C0FE9D05A
:102D3000C2F1330201219140491928BF03F1010E6C
:102D400021EA0001DCE700BFFFFF0F002DE9F041A1
:102D5000C0F3C7557F3D162D044620F0004725DC03
:102D6000002D804614DB174F2F4138421BD01649E7
:102D700003F068FC002103F029FFA0B1002C03DA66
:102D80004FF400032B41984428EA0700BDE8F08186
:102D90000D4903F057FC002103F018FF18B1002C77
:102DA0000CDB002000E02046BDE8F081B7F1FF4FCA
:102DB000F9D3014603F046FCBDE8F081002FF2D0C4
:102DC0000248F1E7FFFF7F00CAF24971000080BFAF
:102DD00008B5C0F3C7537F3B162B014615DC002B0B
:102DE00002460BDB0B481841014205D04FF480012D
:102DF0001941114421EA0001084608BD013300F0E1
:102E00000041F9D141F07E51F6E7802BF4D103F077
:102E100019FC08BDFFFF7F002DE9F04F21F00048AD
:102E200087B0B8F1795F92469B460646019170DA09
:102E300003F06AFB002800F0F480019B324619463B
:102E4000304603F0B1F87AA3D3E9002304460D46D7
:102E500003F0AAF878A3D3E9002302F0EFFE22469C
:102E60002B4603F0A1F876A3D3E9002302F0E4FE99
:102E700022462B4603F098F873A3D3E9002302F00F
:102E8000DDFE22462B4603F08FF871A3D3E9002321
:102E900002F0D2FE22462B4603F086F86EA3D3E959
:102EA000002302F0CBFE22462B4603F07DF8CDE94D
:102EB00002016B4B00222046294603F075F8DDE93C
:102EC0000223804689462046294603F06DF84D4688
:102ED000DDF804904446B0460F46064652465B462F
:102EE0004046494603F060F802460B4630463946F4
:102EF00002F0A2FE02460B462046294602F09CFE46
:102F000002460B460020574902F096FE07B0BDE886
:102F1000F08F019B024603F047F845A3D3E9002355
:102F200004460D4603F040F843A3D3E9002302F022
:102F300085FE22462B4603F037F841A3D3E9002350
:102F400002F07AFE22462B4603F02EF83EA3D3E988
:102F5000002302F073FE22462B4603F025F83CA323
:102F6000D3E9002302F068FE22462B4603F01CF84A
:102F700039A3D3E9002302F061FE2B46224603F079
:102F800013F8394B9845CDE9020192DD374B98454E
:102F90004FF000023DDCA8F50013324900209046B6
:102FA000994602F049FECDE904012D4B002220464E
:102FB000294602F0F9FF42464B4602F03DFEDDE9AC
:102FC0000223804689462046294602F0EDFF4D4601
:102FD000DDF804904446B0460F46064652465B462E
:102FE0004046494602F0E0FF02460B46304639466D
:102FF00002F022FE02460B462046294602F01CFE45
:1030000002460B46DDE9040102F016FE07B0BDE8FA
:10301000F08F174BDFF85C90CDE904234FF00008E8
:10302000C3E71049002007B0BDE8F08FAFF3008080
:10303000D43888BEE9FAA8BDC4B1B4BD9EEE213E25
:10304000AD529C804F7E923E9015CB19A001FA3E66
:103050007751C1166CC1563F4C5555555555A53F36
:103060000000E03F0000F03F3233D33F0000E93F73
:103070000000E73F0000D23F2DE9F04F994687B0AE
:1030800021F00043B3F1795F90460446019104DAE0
:1030900003F03AFA002800F08F80019B224619467F
:1030A000204602F081FF019B06460F463246194634
:1030B00020463B4602F078FF43A3D3E90023824633
:1030C0008B463046394602F06FFF41A3D3E9002317
:1030D00002F0B2FD32463B4602F066FF3EA3D3E962
:1030E000002302F0ABFD32463B4602F05DFF3CA3FD
:1030F000D3E9002302F0A0FD32463B4602F054FF24
:1031000039A3D3E9002302F099FD109BCDE9020118
:10311000002B37D0384B00224046494602F044FF8E
:10312000DDE90223CDE904015046594602F03CFF97
:1031300002460B46DDE9040102F07EFD32463B46C5
:1031400002F032FF42464B4602F076FD28A3D3E957
:10315000002306460F465046594602F025FF024618
:103160000B463046394602F069FD02460B462046C2
:10317000019902F061FD04460D462046294607B03C
:10318000BDE8F08F02460B463046394602F00CFF90
:1031900017A3D3E9002302F04FFD52465B4602F02D
:1031A00003FF2246019B02F049FD04460D462046DE
:1031B000294607B0BDE8F08F019D2046294607B09B
:1031C000BDE8F08FAFF300807CD5CF5A3AD9E53D0A
:1031D000EB9C2B8AE6E55A3E7DFEB157E31DC73EC8
:1031E000D561C119A0012A3FA6F810111111813F24
:1031F000495555555555C53F0000E03FFFFFFFFFBE
:103200002DE9F04F9B46D44B89B021F000449C42FD
:1032100092460F4606460791009450DC03F074F97D
:10322000814600286FD1129B01333343234300F0C2
:10323000DF81129B012B00F0E88152465B4630464D
:10324000394602F0FBFC0D4602460B460020C349FE
:1032500002F0D4FF32463B4606460F464846294612
:1032600002F0EAFC02460B465046594602F0E4FCE6
:103270004A463B4602F098FE02460B461446484634
:103280004A4629461D463B4602F08EFEB44B0022BC
:1032900002F0D4FC02460B462046294602F0CEFC42
:1032A00032463B4602F080FE4A463B4602F0C6FCF0
:1032B00004460D462046294609B0BDE8F08FA94BCB
:1032C000009A9A421FDD002904DA07F100430BF14E
:1032D000004B1F4632463B4681A1D1E9000102F076
:1032E000ABFC52465B4604460D467FA1D1E9000186
:1032F00002F0A2FC22462B4602F0A0FC4FF0000A8E
:10330000D34606460F4632463B463046394602F023
:103310004BFE02460B468046894602F045FE424679
:1033200004460D464B463046394602F03DFE70A33A
:10333000D3E90023CDE902012046294602F034FEFC
:103340006DA3D3E9002302F079FC22462B4602F05C
:103350002BFE6BA3D3E9002302F070FC22462B4620
:1033600002F022FE68A3D3E9002302F067FC2246A4
:103370002B4602F019FE66A3D3E9002302F05EFC9F
:1033800022462B4602F010FE63A3D3E9002302F08D
:1033900055FC42464B4602F007FE61A3D3E90023E9
:1033A000CDE904012046294602F0FEFD5EA3D3E9E3
:1033B000002302F043FC22462B4602F0F5FD5CA3FD
:1033C000D3E9002302F03AFC22462B4602F0ECFD42
:1033D00059A3D3E9002302F031FC22462B4602F028
:1033E000E3FD57A3D3E9002302F028FC22462B4635
:1033F00002F0DAFD54A3D3E9002302F01FFC0246D9
:103400000B46DDE9040102F019FCDDE9022302F0BC
:10341000CBFD52465B4602F011FC42464B4602F0A1
:10342000C3FD52465B4602F009FC49A3D3E90023E1
:1034300004460D46DDE9020102F0B6FD22462B46A8
:1034400002F0FCFB82468B4652465B4630463946CC
:1034500002F0F4FB434B009A9A4204460D4600F3F7
:103460008380129B012B36D002460B4600203B493D
:1034700002F0C4FE002432463B4606460F46204674
:10348000294602F0D9FB02460B465046594602F047
:10349000D3FB22463B4602F087FD02460B46204600
:1034A00029469046994622463B4602F07DFD2C4B2C
:1034B000002202F0C3FB02460B464046494602F09A
:1034C000BDFB32463B4602F06FFD22463B4602F012
:1034D000B5FB04460D462046294609B0BDE8F08FED
:1034E000182D4454FB21E93F075C143326A6813C88
:1034F000D47ABF74702AFB3EE9A7F0320FB8123FAE
:1035000068108D1AF726303F1583E0FEC8DB573F61
:1035100093846EE9E326823FFE41B31BBAA1AB3F21
:10352000735360DBCB75F3BEA69237A0887E143F41
:103530000165F2F2D844433F280356C9226D6D3F1E
:1035400037D60684F464963F7AFE10111111C13FFC
:10355000635555555555D53FFFFF2F3E0000F0BF31
:103560000000F03F2794E53F129802F0B3FC22469A
:10357000804689462B462046294602F015FD4246E4
:10358000CDE900014B462046294602F057FB024692
:103590000B46DDE9000102F031FE52465B4602F0C7
:1035A0004BFB02460B463046394602F045FB0246CD
:1035B0000B4602F043FB02460B464046494602F0EA
:1035C0003BFB079B9B1703F002030446C3F101007A
:1035D0000D4602F07FFC02460B462046294602F0CB
:1035E000E3FC04460D462046294609B0BDE8F08FAD
:1035F00030463946FEF7B6FF02460B460020044926
:1036000002F0FCFD04460D4665E734463D4662E7A0
:103610000000F03FFFFFFFFF2DE9F84FC44E21F0FF
:103620000043B34205460C460DDD03F1404303F56C
:103630008013034340F0B980002940F3C08000208C
:103640000021BDE8F88FBB4EB34208DCBA4A934272
:1036500000F3BA809CA1D1E90001BDE8F88F0029F0
:10366000C0F2708102460B460020B44902F0E4FA31
:10367000B34B002202F098FC04460D46FFF732F9E6
:1036800093A3D3E90023894680462946204602F0C9
:103690008BFC91A3D3E9002302F0D0FA22462B46FB
:1036A00002F082FC8EA3D3E9002302F0C5FA224681
:1036B0002B4602F079FC8CA3D3E9002302F0BEFA7A
:1036C00022462B4602F070FC89A3D3E9002302F0C6
:1036D000B3FA22462B4602F067FC87A3D3E9002306
:1036E00002F0ACFA22462B4602F05EFC84A3D3E93A
:1036F000002382468B462046294602F055FC82A3D1
:10370000D3E9002302F098FA22462B4602F04CFC43
:103710007FA3D3E9002302F091FA22462B4602F060
:1037200043FC7DA3D3E9002302F086FA22462B4610
:1037300002F03AFC814B002202F080FA02460B466E
:103740005046594602F05AFD42464B4602F02CFCC8
:10375000002682468B4632464B463046494602F0AA
:1037600023FC02460B462046294602F065FA324603
:1037700004460D464B464046494602F05FFA024673
:103780000B462046294602F039FD02460B465046BC
:10379000594602F053FA32464B4602F04FFA0246BF
:1037A0000B4602F04BFABDE8F88F02460B4602F0DA
:1037B00043FA02460B4602F021FDBDE8F88F58A1FE
:1037C000D1E90001BDE8F88F02460B4602F0ECFBA0
:1037D0003FA3D3E9002306460F4602F0E5FB3EA3D4
:1037E000D3E9002302F02AFA32463B4602F0DCFB22
:1037F0003BA3D3E9002302F01FFA32463B4602F016
:10380000D3FB39A3D3E9002302F018FA32463B4632
:1038100002F0CAFB36A3D3E9002302F00DFA3246C8
:103820003B4602F0C1FB34A3D3E9002302F006FAC1
:1038300032463B4602F0B8FB31A3D3E90023804671
:1038400089463046394602F0AFFB2FA3D3E9002367
:1038500002F0F2F932463B4602F0A6FB2CA3D3E974
:10386000002302F0EBF932463B4602F09DFB2AA30F
:10387000D3E9002302F0E0F932463B4602F094FB24
:103880002E4B002202F0DAF902460B46404649462A
:1038900002F0B4FC2A46234602F086FB02460B46A1
:1038A00021A1D1E9000102F0C7F902460B462846E2
:1038B000214602F0C1F902460B4603A1D1E90001FD
:1038C00002F0BAF9BDE8F88F182D4454FB21F93FF6
:1038D00009F7FD0DE13D023F88B20175E0EF493F78
:1038E0003B8F68B52882A43F5544880E55C1C93F17
:1038F0007D6FEB0312D6D43F555555555555C53FF1
:1039000082922EB1C5B8B33F59018D1B6C06E63FBC
:10391000C88A599CE52A00404B2D8A1C273A03404F
:10392000182D4454FB210940075C143326A6913C12
:10393000FFFFEF3FFFFFDF3F0000603C0000F03F74
:103940000000E03F5C4B002202F078F95B4B002264
:1039500002F02AFB40A3D3E9002304460D4602F0FF
:1039600023FB3FA3D3E9002302F068F922462B464C
:1039700002F01AFB3CA3D3E9002302F05DF92246D2
:103980002B4602F011FB3AA3D3E9002302F056F9CB
:1039900022462B4602F008FB37A3D3E9002302F0AE
:1039A0004BF922462B4602F0FFFA35A3D3E9002358
:1039B00002F044F922462B4602F0F6FA8046894688
:1039C00020462946FEF78EFF2FA3D3E900230646A3
:1039D0000F462046294602F0E7FA2DA3D3E900233B
:1039E00002F02AF922462B4602F0DEFA2AA3D3E996
:1039F000002302F023F922462B4602F0D5FA28A331
:103A0000D3E9002302F018F922462B4602F0CCFA43
:103A1000294B002202F012F902460B464046494665
:103A200002F0ECFB32463B4602F0BEFA1EA3D3E99D
:103A3000002302F001F932463B4602F0FFF802464D
:103A40000B4602F0FBF802460B4619A1D1E9000132
:103A500002F0F2F8BDE8F88F09F7FD0DE13D023FF5
:103A600088B20175E0EF493F3B8F68B52882A43FDB
:103A70005544880E55C1C93F7D6FEB0312D6D43F24
:103A8000555555555555C53F82922EB1C5B8B33FD2
:103A900059018D1B6C06E63FC88A599CE52A0040F7
:103AA0004B2D8A1C273A0340075C143326A6913C11
:103AB000182D4454FB2109400000F03F0000E03F76
:103AC0002DE9704FC44B21F00048984586B004465C
:103AD0000D4632DD08F1404808F5801858EA000824
:103AE0000ED002460B4602F0A7F80B46024602F043
:103AF00085FB04460B462046194606B0BDE8708F8C
:103B000099A3D3E9002302F04FFA22462B4604463C
:103B10000D461046194696A3D3E9002302F044FA55
:103B200002460B462046294602F088F804460B461A
:103B30002046194606B0BDE8708FA84B98450E4642
:103B40000FDCB8F1795F80F251818BA3D3E90023B8
:103B500002F074F8A24B002202F0B6FC002840F0FC
:103B6000FF8020462946FEF7FDFC02460B4600205A
:103B70009B4902F061F89B4B002202F015FA80A3EA
:103B8000D3E9002304460D4602F00EFA7EA3D3E9E2
:103B9000002302F053F822462B4602F005FA7CA3DC
:103BA000D3E9002302F048F822462B4602F0FCF944
:103BB00079A3D3E9002302F041F822462B4602F014
:103BC000F3F977A3D3E9002302F036F822462B4617
:103BD00002F0EAF974A3D3E9002302F02FF8224699
:103BE0002B4602F0E1F972A3D3E90023CDE90001ED
:103BF0002046294602F0D8F96FA3D3E9002302F04A
:103C00001BF822462B4602F0CFF96DA3D3E900231F
:103C100002F014F822462B4602F0C6F96AA3D3E953
:103C2000002302F009F822462B4602F0BDF96C4B46
:103C3000002202F003F8CDE9020120462946FEF7F2
:103C400051FE694B984582468B4668DC02460B461E
:103C500001F0F4FFDDE90223CDE90401DDE9000113
:103C600002F0CCFA02460B46DDE9040102F09CF9B1
:103C70004FF00008CDE9000142465B4640465946F8
:103C800002F092F902460B462046294601F0D4FF85
:103C9000424604460D465B465046594601F0CEFF6B
:103CA00002460B462046294602F0A8FA02460B4679
:103CB00001F0C4FF02460B462DA1D1E9000101F03D
:103CC000BBFF02460B46DDE9000101F0B5FF4246AD
:103CD00004460D465B464046594601F0AFFF02469A
:103CE0000B463BA1D1E9000101F0A6FF02460B46BD
:103CF0002046294601F0A0FF0B46024634A1D1E937
:103D0000000101F099FF04460B46002E3FF7F3AE89
:103D100003F100432046194606B0BDE8708FDDE987
:103D20000223DDE9000102F069FA52465B4602F027
:103D30003BF952465B4601F081FF02460B4601F01B
:103D40007DFF0BA3D3E9002301F076FF0B4602466B
:103D500005A1D1E9000101F06FFF04460B46D4E74D
:103D60002B46C8E6AFF30080182D4454FB21F93FE1
:103D7000075C143326A6913C9C7500883CE4377E92
:103D800009F7FD0DE13D023F88B20175E0EF493FC3
:103D90003B8F68B52882A43F5544880E55C1C93F62
:103DA0007D6FEB0312D6D43F555555555555C53F3C
:103DB00082922EB1C5B8B33F59018D1B6C06E63F08
:103DC000C88A599CE52A00404B2D8A1C273A03409B
:103DD000182D4454FB21E93FFFFFEF3FFFFFDF3F7A
:103DE0000000F03F0000E03F3233EF3F02460B4659
:103DF00002F0DAF838A3D3E900238046894602F0BE
:103E0000D3F837A3D3E9002301F018FF42464B460D
:103E100002F0CAF834A3D3E9002301F00DFF4246B3
:103E20004B4602F0C1F832A3D3E9002301F006FFAC
:103E300042464B4602F0B8F82FA3D3E9002301F025
:103E4000FBFE42464B4602F0AFF82DA3D3E9002318
:103E500001F0F4FE42464B4602F0A6F82AA3D3E94D
:103E6000002382468B464046494602F09DF828A32F
:103E7000D3E9002301F0E0FE42464B4602F094F8FD
:103E800025A3D3E9002301F0D9FE42464B4602F0B8
:103E90008BF823A3D3E9002301F0CEFE42464B4624
:103EA00002F082F8204B002201F0C8FE02460B46C9
:103EB0005046594602F0A2F922462B4602F074F809
:103EC00022462B4601F0BAFE04460B462046194610
:103ED00006B0BDE8708F00BF09F7FD0DE13D023F60
:103EE00088B20175E0EF493F3B8F68B52882A43F57
:103EF0005544880E55C1C93F7D6FEB0312D6D43FA0
:103F0000555555555555C53F82922EB1C5B8B33F4D
:103F100059018D1B6C06E63FC88A599CE52A004072
:103F20004B2D8A1C273A03400000F03FFFFFFFFFA4
:103F30002DE9F84F9E465342DFF87C9113432EF053
:103F4000004848EAD3734B4516460D4607463DD810
:103F50004442044321F0004A4AEAD4744C450346E3
:103F60008B4633D80EF1404404F5801414433DD001
:103F70004FEAAE7404F002045AEA030344EAD1742F
:103F80002CD058EA020235D0C84546D0CA4531D0B7
:103F9000AAEB080ABAF1747F4FEA2A5339DABEF164
:103FA000000F46DA3C3344DA00200021012C58D0BF
:103FB000022C49D084B134A3D3E9002301F03CFEA4
:103FC00033A3D3E9002301F037FE05E03A4630463B
:103FD00071462B4601F032FEBDE8F88F022C10D05E
:103FE000032CF9D12CA1D1E90001F5E7BDE8F84F88
:103FF000FEF7D2B8BBF1000F07DB29A1D1E9000120
:10400000EAE723A1D1E90001E6E727A1D1E9000110
:10401000E2E723A1D1E90001C8E7C24504F1FF347A
:1040200023D0022C29D8254B03EBC403D3E900018C
:10403000D2E7324673463846294602F0DFF8FEF7EB
:1040400091FAFEF7A9F8B1E70FA3D3E9002301F035
:10405000F3FD02460B460EA1D1E9000101F0ECFD93
:10406000BAE701F100431946B6E7022C08D8144B11
:1040700003EBC403D3E90001AEE700200021ABE766
:104080000BA1D1E90001A7E7075C143326A6A13CE8
:10409000182D4454FB210940182D4454FB2109C01C
:1040A000182D4454FB21F93F182D4454FB21F9BF2E
:1040B000182D4454FB21E93F0000F07F5801030014
:1040C000400103002DE9F84323F000479E469C463B
:1040D00057EA0203054690462FD010461446984AE8
:1040E00021F0004991450B4627DC4242954E0243A0
:1040F00047EAD272B24220D8B945AE462A4601F00C
:10410000004606DCC0F2CB804545C0F0C88000F018
:10411000FF808C491940F9B9B9F1000F40F0E280F5
:10412000BEF1000F754640F30881A1F213416D0006
:10413000002D01F1FF31FADC12E0734642462846B9
:1041400001F032FF0B46024602F058F805460B46D6
:1041500028461946BDE8F8834FEA2951A1F2FF31FC
:10416000784D0CEA050585B9002F40F0AC80002899
:10417000804640F3E080A5F213454FEA4808B8F1C5
:10418000000F05F1FF35F8DC02E03D15A5F2FF3523
:10419000DFF8B481414572DBC3F3130343F48013AA
:1041A000DFF8A4E1754559DBCCF3130C4CF4801C0B
:1041B000101A491B0BD11DE050EA0E0344D04FEA00
:1041C000DE73013903EB40034FEA4E0211D0A3EB3B
:1041D0000C00944288BF00F1FF300028A2EB040ECF
:1041E0004FEAD277E8DA013907EB43034FEA42029C
:1041F000EDD1101BA3EB0C0C944288BF0CF1FF3CDB
:10420000BCF1000FA4BF0246634653EA020105D188
:104210001AE0D10F01EB43035200013DB3F5801FBB
:10422000F7DB49498D4269DA491B142976DC05F22E
:104230001E40CA4003FA00F043FA01F10E4340EA7F
:1042400002031D46334683E7404BF60F03EBC603DC
:10425000D3E9005328461946BDE8F883AEEB0504C0
:104260001F2C24DD3A4C491BA4EB050C00FA0CFC76
:1042700018BF0024ABD1A3EB0C0C1046C0E7A8EB91
:104280000108B8F11F0F0CDC01F21E4309FA08F90E
:104290002EFA03F30EFA08F243EA090380E70B460D
:1042A00056E72B4B5B1A0EFA03F3002278E705F270
:1042B0001E4C07FA04FE20FA0CFC00FA04F44CEA47
:1042C0000E0C101B75E74FEAC728B8F1000F1E4D02
:1042D0007FF75EAF4FEA4808B8F1000F05F1FF35F0
:1042E000F8DC55E74FEAC925002D17497FF738AFAD
:1042F0006D00002D01F1FF31FADC31E7A3F58013E9
:10430000334305F2FF3543EA05510B4615461FE7D7
:104310000E4B03EB1673D3E9005319E71F2906DC94
:1043200005F21E4022FA01F183400B4389E7084A57
:10433000521B134185E7074D2AE7064910E700BFE6
:10434000FFFFEF7F0000F07F02FCFFFF7001030022
:10435000E2FBFFFFEDFBFFFF2DE9F04F23F0004AEA
:1043600007465AEA020093B014461D46884610D10B
:10437000FB19754988F400225241984291411FD29D
:104380003846414622462B4601F058FC13B0BDE8A2
:10439000F08F11466D4A28F0004991459B464646EC
:1043A0003B4614DD06F1404606F580161E43E7D174
:1043B0002319654985F4002252419E429141DFD381
:1043C000634C00231846214613B0BDE8F08F3ED061
:1043D0005E4A9245E6DC00F08880002E69DB002210
:1043E000009279B9594A924500F08380584A924523
:1043F00000F09780BBF1804F00F09684554A9345BA
:1044000000F0B783384641460293FEF7ABF8029BB3
:104410004BB3009AF30F013B0A93134300F08880DB
:104420004D4B9A4540F39E8003F104739A454B4BE4
:1044300040F30E84994540F38784BBF1000F40F3AD
:104440008784002013B0BDE8F04FFEF717BA002FA5
:1044500096D1BDE7384641460093FEF783F8009BAE
:10446000002B65D10093B9F1000F04D0384B26F032
:1044700040429A42CDD1BBF1000F05DA02460B460D
:104480000020334901F0BAFE002EBFF67FAF009B3B
:1044900009F1404909F5801959EA030940F0688497
:1044A00002460B4601F0C8FB02460B4601F0A6FE91
:1044B0006CE72B4A92452EDCA2F1547292450FDD37
:1044C0004FEA2A52A2F2FF32142A40F34384C2F187
:1044D000340221FA02F000FA02F28A4200F07184FA
:1044E00000220092002981D08CE700293FF475AFAB
:1044F00058E709F1404202F580121A433FF460AFD9
:10450000164B994540F36983BBF1000FC0F25F83FE
:10451000204629463AE70222009200293FF462AF82
:1045200070E7BBF1000FC0F2F783384641462DE734
:104530003A4643463846414601F07EFB02460B466A
:1045400001F05CFE22E700BF0000F0FF0000F07FFA
:104550000000F03F0000E03F0000E041FFFFEF3FC0
:10456000FFFF3F43D64B334000222BB9D54B01F020
:104570001BFD6FF0340289464FEA2953A3F2FF3343
:104580009A18D14B0B92C9F3130949F07F569945FC
:1045900046F4401607DDCD4B994540F3F2830132D6
:1045A0000B92A6F5801600220023CDE90823CDE961
:1045B0001023C74B0022CDE906230027DDE906239F
:1045C0003146824601F038FBB346DDE906238046DA
:1045D000894650463146CDE90CAB01F02FFB02462F
:1045E0000B460020BA4901F009FE0A460146CDE912
:1045F0000E12134649460246404601F0D5FC0A46D3
:1046000083469446CDE902BC4FF0000CCDF808C0BB
:104610007610DDE902AB46F00056014606F50023B0
:10462000CDE904120020D91906460F4602460B4672
:104630005046594601F0B8FC02460B4640464946F2
:1046400001F0FAFADDE9062380468946304639460C
:1046500001F0F2FA02460B46DDE90C0101F0ECFA3A
:1046600052465B4601F0A0FC02460B4640464946D6
:1046700001F0E2FADDE90E2301F096FCDDE90467C2
:10468000CDE9060132463B463046394601F08CFC06
:1046900079A3D3E9002306460F4601F085FC78A3F1
:1046A000D3E9002301F0CAFA32463B4601F07CFC14
:1046B00075A3D3E9002301F0C1FA32463B4601F06D
:1046C00073FC73A3D3E9002301F0B8FA32463B46EA
:1046D00001F06AFC70A3D3E9002301F0AFFA32467F
:1046E0003B4601F061FC6EA3D3E9002301F0A6FA7A
:1046F0003246804689463B463046394601F054FCF6
:1047000002460B464046494601F04EFC52460646DC
:104710000F465B46DDE9040101F090FADDE906236E
:1047200001F042FC32463B4601F088FA5246804690
:1047300089465B465046594601F036FC02460B4618
:10474000CDE90C23634B002201F078FA42464B4638
:1047500001F074FA00260F4632463B465046594651
:1047600001F022FC5B4B82468B46002230463946E4
:1047700001F062FADDE90C2301F05EFA02460B4615
:104780004046494601F058FADDE9042301F00CFCEB
:104790003246804689463B46DDE9060101F004FCCD
:1047A00002460B464046494601F048FA8046894693
:1047B00002460B465046594601F040FA00263AA3FD
:1047C000D3E9002330460F4601F0EEFB52465B462C
:1047D00082468B463046394601F02EFA02460B4699
:1047E0004046494601F028FA31A3D3E9002301F0FD
:1047F000DBFB31A3D3E900238046894630463946A6
:1048000001F0D2FB02460B464046494601F016FA3B
:10481000DDE9102301F012FA80460B98894601F079
:1048200059FB424606460F464B4650465946CDE98F
:1048300004AB01F003FADDE9082301F0FFF9324689
:104840003B4601F0FBF9002032463B4682468B4650
:1048500001F0F2F9DDE9082301F0EEF9DDE90423C6
:1048600001F0EAF902460B464046494601F0E4F9F8
:1048700032E000BFAFF30080EF4E454A287ECA3FCA
:1048800065DBC9934A86CD3F01411DA96074D13FC4
:104890004D268F515555D53FFFAB6FDBB66DDB3FD6
:1048A000033333333333E33F000000E009C7EE3F07
:1048B000FD033ADC09C7EE3FF5015B14E02F3EBE75
:1048C0000000F07F000040438E98030079B60B0093
:1048D0000000F03F00000840CDE90201009B0A9A69
:1048E000013B13430CBFD44BD44B0022CDE904232E
:1048F0000023CDE900450093DDE9008920464246CA
:104900004B46294601F098F952465B4601F04CFBB4
:10491000224606460F462B46DDE9020101F044FB24
:1049200002460B463046394601F088F942464B466E
:1049300006460F465046594601F036FB0B460246E6
:1049400004460D463046394601F078F9BC4B994291
:10495000804689468A4640F3168101F13F4303F5BC
:10496000E003034340F02282A1A3D3E900233046B1
:10497000394601F063F92246CDE900012B46404655
:10498000494601F059F902460B46DDE9000101F004
:104990009BFD002840F00A82CAF30A534FF48012AC
:1049A000A3F2FE3342FA03F35344A649C3F30A5277
:1049B000A2F2FF3241FA02FCC3F31301C2F1140266
:1049C00041F4801141FA02FE00200CEA0301BAF121
:1049D000000FCDF808E002460B4602DA7146494264
:1049E00002912046294601F027F9029B1B050093FE
:1049F00002460B4604460D463046394601F01EF984
:104A000089464FF000087CA3D3E90023404649467D
:104A100001F0CAFA224682468B462B46404649465A
:104A200001F00AF902460B463046394601F004F916
:104A300073A3D3E9002301F0B7FA73A3D3E90023EA
:104A400004460D464046494601F0AEFA02460B4682
:104A50002046294601F0F2F806460F4602460B466C
:104A60005046594601F0EAF852465B4604460D4668
:104A700001F0E2F802460B463046394601F0DCF818
:104A8000224682468B462B462046294601F08CFA68
:104A90005FA3D3E9002306460F4601F085FA5EA323
:104AA000D3E9002301F0C8F832463B4601F07CFA16
:104AB0005BA3D3E9002301F0C1F832463B4601F085
:104AC00073FA59A3D3E9002301F0B6F832463B4606
:104AD00001F06AFA56A3D3E9002301F0AFF8324699
:104AE0003B4601F061FA02460B462046294601F09A
:104AF000A3F806460F4602460B462046294601F01B
:104B000053FA002280468946304639464FF08043AA
:104B100001F092F802460B464046494601F06EFB12
:104B2000524606460F465B462046294601F03CFAAF
:104B300052465B4601F082F802460B463046394643
:104B400001F07AF822462B4601F076F802460B4631
:104B500000203A4901F070F8009D0C462C44B4F551
:104B6000801FC0F21F812146DDE9042301F01CFAF9
:104B70000CE4002EFFF646AC3846414613B0BDE8C3
:104B8000F04FFDF7AFBEDFF8C0C021F00043634532
:104B900040F3D2802D4B0B4403430AD122462B46CF
:104BA00001F04AF832463B4601F084FC00283FF40D
:104BB000F3AEDDE904010022002301F067FC0038B8
:104BC00018BF012013B0BDE8F04FFDF751BE002320
:104BD000002418462146FFF7D9BBBBF1000FF6DAD7
:104BE00005F1004320461946FFF7D0BBAFF3008024
:104BF000FE822B654715973C00000000432EE63FE0
:104C0000EF39FAFE422EE63F396CA80C615C20BEFB
:104C1000D0A4BE726937663EF16BD2C541BDBB3EC2
:104C20002CDE25AF6A56113F93BDBE166CC1663FA0
:104C30003E5555555555C53F0000F0BF0000F03FAB
:104C4000FFFF8F400000F0FFFFCB904000346F3F2C
:104C5000994579DB704B99453FF7EFAB6E4B0022DE
:104C600000F0EAFF60A3D3E9002306460F4601F0F7
:104C70009BF95FA3D3E90023804689463046394635
:104C800001F092F9654B82468B4600223046394648
:104C900001F08AF902460B4657A1D1E9000100F064
:104CA000CBFF32463B4601F07FF902460B4600201F
:104CB0005B4900F0C1FF3246CDE902013B46304678
:104CC000394601F071F902460B46DDE9020101F0B7
:104CD0006BF94BA3D3E9002301F066F902460B46BA
:104CE0005046594600F0A8FF02460B4606460F46BE
:104CF0004046494600F0A2FF002042464B4682460D
:104D00008B4600F099FF02460B463046394600F0CC
:104D100093FFCDE90201E1E53A4643463E490020D2
:104D200001F06CFAFFF732BB3A463846434641463B
:104D300001F03AF9FFF72ABB394A934252DCDDE928
:104D40000023009202925CE6BBF1000FFFF679AB04
:104D5000002037E700297FF47DABC2F114024AFA44
:104D600002F000FA02F2524535D00091FFF73EBB47
:104D7000009B012B7FF40AAB01F100431946FFF7BA
:104D800005BB21A3D3E90023CDE9082320A3D3E960
:104D90000023CDE91023234B0022CDE906234FF455
:104DA00080270BE4029AFDF7C3FCDDE6DDE9040190
:104DB0000022002301F06AFB003818BF0120FFF732
:104DC00041BB00F00100C0F10202009200293FF453
:104DD0000DABFFF717BB00F00100C0F1020200921B
:104DE000FFF704BB1B15D9E5000000604715F73F2E
:104DF00044DF5DF80BAE543E555555555555D53FDE
:104E0000FE822B654715F73F0000004003B8E23FE4
:104E100006D0CF43EBFD4C3E0000F03F0000D03FFA
:104E20000000E03F0000F83F2DE9F04F1446B64A7D
:104E300021F00045954291B040F38580B34A9542F8
:104E40000F4626DC0029A6A3D3E9002340F3C48142
:104E500000F0F2FEAE4B9D428046894600F088800D
:104E6000A1A3D3E9002300F0E7FE02460B46C4E904
:104E700000234046494600F0DFFE9BA3D3E9002310
:104E800000F0DAFEC4E902010126304611B0BDE8A7
:104E9000F08FA04A954240F38B809F4A95425DDC9B
:104EA0002E15A6F21646A5EB06518946804601F05E
:104EB0002BFB01F00FF802460B4640464946CDE970
:104EC0000A2300F0B9FE954B002201F06DF88946E7
:104ED000804601F019FB054600F0FCFF02460B4638
:104EE00040464946CDE90C2300F0A6FE8B4B00223C
:104EF00001F05AF802460B46CDE90E2300220023AA
:104F000001F0BAFA002800F06581002D0CBF0123E2
:104F10000223834A019202220092214632460AA8C5
:104F200000F062FA002F0646AFDAD4E9000505F179
:104F30000041C4E90001E168A26801F10043C4E94D
:104F400002237642A1E70026C4E9000100220023E3
:104F50003046C4E9022311B0BDE8F08F02460B468B
:104F600000F06AFE0026C4E90201C4E900018CE7F2
:104F70005FA3D3E9002300F05FFE5FA3D3E9002322
:104F80008046894600F058FE02460B46C4E90023DD
:104F90004046494600F050FE57A3D3E9002300F0F5
:104FA0004BFE0126C4E90201304611B0BDE8F08F86
:104FB000FDF7D8FA52A3D3E900238046894600F0D2
:104FC000F3FF584B002200F039FE01F09DFA06462F
:104FD00000F080FF42A3D3E9002382468B46CDE94F
:104FE00004AB00F0E1FF02460B464046494600F0A4
:104FF00023FE3DA3D3E90023CDE9020150465946E3
:1050000000F0D2FF1F2E8046894612DC464B721EEE
:1050100053F82230AB420CD002460B46DDE90201C8
:1050200000F00AFE02460B46C4E9002382468B4686
:10503000B4E02B150793DDE902014B46424600F030
:10504000FBFDC1F30A53C3EB1553102B8B4682466D
:1050500040F3A08026A3D3E90023DDE9040100F09A
:10506000A3FF8046894602460B46DDE9020100F0B7
:10507000E3FD82468B4652465B46DDE9020100F0C5
:10508000DBFD42464B4600F0D7FD1BA3D3E90023CE
:1050900080468946DDE9040100F086FF42464B4622
:1050A00000F0CAFD02460B468046894650465946E6
:1050B000CDE908AB00F0C0FD079AC1F30A53D31A3B
:1050C000312B8B46824631DC02460B46C4E9002375
:1050D000DDE90823CDE9022360E000BFAFF30080E3
:1050E00000004054FB21F93F3163621A61B4D03DA6
:1050F0000000601A61B4D03D7370032E8A19A33B7F
:1051000083C8C96D305FE43FFB21E93F7BD9024092
:10511000FB21F93FFB213941FFFFEF7F0000704188
:10512000000203000000E03F8001030048A3D3E930
:105130000023DDE9040100F037FF8046894602467E
:105140000B46DDE9080100F077FD82468B465246AA
:105150005B46DDE90801CDE902AB00F06DFD42469A
:105160004B4600F069FD3CA3D3E900238046894605
:10517000DDE9040100F018FF42464B4600F05CFDFB
:1051800002460B46804689465046594600F054FD7B
:105190008B46824652465B46C4E9002352465B4634
:1051A000DDE9020100F048FD42464B4600F044FDB7
:1051B000002F02460B46C4E90223BFF666AE0BF190
:1051C000004301F10041A060C4F800A06360E16009
:1051D00076425AE603239CE600F030FD264B9D42C2
:1051E0008046894616D01EA3D3E9002300F026FD91
:1051F00002460B46C4E900234046494600F01CFD28
:1052000017A3D3E9002300F019FD4FF0FF36C4E9DE
:1052100002013AE614A3D3E9002300F00FFD14A322
:10522000D3E900238046894600F008FD02460B467C
:10523000C4E900234046494600F0FEFC0CA3D3E934
:10524000002300F0FBFC4FF0FF36C4E902011CE62E
:105250000000002E8A19A33BC14920259A837B397F
:105260003163621A61B4D03D0000601A61B4D03D70
:105270007370032E8A19A33BFB21F93F2DE9F04FF0
:1052800023F0004555EA020C83B050D00E46019140
:10529000504926F0004A8A4507461446984642DCA3
:1052A0008D429B4691464BDD05F1004505F5801585
:1052B000154338D138463146FDF754F90B460246BE
:1052C000414620461D461446FDF74CF9424B0BEA79
:1052D000030306460F46002B53D122462B46204699
:1052E000294600F0ABFC32463B4601F0EDF888B1B0
:1052F0002046294632463B4600F09EFC02460B46BD
:1053000004460D4600F09AFC32463B4601F0D2F8C6
:10531000002854D1019B03F00043204683EA050195
:1053200003B0BDE8F08F224638463146434600F0D0
:105330003BFE02460B4600F061FF03B0BDE8F08F74
:1053400026498D421BDC1046194600F077FC0B46BF
:10535000024631463846FEF7B5FE03460E46AAEB36
:10536000050AA7EB09075AEA070A31D11846314660
:105370000022002300F018FE03B0BDE8F08F3B468A
:10538000EDE7174B002200F00FFE804689460246EB
:105390000B462046294601F097F80028BAD020464F
:1053A000294632463B4600F047FC04460D4640463F
:1053B000494622462B4601F073F80028AAD0204621
:1053C000294632463B4600F037FC04460D46A1E72D
:1053D0001F466FE7FFFFEF7F0000E07FFFFFDF7FEB
:1053E0000000E03FFFFFFFFF2DE9F04FADF5197D15
:1053F0001C4608930B91B64BA29953F821300593A4
:1054000012F1140F04F1FF3306460393C0F23A83FE
:10541000B049D31E81FB0301DB17C3EBA103079344
:105420000133A3EB8303DB00D3180693079A039B96
:10543000D41A059AD7181BD40137DDF88CA227445B
:1054400020AD4FF000084FF0000908E05AF82400A2
:1054500000F040FD0134BC42E5E8020108D0002C18
:10546000F4DA013440464946BC42E5E80201F6D18F
:10547000059B002BC0F2C083089BDDF80C9020AA8E
:1054800002EBC30ADA000292059AA6F108011A4457
:1054900004910DF5E07B019201EBC308039B002B07
:1054A000C0F29C81049E57460024002577E9022320
:1054B000F6E9020100F078FD02460B462046294637
:1054C00000F0BCFB464504460D46EFD1019B09F1B7
:1054D00001099945EBE802450AF1080ADED1049B6F
:1054E000DDF808B0059A01929B440CAB03EB8203F4
:1054F000043B09930CAB03EB82030A93019A98AB2C
:1055000003EBC203002A53E9284529DD0DF5E07AB3
:105510000AEBC2080DF130096F4B002220462946E4
:1055200000F042FD00F0F0FF00F0D4FC6B4B0022D5
:1055300006460F4600F038FD02460B462046294637
:1055400000F07AFB00F0E0FF78E9022349F8040B51
:105550003946304600F072FBD04504460D46DBD19B
:10556000DDF81890204629464A46FDF7E1F800226A
:105570004FF07F5304460D4600F016FDFDF718FB73
:10558000574B002200F010FD02460B4620462946EC
:1055900000F052FB0D46044600F0B6FF804600F0D6
:1055A00099FC0B4602462946204600F045FB4B4637
:1055B000002B06460F4640F39580019A501E0CAA18
:1055C000C9F1180352F8202042FA03F404FA03F355
:1055D000D21AC9F117010CAB42FA01F5002D43F8BC
:1055E0002020A04400F38880002200233046394662
:1055F00000F042FF002800F04C82019B059A5C1EDF
:10560000A2420EDC0CAA0A9E980002EB8303002241
:1056100053F8041DB34242EA0102F9D1002A40F0D6
:10562000E080059B0CAA013B52F82330002B40F090
:10563000CF80099A012352F8041D01330029FAD0C2
:10564000019AD318029302F10108079B019A03EB18
:10565000080A0AF1804AA39B0AF1FF3A03EB8A0A7F
:10566000089B03F10053013B134420A901EBC3093C
:1056700070AB03EBC20301935AF8040F00F02AFC4D
:10568000039B002BE9E902011FDB049E4F46002427
:10569000002501E077E90201F6E9022300F084FC2D
:1056A00002460B462046294600F0C8FA5E450446ED
:1056B0000D46EFD1019BE3E902450193029B08F1FE
:1056C00001089845D8DD019318E700240025F1E78B
:1056D00048030300ABAAAA2A0000703E00007041F4
:1056E000000020406BD1019B0CAA013B52F82350D3
:1056F000ED15002D7FF778AF019B002B08F1010815
:1057000040F3C5810C9C002C51D1019B012B20D072
:105710000CAB012253F8044F002C4BD0531C0CA9A6
:10572000C4F1807441F822400199994210DD0CAA1D
:105730000CA852F8232000EB830300EB81006FF0EC
:105740007F4100E01A688A1A43F8042B8342F9D19A
:105750000124069B002B0EDD012B00F06881022B3B
:1057600009D1019B5A1E0CAB0CA953F82230C3F38C
:10577000150341F82230022D7FF436AF32463B4606
:10578000B349002000F058FA06460F46002C3FF4BB
:105790002BAF069AAE490020FCF7CAFF02460B4623
:1057A0003046394600F048FA06460F461CE701230A
:1057B0000022B4E7019901328A42ABD1C9E7A54B77
:1057C000002200F077FE002840F04A8105460BE7F2
:1057D000019B03F10108CDF8088036E7002400257D
:1057E00074E6069B0294A3F118010CABCDE90358B3
:1057F00053F824300691224653B9031F0CA80344E2
:1058000053F8040D013A18390028F9D00292069194
:10581000069A8F490020FCF78BFF029B002B044661
:105820000D46C0F2DF8103F1010B0CAB03EB8B06DD
:105830004FEACB030693DFF8209270AB03EBCB0764
:105840004FF0000856F8040D00F044FB22462B46AA
:1058500000F0AAFB4B4667E9020142462046294672
:1058600000F0A2FB0CAB9E4204460D46EAD1069B1B
:10587000CDF81CB0DDF814B0083B70AA02EB0309A8
:10588000BBF1000F48AB4FF0000801932EDB6EA375
:10589000D3E90023DFF8C4A14F46002600240025E9
:1058A00003E0B04510DBFAE90223F7E8020100F05B
:1058B0007BFB02460B462046294600F0BFF9013625
:1058C000B34504460D46ECDA019B029903EBC8038D
:1058D0008845C3E90045A9F108094FEAC80A08F15B
:1058E000010206D0BBF1000F9046D0DA002400255B
:1058F000EAE7A29ADDF81CB0022A22DC002A00F3B3
:10590000FB8017D1A29A069C019D13462C44104699
:10591000194674E9022300F091F9A54202460B46AC
:10592000F5D1039909B103F1004319460B9B1046C9
:10593000C3E90001049B03F007000DF5197DBDE8E4
:10594000F08FA29A032AF5D1029A9B46002A00F012
:1059500066815BE902672046294632463B4600F0F5
:105960006DF9A046A94604460D4622462B46304610
:10597000394600F061F94B46424600F05FF9CBE949
:1059800000016BE90245019B5B45E2D1029B012BC3
:1059900040F34581019B5344D3E900459B465BE9B5
:1059A00002672046294632463B4600F047F9A046AA
:1059B000A94604460D4622462B463046394600F09D
:1059C0003BF94B46424600F039F9CBE900016BE95F
:1059D00002454AAB5B45E2D1019A0AF10804002373
:1059E000144402F110051A461846114674E90223C0
:1059F00000F024F9A54203460A46F5D1039900298F
:105A000040F0C4801846019B0B9C1146D3E9022349
:105A1000C4E90223DDE94823C4E90023049BC4E967
:105A2000040103F007000DF5197DBDE8F08F019B1F
:105A30005A1E0CAB0CA953F82230C3F3160341F8DD
:105A4000223098E6AFF3008000000040FB21F93FD0
:105A50000000F03F0000E03F0000703E080303003C
:105A6000019B002B08F10108C8BF02253FF74AAE91
:105A700032463B466B49002000F0DEF80225064620
:105A80000F46B1E500216FF017030791CCE4002425
:105A90005FE6069C304639466242CDE90358FCF782
:105AA00047FE614B002206460F4600F003FD00282A
:105AB00062D0019B00225D1C18345C4B069430467A
:105AC0003946029500F070FA00F01EFD044600F021
:105AD00001FA554B002200F067FA02460B463046A9
:105AE000394600F0A9F800F00FFD0CAA019B42F81E
:105AF000230042F825408BE6019C002604EBCB0BEB
:105B00003346304619467BE9022300F097F85C459E
:105B100006460B46F5D1039A3046002A50D1194665
:105B20000B9B3246C3E900010B46DDE9480100F05A
:105B300083F80B4602990029024611DD029E48AD0A
:105B4000012410461946F5E9022300F077F80134E4
:105B5000A64202460B46F4DA039909B103F1004369
:105B600019460B9B1046C3E90201049B03F0070092
:105B70000DF5197DBDE8F08F3046394600F0C4FCC4
:105B8000019B02930CAA42F8230041E60B9E33616D
:105B9000019B02F1004298681C6872611A465B68BA
:105BA00003F10045D36803F10041049BC6E90201FB
:105BB00003F00700C6E900450DF5197DBDE8F08F3B
:105BC0000B9A194603F10043536016600B463246A8
:105BD000DDE9480100F030F80B4602990029024641
:105BE000ACDCBBE7A29B022B0DDC002B14DC7FF4AA
:105BF000A1AEA29A134694E6A6F108030493089B6B
:105C0000DB0002936BE4A29B032B7FF493AE002393
:105C100048A91A460191F1E6002633467BE70023A6
:105C20001A46EBE60000F03F000070410000703EB5
:105C300081F0004102E000BF83F0004330B54FEA3D
:105C400041044FEA430594EA050F08BF90EA020FAA
:105C50001FBF54EA000C55EA020C7FEA645C7FEA3D
:105C6000655C00F0E2804FEA5454D4EB5555B8BF60
:105C70006D420CDD2C4480EA020281EA030382EAD1
:105C8000000083EA010180EA020281EA0303362D63
:105C900088BF30BD11F0004F4FEA01314FF4801C36
:105CA0004CEA113102D0404261EB410113F0004F48
:105CB0004FEA03334CEA133302D0524263EB4303FF
:105CC00094EA050F00F0A780A4F10104D5F1200E9D
:105CD0000DDB02FA0EFC22FA05F2801841F10001F8
:105CE00003FA0EF2801843FA05F359410EE0A5F1CC
:105CF00020050EF1200E012A03FA0EFC28BF4CF0FD
:105D0000020C43FA05F3C01851EBE37101F00045B2
:105D100007D54FF0000EDCF1000C7EEB00006EEBBF
:105D20000101B1F5801F1BD3B1F5001F0CD3490849
:105D30005FEA30004FEA3C0C04F101044FEA4452A0
:105D400012F5800F80F09A80BCF1004F08BF5FEA27
:105D5000500C50F1000041EB045141EA050130BD07
:105D60005FEA4C0C404141EB0101013C28BFB1F519
:105D7000801FE9D291F0000F04BF01460020B1FA64
:105D800081F308BF2033A3F10B03B3F120020CDA37
:105D90000C3208DD02F1140CC2F10C0201FA0CF015
:105DA00021FA02F10CE002F11402D8BFC2F1200C7A
:105DB00001FA02F120FA0CFCDCBF41EA0C01904030
:105DC000E41AA2BF01EB0451294330BD6FEA040479
:105DD0001F3C1CDA0C340EDC04F11404C4F1200264
:105DE00020FA04F001FA02F340EA030021FA04F376
:105DF00045EA030130BDC4F10C04C4F1200220FACD
:105E000002F001FA04F340EA0300294630BD21FA0A
:105E100004F0294630BD94F0000F83F4801306BFD0
:105E200081F480110134013D4EE77FEA645C18BFC4
:105E30007FEA655C29D094EA050F08BF90EA020F5B
:105E400005D054EA000C04BF1946104630BD91EA53
:105E5000030F1EBF0021002030BD5FEA545C05D156
:105E60004000494128BF41F0004130BD14F5800495
:105E70003CBF01F5801130BD01F0004545F0FE4109
:105E800041F470014FF0000030BD7FEA645C1ABF3E
:105E9000194610467FEA655C1CBF0B46024650EA75
:105EA000013406BF52EA033591EA030F41F40021A1
:105EB00030BD00BF90F0000F04BF0021704730B527
:105EC0004FF4806404F132044FF000054FF00001FC
:105ED00050E700BF90F0000F04BF0021704730B5BD
:105EE0004FF4806404F1320410F0004548BF404292
:105EF0004FF000013EE700BF42004FEAE2014FEAE7
:105F000031014FEA02701FBF12F07F4393F07F4FC1
:105F100081F06051704732F07F4208BF704793F0C4
:105F20007F4F04BF41F40021704730B54FF46074D7
:105F300001F0004521F000411CE700BF50EA0102DA
:105F400008BF704730B54FF000050AE050EA010283
:105F500008BF704730B511F0004502D5404261EBF3
:105F600041014FF4806404F132045FEA915C3FF434
:105F7000D8AE4FF003025FEADC0C18BF03325FEAD1
:105F8000DC0C18BF033202EBDC02C2F1200300FA82
:105F900003FC20FA02F001FA03FE40EA0E0021FAA7
:105FA00002F11444BDE600BF70B54FF0FF0C4CF495
:105FB000E06C1CEA11541DBF1CEA135594EA0C0F47
:105FC00095EA0C0F00F0DEF82C4481EA030621EA82
:105FD0004C5123EA4C5350EA013518BF52EA0335BD
:105FE00041F4801143F4801338D0A0FB02CE4FF06F
:105FF0000005E1FB02E506F00042E0FB03E54FF09F
:106000000006E1FB03569CF0000F18BF4EF0010E96
:10601000A4F1FF04B6F5007F64F5407404D25FEA92
:106020004E0E6D4146EB060642EAC62141EA555145
:106030004FEAC52040EA5E504FEACE2EB4F1FD0C87
:1060400088BFBCF5E06F1ED8BEF1004F08BF5FEA05
:10605000500E50F1000041EB045170BD06F00046B7
:1060600046EA010140EA020081EA0301B4EB5C0464
:10607000C2BFD4EB0C0541EA045170BD41F480115C
:106080004FF0000E013C00F3AB8014F1360FDEBF81
:10609000002001F0004170BDC4F10004203C35DA5D
:1060A0000C341BDC04F11404C4F1200500FA05F3E0
:1060B00020FA04F001FA05F240EA020001F0004281
:1060C00021F0004110EBD37021FA04F642EB0601F7
:1060D0005EEA430E08BF20EAD37070BDC4F10C0421
:1060E000C4F1200500FA04F320FA05F001FA04F2E5
:1060F00040EA020001F0004110EBD37041F10001D1
:106100005EEA430E08BF20EAD37070BDC4F12005DB
:1061100000FA05F24EEA020E20FA04F301FA05F243
:1061200043EA020321FA04F001F0004121FA04F2EB
:1061300020EA020000EBD3705EEA430E08BF20EABB
:10614000D37070BD94F0000F0FD101F000464000F5
:1061500041EB010111F4801F08BF013CF7D041EA77
:10616000060195F0000F18BF704703F0004652007B
:1061700043EB030313F4801F08BF013DF7D043EA4C
:106180000603704794EA0C0F0CEA135518BF95EA02
:106190000C0F0CD050EA410618BF52EA4306D1D189
:1061A00081EA030101F000414FF0000070BD50EAA8
:1061B000410606BF1046194652EA430619D094EA32
:1061C0000C0F02D150EA013613D195EA0C0F05D11C
:1061D00052EA03361CBF104619460AD181EA030170
:1061E00001F0004141F0FE4141F470014FF0000028
:1061F00070BD41F0FE4141F4780170BD70B54FF0C3
:10620000FF0C4CF4E06C1CEA11541DBF1CEA135542
:1062100094EA0C0F95EA0C0F00F0A7F8A4EB050424
:1062200081EA030E52EA03354FEA013100F088801B
:106230004FEA03334FF0805545EA131343EA1263E4
:106240004FEA022245EA111545EA10654FEA002699
:106250000EF000419D4208BF964244F1FD0404F552
:10626000407402D25B084FEA3202B61A65EB0305AE
:106270005B084FEA32024FF480104FF4002CB6EB6B
:10628000020E75EB030E22BFB61A754640EA0C00EB
:106290005B084FEA3202B6EB020E75EB030E22BF2B
:1062A000B61A754640EA5C005B084FEA3202B6EB6C
:1062B000020E75EB030E22BFB61A754640EA9C002B
:1062C0005B084FEA3202B6EB020E75EB030E22BFFB
:1062D000B61A754640EADC0055EA060E18D04FEAB9
:1062E000051545EA16754FEA06164FEAC30343EA59
:1062F00052734FEAC2025FEA1C1CC0D111F4801F26
:106300000BD141EA00014FF000004FF0004CB6E71E
:1063100011F4801F04BF01430020B4F1FD0C88BFBD
:10632000BCF5E06F3FF6AFAEB5EB030C04BFB6EBC8
:10633000020C5FEA500C50F1000041EB045170BDBB
:106340000EF0004E4EEA113114EB5C04C2BFD4EBE8
:106350000C0541EA045170BD41F480114FF0000E6C
:10636000013C90E645EA060E8DE60CEA135594EAE8
:106370000C0F08BF95EA0C0F3FF43BAF94EA0C0FEB
:106380000AD150EA01347FF434AF95EA0C0F7FF460
:1063900025AF104619462CE795EA0C0F06D152EAB4
:1063A00003353FF4FDAE1046194622E750EA410698
:1063B00018BF52EA43067FF4C5AE50EA41047FF4A9
:1063C0000DAF52EA43057FF4EBAE12E74FF0FF3C0E
:1063D00006E000BF4FF0010C02E000BF4FF0010CDF
:1063E0004DF804CD4FEA410C7FEA6C5C4FEA430C58
:1063F00018BF7FEA6C5C1BD001B050EA410C0CBFA7
:1064000052EA430C91EA030F02BF90EA020F002008
:10641000704710F1000F91EA030F58BF994208BF6F
:1064200090422CBFD8176FEAE37040F0010070472C
:106430004FEA410C7FEA6C5C02D150EA013C07D183
:106440004FEA430C7FEA6C5CD6D152EA033CD3D0CE
:106450005DF8040B704700BF8446104662468C46C8
:106460001946634600E000BF01B5FFF7B7FF0028FB
:1064700048BF10F1000F01BD4DF808EDFFF7F4FF24
:106480000CBF012000205DF808FB00BF4DF808EDAF
:10649000FFF7EAFF34BF012000205DF808FB00BFD2
:1064A0004DF808EDFFF7E0FF94BF012000205DF8F4
:1064B00008FB00BF4DF808EDFFF7CEFF94BF0120A9
:1064C00000205DF808FB00BF4DF808EDFFF7C4FFA2
:1064D00034BF012000205DF808FB00BF4FEA410CEB
:1064E0007FEA6C5C02D150EA013C0AD14FEA430CCE
:1064F0007FEA6C5C02D152EA033C02D14FF000000B
:1065000070474FF0010070474FEA410212F5001248
:1065100015D211D56FF47873B3EB625212D94FEAEA
:10652000C12343F0004343EA505311F0004F23FAD4
:1065300002F018BF404270474FF00000704750EA29
:10654000013005D111F0004008BF6FF000407047E6
:106550004FF00000704700BF4A0011D212F5001240
:1065600011D20DD56FF47873B3EB62520ED44FEAAB
:10657000C12343F0004343EA505323FA02F070472B
:106580004FF00000704750EA013002D14FF0FF3069
:1065900070474FF0000070474FEA4102B2F1E0430C
:1065A00024BFB3F5001CDCF1FE5C0DD901F0004CFA
:1065B0004FEAC0024CEA5070B2F1004F40EB83004A
:1065C00008BF20F00100704711F0804F21D113F176
:1065D0003872BCBF01F00040704741F480114FEAAF
:1065E0005252C2F11802C2F1200C10FA0CF320FA38
:1065F00002F018BF40F001004FEAC1234FEAD32355
:1066000003FA0CFC40EA0C0023FA02F34FEA4303BE
:10661000CCE77FEA625307D150EA01331EBF4FF047
:10662000FE4040F44000704701F0004040F0FE4062
:1066300040F40000704700BF80F0004002E000BF5F
:1066400081F0004142001FBF5FEA410392EA030F5D
:106650007FEA226C7FEA236C6AD04FEA1262D2EBA7
:106660001363C1BFD218414048404140B8BF5B42AC
:10667000192B88BF704710F0004F40F4000020F045
:106680007F4018BF404211F0004F41F4000121F05B
:106690007F4118BF494292EA030F3FD0A2F10102A5
:1066A00041FA03FC10EB0C00C3F1200301FA03F1E3
:1066B00000F0004302D5494260EB4000B0F5000F06
:1066C00013D3B0F1807F06D340084FEA310102F1C5
:1066D0000102FE2A51D2B1F1004F40EBC25008BF77
:1066E00020F0010040EA03007047490040EB000041
:1066F000013A28BFB0F5000FEDD2B0FA80FCACF142
:10670000080CB2EB0C0200FA0CF0AABF00EBC2506E
:1067100052421843BCBFD0401843704792F0000F5C
:1067200081F4000106BF80F400000132013BB5E7AF
:106730004FEA41037FEA226C18BF7FEA236C21D025
:1067400092EA030F04D092F0000F08BF084670478A
:1067500090EA010F1CBF0020704712F07F4F04D158
:10676000400028BF40F00040704712F100723CBF6B
:1067700000F50000704700F0004343F0FE4040F495
:10678000000070477FEA226216BF08467FEA236353
:106790000146420206BF5FEA412390EA010F40F43E
:1067A000800070474FF0000304E000BF10F000438A
:1067B00048BF40425FEA000C08BF704743F0964371
:1067C00001464FF000001CE050EA010208BF70478C
:1067D0004FF000030AE000BF50EA010208BF704713
:1067E00011F0004302D5404261EB41015FEA010C28
:1067F00002BF84460146002043F0B64308BFA3F120
:106800008053A3F50003BCFA8CF2083AA3EBC25301
:1068100010DB01FA02FC634400FA02FCC2F1200220
:10682000BCF1004F20FA02F243EB020008BF20F057
:106830000100704702F1200201FA02FCC2F12002BD
:1068400050EA4C0021FA02F243EB020008BF20EAB2
:10685000DC7070474FF0FF0C1CEAD0521EBF1CEAE0
:10686000D15392EA0C0F93EA0C0F6FD01A4480EACE
:10687000010C400218BF5FEA41211ED04FF00063B7
:1068800043EA501043EA5111A0FB01310CF00040E3
:10689000B1F5000F3EBF490041EAD3715B0040EA09
:1068A000010062F17F02FD2A1DD8B3F1004F40EBD9
:1068B000C25008BF20F00100704790F0000F0CF0AC
:1068C000004C08BF49024CEA502040EA51207F3A70
:1068D000C2BFD2F1FF0340EAC250704740F400004B
:1068E0004FF00003013A5DDC12F1190FDCBF00F03C
:1068F00000407047C2F10002410021FA02F1C2F1EA
:10690000200200FA02FC5FEA310040F1000053EA85
:106910004C0308BF20EADC70704792F0000F00F0D3
:10692000004C02BF400010F4000F013AF9D040EAD9
:106930000C0093F0000F01F0004C02BF490011F46D
:10694000000F013BF9D041EA0C018FE70CEAD1536B
:1069500092EA0C0F18BF93EA0C0F0AD030F0004CEB
:1069600018BF31F0004CD8D180EA010000F000409F
:10697000704790F0000F17BF90F0004F084691F05D
:10698000000F91F0004F14D092EA0C0F01D1420297
:106990000FD193EA0C0F03D14B0218BF084608D160
:1069A00080EA010000F0004040F0FE4040F40000AA
:1069B000704740F0FE4040F4400070474FF0FF0C3D
:1069C0001CEAD0521EBF1CEAD15392EA0C0F93EA84
:1069D0000C0F69D0A2EB030280EA010C49024FEAD6
:1069E000402037D04FF0805343EA111143EA10138F
:1069F0000CF000408B4238BF5B0042F17D024FF447
:106A0000000C8B4224BF5B1A40EA0C00B3EB510F21
:106A100024BFA3EB510340EA5C00B3EB910F24BF0A
:106A2000A3EB910340EA9C00B3EBD10F24BFA3EB8F
:106A3000D10340EADC001B0118BF5FEA1C1CE0D157
:106A4000FD2A3FF650AF8B4240EBC25008BF20F00A
:106A5000010070470CF0004C4CEA50207F32C2BF5E
:106A6000D2F1FF0340EAC250704740F400004FF0FB
:106A70000003013A37E792F0000F00F0004C02BF2C
:106A8000400010F4000F013AF9D040EA0C0093F0F6
:106A9000000F01F0004C02BF490011F4000F013B50
:106AA000F9D041EA0C0195E70CEAD15392EA0C0FB8
:106AB00008D142027FF47DAF93EA0C0F7FF470AFF0
:106AC000084676E793EA0C0F04D14B023FF44CAF33
:106AD00008466EE730F0004C18BF31F0004CCAD1C8
:106AE00030F000427FF45CAF31F000437FF43CAF04
:106AF0005FE700BF4FF0FF3C06E000BF4FF0010C26
:106B000002E000BF4FF0010C4DF804CD4FEA400207
:106B10004FEA41037FEA226C18BF7FEA236C11D051
:106B200001B052EA530C18BF90EA010F58BFB2EB04
:106B3000030088BFC81738BF6FEAE17018BF40F084
:106B4000010070477FEA226C02D15FEA402C05D138
:106B50007FEA236CE4D15FEA412CE1D05DF8040BBD
:106B6000704700BF844608466146FFE70FB5FFF750
:106B7000C9FF002848BF10F1000F0FBD4DF808ED08
:106B8000FFF7F4FF0CBF012000205DF808FB00BFF9
:106B90004DF808EDFFF7EAFF34BF012000205DF853
:106BA00008FB00BF4DF808EDFFF7E0FF94BF0120A0
:106BB00000205DF808FB00BF4DF808EDFFF7D2FF9D
:106BC00094BF012000205DF808FB00BF4DF808EDE0
:106BD000FFF7C8FF34BF012000205DF808FB00BFAD
:106BE0004FEA40024FEA41037FEA226C02D15FEA9A
:106BF000402C08D17FEA236C02D15FEA412C02D1FC
:106C00004FF0000070474FF0010070474FEA40021C
:106C1000B2F1FE4F0FD34FF09E03B3EB12620DD9CA
:106C20004FEA002343F0004310F0004F23FA02F034
:106C300018BF404270474FF00000704712F1610FDB
:106C400001D1420205D110F0004008BF6FF00040B2
:106C500070474FF00000704742000ED2B2F1FE4F75
:106C60000BD34FF09E03B3EB126209D44FEA00231B
:106C700043F0004323FA02F070474FF000007047E2
:106C800012F1610F01D1420202D14FF0FF30704783
:106C90004FF00000704700BF0A22002101F016BD2E
:106CA0000A22002101F012BD024B0146186800F0D3
:106CB00003B800BFD88FFF1F2DE9F04F01F10B067D
:106CC000162E83B0044624D8102900F2BA8000F0B2
:106CD000A3FA102618220220B54F3A44A2F1080167
:106CE00053688B4200F0BA805A68D96822F00302D8
:106CF0001A449D68E9608D60516841F001012046A9
:106D0000516003F1080500F08DFA284603B0BDE894
:106D1000F08F36F0070600F19480B14200F29180C6
:106D200000F07AFAB6F5FC7FC0F09A81730A00F0A1
:106D30008F80042B00F26F81B30903F1390003F156
:106D4000380CC3009A4F3B44A3F108055B689D4291
:106D500006D10CE0002980F22781DB689D4206D035
:106D60005A6822F00302911B0F29F3DD60463D694A
:106D7000DFF840C265457CD06A6822F00302931BAD
:106D80000F2B00F37B81002BC7E904CC80F26C81D0
:106D9000B2F5007F80F01A81D308796801334FEA99
:106DA000521E012202FA0EF20A4357F833E0C5F8E8
:106DB00008E007EBC3010839E9607A6047F833500F
:106DC000CEF80C50831001219940914257D81142BE
:106DD00006D120F003004900114200F10400FAD06E
:106DE00007EBC0094D468646D5F80C80454508D1CD
:106DF0001DE1002B80F22481D8F80C80454500F07D
:106E00001681D8F8042022F00302931B0F2BF0DD2B
:106E10002046D8E9025408EB060146F00106C8F8FE
:106E20000460EC60A56043F00104C7E90411C1E906
:106E300002CC4C6048F8023000F0F4F908F1080583
:106E400002E00C2323600025284603B0BDE8F08F44
:106E50004FF4007340204FF03F0C73E7D3689A4221
:106E600008BF02307FF440AF3D69DFF848C1654597
:106E700082D17A688310012199409142A7D9BD68D7
:106E80006B6823F003094E4503D8A9EB06030F2BCB
:106E90007ADCDFF824B1494BDBF800201B680132B3
:106EA000334405EB090A00F0338103F580530F33B7
:106EB00023F47F6828F00F084146204602F03AF894
:106EC000411C024600F0F380824500F2EE803C4B0C
:106ED000196841441960084600F04E81DBF8001043
:106EE000019301311BBFA2EB0A010918CBF8002066
:106EF000196012F0070B00F01781CBF108010A446A
:106F0000CBF5805190440831A1EB0801C1F30B0A85
:106F100051462046009202F00DF8421CDDE90023A4
:106F200000F04F81801A00EB0A081968BA6048F037
:106F300001005144BD425060196000F02981B9F14F
:106F40000F0F40F227816868A9F10C0C2CF0070C98
:106F500000F0010040EA0C0068604FF0050E05EB00
:106F60000C00BCF10F0FC0E901EE00F23281506855
:106F70001546144B1A688A4238BF1960124B1A68BA
:106F80008A4238BF196094E0AA1943F0010346F021
:106F900001066E602046BA60536000F043F9083580
:106FA000284603B0BDE8F08FD9681A44A1E600BFB7
:106FB0003089FF1F3889FF1F388DFF1F14A3FF1F63
:106FC000E4A2FF1F0CA3FF1F10A3FF1FB2F5206F49
:106FD0004FEA522363D3142B00F2B78003F15C0114
:106FE000C9005B3307EB010E7958AEF1080E8E45F0
:106FF00000F091804B6823F00303934202D9896823
:107000008E45F7D1D1F80CE07A68C5E9021ECEF8BA
:107010000850CD60D6E6142B59D9542B00F29D8030
:10702000330B03F16F0003F16E0CC3008AE60EF11F
:10703000010E1EF0030F05F108057FF4D5AE51E0F7
:10704000424445465368D8F80C1043F0010353609E
:1070500055F8083F2046D9608B6000F0E3F8F3E66E
:10706000F00806F1080237E62A442046536843F048
:1070700001035360083500F0D5F8E5E6A91920466C
:1070800046F0010643F001046E60C7E90411C1E94E
:1070900002CC4C60AB5000F0C5F80835D4E693093B
:1070A00003F13901C90038339CE7BD425FD0BD68A8
:1070B000686820F003084645A8EB060302D80F2BAA
:1070C0003FF762AF204600F0ADF80025BCE603F1C3
:1070D0005C0003F15B0CC30034E659F808394B45FA
:1070E00040F0968010F0030F00F1FF30F5D17B687F
:1070F00023EA01037B60490099423FF6C0AE19B90B
:10710000BDE649000EF1040E1942FAD0704667E65A
:1071100003F11008D0E69A104FF001087B6808FAD6
:1071200002F21A437A6070E702EB08014942C1F3A8
:107130000B0A51462046009201F0FCFE431CDDE99B
:1071400000237FF4EFAEDA46EFE6542B25D8130B7D
:1071500003F16F01C9006E3344E7B3F5AA7F25D868
:10716000F30B03F1780003F1770CC300EAE5294B38
:10717000186840441860B1E6CAF30B0CBCF1000F6C
:107180007FF4ACAEBD68C84448F001006860F0E62A
:107190001546EEE60123536094E7B3F5AA7F23D8A2
:1071A000D30B03F17801C90077331BE740F2545247
:1071B000934223D8B30C03F17D0003F17C0CC30090
:1071C000C0E5ABF1080BD844A8EB02084FF0000A69
:1071D000ABE605F108012046009302F003FABD6812
:1071E000009B68681968C4E640F254518B420BD882
:1071F000930C03F17D01C9007C33F3E64FF47E73F9
:107200007F204FF07E0C9DE54FF47E717E23E9E6F2
:107210007B6870E7E4A2FF1F014801F0E1BE00BFF8
:107220005CA4FF1F014801F0DDBE00BF5CA4FF1F8E
:107230002DE9F84F1746002900F098800C4607F119
:107240000B058046FFF7E8FF162D54F8041C5BD8A9
:1072500010252A46AF425CD821F003069642A4F1DD
:10726000080962DABC4BD3F808C009EB0600844574
:1072700000F09780D0F804C02CF0010303445B6851
:10728000DB0768D42CF0030C06EB0C03934247DABF
:10729000CB0710D454F8083CA9EB030ADAF8043001
:1072A00023F003018C44B444944580F21181731897
:1072B000934280F2E88039464046FFF7FDFC0746DE
:1072C000E0B154F8043C23F001034B44A0F1080260
:1072D000934200F0D280321F242A00F2F580132A54
:1072E00000F2AC800346224611681960516859606B
:1072F00092689A602146404602F074F94046FFF7D2
:1073000091FF3846BDE8F88F25F00705002D2A4685
:10731000A0DA0C23C8F8003000273846BDE8F88F03
:107320001E46D0E90223D3609A60731B0F2B22D82C
:10733000D9F8043003F0010333434E44C9F8043054
:10734000736843F00103736040462746FFF76AFF06
:107350003846BDE8F88FC907ADD454F8083CA9EB0E
:10736000030ADAF8041021F00301A0E7BDE8F84FA2
:107370001146FFF7A1BCD9F8042009EB050102F082
:1073800001024E4443F001032A43C9F804204B6034
:10739000736843F0010308317360404602F022F93C
:1073A000D2E7DCF8040020F0030B06EB0B0C05F130
:1073B000100084454DDAC9073FF57DAF54F8081C2D
:1073C000A9EB010ADAF8041021F003018B44B3445D
:1073D00058453FF76CAF5746DAF80C1057F8080FCE
:1073E000321F242AC160886000F2DB80132A40F239
:1073F000D6802168CAF808106168CAF80C101B2AE8
:1074000000F2DF8008340AF110022168116061681F
:107410005160A16891600AEB0501ABEB050242F0F7
:10742000010299604A60DAF8043003F001032B434B
:107430004046CAF80430FFF7F5FE6EE723680360A4
:10744000636843601B2A68D804F1080200F108034E
:107450004AE709EB05029A60ACEB050343F0010330
:10746000536054F8043C03F001032B43404644F8B6
:10747000043CFFF7D7FE27464FE750F8043C23F0C3
:1074800003031E4451E75746DAF80C1057F8080F6B
:10749000321F242AC16088604CD8132A48D9216839
:1074A000CAF808106168CAF80C101B2A56D80834AC
:1074B0000AF110021E462368136063685360A368D4
:1074C0009360D1463C4630E7214601F01FFB11E7AF
:1074D000D0E902135746CB60996057F8081FDAF8D5
:1074E0000C30CB60321F242A99602DD8132A29D959
:1074F0002368CAF808306368CAF80C301B2A42D8DF
:1075000008340AF1100322681A6062685A60A2689F
:107510009A606646D1463C4607E7A3688360E36805
:10752000C360242A26D004F1100200F11003DBE628
:107530003A46BFE7214638461E46D14601F0E6FAF4
:107540003C46F2E63B46DEE7214638466646D146F3
:1075500001F0DCFA3C46E8E63089FF1FA168CAF872
:107560001010E168CAF81410242A20D010340AF14F
:1075700018029FE7236903616169416104F1180200
:1075800000F11803B0E6A368CAF81030E368CAF83F
:107590001430242A21D010340AF11803B3E73A46F4
:1075A00033E72146384601F0B1FA164B33E722693A
:1075B000CAF818206269CAF81C2018340AF120029F
:1075C00078E7A168CAF81010E168CAF81410242AF4
:1075D0000DD010340AF1180217E72369CAF81830E1
:1075E0006369CAF81C3018340AF120038BE722695A
:1075F000CAF818206269CAF81C2018340AF120025F
:1076000003E700BF3089FF1F2DE9F04FA1B0894685
:10761000002107921C9100220021CDE9041280462E
:1076200049461B910F4611F8012B2D2A5ED801A067
:1076300050F822F0CF770200ED760200ED760200DE
:10764000ED760200ED760200ED760200ED760200A6
:10765000ED760200ED76020023760200237602002A
:10766000237602002376020023760200ED760200E4
:10767000ED760200ED760200ED760200ED76020076
:10768000ED760200ED760200ED760200ED76020066
:10769000ED760200ED760200ED760200ED76020056
:1076A000ED760200ED760200ED760200ED76020046
:1076B000ED76020023760200ED760200ED76020000
:1076C000ED760200ED760200ED760200ED76020026
:1076D000ED760200ED760200ED760200ED76020016
:1076E000777E0200ED760200637E020000210991A0
:1076F000302A79D0002308932F2A144640F2298596
:107700004FF0000A38465646554612E00130082D23
:107710001B90C8BF0AEB8A0A0478C6BF02EB4A0274
:10772000A2F1300AA3F130062F2C05F10105224603
:107730006BDD06EB8603392C02EB4303E6DDA24941
:10774000012201F017FB002834D11B9B1A4601339C
:107750001B935478002D40F09C85302C40F04785D9
:10776000C3F10102981801331B931C78302CF9D017
:10777000A4F13103082B00F224831B9F431CA4F1C6
:10778000300E0A9301253C464FF0000B06EB8606AF
:107790000EEB46060020631C1B936478A4F13001B5
:1077A000092900F2DC8201308E46002940F0AD84C8
:1077B0001B9CF0E70020652CAB460A90864601D062
:1077C000452C2FD1002D74D1089B034370D1079B0A
:1077D00013B1079BC3F800904FF0000BD9465846F1
:1077E000494621B0BDE8F08F7A7802F0DF02582ACE
:1077F00000F06E8401371B973A78302AFAD0002ABD
:1078000000F0C7800123089376E76F49012201F059
:10781000B1FA002800F0D080AB464FF0000ECDF852
:1078200028E0704600230B93002D00F08E80304638
:10783000FEF740FB02460B46CDE90423DDE90A23AF
:10784000BBF1000F08BFAB46102DA3EB02032C4683
:10785000A8BF1024092D0C9313DD5C4B03EBC4036C
:1078600053E91223FEF7A0FBCDE904015046FEF7D1
:1078700021FB02460B46DDE90401FEF7DFF9CDE905
:1078800004010F2D00F3A8800C9B002B00F0138443
:107890000C9B40F36B83162B40F3E4840C9AC5F1E8
:1078A0002503934280F20C850C9B2C1B1C4499E011
:1078B0000025DDF86C9009F101031B9399F8014054
:1078C0002B2C00F07B822D2C00F0198200230C93CE
:1078D000A4F13003092B00F20D82302C05D11B9B43
:1078E00001331B931C78302CFAD0A4F13103082B00
:1078F00098D81B9A0B92531C1B93A4F13001547817
:107900002F2C09DC00F033BC01331B939CF80140A1
:107910002F2CA2F1300106DD01EB8102392C9C46AF
:1079200004EB4202F0DD0B9A9B1A082B40F31F84F4
:1079300044F61F630B930C9B002B3FF475AF0B9B1E
:107940005B420B93002D7FF472AF089B034320D161
:10795000BEF1000F7FF43BAF692C00F0268400F3EA
:107960001E83492C00F021844E2C7FF430AF18493F
:107970001BA802F049FA00283FF429AF1B9B1B7893
:10798000282B00F078851348FAF748FF834689468C
:1079900002E04FF0000BD946079A0AB11B9B136017
:1079A000099B002B3FF41BAF09F100439946584651
:1079B000494621B0BDE8F08F1B9B0A905A1C1B92D0
:1079C0005C78AB46EAE600BF5803030008070300F3
:1079D000680303002C0803000C9B2C1B1C44002C88
:1079E00040F3008314F00F000AD0BB4901EBC00143
:1079F000DDE90423D1E90001FEF7D6FACDE904015F
:107A000034F00F0340F06382002308933946009658
:107A10002B465A46404602F07FFB15900746002849
:107A200000F04E83DDE90A329B1A0C9A002AA8BFA7
:107A300000230D9322EAE27200239B4614929A4699
:107A40007968404602F0E8FA8146002800F0228179
:107A50003A690232920007F10C010C30F6F798FFF8
:107A6000DDE904010A910B461EA901911DA90B90A5
:107A700002460091404602F0FDFE1C90002800F0F6
:107A8000F8800121404602F0EFFB8246002800F01A
:107A900001811D9B002BC0F2F0800D9A149D9E1851
:107AA000089A1E9C9B1A23448C4A013B9342C4F1C2
:107AB000360480F2A380D21A1F2AA4EB020400F33A
:107AC000FF80012393400F9300231093089B2544CC
:107AD0003444A6421D443346A8BF2346AB42A8BF48
:107AE0002B46002B02DDE41AED1AF61A0D9B002B33
:107AF00000F39F80002C00F3B3800C9B002B00F35D
:107B0000D580002D00F3BD80002E08DD51463246A1
:107B1000404602F0E5FC8246002800F0BB801C993C
:107B20004A46404602F074FD8346002800F0B280C9
:107B30000026C368C66051460E9302F049FDB0426C
:107B4000C0F24E8400F0D3835146584602F0F2FE54
:107B500000224FF0804304460D46FEF7A1FC0028AA
:107B600051D00E9B002B00F0D7805D4B11935C4DE4
:107B7000059B10960F9300240F9A5A4E5A4B1640AD
:107B80009E4200F0F280089B7BB1B6F1D46F0CD816
:107B9000DDE910014EA3D3E90023FEF781FC0028A4
:107BA00040F07D8105F1D6639D1BDDE90A1002F0EE
:107BB000D9FD02460B4620462946FEF7F5F9DDE9D8
:107BC0000A32FEF73BF8CDE904010C46089B23B9C5
:107BD000444B23409E4200F0FD801C99404602F039
:107BE00041FA4946404602F03DFA5146404602F00D
:107BF00039FA5946404602F035FA21E701230020C0
:107C0000CDE90F3062E7394B002220462946FEF7C6
:107C1000CBF9CDE910010B460E990246002976D129
:107C200003F1004312921393059B0F93DDE9124574
:107C3000A2E751461A46404602F0F2FB824648B39C
:107C400001461C9A404602F03DFB18B30E901C9969
:107C5000404602F007FA0E9B1C93002C7FF74DAFB5
:107C60001C992246404602F03BFC1C9000287FF401
:107C700044AFCDF830905E4610E0149A0D9ED51AB0
:107C80000EE749462A46404602F02AFC8146002873
:107C90007FF43AAFCDF830905E461C98DFF8449000
:107CA0002223C8F800304FF0000BC5E04946149A73
:107CB000404602F0B5FB814600287FF422AFE9E799
:107CC0000B4AD31A012202FA03F3CDE90F23FDE692
:107CD0000000C0FFFFFFDF410807030002FCFFFFB9
:107CE0000000F03F0000F07F0000E07F0000E03F78
:107CF000E2FBFFFF0023CDF86C900B9394E501238A
:107D00000C9309F102031B9399F80240E0E5DDE9C9
:107D10001023CDE9122387E7DDE90412002940F0A2
:107D2000AD80C2F313030F92002B40F0AD80A44B43
:107D3000002220462946FEF7A9FB002840F0A08239
:107D4000A04B204629460022FEF72EF9CDE910016E
:107D500001F1004318901993DDE918450CE7652CF3
:107D60004FF0010E3FF4A5AD2AE5A2F1547305933F
:107D7000DDE904231046194602F0F4FC02460B46E6
:107D800020462946FEF710F9DDE90423FDF756FFEA
:107D90008D4A8E4B0A409A42CDE904017BD90A9A5A
:107DA00003F154739A4203D10B9B01333FF472AF3A
:107DB000874A4FF0FF33CDE904320EE700230C93DE
:107DC0009FE7652C00F0E480452C00F0E1804FF047
:107DD000010EBAE5109E119D3046294607F020FBA2
:107DE000FEF7B4F80B46024629463046FDF724FF5D
:107DF0000E9D049E45EA060CC4F313065CEA0603D6
:107E000004460D4600F0A98067A3D3E90023FEF7DE
:107E10003DFB48B966A3D3E9002320462946FEF777
:107E200053FB00283FF4D9AEDDE904341C98CDF8AB
:107E300030905E46A1469B460146404602F012F94C
:107E40000C99404602F00EF95146404602F00AF9FC
:107E50001599404602F006F93146404602F002F913
:107E60009AE501220992791C1B917A78002A3FF445
:107E7000AEAC0F463CE400220992F4E7DDE90412BF
:107E8000012900F07C810F924D49524D0023CDE92C
:107E90001031002470E601F15474059496E6DDE992
:107EA0001001FEF759FB012838BF0120FEF702F848
:107EB000CDE910010B460E990246002940F0708171
:107EC00003F1004316921793DDE916456AE6B3F510
:107ED0009A7F00F3F580102B4FEA23143E4B40F3BA
:107EE000E082DDE904019A4608930023994614F0E4
:107EF000010F09F101094FEA640404D0DAE9002313
:107F0000FEF752F80123012C0AF1080AEFD10BB158
:107F1000CDE90401089B03EBC90A059BA3F1547347
:107F20000593DDE90423DAE90001FEF73DF8264B6D
:107F3000CDE904010B400A4628498B4200F2C0807B
:107F4000A1F580118B4240F2448221494FF0FF336A
:107F5000CDE904310023089358E517A3D3E90023A2
:107F6000FEF794FA00283FF438AE5DE71633FFF6CB
:107F700033ADDDE90A329A1A194B03EBC203DDE98E
:107F80000401D3E90023FEF739F98346894603E566
:107F90004FF0000BCDF828B04FF0010E14E46E2C1A
:107FA0003FF4E5AC13E400BF9535A094FFFFDF3F3D
:107FB00035E5AF350000E03F9535A094FFFFCF3F9A
:107FC0000000F03F0000E03F0000F07FFFFF9F7CDB
:107FD000FFFFEF7F0000F0BFE00603000000A07C81
:107FE000080703003FF410AD644214F00F020AD0FA
:107FF000AA4B03EBC203DDE90401D3E90023FEF73A
:10800000FDF8CDE9040124113FF4FEAC1F2C35DC52
:1080100014F01003DDE9040118BF6A23DFF8809231
:1080200008930023E20704D5D9E90023FDF7BCFF3C
:108030000123641009F10809F4D10BB1CDE9040161
:10804000089B93B1DDE90401C1F30A52C2F16B034D
:10805000002B0ADD1F2B40F34C820020342B0490B0
:1080600040F360824FF05C730593DDE90401002268
:108070000023FEF701FA00283FF4C8AC22234FF09A
:10808000000BC8F80030D94686E41E9A049203F229
:1080900033421F9B23F4801343EA02530593E00508
:1080A00002D543F0004305937E4A1A401AB900F006
:1080B00069FF22230360DDE904349B46A1466BE49B
:1080C0002223DFF8E091C8F800304FF0000B63E4A2
:1080D0000293099B01931CAB0093734A1DAB1BA930
:1080E000404601F0D7FB10F00F0504463FF451ACB9
:1080F000062D7FD1079B0137002B3FF46DAB4FF06E
:10810000000B1F60D946FFF76ABB0A9B1B9C034408
:108110000A93012805F101031A4615D0284400F1FD
:10812000FF3C03E046009C450DD001332A46082A57
:108130001D4606EB8600F5D9102BDCBF0AEB8A0A38
:108140004FEA4A0AEFE70232082D46DC1546FFF7F0
:108150001DBB56490122384600F00CFE002878D09D
:108160004FF0000BDA465E465D46FFF756BB44F61D
:108170001F639942A8BF19460B91FFF7DCBBDDE9ED
:1081800004340F94002C7FF47FAECDF830905E461F
:1081900022234FF0000B1C98C8F80030D9464BE65C
:1081A000DDE91023CDE916238EE641491BA801F035
:1081B0002BFE00283FF40BAB1B9B3E49013B1BA849
:1081C0001B9301F021FE10B91B9B01331B93DFF8B9
:1081D000D4904FF0000BFFF7DFBB102ADCBF0AEB97
:1081E0008A0A01EB4A0A15460020FFF7D4BA00209C
:1081F000FFF7BEBA1C9A3AB135211EA802F0C4FBA3
:108200001C99404601F02EFF013D1D9B042D00F2FC
:10821000A18101A252F825F08B8002004982020060
:10822000438202002D8202008B8002004FF0FF3358
:108230006FF00045CDE90435E3057FF53CAF059BC4
:108240002FE7184B0593F7E71E9B04931F9B05939D
:1082500025E71B9B1A4601331B935478064682463A
:10826000FFF77BBA0C980D4901EBC001DDE904234F
:10827000D1E90001FDF798FE83468946FFF78CBBE4
:108280000D4B0E4C11930E9B10930023CDE9183427
:1082900062E5AB460A90FFF781BA00BF080703000A
:1082A000980303000000F07F6C03030058030300F1
:1082B0005C030300600303000000E03F0000E0BF38
:1082C000A54CC5F10F0504EBC501DDE90423D1E997
:1082D0000001FDF769FE0C9B5D1B04EBC504D4E9AE
:1082E0000023FDF761FE83468946FFF755BB0E9BD1
:1082F000CDF830905E46109FDDE90A9B002B00F020
:10830000AA80DDE90445954BC5F3130199422A463D
:108310003BD0002F00F0A880DDE904231F421C465B
:1083200021D00E9B58464946002B00F0BE8002F03B
:1083300019FA089D02460B467DB1C4F30A54C4F1F4
:108340006B04002C09DD240504F17F53002203F5A2
:108350004013FDF729FE02460B4658464946FDF7F5
:108360006DFC83468946089B6BB17D4B5846494658
:108370000022FDF719FE7B4B0B408946834613B95B
:108380002223C8F800301C9856E5089B0499002B5E
:1083900000F0B780734B2B40B3F1D46F00F2B18083
:1083A0001B0DC3F16B034FF0FF3000FA03F399424A
:1083B000AFD16D4B9A4200F0C8806A4B134003F571
:1083C0008013059300230493DDE904349B46A14602
:1083D000C9E702F15473059300230893FFF716BB16
:1083E000DDE904010E9BCDF8309003435D465E4607
:1083F000DDE90A9BB7D1C1F313030C46002BB2D1C0
:1084000021F000431B0D1B05B3F1D66FABD96B698F
:1084100013B92B69012BA6DD31460122404602F03B
:108420005FF85146064602F0D3F800289BDD089B12
:10843000002B7FD14B4B2340A3F580136FEA1353DE
:108440006FEA035305934FF0FF330493DDE90434DF
:108450009B46A14687E7DDE90412C2F313030B43F1
:1084600014467FF456AFE2E7DDE904340F9A1A426E
:108470003FF479AF55E73D491BA81EAA01F0DEFC89
:1084800005287FF480AA1F9B43F0FF4343F4E003D9
:1084900005931E9B0493DDE904349B46A146FFF738
:1084A0007BBA08934FF0000934E502F05BF9089DB0
:1084B00002460B4645B3C4F30A54C4F16B04002CC6
:1084C00009DD240504F17F530E9A03F54013FDF7EF
:1084D0006BFD02460B4658464946FDF7ADFB0022B0
:1084E000002383468946FDF7C7FF00283FF43DAFD0
:1084F0004EE64FF0FF3202FA03F3049A1A40049258
:10850000B3E54FF0FF3352E758464946FDF794FB79
:108510000022002383468946FDF7AEFF00283FF482
:1085200032AF35E6C2F14B024FF0FF3393400B40C0
:1085300005939AE50B4B2340B3F1D66F3FF77CAF21
:10854000B3F15C7F3FF711AF22E601317FF435AF25
:10855000FFF7A3BB0023A2E508070300FFFF0F00FE
:10856000000050390000F07FFFFFEF7F8003030021
:1085700010B4044C044B84460A46206810BC614683
:10858000FFF742B8D88FFF1F4C8DFF1F012B2DE93D
:10859000F84F41D0242B1F463ED880464A488E468D
:1085A00075461EF801BB10F80B4014F00804F7D113
:1085B000BBF12D0F71D0BBF12B0F08BF9EF800B09F
:1085C0006FF0004908BF05F1020E002B42D0102BBE
:1085D00055D0B9FBF7F60025284607FB169A05E0AB
:1085E00033D007FB00C001251EF801BBABF1300CF6
:1085F000BCF1090F06D9ABF1410CBCF1190F12D82F
:10860000ABF1370C634517DDB5F1FF3FECD0864287
:10861000E6D24FF0FF35E7E700F0B4FC1623036025
:108620000020BDE8F88FABF1610CBCF1190F03D845
:10863000ABF1570C6345E7DC6B1C25D084B9002AED
:10864000EFD095BB1160BDE8F88FE245C9DA4FF075
:10865000FF35C9E7BBF1300F04D00A273B46B8E726
:108660004042ECE79EF8003003F0DF03582B20D1A6
:1086700010279EF801B03B460EF1020EA9E7BBF1B0
:10868000300F19D01F46A4E72223C8F8003072B17A
:108690000EF1FF3148461160D5E79EF800B04FF06B
:1086A000004905F1020E01248FE78146F0E74846B4
:1086B000B7E708273B468CE79EF8000000F0DF0094
:1086C0005828D5D01F4684E7C103030010B4044CDA
:1086D00084461346206810BC0A466146FFF756BF21
:1086E000D88FFF1F2DE9F04707464C480E46354608
:1086F00016F801EB10F80EC01CF0080CF7D1BEF113
:108700002D0F5AD0BEF12B0F03BF96F800E0644640
:10871000AE1C64465BB1102B54D04FF0FF38B8FB51
:10872000F3F803FB08FA6FEA0A0A994608E0BEF17B
:10873000300F5AD00A23DFF8E8804FF0050A994637
:108740000025284605E02CD009FB00C0012516F8BD
:1087500001EBAEF1300CBCF1090F06D9AEF1410CC2
:10876000BCF1190F0BD8AEF1370C634510DDB5F134
:10877000FF3FECD04045E6D94FF0FF35E7E7AEF1DB
:10878000610CBCF1190F03D8AEF1570C6345EEDC58
:108790006B1C0BD004B140420AB165B91160BDE851
:1087A000F087D445D0DD4FF0FF35D0E722233B6082
:1087B0002846002AF3D0711EF0E796F800E0012465
:1087C000AE1CA7E7BEF1300F21D1307800F0DF00FA
:1087D000582816D14FF0100996F801E04FF00F0A13
:1087E00002366FF070484B46AAE7337803F0DF0398
:1087F000582BEFD008234FF0070A6FF060489946D6
:108800009EE799466FF070484FF00F0A98E74FF0D7
:108810000F0A6FF07048994692E700BFC10303004A
:108820009999991910B4044C84461346206810BCD9
:108830000A466146FFF756BFD88FFF1F13460A4608
:108840000146022000F02ABE70B50C4682B01546E3
:108850001E46FDF751FB2246002400962B4601944C
:1088600002F0FEF802B070BD024B0344587800F0ED
:1088700044007047C0030300024A0349034800F064
:10888000BBB800BF408DFF1FA9C60200B88EFF1FF6
:108890000C4B4168994210B5044601D003F004FF27
:1088A000A168094B994202D0204603F0FDFEE16821
:1088B000064B994204D02046BDE8104003F0F4BEB8
:1088C00010BD00BF18A3FF1F80A3FF1FE8A3FF1F59
:1088D0002DE9F8432A4C2B4B2B48DFF8B090DFF8FA
:1088E000B0802C4F1860002504230822294604F18B
:1088F0005C00294E6566C4E90253C4E90055C4E929
:108900000455A56100F07EF9244B636708222946CF
:1089100004F1C400C4E90749C4E90987C4E91A5548
:10892000C4E91E55C4F8CC502567C4F88050E662EF
:1089300000F068F91A4BC4F8DC30294604F16803EA
:10894000082204F59670C4F88430C4E92298C4E97A
:108950002476C4E93455C4E93855C4F83451C4F810
:10896000D850C4F8E85000F04DF904F1D003C4E940
:108970003C98C4E93E76C4F8EC30BDE8F88300BF0B
:1089800018A3FF1F50A4FF1F79880200818A0200EC
:10899000A58A0200E58A0200058B02000900010099
:1089A0001200020010B504460A4800F019FB636B80
:1089B00023B9094B094A1B68626323B1BDE8104023
:1089C000044800F00FBBFFF783FFBDE810400148EB
:1089D00000F008BB60A4FF1F50A4FF1F9188020095
:1089E000014800F0FDBA00BF60A4FF1F014800F07D
:1089F000F9BA00BF60A4FF1F2DE9F84380460F4677
:108A000016464FF00009D6E90154013D11D4A3895F
:108A1000012B05F1FF3508D9B4F90E300133214699
:108A200003D04046B84749EA00096B1C04F16804CA
:108A3000EDD13668002EE6D14846BDE8F88300BF88
:108A40000EB410B59DB06FF000411FABCDE906012B
:108A50000491094953F8042B0290084C08680193CB
:108A600002A9059402F04EF8029B00221A701DB074
:108A7000BDE8104003B07047D88FFF1F0802FFFF0A
:108A800010B50C46B1F90E1000F03EFA002803DBD9
:108A9000236D0344236510BDA38923F48053A38170
:108AA00010BD00BF2DE9F0410C46B1F90C101F4676
:108AB000CB05054616460BD421F48051A1813B46D7
:108AC000B4F90E1032462846BDE8F04100F044BA31
:108AD000B4F90E100223002200F000FAB4F90C10D1
:108AE000EAE700BF10B50C46B1F90E1000F0F6F938
:108AF000A389421C0EBF23F4805343F480532065A6
:108B0000A38110BDB1F90E1000F0D6B988420DD97D
:108B10008B1883420AD900EB020CBAB1624613F8F3
:108B200001CD02F801CD9942F9D170470F2A0ED834
:108B3000034602F1FF3C4AB10CF1010C013B8C44AD
:108B400011F8012B03F8012F6145F9D1704740EA74
:108B500001039B0750D1A2F1100370B501F1200C65
:108B600023F00F0501F1100E00F11004AC441B09B5
:108B70005EF8105C44F8105C5EF80C5C44F80C5C29
:108B80005EF8085C44F8085C5EF8045C44F8045C39
:108B90000EF1100EE64504F11004E9D1013312F094
:108BA0000C0F01EB031102F00F0400EB031327D0AD
:108BB000043C24F003064FEA940C1E441C1F8E460E
:108BC0005EF8045B44F8045FB442F9D10CF101048F
:108BD00002F0030203EB840301EB840102F1FF3C8A
:108BE0004AB10CF1010C013B8C4411F8012B03F844
:108BF000012F6145F9D170BD02F1FF3C03469BE7AF
:108C00002246EBE7830730B548D0541E002A3FD0F8
:108C1000CAB2034601E0013C3AD303F8012B9D0799
:108C2000F9D1032C2DD9CDB245EA05250F2C45EA03
:108C3000054536D9A4F1100222F00F0C03F1200EE5
:108C4000E6444FEA121C03F1100242E9045542E9DE
:108C5000025510327245F8D10CF1010214F00C0FDC
:108C600003EB021204F00F0C13D0ACF1040323F059
:108C700003030433134442F8045B9342FBD10CF02A
:108C800003042CB1C9B21C4403F8011B9C42FBD164
:108C900030BD64461346002CF4D1F9E70346144670
:108CA000BFE71A46A446E0E711F0FF01034644D0AF
:108CB000820732D110B5046841EA012E4EEA0E4E09
:108CC0008EEA0402A2F1013323EA0203A4F1013285
:108CD00022EA0402134313F0803F0FD150F8044FEF
:108CE00084EA0E0CA4F10133ACF1013223EA04034F
:108CF00022EA0C02134313F0803FEFD0037823B92C
:108D000036E010F8013F002B32D09942F9D110BD66
:108D10008A4211D09A071846CCD0184613F8012B76
:108D2000002AF5D1104670479907184607D0184613
:108D300001330278002AF7D170478207F7D1026821
:108D4000A2F1013323EA020313F0803F08D150F867
:108D5000042FA2F1013323EA020313F0803FF6D07F
:108D60000378002BE8D010F8013F002BFBD17047AF
:108D7000184610BD002A3ED040EA01039B0730B5DB
:108D800084462FD1032A2DD90B4608E0043A8446A5
:108D9000194625D01EF0803F22D1032A22D904682B
:108DA000194653F8045BA4F1013EAC4284462EEA16
:108DB000040E00F10400E9D09CF800000C78A042F9
:108DC0001BD1E64668B11EF8010F11F8014FA2EB66
:108DD0000E03A04203F1FF330FD11CEB0303F1D1CB
:108DE000002030BD9CF800000C78844205D1012A97
:108DF000F6D0E646E6E710467047001B30BD00BFE0
:108E000040EA01039B0730B501D1032A0FD88446FD
:108E100001F1FF3E07E01EF8011F03F8011B541E7D
:108E2000C1B19C4622466346002AF4D130BD0B46B0
:108E30008446194653F8045BA5F1013424EA05047D
:108E400014F0803FE4D1043A032A4CF8045B19463D
:108E5000EFD8DDE79444002CE8D003F8011B63450C
:108E6000FBD130BD41EA00029207034615D10A68E2
:108E7000A2F1013020EA020010F0803F0DD101F193
:108E8000040C43F8042B61465CF8042BA2F101307A
:108E900020EA020010F0803FF3D011F8012B1846B1
:108EA00003F8012B002AF8D1704700BF014B93F85B
:108EB000280170474C8DFF1F38B5074D002204462E
:108EC00008462A60F5F77EFE431C00D038BD2B68AB
:108ED000002BFBD0236038BD54A4FF1F38B50C46CF
:108EE000084D8446114620461A4600232B606446EE
:108EF000F5F774FE431C00D038BD2B68002BFBD067
:108F0000236038BD54A4FF1F38B50C46084D844675
:108F1000114620461A4600232B606446F5F750FEA2
:108F2000431C00D038BD2B68002BFBD0236038BD1C
:108F300054A4FF1F38B5074D0022044608462A6096
:108F4000F5F728FE431C00D038BD2B68002BFBD062
:108F5000236038BD54A4FF1F38B50C46084D844625
:108F6000114620461A4600232B606446F5F774FB31
:108F7000431C00D038BD2B68002BFBD0236038BDCC
:108F800054A4FF1F014B1868704700BFD88FFF1F04
:108F900070B50D4E0D4D761BB61006D0002455F859
:108FA000043B01349847A642F9D1094E094D761B7E
:108FB00007F09CFCB61006D0002455F8043B0134A1
:108FC0009847A642F9D170BDF8080300F8080300DD
:108FD0009C090300F8080300704700BF704700BFFA
:108FE000704700BF704700BFFFFFFFFFFFFFFFFF9D
:108FF000FFFFFFFFFFFFFFFFFFFFFFFFFFFFFFFF81
:10900000A2EB0300704700BF02780B78012A28BF4B
:109010009A42F5D16DE9044540EA0104CDE90267C1
:109020006FF0000C4FEA447212B380EA010414F0AE
:10903000070F6AD100F0070420F0070004F00305D1
:1090400021F007014FEAC505F0E8042314F0040FEE
:10905000F1E804670CFA05F462EA040266EA040621
:109060000AD063EA0403624667EA0407664603E03F
:10907000F0E80423F1E8046782FA4CF582EA06047A
:10908000A4FA8CF46CBB83FA4CF583EA0705A5FAC5
:109090008CF595B950E9022351E9026782FA4CF543
:1090A00082EA0604A4FA8CF483FA4CF583EA0705F5
:1090B000A5FA8CF52543DBD09CB92DBAB5FA85F419
:1090C00024F0070427FA04F1DDE9026723FA04F328
:1090D00003F0FF0001F0FF01FDE80445A0EB0100F3
:1090E000704724BAB4FA84F424F0070426FA04F191
:1090F000DDE9026722FA04F202F0FF0001F0FF014D
:10910000FDE80445A0EB0100704714F0030F3CD1CB
:1091100010F0030428D150F8082B51F8083B82FACC
:109120004CF582EA0305A5FA8CF55DB950F8042CDC
:1091300051F8043C82FA4CF582EA0305A5FA8CF555
:10914000002DE8D02DBAB5FA85F424F0070423FAEF
:1091500004F122FA04F202F0FF0001F0FF01FDE841
:109160000445A0EB010070474FEAC40420F003005F
:1091700050F8082B21F0030151F8083B0CFA04F4D5
:1091800062EA040263EA0403C9E710F003041AD098
:10919000A1EB040120F00300E40750F8042B06D0F3
:1091A0000FD28B785FFAA2F4E41A06D12BB1CB78F8
:1091B0005FFAB2F4E41A00D11BB920465DF8104BF7
:1091C000704701F1040150F8042BCC0721F0030192
:1091D00051F8043B48D824D222F07F4482FA4CF55F
:1091E00094EA1325A5FA8CF50AD165B951F8043B28
:1091F00084EA0204B4EB036F0ED150F8042BEBE7C2
:109200004FEA132355E035F07F454DD10878FDE84E
:109210000445C0F1000070474FEA126203F0FF03FB
:1092200047E002EA1C4482FA4CF594EA1345A5FA99
:109230008CF50AD165B951F8043B84EA0204B4EB19
:10924000034F0CD150F8042BEBE74FEA134330E007
:1092500015EA1C4528D10B884FEA124229E04FEA53
:10926000124203EA1C4324E002F0FF0482FA4CF5A8
:1092700094EA1365A5FA8CF50AD165B951F8043B57
:1092800084EA0204B4EB032F09D150F8042BEBE776
:109290004FEA13630DE015F0FF0F05D10B684FEA9D
:1092A000122223F07F4304E04FF00000FDE8044564
:1092B000704712BA1BBA82FA4CF482EA0304A4FA89
:1092C0008CF5B5FA85F402FA04F203FA04F34FEAD6
:1092D0001260FDE80445A0EB1360704780EA0102CC
:1092E000844612F0030F4FD111F0030F32D14DF825
:1092F000044D11F0040F51F8043B0BD0A3F10132DF
:109300009A4312F0803F04BF4CF8043B51F8043BF1
:1093100016D100BF51F8044BA3F101329A4312F069
:10932000803FA4F101320BD14CF8043BA24312F070
:10933000803F04BF51F8043B4CF8044BEAD023466D
:109340000CF8013B13F0FF0F4FEA3323F8D15DF81F
:10935000044B704711F0010F06D011F8012B0CF8E7
:10936000012B002A08BF704711F0020FBFD031F85F
:10937000022B12F0FF0F16BF2CF8022B8CF80020E6
:1093800012F47F4FB3D1704711F8012B0CF8012B69
:10939000002AF9D1704700BFFFFFFFFFFFFFFFFF6B
:1093A000FFFFFFFFFFFFFFFFFFFFFFFFFFFFFFFFCD
:1093B000FFFFFFFFFFFFFFFFFFFFFFFFFFFFFFFFBD
:1093C00090F800F06DE9024520F007016FF0000C05
:1093D00010F0070491F820F040F049804FF00004AD
:1093E0006FF00700D1E9002391F840F000F1080088
:1093F00082FA4CF2A4FA8CF283FA4CF3A2FA8CF3C0
:109400004BBBD1E9022382FA4CF200F10800A4FA26
:109410008CF283FA4CF3A2FA8CF3E3B9D1E904237A
:1094200082FA4CF200F10800A4FA8CF283FA4CF3B1
:10943000A2FA8CF37BB9D1E9062301F1200182FA6B
:109440004CF200F10800A4FA8CF283FA4CF3A2FA71
:109450008CF3002BC6D0002A04BF04301A4612BA7F
:10946000B2FA82F2FDE8024500EBD2007047D1E982
:10947000002304F00305C4F100004FEAC50514F011
:10948000040F91F840F00CFA05F562EA05021CBFE2
:1094900063EA050362464FF00004A9E72DE9F047AF
:1094A000DFF874A00646DAF8000098460F469146A9
:1094B000FFF796FD194B1C6824B365681F2D24DC4B
:1094C0005EB96B1C0235DAF80000636044F8257061
:1094D000FFF788FD0020BDE8F08704EB850101233C
:1094E000C1F88890D4F88821AB401A43022EC4F802
:1094F0008821C1F80881E4D1D4F88C211A43C4F83A
:109500008C21DEE7064C1C60D7E7DAF80000FFF795
:1095100069FD4FF0FF30DEE7DC8FFF1FF4A5FF1F72
:1095200064A4FF1F024B13B1024800F005B8704756
:1095300000000000EDC80200002301461A4618464C
:10954000FFF7ACBFF8B5244F0C460646FDF764FEA6
:10955000BB685D68C4F57E610F3125F003054B19CA
:1095600023F47F6323F00F03A3F58054B4F5805FE9
:1095700007DB00213046FFF7DDFCBB682B44984237
:1095800004D03046FDF74EFE0020F8BD6142304663
:10959000FFF7D0FC01300DD0104ABB682D1B45F001
:1095A00001055D60136830461B1B1360FDF73AFE32
:1095B0000120F8BD00213046FFF7BCFCBA68831AD1
:1095C0000F2BDEDD43F001035360054B03491B689D
:1095D000C01A0860D5E700BF3089FF1FE4A2FF1F53
:1095E000388DFF1F002961D0F8B50C460646FDF7FF
:1095F00013FE54F8042C7B4FA4F1080522F001015E
:1096000005EB010CB868DCF80430604523F0030377
:1096100000F08B80D207CCF8043032D454F8082CF8
:10962000AD1A1144AA6807F1080082426AD00CEB17
:109630000304D4F804E0EC68D4601EF0010FA260CB
:1096400000F0978041F001036B60CCF80010B1F599
:10965000007F35D27868CB080122490901338A405E
:10966000024357F833107A6007EBC302083AC5E9A2
:10967000021247F83350CD603046BDE8F840FDF7A0
:10968000D1BD0CEB03025268D00710D4194407F186
:109690000800DCF80830834273D0DCF80C20DA6074
:1096A000936041F001036B606950D0E7704741F06F
:1096B0000103B1F5007F44F8043CCCF80010C9D395
:1096C000B1F5206F4FEA512348D28B0903F13900DD
:1096D00003F13802C300F818FB580838984259D0F3
:1096E0005A6822F003028A4202D99B689842F7D155
:1096F000D868C5E902308560DD603046BDE8F840D5
:10970000FDF790BD0CEB03025268D20763D40B4403
:10971000DCE90212CA60916043F001026A603046DF
:10972000EB50BDE8F840FDF77DBD0B44D10707D4F1
:1097300054F8082CAD1A1344D5E90212CA6091609E
:1097400043F001026A60284ABD6012689A4293D8C9
:10975000264B30461968FFF7F5FE8DE7142B0AD922
:10976000542B1FD80B0B03F16F0003F16E02C300E3
:10977000B1E719448DE703F15C0003F15B02C3001C
:10978000A9E741F00103C7E90455C5E902006B6090
:10979000695071E779689210012404FA02F20A43D1
:1097A0007A60A6E7B3F5AA7F06D8CB0B03F1780061
:1097B00003F17702C3008EE740F25452934206D879
:1097C0008B0C03F17D0003F17C02C30083E74FF4AF
:1097D0007E737E227FE741F001036B60CCF80010BE
:1097E0004AE700BF3089FF1F3C8DFF1F14A3FF1FF6
:1097F0002DE9F0410469B4EB611F2FDD00F1140E77
:109800004E1111F01F0C0EEB84050EEB86032BD0CE
:109810005EF8261004339D4221FA0CF1CCF12008A9
:1098200018D977461A6802FA08F20A4347F8042B57
:1098300053F8041B9D4221FA0CF1F3D8A31B9B00A3
:10984000053B9B0801330EEB83044EF82310C9B18E
:10985000043417E0416174460029F9D10023036103
:1098600000234361BDE8F0819D4288BF00F11002F2
:10987000F4D953F8041B42F8041F9D42F9D8A41BE5
:109880000EEB8404A4EB0E039B1074450361E7D038
:10989000BDE8F0812DE9F04F0C688A46A17885B0CB
:1098A000302900909346029340F0C4816FF001008C
:1098B000001BE21C8318144612F8011B3029F9D052
:1098C000DFF8C48218F80120002A00F0DE80227838
:1098D000002718F802203D4626462AB116F8012F27
:1098E00018F80220002AF9D1A84901930122304634
:1098F000FFF740FA019B814600284CD0002D4DD146
:109900003278A94602F0DF02502A35464FD0CAF815
:109910000060002F68D12B1B013B072B394604DD6B
:109920005B10072B01F10101FADC009800F074FBD9
:109930008246002800F05A8200F11406AC420196DB
:1099400080F0C8810027CDF80C909049A1463C4694
:109950000CE0202F19D0384604372A7818F8022056
:1099600002F00F02824014434D4545D015F8012DF9
:109970002E2AEED14D45ECD301222846FFF7FAF905
:1099800082490028F0D0202FE5D1002046F8044B72
:1099900004270446E1E7002D00F03981327802F017
:1099A000DF02AD1B502A4FEA85093546AFD16A78F0
:1099B0002B2A00F01D812D2A00F09D806E1C0020B6
:1099C00018F802104A1E182A00F29380727818F8CC
:1099D000022010390136002A54D100B1494289448D
:1099E000CAF80060002F96D0002B14BF0025062572
:1099F000284605B0BDE8F08FDDF80C90234646F808
:109A0000043B1846019BF61AB610CAF8106000F025
:109A1000DBFB7601DBF80040361AA6426FDCC0F2B1
:109A2000E9800027DBF808304B45C0F24A81DBF8BB
:109A300004304B4546DDA3EB09094C457CDCDBF8E3
:109A40000C20022A00F05E81032A00F07A81012AAC
:109A500000F068810098514600F004FB50250E9AF2
:109A600000232846136005B0BDE8F08F01EB8101AB
:109A700002EB4102A2F1100116F8012F18F80220A2
:109A8000002AAAD0192AF1DDA7E740490193012253
:109A90002046FFF76FF9019B00286BD1617818F819
:109AA0000120651C002A67D030292C4605D114F806
:109AB000013F302BFBD018F80320B2FA82F77F0960
:109AC000012309E7012557B1DBF80C30022B5FD0E9
:109AD000032B61D0012B00F0828045F010050E9B16
:109AE000C3F800A0029B2846C3F8009005B0BDE86B
:109AF000F08F2E460BE70120AA78AE1C60E7361BDC
:109B00003146504600F06EFF074678B1721E531181
:109B10000199012751F8231002F01F0307FA03F3FC
:109B20000B4203D0BA4200F3E08002273146504690
:109B3000B144FFF75DFE75E709F1FF35002F40F0F6
:109B4000CC80002D40F0CB806B11019A05F01F05F1
:109B500052F823200123AB4013424946504618BF18
:109B600047F00207A4EB0904FFF742FE0225DBF8E9
:109B70000490A8E72178254601F0DF01502900F084
:109B8000BD80CAF800502FE780050300580303008A
:109B90000F9BC3F101030F930F9B002B9DD0DAF8AD
:109BA0001070DDF80480BA004346019208EB87008C
:109BB000002103E0984243F8041C3ED91E4653F8A6
:109BC000042BB2F1FF3FF5D00132022D326000F0DC
:109BD000BD8014F01F0440F0E38021257FE7BA0721
:109BE0007FF57BAF019B1B681F43FB07D7D474E74E
:109BF000002081E7A21B51460098A9EB020900F062
:109C00006FFC00F114038246019300270AE7727883
:109C100018F80200711C002800F09F800D4611F812
:109C2000012F18F802000028F8D1751B4FEA8509AA
:109C30000E4667E60234002342E6DAF808309F4217
:109C400080F28D803B460AEB830201210133022D15
:109C5000CAF81030516179D09F42BADA002B40F334
:109C60009880DAF8142008EB83030AF11800834285
:109C70004FEA520240F2AE804446016842EAC172A5
:109C800044F8042B50F8042B83424FEA5202F4D8D4
:109C9000A3EB0A03193B9B08013348F8232008EB88
:109CA0008303002A40F09A80A3EB080292104345F8
:109CB000CAF8102070D0DBF8083009F101094B45D3
:109CC0008BDA0098514600F0CDF90E9A002313600C
:109CD000A3258DE6019E002391E6012734E729465E
:109CE000504600F07FFE07462EE7B11E504600F0BA
:109CF00079FE00283FF419AF032717E74FF000095A
:109D0000012754E60F9A002A7FF4A4AE02990B6053
:109D1000019B0122CAF810201A600E9B6225C3F82D
:109D200000A065E64C457FF495AE012CEED0611E97
:109D3000504600F057FE00283FF48CAEDBF80430AC
:109D4000E4E70F9A002A3FF485AEDFE7DBF8003046
:109D5000013BA34232D02225C1E60E46D2E5DAF815
:109D600004100098013100F057F90646C0B3DAF844
:109D7000103002339A000AF10C010C30F4F708FE9F
:109D80005146009800F06EF906F114083369B246A6
:109D900059E70023CAF810300023CAF814308AE7C4
:109DA000019B4344C4F1200453F8040C00F00CFA66
:109DB000A042BFF612AFDAF810304FE7631104F09B
:109DC0001F0458F823200123A34013420CBF22256F
:109DD000212584E6C8F8002043466AB1043363E7CE
:109DE000074B08483246842102F0EAFD044B05483F
:109DF0005246E42102F0E4FDCAF81020CCE700BF8F
:109E0000080503001C05030010B4046809E014F8F9
:109E1000013FA3F1410CBCF1190F98BF20339342CD
:109E200008D111F8012B002AF1D10134046001207E
:109E300010BC7047002010BC704700BF2DE9F04FE8
:109E4000096885B04B1111F01F01029002EB8303EA
:109E5000039140F08F801D1F0193029B01991C68A4
:109E6000002341F8043C61780134002900F0988017
:109E7000DFF87491A846AC469A461E460EE02029AB
:109E800000F28C80564506DDC44501D2072B5BDD10
:109E9000624551D3082314F8011FA1B119F801003C
:109EA0000028ECD00133082B06F101063ADCDCF87F
:109EB0000010090100F00F000843CCF8000014F86E
:109EC000011F0029EAD1002E6AD0C44501D2072B18
:109ED00074DD624552D2111F634653F8040B41F8FA
:109EE000040FAB42F9D9A5EB0C0323F00303691C63
:109EF00004330CF1010C614538BF042313440021E5
:109F000043F8041BAB42FBD9019B53F8043C2BB92B
:109F1000AA4249D055F8043D002BF9D0052005B0E0
:109F2000BDE8F08F6245B6D200234CF8043C1946D8
:109F3000ACF1040C0123BDE70023ACF104084CF89C
:109F4000043CB246C446A6E7C3F10801DCF8003081
:109F50008900C1F1200E60469B46476807FA0EF360
:109F600043EA0B0327FA01FB036040F804BF4045B6
:109F7000F3D38DE7191D01911D466EE7039B002B5E
:109F8000C2D0039B0198C3F120014FF0FF33CB40B7
:109F900050F8041C0B4040F8043CB8E7292909D0CC
:109FA000042005B0BDE8F08F012305202B6005B02B
:109FB000BDE8F08F029901340C6084E7DCF80010F2
:109FC000C3F108039B00C3F1200764460846666896
:109FD00006FA07F1014326FA03F0216044F8040F62
:109FE0004445F4D375E700BF8005030082B049B152
:109FF0005AB16BB113780B601278101E18BF012094
:10A0000002B0704701A9002AF3D1104602B0704790
:10A010006FF00100F4E700BF436C70B505460C46D5
:10A020004BB153F8240080B1026843F82420002388
:10A03000C0E9033370BD2122042102F0E1FC034694
:10A0400068640028EDD1002070BD012101FA04F6FA
:10A05000721D9200284602F0D3FC0028F3D0C0E91C
:10A060000146E4E731B1436C4A6853F822000860C6
:10A0700043F82210704700BF2DE9F0410D690746F3
:10A080000E461C4601F1140E0020DEF800108BB2C3
:10A0900002FB03434FEA134C090C02FB01CC0130D5
:10A0A0009BB203EB0C4385424EF8043B4FEA1C4441
:10A0B000EBDC3CB1B368AB4207DD06EB8503013551
:10A0C0005C6135613046BDE8F08171683846013128
:10A0D000FFF7A2FF8046A8B13269023206F10C01F7
:10A0E00092000C30F4F754FC7B6C726853F8221029
:10A0F000316043F82260464606EB850301355C611A
:10A100003561DFE7024B03484246BA2102F058FCB2
:10A1100008050300800603002DE9F8431746274A87
:10A120001E4608330C46092E82FB03124FEAE373E6
:10A130000546C3EB620339DD4FF0010C00214FEA05
:10A140004C0C634501F10101F9DC2846FFF764FF7F
:10A15000014668B3089B4361092F4FF00103036177
:10A1600012DC0A340927BE420BDDF61B264414F824
:10A17000013B0A22303B2846FFF77EFFA6420146FC
:10A18000F5D10846BDE8F88304F10909C8463C4406
:10A1900018F8013B0A22303B2846FFF76DFFA04527
:10A1A0000146F5D1A7F108044C44DCE70021CCE7D7
:10A1B0000A46034B0348D32102F002FC398EE338F0
:10A1C0000805030080060300020C12040346CAB906
:10A1D0000304102013F07F4F04BF1B02083013F05C
:10A1E000704F04BF1B01043013F0404F04BF9B00AD
:10A1F0000230002B05DB13F0804F00F1010008BF97
:10A20000202070470020E5E7036813F007020146AD
:10A2100007D0DA071FD4980721D55B080B6001200F
:10A22000704798B2A0B11046DAB20AB908301B0ADA
:10A230001A0704BF1B0904309A0704BF9B080230A9
:10A24000DA0703D45B0800F1010006D00B60704709
:10A250001B0C1020E8E700207047202070479B0867
:10A260000B600220704700BF38B5436C04460D46B2
:10A270004BB15868B0B102685A6000220123C0E9AE
:10A280000435C26038BD2122042102F0B9FB034627
:10A2900060640028EDD1094B0948002240F24511C5
:10A2A00002F08EFB1C220121204602F0A9FB0028AF
:10A2B000F1D001220223C0E90123DEE708050300F3
:10A2C000800603002DE9F04F0E691569AE4285B096
:10A2D0008846144605DB2A46234635460C46164674
:10A2E0009846A3686168AF19BB42B8BF0131FFF758
:10A2F00093FE0190002800F08780019B03F1140970
:10A3000009EB870AD14505D24B46002243F8042BBE
:10A310009A45FBD808F1140808EB860B04F11403E6
:10A32000D8451A4603EB85055FD22B1B153B23F05E
:10A33000030304331534A54238BF0423CDE902A733
:10A34000AC461F46924605E0090C29D1C34509F1E8
:10A35000040948D958F8041B8DB2002DF4D0564694
:10A360004C46002356F8041B22681FFA81FE90B267
:10A37000090C05FB0E00120C034405FB012202EB45
:10A3800013429BB243EA0243B44544F8043B4FEA0C
:10A390001243E7D849F8073058F8041C090CD5D007
:10A3A000D9F8003050461A464C4600260588120C53
:10A3B00001FB052216449BB243EA064344F8043BE2
:10A3C00050F8045B22682D0C93B201FB053303EBBC
:10A3D000164384454FEA1346E8D8C34549F8073089
:10A3E00009F10409B6D8DDE902A7002F02DC05E077
:10A3F000013F03D05AF8043D002BF9D0019B1846C9
:10A400001F6105B0BDE8F08F034B0448019A4FF47B
:10A41000B17102F0D5FA00BF080503008006030001
:10A4200012F003032DE9F0411446064632D10D46E1
:10A43000A41020D0D6F84080B8F1000F33D0E30745
:10A440004FF0000707D4641015D0D8F80000A8B169
:10A450008046E307F7D5424629463046FFF732FFEC
:10A46000B5B16968736C641053F821202A6043F811
:10A4700021500546E9D12846BDE8F08142464146D3
:10A480003046FFF71FFFC8F8000007608046E0E78E
:10A490000546D8E7013B0F4A52F823200023FFF777
:10A4A000EBFD0546C4E701213046FFF7B5FD8046C8
:10A4B00040B1012340F27122C0E90432002330642C
:10A4C0000360BCE7044B0548424640F2451102F0E8
:10A4D00077FA00BFD00703000805030080060300D9
:10A4E0002DE9F0470C4690462669A368496806EBBB
:10A4F0006216751C9D4207464FEA621904DD5B0037
:10A500009D4201F10101FADC3846FFF785FD8446E2
:10A51000002851D0B9F1000F00F114000EDD09F14F
:10A5200005024FEA820E03460CEB8202002143F83B
:10A53000041B9342FBD1AEF114031844216904F1CA
:10A54000140318F01F0803EB81012DD0C8F1200976
:10A5500086464FF0000A1A6802FA08F242EA0A0236
:10A560004EF8042B53F8042B994222FA09FAF2D838
:10A570000B1B153B23F00303043304F11502914236
:10A5800038BF0423BAF1000F18BF2E4640F803A0CD
:10A590007B6C6268CCF8106053F822102160604632
:10A5A00043F82240BDE8F087043853F8042B40F804
:10A5B000042F9942F9D8EBE7034B044862464FF465
:10A5C000EF7102F0FDF900BF0805030080060300EB
:10A5D0000B6984460069C01A15D10CF1140C1431B2
:10A5E0000CEB830210B401EB830301E0944508D225
:10A5F00052F8044D53F8041D8C42F7D004D24FF0AA
:10A60000FF3010BC70477047012010BC704700BF7E
:10A610002DE9F84F0F691369FF1A002F0E46904677
:10A620007FD101F11405143202EB830205EB8303A1
:10A6300001E09D4278D253F8041D52F8044DA14226
:10A64000F7D069D37168FFF7E7FC8146002877D01F
:10A650003569D8F81020C76008F1140E06F114000F
:10A6600009F1140A06F110010EEB820200EB8507D6
:10A6700056464FF0000C5EF8044B51F804BFA3B2ED
:10A680001CFA8BFCACEB03034FEA144CCCEB1B4CD9
:10A690000CEB234C9BB243EA0C43724546F8043B57
:10A6A0004FEA2C4CE7D8A2EB0801153908F1150840
:10A6B000424521F0030404F1040438BF042420447B
:10A6C00021F0030238BF002287425244544418D973
:10A6D0002646014651F8043B1CFA83FC4FEA2C4203
:10A6E00002EB13421FFA8CFC4CEA02438F4246F8FD
:10A6F000043B4FEA224CEDD8013F3F1A27F00307F5
:10A70000E21923B952F8043D013D002BFAD0C9F8F3
:10A7100010504846BDE8F88F334601274646984614
:10A7200090E7F9DB00278DE70021FFF775FC8146F4
:10A7300068B101220023C9E904234846BDE8F88F27
:10A74000064B07484A4640F2452102F039F9034BCF
:10A7500003484A4640F2372102F032F90805030067
:10A7600080060300114B0B40A3F15073002B03DD57
:10A7700000221946104670475B42B3F1A07F4FEAB2
:10A78000235206DA4FF400231341002219461046E3
:10A790007047A2F114031E2BDABF4FF00042DA40DB
:10A7A0000122002319461046704700BF0000F07FC9
:10A7B0002DE9F843066900F1140808EB8606A6F1B6
:10A7C000040956F8047C3846FFF7FEFCC0F120036C
:10A7D0000A280B601CDDC8450CD2B0F10B0356F8FB
:10A7E000082C2DD147F07F5545F4401510462946D9
:10A7F000BDE8F883B0F10B02F4D007FA02F242F0A0
:10A800007F5545F44015002210462946BDE8F883DF
:10A81000C0F10B0327FA03F2C84542F07F553CBF55
:10A8200056F8082CDA4000F1150328BF002207FA79
:10A8300003F345F440151A4310462946BDE8F88352
:10A84000C3F120009F4022FA00F10F43A6F1080156
:10A85000884502FA03F238BF56F80C3C47F07F55A2
:10A8600038BFC34045F4401538BF1A431046294647
:10A87000BDE8F88370B5012182B016461D46FFF78A
:10A88000CBFB044600284AD02B46C5F30A55C3F338
:10A8900013030DB143F48013002E019314D101A8CA
:10A8A000FFF7B2FC019B636101212030216115B3E8
:10A8B000069BA5F2334505441D60079BC0F135009A
:10A8C0001860204602B070BD68460096FFF79CFCF9
:10A8D00008B3019B0099C0F1200203FA02F20A4377
:10A8E000C34001936261002B14BF02210121A361C7
:10A8F0002161002DDCD104EB8102A0F2324310690A
:10A90000069A1360FFF760FC079BC0EB41101860CC
:10A91000204602B070BDDDE900236261E3E7034B2E
:10A920000348224640F20F3102F04AF808050300BE
:10A93000800603002DE9F04383B00E4669460746C2
:10A94000FFF736FF04460D46304601A9FFF730FFFA
:10A9500033693A69D21ADDE900369B1B03EB4213D7
:10A96000002B0BDD05EB03594D4602460B462046F6
:10A970002946FBF743FC03B0BDE8F083C3EB033388
:10A9800001EB03573946F0E70139491101F1010C98
:10A99000116902F1140303EB81018B4200EB8C0C73
:10A9A00016D210B5A0F1040E53F8044B4EF8044F24
:10A9B0009942F9D88B1A153B23F00303043318444A
:10A9C000844504D9002340F8043B8445FBD810BDDE
:10A9D000844505D9002340F8043B8445FBD87047E3
:10A9E000704700BF03694A11934200F1140009DA6D
:10A9F00000EB830302E053F8042DBAB98342FAD87E
:10AA0000002070470FDD11F01F010CD010B450F87A
:10AA1000224000EB820324FA01F28A4094420BD0D8
:10AA2000012010BC704700EB8203E7E7012070476C
:10AA300053F8042D002AF3D18342F9D8002010BC2A
:10AA4000704700BF49B1FF2A02D80A700120704741
:10AA50008A2303604FF0FF3070470846704700BFFD
:10AA60002DE9F04788B01E46119D254B80461F6892
:10AA7000894614466DB3109B019407A904910321E4
:10AA8000CDE9026300914B464246384602F088F811
:10AA9000079B31689842C1F100012B460AD2A1EB15
:10AAA000000C10F8012B03F8012B079A82420CEBE3
:10AAB0000001F6D88C4220DD621A1A44302103F8D6
:10AAC000011B9342FBD100231370284608B0BDE858
:10AAD000F087BA6C04F123039A4201DDFD6CCAE7EA
:10AAE00004F1240AF96C52463846FCF7A1FB0546EE
:10AAF0000028EAD0C7E912A0BDE71A46E3E700BF85
:10AB0000D88FFF1F2DE9F04FD9B00C460C9190461D
:10AB10000E93824601F0E6FE036819931846FEF78D
:10AB20004FFC08221790002128A8FEF76BF8A38994
:10AB30001F0603D52369002B00F03F8700232FAAAF
:10AB40000024CDE92D33CDE91A33CDE91C3313931D
:10AB5000189309930023CDE914342C92914644466E
:10AB6000A046784BD3F8E450FEF7A0F9034628A896
:10AB70000090424624A95046A847002800F0B08023
:10AB8000C0F2A680249A252A034601D09844E8E71B
:10AB9000B8EB0407064640F0A78000234FF0FF32D1
:10ABA0008DF887309B460B9308F1010898F8003028
:10ABB00008922B25202608F10108A3F120025A2A29
:10ABC00000F2C280DFE812F0E602C000C000E1023D
:10ABD000C000C000C0006A00C000C00008028402BB
:10ABE000C0001302C702C000C2025B005B005B0032
:10ABF0005B005B005B005B005B005B00C000C000B3
:10AC0000C000C000C000C000C0004301C0008901F6
:10AC10001D02430143014301C000C000C000C00049
:10AC20001802C000C0009602C000C000C000B10100
:10AC3000C000A902C000C000DD06C000C000C00006
:10AC4000C000C000C000C000C0004301C0008901B6
:10AC5000E2014301430143017702E2017F00C000AA
:10AC60008902C0005F02DA0632027F00C000B10133
:10AC70007C00B406C000C000B806C0007C00A3F190
:10AC80003002002118F8013B01EB810102EB410188
:10AC9000A3F13002092AF5D90B918EE7504601F055
:10ACA00021FE43681C931846FEF78AFB1D90074659
:10ACB000504601F017FE83681A93002F40F0B185CB
:10ACC00098F8003077E798F800304BF0200B72E7E7
:10ACD0000822002128A8FDF795FF0123984440E7AA
:10ACE000B8EB0407064611D02E9B3B442E932D9BB8
:10ACF0000133072BC9E900472D9319DC09F1080935
:10AD0000099B3B440993002E7FF447AF2E9B002BF9
:10AD100041F001820C9BB3F90C3013F0400F099BFA
:10AD200018BF4FF0FF330993099859B0BDE8F08F71
:10AD30000C992CAA504602F0D7FE0028EAD10DF15A
:10AD4000BC09DDE74C8DFF1F1093002BDED00022E5
:10AD50008DF8FC3001238DF8872007930D920A931C
:10AD600008921292169211923FAC1BF0020302D08D
:10AD70000799023107911BF084010F9105D10B99BE
:10AD800007980F1A002F00F382832E9E82B10122B2
:10AD9000C9F804202D9A013201360DF18701072AE6
:10ADA0002E962D92C9F8001000F3BD8309F1080911
:10ADB00083B12D9B22AA01330236C9F80020072B4C
:10ADC0004FF002022E962D93C9F8042000F3C083A1
:10ADD00009F108090F9B802B00F08182089B0A9AD9
:10ADE0009F1A002F00F3BC821BF4807F40F01E826C
:10ADF0000A9BC9F804301E442D9BC9F8004001335A
:10AE0000072B2E962D9300F3378309F108091BF0C9
:10AE1000040F05D00B9B079A9C1A002C00F3A48307
:10AE2000099B0B9A07998A42ACBF9B185B18099340
:10AE3000002E40F0CA8200232D930D9B1BB10D996B
:10AE40005046FEF7CFFB0DF1BC09444688E610934F
:10AE50000E9B073323F00701F1E80223CDE9142309
:10AE6000DDE9142323F000450E9116461046B34B3E
:10AE700029464FF0FF32FBF731FB002840F0FC84FD
:10AE8000AE4B304629464FF0FF32FBF709FB002856
:10AE900040F0F284DDE9140100220023FBF7F6FA0A
:10AEA000002841F038809DF88720A54CA54B2BF059
:10AEB000800B10994729C8BF1C46002303210D931E
:10AEC00007910A910893129316931193002A3FF465
:10AED0004CAF079B0133079347E7432B109303D0F5
:10AEE0001BF0100F00F051850E9E082200212AA8A9
:10AEF0003FACFDF787FE2AAB56F8042B214650469F
:10AF000002F0AAFD034601330A9001F0C3820A9BB6
:10AF10000E9623EAE373079300228DF887200D92A3
:10AF200008921292169211921FE70E9F109357F8F3
:10AF3000044B00238DF88730002C00F04D85109BCA
:10AF4000532B00F0D4861BF01003119340F0CF86F2
:10AF5000089B5D1C01F0CC8011991A46204601F037
:10AF6000DFFC0D90002801F051830D9B11999DF895
:10AF700087200E971B1B0A9323EAE373079373231F
:10AF80000891129116910D9110939FE71BF0200FDD
:10AF900010930E9B3CD0073323F007031A4611464B
:10AFA0005B6851F8082B0E911946002BC0F2018402
:10AFB000089B013300F0A88252EA01032BF08005C0
:10AFC00040F0A382089B002B40F0A482AB460023F4
:10AFD00008930A9358ACFFE00E9B53F8042B0B9296
:10AFE000002A80F20C840B9A0E9352420B9298F82E
:10AFF00000304BF0040BDEE598F800304BF0080B06
:10B00000D9E54BF0100B1BF0200F10930E9BC2D113
:10B010001BF0100F40F0FE831BF0400F00F0F68392
:10B0200033F9042B0E93D1170B46BEE70E9B53F852
:10B03000042B0E9347F63003ADF888307820424B4E
:10B0400018934BF002050021022310900020089C69
:10B050008DF88700601C00F0A88052EA010025F0FE
:10B06000800B40F0A180002C40F09586002BAED1E3
:10B0700015F001030A9300F0C78330238DF85F3188
:10B080000DF25F14A8E01BF0200F40F0E5831BF0E9
:10B09000100F40F086861BF0400F40F07F871BF4B6
:10B0A000007F00F07E860E9B099953F8042B0E93C7
:10B0B0001170444654E598F80030682B03BF98F8A7
:10B0C00001304BF4007B08F101084BF0400B72E5B6
:10B0D00098F800308DF887506DE598F800306C2BAB
:10B0E00003BF98F801304BF0200B08F101084BF03A
:10B0F000100B60E510934BF0100B1BF0200100F0DB
:10B100004A830E9B073323F00703596853F8082B33
:10B110000E932BF48065002398E710934BF01005F5
:10B1200015F0200100F028830E9B073323F007035E
:10B13000596853F8082B0E93012387E7FFFFEF7F31
:10B14000DC0703004CFE02004CFB020098F80030C4
:10B150004BF0800B2FE5414611F8013B2A2B01F003
:10B160007F82A3F13002092A884698BF002101F2AC
:10B17000768118F8013B01EB810102EB4101A3F15B
:10B180003002092AF5D9089117E598F800304BF0FC
:10B19000010B10E59DF88730002B7FF491AD98F8F6
:10B1A00000308DF8876006E55D46012B00F0AD812B
:10B1B000022B58AC1FD1189802F00F031209C35C80
:10B1C00004F8013D42EA0172090952EA0103F3D190
:10B1D00058AB1B1BAB460A930A9908989DF8872029
:10B1E00081424FF00003B8BF01460D9307911293BF
:10B1F000169311936AE602F00703D20842EA4172FD
:10B20000C908303352EA0106204604F8013DF2D164
:10B21000E907DDD5302BDBD03023023804F8013CC0
:10B2200058AB1B1AAB460A930446D5E7109B652B17
:10B2300040F3DC80DDE9140100220023FBF71CF958
:10B24000002800F0C8810123C9F804302D9BBD4AB5
:10B25000C9F8002001330136072B2E962D9300F3F9
:10B26000398509F10809239B139A934280F2C2821F
:10B27000179B199A1E44C9E900232D9B2E96013372
:10B28000072B2D9300F38D8309F10809139B5C1E96
:10B29000002C7FF7BCAD102C2D9BAB4D40F355859A
:10B2A000324610270C9E05E009F10809103C102CCD
:10B2B00040F34A8501331032072BC9E90057CDE925
:10B2C0002D32F1DD2CAA3146504602F00DFC00284B
:10B2D00040F08380DDE92D320DF1BC09E6E70B9BE0
:10B2E000079A9F1A002F7FF779AD102F2D9B964D4F
:10B2F00023DD324626460C9C04E0103F102F09F156
:10B30000080918DD013310321021072BCDE92D3249
:10B31000C9F80050C9F80410EFDD2CAA21465046A8
:10B320000DF1BC0902F0E0FB002856D1103F102FB0
:10B33000DDE92D32E6DC3446164601333E44072B68
:10B34000CDE92D36C9F80050C9F8047000F3168510
:10B35000089B0A9A9F1A002F09F108097FF744AD4C
:10B36000102F2D9B784D22DD324626460C9C04E0A2
:10B37000103F102F09F1080917DD01331032102199
:10B38000072BCDE92D32C9F80050C9F80410EFDDC4
:10B390002CAA2146504602F0A7FBF0B9103F102F0F
:10B3A000DDE92D320DF1BC09E7DC344616460133E8
:10B3B0003E44072BCDE92D36C9F80050C9F804707A
:10B3C00000F3CD8109F108090EE50C992CAA50462D
:10B3D00002F08AFB00283FF42EAD0D9B002B3FF4BA
:10B3E00099AC0D995046FEF7FDF893E4139B012BA1
:10B3F00040F36E812D9FC9F8004001231F440136A0
:10B40000072FC9F804302E962D9700F3D98109F142
:10B410000809179B199A01371E44072FC9E9002311
:10B42000CDE92D7600F3D98109F10809DDE9140190
:10B4300000220023FBF720F8002840F06781139BCF
:10B440000137013B01341E44072FC9F800402D97F6
:10B45000C9F804302E9600F34C8109F108091B9BB2
:10B46000C9F8043001371E44072F26ABCDE92D76ED
:10B47000C9F800307FF7C9AC0C992CAA504602F0ED
:10B4800033FB0028A9D12E9E0DF1BC09BFE4102F7B
:10B49000DDE92D212D4D27DDCDE91E381026D046C2
:10B4A000A2460C9C04E0103F102F09F1080916DD9C
:10B4B00001321031072AC9E90056CDE92D21F2DD0C
:10B4C0002CAA214640460DF1BC0902F00DFB0028D4
:10B4D00040F0F283103F102FDDE92D21E8DC5446C7
:10B4E0001E9BC246DDF87C80C9F8005001327E18F0
:10B4F000072ACDE92D26C9F8047000F3CC839DF806
:10B50000872009F1080941E45D460A2A71F1000328
:10B5100080F02983303201238DF85F21AB460A93F6
:10B520000DF25F1458E60C991E932CAA504602F0B7
:10B53000DBFA00287FF451AF2E9E1E9B0DF1BC0953
:10B5400036E400BF64FE0200100803000008030098
:10B550000C992CAA504602F0C7FA00287FF43DAFA0
:10B560002E9E0DF1BC0935E4102C2D9BB84D1FDD2E
:10B57000DDF830B0102704E0103C102C09F1080968
:10B5800016DD01331036072BC9E90057CDE92D36FA
:10B59000F2DD2CAA594650460DF1BC0902F0A4FA7E
:10B5A00000287FF41AAF103C102CDDE92D36E8DCC2
:10B5B00001332644072BC9E90054CDE92D367FF726
:10B5C0002FAC0C992CAA504602F08EFA00287FF47A
:10B5D00004AF2E9E24E42399002940F32783119D74
:10B5E000139B9D42A8BF1D46002D0BDD2D9B0133F3
:10B5F0002E44072BC9E900452E962D9300F3DD86D6
:10B6000009F10809119F002DA8BF7F1B002F00F32F
:10B61000F481119B1BF4806F23440A9340F0148241
:10B62000239B139A934203DB1BF0010F00F0A584C8
:10B63000179A19991644C9E900122D9A2E960132CB
:10B64000072A2D9200F3C68609F10809139AA51856
:10B65000D41A0A9BED1AA542A8BF2546002D0DDD80
:10B66000C9F800302D9BC9F8045001332E44072B34
:10B670002E962D9300F3BE8609F10809002DA8BF70
:10B68000641B002C7FF7C3AB102C2D9B714D40F336
:10B690005C83324610270C9E05E009F10809103C36
:10B6A000102C40F3518301331032072BC9E90057A6
:10B6B000CDE92D32F1DD2CAA3146504602F014FAC4
:10B6C00000287FF48AAEDDE92D320DF1BC09E6E7F2
:10B6D0001BF0010F7FF48EAE2D9FC9F800400123AF
:10B6E0001F440136072FC9F804302E962D977FF797
:10B6F000B4AE0C992CAA504602F0F6F900287FF45B
:10B700006CAEDDE92D760DF1BC09A8E6139B5C1E3D
:10B71000002C7FF7A4AE102C4E4D40F34C833246E4
:10B7200010230C9E05E009F10809103C102C40F391
:10B73000418301371032072FC9E90053CDE92D723B
:10B74000F1DD2CAA3146504602F0CEF900287FF4F4
:10B7500044AEDDE92D720DF1BC091023E5E70C992B
:10B760002CAA504602F0C0F900287FF436AE2E9E77
:10B770000DF1BC09FFF738BB15F0100360D115F0CF
:10B78000400200F073830E9850F8042B0E90194677
:10B7900092B201235AE41BF0100368D11BF040025F
:10B7A00000F056830E9850F8042B0E90194692B272
:10B7B000AFE4524261EB41015D462D20012346E496
:10B7C0000C992CAA504602F08FF900287FF405AEA0
:10B7D000DDE92D760DF1BC091BE60C992CAA50462B
:10B7E00002F082F900287FF4F8ADDDE92D760DF145
:10B7F000BC091BE61BF0010F3FF409AB38E50E93C3
:10B8000098F80030FFF7D7B958ACE5E41BF4007F97
:10B8100040F0BD8353F8042B0E93D1170B46FFF76E
:10B82000C4BB1A9B002B3FF44BAA1A9B1B78002B1E
:10B830003FF446AA98F800304BF4806BFFF7BBB991
:10B840000E9B53F8042B0E930123FFF7FFBB00BFA1
:10B8500000080300100803000E9B099853F8041B0E
:10B860000E93C217C1E900024446FFF779B90E9B57
:10B8700053F8042B0E934CE4DDE9140102460B4609
:10B88000FAF72CFE002840F07586109B612B00F023
:10B890005B85412B00F0AC85089B0133109B23F0A6
:10B8A0002003079300F06384472B04D1089B002BEF
:10B8B00008BF01230893DDE914010A46002A4BF46E
:10B8C0008073CDF83CB0C0F2E1859B46002316465C
:10B8D0001E9307460D93109B413B252B00F2678377
:10B8E000DFE813F0520465036503650349044E0461
:10B8F0006503650365036503650365036503650308
:10B9000065036503650365036503650365036503F7
:10B9100065036503650365036503650365036503E7
:10B9200065036503650365036503650349044E0408
:10B9300010935D46FFF7F4BB1093B74B18931BF0C1
:10B94000200100F0FC800E9B073323F007035968A9
:10B9500053F8082B0E931BF0010F0AD052EA010393
:10B9600007D0109B8DF8893030234BF0020B8DF8F7
:10B9700088302BF480650223FFF768BB1093FFF734
:10B98000BCBB1093A54B1893D9E70E9B012153F82C
:10B99000042B07918DF8FC200E930A913FACFFF722
:10B9A000BBBA0C992CAA504602F09EF800287FF4EE
:10B9B00014AD2E9E0DF1BC0968E440215046FBF702
:10B9C0007BF90C9B18601861002800F060860C9AC7
:10B9D00040235361FFF7B2B8089B0D94062B214614
:10B9E00028BF06230894224607938D4C0E970A938E
:10B9F000129116911191FFF769BA102F2D9B894D65
:10BA000040F34582324626460C9C05E009F10809C0
:10BA1000103F102F40F33982013310321021072BD1
:10BA2000CDE92D32C9F80050C9F80410EEDD2CAA7A
:10BA30002146504602F058F800287FF4CEACDDE9EC
:10BA40002D320DF1BC09E3E7139B0A9DCDF83C8034
:10BA50004A46DDF85890CDF828B0E31808931A9FAD
:10BA6000DDF874B0DDF83080129B10943146B9F1E6
:10BA7000000F2ED083BB013F09F1FF391C9BC2E9A7
:10BA8000003B2D9B01335944072B2E912D935FDCF6
:10BA90000832089B38785B1B8342A8BF0346002B03
:10BAA0001E460BDD2D98013019440728C2E90053CA
:10BAB0002E912D9000F3568138780832002EACBFBD
:10BAC000841B0446002C0BDC0544129BB9F1000FCB
:10BAD000D0D1002B00F0D483129B013B1293CDE711
:10BAE000102C2D981DDD102604E0103C102C02F1C6
:10BAF000080216DD01304B4B10310728C2E9003631
:10BB0000CDE92D01F1DD2CAA4146504601F0ECFFB4
:10BB100000287FF462AC103C102CDDE92D012FAA27
:10BB2000E8DC01303F4B546021440728CDE92D016A
:10BB3000136000F3FB83387808320544C5E71BF037
:10BB4000100300F0BC800E9B53F8042B0E9302E709
:10BB50002CAA4146504601F0C7FF00287FF43DACB7
:10BB60002E992FAA95E7CDF834902F4BDDF86890E9
:10BB7000CDF81C8005F480674FF0000C58AC4FF0F6
:10BB8000CC3B0A9505E00A2A71F1000134D3424604
:10BB90003146501840F10000A3FB005626F0030583
:10BBA00005EB9605401B151A61F1000E0BFB05F61F
:10BBB00003FB0E66A5FB03852E4408F0010E052548
:10BBC000AEFB055E2D184FEA5808303504F8015CCD
:10BBD00048EAC6780CF1010C013C7608002FD2D05F
:10BBE00099F800008445CED1BCF1FF0FCBD00A2AD2
:10BBF00071F1000180F098810A9DCDF8689058ABF2
:10BC00001B1BDDF81C80DDF83490CDF84CC0AB4632
:10BC10000A93FFF7E1BA00BF4CFB0200E407030000
:10BC2000F807030010080300CDCCCCCC0123C9F8E1
:10BC300004302D9BBA4AC9F8002001330136072B86
:10BC40002E962D9300F38C8109F10809002940F00C
:10BC5000BE80139A0BF0010313433FF4D8A8179B3F
:10BC600019999A19C9E900132D9B2E920133072BBC
:10BC70002D9300F36E8209F108091399C9F8004069
:10BC800001338E18072BCDE92D36C9F804107FF744
:10BC9000BCA8FFF7F1BB0C991E932CAA504601F0EB
:10BCA00023FF00287FF499AB9DF887202E9E1E9BD2
:10BCB0000DF1BC09FFF76AB8C246FFF78EBB1BF057
:10BCC000400200F0B8800E9850F8042B0E901946F0
:10BCD00092B240E60C992CAA504601F005FF0028CC
:10BCE0007FF47BAB2E9E0DF1BC09FFF7BCBA2AAEE8
:10BCF0000822002130462594FCF784FF089B5A1C3B
:10BD000000F0D4800025CDF81C80CDF834B0A846D2
:10BD10009B460CE03FA9504601F09EFE431C404468
:10BD200000F0B883584508DC00F035848046259A39
:10BD3000525933460435002AECD1CDF82880DDF87D
:10BD400034B0DDF81C80BEE0164601332644072BD4
:10BD5000C9F80050C9F80440CDE92D367FF755A841
:10BD6000FFF78ABB2CAA4146504601F0BDFE0028D1
:10BD70007FF433AB38782E992FAA9FE60C992CAA22
:10BD8000504601F0B1FE00287FF427AB2E9E0DF146
:10BD9000BC09FFF723B8012B5D467FF409AAFFF722
:10BDA000B9BB0E9B099953F8042B444611600E93BE
:10BDB000FEF7D6BE164601372644072FCDE92D766D
:10BDC000C9F80050C9F804407FF747AB91E4179BCE
:10BDD00019989A19C9E900032D9B2E920133072B5C
:10BDE0002D9300F3B68109F108090029BFF645AF8C
:10BDF0004F4210314B4D80F2888349461026A146B0
:10BE00000C9C04E00831103F102F40F37C83013379
:10BE10001032072BC1E90056CDE92D32F2DD2CAAF4
:10BE20002146504601F060FE00287FF4D6AADDE9E5
:10BE30002D322FA9E7E70E9B1BF400711ABF1146A4
:10BE400053F8042B53F8042B0E9318BFD2B282E59B
:10BE50000E9B1BF400711ABF114653F8042B53F8C4
:10BE6000042B0E9318BFD2B2FFF753B90E9B15F4F3
:10BE700000711ABF114653F8042B53F8042B0E938C
:10BE800018BFD2B20123FFF7E1B83446164601339A
:10BE90003E44072BCDE92D36C9F80050C9F804708F
:10BEA00000F34A8109F10809FFF7B3BB00231946E3
:10BEB000009625AA504601F0F5FD034601330A908D
:10BEC00000F0E88225940A9B002B3DD0632B00F301
:10BED000298100230D933FAC082200213046FCF756
:10BEE00091FE0A9D00962B4625AA2146504601F058
:10BEF000D9FD854240F0C4830A990E97002363540C
:10BF000021EAE1719DF88720089307911293169317
:10BF10001193FEF7DBBF2D228DF88720FEF7C5BFFA
:10BF200064FE0200100803001D9B1C99E41A1A46C7
:10BF30002046FCF765FF99F80120A54B0AB109F1ED
:10BF400001094FF0000C22E60A9B9DF887200E970E
:10BF5000CDE907331293169311930D93FEF7B6BFF5
:10BF60000C992CAA504601F0BFFD00287FF435AA99
:10BF700023992E9E0DF1BC0968E6139A0A99A5181B
:10BF80006D1AD41AA542A8BF2546FFF777BB13F94F
:10BF9000042B0E93D1170B46FFF707B80E9B099998
:10BFA00053F8042B0E9311804446FEF7D9BD089B2D
:10BFB0000A9302232AA9049125A90A9D039123A982
:10BFC00000933A46334601950291504600F0E8FD51
:10BFD000079B472B044600F0A381462B054405D15F
:10BFE0000378302B00F0B882239B1D44384631463D
:10BFF00000220023FAF740FA002800F066812B4661
:10C000001B1B1393079B472B00F04A81079B462B72
:10C0100000F00082239B1193119B079A013B412A58
:10C02000239300F023829DF840200021002BB8BF0D
:10C03000119B8DF89820BABFC3F101032D222B224A
:10C04000092B8DF8992040F34F820DF1AF05614E19
:10C050002A46104686FB0321DA17C2EBA10202EB47
:10C060008201A3EB4101303100F8011C194663291C
:10C07000134600F1FF32ECDC3033D9B2831E9D420F
:10C0800002F8011C40F2E98213460DF19A0201E028
:10C0900013F8011B02F8011B9D42F9D10DF1B10308
:10C0A0000DF19A021B1A134426AA9B1A1B93139B89
:10C0B0001B9A012B1A440A9240F349820A9B179A51
:10C0C00013440A930F9B0A9A23F4806343F4807B02
:10C0D00022EAE272002312930792169311931E9B99
:10C0E000002B40F0EB809DF887200893FEF7EEBE12
:10C0F00020460E97FDF764F9119B089320EAE07142
:10C10000129316930D9373239DF887200A9007913D
:10C110001093FEF7DBBE0C992CAA504601F0E4FC0C
:10C12000FEF7F8BD591C5046FAF7C6FD0446002834
:10C1300000F0B0810D90CFE60C992CAA504601F08A
:10C14000D3FC00287FF449A92E9E0DF1BC09FFF70E
:10C1500060BA0C992CAA504601F0C6FC00287FF466
:10C160003CA9DDE92D3223990DF1BC093DE60623FA
:10C170000893FFF7A0BB089B01330A93022319E73A
:10C18000089B0A93032315E73846314623AAF6F79E
:10C19000EDF900224FF07F53F9F706FF002200234C
:10C1A00006460F46FAF768F908B1012323930A4BB4
:10C1B0000A93089BCDF84C90013BCDE9118B2546A5
:10C1C000DDF828B0CDF858A098461F940DE000BFC8
:10C1D000CDCCCCCC67666666E40703000022002362
:10C1E00008F1FF38FAF748F9E8B9AE4B00223046BB
:10C1F0003946F9F7D9FE0F460646FAF785F904469F
:10C20000F9F768FE0B46024639463046F9F714FD49
:10C210001BF80430B8F1FF3FAA46C14605F8013BC0
:10C2200006460F46DAD1A04B002230463946DDE9FA
:10C23000118BCDF84490DDF84C90CDE912A4DDF8D7
:10C2400058A01F9CFAF740F9002840F03181964B26
:10C25000304639460022FAF70FF918B1139BDE0772
:10C2600000F12681119B002B07DB119B01332B442E
:10C27000302205F8012BAB42FBD12B1B1393C1E6F7
:10C28000109C139BDDF828B0DDF83C801A97E3186A
:10C290009D4228BF1D4691460E460A95FFF7C0B93C
:10C2A000239B1193DD1C02DB089A934219DD109B3E
:10C2B000023B109323F020030793ADE62D220023C9
:10C2C0008DF887200893FEF704BE2A9BAB42BFF48B
:10C2D00097AE30215A1C2A9219702A9B9D42F9D898
:10C2E0008EE6119B139A9342C0F2C5800F9B13F008
:10C2F000010F119B00F04D81179A13440A930F9B75
:10C30000590503D5119B002B00F356810A9B23EAA4
:10C31000E373079367231093002312931693DEE6CB
:10C320000F9BDB0700F19F802A9B69E62CAA414600
:10C33000504601F0D9FB00287FF44FA838782E9999
:10C340002FAA0544FFF7C1BB78238DF8893030232D
:10C350008DF888304BF002030F93089B632B00F39A
:10C36000ED8000230D933FACDDE914121346002B42
:10C370004BF4817B67DB1E46109B23F02003079361
:10C3800000230F461E93109B612B7FF4A4AA38460E
:10C39000314623AAF6F7EAF800224FF07F53F9F767
:10C3A00003FE0022002306460F46FAF765F808B19F
:10C3B000012323933D4B0A93FBE60C992CAA50468C
:10C3C00001F092FB00287FF408A82E9E0DF1BC0915
:10C3D000FFF718B90C992CAA504601F085FB0028EC
:10C3E0007EF4FBAF239B2E9E0DF1BC09FFF72EB907
:10C3F0005823AAE70C992CAA504601F075FB002897
:10C400007EF4EBAF239C139B2E9E1C1B0DF1BC09ED
:10C41000FFF734B9239A0F9B1192002A03F001030E
:10C4200040F3088108990B4340F0FD80119B0A936B
:10C43000662310930F9B5A0500F1C0800A9B23EAE4
:10C44000E373079368E7109B23F020030793DDE96C
:10C45000142303F100462D2317461E9393E7002271
:10C460000892FEF7AABB0A9D2544BFE5109A0F3239
:10C47000D2B20121DAE5139B179A9A18119B0A92FE
:10C48000002B40F38F8067231093D3E79B46002354
:10C490000D93DCE70C9AB2F90C3043F04003938122
:10C4A000FEF73BBC000030400000E03F4CFB0200C8
:10C4B000129B0A9A2A93D17B15F8013C8B422A469B
:10C4C00009D1302002F8010C2A9A531E2A9312F83F
:10C4D000013C9942F6D0392B0BBF0A9B01339B7A62
:10C4E000DBB202F8013CC8E6002940F08C80302223
:10C4F0008DF89A200DF19B02303302F8013B26ABF8
:10C50000D31A1B93D3E54C46894601333A44072B93
:10C51000CDE92D32C9F80050C9F804707FF7ABABF4
:10C520000C992CAA504601F0DFFA00287EF455AF92
:10C53000DDE92D320DF1BC09FFF79FBB591C5046B8
:10C54000FAF7BAFB04460028A4D00D900CE70F9B25
:10C55000D8077FF5B7ADB1E5384631460022002354
:10C56000F9F78AFF00287FF43FAD0A9BC3F101036E
:10C5700023933AE5159B4A4C002BB4BF2D229DF81E
:10C580008720484BB8BF8DF887202BF0800BFEF733
:10C5900090BC0A93B3E6089BDDF81C80DDF834B04C
:10C5A0000A9390E4C3F101031A4422EAE273079369
:10C5B00067230A921093AFE6672310931A990B78BA
:10C5C000FF2B59D00025119A284603E00130013194
:10C5D000FF2B08D0934206DAD21A4B78002BF5D104
:10C5E0000B780135F4E711921A9116901295129A70
:10C5F000169B1D9913440A9A01FB03230A9323EA0D
:10C60000E37307936BE50DF19A0275E7089B0793B7
:10C610000A9373239DF887200E9708901290169026
:10C620001093FEF753BC179BD518294466230A9133
:10C630001093FFE6089A134305D10123662207935E
:10C6400010920A9368E6179B5D1C2A4422EAE27363
:10C65000079366230A9210935EE602231B9326E556
:10C660000E9A98F80130884652F8041B0E9241EA5F
:10C67000E1710891FEF79FBA002312931693B6E773
:10C680000C9A938943F040039381FEF7A6BE0C23D6
:10C69000CAF800304FF0FF330993FEF745BB00BFE7
:10C6A000E007030048FE020070B500294BD00646A3
:10C6B0000C4610B1436B002B48D0636ED80734D5BD
:10C6C000B4F90C30002B3ED02146304600F050F833
:10C6D000E36A054633B1E169304698470028B8BFA0
:10C6E0004FF0FF35A3891A063CD4216B41B104F108
:10C6F0004003994202D03046FCF774FF00232363C5
:10C70000616C21B13046FCF76DFF00236364FCF7D8
:10C7100067F9636E0022DB07A2811FD5A06DFCF7CD
:10C720005DFCFCF763F9284670BDA3899905CBD45D
:10C73000A06DFCF755FCB4F90C30002BC4D1656E2C
:10C7400015F0010505D00025284670BDFCF72AF933
:10C75000B3E7A06DFCF746FC284670BDA06DFCF762
:10C7600041FCDBE721693046FCF73CFFBDE700BF39
:10C77000B1F90C20F8B50C461107074642D463689E
:10C7800042F40062002BA28159DDA56A002D54D02D
:10C7900000233E683B6093B212F4805253D1E169AA
:10C7A00001233846A847421C63D0A389A56A5B07CA
:10C7B00005D56368C01A236B0BB1E36BC01AE1693E
:10C7C000024600233846A847411C3ED13B68002B57
:10C7D0003BD01D2B01D0162B52D1A3892269226098
:10C7E00023F4006300216160A381216B3E6021B3CB
:10C7F00004F14003994202D03846FCF7F3FE0020D2
:10C800002063F8BD2669C6B193B2256826609A07F1
:10C810000CBF63690023AD1BA3600CE0D4F824C0F7
:10C82000E1692B4632463846E047B0F1000CA5EBF3
:10C830000C05664416DD002DF0DC0020F8BDE36B2E
:10C84000002BA2DCF9E7206DB1E7B4F90C302269C6
:10C85000226023F40063A3810022DB046260C4D55C
:10C860002065C2E7A38943F040034FF0FF30A38166
:10C87000F8BD3B68002B98D01D2B06D0162B04D09A
:10C88000A38943F04003A381F8BD3E60D5E700BF14
:10C8900038B50C46054608B1436B03B3B4F90C0038
:10C8A00088B1636EDB0701D481050FD52846214688
:10C8B000FFF75EFF636EDA07054602D4A3899B0586
:10C8C00008D5284638BD0546284638BDA06DFCF77A
:10C8D00087FBEBE7A06DFCF785FB284638BDFCF72E
:10C8E00061F8DBE7004870473C8EFF1F38B5074D05
:10C8F000074C2C1BA41005D0013C55F8043D98476B
:10C90000002CF9D1BDE8384004F048B80000000020
:10C9100000000000FFFFFFFFFFFFFFFFFFFFFFFF23
:10C9200001F0FF01102A2BDB10F0070F08D010F8E0
:10C93000013B013A8B422DD010F0070F42B3F6D1E4
:10C94000F0B441EA012141EA014122F007047FF0FD
:10C9500000070023F0E80256083C85EA010586EA54
:10C96000010685FA47F5A3FA87F586FA47F6A5FA90
:10C9700087F68EB9EED1F0BC01F0FF0102F007029C
:10C9800032B110F8013B013A83EA010313B1F8D147
:10C990000020704701387047002D06BF3546033828
:10C9A000073815F0010F07D1013015F4807F02BF61
:10C9B000013015F4C03F0130F0BC0138704700BFB2
:10C9C00000B50B4C25681446EE681A4685B0034640
:10C9D0000D464CB107490095CDE901143046064992
:10C9E00001F06EF8F2F708F904490C46F3E700BFCE
:10C9F000D88FFF1F20080300300803002C08030015
:10CA000038B5A1FB02148CBBFAF756F90546E0B124
:10CA100050F8042C22F00302043A242A17D8132ACF
:10CA20001AD91B2AC0E900441DD9242A14BF00F1D9
:10CA3000100200F118024FF00003C0E9024404BFE5
:10CA400004614461C2E900339360284638BD214641
:10CA5000FCF7D8F8284638BD02460023C2E9003367
:10CA60009360284638BD00F10802F6E7FCF78AFA21
:10CA70000C2300250360E8E72DE9F04F03690C69FA
:10CA8000A34283B0C0F28880013C01F11405A300E9
:10CA900000F11408009355F8243058F8242001338D
:10CAA0008A469A4208EB8401814605EB840701918E
:10CAB000B2FBF3F63AD34FF0000CAE464046624666
:10CAC00063465EF804BB01681FFA8BFC06FB0C335F
:10CAD0004FEA134C4FEA1B4B06FB0BCC9BB2D31A0D
:10CAE0001FFA8CF213FA81F3C2EB114202EB2342DC
:10CAF0009BB243EA0243774540F8043B4FEA2242A7
:10CB00004FEA1C43DDD2009B58F8033073B9019BF8
:10CB1000043B984504D307E0984504F1FF3403D261
:10CB200053F80429002AF7D0C9F810405146484666
:10CB3000FDF74EFD00282BDB01364146002355F85A
:10CB4000040BD1F800C082B29A1A030C12FA8CF2CC
:10CB5000C3EB1C4303EB224392B242EA0342AF42CF
:10CB600041F8042B4FEA2343E9D258F8242008EB7C
:10CB700084036AB9043B984504D307E0984504F15F
:10CB8000FF3403D253F80429002AF7D0C9F8104023
:10CB9000304603B0BDE8F08F002003B0BDE8F08F51
:10CBA0002DE9F04F816B99B090469946CDE9048903
:10CBB000259D044641B1C26B4A60012393408B60BE
:10CBC000FDF750FA0023A363B9F1000AB4BF0123B3
:10CBD00000232B60764BBCBF2AF0004ACDF814A08E
:10CBE00033EA0A0300F0AB80DDE90423104619465E
:10CBF00000220023CDE90A01F9F73EFC074678B18F
:10CC0000249A01231360269B002B00F0AE83694B0E
:10CC1000269A1360013B0393039819B0BDE8F08F87
:10CC200016AB019317AB00932046DDE90A23FDF70D
:10CC300021FE5FEA1A56054640F09780DDE9167638
:10CC40003E4406F23243202B40F3A683C3F1400357
:10CC50000AFA03FA06F2124328FA03F04AEA00003D
:10CC6000F9F728F90123013EA1F1F8710F93524B16
:10CC70000022F8F7E1FF48A3D3E90023F9F794F97C
:10CC800047A3D3E90023F8F7D9FF80463046894609
:10CC9000F9F720F944A3D3E90023F9F785F902460F
:10CCA0000B4640464946F8F7C9FF80468946F9F7E2
:10CCB0002BFC00228346002340464946F9F7E6FB59
:10CCC000002840F04583BBF1160F00F234833B4B44
:10CCD00003EBCB03D3E90023DDE90A01F9F7D6FB27
:10CCE000002871D00023BF1B0E937B1E0BF1FF3B6E
:10CCF000069300F1278300230993BBF1000F6ADA42
:10CD0000099BCDF81CB0A3EB0B030993CBF10003F7
:10CD10000D93229B092B4FF0000B65D8052B40F398
:10CD20003983043B22930026229B023B032B00F213
:10CD30006786DFE813F04E044B0442042504249A6E
:10CD4000CAF3130A42F20F735AEA080A13601AD19F
:10CD5000269B002B00F06386194B03930833269A19
:10CD60000398136019B0BDE8F08FDDE90A12C2F331
:10CD70001303084643F07F510F97A6F2FF36169F24
:10CD800041F4401173E7269B002B40F0DB830D4BF1
:10CD9000039341E7AFF3008061436F63A787D23FFE
:10CDA000B3C8608B288AC63FFB799F501344D33F9A
:10CDB0000000F07F65FE02000000F83F0807030056
:10CDC000600803006C080300BF1B7B1E069300F184
:10CDD0007E840E900990069B5B44CDE9063B0023C0
:10CDE0000D93229B092B99D90023CDE922330126EB
:10CDF0004FF0FF330C960893089B12930021E163D8
:10CE00002046FDF709F90390002800F00186039BF6
:10CE1000A363089B0E2B00F21381002E00F01081FB
:10CE20000799002940F35584AE4B01F00F0203EB44
:10CE3000C2034FEA2118C905D3E9006740F1118404
:10CE4000A94BDDE90A01D3E90823F9F7D7F9CDE9C0
:10CE5000100108F00F084FF0030AB8F1000F13D0CB
:10CE6000DFF8849218F0010F09D030463946D9E92D
:10CE70000023F9F799F80AF1010A06460F465FEA1E
:10CE8000680809F10809EDD1DDE9100132463B4699
:10CE9000F9F7B4F9804689460E9B43B1934B0022C3
:10CEA00040464946F9F7F2FA002840F02A855046F4
:10CEB000F9F710F842464B46F9F776F88C4B00220A
:10CEC000F8F7BCFEA1F15073CDE910011193089B56
:10CED000002B00F09980079B1493089B13930C9BE5
:10CEE000002B00F0A584139A7E4B8249039E03EB2E
:10CEF000C20353E902230020F9F780F9DDE910238A
:10CF0000F8F79AFECDE9100149464046F9F7FCFAD8
:10CF10000746F8F7DFFF02460B4640464946F8F75A
:10CF20008BFE30378046894602460B4606F8017B69
:10CF3000DDE91001F9F7C8FA002840F02785CDF89F
:10CF400054B00027DDE910AB1095139D13942AE02F
:10CF50000137AF4280F22A85674B5046594600227E
:10CF6000F9F722F8644B002282468B464046494638
:10CF7000F9F71AF889468046F9F7C6FA0446F8F731
:10CF8000A9FF02460B4640464946F8F755FE3034A5
:10CF900006F8014B52465B4680468946F9F776FA19
:10CFA000002840F0F18442464B4650490020F8F7F3
:10CFB00043FE52465B46F9F769FA0028C8D0DDE91E
:10CFC0001343109D039A079302E0B24200F0C68417
:10CFD000B14616F8013D392BF7D00133DBB233707F
:10CFE000079B0133079392E15046F8F773FF4246DF
:10CFF0004B46F8F7D9FF3E4B0022F8F71FFEA1F190
:10D000005073CDE9100111933C4B40464946002234
:10D01000F8F712FEDDE9108942464B4606460F46F8
:10D02000F9F752FA8246002840F0A884424609F1F6
:10D03000004330463946F9F729FA002840F0458385
:10D04000179B002BC0F28C80079A0E2A00F3888071
:10D05000244B03EBC203D3E900AB239B002B1BDA69
:10D06000089B002B18DC40F02E83244B50460022F6
:10D070005946F8F799FF02460B46DDE90A01F9F730
:10D080000FFADDF820A05646002800F0B982239B55
:10D09000DDF80C80DF43BBE2DDE90A7852465B46EF
:10D0A00038464146F9F7AAF8F9F72EFA8146099071
:10D0B000F8F710FF52465B46F8F776FF039E0B46E3
:10D0C000024641463846F8F7B7FD09F1300306F845
:10D0D000013B089B012B00F05C830694012704951B
:10D0E0001C462AE008070300E00603000000F03FAA
:10D0F00000001C400000E03F0000244000001440FD
:10D1000052465B4640464946F9F778F8F9F7FCF98C
:10D110000546F8F7DFFE52465B46F8F745FF013754
:10D120000B46024649464046F8F786FD05F13003B6
:10D13000A74206F8013B00F02983A54B0022F8F72F
:10D1400033FF0022002380468946F9F795F900282D
:10D15000D6D0049D069C079B01330793B146D6E0C9
:10D160000C9A002A00F00781229A012A40F3948247
:10D17000089B03F1FF380D9B434580F25E820D9BB7
:10D18000CDF83480A8EB03039B444FF00008089BC4
:10D19000002BC0F22F83069A1A440692099A17466A
:10D1A0001A44099201212046FDF75EF8064667B150
:10D1B000069900290B4608DD099AB942A8BF3B46EB
:10D1C000D21AFF1ACB1A099206930D9B63B10C9BDE
:10D1D000002B00F0B682B8F1000F00F331820D9BF6
:10D1E000B3EB080240F0168301212046FDF73CF81E
:10D1F000BBF1000F824600F3D480229B012B40F349
:10D20000A7814FF000090120BBF1000F40F0D5804D
:10D21000069B184410F01F0000F09881C0F1200315
:10D22000042B00F3AD8040F02482099B002B05DD28
:10D2300029461A462046FDF753F90546069B002B62
:10D2400005DD51461A462046FDF74AF982460E9BF7
:10D25000002B40F05C81089B002B40F343810C9B2A
:10D26000002B40F0C680079B01330793DDF80C804C
:10D27000DDF82090012707E0294600230A222046F6
:10D28000FCF7FAFE0137054651462846FFF7F4FB46
:10D29000B94500F1300308F8013BEDDC089A002A9B
:10D2A000C8BF9346039AD8BF4FF0010B93440027A1
:10D2B0002946012220460493FDF712F951460546FE
:10D2C000FDF786F9002840F3DC811BF8013C039A46
:10D2D0000BF1FF3B04E05A4500F0EE811BF8013DE5
:10D2E000392B0BF10109F6D001338BF80030514690
:10D2F0002046FCF7B7FE56B12FB1B74203D03946EE
:10D300002046FCF7AFFE31462046FCF7ABFE29462F
:10D310002046FCF7A7FE002389F80030249B079ADB
:10D320001A60269B002B3FF477AC0398C3F800905B
:10D3300019B0BDE8F08F0123BF1B0E937B1E06932F
:10D340007FF5D9ACC7F10103099300230693D4E418
:10D350005846F8F7BFFD42464B46F9F78DF80028CE
:10D360007FF4B1AC0BF1FF3BADE41A4B0393039890
:10D3700019B0BDE8F08FDDF83480099F0C9E16E7E8
:10D38000C0F11C00099B03440993069B0344074416
:10D3900006934AE70126C7E4C3F1200308FA03F025
:10D3A0005EE401465A462046FDF73AF8229B012BDF
:10D3B000824640F3BA814FF00009DAF810300AEBE8
:10D3C00083031869FCF700FFC0F1200020E700BFCD
:10D3D0000000244064FE0200314600230A22204659
:10D3E000FCF74AFE129B002B064640F3F382CDE980
:10D3F0000783002F00F31A81B9F1000F40F0E38199
:10D40000B046049B039F089903F001027B1E194458
:10D41000229B0C92134309910A9351462846FFF729
:10D420002BFB314683462846FDF7D2F8424651464B
:10D4300081462046FDF7ECF8C26801460BF1300347
:10D44000002A42D1069028460893FDF7C1F80699B4
:10D4500004902046FCF706FE049A089B1AB90A9924
:10D46000002900F0A982B9F1000FC0F27181229960
:10D4700049EA01090C9951EA090900F06981002A79
:10D4800000F3BC81099A3B7007F101099742CB4632
:10D4900000F0BA81294600230A222046FCF7ECFD61
:10D4A0004645054631464FF000034FF00A0220463C
:10D4B00012D0FCF7E1FD4146064600230A22204631
:10D4C000FCF7DAFD4F468046A7E720460493FCF7B9
:10D4D000C9FD049B0122C6E7FCF7CEFD4F46064678
:10D4E00080469AE7229B022B79DC0C9B002B80D193
:10D4F000079B5146013328460793FFF7BDFADDF835
:10D500000CB000F130030BF8013B0027D0E6514688
:10D510002846FDF75DF80028BFF69DAE294600239A
:10D520000A222046FCF7A8FD079B03F1FF380C9B5D
:10D530000546002B7FF450AF129B002B40F3438233
:10D54000089393E6B64B0393033308E41C2019E7D2
:10D55000DDE9041200297FF454AEC2F31303002B5B
:10D560007FF44FAEAF4B1340002B00F00B82099BB2
:10D5700001330993069B013306934FF0010942E6FC
:10D5800001230C93239B079A134412930133012B1D
:10D590001F460893B8BF01270021172FE1637FF7CB
:10D5A0002FAC012204235B0003F11400B8421146A2
:10D5B00002F10102F7D9E16322E401230C93239BDA
:10D5C000002B59DD129308931F46E5E700230C93C7
:10D5D000D8E700230C93F2E7129BCDE90783089B61
:10D5E000002B7FF454AD514605222046FCF744FD44
:10D5F000014682462846FCF7EBFF00287FF747AD3F
:10D60000039B079F3122984603F8012B01370393B0
:10D6100051462046FCF726FD7B1CDDF80C90079355
:10D62000CDF80C80002E7FF46EAE70E631463A469F
:10D630002046FCF755FF0646DEE6A3EB0808A6E504
:10D64000314642462046FCF7EBFE2A460146064696
:10D650002046FCF737FE294605462046FCF702FD2A
:10D66000BDE5DDE90A234FF0020ACDE91023FFF7FB
:10D67000F4BBC0F13C0085E6012323930893FFF738
:10D68000BBBB03D1049BDB073FF51FAED9461BF89C
:10D69000013D302BFAD02AE60F9A002A00F02D81A6
:10D6A00003F23343069ADDF834801A440692099A4D
:10D6B00017461A44099275E5079B039A01330793AD
:10D6C0003123137013E64FF0000A5646DFE40E9044
:10D6D00038E600F03D81079A534B564206F00F02A0
:10D6E00003EBC203D3E90023DDE90A01F8F75CFC90
:10D6F00036118046894600F078814C4F00234FF068
:10D70000020AF20706D5D7E90023F8F74DFC0AF123
:10D71000010A0123761007F10807F2D1002B3FF42C
:10D72000BBAB80468946FFF7B7BB049B002B7FF459
:10D7300042AEDDE90412C2F31303002B3FF412AF33
:10D7400039E629460D9A2046FCF76AFE05464BE568
:10D75000002A12DD2946012220460493FCF7C0FE70
:10D7600051460546FCF734FF0028049B40F318811E
:10D77000392B00F0F9800BF13103B94609F8013B70
:10D78000079B0133374607934646B0E50995069C4B
:10D79000049D02460B46F8F751FA52465B46804616
:10D7A0008946F8F791FE60B952465B4640464946C5
:10D7B000F8F762FE00283FF4CEAC099BD9077FF54D
:10D7C000CAAC039A04E471682046FCF725FC0746BE
:10D7D000002800F00E81336902339A0006F10C0133
:10D7E0000C30F1F7D5F8394601222046FCF778FED7
:10D7F000804606E6DDE908239F1AD3E4392B00F0C2
:10D80000B380B9460133B9E7079A01323746079228
:10D8100046464DE529462046FCF702FE0546E3E470
:10D820006C0803000000F07F08070300E006030017
:10D83000DDF84CA0814901EBCA01DDE9102351E973
:10D840000201F8F7B1FBCDE9100149464046F8F76F
:10D850005BFE0646F8F73EFB0B460246494640464D
:10D86000F8F7EAF9039F53463036012B07F8016BAE
:10D870008046894600F0B780139E039B1E44704B80
:10D88000002240464946F8F78FFB89468046F8F764
:10D890003BFE8246F8F71EFB0AF1300A02460B46B1
:10D8A00040464946F8F7C8F907F801ABBE42804642
:10D8B0008946E4D1634B0022DDE91001F8F7BEF997
:10D8C00042464B46F8F7E2FD002864D1DDE910231B
:10D8D0005C490020F8F7B0F942464B46F8F7F4FDF2
:10D8E00000283FF4ADABB146013E19F8013C302BA6
:10D8F000F9D0149B0133079309E5169BC3F1360356
:10D90000D0E6089B002B3FF46FAB129B002B7FF7F8
:10D9100097AB079A013ACDE913324046484B0022B3
:10D920004946F8F741FB804689460AF10100F8F7BD
:10D93000D1FA42464B46F8F737FB434B0022F8F743
:10D940007DF9A1F15073CDE910011193FFF7C7BA2A
:10D95000DDE90A894FF0020AFFF79EBA079B0133FF
:10D9600007933123FFF73BBB079BBB46013307936C
:10D97000392337460BF8013B4646A8E44FF0000A2E
:10D9800056463DE699463EE4109D139C149B013398
:10D990000793B146BBE4149B039A0793FFF718BBA8
:10D9A0007FF4EBAEDA077FF5E8AEE1E6DDF854B0E0
:10D9B000109D139CFFF744BB392BD5D0B9F1000F54
:10D9C0003FF7D9AED9E6229B022B3FF705AECDF843
:10D9D0001C808DE5229B022B3FF7FEAD129BCDF8FC
:10D9E0001C80089305E53E4664E74FF0020AFFF706
:10D9F00053BA164B16483A4640F2EF21FEF7E0FFC5
:10DA00000026E66331462046FCF706FB039050B93A
:10DA10000E4B0F48002240F2AF11FEF7D1FF0D4B25
:10DA20000393FFF7F9B8039BA3634FF0FF331293FF
:10DA30000893012323960C93FFF702BB080703000A
:10DA4000000024400000E03F00001C4008050300E7
:10DA5000700803006008030070B5054684B05BB130
:10DA60001C4669B10E4B2846D3F8E0602346B04708
:10DA7000431C0FD004B070BD00F582740029F1D1B1
:10DA8000074A2346D2F8E06028460A4601A9B04773
:10DA9000431CEFD100228A2322602B6004B070BDAA
:10DAA0004C8DFF1F00B583B0DDF810C0CDE9003C00
:10DAB0004FF0FF3301F0B6FB03B05DF804FB00BF8D
:10DAC0000EB410B583B005AB064C53F8042B01938C
:10DAD0000146206800F0C4F803B0BDE8104003B070
:10DAE000704700BFD88FFF1F2DE9F04F936817686C
:10DAF00083B09246002B70D081468A6808680C4635
:10DB0000083743E0A38913F4906F2ED0D4E90416AC
:10DB1000A0EB010806EB460606EBD67608F10100FD
:10DB200076102844B042324684BF064632465B0532
:10DB300037D511464846F9F7BFF8019000283AD08A
:10DB400042462169F0F724FFA289019B22F49062EA
:10DB500042F08002A281A6EB080203EB0800666196
:10DB6000A260236120602E46A84642465946FAF735
:10DB7000CDFFDAF80830A2682068921B40445B1B96
:10DB8000A2602060CAF808303BB3083757E902B5F5
:10DB9000002DFAD0AA4216469046B3D92E46A84682
:10DBA000E3E74846F9F744FB03460028D3D121694F
:10DBB0004846FBF717FDA3890C2243F04003C9F840
:10DBC00000204FF0FF30A38100220023CAF8082074
:10DBD000CAF8043003B0BDE8F08F00200023CAF873
:10DBE000043003B0BDE8F08F2DE9F84F4B6E9C0474
:10DBF00090462DD59368126843B38B46064602F1D2
:10DC0000080959E9025A5FEA9A0715D0043D002431
:10DC100001E0A7420ED055F8041F5A46304601F0E5
:10DC200051FA431C04F10104F3D10023C8E9013384
:10DC3000BDE8F88FD8F808302AF0030AA3EB0A03EE
:10DC4000C8F8083009F10809002BDAD10020ECE708
:10DC500001F008F80023C8E90133BDE8F88F00BFE0
:10DC60002DE9F04FC5B00DF1500A834603911646D9
:10DC70000021082250461C460793FAF7C3FFBBF168
:10DC8000000F04D0DBF83430002B00F0A186039A9B
:10DC9000536EDB0740F11C85B2F90C108AB2950473
:10DCA00009D4039B41F4005199818AB219465B6EF5
:10DCB00023F400534B66100740F10481039B1B695A
:10DCC000002B00F0FF8002F01A030A2B00F00881FD
:10DCD0000023CDE91933CDE90D331BAA0B9318921C
:10DCE00091460C930593B0464446A64BD3F8E450B6
:10DCF000FBF7DCF82246034612A9CDF800A05846EF
:10DD0000A847002800F04081C0F23381129A252AEA
:10DD1000034601D01C44E8E7B4EB0806054640F092
:10DD20003781002361788DF8433004F101080693B0
:10DD30004FF0FF371E462B2408F10108A1F1200304
:10DD40005A2B00F26581DFE813F09F026301630143
:10DD50009A026301630163016A0063016301670260
:10DD6000770263017202810263017C025B005B0047
:10DD70005B005B005B005B005B005B005B006301C2
:10DD80006301630163016301630163016301630173
:10DD9000460284006301630163016301630163015F
:10DDA0006301630163016301E200630163016301D5
:10DDB0001D026301C40263016301940563016301F1
:10DDC0006301630163016301630163016301630133
:10DDD00046028600630163016301B70286007F008B
:10DDE0006301AA026301E702E400D7027F00630136
:10DDF0001D027C00720563016301740563017C00F0
:10DE0000A1F13003002218F8011B02EB820203EBA0
:10DE10004202A1F13003092BF5D906928EE758464C
:10DE2000FEF760FD43680D931846FBF7C9FA0E90A4
:10DE300005465846FEF756FD83680C93002D40F0CA
:10DE4000DF8498F8001077E798F8001046F0200675
:10DE500072E746F01006B40640F17881079B07335D
:10DE600023F007031A46596852F8083B07920A46FE
:10DE70000029C0F27A84791C00F0A78526F0800181
:10DE8000029153EA020100F048840A2B72F100016A
:10DE900080F0498530338DF80F31029E01230493C1
:10DEA0000DF20F14049BBB42B8BF3B460293002304
:10DEB00008939DF84330002B00F0B880029B01339B
:10DEC0000293B3E0039D5846294601F03FF800282D
:10DED00040F05686AA8902F01A030A2B7FF4F8AEA6
:10DEE0000399B1F90E30002BFFF6F2AE4B6EDB0753
:10DEF00002D4970540F118860399234632465846C6
:10DF000000F070FE0590059845B0BDE8F08F46F032
:10DF1000100616F0200200F02681079B073323F03D
:10DF2000070319465A6851F8083B079126F48061A7
:10DF30000291002100208DF84300781C00F000823F
:10DF4000029820F0800653EA020040F0F881002F8A
:10DF500040F04385002940F0E483029B13F0010365
:10DF6000049300F0208430238DF80F310DF20F144C
:10DF700098E7082200215046FAF744FE01231C448A
:10DF8000B3E600BF4C8DFF1FB4EB080605461AD060
:10DF9000199B1A9A01333244072BC9E900861A9259
:10DFA00019931ADD002A00F0B483039918AA584681
:10DFB000FFF71AFED8B90DF16C09059B33440593A0
:10DFC000002D7FF4AEAE1A9B002B40F0CA85039B58
:10DFD0000022B3F90C3019920CE009F10809ECE7C2
:10DFE000B346089B1BB108995846FBF7FBFA039B05
:10DFF000B3F90C30039A526E12F0010F9AB200F08E
:10E000009C80500600F1C885059845B0BDE8F08FAA
:10E010000029D8D000238DF8433001238DF8AC10AF
:10E02000029304932BAC002308931F4616F00203BF
:10E03000099302D0029B0233029316F084030A93E1
:10E0400005D1069B029A9D1A002D00F39482DDE90A
:10E050001903411C9DF8432082B101220133C9F804
:10E06000042007290DF14302CDE91913C9F8002056
:10E0700000F36482084609F108090131099ADAB10E
:10E0800011AA0233C9F8002007294FF00202CDE996
:10E090001913C9F8042040F36982002B00F058835B
:10E0A000039918AA5846FFF79FFD002899D1DDE98A
:10E0B00019030DF16C09411C0A9A802A00F0828133
:10E0C000049ABD1A002D00F3E081049AC9F80040BB
:10E0D00013440729CDE91913C9F8042040F36C81D2
:10E0E000002B00F09E82039918AA5846FFF77CFD8A
:10E0F00000287FF476AF1A9B0DF16C09750705D5E2
:10E10000069A0299541A002C00F39582DDE9052144
:10E1100002988142ACBF521812180592002B40F0B1
:10E12000FE81089900231993002900F04881584680
:10E13000FBF758FA0DF16C09D6E59C053FF561AF88
:10E14000039CA06DFAF74EFFA2895AE7F006079AE2
:10E1500000F13E83710640F1388332F9043B0792A7
:10E16000DA17114684E616F01003079940F0288369
:10E1700016F0400000F020831A4651F8043B079146
:10E180009BB2D3E6079B1A4600238DF84330134613
:10E1900053F8044B0293002C00F02D84532900F017
:10E1A0008A8316F0100540F086837B1C00F0CC8437
:10E1B0003A4629462046FEF7B3FB0890002800F0B7
:10E1C000B884031B029A049323EAE3732F46079251
:10E1D000029308956DE6432902D0F50640F152837B
:10E1E000079D0822002116A82BACFAF70BFD16ABF1
:10E1F00055F8042B21465846FFF72EFC0346013301
:10E20000049000F0CE84049B079523EAE373029305
:10E2100000238DF8433006E7079B53F8042B069242
:10E22000002A80F2BB82069A5242CDE9062398F872
:10E23000001046F004067FE598F800108DF8434082
:10E240007AE598F8001046F0800675E5424612F827
:10E25000011B2A2900F0B084A1F13003092B90465C
:10E260004FF000073FF66AAD18F8011B07EB870770
:10E2700003EB4707A1F13003092BF5D95EE598F8C8
:10E28000001046F0010657E59DF84330002B7FF45F
:10E29000D8AD202398F800108DF843304CE598F85D
:10E2A00000106C2903BF98F8011046F0200608F111
:10E2B000010846F010063FE598F80010682903BFF2
:10E2C00098F8011046F4007608F1010846F040067F
:10E2D00032E546F010030293029B13F0200200F097
:10E2E0002582079B073323F0070319465A6851F824
:10E2F000083B079101211DE6079A46F002030293AD
:10E3000052F8043B079247F63002ADF84420A14A88
:10E310000B92022100220DE6B70600F16782F50696
:10E3200000F16183740600F1EE83B00540F15B8378
:10E33000079B059953F8042B07931170D4E40296B8
:10E3400001293FF4A2AD022944AC11D10B9803F08E
:10E350000F011B09415C04F8011D43EA0273120915
:10E3600053EA0201F3D1029E44AB1B1B049399E5CF
:10E3700003F00701DB0843EA4273D208303153EA65
:10E380000205204604F8011DF2D1029EF307EBD5E9
:10E390003029E8D03023023804F8013C44AB1B1A82
:10E3A000029E049304467DE5049B1B9401221C936A
:10E3B0001A9319920DF16C0909F108099EE60DF105
:10E3C0006C0991E4069A029D551B002D7FF778AEEB
:10E3D000102D40F3D383194643460994B846039C55
:10E3E00037465E469B4607E000F1020C09F108093A
:10E3F0001046103D102D1FDD674BC9F80030421C40
:10E4000010311023072ACDE91921C9F80430EBDDBA
:10E4100018AA002900F08C80214630460DF16C09C5
:10E42000FFF7E2FB00287FF4DBADDDE91901103DC9
:10E43000102D00F1010CDFDC5A46099CB3460B4657
:10E440003E4647469046544AC9F804502B44BCF116
:10E45000070FCDE919C3C9F8002040F3A781002BAD
:10E4600000F02C83039918AA5846FFF7BDFB00283B
:10E470007FF4B7AD049ADDE91903BD1A002D00F150
:10E4800001010DF16C097FF720AE102D32DD194628
:10E4900043460994B046039C5E4610279B4607E01E
:10E4A00000F1020C09F108091046103D102D1ADD8B
:10E4B000421C394B1031072AC9E90037CDE919212F
:10E4C000EEDD18AA29B3214630460DF16C09FFF79D
:10E4D0008BFB00287FF484ADDDE91901103D102D80
:10E4E00000F1010CE4DC5A46099C0B46B346614638
:10E4F00046469046284AC9F804502B440729CDE9DE
:10E500001913C9F8002000F3F38009F1080901315B
:10E51000DBE54FF0010C08460DF16C09C5E70399E6
:10E5200018AA5846FFF760FB00283FF4FAAD58E5FB
:10E530004FF0010C08460DF16C095AE7002B00F072
:10E540000C81039918AA5846FFF74EFB00287FF468
:10E5500048ADDDE919030DF16C09411C8EE502237C
:10E5600011AA1C931B9201210DF16C09084609F1B7
:10E570000809411CA0E5102D40F3E282DDE91913E2
:10E58000184643460F94B846039C37465E469B4662
:10E590000CE000BF4CFB0200DC08030001F1020CA0
:10E5A00009F108091146103D102D1DDDB24BC9F8C7
:10E5B00000304A1C10301023072ACDE91920C9F871
:10E5C0000430EBDD18AA30B3214630460DF16C095A
:10E5D000FFF70AFB00287FF403ADDDE91910103DB9
:10E5E000102D01F1010CE1DC5A460F9C0346B346A5
:10E5F00060463E46474690469F4AC9F804502B4421
:10E600000728CDE91903C9F8002000F3B68009F105
:10E610000809411C1EE501464FF0010C0DF16C0983
:10E62000C1E7760719934AD5069A0299541A002C25
:10E6300045DD0DF16C09102C40F39D821999039E64
:10E64000102506E0881C09F108091146103C102C21
:10E650001ADD4A1C88481033072AC9E90005CDE9AC
:10E660001923EFDD18AA2BB331465846FFF7BCFA41
:10E6700000287FF4B6ACDDE91913103C102C01F131
:10E6800001000DF16C09E4DC7B4AC9F80440234425
:10E690000728CDE91903C9F800207FF737AD73B11A
:10E6A000039918AA5846FFF79FFA00287FF499ACFF
:10E6B0001A9B2BE5012019460DF16C09C6E7DDE92F
:10E6C000053202998A42ACBF9B185B18059328E576
:10E6D000039BB3F90C108F058AB23FF5E0AA1D46E3
:10E6E000986DFAF77DFCB5F90C108AB2FFF7D7BA2E
:10E6F000002B3FF459AE039918AA5846FFF774FA55
:10E7000000287FF46EAC19991A9B01310DF16C0948
:10E71000DBE419920DF16C094FE4002F7FF4BAABE2
:10E72000029E0027049744ACFFF7BCBB029B13F08A
:10E73000100354D1029A12F0400000F0678107994B
:10E740001A4651F8043B07919BB20121FFF7F2BB37
:10E75000012118460DF16C09AEE4099A002A5ED138
:10E76000184601210DF16C09A6E45B4262EB4202FE
:10E7700002962D200121FFF7DEBB002B00F08D80DB
:10E78000039918AA5846FFF72FFA00287FF429ACFE
:10E79000DDE919030DF16C09411C5BE498F80010E8
:10E7A0000793FFF7C9BA44ACFFF77CBB09F108092E
:10E7B0000CF10101604683E416F4007240F091818F
:10E7C00051F8043B0791FFF7B1BBB30500F182811B
:10E7D00052F8043B0792DA171146FFF749BB079935
:10E7E00051F8043B07910121FFF7A4BB079B059853
:10E7F00053F8041B0793C217C1E90002FFF774BA6C
:10E800000C9B002B3FF41DAB0C9B1B78002B3FF4A3
:10E8100018AB98F8001046F48066FFF78DBA022313
:10E8200011AA1C931B9201200DF16C099FE6029620
:10E8300052E5124B0B9316F020025FD0079B073373
:10E8400023F0070318465A6850F8083B0790F4076E
:10E8500009D553EA020006D08DF84510302146F064
:10E8600002068DF8441026F4806102910221FFF720
:10E8700061BB034B0B93DEE7CC0803004CFB0200AB
:10E88000E4070300079B012153F8042B02918DF844
:10E89000AC20079304912BACBAE49DF84320002AE6
:10E8A00040F02681099A002A7FF459AE18460121CA
:10E8B0000DF16C0904E40021082216A81394FAF75C
:10E8C000A1F9791C00F0B280002507942C460CE0D9
:10E8D0002BA95846FFF7C0F8421C204400F0618184
:10E8E000B84208DC00F065810446139A525916AB11
:10E8F0000435002AECD10494079CA5E016F010031F
:10E9000007980CD116F0400405D01A4650F8043B85
:10E9100007909BB29BE716F4007240F0D58050F848
:10E92000043B079093E70299CDF8208001F48066BC
:10E93000DDF8308004974FF0000C44AC05E00A2B62
:10E9400072F1000236D33B462A46DFF890E299186E
:10E9500041F10001AEFB010525F0030000EB95003D
:10E96000091A581A4FF0CC3562F1000705FB00F583
:10E970000EFB0755A0FB0E70054407F0010E0520A5
:10E98000AEFB000E40187F08303004F8010C47EA57
:10E99000C5770CF1010C013C6D08002ECFD098F822
:10E9A00000106145CBD1BCF1FF0FC8D00A2B72F12A
:10E9B00000026CD244AB1B1B049FCDF83080029E3A
:10E9C000DDF820800493FFF76DBA0296FFF75DBA79
:10E9D0005846F9F7E7FFFFF75AB9012902967FF485
:10E9E000B2ACFFF757BA079B059953F8042B116097
:10E9F0000793FFF779B9062F3B46029A784C0792A6
:10EA000028BF062304930293FFF70DBB029B0799CF
:10EA100013F4007214BF51F8043B51F8043B079102
:10EA20001CBF0246DBB20121FFF784BA16AB00938C
:10EA30000023194613AA5846FFF734F8034601335A
:10EA4000049000F0AE801394049B7BB3632B62DCD4
:10EA5000002308932BAC0822002116A8FAF7D2F85D
:10EA6000049D16AB009313AA2B4621465846FFF788
:10EA700019F8854240F0AB80029B049A079300236B
:10EA8000A3541F4622EAE2730293FFF712BA0E9BC9
:10EA90000D99E41A1A462046FAF7B2F998F80130AF
:10EAA0000BB108F101084FF0000C4CE7029B0793F3
:10EAB000049B02931F460893FFF7FBB901211846F8
:10EAC0000DF16C09FFF7FCBA50F8043B07902246A1
:10EAD000DBB2BCE612F9043B0792DA171146FFF7E6
:10EAE000C7B951F8043B07910246DBB2FFF71EBAE3
:10EAF00001231C9301210DF143031B930DF16C09BC
:10EB00000B46FFF7B7BA079B059953F8042B0793F9
:10EB10001180FFF7E9B8591C5846F8F7CDF80446BC
:10EB200000283ED0089096E7886DFAF75BFAFFF769
:10EB3000E3B9029B049702970793089FFFF7B9B9BF
:10EB400019981A9B013057E5029B07932046FAF764
:10EB500037FC20EAE0732F46049002930895FFF7F4
:10EB6000A8B9039918AA5846FFF73EF800283FF4C1
:10EB70002EAAFFF73CBA1998013085E58C4662E46D
:10EB8000039B5B6ED90707D4039B9B899A0503D42B
:10EB9000039B986DFAF726FA4FF0FF330593FFF7C2
:10EBA00033BA039AB2F90C3043F040039381FFF774
:10EBB00021BA079C049747E7079B98F8011053F880
:10EBC000047B0793904647EAE777FFF7B5B8039AC7
:10EBD000938943F040039381FFF703BACDCCCCCCAB
:10EBE000F8070300F0B51F468B89ADF26C4D23F09A
:10EBF0000203ADF80C304B6E1993CB89ADF80E3093
:10EC0000CB6907934B6A09931AAB009304934FF4B3
:10EC10008063154606460293059316A800230C460A
:10EC20000693FAF7D9F92A463B4669463046FFF77C
:10EC300017F8051E07DB69463046FDF729FE002858
:10EC400018BF4FF0FF35BDF80C305B0603D5A38924
:10EC500043F04003A3811698FAF7C0F928460DF255
:10EC60006C4DF0BD9368002B00F081802DE9F04FD2
:10EC7000B1F90C300C461907804683B0174698B29C
:10EC800023D523690BB310F002033D682BD04FF05E
:10EC9000000ADFF8B4B256465E453346524628BFF6
:10ECA0005B464046002E4FD0E169D4F824C0E047CF
:10ECB000002852DDBB681B1A8244361ABB60002B49
:10ECC000EAD1002003B0BDE8F08F2146404600F0B5
:10ECD0003DF9002840F03481B4F90C303D6898B219
:10ECE00010F00203D3D110F0010942D14E463EB3D9
:10ECF0008205D4F808B040F18180B3455A4600F24D
:10ED0000B18010F4906F40F0BE80206801924946B7
:10ED1000F9F7FCFEA368019AA3EB0B012368A1603D
:10ED20001344B24623600026BB68A3EB0A03D14418
:10ED3000BB60002BC5D0B4F90C0080B2002ED7D137
:10ED4000D5E900960835D2E7D5E900A60835A3E74E
:10ED500021464046FDF79CFD80B3B4F90C3043F0EA
:10ED600040034FF0FF30A38103B0BDE8F08F0020D7
:10ED700070471E46BA46994618461F4666B388B382
:10ED80004A46D4E904C32068A168B24228BF32468B
:10ED9000604504D901EB030B5A4500F3A780934269
:10EDA00064DCE169D4F824C03A464046E047B0F15B
:10EDB000000BD2DDB9EB0B09CAD00120DAF808301C
:10EDC000A3EB0B035F44A6EB0B06CAF80830002B3D
:10EDD0003FF477AF002ED2D16E682B460835002E57
:10EDE000FAD01F6832460A213846FDF799FD0028FF
:10EDF00000F09D800130A0EB0709C1E7206823697E
:10EE0000984217D86269B24214D86FF00043B342F7
:10EE100028BF3346E16993FBF2F3D4F824C002FB28
:10EE200003F340464A46E047B0F1000A95DDA6EB01
:10EE30000A0679E7B345DA4628BFB2465246494644
:10EE4000F9F764FEA3682268A3EB0A035244A360A7
:10EE50002260002BEBD121464046FDF719FD00282A
:10EE6000E5D07AE72068B34632464FE7394601924B
:10EE7000F9F74CFE019AA3689B1AA3602368134418
:10EE80002360934696E723682169A3EB010B63692E
:10EE900003EB430A0AEBDA7A0BF101034FEA6A0A41
:10EEA00033445345524684BF9A46524643052CD5B7
:10EEB00011464046F7F700FF00283BD05A4621692B
:10EEC0000190EFF765FDA289019B22F4906242F068
:10EED0008002A28103EB0B002361AAEB0B03C4F8B1
:10EEE00014A0A3602060B34632460FE739465A4665
:10EEF000F9F70CFE23685B44236021464046FDF78A
:10EF0000C7FC00283FF456AF27E74046F8F790F9D2
:10EF100003460028DED121694046FAF763FBB4F9C5
:10EF20000C300C2223F08003C8F8002017E7721C75
:10EF3000914626E70C22B4F90C30C8F800200EE701
:10EF40004FF0FF30BEE600BF00FCFF7F38B5314B0D
:10EF50001B6805460C4613B15A6B002A4ED0B4F913
:10EF60000C3018079AB21CD5216929B312F00100A0
:10EF700007D00020A06060694042A06139B1002044
:10EF800038BD950758BF6069A0600029F7D1120607
:10EF900058BF0846F4D543F04003A3814FF0FF303B
:10EFA00038BDD1062ED5520714D4216943F0080389
:10EFB000A3819AB20029D9D102F42070B0F5007F64
:10EFC000D4D02146284600F03FF9B4F90C3021692D
:10EFD0009AB2CBE7216B51B104F14002914204D0C7
:10EFE0002846FAF7FFFAB4F90C30002222632169AF
:10EFF0000022C4E9001223F02403D7E71846F9F7EA
:10F00000D1FCACE7092243F040032A604FF0FF3007
:10F01000A38138BDD88FFF1F2DE9F04383B0074689
:10F0200088461446F9F742FF012803D108F1FF335F
:10F03000FE2B37D90DF10409424604F15C03494621
:10F040003846FEF709FD421C064633D028B39DF82A
:10F0500004C0002509E023685A1C226083F800C020
:10F060000135B54219D219F801CFA368013B002B35
:10F07000A360F0DAD4F818E07345614622463846BA
:10F0800002DBBCF10A0FE6D100F04AF9431CE7D1DC
:10F090000646304603B0BDE8F0834646304603B02E
:10F0A000BDE8F0835FFA88FC8DF804C006460DF1D8
:10F0B0000409CEE7A389304643F04003A38103B09F
:10F0C000BDE8F08330B5536E13F0010FB2F90C3088
:10F0D000144683B005469AB201D198051CD5900418
:10F0E00006D4626E43F4005342F40052A381626678
:10F0F00022462846FFF790FF636EDA07054602D4E2
:10F10000A3899B0502D5284603B030BDA06DF9F751
:10F1100069FF284603B030BDA06D0191F9F760FF8B
:10F12000B4F90C3001999AB2D9E700BF2DE9F04F3C
:10F1300089B0DDE9138A129F0191814603921E4630
:10F14000B8F1000F55D0019B002B57D0039B1D68D1
:10F15000002F63D0741E2EB3019B0293043D002642
:10F160000AE0019B13BB2A68002A35D0BC4557D260
:10F17000013C631C664615D0D8F8003055F8042FC2
:10F180000093DAF8E0C0D8F804B0434605A9484631
:10F19000E047421C37D000EB060CBC45E1D9009B90
:10F1A000C8E9003B304609B0BDE8F08F00280CDD0F
:10F1B000029B18445A1E05A900F1FF3E11F8013BBD
:10F1C00002F8013F7245F9D10290039B1A6804329C
:10F1D0001A602A68002AC9D1019B0BB1039B1A60EF
:10F1E0000CF1FF3600223046C8F8002009B0BDE817
:10F1F000F08F019B00F58678002BA7D1039B4FF081
:10F20000FF371D68A6E706468A2100223046C9F866
:10F210000010C8F8002009B0BDE8F08F3E46C1E7F5
:10F220006646BFE710B584B0054C06980090079875
:10F230000190044800680294FFF778FF04B010BD05
:10F240004C8DFF1FD88FFF1F2DE9F0418B890C4695
:10F25000990796B008D504F143030122C4E90432AA
:10F26000236016B0BDE8F081B4F90E1000290646FF
:10F2700025DB6A4600F0ACF800281FDB019D05F491
:10F280007045A5F50055B5FA85F54FF480686D0910
:10F290004FF4006741463046F7F70EFDE0B1B4F990
:10F2A0000C30C4F8148043F0800320602061A381F7
:10F2B00035BB3B43A38116B0BDE8F081A38913F0B1
:10F2C000800519D04FF040080025414630462F46B2
:10F2D000F7F7F2FC0028E2D1B4F90C309A05C0D45B
:10F2E00023F0030304F1430243F002030121C4E9C4
:10F2F0000421A3812260B4E74FF480682F46C9E758
:10F30000B4F90E10304600F079F810B9B4F90C30A9
:10F31000CFE7A38923F0030343F001031BB2C8E73F
:10F32000F8B50D461446064610B1436B002B4CD081
:10F33000B4F90C20A369A360170790B21BD5236909
:10F34000CBB1EDB281042F4622D522686169D31A70
:10F35000994229DD0133A1680139A160511C216066
:10F36000157062699A4227D0A389DB0701D50A2D5F
:10F3700022D03846F8BD21463046FFF7E7FD08BBEE
:10F38000B4F90C20236990B2EDB281042F46DCD48D
:10F3900042F40052A281626E616922F400526266F8
:10F3A0002268D31A9942D5DC21463046FDF770FA1F
:10F3B00040B922680123CEE721463046FDF768FABE
:10F3C0000028D6D04FF0FF37D3E7F9F7EBFAAFE7D5
:10F3D00070B50C46084D03460026204611461C46D3
:10F3E0002E60EFF7F3FB431C00D070BD2B68002BA1
:10F3F000FBD0236070BD00BF54A4FF1F38B5074D7C
:10F400000022044608462A60EFF7E6FB431C00D0C2
:10F4100038BD2B68002BFBD0236038BD54A4FF1FE0
:10F4200038B505460C462846214600220023F7F74A
:10F430002DF828B928462146BDE8384000F00AB822
:10F44000284604F1004100F005F8404261EB41011B
:10F4500038BD00BFD0B50C4B002206460F46F6F76C
:10F46000A3FDF7F779F80446F6F724FD074B0022D1
:10F47000F6F79AFD02460B4630463946F6F7DCFBB6
:10F48000F7F76AF82146D0BD0000F03D0000F041DA
:10F490003A463F2300FFFFFF3A41302C3323000060
:10F4A0003A412A2C332300002A30313233343536A6
:10F4B00037383950435741420000000045000000F2
:10F4C0002B2D0000414D55004143440041535551FF
:10F4D000000000002B2D674750517353242100007A
:10F4E0004F6F49693A3031323334353637386343F8
:10F4F0006D725700783F7E4D564161007473000075
:10F5000041614363446465666747684C4D4E4F50A4
:10F510006D6E6F52725354745658575A0000000063
:10F52000426243464F5051525300000065776E735C
:10F530006700000050534155463F610031324000A2
:10F540002365776E7300000047434D5330313233EB
:10F55000340000002161424365646747684C6D4D8B
:10F560006E4E6F4F72745455587A0000522B2D54C2
:10F57000534C510065643031320000003031323379
:10F58000000000003F0000005800FFFF3A41452303
:10F59000000000003A434123000000003A434D239D
:10F5A000000000003A435323000000003A43552373
:10F5B000000000003A4423003A45442300000000C4
:10F5C0003A464123000000003A465623000000005E
:10F5D0003A466123000000003A467E230000000006
:10F5E0003A472823000000003A4729230000000082
:10F5F0003A474123000000003A474323000000003F
:10F600003A474423000000003A47444C23000000DE
:10F610003A474723000000003A474C23000000000F
:10F620003A474D23000000003A474E2300000000F7
:10F630003A474F23000000003A47522300000000E1
:10F640003A47524C230000003A4753230000000081
:10F650003A47534C230000003A475423000000006F
:10F660003A475642230000003A4756442300000020
:10F670003A47564E230000003A47565023000000F8
:10F680003A475654230000003A47566223000000D0
:10F690003A475723000000003A4758413023000002
:10F6A0003A475841312300003A475841322300007D
:10F6B0003A475841332300003A4758413423000069
:10F6C0003A475841352300003A4758413623000055
:10F6D0003A475841372300003A4758413823000041
:10F6E0003A475841532300003A47584161230000EC
:10F6F0003A475841772300003A4758417A2300009F
:10F700003A475843532300003A47584450302300A7
:10F710003A475844503123003A4758445032230066
:10F720003A475844503323003A4758445034230052
:10F730003A475844503523003A475844503623003E
:10F740003A475844503723003A475844523123002F
:10F750003A475844523223003A4758445233230020
:10F760003A475844523423003A475844523523000C
:10F770003A475844523623003A475844572300002A
:10F780003A475844573123003A4758453023000040
:10F790003A475845312300003A4758453223000084
:10F7A0003A475845412300003A4758454423000052
:10F7B0003A4758454F2300003A47584550442300E4
:10F7C0003A475845505223003A47584552230000C3
:10F7D0003A4758455A2300003A4758457244230097
:10F7E0003A475845725223003A47584C4523000087
:10F7F0003A47584C482300003A47584C4F230000E2
:10F800003A47584C532300003A47584C55230000C0
:10F810003A47584C572300003A47584D424423007A
:10F820003A47584D425223003A47584D434423002B
:10F830003A47584D435223003A47584D4744230016
:10F840003A47584D475223003A47584D4944230000
:10F850003A47584D495223003A47584D4C442300EB
:10F860003A47584D4C5223003A47584D4D442300D7
:10F870003A47584D4D5223003A47584D52442300C1
:10F880003A47584D525223003A47584D53442300AB
:10F890003A47584D535223003A47584D634423008A
:10F8A0003A47584D635223003A47584D6D44230060
:10F8B0003A47584D6D5223003A47584F41230000B4
:10F8C0003A47584F422300003A47584F432300001D
:10F8D0003A47584F492300003A47584F53230000F6
:10F8E0003A475850312300003A475850322300001D
:10F8F0003A475850332300003A4758503423000009
:10F900003A475852412300003A47585242230000D8
:10F910003A475852442300003A47585258230000AF
:10F920003A475852652300003A4758526623000070
:10F930003A475852722300003A4758526423000055
:10F940003A475854302300003A47585431230000B6
:10F950003A475854322300003A47585433230000A2
:10F960003A47586C582300003A4758726723000002
:10F970003A475872702300003A47587274230000C7
:10F980003A475A23000000003A4761230000000074
:10F990003A476323000000003A4764230000000058
:10F9A0003A47644C230000003A47652300000000FA
:10F9B0003A476623000000003A4767230000000032
:10F9C0003A476823000000003A476D23000000001A
:10F9D0003A476E23000000003A476F230000000002
:10F9E0003A477223000000003A47724C230000009F
:10F9F0003A477423000000003A573F2300FFFFFFFF
:10FA000000000000000000000000000000000000F6
:10FA100000000000000000000000000000FFFFFFE9
:10FA20004E2F412300FFFFFF25642C252B30366429
:10FA30002C252B3036642300256400FF25303264EA
:10FA40002F253032642F2530326423002530382EA4
:10FA500035662300252B30382E3566230000000044
:10FA6000252B303464230000252B30352E316623BE
:10FA700000000000252B3032642A2300536974658E
:10FA8000202564003F2300002573230025303264C5
:10FA90002A230000252B30382E3666230000000074
:10FAA0004F6374202037203230323600312E362E0C
:10FAB000313000005465656E417374726F00000050
:10FAC000556E6976657273616C00000030303A30B3
:10FAD000303A303000000000256423005000000060
:10FAE000470000004C000000540000004E000000E1
:10FAF000480000003100FFFF2566230025302E3826
:10FB0000662C25302E38662C25302E38662C253074
:10FB10002E3866230000000025642C256423000095
:10FB200025752300256C752300000000256C6623D5
:10FB300000000000256C642300000000256C642593
:10FB400025230000792300006E230000303132337A
:10FB500034353637383961626364656600FFFFFF0C
:10FB60004142434445464748494A4B4C4D4E4F500D
:10FB70005152535455565758595A616263646566D9
:10FB80006768696A6B6C6D6E6F707172737475768D
:10FB90007778797A303132333435363738392B2F1C
:10FBA00000FFFFFF616C69676E00FFFFD007000078
:10FBB000D0070000B80B0000B80B0000706F696E32
:10FBC0007420310025732009205B25662C202566D2
:10FBD0005D000000706F696E742032006572726F94
:10FBE00072000000417A696D757468205074333A70
:10FBF0002000FFFFFFFFFFFF0000000000000000EB
:10FC000000000000000024400000000000405940B7
:10FC10004D6F756E7420256400FFFFFFD007000054
:10FC2000D0070000B80B0000B80B0000D0070000A0
:10FC3000D0070000B80B0000B80B00008D5B01007E
:10FC4000915B0100995B0100A15B01001F1C1F1E5D
:10FC50001F1E1F1F1E1F1E1F2573253032643A25CD
:10FC60003032643A2530326400FFFFFF25303264C1
:10FC70002A253032643A2530326400002B25303298
:10FC8000642A253032643A25303264004750524DA0
:10FC900043000000474E524D430000004750474785
:10FCA00041000000474E47474100FFFF6463414168
:10FCB0002000000064634141740000006463484414
:10FCC000200000006463484474000000696E760000
:10FCD000746573740000000054696E7600000000C3
:10FCE00075000000760000006469616700FFFFFF97
:10FCF00064634844000000006463414100FFFFFF6B
:10FD00000000000000000000DDDF010001E0010054
:10FD100085E0010081E001007DE0010079E0010063
:10FD200075E00100A5DF010061E001005DE0010078
:10FD300055E001004DE0010045E0010035E0010023
:10FD400025E0010021E0010019E0010011E00100BF
:10FD500085DF01008DDF010095DF01009DDF0100DF
:10FD6000E9DF0100D1DF0100000000000000000019
:10FD7000C1E00100E5E0010075E1010071E1010071
:10FD80006DE1010069E1010065E1010089E0010028
:10FD900045E1010041E1010039E1010031E10100EB
:10FDA00029E1010019E1010009E1010005E101007B
:10FDB000FDE00100F5E0010099E10100B9E1010079
:10FDC000D9E1010079E10100CDE00100B5E00100D9
:10FDD000000000000000000031E2010055E20100D7
:10FDE000E5E20100E1E20100DDE20100D9E201000B
:10FDF000D5E20100F9E10100B5E20100B1E2010044
:10FE0000A9E20100A1E2010099E2010089E20100FA
:10FE100079E2010075E201006DE2010065E2010096
:10FE200009E3010029E3010049E30100E9E20100DF
:10FE30003DE2010025E201006DE3010071E30100F4
:10FE400075E3010079E301006E616E00696E660082
:10FE50006F7666006FF07F030370037813F0800FF6
:10FE6000FBD070473000FFFF4008FE4340A0044035
:10FE70004408FE4344A004400018FE4300C0044070
:10FE80003000FE43309004403400FE433490044080
:10FE90001C18FE431CC004401018FE4310C0044050
:10FEA0000818FE4308C004400C18FE430CC0044070
:10FEB0000C10FE430CB004401010FE4310B0044080
:10FEC0001810FE4318B004401C10FE431CB0044040
:10FED0001410FE4314B004400418FE4304C0044050
:10FEE0000010FE4300B004400008FE4300A00440A0
:10FEF0000408FE4304A004400C08FE430CA0044088
:10FF00000808FE4308A004401418FE4314C004402F
:10FF10001818FE4318C004400410FE4304B0044007
:10FF20000810FE4308B004401400FE43149004403F
:10FF30004C08FE434CA004400420FE4304D004407F
:10FF40002410FE4324B004402010FE4320B004409F
:10FF50002810FE4328B004402C10FE432CB004406F
:10FF60000020FE4300D004404808FE4348A004405F
:10FF70001000FE431090044000000000000000004C
:10FF8000FD150200F5150200F1150200ED15020045
:10FF9000E9150200E5150200E1150200DD15020079
:10FFA00000FFFFFF000100008088FF1F120000001B
:10FFB000000200003C88FF1F430000000003000017
:10FFC0009488FF1F00000000010309049888FF1FA8
:10FFD0000000000002030904B088FF1F00000000B9
:10FFE00003030904C888FF1F000000000000000090
:10FFF00000000000000000000015191502000300B9
:020000023000CC
:1000000004000500060008000A000C00100014009F
:100010001800200028003800400060008000C00068
:1000200000018001000280020003FFFF0000008049
:1000300000000180000000000000028000000100BC
:100040000110000000000200011001000320000068
:100050000100020003200100043000000320020020
:100060000320030005400000054001000650000089
:1000700006500100076000000760010008700000E2
:1000800007600200087001003C800440001000007E
:10009000041A0000FF7F000011100000691F020019
:1000A0000C08000000020000000200000B07000026
:1000B00040020000000200000D0E0000400200009F
:1000C000000200000A020906141715160F000000AE
:1000D0000002000000020000000200000002000018
:1000E0000002000000020000000200000002000008
:1000F00000020000010102020404080810000000D0
:100100004FBB610567ACDD3F182D4454FB21E93F2F
:100110009BF681D20B73EF3F182D4454FB21F93F1E
:10012000E2652F227F2B7A3C075C143326A6813CA4
:10013000BDCBF07A8807703C075C143326A6913C4F
:10014000182D4454FB21E9BFD221337F7CD90240D2
:10015000D221337F7CD902C0000000000000008063
:10016000182D4454FB210940182D4454FB2109C08B
:1001700000000000000000000000000000000080FF
:10018000FB21F93FFB2109407CD91240FB2119409A
:100190007A6A1F407CD92240BBFD2540FB212940C3
:1001A0003A462C407A6A2F405C4731407CD9324035
:1001B0009C6B3440BBFD3540DB8F3740FB21394021
:1001C0001BB43A403A463C405AD83D407A6A3F40D8
:1001D0004C7E40405C4741406C1042407CD94240DC
:1001E0008CA243409C6B4440AC344540BBFD454031
:1001F000CBC64640DB8F4740EB584840FB21494087
:1002000083F9A200444E6E00FC291500D157270047
:10021000DD34F50062DBC0003C999500419043005D
:100220006351FE00BBDEAB00B761C5003A6E24002F
:10023000D24D42004906E00009EA2E001C92D1008E
:10024000EB1DFE0029B11C00E83EA700F535820039
:1002500044BB2E009CE98400B4267000417E5F0000
:10026000D6913900538339009CF439008B5F8400A8
:1002700028F9BD00F81F3B00DEFF97000F9805002E
:10028000112FEF000A5A8B006D1F6D00CF7E3600D4
:1002900009CB2700464FB7009E663F002DEA5F005E
:1002A000BA277500E5EBC7003D7BF100F739070081
:1002B00092528A00FB6BEA001FB15F00085D8D005F
:1002C000300356007BFC4600F0AB6B0020BCCF0037
:1002D00036F49A00E3A91D005E619100081BE60058
:1002E00085996500A0145F008D40680080D8FF00EC
:1002F00027734D0006063100CA561500C9A87300C1
:100300007BE260006B8CC00000000040FB21F93FE5
:10031000000000002D44743E000000809846F83C28
:100320000000006051CC783B00000080831BF03956
:100330000000004020257A38000000802282E33649
:10034000000000001DF369350200000003000000FA
:1003500004000000060000002E0000006E66000091
:10036000696E697479000000616E00FF350000005D
:10037000CEFBFFFFCB0300000100000000000000E7
:1003800034000000CEFBFFFFCB03000001000000A3
:1003900000000000FFFFFFFFBC89D897B2D29C3C51
:1003A00033A7A8D523F649393DA7F444FD0FA5325C
:1003B0009D978CCF08BA5B25436FAC642806681103
:1003C0000020202020202020202028282828282025
:1003D000202020202020202020202020202020201D
:1003E0002088101010101010101010101010101085
:1003F0001004040404040404040404101010101075
:10040000101041414141414101010101010101013E
:100410000101010101010101010101011010101090
:100420001010424242424242020202020202020210
:100430000202020202020202020202021010101064
:10044000200000000000000000000000000000008C
:10045000000000000000000000000000000000009C
:10046000000000000000000000000000000000008C
:10047000000000000000000000000000000000007C
:10048000000000000000000000000000000000006C
:10049000000000000000000000000000000000005C
:1004A000000000000000000000000000000000004C
:1004B000000000000000000000000000000000003C
:1004C00000FFFFFF4C435F434F4C4C41544500003D
:1004D0004C435F4354595045000000004C435F4D6E
:1004E0004F4E4554415259004C435F4E554D455275
:1004F000494300004C435F54494D45004C435F4D18
:10050000455353414745530042616C6C6F63207300
:100510007563636565646564000000002F64617441
:10052000612F6A656E6B696E732F776F726B737074
:100530006163652F474E552D746F6F6C63686169F9
:100540006E2F61726D2D31312F7372632F6E65774F
:100550006C69622D63796777696E2F6E65776C6958
:10056000622F6C6962632F7374646C69622F6764B5
:10057000746F612D6765746865782E6300FFFFFFF7
:10058000000000000000000000000000000000006B
:10059000000000000000000000000000000000005B
:1005A000000000000000000000000000000000004B
:1005B000101112131415161718190000000000006E
:1005C000001A1B1C1D1E1F00000000000000000080
:1005D000000000000000000000000000000000001B
:1005E000001A1B1C1D1E1F00000000000000000060
:1005F00000000000000000000000000000000000FB
:1006000000000000000000000000000000000000EA
:1006100000000000000000000000000000000000DA
:1006200000000000000000000000000000000000CA
:1006300000000000000000000000000000000000BA
:1006400000000000000000000000000000000000AA
:10065000000000000000000000000000000000009A
:10066000000000000000000000000000000000008A
:10067000000000000000000000000000000000007A
:100680002F646174612F6A656E6B696E732F776F6B
:10069000726B73706163652F474E552D746F6F6C6D
:1006A000636861696E2F61726D2D31312F737263D2
:1006B0002F6E65776C69622D63796777696E2F6E2F
:1006C00065776C69622F6C6962632F7374646C69FF
:1006D000622F6D707265632E6300FFFFFFFFFFFFE7
:1006E0000080E03779C34143176E05B5B5B893462E
:1006F000F5F93FE9034F384D321D30F94877825AFA
:100700003CBF737FDD4F1575000000000000F03F17
:1007100000000000000024400000000000005940DC
:100720000000000000408F40000000000088C3402F
:1007300000000000006AF8400000000080842E41A4
:1007400000000000D01263410000000084D79741F0
:100750000000000065CDCD41000000205FA00242F6
:10076000000000E876483742000000A2941A6D426B
:10077000000040E59C30A2420000901EC4BCD6425E
:1007800000003426F56B0C430080E03779C3414309
:1007900000A0D8855734764300C84E676DC1AB437F
:1007A000003D9160E458E143408CB5781DAF15449D
:1007B00050EFE2D6E41A4B4492D54D06CFF0804478
:1007C000F64AE1C7022DB544B49DD9794378EA448D
:1007D00005000000190000007D000000494E4600A1
:1007E0004E414E003031323334353637383941429C
:1007F0004344454600000000286E756C6C2900FFDC
:1008000020202020202020202020202020202020E8
:1008100030303030303030303030303030303030D8
:100820002C2066756E6374696F6E3A2000000000BC
:10083000617373657274696F6E202225732220665E
:1008400061696C65643A2066696C652022257322B3
:100850002C206C696E65202564257325730A00FFC2
:10086000496E66696E697479000000004E614E0041
:100870002F646174612F6A656E6B696E732F776F79
:10088000726B73706163652F474E552D746F6F6C7B
:10089000636861696E2F61726D2D31312F737263E0
:1008A0002F6E65776C69622D63796777696E2F6E3D
:1008B00065776C69622F6C6962632F7374646C690D
:1008C000622F64746F612E6300FFFFFF20202020E1
:1008D00020202020202020202020202030303030D8
:1008E000303030303030303030303030F8B500BF5C
:1008F000F8BC08BC9E4670472595020035040000F0
:10090000FD0D000041220000A1230000992E0000EF
:10091000E52E00000D2F0000A1330000F933000088
:10092000793A00003D3C000035460000955C00002F
:10093000697C0000E5850000A18600003587000085
:10094000618E00000DC0000029CE000055CE0000D1
:1009500079DA0000E9DA0000C9DB000009030100D0
:1009600029080100F90B0100750F0100351C010079
:10097000A12101001D260100E1290100AD34010083
:1009800035400100FD57010085590100395B010028
:0C0990007D5B01007567010081E501003E
:04099C00F8B500BFEB
:0809A0004C13FF7F0100000071
:1009A800000000007499FF1FC899FF1F289BFF1FB4
:1009B800509AFF1F720000007600000078000000C7
:1009C800790000007E0000007B0000007A00000033
:1009D8007C0000007F000000870000008B00000002
:1009E8003499FF1FB899FF1FA09AFF1F009AFF1F95
:1009F80064000000680000006A0000006B0000004E
:100A0800700000006D0000006C0000006E00000027
:100A18007100000082000000860000000101000053
:100A28002C01000008FD020000000000E80300009F
:100A3800000000005D0C020070FD020000000000D4
:100A4800E803000000000000610C0200D8FD02006D
:100A580000000000E803000000000000650C020030
:100A6800F8A5FF1F280000001A0000004000000041
:100A78004000000001000000280000001A000000EB
:100A88004000000009000000280000000A000000E3
:100A9800280000001A0000004000000028000000A4
:100AA8000801010180FF020000000000E8030000C7
:100AB80000000000FFFFFFFF010A040009024300D5
:100AC800020100C0320904000001020201000524ED
:100AD8000010010524010101042402060524060072
:100AE800010705820310004009040100020A000002
:100AF80000070503024000000705840240000000CB
:100B08001201100102000040C016830475020102A0
:100B1800030100000403090418035400650065007C
:100B28006E00730079006400750069006E006F0044
:100B38001603550053004200200053006500720060
:100B4800690061006C0000000C0300000000000058
:100B5800000000000000000000000000000000008D
:100B680000C00240880003000000000000000000F0
:100B7800000000000000000000000000000000006D
:100B8800000000000000000000000000000000005D
:100B98000000000000000000000000000000F03F1E
:100BA80059F3F8C21F6EA5010000803F6042A20DF4
:100BB80000000000000000003089FF1F3089FF1F7F
:100BC8003889FF1F3889FF1F4089FF1F4089FF1F91
:100BD8004889FF1F4889FF1F5089FF1F5089FF1F41
:100BE8005889FF1F5889FF1F6089FF1F6089FF1FF1
:100BF8006889FF1F6889FF1F7089FF1F7089FF1FA1
:100C08007889FF1F7889FF1F8089FF1F8089FF1F50
:100C18008889FF1F8889FF1F9089FF1F9089FF1F00
:100C28009889FF1F9889FF1FA089FF1FA089FF1FB0
:100C3800A889FF1FA889FF1FB089FF1FB089FF1F60
:100C4800B889FF1FB889FF1FC089FF1FC089FF1F10
:100C5800C889FF1FC889FF1FD089FF1FD089FF1FC0
:100C6800D889FF1FD889FF1FE089FF1FE089FF1F70
:100C7800E889FF1FE889FF1FF089FF1FF089FF1F20
:100C8800F889FF1FF889FF1F008AFF1F008AFF1FCE
:100C9800088AFF1F088AFF1F108AFF1F108AFF1F7C
:100CA800188AFF1F188AFF1F208AFF1F208AFF1F2C
:100CB800288AFF1F288AFF1F308AFF1F308AFF1FDC
:100CC800388AFF1F388AFF1F408AFF1F408AFF1F8C
:100CD800488AFF1F488AFF1F508AFF1F508AFF1F3C
:100CE800588AFF1F588AFF1F608AFF1F608AFF1FEC
:100CF800688AFF1F688AFF1F708AFF1F708AFF1F9C
:100D0800788AFF1F788AFF1F808AFF1F808AFF1F4B
:100D1800888AFF1F888AFF1F908AFF1F908AFF1FFB
:100D2800988AFF1F988AFF1FA08AFF1FA08AFF1FAB
:100D3800A88AFF1FA88AFF1FB08AFF1FB08AFF1F5B
:100D4800B88AFF1FB88AFF1FC08AFF1FC08AFF1F0B
:100D5800C88AFF1FC88AFF1FD08AFF1FD08AFF1FBB
:100D6800D88AFF1FD88AFF1FE08AFF1FE08AFF1F6B
:100D7800E88AFF1FE88AFF1FF08AFF1FF08AFF1F1B
:100D8800F88AFF1FF88AFF1F008BFF1F008BFF1FC9
:100D9800088BFF1F088BFF1F108BFF1F108BFF1F77
:100DA800188BFF1F188BFF1F208BFF1F208BFF1F27
:100DB800288BFF1F288BFF1F308BFF1F308BFF1FD7
:100DC800388BFF1F388BFF1F408BFF1F408BFF1F87
:100DD800488BFF1F488BFF1F508BFF1F508BFF1F37
:100DE800588BFF1F588BFF1F608BFF1F608BFF1FE7
:100DF800688BFF1F688BFF1F708BFF1F708BFF1F97
:100E0800788BFF1F788BFF1F808BFF1F808BFF1F46
:100E1800888BFF1F888BFF1F908BFF1F908BFF1FF6
:100E2800988BFF1F988BFF1FA08BFF1FA08BFF1FA6
:100E3800A88BFF1FA88BFF1FB08BFF1FB08BFF1F56
:100E4800B88BFF1FB88BFF1FC08BFF1FC08BFF1F06
:100E5800C88BFF1FC88BFF1FD08BFF1FD08BFF1FB6
:100E6800D88BFF1FD88BFF1FE08BFF1FE08BFF1F66
:100E7800E88BFF1FE88BFF1FF08BFF1FF08BFF1F16
:100E8800F88BFF1FF88BFF1F008CFF1F008CFF1FC4
:100E9800088CFF1F088CFF1F108CFF1F108CFF1F72
:100EA800188CFF1F188CFF1F208CFF1F208CFF1F22
:100EB800288CFF1F288CFF1F308CFF1F308CFF1FD2
:100EC800388CFF1F388CFF1F408CFF1F408CFF1F82
:100ED800488CFF1F488CFF1F508CFF1F508CFF1F32
:100EE800588CFF1F588CFF1F608CFF1F608CFF1FE2
:100EF800688CFF1F688CFF1F708CFF1F708CFF1F92
:100F0800788CFF1F788CFF1F808CFF1F808CFF1F41
:100F1800888CFF1F888CFF1F908CFF1F908CFF1FF1
:100F2800988CFF1F988CFF1FA08CFF1FA08CFF1FA1
:100F3800A88CFF1FA88CFF1FB08CFF1FB08CFF1F51
:100F4800B88CFF1FB88CFF1FC08CFF1FC08CFF1F01
:100F5800C88CFF1FC88CFF1FD08CFF1FD08CFF1FB1
:100F6800D88CFF1FD88CFF1FE08CFF1FE08CFF1F61
:100F7800E88CFF1FE88CFF1FF08CFF1FF08CFF1F11
:100F8800F88CFF1FF88CFF1F008DFF1F008DFF1FBF
:100F9800088DFF1F088DFF1F108DFF1F108DFF1F6D
:100FA800188DFF1F188DFF1F208DFF1F208DFF1F1D
:100FB800288DFF1F288DFF1FFFFFFFFF0000020085
:100FC800000000000300000018A3FF1F43000000FA
:100FD8000000000000000000000000000000000009
:100FE80000000000000000000000000043000000B6
:100FF80000000000000000000000000000000000E9
:101008000000000000000000000000004300000095
:1010180000000000000000000000000000000000C8
:101028000000000000000000000000004300000075
:1010380000000000000000000000000000000000A8
:101048000000000000000000000000004300000055
:101058000000000000000000000000000000000088
:101068000000000000000000000000004300000035
:101078000000000000000000000000000000000068
:101088000000000000000000000000004300000015
:101098000000000000000000000000000000000048
:1010A80000000000000000000000000045AA020047
:1010B800ED9F020000000000C00303005803030076
:1010C8002C0803002C0803002C0803002C0803003C
:1010D8002C0803002C0803002C0803002C0803002C
:1010E8002C080300FFFFFFFFFFFFFFFFFFFFFFFFCD
:1010F800FFFF000001004153434949000000000080
:1011080000000000000000000000000000000000D7
:10111800000000000000415343494900000000005E
:1011280000000000000000000000000000000000B7
:1011380000000000000000000000000018A3FF1FCE
:1011480080A3FF1FE8A3FF1F0000000000000000AD
:101158000000000000000000000000000000000087
:101168000000000000000000000000000000000077
:101178000000000000000000000000000000000067
:101188000000000000000000000000000000000057
:101198000000000000000000000000000000000047
:1011A8000000000000000000000000000000000037
:1011B8000000000000000000000000000000000027
:1011C8000000000000000000000000000000000017
:1011D80001000000000000000E33CDAB34126DE6B4
:1011E800ECDE05000B00000000000000000000001D
:1011F80000000000000000000000000000000000E7
:1012080000000000000000000000000000000000D6
:1012180000000000000000000000000000000000C6
:1012280000000000000000000000000000000000B6
:1012380000000000000000000000000000000000A6
:101248000000000000000000000000000000000096
:101258000000000000000000B88EFF1F58A4FF1F08
:00000001FF
