:1000000000800020BD010000B5DC010071DC0100B2
:1000100071DC010071DC010071DC010071DC0100A8
:1000200071DC010071DC010071DC0100B5DC010054
:10003000B5DC010071DC0100510702005507020028
:10004000B5DC0100B5DC0100B5DC0100B5DC010068
:10005000B5DC0100B5DC0100B5DC0100B5DC010058
:10006000B5DC0100B5DC0100B5DC0100B5DC010048
:10007000B5DC0100B5DC0100B5DC0100B5DC010038
:10008000B5DC0100B5DC0100B5DC0100B5DC010028
:10009000B5DC0100B5DC0100B5DC0100B5DC010018
:1000A000B5DC0100B5DC0100B5DC0100B5DC010008
:1000B000B5DC0100B5DC0100B5DC0100B5DC0100F8
:1000C000B5DC0100B5DC0100B5DC0100B5DC0100E8
:1000D000B5DC0100B5DC0100B5DC0100B5DC0100D8
:1000E000B5DC0100B5DC0100B5DC0100B5DC0100C8
:1000F000B5DC01005DEB0100B5DC0100CDF40100D1
:10010000B5DC01003DF70100B5DC0100B5DC010004
:10011000B5DC0100B5DC0100B5DC0100B5DC010097
:10012000B5DC0100B5DC0100B5DC0100B5DC010087
:10013000B5DC0100B5DC0100B5DC0100B5DC010077
:10014000B5DC0100B5DC0100B5DC0100B5DC010067
:1001500049D6010065D6010081D601009DD6010077
:10016000B5DC0100E5F90100B5DC0100B5DC0100FA
:10017000B5DC0100B5DC0100B5DC0100B5DC010037
:10018000B5DC0100B5DC0100B5DC0100B5DC010027
:10019000B5DC0100B5DC0100B5DC0100B5DC010017
:1001A000B5DC0100B5DC0100B5DC0100B5DC010007
:1001B000B5DC0100B5DC0100B5DC0100574B4CF2A9
:1001C000205210B5DA814DF62812DA8100BF00BF47
:1001D0001DF074FD524B4FF010621A63514A9A633E
:1001E000514ADA63514A136913F4807303D153619E
:1001F0004FF4A85313614E4B9A78110703D59A78A0
:1002000042F008029A704B4B4B482A221A704B4B13
:10021000DA1C121AC11E22F00302994288BF002282
:1002200047491DF051FC474B4748DA1C121AC11EC2
:1002300022F00302994288BF0022002127F0E6FA4B
:10024000424943484FF4DE721DF03EFC414B424AA6
:10025000802103F8011B9342FBD14FF0E0233C4A7D
:10026000C3F8082D3D4B8A221A70A3F5805324222F
:100270005A70A0221A709A799207FCD59A79D406FE
:10028000FCD4374B9A7902F00C02082AFAD10522E5
:100290001A7143225A719A799006FCD5304A9379A3
:1002A0005906FCD51E4B4FF08171596405219964A4
:1002B00020211170917901F00C010C29FAD1294A01
:1002C0005A604FF0E023284A5A6100229A610722BF
:1002D0001A61264AC3F8202D62B61DF03FFF134B6A
:1002E0005B69DA0705D522481DF02CFF214B224A15
:1002F000DA61224B1B785B0609D51E4C1E4BE26966
:100300009A4204D11A481DF01DFF0023E3611DF03D
:10031000DBFC27F041FC1DF0CFFBFEE70020054091
:1003200000800440823F04000100002B00D0034005
:1003300000D0074000E007402087FF1FC88FFF1F45
:1003400008F50200E0A5FF1FC88FFF1F0000000096
:100350000082FF1F00E400E05FE400E00050064080
:1003600000400640C01005003F1901000000202099
:100370003FAFBE6A00E00340A5C3945A00F00740B7
:10038000FFFFFFFFFFFFFFFFFFFFFFFFFFFFFFFF7D
:10039000FFFFFFFFFFFFFFFFFFFFFFFFFFFFFFFF6D
:1003A000FFFFFFFFFFFFFFFFFFFFFFFFFFFFFFFF5D
:1003B000FFFFFFFFFFFFFFFFFFFFFFFFFFFFFFFF4D
:1003C000FFFFFFFFFFFFFFFFFFFFFFFFFFFFFFFF3D
:1003D000FFFFFFFFFFFFFFFFFFFFFFFFFFFFFFFF2D
:1003E000FFFFFFFFFFFFFFFFFFFFFFFFFFFFFFFF1D
:1003F000FFFFFFFFFFFFFFFFFFFFFFFFFFFFFFFF0D
:10040000FFFFFFFFFFFFFFFFFFFFFFFFDEF9FFFF23
:100410000548064B1B1AD90F01EBA301491002D066
:10042000034B03B118477047C88FFF1FC88FFF1FCA
:100430000000000008B5054B1BB105490548AFF3A6
:100440000080BDE80840FFF7E3BF00BF00000000E8
:10045000C88FFF1F00F5020008B51DF06DFE0021DA
:1004600008BD00BF10B5012121201DF0FDFE1424A0
:10047000012121201DF0C4FE0A201DF051FF212082
:1004800000211DF0BDFE32201DF04AFF013CEFD1DE
:10049000BDE81040012121201DF0B2BEFFFFFFFF8B
:1004A0002DE9F04FD64BD749D3E9042385B0C1E9F4
:1004B0000E231DF041FE0021044616F021F8002114
:1004C0000646204615F0AEFF00210546204616F0F0
:1004D00001F86B1E012B98BF06F1FF360746304628
:1004E00098BF0C3524F066FFC749064625F06AF828
:1004F00021F030FAC5498146304625F063F821F0F5
:1005000029FAC3498046304624F0A8FF21F022FA98
:100510000646284624F04EFF4FF07E5124F096FE0A
:10052000BC4924F09BFF21F015FA494605464FF0DF
:10053000804024F089FE414624F088FE24F0E0FA51
:1005400080463046894624F0DBFA02460B46404698
:10055000494624F077F980462846894624F0D0FAA7
:1005600002460B464046494624F06CF98046384620
:10057000894624F0B3FA02460B464046494624F029
:1005800061F98BA3D3E9002324F05CF902461746F6
:10059000884620460021CDE9027815F085FF00212C
:1005A0000646204615F054FF24F004FF9A4925F032
:1005B00009F80546304624F0FDFE0146284624F0A1
:1005C00045FE0021034620461C4615F057FF24F047
:1005D000F1FE924924F0F6FF214624F037FE24F084
:1005E0008FFA8F4BCDE9000100223846414624F0B6
:1005F00029F921F0E1F870A3D3E9002304460D4660
:1006000024F066FD58B36EA3D3E9002320462946A3
:1006100024F016F96CA3D3E9002324F0F3FB24F0B3
:1006200077FD24F05BFA7F4B002206460F4624F04C
:10063000BFFA21F0C1F802460B462046294614466F
:100640001D460022784B24F0FDF832463B4624F04C
:10065000F9F822462B4624F0F3F804460D465CA335
:10066000D3E900232046294624F0ECF85AA3D3E925
:10067000002304460D4624F0E3F859A3D3E90023F0
:1006800024F0C0FB21F098F855A3D3E9002382465B
:100690008B4624F08DFA21F08FF802460B46204657
:1006A000294624F0CDF850A3D3E9002306460F468F
:1006B00024F0A8FB21F080F84BA3D3E90023804667
:1006C000894624F075FA21F077F8002204460D4699
:1006D00000233046394624F0B5F822462B4624F054
:1006E000AFF821F069F824F013FD504B04460022C6
:1006F0004046494624F0CEFC002800F0BC824A4B1C
:1007000000224046494624F09BF824F001FD0646AD
:10071000304624F04FFE4649054625F05BF8002898
:1007200000F09E8232A3D3E900235046594624F0BC
:1007300087F824F0EDFC0746731E012B05D806F15F
:100740000C0024F037FE013F0546384624F032FE07
:100750002D49064624F036FF21F0FCF82B4982464D
:10076000304624F02FFF21F0F5F829498146304624
:1007700024F074FE21F0EEF84FF07E5180462846BA
:1007800024F064FD234924F069FE21F0E3F81AA364
:10079000D3E900230546DDE9020124F051F8254B99
:1007A00006460F460022DDE9000145E0AFF3008078
:1007B00000000080A2423A41000000008C8A4141C2
:1007C00000000040D07D3C410000000088D5E140A1
:1007D0000000000000D097400000006066865E4088
:1007E0000000000000D4764000000020A0993E40A8
:1007F00000000000006CB240000000802CB44241B8
:10080000D892FF1F5891FF1F0000C8420000C84344
:1008100000A0B64301CDF4410000704200006145E4
:100820000000E03F0000D03F0000F03F00002B4000
:10083000000020400000384024F0E4FA02460B4655
:100840003046394623F0FEFF02460B46CDE902232F
:10085000D1A3D3E9002324F0D5FA02460B464FF08A
:10086000804051469B46924624F0EEFC494624F0D7
:10087000EDFC24F045F9064640460F4624F040F9C9
:1008800002460B463046394623F0DCFF0646284632
:100890000F4624F035F902460B463046394623F020
:1008A000D1FF064620460F4624F018F902460B46B3
:1008B0003046394623F0C6FFB9A3D3E9002323F01D
:1008C000C1FFB9A3D3E9002323F0BAFFB8A3D3E94A
:1008D000002324F06DF9B8A3D3E9002323F0B2FF7D
:1008E000CD4B00228046894624F0E8FB78B1CA4D02
:1008F000002422462B464046494623F0A1FF2246CB
:100900002B468046894624F0D9FB0028F1D10022ED
:1009100000234046494624F0BDFB88B1BE4F002667
:10092000002400254046494632463B4623F08AFFD4
:1009300022462B468046894624F0ACFB0028F1D1A4
:100940009FA3D3E90023DDE9000124F031F94246F9
:100950004B4623F077FF9CA3D3E9002304460D46C2
:100960005046594624F024F952465B4624F020F9BB
:1009700002460B462046294623F064FFA64B002280
:1009800004460D4624F09AFB78B1A34F0026324668
:100990003B462046294623F053FF32463B46044659
:1009A0000D4624F08BFB0028F1D1002200232046C5
:1009B000294624F06FFB98B1974F00264FF00008AE
:1009C0004FF0000932463B462046294623F03AFFC5
:1009D00042464B4604460D4624F05CFB0028F1D10C
:1009E000DDE902AB7AA3D3E900235046594624F04F
:1009F000DFF802460B4678A1D1E9000123F020FF81
:100A000077A3D3E9002324F0FDF920F0EBFB76A3D4
:100A1000D3E9002306460F465046594624F0C8F84D
:100A200073A3D3E9002323F00DFF02460B4623F006
:100A300009FF6BA3D3E9002324F0E4F920F0D2FBF3
:100A40006DA3D3E90023804689465046594624F0D9
:100A5000AFF802460B466AA1D1E9000123F0F0FE8F
:100A60005FA3D3E9002324F0CDF920F02FFB66A388
:100A7000D3E9002382468B463046394624F098F865
:100A800063A3D3E9002306460F464046494624F0B7
:100A90008FF802460B463046394623F0D1FE5246C7
:100AA0005B4624F085F822462B4623F0CBFE5A4BBA
:100AB00000228046894624F001FB78B1564D00247F
:100AC00022462B464046494623F0BAFE22462B4694
:100AD0008046894624F0F2FA0028F1D10022002352
:100AE0004046494624F0D6FA88B14B4F00260024F0
:100AF000002532463B464046494623F0A3FE2246A7
:100B00002B468046894624F0C5FA0028F1D1434996
:100B1000434B0022D1E90E0124F074F902460B4642
:100B20004046494623F08CFE3B4B002280468946D6
:100B300024F0C4FA78B1384D002422462B464046B2
:100B4000494623F07DFE22462B468046894624F006
:100B5000B5FA0028F1D1002200234046494624F08E
:100B600099FA88B12C4F00260024002532463B46D6
:100B70004046494623F066FE22462B46804689467B
:100B800024F088FA0028F1D1234B00224046494640
:100B900024F038F946E000BF00000000A0D5E14095
:100BA00000000080A2423A41000000802CB4424183
:100BB000000000E05BD2B03F000000801CCA1A4079
:100BC000000000E0360BF03F000000605243FB3EA7
:100BD00000000060C91CAB3F000000608F425F4016
:100BE00000000020DCA54C40000000E0718AEF3FCF
:100BF0000000002085877140000000A0F2D79A3ED7
:100C00000000000076703740000000A0EEE734BF1F
:100C100000000080732AF93E000038405891FF1F01
:100C200000002E401CA3D3E9002323F0C1FF24F0D1
:100C30006FFA72B61C49086062B672B60A680B6831
:100C4000C1E9042362B619480FF05AFAE8B117480F
:100C50000FF0A8FA0A2005B0BDE8F04F1DF060BB08
:100C60000FA3D3E900235046594623F0E9FD24F0B1
:100C70004FFA074660E50E4B00224046494623F0F6
:100C8000DFFD24F045FA064642E508480FF050FA29
:100C9000DDE700BFAFF3008000000000C07A6041D4
:100CA00000000000006BB2405891FF1F2093FF1F0F
:100CB00000002A4070B50C4682B072B62F4A116807
:100CC00062B61369CB1A002B26DC2D4E2D4D1DF07C
:100CD00007FB2D4B9A68D9681860821A8A42C8BFF0
:100CE000DA605A60326801929860019AD5F8283526
:100CF00042F20F71D31A8B4294BF0121002121705F
:100D000004D902F51C521032C5F828251D4802B03E
:100D1000BDE8704013F086BCD06811611844D06003
:100D200091688B42C8BF9360012B03D05068591E55
:100D30000144516012681548114E80FB0250D117D2
:100D4000C1EB6011642000FB11210E4D326800924E
:100D50000098D5F8282542F20F7C821A624594BF8C
:100D600001220022227004D900F51C501030C5F871
:100D70002805044813F050FDA9E700BF5891FF1F54
:100D8000DC9FFF1F2093FF1FE88FFF1F1F85EB5184
:100D9000F8B5224E224D3778044601F08DF903F064
:100DA00023FF95F8F8349F4205D0212128460FF003
:100DB00093FA95F8F8341A48337012F0B9FE10B966
:100DC00095F8F835FBB9164812F0B8FE28B1204660
:100DD0001449BDE8F840FFF76DBF134B134A19687B
:100DE000134BA0F1333000FB0133B2EB730F0C480F
:100DF00094BF0121002113F055FE20460949BDE8AA
:100E0000F840FFF757BF06480FF05AF9044814F0AE
:100E10005BF803480FF058F9D5E700BFE18FFF1FDB
:100E20002093FF1FE08FFF1F5891FF1F9999991979
:100E30009899991908B51CF0C9FDBDE808401CF047
:100E4000C5BD00BF38B51A20124C134D1EF002F973
:100E500000211F201EF0C0F820464DF6C0211CF0D6
:100E600067FA0A23A3600D4804211EF0DFF91EF083
:100E700065FAFA201DF054FA012406E01EF096FAF5
:100E8000C0B23F2808BF85F837401EF07BFA002823
:100E9000F4DC38BDB887FF1F2093FF1F90E00200ED
:100EA0002DE9F8431B4D1C4C2E681C4FDFF8709049
:100EB00040F2EE281FF064FB2378EBB13B78DB07B0
:100EC0001AD52B68D9F800209B1A0E2B14D90122B1
:100ED0001449154801F0CAF914484FF461411CF057
:100EE000B5F912491248022201F0C0F9BDE8F843F1
:100EF000002121201DF084B92B6822789B1B2AB188
:100F0000B3F5FA6FE3D81FF03BFBD3E74345FAD9BB
:100F1000DDE700BFDC9FFF1F78A2FF1F9CA2FF1F21
:100F2000A0A2FF1F0C88FF1F4490FF1FA487FF1F74
:100F30002090FF1F70B5234C0546FFF793FA0EF083
:100F4000C9FC20460FF02CF91F4815F071FC002653
:100F50000021012015F07AFC1DF0EEF8314615F065
:100F600045FC20460FF0A8F820460FF0B3F93146B3
:100F700004F5D9600FF0F6F9204611F0B5FE2046D1
:100F80000FF078F92846FFF78BFA72B60F4B196805
:100F90001A68C3E9041262B64FF4FA601DF0C0F992
:100FA0001EF0B8FBB042D8BF00232846C8BF0123BB
:100FB00084F83830FFF746FF2846BDE87040FFF759
:100FC0006FBF00BF2093FF1F590400005891FF1FFF
:100FD00038B50378062B04464ED03A2B4AD14378D5
:100FE000243B442B46D8DFE813F0160145004500AA
:100FF00045004500450045004500450045004500C9
:1010000045004500450045004500450045004500B8
:1010100045004500450045004500450045004500A8
:10102000450045000101C600B600E200CF00EB001C
:10103000AD00450045004500450045009D004500C8
:101040004500450094008B00820072006900450055
:101050005F0045004500450045004500450045004E
:101060004500450045004500450045004500450058
:1010700056004D00042038BD4378002B14BF0420D7
:10108000012038BD8178714826F012FC00280CBF81
:101090000420022038BD81786D4826F009FC002824
:1010A0000CBF0420022038BD84786A48214626F00F
:1010B000FFFB002800F0BB80002038BD8178664827
:1010C00026F0F6FBB0FA80F04009800038BD847845
:1010D0006248214626F0ECFB0028EDD1604821460D
:1010E00026F0E6FB00280CBF0420022038BD8178E2
:1010F0005C4826F0DDFB00280CBF0420022038BD30
:101100008178594826F0D4FBB0FA80F0400980007D
:1011100038BD8178554826F0CBFBB0FA80F0400905
:10112000800038BD84785248214626F0C1FB002853
:10113000C2D15048214626F0BBFB002800F0848035
:10114000012038BD81784C4826F0B2FB00280CBF46
:101150000420032038BD84784848214626F0A8FBA7
:10116000002862D12146464826F0A2FBB0FA80F062
:101170004009800038BD8178424826F099FBB0FADA
:1011800080F04009800038BD85783F48294626F028
:101190008FFB002849D14D2D4DD0572D7FF46AAFDC
:1011A000E378303B012B8CBF0420022038BD8178CE
:1011B000294826F07DFB00280CBF0420032038BD01
:1011C00084783248214626F073FB00287FF474AF00
:1011D0002F48214626F06CFB58BB2E48214626F0AE
:1011E00067FB00280CBF0420032038BD2A4926F0E5
:1011F0000BFD00283FF43FAF2849204626F004FDB0
:1012000000283FF438AFA4782548214626F050FB4B
:1012100078B92448E2E784782348214626F048FB41
:1012200000287FF449AF214859E7032038BD204802
:10123000D4E7022038BDE1781E4826F039FB0028AB
:101240000CBF0420012038BD1B4848E720E1020004
:10125000FCE002007CE1020064E202006CE10200BA
:1012600074E1020054E1020048E1020040E10200A2
:101270002CE1020034E1020000E10200C4E00200BF
:1012800028E10200C0E00200C8E00200D4E0020051
:10129000E0E00200F4E0020098E00200A0E00200BA
:1012A000A8E00200BCE00200DCE0020088E10200ED
:1012B00084E10200CCE002003CE10200002800F0E2
:1012C0000B8510B503783A2B044640F0F484FFF701
:1012D0007FFE002800F0DC84431EDBB2012B40F2CD
:1012E000D884032840F0EF84C549204626F08CFCC2
:1012F000002800F0D084C349204626F085FC002851
:1013000000F0CB84C049204626F07EFC002800F087
:10131000C684BE49204626F077FC002800F0C18430
:10132000BB49204626F070FC002800F0BE84B94975
:10133000204626F069FC002800F0B984B649204612
:1013400026F062FC002800F0B484B449204626F060
:101350005BFC002800F0B284B149204626F054FC22
:10136000002800F0AD84AF49204626F04DFC00284F
:1013700000F09984AC49204626F046FC002800F095
:10138000A584AA49204626F03FFC002800F0A0844E
:10139000A749204626F038FC002800F09B84A54988
:1013A000204626F031FC002800F09984A24920460E
:1013B00026F02AFC002800F09484A049204626F05C
:1013C00023FC002800F08F849D49204626F01CFC59
:1013D000002800F08A849B49204626F015FC00284E
:1013E00000F085849849204626F00EFC002800F085
:1013F00080849649204626F007FC002800F07B8474
:101400009349204626F000FC002800F0768491499C
:10141000204626F0F9FB002800F071848E49204612
:1014200026F0F2FB002800F06C848C49204626F060
:10143000EBFB002800F067848949204626F0E4FB96
:10144000002800F062848749204626F0DDFB002852
:1014500000F05D848449204626F0D6FB002800F089
:1014600058848249204626F0CFFB002800F05384A0
:101470007F49204626F0C8FB002800F050847D49B3
:10148000204626F0C1FB002800F047847A49204618
:1014900026F0BAFB002800F046847849204626F062
:1014A000B3FB002800F03D847549204626F0ACFBD4
:1014B000002800F03E847349204626F0A5FB002852
:1014C00000F035847049204626F09EFB002800F08D
:1014D00088846E49204626F097FB002800F07F8420
:1014E0006B49204626F090FB002800F0768469497D
:1014F000204626F089FB002800F06D8466492046CE
:1015000026F082FB002800F064846449204626F01F
:101510007BFB002800F05B846149204626F074FBC9
:10152000002800F052845F49204626F06DFB002819
:1015300000F049845C49204626F066FB002800F054
:1015400040845A49204626F05FFB002800F037848B
:101550005749204626F058FB002800F02E845549B4
:10156000204626F051FB002800F0258452492046F1
:1015700026F04AFB002800F01C845049204626F043
:1015800043FB002800F013844D49204626F03CFB25
:10159000002800F00A844B49204626F035FB00283D
:1015A00000F001844849204626F02EFB002800F078
:1015B000F8834649204626F027FB002800F0EF83F9
:1015C0004349204626F020FB002800F0E6834149ED
:1015D000204626F019FB002800F0DD833E49204616
:1015E00026F012FB002800F0D4833C49204626F068
:1015F0000BFB002800F0CB833949204672E000BF86
:101600008CE1020094E102009CE10200A4E10200EE
:10161000ACE10200B4E10200B8E1020090E0020097
:10162000C0E10200C8E10200D0E10200D8E10200FE
:10163000E0E10200E8E10200F0E10200F8E102006E
:1016400000E2020008E2020010E2020018E20200DA
:1016500020E2020028E2020030E2020038E202004A
:1016600040E2020048E2020050E2020058E20200BA
:1016700060E2020068E2020070E2020078E202002A
:1016800080E2020088E2020090E2020098E202009A
:10169000A0E20200A8E20200B0E20200B8E202000A
:1016A000C0E20200C8E20200D0E20200D8E202007A
:1016B000E0E20200E8E20200F0E20200F8E20200EA
:1016C00000E3020008E3020010E3020018E3020056
:1016D00020E3020028E3020030E3020038E30200C6
:1016E00040E3020026F090FA002800F04E83C5493E
:1016F000204626F089FA002800F04583C24920469A
:1017000026F082FA002800F03C83C049204626F0EB
:101710007BFA002800F03383BD49204626F074FA96
:10172000002800F02A83BB49204626F06DFA0028E5
:1017300000F02183B849204626F066FA002800F020
:101740001883B649204626F05FFA002800F00F8380
:10175000B349204626F058FA002800F00683B14924
:10176000204626F051FA002800F0FD82AE492046BE
:1017700026F04AFA002800F0F183AC49204626F012
:1017800043FA002800F0E883A949204626F03CFAF5
:10179000002800F0DF83A749204626F035FA00280C
:1017A00000F0D683A449204626F02EFA002800F047
:1017B000CD83A249204626F027FA002800F0C483F2
:1017C0009F49204626F020FA002800F0BB839D495F
:1017D000204626F019FA002800F0B2839A492046E4
:1017E00026F012FA002800F0A9839849204626F036
:1017F0000BFA002800F0A0839549204626F004FA51
:10180000002800F097839349204626F0FDF9002830
:1018100000F08E839049204626F0F6F9002800F06B
:1018200085838E49204626F0EFF9002800F07C835E
:101830008B49204626F0E8F9002800F07383894997
:10184000204626F0E1F9002800F06A838649204608
:1018500026F0DAF9002800F061838449204626F05A
:10186000D3F9002800F058838149204626F0CCF9AE
:10187000002800F04F837F49204626F0C5F9002854
:1018800000F046837C49204626F0BEF9002800F08F
:101890003D837A49204626F0B7F9002800F03483CA
:1018A0007749204626F0B0F9002800F02B837549CF
:1018B000204626F0A9F9002800F02283724920462C
:1018C00026F0A2F9002800F019837049204626F07E
:1018D0009BF9002800F010836D49204626F094F90A
:1018E000002800F007836B49204626F08DF9002878
:1018F00000F0FE826849204626F086F9002800F0B4
:10190000F5826649204626F07FF9002800F0EC8237
:101910006349204626F078F9002800F0E382614907
:10192000204626F071F9002800F0DA825E49204650
:1019300026F06AF9002800F0D1825C49204626F0A2
:1019400063F9002800F08B825949204626F05CF9A3
:10195000002800F082825749204626F055F90028D9
:1019600000F079825449204626F04EF9002800F014
:1019700070825249204626F047F9002800F067821D
:101980004F49204626F040F9002800F05E824D497C
:10199000204626F039F9002800F055824A492046B1
:1019A00026F032F9002800F04C824849204626F003
:1019B0002BF9002800F043824549204626F024F9FF
:1019C000002800F03A824349204626F01DF90028FD
:1019D00000F031824049204626F016F9002800F038
:1019E00028823E49204626F00FF9002800F01F8289
:1019F0003B49204626F008F9002800F016823949B4
:101A0000204671E048E3020050E3020058E3020080
:101A100060E3020068E3020070E3020078E3020082
:101A200080E3020088E3020090E3020098E30200F2
:101A3000A0E30200A8E30200B0E30200B8E3020062
:101A4000C0E30200C8E30200D0E30200D8E30200D2
:101A5000E0E30200E8E30200F0E30200F8E3020042
:101A600000E4020008E4020010E4020018E40200AE
:101A700020E4020028E4020030E4020038E402001E
:101A800040E4020048E4020050E4020058E402008E
:101A900060E4020068E4020070E4020078E40200FE
:101AA00080E4020088E4020090E4020098E402006E
:101AB000A0E40200A8E40200B0E40200B8E40200DE
:101AC000C0E40200C8E40200D0E40200D8E402004E
:101AD000E0E40200E8E40200F0E40200F8E40200BE
:101AE00000E5020008E5020026F08EF8002800F06C
:101AF0009A81DC49204626F087F8002800F0918181
:101B0000D949204626F080F8002800F08881D7497E
:101B1000204626F079F8002800F07F81D44920463D
:101B200026F072F8002800F07681D249204626F08F
:101B30006BF8002800F06D81CF49204626F064F84C
:101B4000002800F06481CD49204626F05DF8002889
:101B500000F05B81CA49204626F056F8002800F0C4
:101B60005281C849204626F04FF8002800F04981EC
:101B7000C549204626F048F8002800F04081C349B6
:101B8000204626F041F8002800F03781C049204661
:101B900026F03AF8002800F02E81BE49204626F0B3
:101BA00033F8002800F02581BB49204626F02CF8A8
:101BB000002800F01C81B949204626F025F80028AD
:101BC00000F01381B649204626F01EF8002800F0E8
:101BD0000A81B449204626F017F8002800F0C18099
:101BE000B149204626F010F8002800F0B880AF492F
:101BF000204626F009F8002800F0AF80AC492046C6
:101C000026F002F8002800F0A680AA49204625F018
:101C1000FBFF002800F09D80A749204625F0F4FF37
:101C2000002800F09480A549204625F0EDFF00280B
:101C300000F08B80A249204625F0E6FF002800F046
:101C40008280A049204625F0DFFF002879D09E49F8
:101C5000204625F0D9FF002871D09C49204625F068
:101C6000D3FF002869D09A49204625F0CDFF0028EF
:101C700061D09849204625F0C7FF002855D09649E5
:101C8000204625F0C1FF00280CBF04204FF0FF3094
:101C900010BD012010BD102010BD042010BD042077
:101CA00010BD042010BD202010BD042010BD042054
:101CB00010BD102010BD4FF0FF3010BD202010BD12
:101CC0004FF4807010BD4FF0FF3010BD102010BDDC
:101CD000802010BD102010BD4FF0FF307047102045
:101CE00010BD102010BD082010BD102010BD102008
:101CF00010BD082010BD082010BD102010BD102000
:101D000010BD102010BD082010BD102010BD0820EF
:101D100010BD102010BD102010BD102010BD0420DB
:101D200010BD202010BD102010BD102010BD0420BB
:101D300010BD102010BD102010BD082010BD0820BF
:101D400010BD102010BD042010BD082010BD1020B3
:101D500010BD102010BD082010BD102010BD102097
:101D600010BD042010BD102010BD102010BD082093
:101D700010BD102010BD102010BD102010BD10206F
:101D800010BD102010BD102010BD102010BD10205F
:101D900010BD102010BD102010BD102010BD10204F
:101DA00010BD102010BD102010BD802010BD1020CF
:101DB00010BD102010BD102010BD882010BD1020B7
:101DC00010BD102010BD102010BD102010BD10201F
:101DD00010BD102010BD102010BD102010BD10200F
:101DE00010BD042010BD082010BD102010BD04201F
:101DF00010BD042010BD042010BD082010BD082017
:101E000010BD102010BD082010BD082010BD1020EE
:101E100010BD102010BD102010BD102010BD0820D6
:101E200010BD042010BD102010BD102010BD1020CA
:101E300010BD102010BD102010BD102010BD0820B6
:101E400010BD082010BD102010BD102010BD1020A6
:101E500010BD082010BD082010BD082010BD0820AE
:101E600010BD00BF10E5020018E5020020E50200E9
:101E700028E5020030E5020038E5020040E50200F6
:101E800048E5020050E5020058E5020060E5020066
:101E900068E5020070E5020078E5020080E50200D6
:101EA00088E5020090E5020098E50200A0E5020046
:101EB000A8E50200B0E50200B8E50200C0E50200B6
:101EC000C8E50200D0E50200D8E50200E0E5020026
:101ED000E8E50200F0E50200F8E50200082010BD88
:101EE000082010BD042010BD042010BD082010BD26
:101EF000082010BD082010BD082010BD082010BD0E
:101F0000082010BD102010BD102010BD082010BDED
:101F1000082010BD082010BD082010BD102010BDE5
:101F2000102010BD082010BD082010BD082010BDD5
:101F3000102010BD102010BD102010BD102010BDAD
:101F4000082010BD102010BD102010BD042010BDB1
:101F5000102010BD102010BD102010BD102010BD8D
:101F6000F8B51D4E04461D2700253A4631462E3051
:101F70001BF0AAFD3A463146E564A4F8505004F13E
:101F800052001BF0A1FD4FF4E13323604FF41643E0
:101F900001214DF67C52A3604FF4964384F85E1104
:101FA00062604FF4E1414FF4615223614FF41653E4
:101FB000E16062614FF49651A3614FF416624FF4F1
:101FC000966384F8705084F84251A585E1612262DD
:101FD0006362A5622046F8BD00E60200024B312292
:101FE000A3F87020704700BFF88FFF1F044B054A0D
:101FF0001B68A2F870301B0C82F87230704700BF6B
:10200000A4E20200F88FFF1F024B3022A3F87020D9
:10201000704700BFF88FFF1F044B054A1B68A2F8EA
:1020200070301B0C82F87230704700BF9CE20200D7
:10203000F88FFF1F024B2322A3F87020704700BFC8
:10204000F88FFF1F044B18B13122A3F8702070479E
:102050003022A3F870207047F88FFF1F024B002238
:1020600083F87020704700BFF88FFF1F70B5114EC6
:102070002321304625F01CFC58B1044606F1D2005D
:10208000FFF71CF9002804DDA41B844201DAD028E4
:1020900000DD70BD051B621C3146701925F03AFB4E
:1020A000002DF6DD2A4630462021BDE8704025F09F
:1020B000ADBB00BF6890FF1F30B55A4C83B004F130
:1020C0004C0000258DF8075000F0D4F804F12800EA
:1020D00000F0D0F804F5A17104F128000DF1070219
:1020E00000F02EF90DF1070204F5A17104F14C0086
:1020F00000F026F99DF80730002B57D0D222294650
:1021000004F1700025F082FB94F84231063B622B0B
:1021100048D8DFE803F083474747474747474747E3
:10212000474747474747474747474747474747473F
:1021300047474747804747474747474747474747F6
:10214000474747474747474747474747474747471F
:10215000477D7A7774716E6B4747474747684747B3
:102160004765625D5A574754474747474747474780
:10217000474747474747475132000BF03DFA94F82D
:1021800070307BB1FFF772FF27499DF80720A1F15E
:10219000240000F0E9F824499DF80720A1F1480047
:1021A00000F0E2F8214B93F8C0360BB903B030BD14
:1021B00013F032FA03B030BD03F0DAF8DFE70AF0CB
:1021C000ABFDDCE70AF0B8FBD9E709F0A9FCD6E7DC
:1021D0000DF1070006F010FCD1E706F02DF8CEE770
:1021E00005F0CCFFCBE705F00BFBC8E701F094FC52
:1021F000C5E701F08DFBC2E701F04AF8BFE701F047
:102200001BF8BCE700F0D0FDB9E700F0B9FDB6E778
:1022100000F04EF9B3E70BF0B7F9B0E700F08AFD34
:10222000ADE700BFF88FFF1F6890FF1F2093FF1FCF
:1022300008B51BF0CBFB1BF0C9FB0A48FFF790FE6B
:10224000094B0022002000211A60C3E908015A60EE
:10225000C3E90A019A60C3E90C011A615A61DA60A4
:1022600008BD00BFF88FFF1F5891FF1F016002716A
:10227000704700BF2DE9F041304E0446002500F1C3
:102280000708206803681B69984700282CDD6779D8
:1022900057BB206803685B699847C0B206281CD00A
:1022A000831FDBB21A2B21D826FA03F3DB0712D4E3
:1022B00094F82220531CDBB22244E1181B2B9071AE
:1022C0008F7136D8232884F8223004D1012B1CD8F2
:1022D00084F82250A5716771D3E794F82230002B5F
:1022E000F9D101236371E080BDE8F08194F82220E8
:1022F000531C2244DBB29071E2181B2B9771E1D979
:102300001B23232884F82230E5D1A2793A2ADFD191
:10231000013B23449A79232ADAD19D71404625F066
:102320004FFE0127421C4146A01D25F0F3F96771BD
:10233000A7E71B2384F822306771A2E7910000040D
:10234000437983B170B51678154606B170BD044661
:102350000846A11D25F0C2FD237984F82260A671EC
:1023600066712B7070BD70470379934200D070473F
:1023700070B504680D4651B1084625F021FE23686A
:102380000246294620465B68BDE87040184770BD8C
:1023900008B51BF01BFBBDE808401BF017BB00BFD6
:1023A0002DE9F047404C94F88F34032B82B0064659
:1023B0000F4602D894F898347BB93C4819F088FE4F
:1023C000A37D012B4FF000024FF0000347D03748A8
:1023D00002B0BDE8F04719F01FBED4F8B454D4F8E9
:1023E000B08425F0004140460022002322F070FE18
:1023F000002842D1D4F8BC94D4F8B8A429F0004104
:1024000050460022002322F063FE0028D5D050461B
:102410004946CDE900012B462448424619F0ACFC60
:1024200005460028C9D0D4E9A2010022002322F0E9
:1024300027FE78B1D4E9A4010022002322F020FE77
:1024400040B1D4E9A6010022002322F019FEB0FA1F
:1024500080F56D0984F8905402B0BDE8F0873046ED
:10246000394622F02BFE68B10BA3D3E900230F48B5
:1024700002B0BDE8F04719F0CFBDD4F8B8A4D4F845
:10248000BC94C4E706A3D3E90023084802B0BDE822
:10249000F04719F0C1BD00BF00000060FB21F93F0B
:1024A00000000060FB21F9BF2093FF1F6894FF1F0D
:1024B0002DE9F04FAE4C94F84351A5F12A03BFB07B
:1024C0002D2B38D8DFE813F08C01370037003700A8
:1024D0003700370078013C003C003C003C003C00E9
:1024E0003C003C003C003C00370037003700370020
:1024F0003700370037000D016A010D01370029014F
:102500003700370037003700370037003700370013
:10251000370037002E00370037003700370037000C
:102520003700850194F844312BB9924C94F87B34F0
:10253000002B40F07D823FB0BDE8F04FFFF78EBD2D
:10254000A5F1300A5FFA8AFA72B68B4B186862B648
:102550008A4B984205DDA0F50300A0F5564098424D
:10256000F9DC22F027FF8649824C23F02BF88549BD
:1025700022F074FF22F0C4FA04F59C66824B00221C
:1025800022F016FBD6E9002322F05AF917F09CFA44
:102590007E4BD3E9027872A3D3E90023CDE9067814
:1025A00022F006FBCDE902016DA3D3E9002356E931
:1025B000020122F0FDFA0022CDE90001002318A853
:1025C00016F05EF8214612A80DF0CAFD64A3D3E907
:1025D00000233846414622F0EBFA0DF1480C06463E
:1025E0000F46BCE80F00EE46AEE80F009CE8030083
:1025F00032468EE803003B4618A930A816F090F842
:10260000BAF1030F94F88FB400F0808294F830335D
:1026100094F86024134300F0F5820DF190095549B8
:1026200048460EF031FCBBF1030F00F27F8230A868
:1026300016F07EFC064630A80F4616F063FCCDE986
:102640000801484616F0CAFD02460B464846CDE949
:102650000A2316F0B9FDDDE90A23CDE90223DDE9FD
:102660000823CDE90401CDE9002349483B46324621
:1026700019F0C0FE30A816F05BFC064630A80F46E5
:1026800016F040FCCDE90801484616F0A7FD0246C9
:1026900048469046894616F097FDDDE90823CDE9C6
:1026A0000401CDE90023CDE90289394832463B4691
:1026B00019F02EFEBBF1030F00F2948194F832332F
:1026C000002B40F0D08201232F3D84F87D3484F824
:1026D0007E54002384F83630FFF780FC3FB0BDE81D
:1026E000F08F244D01200BF00FFB28460DF020FD4C
:1026F00094F84321A2F14102B2FA82F20023520976
:1027000085F87C2485F87D3485F87E3485F87B3423
:102710003FB0BDE8F04FFFF761BC164991F8323386
:10272000002B77D010A3D3E90023D1E9CE0122F00A
:102730003FFA184C0123CDE93001009330A9002263
:10274000204617F051F8204625F03AFC12490222A3
:1027500020443FB0BDE8F04F1BF0B6B9AFF30080A6
:10276000000000A046DF913F00000020DCA54C40A7
:10277000F88FFF1F2093FF1F5891FF1F00D6830083
:1027800000D6034B0000C04100002E40D892FF1F2E
:102790006894FF1F6890FF1F64E2020001200BF0A5
:1027A000B3FA9B4B002283F87B24C3F87C243FB010
:1027B000BDE8F04FFFF712BC94F844312C2B2CD01D
:1027C000D4F8445143F22C3325F07F459D423CD14F
:1027D000B1E60BF0A5FE3FB0BDE8F04FFFF7FEBB42
:1027E00094F844312C2B38D194F84531722B00F0F9
:1027F000F681D4F8446143F22C3226F07F469642AB
:102800003FF499AE94F84671002F7FF494AE6D2B8F
:102810002DD090E6002000218BE794F84531722BF3
:1028200000F0AB81D4F8445143F22C3225F07F45BF
:1028300095423FF480AE94F84621002A7FF47BAEA7
:10284000322B02D06D2B7FF476AE46F62C53002649
:102850009D420CBF03250225A1E1D4F8446143F257
:102860002C3326F07F469E423FF465AE0027684C2D
:1028700001200BF049FA04F5D96001210DF072FD39
:102880000A201BF04DFD94F8F835002B40F0FA813A
:102890005F4811F05FF994F8C03482461BB1002202
:1028A00084F8C0249A4672B65A4B186862B65A4BDE
:1028B000984205DDA0F50300A0F556409842F9DCEA
:1028C00022F078FD5549564D22F07CFE554922F004
:1028D000C5FD22F015F9544B002222F069F9D5E923
:1028E000002321F0ADFF17F0EFF8504BD3E9028938
:1028F00045A3D3E9002322F05BF9CDE9020142A30D
:10290000D3E9002355E9020122F052F90022CDE972
:102910000001002318A815F0B3FEA5F59C610CA8D2
:102920000DF01EFC38A3D3E900234046494622F0AF
:102930003FF90DF1300C80468946BCE80F00EE46A9
:10294000AEE80F009CE803004B468EE803004246C9
:1029500018A930A815F0E4FE524630A9A5F59C60F0
:102960000EF032F9A5F59C6124A80EF08DFA30A87E
:1029700016F0DEFA804630A8894616F0C3FA024601
:102980000B4624A8CDE9062316F028FC824624A88D
:102990008B4616F019FCDDE90623CDE90401CDE9EB
:1029A0000023CDE902AB42464B46A5F5667019F00F
:1029B000AFFC0122022384F87D2484F87E34002FAA
:1029C00040F0298146F62C539E420CBF032302237C
:1029D000002284F87A3484F88F7484F87B24FFF71B
:1029E000FDFA7BE694F88F34534540F2168194F853
:1029F000323384F8783401222F3D84F87D2484F822
:102A00007E5466E6AFF30080000000A046DF913FF1
:102A10002093FF1F5891FF1F00D6830000D6034B61
:102A20000098FF1F0000C04100002E40D892FF1FF9
:102A300072B6B34B186862B6B24B984205DDA0F58A
:102A40000300A0F556409842F9DC22F0B3FCAE49F1
:102A5000AE4F22F0B7FDAE4922F000FD22F050F853
:102A6000AC4B002222F0A4F8D7E9002321F0E8FEC5
:102A700017F02AF8A84BD3E902899FA3D3E90023D2
:102A800022F096F8CDE902019BA3D3E9002357E990
:102A9000020122F08DF80022CDE90001002324A8D4
:102AA00015F0EEFDA7F59C6118A80DF059FB92A357
:102AB000D3E900234046494622F07AF818AD804613
:102AC00089460FCD6E460FC695E803004B46424639
:102AD00086E8030024A930A815F022FE01200BF09F
:102AE00013F9A7F59C6011F035F830A90246A7F557
:102AF0009C600EF069F80023022284F87D3484F88B
:102B00007E34A4F87A2484F8363001E6BBF1030F52
:102B100040F2BC8094F8603494F83023134371D0B1
:102B20000DF19009214648460EF0AEF994F8603454
:102B3000012B7FF67CAD30A816F0FAF902460B4661
:102B400030A8CDE90A2316F0DDF9CDE908014846A1
:102B500016F044FB064648460F4616F035FBDDE905
:102B60000823CDE90401CDE90023CDE90267DDE9C1
:102B70000A236A4819F03EFC9CE594F84631A3F11B
:102B80003005343B052BEDB23FF6D5AC94F8473118
:102B9000002B7FF4D0AC2E46002D3FF4CCAC604C23
:102BA00001200BF0B1F820460DF0C2FA012104F526
:102BB000D9600DF0D7FB0A201BF0B2FB94F8F83572
:102BC000002B4CD10123002284F87D34A4F87E34FC
:102BD00084F87B2484F87A5484F88F6498E594F818
:102BE0004631A3F13402052A3FF6A5AC94F84721FB
:102BF000002A7FF4A0ACD4F84461303BDFB226F069
:102C00007F4634E6464810F0A5FF30A90246444806
:102C10000DF0DAFF01E53B46DAE694F83223002AAC
:102C20003FF451AD032B03D994F86034032B30D813
:102C3000DDE90601FFF7B4FB394810F08BFF30A93E
:102C4000024637480DF0C0FF0023012284F87824A3
:102C500084F87D3484F87E3484F87B3439E520466A
:102C600012F016F9AEE72E4810F088FF054630B98D
:102C700094F87A34022B02D9BAF1020F26D094F8D4
:102C80008F34CFE7204612F003F901E6FFF7E6F9AB
:102C900024E50BF0F9FB0028CAD0D4E9A2010022F8
:102CA000002322F0EDF90028C6D0D4E9A4010022C7
:102CB000002322F0E5F90028BED0D4E9A6010022C5
:102CC000002322F0DDF90028B2D1B5E7144810F056
:102CD00041FF30A9024612480DF076FF032301227E
:102CE00084F87B2484F87D3484F87E3484F8785426
:102CF000EFE400BFAFF30080000000A046DF913F8B
:102D00005891FF1F00D6830000D6034B0098FF1F89
:102D10000000C04100002E40D892FF1F6894FF1FA2
:102D20002093FF1F08B51AF051FEBDE808401AF0C5
:102D30004DBE00BF0C4B9B7D022B0DD005D8012B47
:102D40000ED10A4B47221A807047033B012B07D84C
:102D5000064B41221A807047044B50221A8070475C
:102D6000024B4C221A8070472093FF1F6890FF1F70
:102D700008B51AF02BFEBDE808401AF027BE00BFC8
:102D8000044B93F843312B2B02D02D2B00D07047EE
:102D9000FFF764B9F88FFF1F08B51AF017FEBDE8FA
:102DA00008401AF013BE00BF2DE9F047C04CB4B084
:102DB000204610F0B3FE10B134B0BDE8F0872046D5
:102DC00010F0BCFE0028F7D1BA4D95F84331412BE5
:102DD00009D04D3BDBB2082BEED840F2411222FA6B
:102DE00003F3DB07E8D5B24810F0B4FE94F8C03422
:102DF00080461BB1002284F8C024984695F84331E0
:102E0000413B142BD8D801A252F823F0E130000046
:102E1000B92D0000B92D0000B92D0000B92D00001A
:102E2000B92D0000B92D0000B92D0000B92D00000A
:102E3000B92D0000B92D0000B92D0000612E000051
:102E4000B92D0000B92D0000B92D0000B92D0000EA
:102E5000B92D0000612E0000B92D0000912F000057
:102E600094F87C34002B00F05C8172B6924B1868A9
:102E700062B6924B984205DDA0F50300A0F55640DE
:102E80009842F9DC22F096FA8D49DFF83892DFF8A3
:102E900038A222F097FB8D4922F0E0FA21F030FEB3
:102EA0008B4B002221F084FED9E9002321F0C8FCDD
:102EB00016F00AFE7CA3D3E9002321F079FECDE9C8
:102EC000020179A3D3E9002359E9020121F070FE40
:102ED0000022CDE9000100230EA815F0D1FB72A35A
:102EE000D3E90023DAE9020121F062FE06460F462B
:102EF00008A8A9F59C610DF033F90DF1200CBCE890
:102F00000F00EE46AEE80F009CE803003B468EE85B
:102F1000030032460EA926A815F002FC94F83033BF
:102F2000002B00F0608162491AA80DF0ADFF26A8C1
:102F300015F0FEFF064626A80F4615F0E3FF0246F1
:102F40000B461AA8CDE9062316F048F980461AA8C0
:102F5000894616F039F9DDE90623CDE90401CDE90A
:102F60000023CDE902893B465A48324619F0D0F990
:102F700094F83233002B40F0238195F843314D2BE8
:102F800000F017814A4834B0BDE8F04711F080BF27
:102F90000E200AF08DFC05461AF04EFD0024034673
:102FA000681C63F307041AF047FD60F30F24A81CA4
:102FB0001AF042FD0346E81C63F317441AF03CFD87
:102FC00060F31F64204621F09BFD3E4E02460B46F7
:102FD0001220C6E900230AF06BFC05461AF02CFD0E
:102FE000002460F30704681C1AF026FD60F30F2428
:102FF000A81C1AF021FD0346E81C63F317441AF0DD
:103000001BFD60F31F64204621F07AFD46E90201B2
:1030100072B6294B186862B6284B984205DDA0F5B8
:103020000300A0F556409842F9DC22F0C3F9244988
:1030300022F0C8FA254922F011FA21F061FD244B53
:10304000002221F0B5FDD6E9002321F0F9FB16F0AE
:103050003BFD15A3D3E9002321F0AAFDCDE9020130
:1030600011A3D3E9002356E9020121F0A1FD0022BA
:10307000CDE90001002326A815F002FB12490AA39E
:10308000D3E90023D1E9020121F092FD4246CDE9C6
:103090000001074826A90DF06FFD0F4A0F4B92E87B
:1030A00003001860197187E6000000A046DF913F19
:1030B0002093FF1FF88FFF1F5891FF1F00D683003A
:1030C00000D6034B0098FF1FD892FF1F0000C0419D
:1030D00000002E406894FF1F20E602006890FF1F4A
:1030E000474C01210491D4E9000143A3D3E9002313
:1030F00021F05EFDCDE902013FA3D3E9002354E9AD
:10310000020121F055FD0022CDE90001002326A88F
:1031100015F076FD424626A9A4F59A600DF054FDFF
:10312000BBE772B6374B186862B6374A904205DD86
:10313000A0F50300A0F556409042F9DC22F03AF9E0
:103140003249334C22F03EFA324922F087F921F01D
:10315000D7FC314B002221F02BFDD4E9002321F0D4
:103160006FFB16F0B1FC24A3D3E9002321F020FD6E
:10317000CDE9020120A3D3E9002354E9020121F0A3
:1031800017FD0022CDE90001002326A815F078FAEA
:10319000224BD3E9020118A3D3E9002321F008FD53
:1031A0004246CDE9000126A9A4F59C600DF0E4FC9F
:1031B000E3E61B4B93E80300286785F87410E1E60B
:1031C000DAE90201FFF7ECF8164810F0C3FC26A973
:1031D000024614480DF0F8FC0122002384F87824FC
:1031E00084F87C34C9E64246A9F59C6026A90DF016
:1031F000EBFC98E6AFF30080000000A046DF913FB3
:10320000F097FF1F5891FF1F00D6830000D6034B95
:103210000098FF1F0000C04100002E40D892FF1F01
:1032200020E602002093FF1F08B51AF0CFFBBDE88F
:1032300008401AF0CBBB00BF10B50D4C94F84331D9
:1032400003B110BD0B4810F073FC68B17F23A4F8E4
:103250007030094C204624F0B3FE08492044022275
:10326000BDE810401AF030BC84F87000F1E700BFF0
:10327000F88FFF1F2093FF1F6890FF1F64E202007A
:1032800008B51AF0A3FBBDE808401AF09FBB00BFC9
:103290002DE9F041864A92F84331413BA0B00C2B16
:1032A00013D8DFE803F00712832C12121212121245
:1032B0001212170092F84431512B00F07081532BF9
:1032C00000F07F81452B00F06F8120B0BDE8F04118
:1032D000FEF7C4BE92F84431532B7FD0412B00F04F
:1032E000FE81552B00F05082512BEED1714B002204
:1032F00083F8362020B0BDE8F041FEF76FBE6D4C7C
:1033000094F83630012B00F0EB80022B5ED10121C6
:1033100004F59A660491D6E9000163A3D3E900237A
:1033200021F046FCCDE902015FA3D3E9002356E971
:10333000020121F03DFC12ADCDE900010022002385
:10334000284615F05DFC204610F004FC10AA0EABD8
:103350000C920B930A900DF1580EBEE80F00EC464C
:10336000ACE80F00BEE80F00ACE80F009EE80300D9
:103370008CE8030095E80F0012F076F84E490446F9
:103380000E9822F06BF822F045FA4B49054610984A
:1033900022F064F822F03EFA484900902B46484853
:1033A000224624F051F920B0BDE8F08192F8443172
:1033B000532B00F01681542B00F0EE80452B00F0CB
:1033C000FC8020B0BDE8F041FEF734BE00233B494D
:1033D00000931A463A4824F037F9E4E772B6394BBD
:1033E000186862B6384B984205DDA0F50300A0F5D9
:1033F00056409842F9DC21F0DDFF34492D4D22F092
:10340000E1F8334922F02AF821F07AFB05F59C66B1
:10341000304B002221F0CCFBD6E9002321F010FA3A
:1034200016F052FB20A3D3E9002321F0C1FBCDE924
:1034300002011DA3D3E9002356E9020121F0B8FBE4
:1034400012ACCDE9000100220023204615F018F946
:10345000284610F07FFB10AB0D931F490EAB0C9369
:10346000064611A3D3E90023D1E9020121F0A0FB14
:10347000CDE90A0108960DF1580EBEE80F00EC46A2
:10348000ACE80F009EE80F008CE80F0094E80F00F6
:1034900012F07CF811490246094824F0D5F80123BE
:1034A00085F836307FE700BF000000A046DF913F7F
:1034B000F88FFF1F2093FF1F0000704228E60200D4
:1034C0006890FF1F5891FF1F00D6830000D6034B62
:1034D0000000C04100002E40D892FF1F38E60200D5
:1034E00072B69F4B186862B69E4B984205DDA0F5F8
:1034F0000300A0F556409842F9DC21F05BFF9A49A1
:103500009A4D22F05FF89A4921F0A8FF21F0F8FACD
:10351000984B002221F04CFBD5E9002321F090F9D3
:1035200016F0D2FA8CA3D3E9002321F041FBCDE9B8
:10353000020189A3D3E9002355E9020121F038FBF8
:1035400012ACCDE9000100220023204615F098F8C6
:10355000A5F59C6010F0FEFA10AD87490D957EA38D
:10356000D3E9002305460EAED1E902010C9621F005
:103570001FFBCDE90A0108950DF1580EBEE80F00BA
:10358000EC46ACE80F009EE80F008CE80F0094E8D2
:103590000F0011F0FBFFF1E678480DF027FB20B09B
:1035A000BDE8F041FEF722BD744812AB10AA0EA987
:1035B0000DF064FCFEF730FDF5E670480DF03EFBC3
:1035C000EDE76E4C0023204684F87D360DF036FB87
:1035D00012AB10AA0EA920460DF050FCFEF706FD16
:1035E000E1E6664C94F83630012B27D0022BD6D179
:1035F000012104F59A650491D5E9000156A3D3E9A8
:10360000002321F0D5FACDE9020153A3D3E9002329
:1036100055E9020121F0CCFA0023CDE90001002296
:1036200012A815F0EDFA204610F094FA12A90246FD
:1036300020460DF0C9FAFEF7D9FCB4E672B6484B45
:10364000186862B6474B984205DDA0F50300A0F567
:1036500056409842F9DC21F0ADFE4349434C21F03D
:10366000B1FF434921F0FAFE21F04AFA414B002212
:1036700021F09EFAD4E9002321F0E2F816F024FAB2
:1036800035A3D3E9002321F093FACDE9020132A357
:10369000D3E9002354E9020121F08AFA0022CDE99E
:1036A0000001002312A814F0EBFFA4F59C6010F0B9
:1036B00051FA314928A3D3E900230546D1E9020193
:1036C00021F076FA06460F462A4612A9CDE9006790
:1036D000A4F59C600DF050FAFEF788FC63E6274FD6
:1036E000012107F59A640491D4E900011AA3D3E9F2
:1036F000002321F05DFACDE9020117A3D3E90023ED
:1037000054E9020121F054FA12AECDE90001002281
:103710000023304615F074FA384610F01BFA10AB4F
:103720000C930EAB0B930A9016AD0FCD6C460FC4E5
:103730000FCD0FC495E8030084E8030096E80F005E
:1037400011F092FE0E4902460E4823F07DFF02233F
:1037500087F8363027E600BF000000A046DF913F23
:103760005891FF1F00D6830000D6034B0098FF1F1F
:103770000000C04100002E40D892FF1F2093FF1F81
:1037800038E602006890FF1F0E200AF091F8054607
:103790001AF052F900240346681C63F307041AF078
:1037A0004BF90346A81C63F30F241AF045F90346AE
:1037B000E81C63F317441AF03FF960F31F642046D6
:1037C00021F09EF9444F02460B461220C7E9002320
:1037D0000AF06EF805461AF02FF900240346681C1B
:1037E00063F307041AF028F960F30F24A81C1AF0F9
:1037F00023F90346E81C63F317441AF01DF960F33C
:103800001F64204621F07CF947E9020172B6334B70
:10381000186862B6324B984205DDA0F50300A0F5AA
:1038200056409842F9DC21F0C5FD2E49DFF8B880FA
:1038300021F0C8FE2D4921F011FE21F061F92C4B39
:10384000002221F0B5F9D7E9002320F0F9FF16F0A6
:103850003BF91FA3D3E9002321F0AAF9CDE9020126
:1038600057E902011AA3D3E9002321F0A1F912AE0E
:10387000CDE9000100220023304614F001FF40464C
:1038800010F068F910AB0D931A490EAB0C93074674
:103890000FA3D3E90023D1E9020121F089F9CDE991
:1038A0000A01089716AD0FCD6C460FC495E80F00BE
:1038B00084E80F0096E80F0011F068FE0E490246FA
:1038C0000E4823F0C1FE012388F836306BE500BFB7
:1038D000000000A046DF913F0098FF1F5891FF1F96
:1038E00000D6830000D6034B2093FF1F0000C04189
:1038F00000002E40D892FF1F38E602006890FF1F9C
:1039000008B51AF063F8BDE808401AF05FB800BFC8
:103910002DE9F0435F4B93F837508BB055B95E4BB0
:1039200093F843313F2B00F0A7800BB0BDE8F04384
:10393000FEF794BB00233A22CDE9022304930593BA
:10394000069307930893ADF824301BF0F7FC01E0D1
:103950001BF02CFD1BF016FD0028F9DC02AF3846E9
:1039600024F02EFB4D494C4E384424F07FF84C494E
:103970000222C41B1AF0A8F896F84331572B29D815
:103980003E2B12D8213BDBB2172B09D84549012227
:1039900002FA03F3194081BB41F20942134212D1EA
:1039A000FEF75CFB0BB0BDE8F0833F3B3E49DBB26A
:1039B000012202FA03F31940F1B93C4A1A40E2B974
:1039C0003B4A1342ECD0611C38461BF02FFC1BF025
:1039D000B5FCE5E7613BDBB21D2BE1D8012202FA21
:1039E00003F3344A1A4008D133490B4204D1334A15
:1039F0001A40002AD4D0E6E70025DFF8C480384614
:103A0000611C1BF013FC1BF099FCD8F800300093EC
:103A1000009FD8F800300193019B07F5FA779F4289
:103A200025D900244FF4965914E01BF0BFFC33193C
:103A3000C0B2013483F870001DBB232827D0D02CDE
:103A400015DC331983F87050D8F800300193019BCE
:103A50009F420CD91BF096FC0028E6DC4B46013B4C
:103A6000FDD1D8F800300193019B9F42F2D8FEF7B8
:103A7000CBFA0BB0BDE8F0830BB0BDE8F043FEF726
:103A8000CBBA0022312883F871208BD0EFE783F87E
:103A9000715087E72093FF1FF88FFF1F3A91FF1F98
:103AA00064E202000080FF00054080001004010174
:103AB00000011600045102000100802040000400B3
:103AC000DC9FFF1F08B519F081FFBDE8084019F021
:103AD0007DBF00BF70B5044682B0D0E9000115F08B
:103AE000F9FF0B4D95F8EE600122C4E900010023B7
:103AF00021460096284615F077FE284624F060FA05
:103B000004490222284402B0BDE8704019F0DCBF2D
:103B10006890FF1F64E202002DE9F047924C94F890
:103B20004321A2F1280392B04C2B00F29980DFE8E8
:103B300013F0EB00D90097009700970097009700CB
:103B400097009700970097009700970097009700BD
:103B500097009700970097009700970097009700AD
:103B600097009700D90097003502EB009700970067
:103B7000930297009700970097004D009C009C00CF
:103B80009C0097009700EB00A402FB0197002F0117
:103B90000502CB029700D900970097009700970085
:103BA000970097004D009700C201B201A80197014C
:103BB000C601DC0297009700970097007102A002EF
:103BC000F50197009700E0019700D0021AF0B4FACF
:103BD000664B67490446D86A21F040FC21F01AFE82
:103BE0000346DB17201A634C63EB4301C4E906016B
:103BF00012F05AFC0646D4E9060112F029FC21F025
:103C0000D9FB5D4921F0DEFC0546304621F0D2FBB0
:103C10000146284621F01AFB0546D4E9060112F0B8
:103C20002DFC21F0C7FB524921F0CCFC294621F0A4
:103C30000DFB20F065FF514D02460B462146E1E9A0
:103C40000A230122284615F033FD284624F0B8F94E
:103C50004B490222284412B0BDE8F04719F034BFA6
:103C600012B0BDE8F047FEF7E5B9A2F14D05454FAA
:103C700005EB45086FF0590608EBC808361B07F13D
:103C80000F094644BA4606EB0A0019F0D5FE0AF8B9
:103C9000010F002800F0B182D145F4D13A493748EC
:103CA0002A4623F0D1FC354824F08AF90E2817D88B
:103CB000324E002508F1150808EB0504204619F0DE
:103CC000BBFE17F8019F814505F1010549462046D5
:103CD00001D019F0CBFE304624F072F98542EBDDBD
:103CE000264DB5E7294904A80DF07CF994F8433135
:103CF000412B00F011835A2B00F04583292B00F053
:103D0000688312B0BDE8F087184913A3D3E90023F4
:103D1000D1E9020120F04CFF0B4602461B4904A8E2
:103D20000DF0E6F894F84331522B00F09682442BC4
:103D300000F03483282BE4D104A814F079FD08A303
:103D4000D3E9002320F034FF02460B4602A8CDE958
:103D50000223FFF7BFFED4E7000000A046DF913F3B
:103D600000000020DCA54C40F88FFF1FD892FF1FF9
:103D7000000061455891FF1F000070426890FF1FCE
:103D800064E202006790FF1F7CE602002093FF1FA1
:103D900094F84431423B2E2B3FF662AF01A252F819
:103DA00023F000BFD7410000613C0000BD4100008E
:103DB000613C0000613C0000613C0000613C00008F
:103DC000613C0000613C0000613C0000613C00007F
:103DD000613C0000A9410000613C00002541000059
:103DE000613C0000613C0000613C000013410000A8
:103DF000613C0000613C0000613C0000613C00004F
:103E0000613C0000613C0000613C0000613C00003E
:103E1000613C0000613C0000613C0000613C00002E
:103E2000613C00000B410000613C0000613C00006F
:103E3000613C0000613C0000613C0000613C00000E
:103E4000613C0000613C0000613C0000613C0000FE
:103E5000613C0000613C0000613C0000F740000054
:103E6000B14BD3E9000121F09BF904AB0022002102
:103E700019F0B2FF04A9AD4823F0F8FDAC490222C5
:103E8000E9E6AC4BAC49B3F91820A84812B0BDE83C
:103E9000F04723F0D9BB94F844314C2B00F0D88183
:103EA000A24D94F85E010090A44900220123284607
:103EB00015F09AFCC9E69D4BA14A1A6021E794F8D7
:103EC0004401A049994CA0F166000123B0FA80F0AA
:103ED00040091A460090204615F086FC204624F042
:103EE0006FF893490222204412B0BDE8F04719F060
:103EF000EBBD94F844314C2B00F0A5819249934BD3
:103F00008A4D0022D1E9000120F07CFF0F460646D1
:103F1000CDE9046794F85E2104A993E68C4B8D49A2
:103F2000D3F82C218148B1E7894C94F80A35002B4D
:103F300040F0CC810020052204AB98E7844EB47D8C
:103F4000022C00F0D58100F24A81012C40F0DA8188
:103F5000764D284624F034F87F490222284419F08F
:103F6000B3FD96F80A357148002B00F0508124F01B
:103F700027F87A490222284419F0A6FD74480FF068
:103F8000D5FD002800F04B81684824F019F87449E9
:103F90000222284419F098FD644857E61AF0CCF83C
:103FA000644B7049704D0446D86A21F057FA21F0ED
:103FB00031FC0346DB17201A63EB4301C5E9060118
:103FC00012F09EFA0446D5E9060112F02BFA0646D5
:103FD000D5E9060112F07EFA0746D5E9060112F08E
:103FE00063FAD5E9060112F033FAD5E9060112F0B9
:103FF00045FA5E4A4D4882FB0412E317C3EB621395
:10400000642202FB13445A4900943B46324623F093
:104010001BFB76E64E48454D0FF09CFD554B1B684B
:104020002B801A0C0128AA7000F08B810228B3D1D2
:1040300047480FF0A3FD002840F0FC813D490023D4
:10404000D1E90201002221F039F8002814BF5723DA
:10405000452384F870309FE7364BD86A20F050FD36
:104060000B4645490246314812B0BDE8F04723F0FF
:10407000EBBA424A42492D4808E772B63A4B1868F3
:1040800062B6404B984205DDA0F50300A0F556400E
:104090009842F9DC21F08EF93B4921F093FA3B4933
:1040A00021F0DCF920F02CFD94F8444102460B4647
:1040B0004C2CCDE9042300F004811C4C012204A9FE
:1040C000204615F0F5FA09E712B0BDE8F04701F017
:1040D0004BBF94F844012E49144CA0F16600B0FA8D
:1040E00080F0400900220123F4E6194B2949D3F856
:1040F00028210E48CAE6284A0C4B07CA03C31846B3
:104100000B4900F8012B0222A5E5244907480122AA
:10411000BCE6234A054B92E80300232283E8030010
:104120001A81EEE51F4AE7E72098FF1F6890FF1FFE
:1041300064E20200D892FF1F60E60200F897FF1FBA
:1041400032342300E892FF1F0098FF1F00002E402A
:104150002093FF1F8CE60200E4E60200ECE602007A
:10416000F4E60200000061455891FF1F1F85EB51E6
:104170003CE6020084E6020068E60200F292FF1FBD
:1041800088E6020000D6830000D6034B0000C04141
:10419000E092FF1F74E60200C0E60200D8E60200CB
:1041A000CCE60200B4E60200AF4AB04B92E803004E
:1041B000022218601971581DAD494CE5AD4AAB4B50
:1041C00007CA03C323F8022B1846140CA84900F8A9
:1041D000014B02223FE5A849A448DC2256E6033CF5
:1041E000012C00F28F80A14D284623F0E9FEA3495F
:1041F0000222284419F068FCB3E694F87030002BD2
:104200003FF44CAD994D284623F0DAFE20E523F02B
:10421000D7FE9B490222284419F056FCAEE6994885
:104220000FF07CFC002840F0A58096F878348F4889
:10423000002B00F0978023F0C3FE9349022228440C
:1042400019F042FCA8E6914B9149D3E900230AE713
:104250008E4B8F4953E9022305E794F844314C2BE8
:1042600000F0BB8072B68B4B186862B68A4B9842DE
:1042700005DDA0F50300A0F556409842F9DC21F0D9
:1042800099F88649794D21F09DF9854921F0E6F8A4
:1042900020F036FC6CA3D3E9002320F089FC024611
:1042A0000B4604A814F0D8FA69A3D3E9002320F040
:1042B0007FFC0F460646CDE9026794F85E2102A90D
:1042C000C0E47849694823F0BFF91AE520460FF0A9
:1042D0002FFC00287FF42EAE04F5A2645EA3D3E980
:1042E0000023D4E9000120F063FC20F059FF22E60E
:1042F0005E4D284623F064FE6B492246284419F09F
:10430000E3FB2EE6594D284623F05AFE6749022268
:10431000284419F0D9FB24E604A814F0F3FD50A3B7
:10432000D3E9002320F044FC504D94F85E41009402
:10433000CDE902010022012302A9284615F054FA12
:1043400083E450480FF01AFC002875D15849002327
:10435000D1E90201002220F0B1FE002814BF45235C
:10436000572376E623F02CFE52490222284419F006
:10437000ABFB11E63D4823F023FE4B4902222844C3
:1043800019F0A2FB08E604A814F0C2FD34A3D3E997
:10439000002320F00DFC15F0B7FBD5E404A814F0C1
:1043A0004BFA2FA3D3E9002320F002FC94F84451E8
:1043B00002460B464C2DCDE902233FD02B4D94F8FD
:1043C0005E010090002202A90123284615F00CFA94
:1043D0003BE404A814F092FDB1E472B62D4B1868CA
:1043E00062B62D4B984205DDA0F50300A0F55640BE
:1043F0009842F9DC20F0DEFF284921F0E3F8284953
:1044000021F02CF820F07CFB0FA3D3E9002320F04F
:10441000CFFB02460B4604A814F01EFA10A3D3E902
:10442000002320F0C5FB02460B461048224923F02A
:104430000BF966E457230CE645230AE614490B48BA
:1044400023F002F95DE400BF0000004052C1D03FFC
:10445000000000A0C88E0E40000000E006154E408F
:1044600000000020DCA54C40ACE602006890FF1F75
:1044700064E20200A0E60200D8E60200DCE60200E8
:10448000F0E602002093FF1F78E102000098FF1F72
:1044900054E602005891FF1F00D6830000D6034B5C
:1044A0000000C04194E60200E0E60200E8E60200F7
:1044B000D892FF1FF8E602004CE6020008B519F09A
:1044C00085FABDE8084019F081BA00BFFFFFFFFF81
:1044D0002DE9F04F87B019F02FFE0021044612F0AD
:1044E0000FF800210646204611F09CFF00210546EA
:1044F000204611F0EFFF6B1E012B98BF06F1FF362F
:104500008046304698BF0C3520F054FFD649064609
:1045100021F058F81DF01EFAD4490746304621F024
:1045200051F81DF017FAD249034630461E4620F0D6
:1045300095FF1DF00FFA8146284620F03BFF4FF013
:104540007E5120F083FECB4920F088FF1DF002FA57
:10455000394605464FF0804020F076FE314620F087
:1045600075FE20F0CDFA064648460F4620F0C8FA00
:1045700002460B463046394620F064F90646284686
:104580000F4620F0BDFA02460B463046394620F071
:1045900059F9064640460F4620F0A0FA02460B465F
:1045A0003046394620F04EF999A3D3E9002320F094
:1045B00049F982468B462046002111F075FF002103
:1045C0000646204611F044FF20F0F4FEAA4920F0F0
:1045D000F9FF0546304620F0EDFE0146284620F062
:1045E00035FE0021034620461C4611F047FF20F00F
:1045F000E1FEA24920F0E6FF214620F027FE20F050
:104600007FFA9F4BCDE9000100225046594620F029
:1046100019F91DF0D1F880A3D3E9002304460D4613
:1046200020F056FD58B37EA3D3E900232046294647
:1046300020F006F97CA3D3E9002320F0E3FB20F06F
:1046400067FD20F04BFA8F4B002206460F4620F004
:10465000AFFA1DF0B1F802460B4620462946144633
:104660001D460022884B20F0EDF832463B4620F0F4
:10467000E9F822462B4620F0E3F804460D466CA3E9
:10468000D3E900232046294620F0DCF86AA3D3E9C9
:10469000002304460D4620F0D3F869A3D3E9002394
:1046A00020F0B0FB1DF088F802460B46CDE902234E
:1046B00063A3D3E9002320F07BFA1DF07DF80246C6
:1046C0000B462046294620F0BBF85FA3D3E9002320
:1046D0008046894620F096FB1DF06EF85AA3D3E978
:1046E000002304460D4620F063FA1DF065F8002211
:1046F00006460F4600234046494620F0A3F83246BE
:104700003B4620F09DF81DF057F820F001FD5F4B6F
:10471000064600222046294620F0BCFC002800F076
:104720001482594B20460022294620F089F820F0B7
:10473000EFFC0446204620F03DFE5549804621F01E
:1047400049F8002800F0F68141A3D3E90023DDE910
:10475000020120F075F820F0DBFC0546631E012BFA
:1047600005D804F10C0020F025FE013D80462846C6
:1047700020F020FE3C49044620F024FF1DF0EAF81A
:104780003A490746204620F01DFF1DF0E3F838495E
:104790000546204620F062FE1DF0DCF84FF07E5109
:1047A0000446404620F052FD324920F057FE1DF0ED
:1047B000D1F8034659465046059327A3D3E9002371
:1047C00020F03EF8334B804689460022DDE90001A7
:1047D00020F018FB02460B464046494620F032F8CE
:1047E0001FA3D3E9002382468B4620F00BFB024631
:1047F0000B464FF080403946CDE9022320F024FDDE
:10480000294620F023FD20F07BF9804644E000BFDC
:1048100000000080A2423A41000000008C8A414121
:1048200000000040D07D3C410000000088D5E14000
:104830000000000000D097400000006066865E40E7
:104840000000000000D4764000000020A0993E4007
:1048500000000000006CB240000000802CB4424117
:1048600000000000A0D5E1400000C8420000C8439D
:1048700000A0B64301CDF441000070420000614544
:104880000000E03F0000D03F0000F03F00002B4060
:1048900000002040000038402046894620F030F9D2
:1048A00002460B46404649461FF0CCFF0446059899
:1048B0000D4620F025F902460B46204629461FF0FA
:1048C000C1FF044630460D4620F008F902460B466B
:1048D000204629461FF0B6FFA1A3D3E900231FF00D
:1048E000B1FFA1A3D3E900231FF0AAFFA0A3D3E93E
:1048F000002320F05DF9A0A3D3E900231FF0A2FF5D
:10490000B74B00228046894620F0D8FB78B1B44DE1
:10491000002422462B46404649461FF091FF22467E
:104920002B468046894620F0C9FB0028F1D10022A1
:1049300000234046494620F0ADFB88B1A84F002631
:10494000002400254046494632463B461FF07AFF88
:1049500022462B468046894620F09CFB0028F1D158
:1049600087A3D3E90023DDE9000120F021F94246C5
:104970004B461FF067FFDDE9026783A3D3E90023FD
:1049800004460D463046394620F012F932463B4681
:1049900020F00EF902460B46204629461FF052FF32
:1049A0008F4B00228046894620F088FB78B18C4DE1
:1049B000002422462B46404649461FF041FF22462E
:1049C0002B468046894620F079FB0028F1D1002251
:1049D00000234046494620F05DFB88B1804F002609
:1049E0000024002532463B46404649461FF02AFF38
:1049F00022462B468046894620F04CFB0028F1D108
:104A000063A3D3E900235046594620F0D1F802466B
:104A10000B4661A1D1E900011FF012FF60A3D3E9A9
:104A2000002320F0EFF91CF0DDFB5FA3D3E90023A6
:104A300004460D465046594620F0BAF85CA3D3E927
:104A400000231FF0FFFE02460B461FF0FBFE54A39F
:104A5000D3E9002320F0D6F91CF0C4FB56A3D3E918
:104A6000002306460F465046594620F0A1F802465C
:104A70000B4653A1D1E900011FF0E2FE48A3D3E9A0
:104A8000002320F0BFF91CF021FB4FA3D3E9002342
:104A900082468B462046294620F08AF84CA3D3E96B
:104AA000002304460D463046394620F081F8024680
:104AB0000B46204629461FF0C3FE52465B4620F0B7
:104AC00077F842464B461FF0BDFE454B002280461C
:104AD000894620F0F3FA78B1414D002422462B4656
:104AE000404649461FF0ACFE22462B46804689468A
:104AF00020F0E4FA0028F1D1002200234046494684
:104B000020F0C8FA88B1364F00260024002532462E
:104B10003B46404649461FF095FE22462B468046BE
:104B2000894620F0B7FA0028F1D14046494607B03F
:104B3000BDE8F08F28A3D3E90023DDE902011FF0CF
:104B40007FFE20F0E5FA054608E6264B20460022C7
:104B500029461FF075FE20F0DBFA0446EAE500BFA7
:104B600000000080A2423A41000000802CB4424183
:104B7000000000E05BD2B03F000000801CCA1A4079
:104B8000000000E0360BF03F000000605243FB3EA7
:104B900000000060C91CAB3F000000608F425F4016
:104BA00000000020DCA54C40000000E0718AEF3FCF
:104BB0000000002085877140000000A0F2D79A3ED7
:104BC0000000000076703740000000A0EEE734BF20
:104BD00000000080732AF93E00000000006BB24024
:104BE0000000384000002A40704700BF224B93F875
:104BF000380000B9704710B493F8842085B03AB9F2
:104C0000002093F83C20EAB9002005B010BC7047A2
:104C10001A49D3F890000A680092009A121AB2F565
:104C2000FA6FEDD293F87420002AE9D00A68019255
:104C30000198D3F88020801AB0F5FA6F2CBF0020BD
:104C40000120DEE70D491C6F0A680292029A121BCE
:104C5000B2F5FA6FD8D293F8B420002AD4D00A68FB
:104C60000392D3F8B820039B9B1AB3F5FA6F2CBFBD
:104C7000002000F00100C8E72093FF1FDC9FFF1F0A
:104C8000114B93F884200AB9002070470F49D3F8DC
:104C900090000A6882B00092009A121AB2F5FA6F78
:104CA0000ED293F874205AB10A6801920198D3F891
:104CB0008030C01AB0F5FA6F2CBF0020012000E050
:104CC000002002B0704700BF2093FF1FDC9FFF1F32
:104CD000104B93F83C200AB9002070470E49186F1A
:104CE0000A6882B00092009A121AB2F5FA6F0ED2D8
:104CF00093F8B4205AB10A680192D3F8B8300198F9
:104D0000C01AB0F5FA6F2CBF0020012000E000208F
:104D100002B070472093FF1FDC9FFF1F144B93F8D6
:104D2000D4200AB90020704700B5124AD3F8D81031
:104D3000126883B00192019A521AB2F5FA6F03D346
:104D4000002003B05DF804FB0022D3F8DC0083F8F8
:104D5000D52020F02FFB084920F034FC4FF0804193
:104D600020F01AFD003818BF012003B05DF804FBE5
:104D70002093FF1FDC9FFF1F0000C8422DE9F04772
:104D8000324F334D3B682A688CB00193019B9B1ACC
:104D9000B3F5FA6F06D92F4B93F885203AB993F8FB
:104DA000753023B92C4B18780CB0BDE8F0872B4B2D
:104DB00003F1100C0FCB04AE86E80F009CE80F0047
:104DC00008AC84E80F00304614F038FF80463046C7
:104DD00014F044FF8246304614F052FF81462046CC
:104DE00014F05AFF0646204614F062FF03462046A0
:104DF0001C4614F073FF08F14E08034602A88DF814
:104E000008308DF809408DF80DA08DF80C908DF8C4
:104E10000A608DF80E8011F08BFB044619F08CF9B6
:104E20003A680292041B029A2A60002C0C4A03463C
:104E3000B8BF6442042C9361074BCCBF0020012013
:104E40000021D16118700CB0BDE8F087DC9FFF1F16
:104E5000C092FF1F2093FF1FC492FF1F9493FF1F58
:104E60005891FF1F2DE9F84FB1F100093DDDA0F188
:104E7000080606EBC907B04600240025F8E902231E
:104E8000204629461FF0DEFC474504460D46F5D175
:104E900048461FF023FE82468B462046294652464E
:104EA0005B461FF0AFFF0024804689460025F6E9E7
:104EB000020142464B461FF0C3FC02460B461FF060
:104EC00077FE02460B46204629461FF0BBFCB74240
:104ED00004460D46EBD152465B46204629461FF05C
:104EE00091FFBDE8F84F1BF031BF48461FF0F6FDBB
:104EF000002482468B460025EDE700BFFFFFFFFF41
:104F00002DE9F04FDFF82CA00B4CDAF800302268C6
:104F1000A1B01093109B9B1AB3F5FA6F03D9074BFE
:104F200093F83D2072B9064B1D78284621B0BDE8A4
:104F3000F08F00BFDC9FFF1FCC92FF1F2093FF1F4D
:104F4000D092FF1F03F13C0ED3F8BC70C24EDFF8C5
:104F50000CB3C34DBEE80F000DF1480CACE80F00D8
:104F6000BEE80F00ACE80F00BEE80F00ACE80F0091
:104F70009EE803008CE8030012A8D6E9048914F027
:104F80003DFE02460B46404649461FF05BFC14F0CE
:104F90009BFD21F000431946DBF8003005EBC30808
:104FA000ABA3D3E900231FF003FEC8E9000112A858
:104FB000D6E9028914F002FE02460B4640464946F5
:104FC0001FF03EFCDBF8008021F000434FEAC809E7
:104FD00019469FA3D3E90023CDF800901FF0E8FD08
:104FE000A04B0A4603EBC8030146C3E90012B6F919
:104FF0001800CDE902121FF071FD02463846164630
:105000000F4620F0D7F9984920F0DCFA1FF078FD20
:1050100002460B46304639461FF012FC02460D9000
:105020009248D0F800B0BBF10B0F21F00043D8BF7D
:105030000BF1010B8E49D8BFC0F800B0BBF10C0FCB
:105040004944D946A8BF4FF00C09C1E90023844860
:105050000C934946FFF706FF02460B46CDE90423B1
:10506000844B002220F02AF818B9824B0022CDE9A7
:1050700004237C484946FFF7F5FE02460B46CDE97E
:1050800006237C4B002220F019F818B9794B002236
:10509000CDE9062376484946FFF7E4FE764B002229
:1050A00006460F4620F00AF8002800F0C880324675
:1050B0003B46304639461FF0C5FBCDE90A01009B4F
:1050C00055F8382009922B44BBF1000F5F6840F37C
:1050D000E780634E00250022002310461946F6E8BB
:1050E00002231FF0AFFB01354D4502460B46F4DBB2
:1050F0004846CDE90E231FF0F1FCDDE90E230546FD
:105100000E46104619462A463346CDE900561FF092
:1051100079FE02460B46099839461FF091FBDDE9FE
:105120000423064621F00045104619461FF08AFB6D
:1051300002460B46304629461FF0ACFF002840F0DF
:10514000A3800746474E002500220023104619463B
:10515000F6E802231FF076FB0135A94502460B460F
:10516000F4DCDDE900231FF04DFE02460B46DDE9CD
:1051700002011FF065FBDDE9062321F0004506462C
:10518000194610461FF05EFB02460B463046294684
:105190001FF080FF054678B1DDE9020100224FF0E3
:1051A00080431FF077FF00280CBF002507F00105A2
:1051B000BBF1000F40F3C3802D4F002600220023D7
:1051C00010461946F7E802231FF03CFB0136B145B3
:1051D00002460B46F4DCDDE900231FF013FE064611
:1051E0000F46DDF834B0DDF830903B463246584685
:1051F00049461FF025FB21F00047DDE90A23394627
:105200001FF048FF00B31D4B5846494600221FF0CF
:1052100041FF002808BF0025194B104A1D70B8F146
:105220000B0F08F1010308BF00231360DAF8003008
:105230001193119B2360284621B0BDE8F08F114BDC
:105240000022CDE90A233AE70546E5E7AFF30080FF
:10525000000000000020AC40D892FF1FC892FF1F42
:105260006092FF1F0092FF1F0000C8429891FF1F2D
:10527000A091FF1F0000F03F0000344000003E40BE
:10528000D092FF1F0000444027F0004109980022FF
:105290004FF080431FF0FEFE071E18BF012751E7A5
:1052A00048461FF01BFC02460B4600200021CDE9BA
:1052B00000231FF0A7FD02460B46099839461FF050
:1052C000BFFADDE90423064621F0004510461946E1
:1052D0001FF0B8FA02460B46304629461FF0DAFEA8
:1052E000002835D18146DDE90023002000211FF090
:1052F00089FD02460B4606460F46DDE902011FF016
:105300009FFADDE90623834621F000451046194641
:105310001FF098FA02460B46584629461FF0BAFE7F
:1053200008B905465DE7DDE9020100224FF0804340
:105330001FF0B0FE00280CBF002509F00105DDE9D3
:105340000023002000211FF05DFD06460F4648E7C0
:10535000099827F0004100224FF080431FF09AFE89
:10536000B0F1000918BF4FF00109BCE7FFFFFFFFD4
:105370002DE9F04F6E4EDFF8BCC106F174030FCB80
:105380009BB00DF1100888E80F0006F184030FCBE5
:1053900008AF06F13C0587E80F000FCD0CAC0FC439
:1053A0000FCD0FC40FCD0FC495E803009CF8433117
:1053B000732B84E80300D6F8BC4006D0742B0ED0C3
:1053C000FCF74CFE1BB0BDE8F08F96F83830002B90
:1053D00040F0BA80FCF718FE1BB0BDE8F08F96F8DD
:1053E0003830002BF6D0FFF74BFC0446FFF770FC7B
:1053F000002CEFD00028EDD0404614F01FFC0446EE
:10540000404614F02BFC8146404614F039FC80469F
:10541000384614F041FC0646384614F049FC05466F
:10542000384614F05BFC03468DF80830424BDFF839
:105430000CA18DF80950D3E904234E3402A8CAE91F
:105440000E238DF80E408DF80D908DF80C808DF8A0
:105450000A6011F06DF805460C4618F073FE2846F8
:10546000214611F0C3F9FFF733F8354B04460D46DA
:105470000022DAE90E011FF0C5FC02460B46204669
:1054800029461FF0DDF92F4B002204460D461FF080
:1054900015FE78B12B4F00262046294632463B4662
:1054A0001FF0CEF932463B4604460D461FF006FE7D
:1054B0000028F1D100220023204629461FF0EAFDF2
:1054C00098B1204F00264FF000084FF00009204609
:1054D000294632463B461FF0B5F942464B46044644
:1054E0000D461FF0D7FD0028F1D1164B00222046B3
:1054F00029461FF087FC0CA3D3E900231FF058FBBB
:105500001FF006FE72B6CAF8000062B672B6DAF88C
:105510000020DAF80030CAE9042362B6FCF75EFD29
:1055200050E700BFAFF3008000000000C07A604188
:105530002093FF1FF88FFF1FD892FF1F5891FF1F66
:1055400000002E4000003840FFF79AFB0546FFF7A9
:10555000BFFB002D3FF43EAF00283FF43BAF0CA84B
:1055600014F02CFB82460CA88B4614F047FB064631
:1055700020460C461FF01EFFCB4920F023F8CB4BF2
:1055800005462146304600221FF0A2FD002840F0CB
:10559000B481C74B3046214600221FF07BFD002816
:1055A00040F0AB8132463046C24E04F100442346FF
:1055B00021463478C6E904231FF0F2FD04EB4404CD
:1055C00004EBC40404F10E03C1B2814618460091F5
:1055D000019318F031FA0099814203D0019B1846DB
:1055E00018F044FA04F10F03C9F30721184600919B
:1055F000019318F021FA0099814203D0019B1846CB
:1056000018F034FA04F11003C9F307411846009169
:10561000019318F011FA0099814203D0019B1846BA
:1056200018F024FA1134204618F006FA4FEA1969E6
:10563000814503D04946204618F018FA9E4B0022B7
:10564000504659461FF026FD002859D19B4B002299
:10565000504659461FF03CFD002851D13478C6E928
:1056600002AB594650461FF09BFD04EB440404EB8B
:10567000C40404F10A0B5FFA80FA8146584618F018
:10568000DBF9824503D05146584618F0EFF904F192
:105690000B0B584618F0D0F9C9F3072A824503D0FE
:1056A0005146584618F0E2F904F10C0B584618F030
:1056B000C3F9C9F3074A824503D05146584618F04A
:1056C000D5F90D34204618F0B7F94FEA196981452C
:1056D00003D04946204618F0C9F96FA3D3E9002347
:1056E000D6E902011FF08EFB82468B461BF0EEFCD2
:1056F000C6E90C01504659461BF074FDC6E90E017F
:10570000284620F087F884B204F1C8039BB242F225
:1057100008018B4202B21DD83578328305EB45056E
:1057200005EBC50505F1120A50465FFA82F918F03B
:1057300083F9814503D04946504618F097F913354F
:10574000284618F079F9240A844203D021462846D5
:1057500018F08CF909F01EFA59480CF073FC5948FE
:105760000AF0EAFC57480AF0E3FC012008F0CCFA02
:10577000404614F063FA0446404614F06FFA82463D
:10578000404614F07DFA8146384614F085FA80468A
:10579000384614F08DFA0546384614F09FFA034651
:1057A0008DF80830D6E904238DF80DA0DFF818A194
:1057B0008DF809504E3402A8CAE90E238DF80E4028
:1057C0008DF80C908DF80A8010F0B2FE05460C465C
:1057D00018F0B8FC2846214611F008F8FEF778FECC
:1057E0003A4B04460D460022DAE90E011FF00AFB8F
:1057F00002460B46204629461FF022F8344B002271
:1058000004460D461FF05AFC78B1314F0026204661
:10581000294632463B461FF013F832463B460446C3
:105820000D461FF04BFC0028F1D10022002320463A
:1058300029461FF02FFC98B1DFF894904FF0000834
:10584000002600272046294642464B461EF0FAFF16
:1058500032463B4604460D461FF01CFC0028F1D1A1
:105860001B4B0022204629461FF0CCFA0CA3D3E99B
:1058700000231FF09DF91FF04BFC72B6CAF8000020
:1058800062B672B6DAF80020DAF80030CAE904230A
:1058900062B6602200211DE000000020DCA54C4023
:1058A00000000000C07A60410000C84200807640DD
:1058B000008076C0D892FF1F008056C000805640FE
:1058C0004894FF1F2093FF1F5891FF1F00002E4098
:1058D000000038400A4821F099FF60220021094861
:1058E00021F094FF60220021074821F08FFF074B31
:1058F00000221A60FCF772FB64E5054E9EE600BFCD
:105900000092FF1F6092FF1FA091FF1F9891FF1F41
:10591000D892FF1F08B518F059F8BDE8084018F0F4
:1059200055B800BF2DE9F0414FF0000E164C174D51
:10593000F4464378067882781B0243EA06431A430A
:105940009F0CC2F38516C3F3053302F03F020CF13E
:10595000030C15F80780AE5DEF5CAB5C84F87080DB
:105960008C4584F8717084F8726084F873300EF19D
:10597000040E00F1030004F10404DADB044B0022FE
:1059800003F80E20BDE8F081F88FFF1F48E7020002
:105990006890FF1FFFFFFFFF2DE9F04FC64DC1B01C
:1059A0006622002126A821F031FF28460EF0D2F809
:1059B00095F840352C7895F80A7595F80B85003BDD
:1059C00018BF012306465FFA88F804F0030428464E
:1059D00007EB430708F003080EF0A8F82301FFB215
:1059E00043EA8803A6F102023B43B2FA82F252096B
:1059F00043EA801343EAC213AA7D95F879158DF81E
:105A00009830012A95F8783401F0070100F02582DA
:105A1000022A00F0FB81032A00F09282A2F1040224
:105A2000B2FA82F25209920195F83105DB0043EA9D
:105A3000C0130B43134395F899258DF89930022A2A
:105A400000F0FA8195F89935FE2B00F06B8295F8FD
:105A50009935FF2B00F0728295F89935012B14BF10
:105A600000270327022E95F8C93500F0EC81022BA0
:105A700000F0F58195F8C935FE2B00F0EB8195F823
:105A8000C935FF2B00F0578295F8C935012B14BF9B
:105A90004FF000084FF00C0895F8086595F8693745
:105AA00006F00306002B40F0B38195F8F147A401FE
:105AB00064B281480AF00CFB47EA061748EA07037C
:105AC0001C4344EAC01495F838608DF89A40FFF7FB
:105AD0008DF8002840F0148295F8483595F8362066
:105AE00095F8F8148DF89C1046EA43168DF89B60E3
:105AF00095F87C360AB143F0040395F8F8250AB10D
:105B000043F0080395F837200AB143F010038DF8ED
:105B10009D3018F011FB694CDFF8A4A10021C4E905
:105B2000060110F0EDFC0646D4E9060110F07AFCFF
:105B30008046D4E9060110F0CDFC0746D4E9060101
:105B400010F0B2FC8346D4E9060110F081FC8146D6
:105B5000D4E9060110F092FC5A4A8DF8A00082FBAD
:105B60000632F317C3EB62136422DAE9020102FB87
:105B7000136649A3D3E900238DF89EB08DF89F905A
:105B80008DF8A1808DF8A2708DF8A3601FF010F839
:105B900002460B460CA848490BF0AAF972B62068D9
:105BA00062B6494B984205DDA0F50300A0F55640CA
:105BB0009842F9DC1FF0FEFB44491FF003FD444905
:105BC0001FF04CFC1EF09CFF35A3D3E900231EF010
:105BD000EFFF02460B460CA812F03EFE32A3D3E9BB
:105BE00000231EF0E5FF80460CA8894612F024FE33
:105BF0002FA3D3E900231EF0DBFFCDE9000118A895
:105C00002D490BF0EFF918A813F07CF928A3D3E97C
:105C100000231EF0CDFFCDE9020118A813F078F99A
:105C200023A3D3E900231EF0C3FF13F06DFFCDE9DA
:105C3000040172B6246862B6234B9C4205DDA4F5CC
:105C40000304A4F556449C42F9DC224F224BD7E9C9
:105C5000000100221FF0D6F8D7E90C23CDE9060198
:105C60001E4900201EF0ECFDCDE90A890AAEDDE9EF
:105C70000089CDE9080196E803000DF1A40ECDE9F5
:105C80000A898EE80300D7E90E01CDE9000196E804
:105C900003000DF1AC0C23E0000000A046DF913FB3
:105CA0000000004052C1D03F000000A0C88E0E404E
:105CB00000000020DCA54C402093FF1F5891FF1FDF
:105CC000D892FF1F1F85EB5100D6830000D6034BEF
:105CD0000000C0410098FF1F00002E400000F03F70
:105CE0008CE80300DDE902BCCDE90ABC96E80300BC
:105CF0002DAA82E80300DDE90412CDE90A1296E834
:105D000003002FAB83E8030020461FF053FB8E49AE
:105D10001FF058FC8D491FF0A1FB1EF0F1FECDE9EC
:105D20000A0196E803000DF1C40C8CE80300DDE9DC
:105D300006BCCDE90ABC57E9028996E8030033AFF7
:105D400087E80300CDE90A89DDE9087896E80300D1
:105D500035ACCDE90A7884E80300D5F824153C91E8
:105D6000D5F820153B9196E8030037AA82E8030096
:105D7000DDE90001CDE90A0196E8030095F8374016
:105D800039AB83E80300002C6CD17149DAF82C00A0
:105D90001FF064FB1BF020FE1FF03CFD95F8303334
:105DA00095F87D448DF8FA0003F00303012C8DF87B
:105DB000FB302FD0022C36D004F0030395F87E245C
:105DC00095F84015920002F01C02134343EA411378
:105DD0008DF8FC303FA80DF19703002213F8011F46
:105DE000834282EA0102F9D15A4C8DF8FD206621E6
:105DF00026A8FFF797FD204622F0E2F85649022236
:105E0000204441B0BDE8F04F17F05EBE20220BE603
:105E100040244EE651480DF08BFE002800F08980AA
:105E2000022385F87D344D480DF082FE00287BD199
:105E3000032385F87D34C1E7022E95F8C9354FF06C
:105E400001077FF414AEFE2B09D095F8C935022B5B
:105E50007FF415AE4FF008081EE61022E4E54FF07F
:105E6000040819E619F06AFA01E019F09FFA19F02E
:105E700089FA0028F9DC0421394819F0D7F919F01A
:105E80005DFA142018F04CFA00212E2219A818AE41
:105E900018910C4621F0BAFC0AE0302C0CD019F015
:105EA00085FAC0B2232806F8010B04F1010403D0DF
:105EB00019F068FA0028F0DC04F580730DEB030498
:105EC000002304F8A03C9DF860303F2B7FF45DAFC9
:105ED0000DF161001FF0E8FC202104460DF1610086
:105EE00021F0E6FC034668B301301FF0D9FCC2B2D2
:105EF000C0F307233D948DF8F8208DF8F93044E77E
:105F0000FEF73CFF90B946F00206FEF7F9FF08B134
:105F100046F00806FEF702FF00283FF4DDAD46F02C
:105F20001006D9E502279DE5022347E746F006065D
:105F3000EBE7234642E74FF00C08ADE5032791E578
:105F4000302271E50246D5E700D6034B0000C04180
:105F5000000020416890FF1F64E202002093FF1FB1
:105F600090E00200FFFFFFFF2DE9F04F584C94F83E
:105F70004431413BC1B0312B3ED8DFE813F0420041
:105F80003D00AD00F4013B023D003D003D003D0001
:105F90003D00C90207033F033D00A103CA033D00C2
:105FA00081043D0011053D003D003D003D003D00E8
:105FB0003D003D003D003D003D003D003D003D00F9
:105FC0003D003D003D003D003D003D003D003D00E9
:105FD0003D003D001B053D003D003D003D003D00F6
:105FE000320094F84531702B01F0E782742B00F0F9
:105FF000F384672B00F07E8341B0BDE8F04FFCF7DF
:1060000019B894F84561532E00F0E184314D95F8AC
:10601000782400230E930F931093119312931393EC
:10602000149316931C93002A41F0CF82A6F13003FB
:106030004A2B00F2C984DFE813F0CA09C809C6096F
:10604000C409C209C009BE09BC09610AC704C70462
:10605000C704C704C704C704C704C704C704C704E8
:10606000C704C704C704C704C704C704C704C704D8
:10607000C704C704C704C704C704C704C704C704C8
:10608000C704C704C704C704C704C704C704C704B8
:10609000C704C704C704C704C704C7048B07FE09A5
:1060A0006C07C704C704DE09C704C7046C07C7042C
:1060B000C704C704C704D609C7046C07C704D309BB
:1060C000CC09C704C704C7048B07C704C7048B07E0
:1060D000F88FFF1F2093FF1F94F84531532B8BD16E
:1060E00028AE5A220021304621F090FBB84B1B68A5
:1060F0001A6828921A89ADF8A4209A8CADF8A620C7
:106100001A8DADF8A8209A8BADF8AA209A8AADF81E
:10611000AC205A7B8DF8AE205A7CDB7B0AB143F071
:106120000203AC4A8DF8AF3013681A682C921A89B2
:10613000ADF8B4209A8CADF8B6201A8DADF8B82021
:106140009A8BADF8BA209A8AADF8BC205A7B8DF8AC
:10615000BE205A7CDB7B0AB143F002039E4D8DF8D2
:10616000BF3005F5AA63D3E900011FF019F805F562
:10617000AC64309054E902011FF012F80346D4E9F0
:10618000000131931FF00CF805F5AE62034652E9A9
:10619000020132931FF004F805F5BE62034652E98E
:1061A000020133931EF0FCFF03461A20349307F0DC
:1061B0007FFB074617F040FC0446781C17F03CFCB8
:1061C000E4B260F30F241C20ADF8D44007F070FB5C
:1061D00017F032FC034641208DF8D63007F068FBFB
:1061E00017F02AFC034605F594708DF8D7300BF0B4
:1061F00041FD034605F59470ADF8D8300BF03CFD39
:1062000003462420ADF8DA3007F052FB074617F0BA
:1062100013FC0446781C17F00FFCE4B260F30F2463
:106220002620ADF8DC4007F043FB074617F004FCDE
:106230000446781C17F000FCE4B260F30F24282019
:10624000ADF8DE4007F034FB074617F0F5FB0446D7
:10625000781C17F0F1FBE4B260F30F242A20ADF8AC
:10626000E04007F025FB074617F0E6FB0446781CE4
:1062700017F0E2FBE4B2594B002260F30F24D5E99A
:106280004E01ADF8E2401EF093FC1BF019FB1EF02E
:1062900067FFD5F82C2195F81531D5F828118DF820
:1062A000E720D5F840218DF8E610ADF8E40095F828
:1062B00016118DF8E8200BB141F0020195F8143168
:1062C0000BB141F00401464C464B8DF8E910002219
:1062D000F4E804011EF06CFC1BF0F2FA1EF040FF23
:1062E000030CADF8EA00000E00228DF8EC308DF8BA
:1062F000ED003C4BD4E900011EF05AFC1BF0E0FA23
:106300001EF02EFF95F8992695F87D36ADF8EE0033
:10631000010C000E8DF8F2308DF8F01095F88936EA
:106320008DF8F1000AB143F002032F4A8DF8F330E3
:1063300013788DF8F4303EA80DF19F03002213F876
:10634000011F984282EA0102F9D15A213046274CB6
:106350008DF8F920FFF7E6FA204621F031FE2449B6
:1063600002222044FDE194F84531423B152B3FF6D3
:1063700043AE01A252F823F0856C0000F95F0000E3
:10638000F95F0000F95F0000F95F0000F95F0000AD
:10639000F95F0000F95F0000F95F0000F95F00009D
:1063A000F95F0000F95F0000F95F0000F95F00008D
:1063B000656C0000F95F0000096C0000F95F0000E7
:1063C000F95F0000F95F0000F95F0000EB6B00006F
:1063D0006087FF1F2487FF1F2093FF1F00002440BA
:1063E000A099FF1F000059401893FF1F6890FF1FDE
:1063F00064E2020094F84531313B412B3FF6FCAD9D
:1064000001A252F823F000BFCD6E0000CD6E000057
:10641000F95F0000F95F0000F95F0000F95F00001C
:10642000F95F0000F95F0000F95F0000F95F00000C
:10643000F95F0000F95F0000F95F0000F95F0000FC
:10644000F95F0000F95F00005F6E0000F95F000077
:10645000F95F0000CD6D0000F95F0000F95F0000FA
:10646000F95F0000F95F0000F95F0000F95F0000CC
:10647000F95F0000F95F0000F95F0000F95F0000BC
:10648000A77100007D710000F95F0000CD6D000074
:10649000F95F0000F95F0000F95F0000F95F00009C
:1064A000F95F0000F95F0000F95F00005F6E000017
:1064B000F95F0000F95F0000F95F0000F95F00007C
:1064C000F95F0000F95F0000F95F0000F95F00006C
:1064D000F95F0000F95F0000F95F0000F95F00005C
:1064E000F95F0000F95F0000F95F0000F95F00004C
:1064F000F95F0000F95F0000F95F0000F95F00003C
:10650000F95F0000F95F0000F95F000063710000AF
:1065100094F84531613B192B3FF66EAD01A252F85C
:1065200023F000BFE56C0000F95F0000D76C0000AD
:10653000F95F0000F95F0000F95F0000F95F0000FB
:10654000F95F0000F95F0000F95F0000CD6C00000A
:10655000F95F0000F95F0000F95F0000F95F0000DB
:10656000BF6C0000F95F0000F95F0000F95F0000F8
:10657000F95F0000F95F0000F95F0000F95F0000BB
:10658000F95F0000F95F00009D6C000094F8453150
:10659000413B162B3FF630AD01A252F823F000BF6D
:1065A0004D6D0000BD6D0000B96D0000B56D0000BF
:1065B000A96D0000F95F0000F95F00009F6D000009
:1065C000F95F0000F95F0000F95F0000F95F00006B
:1065D000F95F0000F95F0000956D0000F95F0000B1
:1065E000F95F0000F95F00008B6D0000F95F0000AB
:1065F0006F6D0000F95F0000C16D000094F8453137
:10660000423B2B2B3FF6F8AC01A252F823F000BF1F
:106610009D6F0000E5700000F95F0000F95F000069
:10662000F95F000075700000F95F0000197100004B
:10663000F95F0000F95F0000A9700000FF70000022
:10664000F95F0000F95F0000F95F0000F95F0000EA
:10665000D16F0000CB700000F95F0000F95F00000F
:10666000F95F0000F95F0000F95F0000F95F0000CA
:10667000F95F0000F95F0000F95F0000F95F0000BA
:10668000F95F0000F95F0000F95F0000F95F0000AA
:10669000EB6F00008F700000F95F0000F95F0000F1
:1066A000F95F0000F95F0000F95F0000F95F00008A
:1066B000F95F0000F95F0000F95F0000B76F0000AC
:1066C00094F84531413B122B20D8DFE813F08302C8
:1066D00080027D021F001F001F001F001F007902A3
:1066E0001F001F001F001F001F001F001F001F00B2
:1066F0001F007302C44B93F81531002B00F0728118
:10670000C24BC34A1B6813801B0C937041B0BDE899
:10671000F08F94F84531322B00F0458726D8312B85
:106720007FF46AAC72B6B84DD5F878071EF0D6F98A
:1067300005F5DC6555E902231EF064FBCDE928016F
:1067400062B6B34D94F85E01009001231A4628A961
:10675000284613F049F8284621F032FCAD490222C0
:10676000284441B0BDE8F04F17F0AEB9333B012BE0
:106770003FF642ACA84DA94E9FA3D3E90023D5E92B
:1067800002011EF015FA02460B4628A8A6F5227152
:106790000AF0AEFB98A3D3E90023D5E902011EF06D
:1067A00007FA8046894616A8A6F5227109F0D8FC9A
:1067B000A6F1D8030796069316AD0FCD6F460FC707
:1067C00095E8030042464B4687E8030028A91CA829
:1067D00012F00EF81CA812F0FBFC89A3D3E90023E9
:1067E0001EF0E6F9CDE914011CA812F0EDFC84A31B
:1067F000D3E900231EF0DCF989468046A6F5227015
:10680000DDE914ABCDE928890DF0A4F913A90491B1
:1068100012A952465B4602900391A6F52270CDE97B
:1068200000890AF013F91298794D1EF057F906F510
:106830008B6353E902231EF0E5FA06F59566CDE970
:10684000140113981EF04AF956E902231EF0DAFAF1
:1068500094F8453194F85E210092332B4FF00103F8
:10686000CDE928011A460CBF14A928A9284612F020
:10687000BBFF674821F0A4FB66490222284470E769
:1068800094F84521A2F13003422B3FF6B5AB01A1AC
:1068900051F823F0976B0000976B0000976B000096
:1068A000976B00000B720000F95F0000F95F0000B9
:1068B000F95F0000F95F0000F95F0000F95F000078
:1068C000F95F0000F95F0000F95F0000F95F000068
:1068D000F95F0000F95F00002972000015720000E6
:1068E000F95F0000AF720000F95F0000F95F00007F
:1068F000F95F0000F95F0000F95F0000F95F000038
:10690000F95F0000F95F0000F95F0000F95F000027
:10691000F95F0000F95F0000F95F0000F95F000017
:10692000F95F0000F95F0000F95F0000F95F000007
:10693000F95F00008D720000F95F0000F95F000050
:10694000F95F0000F95F0000F95F0000F95F0000E7
:10695000F95F0000F95F0000F95F0000F95F0000D7
:10696000F95F00004D7200004372000001720000E8
:10697000F95F0000F95F0000F95F0000F95F0000B7
:10698000F95F0000F95F0000F95F0000F95F0000A7
:10699000F95F0000F95F0000F95F0000B1710000CD
:1069A00094F84531303B032B3FF6B0AEDFE803F0FF
:1069B000BF8F854E94F84531413B032B3FF61CAB0E
:1069C000DFE803F03E383212FBF734FB9EE641B0BD
:1069D000BDE8F04FFEF7E0BF0B4B93F81631002BEC
:1069E0007FF48EAE0E4B8CE6074BD3F85C071EF09F
:1069F00011FF02460B4964E0000000A046DF913F12
:106A000000000020DCA54C402093FF1F2CE7020073
:106A10006890FF1F64E20200D892FF1FA895FF1F35
:106A200030E70200D8E60200B54BD3F858071EF055
:106A3000F1FEDEE7B24BD3F80C071EF0EBFED8E711
:106A4000AF4BD3F808071EF0E5FED2E7AD4BD3E914
:106A50000201A5A3D3E900231EF0AAF802460B46C3
:106A600028A8A7490AF044FA28A811F0E9FEA0A333
:106A7000D3E900231EF09CF8002204460D460023B3
:106A8000CDE91C451EF006FB9F4B0022002840F07C
:106A9000F985204629461EF011FB38B19A4B002299
:106AA000204629461DF0CCFECDE91C01974C012261
:106AB0001CA9204612F0FCFD4EE417F03DFB944962
:106AC0000246924841B0BDE8F04F20F0BDBD17F03E
:106AD00033FB904D0021C5E906010FF011FD04467E
:106AE000D5E906010FF09EFC0646D5E906010FF038
:106AF000F1FC0746D5E906010FF0D6FCD5E9060101
:106B00000FF0A6FCD5E906010FF0B8FC824A7F48D9
:106B100082FB0412E317C3EB6213642202FB1344EB
:106B20007E4900943B46324620F08EFDEEE517F09C
:106B300003FB784C0021C4E906010FF0B5FC0646C2
:106B4000D4E906010FF084FC1EF034FC74491EF0F9
:106B500039FD054630461EF02DFC014628461EF044
:106B600075FB0546D4E906010FF088FC1EF022FCF7
:106B70006C491EF027FD29461EF068FB1DF0C0FF82
:106B8000624D02460B462146E1E9082301222846D0
:106B900012F08EFDDFE55A4B5C4C03EBC203D3E9E8
:106BA000F4011EF0FDFA02222346114617F014F9F3
:106BB000FFF7D2BB412006F07BFE16F03DFF18E741
:106BC000594B5A491A787CE7594A5A4979E75A4A3F
:106BD000584976E7544B4A4A187817210F2313FB7C
:106BE00000131A44534949486CE794F84641002C75
:106BF00000F07B85313C032C3FF6FEA9DFE814F062
:106C0000AD02A902A5029D0294F84631313B112B39
:106C10003FF6F2A901A252F823F000BF9B750000D5
:106C20008F75000083750000777500006B7500009C
:106C30005F75000053750000477500000D7500007A
:106C4000F95F0000F95F0000F95F0000F95F0000E4
:106C5000F95F0000F95F0000F95F000001750000B6
:106C60003B75000094F84631303B072B3FF6C4A932
:106C7000DFE813F097038F0384034F033C032903DA
:106C800024031F0394F84631303B032B3FF6B4A98D
:106C9000DFE813F03A01350130012B01274916A333
:106CA000D3E90023D1E900011DF082FF0B462449FE
:106CB0000246164841B0BDE8F04F20F0C5BC21495E
:106CC0000DA3D3E9002351E90201EDE70C4B17496D
:106CD00093F89824F5E61C4907A3D3E90023D1E9EA
:106CE0000001E1E71849EBE7000000A046DF913F13
:106CF000000000A0C88E0E4000002078C62D09417B
:106D00002093FF1FD892FF1F000038406890FF1F9C
:106D10000CE702005891FF1F1F85EB513CE6020073
:106D200000007042000061451893FF1FD8E6020082
:106D30004693FF1F88E602003793FF1FC097FF1F8F
:106D4000FCE60200E097FF1FD097FF1F242006F00B
:106D5000AFFD054616F070FE0446681C16F06CFE8A
:106D6000E4B260F30F24B049B04822B2AAE6B049B9
:106D7000B04B0022D1E94E011DF01AFF1AF0A0FD20
:106D80001EF0C6F9AC4902469BE6A94BAB49D3F8C5
:106D9000402196E6A64BAA49D3F82C2191E6A44BB4
:106DA000A749D3F828218CE6A6480AF063FFA24938
:106DB000024686E62A20CAE72820C8E72620C6E73A
:106DC000A0480AF059FF9C4902467AE6984D95F88A
:106DD0007C36002B00F062849B4BD3E902018AA32E
:106DE000D3E900231DF0E4FE28AE02460B463046F0
:106DF00029460AF0A3F894F84531522B40F05F84FD
:106E000072B6924B186862B6914B984205DDA0F5B8
:106E10000300A0F556409842F9DC1EF0CBFA8D49EC
:106E2000824D1EF0CFFB8C491EF018FB1DF068FE52
:106E300077A3D3E900231DF0BBFE02460B46304684
:106E400011F00AFD74A3D3E900231DF0B1FE0F4633
:106E50000646CDE91C6794F85E211CA997E67449A3
:106E600091F87C3628A8002B00F014840AF0DCF896
:106E700028A812F04DF86AA3D3E900231DF098FE6C
:106E800012F042FE02460B4628A8CDE9162312F066
:106E900039F863A3D3E900231DF08AFE94F8453145
:106EA000624D412BCDE91C0100F03184DDE9160172
:106EB00012F010FE94F85E410094CDE91601012213
:106EC000002316A9284612F08FFC44E4574D94F88D
:106ED0005E0100900123002600271A4628A92846B3
:106EE000CDE9286712F080FC35E4514B4E49D3F8C8
:106EF0006428E6E54E4B4C49D3F8DC27E1E54C4BE2
:106F0000494993F86028DCE5494B474993F8D8276D
:106F1000D7E5632ED5E9A289D5E9A401D5E9A62351
:106F200000F03184702E1CBF104619461EF038F94F
:106F30004A491EF093FA4A491EF090FA1DF0E0FD0E
:106F400002460B463948474920F07EFBFFF7DEBB7F
:106F500095F83223002A00F009843B492AA3D3E99B
:106F60000023D1E902011DF023FE7A2E02460B46D2
:106F700000F01584772E14BF0121022100913A48B8
:106F80002A4C14F005FD0123CDE9280100930022CD
:106F900028A9204612F028FCFFF7DEB994F8463104
:106FA000522B00F0D183442B7FF426A82F4B1B6873
:106FB0001D495A6A85E594F84631522B00F0CE837C
:106FC000442B7FF419A8294B1B6829495A7C78E582
:106FD00094F84631522B00F0B583442B7FF40CA873
:106FE000224B1B682249DA7B6BE594F84631522B21
:106FF00000F0B083442B7EF4FFAF1C4B1B680A49A2
:107000009A6A5EE5AFF30080000000A046DF913F82
:107010000000004052C1D03F000000A0C88E0E40CA
:1070200000000020DCA54C40D8E602006890FF1F5D
:107030002093FF1F000024401CE702008CE60200A2
:1070400074E602004894FF1FD892FF1F5891FF1F5B
:1070500000D6830000D6034B0000C041E12E6542FC
:1070600000006145FCE602006894FF1F2487FF1FB3
:1070700008E7020094F84631522B00F06783442B56
:107080007EF4BAAFA84B1B68A8491A6819E594F8B2
:107090004631522B00F06683442B7EF4ADAFA24BF9
:1070A0001B68A349DA690CE594F84631522B00F0CD
:1070B0004F83442B7EF4A0AF9B4B1B6893F92C208D
:1070C000012A00F06683002294E494F84631522BA2
:1070D00000F04283442B7EF48FAF934B1B6894499E
:1070E0009A68EEE494F84631522B00F03983442B31
:1070F0007EF482AF8C4B1B688D495A69E1E494F8A9
:107100004631522B00F03083442B7EF475AF864B12
:107110001B6887495A7BD4E494F84631442B00F02D
:107120000583522B7EF468AF824B93F96826012ABF
:1071300000F0388300227E49C3E47F4B00229A602E
:1071400041B0BDE8F04FFAF751BF7B4B7B499A68DD
:10715000B7E4794B00225A60F2E7774B77495A68D7
:10716000AFE494F84631522B00F0DC82442B7EF4DD
:1071700043AF6D4B5B686E495A7AA2E494F846318E
:10718000522B00F0D182442B7EF436AF664B596807
:107190006B4B0022D1E900011DF00AFD1DF0E0FF5C
:1071A000624902468DE4634B614993F87D2688E489
:1071B000644B6549654DD3E9002300201DF040FB79
:1071C000CDE90C010CAA92E8030028AB604A83E8E1
:1071D00003000DF19F060DF1A70016F8013F1909F4
:1071E00003F00F030235515CD35C85F86E10B0429A
:1071F00085F86F30F1D12323A4F88030FFF786BAE9
:107200004C4B4E49D3F824255BE4524B524CD3E906
:107210000001C6E4514B53E902011AF051FB1DF085
:1072200077FF464902464CE44D4B4B4C53E9020173
:107230001DF0B6FF23460122022116F0CDFDFFF717
:107240008BB83C4B3D49D3F820253AE4454B3F4DA4
:107250003F4A53E90201CDE90C010CAE96E8030068
:1072600028AB83E803000DF1A7060DF19F0111F88B
:10727000013F180903F00F030235105CD35C85F859
:107280006E008E4285F86F30F1D1B4E71A2006F017
:107290000FFB054616F0D0FB0446681C16F0CCFB2D
:1072A000E4B260F30F2430492B48A2B20AE41C2058
:1072B00081E42E4B2E4953E90223FAE42D4B2C494D
:1072C000D3E90023F5E472B61A4C04F5016353E9DF
:1072D00002011DF01DFFD4F80058401BC4F810082F
:1072E00062B61649D4F81028FFF7EBBB72B6114C02
:1072F00004F5F063D3E900011DF00AFFD4F87857D4
:10730000401BC4F8880762B60C49D4F88827FFF7F9
:10731000D8BB72B6184B53E9020162B61DF0F8FEF5
:1073200006490246FFF7CDBB2487FF1F0CE702008A
:1073300008E702002093FF1F5891FF1F1CE702007F
:10734000000059403098FF1F0000F03FF88FFF1FEA
:1073500034E702009098FF1F6890FF1FD09AFF1F2C
:107360001099FF1F4098FF1FD8E60200509BFF1F97
:1073700014E70200C09AFF1F309BFF1F72B6B04B8C
:10738000D3E9000162B61DF0C3FEAE490246FFF725
:1073900098BB72B6AC4BD3F8002862B6A949FFF788
:1073A00090BB72B6A84BD3F8782762B6A549FFF711
:1073B00088BB1698C2E51498C0E51398BEE51298EC
:1073C000BCE51198BAE51098B8E50F98B6E50E98A7
:1073D000B4E59E4A9E499F4820F036F9FFF796B9DA
:1073E000D5F89404AAE595F860249B49994820F0C3
:1073F0002BF9FFF78BB995F8703413F0010F14BF18
:1074000043252D2513F0020F14BF50202D2013F01B
:10741000040F4FF0230214BF49212D21002384F8CB
:10742000705084F8710084F8721084F8732084F826
:107430007430FFF76BB995F86034002B00F0B88119
:10744000814A0892013BDBB2103273A7D7E900678B
:1074500073A5D5E900450FF2D019D9E900890021BB
:1074600002EB03130B910A930991089BD3E9F6BA37
:1074700007E05846514622462B461DF0E1F9834667
:107480008A465846514632463B461DF021FE0028AA
:10749000EFD107E05846514622462B461DF0D2F95F
:1074A00083468A465846514642464B461DF0F2FDF9
:1074B0000028EFD158465146002200231DF0EAFD76
:1074C00008B10AF1004A5AA3D3E9002358465146AD
:1074D0001DF0E0FD002800F08F80099B0133099327
:1074E000089B0A9A10339A420893BED15B490B9BC2
:1074F000099A584820F0A8F8FFF708B91C981DE52C
:10750000574B584953E90223FFF7D3BB4E4901F5C6
:10751000BA63D3E9003491F8C90540B2002806DC0B
:1075200091F8C9150A0600F14681002300241A4685
:107530004D4948482346FFF7BDBB4C4B4949D3E969
:107540000023FFF7B6BB4A4B4749D3E90023FFF7B7
:10755000B0BB474B444953E90223FFF7AABB454B55
:107560004149D3E90023FFF7A4BB434B3E4953E90C
:107570000223FFF79EBB414B3B4953E90223FFF730
:1075800098BB374B3849D3E90023FFF792BB3B4BFD
:107590003549D3E90023FFF78CBB394B324953E916
:1075A0000223FFF786BB72B6274DD5F800081DF001
:1075B00095FA05F5E665FFF7BDB8234B93F814314E
:1075C000002B3FF40FAAFFF79BB816AB1CAA04933D
:1075D00013AB14A90592029312AA11AB0391019265
:1075E00000930FAA10AB0EA905F5A47014F056F97C
:1075F00094F84561FEF71ABD0FA3D3E9002358465E
:1076000051461DF065FD00283FF46AAF0B9B013326
:107610000B9365E7AFF3008000000060FB21094099
:1076200000000060FB21194000000060FB2109C040
:10763000000000C0E21DF93F000000001426F93FE1
:10764000A09AFF1F1CE702002093FF1F9F97FF1FB8
:1076500088E602006890FF1FD8E6020000E70200FB
:10766000E09AFF1F14E70200FCE60200609BFF1F88
:10767000E098FF1F409BFF1FC09AFF1F709BFF1FDA
:10768000F09AFF1F204629461DF0DCF8CDE91C01C9
:10769000FFF70CBA09F0A6FCFFF7EABB4C4948A378
:1076A000D3E90023D1E902011DF082FA28AE024697
:1076B0000B463046294609F01BFCFFF79CBB3046C1
:1076C00011F0BAF840A3D3E900231DF071FA414D3F
:1076D00094F85E410094CDE91C01002201231CA90D
:1076E000284612F081F8FFF736B83B4D3B4AEB686D
:1076F0003848642101FB03F382FB0312DB1738498E
:10770000C3EB22321FF0A0FFEC60FEF7FFBF94F83E
:107710005E01009000221CA90123284612F064F8A3
:10772000FFF719B82F4B25E52E4B30E52E4B93F97B
:107730002826012A7FF4FEACD3F82C0613F07CFA3D
:107740000246F8E4274B4CE4264B30E4254B9AE400
:10775000244BB2E4234B51E4224BBFE4214B33E4EE
:10776000204BC8E41F4B9BE41E4BD1E4194C012372
:107770000026002728A900932046CDE9286712F0AB
:1077800033F8FEF7E9BD404649461DF009FDFFF715
:10779000CFBB186B13F07AF90246FFF72BB9002123
:1077A000FFF7ECBBD3F86C0613F046FA0246C2E4CE
:1077B0000B9309939AE604F100410C46B7E600BF2B
:1077C000000000A046DF913F00000020DCA54C40F7
:1077D000D892FF1F6890FF1FE88FFF1F8D512C6903
:1077E00024E702006087FF1F2093FF1F08B516F0F3
:1077F000EDF8BDE8084016F0E9B800BFFFFFFFFF55
:107800002DE9F0433D4C94F84331313BCDB0462B4C
:107810004DD8DFE813F0510051004C004C004C00F3
:107820004C004C004C004C004C004C004C004C00F8
:107830004C0079009102B5024C004C004C004C0009
:10784000F1024C004C004C004C004C004C004C0031
:107850004C004C0047004C004C0068014C00F50106
:107860004C004C004C004C004C004C004C004C00B8
:107870004C004C004C0091034C004C004C00D803D1
:107880004C0000034C004C004C004C004C004C00E1
:1078900050034C004C004C004C005D034C004C006D
:1078A0004C00660394F84431002B00F095834DB0F2
:1078B000BDE8F043FAF7D2BB114F3EA938461FF09E
:1078C0005BFC3E9BBB4206460D4600F0E483002273
:1078D00000231DF0D5FB002800F0B68394F8433157
:1078E0000848312B4FF000024FF0000300F0DF8317
:1078F0000AF09CFDFAF772FBF2E000BFF88FFF1F61
:107900003C91FF1F2093FF1F0025B1498DF83E5089
:1079100008221AA820F078F8AE498DF87050092294
:107920001DA820F071F894F85E218DF87D501AA9F9
:1079300012A811F07DFD002800F0CF8094F85E3190
:1079400001221DA914A811F0B1FD002800F0C58086
:1079500072B6A14B186862B6A04B984205DDA0F53F
:107960000300A0F556409842F9DC1DF023FD9C4928
:107970009C4E1DF027FE9C491DF070FD1DF0C0F8C7
:107980009A4B00221DF014F9984B04460D46002234
:10799000DDE912011DF00CF902460B46204629468E
:1079A0001CF04EFF12F090F885A3D3E900231DF0E0
:1079B000FFF883A3D3E90023CDE90201DDE9140137
:1079C0001DF0F6F80022CDE90001002326A810F0F2
:1079D00057FE87497AA3D3E90023D1E902011DF0BC
:1079E000E7F820AC8046894620A8314608F0B8FB6D
:1079F0000FCC6D460FC594E8030042464B4685E820
:107A0000030026A93EA810F08BFE3EA811F07AFADA
:107A10000446D6F828010D461DF0CCFC75491DF032
:107A20001DFD1DF06DF802460B46204629461DF04F
:107A300031FB002851D1D6F82C011DF0BBFC6D495B
:107A40001DF00CFD00211DF0A7FE0446002844D1C6
:107A500006F5227306F5D8723EA932A811F084F912
:107A600032A811F0B5FB58A3D3E900231DF0A0F80C
:107A700002460B4632A8CDE9162311F0A5FB52A30E
:107A8000D3E900231DF094F802460B463046CDE9B9
:107A900018230CF05FF801230DF13E0111AA0393A6
:107AA00010AB054602910192009304940DF13F033F
:107AB00018AA16A930468DF83F5009F0E5FA0028BB
:107AC00000F000839DF83E30012B00F02783022B4D
:107AD00006D1494B57221A8002E0474B21221A80D7
:107AE0004DB0BDE8F08372B63B4B186862B63B4BB5
:107AF000984205DDA0F50300A0F556409842F9DC58
:107B00001DF058FC36493D4E1DF05CFD36491DF018
:107B1000A5FC1CF0F5FF354B00221DF049F8D6E915
:107B200000231CF08DFE11F0CFFF25A3D3E9002325
:107B30001DF03EF8CDE9020121A3D3E9002356E967
:107B400002011DF035F83EADCDE900010022002311
:107B5000284610F095FDA6F59C600BF0FBFF244B2A
:107B60000746D3E9020116A3D3E900231DF020F84C
:107B7000CDE90C010A970DF5807EBEE80F00EC46BA
:107B8000ACE80F00BEE80F00ACE80F009EE8030071
:107B90008CE80300A6F59C6095E80C0009F0B0FBAA
:107BA0000546002800F060823035002384F87050CC
:107BB00084F871304DB0BDE8F08300BFAFF30080B2
:107BC000000000A046DF913F00000020DCA54C40F3
:107BD0003C91FF1F4491FF1F5891FF1F00D6830067
:107BE00000D6034B2093FF1F0000C04100002E4031
:107BF000D892FF1F35FA8E3C6890FF1F0098FF1F38
:107C0000BF48DFF800830BF0A5FF07460E2005F004
:107C10004FFE064615F010FF002560F30705701CA7
:107C200015F00AFF60F30F25B01C15F005FF0346A1
:107C3000F01C63F3174515F0FFFE60F31F6528463F
:107C40001CF05EFFC8E90001122005F031FE064677
:107C500015F0F2FE002560F30705701C15F0ECFE30
:107C600060F30F25B01C15F0E7FE60F31745F01C1C
:107C700015F0E2FE60F31F6528461CF041FF48E95D
:107C8000020172B6A04B186862B6A04B984205DD9F
:107C9000A0F50300A0F556409842F9DC1DF08AFBE0
:107CA0009B491DF08FFC9B491DF0D8FB1CF028FF61
:107CB000994B00221CF07CFFD8E900231CF0C0FD8A
:107CC00011F002FF8CA3D3E900231CF071FFCDE972
:107CD000020189A3D3E9002358E902011CF068FFDF
:107CE0003EADCDE9000100220023284610F0C8FC7B
:107CF0008A4981A3D3E90023D1E902011CF058FF8E
:107D0000CDE90C010A970DF5807EBEE80F00EC4628
:107D1000ACE80F00BEE80F00ACE80F009EE80300DF
:107D20008CE80300764895E80C0009F0E9FA05466E
:107D300000287FF439AF42E1714C20460BF0F8FE89
:107D4000002840F0448194F8483503F0FF05002BEB
:107D500040F03D810A22294671481FF0BBFA1CF011
:107D6000BDFE704B00221DF04DF804F5A86646E9F3
:107D70000201FAF733F90123E57084F83135AFE6F3
:107D8000694D01210491D5E900015BA3D3E90023EA
:107D90001CF00EFFCDE9020157A3D3E9002355E9FA
:107DA00002011CF005FF3EAECDE9000100220023D8
:107DB000304610F025FFA5F59A600BF0CBFE0DF5CF
:107DC000807E0C90BEE80F00EC46ACE80F00BEE8E9
:107DD0000F00ACE80F009EE80F008CE80F00A5F53F
:107DE0009A6096E80C0009F0E7F90023303084F837
:107DF000700084F8713073E64148837D012B7FF475
:107E00006FAE09F0C5FA002200F1300384F870303B
:107E100084F8712064E645483EA911F027FE002849
:107E200046D03E9B47F22F52013B934240D8344DFF
:107E300028460BF07DFE00283AD195F8F834BBBBFC
:107E400095F84835032B00F0638194F84431652B95
:107E500000F03C81772B00F039816E2B01D0732B21
:107E600026D127480CF06EFA314B32480022C0E987
:107E70000023A0F5B8600BF06DFE012894F84431A2
:107E800000F058816E2B00F05A81732B00F04E8168
:107E900016F026FA3E9BC5F8B4054FF47A7202FB41
:107EA00003F3C5F8B03572B6012385F8483562B6DC
:107EB000FAF7D4F814E612480BF04CFE01280CD95E
:107EC0000F48032201214DB0BDE8F0430AF0A0BAEB
:107ED0000B480BF03FFE0128F2D90948032200218C
:107EE000F1E70748032200214DB0BDE8F0430AF056
:107EF00035BA00BFAFF30080000000A046DF913F1D
:107F00002093FF1F0098FF1F5891FF1F00D683008A
:107F100000D6034B0000C04100002E40D892FF1F46
:107F20003C91FF1F00004E40F097FF1F3D91FF1F47
:107F30000000F03FE098FF1F854986481FF064FE6F
:107F400000287FF4B4AC94F84831002B7FF4AFAC38
:107F500081480BF013FE00287FF4A9AC7F4D7AA373
:107F6000D3E90023D5E902011CF022FE3EAF024610
:107F70000B463846784908F0BBFF77480BF0EAFD1E
:107F800071A3D3E900238046D5E902011CF010FE5D
:107F9000CDE90C01CDF8288040AE0FCE6D460FC55F
:107FA0000FCE0FC596E8030085E803006A4897E8FE
:107FB0000C0009F0A5F9054600287FF4F5AD6648E8
:107FC0000CF066FFF0E56448032201218CE74DB018
:107FD000BDE8F043FAF718B85F480BF0CFFD002872
:107FE0007FF465AC5D4D58A3D3E90023D5E90201C8
:107FF0001CF0DEFD0DF1F80802460B4640465649DE
:1080000008F076FF54480BF0A5FD4FA3D3E90023F9
:108010000746D5E902011CF0CBFDCDE90C010A971A
:1080200040AE0FCE6D460FC50FCE0FC596E80300CC
:1080300085E80300484898E80C0009F061F9054616
:1080400000287FF4B1ADBAE7DFF80C8108F5AE6126
:10805000D1E90001324625F000431DF01BF840B184
:10806000682327F8D43C3BE5A6F59C600CF010FF94
:108070009AE540460BF05CFDE0B998F8F834EBB9AE
:1080800098F848355BB198F84835042B07D067233A
:1080900027F8D43C24E5692223F8D42C20E594F871
:1080A00043312D48312B32462B467FF421AC0AF068
:1080B00063F91FE4732327F8D43C11E5652327F8FF
:1080C000D43C0DE5264B3F221A8009E522480CF0EE
:1080D00039F994F84431234A23490020652BC2E939
:1080E00000011FD0772B04BF022385F8993516F0C5
:1080F000F7F83E9BC5F884054FF47A7202FB03F350
:10810000C5F8803572B6012385F8483562B6CFE6EA
:1081100095F84835022B7FF498AEC9E6104B4522FE
:108120001A80DDE4FE2385F89935E0E7022385F81F
:10813000C935ADE66E2BF9D0732B7FF4A9AEFE23C3
:1081400085F8C935A4E600BF000000A046DF913FD6
:108150008CE702003B91FF1F2093FF1FD892FF1F67
:108160006890FF1FB098FF1F0000F03F08B515F0A2
:108170002DFCBDE8084015F029BC00BF10B5284B08
:1081800093F843314BB3653BDAB2122A0DD8122B68
:108190000BD8DFE803F0130A0A0A0A0A0A0A0A0ED1
:1081A0000A0A0A0A0E0A0A0A1300BDE81040F9F783
:1081B00055BF1C480BF0B2FC00B310BD19480BF0C2
:1081C000ADFC0028F9D117480BF0B2FC0028F4D11F
:1081D000BDE8104013480AF0FFB8124C204684F85E
:1081E00031350BF09BFC0028E7D120460BF0A0FCBA
:1081F00070B12046BDE810400BF0C8BC09480BF038
:1082000097FC0028D9D1BDE8104006480AF03EB9D5
:1082100020460AF0E1F82046BDE810400AF036B9E1
:10822000F88FFF1F2093FF1F08B515F0CFFBBDE8A7
:10823000084015F0CBBB00BF38B51E4B93F8433157
:10824000303B232B13D8DFE803F016161616161250
:1082500012121212121212121212121212331212DD
:10826000122F12121212123112121212121DBDE826
:108270003840F9F7F3BE1C460F4D28460BF05EFC64
:1082800038B138BD0C4D284603240BF057FC0028AC
:10829000F7D1E3B285F8793595F879150246284685
:1082A000BDE838400BF07CBF0024E5E70224E3E79B
:1082B0000124E1E7F88FFF1F2093FF1F08B515F099
:1082C00085FBBDE8084015F081BB00BFFFFFFFFF45
:1082D0002DE9F04F87B015F02FFF002104460EF076
:1082E0000FF90021064620460EF09CF800210546B5
:1082F00020460EF0EFF86B1E012B98BF06F1FF36FB
:108300008046304698BF0C351DF054F8D6490646D5
:108310001DF058F919F01EFBD449074630461DF0F0
:1083200051F919F017FBD249034630461E461DF09D
:1083300095F819F00FFB814628461DF03BF84FF0E9
:108340007E511CF083FFCB491DF088F819F002FB29
:10835000394605464FF080401CF076FF31461CF050
:1083600075FF1CF0CDFB064648460F461CF0C8FBC7
:1083700002460B46304639461CF064FA064628464B
:108380000F461CF0BDFB02460B46304639461CF03A
:1083900059FA064640460F461CF0A0FB02460B4623
:1083A000304639461CF04EFA99A3D3E900231CF05D
:1083B00049FA82468B46204600210EF075F80021CE
:1083C000064620460EF044F81CF0F4FFAA491DF0C2
:1083D000F9F8054630461CF0EDFF014628461CF032
:1083E00035FF0021034620461C460EF047F81CF0DE
:1083F000E1FFA2491DF0E6F821461CF027FF1CF022
:108400007FFB9F4BCDE900010022504659461CF0EE
:1084100019FA19F0D1F980A3D3E9002304460D46D7
:108420001CF056FE58B37EA3D3E90023204629460C
:108430001CF006FA7CA3D3E900231CF0E3FC1CF03B
:1084400067FE1CF04BFB8F4B002206460F461CF0CC
:10845000AFFB19F0B1F902460B46204629461446F7
:108460001D460022884B1CF0EDF932463B461CF0BD
:10847000E9F922462B461CF0E3F904460D466CA3AD
:10848000D3E90023204629461CF0DCF96AA3D3E98E
:10849000002304460D461CF0D3F969A3D3E9002359
:1084A0001CF0B0FC19F088F902460B46CDE9022316
:1084B00063A3D3E900231CF07BFB19F07DF902468E
:1084C0000B46204629461CF0BBF95FA3D3E90023E5
:1084D000804689461CF096FC19F06EF95AA3D3E940
:1084E000002304460D461CF063FB19F065F90022D9
:1084F00006460F460023404649461CF0A3F9324683
:108500003B461CF09DF919F057F91CF001FE5F4B3A
:1085100006460022204629461CF0BCFD002800F03B
:108520001482594B2046002229461CF089F91CF080
:10853000EFFD044620461CF03DFF554980461DF0E6
:1085400049F9002800F0F68141A3D3E90023DDE9D1
:1085500002011CF075F91CF0DBFD0546631E012BC2
:1085600005D804F10C001CF025FF013D804628468B
:108570001CF020FF3C4904461DF024F819F0EAF9EC
:108580003A49074620461DF01DF819F0E3F938492D
:10859000054620461CF062FF19F0DCF94FF07E51D1
:1085A000044640461CF052FE32491CF057FF19F0B9
:1085B000D1F9034659465046059327A3D3E9002332
:1085C0001CF03EF9334B804689460022DDE900016C
:1085D0001CF018FC02460B46404649461CF032F996
:1085E0001FA3D3E9002382468B461CF00BFC0246F6
:1085F0000B464FF080403946CDE902231CF024FEA3
:1086000029461CF023FE1CF07BFA804644E000BFA4
:1086100000000080A2423A41000000008C8A4141E3
:1086200000000040D07D3C410000000088D5E140C2
:108630000000000000D097400000006066865E40A9
:108640000000000000D4764000000020A0993E40C9
:1086500000000000006CB240000000802CB44241D9
:1086600000000000A0D5E1400000C8420000C8435F
:1086700000A0B64301CDF441000070420000614506
:108680000000E03F0000D03F0000F03F00002B4022
:108690000000204000003840204689461CF030FA97
:1086A00002460B46404649461CF0CCF80446059865
:1086B0000D461CF025FA02460B46204629461CF0C2
:1086C000C1F8044630460D461CF008FA02460B4637
:1086D000204629461CF0B6F8A1A3D3E900231CF0DC
:1086E000B1F8A1A3D3E900231CF0AAF8A0A3D3E911
:1086F00000231CF05DFAA0A3D3E900231CF0A2F82C
:10870000B74B0022804689461CF0D8FC78B1B44DA6
:10871000002422462B46404649461CF091F822464A
:108720002B46804689461CF0C9FC0028F1D1002266
:108730000023404649461CF0ADFC88B1A84F0026F6
:10874000002400254046494632463B461CF07AF854
:1087500022462B46804689461CF09CFC0028F1D11D
:1087600087A3D3E90023DDE900011CF021FA42468A
:108770004B461CF067F8DDE9026783A3D3E90023C9
:1087800004460D46304639461CF012FA32463B4646
:108790001CF00EFA02460B46204629461CF052F801
:1087A0008F4B0022804689461CF088FC78B18C4DA6
:1087B000002422462B46404649461CF041F82246FA
:1087C0002B46804689461CF079FC0028F1D1002216
:1087D0000023404649461CF05DFC88B1804F0026CE
:1087E0000024002532463B46404649461CF02AF804
:1087F00022462B46804689461CF04CFC0028F1D1CD
:1088000063A3D3E90023504659461CF0D1F9024630
:108810000B4661A1D1E900011CF012F860A3D3E975
:1088200000231CF0EFFA18F0DDFC5FA3D3E900236E
:1088300004460D46504659461CF0BAF95CA3D3E9EC
:1088400000231BF0FFFF02460B461BF0FBFF54A367
:10885000D3E900231CF0D6FA18F0C4FC56A3D3E9E0
:10886000002306460F46504659461CF0A1F9024621
:108870000B4653A1D1E900011BF0E2FF48A3D3E965
:1088800000231CF0BFFA18F021FC4FA3D3E900230A
:1088900082468B46204629461CF08AF94CA3D3E930
:1088A000002304460D46304639461CF081F9024645
:1088B0000B46204629461BF0C3FF52465B461CF080
:1088C00077F942464B461BF0BDFF454B00228046E0
:1088D00089461CF0F3FB78B1414D002422462B461B
:1088E000404649461BF0ACFF22462B46804689464F
:1088F0001CF0E4FB0028F1D1002200234046494649
:108900001CF0C8FB88B1364F0026002400253246F3
:108910003B46404649461BF095FF22462B46804683
:1089200089461CF0B7FB0028F1D14046494607B004
:10893000BDE8F08F28A3D3E90023DDE902011BF095
:108940007FFF1CF0E5FB054608E6264B204600228B
:1089500029461BF075FF1CF0DBFB0446EAE500BF6F
:1089600000000080A2423A41000000802CB4424145
:10897000000000E05BD2B03F000000801CCA1A403B
:10898000000000E0360BF03F000000605243FB3E69
:1089900000000060C91CAB3F000000608F425F40D8
:1089A00000000020DCA54C40000000E0718AEF3F91
:1089B0000000002085877140000000A0F2D79A3E99
:1089C0000000000076703740000000A0EEE734BFE2
:1089D00000000080732AF93E00000000006BB240E6
:1089E0000000384000002A4008B514F0EFFFBDE851
:1089F000084014F0EBBF00BF2DE9F04FA04C94F8F5
:108A00004351A5F1210393B0592B5BD8DFE813F054
:108A1000CE005A005A005A005A005A005A005A0012
:108A20005A005A005A005A005A005A005A005A0076
:108A30005A005A005A005A005A005A005A005A0066
:108A40005A005A005A005A005A005A005A005A0056
:108A50005A00B500A7005A005A005A0089005A006F
:108A60005A005A005A004E025F005F005F005A0031
:108A70005A005A005A001E026C015A005A0067013F
:108A80005A005A005A005A005A005A005A005A0016
:108A90005F015A005A00520146015A00EE023B049F
:108AA0005A005A005A005A00EE03E0000E015A0024
:108AB0005A005D045A0018045A005A005A005A001D
:108AC0005A00350413B0BDE8F04FF9F7C7BA94F86F
:108AD0004461002EF6D06B481FF072FA0E2871D850
:108AE000A5F14D04DFF89C8104EB440404EBC404BD
:108AF00000251534C14601E018F8016F67193846A2
:108B000014F09AFFB04205F101053146384601D014
:108B100014F0ACFF48461FF053FA8542ECDD01200B
:108B200051E0584E06A930461EF026FB069BB34284
:108B300004460D4600F06484534B00221CF0BEFA3C
:108B400040B1524B0022204629461CF0ADFA0028C5
:108B500040F01486F9F776FA13B0BDE8F08F494B70
:108B600005AA04A903A810F009FF8346002840F0D5
:108B700010855846F9F766FAEEE794F84451303D0F
:108B8000092D94BF012700270ED80378012B00F090
:108B9000A785312015F088FE142015F0C1FB54F88C
:108BA00025103B4814F052FB38460CE094F8444141
:108BB000A4F13103032B05D8364D95F83560002E0E
:108BC00000F0C085002013B0BDE8F04FF9F73ABAC5
:108BD00094F844010028F6D02A481FF0F1F9421C0D
:108BE0000F2AEFD8DFF8B0902649484614F06CFF02
:108BF00019F81A7C07EB470707EBC70709F1FF389D
:108C000000261537BC19204614F016FF18F8015F2E
:108C1000854206F101062946204601D014F026FFC0
:108C200048461FF0CDF98642ECDD78E794F84441E0
:108C300034B114481FF0C4F902288CBF0024012469
:108C4000104806A910F012FF002883D0069BA3F15C
:108C50003C021F2A00F2D48384B10E4D2220C5F8B5
:108C60002C3104F025FE95F82C61054614F0E4FE45
:108C7000864203D03146284614F0F8FE204669E7C4
:108C8000F88FFF1F3C91FF1F000028C00000284004
:108C9000A487FF1F2093FF1FF292FF1F7A4806A9A7
:108CA00010F0E4FE0546002840F0F4832846F9F76A
:108CB000C9F951E794F844314C2B00F0C58394F87E
:108CC0005E3171497148012210F0F0FB7BE794F8A6
:108CD0005E316D496E48012210F0E8FB73E713B076
:108CE000BDE8F04F01F0A8B96A4BD3E902015EA3D9
:108CF000D3E900231BF05CFF02460B4606A8664939
:108D000008F0F6F872B6654B186862B6644B984284
:108D100005DDA0F50300A0F556409842F9DC1CF0F3
:108D200049FB60491CF04EFC5F491CF097FB1BF0AF
:108D3000E7FE4FA3D3E900231BF03AFF02460B46A0
:108D400006A80FF089FD044606A80D460FF074FD35
:108D500049A3D3E900231BF02BFF06460E200F4644
:108D600004F0A6FD0346294620461D4644A3D3E948
:108D700000231BF01DFF1CF013FA5FFA80F8044675
:108D8000284614F059FE804503D04146284614F089
:108D90006DFE05F10109484614F04EFEC4F30728A4
:108DA000804503D04146484614F060FE05F10209B3
:108DB000484614F041FEC4F30748804503D04146BD
:108DC000484614F053FE0335284614F035FE240EB1
:108DD000844203D02146284614F048FE122004F0B5
:108DE00067FD3946054630461CF0DAF90446284648
:108DF00014F022FEE6B2864203D03146284614F033
:108E000035FE6F1C384614F017FEC4F30726864261
:108E100003D03146384614F029FEAF1C384614F012
:108E20000BFEC4F30746864203D03146384614F0A1
:108E30001DFE0335284614F0FFFD240E844203D0A6
:108E40002146284614F012FE012083E6124D2846E2
:108E50000AF06EFE0446002800F0628300242046DB
:108E6000B1E600BFAFF30080000000A046DF913FF5
:108E70000000004052C1D03F00000020DCA54C4063
:108E8000000000A0C88E0E403C91FF1FF897FF1F06
:108E9000E897FF1FD892FF1F2093FF1F5891FF1FD5
:108EA00000D6830000D6034B0000C041C64B0093A0
:108EB0000122019205AB04AA03A902A810F0EEF961
:108EC000834600283FF455AE0DF076FC04460DF0C5
:108ED0005BFC05460DF040FC029B8DF81A30024603
:108EE000BA4B8DF81C20039A8DF81920059A8DF83D
:108EF0001D508DF81820DD6ADFF8D4A2D3E90423D1
:108F00004E3406A8CAE90E238DF81E400DF010FB62
:108F1000044628460D46AF491CF0A0FA1CF07AFC26
:108F2000041945EBE075204615F00CF9204629465A
:108F30000DF05CFCFFF7CCF9A74B04460D46002270
:108F4000DAE90E011BF05EFF02460B462046294679
:108F50001BF076FCA14B002204460D461CF0AEF837
:108F600078B19E4F00262046294632463B461BF0EC
:108F700067FC32463B4604460D461CF09FF800282D
:108F8000F1D100220023204629461CF083F898B135
:108F9000924F00264FF000084FF000092046294666
:108FA00032463B461BF04EFC42464B4604460D46BD
:108FB0001CF070F80028F1D1884B20462946002289
:108FC0001BF020FF7EA3D3E900231BF0F1FD1CF072
:108FD0009FF872B6CAF8000062B672B6DAF80020DE
:108FE000DAF80030CAE9042362B6C2E57C480AF028
:108FF0009DFD002800F03D8394F844510022002399
:109000002D2DCDE9062300F05383A5F12B05B5FAEC
:1090100085F56D0905F2491005F5A27620441EF08C
:10902000CFFF012840F2F181254495F84A31A3F1A0
:109030003A03B3FA83F35B090022A11906A810F0E2
:1090400035FA8346002800F0B98094F844312D2B7E
:1090500000F08B83DDE90654624B2846214600224E
:109060001CF018F8002840F07E835F4B574E2846CE
:10907000214600221CF02CF800283ED12A46234627
:1090800021463478C6E9042328461CF089F804EB0D
:10909000440404EBC40404F10E08C7B2054640467C
:1090A00014F0CAFC874203D03946404614F0DEFC77
:1090B00004F10F08404614F0BFFCC5F307278742B0
:1090C00003D03946404614F0D1FC04F11008404664
:1090D00014F0B2FCC5F30747874203D03946404637
:1090E00014F0C4FC1134204614F0A6FC2D0E854269
:1090F00003D02946204614F0B9FCD6E90423DFF852
:10910000D0A0CAE90E23FFF7E3F8334B04460D461F
:109110000022DAE90E011BF075FE02460B462046DE
:1091200029461BF08DFB2D4B002204460D461BF0FB
:10913000C5FF78B1294F00262046294632463B46D6
:109140001BF07EFB32463B4604460D461BF0B6FF45
:109150000028F1D100220023204629461BF09AFF67
:1091600098B1DFF878904FF00008002600272046DD
:10917000294642464B461BF065FB32463B460446B9
:109180000D461BF087FF0028F1D1144B20462946DD
:1091900000221BF037FE0AA3D3E900231BF008FDD1
:1091A0001BF0B6FF72B6CAF8000062B672B6DAF803
:1091B0000020DAF80030CAE9042362B6584602E516
:1091C00000000000C07A60413C91FF1FD892FF1F51
:1091D0005891FF1F0000614500002E4000003840FC
:1091E0002093FF1F008076C00080764094F84441B1
:1091F000002C3FF467ACBE481EF0E2FE01283FF6AB
:1092000061AC4E2C00F0E682452C00F0EA82572C2F
:109210007FF458ACB7480AF0B1FC002840F0F18266
:10922000B5490022D1E9020100231BF047FF0028C5
:1092300014BF02220122AF4B012083F8C024C2E4F4
:10924000AC480AF073FC002800F01A81AB481EF00D
:10925000B7FE012840F2D78094F84A31A3F13A03CF
:10926000B3FA83F35B09A249012206A810F01EF9A4
:109270000546002843D12846A5E494F85E319C4970
:109280009F48002228E594F844419948003C18BFC3
:1092900001241EF095FE06A90546954810F0E6FB50
:1092A000069B03F11E023C2A8CBF002404F001043B
:1092B0000440032D8CBF002404F00104002C40F076
:1092C000E2812046F8F7BEFE46E494F844314C2B88
:1092D00000F09D808B4D94F85E218549284610F062
:1092E000A7F8044600283FF4BAADD5E90001864B43
:1092F00000221BF05DFCC5E90001204663E4DDE9C6
:109300000689824B0022404649461BF0C3FE0028D6
:1093100059D17F4B0022404649461BF0D9FE002818
:1093200051D1754E3478C6E90289494640461BF052
:1093300037FF04EB440404EBC40404F10A095FFAA8
:1093400080F80746484614F077FB804503D0414635
:10935000484614F08BFB04F10B09484614F06CFBF3
:10936000C7F30728804503D04146484614F07EFBEA
:1093700004F10C09484614F05FFBC7F30748804529
:1093800003D04146484614F071FB0D34204614F0DA
:1093900053FB3F0E874203D03946204614F066FB4C
:1093A00051A3D3E90023D6E902011BF02BFD80462F
:1093B000894617F08BFEC6E90C014046494617F076
:1093C00011FFC6E90E0105F0E5FB524808F03AFE30
:1093D000484806F0B1FE012004F096FC45480AF02A
:1093E000A5FB002840F0F28142480AF097FB0028D4
:1093F0003FF441AF3F4806F07FFE2846FFF7E3BB4E
:109400000020FFF7A7BB00232DE7002314E6424806
:1094100006A91DF0B1FE0022002306460F461BF0F0
:109420004DFE00283FF41AAD3C4B00223046394631
:109430001BF03AFE00283FF411AD324B0124C3E982
:1094400000672046FFF7BFBB334806A91DF094FE16
:109450002E4B002204460D461BF030FE00283FF440
:10946000B2AB2B4B0022204629461BF01DFE0028E4
:109470003FF4A9AB234B012043E90245FFF7A3BB0F
:109480001C480AF04BFB054600287FF4DFAE284657
:10949000FFF799BB069EB7B207F1C80242F2080176
:1094A00092B28A4200F24B81134A1478168304EB7D
:1094B000440404EBC40404F11208404614F0BCFA5E
:1094C000F6B2864203D03146404614F0CFFA133448
:1094D000204614F0B1FA390A81423FF4E7AB204646
:1094E00014F0C4FAFFF7E2BB00000020DCA54C40FA
:1094F0003C91FF1F2093FF1FD892FF1F4191FF1F38
:10950000F097FF1F0098FF1F00002E40008056C0FC
:10951000008056404894FF1F3D91FF1F0080764019
:10952000BF4E06A930461DF027FE069BB34280467B
:109530000F463FF494ACBB4B00221BF0BFFD00284C
:1095400000F0BC80B84B4046394600221BF0A2FD1B
:10955000002800F0B380AEA3D3E90023404627F0F3
:1095600000411BF097FD002840F0B380AF4B002274
:10957000404639461BF046FCA7A3D3E900231BF065
:1095800041FC012405F5A263C3E900012046FFF771
:109590001ABBDDE90487039EDFF894A20DF094F86E
:1095A00005460DF0A9F804460DF0BEF803468DF807
:1095B0001830A04B8DF81A50D3E904234E3606A874
:1095C000CAE90E238DF819408DF81D808DF81C70A6
:1095D0008DF81E600CF0ACFF05460C4614F0B2FD91
:1095E000284621460DF002F9FEF772FE924B044622
:1095F0000D460022DAE90E011BF004FC02460B4680
:10960000204629461BF01CF98C4B002204460D46CF
:109610001BF054FD78B1894F00262046294632467A
:109620003B461BF00DF932463B4604460D461BF007
:1096300045FD0028F1D100220023204629461BF0D9
:1096400029FD00283FF4B8AC7C4F00264FF00008FD
:109650004FF000092046294632463B461BF0F2F8FF
:1096600042464B4604460D461BF014FD0028F1D13E
:10967000A2E473480AF052FA834600287FF4BCAC97
:109680005846FFF7A0BA6E4D2120C5F8283104F0E6
:109690000FF995F82851064614F0CEF985F08005AB
:1096A00085423FF40EAE2946304614F0DFF908E655
:1096B00040F245164FF4A5700125AFE454A3D3E959
:1096C0000023404627F000411BF0E4FC00283FF453
:1096D000C6AB0023012485F80A352046FFF773BA8C
:1096E000584D594CDFF86481DFF864A1312016F041
:1096F000C5FE142014F014FE40F2EE292E6805E099
:10970000B3F5FA6F3FF650AA16F03AFF16F038FF9D
:10971000237853B198F80030DB0706D52B68DAF8C8
:1097200000209B1A0E2B3FF63FAA2B6822789B1B2A
:10973000002AE5D14B45E7D93846FFF744BA002562
:10974000FFF7B4BA05F5947008F0BCFC304604F09D
:10975000AFF8A4F13001C9B214F088F9012085F8FE
:10976000C006FFF730BA334EC7E4DDE9065404F112
:1097700000442A462346CDE906236DE420462946C7
:109780001BF00EFD334904461CF010F800287FF44E
:109790005BAB314920461CF013F800287FF454AB32
:1097A000244D2D49EC6220461BF050FD2B491BF047
:1097B00055FE1CF02FF82A7814231B24C1B204FB99
:1097C000023014F053F90120FFF7C4B91C4806F029
:1097D000AFFC09E61A4B0022012083F8C024FFF7F2
:1097E000F2B917480AF0CAF968B912490022D1E95A
:1097F000020100231BF062FC002814BF0122022298
:1098000019E5022217E5012215E500BFAFF300803C
:10981000000000A09999B93F000000E0360BF03F2E
:109820003C91FF1F00003E400080564000004E402B
:109830005891FF1FD892FF1F00002E4000003840B3
:109840002093FF1FDC9FFF1F78A2FF1F9CA2FF1F1A
:10985000A0A2FF1F000040C10000404100002041C5
:109860002DE9F0412C4CA4F5A37882B0054646467C
:1098700008F5AB7714F8010F1DF0FAFDD0B3A7423D
:10988000F8D198F85731ABBB0DF1FF300DF1070758
:1098900022E0A3F14102052A94BFA3F137024FF061
:1098A000FF3296F84811A1F13003DCB2092C09D936
:1098B000A1F16103052B22D9A1F14103052B19D890
:1098C000A1F13703511C15D043EA021300F8013F00
:1098D000874206F1020615D096F84731A3F130020F
:1098E000D1B20929DDD9A3F16102052AD1D8A3F1AA
:1098F0005702D6E70023184602B0BDE8F081A1F177
:109900005703DFE702AB13E90300012385E80300F7
:10991000184602B0BDE8F0813E91FF1FFFFFFFFF38
:109920002DE9F04F87B014F007FC002104460CF03D
:10993000E7FD0021064620460CF074FD0021054697
:1099400020460CF0C7FD6B1E012B98BF06F1FF36B9
:109950008046304698BF0C351BF02CFDD649064694
:109960001BF030FE17F0F6FFD449074630461BF0D7
:1099700029FE17F0EFFFD249034630461E461BF082
:109980006DFD17F0E7FF814628461BF013FD4FF0F1
:109990007E511BF05BFCCB491BF060FD17F0DAFF3A
:1099A000394605464FF080401BF04EFC31461BF017
:1099B0004DFC1BF0A5F8064648460F461BF0A0F8E4
:1099C00002460B46304639461AF03CFF064628460A
:1099D0000F461BF095F802460B46304639461AF002
:1099E00031FF064640460F461BF078F802460B460C
:1099F000304639461AF026FF99A3D3E900231AF01E
:109A000021FF82468B46204600210CF04DFD0021AF
:109A1000064620460CF01CFD1BF0CCFCAA491BF0AE
:109A2000D1FD054630461BF0C5FC014628461BF01B
:109A30000DFC0021034620461C460CF01FFD1BF0C8
:109A4000B9FCA2491BF0BEFD21461BF0FFFB1BF039
:109A500057F89F4BCDE900010022504659461AF0B5
:109A6000F1FE17F0A9FE80A3D3E9002304460D46BA
:109A70001BF02EFB58B37EA3D3E9002320462946D2
:109A80001AF0DEFE7CA3D3E900231BF0BBF91BF028
:109A90003FFB1BF023F88F4B002206460F461BF0BE
:109AA00087F817F089FE02460B46204629461446E1
:109AB0001D460022884B1AF0C5FE32463B461AF07E
:109AC000C1FE22462B461AF0BBFE04460D466CA38F
:109AD000D3E90023204629461AF0B4FE6AA3D3E94D
:109AE000002304460D461AF0ABFE69A3D3E9002318
:109AF0001BF088F917F060FE02460B46CDE9022301
:109B000063A3D3E900231BF053F817F055FE024678
:109B10000B46204629461AF093FE5FA3D3E90023A3
:109B2000804689461BF06EF917F046FE5AA3D3E92A
:109B3000002304460D461BF03BF817F03DFE0022C3
:109B400006460F460023404649461AF07BFE324641
:109B50003B461AF075FE17F02FFE1BF0D9FA5F4B4B
:109B600006460022204629461BF094FA002800F001
:109B70001482594B2046002229461AF061FE1BF040
:109B8000C7FA044620461BF015FC554980461BF0D9
:109B900021FE002800F0F68141A3D3E90023DDE98E
:109BA00002011AF04DFE1BF0B3FA0546631E012BAD
:109BB00005D804F10C001BF0FDFB013D8046284652
:109BC0001BF0F8FB3C4904461BF0FCFC17F0C2FEFE
:109BD0003A49074620461BF0F5FC17F0BBFE384912
:109BE000054620461BF03AFC17F0B4FE4FF07E51BC
:109BF000044640461BF02AFB32491BF02FFC17F0AD
:109C0000A9FE034659465046059327A3D3E90023EE
:109C10001AF016FE334B804689460022DDE900012A
:109C20001BF0F0F802460B46404649461AF00AFE81
:109C30001FA3D3E9002382468B461BF0E3F80246BC
:109C40000B464FF080403946CDE902231BF0FCFA69
:109C500029461BF0FBFA1AF053FF804644E000BF90
:109C600000000080A2423A41000000008C8A41417D
:109C700000000040D07D3C410000000088D5E1405C
:109C80000000000000D097400000006066865E4043
:109C90000000000000D4764000000020A0993E4063
:109CA00000000000006CB240000000802CB4424173
:109CB00000000000A0D5E1400000C8420000C843F9
:109CC00000A0B64301CDF4410000704200006145A0
:109CD0000000E03F0000D03F0000F03F00002B40BC
:109CE0000000204000003840204689461AF008FF56
:109CF00002460B46404649461AF0A4FD0446059824
:109D00000D461AF0FDFE02460B46204629461AF083
:109D100099FD044630460D461AF0E0FE02460B4619
:109D2000204629461AF08EFDA1A3D3E900231AF09C
:109D300089FDA1A3D3E900231AF082FDA0A3D3E9F2
:109D400000231AF035FFA0A3D3E900231AF07AFD0F
:109D5000B74B0022804689461BF0B0F978B1B44D6C
:109D6000002422462B46404649461AF069FD224609
:109D70002B46804689461BF0A1F90028F1D100222C
:109D80000023404649461BF085F988B1A84F0026BC
:109D9000002400254046494632463B461AF052FD13
:109DA00022462B46804689461BF074F90028F1D1E3
:109DB00087A3D3E90023DDE900011AF0F9FE42464A
:109DC0004B461AF03FFDDDE9026783A3D3E9002388
:109DD00004460D46304639461AF0EAFE32463B4606
:109DE0001AF0E6FE02460B46204629461AF02AFDE6
:109DF0008F4B0022804689461BF060F978B18C4D6C
:109E0000002422462B46404649461AF019FD2246B8
:109E10002B46804689461BF051F90028F1D10022DB
:109E20000023404649461BF035F988B1804F002693
:109E30000024002532463B46404649461AF002FDC2
:109E400022462B46804689461BF024F90028F1D192
:109E500063A3D3E90023504659461AF0A9FE0246EF
:109E60000B4661A1D1E900011AF0EAFC60A3D3E935
:109E700000231AF0C7FF17F0B5F95FA3D3E9002359
:109E800004460D46504659461AF092FE5CA3D3E9AB
:109E900000231AF0D7FC02460B461AF0D3FC54A359
:109EA000D3E900231AF0AEFF17F09CF956A3D3E9CB
:109EB000002306460F46504659461AF079FE0246E0
:109EC0000B4653A1D1E900011AF0BAFC48A3D3E92B
:109ED00000231AF097FF17F0F9F84FA3D3E90023F6
:109EE00082468B46204629461AF062FE4CA3D3E9EF
:109EF000002304460D46304639461AF059FE024604
:109F00000B46204629461AF09BFC52465B461AF047
:109F10004FFE42464B461AF095FC454B00228046C8
:109F200089461BF0CBF878B1414D002422462B46E0
:109F3000404649461AF084FC22462B468046894614
:109F40001BF0BCF80028F1D100220023404649460E
:109F50001BF0A0F888B1364F0026002400253246B9
:109F60003B46404649461AF06DFC22462B46804649
:109F700089461BF08FF80028F1D14046494607B0CA
:109F8000BDE8F08F28A3D3E90023DDE902011AF030
:109F900057FC1BF0BDF8054608E6264B204600227C
:109FA00029461AF04DFC1BF0B3F80446EAE500BF61
:109FB00000000080A2423A41000000802CB44241DF
:109FC000000000E05BD2B03F000000801CCA1A40D5
:109FD000000000E0360BF03F000000605243FB3E03
:109FE00000000060C91CAB3F000000608F425F4072
:109FF00000000020DCA54C40000000E0718AEF3F2B
:10A000000000002085877140000000A0F2D79A3E32
:10A010000000000076703740000000A0EEE734BF7B
:10A0200000000080732AF93E00000000006BB2407F
:10A030000000384000002A402DE9F04FB44C94F85D
:10A040004431413B89B0312B3ED8DFE813F050005A
:10A050003D003D003D0081003D003D003D003D00D4
:10A060003D009E00C800FF003D0069013D003D002D
:10A0700089013D0032003D003D003D003D003D00B6
:10A080003D003D003D003D003D003D003D003D00E8
:10A090003D003D003D003D003D003D003D003D00D8
:10A0A0003D003D003D003D003D003D003D003D00C8
:10A0B000420094F84531312B01F0CE80322B01F073
:10A0C0005D81302B00F0268209B0BDE8F04FF7F734
:10A0D000C5BF94F84731792B01F0E8816E2B01F070
:10A0E0008F82002009B0BDE8F04FF7F7ABBF94F8BE
:10A0F0004531432B01F0B081633BDAB2102AF0D82E
:10A10000102BEED801A252F823F000BF39A50000B1
:10A11000E3A00000E3A00000E3A00000E3A0000033
:10A12000E3A0000039A50000E3A00000E3A00000C8
:10A13000E3A00000E3A00000E3A00000E3A0000013
:10A1400039A50000E3A00000E3A000009DA60000E8
:10A1500094F84531502B01F0EB8100F2AE81452B94
:10A1600000F04B854F2BAFD16A4806A90FF096FC43
:10A17000044620B1069B072B41F20C8300242046A5
:10A18000F7F760FF09B0BDE8F08F94F84531613B07
:10A19000DBB2192BA5D86048012505FA03F210405F
:10A1A000002841F000800A2B9CD194F846312C2BDA
:10A1B00097D194F84731A3F13002012A91D894F84D
:10A1C0004821002A8DD1A3F13103544AB3FA83F315
:10A1D0005B0982F8983403F05FFC284682E794F824
:10A1E0004531413B162B3FF66FAF01A252F823F0E9
:10A1F00009AB00007DAA0000F1A900002FA9000012
:10A20000FBA80000C9A00000C9A00000B5A800007C
:10A21000C9A00000C9A00000C9A00000C9A000009A
:10A22000C9A00000C9A000007BA80000C9A00000D0
:10A23000C9A000006FA8000031A80000C9A000005C
:10A2400095AB0000C9A00000C5A7000094F84531F7
:10A25000423B2B2B3FF638AF01A252F823F000BF50
:10A2600057AC000021A70000C9A00000FBAB000014
:10A27000ADAD0000C5AC0000C9A00000C9A0000041
:10A28000C9A00000C9A00000C9A000009FAE000046
:10A29000C9A00000C9A00000C9A00000C9A000001A
:10A2A00049AE0000C3AE0000C9A00000C9A0000074
:10A2B000C9A00000C9A00000C9A00000C9A00000FA
:10A2C000C9A00000C9A00000C9A00000C9A00000EA
:10A2D000C9A00000C9A00000C9A00000C9A00000DA
:10A2E00003AE000021A70000C9A00000C9A0000023
:10A2F000C9A00000C9A00000C9A00000C9A00000BA
:10A30000C9A00000C9A00000C9A0000005AC000061
:10A31000F88FFF1F3F91FF1F058000022093FF1F52
:10A3200094F84531492B01F0A98000F2A980A3F1EE
:10A330004102022A3FF6C8AE412B00F0C281B3F1C0
:10A34000420418BF0124CE481DF03AFE0F2894BFE6
:10A350004FF001084FF0000840F2B6814046C1E6D8
:10A3600094F84561A6F13004422C3FF6ADAE01A34E
:10A3700053F824F0F9A50000F9A50000F9A50000A4
:10A38000F9A50000C9A00000C9A00000C9A00000F4
:10A39000C9A00000C9A00000C9A00000C9A0000019
:10A3A000C9A00000C9A00000C9A00000C9A0000009
:10A3B000C9A00000C9A00000A1B00000C9A0000011
:10A3C000C9A000001FB10000C9A00000C9A0000082
:10A3D000C9A00000C9A00000C9A00000C9A00000D9
:10A3E000C9A00000C9A00000C9A00000C9A00000C9
:10A3F000C9A00000C9A00000C9A00000C9A00000B9
:10A40000C9A00000C9A00000C9A00000C9A00000A8
:10A41000C9A0000057B00000C9A00000C9A00000FA
:10A42000C9A00000C9A00000C9A00000C9A0000088
:10A43000C9A00000C9A00000C9A00000C9A0000078
:10A44000C9A00000E5AF00009BAF00001FAF0000F7
:10A45000C9A00000E9AE0000C9A00000C9A000002A
:10A46000C9A00000C9A00000C9A00000C9A0000048
:10A47000C9A00000C9A00000C9A000001DB00000D4
:10A48000532B7FF421AE7E4806A90FF007FB069BF5
:10A49000132B8CBF002400F00104002C3FF46FAE9E
:10A4A000784DAA6893423FF46AAE4120AB6003F056
:10A4B000FFF9297A13F0DAFA61E6722B7FF404AE21
:10A4C00094F84631522B00F09683442B7FF409AE6A
:10A4D0006D4E6E481DF074FD012805467FF401AEF7
:10A4E00094F84831A3F13002012A3FF6FAAD7268C0
:10A4F000917A00297FF4F5ADA3F131004342434145
:10A50000B06B537203F0D4F97368597A13F0AEFA52
:10A510002846E7E55E4B00930122019205AB04AAB1
:10A5200003A902A80EF0BAFE8346002841F0A680D7
:10A530005846F7F787FD25E6514800211CF01CFE20
:10A5400049A3D3E900230E4621F0004107461AF043
:10A55000BFFD00287FF4C5AD4A4DD5E9A2011AF030
:10A560001FFE8046D5E9A4011AF01AFE8146D5E9FE
:10A57000A6011AF015FE0346314638461E463CA396
:10A58000D3E900231AF014FB3BA3D3E900231AF00C
:10A5900039FC94F84531632B01F0EC80702B01F00D
:10A5A00005811AF0FDFD064640461AF0A9FAC5E9F4
:10A5B000A20148461AF0A4FAC5E9A40130461AF0EF
:10A5C0009FFAC5E9A601002140461BF0DBF80028F0
:10A5D00001F05180002148461BF0D4F8002801F01A
:10A5E0004A80002130461BF0CDF8B0FA80F35B09B9
:10A5F00085F89034012075E5224D95F84815C9B2CB
:10A6000000290CBF4FF001084FF000087FF4A6AE00
:10A610001B480A221CF05EFE431EFE2B074601F279
:10A620002482A6F11A0003F043F9F9B213F01EFADE
:10A63000002C41F0C98038461AF050FA154B164EDE
:10A6400000221AF0DFFBC6E9000195F878359C423C
:10A650007FF484AE0B480022214609F0A1FD40465C
:10A6600040E500BFAFF30080000000000094D1403F
:10A67000000000A046DF913F000000000020AC4039
:10A680003F91FF1F2093FF1F2487FF1F4091FF1F53
:10A690003E91FF1F000059407098FF1FC7481DF0F2
:10A6A0008FFC0F2828BF0F2004462246C349C44808
:10A6B00013F00AFAC34B23440022012083F87F24BD
:10A6C00010E5C14B1C783EE6C04BBC49C4EB0417F7
:10A6D0001F440F22384613F0F7F921468D2003F06E
:10A6E000F1F8814638461DF06BFC0E283FF636AE79
:10A6F0007E1E344616F801AFF51B4D44284613F074
:10A700009BF982455146284601D013F0AFF93846EF
:10A710001DF056FC0234E41BA042EADA4046E1E4B4
:10A720000A22AB4800211CF081FEAA4BA3FB0023A8
:10A730005B09642202FB03F3632B7FF6C5AC94F83C
:10A740004621522A01F08181442A7FF4CAACA24DED
:10A75000296891F82C20013AD2B2032A3FF6C1AC05
:10A760009E4E56F8222093423FF6BBAC94F845210A
:10A77000432A01F09D8191F82020002A7FF4B1AC9A
:10A78000A86ACB6103F094F82A686423D169B1FB0D
:10A79000F3F1C9B213F06AF92C6894F92C305A1EFF
:10A7A000D2B2032A42D8E16956F82220023B9142F4
:10A7B00028BF1146022B01F29481DFE813F0E30475
:10A7C000D204C2047D487F4D0A2200211CF082FD84
:10A7D000B428034600F3C6876FF0B3029042C5F871
:10A7E0003401B8BF13463520C5F8343103F060F8A2
:10A7F0000446D5F834011AF0DDFD79491AF02EFE31
:10A8000078491AF0DFFE17F0E7F84FF086411AF0AA
:10A810001DFD1BF025F80546204613F00DF9EDB29D
:10A82000854203D02946204613F020F9012059E43F
:10A83000624806A90FF01AF9044600283FF49FACBD
:10A84000069BB52B3FF69AAC5E4D3720C5F84031DC
:10A8500003F02EF895F84061054613F0EDF88642B6
:10A860003FF48DAC3146284613F000F987E45E488A
:10A8700009B0BDE8F04F07F01FBC504806A90FF023
:10A88000F5F8044600283FF47AAC069BA3F12D02AC
:10A890002E2A3FF673AC4B4D2220C5F82C3103F025
:10A8A00007F895F82C61054613F0C6F886423FF488
:10A8B00066ACD7E7414806A90FF0D8F8044600284F
:10A8C0003FF45DAC069B03F11E023C2A3FF656ACFA
:10A8D0003C4D2120C5F8283102F0EAFF95F82851B7
:10A8E000064613F0A9F885F0800585423FF447AC91
:10A8F0002946304613F0BAF841E43048314D0A2277
:10A9000000211CF0E7FCB428034600F32E876FF00B
:10A91000B3029042C5F83001B8BF13463420C5F8E1
:10A92000303102F0C5FF0446D5F8300163E70A2252
:10A93000002122481CF0CEFC06461AF03BFD214BBC
:10A940002A490446D3F85C071AF088FD01462046E0
:10A950001AF02CFF00283FF4C4AB282002F0A8FF17
:10A96000044613F069F80546601C13F065F8EDB273
:10A9700060F30F252DB2AE427FF7B3AB2A2002F071
:10A9800097FF054613F058F8F7B2874236B203D066
:10A990003946284613F06AF80135284613F04CF87A
:10A9A000C6F30721814202D0284613F05FF80E4813
:10A9B00007F0A0FB0120FFF795BB00BF3F91FF1FF1
:10A9C0009F97FF1F2093FF1F1893FF1F3793FF1FB1
:10A9D0004091FF1F1F85EB512487FF1F94E7020062
:10A9E00000007041000070424894FF1F00002041A9
:10A9F0000A220021A9481CF06DFC06461AF0DAFC78
:10AA0000A74BA8490446D3F858071AF027FD01467A
:10AA100020461AF0D5FE00283FF463AB2A2002F04E
:10AA200047FF044613F008F80546601C13F004F8CD
:10AA3000EDB260F30F252DB2AE42BFF652AB282027
:10AA400002F036FF054612F0F7FFF7B2874236B242
:10AA500003D03946284613F009F80135284612F08C
:10AA6000EBFFC6F30721814202D0284612F0FEFF19
:10AA70008D4807F039FB0120FFF734BB0A22002183
:10AA800086481CF027FC06461AF094FC844B854946
:10AA90000446D3F80C071AF0E1FC014620461AF0F0
:10AAA00085FE00283FF41DAB242002F001FF044680
:10AAB00012F0C2FF0546601C12F0BEFFEDB260F35B
:10AAC0000F252DB2AE427FF70CAB262002F0F0FE30
:10AAD000054612F0B1FFF7B2874236B203D03946CD
:10AAE000284612F0C3FF0135284612F0A5FFC6F331
:10AAF0000721814202D0284612F0B8FF6A4807F0C9
:10AB0000EDFA0120FFF7EEBA0A22002163481CF09B
:10AB1000E1FB06461AF04EFC614B62490446D3F84D
:10AB200008071AF09BFC014620461AF049FE00284F
:10AB30003FF4D7AA262002F0BBFE044612F07CFFA9
:10AB40000546601C12F078FFEDB260F30F252DB2C0
:10AB5000AE42BFF6C6AA242002F0AAFE054612F0B5
:10AB60006BFFF7B2874236B203D03946284612F05F
:10AB70007DFF0135284612F05FFFC6F307218142B1
:10AB800002D0284612F072FF474807F0A1FA0120D0
:10AB9000FFF7A8BA0A2200214048414D1CF09AFB59
:10ABA00019F09CFF414B00221AF02CF9404B002277
:10ABB00006460F461AF08CFA002840F0E085C5E9F9
:10ABC0004E673C4B0022304639461AF063FA08B112
:10ABD000384F0026C5E94E67362002F069FE334B38
:10ABE00000220446D5E94E0119F0E2FF16F068FE96
:10ABF0001AF0B6FA0FE6304E6BE409B0BDE8F04F3C
:10AC0000F7F702BA94F84631522B00F0D485442B62
:10AC10007FF4B4AA294D2A481DF0D2F901287FF407
:10AC2000ADAA274806A90EF021FF044600283FF4EC
:10AC3000A5AA069B012B3FF6A1AA2B689B7C002BA3
:10AC40007FF49CAA286A02F033FE9DF8181012F0D7
:10AC50000DFFFFF794BA124808F070FF06A90546E9
:10AC600017480EF003FF069A85F00103B2F57A7FCC
:10AC70002CBF002000F0010010EA030608D094F871
:10AC80004631522B00F00487442B00F0AB8600269F
:10AC90003046F7F7D7F9FFF775BA00BF3F91FF1FAE
:10ACA0002093FF1F000020414894FF1F0000244014
:10ACB00000002840000022406087FF1F2487FF1FFC
:10ACC0004091FF1FC24808F039FF00287FF409AA0D
:10ACD00094F84631522B00F0D886442B7FF401AA19
:10ACE000BC4EBD481DF06CF9831E082B3FF6F9A938
:10ACF000B9480A2200211CF099FB35682B790446DB
:10AD0000002B7FF4EEA919F0D9FE80462868894609
:10AD100019F0D4FE02460B46404649461AF072F836
:10AD20008046894672B6B568286919F0D7FE424652
:10AD30004B4619F03DFF1AF0EBF9286162B6336813
:10AD400030691C6002F0B4FD054612F075FEE6B2F3
:10AD5000864203D03146284612F088FE6E1C3046EB
:10AD600012F06AFEC4F30721814202D0304612F08D
:10AD70007DFEAE1C304612F05FFEC4F307418142F7
:10AD800002D0304612F072FE0335284612F054FE0F
:10AD9000210E814202D0284612F068FE01228C4822
:10ADA000114609F099FE0120FFF79CB994F846314D
:10ADB000522B00F00685442B7FF4E0A9854D864890
:10ADC0001DF0FEF8831E022B3FF6D8A9824806A983
:10ADD0000EF04CFE044600283FF4D0A906997F29C6
:10ADE0003FF6CCA92B6893F92C204039012A069113
:10ADF0007FF4C5A9186B0022C9B20FF093FAFFF7D0
:10AE0000BEB9734808F09AFE06A9054672480EF0CE
:10AE10002DFE069AA2F1100185F0010330298CBFA6
:10AE2000002000F0010010EA030508D094F8463134
:10AE3000522B00F02886442B00F0D18400252846B0
:10AE4000F7F700F9FFF79EB994F84631522B00F05E
:10AE5000B584442B7FF445A95E4E5F481DF0B0F8E1
:10AE6000012805467FF43DA994F84831A3F130024A
:10AE7000012A3FF636A93268117C00297FF431A9F6
:10AE8000A3F131014B424B41F069D37302F010FD45
:10AE90003368D97B12F0EAFD2846FFF723B94C4806
:10AEA00008F04CFE054638B994F84631522B00F0B4
:10AEB000F385442B00F0CC8406A947480EF0D6FD5C
:10AEC000BCE7434808F03AFE054638B994F84631E5
:10AED000522B00F0DF85442B00F02E853E4806A95A
:10AEE0000EF0DCFD0025AAE7394C3C4803230A227A
:10AEF000002184F80B351CF0EDF919F0EFFD32A3B9
:10AF0000D3E9002319F07EFF04F5A263C3E9000131
:10AF10002046012109F0AEF80120FFF7E3B80A222C
:10AF200000212E482A4D1CF0D5F92D4900F5434249
:10AF300050328A4294BF034600233020C5F824359E
:10AF400002F0B6FCD5F82455044612F075FDEEB2B9
:10AF5000864203D03146204612F088FD661C3046FA
:10AF600012F06AFDC5F30721814202D0304612F08B
:10AF70007DFDA61C304612F05FFDC5F307418142FE
:10AF800002D0304612F072FD0334204612F054FD18
:10AF9000290E81423FF44AAC45E40A2200210F48C1
:10AFA0000B4D1CF097F90E4900F5434250328A428E
:10AFB00094BF034600232C20C5F8203502F078FC0E
:10AFC000D5F82055C0E700BF000000000088C3404E
:10AFD0002093FF1F2487FF1F4091FF1F3F91FF1FFA
:10AFE000A0860100944D95F90835022B7FF479A8CD
:10AFF00006A8FEF735FC002800F02A85DDE90623C7
:10B000008E48032440E902230121A0F5A46085F8BD
:10B010000B4509F02FF80120FFF764B806A8FEF7EA
:10B020001FFC002800F0AF83DDE90623824C0321DA
:10B0300084F80B150020824919F002FC04F5A26582
:10B0400002460B4620460121C5E9002309F012F80B
:10B050000120FFF747B81A2002F02AFC0A22044612
:10B06000002178481CF036F903462046DDB29EB236
:10B0700012F0E2FC854203D02946204612F0F6FC8D
:10B080000134204612F0D8FC310A814202D0204619
:10B0900012F0ECFC684809F04FFA0120FFF722B8E3
:10B0A0000A22002167481CF015F919F017FD58A372
:10B0B000D3E9002319F07CFD55A3D3E9002304460E
:10B0C0000D4619F0FBFF002800F048835E4B00227C
:10B0D0002046294619F0DEFF08B95B4D00245B4E7F
:10B0E0001D2046E9024502F0E3FB594B00220446CD
:10B0F00056E9020119F05CFD1AF032F805462046C7
:10B1000012F09AFCEDB2854203D02946204612F097
:10B11000ADFC494809F02AFA0120FEF7E3BF0A22F4
:10B12000002148481CF0D6F80528044628BF03240F
:10B130001C2002F0BDFBE1B212F098FC0120FEF7EA
:10B14000D1BF084619F0BAFC33A3D3E9002319F0A4
:10B1500059FE1AF005F881B2E06B0FF07DFFFFF7A2
:10B1600065BB084619F0AAFC2BA3D3E9002319F00C
:10B1700049FE19F0F5FF81B2A06B0FF06DFE0120C2
:10B18000FEF7B0BF084619F099FC23A3D3E90023CA
:10B1900019F038FE19F0E4FF81B2606B0FF0DCFFAC
:10B1A0000120FEF79FBF94F846312C2B7EF499AF17
:10B1B000244800211BF0E0FF19A3D3E900230D462A
:10B1C00021F00041064619F083FF00287EF489AF84
:10B1D00015A3D3E900233046294619F0E9FC14A34E
:10B1E000D3E9002319F00EFE94F845317A2B00F0D4
:10B1F0003784612B00F05284632B00F05484154B8C
:10B2000043E9020102F048FC0120FEF76BBF00BFDA
:10B21000000000A09999B93FCD3B7F669EA0F63F04
:10B22000000000000094D140000000A046DF913FE4
:10B23000000000000020AC402093FF1F4098FF1F3B
:10B240000000F03F3F91FF1F000039401099FF1FA1
:10B2500000002440E097FF1FAD4B05AA04A903A8F6
:10B260000EF08CFB834600283FF462A9DDE90487D9
:10B27000039EDFF8A0A20BF027FA05460BF03CFA7C
:10B2800004460BF051FA03468DF81830A24B8DF8A6
:10B290001A50D3E904234E3606A8CAE90E238DF8C6
:10B2A00019408DF81D808DF81C708DF81E600BF014
:10B2B0003FF905460C4612F045FF284621460BF0A3
:10B2C00095FAFEF72DFB954B04460D460022DAE970
:10B2D0000E0119F097FD02460B462046294619F04B
:10B2E000AFFA8F4B002204460D4619F0E7FE78B105
:10B2F0008B4F00262046294632463B4619F0A0FADD
:10B3000032463B4604460D4619F0D8FE0028F1D1DE
:10B31000002200232046294619F0BCFE98B1804F38
:10B3200000264FF000084FF000092046294632461B
:10B330003B4619F087FA42464B4604460D4619F043
:10B34000A9FE0028F1D1764B20462946002219F0AB
:10B3500059FD6DA3D3E9002319F02AFC19F0D8FE9A
:10B3600072B6CAF8000062B672B6DAF80020DAF8EF
:10B370000030CAE9042362B6FFF7DAB80A2206A948
:10B380006848DFF890A11CF051F8044612F0DAFE8C
:10B39000204600210BF02AFAFEF7C2FA5F4B044662
:10B3A0000D460022DAE90E0119F02CFD02460B468B
:10B3B0002046294619F044FA594B002204460D460E
:10B3C00019F07CFE78B1564F0026204629463246B9
:10B3D0003B4619F035FA32463B4604460D4619F015
:10B3E0006DFE0028F1D1002200232046294619F0E5
:10B3F00051FE98B1DFF828914FF000080026002791
:10B400002046294642464B4619F01CFA32463B4636
:10B4100004460D4619F03EFE0028F1D1404B0022B3
:10B420002046294619F0EEFC37A3D3E9002319F092
:10B43000BFFB19F06DFE72B6CAF8000062B672B6B4
:10B44000DAF80020DAF80030CAE9042362B60120F5
:10B45000F6F7F8FDFEF796BE334B002000210022E0
:10B460000024C3E9A201C3E9A401C3E9A60183F84A
:10B470009044C3F894240120FEF734BE294806A95D
:10B480000EF0F4FA044600283EF479AE069901293C
:10B490003EF674AE254BC9B20420197012F0E6FADC
:10B4A000214B012283F8C026FEF769BE012294F8E1
:10B4B0004531702B00F0B980742B00F0A380672B0E
:10B4C0007EF40FAE184B93F8151191423FF4AEA9DC
:10B4D00093F8161193F8144183F815210AB144F03A
:10B4E000020409B144F004040D2002F0E1F905461C
:10B4F00012F0A2FA84423FF499A92146284612F09C
:10B50000B5FAFFF793B900BF00000000C07A6041B0
:10B510003E91FF1F5891FF1FD892FF1F00002E4041
:10B52000000038403F91FF1F2093FF1F1893FF1F1B
:10B5300094F84631522B00F01B81442B7EF4D1ADA0
:10B54000B74D94F8480100283EF4CCADB5481CF046
:10B5500037FD06283EF6C5AD0A22B24806A91BF003
:10B5600065FFB14B421E9A4204463EF6BAAD6E6884
:10B57000337A002B7EF4B5AD19F018FFAB4919F002
:10B580006DFF19F0BDFAC6E90001686B02F090F991
:10B59000054612F051FAE6B2864203D031462846FB
:10B5A00012F064FA6E1C304612F046FAC4F307211A
:10B5B000814202D0304612F059FAAE1C304612F0E9
:10B5C0003BFAC4F30741814202D0304612F04EFAF2
:10B5D0000335284612F030FA210E814202D0284667
:10B5E00012F044FA924B93F8F80500287EF47AADF5
:10B5F00001221846114609F06FFA0120FEF772BDCC
:10B60000002254E78A4B93F8161191423FF40EA999
:10B6100093F8151193F8144183F8162109B144F0F9
:10B620000204002A3FF460AF5CE7814B93F81411E9
:10B6300091423FF4FBA893F8150193F8161183F893
:10B640001421144608B142F0020411B144F004027E
:10B65000D4B20D2002F02CF9054612F0EDF9844227
:10B6600003D02146284612F001FA012002F04CFBDB
:10B670000120FEF737BD0123FEF7BABF0BF09CF89F
:10B6800004460BF081F805460BF066F8029B8DF836
:10B690001A30684BDFF8A0A18DF81D5002468DF8D6
:10B6A0001C20D3E90423CAE90E23039B8DF819302B
:10B6B0004E34059B8DF8183006A88DF81E400AF010
:10B6C00037FF05460C4612F03DFD284621460BF09B
:10B6D0008DF8FEF725F9594B04460D460022DAE9AC
:10B6E0000E0119F08FFB02460B462046294619F041
:10B6F000A7F8534B002204460D4619F0DFFC78B141
:10B700004F4F00262046294632463B4619F098F80E
:10B7100032463B4604460D4619F0D0FC0028F1D1D4
:10B72000002200232046294619F0B4FC00283FF4EB
:10B730000AAE434F00264FF000084FF000092046A4
:10B74000294632463B4619F07DF842464B460446B0
:10B750000D4619F09FFC0028F1D1F4E52EA5D5E99E
:10B760000045BCE4B423FFF73EB8B423FFF7D6B8D6
:10B77000344DE6E619F014FD8046FEF715BF324F52
:10B780000026FFF727BA314805A91BF0F5FC024651
:10B790000B464BE4264D8C2085F87D3602F088F868
:10B7A00095F87D1612F062F9FEF7E9BC19F0F8FC85
:10B7B0008146FEF7F9BE234DFFF72DBA214EFFF764
:10B7C0004CBB204DFFF7FBBA384619F087F904F15E
:10B7D000AA0605EBC606C6E90001FEF736BF104C07
:10B7E0002368206B9A6202F063F8236893F82810AC
:10B7F00012F03CF92368A668986A19F06FF9D6E947
:10B800000E8902460B464046494619F0FBFAC6E946
:10B810001E01FFF714BB00BF000000A09999B93FBB
:10B820002487FF1F4091FF1F3F7E05000AD7233C5E
:10B830002093FF1FD892FF1F5891FF1F00002E403A
:10B84000000038406087FF1F000028403F91FF1F25
:10B85000A74FA8481CF0B4FB06A90446A5480EF063
:10B8600005F9069A511E07298CBF002300F0010339
:10B87000012C14BF002603F00106002E00F02E81DB
:10B880003B68997B00297FF4DAAA587B101A19F0DB
:10B8900025F902460B4600204FF0804115F0C0F913
:10B8A00004460D4672B6D7F80880D8F8100019F093
:10B8B00015F922462B4619F07BF919F029FCC8F836
:10B8C000100062B6069B3C68D8B2637319F006F9A3
:10B8D0000B4602464FF08041002015F0A1F919F007
:10B8E00017FC94F92C30013B0146032B07D8DFE805
:10B8F00003F01A1E1502E06B89B20FF0F1FBB86974
:10B9000001F0D6FF3B68597B12F0B0F87A4800226C
:10B910000121354609F0E0F8FFF791BAA06B89B232
:10B920000FF074FCEBE7206B0EF06CFDE7E7606B4B
:10B9300089B20FF06BFCE2E76D4F6E481CF040FBE4
:10B94000831E082B3FF6CAAA6A4806A90EF0A6F87D
:10B950000446002800F0BF803E68337B002B7FF454
:10B960006EAA069819F0AAF88046B068894619F0C0
:10B97000A5F802460B464046494619F043FA804670
:10B98000894672B6BD68286919F0A8F842464B4648
:10B9900019F00EF919F0BCFB286162B63B68069AF3
:10B9A00078699A6001F084FF069E054612F044F81B
:10B9B000B7B2F6B2864203D03146284612F056F8A6
:10B9C0000135284612F038F8390A814202D028465B
:10B9D00012F04CF801224848114609F07DF825463E
:10B9E000FFF72DBA424C2368E06A5A6201F060FF0B
:10B9F000236805465F6A12F01FF81FFA87F8FFB246
:10BA0000874203D03946284612F030F801352846DF
:10BA100012F012F84FEA1821814202D0284612F0A3
:10BA200025F82368E568586A19F058F8D5E906231F
:10BA300019F0BEF819F06CFBA4680023C4F880006C
:10BA4000636784F87030FFF723B92C4DFEF780BE92
:10BA50002B4805A91BF090FB02460B46FFF7D0BA16
:10BA6000284BC3E90001FFF7CDBB204619F036F89B
:10BA700002460B460020244915F0D2F819F048FB85
:10BA80000746FEF7CEBD1D4CAAE61C4EFFF729B9AE
:10BA90001A4CA8E7194F50E7184FDAE61B4B43E959
:10BAA0000201FFF7AFBB194BC3E90001FFF7AABBC7
:10BAB0000A7E002A7EF415AB686A4B6101F0F8FE3D
:10BAC0002A6864235169B1FBF3F1C9B211F0CEFFCA
:10BAD0000120FEF707BB0546FFF7B1B93546FFF772
:10BAE000AEB9206B0EF00CFB0120FEF7FBBA00BFD5
:10BAF0002487FF1F4091FF1F2093FF1F6087FF1FB8
:10BB00003F91FF1FC097FF1F00001040D097FF1FFD
:10BB100008B511F05BFFBDE8084011F057BF00BF4A
:10BB20002DE9F04FAA4A92F843312B3BADF28C6DD0
:10BB30003A2B00F28280DFE813F03B00800099008E
:10BB4000800080008000A700B4008000800080009A
:10BB500080008000800080008000800080008000E5
:10BB600080008000800080008000800080008000D5
:10BB7000800080008000800080008000CF00800076
:10BB8000800080008000DE00EC00020111018000D6
:10BB900080008000570180008000800080008000CD
:10BBA000800080008000800080008000DF0186002F
:10BBB000884D7DA3D3E90023D5E9000118F040FEAC
:10BBC00002460B46C5E90023582001F071FE824B66
:10BBD00000220446D5E9000118F0EAFF19F098FAAE
:10BBE0000546204611F028FFE9B2814202D02046E6
:10BBF00011F03CFF661C304611F01EFFC5F3072113
:10BC0000814202D0304611F031FFA61C304611F0BF
:10BC100013FFC5F30741814202D0304611F026FFE1
:10BC20000334204611F008FF290E814202D020463D
:10BC300011F01CFF694808F0B3FC0DF28C6DBDE8F3
:10BC4000F04FF6F70BBA654C204607F067FF10BBC4
:10BC5000634BE0701B68D69394F8F835D69AC4F815
:10BC60002825C3B1204609F013F94EE1594D4EA3E2
:10BC7000D3E90023D5E9000118F0E4FD02460B46A4
:10BC8000C5E900235820A0E7544C204607F076FF72
:10BC9000002800F040810DF28C6DBDE8F04FF6F702
:10BCA000B3B94E4C204607F069FF0028F3D10121BB
:10BCB0002046022584F8085508F0DCF9092001F037
:10BCC000F7FD044611F0B8FEA84200F01E81294697
:10BCD000204611F0CBFE18E1404C00220023CDE9B4
:10BCE0000023204632A3D3E9002308F047FA0223B9
:10BCF00084F80B35A1E7394C00220023CDE900235D
:10BD00002046384B002208F039FA002384F80B351E
:10BD100093E729A3D3E90023304C0020002104F548
:10BD2000A065CDE90001C5E9002320462D4B002286
:10BD300008F024FA0023582084F80B3545E7274CF7
:10BD400000220023CDE9002320461DA3D3E90023D0
:10BD500008F014FA012384F80B356EE71F4CD4F871
:10BD6000200518F0BBFE18A3D3E9002319F04AF808
:10BD700002460B4600201B4918F062FD0646D4F827
:10BD800024050F4618F0AAFE0FA3D3E9002319F0EB
:10BD900039F83B46CDE900013246204608F0EEF97D
:10BDA000032384F80B3548E75655854D55D5744027
:10BDB00000000000B2CBEE3F000000202B6F2E41B0
:10BDC000000000E0A1E9EF3F000000000088C34050
:10BDD000F88FFF1F2098FF1F000030402093FF1FA7
:10BDE000DC9FFF1F0000F03F92F84431412B00F030
:10BDF0009680542B7FF421AF92F84531312B7FF49C
:10BE00001CAF574D0FCD0FF23019D9E9008948AC5E
:10BE1000CDE902890FC44AA7D7E9006795E8030076
:10BE2000002284E803000023CDE9006756A848AD4E
:10BE30000CF026FC0FCDEC46ACE80F0094E80300B4
:10BE400041A3D3E900238CE8030056A9D6A80CF03F
:10BE500067FCD6A80DF05CF83DA3D3E9002318F0E9
:10BE6000F1FC4FF0020A02460B463E48CDF800A016
:10BE700011F09AFC3B4811F07DFCD6A80DF042F879
:10BE800035A3D3E9002318F0DBFCCDF800A002466F
:10BE90000B46344811F088FC324811F06BFC2AA3A1
:10BEA000D3E90023D6A956A80CF0D2FE56A80CF070
:10BEB000C7FC42464B4618F0C3FCCDF800A0024632
:10BEC0000B46284811F070FC264811F053FC56A888
:10BED0000CF0B2FC32463B4618F0B2FCCDF800A0A4
:10BEE00002460B461F4811F05FFC1E4811F042FC51
:10BEF0000DF28C6DBDE8F08F1B4C204607F00EFE56
:10BF000000287FF4C8AE84F80A050DF28C6DBDE8F8
:10BF1000F04FF6F763B8012529462046CAE692F8A5
:10BF20004531303B032B3FF688AEDFE813F0830446
:10BF30000503F5011F0000BF000000007C5FEE3F1D
:10BF400000000080E85DE43F000000E04F52ED3F5C
:10BF500000000080025FF93F000000601276EB3FB6
:10BF6000E0E702000C88FF1F2093FF1F0A216FF0FB
:10BF7000090011F0F9FC19F01DFAC94919F06EFA1F
:10BF8000C84919F01FFB18F0BBFD02460B466FF0C5
:10BF900009000A21CDE9062311F0E6FC19F00AFA9E
:10BFA000BF4919F05BFABF4919F00CFB18F0A8FD66
:10BFB00002460B460A205021CDE9082311F0D4FC9B
:10BFC00019F0F8F9B64919F049FAB64919F0FAFA30
:10BFD000834618F095FD9CA3D3E90023CDE9022305
:10BFE0009BA3D3E90023DFF8C0C206460F46CDE984
:10BFF0000023BCE80F000DF18808A8E80F009CE8BA
:10C0000003000024002588E8030022462B46D6A81A
:10C010000CF036FB0DF1880CBCE80F00E946A9E8EE
:10C020000F0098E80300324689E803003B46D6A992
:10C030003AA80CF075FB88A3D3E90023CDE90223CD
:10C0400087A3D3E90023D6A8CDE9002322462B46B7
:10C050000CF016FB0DF1880EBEE80F00EC46ACE8C4
:10C060000F0098E80300324689E803003B46D6A952
:10C0700048A80CF055FB7CA3D3E90023CDE90223AB
:10C080007BA3D3E90023D6A8CDE9002322462B4683
:10C090000CF0F6FA0DF1880CBCE80F00EE46AEE8A5
:10C0A0000F0098E803000DF5AC7A324689E80300EA
:10C0B0003B46D6A950460CF033FB0DF59363C3E91C
:10C0C00000450DF59463C3E900450DF59563C3E99B
:10C0D00000450DF5A963C3E900450DF5CF63C3E93C
:10C0E00000450D2100237148CDF84035CDF870365C
:10C0F0008DF8803614F03EF950460CF009FF0B46DF
:10C100000221024600916A4811F04EFB684811F086
:10C1100031FB3AA80CF00CFF06463AA80F460CF08B
:10C12000F1FE55A3D3E9002380468946DDE90601E7
:10C1300018F088FB52A3D3E90023CDE90401DDE91F
:10C14000080118F07FFBCDE90201D6A93246CDE9FE
:10C1500000893B46084610F0DBF848AB18460CF067
:10C16000E7FE48AB064618460F460CF0CBFE46A34A
:10C17000D3E9002380468946DDE9060118F062FB19
:10C1800043A3D3E90023CDE90401DDE9080118F058
:10C1900059FB3B46CDE902013246D6A8CDE90089DC
:10C1A00010F0B6F8D6A80FF093FF424B9B7D012B01
:10C1B00000F0858322462B46D6A80FF02DFF0521DF
:10C1C0003D4814F0D7F83A4811F0D4FA9DF84235BA
:10C1D0000022002B00F071830DF5A961374BD1E9E6
:10C1E000000118F0E5FC2CA3D3E9002318F00AFEA7
:10C1F000334B002218F0DCFC02460B46022400946C
:10C200002B4811F0D1FA2A4811F0B4FAF0AA51469D
:10C210002EA80CF06DFD2EA80CF0E0FF274B00229D
:10C2200018F0C6FC1CA3D3E9002318F0EBFD009422
:10C2300002460B461E4811F0B7FA1D4811F09AFA53
:10C240002EA83FE0AFF300800030AAE67F76B63F2D
:10C2500000000080C737E03F00941BA4CB36DDBF51
:10C26000000000605DEAF83F008008E9A59CA43F5B
:10C27000000000200B26D4BF000000E0C16BF73F98
:10C280000000004040B7FB3F000000A0EC91E33FFE
:10C2900000000060E3B5154000000060FB2109408C
:10C2A000DB0F494000003443E0E70200CCE7020026
:10C2B0000C88FF1F2093FF1FC4E702000080664028
:10C2C00000004E400CF080FF974B002218F070FCED
:10C2D0007DA3D3E9002318F095FD009402460B4698
:10C2E000924811F061FA914811F044FA2EA80CF02E
:10C2F00067FF8D4B002218F05BFC73A3D3E900238A
:10C3000018F080FD009402460B46884811F04CFA64
:10C31000864811F02FFAEBE56DA3D3E90023CDE9B0
:10C3200002236DA3D3E90023814ECDE900230FCE74
:10C3300022AC0FC496E803000027002684E803001F
:10C3400032463B46D6A80CF09BF90DF1880CBCE8B0
:10C350000F006D460FC594E8030061A3D3E90023E5
:10C3600085E80300D6A93AA80CF0DAF95EA3D3E970
:10C370000023CDE902235EA3D3E90023D6A8CDE9AB
:10C38000002332463B460CF07BF90DF1880EBEE8E7
:10C390000F00EC46ACE80F0094E8030050A3D3E98B
:10C3A000002385E80300D6A948A80CF0B9F952A3E8
:10C3B000D3E90023CDE9022351A3D3E90023D6A872
:10C3C000CDE9002332463B460CF05AF90DF1880CBA
:10C3D000BCE80F00EE46AEE80F0094E803000DF550
:10C3E000AC7A3FA3D3E9002385E80300D6A95046E1
:10C3F0000CF096F90DF59363C3E900670DF59463AE
:10C40000C3E900670DF59563C3E900670DF5A963FE
:10C41000C3E900670DF5CF63C3E900673AA80023BD
:10C42000CDF84035CDF870368DF880360CF080FDB3
:10C4300004460D463AA80CF065FD22462B4632A56F
:10C44000D5E90045CDE9044531A5D5E90045CDE95B
:10C450000001CDE90245D6A80FF05AFF48A80CF01C
:10C4600067FD04460D4648A80CF04CFD2B462246BD
:10C4700029A5D5E90045CDE9044529A5D5E900451B
:10C48000CDE90001CDE90245D6A80FF041FF052115
:10C49000284813F06FFF254811F06CF99DF84235DC
:10C4A000002B00F007820DF5A9611F4B0022D1E996
:10C4B000000118F07DFB04A3D3E9002318F0A2FCCF
:10C4C00002460B469AE600BF00000060FB210940CF
:10C4D0000030AAE67F76B63F00000080C737E03F15
:10C4E00000000060358CE33F00941BA4CB36DDBF19
:10C4F000000000605DEAF83F008008E9A59CA43FC9
:10C50000000000200B26D4BF000000E0C16BF73F05
:10C510000000004040B7FB3F000000A0EC91E33F6B
:10C5200000000060E3B51540008066400C88FF1FE6
:10C53000E0E70200C4E7020000240025D6AE002395
:10C54000C6E95045C6E95245C6E95445C6E97C45A9
:10C55000C6E9C845CDF84035CDF870368DF880363F
:10C5600099A3D3E90023CDE9022399A3D3E90023BA
:10C570000AA8CDE9002322462B460CF081F896A3A9
:10C58000D3E90023CDE9022395A3D3E9002316A81C
:10C59000CDE9002322462B460CF072F892A3D3E992
:10C5A0000023CDE9022392A3D3E9002322A8CDE9F9
:10C5B000002322462B460CF015FE8FA3D3E900235F
:10C5C000CDE902238EA3D3E900232EA8CDE90023D1
:10C5D00022462B460CF006FE0AA80CF031F98046E4
:10C5E0000AA889460CF028F98D4B002218F0E0FAD1
:10C5F00085A3D3E9002318F005FC894BCDE902019E
:10C6000000224046494618F0D3FA7FA3D3E900231D
:10C6100018F0F8FB834ACDE90001834956A81BF0C6
:10C6200013F856A81BF0CCFC014656A813F0A2FE46
:10C630007E4811F09FF816A80CF002F9804616A863
:10C6400089460CF0F9F8764B002218F0B1FA6EA387
:10C65000D3E9002318F0D6FB714BCDE9020100228B
:10C660004046494618F0A4FA67A3D3E9002318F01E
:10C67000C9FB6F4ACDE900016B4956A81AF0E4FFE7
:10C6800056A81BF09DFC014656A813F073FE6748A0
:10C6900011F070F80AA80CF0D9F880460AA889466B
:10C6A0000CF0CAF802460B4622A8CDE906230CF08E
:10C6B000F1FD824622A88B460CF0E8FDDDE9062359
:10C6C000CDE90401CDE902ABCDE900233046424675
:10C6D0004B460FF01DFE16A80CF0B8F8804616A8C1
:10C6E00089460CF0A9F802460B462EA8CDE9062390
:10C6F0000CF0D0FD82462EA88B460CF0C7FDDDE97C
:10C700000623CDE90401CDE90023304642464B46DD
:10C71000CDE902AB0FF0FCFD2B4622463CA5D5E946
:10C720000045CDE902453CA5D5E900453AA8CDE94B
:10C7300000450BF0A5FFF0AA3AA948A80BF0B6FFF8
:10C7400048A80CF0A7FD364B002218F031FA2EA3B2
:10C75000D3E9002318F056FB022702460B46009748
:10C76000324811F021F8314811F004F848A80CF0D3
:10C770008DFD2B4B002218F01BFA23A3D3E90023D5
:10C7800018F040FB009702460B46284811F00CF8C1
:10C79000264810F0EFFF48A80CF074FD204B002253
:10C7A00018F006FA18A3D3E9002318F02BFB009722
:10C7B00002460B461D4810F0F7FF1C4810F0DAFF48
:10C7C000FFF796BBAFF300800030AAE67F76B63F56
:10C7D00000000080C737E03F00941BA4CB36DDBFCC
:10C7E000000000605DEAF83F0000004040B7FB3FFA
:10C7F000000000E0C16BF73F00000060E3B51540AA
:10C80000000000A0EC91E33F00000060FB21094024
:10C81000008008E9A59CA43F000000200B26D4BF9F
:10C8200000806640A4E70200ACE702000C88FF1F0E
:10C83000BCE70200D6AC00220023C4E95023C4E9BF
:10C840005223C4E95423C4E97C23C4E9C82322A3A6
:10C85000D3E90023CDE9042321A3D3E90023CDE9C3
:10C86000022321A3D3E900230021CDE900232046A0
:10C870001FA3D3E9002320A7D7E90067CDF840150F
:10C88000CDF870168DF880160FF042FD1CA3D3E989
:10C89000002320461CA5D5E90045CDE90223CDE9BA
:10C8A00004671BA3D3E90023CDE900450FF030FD59
:10C8B000FFF71EBB32463B46A0E400239EE4002166
:10C8C000584618F07DFF18B113A3D3E9002373E491
:10C8D00013A3D3E900236FE4000000E0C16BF73F2E
:10C8E0000000004040B7FBBF00000080C737E03FBA
:10C8F0000030AAE67F76B63F000000A0EC91E33F4F
:10C9000000000060E3B515C0000000605DEAF83F7C
:10C9100000941BA4CB36DDBF00000060FB21F93F73
:10C9200000000060FB21F9BF08B511F04FF8BDE829
:10C93000084011F04BB800BF054B93F843212AB9CA
:10C9400093F85E2182F0010283F85E21F5F786BB41
:10C95000F88FFF1F08B511F039F8BDE8084011F055
:10C9600035B800BFFFFFFFFF032900D970472DE94D
:10C97000F04701EB410404EBC40404F10A0A01701E
:10C9800084B00546504611F057F8002604F10B0913
:10C9900060F30706484611F04FF804F10C0860F305
:10C9A0000F26404611F048F804F10D0760F31746D2
:10C9B000384611F041F860F31F66BF49304618F061
:10C9C000EBFE30B9BD49304618F004FF002800F0F6
:10C9D0000C8100220023C5E90223504611F02CF8F7
:10C9E000002840F02781484611F026F8002840F042
:10C9F0003781404611F020F8002840F02681384663
:10CA000011F01AF8002840F01081A9A3D3E90023FF
:10CA1000D5E9020118F0F6F906460F4614F056FB68
:10CA2000C5E90C013046394614F0DCFBC5E90E01BE
:10CA300004F10E0011F000F80026034604F10F0087
:10CA400063F3070610F0F8FF60F30F2604F11000FF
:10CA500010F0F2FF034604F1110063F3174610F0E3
:10CA6000EBFF60F31F669649304618F09FFE30B921
:10CA70009449304618F0A4FE002800F0B0802E78CB
:10CA800006EB460606EBC6060022002306F10E075B
:10CA9000C5E90423384610F0CFFF002840F0B880E5
:10CAA00006F10F07384610F0C7FF002840F0A380BA
:10CAB00006F11007384610F0BFFF002840F0E08074
:10CAC0001136304610F0B8FF002840F0D48004F151
:10CAD000120010F0B1FF064604F1130010F0ACFF95
:10CAE000F6B260F30F26B6B206F1C8039BB242F26B
:10CAF0000802934200F2F0802E8304F1140010F03B
:10CB00009BFF18F053FC704918F05CFD6F4918F05A
:10CB10009BFB6F49E862064618F03EFE30B16B4958
:10CB2000304618F057FE002840F0B6806FF0030939
:10CB300005F11907A9EB0509A14405F11A0805F14A
:10CB400028063C4609EB040010F076FF04F8010FBC
:10CB5000002840D0B442F5D12A785E4901A81AF0E5
:10CB600073FD01A940461AF081FFA0EB08000E28D2
:10CB70001BD895F8009009EB490909EBC9093E1F3C
:10CB8000761B4E44304610F057FF3C4617F801AF75
:10CB900082455146304601D010F068FF40461BF0F8
:10CBA0000FFA183C641BA042E9DA41A3D3E9002341
:10CBB000D5E9020118F026F906460F4614F086FA68
:10CBC000C5E90C013046394614F00CFBC5E90E01ED
:10CBD00004B0BDE8F087AB7E002BBDD0E5E7304662
:10CBE00017F08EFFC5E9040171E7304617F088FFA2
:10CBF000C5E902011CE73846002106F1100710F0D4
:10CC000035FF384610F018FF00283FF459AF37E0E1
:10CC10003846002106F10F0710F028FF384610F0C3
:10CC20000BFF00283FF444AFE5E70021384610F041
:10CC30001DFFEAE65046002110F018FF484610F0AC
:10CC4000FBFE00283FF4D5AE0AE04046002110F07C
:10CC50000DFF384610F0F0FE00283FF4D6AEE4E7B2
:10CC60004846002110F002FF404610F0E5FE002883
:10CC70003FF4C5AEE9E70021304610F0F7FE26E7A5
:10CC800038460021113610F0F1FE304610F0D4FE87
:10CC900000283FF41CAFEEE72A780023EB621B204C
:10CCA000142300FB0230782110F0E0FE3EE700BFC5
:10CCB00000000020DCA54C400000B4C20000B442DB
:10CCC0000000B4C30000B443000020410000404114
:10CCD000000040C17CE602002E7806EB460606EB1B
:10CCE000C6064FF0000806F11207A5F8188038466E
:10CCF00010F0A2FE58B91336304610F09DFE002801
:10CD00003FF4FBAE0021304610F0B0FEF5E64146A0
:10CD1000384610F0ABFEEEE7084890F84311322990
:10CD200007D93F2907D1064B06491A7870301AF007
:10CD30008BBC2F2908D8F5F791B900BFF88FFF1FDA
:10CD4000D892FF1FD8E602002DE9F04F303985B0A8
:10CD5000CCB2D74D0C2000F0ABFD214610F086FE82
:10CD600021462846FFF700FED5E90423D149C1E951
:10CD70000E2311F0E1F90021044609F0C1FB002166
:10CD80000646204609F04EFB00210546204609F0E4
:10CD9000A1FB6B1E012B98BF06F1FF3607463046FC
:10CDA00098BF0C3518F006FBC349064618F00AFC7C
:10CDB00014F0D0FDC1498146304618F003FC14F050
:10CDC000C9FDBF498046304618F048FB14F0C2FD4B
:10CDD0000646284618F0EEFA4FF07E5118F036FA63
:10CDE000B84918F03BFB14F0B5FD494605464FF035
:10CDF000804018F029FA414618F028FA17F080FE12
:10CE000080463046894617F07BFE02460B46404678
:10CE1000494617F017FD80462846894617F070FEF0
:10CE200002460B464046494617F00CFD8046384600
:10CE3000894617F053FE02460B464046494617F016
:10CE400001FD87A3D3E9002317F0FCFC0246174637
:10CE5000884620460021CDE9027809F025FB002113
:10CE60000646204609F0F4FA18F0A4FA964918F09C
:10CE7000A9FB0546304618F09DFA0146284618F0F1
:10CE8000E5F90021034620461C4609F0F7FA18F0A0
:10CE900091FA8E4918F096FB214618F0D7F917F051
:10CEA0002FFE8B4BCDE9000100223846414617F09A
:10CEB000C9FC14F081FC6CA3D3E9002304460D46A1
:10CEC00018F006F958B36AA3D3E90023204629468F
:10CED00017F0B6FC68A3D3E9002317F093FF18F00E
:10CEE00017F917F0FBFD7B4B002206460F4617F0A3
:10CEF0005FFE14F061FC02460B46204629461446AC
:10CF00001D460022744B17F09DFC32463B4617F03D
:10CF100099FC22462B4617F093FC04460D4658A375
:10CF2000D3E900232046294617F08CFC56A3D3E909
:10CF3000002304460D4617F083FC55A3D3E90023D4
:10CF400017F060FF14F038FC51A3D3E900238246A8
:10CF50008B4617F02DFE14F02FFC02460B462046A0
:10CF6000294617F06DFC4CA3D3E9002306460F4673
:10CF700017F048FF14F020FC47A3D3E900238046B4
:10CF8000894617F015FE14F017FC002204460D46E2
:10CF900000233046394617F055FC22462B4617F041
:10CFA0004FFC14F009FC18F0B3F84C4B0446002277
:10CFB0004046494618F06EF8002840F0B282484BCF
:10CFC00000224046494617F03BFC18F0A1F80646FF
:10CFD000304618F0EFF94349054618F0FBFB0028EE
:10CFE00000F0A9822EA3D3E900235046594617F03A
:10CFF00027FC18F08DF80746731E012B05D806F1A3
:10D000000C0018F0D7F9013F0546384618F0D2F960
:10D010002949064618F0D6FA14F09CFC27498246A6
:10D02000304618F0CFFA14F095FC25498146304679
:10D0300018F014FA14F08EFC4FF07E51804628460A
:10D0400018F004F91F4918F009FA14F083FC16A32C
:10D05000D3E900230546DDE9020117F0F1FB43E0C7
:10D0600000000080A2423A41000000008C8A414149
:10D0700000000040D07D3C410000000088D5E14028
:10D080000000000000D097400000006066865E400F
:10D090000000000000D4764000000020A0993E402F
:10D0A00000000000006CB240000000802CB442413F
:10D0B000D892FF1F5891FF1F0000C8420000C843CC
:10D0C00000A0B64301CDF44100007042000061456C
:10D0D0000000E03F0000D03F0000F03F00002B4088
:10D0E00000002A4000002040D94B06460F4600228F
:10D0F000DDE9000117F086FE02460B463046394650
:10D1000017F0A0FB02460B46CDE90223B0A3D3E9FA
:10D11000002317F077FE02460B464FF08040514641
:10D120009B46924618F090F8494618F08FF817F091
:10D13000E7FC064640460F4617F0E2FC02460B4667
:10D140003046394617F07EFB064628460F4617F054
:10D15000D7FC02460B463046394617F073FB0646AD
:10D1600020460F4617F0BAFC02460B4630463946B9
:10D1700017F068FB98A3D3E9002317F063FB98A38B
:10D18000D3E9002317F05CFB97A3D3E9002317F042
:10D190000FFD97A3D3E9002317F054FBAC4B0022FB
:10D1A0008046894617F08AFF78B1A94D0024404691
:10D1B000494622462B4617F043FB22462B46804623
:10D1C000894617F07BFF0028F1D10022002340465A
:10D1D000494617F05FFF88B19D4F002600240025C7
:10D1E0004046494632463B4617F02CFB22462B462A
:10D1F0008046894617F04EFF0028F1D17EA3D3E97F
:10D200000023DDE9000117F0D3FC42464B4617F03E
:10D2100019FB7BA3D3E9002304460D46504659462B
:10D2200017F0C6FC52465B4617F0C2FC02460B469E
:10D230002046294617F006FB854B002204460D4682
:10D2400017F03CFF78B1824F002632463B4620461D
:10D25000294617F0F5FA32463B4604460D4617F0CC
:10D260002DFF0028F1D1002200232046294617F087
:10D2700011FF98B1764F00264FF000084FF00009DB
:10D2800032463B462046294617F0DCFA42464B46DA
:10D2900004460D4617F0FEFE0028F1D1DDE902AB91
:10D2A00059A3D3E900235046594617F081FC0246A2
:10D2B0000B4657A1D1E9000117F0C2FA56A3D3E9F2
:10D2C000002317F09FFD13F08DFF55A3D3E9002332
:10D2D00006460F465046594617F06AFC52A3D3E95A
:10D2E000002317F0AFFA02460B4617F0ABFA4AA339
:10D2F000D3E9002317F086FD13F074FF4CA3D3E9A4
:10D300000023804689465046594617F051FC024694
:10D310000B4649A1D1E9000117F092FA3EA3D3E9E7
:10D32000002317F06FFD13F0D1FE45A3D3E90023CE
:10D3300082468B463046394617F03AFC42A3D3E981
:10D34000002306460F464046494617F031FC024688
:10D350000B463046394617F073FA52465B4617F0D3
:10D3600027FC22462B4617F06DFA394B00228046E7
:10D37000894617F0A3FE78B1354D002422462B468E
:10D380004046494617F05CFA22462B4680468946BD
:10D3900017F094FE0028F1D10022002340464946B0
:10D3A00017F078FE002855D0294F002600240025CC
:10D3B00032463B464046494617F044FA22462B4641
:10D3C0008046894617F066FE0028F1D142E000BF92
:10D3D00000000000A0D5E14000000080A2423A41D8
:10D3E000000000802CB44241000000E05BD2B03F5E
:10D3F000000000801CCA1A40000000E0360BF03F1D
:10D40000000000605243FB3E00000060C91CAB3FBF
:10D41000000000608F425F4000000020DCA54C400F
:10D42000000000E0718AEF3F000000208587714016
:10D43000000000A0F2D79A3E00000000767037404E
:10D44000000000A0EEE734BF00000080732AF93E20
:10D45000000038404249434B0022D1E90E0117F049
:10D46000D1FC02460B464046494617F0E9F93E4BCF
:10D4700000228046894617F021FE78B13A4D0024FB
:10D4800022462B464046494617F0DAF922462B46FB
:10D490008046894617F012FE0028F1D100220023B1
:10D4A0004046494617F0F6FD88B12F4F002600246C
:10D4B000002532463B464046494617F0C3F922460E
:10D4C0002B468046894617F0E5FD0028F1D1264B12
:10D4D00000224046494617F095FC1DA3D3E90023DE
:10D4E00017F066FB17F014FE72B61D49086062B6AD
:10D4F00072B60A680B68C1E9042362B601F04AFB00
:10D500001A4804F09FFD1A4802F016FE012000F0B0
:10D51000FBFB174802F00CFE05B0BDE8F04FF4F736
:10D520009DBD144B00224046494617F089F917F07B
:10D53000EFFD06464CE508A3D3E9002350465946C3
:10D5400017F07EF917F0E4FD074655E5AFF30080CC
:10D5500000000000C07A604100000000006BB24093
:10D560005891FF1F00002E40000038404894FF1FD4
:10D570002093FF1F0000F03F08B510F027FABDE828
:10D58000084010F023BA00BF10B5154B93F8433193
:10D59000242B07D0582B1AD0212B10D0BDE81040D7
:10D5A000F4F75CBD002420460021013410F05EFA3F
:10D5B000B4F5006FF7D1BDE81040F4F70FBD094B8B
:10D5C0000122BDE8104083F8C026F4F707BD01F042
:10D5D0000DFB012001F06CFDBDE81040F4F7FEBC2E
:10D5E000F88FFF1F2093FF1F08B510F0EFF9BDE87B
:10D5F000084010F0EBB900BF38B5314B93F8433118
:10D60000423B202B12D8DFE803F0151D11114E11FB
:10D61000111111111111114854262C33111111112E
:10D62000111111111111111111113800BDE83840FB
:10D63000F4F714BD234802F06BFD40B9BDE8384053
:10D64000F4F7E2BC1F4802F06BFD0028F6D0BDE8FD
:10D650003840F4F7C3BC1B4802F03EFD0028F6D169
:10D66000ECE7184802F050FDBDE83840F4F7B6BCCE
:10D67000144B5B78002BEAD1E0E7124C00253820F0
:10D68000A57000F015F9294610F0F0F9204602F0D7
:10D6900053FDBDE83840F4F7A1BC0A4802F02CFD68
:10D6A0000028D4D1CAE7074802F042FD0028CED1B5
:10D6B000C4E7044802F01CFD0028C8D0BEE700BF44
:10D6C000F88FFF1F2093FF1F08B510F07FF9BDE80A
:10D6D000084010F07BB900BF2DE9F04F044685B03B
:10D6E00000F11A084FF000096F4B5FFA89F12170C1
:10D6F0001A78C820702300FB023010F0B7F92578A3
:10D7000005EB450505EBC5050022002305F10A06DA
:10D71000C4E90223304610F08FF918B130460021D9
:10D7200010F0A4F905F10B06304610F085F918B198
:10D730003046002110F09AF905F10C06304610F041
:10D740007BF918B13046002110F090F90D352846CC
:10D7500010F072F918B12846002110F087F950A393
:10D76000D3E90023D4E9020117F04CFB06460F462B
:10D7700013F0ACFCC4E90C013046394613F032FD1D
:10D78000257805EB450505EBC5050022002305F1CD
:10D790000E06C4E90E01C4E90423304610F04CF92A
:10D7A00018B13046002110F061F905F10F0630463E
:10D7B00010F042F918B13046002110F057F905F188
:10D7C0001006304610F038F918B13046002110F03C
:10D7D0004DF91135284610F02FF918B128460021CF
:10D7E00010F044F9207800EB400000EBC005002762
:10D7F00005F112062783304610F01EF918B139469C
:10D80000304610F033F91335284610F015F900288A
:10D810003ED122780023E3621B20142300FB023058
:10D82000782110F023F921494A4601A819F00CFF8C
:10D8300001A940461AF01AF9A0EB08000E281ED8DC
:10D84000264616F8197B07EB470707EBC707A6F133
:10D85000040AAAEB040ABA44504610F0EDF8354623
:10D8600016F801BF83455946504601D010F0FEF826
:10D8700040461AF0A5FB183D2D1BA842E7DAB9F186
:10D88000000F02D14FF001092EE705B0BDE8F08F7F
:10D890002846002110F0EAF8BBE700BFAFF3008094
:10D8A00000000020DCA54C401893FF1F7CE602001E
:10D8B000034B1B78C82202FB03006430704700BF93
:10D8C0001893FF1FC82303FB01006430704700BF9B
:10D8D000F8B56A4B1D7805F12204240104F10C000F
:10D8E00010F0AAF8A0F10100654BB0FA80F04009F1
:10D8F00083F89804204610F09FF800260346601C29
:10D9000063F3070610F098F860F30F26A01C10F0E0
:10D9100093F80346E01C63F3174610F08DF860F3AC
:10D920001F663146304617F02DFF68B15549304625
:10D9300017F050FF40B95449304617F02DFF18B981
:10D94000304617F0DDF801E0002000214F4BC3E91D
:10D950000001201D10F070F800260346601D63F3DF
:10D96000070610F069F860F30F26A01D10F064F8A8
:10D970000346E01D63F3174610F05EF860F31F6680
:10D980003146304617F0FEFE68B13E49304617F08A
:10D9900021FF40B93C49304617F0FEFE18B9304629
:10D9A00017F0AEF801E000200021394F47E90201ED
:10D9B00004F1080010F040F8002660F3070604F1B7
:10D9C000090010F039F860F30F2604F10A0010F096
:10D9D00033F8034604F10B0063F3174610F02CF8FC
:10D9E00060F31F663146304617F0CCFE68B125491A
:10D9F000304617F0EFFE40B92349304617F0CCFE11
:10DA000018B9304617F07CF801E000200021214BC6
:10DA100005F19004A40043E90201204610F00CF83F
:10DA200000250346601C63F3070510F005F860F35A
:10DA30000F25A01C10F000F80346E01C63F3174507
:10DA40000FF0FAFF60F31F652946284617F09AFE8B
:10DA500078B10C49284617F0BDFE50B90A4928464E
:10DA600017F09AFE28B9284617F04AF8C7E90001CE
:10DA7000F8BD00200021C7E90001F8BD1893FF1F81
:10DA80002093FF1FC2B8B23DC2B8B2BDC097FF1FFE
:10DA9000D097FF1FE097FF1F2DE9F843784B794E91
:10DAA000D3E90001347817F07BFB223424010546CA
:10DAB00020460FF0C1FFEFB2874203D0394620461F
:10DAC0000FF0D4FF04F1010840460FF0B5FFC5F395
:10DAD0000727874203D0394640460FF0C7FF04F1BD
:10DAE000020840460FF0A8FFC5F30747874203D05E
:10DAF000394640460FF0BAFF033420460FF09CFF32
:10DB00002D0E854203D0294620460FF0AFFF5E4F11
:10DB1000357857E9020117F043FB22352D0105F155
:10DB200004095FFA80F8044648460FF085FF8045F7
:10DB300003D0414648460FF099FF05F105094846D4
:10DB40000FF07AFFC4F30728804503D041464846CA
:10DB50000FF08CFF05F1060948460FF06DFFC4F386
:10DB60000748804503D0414648460FF07FFF073500
:10DB700028460FF061FF240E844203D02146284638
:10DB80000FF074FF414B357853E9020117F008FBA1
:10DB900022352D0105F108095FFA80F80446484650
:10DBA0000FF04AFF804503D0414648460FF05EFF24
:10DBB00005F1090948460FF03FFFC4F307288045E7
:10DBC00003D0414648460FF051FF05F10A09484687
:10DBD0000FF032FFC4F30748804503D04146484662
:10DBE0000FF044FF0B3528460FF026FF240E844229
:10DBF00003D0214628460FF039FFD7E900013478D9
:10DC000017F0CEFA9034A400054620460FF014FF1A
:10DC1000EFB2874203D0394620460FF027FF04F1C8
:10DC2000010840460FF008FFC5F30727874203D0DD
:10DC3000394640460FF01AFF04F1020840460FF043
:10DC4000FBFEC5F30747874203D0394640460FF035
:10DC50000DFF033420460FF0EFFE2D0E854203D05A
:10DC6000294620460FF002FF3078094B000193F857
:10DC7000981400F50B70BDE8F8430FF0F7BE00BF35
:10DC8000C097FF1F1893FF1FD097FF1FE097FF1F3C
:10DC90002093FF1F2DE9F843184B1949C0EB0016DC
:10DCA0001E440246304619F0CFFC30461AF088F97F
:10DCB0000E2820D8134B93F8008008EB880808EB57
:10DCC0008808771E4FEAC80807F1F2054544AD1BE6
:10DCD00028460FF0B1FE3C4617F8019F81454946A2
:10DCE000284601D00FF0C2FE30461AF069F902341E
:10DCF000A41BA042E8DABDE8F88300BF3793FF1FFA
:10DD0000F8E702001893FF1F2DE9F04FB04CE3B085
:10DD1000002300220593049303930293019300933D
:10DD2000194684F8782406461A4604F5A4700DF0C6
:10DD3000EFFD234604F1480200200021C3E96C01F5
:10DD4000C3E96E01C3E9700118339342F6D1A14BC8
:10DD500043E90201A04B1D7805EB850505EB850520
:10DD6000ED00002705F59478C4E9CE01C4E9A201CD
:10DD7000C4E9A401C4E9A6010023A4F8307384F81F
:10DD8000327384F8607484F87074404684F88F7439
:10DD900084F89074C4F894340FF04EFE012800F01B
:10DDA00025818B4805F0EAFE002840F0CC808B4BA3
:10DDB000D3E902A97EA3D3E900235046494616F0D1
:10DDC000F7FE02460B46CDE90E23504649469046E3
:10DDD0001D460022002317F071F90026002800F0EC
:10DDE00059827F4F94F814314BB17E4B504629F045
:10DDF0000041002217F06CF9002840F02E82A37D2C
:10DE00004FF0000A012BCDF810A000F049826AA360
:10DE1000D3E900230FF2A819D9E90089CDE902233B
:10DE2000CDE900890022002346A80AF0E9FEDDE9D9
:10DE30000E2346A916A80AF00BFF16A80AF0FCFC50
:10DE400032463B4616F0B4FE044616A80D460AF0CC
:10DE5000F7FC32463B4616F0ABFECDE90045CDE976
:10DE600002010022002322A80BF066F856A3D3E992
:10DE70000023CDE90089CDE90223CDF810A00022CE
:10DE8000002354A80AF0BCFEDDE90E2354A92EA8F5
:10DE90000AF0DEFE2EA80AF0CFFC32463B4616F012
:10DEA00087FE04462EA80D460AF0CAFC32463B46C1
:10DEB00016F07EFECDE90045CDE9020100220023E7
:10DEC0003AA80BF039F846A80BF032F8044646A8F9
:10DED0000D460BF017F8064622A80F460BF07EF908
:10DEE000804622A889460BF06FF922462B46CDE9E1
:10DEF0000401CDE90289CDE900673B480EF008FA3C
:10DF000054A80BF015F8044654A80D460AF0FAFF81
:10DF100006463AA80F460BF061F980463AA88946B2
:10DF20000BF052F92246CDE904012B46CDE90289D6
:10DF3000CDE900672C480EF0EBF92B480DF010FFEF
:10DF400063B0BDE8F08F25490022D1E9020100232A
:10DF500017F0B4F8002800F09F8100260027002465
:10DF6000002522462B46CDE90445CDE90267CDE9DF
:10DF700000451D480EF0CCF90FA3D3E9002330462D
:10DF80003946CDE9044516F05DFCCDE90045CDE903
:10DF9000020109A3D3E9002313480EF0B9F912488E
:10DFA00063B0BDE8F04F0DF0DBBE00BFAFF3008003
:10DFB000000000A046DF913F00000060FB21F93F18
:10DFC00000000060FB21E93F000000807CD9124086
:10DFD0002093FF1F9097FF1F1893FF1FD892FF1FDA
:10DFE0000000F03F000024406894FF1F002E40F026
:10DFF000BB8105F582700FF01FFD002660F3070658
:10E0000005F205100FF018FD60F30F2605F583707B
:10E010000FF012FD60F3174605F207100FF00CFD2C
:10E0200060F31F6605F584700FF006FD002760F3AE
:10E03000070705F209100FF0FFFC60F30F2705F545
:10E0400085700FF0F9FC60F3174705F20B100FF025
:10E05000F3FC60F31F6705F586700FF0EDFC4FF0E1
:10E06000000860F3070805F20D100FF0E5FC60F3FF
:10E070000F2805F587700FF0DFFC60F3174805F2F5
:10E080000F100FF0D9FC60F31F6805F588700FF0D2
:10E09000D3FC4FF0000960F3070905F211100FF0EF
:10E0A000CBFC60F30F2905F589700FF0C5FC60F318
:10E0B000174905F213100FF0BFFC60F31F6905F557
:10E0C0008A700FF0B9FC4FF0000A60F3070A05F2FE
:10E0D00015100FF0B1FC60F30F2A05F58B700FF0EF
:10E0E000ABFC60F3174A05F217100FF0A5FC60F3C4
:10E0F0001F6A05F58C700FF09FFC4FF0000B60F36A
:10E10000070B05F219100FF097FC60F30F2B05F5C4
:10E110008D700FF091FC60F3174B05F21B100FF0A0
:10E120008BFC002360F31F6B05F58E7006930FF0D8
:10E1300083FC069B60F3070305F21D100993069309
:10E140000FF07AFC069B60F30F2305F58F7009939F
:10E1500006930FF071FC069B60F3174305F21F1046
:10E16000099306930FF068FC069B002260F31F637F
:10E1700005F590700D930C9306920FF05DFC069AD6
:10E1800060F3070205F22110099206920FF054FC89
:10E19000069A60F30F2205F59170099206920FF02E
:10E1A0004BFC069A60F3174205F22310099206927F
:10E1B0000FF042FC069A002160F31F6205F5927091
:10E1C0000B920A9206910FF037FC069960F3070153
:10E1D00005F22510099106910FF02EFC069960F3C7
:10E1E0000F2105F59370099106910FF025FC069912
:10E1F00060F3174105F22710099106910FF01CFCFE
:10E2000006990A9A0C9B049260F31F619A48059143
:10E210003A46314605460393A0F54A704346CDF889
:10E2200008B0CDF804A0CDF800900DF071FBA5F575
:10E230004A700DF0A5FB914B1D7820352D0105F19D
:10E240000C000FF0F9FB0128064600F09A8001232C
:10E2500084F8783463B0BDE8F08FCDF838800DF1E4
:10E2600040088749404625F000450F9501F068FFBA
:10E2700012AB0FCB8DE80F000EA898E80C0009F048
:10E28000EBFFDDE90E0132463B4616F091FCCDE98D
:10E290000E01B4E57B4FA5E56FA7D7E900675EE601
:10E2A0006FA5D5E900450FF2C019D9E90089002210
:10E2B000CDE900890023CDE9024546A80AF0A0FC7B
:10E2C000DDE90E2346A916A80AF0C2FC16A80AF03A
:10E2D000B3FA32463B4616F06BFC02460B4616A8D4
:10E2E000CDE906230AF0ACFA32463B4616F060FC54
:10E2F00022462B4616F0A4FADDE90623CDE90201F9
:10E30000CDE9002322A8002200230AF015FE58A31D
:10E31000D3E90023CDE90089CDE90223CDF810A08F
:10E320000022002354A80AF06BFCDDE90E2354A957
:10E330002EA80AF08DFC2EA80AF07EFA32463B4643
:10E3400016F036FC80462EA889460AF079FA324645
:10E350003B4616F02DFC22462B4616F071FACDE90D
:10E360000089CDE90201A9E5394640460FF07EFB60
:10E37000424B1B781B01394603F503700FF076FB07
:10E380000FE528460FF058FB002760F30707681CCD
:10E390000FF052FB60F30F27A81C0FF04DFB60F34A
:10E3A0001747E81C0FF048FB60F31F67281D0FF0AC
:10E3B00043FB4FF0000960F30709681D0FF03CFBB9
:10E3C00060F30F29A81D0FF037FB60F31749E81D14
:10E3D0000FF032FB60F31F6905F108000FF02CFB12
:10E3E0004FF0000860F3070805F109000FF024FB67
:10E3F00060F30F2805F10A000FF01EFB60F31748C9
:10E4000005F10B000FF018FB60F31F68384616F09B
:10E4100077FBC4E9A201484616F072FBC4E9A401E7
:10E42000404616F06DFBC4E9A6013846002117F0FE
:10E43000A9F958B14846002117F0A4F930B10021DC
:10E44000404617F09FF9B0FA80F6760984F8906498
:10E45000FDE600BFAFF3008000000060FB21094033
:10E4600000000060FB21F93F00000060FB21E93F54
:10E47000000000807CD912409097FF1F1893FF1F67
:10E480002093FF1F0000F0BFF0B583B022480026A4
:10E49000002700226946CDE900670EF0D9F904464D
:10E4A000D0B119A3D3E90023DDE9000116F080FB08
:10E4B00017A3D3E9002316F07BFB16F071FE174D6E
:10E4C0003246C5F894043B46D5E9A20116F0D8FDC2
:10E4D00028B9204685F89004204603B0F0BDD5E960
:10E4E000A40132463B4616F0CBFD0028F1D0D5E919
:10E4F000A60132463B4616F0C3FDB0FA80F0400953
:10E50000E8E700BFAFF3008000000020DCA54C402E
:10E51000000000000020AC406894FF1F2093FF1F04
:10E520002DE9F04FDFF83CA0DFF83C809AF800209E
:10E5300098F8781499B04FF49473C82000FB023017
:10E5400000230F9310931193129313931493159325
:10E55000169317930FF08AFA98F87834002B40F04E
:10E56000048303E01893FF1F2093FF1F9AF80040D5
:10E570000F9D04EB840404EB8404E40004F582772B
:10E5800038460FF059FAEEB2864203D0314638468B
:10E590000FF06CFA04F2051738460FF04DFAC5F388
:10E5A0000726864203D0314638460FF05FFA04F55D
:10E5B000837738460FF040FAC5F30746864203D00A
:10E5C000314638460FF052FA04F2071420460FF095
:10E5D00033FA2D0E854203D0294620460FF046FA25
:10E5E0009AF80040109D04EB840404EB8404E400DA
:10E5F00004F5847738460FF01FFAEEB2864203D056
:10E60000314638460FF032FA04F2091738460FF057
:10E6100013FAC5F30726864203D0314638460FF079
:10E6200025FA04F5857738460FF006FAC5F3074654
:10E63000864203D0314638460FF018FA04F20B1424
:10E6400020460FF0F9F92D0E854203D029462046C9
:10E650000FF00CFA9AF80040119D04EB840404EBCF
:10E660008404E40004F5867738460FF0E5F9EEB24D
:10E67000864203D0314638460FF0F8F904F20D1700
:10E6800038460FF0D9F9C5F30726864203D0314644
:10E6900038460FF0EBF904F5877738460FF0CCF9E0
:10E6A000C5F30746864203D0314638460FF0DEF9FF
:10E6B00004F20F1420460FF0BFF92D0E854203D04F
:10E6C000294620460FF0D2F99AF80040129D04EB3B
:10E6D000840404EB8404E40004F5887738460FF0E2
:10E6E000ABF9EEB2864203D0314638460FF0BEF9A0
:10E6F00004F2111738460FF09FF9C5F3072686423A
:10E7000003D0314638460FF0B1F904F58977384621
:10E710000FF092F9C5F30746864203D031463846DA
:10E720000FF0A4F904F2131420460FF085F92D0E12
:10E73000854203D0294620460FF098F99AF8004008
:10E74000139D04EB840404EB8404E40004F58A774D
:10E7500038460FF071F9EEB2864203D031463846A2
:10E760000FF084F904F2151738460FF065F9C5F378
:10E770000726864203D0314638460FF077F904F574
:10E780008B7738460FF058F9C5F30746864203D019
:10E79000314638460FF06AF904F2171420460FF09C
:10E7A0004BF92D0E854203D0294620460FF05EF925
:10E7B0009AF80040149D04EB840404EB8404E40004
:10E7C00004F58C7738460FF037F9EEB2864203D065
:10E7D000314638460FF04AF904F2191738460FF05F
:10E7E0002BF9C5F30726864203D0314638460FF091
:10E7F0003DF904F58D7738460FF01EF9C5F307464D
:10E80000864203D0314638460FF030F904F21B142B
:10E8100020460FF011F92D0E854203D029462046DF
:10E820000FF024F99AF80040159D04EB840404EBE2
:10E830008404E40004F58E7738460FF0FDF8EEB25C
:10E84000864203D0314638460FF010F904F21D1706
:10E8500038460FF0F1F8C5F30726864203D031465B
:10E8600038460FF003F904F58F7738460FF0E4F8D7
:10E87000C5F30746864203D0314638460FF0F6F816
:10E8800004F21F1420460FF0D7F82D0E854203D056
:10E89000294620460FF0EAF89AF80040169D04EB4E
:10E8A000840404EB8404E40004F5907738460FF008
:10E8B000C3F8EEB2864203D0314638460FF0D6F8A0
:10E8C00004F2211738460FF0B7F8C5F30726864241
:10E8D00003D0314638460FF0C9F804F59177384631
:10E8E0000FF0AAF8C5F30746864203D031463846F2
:10E8F0000FF0BCF804F2231420460FF09DF82D0E03
:10E90000854203D0294620460FF0B0F89AF800401F
:10E91000179D04EB840404EB8404E40004F592776F
:10E9200038460FF089F8EEB2864203D031463846B9
:10E930000FF09CF804F2251738460FF07DF8C5F368
:10E940000726864203D0314638460FF08FF804F58B
:10E95000937738460FF070F8C5F30746864203D028
:10E96000314638460FF082F804F2271420460FF0A3
:10E9700063F82D0E854203D0294620460FF076F825
:10E9800098F87854002D49D0D8E9A24500220023F8
:10E990002046294616F074FBD8E9A46758BBD8E98D
:10E9A000A6892946204616F0FBFB39460346304629
:10E9B0001E4616F0F5FB49460446404616F0F0FBAD
:10E9C000C2B20892C0F307220992C0F307420A922A
:10E9D000020E0B92230EC4F30742F1B2C6F3072BCB
:10E9E000C6F307495FFA84F8C4F307270C920D9326
:10E9F000360E01251EE0002200233046394616F06F
:10EA00003FFBD8E9A6890028CBD00022002340464E
:10EA1000494616F035FB0028C3D000252E46A946EE
:10EA2000AB4629460D950C952F46A8460B950A95A1
:10EA3000099508959AF80040079120342401204652
:10EA40000EF0FAFF0799884202D020460FF00EF828
:10EA5000631C184607930EF0EFFF584504D0079B40
:10EA6000594618460FF002F804F1020B58460EF012
:10EA7000E3FF484503D0494658460EF0F7FF0334FC
:10EA800020460EF0D9FFB04203D0314620460EF0AA
:10EA9000EDFF9AF8004020342401261D30460EF088
:10EAA000CBFF404503D0414630460EF0DFFF661DE8
:10EAB00030460EF0C1FFB84203D0394630460EF062
:10EAC000D5FFA61D30460EF0B7FF0C9B984203D031
:10EAD000194630460EF0CAFF073420460EF0ACFF50
:10EAE0000D9B984203D0194620460EF0BFFF9AF8BE
:10EAF00000402034240104F1080630460EF09CFF4B
:10EB0000089B984203D0194630460EF0AFFF04F13F
:10EB1000090630460EF090FF099B984203D0194633
:10EB200030460EF0A3FF04F10A0630460EF084FFD3
:10EB30000A9B984203D0194630460EF097FF0B34DB
:10EB400020460EF079FF0B9B984203D019462046D1
:10EB50000EF08CFF9AF800000001294600F50370C2
:10EB60000EF084FF19B0BDE8F08F16AB17AA04931E
:10EB700014AB15A90592029313AA12AB039101924B
:10EB8000009310AA11AB0FA908F5A4700CF086FE33
:10EB9000ECE400BF10B50E4C0022D4F84C37C4F89A
:10EBA000C8262046C4F8183704F0E8FF60B1094AC7
:10EBB000094B0A480A49C4F80807C4F80C17C4F8F6
:10EBC0005827C4F85C3710BD064A074BF1E700BF71
:10EBD0002093FF1F0000A0C10000B442000034C316
:10EBE000000034430000B4C200008743704700BFF8
:10EBF0002DE9F843614E624D347804EB840404EB54
:10EC00008404E40004F1D00840460EF015FF95F8A6
:10EC10002876013FFFB2032F98BF5A4A03B203EB95
:10EC2000830398BF52F8272003EB83034FEA830343
:10EC300088BF00229342C5F8183600F28B80C72B9C
:10EC400040F2888004F1D1084FF00009404685F871
:10EC50001C960EF0F1FE032F98BF4A4A03B203EB55
:10EC6000830398BF52F8272003EB83034FEA830303
:10EC700088BF4A469342C5F810365CD8C72B5AD98C
:10EC800004F1DE084FF00009404685F814960EF0B6
:10EC9000D3FE95F86876013FFFB2032F98BF394A3B
:10ECA00003B203EB830398BF52F8272003EB8303DF
:10ECB0004FEA830388BF4A469342C5F8583627D89F
:10ECC000C72B25D9DF340026204685F85C660EF078
:10ECD000B3FE032F98BF2B4A03B203EB830398BF05
:10ECE00052F8276003EB83039B00B342C5F850360C
:10ECF00001D8C72B07D84FF47A730A212046C5F8EC
:10ED000050360EF0B3FE002385F85436BDE8F88384
:10ED10004FF47A730A214046C5F858360EF0A6FE25
:10ED2000347895F8687604EB8404013F04EB84049E
:10ED3000FFB2E400C6E74FF47A730A214046C5F8F3
:10ED400010360EF093FE347804EB840404EB840454
:10ED5000E40095E74FF47A730A214046C5F8183667
:10ED60000EF084FE347895F8287604EB8404013F95
:10ED700004EB8404FFB2E40064E700BF1893FF1FB4
:10ED80002093FF1F04E802002DE9F047DFF8148309
:10ED9000C54D98F8007007EB870404EB8404E40089
:10EDA00004F1D20A50460EF047FE04F1D309C6B270
:10EDB00048460EF041FE60F30F26B6B2B6F57A7FF4
:10EDC00080F0D280C5F8206604F1E00A50460EF0CB
:10EDD00033FE04F1E109C6B248460EF02DFE60F3A1
:10EDE0000F26B6B2B6F57A7F80F01B81C5F8606653
:10EDF00004F1D5000EF020FEA0F11003302B00F23C
:10EE00000181C5F8240604F1E3000EF015FEA0F11F
:10EE10001003302B00F2E780C5F86406C82607FB14
:10EE2000066630460EF008FE002760F30707701CE8
:10EE30000EF002FE60F30F27B01C0EF0FDFD60F334
:10EE40001747F01C0EF0F8FD4FF0000960F31F6744
:10EE500004F1CC00C5F8FC7585F800960EF0ECFDC9
:10EE6000C6B204F1CD000EF0E7FD60F30F26B6B296
:10EE7000C5F8046604F1CE06304685F808960EF013
:10EE8000DBFD431EDBB2072B00F2988085F80906F4
:10EE9000002704F1CF0085F80A760EF0CDFDC01BE7
:10EEA00018BF012085F80B0604F1D40085F80C7614
:10EEB0000EF0C2FDC01B18BF012085F80D0604F13D
:10EEC000D60085F80E760EF0B7FD3E4660F30706D5
:10EED00004F1D7000EF0B0FD60F30F2604F1D80066
:10EEE0000EF0AAFD60F3174604F1D9000EF0A4FD60
:10EEF00060F31F6604F1DA00C5F83C6685F84076D9
:10EF00000EF09AFDC6B204F1DB000EF095FD60F341
:10EF10000F26B6B2C5F8446604F1DC06304685F823
:10EF200048760EF089FD431EDBB2072B32D885F8F8
:10EF30004906002604F1DD0085F84A660EF07CFDE6
:10EF4000831B18BF012304F1E20085F84B3685F8D6
:10EF50004C660EF071FD801B18BF012085F84D0630
:10EF600085F84E66BDE8F08700245046C5F8204677
:10EF70000EF062FD002840F0898048460EF05CFDEE
:10EF8000002877D198F8007007EB870404EB84041D
:10EF9000E40019E70427304685F849760EF04CFD69
:10EFA000B842C6D0394630460EF060FD98F80040B1
:10EFB00004EB840404EB8404E400BAE7042730463D
:10EFC00085F809760EF038FDB8423FF461AF394656
:10EFD00030460EF04BFD98F8004004EB840404EB3F
:10EFE0008404E40054E7102104F1E000C5F864163D
:10EFF0000EF03CFD98F8007007EB870404EB8404E6
:10F00000E4000BE7102104F1D200C5F824160EF03D
:10F010002DFD98F8007007EB870404EB8404E400EE
:10F02000F1E600245046C5F860460EF005FDB8B97B
:10F0300048460EF001FD38B998F8007007EB8704D8
:10F0400004EB8404E400D3E6002148460EF00EFDF4
:10F0500098F8007007EB870404EB8404E400C7E62B
:10F06000504621460EF002FD48460EF0E5FC002811
:10F07000E2D0E9E7002148460EF0F8FC98F800706D
:10F0800007EB870404EB8404E4009DE65046214628
:10F090000EF0ECFC48460EF0CFFC00283FF472AFB7
:10F0A000E8E700BF1893FF1F2093FF1FFFFFFFFF3C
:10F0B0002DE9F041C64C84B00546FFF765FE2946B0
:10F0C0000022204605F008FD01234420D4F8045610
:10F0D00094F8098684F828360EF04EFE962302270F
:10F0E0000293C8232946019305220323009705466E
:10F0F00000260BF045FA06231822394628460093CD
:10F1000001960823C4F82C560BF0B4FAD4F82C0658
:10F1100031460BF04DFB404615F0E0FC0B46024635
:10F120004FF08041002011F07BFD15F0F1FF94F9C4
:10F130002836013B0146032B0AD8DFE813F03101E2
:10F140002B0104002501D4F8340689B20CF05EF8D6
:10F15000D4F82C06FF223F210BF0E4F800254FF4F1
:10F16000F07203210123CDE90015D4F82C061146D5
:10F170000BF08CFB2946D4F82C060BF019FCD4F8C4
:10F180002C060AF0BDFD01234420D4F8447694F8FF
:10F19000498684F868360EF0EFFD962339460293CF
:10F1A0000627C823064601930922072300970BF080
:10F1B000E7F9082318223046022101950097C4F888
:10F1C0006C660BF057FAD4F86C0629460BF0F0FA8F
:10F1D000404615F083FC0B4602464FF0804100206C
:10F1E00011F01EFD15F094FF94F96836013B0146BD
:10F1F000032B08D8DFE803F0C3BD02B7D4F87406C8
:10F2000089B20CF003F8D4F86C06FF223F210BF012
:10F2100089F800254FF4F07203210123CDE9001590
:10F22000D4F86C0611460BF031FB2946D4F86C0675
:10F230000BF0BEFBD4F86C060AF062FDFFF7D8FCB9
:10F2400094F928365A1ED2B2032A1ED86148D4F83F
:10F25000181650F82220023B914228BF1146022B7B
:10F2600000F2AA80DFE803F06F5F0200084615F0A5
:10F2700025FC55A3D3E9002315F0C4FD15F070FF5C
:10F2800081B2D4F838060BF0E7FE94F968365A1EBE
:10F29000D2B2032A02D904B0BDE8F0814D48D4F8B7
:10F2A000581650F82220023B914228BF1146022BEB
:10F2B0007BD8DFE803F014022600084615F0FEFBB9
:10F2C00041A3D3E9002315F09DFD15F049FF81B25C
:10F2D000D4F8740604B0BDE8F0410BF0BDBD08469B
:10F2E00015F0ECFB38A3D3E9002315F08BFD15F0E6
:10F2F00037FF81B2D4F8700604B0BDE8F0410BF0DE
:10F300002BBF084615F0DAFB2FA3D3E9002315F035
:10F3100079FD15F025FF81B2D4F8780604B0BDE878
:10F32000F0410BF099BE084615F0C8FB26A3D3E9BF
:10F33000002315F067FD15F013FF81B2D4F83406F1
:10F340000BF08AFDA1E7084615F0B8FB1EA3D3E930
:10F35000002315F057FD15F003FF81B2D4F83006F5
:10F360000BF0FAFE91E7D4F8780689B20BF0B8FEFC
:10F3700049E7D4F8700689B20BF048FF43E7D4F8A8
:10F380006C060BF03FF83EE7D4F8380689B20BF074
:10F39000A7FEDDE6D4F8300689B20BF037FFD7E6DA
:10F3A000D4F82C060BF02EF8D2E6D4F86C0604B094
:10F3B000BDE8F0410AF0A4BED4F82C060AF0A0FE85
:10F3C00063E700BFAFF30080CD3B7F669EA0F63FB2
:10F3D0002093FF1F04E8020070B58D4C257805EBE3
:10F3E000850505EB8505ED0005F1D20630460EF0EA
:10F3F00023FB18B1002130460EF038FBD3352846E8
:10F400000EF01AFB18B1002128460EF02FFB2078D1
:10F41000D523C82505FB003010210EF027FB2378EB
:10F4200003FB055528460EF007FB402803D040217A
:10F4300028460EF01BFB6E1C30460EF0FDFA7728B6
:10F4400003D0772130460EF011FBAE1C30460EF093
:10F45000F3FA1B2803D01B2130460EF007FB0335BF
:10F4600028460EF0E9FA18B1002128460EF0FEFAFF
:10F47000257805EB850505EB8505ED0005F1CC0646
:10F4800030460EF0D9FAC82803D0C82130460EF015
:10F49000EDFACD3528460EF0CFFA18B100212846F6
:10F4A0000EF0E4FA2078C825CE2305FB00300421B5
:10F4B0000EF0DCFA2078CF2305FB003000210EF09F
:10F4C000D5FA2078D12305FB00300A210EF0CEFAC0
:10F4D0002078D02305FB00300A210EF0C7FA2078EF
:10F4E000D42305FB003000210EF0C0FA257805EB8F
:10F4F000850505EB8505ED0005F1D20630460EF0D9
:10F500009BFA18B1002130460EF0B0FAD3352846E8
:10F510000EF092FA18B1002128460EF0A7FA2278D0
:10F52000E323C82000FB023010210EF09FFA25785B
:10F5300005EB850505EB8505ED0005F1D6063046A2
:10F540000EF07AFA402803D0402130460EF08EFAB1
:10F5500005F1D70630460EF06FFA772803D07721F1
:10F5600030460EF083FA05F1D80630460EF064FA04
:10F570001B2803D01B2130460EF078FAD9352846D7
:10F580000EF05AFA18B1002128460EF06FFA2578CD
:10F5900005EB850505EB8505ED0005F1DA0630463E
:10F5A0000EF04AFAC82803D0C82130460EF05EFAA1
:10F5B000DB3528460EF040FA18B1002128460EF03F
:10F5C00055FA2078C825DC2305FB003004210EF015
:10F5D0004DFA2078DD2305FB003000210EF046FABD
:10F5E0002078DF2305FB00300A210EF03FFA207857
:10F5F000DE2305FB00300A210EF038FA2078E223E2
:10F6000005FB00300021BDE870400EF02FBA00BFAE
:10F610001893FF1FF8B5AD4CAD4E2078FEF73AFBBE
:10F620002078C825642705FB007001210EF01EFA22
:10F630006FF0090220785B23C6E94A23852305FB86
:10F64000003076210EF012FA207896F82C118623DD
:10F6500005FB00300EF00AFA2078982305FB0030F5
:10F6600000210EF003FA2078992305FB00300021D9
:10F670000EF0FCF920789A2305FB003078210EF07B
:10F68000F5F920789B2305FB0030B5210EF0EEF94B
:10F6900006F5947002F016FD20786F2305FB00300C
:10F6A00000210EF0E3F920789C2305FB00300021B7
:10F6B0000EF0DCF920786E2305FB003000210EF0FF
:10F6C000D5F920787A2305FB003039460EF0CEF9C3
:10F6D00020787B2305FB003004210EF0C7F9207849
:10F6E0007C2305FB003010210EF0C0F920787D232B
:10F6F00005FB003040210EF0B9F92078802305FB8E
:10F70000003003210EF0B2F9257805EB850505EBF5
:10F710008505ED0005F17E0738460EF08DF9582875
:10F7200003D0582138460EF0A1F97F3528460EF057
:10F7300083F9022803D0022128460EF097F9227897
:10F740008123C82000FB02300A210EF08FF92578B2
:10F7500005EB850505EB8505ED0005F1BC07384691
:10F760000EF06AF9592803D0592138460EF07EF977
:10F7700005F1BD0738460EF05FF9792803D07921ED
:10F7800038460EF073F905F1BE0738460EF054F90D
:10F79000F32803D0F32138460EF068F9BF35284628
:10F7A0000EF04AF918B1002128460EF05FF92078D2
:10F7B000C8254FF4947305FB003000210EF056F974
:10F7C00020786D2305FB003000210EF04FF92578DD
:10F7D00005EB850505EB8505ED0005F1900738463D
:10F7E0000EF02AF918B1002138460EF03FF905F164
:10F7F000910738460EF020F918B1002138460EF076
:10F8000035F905F1920738460EF016F918B10021C6
:10F8100038460EF02BF9933528460EF00DF918B145
:10F82000002128460EF022F9257805EB850505EB29
:10F830008505ED0005F1940738460EF0FDF818B186
:10F84000002138460EF012F905F1950738460EF002
:10F85000F3F818B1002138460EF008F905F19607C3
:10F8600038460EF0E9F818B1002138460EF0FEF8DF
:10F87000973528460EF0E0F818B1002128460EF022
:10F88000F5F82078C825A52305FB003000210EF0EF
:10F89000EDF82078C72305FB003002210EF0E6F8D2
:10F8A000FFF79AFD2278712315FB023500272846C1
:10F8B000A6F8147186F816710EF0BEF800B9F8BDFE
:10F8C00039462846BDE8F8400EF0D0B81893FF1F1F
:10F8D0002093FF1F38B500200EF0AEF80024034639
:10F8E000012063F307040EF0A7F80346022063F338
:10F8F0000F240EF0A1F80346032063F317440EF023
:10F900009BF8294B60F31F649C4228D000242046BA
:10F91000002101340EF0AAF8B4F5006FF7D1234DA1
:10F9200023480024FDF7D8FE2C70FFF773FE012357
:10F930002B70FFF76FFE20462C700EF07DF86A28C2
:10F9400028D101200EF078F8542819D102200EF0A9
:10F9500073F802280AD103200EF06EF800B938BD02
:10F96000BDE83840002103200EF080B8022108468F
:10F970000EF07CF803200EF05FF80028EFD0EFE7E0
:10F98000542101200EF072F802200EF055F80228E2
:10F99000E1D0EBE76A2120460EF068F801200EF076
:10F9A0004BF85428D2D0EBE76A5402001893FF1F9B
:10F9B000D892FF1F2DE9F84304200EF03DF80128EE
:10F9C000D14D00F2D7812870D04C04F10F07C4F15B
:10F9D000F10630190EF030F804F8010F002800F09D
:10F9E0006C81A742F5D1CA4E0020FEF753F9C94CED
:10F9F000C4F5DC7704F10F08013738190EF01CF854
:10FA000004F8010F002800F05281A045F5D1012033
:10FA1000FEF740F92C7804EB840404EB8404E40042
:10FA200004F1640738460EF007F8431EDBB2032BDF
:10FA300000F2AA8100230128B07586F8353000F065
:10FA4000B281022802D0042800F0BD8100220323E5
:10FA5000727586F8793404F1810840460DF0ECFFA8
:10FA600015F0A8FCAC4915F0F9FC0021074615F08B
:10FA700089FE002840F02781A849384615F0AAFEE3
:10FA8000002840F02081384615F03AF8DFF89082DF
:10FA900048E9020104F185000DF0CEFFA0F18003DA
:10FAA00004F18600C6F828310DF0C6FFC6F82C0117
:10FAB00004F19B000DF0C0FF034604F19800C6F866
:10FAC00040310DF0B9FF803815F074FC954915F000
:10FAD000C5FC954915F076FD11F07EFF15F09AFEF4
:10FAE00080EAE072A2EBE072B52A0346A8BF3C238D
:10FAF000C6F8303104F199000DF09EFF803815F002
:10FB000059FC884915F0AAFC874915F05BFD11F0F6
:10FB100063FF15F07FFE80EAE072A2EBE072B52A87
:10FB2000034604F19A04A8BF3C23C6F834312046AA
:10FB30000DF082FF15F03EFC7C4915F043FD7C4939
:10FB4000074615F029FE002840F0CF807949384655
:10FB500015F040FE002840F0C880384614F0D0FF71
:10FB6000C6E94E01744CD6F8FC0600220023274655
:10FB700067E8282314F0B2FFC7E90001D6F84C0764
:10FB800014F0ACFF54E94C2344E90601A4F50260EB
:10FB900044E9222303F0F2FF2C78002800F0D680FD
:10FBA00004EB8404022304EB840486F80835E400A3
:10FBB00004F190000DF040FF002760F3070704F107
:10FBC00091000DF039FF60F30F2704F192000DF062
:10FBD00033FF60F3174704F193000DF02DFFDFF8BA
:10FBE0005C9160F31F674CF2503807EB08034B45FC
:10FBF00088BF002704F19400C6F820750DF01CFFA3
:10FC0000002760F3070704F195000DF015FF60F37E
:10FC10000F2704F196000DF00FFF60F3174704F172
:10FC200097000DF009FF60F31F67B844C84588BF0F
:10FC3000002704F17100C6F824750DF0FDFE03469F
:10FC400003F0010286F81421C3F34002C3F38003DA
:10FC500004F1700086F8152186F816310DF0ECFEDF
:10FC6000014637480329017040F28180FDF734FDD9
:10FC700000270123384686F8F83586F87C76FFF7AA
:10FC800017FA234800F0DAFF2A78A523C82414FBCA
:10FC900002342046B523C6F840310DF0CDFE1428BD
:10FCA00000F28780B060BDE8F843FDF711BE96F81A
:10FCB0002630002B3FF4ABAEACE6154EF37D002BA7
:10FCC0003FF492AE93E6164BDFF8789040461E2143
:10FCD0004FF0000843E902890DF0C8FE2C7804EBD0
:10FCE000840404EB8404E400D4E6174B002220468D
:10FCF000C6E94E230DF0A0FE78283FF433AF7821FB
:10FD000020460DF0B3FE2DE71893FF1F3693FF1F1B
:10FD10002093FF1F4593FF1FCDCCCC3D0000C84171
:10FD20001099FF1F00007042000070410000204148
:10FD30000000104100004041409BFF1FA0860100D1
:10FD4000D892FF1F000008400000284004EB840404
:10FD500004EB8404E40004F16D000DF06DFE431E1D
:10FD6000DBB2022B28BF012086F8080520E7FCF74C
:10FD7000FBFD7DE700242C70FFF74CFC01232B706A
:10FD8000FFF748FC2C701FE6012138460DF06EFE8F
:10FD90002C7804EB8404012204EB84040023B27564
:10FDA000E40086F8353002220323727586F8793430
:10FDB00051E6204639460DF059FE3846B060BDE8A0
:10FDC000F843FDF785BD0122737586F8792442E674
:10FDD00008B50DF0FBFDBDE808400DF0F7BD00BF14
:10FDE0002DE9F84F04463C3009F0A8FEA84BA9497C
:10FDF000DFF8A4B2DFF8A49200220020C4E948236F
:10FE0000C4E94601214604F59470002501F030FF55
:10FE10000026002704F58E63C4E9A267C4E9A4673D
:10FE2000C4E9A667C4E9CE67A4F8305384F8325316
:10FE300084F8605443E902674FF40033C4F878341F
:10FE40000023C4F8943404F5946384F87054C4F81F
:10FE50007C54C4F88054C4F88454C4F88854C4F85A
:10FE60008C5484F8905484F89854C3E9006704F5DE
:10FE7000966343E90267C3E9006704F5986343E9C1
:10FE80000267214604F5A96001F03CFCFF2384F8D9
:10FE9000283684F8683604F5D063C4F82C56C4F8C4
:10FEA0003056C4F83456C4F83856C4F86C56C4F802
:10FEB0007056C4F87456C4F87856C3E9006704F560
:10FEC000D263A4F8885684F88A5604F5EE62C3E932
:10FED00000674FF0000A04F5FE63A4F8985684F812
:10FEE0009A56A4F868572146C2E90067C2E916ABE2
:10FEF000C2E9126704F67800C2E914ABA4F8F0571F
:10FF0000C3E90267C3E918ABC3E91467C3E916ABD9
:10FF100000F0DEFB214604F67C0005F0DFF9214607
:10FF200004F5086003F036F84FF080734FF00108D5
:10FF300023604FF4407384F8168023822946C4E975
:10FF400002552571A5821E2204F1170017F05EFCF0
:10FF500004F59A6384F8388084F87C54A4F87854C3
:10FF600084F83550E586A4F8145184F8165184F8C5
:10FF7000C05443E90267C3E9006704F59C6343E9A1
:10FF80000267C3E900674FF0000804F59E63C3E908
:10FF900000890FF2EC09D9E9008943E9026704F509
:10FFA000A06384F8F854C3E900894FF00203A4F871
:10FFB000083504F5A26804F5A86304F5A46984F87B
:10FFC0000A5504F5AA6284F80B55C8E900AB49E963
:10FFD0000267C4F82055C4F82455C4F82855C4F85D
:10FFE0002C55A4F8305543E902AB2D4B84F840550D
:10FFF00084F8495584F8485504F5AC66C2E900AB6D
:020000021000EC
:10000000002246E90223274B0022C6E90023264BA3
:1000100004F5AE6E00224EE90223244B0022CEE905
:1000200000234FF07A53C4F8E035214B4FF0040C15
:1000300004F5BE66002284F878C584F879C546E9DF
:1000400002231C4B84F8F85504F5D661002204F510
:10005000D466A4F87C56C6E90023C1E900230AA3AC
:10006000D3E9002304F5D86841E90223204648E992
:10007000022384F8C056BDE8F88F00BFAFF30080BC
:10008000000000202B6F2E4100000000006AF840A5
:1000900000805B40000024400000F03F00804640AC
:1000A00000001040000030400000504000C082407E
:1000B000000008400000284000F67C0005F010B960
:1000C00000F67C0005F020B900F5A96001F0A4BDA0
:1000D00000F5A96001F028BB00F5086002F05CBFE4
:1000E00000F5086003F03CB800F5086003F018B9AB
:1000F00000F5086003F036B900F5086003F0E4B9D4
:1001000000F5086003F06EBA00F5086003F0A4BAC9
:1001100000F5086003F01ABC00F5086003F004BCA9
:1001200000F5086003F0B0BA00F5086003F034BBD6
:1001300000F5086003F0CEBA00F5086003F04CBB90
:1001400091F8142102704DF804BDD1E946BCD1E903
:100150004812C0E902BCC0E904125DF804BB704754
:1001600091F8152102704DF804BDD1E946BCD1E9E2
:100170004812C0E902BCC0E904125DF804BB704734
:1001800091F8162102704DF804BDD1E946BCD1E9C1
:100190004812C0E902BCC0E904125DF804BB704714
:1001A000FFF708BC38B504461620FDF781FB0DF0BB
:1001B00043FC002847D015F0FDF8294915F002FA54
:1001C00014F09EFC04F5AA63C3E900011720FDF7B3
:1001D0006FFB0DF031FC00283ED015F0EBF814F069
:1001E0008FFC04F5AC6545E902011820FDF760FBC2
:1001F0000DF022FC68B315F0DDF814F081FCC5E9C0
:1002000000011920FDF754FB0DF016FCF0B115F0BC
:10021000D1F814F075FC04F5AE6343E902011C202B
:10022000FDF746FB0DF008FC042828BF042084F8E5
:10023000790594F87935DBB284F878352046BDE845
:10024000384004F089B807490020BBE70649002080
:10025000E1E706490020D2E705490020C1E700BFD9
:100260000000C8420000F03F000050400000304055
:100270000000104070B506465820FDF719FB0546F2
:100280000DF0DAFB00240346681C63F307040DF04D
:10029000D3FB60F30F24A81C0DF0CEFB0346E81C33
:1002A00063F317440DF0C8FB60F31F64204614F09D
:1002B00015FC074B002214F07BFC06F5A063C3E994
:1002C0000001304604F06CF9BDE8704005F05CBFF9
:1002D0000000B03F704700BF90F8F83408461BB9E3
:1002E0001946C0B20DF08CBF0121C0B20DF088BF1D
:1002F00008B50DF06BFB0DF069FBBDE80840014847
:10030000FFF76EBD2093FF1F38B5044672B6D0E9E3
:100310002E0114F0FDFED4F8B050401BC4F8C0000C
:1003200062B672B6D4E9500114F0F2FED4F8385136
:10033000401BC4F8480162B638BD00BF72B6D0F8A1
:10034000B030D0F8B4209B1AC0F8C43062B672B690
:10035000D0F83831D0F83C219B1AC0F84C3162B645
:10036000704700BF80F8A01080F82811704700BFC8
:1003700010B5044672B6D0E94001D4E96223C4E95D
:100380003E01C4E96023D4E90A01D4E93E2314F014
:100390000FFCD4E96023C4E93401D4E91E0114F050
:1003A00007FCC4E9560162B610BD00BF2DE9F04755
:1003B00019468246104605F073FE06460F46DDE9F3
:1003C000080105F06DFE04460D4672B6164BDDE9D8
:1003D0000A01002214F0ECFBDAE904238046894686
:1003E00014F0E6FB02460B463046394614F00AFD8F
:1003F00032463B4614F0DCFBDAE91823CAE92A014D
:100400004046494614F0D4FB02460B462046294696
:1004100014F0F8FC22462B4614F0CAFBCAE94C0142
:1004200062B6BDE8F08700BF000010402DE9F0473C
:10043000824614461D4672B6DDE90C232946C0E902
:100440004223DDE90823204614F0DCFC244F00267B
:10045000CAE93601CAE93867DAE93601DAE9382348
:1004600014F0D0FCCAE93A010E98DAE9368914F0A2
:1004700035FB02460B464046494614F0C3FCDDE915
:100480000C23CAE94601CAE96423DAE93623204687
:10049000CAE93C232946DDE90A2314F0B3FCCAE982
:1004A0005801CAE95A67DAE95801DAE95A2314F01F
:1004B000A9FCCAE95C010F9814F010FBDAE9584571
:1004C00002460B462046294614F09CFCCAE9680106
:1004D000DAE95823CAE95E2362B6BDE8F08700BFB7
:1004E00000002040D0F8840043428B4204DC884264
:1004F000B4BF0220012070470220704772B6D0F8C6
:10050000B0300B60D0F83831136062B6704700BF6E
:1005100070B505461E462B6D1446A342059A084643
:1005200018DAC4EB43042B6BC81A0223137014F0BF
:10053000D5FAD5E9042314F065FCC6E9000120468C
:1005400014F0CCFAD5E9182314F05CFC049BC3E941
:10055000000170BD5942A14205DD2344CC1A2B6B2A
:10056000C01A0223E2E70123E0E700BFF8B5044622
:1005700019461046D4E9042314F01AFB14F0C8FD00
:10058000099D9DF820702860D4E91823DDE9060153
:1005900014F00EFB14F0BCFD0A9E012F306015D93B
:1005A000236DC0EB430030602B68226B00E0A26833
:1005B00013442B60226B51428B42F8DB9A4205DADE
:1005C000A2689B1A2B60226B9342F9DCF8BD00BF36
:1005D00038B5044672B60B68C0F8B4301368C0F87A
:1005E0003C310B68C0F8B0301568C0F83851086865
:1005F00014F074FAC4E92E01284614F06FFAC4E925
:10060000500162B638BD00BF2DE9F04104460F46E7
:1006100016461D4672B6D0F8B000D4F8388162B6DE
:1006200014F05CFAD4E9042314F0ECFBC7E90001F0
:10063000404614F053FAD4E9182314F0E3FB0022E7
:100640000023C6E90001C5E90023BDE8F08100BF31
:100650002DE9F043054685B00C4672B6D1E9042376
:10066000D1E92E0114F0CEFBD4E9182306460F463B
:10067000D4E9500114F0C6FB8046894662B60EA349
:10068000D3E900233046394614F092FA02460B466D
:10069000CDE90223404608A3D3E90023494614F0DC
:1006A00087FA0022CDE900010023284608F044FC27
:1006B000284605B0BDE8F083000000A046DF913F6A
:1006C00008B50DF083F9BDE808400DF07FB900BF13
:1006D00001607047F8B5046804F5DC6353E902670C
:1006E0000546D4F8080714F00BFA32463B4614F0DE
:1006F0005FFA14F00DFDC4F80007D4F80C0714F0ED
:10070000FFF932463B4614F053FA14F001FD04F5AC
:10071000E66353E90267C4F80407D4F8580714F0F5
:10072000EFF932463B4614F043FA14F0F1FCC4F8FA
:100730005007D4F85C0714F0E3F932463B4614F056
:1007400037FA14F0E5FCC4F854072420FDF7B0F89C
:100750002B6844490446D3F8080714F07FFE15F0CF
:1007600059F8C6B207B220460DF066F9864203D0AA
:10077000314620460DF07AF9013420460DF05CF93F
:10078000C7F30721814202D020460DF06FF92620E1
:10079000FDF78EF82B6833490446D3F80C0714F0A4
:1007A0005DFE15F037F8C6B207B220460DF044F9E9
:1007B000864203D0314620460DF058F901342046D8
:1007C0000DF03AF9C7F30721814202D020460DF01F
:1007D0004DF92820FDF76CF82B6822490446D3F820
:1007E000580714F03BFE15F015F8C6B207B22046C4
:1007F0000DF022F9864203D0314620460DF036F93D
:10080000013420460DF018F9C7F30721814202D0C8
:1008100020460DF02BF92A20FDF74AF82B681149E4
:100820000446D3F85C0714F019FE14F0F3FF0546F4
:1008300020460DF001F92EB2EDB2854203D02946D3
:1008400020460DF013F9013420460DF0F5F8C6F3FB
:100850000721814200D1F8BD2046BDE8F8400DF0E7
:1008600005B900BF0000204110B52420FDF720F895
:1008700004460DF0E1F80F2803D00F2120460DF0BB
:10088000F5F8013420460DF0D7F8272803D02721AA
:1008900020460DF0EBF82620FDF70AF804460DF08F
:1008A000CBF8F12803D0F12120460DF0DFF8013418
:1008B00020460DF0C1F8D82803D0D82120460DF0ED
:1008C000D5F82820FCF7F4FF04460DF0B5F80F2802
:1008D00003D00F2120460DF0C9F8013420460DF059
:1008E000ABF8272803D0272120460DF0BFF82A2097
:1008F000FCF7DEFF04460DF09FF8F12803D0F1214C
:1009000020460DF0B3F8013420460DF095F8D828B4
:1009100000D110BD2046D821BDE810400DF0A6B88A
:100920002DE9F843104691461F460E46FCF7C0FFDE
:1009300004460DF081F80546601C0DF07DF8EDB21F
:100940002C4960F30F25306C14F088FD14F062FF21
:1009500028498046706C14F081FD14F05BFF2DB2C5
:100960004545044601DB854241DD4846FCF7A0FFD2
:1009700005460DF061F8002F08BF4446E1B2814200
:100980000FFA84F82FD1013528460DF055F8C8F339
:100990000728804522D1002520467FB114F09EF81B
:1009A000D6E9042314F004F9134B002214F02AFAB8
:1009B00014F0AEFBF0632846BDE8F88314F08EF81F
:1009C000D6E9042314F0F4F80B4B002214F01AFAC1
:1009D00014F09EFBB0632846BDE8F88341462846E4
:1009E0000DF044F8D7E728460DF040F8CBE72C4649
:1009F0000125D1E7000020410000244001680023C8
:100A0000242201F5D961FFF78BBF00BF01680123E4
:100A1000262201F5D961FFF783BF00BF01680023DB
:100A2000282201F5E361FFF77BBF00BF01680123C6
:100A30002A2201F5E361FFF773BF00BF08B50CF090
:100A4000C5FFBDE808400CF0C1BF00BF9DF808100D
:100A5000029100F5D960FFF789BD00BF00F5D960AC
:100A6000FFF7B6BDF8B500230374044690F840358F
:100A70000E46154672B600F5A063D3E9000105F0F5
:100A80001FFB04F5EE63D3E90C01C3E9120104F581
:100A9000FE63D3E90E01C3E91401D4F87837C4F832
:100AA0007C37D4F80038C4F80438306814F016F8ED
:100AB00004F5F06306460F462868C3E9006714F0A2
:100AC0000DF804F5016343E9020162B62046BDE872
:100AD000F84002F0B1B900BF2DE9F04F89B0002312
:100AE0000446084617460D46079308F071FB8246F8
:100AF00028468B4608F068FB1DA3D3E900238046F7
:100B000089465046594614F053F802460B460DF1FB
:100B10001C0B0DF1180A029716461F46404614A3F7
:100B2000D3E900234946CDF810B0CDF80CA014F05D
:100B30003FF804F5D965CDE900013B463246284629
:100B4000FFF714FD5A4651462846FFF741FD94F839
:100B50007C362BB172B6D4F87837D4F8003862B648
:100B600000230120E37009B0BDE8F08FAFF30080EF
:100B700000000020DCA54C4070B59AB004460E463B
:100B8000014608A81546FFF7EBFA04F52273079310
:100B900004F5D87306930DF1200CBCE80F00EE4667
:100BA000AEE80F009CE803008EE803003146DDE963
:100BB0001E230EA807F01CFE2A460EA92046FFF7AA
:100BC0008BFF1AB070BD00BF30B58DB000F5227339
:100BD0000446154600F5D872684608F0C5F82A465E
:100BE00069462046FFF778FF0DB030BD90F87C369F
:100BF00003B9704710B500F5DC6182B004460022ED
:100C0000002351E9020113F0D3FF14F081FA04F537
:100C1000E66100220023009051E9020113F0C8FFB1
:100C200014F076FA01AA0346694604F5D9600193E7
:100C3000FFF7CEFC0023E37002B010BD90F87C36C5
:100C40002BB172B6D0F87837D0F8003862B670475A
:100C50002DE9F04F90F87C6689B0002E00F0A68058
:100C6000814B1A788A42044613D04A1E062A0FD8AE
:100C7000DFE812F00700DB00E400B700C000C900A5
:100C8000D2007A4ADFF8E8914FF00008C2E9008903
:100C90001970002900F08A8072B6D4F87887D4F8E9
:100CA0000038069362B604F5DC6353E9020104F5EB
:100CB000E667002200230797CDE9040113F078FFCF
:100CC00014F026FA57E90223054619461046002378
:100CD0000022CDE9000113F06BFF14F019FA04F5BE
:100CE000D063D3E9002362490746002014F08AF854
:100CF00002460B46CDE902235C4BD3E900AB5246DA
:100D00005B4614F0D1F908B1CDE902ABA8EB0500C0
:100D10000028B8BF404213F0E1FEDDE9022380461F
:100D20008946DDE9040113F043FF02460B464046C5
:100D3000494614F0C3F900283DD1054604F5D263B5
:100D4000D3E900234A49002014F05CF852465B4680
:100D50008046894614F0A8F908B9C246CB46069BDE
:100D6000D81B0028B8BF404213F0B8FEDDE90023CD
:100D7000804689465046594613F01AFF02460B46F4
:100D80004046494614F09AF988B172B6C4F8007822
:100D9000D4F8000813F0A2FE04F5016444E902014E
:100DA00062B63546284609B0BDE8F08F00252846D2
:100DB00009B0BDE8F08F72B6C4F87857D4F8780758
:100DC00013F08CFE04F5F063C3E9000162B6079BE3
:100DD00053E90223CDE90023244B3546D3E900AB88
:100DE000ACE70FF26C09D9E90089204A1970C2E911
:100DF00000894EE70FF26009D9E900891B4A197092
:100E0000C2E9008945E70FF25809D9E90089174A74
:100E10001970C2E900893CE7144A19704FF00008C4
:100E20004FF00009C2E9008933E7104ADFF8449027
:100E300019704FF00008C2E900892AE70B4ADFF871
:100E4000389019704FF00008C2E9008921E700BF0F
:100E5000000000201111C13F000000201111B13F1E
:100E6000000000201111A13FB09BFF1FA89BFF1F96
:100E70000000F03F0000E03F0000D03F00F5D960E7
:100E8000FFF7C2BBFFFFFFFFD0B50E468AB0044696
:100E900008AB06AA04A906F5D960FFF7B5FBDDE9A2
:100EA000080111A3D3E9002313F082FE0EA3D3E9B6
:100EB000002306460F46DDE9040113F079FE0AA37C
:100EC000D3E90023CDE90201DDE9060113F070FE4C
:100ED0003246CDE900013B46204608F02DF8204679
:100EE0000AB0D0BDAFF30080000000A046DF913F04
:100EF000F0B59DB00C46054610A816461F46FFF7F4
:100F0000C3FF21460AA8FFF72BF9CDE9066704F5D0
:100F1000227308930DF1280CBCE80F00EE46AEE8F2
:100F20000F009CE8030004F5B4728EE80300284625
:100F300010A908F025F928461DB0F0BDF0B51646F9
:100F40009DB000221F460023CDE90223CDE90023F6
:100F50000C46054610A807F0EFFF21460AA8FFF748
:100F6000FFF8CDE9066704F5227308930DF1280C0C
:100F7000BCE80F00EE46AEE80F009CE8030004F565
:100F8000B4728EE80300284610A908F0F9F8284644
:100F90001DB0F0BDF0B59DB00C46054601F5D96118
:100FA00010A816461F46FFF753FB21460AA8FFF775
:100FB000D7F8CDE9066704F5227308930DF1280CE4
:100FC000BCE80F00EE46AEE80F009CE8030004F515
:100FD000B4728EE80300284610A908F0D1F828461C
:100FE0001DB0F0BD30B59BB00C4605460EA8FFF70E
:100FF0004BFF214608A8FFF7C3F804F522730693B8
:101000000DF1200CBCE80F00EE46AEE80F009CE8A6
:10101000030004F5B4728EE8030028460EA907F019
:10102000FFFF28461BB030BD30B591F87C369BB031
:10103000054623B300220023CDE90223CDE9002396
:101040000C460EA807F078FF214608A8FFF798F88D
:1010500004F5227306930DF1200CBCE80F00EE4658
:10106000AEE80F009CE8030004F5B4728EE80300BC
:1010700028460EA907F0D4FF28461BB030BDFFF765
:10108000B1FF28461BB030BD2DE9F04F8BB00E46A6
:10109000149FDDF854800397CDF8108019780291E1
:1010A0001546D5E900BCDDF858E0089300F5D96392
:1010B0009DF860A00793044618469DF85C3006939F
:1010C00004F59479D6E90023CDE900BC8EF8001030
:1010D000CDF824E0FFF74AFAD8F8002039685346E3
:1010E000484600F05DFF20B9069B13B1617D0229DF
:1010F00002D00BB0BDE8F08F089B07981B78CDF8A5
:101100001080012B18BF012102910397D5E90045FA
:10111000D6E90023099E3170CDE90045FFF726FA94
:10112000D8F800203968534648460BB0BDE8F04F68
:1011300000F036BF30B590F8F83583B001910092D9
:10114000E3B1044602F0F4FC78BB94F899358BB90E
:1011500094F8C93559B26BB92378012B23D894F888
:10116000F854AB1F012B16D965B10A35EDB22846EC
:1011700003B030BD0725284603B030BD0B252846F7
:1011800003B030BD2046E5706A4601A9FFF76AFC4E
:10119000284603B030BD204602F0ECFC94F8F85429
:1011A000002DE2D1EEE70425E5E7204602F0EEFC53
:1011B0000525E0E7FFFFFFFF82B02DE9F0419AB07F
:1011C0000021044620AD0020CDE90A01CDE90C0143
:1011D0004FF00008284685E80C00CDF824808DF8F3
:1011E0001F8007F08FFE42A3D3E9002313F0E0FC39
:1011F0000646D4F828010F4613F070FC3EA3D3E94D
:10120000002313F01DFB32463B4613F061FF00281C
:1012100054D10546D4F82C0113F060FC36A3D3E971
:10122000002313F00FFB32463B4613F033FF064614
:1012300000283BD104F5227304F5D87220A90EA82A
:1012400007F092FD0EA807F0C3FF29A3D3E90023FE
:1012500013F0AEFC02460B460EA8CDE90A2307F0B8
:10126000B3FF23A3D3E9002313F0A2FC01230393CC
:101270000DF11F03029309AB019308ABCDE90C01FB
:10128000009304962EAB0CAA0AA92046FFF7FCFE99
:1012900018B3DDE908122046FFF74CFFB0B994F807
:1012A000403533B9022384F8403502E084F84055D4
:1012B00008201AB0BDE8F04102B07047012084F860
:1012C00040851AB0BDE8F04102B0704784F840652F
:1012D0001AB0BDE8F04102B0704784F8400506201E
:1012E0001AB0BDE8F04102B0704700BFAFF3008014
:1012F00000000020DCA54C40000000E0E2361A3F70
:1013000082B070B5A2B00146044626A880E80C0061
:101310000EA89DF8C860FEF723FF0DF1380CBCE85D
:101320000F00EE46AEE80F009CE803008EE80300D5
:1013300014ADDDE9342326A9284607F0F1F90C960F
:101340000DF1580EBEE80F00EC46ACE80F00BEE809
:101350000F00ACE80F009EE80F008CE80F0020465D
:1013600095E80C00FFF728FF38B9012384F84035D1
:1013700022B0BDE8704002B07047002384F84035C9
:1013800022B0BDE8704002B0704700BFFFFFFFFF12
:101390002DE9F04F00F5947599B0044600230BAA8F
:1013A0000AA928468DF8273004F5D96A00F044FED2
:1013B0000DF1270212AB01920093DDE90A1210AB86
:1013C0005046FFF7A5F8204602F0C4FB0DAB04938E
:1013D0000CAB0393DDE9122301280CBF4FF0020B85
:1013E0004FF0010BCDE900235046DDE91023CDF885
:1013F00008B0FFF7BBF8DDE90C120123284600F026
:10140000CFFD18B9062019B0BDE8F08F16AA14A9AF
:1014100028460C9F0D9E00F00FFE149BA7EB0309BE
:10142000169BB9F1000FA6EB030804F5D463D3E9CA
:101430000023B8BFC9F10009A3A1D1E90001B8F1A7
:10144000000FB8BFC8F1000813F0DCFC04F5D66348
:10145000D3E9002306460F469BA1D1E9000113F012
:10146000D1FC9BA3D3E90023CDE9060130463946E0
:1014700013F010FE10B196A7D7E9006794A3D3E943
:101480000023DDE9060113F005FE20B190A3D3E9A6
:101490000023CDE90623484613F020FB32463B46A5
:1014A00013F0B0FC064640460F4613F017FBDDE98B
:1014B000062313F0A7FC8046894602460B463046B9
:1014C000394613F005FE002800F0AE80844B002260
:1014D0003046394613F0DEFD00283FD1814B002213
:1014E0003046394613F0F4FD002800F0C68094F829
:1014F0000A357D494FF07060002B36D1DDE91223AB
:10150000DDE91067CDE90623CDE91467CDE916239F
:101510000DF13C08DDE906230EA9CDE90023504674
:1015200032463B460391CDF81080CDF808B0FFF766
:101530001DF8DDE90E120123284600F031FD0028D8
:101540003FF460AFDDE90E120123284600F02EFCC7
:1015500000286CD1112019B0BDE8F08F94F80A353D
:101560005DA1D1E90001002BC8D0604B002213F02F
:101570001FFBDDE91023CDE91423DDE91223CDE9BA
:1015800016238046894672B604F5F061D1E9000160
:1015900004F5F46353E90223CDE9060140464946C8
:1015A00013F006FB10F08CF90B46024649469946AB
:1015B00004F5026340469046D3E9002313F0F8FA9D
:1015C00004F5016656E9026710F07AF962B6002365
:1015D0008DF83C3013F09CFD13F080FA32463B4608
:1015E00013F030F913F094FD49460646404613F0D7
:1015F0008FFD13F073FADDE9062313F023F913F0DE
:1016000087FD0DF13C0816AB324601460093CDF83C
:10161000048014AB5046FEF77BFFDDE91623DDE9BD
:101620001467CDE9062375E746464F464EE7DDE9E8
:101630000E120123284600F023FBA8B1204602F039
:1016400089FA584517D094F8F834063B012B0DD988
:10165000DDE90C122046FFF76DFD00287FF4D3AEC4
:10166000032384F84035CEE61020CCE60021204646
:1016700002F080FAECE70320C5E61D4B3046394600
:101680004FF0804213F094FA94F80A35002B3FF49F
:1016900035AF164B002213F08BFADDE91223DDE99A
:1016A0001067CDE90623CDE9162300220023CDE9FA
:1016B00014678046894613F0E3FC00283FF463AFCB
:1016C0000DF13C0826E700BF0000000080842E4199
:1016D000000000E00B2E113E000000403333E33FDA
:1016E0000000E03F00C0824000808640000059407A
:1016F0003333F33F08B50CF069F9BDE808400CF04E
:1017000065B900BF30B4074DC0F8A810002400220E
:10171000C0E91245C0E91E4580F8502030BC80F871
:10172000802070470000F03F0278012AD3B206D033
:101730000078A0F10200B0FA80F040097047184626
:10174000704700BF38B5D0F8A83093F8F8240446A5
:10175000002A60D1826E12BBA26B002A00F0A68024
:1017600094F85120022A00F08D8094F85120FE2A2E
:1017700000F0888064490020C4E912010023A363BB
:1017800094F88130022B2DD094F88130FE2B29D093
:101790005D4900230020C4E91E01A36638BD94F80A
:1017A0005120022A03D094F85120FE2AE2D1A26BE4
:1017B000002A67D172B694F85130022B04BF01237E
:1017C00084F8513094F85130FE2B04BFFF2384F885
:1017D00051304D4B0022C4E9122362B694F8813097
:1017E000022BD1D1A36E002B37D0D4F8A83093F8B8
:1017F000603803F0FF05002B7DD10CF071FDD4E9BA
:101800001A23C11A91429CBF9B181D1AA5660CF0A1
:1018100067FDE06638BD00238363836672B690F887
:101820005130022B04BF012380F8513090F8513021
:10183000FE2B04BFFF2380F8513090F88130022B3B
:1018400004BF012380F8813090F88130FE2B02D153
:10185000FF2380F8813062B638BD72B694F88130CB
:10186000022B04BF012384F8813094F88130FE2BD1
:1018700004BFFF2384F88130234B0022C4E91E23D8
:1018800062B638BD93F8D83703F0FF05002B36D188
:101890000CF026FDD4E90E23C11A91429CBF9B187F
:1018A0001D1AA5630CF01CFDE06369E772B694F89D
:1018B0005130022B04BF012384F8513094F8513089
:1018C000FE2B04BFFF2384F8513094F88130022BA3
:1018D00004BF012384F8813094F88130FE2B04BFCB
:1018E000FF2384F88130084B0022C4E91223C4E9A5
:1018F0001E2362B6B0E70CF0F3FCE06638BD0CF0D6
:10190000EFFCE0633CE700BF0000F03FD0F8A830F8
:1019100093F8F8242DE930480446002A5BD190F86A
:101920005120022A0DD094F85120FE2A09D094F8B3
:101930008130022B2AD094F88130FE2B26D0BDE8CE
:10194000308893F8D837002BF1D172B6D4E916BCA1
:1019500094F851305BB2002B07DC94F851301A0632
:101960005FD44FF0000B4FF0000CD4F8A85005F5F1
:10197000F065D5E900015A46634612F063FFC5E9F8
:10198000000162B694F88130022BD4D1D4F8A8308B
:1019900093F86038002BD2D172B6D4E922BC94F807
:1019A00081305BB2002B07DC94F881301B0634D405
:1019B0004FF0000B4FF0000CD4F8A84004F5016480
:1019C00054E902015A46634612F03CFF44E9020121
:1019D00062B6BDE8308800238363836672B690F8F0
:1019E0005130022B04BF012380F8513090F8513060
:1019F000FE2B04BFFF2380F8513090F88130022B7A
:101A000004BF012380F8813090F88130FE2BDFD1B4
:101A1000FF2380F8813062B6DBE70CF100439C467F
:101A2000CAE70CF100439C469FE700BF90F8513095
:101A3000022B2DE93048044632D090F85130FE2B6D
:101A40002ED094F88130022B05D094F88130FE2BF3
:101A500001D0BDE83088D4F8A83093F86038002B66
:101A6000F7D172B6D4E922BC94F881305BB2002B76
:101A700007DC94F881301B063AD44FF0000B4FF08E
:101A8000000CD4F8A84004F5016454E902015A4658
:101A9000634612F0D7FE44E9020162B6BDE8308821
:101AA000D4F8A83093F8D837002BCAD172B6D4E94D
:101AB00016BC94F851305BB2002B07DC94F851301F
:101AC0001A0611D44FF0000B4FF0000CD4F8A850B8
:101AD00005F5F065D5E900015A46634612F0B2FEFD
:101AE000C5E9000162B6ACE70CF100439C46EDE7A6
:101AF0000CF100439C46C4E7D0F8A83093F8F824D2
:101B00002DE930480446002A5BD190F85120022A82
:101B10000DD094F85120FE2A09D094F88130022B80
:101B20002AD094F88130FE2B26D0BDE8308893F877
:101B3000D837002BF1D172B6D4E916BC94F85130E5
:101B40005BB2002B07DC94F851301A065FD44FF0DB
:101B5000000B4FF0000CD4F8A85005F5F065D5E95E
:101B600000015A46634612F06DFEC5E9000162B6F7
:101B700094F88130022BD4D1D4F8A83093F860388F
:101B8000002BD2D172B6D4E922BC94F881305BB27A
:101B9000002B07DC94F881301B0634D44FF0000B87
:101BA0004FF0000CD4F8A84004F5016454E9020198
:101BB0005A46634612F046FE44E9020162B6BDE8A9
:101BC000308800238363836672B690F85130022B0D
:101BD00004BF012380F8513090F85130FE2B04BF30
:101BE000FF2380F8513090F88130022B04BF01238D
:101BF00080F8813090F88130FE2BDFD1FF2380F810
:101C0000813062B6DBE70CF100439C46CAE70CF179
:101C100000439C469FE700BF0278B2B172B60F4AFC
:101C2000116862B6D2F814C061450ED090F800C0B9
:101C30005161BCF1010F09D00278022A08D0027864
:101C4000032A07D00378042B06D07047FFF77ABD2C
:101C5000FFF75CBEFFF7EABEFFF74EBF5891FF1FCC
:101C600008B50BF0B3FEBDE808400BF0AFBE00BFF7
:101C7000C161704780687047C0687047FFFFFFFF11
:101C80002DE9F843D0E9046704468946154698468D
:101C90000022434B3046394613F010FA002875D124
:101CA000B8F1000F0CD1E469294604F5D960FEF7BC
:101CB00019FC01283CD002280CD00020BDE8F88394
:101CC0003046394634A3D3E9002312F0BBFD064663
:101CD0000F46E8E7484612F001FF8046D4F8C806F0
:101CE000894612F0FBFE02460B4630463946164640
:101CF0001F4600222B4B12F0A3FD04F5DA642A4B99
:101D0000002212F055FFD4E9022312F051FF0246DF
:101D10000B463046394612F093FD02460B464046CC
:101D2000494613F0D5F9003818BF0120BDE8F88303
:101D3000484612F0D3FE02460B4630463946164658
:101D40001F460022174B12F07BFD174B002212F0AA
:101D50002FFF04F5DA63D3E9022312F029FF80464E
:101D6000D4F8C806894612F0B9FE02460B46404632
:101D7000494612F067FD02460B463046394613F0DD
:101D800089F9003818BF0120BDE8F8830120BDE8BB
:101D9000F88300BFAFF30080000000605555B53FE9
:101DA000000028400000184000002E402DE9F04FB0
:101DB000D0F81CA0074685B08B460AF5D9601146BD
:101DC00015461E46FEF78EFB0446F868002E46D1E7
:101DD00012F084FE8046B868894612F07FFE012C1E
:101DE0006DD0022C37D16B4B00224046494613F090
:101DF00009F8694B002212F0DBFE0AF5DA640246AC
:101E00000B465846CDE9002312F068FE06460F4601
:101E1000DAF8C806DAF8FC16084412F05FFEDDE9CD
:101E200000238046894610461946D4E9022312F061
:101E3000BFFE02460B464046494612F003FD0246ED
:101E40000B463046394613F025F9003818BF0120FB
:101E500005B0BDE8F08F002005B0BDE8F08F05307B
:101E600012F03CFE8046B86889460530CDE900890D
:101E700012F034FEBB69B32B06460F46AFDC012CD3
:101E800053D0022CE7D12846039312F027FE039B80
:101E900006460AF5DA6403F15A000F4612F01EFEF8
:101EA000D4E9162312F084FE02460B46304639462A
:101EB00013F00EF9002860D0384B0022A1E7354B13
:101EC000002212F09FFF344B002212F071FE0AF53F
:101ED000DA6402460B465846CDE9002312F0FEFDB7
:101EE00006460F46DAF8C806DAF8FC16401A12F071
:101EF000F5FDDDE900238046894610461946D4E900
:101F0000022312F055FE02460B464046494612F0A7
:101F100097FC02460B463046394613F0D9F8003894
:101F200018BF012005B0BDE8F08F2846009312F0DD
:101F3000D5FD009B80460AF5DA64C3F15A00894654
:101F400012F0CCFDD4E9162312F032FE02460B4605
:101F50004046494613F09EF810B1104B0022BAE7F4
:101F60000C4B00223046394612F04CFF0A4B00223F
:101F700012F01EFE02460B46ADE7064B0022DDE9DD
:101F8000000112F03FFF044B002212F011FE024646
:101F90000B4636E700004E4000002E4000805640C1
:101FA0002DE9F04104460E46C06917461D4693B917
:101FB000D0F800378B4202DD0020BDE8F081D0F878
:101FC00004378B42F8DBD0F850379342F4DCD0F87A
:101FD00054379342F0DB01F0D1FD30B9E3699A7DCB
:101FE000012A08D05B7D022B02D00120BDE8F081E0
:101FF000002DFAD10DE0002DF7D12B463A4631469F
:102000002046FFF73DFE0028D6D0E3695B7D022B1A
:10201000EBD13A46314620460023BDE8F041FFF7B8
:10202000C5BE00BF0023FFF7BBBF00BFC06900F5FE
:10203000D960FEF757BA00BFC06900F5D960FEF756
:102040005DBA00BF2DE9F0410446C06900F6780092
:10205000FEF7D4FCE369064603F67800FEF7D6FCEB
:10206000E369D3F80477D3F800270546974203F6CF
:102070007800D4BF00270127FEF7D0FC8046E06936
:1020800000F67800FEF7D2FCE169D1F85427D1F8C8
:1020900050379A42D4BF002707F001073E40354031
:1020A00018EA050F02D008B1BDE8F081BDE8F041A3
:1020B00001F67800FEF70EBBC06900F67800FEF767
:1020C00009BB00BFC06900F67800FEF7CDBB00BFBA
:1020D000C06900F67800FEF791BC00BFC06900F649
:1020E0007800FEF793BC00BFC06900F67800FEF7E9
:1020F00095BC00BFC06900F67800FEF797BC00BF32
:1021000008B50BF063FCBDE808400BF05FBC00BFF6
:102110002DE9F04704469A4690F8008090F8F8546C
:102120000E46174601F004FD94F848352BB194F89B
:102130004835042B01D0BDE8F08758EA050580F04A
:10214000010000F0010518BF0025002DF3D0737EBB
:102150005BB2002B45DC737E1B06D6E902894FD4A7
:10216000737E9BB1384651460022002312F0B0FF27
:10217000003818BF0120A84208D000224FF0804349
:102180004046494612F0A4FF002843D12AF00045FA
:10219000384642464B46294612F072FF70B93A461D
:1021A0002B46C6E9022372B6B36AD3E90001D6E929
:1021B000022312F0FDFCC6E9080162B60123337662
:1021C000042384F84835384651460022002312F093
:1021D0007FFF90B1022373760023E3703360BDE884
:1021E000F087D6E90289002200234046494612F0D2
:1021F00065FF051E18BF0125B2E7FE237376EBE7E6
:10220000002200234046494612F04EFF051E18BF2B
:102210000125A5E794F8F835002B8CD0737E022BAE
:1022200002D0737EFE2B86D1737E022B04BF012366
:102230007376737EFE2B7FF47EAFFF2373767AE78F
:10224000032B2DE9F84390F8008004461E460D4606
:10225000174603D090F8F834002B44D1204601F003
:1022600067FC94F8483580F00100B8F1000F14BF06
:10227000002000F0010083BB98B3D5E90289002259
:1022800000234046494612F0FBFE10B16B7E002B46
:102290003DD16B7E6A7E5BB25AB1B7EBD37F08D07B
:1022A0004046494600224FF0804312F011FF0028BB
:1022B0003ED1022E38D0032E1FD094F8781500227C
:1022C000204601F06DFF84F84865EFB1FE236B7680
:1022D0000023E3702B60BDE8F88394F848359E42F4
:1022E000CAD0BDE8F88301F023FC94F84835002BF0
:1022F000F7D094F84835BDE8F883204602F026F878
:1023000084F84865002FE1D102236B76E0E772B6CE
:102310006B7E022B01D101236B766B7EFE2B04BFFB
:10232000FF236B7662B6DCE7204602F00BF8CAE7C3
:1023300094F8F835002BD4D06B7E022B02D06B7E44
:10234000FE2BCED16B7E022B04BF01236B766B7EFE
:10235000FE2BC6D1FF236B76C3E700BF10B490F805
:10236000F84534B1134610BC0A4600F5B061FFF7DA
:1023700067BF10BC704700BF90F8F81559B3D0B5CF
:1023800016461F460446002200233046394612F006
:1023900077FE40B932463B4604F5B0612046BDE8C1
:1023A000D040FFF7B5BE94F89935022B04D094F8CD
:1023B0009935FE2B00D0D0BD94F89935022B04BF7F
:1023C000012384F8993594F89935FE2BF3D1FF2336
:1023D00084F89935D0BD704790F8F8353BB190F846
:1023E0009935022B04D090F89935FE2B00D0704718
:1023F00090F89935022B04BF012380F8993590F8A5
:102400009935FE2B04BFFF2380F89935704700BF34
:1024100010B490F8F84534B1134610BC0A4600F5E4
:10242000B661FFF70DBF10BC704700BF90F8F815FC
:1024300059B3D0B516461F46044600220023304645
:10244000394612F01DFE40B932463B4604F5B661EE
:102450002046BDE8D040FFF75BBE94F8C935022B9B
:1024600004D094F8C935FE2B00D0D0BD94F8C935FE
:10247000022B04BF012384F8C93594F8C935FE2B1B
:10248000F3D1FF2384F8C935D0BD704790F8F835F3
:102490003BB190F8C935022B04D090F8C935FE2B1A
:1024A00000D0704790F8C935022B04BF012380F893
:1024B000C93590F8C935FE2B04BFFF2380F8C93514
:1024C000704700BF08B50BF081FABDE808400BF07B
:1024D0007DBA00BFFFFFFFFF90F92836012210B53B
:1024E00002755A1ED2B2032A04461ED84C48D4F8AC
:1024F000181650F82220023B914228BF1146022BA9
:1025000000F28280DFE803F06A5A0200084612F007
:10251000D5FA41A3D3E9002312F074FC12F020FE97
:1025200081B2D4F8380608F097FD94F968365A1E3F
:10253000D2B2032A00D910BD3948D4F8581650F841
:102540002220023B914228BF1146022B56D8DFE8D9
:1025500003F013022400084612F0B0FA2EA3D3E9C8
:10256000002312F04FFC12F0FBFD81B2D4F8740688
:10257000BDE8104008F070BC084612F09FFA26A390
:10258000D3E9002312F03EFC12F0EAFD81B2D4F848
:102590007006BDE8104008F0DFBD084612F08EFA64
:1025A0001DA3D3E9002312F02DFC12F0D9FD81B256
:1025B000D4F87806BDE8104008F04EBD084612F089
:1025C0007DFA15A3D3E9002312F01CFC12F0C8FD1C
:1025D00081B2D4F8340608F03FFCA6E7084612F0B2
:1025E0006DFA0DA3D3E9002312F00CFC12F0B8FD34
:1025F00081B2D4F8300608F0AFFD96E7D4F86C0647
:10260000BDE8104007F07CBDD4F82C0607F078FD3B
:102610008BE700BFAFF30080CD3B7F669EA0F63F07
:1026200014E80200FFFFFFFF2DE9F04F037C8DB09F
:102630000446ABB1AF4BC1681B680A9382680A9B22
:102640004FF47A705B1A00FB02F29A4294F840153C
:1026500003D20023237484F840350DB0BDE8F08F19
:1026600000F5D9673846FDF769FED4F88C37002BA2
:1026700000F06F82002BB8BF5B420493D4F814388B
:10268000002B00F06482002BB8BF5B42DFF868A229
:10269000059304F5EE6504F5FE660BE1002BB8BF6B
:1026A0005B420693D4F81038002B00F01281002B07
:1026B000B8BF5B422046079301F060FA00284CD176
:1026C00072B6D4F80038089362B6089BDAF8008036
:1026D00043453FD02046DDF8209001F03BFA874B80
:1026E000A0F1020B0022D3E90201002312F0E6FC64
:1026F000BBFA8BFB00384FEA5B1B18BF01208345F8
:1027000000F00081C84540F3008172B6D4F828017A
:1027100012F0E4F904F59E6802460B46D8E9000180
:1027200012F08EF804F5E66353E9022312F040FA42
:10273000734B00228046894612F0C0FC002800F04E
:1027400002824046494612F0E3FC079B834200DDCB
:10275000079062B6089BCAF8003094F83035002B19
:1027600000F0F88072B6D5E9040112F0D1FCD4F87B
:102770007837C01AC4F8880762B6D5E91223D5E9BC
:10278000180112F03FFB02460B4612F011FAD5E990
:102790000023804689461046194612F053F80B462E
:1027A00002464946404612F02DFB12F0B1FCD4F827
:1027B0008837002BB8BF5B428342804610DDD4F8D7
:1027C0008837002BB8BFC0F1000872B6D4F878077C
:1027D000404412F083F9C5E90401C4F8888762B661
:1027E00094F89935022B04BF012384F8993594F8A5
:1027F0009935FE2B04BFFF2384F8993572B6D6E9CC
:10280000060112F085FCD4F80038C01AC4F810088C
:1028100062B6D6E91423D6E91A0112F0F3FA024699
:102820000B4612F0C5F9D6E90223804689461046C8
:10283000194612F007F80B4602464946404612F088
:10284000E1FA12F065FCD4F81038002BB8BF5B42F7
:102850008342804610DDD4F81038002BB8BFC0F199
:10286000000872B6D4F80008404412F037F9C6E9FF
:102870000601C4F8108862B694F8C935022B04BF6B
:10288000012384F8C93594F8C935FE2B04BFFF2312
:1028900084F8C9352378012B1DD023793BB194F8F6
:1028A000093584F80A350323637400232371002358
:1028B00084F830353846FDF727FDD4F88837002BEB
:1028C0007FF4ECAE01230693D4F81038002B7FF48C
:1028D000EEAE0123EEE694F8093584F80A350023BC
:1028E0002370032363740A20FAF7E2FF21780BF0C8
:1028F000BDF8DCE7DC9FFF1FB49BFF1FD892FF1FD2
:102900000000F03FC8457FF700AF72B6D4F8280149
:1029100012F0E4F804F59E6802460B46D8E900017F
:1029200011F08EFF04F5DC6353E9022312F040F945
:10293000A74B00228046894612F0C0FB002800F019
:1029400004814046494612F0E3FB069B8342C8BF20
:102950000690FEE6049A069B9A42B4BF049B069B2F
:102960000993D4F88837002B02DA099B5B4209935C
:1029700072B604F5D463D3E9000104F5D66A94F87D
:102980000A75099ACDE902015AE90201002ACDE946
:102990000001FFB20998C0F21D8112F09FF8D5E93D
:1029A000008902460B4611F04DFF42464B4612F09D
:1029B000FFF80DF0A3FF02460B46D5E90C0112F01B
:1029C000F7F8D5E9182312F01DFA804689462FB191
:1029D000D5E9142311F036FF8046894629F00047D7
:1029E00079A3D3E900234046394612F053FB38B1AE
:1029F000099B002BB8BF5B42B3F57A7F00F31E81C1
:102A0000404649460022002312F03AFB002800F01D
:102A1000BF80DDE90023C5E9122362B6059A079B52
:102A20009A42B4BF059B079B0993D4F81038002B3A
:102A300002DA099B5B42099372B6DAE9000194F865
:102A40000A75099A04F5D863002ACDE9000153E913
:102A500002AB0998FFB2C0F2CF8012F03FF8D6E97E
:102A6000028902460B4611F0EDFE42464B4612F03B
:102A70009FF80DF043FF02460B46D6E90E0112F017
:102A800097F8D6E91A2312F0BDF9804689462FB18E
:102A9000D6E9162311F0D6FE8046894629F0004774
:102AA00049A3D3E900234046394612F0F3FA38B17E
:102AB000099B002BB8BF5B42B3F57A7F00F3AE8071
:102AC000404649460022002312F0DAFA002842D09C
:102AD000C6E914AB62B62378012B03D02279002A11
:102AE00000F0CC80D4F88827002A7FF4B6ADD4F863
:102AF0001028002A7FF4B1AD2279002A40F0E88046
:102B0000012B00F0E980E3781BB92378022B7FF4D6
:102B1000A4AD04F5A063D3E9000103F0D1FA72B6C5
:102B2000D5E90C23C5E91223D6E90E23C6E91423FF
:102B300062B6237D002B7FF490AD20460DB0BDE83A
:102B4000F04FFFF7C9BC0120FFE50120FDE601239E
:102B50009CE5012391E54246D6E90E013B4612F081
:102B600051F98046894602460B465046594612F0B6
:102B7000AFFA00287FD0DDE900AB42464B46504615
:102B8000594612F091FA002870D0C6E91489A1E7DD
:102B90004246D5E90C013B4612F034F9804689469D
:102BA00002460B46DDE9000112F092FA00285AD0E5
:102BB000DDE9020142464B4612F076FA00284DD07C
:102BC000C5E9128929E700BF00000040E17A843F8F
:102BD0000000F03F404211F081FFD5E90089024634
:102BE0000B4611F02FFE42464B4611F0E1FF0DF06F
:102BF00085FE01F10041DEE6404211F06FFFD6E9AB
:102C0000028902460B4611F01DFE42464B4611F06A
:102C1000CFFF0DF073FE01F100412CE7D6E90E0164
:102C2000DDE9002312F0EEF8099B002B8946D8BF9E
:102C300001F10049804629F0004741E7D5E90C0140
:102C4000DDE9022312F0DEF8099B002B8946D8BF8C
:102C500001F10049804629F00047D1E6DDE902890B
:102C6000C5E91289D9E6DDE90089A1E7D046D94650
:102C7000C6E914892EE7D046D9467CE7D5E90A0390
:102C8000D4F8887723F00041002FB8BF7F4212F0BC
:102C90003FFA002808BF012087423FF7DEACD6E9A3
:102CA0000C03D4F8107823F00041002FB8BF7F4206
:102CB00012F02EFA031E08BF01239F423FF7CDAC4E
:102CC000074B1B680B930B9BE3600122227420E7E8
:102CD0002046FDF729FA16E72046FDF705FA12E728
:102CE000DC9FFF1FFFFFFFFF037D03B1704790F9DB
:102CF00028365A1ED2B20121032A10B504460175A6
:102D00001ED84B48D4F8181650F82220023B9142A6
:102D100028BF1146022B00F28280DFE803F06A5AD6
:102D20000200084611F0CAFE3FA3D3E9002312F0C7
:102D300069F812F015FA81B2D4F8380608F08CF967
:102D400094F96836D4F858165A1ED2B2032A00D91C
:102D500010BD374850F82220023B914228BF11464F
:102D6000022B56D8DFE803F013022400084611F0C6
:102D7000A5FE2DA3D3E9002312F044F812F0F0F9D8
:102D800081B2D4F87406BDE8104008F065B8084672
:102D900011F094FE24A3D3E9002312F033F812F0CB
:102DA000DFF981B2D4F87006BDE8104008F0D4B95C
:102DB000084611F083FE1CA3D3E9002312F022F889
:102DC00012F0CEF981B2D4F87806BDE8104008F0D0
:102DD00043B9084611F072FE13A3D3E9002312F0A1
:102DE00011F812F0BDF981B2D4F8340608F034F8C5
:102DF000A6E7084611F062FE0BA3D3E9002312F008
:102E000001F812F0ADF981B2D4F8300608F0A4F957
:102E100096E7D4F86C06BDE8104007F071B9D4F815
:102E20002C0607F06DF98BE7CD3B7F669EA0F63F41
:102E300014E80200FFFFFFFF037D03B9704790F91C
:102E400028365A1ED2B20021032A10B50446017555
:102E50001ED84B48D4F8101650F82220023B91425D
:102E600028BF1146022B00F28280DFE803F06A5A85
:102E70000200084611F022FE3FA3D3E9002311F01F
:102E8000C1FF12F06DF981B2D4F8380608F0E4F809
:102E900094F96836D4F850165A1ED2B2032A00D9D3
:102EA00010BD374850F82220023B914228BF1146FE
:102EB000022B56D8DFE803F013022400084611F075
:102EC000FDFD2DA3D3E9002311F09CFF12F048F97A
:102ED00081B2D4F87406BDE8104007F0BDBF0846C3
:102EE00011F0ECFD24A3D3E9002311F08BFF12F0C5
:102EF00037F981B2D4F87006BDE8104008F02CB95B
:102F0000084611F0DBFD1CA3D3E9002311F07AFF82
:102F100012F026F981B2D4F87806BDE8104008F026
:102F20009BB8084611F0CAFD13A3D3E9002311F0A2
:102F300069FF12F015F981B2D4F8340607F08CFF5E
:102F4000A6E7084611F0BAFD0BA3D3E9002311F060
:102F500059FF12F005F981B2D4F8300608F0FCF8F8
:102F600096E7D4F86C06BDE8104007F0C9B8D4F86D
:102F70002C0607F0C5F88BE7CD3B7F669EA0F63F99
:102F800014E8020008B50AF021FDBDE808400AF087
:102F90001DBD00BF016070472DE9F0470446006881
:102FA000037813B10020BDE8F08700F0C7FD0028CA
:102FB000F8D1236893F80A1583F80A0503F5F0623F
:102FC000D2E9006793F8090683F8091503F5016251
:102FD00052E9028911F072FD02460B4600204FF0C3
:102FE00080410DF01DFE02460B463046394616461E
:102FF0001F460022584B11F0DBFD584B002211F008
:10300000D7FD12F085F811F069FD32463B4611F00C
:10301000F9FE12F07DF82368064693F8490611F090
:103020004DFD02460B4600204FF080410DF0F8FDAB
:1030300002460B4640464946904699460022464B7A
:1030400011F0B6FD454B002211F0B2FD12F060F810
:1030500011F044FD42464B4611F0D4FE12F058F8F0
:1030600005460120FAF724FC07460AF0E5FC5FFA62
:1030700086FA82456AD107F1010840460AF0DCFC75
:10308000C6F3072981455CD107F1020840460AF0E2
:10309000D3FCC6F3074981454ED1033738460AF0C1
:1030A000CBFC310E814243D10520FAF701FC0646E4
:1030B0000AF0C2FCEFB2874235D1771C38460AF0DD
:1030C000BBFCC5F30721814229D1B71C38460AF061
:1030D000B3FCC5F3074181421DD1033630460AF0E7
:1030E000ABFC290E814212D1FBF71AFA23680125A5
:1030F0005D700B20FAF7DCFB236859780AF0B6FC08
:10310000236893F8092583F80A2528464BE73046BB
:103110000AF0ACFCE8E738460AF0A8FCDDE73846E0
:103120000AF0A4FCD1E7394630460AF09FFCC4E718
:1031300038460AF09BFCB7E7494640460AF096FC41
:10314000ABE7494640460AF091FC9DE751463846B8
:103150000AF08CFC8FE700BF0000503F0000904059
:1031600003685A7802B9704710B5002204465A70B5
:103170000B20FAF79DFB2368BDE8104059780AF050
:1031800075BC00BFF0B504460068D0F8E83783B0DE
:1031900023B9D0F87038002B00F0B980437C012BA4
:1031A0006ED0022B40D00BB103B0F0BD72B62568D3
:1031B000594E05F5F86353E9020111F0A9FF05F531
:1031C000046503463360D5E9000111F0A1FF534DBA
:1031D000286062B6256805F5F063D3E90067D5F885
:1031E000E80711F07BFC32463B4611F02BFB11F057
:1031F0008FFF05F5016353E902670090D5F8700869
:1032000011F06CFC32463B4611F01CFB11F080FFC4
:1032100001AA0346694628460193FDF723FC23686B
:1032200001225A7403B0F0BD00F5D960FDF76CF8C7
:103230002368D3F8DC27002AB6D1D3F88827002AE0
:10324000B2D1D3F86428002AAED1D3F81038002BBD
:10325000AAD172B6304B2568186811F03FFC05F50D
:10326000F86343E902012D4B186811F037FC05F5AE
:103270000465C5E9000162B6236803225A7493E726
:1032800000F5D960FDF740F82568D5F8DC27D5F8BA
:10329000E8379A4288D1D5F88837002B84D1D5F801
:1032A0006428D5F870389A427FF47EAFD5F810388C
:1032B000002B7FF479AF05F5F063D3E90067D5F80B
:1032C000E80711F00BFC02460B463046394611F078
:1032D000B7FA11F01DFF05F5016353E9026700908D
:1032E000D5F8700811F0FAFB02460B463046394615
:1032F00011F0A6FA11F00CFF01AA03466946284610
:103300000193FDF7AFFB236802225A744CE70323B5
:10331000437403B0F0BD00BFB89BFF1FBC9BFF1FF1
:1033200003685A7C032A10B508BF0022044608BF70
:103330005A74FFF727FF2068437C032B00D010BD91
:103340000021022380F84015037000F5D960FDF7D5
:1033500009F80A20FAF7ACFA2368BDE8104019789A
:103360000AF084BB2DE9F043044600680378022B81
:1033700083B000F098804278002A00F08F80002B04
:1033800040F0968000F0DAFB002840F09880236837
:1033900093F8F854002D40F0948093F8F835002B02
:1033A00000F08B800120FAF783FA07460AF044FB0D
:1033B000002660F30706781C0AF03EFB60F30F2638
:1033C000B81C0AF039FB0346F81C63F317460AF0F1
:1033D00033FB60F31F6605200096FAF769FA07468B
:1033E0000AF02AFB002660F30706781C0AF024FB8B
:1033F00060F30F26B81C0AF01FFB0346F81C63F3AA
:1034000017460AF019FB236860F31F6693F8090654
:1034100011F054FB02460B4600204FF080410DF0A6
:10342000FFFB80468946009811F058FB42464B4608
:1034300011F0BEFB11F06CFE2368009093F8490672
:1034400011F03CFB02460B4600204FF080410DF08E
:10345000E7FB80468946304611F040FB42464B462A
:1034600011F0A6FB11F054FE23680190012783F8A8
:10347000095583F80A551F700A20FAF719FA2368CC
:1034800019780AF0F3FA206801AA80F840756946B5
:10349000FDF7E8FA284603B0BDE8F0830125284689
:1034A00003B0BDE8F0830025284603B0BDE8F083F3
:1034B0000225284603B0BDE8F0830525EFE7032584
:1034C000EDE70425EBE700BF2DE9F04303685D78E5
:1034D00083B0002D00F0818000220126DA7083F88D
:1034E000686783F8F06704460A200AF019FF30463F
:1034F000FAF7DEF907460AF09FFA002660F307069E
:10350000781C0AF099FA60F30F26B81C0AF094FAB6
:103510000346F81C63F317460AF08EFA60F31F6641
:1035200005200096FAF7C4F907460AF085FA002646
:1035300060F30706781C0AF07FFA60F30F26B81CC8
:103540000AF07AFA0346F81C63F317460AF074FA95
:10355000236860F31F6693F8090611F0AFFA02467C
:103560000B4600204FF080410DF05AFB8046894603
:10357000009811F0B3FA42464B4611F019FB11F0D6
:10358000C7FD2368009093F8490611F097FA0246A8
:103590000B4600204FF080410DF042FB80468946EB
:1035A000304611F09BFA4B46424611F001FB11F0F8
:1035B000AFFD01AA694601902068FDF74FFA206827
:1035C000837DA3F10103B3FA83F35B095B004375C9
:1035D000FDF734FB2068FFF787FB284603B0BDE802
:1035E000F08300BF70B505460B20FAF761F90AF0C9
:1035F00023FA2B68041E14BF012200225A7002D144
:103600001C70204670BD0A20FAF752F90AF014FA2D
:10361000064690B1022814D12846FFF755FF2B68C3
:10362000044610B11E70204670BD1C700A20FAF7C7
:103630003FF921460AF01AFAE3E72B6804461E70A8
:10364000F1E72B6800241C700A20FAF731F92146B3
:103650000AF00CFA204670BD03681A7802B9704768
:1036600010B5002204461A700A20FAF721F92368DF
:1036700019780AF0FBF9206890F8F83503B910BD05
:10368000BDE8104001F004BC70B50446006890F835
:10369000F8552DB10378012B02D890F8F83413B106
:1036A0000025284670BD00F049FA03460028F7D1EE
:1036B0002068012680F80A3580F8093580F84065D1
:1036C00000F21C7200F2CC61FDF7CCF923681E7188
:1036D000E7E700BFF8B50446006800F02FFA08B12C
:1036E0000020F8BD05462068012380F8183800F551
:1036F0009C6C80F890370022002300F59A66CCE994
:1037000000234CE90223294646E90223C6E90023A7
:1037100000F030FA236803F5EE62D2E90C01C2E949
:10372000120103F5FE62D2E90E670A20C2E91467AE
:103730001D70FAF7BDF8256806460AF07DF92F7866
:10374000874204D0394630460AF090F925680026B1
:1037500005F21C7205F2CC6185F89965284685F85A
:103760009865C5F88065C5F8846585F8C96585F8EC
:10377000C865C5F8B065C5F8B465FDF76FF9206890
:10378000FFF7B2FA2068012480F80A65C470FDF7DB
:1037900055FA2046F8BD00BF38B503685A7C032AA5
:1037A00008BF0022044608BF5A74FFF7EBFC2368E9
:1037B0005A7C032A00D038BD00251D7183F840557E
:1037C0002046FFF787FF2068294600F5D960BDE84D
:1037D0003840FCF7C7BD00BFF8B504463820FAF7FB
:1037E00067F80AF029F92368002814BF0122002293
:1037F0009A700ED1184600F0C1F92368002800F035
:103800008A80D3F8C816C3F8CC160022C3F81C2748
:10381000F8BD3920FAF74CF806460AF00DF90025F4
:103820000346701C63F307050AF006F960F30F25E1
:10383000B01C0AF001F90346F01C63F317450AF0C7
:10384000FBF8236860F31F6593F8090611F036F959
:1038500002460B4600204FF080410DF0E1F906468C
:103860000F46284611F03AF932463B4611F0A0F9CE
:1038700011F04EFC2568C5F8CC063D20FAF718F883
:1038800006460AF0D9F800250346701C63F30705C5
:103890000AF0D2F860F30F25B01C0AF0CDF8034609
:1038A000F01C63F317450AF0C7F8236860F31F653F
:1038B00093F8490611F002F902460B4600204FF03A
:1038C00080410DF0ADF906460F46284611F006F985
:1038D0003B46324611F06CF911F01AFC256802469D
:1038E000C5F81C07D5F8CC1605F59470FEF79AFBC1
:1038F00023689A7800EA02059D70002D88D138204F
:10390000F9F7D6FF29460AF0B1F823689A78002A19
:103910003FF470AFF8BDD3F8C816D3F81827C3F832
:10392000CC16C3F81C27F8BD38B504463820F9F783
:10393000BFFF05460AF080F818B1002128460AF0BA
:1039400095F82046BDE83840FFF746BF2DE9F0471F
:1039500004460068037813B10020BDE8F08700F04A
:10396000E7F80028F8D1236893F80A1583F80A05C8
:1039700003F5F062D2E9006793F8090683F80915A8
:1039800003F5016252E9028911F098F802460B46EC
:1039900000204FF080410DF043F902460B463046BF
:1039A000394616461F460022564B11F001F9564B78
:1039B000002211F0FDF811F0ABFB11F08FF8324648
:1039C0003B4611F01FFA11F0A3FB2368064693F85B
:1039D000490611F073F802460B4600204FF0804173
:1039E0000DF01EF902460B46404649469046994660
:1039F0000022444B11F0DCF8434B002211F0D8F8C0
:103A000011F086FB11F06AF842464B4611F0FAF9C4
:103A100011F07EFB05463920F9F74AFF07460AF008
:103A20000BF85FFA86FA824567D107F10108404634
:103A30000AF002F8C6F30729814559D107F10208B7
:103A4000404609F0F9FFC6F3074981454BD10337DA
:103A5000384609F0F1FF310E814240D13D20F9F79F
:103A600027FF064609F0E8FFEFB2874232D1771C04
:103A7000384609F0E1FFC5F30721814226D1B71C82
:103A8000384609F0D9FFC5F3074181421AD1033600
:103A9000304609F0D1FF290E81420FD13820F9F7C5
:103AA00007FF012109F0E2FF2046FFF795FE23689A
:103AB00093F8092583F80A2501204EE7304609F0DE
:103AC000D5FFEBE7384609F0D1FFE0E7384609F0CB
:103AD000CDFFD4E73946304609F0C8FFC7E738467E
:103AE00009F0C4FFBAE74946404609F0BFFFAEE718
:103AF0004946404609F0BAFFA0E75146384609F06A
:103B0000B5FF92E70000503F0000904008B509F073
:103B10005DFFBDE8084009F059BF00BF0078A0F183
:103B20000200B0FA80F04009704700BFC0787047CB
:103B300090F84005003818BF0120704790F84035D4
:103B40002BB990F84805003818BF012070470120B4
:103B5000704700BF10B500F5947482B069462046E6
:103B600001AAFEF769FA01992046FEF75FFA02B052
:103B700010BD00BF80F8F814704700BF807D033887
:103B800001288CBF00200120704700BF012380F86E
:103B900030357047FFFFFFFF2DE9F04FDFF8389217
:103BA000DFF838B2A9B04FF00008CDE90C890992CE
:103BB000DFF82C9290F81621002300F52276CDE94B
:103BC0000A3300F5D8778A468DF82820DBE9020110
:103BD0007BA3D3E900234FF00008CDE90E8910F054
:103BE000E7FF0AAD07960697804689460FCD6C46DB
:103BF0000FC495E80300424684E803004B46514653
:103C000010A804F0F5FDDBE902016DA3D3E9002360
:103C100010F0CEFF079606970AAE804689460FCE73
:103C2000EC46ACE80F0095E8030084E80300424648
:103C30004B4609991CA804F0DBFD1CA805F0C8FA46
:103C4000044610A80D4605F0C3FA02460B4620466E
:103C5000294610F0F5FD5CA3D3E9002310F0A8FF7E
:103C600080461CA8894605F0AFFA044610A80D4608
:103C700005F0AAFA02460B462046294610F0E0FD60
:103C800051A3D3E9002310F093FF564B04460D4691
:103C900000224046494611F0FDF998B1524FDFF835
:103CA00044B100264FF0000A32463B4640464946A2
:103CB00010F0C8FD52465B468046894611F0EAF98D
:103CC0000028F1D1494B00224046494611F0F6F94F
:103CD00098B1454FDFF814B100264FF0000A324684
:103CE0003B464046494610F0ABFD52465B46804697
:103CF000894611F0E3F90028F1D13A4B0022204621
:103D0000294611F0C7F998B1374FDFF8D8B000262F
:103D10004FF0000A32463B462046294610F092FDFD
:103D200052465B4604460D4611F0B4F90028F1D125
:103D30002E4B00222046294611F0C0F998B12A4F97
:103D4000DFF8A8B000264FF0000A32463B46204676
:103D5000294610F075FD52465B4604460D4611F0AB
:103D6000ADF90028F1D1DDE93201214B002210F03C
:103D70001FFF02460B4616A1D1E9000111F042F8DF
:103D80001C4B06460F4640464946002210F010FFE5
:103D900032463B4610F00CFF369B0022C3E900017F
:103DA000144B2046294610F003FF3B46324610F0E4
:103DB000FFFE379BC3E9000129B0BDE8F08F00BFCB
:103DC000000000A046DF913F00000020DCA54C4031
:103DD000000000000020AC4000002440D892FF1FEB
:103DE00000405940008066C00080764000806640F8
:103DF00000002E400000E03F2DE9F04F90F80A351A
:103E0000A9B000260027CDE90C67CDE90E6704466E
:103E1000002B00F00D8100F5A261914B0022D1E949
:103E2000000110F0C5FE8F4B002210F0C1FE86A3EA
:103E3000D3E9002310F0E6FF894604F5A461884B1E
:103E40000022804651E9020110F0B2FE7EA3D3E9C0
:103E5000002310F0D7FF94F84035CDE90801002B7E
:103E600040F0B280804BD3E9020179A3D3E900236B
:103E700010F09EFE1CAD02460B4628462146FDF77B
:103E800037F8284604F0DCFC73A3D3E9002310F0D4
:103E90008FFECDE90601284604F0CEFC6EA3D3E9DF
:103EA000002310F085FE04F5947A0DF1400B5A467C
:103EB00006460F4650460BA9FEF7BEF8504610992D
:103EC000FEF7B4F88246DDE9060142464B4610F0A3
:103ED000B7FC5FA3D3E9002310F06AFEDDE90823F5
:103EE000CDE902013046394610F0AAFC58A3D3E9C7
:103EF000002310F05DFE0022CDE9000100235846AA
:103F000004F0BEFBDDE9060142464B4610F09AFC88
:103F10004FA3D3E9002310F04BFEDDE90823CDE9E0
:103F200002013046394610F08DFC49A3D3E9002345
:103F300010F03EFE0022CDE900010023284604F0E7
:103F40009FFB0EAB05930CAB454F049394F81631D1
:103F500003930026CDE900672A4659462046CDF84E
:103F600008A0FFF719FEDDE90C67404B0022304640
:103F7000394611F0A3F8002862D03D4B00223046AC
:103F8000394611F087F808B9394F002604F5FA636D
:103F900043E90267DDE90E67344B002230463946BB
:103FA00011F08CF8002848D0314B002230463946B9
:103FB00011F070F808B92E4F002604F50564C4E925
:103FC000006729B0BDE8F08F274BD3E9020120A399
:103FD000D3E9002310F0ECFD1CAD02460B46284649
:103FE0002146FCF7D7FF284604F02AFC1AA3D3E9A0
:103FF000002310F0DDFDCDE90601284604F01CFC8D
:1040000015A3D3E9002310F0D3FD06460F4672B680
:1040100004F5016353E9020162B611F079F8014633
:1040200004F59470FEF702F80DF1400B82464AE762
:1040300000F5FA6343E90267BFE70C4F0026BCE7CF
:104040000A4F0026A2E700BF000000000020AC409D
:10405000000000A046DF913F00000020DCA54C409E
:1040600000004E4000002E40D892FF1F000030C0DC
:1040700000003040F8B5D0F81465D0F810753B4B0F
:1040800004460D4638463146002210F0F9FF48B18B
:1040900004F5A46353E902010022002310F0F0FFAD
:1040A000002840D1A37D033B012B43D994F816315E
:1040B000002B4AD194F87834002B46D12C4B0022A7
:1040C000D3E90201002310F0F9FF00284BD03A4653
:1040D000334604F5FA6141E9022372B604F501633F
:1040E00053E9020162B611F013F8014604F5947029
:1040F000FDF79CFF04F5A463012853E9022314BFD4
:104100001C491A49002010F053FD1B4B002210F0EF
:1041100079FE94F9083504F50566012BC6E900011E
:104120001CD065B9F8BD002384F80B35A37D033B93
:10413000012BBBD82046FFF75FFE002DF2D004F51F
:10414000D960BDE8F840FCF713B92046FFF754FEEC
:1041500094F90835012BE4D104F50566002200230B
:10416000C6E90023DDE706F10046B0E70000F03FB6
:10417000D892FF1F0000F0BF00002E4030B41D4653
:10418000144600F5A263C3E90045DDE9023400F5F9
:10419000A46141E9023430BC0121FFF76BBF00BFCD
:1041A0000429A8BF04212DE9F04F21EAE17505F1AA
:1041B000AA0300EBC303D3E9006700F5DA63D3E990
:1041C000088983B0044601920023002240464946F4
:1041D00010F06AFF00287CD1584B40464946002227
:1041E00010F0E6FC02460B460020554910F00AFE8E
:1041F00004F5E463D3E9088982468B460022002354
:104200004046494610F050FF002840F08E804B4B4E
:1042100040464946002210F0CBFC02460B460020E7
:10422000474910F0EFFD52465B468046894610F044
:104230003BFF00286DD0002200235046594610F065
:1042400047FF70B1002200233046394610F040FF8E
:1042500038B152465B463046394610F01BFF002805
:1042600060D194F87835AB4256D0EDB284F87855E9
:1042700004F5B065D5E902233046394610F000FF59
:1042800068B9C5E9026772B6D4F8A835D3E9000168
:10429000D5E9022310F08CFCC5E9080162B604F5EB
:1042A000B665D5E902233046394610F0E9FE68B913
:1042B000C5E9026772B6D4F8D815D5E90223D1E969
:1042C000000110F075FCC5E9080162B603B0BDE855
:1042D000F08F04F5E463D3E9088900220023404607
:1042E000494610F0E1FE0028BBD1144B4046494638
:1042F000002210F05DFC02460B460020104910F031
:1043000081FD002200238046894610F0CDFE002862
:10431000A7D1C246CB468EE7019B002BA5D103B0A7
:10432000BDE8F08F56465F469BE7002200235046CB
:10433000594610F0C3FE002893D07CE700002440CB
:104340000000F03F01220021FFF72ABF90F8791505
:104350000022FFF725BF00BF90F878150122FFF774
:104360001FBF00BFFFFFFFFF2DE9F04F00F5DE6527
:104370008BB0044692469B466BA1D1E9000155E9FA
:10438000022310F03FFD04F5E86353E902230546DC
:104390000E4665A1D1E90001CDE9065610F032FDC7
:1043A0005246CDE904015B462846314610F02AFD0D
:1043B0005F4B00228046894610F080FE18B9DFF876
:1043C00070914FF0000804F5D46552465B46C5E98C
:1043D0000089DDE9040110F015FD554B0022064669
:1043E0000F4610F06BFE08B9514F0026424604F507
:1043F000D668C8E900674B46DDE9060110F002FD0A
:1044000032463B46CDE90801DDE9040110F0FAFC33
:1044100006460F4602460B46DDE9080110F03AFE5B
:1044200008B1DDE9086732463B465046594610F070
:1044300007FA21F00043194600224FF0804310F0A4
:1044400047FE002834D132463B46DDE9060110F034
:10445000D9FC3246C5E900013B46DDE9040110F014
:10446000D1FCC8E9000104F5AE69C9E9006759E962
:10447000020132463B4610F021FE002838D194F864
:10448000781520460122FFF78BFE04F5BE6353E941
:104490000223CDE90223D8E90067D5E9002304F51A
:1044A000D960CDE90067FBF781FF0BB0BDE8F08F65
:1044B0001A20F9F7FDF939468146304610F028FEFA
:1044C000014648465FFA81FB1FFA81FA09F0B4FA07
:1044D000834522D109F10109484609F0ADFA4FEAB6
:1044E0001A2A8245AFD05146484609F0BFFAAAE7DA
:1044F000104B00223046394610F05AFB49E90201C0
:104500001920F9F7D5F9064659E9020110F028FEFD
:10451000C1B2304609F0AAFAB1E75946484609F057
:10452000A5FAD7E7AFF300800000000080842E4199
:10453000000028400000E03F70B505461A20F9F75A
:10454000B7F9064609F078FA0446701C09F074FAC7
:10455000E4B260F30F24A0B210F0B0FA02460B46AA
:104560002846BDE87040FFF7FFBE00BF30B500F53C
:10457000BE6200F5D66352E90245D3E9002385B057
:10458000CDE90023CDE9024500F5D463D3E900234A
:1045900000F5D960FBF70AFF05B030BDFFFFFFFF54
:1045A000F0B500F5E86200F5DE6352E90267044603
:1045B00053E9022318A1D1E9000189B0CDE90267CE
:1045C000CDE90401CDE9002304F5A065D4F8640623
:1045D000D4F82416D5E900230790069104F5D96094
:1045E000FBF724FF0E4904F5A2630020C3E9000194
:1045F000002604F5A4630027204643E90267012151
:10460000FFF738FDD5E9000109B0BDE8F04001F041
:1046100057BD00BFAFF300800000000080842E4132
:104620000000F03F2DE9F04F00F5947583B001AA2A
:1046300004460E4628466946FDF7FEFC01992846C9
:10464000FDF7F4FC01AA694607462846FDF7F4FC8D
:10465000E37823B194F80A3583F00103E370009BFB
:10466000D4F800279A4229DCD4F80427934225DCA9
:1046700094F8F834042B3AD0019BD4F85027934295
:1046800028DBD4F85427934224DC94F8F834052B23
:1046900004BF002384F8F834A37D012B36D0E378DF
:1046A0004BBB2378022B12D194F8F8347BB120460F
:1046B000FBF716FD2046FBF73BFD08E094F840357C
:1046C000042284F8F82463B90EB984F80A6503B0AB
:1046D000BDE8F08F94F84035052284F8F824002BCB
:1046E000F2D0012384F8303503B0BDE8F08F002309
:1046F00084F8F834C0E794F8F834002BE7D020466B
:10470000FBF70AFD2046FBF713FDCAE772B604F576
:10471000EE63D4F878B7D3E9040194F890A7D3E90D
:104720000A895FFA8AFA62B610F0F2FCA0EB0B037A
:10473000002B2ED0CCBF4FF0010A4FF0000ADDE96C
:10474000001201232846FDF731FB20B9BAF1000F12
:1047500033D1012F4CD094F8F834072B04BF002339
:1047600084F8F834DDE9001228460123FDF788FAC1
:1047700020B9BAF1000F2ED1022F44D094F8F834AA
:10478000062B8CD1E378002284F8F824002B9ED1EC
:1047900087E7002200234046494610F071FC0028BC
:1047A000CDD1404649460022002310F091FCB0F1E3
:1047B000000A18BF4FF0010AC1E7022FCBD194F8CD
:1047C0004035072284F8F824002B3FF47DAF012305
:1047D00084F8303578E7012FD0D194F8403506229F
:1047E00084F8F824002B3FF46FAF84F830756BE742
:1047F00094F84035072284F8F824002B3FF467AF83
:1048000084F8307563E794F84035062284F8F8247C
:10481000002B7FF466AF5AE72DE9F04F044690F87D
:104820000A058FB00E4617461D4620B372B694F89F
:1048300048A594F8D8375FFA8AFA002B00F0B580C3
:1048400094F86038B3B9BAF1040F00F00E8104F5A2
:10485000016A04F50268284610F040F9D8E90023FF
:104860005AE9028910F0A4F942464B460FF0EAFFDC
:104870004AE9020162B694F84035002B40F0E2802C
:10488000132D7BDC844A854B02FB0633844AB2EB52
:10489000B30F0FD321466846FCF7A4FB684604F02B
:1048A00031FB7BA3D3E9002310F082F904F59E6568
:1048B000C5E90001002E73D094F8F83543B194F89F
:1048C0004935042B00F0AF8094F8483584F8493519
:1048D00094F869371BB994F8F137002B7CD0012389
:1048E00084F8F834002F46D194F84025002A40F08F
:1048F000AD8084F80A7594F89925022A08BF84F8D7
:10490000993594F89935FE2B04BFFF2384F8993527
:1049100094F8C935022B04BF012384F8C93594F8F3
:10492000C935FE2B02D1FF2384F8C93504F59E63F7
:10493000D4F82801D3E9006710F0D0F802460B46FE
:104940003046394610F0A6FB40B9D4F82C0110F0DF
:10495000C5F832463B4610F09DFB60B194F84035F7
:10496000022284F8F82403F0FF02002B00F0838079
:10497000012384F830350FB0BDE8F08F214668463A
:10498000FCF730FB684604F0BDFA41A3D3E90023ED
:1049900010F00EF904F59E68632DC8E9000189DD69
:1049A00001212046FFF766FB86E7BAF1040F53D0DA
:1049B00004F5F06B04F5F468284610F08FF858E918
:1049C0000223DBE9008910F0F3F842464B460FF072
:1049D00039FFCBE9000133E794F8F824D4F8280133
:1049E000012A08BF84F8F83404F59E63D3E90089EE
:1049F00010F074F802460B464046494610F04AFB58
:104A000038BBD4F82C0110F069F802460B4640463A
:104A1000494610F05DFBE0B994F8F834022BAAD1B6
:104A200084F8F804A7E794F84835002B7FF44CAFDE
:104A300094F80A3523BB94F8781501222046FFF735
:104A4000AFFB41E72046FDF7EFFD19E784F830356D
:104A50006CE7002F82D08EE794F89835002BA7D012
:104A600094F86038002B7FF405AF94F8C835002B1C
:104A70003FF4EDAEFEE684F80A250FB0BDE8F08FF6
:104A800001212046FFF7F6FAD5E700BFAFF300801B
:104A900000000020DCA54C40CDCCCCCC98999919D5
:104AA000CCCCCC0CA9B190F8363010B504466BB123
:104AB00007212046FCF7CCF838B1E3780BB100238E
:104AC000E37023780BB10023237010BD90F87D169E
:104AD000EFE77047FFFFFFFF2DE9F04F90F8F83543
:104AE00083B004460E469346002B00F0718172B6E7
:104AF000D0F8FC050FF0E2FFB14B002210F082F974
:104B00008046D4F8040689460FF0D8FF02460B46CB
:104B10004046494610F04CF8804694F8090689460C
:104B20000FF0CCFF02460B4600204FF080410CF006
:104B300077F802460B464046494610F039F810F027
:104B4000E7FAC4F8D006074610F034FC9D498246C7
:104B500010F038FD0FF0D4FF04F5DA658046894681
:104B6000C5E902899849504610F02CFD0FF0C8FFA6
:104B700091A3D3E90023C5E906014046494610F058
:104B800041F980468946C5E904899049504610F0AC
:104B900019FD0FF0B5FF07EBD773002FB8BF033730
:104BA0005B10BF10C5E90801D4F83C06C4F8F8361C
:104BB000C4F8FC760FF082FF814B002210F022F93E
:104BC000CDE90001D4F844060FF078FF02460B4609
:104BD000DDE900010FF0ECFFCDE9000194F8490692
:104BE0000FF06CFF02460B4600204FF080410CF0A6
:104BF00017F802460B46DDE9000104F5E4670FF003
:104C0000D7FF10F085FAC4F82007054610F0D2FB54
:104C10006C49824610F0D6FC0FF072FF02460B463C
:104C2000C7E9022368495046CDE9002310F0CAFCC9
:104C30000FF066FFDDE90023C7E9060110461946BB
:104C40005DA3D3E9002310F0DDF802460B46C7E967
:104C500004235E495046CDE9002310F0B3FC0FF069
:104C60004FFF05EBD573002DB8BF03355B10AD10BA
:104C7000C7E90801D4F82006C4F84837C4F84C57EF
:104C80000FF02CFF42464B460FF092FF10F040FA17
:104C90000025C4F8E807D4F86006C4F8DC5784F8A7
:104CA000D8570FF01BFFDDE900230FF081FF10F054
:104CB0002FFAC4F87008C4F8645884F86058D4F81F
:104CC00078070FF00BFF04F5F063C3E90001D4F897
:104CD00000080FF003FF04F5016343E9020162B627
:104CE00094F87835AA3304EBC303D3E90089002391
:104CF00084F8993584F89835C4F8803504F5B065A2
:104D000004F5DE63C4F8A8354046D5E902234946D8
:104D100010F0B6F968B9C5E9028972B6D4F8A835B9
:104D2000D3E90001D5E902230FF042FFC5E90801EC
:104D300062B694F87835AA3304EBC303D3E900894B
:104D4000002384F8C93584F8C835C4F8B03504F5B3
:104D5000B66504F5E863C4F8D8354046D5E90223C2
:104D6000494610F08DF968B9C5E9028972B6D4F8E0
:104D7000D835D3E90001D5E902230FF019FFC5E9C1
:104D8000080162B6F9F706FF3046F8F7BDFFBBF140
:104D9000000F69D104F59470FDF754F92046FBF734
:104DA000CBF92046FFF7FCFB204603B0BDE8F04FEF
:104DB000FFF7C2BBAFF30080000000000020AC4052
:104DC00000408F400000B44300C0A84700D6034B0A
:104DD00072B600F5D061D1E90001294B00220FF035
:104DE000E7FE10F095F9C4F8D006054610F0E2FA97
:104DF0002449824610F0E6FB0FF082FE04F5DA67E4
:104E000080468946C7E902891F49504610F0DAFBFF
:104E10000FF076FE18A3D3E90023C7E90601404648
:104E200049460FF0EFFF80468946C7E904891749D4
:104E3000504610F0C7FB0FF063FE05EBD573C7E9D2
:104E40000801002D4FEA6303B8BF0335C4F8F836F4
:104E5000AD1004F5D263D3E90001C4F8FC56084B49
:104E600004F5E4670022CAE62046FBF739F920463C
:104E7000FBF752F98EE700BF000000000020AC40B5
:104E8000008076400000B44300C0A84700D6034B22
:104E900090F80A3503B1704730B5012183B080F82E
:104EA0000A15044603F0FF05FFF7E4F8044B1B68FE
:104EB0000193019BC4F82835E57003B030BD00BFF5
:104EC000DC9FFF1FFFFFFFFF2DE9F04FBA4E356853
:104ED000BFF35B8F15F00105BDB004462AD094F8EE
:104EE0003135FBB194F8F834002B3FD1B34D2B781A
:104EF000002B00F07781B24AB24B12681592159DD3
:104F0000DFF8C4A21B68B14AB14FDAF800003D6077
:104F1000EE1A9642A5EB000528D8C72D32D83DB031
:104F2000BDE8F08FA54A11780029F8D013703DB084
:104F3000BDE8F08F304608F0F1FE0028CFD0A54B39
:104F4000002730460026C3E95067C3E95267C3E92A
:104F50005467C3E97C67C3E9C867C3F8E851C3F87D
:104F6000185383F8285308F0DFFEB8E72046FDF712
:104F700033FA2046FDF78AFA002384F831353DB034
:104F8000BDE8F08FC01A10F011FA934910F066FADC
:104F90000FF0B6FD80467019894610F007FA8E4969
:104FA00010F05CFA0FF0ACFD04F5A863CDE9080140
:104FB00053E902017CA3D3E900230FF0F9FDCDE909
:104FC0000601404649460BF0C1FECDE90A014046C4
:104FD00049460BF0BBFE0CF079F8CDE90C014046D8
:104FE00049460BF0B3FE02460B4640464946CDE922
:104FF0000E230BF0ABFE0CF0F5F8DDE90889CDE9E6
:105000001001404649460BF0A1FE02460B464046C1
:105010004946CDE91223CDE908890BF097FE0CF043
:1050200055F8DDE9122380468946DDE906010FF0D7
:10503000BFFD42464B460FF0BBFDDDE90889CDE9D7
:105040001201404649460BF081FE02460B4640469F
:105050004946CDE908230BF079FE0CF0C3F8DDE9F1
:10506000082380468946DDE906010FF0A1FD42468E
:105070004B460FF09DFDDDE90A2380468946DDE9B8
:1050800006010FF095FDDDE90C230FF091FD48A31B
:10509000D3E900230FF08CFDDDE90E23CDE90201F9
:1050A000DDE906010FF084FDDDE910230FF080FD3E
:1050B0003FA3D3E900230FF07BFD30AECDE9000123
:1050C00000223046002304F08DF818AB3146184614
:1050D000424A04F09BF8DDE9120135A3D3E900232D
:1050E0000FF066FD32A3D3E90023CDE9020140466B
:1050F00049460FF05DFD0023CDE900010022304656
:1051000004F070F804F594783146344A0DF1580BE8
:1051100024A804F07BF8324640465946FCF78CFF41
:1051200030994046FCF782FF05960290CDF810B00A
:1051300094F815310393284610F038F9284910F0F7
:105140008DF90FF0DDFC24AACDE9000118A9204655
:10515000FEF722FD04F5AE61D1E90089179D169E88
:1051600025F000433246404649460FF093FF0028A1
:105170007FF4FCAE40464946DDE930984A4628F0C7
:1051800000430FF087FF00287FF4F0AE32462B4635
:105190002046FDF7F1F843464A462046FDF746F91A
:1051A0003B68CAF80030BAE6000000A09999D93FE0
:1051B000000000A046DF913FC09BFF1FC49BFF1F64
:1051C000DC9FFF1FF89EFF1F009FFF1FE09304005E
:1051D000FC9EFF1FC89BFF1F6F12833AE89BFF1FB7
:1051E0006F12033B344BD3E902012DA3D3E9002313
:1051F0000FF0DEFC02460B4630A82146FBF778FE96
:1052000030A803F01DFB064630A80F4603F014FB40
:1052100032463B4600260027CDE90001CDE9046770
:105220002648CDE9026707F073F830A803F004FBC5
:1052300032463B460FF04CFF58B30FF26C09D9E9E8
:10524000008930A803F0FCFA064630A80F4603F0A8
:10525000F3FACDE9048942464B464FF000084FF07F
:105260000009CDE902890FF0EDFA3246CDE90001DF
:105270003B46124807F04CF8114B12481B68249328
:10528000249B1149036001220B602A703DB0BDE8E8
:10529000F08F0FF21C09D9E90089D2E7AFF3008043
:1052A000000000A046DF913F00000060FB21E9BF45
:1052B00000000060FB21E93FD892FF1FC89BFF1F41
:1052C000DC9FFF1FF89EFF1F009FFF1F08B508F01F
:1052D0007DFBBDE8084008F079BB00BF0160704766
:1052E00008B50021112008F0BFFF00210E2008F0B2
:1052F000BBFF0021102008F0B7FFBDE808400021E7
:105300000F2008F0B1BF00BF2DE9F04F0446006840
:1053100090F8F85483B035B190F84835022B4ED050
:1053200003B0BDE8F08F112008F090FF07460E2073
:1053300008F08CFF8146102008F088FF06460F20F9
:1053400008F084FF78238046013BFDD1112008F04E
:105350007DFF83460E2008F079FF0190102008F0B1
:1053600075FF82460F2008F071FF5F45024640D06E
:10537000344B1D78344F56452CD0344B1A78AA4202
:105380000AD020681D7015B3A5F12D01B1FA81F185
:1053900002224909FCF7E2FF2D4B39781A788A423C
:1053A000BED02068197069B1A1F12D01B1FA81F167
:1053B0000222490903B0BDE8F04FFDF729B8FDF717
:1053C0000BF8206803B0BDE8F04FFDF75FB8FDF7BC
:1053D00003F8E1E79045D0D1002346453B70CCD09F
:1053E0000EB92D233B70B8F1000FC6D12B233B70B3
:1053F000C3E7019B9945BBD1DFF848B04F458BF817
:105400000050B7D02FB1B9F1000F0ED09BF800506B
:10541000B0E701902068FEF79DFB01280CBF2B230D
:105420002D23019A8BF80030EDE720680192FEF7FA
:1054300091FB01280CBF2D252B25019A8BF80050DC
:1054400098E700BF079FFF1F069FFF1F059FFF1FD5
:10545000049FFF1F08B508F0B9FABDE8084008F03E
:10546000B5BA00BFFFFFFFFF84B02DE970439AB0CB
:1054700020AC84E80F0000250023002420A8CDE9FB
:105480000A45CDE90C4509938DF81F3003F03AFD2C
:1054900039A3D3E900230FF08BFB3B4E0446D6F82B
:1054A00028010D460FF01AFB35A3D3E900230FF0B6
:1054B000C7F922462B460FF00BFE002851D1D6F833
:1054C0002C010FF00BFB2EA3D3E900230FF0BAF948
:1054D00022462B460FF0DEFD044600283BD106F5A0
:1054E000227306F5D87220A90EA803F03DFC0EA881
:1054F00003F06EFE20A3D3E900230FF059FB024610
:105500000B460EA8CDE90A2303F05EFE1AA3D3E9E9
:1055100000230FF04DFB012303930DF11F030293B2
:1055200009AB019308AB80468946009304942EABE7
:1055300030460CAA0AA9CDE90C89FBF7A5FDB0B14C
:105540002F9A00231360309A204613601AB0BDE8EA
:10555000704304B0704708201AB0BDE8704304B02F
:10556000704701201AB0BDE8704304B070470620B0
:10557000ECE700BFAFF3008000000020DCA54C404A
:10558000000000E0E2361A3F2093FF1F84B030B5E0
:10559000A3B026AC84E80F000EA81A499DF8C850A5
:1055A000FAF7DEFD0DF1380CBCE80F00EE46AEE870
:1055B0000F009CE803008EE8030014ACDDE93423FF
:1055C00026A9204603F0ACF8379B0C93369B0B932F
:1055D0000A950DF1600EBEE80F00EC46ACE80F0036
:1055E000BEE80F00ACE80F009EE803008CE8030063
:1055F00094E80F00FFF738FF23B0BDE8304004B057
:10560000704700BF2093FF1F08B508F0DFF9BDE821
:10561000084008F0DBB900BF08B509F00FF809F041
:1056200057FC0AF041F8BDE808404FF47A7008F0E2
:1056300077BE00BF0148EBF77DBC00BFE48FFF1FC2
:105640000148EBF7A5BB00BFE48FFF1F08B508F0CA
:10565000BDF9BDE8084008F0B9B900BF03681847B4
:105660000B680360704700BF0B680360704700BFA2
:10567000704700BF10B5044607F09AFF204610BDE2
:10568000444B70B50122444DC3F8C8202978002945
:105690004AD0424E0023337072B6414C04F5F06399
:1056A000D3E900010FF034FDD4F87837C01AC4F8FC
:1056B000880762B6D4F88837002B3DD0D4F88837F5
:1056C00094F80B26002BD4BF0023012384F89037D5
:1056D00094F89037002A34D1002B34D02D4B4FF45E
:1056E00080525A602E48FAF7F3FC94F8903780F015
:1056F0000100C0B263B3D4F8DC27D4F8E8379A428B
:1057000001DA00283DD1D4F8E827C4F8DC270023CB
:1057100084F8D837D4F878370133C4F878370123C0
:10572000337000232B7070BD1C49097809B1C3F890
:10573000C42001232B7070BD94F8D837002BF0D013
:10574000BCE7002BCAD0134B4FF480529A60C9E7D4
:10575000D4F8DC37002B09DD40B1D4F8DC37012266
:10576000013BC4F8DC3784F8D827D8E70023C4F815
:10577000DC3784F8D837D4F87837013BC4F8783769
:10578000CDE7D4F8DC3701221344C4F8DC3784F8C1
:10579000D827C4E700F00F409C87FF1F309FFF1FF2
:1057A0002093FF1F434B70B51022434DC3F8C82010
:1057B0002978002948D0414E0023337072B6404CFE
:1057C00004F5016353E902010FF0A2FCD4F800389C
:1057D000C01AC4F8100862B6D4F81038002B3BD0B9
:1057E000D4F8103894F84B26002BD4BF00230123A3
:1057F00084F8183894F818389ABBA3B32D4B0422B8
:10580000C3F8C4202E48FAF763FC94F8183880F0E7
:105810000100C0B263B3D4F86428D4F870389A4257
:1058200001DA00283DD1D4F87028C4F86428002398
:1058300084F86038D4F800380133C4F80038012304
:10584000337000232B7070BD1C49097809B1C3F86F
:10585000C42001232B7070BD94F86038002BF0D069
:10586000BEE7002BCAD0134B0422C3F8C820C9E7F7
:10587000D4F86438002B09DD40B1D4F86438012233
:10588000013BC4F8643884F86028D8E70023C4F8E2
:10589000643884F86038D4F80038013BC4F8003824
:1058A000CDE7D4F8643801221344C4F8643884F88E
:1058B0006028C4E700F00F409D87FF1F319FFF1F46
:1058C0002093FF1FFFFFFFFF2DE9F04F92461F4679
:1058D000D1E9102387B0CDE9022391F87030109EF2
:1058E0000C46054613B9437E002B56D1AC4B93F8BA
:1058F0004825042A00F06B8193F80A254AB993F8E9
:105900004825012A00F0528193F84825022A00F028
:105910004D8193F80A35002B35D1D6E900010246B6
:1059200021F00043CDE90423DDE9046700220023D0
:10593000304639460FF0A4FB30B1DDE91423C4E949
:10594000142307B0BDE8F08F32463B46D4E90E0180
:105950000FF058FA06460F4602460B46DDE91401E1
:105960000FF0B6FB002800F01481DDE91201324689
:105970003B460FF099FB002800F00681C4E914674C
:1059800007B0BDE8F08FD6E90001D4E916230EF088
:1059900059FF024621F00043C4E7D0E90289DDE95E
:1059A0000223404649460FF075FB58B1D6E900BCCA
:1059B000DDE9022358462CF000410FF06BFB002874
:1059C00040F0A2817648FDF737FA6B7E1B0600F1A6
:1059D0003B81744B0022DFF8D0B1CBE900236B7E12
:1059E000FF2B00F0F9806B7E012B00F0F580D4E9ED
:1059F0000223DBE90089D6E90001CDE90001104668
:105A000019460EF01FFF64A3D3E900230FF0D0F86E
:105A100042464B460FF0CCF8DAE908230FF0F2F9D2
:105A2000DDE900230EF00EFFC6E90001D6E9000112
:105A3000002200230FF02EFB002840F00881DDE952
:105A40000201D6E900230FF039FB002840F05A810B
:105A50003346D3E90023C6E900236B7E5BB2002BFB
:105A600000F37D816B7E1A064FF0000848BFD5E930
:105A700002834FF0000948BF03F10049D6E9000155
:105A800042464B460FF024FB08B9D6E90089C6E927
:105A900000896B7EFF2B03D06B7E012B7FF426AF3A
:105AA000D6E90089DDE90201424629F000430FF002
:105AB000F1FA002800F0F48072B6D4E906010FF084
:105AC00027FB2369C01A206262B6D4E91423D4E903
:105AD0001A010FF097F902460B460FF069F8D4E966
:105AE000022380468946104619460EF0ABFE0B464F
:105AF0000246494640460FF085F90FF009FB236A3C
:105B0000002B8046C0F2FB8072B6206940440EF044
:105B1000E5FFC4E90601C4F8208062B6236A206B61
:105B200083EAE378A8EBE378636B23F000410FF09E
:105B3000EFFA002808BF012080453FF7D7AE0023C9
:105B40006B762B7600220023C6E9002372B6D7E9D4
:105B500006010FF0DDFA3B69C01A386262B63B6A93
:105B60007A6B386B22F0004183EAE377A7EBE377A7
:105B70000FF0CEFA002808BF012087423FF7B6AEEB
:105B80000748FDF7B1F8B1E6DDE91267C4E914672B
:105B9000F6E6DDE91467E8E600000040E17A843FBC
:105BA0002093FF1F0000F03F389FFF1F6A7E002AEE
:105BB0003FF4AFAE6B7E5BB2002B4FF0000200F300
:105BC000C7806B7E1B0600F1C3800023AAE62A7EF5
:105BD000002A7FF4A2AE8FE6D4E90223DBE9008934
:105BE000D6E90001CDE90001104619460EF02AFE63
:105BF0005FA3D3E900230EF0DBFF42464B460EF0D5
:105C0000D7FFDAE908230FF0FDF802460B46DDE97D
:105C100000010EF015FEC6E90001574BDBE900015B
:105C200000220FF02DFA00287BD0D6E90001DDE933
:105C300002230FF043FA002840F08F8002ABD3E933
:105C40000023C6E90023F1E64C4B0022C3E6DDE960
:105C50000223904603F100494046D6E90023494615
:105C60000FF018FA00286DD0C6E900896B7E5BB290
:105C7000002B6ADC6B7E19064FF0000848BFD5E99F
:105C800002834FF0000948BF03F10049D6E9000143
:105C900042464B460FF008FA00287FF4F8AEF4E6CF
:105CA00072B6D4E906010FF033FA2369C01A2062F4
:105CB00062B6D4E91423D4E91A010FF0A3F802461E
:105CC0000B460EF075FFD4E9022380468946104644
:105CD00019460EF0B7FD0B460246494640460FF006
:105CE00091F80FF015FA236A002BB8BF5B4283428C
:105CF00080467FF713AF236A002BBFF605AFC8F1CC
:105D0000000801E702ABA4E66B7E5BB2002B3FF715
:105D1000BEAE6B7E180625D44FF000084FF0000988
:105D2000B5E6DDE90223904603F100494046D6E995
:105D3000002349460FF0CCF908B1D6E90089C6E93D
:105D4000008973E6D6E900898EE7D5E902899DE7E7
:105D5000D5E9022121F00043E4E533466FE7D5E9B8
:105D600002898BE609F10043994690E6AFF3008083
:105D700000000040E17A843F0000F03F0000F0BFE7
:105D80002DE9F0410C4691F87010074616461D4665
:105D900029B1D4E91E23C6E9002301232B701D4835
:105DA00090F80A1509B9BDE8F081FDF7C1FE002899
:105DB000F9D194F87030002BF5D12B78002BF2D06C
:105DC0007B7E4FFA83F8002BEDD172B6D4E9060141
:105DD0000FF09EF92369C31A236262B6276A636BC8
:105DE000206B002F23F00041B8BF7F420FF090F9E5
:105DF000031E08BF01239F4206DD72B6D4E91223B9
:105E0000C6E9002362B6CEE772B685F8008062B6B6
:105E1000C9E700BF2093FF1F2DE930488C4A8D4D04
:105E200013688AB0013328461360FDF781FE00280D
:105E30002FD195F84835012B00F0B080864C874B68
:105E400054E95201CDE90401009354E95401234679
:105E5000CDE90201A4F59472A4F18801A4F51C70A7
:105E6000FFF732FD54E94E01CDE9040154E9500138
:105E70007B4A0092CDE90201A4F18803A4F1D80283
:105E80002146A4F51070FFF71FFD95F89935002BFA
:105E90002CD07448744B50E90245CDE90845734C49
:105EA000A0F1580108AAA0F51070FFF769FFDDE91D
:105EB0000801D4E900230FF0E3F8002847D06C482C
:105EC0006C4B014671E81445CDE906456A4CA0F5D6
:105ED000247006AAFFF754FFDDE90601D4E9002388
:105EE0000FF0CEF850B10AB0BDE8308895F8C9354A
:105EF0005AB2002BCDD185F84825CAE7DDE9060165
:105F00005E4B00220EF054FE0FF04AF900210546C8
:105F10000FF04CFCA0B95A4928460FF05BFC78B949
:105F2000584928460FF09AFA4FF07C510FF08CF93F
:105F30000FF096FC232803D9534B1B6803B118605C
:105F4000DDE90623C4E900230AB0BDE83088DDE9B5
:105F500008014A4B00220EF02BFE0FF021F9002120
:105F600005460FF023FCA0B9454928460FF032FC46
:105F700078B9444928460FF071FA4FF07C510FF080
:105F800063F90FF06DFC232803D9404B1B6803B164
:105F90001860DDE90823C4E9002390E795F89935F6
:105FA000022B2DD095F89935FE2B29D095F8C935BF
:105FB000022B04D095F8C935FE2B7FF43FAFD5F8FE
:105FC000B035002B3FF43AAF72B6314BD3E900BC89
:105FD00095F8C9355BB2002B07DC95F8C9351B066F
:105FE00032D44FF0000B4FF0000C2A4C5A4654E9C3
:105FF000020163460EF026FC44E9020162B61DE789
:10600000D5F88035002BD1D072B6234BD3E900BC34
:1060100095F899355BB2002B07DC95F899351A068F
:106020000ED44FF0000B4FF0000C1C4C5A46D4E934
:10603000000163460EF006FCC4E9000162B6B5E754
:106040000CF100439C46F0E70CF100439C46CCE782
:106050005891FF1F2093FF1F109BFF1F409FFF1FA2
:10606000489FFF1FE09AFF1F329FFF1F089FFF1FDF
:10607000609BFF1F339FFF1F109FFF1F0000E03F2B
:10608000398EE34C00001042289FFF1F209FFF1F06
:10609000F098FF1F309BFF1FC098FF1FA09AFF1FA3
:1060A00008B502460B4604A1D1E900010EF0AAFE94
:1060B00008BD00BFAFF300800000000080842E41C7
:1060C00070B592B0284B294E029304460D4608A89D
:1060D00002A900960696FFF7C3FA21A3D3E900238D
:1060E000204629460EF064FD0FF05AF800210446C0
:1060F0000FF05CFB10BB1E4920460FF06BFBE8B9AC
:106100001C4920460FF0AAF94FF07C510FF09CF883
:106110000FF0A6FB2328044610D90EA808A90C9658
:10612000FFF79EFA22460CA9134807F0D3F90C9BFF
:106130000EA8DB689847069BDB6800E00F4B08A8B9
:106140009847009B02A8DB6898470D480D4900223C
:106150000023C0E90023C1E9002312B070BD00BFD5
:1061600000000040E17A843F195E010024E802004B
:10617000398EE34C00001042189FFF1F715601003A
:10618000089FFF1F109FFF1F10B54FF0E02292B035
:10619000D2F8203D274C23F07F4343F00053C2F850
:1061A000203D02A9244B029308A800940694FFF70F
:1061B00057FA08A90EA80C94FFF752FA40F60F629E
:1061C0000CA91E4807F086F90C9B0EA8DB689847BF
:1061D000069B08A8DB689847009B02A8DB689847E5
:1061E000174B029302A908A800940694FFF738FA07
:1061F00008A90EA80C94FFF733FA0CA940F60F6219
:10620000104807F067F90C9B0EA8DB689847069BBF
:1062100008A8DB689847009B02A8DB6898470A4BF0
:106220000022202183F8441083F8452083F846207B
:1062300012B010BD24E8020081560100209FFF1F0C
:10624000A5570100289FFF1F00E400E0F8B507F004
:10625000BDFB0E4F0E4E07F0B9FB0E480025802403
:106260003A463146056004710AF042FB0A483A4654
:106270003146056004710AF03BFB084804713A4658
:1062800031460560BDE8F8400AF032BB2087FF1FA9
:1062900075560100189FFF1F209FFF1F289FFF1F9B
:1062A00058492DE9F043A1FB00435B09A1FB0341E1
:1062B000C3EB03144909A0EB8400534C1070C1EBED
:1062C0000115A4FB014CA3EB85034FEA1C1C537082
:1062D0004E4B4F4E4F4FDFF840810CF10400A3FBB3
:1062E00000430CEB4C04A1EBC4019170C11A03EB09
:1062F00051039B08C3EBC303C01A431C0020D37097
:10630000014640F26D190DE0B7EBB40F46D3B8EB80
:10631000341F34BF4C464FF4B77421448C4500F110
:1063200001000FD35FFA80FE0EF2B27313F0030583
:1063300006FB03F4E8D040F26D1421448C4500F1D3
:106340000100EFD2354E82F806E0A6FB030677097E
:10635000A5B36420F60900FB17374FF4C87000FBA3
:10636000163640F26D10ACEB010CDFF8B4E060447F
:10637000012100230AE013F80E40844234D80C298E
:10638000A0EB040012D001310133C9B2012B5FFA36
:1063900083FCF0D12DB9EFB11D2403E04FF4B774A5
:1063A000BBE71C24A04229D3001BECE74FF00D0CE7
:1063B000013082F805C01071BDE8F083642000FB55
:1063C0001737F6094FF4C87000FB16363FB14FF48B
:1063D000B770C8E7002E14BF1C241D24E2E7002E6E
:1063E000BFD14FF4B770BEE70CF1010C5FFA8CFC23
:1063F000013082F805C01071BDE8F0834FF0020C47
:10640000D6E700BF89888888ABAAAAAA2549922422
:10641000295C8FC2285C8F020AD7A3001F85EB512D
:1064200034E8020070B5084ED6E90023994208BF4F
:10643000904206D005460C46044AFFF731FFC6E9F4
:106440000054024B587970BD689FFF1F589FFF1F73
:1064500070B5084ED6E90023994208BF904206D095
:1064600005460C46044AFFF71BFFC6E90054024BE1
:10647000587870BD689FFF1F589FFF1F70B5084E6A
:10648000D6E90023994208BF904206D005460C4643
:10649000044AFFF705FFC6E90054024B187870BDA7
:1064A000689FFF1F589FFF1F70B5084ED6E9002355
:1064B000994208BF904206D005460C46044AFFF7B1
:1064C000EFFEC6E90054024B987870BD689FFF1F2D
:1064D000589FFF1F70B5084ED6E90023994208BFA8
:1064E000904206D005460C46044AFFF7D9FEC6E99D
:1064F0000054024B187970BD689FFF1F589FFF1F03
:1065000070B5094ED6E90023994208BF904206D0E3
:1065100005460C46054AFFF7C3FEC6E90054034B87
:10652000987900F2B27070BD689FFF1F589FFF1FDF
:10653000F0B5334A8479864604FB02F2C4B131488F
:10654000314D324E04F2B27C40F2B3730CE09F073F
:1065500009D1B5EBB10F02D3B6EB311F03D302F56E
:10656000A83202F5C07201339C4500FB03F1EED165
:106570009EF8050001282CDD254E2649264D04F203
:10658000B274A6FB04367709642303FB1747F609A8
:106590004FF4C87303FB164604F00304012308E01C
:1065A00091F800C00133834205FB0C2201F1010187
:1065B0000FD0022BF4D1002CF2D10FB9002EEFD165
:1065C000013302F51812834202F56E5201F1010106
:1065D000EFD19EF801309EF80210C3EB03134FF485
:1065E0006164980004FB01009EF804309EF80040AE
:1065F00009492044013B01FB030010440021F0BD88
:106600008033E101295C8FC2285C8F020AD7A30086
:106610001F85EB5134E8020080510100F0B5234D95
:10662000234E2B683268234F83B00093009B9B1A44
:10663000B3F57A7F37D3396801312C680094009B19
:1066400002F57A729B1AB3F57A7F084601F10101CF
:10665000F3D2326038600094174C2368834211D81B
:10666000164B1B6873B1984701430ED02B680193FA
:10667000134B019A1B68326003442360114B38604E
:1066800002221A70002103B0F0BD0E490C4A0B78AB
:1066900038681268003B18BF012302440B700021C8
:1066A000226003B0F0BD3868D6E700BFDC9FFF1F53
:1066B000509FFF1F609FFF1F549FFF1F709FFF1F72
:1066C000A087FF1F5F9FFF1F70B5094EFFF7A6FF52
:1066D000D6E90023994208BF904206D005460C46F1
:1066E000044AFFF7DDFDC6E90054024B987870BDFF
:1066F000689FFF1F589FFF1F70B5094EFFF78EFF61
:10670000D6E90023994208BF904206D005460C46C0
:10671000044AFFF7C5FDC6E90054024B587870BD26
:10672000689FFF1F589FFF1F70B5094EFFF776FF48
:10673000D6E90023994208BF904206D005460C4690
:10674000044AFFF7ADFDC6E90054024B187870BD4E
:10675000689FFF1F589FFF1F70B5094EFFF75EFF30
:10676000D6E90023994208BF904206D005460C4660
:10677000044AFFF795FDC6E90054024B187970BD35
:10678000689FFF1F589FFF1F70B5094EFFF746FF18
:10679000D6E90023994208BF904206D005460C4630
:1067A000044AFFF77DFDC6E90054024B587970BDDD
:1067B000689FFF1F589FFF1F70B50A4EFFF72EFFFF
:1067C000D6E90023994208BF904206D005460C4600
:1067D000054AFFF765FDC6E90054034B987900F2BE
:1067E000B27070BD689FFF1F589FFF1F10B40A4B07
:1067F0000A491B680A4A0B4C1268206083B00344A4
:106800000B60094B019202211970019A074B1A6023
:1068100003B010BC704700BFA087FF1F549FFF1F2D
:10682000DC9FFF1F609FFF1F5F9FFF1F509FFF1F89
:10683000034A0449044B126808601A60FFF7EEBE71
:10684000609FFF1F709FFF1F549FFF1F034B044952
:106850001B68044A0860034413607047609FFF1F71
:10686000A087FF1F549FFF1F2DE9F04F8DB0D3F875
:1068700000B00293179B04901B6805915846194677
:10688000069201930EF0E0FC01460EF0DFFC169B31
:106890000146D3F800A007460EF0E0FD514606463B
:1068A00050460EF0DBFD31460EF0D0FC1B9C0AF08A
:1068B0001FFD9D49054650460EF0D0FD51460EF095
:1068C000CDFD31460EF068FF002800F025812946F5
:1068D00038460EF0C3FD2946804650460EF0BEFDF8
:1068E0004146064640460EF0B9FD31460546304663
:1068F0000EF0B4FD0146814628460EF0A7FC49463D
:10690000074628460EF0A0FC39460EF05BFE3146E5
:10691000054630460EF09AFC41460EF09FFD394682
:106920000EF050FE00F100430746009339465046F2
:106930000EF094FD2946814650460EF08FFD294603
:10694000824658460EF08AFD49460EF07FFC2946E5
:106950000EF084FD3946039001980EF07FFD5146FC
:106960000EF074FC39460EF079FD039B0146184683
:106970000EF06CFC189B00991B680793199B02464C
:106980005846D3F800B01A9B1B680393029B1A6009
:106990000EF064FD51460EF059FC294682460198DE
:1069A0000EF05CFD49460EF04FFC294681465046EC
:1069B0000EF054FD3946019048460EF04FFD019A05
:1069C000014610460EF042FCDDF858C00099CCF8A4
:1069D000000050460EF042FD2946824648460EF021
:1069E0003DFD014650460EF031FCDDF85CC0079BD2
:1069F000CCF800002946184601930EF02FFD3946C9
:106A0000814658460EF02AFD014648460EF01EFC0F
:106A1000019B189F0099386018460EF01FFD29460B
:106A2000074658460EF01AFD014638460EF00EFC99
:106A30001999039A08601A990A60D4F800903146AF
:106A400048460EF00BFD67680990314638460EF057
:106A500005FDA5680A90314628460EF0FFFC414628
:106A60000B9048460EF0FAFC4146206038460EF086
:106A7000F5FC4146606028460EF0F0FCE568A06039
:106A8000414628460EF0EAFC3146E06028460EF00A
:106A9000E5FC069D014654F825000EF0D7FBAB003F
:106AA00030336B4444F8250053F80C1CE0680EF0BA
:106AB000CBFB059D049FE0600CAA02EB850354F814
:106AC000270053F80C1C0EF0C1FBBB00303344F818
:106AD00027006B4454F8250053F80C1C0EF0B4FB4F
:106AE000179A44F825001568199A029E14681A9A94
:106AF00033681068169A1168189A12683560169DE6
:106B00002C60179C20601898016019990A601A9AE5
:106B100013600DB0BDE8F08F044F054BDFF8148013
:106B2000054E00933D4601E77A82BA40F404353FB2
:106B3000F40435BF5E836C3F15EFC33E2DE9F0478B
:106B40000C46014616461D4607460EF087FC2146B8
:106B5000804620460EF082FC014640460EF076FB51
:106B60004FF07C5181460EF079FC424BA3EB690853
:106B7000414682460EF072FC41460EF06FFC014623
:106B80004FF07F500EF060FB41460EF067FC8046F0
:106B9000414650460EF062FC41460EF05FFC014655
:106BA0004FF07F500EF050FB014640460EF056FC71
:106BB00049460EF053FC304980460EF00BFE00B9FA
:106BC00000242D492C6040460AF062FC014627F063
:106BD00000400EF03BFB00210446306038460EF0CA
:106BE000DBFD10B12B682C601C463460214620462A
:106BF0000EF034FCD5F800800746414640460EF0C2
:106C00002DFC014638460EF021FB1A4F4FF07C5107
:106C100081460EF023FCA7EB6907394680460EF04B
:106C20001DFC39460EF01AFC01464FF07F500EF065
:106C30000BFB39460EF012FC0746394640460EF073
:106C40000DFC39460EF00AFC01464FF07F500EF065
:106C5000FBFA014638460EF001FC01460746204685
:106C60000EF0FCFB3060286839460EF0F7FB286018
:106C7000BDE8F0879E59375FBD3786352DE9F04F67
:106C8000A5B08B46014615461E460B920E9307464D
:106C900008900EF0E3FB3146044630460EF0DEFB72
:106CA000014620460EF0D2FA3099044608460EF00E
:106CB000D5FB014620460EF0C9FA594614903846D5
:106CC0000EF0CCFB2E99044630460EF0C7FB014671
:106CD00020460EF0BBFA3199044630980EF0BEFB08
:106CE000014620460EF0B2FA5946159058460EF06D
:106CF000B5FB2E99044608460EF0B0FB014620462F
:106D00000EF0A4FA3199044608460EF0A7FB01469E
:106D100020460EF09BFA2946169038460EF09EFB50
:106D20002F99044630460EF099FB014620460EF09E
:106D30008DFA3299044630980EF090FB01462046B9
:106D40000EF084FA2946179058460EF087FB2F99CB
:106D500004462E980EF082FB014620460EF076FA8D
:106D60003299044631980EF079FB014620460EF028
:106D70006DFA2946189028460EF070FB2F990446AC
:106D800008460EF06BFB014620460EF05FFA329982
:106D9000044608460EF062FB014620460EF056FA05
:106DA00000234FF07E521990239220932193229337
:106DB0004FF0040A0DF180090DF1640818AF17AE09
:106DC00016AD15AC14AB0222012100208DE8F000B5
:106DD000CDF81490CDF81080FFF746FD14AB0022DB
:106DE000022101208DE8F000CDF81490CDF810803C
:106DF000FFF73AFD8DE8F000CDF81490CDF8108043
:106E000014AB012200210220FFF72EFDBAF1010A86
:106E1000D8D1209E219D229C314630460EF01EFB8B
:106E20002946079028460EF019FB21468046204649
:106E30000EF014FB2146824630460EF00FFB294629
:106E4000814630460EF00AFB21460C9028460EF093
:106E500005FB239F3146064638460EF0FFFA2946C9
:106E6000054638460EF0FAFA21468446384664460E
:106E70000EF0F4FA5146099040460EF0E7F901464B
:106E80000EF0E4F901464FF07E500EF0DDF9459B1F
:106E9000099A18600C9B0A921146184609930EF045
:106EA000D3F901460EF0D2F9469B214618604846B8
:106EB0000EF0CCF901460EF0C9F9479B0A9A18600A
:106EC000099B114618460EF0C1F901460EF0BEF9B5
:106ED000489B079F1860514638460EF0B7F90146A7
:106EE0000EF0B4F901464FF07E500EF0ADF9499B1B
:106EF0002946186030460EF0A7F901460EF0A6F9B3
:106F00004A9B2146186048460EF09EF901460EF055
:106F10009DF94B9B2946186030460EF097F90146C3
:106F20000EF094F94C9B4146186038460EF08EF9ED
:106F300001460EF08BF901464FF07E500EF084F9B9
:106F40004D9BDDF820801860459B489A1B6809938B
:106F500005464146184616680EF080FA5946044622
:106F600030460D960EF07AFA014620460EF06EF984
:106F70004B9A0B9FD2F800A0469A044639465046D9
:106F800016680EF06BFA014620460EF05FF9079086
:106F9000499A0C9641463046D2F800900EF05EFABF
:106FA0005946044648460EF059FA014620460EF06E
:106FB0004DF94C9AD2F80080479A044612680A921A
:106FC000394640460EF04AFA014620460EF03EF998
:106FD00008994A9C07460A9826680EF03FFA5946D7
:106FE000044630460EF03AFA014620460EF02EF9DD
:106FF000294604460B980EF031FA014620460EF061
:1070000025F9DDF838B00890594609980EF026FAAF
:107010002E9904460D980EF021FA014620460EF0F6
:1070200015F92F99044650460EF018FA01462046ED
:107030000EF00CF959460E900C980EF00FFA2E999E
:10704000044648460EF00AFA014620460EF0FEF8C5
:107050002F99044640460EF001FA014620460EF0F4
:10706000F5F8594604460A980EF0F8F92E99834629
:1070700030460EF0F3F9014658460EF0E7F829467F
:1070800083462F980EF0EAF9014658460EF0DEF8D6
:107090003099834609980EF0E1F931990B900D98DB
:1070A0000EF0DCF90B9B014618460EF0CFF8329932
:1070B0000B9050460EF0D2F90B9B014618460EF08D
:1070C000C5F8309982460C980EF0C8F90B903199AA
:1070D00048460EF0C3F90B9B014618460EF0B6F871
:1070E0003299814640460EF0B9F9014648460EF005
:1070F000ADF8309980460A980EF0B0F93199814682
:1071000030460EF0ABF9014648460EF09FF829468E
:10711000064632980EF0A2F9014630460EF096F877
:107120000799814608460EF099F90E9A0B9211467E
:10713000054610460EF092F9014628460EF086F8F4
:107140005146054650460EF089F9014628460EF094
:107150007DF83946054638460EF080F92146064648
:1071600020460EF07BF9014630460EF06FF841469E
:10717000064640460EF072F9014630460EF066F8BB
:1071800008990A9008460EF069F95946064658468D
:107190000EF064F9014630460EF058F849460646AE
:1071A00048460EF05BF9014630460EF04FF80A995A
:1071B000064628460EF0F0FADDF81CC00CF100423D
:1071C00096460D9229460B9A002840F0DA82099BD8
:1071D0000A9D0D9703F10043109307F100430B93B1
:1071E00004F100430C9308F10043099302F10043BA
:1071F00007930AF100430E94CDF84880CDF83CE0A7
:107200000A91674614461193D046DDF828A030460F
:1072100051460EF0DFFA002824D00F9B089F0893F8
:10722000479B459A1B681360479B109A1A604A9ABD
:10723000489B1168489A1B6811604A9A03F1004301
:1072400013604D9A4B9B11684B9A1B6811604D9AC5
:10725000C8465C4603F10043DDF84490DDF81CB0FD
:1072600013605646294630460EF0B4FA002840F026
:10727000BE82089B0B930D9B08934D9BCDF82490E9
:10728000CDF830B0DDF84890DDF838B01B684D9A85
:107290002146136038461AAA1BABFFF74FFCDDF8F6
:1072A0006CA0514650460DF0D1FF51460EF0D6F875
:1072B00001464FF07E500DF0C7FF1A9B0A9305461A
:1072C000194618460DF0C2FF51460EF0C7F8294680
:1072D000079038460EF0C2F82146064607980EF091
:1072E000BDF8014630460DF0B1FF3C9B089918608F
:1072F00028460EF0B3F85946064607980EF0AEF849
:10730000014630460DF0A2FF3D9B0B9918602846C0
:107310000EF0A4F80C99064607980EF09FF8014667
:1073200030460DF093FF3E9B1860079B03F100462B
:10733000314638460EF092F82146074628460EF0B0
:107340008DF8014638460DF081FF3F9B0899186083
:1073500030460EF083F85946044628460EF07EF873
:10736000014620460DF072FF409B0B991860304695
:107370000EF074F80C99044628460EF06FF801469A
:1073800020460DF063FF419B449A1860429BC3F86E
:107390000080439BC3F80090099B13603C9A1668D9
:1073A000429A17681DAB1CAA39463046FFF7C6FB48
:1073B0001D9D294628460DF049FF29460EF04EF83E
:1073C00001464FF07E500DF03FFF1C9B089319467D
:1073D000044618460DF03AFF0E90014628460EF07E
:1073E0003DF82146834630460EF038F8594680462F
:1073F00038460EF033F8014640460DF027FF3D9A1F
:10740000DDF80CC112680F9011462046DCF80080B0
:107410000C920EF023F8414681465846CDF82CB028
:107420000EF01CF8014648460DF010FF3E9A1090F1
:10743000D2F80090204649460EF010F8099983468C
:107440000B980EF00BF8014658460DF0FFFE0B9A14
:107450000346304602F10046314611930DF0FEFF1F
:107460002146834638460DF0F9FF014658460DF097
:10747000EDFE0C9A0346314610460C930DF0EEFFDC
:107480004146074620460DF0E9FF014638460DF01B
:10749000DDFE3146804648460DF0E0FF099906467C
:1074A00020460DF0DBFF014630460DF0CFFE409A3E
:1074B0003F9CD2F80090D4F800B0419C0D901EAAD9
:1074C0001FAB2468099441464846FFF737FB1F9CD1
:1074D000214620460DF0BAFE21460DF0BFFF0146C1
:1074E0004FF07E500DF0B0FE1E9B139319460646DA
:1074F00018460DF0ABFE1290014620460DF0AEFF8F
:107500003C9A0F9F17603D9A109F17603E9A119FFB
:1075100017603146074658460DF0A0FF39460F90D8
:107520000C980DF09BFF0F9A014610460DF08EFE51
:107530003F9A3146106048460DF090FF39460F9053
:1075400040460DF08BFF0F9A014610460DF07EFE6F
:10755000409A3146106009980DF080FF39460F902F
:107560000D980DF07BFF0F9A014610460DF06EFE50
:10757000419A1060584607F1004B59460DF06EFFD6
:1075800031460F900C980DF069FF0F9A0146104696
:107590000DF05CFE429A5946106048460DF05EFFC1
:1075A0003146814640460DF059FF014648460DF0F0
:1075B0004DFE439A5946106009980DF04FFF314631
:1075C00080460D980DF04AFF014640460DF03EFE04
:1075D000449A5146106050460DF040FF01460DF0B0
:1075E00035FE4FF07E510DF02FFE2946804628468D
:1075F0000DF034FF01460DF029FE4FF07E510D9045
:107600000DF022FE8146014640460DF027FF339AD9
:107610002146106020460DF021FF01460DF016FEB8
:107620004FF07E510DF010FE4FF081410646089854
:107630000DF014FF139B099319460DF00FFF4146FF
:107640000DF00CFF29460DF009FF21460DF006FF55
:107650003146834607980DF001FF014658460DF06C
:10766000F5FD349A4FF0814110600A980DF0F6FE56
:10767000099B0C9319460DF0F1FE51460DF0EEFEFC
:1076800021460DF0EBFE414683460E980DF0E6FED6
:1076900029460DF0E3FE31460DF0E0FE0146584666
:1076A0000DF0D2FD359A10600D9A4FF07E501146C4
:1076B0000DF0CAFD02461146079809920DF0CEFE64
:1076C000369A4FF0414110600A980DF0C7FE0899B4
:1076D0000DF0C4FE0C9B079319460DF0BFFE5146FA
:1076E0000DF0BCFE29460DF0B9FE21460DF0B6FEA8
:1076F0003146834640460DF0B1FE014658460DF036
:10770000A5FD379A089910600A980DF0A7FE294642
:107710000DF0A4FE31460DF0A1FE079B054619466B
:1077200050460DF09BFE21460DF098FE014628467E
:107730000DF08CFD4FF08141054650460DF08EFE58
:10774000014628460DF08AFE39460DF07DFD389B36
:10775000099A1860399BDDF82CB0C3F800B01146C7
:1077600012980DF07BFE21460DF078FE3A9B3146D3
:10777000186048460DF072FE3B9B186025B0BDE8CE
:10778000F08F459B0C991960099B0C9203F1004105
:10779000469BCDF824A01960079B0B93489B196862
:1077A000499B1868489B1860499B01F1004119608A
:1077B0004B9B19684C9B18684B9B18604C9B01F1C4
:1077C00000411960459B1B6803F10043109302F1CF
:1077D00000430E930AF10043129307F100430F9305
:1077E00004F10043079308F1004311930DE5469B14
:1077F000479A46991B6812680A60479A499903F1AB
:1078000000431360499B4A9A1B6812680A604A9AAF
:107810004C9903F1004313604C9B4D9A1B6812680E
:107820000A6003F1004332E503A3D3E9002309F022
:1078300065BA00BFAFF3008000000060FB21194073
:107840002DE970430C4615460646D2E90423D1E9DA
:1078500002010DF0ADF9D5E9022380468946D4E94D
:1078600004010DF0A5F902460B46404649460CF0CE
:10787000E7FFC6E90001D5E90023D4E904010DF0D2
:1078800097F9D5E9042380468946D4E900010DF033
:107890008FF902460B46404649460CF0D1FFC6E937
:1078A0000201D5E90223D4E900010DF081F9D5E9FF
:1078B000002380468946D4E902010DF079F9024699
:1078C0000B46404649460CF0BBFFC6E90401BDE843
:1078D000708300BFF8B5D1E9002304460D46D0E916
:1078E00000010DF065F9D5E9022306460F46D4E9FB
:1078F00002010DF05DF902460B46304639460CF0A8
:10790000A1FFD5E9042306460F46D4E904010DF092
:107910004FF902460B46304639460CF093FFF8BD4E
:107920002DE9F04FD0E9022389B0D0E90067D1E911
:107930000089CDE900230C46D0E90412D4E902AB5A
:10794000CDE904123B46324630463946CDE902AB1A
:107950000DF02EF9D4E904AB0D460446DDE9000133
:1079600002460B460DF024F902460B4620462946F6
:107970000CF068FF04460D46DDE9040102460B46A3
:107980000DF016F902460B46204629460CF05AFF28
:1079900009F0DCF94246CDE906014B46404649462E
:1079A0000DF006F904460D46DDE9020102460B46DC
:1079B0000DF0FEF802460B46204629460CF042FF29
:1079C000524604460D465B46504659460DF0F0F8C7
:1079D00002460B46204629460CF034FF09F0B6F962
:1079E000424604460D464B46304639460DF0E0F817
:1079F000DDE9022306460F46DDE900010DF0D8F867
:107A000002460B46304639460CF01CFF52460646ED
:107A10000F465B46DDE904010DF0CAF802460B464D
:107A2000304639460CF00EFFDDE9062306460F46C8
:107A3000204629460DF0BCF802460B463046394632
:107A40000DF0E0F909B0BDE8F04F09F097B800BFBC
:107A50002DE9F843D0E90023D0E90245D0E90467D5
:107A6000194610460DF0A4F82246804689462B465A
:107A7000204629460DF09CF802460B4640464946F2
:107A80000CF0E0FE324604460D463B463046394691
:107A90000DF08EF80B460246294620460CF0D2FE29
:107AA000BDE8F84309F052B92DE9F04FD1E900459E
:107AB00083B0D1E902898A46834622462B46204676
:107AC00029460DF075F8DAE904230646CDE90023CE
:107AD0000F4642464B46404649460DF069F802467D
:107AE0000B46304639460CF0ADFEDDE90023064674
:107AF0000F46104619460DF05BF802460B4630461D
:107B000039460CF09FFE09F021F902460B46002091
:107B10000E490DF077F922462B4606460F460DF02A
:107B200047F8CBE900013246DAE902013B460DF0A5
:107B30003FF8CBE902013246DAE904013B460DF099
:107B400037F8CBE9040103B0BDE8F08F0000F03F47
:107B50002DE9F047DDE9088904464946404692464A
:107B60001D4609F0B3FA06460F465046294609F06D
:107B7000ADFA02460B46304639460DF019F8C4E915
:107B80000001504605F1004109F02CFB02460B466E
:107B9000304639460DF00CF8C4E90201404649462A
:107BA00009F020FBC4E90401BDE8F08701F1480CAD
:107BB000D1E90023C0E90023D1E90223C0E902236F
:107BC000D1E9042318318C4500F1180040E9022363
:107BD000EED1704730B4A1F108031031F3E902454A
:107BE000C0E90045D3E90645C0E90245D3E90C45A3
:107BF000994200F1180040E90245EFD130BC7047CE
:107C00002DE9F0478246DAE91089DAE90E34D0E945
:107C1000080188B0CDE9003442464B46DAE90A67EC
:107C2000CDE906010CF0C4FFDAE906230446CDE9EC
:107C300002230D4632463B46DDE900010CF0B8FF59
:107C400002460B46204629460CF0FAFDDAE90C45BF
:107C5000DAE90023CDE904450CF0AAFF02460B4601
:107C60004046494690469946DDE902230CF0A0FFC4
:107C7000DDE9042304460D46304639460CF098FFF2
:107C800002460B46204629460CF0DAFDDAE90223CB
:107C90000CF08EFF02460B46404649460CF0D0FDE4
:107CA000DDE9022304460D46DDE900010CF080FF0A
:107CB000DDE9042306460F46DDE906010CF078FFF6
:107CC00002460B46304639460CF0BAFDDAE9042389
:107CD0000CF06EFF02460B46204629460CF0B2FD22
:107CE00008B0BDE8F08700BF2DE9F04F834687B0AC
:107CF00008468A46FFF784FF02460B460020894962
:107D00000DF080F8DAE90A3480468946DAE9100194
:107D1000CDE90034DAE90823DAE90E67CDE902019A
:107D20000CF046FFDDE9002304460D463046394697
:107D30000CF03EFF02460B46204629460CF080FD23
:107D400042464B460CF034FFCBE900013046394641
:107D5000DAE9046732463B460CF02AFFDAE90223EF
:107D600004460D46DDE902010CF022FF02460B46F7
:107D7000204629460CF064FD42464B460CF018FFA5
:107D8000CBE90201DDE90001DAE902230CF010FF82
:107D9000DAE9082304460D46304639460CF008FF60
:107DA00002460B46204629460CF04AFD42464B4609
:107DB0000CF0FEFECBE90401DAE90A34184621464C
:107DC000DAE90C23DAE91067CDE902010CF0F0FEE4
:107DD000DAE9062304460D46304639460CF0E8FE43
:107DE00002460B46204629460CF02AFD42464B46E9
:107DF0000CF0DEFECBE90601DAE90023DAE90C45F6
:107E000030463946CDE90045DAE90467CDE9042377
:107E10000CF0CEFEDDE9002304460D46304639461F
:107E20000CF0C6FE02460B46204629460CF008FD23
:107E300042464B460CF0BCFECBE9080130463946C1
:107E4000DAE9066732463B460CF0B2FEDDE9042370
:107E500004460D46DDE902010CF0AAFE02460B467F
:107E6000204629460CF0ECFC42464B460CF0A0FEA6
:107E7000DAE90E34CBE90A01CDE902341A4630467C
:107E8000234639460CF094FEDAE9082304460D46F1
:107E9000DDE900010CF08CFE02460B462046294627
:107EA0000CF0CEFC42464B460CF082FECBE90C01B6
:107EB000DAE90223DAE90C010CF07AFEDAE900676C
:107EC00004460D463246DDE902013B460CF070FEE9
:107ED00002460B46204629460CF0B2FC42464B4671
:107EE0000CF066FECBE90E013046DAE9082339468C
:107EF0000CF05EFEDAE9022304460D46DAE90601DB
:107F00000CF056FE02460B46204629460CF098FC23
:107F100042464B460CF04CFECBE9100107B0BDE8E1
:107F2000F08F00BF0000F03F2DE9F04F85B001F168
:107F30004803029302F1480389460190039302F13A
:107F4000600BDDF80C80DDF804A0A8F148064F4670
:107F500000240025F6E80623F7E802010CF028FECD
:107F600002460B46204629460CF06CFC464504466A
:107F70000D46EFD106F10808D845EAE80245E4D1FC
:107F8000019B18330193029B09F118099945D8D137
:107F900005B0BDE8F08F00BF2DE9F04F83B0A2F12E
:107FA00008038846A0F1080A01F1480B019302F189
:107FB0001009019E474600240025F6E90223F7E850
:107FC00002010CF0F5FD02460B46204629460CF056
:107FD00039FC4E4504460D46EFD108F11808D84546
:107FE000EAE90245E5D103B0BDE8F08F30B40C4DAD
:107FF000002200230024C0E90045C0E90845C0E98B
:108000001045C0E9062330BCC0E90C23C0E90223B7
:10801000C0E90E23C0E90423C0E90A23704700BF6A
:108020000000F03F82B02DE9D043DDE9088906A9C0
:1080300081E80C0004464946404609F047F80646E8
:108040000F464046494609F0CDF89DF81830012BFF
:1080500006D0022B40D00BB3BDE8D04302B070472E
:108060000B460246C4E9042300220023C4E9062388
:10807000C4E90223C4E90E23C4E90A23254B206383
:1080800001F100410022C4E90067C4E91067C4E9B6
:1080900008236163BDE8D04302B070470B46024637
:1080A000C4E90E2300220023C4E90623C4E90C23FB
:1080B000C4E90223C4E90423164BA06201F1004184
:1080C0000022C4E90867C4E91067C4E90023E1623B
:1080D000BDE8D04302B070470B460246C4E9062310
:1080E0000C4BA0600022C4E9102301F100410022E2
:1080F0000023C4E90067C4E90867C4E90C23C4E9A4
:108100000E23C4E90423C4E90A23E160BDE8D04397
:1081100002B070470000F03F2DE9F041214DB8B0AA
:108120000024CDE91445CDE91C45CDE92445171EB1
:108130004FF000044FF00005CDE91A45CDE9204588
:10814000CDE91645CDE92245CDE91845CDE91E45D5
:10815000804624DD0C46002526AE04F1080393E892
:1081600003008DE8030002A894E80C00FFF75AFF13
:1081700002AA14A93046FFF7D7FE0135482231463E
:1081800014A805F0A1FCAF4204F11004E5D1482287
:108190003146404605F098FC38B0BDE8F08126AE87
:1081A000F5E700BF0000F03F2DE9F843D0E904896E
:1081B00004460E4617461D460022254B40464946BA
:1081C0000CF068FF002835D0224B0022404649467B
:1081D0000CF07EFFD8B14046494608F0F7FCC7E9ED
:1081E0000001D4E90A0303F10041D4E9102308F0A7
:1081F00015FDC6E90001D4E9020303F10041D4E909
:10820000002308F00BFDC5E90001BDE8F8830CA3CD
:10821000D3E90023C7E9002300220023C6E9002395
:10822000D4E90823D4E9060108F0F8FCC5E9000107
:10823000BDE8F88304A3D3E90023EBE7AFF30080A4
:1082400000000060FB21F9BF00000060FB21F93F46
:108250000000F03F0000F0BF82B02DE9F04708A910
:1082600081E80C009DF82030002B68D0D0E9004553
:10827000824635A3D3E90023204629460CF00AFFA5
:1082800000285CD132A3D3E90023204629460CF014
:108290008FFC31A3D3E9002306460F460CF0D2FA37
:1082A00002460B462EA1D1E900010CF0ABFD32468F
:1082B0003B460CF0C7FA2CA3D3E900230CF078FC62
:1082C00008F0E8FF2AA3D3E9002306460F46DDE9BC
:1082D0000A010CF0B7FA02460B4627A1D1E90001CA
:1082E0000CF090FD2C4B804689460022DDE90C0104
:1082F0000CF088FD02460B46404649460CF058FCFF
:1083000032463B4606460F461DA1D1E900010CF05E
:1083100079FD1DA3D3E900230CF094FA02460B4625
:10832000304639460CF044FC19A3D3E900230CF085
:108330003FFC22462B460CF085FACAE90001BDE855
:10834000F04702B0704700BF000000E051B8AEBF78
:1083500000000000DCA54C40000000E0A3701440C9
:10836000000000A099992440000000A046DF913F42
:1083700000000000001071400000000000B07140DB
:1083800000000080EB51F03F000000E032965F3FBC
:10839000000000604B10333F00908F40FFFFFFFF55
:1083A00082B02DE9F04708A981E80C009DF8203043
:1083B000002B69D0D0E90045824635A3D3E90023DC
:1083C000204629460CF066FE00285DD132A3D3E991
:1083D0000023204629460CF0EBFB31A3D3E9002310
:1083E00006460F460CF02EFA02460B462EA1D1E9A6
:1083F00000010CF007FD32463B460CF023FA2CA39B
:10840000D3E900230CF0D4FB08F044FF2AA3D3E9FE
:10841000002306460F46DDE90A010CF013FA024676
:108420000B4627A1D1E900010CF0ECFC2A4B804659
:1084300089460022DDE90C010CF0E4FC02460B4603
:10844000404649460CF0B4FB32463B4606460F46D2
:10845000002022490CF0D6FC1BA3D3E900230CF02A
:10846000F1F902460B46304639460CF0A1FB18A341
:10847000D3E900230CF09CFB02460B46204629461C
:108480000CF0DEF9CAE90001BDE8F04702B0704720
:10849000000000E051B8AEBF00000000DCA54C4079
:1084A000000000A099991140000000A0703D1D40FF
:1084B000000000A046DF913F000000000010714066
:1084C0000000000000B07140000000209A24563FD8
:1084D000000000604B10333F00908F400000F03FE1
:1084E000704700BF704700BF2DE9F0470D46BCB094
:1084F0000646D0E9060114460CF052FE8246D6E943
:1085000004010CF04DFE8146D6E902010CF048FE54
:108510008046D6E900010CF043FE3BAB1F933AAB1B
:108520001E9339AB1D9338AB1C9337AB1B9336AB03
:108530001A9335AB199334AB189333AB179332AB13
:10854000169331AB159330AB14932FAB13932EAB23
:1085500012932DAB11932CAB10932BAB0F932AAB33
:108560000E9329AB0D9328AB0C9327AB0B9326AB43
:108570000A9325AB099324AB089323AB079322AB53
:10858000069321AB05930746D6E910010CF008FECF
:108590000490D6E90E010CF003FE0390D6E90C011D
:1085A0000CF0FEFD0290D6E90A010CF0F9FD0190F5
:1085B000D6E908010CF0F4FD53464A4600904146C6
:1085C0003846FEF75BFB21980CF09AFAC5E90001EA
:1085D00022980CF095FAC5E9020123980CF090FA64
:1085E000C5E9040124980CF08BFAC5E90601259829
:1085F0000CF086FAC5E9080126980CF081FAC5E965
:108600000A0127980CF07CFAC5E90C0128980CF0B7
:1086100077FAC5E90E0129980CF072FAC5E9100144
:1086200033980CF06DFAC4E9000134980CF068FA44
:10863000C4E9020135980CF063FAC4E904013698E4
:108640000CF05EFAC4E9060137980CF059FAC4E957
:10865000080138980CF054FAC4E90A0139980CF072
:108660004FFAC4E90C013A980CF04AFAC4E90E0139
:108670003B980CF045FAC4E910013CB0BDE8F08726
:10868000C0E9022301220223027480F82030DDE9D0
:108690000023C0E90623DDE902234FF0000C03F1BB
:1086A0000043C0E90A2380F800C070472DE9F0417B
:1086B0000446904601F1100701F120050FC9BAB038
:1086C0000DF1280C8CE80F0097E80F000EAE86E83D
:1086D0000F0095E80F000DF1480E8EE80F0061467F
:1086E00016A80322FFF718FD424616A928A8FFF78F
:1086F0001BFC04AB06AA08A928A8FFF755FDDDE975
:108700000401DDE90623CDE90201CDE9002320467D
:10871000DDE9082300F066FD20463AB0BDE8F081AF
:108720002DE9F0471F46AEB00023CDE918330123F1
:1087300001F1200E164601F1100A8DF86030044652
:108740000FC90DF1300888E80F009AE80F000DF10D
:10875000400989E80F009EE80F000DF1500C8CE8ED
:108760000F003B4632461EA1D1E900010CF068F82B
:108770009DF8D850CDE91A01042241461CA8FFF704
:10878000CBFC0AAB1CA808AA06A9FFF70DFDD5B9BA
:10879000DDE90A2314A1D1E900010CF051F8DDE96B
:1087A0000667DDE90889FFF73FF8CDE90089CDE9E3
:1087B0000201049532463B46204600F021FA20464D
:1087C0002EB0BDE8F08738AB0FCB8DE80F0036AB8D
:1087D0000CCB08A8FFF740FDDAE700BFAFF300803D
:1087E00000000060FB21F93F00000060FB21094010
:1087F000F0B595B00DF1680E04460D4616461F46BD
:10880000BEE80F00EC46ACE80F009EE803003246DD
:108810008CE803003B46294606A8FFF781FF204667
:10882000DDE9202306A900F09FFA204615B0F0BD2F
:10883000D0E90201704700BFD0E90601704700BFD0
:10884000D0E90A0303F10041704700BFD0E90A01F3
:10885000704700BFFFFFFFFF38B5044619461046BA
:10886000D4E90A230BF0EEFFFEF7DEFF002200231F
:1088700004460D460CF00EFC40B12046294606A3E6
:10888000D3E900230BF0DEFF04460D4620462946BF
:1088900038BD00BFAFF3008000000060FB2119402D
:1088A0002DE9F04FD1E900678FB00C460491059097
:1088B000834639463046CDE9062308F007FCD4E963
:1088C00002458046894620462946CDE9008908F0C0
:1088D000FDFB02460B4640464946CDE902230CF01B
:1088E00067F9BDA3D3E90023884621F00041814602
:1088F0000CF0D0FBA0BB3046394608F073FC0246B2
:108900000B461E46204629461546CDE9085608F076
:1089100069FC03460C46CDE90A3402460B4628465C
:1089200031460CF045F902460B46DBE904010BF039
:1089300087FF4A4643460CF065FAAF4B00220446D7
:108940000D460CF0A7FB064650B9AC4B0022204662
:1089500029460CF0BDFB38B130460FB0BDE8F08FB2
:1089600000200FB0BDE8F08F2046294608F02EF910
:1089700002460B469AA1D1E90001CDE90C230BF088
:108980005FFF0B461D46049B02461446DDE90601C7
:10899000D3E90423CDE906450BF054FF02460B460C
:1089A00082468B46204629460BF04AFF8CA3D3E92A
:1089B000002304460D460CF08BFBA0B10FF22829D2
:1089C000D9E9008986A7D7E90067204629464246AB
:1089D0004B460BF035FF32463B4604460D460CF045
:1089E00077FB0028F1D182A3D3E900232046294652
:1089F0000CF05AFBA0B10FF2F019D9E900897CA75D
:108A0000D7E900672046294642464B460BF01AFF3D
:108A100032463B4604460D460CF046FB0028F1D199
:108A200052465B46DDE90C010BF00AFF6CA3D3E96B
:108A3000002325F0004980460D460CF049FBA0B10B
:108A40000FF2A41BDBE900AB65A7D7E9006740463E
:108A5000294652465B460BF0F3FE32463B468046C3
:108A60000D460CF035FB0028F1D161A3D3E90023BA
:108A7000404629460CF018FBA0B10FF26C1BDBE955
:108A800000AB5BA7D7E900674046294652465B46E4
:108A90000BF0D8FE32463B4680460D460CF004FBF8
:108AA0000028F1D1424625F00043204649460CF00B
:108AB000F1FA18B9DDE90C34CDE90634DDE90667D1
:108AC0003046394608F002FB04460D46304639462A
:108AD00008F088FBDDE900AB22462B46804689463C
:108AE000504659460CF064F8DDE9022304460D4671
:108AF000DDE908010CF05CF842464B4606460F469D
:108B0000504659460CF054F8DDE90A230CF050F8B1
:108B100002460B46304639460BF092FE22462B4663
:108B200008F07CF80D4605990446D1E90023D1E907
:108B3000020108F073F802460B46204629460BF066
:108B40007FFE27A3D3E90023804689460CF0C0FAB4
:108B500098B125A7D7E9006721A5D5E9004540468A
:108B6000494632463B460BF06BFE22462B4680467A
:108B700089460CF0ADFA0028F1D11DA3D3E90023FA
:108B8000404649460CF090FA98B117A5D5E9004542
:108B900017A7D7E900674046494622462B460BF007
:108BA00051FE32463B46804689460CF07DFA00284D
:108BB000F1D1189BC3E90089049BDDE90601D3E9E3
:108BC00004230BF03DFE199BC3E9000101200FB007
:108BD000BDE8F08FAFF30080000000809997713DF1
:108BE00000000060FB21094000000060FB211940EB
:108BF00000000060FB2109C00000F0BF0000F03F52
:108C0000F8B5044616461F460FA1D1E90001DDE97B
:108C100008230BF015FE9DF82850FEF705FEDDE950
:108C20000623C4E90623022384F82030002201230E
:108C3000C4E90A01C4E9026784F830502046227072
:108C40002374F8BDAFF3008000000060FB210940F1
:108C50002DE9F0431F46ADB00023CDE916330123C3
:108C600001F1200E0546164601F110098DF8583025
:108C70000FC90AAC84E80F0099E80F000DF138081D
:108C800088E80F009EE80F000DF1480C8CE80F00FB
:108C900032463B4614A1D1E900010BF0D1FD04227C
:108CA00001F10043189021461AA81993FFF734FAEE
:108CB00008AB06AA04A91AA8FFF776FA0999089A38
:108CC00001F10043CDE90223DDE906232846CDE981
:108CD0000023DDE90423FFF7D3FC28462DB0BDE8CF
:108CE000F08300BFAFF3008000000060FB21F93F7C
:108CF0002DE9F0410446904601F1100701F12005ED
:108D00000FC9BAB00DF1280C8CE80F0097E80F00DE
:108D10000EAE86E80F0095E80F000DF1480E8EE8C4
:108D20000F00614616A80322FFF7F6F9424616A97E
:108D300028A8FFF7F9F808AB06AA04A928A8FFF7A6
:108D400033FA0999089A01F10043CDE90223DDE9DC
:108D500006232046CDE90023DDE9042300F0ECF8EA
:108D600020463AB0BDE8F0812DE9F04F1D46ADF543
:108D70000B7D06460C469046D5E9000100220023F3
:108D80000CF07EF9B8B1D5E90201002200230CF005
:108D900077F980B1D5E90401002200230CF070F9C5
:108DA00048B1304642462146FFF7A2FF30460DF556
:108DB0000B7DBDE8F08F94E80F000DF1500C04F12D
:108DC000100B8CE80F009BE80F000DF1600A04F116
:108DD00020078AE80F0097E80F000DF1700E8EE86B
:108DE0000F006146032230A8FFF796F9424630A9EA
:108DF00042A8FFF799F808AB06AA04A942A8FFF712
:108E0000D3F90CAB0193DDE94223CDE90E23DDE973
:108E10004423DDE906ABCDE91023DDE946230DF15E
:108E20002809CDE91223CDF8009029460EA8524614
:108E30005B46FFF735FD00284ED06968D9F800A0E1
:108E40002A680B9FDDE90C8901F10043CDE922235B
:108E50000123D5E9040102248DF8903042464B46A7
:108E60008DF880400BF0EEFCCDE92601D5E9020338
:108E7000524603F100413B46CDE92A01CDE92E23BC
:108E800020A90023042254A88DF8A0308DF8B0400A
:108E9000FFF742F954A966A8FEF79CFE66AA42A90C
:108EA00078A8FFF741F8DDE98023DDE9860107F0C6
:108EB000B5FE544607F10045CDE904010246CDE96F
:108EC0000089CDE902450B46304600F035F83046C2
:108ED0000DF50B7DBDE8F08FDDE9082101F10043C0
:108EE000CDE90223CDE900ABDDE90423304600F0F3
:108EF00023F830460DF50B7DBDE8F08FD0E9020177
:108F0000704700BFD0E90601704700BFFFFFFFFFB9
:108F100008B5D0E90A2304A1D1E900010BF090FCC7
:108F2000BDE80840FEF780BC00000060FB2109405E
:108F3000D0E90A01704700BFC0E9022301220223E1
:108F4000027480F82030DDE90023C0E90623DDE962
:108F500002234FF0000C03F10043C0E90A2380F81C
:108F600000C07047FFFFFFFF2DE9F04F174601F1EA
:108F7000100901F1200504460FC9BDB00DF1300CF8
:108F80008CE80F0099E80F0010AE86E80F0095E816
:108F90000F000DF1500E8EE80F006146032218A855
:108FA0009DF81881FFF7B8F83A4618A92AA8FEF7E5
:108FB000BBFF0AAB2AA808AA06A9FFF7F5F8B8F183
:108FC000000F1DD10B9B0A9803F1004112A3D3E9B6
:108FD00000230BF035FCDDE90667DDE908ABFEF7A1
:108FE00023FCCDE900ABCDE90201CDF8108032467B
:108FF0003B462046FFF704FE20463DB0BDE8F08F1B
:1090000048AB0FCB8DE80F0046AB0CCB08A8FFF7A1
:10901000C7F9D7E7AFF3008000000060FB210940EB
:109020002DE9F04FC7B00546DDF858819DF840B1F5
:10903000D8E900A60C4617465046314600220023C8
:109040000CF01EF8002869D0D8F80C30D8F80820A9
:109050000793069210461946002200230CF010F8E0
:10906000D8E90489002862D101218DF8E810D4E9FB
:10907000020106F1004642464B46CDE934013996DD
:10908000D4E906014FF000080226CDF8E0A08DF8E3
:10909000C8808DF8D8600BF0D5FB069B4093D4E9CF
:1090A0000A9A079B8DF8F88003F10043CDE93C0153
:1090B000052232A90EA84193CDE9449A8DF80861A2
:1090C000FFF72AF83A460EA920A8FEF72DFF0CABB1
:1090D00020A80AAA08A9FFF767F8BBF1000F41D141
:1090E0000D9B0C9803F1004123A3D3E900230BF05F
:1090F000A7FBDDE90867DDE90A89FEF795FBCDE905
:109100000089CDE90201CDF810B032463B46284631
:10911000FFF776FD284647B0BDE8F08FD8F8083055
:109120000693D8F80C300793D8E904899CE700220D
:109130000023404649460BF0A3FF002894D00DF5CC
:10914000A07CBCE80F006E460FC69CE803003A46C0
:1091500086E8030028462146FFF706FF284647B069
:10916000BDE8F08F52AB0FCB8DE80F0050AB0CCBAE
:109170000AA8FFF715F9B3E700000060FB210940DA
:1091800070B596B00DF1680E229B069304460D460D
:109190001646BEE80F00EC46ACE80F009EE8030060
:1091A00032468CE80300294608A8FFF739FF20461D
:1091B000DDE9202308A9FFF74BFD204616B070BD5E
:1091C000D0E90201704700BFD0E90601704700BF37
:1091D000D0E90A0303F10041704700BFD0E90A015A
:1091E000704700BFC0E9022301220223027480F805
:1091F0002030DDE90023C0E90623DDE902234FF03A
:10920000000CC0E90A2380F800C070472DE9F04146
:109210000446904601F1100701F120050FC9BAB0CC
:109220000DF1280C8CE80F0097E80F000EAE86E8D1
:109230000F0095E80F000DF1480E8EE80F00614613
:1092400016A80322FEF768FF424616A928A8FEF7D3
:109250006BFE06AB08AA04A928A8FEF7A5FF07998C
:10926000069A01F10043CDE90223DDE908232046F7
:10927000CDE90023DDE90423FFF702FA20463AB0E6
:10928000BDE8F081D0E90201704700BFD0E90601D6
:10929000704700BFD0E90A01704700BF2DE9F047D1
:1092A00086B0904699460E9C9DF83CA000234FF056
:1092B000FF3202600B60C8F80030C9F80030257832
:1092C000202D06460F4603D114F8015F202DFBD058
:1092D0002046BAF1000F07D00EF072FE082853D0D6
:1092E000002006B0BDE8F0870EF06AFE0728F7D12F
:1092F0008DF804508DF806A004AD0DF1040A6378D2
:109300008DF805300A22294650460DF0E3FF00F59E
:10931000FF437F33B3F5803F03D2049B534500D016
:109320003060A3783A2BDBD1E3788DF810302379C5
:109330008DF811300A22002303A928468DF8123037
:109340000DF0C8FF00F5FF437F33B3F5803F03D234
:10935000039BAB4218BF386063792E2BC0D1A37931
:10936000303BC8F800303368172BB9D83B683B2B2B
:10937000B6D8D8F80030B3F5167FB1D2D9F800309E
:109380003B2BADD80120ACE763788DF804500DF18C
:10939000040A04AD8DF805300A2200232946504600
:1093A0008DF806300DF096FF00F5FF437F33B3F5DF
:1093B000803F03D2049B534500D03060A3783A2B02
:1093C0008ED1E3788DF8103023798DF811300A2290
:1093D000002303A928468DF812300DF07BFF00F51D
:1093E000FF437F33B3F5803F03D2039BAB4218BFEB
:1093F000386063793A2B7FF473AFA3798DF8083026
:1094000002ADE3798DF8093003A900230A2228462A
:109410008DF80A300DF05EFF00F5FF437F33B3F5A2
:10942000803FA0D2039BAB429DD0C9F800009AE7D1
:1094300070B586B0CDE90012054605AB04AA03A9B4
:1094400002A8FFF72BFF044638B303980BF0B2FFD6
:1094500013490CF0B7F8064602980BF0ABFF014633
:1094600030460BF0F3FE064604980BF0A3FF0D49BF
:109470000CF0A8F8014630460BF0E8FE06460598C9
:109480000BF098FF08490CF09DF8014630460BF0B0
:10949000DDFE0BF035FBC5E90001204606B070BDCE
:1094A0000000704200001644000061452DE9F04FB5
:1094B00091F80080B8F1200F89B00C460746164697
:1094C0001D4604D114F8018FB8F1200FFAD02046C0
:1094D0000EF076FD15B9062800F0B080092803D0FB
:1094E000002009B0BDE8F08F4FF0000A002E00F018
:1094F000AA80B8F12D0F00F0CB80B8F12B0FEFD17F
:10950000674B0022CDE9002363788DF810300DF110
:109510001809A3788DF811300DF1100B00230A22E1
:10952000494658468DF812300DF0D4FE00F5FF4341
:109530007F33B3F5803F8046D2D2069B5B45CFD0C8
:109540000334237803F0EF022A2A01D0DF2BC7D19E
:1095500063788DF81830A3788DF819300A224FF00F
:10956000000305A948468DF81A300DF0B3FE00F54A
:10957000FF437F33B3F5803F8346B1D2059B4B4514
:10958000AED01DB3BAF1000F40F08780E3783A2BDC
:1095900001D0272BA4D123798DF80C300DF10C09C3
:1095A00063798DF80D3005A900240A2248468DF80C
:1095B0000E400DF08FFE00F5FF437F33B3F5803F83
:1095C00005466AD2059B4B4508BF2546002E0BBFBA
:1095D00000236FF059034FF4B4725A2243453FF70A
:1095E0007FAF4245FFF67CAFBBF13B0F3FF678AF54
:1095F0003B2D3FF675AF58460BF0DCFE29490BF0CA
:10960000E1FF044640460BF0D5FE014620460BF034
:109610001DFE044628460BF0CDFE23490BF0D2FF79
:10962000014620460BF012FE0BF06AFADDE900233A
:109630000BF0BEFAC7E90001012052E74FF0010A22
:10964000002E7FF456AF63788DF811300DF11809B4
:109650000DF1100BA3788DF810800A224946584668
:109660008DF812308DF813600DF034FE00F5FF43D5
:109670007F33B3F5803F8046BFF432AF069B5B4536
:109680003FF42EAF064B0022CDE90023033458E708
:10969000064B0022CDE9002336E7002596E700BF00
:1096A0000000F03F00007042000061450000F0BF84
:1096B0002DE9F04FD1E900378BB0064603931846E9
:1096C000029227F0004142A3D3E900230BF0BAF83D
:1096D00004460D4608F070F8804689462046294623
:1096E00042464B460BF0ACF83B4B00220BF060FAC5
:1096F00082468B4608F060F802460B4650465946B3
:109700000BF09EF8DFF8D4E004460D46BEE80F00EB
:109710000DF1140CACE80F00DEF800308CF80030CE
:10972000029B204629460022B3B32B4B0BF040FA94
:1097300004460D4600220023204629460BF0A0FCDB
:1097400030B100220023504659460BF099FC78BBFB
:1097500003983946002200230BF09CFC88BB0023B1
:10976000ADF81030494640460BF0D2FC294603467E
:1097700020461C460BF0CCFC5946019050460BF09D
:10978000C7FC2346009005A9304604AA0DF05CFFF3
:1097900001200BB0BDE8F08F114B0BF009FA2E231E
:1097A0008DF81F30312304460D468DF82230C1E775
:1097B00000220023404649460BF062FC0028C7D037
:1097C000CDE72D23ADF81030CCE700BFAFF300801C
:1097D000000000E01038223F00004E4040E8020048
:1097E00000002440FFFFFFFF2DE9F04FD1E90045C5
:1097F00089B006461746984600220023204629468F
:109800009DF848900BF046FC002870D156A3D3E990
:109810000023204629460BF015F804460D4607F0B4
:10982000CBFF0BF075FC83460BF058F902460B4654
:10983000204629460BF004F84D4B00220BF0B8F9F6
:1098400004460D4607F0B8FF02460B46204629465F
:109850000AF0F6FF464B00220BF0AAF90BF058FC79
:10986000444B03900FCB0DF1100A8AE80F00B8F1BA
:10987000000F1BD04FF0010C2FB10CF120036B44F3
:10988000332203F80E2CB9F1000F1CD029462046D4
:109890000BF03EFC039A009203465A46514630466E
:1098A0000DF0D2FE012009B0BDE8F08F324B0FCB96
:1098B000D646AEE807002EF8023B1B0C4FF0000C1A
:1098C0008EF80030D8E70CF120030DEB030C29468D
:1098D0000CF8079C20460BF01BFC5A4603465146E9
:1098E00030460DF0B1FE012009B0BDE8F08F2246F0
:1098F0002B461DA1D1E900010AF0A2FF04460D4646
:1099000007F05AFF0BF004FC83460BF0E7F8024621
:109910000B46204629460AF093FF154B00220BF018
:1099200047F904460D4607F047FF02460B4620461E
:1099300029460AF085FF0E4B00220BF039F90BF097
:10994000E7FB0C4B03900FCB0DF1100A8AE80F00D8
:10995000B8F1000FAAD02D238DF810304FF0010C74
:109960008AE700BFAFF30080000000E01038223F1C
:1099700000004E4064E8020054E802002DE9F04186
:10998000074684B018461C460E4615460EF018FBD6
:10999000082803D0002004B0BDE8F08123788DF8BA
:1099A0000030E84663788DF801300A22002303A9CD
:1099B00040468DF802300DF08DFC00F5FF437F33FB
:1099C000B3F5803F03D2039B434518BF3060A378B3
:1099D0002F2BDFD1E3788DF804300DF104082379C3
:1099E0008DF805300A22002303A940468DF8063081
:1099F0000DF070FC00F5FF437F33B3F5803F03D2D9
:109A0000039B434518BF286063792F2BC2D1A379EC
:109A10008DF808300DF10808E3798DF8093003A9B5
:109A200000230A2240468DF80A300DF053FC00F561
:109A3000FF437F33B3F5803F03D2039B434518BFF9
:109A400038603368013B0B2BA4D82B68013B1E2BDD
:109A5000A0D83B68632B9DD80B2BCCBF03F5FA63D2
:109A600003F634033B60012095E700BF30B583B0B7
:109A70000D460A2201A904460DF02CFC00F5004316
:109A8000B3F5803F06D2019BA34203D0286001209A
:109A900003B030BD002003B030BD00BF30B583B08F
:109AA0000D460A2201A904460DF0C0FCB0F5803F26
:109AB00006D2019BA34203D02860012003B030BD31
:109AC000002003B030BD00BF014B002207F016B9E3
:109AD0000080764038B500220A4B07F00FF90022CB
:109AE000002304460D460BF0D5FA38B1204629462E
:109AF000044B00220AF0A6FE04460D4620462946E5
:109B000038BD00BF0080764038B500220A4B07F010
:109B1000F5F80022002304460D460BF0BBFA38B1DD
:109B200020462946044B00220AF08CFE04460D46CE
:109B30002046294638BD00BF008076400022022121
:109B40000280828082600273028242610276828396
:109B5000026280F824200285C26280F830200287E9
:109B6000C263A0F84820C264A0F858200266A0F89A
:109B700068200267A0F87820C0F88020A0F888202C
:109B8000C0F89020A0F89820C0F8A02080F8B91064
:109B9000A0F8BA2080F8BC20C0F8C020C0F8C420CB
:109BA000C0F8C820C0F8CC20C0F8D020C0F8D4201D
:109BB000A0F8A82080F8AA20704700BF38B5044656
:109BC0000023806863700BF0F1FB0B490BF0FAFC8B
:109BD0000546A0880BF0EEFB014628460BF036FB4D
:109BE0000AF08EFF247B02460B460CB101F10043C4
:109BF0001046194638BD00BF286B6E4E38B5044676
:109C00000023406963700BF0D1FB0B490BF0DAFCC9
:109C10000546208A0BF0CEFB014628460BF016FBCA
:109C20000AF06EFF247E02460B460CB101F10043A0
:109C30001046194638BD00BF286B6E4E4368064A71
:109C4000A2FB03C26421520901FB123303F5FA633C
:109C50000022427098B270471F85EB514368074A53
:109C6000A2FB03135B09A2FB03124FF0640C520921
:109C700000210CFB12334170D8B270471F85EB51A5
:109C80004368044A0021A2FB03234170C3F3473019
:109C9000704700BF5917B7D14368044A0021A2FB9F
:109CA00003234170C3F38740704700BF83DE1B432B
:109CB00008494368084AA1FB03135B0BA2FB03128C
:109CC00052094FF0640C00210CFB12334170D8B2E2
:109CD000704700BF5917B7D11F85EB514368074A3A
:109CE000A2FB03135B09A2FB03124FF0640C5209A1
:109CF00000210CFB12334170D8B270471F85EB5125
:109D00002DE9F0410446012190F8390004F0ACFA45
:109D100094F83A00012104F0A7FA94F838000121E0
:109D200004F0A2FA94F83900002104F069FA94F8DA
:109D30003A00002104F064FA94F83800012104F09C
:109D40005FFAB548012106F019FEB449B24806F0A1
:109D500043FEB14806F0D4FDB149B24ACB6BD4F80A
:109D6000208043F48053CB63D668D368C6F3806603
:109D70009D014FEAC60640F1BB8146F004060C2E59
:109D8000F7B208BF374640F0B481A34D94F83800CD
:109D9000002104F035FA2B684FF00042DA62C8F374
:109DA00007425A63DA6A002AFCDA986B4FF00042E5
:109DB000DA620002C8F3072280B25A63DA6A002A24
:109DC000FCDA996BC9B201435FFA88F24FF00040A8
:109DD000D86209025A63DA6A002AFCDA9B6B94F8AB
:109DE00038005FFA83F848EA0108012104F008FA14
:109DF0000C2E4FEA181803D08748394606F0E4FDC8
:109E00008749C4F83480CB6B864AD4F8248043F465
:109E10008053CB63D668D368C6F3806698014FEA57
:109E2000C60640F15F8146F004060C2EF7B208BF6B
:109E3000374640F0588194F83800002104F0E0F9EA
:109E40002B684FF00042DA62C8F307425A63DA6ABD
:109E5000002AFCDA986B4FF00042DA620002C8F385
:109E6000072280B25A63DA6A002AFCDA996BC9B217
:109E700001435FFA88F24FF00040D86209025A634A
:109E8000DA6A002AFCDA9B6B94F838005FFA83F8F0
:109E900048EA0108012104F0B3F90C2E4FEA181822
:109EA00003D05D48394606F08FFD5D49C4F8348023
:109EB000CB6B5C4AD4F8288043F48053CB63D668DC
:109EC000D368C6F3806699014FEAC60640F1048163
:109ED00046F004060C2EF7B208BF374640F0FD806E
:109EE00094F83800002104F08BF92B684FF0004201
:109EF000DA62C8F307425A63DA6A002AFCDA986B1E
:109F00004FF00042DA620002C8F3072280B25A63BF
:109F1000DA6A002AFCDA996BC9B201435FFA88F267
:109F20004FF00040D86209025A63DA6A002AFCDA6C
:109F30009B6B94F838005FFA83F848EA0108012126
:109F400004F05EF90C2E4FEA181803D03248394657
:109F500006F03AFD3249C4F83480CB6B314AD4F86C
:109F60002C8043F48053CB63D668D368C6F38066F5
:109F70009A014FEAC60640F1A98046F004060C2E6D
:109F8000F7B208BF374640F0A28094F838000021AD
:109F900004F036F92B684FF00042DA62C8F307424A
:109FA0005A63DA6A002AFCDA986B4FF00042DA62F0
:109FB0000002C8F3072280B25A63DA6A002AFCDA88
:109FC000996BC9B201435FFA88F24FF00040D86242
:109FD00009025A63DA6A002AFCDA9B6B94F83800AB
:109FE0005FFA83F848EA0108012104F009F90C2E10
:109FF0004FEA181803D00848394606F0E5FC08492E
:10A00000C4F83480CB6B074AD4F8308043F48053D3
:10A01000CB63D66808E000BFC888FF1F0320023862
:10A020000080044000C00240D368C6F380669B01F4
:10A030004FEAC60644D546F004060C2EF7B208BF18
:10A0400037463ED194F83800002104F0D9F82B6847
:10A050004FF00042DA62C8F307425A63DA6A002A14
:10A06000FCDA986B4FF00042DA620002C8F3072274
:10A0700080B25A63DA6A002AFCDA996BC9B20143EA
:10A080005FFA88F24FF00040D86209025A63DA6A38
:10A09000002AFCDA9D6B94F83800EDB20D430121E3
:10A0A00004F0AEF80C2E4FEA151503D013483946CC
:10A0B00006F08AFC0123656384F83B30BDE8F0813B
:10A0C000F7B20E480C2106F07FFCBBE7F7B20B4855
:10A0D0000C2106F079FC58E7F7B208480C2106F08D
:10A0E00073FCFDE6F7B205480C2106F06DFCA2E614
:10A0F000F7B202480C2106F067FC46E6C888FF1F4D
:10A100002DE9F041056B0446406988460AF0D6FC0B
:10A11000064640460F460AF0D1FC02460B46304642
:10A1200039460AF045FD7A4B00220AF041FD74A33E
:10A13000D3E9002306460F460AF064FE754B002261
:10A140000AF07EFB0BF00CF8C3B20F2B25F0400594
:10A150000ED92563E26A94F83B1022F01F021F2BF0
:10A1600094BF1A4342F01F02E26299B9BDE8F08140
:10A1700045F0400564A3D3E9002325633046394602
:10A180000AF040FE634B00220AF05AFB0AF0E8FF97
:10A19000C3B2DFE76049614ACB6BD4F8308043F447
:10A1A0008053CB63D568D368C5F380659A014FEAC5
:10A1B000C50540F1978045F004050C2DEFB208BFAE
:10A1C0002F4640F09080564E94F83800002104F05D
:10A1D00017F833684FF00042DA62C8F307425A6357
:10A1E000DA6A002AFCDA986B4FF00042DA62000269
:10A1F000C8F3072280B25A63DA6A002AFCDA996B44
:10A20000C9B201435FFA88F24FF00040D8620902F8
:10A210005A63DA6A002AFCDA9B6B94F838005FFA1A
:10A2200083F848EA0108012103F0EAFF0C2D4FEA08
:10A23000181803D03A48394606F0C6FB3649C4F828
:10A240003480CB6B354AD4F82C8043F48053CB63F5
:10A25000D568D368C5F380659B014FEAC50547D52E
:10A2600045F004050C2DEFB208BF2F4641D194F8FC
:10A270003800002103F0C4FF33684FF00042DA6277
:10A28000C8F307425A63DA6A002AFCDA986B4FF087
:10A290000042DA620002C8F3072280B25A63DA6A27
:10A2A000002AFCDA996BC9B201435FFA88F24FF0D9
:10A2B0000040D86209025A63DA6A002AFCDA9E6B0F
:10A2C00094F83800F6B20E43012103F099FF0C2DEB
:10A2D0004FEA161603D01248394606F075FB66633E
:10A2E000BDE8F081EFB20E480C2106F06DFB6AE785
:10A2F000EFB20B480C2106F067FBB8E7AFF3008024
:10A3000000000000C0EB12410000000040240441A6
:10A31000000040400000E03F0080044000C00240D8
:10A32000C888FF1FF8B5C36A3F2923F4BF33054629
:10A3300028BF3F2123F480730AB143F4803395F89A
:10A340003B2043EA0124EC6202B9F8BD2A492B4ABA
:10A35000CB6B43F48053CB63D668D368C6F3806677
:10A360009B014FEAC60640D546F004060C2EF7B214
:10A3700008BF37463AD195F83800002103F040FF76
:10A380001F4B1B684FF00042DA62C4F307425A6366
:10A39000DA6A002AFCDA986B4FF00042DA620002B7
:10A3A000C4F3072280B25A63DA6A002AFCDA996B96
:10A3B000C9B2E4B201434FF00042DA6209025C63C1
:10A3C000DA6A002AFCDA9C6B95F83800E4B20C4398
:10A3D000012103F015FF0C2E4FEA141403D0084896
:10A3E000394606F0F1FA6C63F8BDF7B204480C2167
:10A3F00006F0EAFABFE700BF0080044000C0024058
:10A40000C888FF1FFF29F8B5056A044617DD564BBB
:10A410004FF480721D4094F83B30E2632562DBB953
:10A42000E26BE3682069A16902FB03F300FB03F31D
:10A430004E4AB2FBF3F31944A360E161F8BD7F29F2
:10A4400058DD494B1D4094F83B30802245F0010512
:10A45000E2632562002BE3D04549464ACB6B43F4C7
:10A460008053CB63D668D368C6F380669B014FEAFE
:10A47000C60649D546F004060C2EF7B208BF37468B
:10A4800043D1002194F8380003F0BAFE3A4B1B6820
:10A490002A0C4FF00041D9625A63DA6A002AFCDACA
:10A4A000986B4FF00042DA620002C5F3072280B2D7
:10A4B0005A63DA6A002AFCDA996BC9B2EDB2014339
:10A4C0004FF00042DA6209025D63DA6A002AFCDAC0
:10A4D0009D6B94F83800EDB20D43012103F090FE1E
:10A4E0000C2E4FEA151503D02348394606F06CFAB6
:10A4F000656395E73F290DDC1F2911DD1A4B1D40CF
:10A50000202245F0030586E7F7B21B480C2106F030
:10A510005BFAB6E7144B1D40402245F002057AE78E
:10A520000F2907DC0729104B0ADD1D40082245F0E2
:10A53000050570E7114B2B40102243F401756AE7C3
:10A54000032904DD1D40042245F0060563E70129C7
:10A5500004DD1D40022245F007055CE71D40012295
:10A5600045F0080557E700BFF0FD0F000087930393
:10A570000080044000C00240C888FF1FF0FF0F00A9
:10A580002DE9F04180F83820069A80F83A3080F8BA
:10A5900039200023032280F83B3080F842300360EA
:10A5A000436002624FF420230822DDF82080C2635A
:10A5B0008362C0F81480044607980D460AF07EFABC
:10A5C000064640460F460AF079FA02460B463046E8
:10A5D00039460AF0EDFA224B00220AF0E9FA1CA3F0
:10A5E000D3E9002306460F460AF00CFC1D4B00225F
:10A5F0000AF026F90AF0B4FDC3B20F2B14D91A4A97
:10A6000022631F2B28BF1F23184A626243F4402392
:10A610000721204684F84010E3622021FFF7F2FE74
:10A62000E5602046BDE8F081114B236330460AA364
:10A63000D3E9002339460AF0E5FB0A4B00220AF071
:10A64000FFF80AF08DFDC3B2DBE700BFAFF3008077
:10A6500000000000C0EB1241000000004024044153
:10A66000000040400000E03F10000E00D7C7090086
:10A6700050000E00F8B50F2928BF0F21022994467B
:10A6800038BF0221BCF1350F044680F840101A464D
:10A690009DF8180005D8BCF1230F70D94FF4803C09
:10A6A00001E04FF4C03C082A28BF08220C28656A44
:10A6B0003B4B28BF0C20012A38BF01220330C0B217
:10A6C000013A2B40D2B243EAC01343EA02130B43D0
:10A6D00094F83B2043EA0C03636202B9F8BD3149A8
:10A6E000314ACB6B266A43F48053CB63D568D36879
:10A6F000C5F380659B014FEAC5054AD545F00405C1
:10A700000C2DEFB208BF2F4644D194F83800002139
:10A7100003F076FD254B1B684FF00042DA62C6F36A
:10A7200007425A63DA6A002AFCDA986B4FF000425B
:10A73000DA620002C6F3072280B25A63DA6A002A9C
:10A74000FCDA996BC9B2F6B201434FF00042DA620B
:10A7500009025E63DA6A002AFCDA9E6B94F838001C
:10A76000F6B20E43012103F04BFD0C2D4FEA1616F5
:10A7700003D00E48394606F027F96663F8BDBCF1F0
:10A78000170F94BF4FF0000C4FF0010C4FEACC3C78
:10A7900089E7EFB205480C2106F016F9B5E700BFCE
:10A7A0000020FEFF0080044000C00240C888FF1F58
:10A7B000F8B5436A044631B194F83B2043F40053A2
:10A7C00063623AB9F8BD94F83B2023F40053636206
:10A7D000002AF7D02A492B4ACB6B266A43F48053D0
:10A7E000CB63D568D368C5F380659B014FEAC50587
:10A7F00040D545F004050C2DEFB208BF2F463AD1E5
:10A8000094F83800002103F0FBFC1F4B1B684FF04D
:10A810000042DA62C6F307425A63DA6A002AFCDAB7
:10A82000986B4FF00042DA620002C6F3072280B252
:10A830005A63DA6A002AFCDA996BC9B2F6B20143AC
:10A840004FF00042DA6209025E63DA6A002AFCDA3B
:10A850009E6B94F83800F6B20E43012103F0D0FC51
:10A860000C2D4FEA161603D00748394606F0ACF80F
:10A870006663F8BDEFB204480C2106F0A5F8BFE707
:10A880000080044000C00240C888FF1F2DE9F0414D
:10A8900005469DF818009DF81C40032828BF03209A
:10A8A000B1F5F07F28BF4FF4F071B2F5F07F28BF0B
:10A8B0004FF4F072032B28BF0323012C28BF01247F
:10A8C000E40344EA4034520944EA431444EA0224CB
:10A8D00095F8422095F83B304909002A85F8411047
:10A8E00008BF00210C4344F42026AE620BB9BDE83A
:10A8F000F0812D4AD36B43F48053D363A2F5E03249
:10A90000D368D268C3F3806893014FEAC80843D57F
:10A9100048F00408B8F10C0F5FFA88F708BF474603
:10A920003CD195F83800002103F06AFC1F4B1B68EE
:10A930004FF00042DA620A225A63DA6A002AFCDA2D
:10A94000986BC6F3072600024FF00042DA6280B22D
:10A950005E63DA6A002AFCDA996BC9B2E4B2014399
:10A960004FF00042DA6209025C63DA6A002AFCDA1C
:10A970009C6B95F83800E4B20C43012103F040FCD5
:10A98000B8F10C0F4FEA141403D00848394606F00A
:10A990001BF86C63BDE8F0815FFA88F703480C216F
:10A9A00006F012F8BDE700BF00800440C888FF1F12
:10A9B000F8B5836A23F00F030446836219B190F857
:10A9C00041201343836294F83B3084F8421003B96A
:10A9D000F8BD2B492B4ACB6BA66A43F48053CB635B
:10A9E000D568D368C5F380659B014FEAC50540D59E
:10A9F00045F004050C2DEFB208BF2F463AD194F86C
:10AA00003800002103F0FCFB1F4B1B684FF0004295
:10AA1000DA62C6F307425A63DA6A002AFCDA986BF4
:10AA20004FF00042DA620002C6F3072280B25A6396
:10AA3000DA6A002AFCDA996BC9B2F6B201434FF028
:10AA40000042DA6209025E63DA6A002AFCDA9E6B6F
:10AA500094F83800F6B20E43012103F0D1FB0C2D1F
:10AA60004FEA161603D00848394605F0ADFF666375
:10AA7000F8BDEFB204480C2105F0A6FFBFE700BF08
:10AA80000080044000C00240C888FF1F2DE9F84341
:10AA900090F83B30002B00F0C380076B27F03004A8
:10AAA00044F01004A7420546046359D1DFF87881C9
:10AAB0005E4AD36B43F48053D3635D4BDF68DB683E
:10AAC000C7F380679B014FEAC70743D547F00407E8
:10AAD0000C2FFEB208BF3E463DD195F8380000214C
:10AAE00003F08EFBD8F800304FF00042DA62C4F376
:10AAF00007425A63DA6A002AFCDA986B4FF0004288
:10AB0000DA620002C4F3072280B25A63DA6A002ACA
:10AB1000FCDA996BC9B2E4B201434FF00042DA6249
:10AB200009025C63DA6A002AFCDA9C6B95F838004B
:10AB3000E4B20C43012103F063FB0C2F4FEA14181D
:10AB400003D03948314605F03FFFC5F83480A00BEB
:10AB5000BDE8F883FEB234480C2105F035FFBCE7B0
:10AB6000324AD36B43F48053D363A2F5E032D36807
:10AB7000D268C3F3806992014FEAC90949D549F007
:10AB80000409B9F10C0F5FFA89F608BF4E4642D1AD
:10AB9000DFF8948095F83800002103F031FBD8F8F5
:10ABA00000304FF00042DA62C4F307425A63DA6AB7
:10ABB000002AFCDA986BC4F3072400024FF000422D
:10ABC000DA6280B25C63DA6A002AFCDA996B07F019
:10ABD000CF07C9B247F0100701434FF00042DA62D5
:10ABE00009025F63DA6A002AFCDA9F6B95F8380085
:10ABF000FFB20F43012103F003FBB9F10C0F4FEA41
:10AC0000171703D00848314605F0DEFE2C6B6F6342
:10AC10004EE75FFA89F604480C2105F0D5FEB7E748
:10AC20004FF0FF3094E700BFC888FF1F008004404A
:10AC300000C00240FFFFFFFF2DE9F84390F83B30D2
:10AC4000044623BB7E4F0026606909F037FF236B63
:10AC50005B0604460D4616D475A1D1E900013246C3
:10AC60003B4609F0A5FF22462B460AF0CBF8754B70
:10AC7000002209F09DFF734B002209F099FF0AF0B2
:10AC80006FFABDE8F8836CA1D1E90001E7E7076B33
:10AC900027F0300545F02005AF42056365D1DFF8A8
:10ACA000A8816A4AD36B43F48053D363684BDE6850
:10ACB000DB68C6F380669A014FEAC6064FD546F0B8
:10ACC00004060C2EF7B208BF374649D194F8380075
:10ACD000002103F095FAD8F800304FF00042DA6214
:10ACE000C5F307425A63DA6A002AFCDA986B4FF020
:10ACF0000042DA620002C5F3072280B25A63DA6AC0
:10AD0000002AFCDA996BC9B2EDB201434FF0004260
:10AD1000DA6209025D63DA6A002AFCDA9D6B94F854
:10AD20003800EDB20D43012103F06AFA0C2E4FEA10
:10AD3000151803D04448394605F046FEC4F834805F
:10AD4000C5F3843009F0BAFE424B002209F07AFDC7
:10AD50003B4B002209F02CFF06460F4674E7F7B282
:10AD600039480C2105F030FEB0E7384AD36B43F484
:10AD70008053D363A2F5E032D368D268C3F380690D
:10AD800091014FEAC90949D549F00409B9F10C0FFD
:10AD90005FFA89F608BF4E4642D1DFF8AC8094F8DE
:10ADA0003800002103F02CFAD8F800304FF00042B0
:10ADB000DA62C5F307425A63DA6A002AFCDA986B52
:10ADC000C5F3072500024FF00042DA6280B25D63EE
:10ADD000DA6A002AFCDA996B07F0CF07C9B247F0AC
:10ADE000200701434FF00042DA6209025F63DA6A2A
:10ADF000002AFCDA9F6B94F83800FFB20F43012160
:10AE000003F0FEF9B9F10C0F4FEA171703D00E4803
:10AE1000314605F0D9FD256B676342E75FFA89F695
:10AE200009480C2105F0D0FDB7E700BFAFF3008063
:10AE3000000000400AD7D33F00000060B81EC53FA5
:10AE40000000A03F00408F40C888FF1F00800440E2
:10AE500000C002400000F03F38B50C4605462049CE
:10AE6000C0680AF0FBFA0AF0FBFC42F6415382B2DA
:10AE700003FB02F2120A1B4B02FB04FC1F2101FB25
:10AE80000332BCFBF2F2FF2A02F1FF3408D87F2A1A
:10AE90009CBF01F1FF31C9B27E2CF0D9D3B201E0E1
:10AEA00000231A461F29286885F8433028BF1F2130
:10AEB00003680C4628460B2198472146284600F097
:10AEC0003BFA20460AF076FA29690AF0C7FA0AF036
:10AED000C7FCC1B22846BDE8384000F01FBA00BF29
:10AEE00000FF7F47FE440100F8B5836B044642EA49
:10AEF0004145CBB190F82600002103F081F9C5F35C
:10AF00000741A06B00F034FAC5F30721A06B00F0F5
:10AF10002FFAA06BE9B200F02BFA94F82600012179
:10AF2000BDE8F84003F06CB9066B4549454803E0BD
:10AF30000133172B00F0818031F8022BB0FBF2F2C5
:10AF40009642F5D3404A414E52F823301A0902F492
:10AF5000706223F470431343F27A43F078511AB3CA
:10AF600072B6F27AD70708D54FF0E02CF768DCF814
:10AF700080013840CCF88001B061900708D54FF0CF
:10AF8000E02C3769DCF884013840CCF88401F061AA
:10AF9000570708D54FF0E0207769D0F888213A406C
:10AFA000C0F88821326262B63268D068884207D021
:10AFB00043F0FC4326481060D1601361254B1360B9
:10AFC00094F82600002103F01BF933684FF000428B
:10AFD000DA62C5F307425A63DA6A002AFCDA4FF0F4
:10AFE0000042996BDA62C5F307225A63DA6A002AD3
:10AFF000FCDA4FF00042EDB2996BDA625D63DA6A17
:10B00000002AFCDAF27A9B6B002A86D0D00704D59E
:10B010004FF0E023B169C3F80011910704D54FF058
:10B02000E023F169C3F8041153077FF576AF4FF0C1
:10B03000E023326AC3F808216FE7162382E700BFD6
:10B040005CEB0200005125028CEB0200C888FF1F58
:10B0500001403F0000003F8070B5044608460AF0FA
:10B06000A9F91B490AF0FAF91A490AF0ABFAA16AE0
:10B0700006460AF0F3F918490AF0A4FA4FF07E5197
:10B080000AF0E2F80AF0ECFBC5B20F2D1AD8012144
:10B09000204600F0FFF8A16A30460AF0DFF90F49B8
:10B0A0000AF090FA4FF07E510AF0CEF80AF0D8FB81
:10B0B000C5B21F2D2946204628BF1F21BDE870407C
:10B0C00000F048B90021204600F0E4F8F1E700BFA5
:10B0D000D504354200007A4452B89E3EC3F5283E5E
:10B0E000202914D820291FD8DFE801F01F1E221EB6
:10B0F000251E1E1E281E1E1E1E1E1E1E2B1E1E1E52
:10B100001E1E1E1E1E1E1E1E1E1E1E1E2E00802900
:10B110001DD0B1F5807F02D1002100F0CDB84029CB
:10B1200018D1022100F0C8B87047082100F0C4B857
:10B13000072100F0C1B8062100F0BEB8052100F0DB
:10B14000BBB8042100F0B8B8032100F0B5B8012164
:10B1500000F0B2B8704700BF70B5044608460AF068
:10B1600029F925490AF07AF924490AF02BFA2449E9
:10B170000646E0680AF06AF831460AF06FF921499C
:10B180000AF020FA4FF07E510AF05EF80AF068FBF0
:10B19000C5B20F2D236829D89B6801212046984706
:10B1A0001749E0680AF052F831460AF057F9164993
:10B1B0000AF008FA4FF07E510AF046F80AF050FB08
:10B1C000C5B21F2D28BF1F252946204600F0B4F820
:10B1D00028460AF0EFF821690AF040F90AF040FB2E
:10B1E000C1B22046BDE8704000F098B89B680021CD
:10B1F00020469847E5E700BFD504354200007A4471
:10B200000AD7A33C6666A63EEC51383E202914D8E6
:10B21000202921D8DFE801F0212025202920202025
:10B220002D20202020202020312020202020202000
:10B2300020202020202020203500802925D0B1F595
:10B24000807F03D1036800215B6A1847402920D121
:10B25000036802215B6A1847704702680821526A36
:10B26000104702680721526A104702680621526A95
:10B27000104702680521526A104702680421526A89
:10B28000104702680321526A1047036801215B6A74
:10B2900018477047427D90F818C061F386124275D6
:10B2A00042694FEA0C6C4CEA12220721FFF71CBEE0
:10B2B000407DC009704700BFF8B504460F46FFF750
:10B2C000F7FF00B1F8BD6379257A67F30303637173
:10B2D000636806462D06204645EA1325FFF7E8FF7A
:10B2E000C5F307220146C5F3074358B1E3702B0E9F
:10B2F000A270657023712A4631462046BDE8F840A9
:10B30000FFF7F2BDE3712B0EA271657123722A461D
:10B310002046BDE8F840FFF7E7BD00BF027961F3C2
:10B320000402027110B442680468C2F31302236875
:10B3300010BC1021184700BF427961F3040242712A
:10B3400010B442680468C2F31302236810BC1021D1
:10B35000184700BF427C90F814C061F304024274A5
:10B3600002694FEA0C6C4CEA12220621FFF7BCBDC1
:10B37000F8B505460E460079002102F041FF07248A
:10B38000002746FA04F313F001034FF00101287877
:10B3900008BF194602F034FF0121287902F030FF7E
:10B3A000A87802F053FF031E18BF0123A3403B43BC
:10B3B00028790021DFB202F023FF013CE1D1F3073D
:10B3C0004CBF01212146287802F01AFF287901217B
:10B3D00002F016FFA87802F039FF00280CBF3846AB
:10B3E00047F00100F8BD00BF2DE9F04FADF5477DF6
:10B3F00014468046302218468B4600210A930CF0F2
:10B4000005FA0021631E651DC4F101020846D41827
:10B4100013F8011F19B10CA941F820400130AB42CB
:10B42000F5D109900446002800F0EC8036AB0CAA58
:10B430000DF1480E06939C460792CDF820E00023BC
:10B44000002600279C4240F3DA8011680BEBC10113
:10B45000D1E90001EEE80201DDF81C90E24600258A
:10B4600013E0AC4213DD116801EB410108EB011060
:10B47000D9F8001000EBC101D1E900010135062D1A
:10B48000EAE8020109F1040908D09C42E9DCAB4278
:10B490000DBF8D49304639460020EFE70133062BBA
:10B4A00002F104020CF1300CCCD14FF49072002167
:10B4B0007EA80CF0ABF97EAB0B93029300230193B3
:10B4C000019A7EA9C2EBC20301EBC30304938AABCA
:10B4D0000593029B03F10808134601330393019B74
:10B4E0008B464FF00009069900919945D1E9004536
:10B4F0000DF50A7A2BD0DBE900232046294609F016
:10B5000081FC039B09F10109994548E9020133D007
:10B51000009B029EF3E9024557460093F7E8022399
:10B52000F6E8020109F044FB02460B462046294694
:10B5300009F086F9464504460D46EFD1019B994531
:10B540000BF1380B0AF1300A08F10808D3D15CA3DB
:10B55000D3E900232046294609F0A6FD002851D151
:10B560002046294605F0F2FB049BC3E90001039B3A
:10B5700009F101099945CBD1069BCDF804903033F0
:10B580000693029B303302934B46062B98D1DDE99C
:10B5900012457EAB00930DF1A8094FF0000B009B04
:10B5A0002046D3E90023294609F02CFC0BF1010BBE
:10B5B000CA46BBF1060FEAE8020128D0089B059FA6
:10B5C000F3E902452AAE0893B046D6E90023F7E82E
:10B5D000020109F0EDFA02460B462046294609F021
:10B5E0002FF9C84506F1080604460D46ECD1009B2C
:10B5F00038330093059B30330593D146CFE730466F
:10B60000394627E700200DF5477DBDE8F08F36ABC2
:10B6100001930DF1A0080423DDF82CA00093C1468E
:10B62000019B73E90245BBF1060F01933DD01EABB0
:10B630000AF58C7702934E46F6E90223F7E90C01EE
:10B6400009F0B6FA02460B462046294609F0F8F8FA
:10B65000B04504460D46EFD1DAE9462309F0D2FBA6
:10B66000009B0133C9E9000109D0009B013B0BF1AC
:10B67000FF3B0093AAF1380AA9F10809D0E7DDF8E9
:10B6800008A0099807990A9E0022FAE8024551F895
:10B69000043B013206EBC3039042C3E90045F4DCEE
:10B6A00001200DF5477DBDE8F08FDAE946232046FD
:10B6B000294609F0A7FBC9E90001D6E7AFF30080EE
:10B6C000000000E05D72323C0000F03F2DE9F04FD9
:10B6D0008DB00A93DDE91634DDF860A00190CDE964
:10B6E0000234DAE900450892002300222046294668
:10B6F00009F0C6FCE8B1DAE902670022002330460F
:10B70000394609F0BDFCDAE90489B0B10022002312
:10B710004046494609F0B4FC78B1DDE90201089AD7
:10B720000A9BCDE9160101980DB0BDE8F04FFCF77A
:10B730000FBADAE90489DAE90267DDE90201424673
:10B740004B4609F07FF8804689462046294605F099
:10B75000BDFC02460B462046294614461D4605F010
:10B7600041FDCDE904013046394605F0AFFC824683
:10B770008B463046394605F035FDCDE90601404699
:10B78000494605F0A3FC02460B4640464946904612
:10B79000994605F027FD424606460F464B46204691
:10B7A000294609F005FA3246804689463B4620463E
:10B7B000294609F0FDF9524606460F465B46DDE98B
:10B7C000040109F0F5F9324604460D463B46DDE931
:10B7D000060109F0EDF902460B462046294609F01C
:10B7E0002FF8089D0A9C02460B4628462146CDE9C3
:10B7F000082305F06BFC04F10043CDE90201284663
:10B80000194605F0EFFC424604460D464B46DDE97D
:10B81000020109F0CDF9DDE90823CDE90A0120464E
:10B82000294609F0C5F902460B46DDE90A0109F08F
:10B8300007F8019B4246C3E900014B4620462946D2
:10B8400009F0B6F9DDE9082304460D46DDE90201F9
:10B8500009F0AEF902460B462046294608F0F2FFF1
:10B86000DDF80480C8E90201DDE90623DDE9040111
:10B8700009F09EF9324604460D463B46504659466D
:10B8800009F096F902460B462046294608F0DAFFF1
:10B89000C8E904010DB0BDE8F08F00BFF8B504465B
:10B8A0000F46D0E9080116461D4609F079FC3860BC
:10B8B000D4E90A0109F074FC3060D4E90C0109F004
:10B8C0006FFC2860D4E90E0109F06AFC069B186041
:10B8D000D4E9100109F064FC079B1860D4E9120157
:10B8E00009F05EFC089B1860D4E9140109F058FCCB
:10B8F000099B1860D4E9160109F052FC0A9B1860F4
:10B90000D4E9180109F04CFC0B9B1860F8BD00BF8E
:10B9100070B50446084616461D4609F0F1F8C4E91C
:10B920000801304609F0ECF8C4E90A01284609F09C
:10B93000E7F8C4E90C01049809F0E2F8C4E90E0143
:10B94000059809F0DDF8C4E91001069809F0D8F867
:10B95000C4E91201079809F0D3F8C4E91401089862
:10B9600009F0CEF8C4E91601099809F0C9F80022D7
:10B97000012384F8E821C4E9180184F8EA3170BD94
:10B9800000F120016830FCF7AFB900BFFFFFFFFFF7
:10B990002DE9F0471F4686B090F8EA319DF83850FF
:10B9A00023B90020002106B0BDE8F0871646D0E993
:10B9B0001E23CDE90023D0E92423CDE90223D0E9D9
:10B9C0002A236846CDE90423FCF742F866A3D3E9AD
:10B9D00000238046894609F05DFB0028E1D16C46D2
:10B9E0000DF1180AD4E9000142464B4609F00AFA63
:10B9F000E4E802015445F5D1012D5DD0022D1FD0A0
:10BA0000002DCED1DDE90045002200232046294645
:10BA100009F036FB002870D122462B46DDE90201F1
:10BA200009F0F0F905F0BCF9534B002209F0C0F819
:10BA30004FA3D3E9002309F0E5F906B0BDE8F0878C
:10BA40003046394605F042FB04460D46304639463D
:10BA500005F0C8FBDDE9002306460F4620462946CF
:10BA600009F0A6F8002204460D460023DDE9020194
:10BA700009F09EF802460B462046294608F0E2FEF1
:10BA8000DDE9042304460D463046394609F090F8B6
:10BA900002460B462046294608F0D4FE374B0022CA
:10BAA00004460D4609F014FBE0B1344D0024204655
:10BAB000294605F063F8B7E7DDE9004500220023D9
:10BAC0002046294609F0DCFA08BB22462B46DDE970
:10BAD000040109F097F905F063F932463B4608F096
:10BAE000AFFEA1E7264B00222046294609F0D2FAF4
:10BAF0000028DCD0224D0024D9E7DDE90201002234
:10BB0000002309F0E5FAD8B11E4900204BE70022D6
:10BB10000023DDE9040109F0DBFA174B002290B1A4
:10BB20003046394609F044F811A3D3E9002309F05F
:10BB300069F902460B460020124908F081FE32E7FF
:10BB4000114900202FE73046394609F031F808A3A3
:10BB5000D3E9002309F056F902460B4600200A49B2
:10BB600008F06EFE1FE700BF000000A0AF03D23C4C
:10BB700000000060FB210940008066400000F03FAB
:10BB80000000F0BF00805640008056C02DE9F04F05
:10BB900000F5AC75ADF5017D044629464C48DFF84B
:10BBA00034A1DFF834B1FCF79DFC02A82946FCF76C
:10BBB00011F804F5D07502A94848FCF793FC294612
:10BBC0004748FCF78FFC14A82946FCF703F814A992
:10BBD0004448FCF787FC14A926A8FCF785F826A999
:10BBE0004148FCF77FFC26AA14A938A804F12006D6
:10BBF000FCF79AF938A95046FCF774FC26AA02A96A
:10BC0000304604F16805FCF78FF931463748FCF7F8
:10BC100069FC31462846FCF767F829465846FCF788
:10BC200061FC2A46314638A8FCF77EF904F1B007DA
:10BC300038A9F8345046FCF755FC224628463946C8
:10BC4000FCF752FC39462A48FCF74CFC21462948AF
:10BC5000FCF748FC3846FBF7D3FF80462046894670
:10BC6000FBF7CEFF02460B465CA82146CDE9002338
:10BC7000FBF7B0FF6EA8FCF7B9F9DDE900234046F9
:10BC8000494608F095FFCDE97E016EA91A48FCF7F8
:10BC900029FC5CAA6EA94AA8FCF746F94AAA3946CB
:10BCA0002846FCF741F929465846FCF71BFC294673
:10BCB0003046FBF78FFF2A46314638A8FCF734F9A7
:10BCC00038A95046FCF70EFC0DF5017DBDE8F08F5C
:10BCD00074E8020098E80200A0E802007CE8020094
:10BCE00084E802008CE8020094E80200ECE602001E
:10BCF000A8E80200ACE80200B0E8020038B500F5A0
:10BD0000E875044600F5DC7200F5D0712846FBF7B3
:10BD100097FD29462846FBF7C7FE29460E4804F53D
:10BD2000C475FCF7DDFB04F5B87204F5AC71284668
:10BD3000FBF786FD29462846FBF7B6FE294607484D
:10BD4000FCF7CEFB2046FFF721FF0023012084F8FB
:10BD5000E83184F8EA0138BDB8E80200C0E8020022
:10BD600090F8E821022A034603D0002083F8EA0174
:10BD70007047FFF7C3BF00BF2DE9F04F0546A1B0E4
:10BD800095F8E9410990012CDDE92A0130D9002418
:10BD9000CDE914230023CDE918340CAB059305F14C
:10BDA000080A05F11803CDE9160193A5D5E9004568
:10BDB0000DF1400B089314A95AE902230291FAE904
:10BDC00002671AA8CDE90067FFF780FCDDE91E676E
:10BDD0008F4B002230463946DAE9008909F05AF9DA
:10BDE00030B98C4B00223046394609F071F918B150
:10BDF000002021B0BDE8F08F3046394604F0E6FE61
:10BE000002460B467EA1D1E90001CDE90A2308F0E4
:10BE100017FD02460B4616461F464046494600227D
:10BE20000023CDE9066708F00DFD804689460246ED
:10BE30000B463046394603E03046394622462B460B
:10BE400008F0FEFC6EA3D3E9002306460F4609F076
:10BE50003FF90028F0D107E03046394622462B460C
:10BE600008F0F0FC06460F4667A3D3E900233046EE
:10BE7000394609F019F90028EED14B46DDE90A01EF
:10BE8000424627F0004903E04046394622462B4609
:10BE900008F0D6FC5AA3D3E9002380460F4609F0E8
:10BEA00017F90028F0D107E04046394622462B46D4
:10BEB00008F0C8FC80460F4653A3D3E90023404650
:10BEC000394609F0F1F80028EED1424627F0004348
:10BED0003046494609F0DEF8002800F08880DDE9A8
:10BEE00006894046494605F0F1F806460F464046A9
:10BEF000494605F077F90022002308F059FE024672
:10BF00000B460020002108F09BFC32463B4604F023
:10BF100085FEDDE91A2306460F46DDE91C0104F023
:10BF20007DFE02460B463046394603E03046394630
:10BF300022462B4608F084FC31A3D3E900230646B1
:10BF40000F4609F0C5F80028F0D12FA3D3E900234C
:10BF50003046394609F0A8F870B1304639462246D5
:10BF60002B4608F06FFC28A3D3E9002306460F46B2
:10BF700009F09AF80028F0D1059BE3E802670593E1
:10BF8000DDE90623EBE80223089B53457FF413AF5A
:10BF9000DDE91001DDE90C23099FC7E90401C7E9C8
:10BFA0000023CDE9000107F5AC70FBF7D1FDDDE919
:10BFB0001201DDE90E23C7E90601C7E9022314AC2B
:10BFC000CDE9000107F5B870FBF7C2FD0FCC07F50E
:10BFD000A0750FC594E80300022685E803003846E3
:10BFE00087F8E86121B0BDE8F04FFFF787BEDDE9D3
:10BFF0000A23CDE9062372E700000060FB21194007
:10C0000000000060FB21094000000060FB2109C026
:10C010000000F0BF0000F03F2DE9F04788B0044673
:10C0200016461F4604AA06AB02A96830FCF7BCF806
:10C03000DDE9060132463B4608F002FC80468946AF
:10C0400002460B46D4E9000108F0FAFB06460F460B
:10C05000C4E90067D4E9020142464B4608F0F0FB10
:10C0600032463B46D4E9046704F5AC75C4E90201E5
:10C07000CDE900672846FBF76BFDD4E90623CDE93F
:10C08000002304F5B87AD4E902235046FBF760FD9B
:10C0900004F5DC7104F5D070FBF742FC06460F4650
:10C0A00028465146FBF73CFC02460B4630463946D3
:10C0B00008F0C6FB0223C4E97C0184F8E83120467D
:10C0C000FFF71CFE08B0BDE8F08700BFFFFFFFFFD1
:10C0D0002DE9F04FD0E9062393B0CDE902230368A0
:10C0E000069300F5AC730E9300F5B8730F9300F54B
:10C0F000D073109300F5DC7311930523D0E9044548
:10C10000D0F8049007938046002100207EA3D3E955
:10C11000002308F04DFD22462B4606460F4608F048
:10C1200091FB04460D46DDE90223C8E9044530468B
:10C13000394608F087FBC8E90601CDE900450E9DA8
:10C14000069A4B462846FBF703FDD8E90623CDE9BE
:10C1500000230F9CD8E902232046FBF7F9FC214677
:10C160002846FBF7DDFB04460D4610981199FBF7B6
:10C17000D7FB02460B462046294608F061FB0346E2
:10C180000C46C8E97C34D8E90634CDE90A011846E2
:10C190002146CDE9023405F025F8D8E902BA064671
:10C1A0000F465846514604F091FF0D46D8F85C11F1
:10C1B000D8F8582101F100430446194610463B4681
:10C1C0003246CDE9086708F0F3FC22462B4608F01A
:10C1D000EFFC0022002308F035FBD8E90445CDE947
:10C1E0000C012046294604F0FDFFCDE90401D8E901
:10C1F000001906910846494604F068FF0F46D8F832
:10C200007411D8F8702101F1004306461946104612
:10C21000DDE9042308F0CCFC32463B4608F0C8FCBC
:10C22000DDE90C2308F00EFB02460B4658460AF1E6
:10C230000041CDE90C2304F0D5FF0F46D8F8641176
:10C24000D8F860A101F1004BDDE908230646594604
:10C25000504608F0ADFC32463B4608F0A9FCDDE94B
:10C260000C2308F0EFFA02460B46069809F100414C
:10C27000CDE9082304F0B6FF0F46D8F87C11D8F8B2
:10C2800078A101F1004BDDE90423064659465046EA
:10C2900008F08EFC32463B4608F08AFCDDE90823B4
:10C2A00008F0D0FA06460F46DDE9020104F00EFF61
:10C2B000D8E95A2308F07CFC32463B4608F0C2FA23
:10C2C00006460F462046294604F000FFD8E96023C1
:10C2D00008F06EFC32463B4608F0B4FA0B460246C4
:10C2E000DDE90A0108F08EFD079B013B07937FF40F
:10C2F0000DAF0223404688F8E83113B0BDE8F04F97
:10C30000FFF7FCBCAFF30080000000A09999E93F63
:10C310002DE9F04F83B00446DDE90C01CDE90001C1
:10C3200094F8E80118254FF4D07B15FB00B02044A9
:10C33000DDE90E89DDE91067FBF70AFC94F8E811E6
:10C340002A4815FB01B12144FCF7CAF8CDE9006782
:10C3500094F8E8014FF4AC7A15FB00A04246204463
:10C360004B46FBF7F5FB94F8E831214815FB03A198
:10C370002144FCF7B5F894F8E83104EBC302C2E9B4
:10C380000089C2E9046794F8E9210133DBB2012A8C
:10C3900098BF84F8E931022B84F8E83105D00023F6
:10C3A00084F8EA3103B0BDE8F08F04F5DC7104F5E0
:10C3B000D070FBF7B5FA06460F4604F5AC7004F5ED
:10C3C000B871FBF7ADFA0B4602463946304608F025
:10C3D00037FA94F8E831022BC4E97C01DFD120461A
:10C3E00003B0BDE8F04FFFF789BC00BFB8E802001A
:10C3F000C0E8020030B41D4690F81833082B13D85B
:10C4000000EB03111446C1E97E45DDE90245C1E9AF
:10C410008045DDE90445C1E9A245DDE90645013372
:10C42000C1E9A44580F8183330BC7047FFFFFFFF17
:10C430002DE9F04FFBB000241893859B849F119049
:10C44000A3F1080603F1280916911492B84617962D
:10C45000CDF840900025E6E9024530224046002113
:10C4600090440BF0D3F94E45F5D1119B93F8183356
:10C47000002B00F0DF81A7F1080319930023159327
:10C48000984600240023CDE91234149B0293119B9B
:10C4900003EB08194FEA08130693D9E9A423CDE961
:10C4A00000231AA8D9E9A223FFF710F91AAA1699AE
:10C4B00020A8FBF771FD20A90846FBF7F5FADDE996
:10C4C000240323F000419AA3D3E9002308F0E2FDFE
:10C4D000002800F0A4819C4B002000210022CDE91F
:10C4E0006E01CDE972230024002320AA6EA926A89C
:10C4F000CDE97034FBF7A4F926A90846FBF7D4FA76
:10C5000026AA20A92CA8FBF79BF92CA90846FBF723
:10C51000CBFA189B08EB480803EBC806D6E90001E4
:10C52000DDE9202308F08CF9DDE92223CDE9320191
:10C53000D6E9020108F084F9DDE92423CDE93401CC
:10C54000D6E9040108F07CF9CDE9360126A932A824
:10C55000FBF7C0F906460F4632A82CA9CDE90C67B7
:10C56000FBF7B8F9324682468B463B4630463946A1
:10C57000CDE90EAB08F01CFB524606460F465B4663
:10C580005046594608F014FB02460B4630463946E1
:10C5900008F058F902460B46DDE9120108F052F99D
:10C5A000CDE9120156AC0DF5DC7862AD0022002316
:10C5B000CDE95623CDE95823CDE95A23624B002219
:10C5C000E4E8022356A920AA5CA8FBF739F926A9BA
:10C5D0005CA8FBF77FF9E5E802012CA95CA8FBF752
:10C5E00079F95CAB9C42E8E80201DFD10DF5E47A11
:10C5F000CDF810A0DDF858A00DF5CC7B0026DDF8B5
:10C6000050E074460FCC0DF1E00CACE80F0094E85C
:10C6100003008CE80300BEE80F003EAD0FC594E8B0
:10C62000030042AF85E803000DF1F008002E00F092
:10C63000F080012E00F0F880DDE93C01119B069AA4
:10C640009C183DA3D3E9002308F0FCF83AA3D3E9F2
:10C650000023C8E90001D7E9000108F0F1F8C7E9B3
:10C66000000138A9D4E9A2230291D9E9A47844A809
:10C67000CDE90078FFF72AF83EA9D4E9A223029178
:10C68000D9E9A4454AA8CDE90045FFF71FF844AA17
:10C69000514650A8FBF780FC4AAA514656A8FBF722
:10C6A0007BFCDDE95623DDE9500108F0C9F824A33D
:10C6B000D3E9002308F0A6FBDDE95823CDE95C01AE
:10C6C000DDE9520108F0BCF81DA3D3E9002308F00E
:10C6D00099FBDDE95A23CDE95E01DDE9540108F05B
:10C6E000AFF817A3D3E9002308F08CFBCDE9600174
:10C6F00026A95CA8FBF7EEF8EBE902012CA95CA8DF
:10C70000FBF7E8F8049BE3E902010136032E0493EA
:10C710007FF475AF199B09936EAB0A9362AB0B93D1
:10C72000179B08936EAB9B4610E000BFAFF30080F1
:10C73000000000C0CCCCEC3F000000A0F2D77A3E55
:10C74000000000A0F2D78A3E0000F03F0B9B099E3C
:10C75000F3E802010B930A9BF3E802890A93DDE9EF
:10C760000C23CDE90401CDE9068908F021FADDE9C1
:10C770000E2304460D464046494608F019FA024683
:10C780000B462046294608F05DF8089C02460B46F9
:10C79000F4E90201089408F055F8C4E900010DF528
:10C7A000DC7A62AFF7E80223DDE9040108F000FA61
:10C7B000FAE8028904460D4642464B46DDE9060189
:10C7C00008F0F6F902460B462046294608F03AF8EA
:10C7D00002460B46F6E9020108F034F8BB45C6E90B
:10C7E0000001DFD1099B109A30330993089B9342D3
:10C7F000ACD1159A119B013293F8183315925FFA58
:10C8000082F843453FF641AEDDE912017BB0BDE859
:10C81000F08FDDE938010DF1E0083EAF0EE70A497F
:10C820000020002200235AE6DDE93A010DF1E80874
:10C8300040AF03E700230024CDE91234DDE9120103
:10C840007BB0BDE8F08F00BF0000F03FFFFFFFFFAF
:10C850002DE9F04F90F8EA31ADF23C4D249325914B
:10C86000269223B190F81833032B834606D8002371
:10C87000249324980DF23C4DBDE8F08F00F168033D
:10C88000194648A82793FBF791F9DDE94823CDE93C
:10C890007E23DDE94A23CDE98023DDE94C23CDE980
:10C8A0008223DDE94E23CDE99023DDE95023CDE954
:10C8B0009223DDE952237EA90846CDE99423FBF7B4
:10C8C000F3F87EA990A8FBF705F8DDE97E2304467E
:10C8D0000D4608F06DF902460B46DDE9900107F0C0
:10C8E000AFFFDDE98023CDE990012046294608F01D
:10C8F0005FF902460B46DDE9920107F0A1FFDDE991
:10C900008223CDE992012046294608F051F90B46D1
:10C910000246DDE9940107F093FFCDE9940190A967
:10C920000846FBF7C1F890AA7EA9C6A8FAF788FFC7
:10C93000C6A90846FBF7B8F8DDE97E23CDE9482310
:10C94000DDE98023CDE94A23DDE98223CDE94C23CB
:10C95000DDE99023CDE94E23DDE99223CDE9502393
:10C96000DDE99423CDE95223DDE9C623CDE9542343
:10C97000DDE9C823CDE95623DDE9CA230BF5A0750F
:10C98000CDE958230FCD2AAC0FC495E803009BF8DE
:10C99000186384E80300BEB1002630460BEB001399
:10C9A0001946D1E9804590AA00EB400002EBC00097
:10C9B000D3E97E23CDE90045FBF7CAF801369BF8A1
:10C9C0001833F0B28342E9D8C6AB00935AAB019357
:10C9D0002AAA90AB48A95846FFF72AFD9BF81833BE
:10C9E0000493002B00F01484049BCDF820B0013B8D
:10C9F000DBB20BF110020FF23829D9E900898EA7BA
:10CA0000D7E9006702EB03120023DA460A93069384
:10CA10009346DAE9A45407E02846214632463B46CD
:10CA200007F00EFF05460C462846214642464B4677
:10CA300008F04EFB0028EFD107E028462146324699
:10CA40003B4607F0FFFE05460C467DA3D3E90023D5
:10CA50002846214608F01EFB0028EED12846214634
:10CA60000022002308F016FB08B104F1004476A36D
:10CA7000D3E900232846214608F00CFB002800F0EB
:10CA8000B880069B013306930AF1100ADA45C0D13B
:10CA90000498DDF820B0032800F2B980049808F06B
:10CAA0000DF8042304936AA3D3E9002308F080F867
:10CAB000CDE90801069B022B06DD0A9B022B03DD54
:10CAC000049B43F001030493674B28930023ADF8C4
:10CAD000A430CDF830B04FF0FF330A93002200238A
:10CAE000CDE906230DF5467AF6AD0DF54C7B032412
:10CAF0000122E31E02FA03F3049A1A4260D028AB23
:10CB00001B5D002B5CD1DAE92A01DDE9082308F07E
:10CB1000CBFA002854D16CAB78AE5A46F2E80C013F
:10CB2000E3E80201B342F9D17EAB28AA6CA9C6A8FA
:10CB3000FEF75AFC002876D000220023CDF82CA066
:10CB40000DF1A008A5F130067EAF91469A4618F87F
:10CB5000013B6BB1D7E90023D6E9000108F028F8C2
:10CB600002460B464846514607F06CFE81468A460F
:10CB70000836AE4207F10807E9D15346DDF82CA08C
:10CB80004A46DAE92A894046494607F059FE00221A
:10CB9000002306460F4608F09BFA08B90026002736
:10CBA00042464B463046394608F02CF9DDE906236B
:10CBB00006460F4608F08CFA10B1CDE906670A94D4
:10CBC0000134062C0AF1380A05F130050BF1080B87
:10CBD0008ED10A9C631C49D0DDE906011EA3D3E96E
:10CBE000002308F057FA002840D128AA0123135542
:10CBF00071E71BA3D3E900232846214608F068FA11
:10CC000000283FF441AF0A9B01330A933CE707F049
:10CC100055FF062304930EA3D3E9002307F0C8FFB2
:10CC2000CDE9080146E7DAE92A67B046B946B7E731
:10CC300000000060FB21094000000060FB2119405A
:10CC400000000060FB2109C0000000C0E21DF93FA8
:10CC5000000000A0F7C6B03E000000E04D62703F4B
:10CC6000000000001426F93F0101010048A95AA85C
:10CC7000DDF830B0FAF79AFF00231C93DDE92A347F
:10CC8000CDE91E34DDE92C34CDE92034DDE92E3444
:10CC9000CDE92234BAA4D4E90034CDE90434BC4C43
:10CCA000CDF874B00023CDE912340DF58D6A1D9EC8
:10CCB00030AB0193C6AB2AAA0093304690AB48A98B
:10CCC000FFF7B6FB044696F818030D4607F006FF7B
:10CCD00002460B462046294608F094F804F036F840
:10CCE000DDE9126704460D4600220023304639462E
:10CCF00008F0D0F930B932463B462046294608F0C4
:10CD0000C9F988B148A95AA8CDE91245FAF74EFFEA
:10CD1000DDE92A34CDE91E34DDE92C34CDE92034B7
:10CD2000DDE92E34CDE92234DDE90401994B0022FE
:10CD300007F088FDC6AE04460D46D6E9000122463E
:10CD40002B4607F035FFE6E80E015645F5D13CAB22
:10CD500028AA30A9C6A8FEF747FB002800F0898161
:10CD60003D9C3C9B0A931A4618462146234608944C
:10CD700007F01EFF3E9B3F9E0B9304460D461A464E
:10CD80001846314633460C9607F012FF02460B4612
:10CD90002046294607F056FD419BDDF800B10D9372
:10CDA00004460D465A461946584607F001FF02460A
:10CDB0000B462046294607F045FD73A3D3E900231F
:10CDC00004460D4608F066F9002840F0128220461D
:10CDD000294603F0BBFF0A9A089B04460D461046FD
:10CDE000194622462B4608F00DF8224606460F4605
:10CDF0002B460B980C9908F005F802460B46CDE936
:10CE000010230D9922462B46584607F0FBFFCDE92B
:10CE100006012046294604F059F9804689462046F5
:10CE2000294604F0DFF94246CDE90E014B46594947
:10CE3000002007F005FD44464D46804689463246AF
:10CE40003B463046394607F0B3FE42464B4607F0B4
:10CE5000AFFE22462B46CDE9144507F0F3FCDDE991
:10CE60001023CDE96C013046394607F0A1FE424659
:10CE70004B4607F09DFEDDE90E2304460D46DDE935
:10CE8000060107F095FECDE9180102460B46204643
:10CE9000294607F0D5FCDDE90623CDE96E013046D1
:10CEA000394607F085FE42464B4607F081FEDDE934
:10CEB0000E23CDE91601DDE9100107F079FE0A46DF
:10CEC0000146CDE91A1213460246DDE9160107F0C4
:10CED000B9FCDDE91823CDE970012046294607F0A9
:10CEE000B1FCCDE97201DDE9104522462B46204612
:10CEF000294607F05DFE42464B4607F059FEDDE944
:10CF0000142307F09FFCDDE90623CDE974012046D8
:10CF1000294607F04DFE42464B4607F049FEDDE943
:10CF20000E2304460D463046394607F041FE0246C0
:10CF30000B4606460F462046294607F081FCDDE9F0
:10CF40001A23CDE97601DDE9160107F079FC3246B6
:10CF5000CDE978013B462046294607F073FCDDE920
:10CF60000623CDE97A011046194607F021FE424614
:10CF70004B4607F01DFEDDE9142307F063FC0BE0D0
:10CF8000000000E00B2E113E000000004C48B439B8
:10CF90000000F0BF0000F03FCDE97C0148AA6CA979
:10CFA0007EA8FAF7C1FF7EA948A8FAF7FFFDDDE9E0
:10CFB0004298DDE92A014A46434607F043FCDDE991
:10CFC0004476CDE92A013A46DDE92C01334607F0E3
:10CFD00039FCDDE94654CDE92C012A46DDE92E0174
:10CFE000234607F02FFCDDF820C00B9ACDE92E0177
:10CFF0000C990A9821F000432CF0004107F022FC24
:10D00000DDF834C05A462CF0004307F01BFC4A46BA
:10D0100028F0004307F016FC3A4626F0004307F0DC
:10D0200011FC2A4624F0004307F00CFC7CA3D3E952
:10D03000002308F02FF8002840F0DF80DDE904012C
:10D04000794B002207F0B4FD02460B46CDE90423DC
:10D0500073A3D3E9002308F01DF820B170A4D4E92C
:10D060000034CDE904341C9B01331E2B1C937FF448
:10D070001EAEDDF874B09BF81833002B00F0C380AF
:10D0800000273E46002400250BEB06132AA819466C
:10D09000D3E9A2230290D1E9A401CDE900017EA841
:10D0A000FEF714FB7EAA48A9C6A8FAF775FFC6A921
:10D0B0000846FAF7F9FC06EB460690AB03EBC6010F
:10D0C000C6A8FAF72DFC02460B4607F071FD024692
:10D0D0000B462046294607F0B5FB013704469BF86E
:10D0E0001803FEB2B0420D46CED807F0F7FC024658
:10D0F0000B462046294607F085FE03F027FEDDE9B2
:10D10000126704460D46002200233046394607F0D8
:10D11000C1FF30B922462B463046394607F0CEFFD4
:10D1200088B148A95AA8CDE91245FAF73FFDDDE9D3
:10D130002A34CDE91E34DDE92C34CDE92034DDE993
:10D140002E34CDE92234DDE912010022002307F05C
:10D15000A1FF00287FF48BAB9DF8A3301BB90023FF
:10D160000024CDE91E349DF8A4301BB9002300240F
:10D17000CDE920349DF8A5301BB900230024CDE96A
:10D180002234279C5AA92046FAF710FD21460BF1BC
:10D190002000FAF71FFDDDE91E34CBE95034DDE94C
:10D1A0002034CBE95234DDE92234CBE954349DF804
:10D1B000A4309DF8A5205B0043EA82039DF8A320DC
:10D1C0001343DDE912018BF8283301238BF8EA3190
:10D1D000259BCBE9C8010BB1C3E90001269B002BBD
:10D1E0003FF447AB1C9A24981A600DF23C4DBDE801
:10D1F000F08F6CA8FAF7FAFED0E61C9BDDF874B04D
:10D2000001331C9337E70022002314461D4670E7C4
:10D210000423049300240023CDE9083454E400BF20
:10D22000000000809997713D0000E03F0368C9B29B
:10D230001B6818470368C9B21B6818470368C9B25E
:10D240001B6818470368C9B21B681847084B10B51C
:10D2500003EB51030446B3FBF1F001F023F9054B56
:10D260001B7803B110BD2046BDE8104003F07ABA28
:10D27000004495080888FF1F08B5084601F014FB14
:10D28000012008BD08B5084601F00EFB012008BDCD
:10D2900038B508460D460AF093FE04460146284676
:10D2A00001F00CFB204638BD10B508461446114667
:10D2B00001F004FB204610BD0846114601F02CBDCC
:10D2C0000846114601F00CBD01F024BC08B5084623
:10D2D00001F0C0FA003818BF012008BD08B50846A3
:10D2E00001F096FA003818BF012008BD0846114623
:10D2F00001F026BA084601F061BA00BF084601F005
:10D3000003BA00BF01F09AB910B503681446DB698F
:10D3100098472046BDE8104001F032B901F0D4BB77
:10D3200001F08CBB01F076BB01F050BB01F05ABBA1
:10D33000084B10B503EB51030446B3FBF1F001F0C9
:10D34000FBFC054B1B7803B110BD2046BDE8104027
:10D3500003F008BA004495080988FF1F08B508467D
:10D3600001F0E8FE012008BD08B5084601F0E2FE24
:10D37000012008BD38B508460D460AF021FE0446D6
:10D380000146284601F052FF204638BD10B5084638
:10D390001446114601F04AFF204610BD08461146CA
:10D3A00002F072B90846114602F052B902F06AB8AA
:10D3B00008B5084601F09EFE003818BF012008BDE0
:10D3C00008B5084601F074FE003818BF012008BDFA
:10D3D0000846114601F000BE084601F03BBE00BF02
:10D3E000084601F0DDBD00BF01F072BD10B5064872
:10D3F000144600EB5100B0FBF1F001F09DFC20461B
:10D40000BDE8104001F006BD0044950802F014B8D4
:10D4100001F0CCBF01F0B6BF01F090BF01F09ABFA0
:10D420000368064A1B68934205D110B5C8B201F0E3
:10D4300081FE012010BDC9B2184700BF69D30100A9
:10D440000368064A1B68934205D110B5C8B201F0C3
:10D4500071FE012010BDC9B2184700BF69D3010099
:10D460000368064A1B68934205D110B5C8B201F0A3
:10D4700061FE012010BDC9B2184700BF69D3010089
:10D480000368064A1B68934205D110B5C8B201F083
:10D4900051FE012010BDC9B2184700BF69D3010079
:10D4A000704700BF704700BF704700BF704700BFA4
:10D4B000704700BF38B5064CA4F1600554F8083C2D
:10D4C0002046DB68183C9847AC42F7D138BD00BF16
:10D4D000C89FFF1F2DE9F043036887B004469046BC
:10D4E000002B3ED000229A600122DA60294DDFF83D
:10D4F000A8901D442D1151F8083B009305EB4506FB
:10D50000F60002A85B68984706F1080759F806304C
:10D510004F443846DB689847009B204A009202A996
:10D5200049F8063038469B689847009B02A8DB689C
:10D53000984723681A49C3F8008003229A6005F1CE
:10D540004402531103F138232079685440330120F9
:10D550009B0002F01F0200FA02F21A6007B0BDE859
:10D56000F083104AD36B43F40003D36300BF0E4B28
:10D5700001221A6003F580730C4A03609868002842
:10D58000B4D0103393422360F8D10020206007B05C
:10D59000BDE8F083008FFCBF789FFF1F98E9020071
:10D5A00044E400E000800440007003404071034008
:10D5B0000368002B3DD02DE9F0471E4CDFF8789032
:10D5C0001E4A1C44241104F14406731104EB440464
:10D5D000E40003F1382386B060339F004FF0010A66
:10D5E00059F80430009204F1080806F01F06144AA6
:10D5F00002920AFA06F6C8440546DB683E604046D9
:10D600009847009B0F4A009249F80430404602A90F
:10D610009B689847009B02A8DB6898472A6800230C
:10D620009360C2F80CA0C7F800612B6006B0BDE89B
:10D63000F0877047008FFCBF789FFF1F24E802002F
:10D64000A1D4010098E902000448054A50F8083BBB
:10D6500001211B68C2F80C11184700BF789FFF1FFB
:10D66000007003400448054A836901211B68C2F821
:10D670001C112030184700BF789FFF1F0070034027
:10D680000448054A036B01211B68C2F82C1138308D
:10D69000184700BF789FFF1F007003400448054AE9
:10D6A000836C01211B68C2F83C115030184700BF41
:10D6B000789FFF1F00700340084B0948094A0A4938
:10D6C00010B40A4C1C6098609C6118621C639863DB
:10D6D0009C64186510BC002003F00AB9789FFF1FF6
:10D6E000A1D401002087FF1FB5D4010024E8020067
:10D6F00070B5012A8AB008BF0A22A1B34FF0210EEB
:10D7000002E05FFA86FE2946B1FBF2F502FB151432
:10D710005FFA84FC092C0CF1300498BF5FFA84FC9A
:10D720000EF1280488BF0CF1370C6C4488BF5FFAF7
:10D730008CFC91420EF1FF3604F824CCE1D24BB1BF
:10D740000EF1FF3E5FFA8EFE0EF128036B442D2290
:10D7500003F8242C036801A95B68CEF1220271440E
:10D7600098470AB070BD30228DF825204FF0210E69
:10D77000E5E700BF00B5036883B040F60D22ADF8C1
:10D7800004205B68022201A9984703B05DF804FBFE
:10D79000034B022888BF034618461B685B6818477E
:10D7A0000C88FF1FFFFFFFFF2DE9F04F194687B0E0
:10D7B0000646104614469A4607F094FC9DF84070C1
:10D7C000002840F0A9802AF000455F4B20462946FA
:10D7D0004FF0FF3207F086FC48B95B4B20462946E4
:10D7E0004FF0FF3207F060FC002800F08E80574BAE
:10D7F000204651464FF0604207F06AFC00287BD17A
:10D80000534B204651464FF0604207F043FC00283E
:10D8100072D1204651460022002307F03BFC05460A
:10D82000002875D1002F7AD00FF21419D9E9008998
:10D8300048494FF0000B00204B460BF1010B4246CC
:10D8400007F0B6F95FFA8BF3BB42F5D302460B46FD
:10D850002046514606F0F6FF8946804607F080FCD8
:10D860000F2F28BF0F278246019707F027F902469E
:10D870000B464046494606F0E3FF2B468046894664
:10D880000A2251463046FFF733FF2E234D468DF8CE
:10D8900008300DF109027B1EDFF8BC904446834638
:10D8A00052FA83FA02AF4FF0000842464B46204638
:10D8B000294607F07DF90D46044607F051FCC0B239
:10D8C00000F1300307F8013F07F008F902460B4664
:10D8D0002046294606F0B4FFBA4504460D46E4D179
:10D8E000019A336801325B68D2B202A93046984788
:10D8F000584607B0BDE8F08F336818495B680322CB
:10D90000304607B0BDE8F04F184733681449F5E7D3
:10D910000AF1004A012585E733681249EEE70D4B0D
:10D9200000222046514606F08DFF07F019FC2B46D9
:10D9300001460A22304607B0BDE8F04FFFF7D8BED7
:10D94000000000A09999B93FFFFFEF7FFFFFEF4173
:10D95000FFFFEFC10000E03F00002440B0E90200FB
:10D96000ACE90200A8E90200884200DB704770B40D
:10D97000114C2268091AEAB1104B114E114D83FB6C
:10D98000023C9444D317C3EB2C4306FB132244F20E
:10D99000A71C05FB03F30CFB0233002B02DA03F197
:10D9A0000043013BB3FBF1F201FB12322360104450
:10D9B00070BC7047044BF5E7D89FFF1F5F0B4E8389
:10D9C0001DF30100ECF4FFFF42CE0C1F10B5174B06
:10D9D0000FCB84B0EC468CE80F00154B5A789107BA
:10D9E00017D51A78124C12F0700218BF1A708021E5
:10D9F0000023E171332223710323E272A37272B612
:10DA00004CF001032046984762B6237813F0700368
:10DA100009D1084B064901E0013B02D04A78D20700
:10DA2000FAD504B010BD237004B010BDB4E90200F3
:10DA300000000240410D0300B0F5006F11D210B597
:10DA4000094B5B78DB07044604D504F1A054207829
:10DA5000C0B210BD04F1A054FFF7B8FF2078C0B2E7
:10DA600010BD0020704700BF00000240B0F5006FFD
:10DA70001FD238B50F4B5B78DA0704460D4610D538
:10DA800004F1A0542378AB420AD00A4A137813F069
:10DA9000700318BF1370074A25705378DB07FCD555
:10DAA00038BD04F1A054FFF791FF2378AB42ECD1CD
:10DAB000F6E770470000024008B5F7F7BBFDF7F73F
:10DAC000BFFD02F05DFDFAE701B441EA000313F087
:10DAD00003036FD1403A41D351F8043B40F8043B73
:10DAE00051F8043B40F8043B51F8043B40F8043B38
:10DAF00051F8043B40F8043B51F8043B40F8043B28
:10DB000051F8043B40F8043B51F8043B40F8043B17
:10DB100051F8043B40F8043B51F8043B40F8043B07
:10DB200051F8043B40F8043B51F8043B40F8043BF7
:10DB300051F8043B40F8043B51F8043B40F8043BE7
:10DB400051F8043B40F8043B51F8043B40F8043BD7
:10DB500051F8043B40F8043B403ABDD2303211D377
:10DB600051F8043B40F8043B51F8043B40F8043BB7
:10DB700051F8043B40F8043B51F8043B40F8043BA7
:10DB8000103AEDD20C3205D351F8043B40F8043B77
:10DB9000043AF9D204320AD0D2071CBF11F8013B73
:10DBA00000F8013B03D30B7803704B78437001BC42
:10DBB000704700BF0C2A4AD310F0030311D0C3F101
:10DBC0000403D21ADB071CBF11F8013B00F8013B2C
:10DBD00007D311F8013B00F8013B11F8013B00F8B5
:10DBE000013B11F003033FF475AF30B4043AC91A96
:10DBF000C3F1040C51F8044B022B19D0032B0BD0AA
:10DC0000240A51F8043B1D0644EA050440F8044B7D
:10DC10001C46043AF4D216E0240E51F8043B1D02CF
:10DC200044EA050440F8044B1C46043AF4D20AE0E6
:10DC3000240C51F8043B1D0444EA050440F8044B4D
:10DC40001C46043AF4D20432B1EB0C0130BC043A65
:10DC5000A0D3013A11F8013B00F8013BF9D20B784F
:10DC600003704B7843708B78837001BC704700BFA2
:10DC700008B50F4C636B58030DD4636B59050FD473
:10DC8000636B1A0511D4636BDB04F3D501F056FD09
:10DC9000636B5803F1D501F0A5FE636B5905EFD511
:10DCA00000F05CFF636B1A05EDD501F00FFCEAE7AD
:10DCB0000080044008B5FFF7DBFF00BF014B1022D6
:10DCC0001A80704700200540704700BF094A08B518
:10DCD0000346106833B169460344A1F580518B4275
:10DCE00001D2136008BD09F051FF0C2303604FF00F
:10DCF000FF3008BDCC87FF1F002070474FF0FF307A
:10DD0000704700BF4FF400534B600020704700BFC6
:10DD1000012070474FF0FF30704700BF0078B0FA25
:10DD200080F04009704700BF01230370704700BFB7
:10DD3000FEE7FFFFEFF31383CBB9EFF31080A0B939
:10DD4000EFF3058343B94FF48070EFF311835BB1B8
:10DD5000984228BF184670470F2BF6D9054AD05C69
:10DD6000EFF31183002BF3D17047184670474FF043
:10DD7000FF307047F0E300E007F09ABD01F1FF3C8F
:10DD800070B56546002401E070460134B0FBF2FE38
:10DD900002FB1E03092B03F130068ABF3733F3B2AF
:10DDA000DBB2904205F8013FEED2631C0022CA5458
:10DDB000C8187CB162461CF8015F10F801ED8CF8C0
:10DDC00000E0A1EB0C030232013B521A23449A42B9
:10DDD0000570EFDB084670BD2DE9F04F894685B030
:10DDE0000146044690461F4607F0FEFC89EAE976A4
:10DDF000A6EBE976002840F0458124F00045B649BD
:10DE0000284607F0F1FC78BBB349284607F0CEFC62
:10DE100050BB0021204607F0BFFC002840F0EC80FA
:10DE2000032E6FDD0325B9F1000FA6EB050562DBBC
:10DE30000021204607F0B0FC002840F078814E23F6
:10DE4000492146227B703970FB1CBA7035B11846E7
:10DE50002A46202109F0DAFC03462B44002218460A
:10DE60001A7005B0BDE8F08F02AB01AA414620460A
:10DE700009F0EEFADDF804B058EA0B034646054611
:10DE800051D101230278954D01939B46944BDA467C
:10DE9000342A88BF1D46029B002B5DD00AF1010A7F
:10DEA000A9EB0A04002C07EB0A0640F3A1802246E6
:10DEB0002021384609F0AAFC264407EB040C2D2348
:10DEC000BBF1000F0CF8013B57D061DAB8F1000F3D
:10DED0005ED06346302103F8021BCBF1000B2E22EB
:10DEE0008CF8012018465A4609F090FC002300EBFC
:10DEF0000B0C01934CE02DB138462A46202109F045
:10DF000085FC2F440021204607F046FC002800F045
:10DF1000DB804E232D2049214622BB70387079705A
:10DF20003B1DFA709AE7CBF10003984580F2A6807A
:10DF3000C8F1000B4FF0010A684DCDF804B050460F
:10DF4000D345B8BF0AF1010ABBF1000F68D1029BAB
:10DF50000AF1010A002BA1D1A9EB0A04002C07EB5E
:10DF60000A0647DD22462021384609F04FFC2644A8
:10DF700007EB040CBBF1000FA7D1B8F1000F07D0DD
:10DF80006346302203F8022B2E228CF801209C4697
:10DF9000B44522D2634615F8012B03F8012BB34296
:10DFA0001CD0019A2E20013A0EE08CF801000CF1F1
:10DFB000020CB445634602F1FF320ED215F8011B84
:10DFC00003F8011BB34209D00192002AEDD09C4610
:10DFD000B445634602F1FF32F0D36646B9F1000F53
:10DFE0000EDB002333703B46184605B0BDE8F08FCA
:10DFF000BC4664E7BC46BDE7042E8ADD042512E773
:10E00000CA44BAF1000F6FEA0A04EADA24EAE474B7
:10E01000013430462246202109F0F8FB2644E0E78F
:10E02000BFF639AFB8F1000F3FF435AF0BEB080383
:10E03000984208F1020A7FF62EAFB8F1000F07DD13
:10E04000284D2046294607F009FA013E0446F8D13A
:10E0500002AB03AA3146204609F0FAF9DDF804B014
:10E06000039B08F10102A3EB0B03934208BF0BF1E2
:10E07000010B054608BFCDF804B00CE709F0A0FF7E
:10E0800082465DE70021204607F086FB002814BF8A
:10E0900004250325B5422EDAB9F1000FA6EB0505DC
:10E0A00022DB4FF07E53204663F31E00002107F071
:10E0B00073FBC0BB4E2241237B703A70FB1CBA70CD
:10E0C000002D7FF4C4AEC9E64E23492146227B7061
:10E0D0003970FB1CBA70C1E6FFFF7F7FC4E9020004
:10E0E000F8E60200000020412DB138462A462021E2
:10E0F00009F08CFB2F444FF07E53204663F31E0043
:10E10000002107F049FB4E2238B141232D21BB707D
:10E1100039707A703B1DFA70A0E641237B703A702B
:10E12000FB1CBA709AE62D2307F8013BC2E72D23AA
:10E1300007F8013B83E600BF014B1868704700BF3A
:10E1400000D00340034B002210215A615A6018602E
:10E150005961704700D00340704700BFF0B54FF0E1
:10E16000E0244FF400054FF0807CC4F80851C4F857
:10E1700008C14FF0007CC4F808C11D4A1D481E4963
:10E180004FF0806CC4F808C12823002748F6FF76BA
:10E1900009254FF0006CC4F808C183B05760966041
:10E1A000D3605361D3615362D3625363D3635364C7
:10E1B000156047608660C360436105604F608E6094
:10E1C000CB604B610D6002F0F5FAFFF7C5FF0B4C19
:10E1D00023680093009B132BFAD901F0BDFF23683D
:10E1E0000193019BB3F5967FF9D303B0F0BD00BF57
:10E1F000008003400090034000800B40DC9FFF1F25
:10E20000212816D810B4104B53F8302092F88042D1
:10E210002CB1012371B982F8003110BC704703EBB7
:10E22000C0035B681A6849B142F0030210BC1A606F
:10E230007047704782F8803010BC704722F00202AD
:10E2400010BC1A60704700BFC8E90200212806D838
:10E25000044B53F8303093F80002C0B270470020EE
:10E26000704700BFC8E90200212820D81B4A02EBF2
:10E27000C00301295B680FD004291DD052F830007B
:10E28000002280F8802299B1022922D003290DD1E1
:10E290004FF481721A60704752F830004FF4A27246
:10E2A00080F880121A601A6822F020021A60704703
:10E2B0004FF480721A60704752F830104FF4A27217
:10E2C000012081F880021A601A6842F020021A6068
:10E2D000704740F203121A60704700BFC8E902009D
:10E2E00072B60D494FF0E02293690868D2F8042D08
:10E2F00062B6520102D5322B88BF0130074AC3F5FE
:10E300008C334FF47A7103F23F13A2FB032301FB1A
:10E3100000F000EB13107047DC9FFF1F398EE338CD
:10E320002DE9F843044672B6204F4FF0E02293697E
:10E330003D68D2F8042D62B6520102D5322B88BF57
:10E3400001350CB9BDE8F883DFF86490DFF864802C
:10E35000A9EB0303A8FB03234FF47A7202FB05F534
:10E3600005EB13154FF0E02672B6B1693A68D6F89E
:10E3700004CD62B6A9EB0103A8FB03031CF0806F78
:10E38000C5EB13134FF47A7002D0322988BF0132E3
:10E3900000FB0233B3F57A7F04D3013CD2D005F5FC
:10E3A0007A75E1E702F0ECF8DEE700BFDC9FFF1FC3
:10E3B0003F190100398EE3382DE9F84F314B1B68C6
:10E3C00007460BB101221A70DFF8BC90DFF8BC8061
:10E3D00099F80040D8F800302D4D01349C422B783C
:10E3E0002AD303F0FF0A002B3ED15446294EDFF812
:10E3F000A8B005E033791B0623D42B78A3420AD1B9
:10E40000FFF798FC4028F5DDFF28F6DD02F0B8F8AC
:10E410002B78A342F4D03F2C29D9204B403C1B68D9
:10E42000FFB21F551E4A1B4B01211170BC2289F8F7
:10E4300000A0DA70BDE8F88F9C425FFA84FAD5D06C
:10E44000E9E72B78D8F800105A1C8A42DBB203D2D5
:10E450003F2A10D8D1B201E000210A461BF8023051
:10E46000DBB2F3712970C8E74FF0000A54460A4B3B
:10E47000FFB21F55D6E7D1B2084A3F3B1268D35CC2
:10E48000DBB2EEE730A0FF1F78A0FF1FDC87FF1F85
:10E4900080A0FF1F00A0064038A0FF1F7CA0FF1F28
:10E4A00034A0FF1F2A4A2B49536B70B443F4806396
:10E4B000294D536300232B70284E0B70284C29499B
:10E4C000237032780B7028490B709AB3152A03D148
:10E4D000264B40F213329A61254B1B78012B31D029
:10E4E000052B03D1214B4FF45172DA612028214BC7
:10E4F000214C38BF2020C0F3443C83F800C0C0F357
:10E50000471C00F01F0083F801C00422987202200B
:10E510009A70D87488205A754FF0E0211874402200
:10E520003C20D87084F82D204FF4005370BCC1F803
:10E5300004317047114B40F213321A640C4B1B78B4
:10E54000012BCDD10D4B4FF451725A64CEE700BF71
:10E55000008004402CA0FF1F24A0FF1F2DA0FF1F40
:10E5600078A0FF1F80A0FF1F34A0FF1F00C0044041
:10E57000E087FF1F00A0064000E400E000A0044088
:10E58000294B29499B7800F0030203F0EC03134365
:10E59000420700F00F0248BF43F01003042A8B70BB
:10E5A00003D18B7943F040038B711F4B5A79C3061B
:10E5B00002F0EF021C4B48BF42F010025A719A79E8
:10E5C000810602F0EF0211D542F0100281059A7126
:10E5D0000FD59A78154942F0A0029A700978144B29
:10E5E00003EBC10340F246325B6814E09A71820586
:10E5F00005D4104B104A1968914211D070479A788F
:10E600000A4942F0A0029A700978094B03EBC10352
:10E6100040F247325B68074907481A600860704754
:10E6200000221A60704700BF00A00640E087FF1F6D
:10E63000C8E9020030A0FF1FD400D442284B5B6B16
:10E640005B054CD510B5274C237823B101F098FF1A
:10E650002378002BFAD1244A244B4FF0E0204FF4CA
:10E6600000540021C0F88441D1701B7863B3152B8E
:10E670001BD01F4B1B7803F07F03012B1FD0052BF2
:10E680000ED01C4B184A1C4C1C48196892F804C048
:10E69000D27900232370037009B101230B7010BDE0
:10E6A000174B40F20312DA61EBE7154B40F203120D
:10E6B0009A610F4B1B7803F07F03012BDFD1114BC5
:10E6C00040F203125A64DCE70E4B40F203121A6464
:10E6D000074B1B7803F07F03012BD0D1EFE7704786
:10E6E0000080044034A0FF1F00A006402DA0FF1FA3
:10E6F000E087FF1FE09FFF1F24A0FF1F2CA0FF1F2C
:10E7000000C0044000A004400A4A38B5054613780A
:10E7100003F0FF04002BFAD101212846FFF7A4FDE6
:10E7200021462846FFF76CFD034A044B52F835207A
:10E730001A6038BD34A0FF1FC8E9020030A0FF1FD7
:10E7400009B140F08000194A1378834217D010B401
:10E75000174C646B64050FD503F07F03012B21D0A8
:10E76000052B14D0002900F07F0314BF6021442141
:10E77000012B10D0052B03D0107010BC70477047D0
:10E780000C4B41F44071D961107010BC7047094BBB
:10E790000024DC61E6E7084B41F4407159641070D5
:10E7A00010BC7047044B00245C64DBE7E087FF1F6C
:10E7B0000080044000C0044000A00440104A1378C8
:10E7C00083420AD00F49496B490505D5ABB1152BDA
:10E7D00009D068B1152801D0107070470A4B40F27B
:10E7E00013319961F8E7084B002199610028F1D1B4
:10E7F000064B40F213311964EEE704490B64E8E775
:10E800002DA0FF1F0080044000C0044000A0044071
:10E810000D4B5B6B13F4806313D0212803D90B4B92
:10E820000020186070470A4B10B5084C53F8303080
:10E8300023600121FFF718FD236800221A700120D0
:10E8400010BD1846704700BF00800440E09FFF1FC6
:10E85000C8E90200104B5B6B13F4806312D01228DE
:10E860000BD0142810D10D4B40F202325A610C4AE1
:10E87000537B01200343537370470A4B40F202322B
:10E88000DA60F4E718467047054A537B03F0FE034D
:10E8900000205373704700BF0080044000C0044054
:10E8A00000A0064000A00440034B5B6B5B0501D554
:10E8B000FFF782BD704700BF008004402DE9F84F8C
:10E8C000394B5B6B5A053CD5384B1B680BB10122A9
:10E8D0001A704718B84231D2354EDFF8D880364C1E
:10E8E000DFF8D89000F1010A13E003F0FF0B53B3F7
:10E8F0004FF0000B5D46324A1AF8013C5355524620
:10E9000030490123BA420B700AF1010A86F800B0BF
:10E9100014D23578D8F800300135AB422378E4D9E9
:10E92000AB425FFA85FB0FD03F2DE4D9264B1AF896
:10E93000012C1B68403D5A555246E1E71F4BBC2253
:10E94000DA70BDE8F88F5D466FF0430389F8033055
:10E9500006E099F804301B060BD42378AB42E3D1D0
:10E96000FFF7E8F94028F4DDFF28F6DD01F008FEA6
:10E97000F3E72378D8F800105A1C9142DBB203D990
:10E980003F2A0AD8D1B201E000210A460C4B9B5C19
:10E99000DBB289F807302170DFE7D1B20A4A3F3B8A
:10E9A0001268D35CDBB2F4E70080044030A0FF1FA4
:10E9B00078A0FF1FDC87FF1F80A0FF1F00A006407C
:10E9C00038A0FF1F34A0FF1F7CA0FF1F10B5044C10
:10E9D000237823B101F0D4FD2378002BFAD110BDA8
:10E9E00034A0FF1F084A094B11781A789142C8B227
:10E9F000D3B202D2013B181A7047054A1268013A95
:10EA00001344181A704700BF78A0FF1F80A0FF1F93
:10EA1000DC87FF1F064A074B11781A789142D0B263
:10EA20003CBF054A1268CBB238BF9B18181A704712
:10EA300024A0FF1F2CA0FF1FD887FF1F1B4B1C49C2
:10EA40001A780B789A422ED010B55FFA82FE194AD6
:10EA5000D8B21268431C9A4219D93F2B1BD85FFACF
:10EA600083FC1548C05CC0B281F800C01349096836
:10EA700061B19E453CBF7244D31A114A126828BF47
:10EA8000AEEB03039A4201D300230B7010BD4FF08D
:10EA9000000C6346E5E70B4C3F382468205C5FFAC6
:10EAA00083FCC0B2E0E74FF0FF30704724A0FF1FA7
:10EAB0002CA0FF1FD887FF1FE49FFF1FE09FFF1FB1
:10EAC000D487FF1F28A0FF1F0D4A0E4B11781B781B
:10EAD0009942DAB211D00C490968531C994207D9FE
:10EAE0003F2B06D9094B3F3A1B68985CC0B2704770
:10EAF0000023074AD05CC0B270474FF0FF30704728
:10EB000024A0FF1F2CA0FF1FD887FF1F28A0FF1FD6
:10EB1000E49FFF1F0C4B5B6B5B0514D50B4B0C4844
:10EB2000DA78402102F0CB02DA705974DA780949B8
:10EB300042F03402DA70084A03781268DBB20B70D4
:10EB40000AB10023137070470080044000A0064003
:10EB50002CA0FF1F24A0FF1FE09FFF1F2DE9F04105
:10EB6000504C237913F0300F47D072B6A37D03F0D9
:10EB7000FF01002B58D062B6DFF82C814B4898F883
:10EB800000304B4A057816684A4F5FFA83FC4A4BBF
:10EB9000EDB2D3F800E008E01DB14FF0000C07F82B
:10EBA0000C304A1E12F0FF0112D0E3790CF1010281
:10EBB0009642DBB2F0D99542ACF13F00F1D03F2A4A
:10EBC0006DD994464A1E12F0FF010EF80030ECD1C8
:10EBD0005FFA8CF388F80030384B196869B1AC459E
:10EBE0003CBF721B02EB0C03354A126828BFACEB2A
:10EBF00005039A429CBF01230B702A48C3781E0666
:10EC0000DDB216D46A060DD5264B1B795B0609D5F5
:10EC10002C4B2D491B6800220A7003B11A70214B3E
:10EC20003C22DA70BDE8F0814023E279637462B679
:10EC3000E3E703791C06E5D5244B254ADFF894E089
:10EC40001C7816689EF80030234A244FD2F800C082
:10EC5000E4B2DBB207E003790023FA5CD2B2C271FE
:10EC6000027D072A11D8A34203F101010ED08E4282
:10EC7000F1D93F290279A3F13F0301D80B46ECE714
:10EC80001CF803200B46D2B2E9E7DCB2054B8EF844
:10EC900000401A79110644BF7C22DA70B2E794462C
:10ECA0007DE700BF00A0064024A0FF1F2CA0FF1F8F
:10ECB000D887FF1FE49FFF1F28A0FF1FE09FFF1FB3
:10ECC000D087FF1F30A0FF1F34A0FF1F78A0FF1FB9
:10ECD000DC87FF1F80A0FF1F7CA0FF1F38A0FF1F45
:10ECE000094B10B4186060B101F14004074B0848AB
:10ECF00001F11A021A60074B0460283110BC196038
:10ED000070474024F2E700BF28A0FF1FD487FF1FF1
:10ED1000D887FF1FD087FF1F054B186018B1054B20
:10ED2000403119607047034B40211960704700BFA4
:10ED30007CA0FF1FDC87FF1F2A4A2B49536B70B44E
:10ED400043F40063294D5363294E2A4C3278002343
:10ED50002B700B70284923700B702849092A0B70FF
:10ED600033D01A2A03D1264B40F213325A60254B76
:10ED70001B780A2B31D01F2B03D1214B4FF451723A
:10ED80001A602028204B214C38BF2020C0F3443C7F
:10ED900083F800C0C0F3471C00F01F0083F801C0D7
:10EDA0000422987202209A70D87488205A754FF005
:10EDB000E021187440223C20D87084F82F204FF4B2
:10EDC000004370BCC1F804317047114B40F213325C
:10EDD000DA600C4B1B780A2BCDD10D4B4FF45172DE
:10EDE0001A61CEE700800440D0A0FF1FC8A0FF1F1B
:10EDF000F087FF1F04A1FF1F0CA1FF1FD8A0FF1F5A
:10EE000000D00440F887FF1F00B0064000E400E097
:10EE100000B00440294B29499B7800F0030203F01D
:10EE2000EC031343420700F00F0248BF43F0100306
:10EE3000042A8B7003D18B7943F040038B711F4BF5
:10EE40005A79C30602F0EF021C4B48BF42F0100291
:10EE50005A719A79810602F0EF0211D542F0100240
:10EE600081059A710FD59A78154942F0A0029A70DF
:10EE70000978144B03EBC10340F246325B6814E09F
:10EE80009A71820505D4104B104A1968914211D02D
:10EE900070479A780A4942F0A0029A700978094BA3
:10EEA00003EBC10340F247325B68074907481A6029
:10EEB0000860704700221A60704700BF00B006402B
:10EEC000F887FF1FC8E90200D4A0FF1FD400D64274
:10EED000294B5B6B1B054DD510B5284C237823B10E
:10EEE00001F04EFB2378002BFAD1254A254B4FF039
:10EEF000E0204FF400440021C0F88441D1701B7819
:10EF0000092B2CD01A2B1BD01F4B1B7803F07F032F
:10EF10000A2B1FD01F2B0ED01C4B194A1C4C1D480E
:10EF2000196892F804C0D27900232370037009B1E4
:10EF300001230B7010BD184B40F203121A60EBE76F
:10EF4000154B40F203125A600F4B1B7803F07F03FE
:10EF50000A2BDFD1114B40F203121A61DCE70F4B91
:10EF600040F20312DA60084B1B7803F07F030A2B90
:10EF7000D0D1EFE7704700BF00800440D8A0FF1F4A
:10EF800000B00640F087FF1FF887FF1F84A0FF1F17
:10EF9000C8A0FF1FD0A0FF1F00D0044000B0044055
:10EFA0000A4A38B50546137803F0FF04002BFAD15E
:10EFB00001212846FFF758F921462846FFF720F996
:10EFC000034A044B52F835201A6038BDD8A0FF1F01
:10EFD000C8E90200D4A0FF1F09B140F08000194A1F
:10EFE0001378834217D010B4174C646B24050FD5E7
:10EFF00003F07F030A2B21D01F2B14D0002900F02F
:10F000007F0314BF602144210A2B10D01F2B03D093
:10F01000107010BC704770470C4B41F44071196080
:10F02000107010BC7047094B00241C60E6E7084BC9
:10F0300041F440711961107010BC7047044B0024FA
:10F040001C61DBE7F887FF1F0080044000D004400C
:10F0500000B00440124B1A7882420CD01149496B1F
:10F06000090507D5092A16D01A2A0AD009280DD071
:10F070001A2801D0187070470B4A40F213315160C2
:10F08000F8E7094A002109285160F1D1074A40F206
:10F090001331D160EEE7054A0021D160E6E700BFF9
:10F0A000F087FF1F0080044000D0044000B00440FF
:10F0B0000D4B5B6B13F4006313D0212803D90B4B6A
:10F0C0000020186070470A4B10B5084C53F83030D8
:10F0D00023600121FFF7C8F8236800221A7001207D
:10F0E00010BD1846704700BF0080044084A0FF1F79
:10F0F000C8E902000C4B5B6B13F4006312D01728B5
:10F1000009D10A4B0A4A40F202319960537B01202F
:10F11000034353737047064A537B03F0FE030020FA
:10F1200053737047184670470080044000B0044095
:10F1300000B006402DE9F84F334B5B6B1A053AD50A
:10F14000324B1B6806460BB101221A70DFF8C090E3
:10F15000DFF8C08099F80040D8F800302E4D013417
:10F16000A3422B7829D99C425FFA84FA14D12B4F01
:10F17000DFF8ACB005E03B791B0623D42B78A34223
:10F180000AD1FEF7D7FD4028F5DDFF28F6DD01F0B6
:10F19000F7F92B78A342F4D0272C29D9214B283C0E
:10F1A0001B68F6B21E55204A1C4B01211170BC226F
:10F1B00089F800A0DA70BDE8F88F03F0FF0AA3B960
:10F1C0005446D4E72B78D8F800105A1C9142DBB291
:10F1D00008D9272A10D8D1B21BF80230DBB2FB7154
:10F1E0002970CBE700210A46F6E74FF0000A5446A3
:10F1F0000B4BF6B21E55D6E7D1B20A4A273B12682E
:10F20000D35CDBB2EBE700BF00800440D4A0FF1F5B
:10F2100004A1FF1FF487FF1F0CA1FF1F00B00640D1
:10F22000DCA0FF1F08A1FF1FD8A0FF1F2DE9F84F8A
:10F23000394B5B6B1A053CD5384B1B680BB101226F
:10F240001A704718B84231D2354EDFF8D880364CA4
:10F25000DFF8D89000F1010A13E003F0FF0B53B37D
:10F260004FF0000B5D46324A1AF8013C53555246A6
:10F2700030490123BA420B700AF1010A86F800B046
:10F2800014D23578D8F800300135AB422378E4D970
:10F29000AB425FFA85FB0FD0272DE4D9264B1AF835
:10F2A000012C1B68283D5A555246E1E71F4BBC22F2
:10F2B000DA70BDE8F88F5D466FF0430389F80330DC
:10F2C00006E099F804301B060BD42378AB42E3D157
:10F2D000FEF730FD4028F4DDFF28F6DD01F050F99F
:10F2E000F3E72378D8F800105A1C9142DBB203D917
:10F2F000272A0AD8D1B201E000210A460C4B9B5CB8
:10F30000DBB289F807302170DFE7D1B20A4A273B28
:10F310001268D35CDBB2F4E700800440D4A0FF1F86
:10F3200004A1FF1FF487FF1F0CA1FF1F00B00640C0
:10F33000DCA0FF1FD8A0FF1F08A1FF1F10B5044CC1
:10F34000237823B101F01CF92378002BFAD110BDEA
:10F35000D8A0FF1F084A094B11781A789142C8B209
:10F36000D3B202D2013B181A7047054A1268013A1B
:10F370001344181A704700BF04A1FF1F0CA1FF1F00
:10F38000F487FF1F064A074B11781A789142D0B2D2
:10F390003CBF054A1268CBB238BF9B18181A704799
:10F3A000C8A0FF1FD0A0FF1FEC87FF1F1B4B1C49ED
:10F3B0001A780B789A422ED010B55FFA82FE194A5D
:10F3C000D8B21268431C9A4219D93F2B1BD85FFA56
:10F3D00083FC1548C05CC0B281F800C013490968BD
:10F3E00061B19E453CBF7244D31A114A126828BFCE
:10F3F000AEEB03039A4201D300230B7010BD4FF014
:10F40000000C6346E5E70B4C3F382468205C5FFA4C
:10F4100083FCC0B2E0E74FF0FF307047C8A0FF1F89
:10F42000D0A0FF1FEC87FF1F88A0FF1F84A0FF1F35
:10F43000E887FF1FCCA0FF1F0D4A0E4B11781B78E9
:10F440009942DAB211D00C490968531C994207D984
:10F450003F2B06D9094B3F3A1B68985CC0B27047F6
:10F460000023074AD05CC0B270474FF0FF307047AE
:10F47000C8A0FF1FD0A0FF1FEC87FF1FCCA0FF1F5D
:10F4800088A0FF1F0C4B5B6B1B0514D50B4B0C4866
:10F49000DA78402102F0CB02DA705974DA7809493F
:10F4A00042F03402DA70084A03781268DBB20B705B
:10F4B0000AB10023137070470080044000B006407A
:10F4C000D0A0FF1FC8A0FF1F84A0FF1F2DE9F0419F
:10F4D000504C237913F0300F47D072B6A37D03F060
:10F4E000FF01002B58D062B6DFF82C814B4898F80A
:10F4F00000304B4A057816684A4F5FFA83FC4A4B46
:10F50000EDB2D3F800E008E01DB14FF0000C07F8B1
:10F510000C304A1E12F0FF0112D0E3790CF1010207
:10F520009642DBB2F0D99542ACF13F00F1D03F2AD0
:10F530006DD994464A1E12F0FF010EF80030ECD14E
:10F540005FFA8CF388F80030384B196869B1AC4524
:10F550003CBF721B02EB0C03354A126828BFACEBB0
:10F5600005039A429CBF01230B702A48C3781E06EC
:10F57000DDB216D46A060DD5264B1B795B0609D57C
:10F580002C4B2D491B6800220A7003B11A70214BC5
:10F590003C22DA70BDE8F0814023E279637462B600
:10F5A000E3E703791C06E5D5244B254ADFF894E010
:10F5B0001C7816689EF80030234A244FD2F800C009
:10F5C000E4B2DBB207E003790023FA5CD2B2C27185
:10F5D000027D072A11D8A34203F101010ED08E4209
:10F5E000F1D927290279A3F1270301D80B46ECE7CB
:10F5F0001CF803200B46D2B2E9E7DCB2054B8EF8CB
:10F6000000401A79110644BF7C22DA70B2E79446B2
:10F610007DE700BF00B00640C8A0FF1FD0A0FF1FBD
:10F62000EC87FF1F88A0FF1FCCA0FF1F84A0FF1F37
:10F63000E487FF1FD4A0FF1FD8A0FF1F04A1FF1F56
:10F64000F487FF1F0CA1FF1F08A1FF1FDCA0FF1FF5
:10F65000094B10B4186060B101F14004074B084831
:10F6600001F11A021A60074B0460283110BC1960BE
:10F6700070474024F2E700BFCCA0FF1FE887FF1FC0
:10F68000EC87FF1FE487FF1F054B186018B1054B7F
:10F69000283119607047034B28211960704700BF5B
:10F6A00008A1FF1FF487FF1F38B5134B5B6BDB040A
:10F6B00020D5124C237823B100F062FF2378002B71
:10F6C000FAD10F4A0F494FF0E024002340F2031013
:10F6D0004FF40035C4F88451D3708860C8600A497B
:10F6E0000A4C0B4809681579D2792370037009B167
:10F6F00001230B7038BD00BF0080044064A1FF1FD0
:10F7000000C0064000C0044010A1FF1F54A1FF1F0D
:10F710005CA1FF1F064A074B11781A789142D0B2BC
:10F720003CBF054A1268CBB238BF9B18181A704705
:10F7300054A1FF1F5CA1FF1F0088FF1F30B43A4B8C
:10F740001A79950624D5394D3949DB792A780C6820
:10F75000D8B2531C9C42D2B231D8364B1A7802F040
:10F76000FF0322B1002213463349C8542A7033499B
:10F77000096869B1324A10789842C2B28ABFA21AA7
:10F780009B1A9B182F4A12689A429CBF01230B7048
:10F79000254AD3781C06D9B21ED44A060DD5224B71
:10F7A0001B795B0609D5284B28491B6800220A7083
:10F7B00003B11A701C4B2C22DA7030BC70471D4903
:10F7C00009789942D3D03F2B2CD921493F3A096877
:10F7D0008854DAB22A70CAE713791806DDD51D4BB2
:10F7E00017481D7803789D42DCB208D01A4A126887
:10F7F000631C9A4206D9272B0DD8DAB204E06C2399
:10F80000D370CAE700221346144CE35CDBB2064C0B
:10F81000E3710270C1E7124A273C1568DAB22B5D2A
:10F82000DBB2F4E7DAB29FE700C0064054A1FF1F45
:10F830000088FF1F5CA1FF1F14A1FF1F10A1FF1F65
:10F8400098A1FF1FFC87FF1F60A1FF1F64A1FF1F7E
:10F8500058A1FF1F90A1FF1F0488FF1F68A1FF1F71
:10F8600094A1FF1F704700BF704700BF431E032BCA
:10F8700017D872B60C4951F8230080B110B40B4C64
:10F88000B0F800C034F81320A2EB0C02D0F804C08A
:10F8900041F823C024F8132062B610BC704762B64A
:10F8A00070470020704700BF2CA2FF1F7CA2FF1FE3
:10F8B000013803280BD872B6074B53F8203043B1F8
:10F8C00000205B680130002BFBD162B6704700203E
:10F8D00070471846F9E700BF54A2FF1F10B472B674
:10F8E000194A1A4C042312F8011B090743F0010CB2
:10F8F00005D554F8331061B154F83C10B9B1043354
:10F90000142BF0D162B6124B00221A7010BC00F01A
:10F910009BBC0F4904EBC302083050600A780D48C5
:10F9200044F83300013A0A7062B610BC7047084AC6
:10F93000094904EBCC0308305860137844F83C10B4
:10F94000013B137062B6F0E758EB02000080FF1F26
:10F9500084A2FF1F88004000C8004000421E032A06
:10F960000ED81C4B400140F0100010B4034472B696
:10F97000194CA05C03281CD8DFE800F0131503180D
:10F9800070470520A05413F0080F088814BFC82240
:10F990008822083142EA004259601A6062B610BCFF
:10F9A00070470320EEE708330220EBE7083304201A
:10F9B000E8E70A4B53F8220038B1094B53F822000C
:10F9C000416043F8221062B6E9E743F82210044B85
:10F9D000F7E700BF0080FF1F74A2FF1F54A2FF1FA4
:10F9E00064A2FF1F2DE9F04FDFF8CCA2DFF8CCB204
:10F9F00085B03DE0B24D9E0805EBC607013A796837
:10FA000013F00803D4B2A1F1080040F0B88055F813
:10FA100036204FEA124C120C21F808CC00F0A780D7
:10FA200021F8063C41F8043CA64B53F82420002A58
:10FA300000F00182A44B53F82420506043F82400C6
:10FA4000A24B33F81420944423F814C000F0DCFBDC
:10FA5000002800F0E98117F0080F9D4B00F1080025
:10FA600018BF5B46786045F8363008238AF8803046
:10FA70009AF880305907DCB21BD5964B1B78ABB196
:10FA800095490A7802F0FF032AB1013BDBB20B7003
:10FA9000002B00F0468391490A7802F0FF032AB157
:10FAA000013BDBB20B70002B00F0EB8104238AF8E2
:10FAB000803014F0080200F0CC819AF89020D3B284
:10FAC000120997D1DFF8F8919B0809EBC30459F8A4
:10FAD00033006468C0F3830009287CD00FD8013854
:10FAE000012808D87E4A158842F22100854200F09C
:10FAF000FB8149F833B001238AF89430B5E70D282B
:10FB0000F9D1D4E90007774D49F833B0744E764CFB
:10FB1000C9F8102083B240F2816CC9F818202A601D
:10FB200063454FF00102C6E90007227000F2FF8032
:10FB3000B3F5D06F80F0CB82B3F5817F00F02682E1
:10FB400040F2DE8040F2023293427BD107F07F0721
:10FB5000042F00F20881020C40F00581634911F87E
:10FB6000273043F0020301F82730134670E017F006
:10FB7000080F574B18BF5B4645F8363075E700F065
:10FB800063FB5B495B4A51F82430002B00F057813E
:10FB9000586841F82400115D03F1080078600329DA
:10FBA00005D8DFE801F0120F1502042111551A885B
:10FBB00017F0080F14BFC823882343EA024345F80F
:10FBC000363052E702211155F1E703211155EEE7D6
:10FBD00005211155EBE7434D2A683AB34649424C9B
:10FBE0000F88464894F800E00678402F3B4628BF2F
:10FBF0004023BEF1000F8EF0010E84F800E046F0C5
:10FC0000020486F00106067009EBC400426014BFCE
:10FC1000C820882040EA03401A44FB1A9BB249F8E6
:10FC200034000B80002B00F036812A602C4B1A88A0
:10FC3000B2F5A06F7FF45FAF9A788AF8982000221F
:10FC40005A7058E7B3F5A06F40F08D80002213463C
:10FC5000B6F806C02948944528BF944667460278FE
:10FC6000402F28BF402742F0020E3E0409EBCE0889
:10FC700046F0C806C8F8043049F83E6000263B4408
:10FC80002670BCEB070782F00106067040F0118178
:10FC9000BCF13F0F4FF0010509D946F00206027092
:10FCA00009EBC60225705360882349F836300123DA
:10FCB0008AF894301FE700BF00200740C8004000CA
:10FCC0000080FF1F2CA2FF1F3CA2FF1F7CA2FF1F72
:10FCD0008800400078A2FF1F79A2FF1FA4A2FF1F87
:10FCE0004CA2FF1F20A2FF1F1DA2FF1FC020074024
:10FCF00054A2FF1F74A2FF1F1EA2FF1F1CA2FF1F02
:10FD0000802B00F08B81822B2DD107F07F07042FF1
:10FD100029D8A74A00231380A64B13F827309F0742
:10FD200040F1FC8101231370A14B022290E742F2C3
:10FD3000210C6345BBD01DD942F2212293420DD143
:10FD4000BFB2002F82D19C4B1A689C4B1A609C4B0F
:10FD5000C0F3074000221870134679E742F22132BF
:10FD600093423FF473AF0F238AF8C03001238AF81F
:10FD70009430C0E6B3F5086F00F04A81B3F5106F18
:10FD8000F1D1904BC0F307400425187059F8353075
:10FD90001A0606D40135142D0CD059F835301A0640
:10FDA000F8D509EBC50301355868083800F04CFA5E
:10FDB000142DF2D1844A854B0292854A0192854ED8
:10FDC000854ADFF818820394009200251C4656F8F5
:10FDD000047B2FB138467F6800F036FA002FF9D146
:10FDE000009BD8F8007043F8045B46F8045C00936D
:10FDF0002FB138467F6800F027FA002FF9D1029B17
:10FE000048F8045B43F8045B0293019B23F8025B10
:10FE100001932378023B032B00F20981DFE813F002
:10FE20003F0104013F0104016D4A45F83600137893
:10FE30000133137019E643F82400674BFEE5115DAA
:10FE4000022926D07FF611AE03291DD101231355B7
:10FE50000BE6E0076ED4210621D4A20708D5614B3A
:10FE600093F888200221D2B283F8882083F880108A
:10FE7000E30603D55B4B102283F8802005B0BDE874
:10FE8000F08F00F059FB11E617F0080F14BF0323A1
:10FE900002231355E9E53F2F98BF0022C5E6514BD9
:10FEA00080220D2183F8C01083F88020A207DFD5BF
:10FEB000D5E746F002060270402F09EBC6003A462D
:10FEC00028BF402243601004134440F08800012101
:10FED000BA1A49F83600217055D02B60424B1A806F
:10FEE00001238AF8943006E692885AB93F4AE51D04
:10FEF00014F8011B02F8011FAC42F9D13C4A126808
:10FF0000862A3CD03B4C3C4825780278002D85F071
:10FF10000105257042F0020482F00102027009EB33
:10FF2000C4024FF00000506014BFC822882249F874
:10FF30003420DEE52B4B30483049314C022583F824
:10FF4000945002702F480C602F4D48608C600D2437
:10FF5000CD60FF200A618A6183F8C04001219F249F
:10FF600083F8880083F8800083F8982083F88C0059
:10FF700083F8844083F8941005B0BDE8F08F234ADD
:10FF80000F201070BEE73F2FA7D890E607F07F073D
:10FF9000042F3FF6E8AE000C7FF4E5AE054A12F8F8
:10FFA000273023F0020302F82730002213464FE6E1
:10FFB00024A2FF1FC0200740DC9FFF1FA0A2FF1F3D
:10FFC0009CA2FF1F78A2FF1F64A2FF1F74A2FF1F45
:10FFD0007CA2FF1F2CA2FF1F3CA2FF1F54A2FF1FE9
:10FFE00084A2FF1F002007401EA2FF1F93A2FF1F35
:10FFF00094A2FF1F1DA2FF1F1CA2FF1F0080FF1F56
:020000022000DC
:10000000880040009CA1FF1FDCA1FF1F79A2FF1FF9
:10001000484B49491B780B700B4619E6464A0023AA
:100020001380454B022213E64FF001032370434B2C
:10003000B34204F101047FF4CAAE414E039CDFF8E1
:100040000481414F00233370042518F8013B3F4AD7
:10005000AB541B0725D445F0020145F003020435DB
:100060000023142D49F8313049F83230EDD1384FA2
:1000700025783A7842F0020009EBC00C85F00106C1
:10008000CCF80430002D4DD1882382F00102267077
:100090003A7049F8303001238AF894302BE5257006
:1000A000C5E700F0B1F8002832D009EBC5030830ED
:1000B000586049F8357000F0A7F808B345F001031F
:1000C00009EBC3020830506049F833B0C3E7214A56
:1000D0005368002B3FF447AE000CBFB204E0136935
:1000E0000C32002B3FF43FAE11888142F7D151888A
:1000F000B942F4D1000A03280CBF1A781289A7E587
:1001000033780133337045F0010349F83300A2E737
:10011000337849F8350001333370CCE7064B0222BF
:1001200096E500BE2670C82382F001063E7049F8AD
:100130003030BCE578A2FF1F24A2FF1F3CA2FF1FA6
:1001400084A2FF1F58EB020088004000C020074037
:100150001CA2FF1F04EB020070B500F091FB00230E
:100160001A4A194642F8331002EBC3000133142B2C
:100170004160F7D1164C174B606B174D40F480204F
:100180006063C2F3072483F89C40144CFF204FF0B7
:10019000010CC2F30746120E83F8B0604FF0E02E58
:1001A00083F8B42083F8800083F88800187483F8FB
:1001B00094C0217083F884C0702385F849304FF4CF
:1001C00000721023CEF80821237270BD0080FF1F3B
:1001D000008004400020074000E400E000210740C8
:1001E00000F0ACB800F07CB800F056B800F090B861
:1001F00000F076B900F050B90846114600F0BAB8E0
:10020000084600F03BB900BF72B60D490B68B3FA5F
:1002100083F00B2810DC4FF00042C24023EA0203B7
:100220000B6062B6074A00EBC000C10002EBC000E1
:10023000002353504360704762B60020704700BFF0
:100240001C88FF1FBC83FF1F0E4BC31AB3F5587FDA
:1002500010D20D4A127872B972B60C4A0C49A2FB40
:10026000032308684FF000421B0922FA03F30343FB
:100270000B6062B67047074A1278002AECD0FFF78D
:100280002DBB00BFBC83FF1F84A2FF1F398EE33844
:100290001C88FF1F78A2FF1F38B50F4C206878B16B
:1002A00043880288C11801339A420D7A02D94380EB
:1002B000284638BDFFF7C8FF00232360284638BD15
:1002C000064B1B782BB10320FFF7D0FA20600028E3
:1002D000E6D14FF0FF35EBE788A2FF1F78A2FF1FA2
:1002E00010B5094C206818B143881844007A10BD35
:1002F000064B1B782BB10320FFF7B8FA20600028CB
:10030000F2D14FF0FF3010BD88A2FF1F78A2FF1F6F
:10031000084B094A1B6810B594881BB11A885B8882
:10032000D31A1C440CB1204610BD00F029F9204618
:1003300010BD00BF88A2FF1F7CA2FF1F0B4B1B78C4
:100340009BB110B50A4C206848B1FFF77DFF002330
:1003500003202360FFF78AFA30B1FFF775FF03200F
:10036000FFF784FA0028F8D110BD704778A2FF1F6C
:1003700088A2FF1F2DE9F04FDFF8EC9083B0012237
:1003800089F80020019179B3384FDFF8E480019DAE
:10039000384EDFF8E4A083463968A1B3B1F802E033
:1003A000CEF1400CAC4528BFAC460EEB0C0400224D
:1003B000A4B23270A5EB0C054C8001F10802BCF12F
:1003C000000F0AD00EF1FF3E7244DC441BF8014BD3
:1003D00002F8014FDC45F9D14C883F2C0BD805229F
:1003E0008AF80020002DD7D10198002389F8003029
:1003F00003B0BDE8F08F40220A800420FFF7AEFA78
:1004000000223A60EBE798F800202AB348F601444E
:1004100008E0013C19D03278BAB900F0B1F898F888
:100420000020CAB10420FFF743FA0728F1D84FF0A3
:10043000010389F80030FFF7E7FE01463860002825
:10044000ACD1013C89F80000E5D101234FF0FF3029
:10045000337003B0BDE8F08F00234FF0FF3089F810
:10046000003003B0BDE8F08F8DA2FF1F90A2FF1FE8
:1004700078A2FF1F8CA2FF1FA4A2FF1F00B583B0AC
:10048000034601210DF107008DF80730FFF772FFD9
:1004900003B05DF804FB00BF38B50E4D0E4C286864
:1004A0000123237028B140880023C0F1400023704D
:1004B00038BD0A4B1B7813B90020207038BD0420CA
:1004C000FFF7F6F90728F7D8FFF79EFE2860002807
:1004D000E9D1F1E790A2FF1F8DA2FF1F78A2FF1FB5
:1004E000F8B5114B1B788BB1104E114D34680127B4
:1004F0002F7064B10F4B00271F7063882380214643
:100500000420FFF72BFA376000232B70F8BDFFF7AC
:100510007BFE084B014620B104201C70FFF71EFA39
:10052000F2E71F70F0E700BF78A2FF1F90A2FF1F45
:100530008DA2FF1FA4A2FF1F38B50E4B1B7853B925
:100540000D4C216841B103F0FF054B880B8004205E
:10055000FFF704FA256038BDFFF756FE014620B1CB
:10056000BDE838400420FFF7F9B9044B01221A70A6
:1005700038BD00BF8DA2FF1F90A2FF1FA4A2FF1FC6
:100580002DE9F843324E337863B1324F3A784AB9A5
:100590000122D9073A7043D49A0726D400225B0778
:1005A0003A7001D4BDE8F8832B4B1A68002AF9D0C1
:1005B000EFF30582002AF5D1EFF3108572B61868C3
:1005C00000283AD0254C2178002936D142691A609A
:1005D00001232370002A37D0916105B962B6002546
:1005E0008368457798472570DCE7DFF8748098F8D2
:1005F0000020002AD2D00025DFF868902B4659F859
:100600002340236820461B690135984708B12369B8
:10061000984798F80020EBB29A42F0D83378BDE7BB
:10062000FFF776FE68B9104B1B780BB93378B3E748
:10063000337803F0FE033370AEE7002DB2D162B61B
:10064000B0E700F01BF9EEE7084B1A60C5E700BF02
:100650002088FF1FA5A2FF1FA8A2FF1FB4A2FF1F93
:10066000C8A2FF1FBCA2FF1F00EB0200B8A2FF1F21
:10067000EFF3108272B6437F5BB9017F012930B47A
:100680000BD0032913D00123437702B962B630BCE3
:1006900070470AB962B670477047124C2168B1B111
:1006A000114943610B68836108605861EBE70F4DA6
:1006B0000F492C688CB143610B68836158614FF01E
:1006C000E0234FF080540860C3F8044DDBE7064B8D
:1006D0004161816120601860D5E7446184612860D0
:1006E000EDE700BFA8A2FF1FB8A2FF1FB0A2FF1F27
:1006F000ACA2FF1F90F81CC04160BCF1020FC260A9
:1007000001D183681847FFF7B3BF00BF70B5EFF39F
:10071000108272B60C4C206880B10C4E00254369E3
:10072000236073B19D6102B962B6836845779847CB
:10073000EFF3108272B620680028F0D102B962B6D9
:1007400070BD3360EFE700BFB0A2FF1FACA2FF1F78
:10075000FFF7DCBF024A136801331360704700BF24
:10076000DC9FFF1F70B4104E104D3478D4B1621E60
:10077000D2B2291D2B4601EB820101E08B4205D04C
:1007800053F8042B8242F9D170BC7047631CDBB272
:10079000074A3370137845F8240043F002031370BE
:1007A00070BC70470123F3E7C8A2FF1FBCA2FF1F64
:1007B0002088FF1F2A4B2B4A6020E12118705970B6
:1007C00013782948082B34D00A2B20D00C2B274B28
:1007D0000CBF15213D2112228160C2609960DA6050
:1007E000234B21491B78214ACBB101230B621362B1
:1007F000204B1D491B781D4A012B13D9042B1BD8F4
:1008000084234B6253621C4B01221A707047174BB2
:10081000192113228160C2609960DA60E0E70B62FF
:100820001362E5E780234B625362134B01221A7077
:1008300070470E4B0121ECE7082B06D885234B624D
:1008400053620D4B01221A707047102B94BF862300
:1008500087234B625362084B01221A70704700BF16
:10086000004007402188FF1F00B0034000B00B404C
:10087000C9A2FF1F2288FF1FCAA2FF1F704700BF27
:1008800010B584B072B6174A702441200F2180231E
:100890001470D0719171137013781B06FCD5906899
:1008A00062B6114B114C984238BF00EB800001A991
:1008B00038BF40000A22FDF761FA01A92046002353
:1008C00011F8012B01333AB10A2B20F8022FF7D18E
:1008D0001623237004B010BD5B00DBB2237004B09C
:1008E00010BD00BF0000024080969800B088FF1F36
:1008F00003460846194606F0A5BD00BF00F026BA1B
:10090000436810B41C685A6821681143026821606A
:10091000154C16491460D160154C164914611160CC
:10092000417A154A5C180A3194F824C053F82140E2
:1009300002EBCC0149680C60017A5C1803EB810181
:1009400094F818C0CC6902EBCC0149680C60817A3C
:1009500010BC581803EB810390F83000596B02EB80
:10096000C00253681960704701401F000110003831
:100970000110007800001F80C8E902004268036887
:1009800010B4D2E90004026822430260DA6869B94F
:1009900042F08072D9688A4206D01968480408D5A6
:1009A00042F08041DA60196110BC704722F0807219
:1009B000F0E7044C1C6042F08040DA6010BC186123
:1009C0001960704701401F0043681A68596813682E
:1009D0000B431360704700BF4268036810B4D2E94C
:1009E0000004026822430260DA68940102F0E060C9
:1009F00005D50A0902F4706221F470411143DA68E6
:100A00000143914206D01A68500405D541F0804256
:100A1000D9601A6110BC7047044C1C6041F08040E2
:100A2000D96010BC18611A60704700BF01401F00F8
:100A300070B4016B4A4A0979D177C16A0979117793
:100A4000016B09791177826A03462AB34168C96844
:100A50008A4243D9C46A006B521A21689A620D68AF
:100A600003F12404A5424FF0010259D01C68E56847
:100A700015F0804F0D6829D12D780E6845F000459E
:100A800001360E60656336490079C87612B1DB6ABB
:100A90001B79CB7670BC70470168324C406B0A639F
:100AA000CC62CC6824F08044CC6004682E49246871
:100AB0004FF0030C8C4283F825C039D1037F42608C
:100AC000022BC26038D170BC836818472D880E682D
:100AD00045F0004502360E606563D4E7C16A0968D7
:100AE000CC8B260402F1FF3031D4C0F30E00C88352
:100AF000CC8B186BA4B2CC820468E58B2D041ED479
:100B0000C2F30E05E583E58BADB2E5820D680024E6
:100B1000013A9C6203F1240418BF0122A542A5D129
:100B20001968CC6893F8244044F000444C63AAE769
:100B30002346114670BC184770BCFFF799BDE58B82
:100B4000C2F3080605F47E453543E583DBE7CC8B2D
:100B5000C0F3080004F47E442043C883C8E700BF04
:100B60000080004000000FFFF506020008B50248B3
:100B7000FFF75EFF08BD00BFC888FF1FF8B5044639
:100B80000D4601F04DFB224606460F462B462046F9
:100B9000294604F0A7FA40B92046294600F0E6FAB3
:100BA000084B002204F094FA10B930463946F8BDDB
:100BB00006F0ECFF034621221A600348BDE8F84026
:100BC00000F030BC0000F03F8CF30200F8B50446A2
:100BD0000D4601F079FD224606460F462B4620467B
:100BE000294604F07FFA40B92046294600F0BEFAB3
:100BF000084B002204F06CFA10B930463946F8BDB3
:100C000006F0C4FF034621221A600348BDE8F840FD
:100C100000F008BC0000F03F8CF3020001F08CBF34
:100C20002DE9F84314461D468046894602F098F99E
:100C3000224606460F462B462046294604F052FA25
:100C400078B9002200234046494604F019FAD8B189
:100C5000002200232046294604F012FA28B1264F2C
:100C6000002630463946BDE8F8832046294600F084
:100C70005BFB0028F5D0204629460022002304F023
:100C800009FA0028EDD02CE03046394600F04CFB44
:100C9000A0B1002200233046394604F0F1F90028C3
:100CA000DFD04046494600F03FFB0028D9D020461F
:100CB000294600F039FB0028D3D012E040464946CF
:100CC00000F032FB0028E4D02046294600F02CFB3F
:100CD0000028DED032463B463046394604F002FA60
:100CE00020B906F053FF22230360BAE706F04EFF57
:100CF00021230360B5E700BF0000F03FF8B51446BC
:100D00001D4603F0BFF8224606460F462B462046F6
:100D1000294604F0E7F930B920462946002200238D
:100D200004F0AEF910B930463946F8BD06F02EFF92
:100D300000220023212101601046194604F062F8C8
:100D400006460F4630463946F8BD00BFF8B50446A2
:100D50000D4600F0CBFB224606460F462B462046AA
:100D6000294604F0BFF930B9204629460022002365
:100D700004F090F910B930463946F8BD06F006FF88
:100D800000220023212101601046194604F03AF8A0
:100D900006460F4630463946F8BD00BFFFFFFFFF4D
:100DA0002DE9F84FBC4B21F000469E4204460D460B
:100DB0008A461CDDB94B9E420DDC0AD0B84BB94ABD
:100DC000B94CBAF1000FD8BF134620461946BDE80A
:100DD000F88F0028F2D022462B462046294603F001
:100DE00031FD04460B4620461946BDE8F88FAF4B4F
:100DF0009E4200F3B080A3F1DE739E4240F39D80DB
:100E00004FF0FF3B22462B462046294603F0D0FEFA
:100E100002460B468046894603F0CAFE86A3D3E904
:100E2000002306460F4603F0C3FE85A3D3E9002343
:100E300003F008FD32463B4603F0BAFE82A3D3E935
:100E4000002303F0FFFC32463B4603F0B1FE80A3D3
:100E5000D3E9002303F0F6FC32463B4603F0A8FE3C
:100E60007DA3D3E9002303F0EDFC32463B4603F0BB
:100E70009FFE7BA3D3E9002303F0E4FC42464B46EC
:100E800003F096FE78A3D3E90023804689463046D6
:100E9000394603F08DFE76A3D3E9002303F0D0FC9E
:100EA00032463B4603F084FE73A3D3E9002303F0EC
:100EB000C7FC32463B4603F07BFE71A3D3E9002317
:100EC00003F0BEFC32463B4603F072FE6EA3D3E94C
:100ED000002303F0B5FC32463B4603F069FEBBF14C
:100EE000FF3F02460B464046494656D003F0AAFC57
:100EF0006F4E22462B4603F05BFE6E4B06EBCB0695
:100F00004FEACB0B5B44D3E9002303F099FC224664
:100F10002B4603F095FC0B460246D6E9000103F090
:100F20008FFCBAF1000F04460B46BFF64EAF01F13D
:100F3000004320461946BDE8F88F55A3D3E90023A6
:100F400003F080FC5C4B002204F0C2F800283FF460
:100F500057AF2B4639E700F009F9584B9E4204463B
:100F60000D462CDCA3F550239E4253DD524B00224C
:100F700003F066FC504B06460F464FF0010B20462F
:100F80002946002203F05EFC02460B4630463946F5
:100F900003F038FF04460D4634E703F053FC2246C5
:100FA0002B4603F005FE02460B462046294603F079
:100FB00047FC04460B4620461946BDE8F88F404BD7
:100FC0009E421CDA3F4B002203F03AFC02460B46DD
:100FD0002046294614461D4600223A4B03F0E8FD00
:100FE000354B002203F02EFC02460B4620462946D4
:100FF00003F008FF4FF0020B04460D4602E70246DD
:101000000B460020304903F0FDFE4FF0030B044671
:101010000D46F7E602460B4603F014FC264B002271
:1010200003F00EFC4FF0000B06460F462046294603
:1010300000224FF08043A5E711DA22E33AAD903F5A
:10104000EB0D76244B7BA93F513DD0A0660DB13FFF
:101050006E204CC5CD45B73FFF8300922449C23F67
:101060000D5555555555D53F2F6C6A2C44B4A2BF2C
:101070009AFDDE522DDEAD3F6D9A74AFF2B0B33FF4
:10108000711623FEC671BC3FC4EB98999999C93F6C
:101090009C7500883CE4377EFFFF0F440000F07F22
:1010A000FB21F93FFB21F9BF182D4454FFFFDB3F23
:1010B00060EC020080EC02000000F03FFFFFF23F16
:1010C000008003400000F83F0000F0BF254A21F0F7
:1010D0000043934223DD10B5234A934286B009DDD5
:1010E00002460B4603F0ACFB02460B46104619467F
:1010F00006B010BD02AA02F09BFC00F00304012C14
:1011000011D0022C23D0CCB10124DDE90423DDE988
:101110000201009400F0B4FD02460B46E6E700220F
:10112000002300F07DBCDDE90423DDE90201009429
:1011300000F0A6FD024601F10043D7E7DDE90423F4
:10114000DDE9020100F06CFC02460B46CEE7DDE96A
:101150000423DDE9020100F063FC024601F10043D3
:10116000C4E700BFFB21E93FFFFFEF7F21F0004311
:1011700019467047DFF860C0F8B521F0004300273A
:10118000634504460D461646176022DC844653EA42
:101190000C0C1ED0DFF844C001EA0C0C0A46BCF16E
:1011A000000F09D10E4B002203F002FD6FF035074E
:1011B00004460A4621F0004322F0FF421B1522F4A8
:1011C000E002A3F2FE3342F07F553B4445F40015A4
:1011D000336020462946F8BDFFFFEF7F0000F07F17
:1011E0000000504310B5294A21F00043934286B0D5
:1011F00020DD274A934209DD02460B4603F020FB1F
:1012000002460B461046194606B010BD02AA02F06F
:101210000FFC00F00300012818D002282AD0F0B1FA
:10122000DDE90423DDE9020100F0FAFB024601F1E9
:101230000043E7E7002300930022002300F020FD95
:1012400002460B461046194606B010BDDDE90423E0
:10125000DDE9020100F0E4FB02460B46D2E701247F
:10126000DDE90423DDE90201009400F009FD0246F6
:101270000B46C7E70124DDE90423DDE90201009400
:1012800000F0FEFC024601F10043BBE7FB21E93F11
:10129000FFFFEF7F10B5144A21F00043934286B060
:1012A00019DD124A934205DD02460B4603F0C8FAE7
:1012B00006B010BD02AA02F0BBFB440004F0020419
:1012C000C4F10104DDE90423DDE90201009400F02A
:1012D0009BFD06B010BD012300930022002300F007
:1012E00093FD06B010BD00BFFB21E93FFFFFEF7F7C
:1012F00038B5044600F0E6F921460546204604F0DC
:1013000073FA20B90021204604F046FA08B92846AD
:1013100038BD06F03BFC002121230360084604F0A1
:1013200051F90546284638BD41F0004000F58010CF
:10133000C00F7047FFFFFFFF70B51646C1F30A529A
:1013400004460D460B465ABB21F00043034326D00A
:101350002F4B002203F02CFC2E4B9E4204460D46E0
:1013600048DBC1F30A520B46363A4CF250318E42FA
:101370001EDC164440F2FE72964219DC002E28DC78
:1013800016F1350F2DDB23F0FF4323F4E00336364F
:1013900043EA06512046204B002203F009FC70BDB1
:1013A00040F2FF7C6245E0D1024603F04BFA70BD8B
:1013B00005F0004343F0FC4141F45F1141F410514A
:1013C0000FA3D3E90023154841F03C0103F0F0FBE3
:1013D00070BD23F0FF4323F4E003204643EA0651A7
:1013E00070BD05F0004343F0D27141F4B7310C48B1
:1013F00041F01F0104A3D3E9002303F0D9FB70BD22
:101400009C7500883CE4377E59F3F8C21F6EA50135
:1014100000005043B03CFFFF0000903C9C750088EA
:1014200059F3F8C201490020704700BF0000F87F5F
:10143000D0B506460F46144606F0A8FB03463946CB
:1014400030461C60D0BD00BF30B583B080B11446BB
:1014500003F10045CDE9004510461946DDE90023BA
:1014600003F0A6FB222203B0BDE83040FFF7E0BF47
:1014700014461D46EEE700BF00224FF08053FFF7F1
:10148000E3BF00BF00224FF0E043FFF7DDBF00BF26
:1014900038B505460C4600F00FF808B9204638BDAF
:1014A000204600F009F828B12146284604F092F9B8
:1014B0000028F3D0284638BD30F000400ED0A0F50B
:1014C0000003B3F1FE4F0DD3074B421E9A4207D9DA
:1014D000A0F1FF40B0FA80F0400970470220704749
:1014E0000320704704207047FEFF7F002DE9F84F6E
:1014F000714E8E4305460C4600F0A5800029024639
:101500000B4651DD08155DD0C3F31301C307A0F2EC
:10151000FF3641F4801103D4490001EBD27152002F
:10152000D30F002503EB4103761052001620AC4682
:101530004FF400110CEB01049C4203DC1B1B04EB79
:10154000010C0D445B00013803EBD2734FEA5101EB
:101550004FEA4202EED1074620244FF0004109E055
:1015600040D05B00013C03EBD2734FEA51014FEADC
:10157000420241D0634501EB000EF1DDBEF1000FE8
:101580000EEB01000BDBE046A3EB0C03964588BF96
:1015900003F1FF33A2EB0E020F44C446E1E700283B
:1015A000F1DB0CF10108EFE721F00046064346D0DD
:1015B00000296FD10846D30A15385205002BFAD0FE
:1015C000DE0274D400215B00DD020C4601F1010152
:1015D000F9D515468A40C1F1200125FA01F1001B19
:1015E0000B4391E79645BCD8BEF1000F0EEB01000E
:1015F000D5DB98460023CDE7134312D0DFF8BCA01B
:10160000DFF8BCB0DAE90001DBE9002303F018F9E8
:10161000DAE9008902460B464046494603F044FD9C
:10162000F8B97C086B1003F17F53EA0703F5001348
:1016300048BF44F0004403EB065125460C462846BB
:101640002146BDE8F88F02460B4603F0B1FA2A4660
:10165000234603F0F7F805460C4628462146BDE828
:10166000F88FB7F1FF3FDAE90001DBE900231AD078
:1016700003F0E8F8DAE9008902460B46404649469D
:1016800003F008FD88B1B91C07F1020408BF013559
:101690006408C7E703F0D4F802460B4603F0B2FB38
:1016A00005460C46CBE70135BCE70137B9E71546DF
:1016B00020214FF0FF3490E70000F07F0089FF1FEA
:1016C0000889FF1F20F00042B2F1FF4F2DE9F041E1
:1016D000044654D2002A50D00028034657DB14F0A9
:1016E000FF4F4FEAE05009D114F400025BD15B00D8
:1016F0001C02114602F10102F9D5401AC3F3160289
:1017000042F40002C307A0F17F0558BF5200002435
:101710006D1052004FF0190E21464FF0807C01EB06
:101720000C039342DDBF03EB0C016444D31A134650
:10173000BEF1010E4FEA43024FEA5C0CEFD1BBB1A0
:101740001A4E1B4F30683968D6F8008003F07CFDD4
:101750000146404604F02AF850B1306839683668CE
:1017600003F074FD0146304604F016F8B8B10234B7
:10177000601000F17C5000EBC550BDE8F0810146DF
:1017800003F06CFE214603F061FDBDE8F0810146E7
:1017900003F05AFD014603F015FFBDE8F081013466
:1017A00024F00104E4E74FF0FF31A6E71089FF1FA2
:1017B0001489FF1FFFFFFFFFC1F30A522DE9F84311
:1017C000A2F2FF35132D0B4684460C46064607460B
:1017D00032DC002D20DB384A42FA05F901EA090221
:1017E0000243884614D032A3D3E9002303F02AF839
:1017F0000022002303F06CFC40B1002C03DA4FF40C
:1018000080132B41984428EA090400262346B44655
:1018100060461946BDE8F88325A3D3E9002303F009
:1018200011F80022002303F053FC0028EED0002C16
:1018300026DB00263446E9E7332D08DDB5F5806F59
:10184000E6D1024602F0FEFF84460B46E0E7A2F234
:1018500013424FF0FF3828FA02F810EA080FD7D0E9
:1018600013A3D3E9002302F0EDFF0022002303F0CD
:101870002FFC0028CAD0002C0EDB27EA0806C5E79B
:1018800024F0004434430D4B002C4FF000060CBFF5
:101890004FF000441C46B9E7142D06D0C5F13405BD
:1018A0000123AB401F44BE42E7D90134E5E700BF46
:1018B0009C7500883CE4377EFFFF0F000000F0BFFE
:1018C00038B5C1F30A54A4F2FF32132A0B468446FA
:1018D0008E4605461DDC002A0DDB1D49114103EA39
:1018E0000100284312D04FF400231341734423EA2C
:1018F000010E002108E001F0004E013204BF4EF05D
:101900007F5E4EF4401E002173468C4660461946A9
:1019100038BD332A08DDB2F5806FF7D1024602F0F8
:1019200091FF84460B46F1E7A4F213444FF0FF30D9
:10193000E04010EA0C0FE9D0C2F1330201219140DE
:10194000491928BF03F1010E21EA0001DCE700BFBD
:10195000FFFF0F002DE9F041C0F3C7557F3D162D65
:10196000044620F0004725DC002D804614DB174F8D
:101970002F4138421BD0164903F068FC002103F0C8
:1019800029FFA0B1002C03DA4FF400032B41984447
:1019900028EA0700BDE8F0810D4903F057FC00215B
:1019A00003F018FF18B1002C0CDB002000E02046EB
:1019B000BDE8F081B7F1FF4FF9D3014603F046FCD3
:1019C000BDE8F081002FF2D00248F1E7FFFF7F0071
:1019D000CAF24971000080BF08B5C0F3C7537F3B0E
:1019E000162B014615DC002B02460BDB0B48184179
:1019F000014205D04FF480011941114421EA000150
:101A0000084608BD013300F00041F9D141F07E5194
:101A1000F6E7802BF4D103F019FC08BDFFFF7F002F
:101A20002DE9F04F21F0004887B0B8F1795F924678
:101A30009B460646019170DA03F06AFB002800F02D
:101A4000F480019B32461946304603F0B1F87AA380
:101A5000D3E9002304460D4603F0AAF878A3D3E99E
:101A6000002302F0EFFE22462B4603F0A1F876A3F6
:101A7000D3E9002302F0E4FE22462B4603F098F857
:101A800073A3D3E9002302F0DDFE22462B4603F0C8
:101A90008FF871A3D3E9002302F0D2FE22462B4631
:101AA00003F086F86EA3D3E9002302F0CBFE2246B2
:101AB0002B4603F07DF8CDE902016B4B0022204656
:101AC000294603F075F8DDE9022380468946204661
:101AD000294603F06DF84D46DDF804904446B046C3
:101AE0000F46064652465B464046494603F060F8BC
:101AF00002460B463046394602F0A2FE02460B462D
:101B00002046294602F09CFE02460B46002057491B
:101B100002F096FE07B0BDE8F08F019B024603F08D
:101B200047F845A3D3E9002304460D4603F040F8E7
:101B300043A3D3E9002302F085FE22462B4603F09F
:101B400037F841A3D3E9002302F07AFE22462B4660
:101B500003F02EF83EA3D3E9002302F073FE2246E1
:101B60002B4603F025F83CA3D3E9002302F068FEDE
:101B700022462B4603F01CF839A3D3E9002302F0D8
:101B800061FE2B46224603F013F8394B9845CDE908
:101B9000020192DD374B98454FF000023DDCA8F57D
:101BA0000013324900209046994602F049FECDE9E3
:101BB00004012D4B00222046294602F0F9FF42463F
:101BC0004B4602F03DFEDDE9022380468946204671
:101BD000294602F0EDFF4D46DDF804904446B0463C
:101BE0000F46064652465B464046494602F0E0FF35
:101BF00002460B463046394602F022FE02460B46AC
:101C00002046294602F01CFE02460B46DDE904018F
:101C100002F016FE07B0BDE8F08F174BDFF85C90BE
:101C2000CDE904234FF00008C3E71049002007B0B6
:101C3000BDE8F08FAFF30080D43888BEE9FAA8BDC4
:101C4000C4B1B4BD9EEE213EAD529C804F7E923E0B
:101C50009015CB19A001FA3E7751C1166CC1563FC1
:101C60004C5555555555A53F0000E03F0000F03F4D
:101C70003233D33F0000E93F0000E73F0000D23F8E
:101C80002DE9F04F994687B021F00043B3F1795F19
:101C900090460446019104DA03F03AFA002800F075
:101CA0008F80019B22461946204602F081FF019B4E
:101CB00006460F463246194620463B4602F078FF5C
:101CC00043A3D3E9002382468B463046394602F0CF
:101CD0006FFF41A3D3E9002302F0B2FD32463B4639
:101CE00002F066FF3EA3D3E9002302F0ABFD3246CB
:101CF0003B4602F05DFF3CA3D3E9002302F0A0FDC8
:101D000032463B4602F054FF39A3D3E9002302F0E8
:101D100099FD109BCDE90201002B37D0384B0022F2
:101D20004046494602F044FFDDE90223CDE90401C3
:101D30005046594602F03CFF02460B46DDE90401DD
:101D400002F07EFD32463B4602F032FF42464B46F1
:101D500002F076FD28A3D3E9002306460F4650463D
:101D6000594602F025FF02460B463046394602F03E
:101D700069FD02460B462046019902F061FD0446CA
:101D80000D462046294607B0BDE8F08F02460B46B7
:101D90003046394602F00CFF17A3D3E9002302F0C6
:101DA0004FFD52465B4602F003FF2246019B02F0C4
:101DB00049FD04460D462046294607B0BDE8F08F90
:101DC000019D2046294607B0BDE8F08FAFF30080A3
:101DD0007CD5CF5A3AD9E53DEB9C2B8AE6E55A3EB5
:101DE0007DFEB157E31DC73ED561C119A0012A3F51
:101DF000A6F810111111813F495555555555C53F4C
:101E00000000E03FFFFFFFFF2DE9F04F9B46D44B62
:101E100089B021F000449C4292460F460646079145
:101E2000009450DC03F074F9814600286FD1129BB6
:101E300001333343234300F0DF81129B012B00F079
:101E4000E88152465B463046394602F0FBFC0D46BF
:101E500002460B460020C34902F0D4FF32463B46FF
:101E600006460F464846294602F0EAFC02460B4663
:101E70005046594602F0E4FC4A463B4602F098FEC2
:101E800002460B46144648464A4629461D463B46EE
:101E900002F08EFEB44B002202F0D4FC02460B4648
:101EA0002046294602F0CEFC32463B4602F080FE38
:101EB0004A463B4602F0C6FC04460D4620462946EB
:101EC00009B0BDE8F08FA94B009A9A421FDD0029A6
:101ED00004DA07F100430BF1004B1F4632463B4644
:101EE00081A1D1E9000102F0ABFC52465B460446F9
:101EF0000D467FA1D1E9000102F0A2FC22462B464B
:101F000002F0A0FC4FF0000AD34606460F463246C8
:101F10003B463046394602F04BFE02460B468046B1
:101F2000894602F045FE424604460D464B46304681
:101F3000394602F03DFE70A3D3E90023CDE902014A
:101F40002046294602F034FE6DA3D3E9002302F0B7
:101F500079FC22462B4602F02BFE6BA3D3E900232B
:101F600002F070FC22462B4602F022FE68A3D3E961
:101F7000002302F067FC22462B4602F019FE66A3FE
:101F8000D3E9002302F05EFC22462B4602F010FE4D
:101F900063A3D3E9002302F055FC42464B4602F00E
:101FA00007FE61A3D3E90023CDE9040120462946B9
:101FB00002F0FEFD5EA3D3E9002302F043FC2246BB
:101FC0002B4602F0F5FD5CA3D3E9002302F03AFCB6
:101FD00022462B4602F0ECFD59A3D3E9002302F080
:101FE00031FC22462B4602F0E3FD57A3D3E9002340
:101FF00002F028FC22462B4602F0DAFD54A3D3E976
:10200000002302F01FFC02460B46DDE9040102F04A
:1020100019FCDDE9022302F0CBFD52465B4602F0DB
:1020200011FC42464B4602F0C3FD52465B4602F0AD
:1020300009FC49A3D3E9002304460D46DDE902016A
:1020400002F0B6FD22462B4602F0FCFB82468B4690
:1020500052465B463046394602F0F4FB434B009A49
:102060009A4204460D4600F38380129B012B36D022
:1020700002460B4600203B4902F0C4FE00243246D3
:102080003B4606460F462046294602F0D9FB02464B
:102090000B465046594602F0D3FB22463B4602F01F
:1020A00087FD02460B462046294690469946224621
:1020B0003B4602F07DFD2C4B002202F0C3FB0246A2
:1020C0000B464046494602F0BDFB32463B4602F015
:1020D0006FFD22463B4602F0B5FB04460D46204606
:1020E000294609B0BDE8F08F182D4454FB21E93F83
:1020F000075C143326A6813CD47ABF74702AFB3E59
:10210000E9A7F0320FB8123F68108D1AF726303F5A
:102110001583E0FEC8DB573F93846EE9E326823FD8
:10212000FE41B31BBAA1AB3F735360DBCB75F3BE6B
:10213000A69237A0887E143F0165F2F2D844433F4F
:10214000280356C9226D6D3F37D60684F464963F46
:102150007AFE10111111C13F635555555555D53FA4
:10216000FFFF2F3E0000F0BF0000F03F2794E53F47
:10217000129802F0B3FC2246804689462B46204640
:10218000294602F015FD4246CDE900014B462046A6
:10219000294602F057FB02460B46DDE9000102F03A
:1021A00031FE52465B4602F04BFB02460B46304680
:1021B000394602F045FB02460B4602F043FB02465D
:1021C0000B464046494602F03BFB079B9B1703F03A
:1021D00002030446C3F101000D4602F07FFC0246F3
:1021E0000B462046294602F0E3FC04460D462046F5
:1021F000294609B0BDE8F08F30463946FEF7B6FFF4
:1022000002460B460020044902F0FCFD04460D4640
:1022100065E734463D4662E70000F03FFFFFFFFF01
:102220002DE9F84FC44E21F00043B34205460C4659
:102230000DDD03F1404303F58013034340F0B98003
:10224000002940F3C08000200021BDE8F88FBB4E7C
:10225000B34208DCBA4A934200F3BA809CA1D1E9A8
:102260000001BDE8F88F0029C0F2708102460B46DC
:102270000020B44902F0E4FAB34B002202F098FCCB
:1022800004460D46FFF732F993A3D3E900238946AC
:1022900080462946204602F08BFC91A3D3E9002317
:1022A00002F0D0FA22462B4602F082FC8EA3D3E93C
:1022B000002302F0C5FA22462B4602F079FC8CA3DB
:1022C000D3E9002302F0BEFA22462B4602F070FC4E
:1022D00089A3D3E9002302F0B3FA22462B4602F089
:1022E00067FC87A3D3E9002302F0ACFA22462B4611
:1022F00002F05EFC84A3D3E9002382468B4620468D
:10230000294602F055FC82A3D3E9002302F098FA93
:1023100022462B4602F04CFC7FA3D3E9002302F0B7
:1023200091FA22462B4602F043FC7DA3D3E9002319
:1023300002F086FA22462B4602F03AFC814B00223C
:1023400002F080FA02460B465046594602F05AFD0A
:1023500042464B4602F02CFC002682468B46324613
:102360004B463046494602F023FC02460B462046C7
:10237000294602F065FA324604460D464B46404671
:10238000494602F05FFA02460B462046294602F013
:1023900039FD02460B465046594602F053FA324682
:1023A0004B4602F04FFA02460B4602F04BFABDE8EC
:1023B000F88F02460B4602F043FA02460B4602F043
:1023C00021FDBDE8F88F58A1D1E90001BDE8F88FE3
:1023D00002460B4602F0ECFB3FA3D3E9002306467E
:1023E0000F4602F0E5FB3EA3D3E9002302F02AFAF0
:1023F00032463B4602F0DCFB3BA3D3E9002302F06C
:102400001FFA32463B4602F0D3FB39A3D3E900233F
:1024100002F018FA32463B4602F0CAFB36A3D3E973
:10242000002302F00DFA32463B4602F0C1FB34A312
:10243000D3E9002302F006FA32463B4602F0B8FB2D
:1024400031A3D3E90023804689463046394602F05D
:10245000AFFB2FA3D3E9002302F0F2F932463B464B
:1024600002F0A6FB2CA3D3E9002302F0EBF93246DD
:102470003B4602F09DFB2AA3D3E9002302F0E0F9DA
:1024800032463B4602F094FB2E4B002202F0DAF972
:1024900002460B464046494602F0B4FC2A46234613
:1024A00002F086FB02460B4621A1D1E9000102F0B1
:1024B000C7F902460B462846214602F0C1F90246FA
:1024C0000B4603A1D1E9000102F0BAF9BDE8F88F8B
:1024D000182D4454FB21F93F09F7FD0DE13D023F62
:1024E00088B20175E0EF493F3B8F68B52882A43F71
:1024F0005544880E55C1C93F7D6FEB0312D6D43FBA
:10250000555555555555C53F82922EB1C5B8B33F67
:1025100059018D1B6C06E63FC88A599CE52A00408C
:102520004B2D8A1C273A0340182D4454FB210940A7
:10253000075C143326A6913CFFFFEF3FFFFFDF3F10
:102540000000603C0000F03F0000E03F5C4B0022D8
:1025500002F078F95B4B002202F02AFB40A3D3E99A
:10256000002304460D4602F023FB3FA3D3E90023DA
:1025700002F068F922462B4602F01AFB3CA3D3E98D
:10258000002302F05DF922462B4602F011FB3AA32C
:10259000D3E9002302F056F922462B4602F008FB4D
:1025A00037A3D3E9002302F04BF922462B4602F071
:1025B000FFFA35A3D3E9002302F044F922462B4663
:1025C00002F0F6FA8046894620462946FEF78EFF3D
:1025D0002FA3D3E9002306460F462046294602F0E2
:1025E000E7FA2DA3D3E9002302F02AF922462B466D
:1025F00002F0DEFA2AA3D3E9002302F023F92246EF
:102600002B4602F0D5FA28A3D3E9002302F018F9EB
:1026100022462B4602F0CCFA294B002202F012F996
:1026200002460B464046494602F0ECFB32463B462A
:1026300002F0BEFA1EA3D3E9002302F001F93246EC
:102640003B4602F0FFF802460B4602F0FBF802465A
:102650000B4619A1D1E9000102F0F2F8BDE8F88FAC
:1026600009F7FD0DE13D023F88B20175E0EF493FFA
:102670003B8F68B52882A43F5544880E55C1C93F99
:102680007D6FEB0312D6D43F555555555555C53F73
:1026900082922EB1C5B8B33F59018D1B6C06E63F3F
:1026A000C88A599CE52A00404B2D8A1C273A0340D2
:1026B000075C143326A6913C182D4454FB21094095
:1026C0000000F03F0000E03F2DE9704FC44B21F0C7
:1026D0000048984586B004460D4632DD08F1404872
:1026E00008F5801858EA00080ED002460B4602F0A2
:1026F000A7F80B46024602F085FB04460B4620462F
:10270000194606B0BDE8708F99A3D3E9002302F003
:102710004FFA22462B4604460D461046194696A30C
:10272000D3E9002302F044FA02460B46204629462C
:1027300002F088F804460B462046194606B0BDE86C
:10274000708FA84B98450E460FDCB8F1795F80F288
:1027500051818BA3D3E9002302F074F8A24B00222D
:1027600002F0B6FC002840F0FF8020462946FEF724
:10277000FDFC02460B4600209B4902F061F89B4B92
:10278000002202F015FA80A3D3E9002304460D4687
:1027900002F00EFA7EA3D3E9002302F053F822469A
:1027A0002B4602F005FA7CA3D3E9002302F048F897
:1027B00022462B4602F0FCF979A3D3E9002302F06C
:1027C00041F822462B4602F0F3F977A3D3E9002320
:1027D00002F036F822462B4602F0EAF974A3D3E958
:1027E000002302F02FF822462B4602F0E1F972A3F3
:1027F000D3E90023CDE900012046294602F0D8F9AB
:102800006FA3D3E9002302F01BF822462B4602F007
:10281000CFF96DA3D3E9002302F014F822462B462A
:1028200002F0C6F96AA3D3E9002302F009F82246B0
:102830002B4602F0BDF96C4B002202F003F8CDE903
:10284000020120462946FEF751FE694B9845824613
:102850008B4668DC02460B4601F0F4FFDDE90223FB
:10286000CDE90401DDE9000102F0CCFA02460B4695
:10287000DDE9040102F09CF94FF00008CDE9000108
:1028800042465B464046594602F092F902460B46E4
:102890002046294601F0D4FF424604460D465B46D9
:1028A0005046594601F0CEFF02460B4620462946C7
:1028B00002F0A8FA02460B4601F0C4FF02460B469E
:1028C0002DA1D1E9000101F0BBFF02460B46DDE975
:1028D000000101F0B5FF424604460D465B46404606
:1028E000594601F0AFFF02460B463BA1D1E900017A
:1028F00001F0A6FF02460B462046294601F0A0FF44
:102900000B46024634A1D1E9000101F099FF0446CB
:102910000B46002E3FF7F3AE03F100432046194665
:1029200006B0BDE8708FDDE90223DDE9000102F0A9
:1029300069FA52465B4602F03BF952465B4601F0AB
:1029400081FF02460B4601F07DFF0BA3D3E9002374
:1029500001F076FF0B46024605A1D1E9000101F026
:102960006FFF04460B46D4E72B46C8E6AFF3008062
:10297000182D4454FB21F93F075C143326A6913CE3
:102980009C7500883CE4377E09F7FD0DE13D023F70
:1029900088B20175E0EF493F3B8F68B52882A43FBC
:1029A0005544880E55C1C93F7D6FEB0312D6D43F05
:1029B000555555555555C53F82922EB1C5B8B33FB3
:1029C00059018D1B6C06E63FC88A599CE52A0040D8
:1029D0004B2D8A1C273A0340182D4454FB21E93F14
:1029E000FFFFEF3FFFFFDF3F0000F03F0000E03F51
:1029F0003233EF3F02460B4602F0DAF838A3D3E950
:102A000000238046894602F0D3F837A3D3E9002398
:102A100001F018FF42464B4602F0CAF834A3D3E94E
:102A2000002301F00DFF42464B4602F0C1F832A3ED
:102A3000D3E9002301F006FF42464B4602F0B8F806
:102A40002FA3D3E9002301F0FBFE42464B4602F0E0
:102A5000AFF82DA3D3E9002301F0F4FE42464B4624
:102A600002F0A6F82AA3D3E9002382468B4640460B
:102A7000494602F09DF828A3D3E9002301F0E0FEC7
:102A800042464B4602F094F825A3D3E9002301F017
:102A9000D9FE42464B4602F08BF823A3D3E900232C
:102AA00001F0CEFE42464B4602F082F8204B002257
:102AB00001F0C8FE02460B465046594602F0A2F904
:102AC00022462B4602F074F822462B4601F0BAFE4D
:102AD00004460B462046194606B0BDE8708F00BF7D
:102AE00009F7FD0DE13D023F88B20175E0EF493F76
:102AF0003B8F68B52882A43F5544880E55C1C93F15
:102B00007D6FEB0312D6D43F555555555555C53FEE
:102B100082922EB1C5B8B33F59018D1B6C06E63FBA
:102B2000C88A599CE52A00404B2D8A1C273A03404D
:102B30000000F03FFFFFFFFF2DE9F84F9E46534294
:102B4000DFF87C9113432EF0004848EAD3734B45DD
:102B500016460D4607463DD84442044321F0004A3C
:102B60004AEAD4744C4503468B4633D80EF14044B0
:102B700004F5801414433DD04FEAAE7404F002040F
:102B80005AEA030344EAD1742CD058EA020235D041
:102B9000C84546D0CA4531D0AAEB080ABAF1747FBD
:102BA0004FEA2A5339DABEF1000F46DA3C3344DAF1
:102BB00000200021012C58D0022C49D084B134A32C
:102BC000D3E9002301F03CFE33A3D3E9002301F055
:102BD00037FE05E03A46304671462B4601F032FE9C
:102BE000BDE8F88F022C10D0032CF9D12CA1D1E92B
:102BF0000001F5E7BDE8F84FFEF7D2B8BBF1000FD2
:102C000007DB29A1D1E90001EAE723A1D1E900010D
:102C1000E6E727A1D1E90001E2E723A1D1E900011C
:102C2000C8E7C24504F1FF3423D0022C29D8254B34
:102C300003EBC403D3E90001D2E7324673463846BA
:102C4000294602F0DFF8FEF791FAFEF7A9F8B1E79E
:102C50000FA3D3E9002301F0F3FD02460B460EA1BA
:102C6000D1E9000101F0ECFDBAE701F1004319469A
:102C7000B6E7022C08D8144B03EBC403D3E90001D8
:102C8000AEE700200021ABE70BA1D1E90001A7E7E7
:102C9000075C143326A6A13C182D4454FB2109409F
:102CA000182D4454FB2109C0182D4454FB21F93F31
:102CB000182D4454FB21F9BF182D4454FB21E93F42
:102CC0000000F07FB8EC0200A0EC02002DE9F84310
:102CD00023F000479E469C4657EA0203054690466D
:102CE0002FD010461446984A21F0004991450B46D2
:102CF00027DC4242954E024347EAD272B24220D8C4
:102D0000B945AE462A4601F0004606DCC0F2CB804B
:102D10004545C0F0C88000F0FF808C491940F9B9E2
:102D2000B9F1000F40F0E280BEF1000F754640F3AC
:102D30000881A1F213416D00002D01F1FF31FADC91
:102D400012E073464246284601F032FF0B46024627
:102D500002F058F805460B4628461946BDE8F883A8
:102D60004FEA2951A1F2FF31784D0CEA050585B9EA
:102D7000002F40F0AC800028804640F3E080A5F2B0
:102D800013454FEA4808B8F1000F05F1FF35F8DCAC
:102D900002E03D15A5F2FF35DFF8B481414572DB55
:102DA000C3F3130343F48013DFF8A4E1754559DB43
:102DB000CCF3130C4CF4801C101A491B0BD11DE0F2
:102DC00050EA0E0344D04FEADE73013903EB4003AF
:102DD0004FEA4E0211D0A3EB0C00944288BF00F1E1
:102DE000FF300028A2EB040E4FEAD277E8DA01396F
:102DF00007EB43034FEA4202EDD1101BA3EB0C0C8F
:102E0000944288BF0CF1FF3CBCF1000FA4BF024606
:102E1000634653EA020105D11AE0D10F01EB4303E7
:102E20005200013DB3F5801FF7DB49498D4269DA55
:102E3000491B142976DC05F21E40CA4003FA00F053
:102E400043FA01F10E4340EA02031D46334683E78D
:102E5000404BF60F03EBC603D3E90053284619464F
:102E6000BDE8F883AEEB05041F2C24DD3A4C491B6A
:102E7000A4EB050C00FA0CFC18BF0024ABD1A3EBAB
:102E80000C0C1046C0E7A8EB0108B8F11F0F0CDCD2
:102E900001F21E4309FA08F92EFA03F30EFA08F2BA
:102EA00043EA090380E70B4656E72B4B5B1A0EFA01
:102EB00003F3002278E705F21E4C07FA04FE20FA1D
:102EC0000CFC00FA04F44CEA0E0C101B75E74FEAF8
:102ED000C728B8F1000F1E4D7FF75EAF4FEA4808D4
:102EE000B8F1000F05F1FF35F8DC55E74FEAC925C9
:102EF000002D17497FF738AF6D00002D01F1FF312C
:102F0000FADC31E7A3F58013334305F2FF3543EADA
:102F100005510B4615461FE70E4B03EB1673D3E91D
:102F2000005319E71F2906DC05F21E4022FA01F1C1
:102F300083400B4389E7084A521B134185E7074D3D
:102F40002AE7064910E700BFFFFFEF7F0000F07F90
:102F500002FCFFFFD0EC0200E2FBFFFFEDFBFFFFF6
:102F60002DE9F04F23F0004A07465AEA020093B0D9
:102F700014461D46884610D1FB19754988F4002275
:102F80005241984291411FD23846414622462B4633
:102F900001F058FC13B0BDE8F08F11466D4A28F0DF
:102FA000004991459B4646463B4614DD06F14046A6
:102FB00006F580161E43E7D12319654985F40022E2
:102FC00052419E429141DFD3634C00231846214673
:102FD00013B0BDE8F08F3ED05E4A9245E6DC00F0CB
:102FE0008880002E69DB0022009279B9594A924507
:102FF00000F08380584A924500F09780BBF1804FE3
:1030000000F09684554A934500F0B7833846414610
:103010000293FEF7ABF8029B4BB3009AF30F013B10
:103020000A93134300F088804D4B9A4540F39E80ED
:1030300003F104739A454B4B40F30E84994540F3DA
:103040008784BBF1000F40F38784002013B0BDE8F4
:10305000F04FFEF717BA002F96D1BDE7384641462C
:103060000093FEF783F8009B002B65D10093B9F124
:10307000000F04D0384B26F040429A42CDD1BBF12C
:10308000000F05DA02460B460020334901F0BAFE74
:10309000002EBFF67FAF009B09F1404909F580196A
:1030A00059EA030940F0688402460B4601F0C8FB68
:1030B00002460B4601F0A6FE6CE72B4A92452EDC39
:1030C000A2F1547292450FDD4FEA2A52A2F2FF326A
:1030D000142A40F34384C2F1340221FA02F000FAC8
:1030E00002F28A4200F0718400220092002981D00D
:1030F0008CE700293FF475AF58E709F1404202F52B
:1031000080121A433FF460AF164B994540F3698330
:10311000BBF1000FC0F25F83204629463AE7022246
:10312000009200293FF462AF70E7BBF1000FC0F2DC
:10313000F783384641462DE73A46434638464146EE
:1031400001F07EFB02460B4601F05CFE22E700BF69
:103150000000F0FF0000F07F0000F03F0000E03FC3
:103160000000E041FFFFEF3FFFFF3F43D64B3340FE
:1031700000222BB9D54B01F01BFD6FF034028946BC
:103180004FEA2953A3F2FF339A18D14B0B92C9F39C
:10319000130949F07F56994546F4401607DDCD4B9B
:1031A000994540F3F28301320B92A6F58016002276
:1031B0000023CDE90823CDE91023C74B0022CDE938
:1031C00006230027DDE906233146824601F038FB5D
:1031D000B346DDE906238046894650463146CDE9AF
:1031E0000CAB01F02FFB02460B460020BA4901F060
:1031F00009FE0A460146CDE90E121346494602462B
:10320000404601F0D5FC0A4683469446CDE902BC0F
:103210004FF0000CCDF808C07610DDE902AB46F0A7
:103220000056014606F50023CDE904120020D91905
:1032300006460F4602460B465046594601F0B8FC7A
:1032400002460B464046494601F0FAFADDE90623FC
:10325000804689463046394601F0F2FA02460B466E
:10326000DDE90C0101F0ECFA52465B4601F0A0FCEE
:1032700002460B464046494601F0E2FADDE90E23DC
:1032800001F096FCDDE90467CDE9060132463B46D4
:103290003046394601F08CFC79A3D3E90023064679
:1032A0000F4601F085FC78A3D3E9002301F0CAFAA8
:1032B00032463B4601F07CFC75A3D3E9002301F0C4
:1032C000C1FA32463B4601F073FC73A3D3E90023F5
:1032D00001F0B8FA32463B4601F06AFC70A3D3E92C
:1032E000002301F0AFFA32463B4601F061FC6EA3C9
:1032F000D3E9002301F0A6FA3246804689463B46D0
:103300003046394601F054FC02460B4640464946D9
:1033100001F04EFC524606460F465B46DDE90401CD
:1033200001F090FADDE9062301F042FC32463B460B
:1033300001F088FA5246804689465B465046594617
:1033400001F036FC02460B46CDE90C23634B00220C
:1033500001F078FA42464B4601F074FA00260F4617
:1033600032463B465046594601F022FC5B4B8246B2
:103370008B4600223046394601F062FADDE90C2323
:1033800001F05EFA02460B464046494601F058FA03
:10339000DDE9042301F00CFC3246804689463B46B9
:1033A000DDE9060101F004FC02460B4640464946B1
:1033B00001F048FA8046894602460B465046594677
:1033C00001F040FA00263AA3D3E9002330460F4625
:1033D00001F0EEFB52465B4682468B46304639464C
:1033E00001F02EFA02460B464046494601F028FA03
:1033F00031A3D3E9002301F0DBFB31A3D3E90023A0
:10340000804689463046394601F0D2FB02460B46DB
:103410004046494601F016FADDE9102301F012FAA0
:1034200080460B98894601F059FB424606460F46F6
:103430004B4650465946CDE904AB01F003FADDE9AD
:10344000082301F0FFF932463B4601F0FBF900206A
:1034500032463B4682468B4601F0F2F9DDE908230D
:1034600001F0EEF9DDE9042301F0EAF902460B462A
:103470004046494601F0E4F932E000BFAFF3008076
:10348000EF4E454A287ECA3F65DBC9934A86CD3F49
:1034900001411DA96074D13F4D268F515555D53F2F
:1034A000FFAB6FDBB66DDB3F033333333333E33FC7
:1034B000000000E009C7EE3FFD033ADC09C7EE3F1C
:1034C000F5015B14E02F3EBE0000F07F000040439A
:1034D0008E98030079B60B000000F03F0000084012
:1034E000CDE90201009B0A9A013B13430CBFD44B68
:1034F000D44B0022CDE904230023CDE900450093FD
:10350000DDE90089204642464B46294601F098F9FC
:1035100052465B4601F04CFB224606460F462B46C0
:10352000DDE9020101F044FB02460B463046394614
:1035300001F088F942464B4606460F46504659462A
:1035400001F036FB0B46024604460D46304639462E
:1035500001F078F9BC4B9942804689468A4640F38F
:10356000168101F13F4303F5E003034340F022825B
:10357000A1A3D3E900233046394601F063F922467E
:10358000CDE900012B464046494601F059F9024673
:103590000B46DDE9000101F09BFD002840F00A82A6
:1035A000CAF30A534FF48012A3F2FE3342FA03F334
:1035B0005344A649C3F30A52A2F2FF3241FA02FC75
:1035C000C3F31301C2F1140241F4801141FA02FE67
:1035D00000200CEA0301BAF1000FCDF808E0024622
:1035E0000B4602DA7146494202912046294601F013
:1035F00027F9029B1B05009302460B4604460D4625
:103600003046394601F01EF989464FF000087CA388
:10361000D3E900234046494601F0CAFA22468246D1
:103620008B462B464046494601F00AF902460B46B6
:103630003046394601F004F973A3D3E9002301F0C1
:10364000B7FA73A3D3E9002304460D464046494622
:1036500001F0AEFA02460B462046294601F0F2F888
:1036600006460F4602460B465046594601F0EAF818
:1036700052465B4604460D4601F0E2F802460B4610
:103680003046394601F0DCF8224682468B462B460E
:103690002046294601F08CFA5FA3D3E900230646B1
:1036A0000F4601F085FA5EA3D3E9002301F0C8F8C4
:1036B00032463B4601F07CFA5BA3D3E9002301F0DC
:1036C000C1F832463B4601F073FA59A3D3E900230F
:1036D00001F0B6F832463B4601F06AFA56A3D3E948
:1036E000002301F0AFF832463B4601F061FA024692
:1036F0000B462046294601F0A3F806460F4602462F
:103700000B462046294601F053FA0022804689469E
:10371000304639464FF0804301F092F802460B469E
:103720004046494601F06EFB524606460F465B4650
:103730002046294601F03CFA52465B4601F082F8E9
:1037400002460B463046394601F07AF822462B46AF
:1037500001F076F802460B4600203A4901F070F875
:10376000009D0C462C44B4F5801FC0F21F812146F9
:10377000DDE9042301F01CFA0CE4002EFFF646AC50
:103780003846414613B0BDE8F04FFDF7AFBEDFF855
:10379000C0C021F00043634540F3D2802D4B0B4461
:1037A00003430AD122462B4601F04AF832463B46F3
:1037B00001F084FC00283FF4F3AEDDE904010022AF
:1037C000002301F067FC003818BF012013B0BDE8EA
:1037D000F04FFDF751BE0023002418462146FFF7A5
:1037E000D9BBBBF1000FF6DA05F1004320461946BC
:1037F000FFF7D0BBAFF30080FE822B654715973CE7
:1038000000000000432EE63FEF39FAFE422EE63F6D
:10381000396CA80C615C20BED0A4BE726937663ECC
:10382000F16BD2C541BDBB3E2CDE25AF6A56113FC0
:1038300093BDBE166CC1663F3E5555555555C53FA7
:103840000000F0BF0000F03FFFFF8F400000F0FFDE
:10385000FFCB904000346F3F994579DB704B994521
:103860003FF7EFAB6E4B002200F0EAFF60A3D3E915
:10387000002306460F4601F09BF95FA3D3E900231E
:10388000804689463046394601F092F9654B8246BA
:103890008B4600223046394601F08AF902460B4633
:1038A00057A1D1E9000100F0CBFF32463B4601F0C1
:1038B0007FF902460B4600205B4900F0C1FF32460B
:1038C000CDE902013B463046394601F071F9024626
:1038D0000B46DDE9020101F06BF94BA3D3E90023AC
:1038E00001F066F902460B465046594600F0A8FF23
:1038F00002460B4606460F464046494600F0A2FFE8
:10390000002042464B4682468B4600F099FF024615
:103910000B463046394600F093FFCDE90201E1E560
:103920003A4643463E49002001F06CFAFFF732BBAD
:103930003A4638464346414601F03AF9FFF72ABB7A
:10394000394A934252DCDDE90023009202925CE6A0
:10395000BBF1000FFFF679AB002037E700297FF4B9
:103960007DABC2F114024AFA02F000FA02F25245AB
:1039700035D00091FFF73EBB009B012B7FF40AABD3
:1039800001F100431946FFF705BB21A3D3E900234A
:10399000CDE9082320A3D3E90023CDE91023234B4D
:1039A0000022CDE906234FF480270BE4029AFDF7AD
:1039B000C3FCDDE6DDE904010022002301F06AFB1F
:1039C000003818BF0120FFF741BB00F00100C0F133
:1039D0000202009200293FF40DABFFF717BB00F085
:1039E0000100C0F102020092FFF704BB1B15D9E5EC
:1039F000000000604715F73F44DF5DF80BAE543E12
:103A0000555555555555D53FFE822B654715F73F02
:103A10000000004003B8E23F06D0CF43EBFD4C3E30
:103A20000000F03F0000D03F0000E03F0000F83F02
:103A30002DE9F04F1446B64A21F00045954291B069
:103A400040F38580B34A95420F4626DC0029A6A3A1
:103A5000D3E9002340F3C48100F0F2FEAE4B9D4257
:103A60008046894600F08880A1A3D3E9002300F0B6
:103A7000E7FE02460B46C4E900234046494600F0F3
:103A8000DFFE9BA3D3E9002300F0DAFEC4E90201C4
:103A90000126304611B0BDE8F08FA04A954240F3B0
:103AA0008B809F4A95425DDC2E15A6F21646A5EB4B
:103AB00006518946804601F02BFB01F00FF80246C3
:103AC0000B4640464946CDE90A2300F0B9FE954B26
:103AD000002201F06DF88946804601F019FB054689
:103AE00000F0FCFF02460B4640464946CDE90C2358
:103AF00000F0A6FE8B4B002201F05AF802460B465E
:103B0000CDE90E230022002301F0BAFA002800F0CC
:103B10006581002D0CBF01230223834A01920222FA
:103B20000092214632460AA800F062FA002F0646AB
:103B3000AFDAD4E9000505F10041C4E90001E1680C
:103B4000A26801F10043C4E902237642A1E70026FE
:103B5000C4E90001002200233046C4E9022311B069
:103B6000BDE8F08F02460B4600F06AFE0026C4E96D
:103B70000201C4E900018CE75FA3D3E9002300F050
:103B80005FFE5FA3D3E900238046894600F058FE1C
:103B900002460B46C4E900234046494600F050FE69
:103BA00057A3D3E9002300F04BFE0126C4E902012C
:103BB000304611B0BDE8F08FFDF7D8FA52A3D3E933
:103BC00000238046894600F0F3FF584B002200F0A6
:103BD00039FE01F09DFA064600F080FF42A3D3E9CA
:103BE000002382468B46CDE904AB00F0E1FF02469C
:103BF0000B464046494600F023FE3DA3D3E900238F
:103C0000CDE902015046594600F0D2FF1F2E8046F2
:103C1000894612DC464B721E53F82230AB420CD060
:103C200002460B46DDE9020100F00AFE02460B46A1
:103C3000C4E9002382468B46B4E02B150793DDE9E7
:103C400002014B46424600F0FBFDC1F30A53C3EBB1
:103C50001553102B8B46824640F3A08026A3D3E950
:103C60000023DDE9040100F0A3FF804689460246F7
:103C70000B46DDE9020100F0E3FD82468B46524629
:103C80005B46DDE9020100F0DBFD42464B4600F0F9
:103C9000D7FD1BA3D3E9002380468946DDE9040153
:103CA00000F086FF42464B4600F0CAFD02460B4636
:103CB0008046894650465946CDE908AB00F0C0FD24
:103CC000079AC1F30A53D31A312B8B46824631DC53
:103CD00002460B46C4E90023DDE90823CDE90223AF
:103CE00060E000BFAFF3008000004054FB21F93FCB
:103CF0003163621A61B4D03D0000601A61B4D03DF6
:103D00007370032E8A19A33B83C8C96D305FE43FEB
:103D1000FB21E93F7BD90240FB21F93FFB213941DF
:103D2000FFFFEF7F0000704160ED02000000E03F08
:103D3000E0EC020048A3D3E90023DDE9040100F030
:103D400037FF8046894602460B46DDE9080100F050
:103D500077FD82468B4652465B46DDE90801CDE998
:103D600002AB00F06DFD42464B4600F069FD3CA3FE
:103D7000D3E9002380468946DDE9040100F018FFFD
:103D800042464B4600F05CFD02460B4680468946A3
:103D90005046594600F054FD8B46824652465B46DB
:103DA000C4E9002352465B46DDE9020100F048FD0C
:103DB00042464B4600F044FD002F02460B46C4E944
:103DC0000223BFF666AE0BF1004301F10041A06093
:103DD000C4F800A06360E16076425AE603239CE6E3
:103DE00000F030FD264B9D428046894616D01EA32A
:103DF000D3E9002300F026FD02460B46C4E9002368
:103E00004046494600F01CFD17A3D3E9002300F00B
:103E100019FD4FF0FF36C4E902013AE614A3D3E9D5
:103E2000002300F00FFD14A3D3E900238046894648
:103E300000F008FD02460B46C4E90023404649460F
:103E400000F0FEFC0CA3D3E9002300F0FBFC4FF0D4
:103E5000FF36C4E902011CE60000002E8A19A33BCC
:103E6000C14920259A837B393163621A61B4D03D00
:103E70000000601A61B4D03D7370032E8A19A33B11
:103E8000FB21F93F2DE9F04F23F0004555EA020CE4
:103E900083B050D00E460191504926F0004A8A4521
:103EA00007461446984642DC8D429B4691464BDDC0
:103EB00005F1004505F58015154338D138463146E2
:103EC000FDF754F90B460246414620461D4614466E
:103ED000FDF74CF9424B0BEA030306460F46002B55
:103EE00053D122462B462046294600F0ABFC3246F1
:103EF0003B4601F0EDF888B12046294632463B4664
:103F000000F09EFC02460B4604460D4600F09AFC6B
:103F100032463B4601F0D2F8002854D1019B03F011
:103F20000043204683EA050103B0BDE8F08F224636
:103F300038463146434600F03BFE02460B4600F051
:103F400061FF03B0BDE8F08F26498D421BDC1046AF
:103F5000194600F077FC0B46024631463846FEF71C
:103F6000B5FE03460E46AAEB050AA7EB09075AEA77
:103F7000070A31D1184631460022002300F018FE0E
:103F800003B0BDE8F08F3B46EDE7174B002200F091
:103F90000FFE8046894602460B462046294601F020
:103FA00097F80028BAD02046294632463B4600F012
:103FB00047FC04460D464046494622462B4601F042
:103FC00073F80028AAD02046294632463B4600F026
:103FD00037FC04460D46A1E71F466FE7FFFFEF7F62
:103FE0000000E07FFFFFDF7F0000E03FFFFFFFFFFB
:103FF0002DE9F04FADF5197D1C4608930B91B64B9A
:10400000A29953F82130059312F1140F04F1FF33F4
:1040100006460393C0F23A83B049D31E81FB0301E5
:10402000DB17C3EBA10307930133A3EB8303DB008F
:10403000D3180693079A039BD41A059AD7181BD452
:104040000137DDF88CA2274420AD4FF000084FF077
:10405000000908E05AF8240000F040FD0134BC4299
:10406000E5E8020108D0002CF4DA01344046494664
:10407000BC42E5E80201F6D1059B002BC0F2C083EB
:10408000089BDDF80C9020AA02EBC30ADA0002922A
:10409000059AA6F108011A4404910DF5E07B0192FE
:1040A00001EBC308039B002BC0F29C81049E574682
:1040B0000024002577E90223F6E9020100F078FDEB
:1040C00002460B462046294600F0BCFB4645044606
:1040D0000D46EFD1019B09F101099945EBE8024535
:1040E0000AF1080ADED1049BDDF808B0059A0192B6
:1040F0009B440CAB03EB8203043B09930CAB03EB37
:1041000082030A93019A98AB03EBC203002A53E996
:10411000284529DD0DF5E07A0AEBC2080DF13009DA
:104120006F4B00222046294600F042FD00F0F0FFD0
:1041300000F0D4FC6B4B002206460F4600F038FD21
:1041400002460B462046294600F07AFB00F0E0FFCD
:1041500078E9022349F8040B3946304600F072FB37
:10416000D04504460D46DBD1DDF81890204629469F
:104170004A46FDF7E1F800224FF07F5304460D4612
:1041800000F016FDFDF718FB574B002200F010FD64
:1041900002460B462046294600F052FB0D460446D7
:1041A00000F0B6FF804600F099FC0B460246294617
:1041B000204600F045FB4B46002B06460F4640F3D9
:1041C0009580019A501E0CAAC9F1180352F82020BC
:1041D00042FA03F404FA03F3D21AC9F117010CAB43
:1041E00042FA01F5002D43F82020A04400F3888016
:1041F000002200233046394600F042FF002800F03C
:104200004C82019B059A5C1EA2420EDC0CAA0A9EFF
:10421000980002EB8303002253F8041DB34242EAE4
:104220000102F9D1002A40F0E080059B0CAA013B75
:1042300052F82330002B40F0CF80099A012352F826
:10424000041D01330029FAD0019AD318029302F118
:104250000108079B019A03EB080A0AF1804AA39B15
:104260000AF1FF3A03EB8A0A089B03F10053013B72
:10427000134420A901EBC30970AB03EBC203019304
:104280005AF8040F00F02AFC039B002BE9E9020115
:104290001FDB049E4F460024002501E077E9020160
:1042A000F6E9022300F084FC02460B46204629462C
:1042B00000F0C8FA5E4504460D46EFD1019BE3E9E4
:1042C00002450193029B08F101089845D8DD01934E
:1042D00018E700240025F1E7A8EE0200ABAAAA2AFD
:1042E0000000703E00007041000020406BD1019B37
:1042F0000CAA013B52F82350ED15002D7FF778AF43
:10430000019B002B08F1010840F3C5810C9C002C97
:1043100051D1019B012B20D00CAB012253F8044F4B
:10432000002C4BD0531C0CA9C4F1807441F82240DE
:104330000199994210DD0CAA0CA852F8232000EB39
:10434000830300EB81006FF07F4100E01A688A1A56
:1043500043F8042B8342F9D10124069B002B0EDD88
:10436000012B00F06881022B09D1019B5A1E0CAB76
:104370000CA953F82230C3F3150341F82230022D63
:104380007FF436AF32463B46B349002000F058FA7E
:1043900006460F46002C3FF42BAF069AAE4900208C
:1043A000FCF7CAFF02460B463046394600F048FA91
:1043B00006460F461CE701230022B4E701990132AB
:1043C0008A42ABD1C9E7A54B002200F077FE002856
:1043D00040F04A8105460BE7019B03F10108CDF847
:1043E000088036E70024002574E6069B0294A3F1BA
:1043F00018010CABCDE9035853F82430069122463E
:1044000053B9031F0CA8034453F8040D013A18399B
:104410000028F9D002920691069A8F490020FCF7F5
:104420008BFF029B002B04460D46C0F2DF8103F197
:10443000010B0CAB03EB8B064FEACB030693DFF8C3
:10444000209270AB03EBCB074FF0000856F8040D39
:1044500000F044FB22462B4600F0AAFB4B4667E9DE
:10446000020142462046294600F0A2FB0CAB9E42C8
:1044700004460D46EAD1069BCDF81CB0DDF814B019
:10448000083B70AA02EB0309BBF1000F48AB4FF0E9
:10449000000801932EDB6EA3D3E90023DFF8C4A14B
:1044A0004F4600260024002503E0B04510DBFAE962
:1044B0000223F7E8020100F07BFB02460B46204690
:1044C000294600F0BFF90136B34504460D46ECDA43
:1044D000019B029903EBC8038845C3E90045A9F194
:1044E00008094FEAC80A08F1010206D0BBF1000F23
:1044F0009046D0DA00240025EAE7A29ADDF81CB045
:10450000022A22DC002A00F3FB8017D1A29A069C23
:10451000019D13462C441046194674E9022300F00D
:1045200091F9A54202460B46F5D1039909B103F171
:10453000004319460B9B1046C3E90001049B03F09E
:1045400007000DF5197DBDE8F08FA29A032AF5D179
:10455000029A9B46002A00F066815BE902672046CA
:10456000294632463B4600F06DF9A046A94604466E
:104570000D4622462B463046394600F061F94B463F
:10458000424600F05FF9CBE900016BE90245019B6F
:104590005B45E2D1029B012B40F34581019B5344D3
:1045A000D3E900459B465BE902672046294632462F
:1045B0003B4600F047F9A046A94604460D46224670
:1045C0002B463046394600F03BF94B46424600F058
:1045D00039F9CBE900016BE902454AAB5B45E2D111
:1045E000019A0AF108040023144402F110051A4646
:1045F0001846114674E9022300F024F9A542034647
:104600000A46F5D10399002940F0C4801846019B61
:104610000B9C1146D3E90223C4E90223DDE94823B8
:10462000C4E90023049BC4E9040103F007000DF56D
:10463000197DBDE8F08F019B5A1E0CAB0CA953F8F5
:104640002230C3F3160341F8223098E6AFF300801E
:1046500000000040FB21F93F0000F03F0000E03F78
:104660000000703E68EE0200019B002B08F101087B
:10467000C8BF02253FF74AAE32463B466B49002091
:1046800000F0DEF8022506460F46B1E500216FF086
:1046900017030791CCE400245FE6069C30463946B8
:1046A0006242CDE90358FCF747FE614B0022064603
:1046B0000F4600F003FD002862D0019B00225D1C24
:1046C00018345C4B069430463946029500F070FA77
:1046D00000F01EFD044600F001FA554B002200F0E8
:1046E00067FA02460B463046394600F0A9F800F05A
:1046F0000FFD0CAA019B42F8230042F825408BE6EF
:10470000019C002604EBCB0B3346304619467BE96F
:10471000022300F097F85C4506460B46F5D1039A54
:104720003046002A50D119460B9B3246C3E900019E
:104730000B46DDE9480100F083F80B460299002999
:10474000024611DD029E48AD012410461946F5E9E6
:10475000022300F077F80134A64202460B46F4DA51
:10476000039909B103F1004319460B9B1046C3E9B5
:104770000201049B03F007000DF5197DBDE8F08FE1
:104780003046394600F0C4FC019B02930CAA42F863
:10479000230041E60B9E3361019B02F100429868C1
:1047A0001C6872611A465B6803F10045D36803F127
:1047B0000041049BC6E9020103F00700C6E9004579
:1047C0000DF5197DBDE8F08F0B9A194603F10043F2
:1047D000536016600B463246DDE9480100F030F8C0
:1047E0000B46029900290246ACDCBBE7A29B022BD8
:1047F0000DDC002B14DC7FF4A1AEA29A134694E6E4
:10480000A6F108030493089BDB0002936BE4A29BD0
:10481000032B7FF493AE002348A91A460191F1E6D9
:10482000002633467BE700231A46EBE60000F03F04
:10483000000070410000703E81F0004102E000BFC6
:1048400083F0004330B54FEA41044FEA430594EA50
:10485000050F08BF90EA020F1FBF54EA000C55EA8B
:10486000020C7FEA645C7FEA655C00F0E2804FEA5C
:104870005454D4EB5555B8BF6D420CDD2C4480EA3E
:10488000020281EA030382EA000083EA010180EA6E
:10489000020281EA0303362D88BF30BD11F0004FBC
:1048A0004FEA01314FF4801C4CEA113102D04042F2
:1048B00061EB410113F0004F4FEA03334CEA13332D
:1048C00002D0524263EB430394EA050F00F0A78045
:1048D000A4F10104D5F1200E0DDB02FA0EFC22FA40
:1048E00005F2801841F1000103FA0EF2801843FA34
:1048F00005F359410EE0A5F120050EF1200E012A25
:1049000003FA0EFC28BF4CF0020C43FA05F3C01862
:1049100051EBE37101F0004507D54FF0000EDCF1DB
:10492000000C7EEB00006EEB0101B1F5801F1BD384
:10493000B1F5001F0CD349085FEA30004FEA3C0C88
:1049400004F101044FEA445212F5800F80F09A807E
:10495000BCF1004F08BF5FEA500C50F1000041EB82
:10496000045141EA050130BD5FEA4C0C404141EB86
:104970000101013C28BFB1F5801FE9D291F0000F81
:1049800004BF01460020B1FA81F308BF2033A3F130
:104990000B03B3F120020CDA0C3208DD02F1140C27
:1049A000C2F10C0201FA0CF021FA02F10CE002F162
:1049B0001402D8BFC2F1200C01FA02F120FA0CFC5B
:1049C000DCBF41EA0C019040E41AA2BF01EB0451A4
:1049D000294330BD6FEA04041F3C1CDA0C340EDCA2
:1049E00004F11404C4F1200220FA04F001FA02F3E5
:1049F00040EA030021FA04F345EA030130BDC4F1A3
:104A00000C04C4F1200220FA02F001FA04F340EA97
:104A10000300294630BD21FA04F0294630BD94F048
:104A2000000F83F4801306BF81F480110134013D2F
:104A30004EE77FEA645C18BF7FEA655C29D094EAA0
:104A4000050F08BF90EA020F05D054EA000C04BF1E
:104A50001946104630BD91EA030F1EBF0021002009
:104A600030BD5FEA545C05D14000494128BF41F0A8
:104A7000004130BD14F580043CBF01F5801130BD0C
:104A800001F0004545F0FE4141F470014FF0000097
:104A900030BD7FEA645C1ABF194610467FEA655C48
:104AA0001CBF0B46024650EA013406BF52EA0335EA
:104AB00091EA030F41F4002130BD00BF90F0000FD8
:104AC00004BF0021704730B54FF4806404F1320414
:104AD0004FF000054FF0000150E700BF90F0000FCD
:104AE00004BF0021704730B54FF4806404F13204F4
:104AF00010F0004548BF40424FF000013EE700BFC4
:104B000042004FEAE2014FEA31014FEA02701FBF53
:104B100012F07F4393F07F4F81F06051704732F085
:104B20007F4208BF704793F07F4F04BF41F40021DC
:104B3000704730B54FF4607401F0004521F000413A
:104B40001CE700BF50EA010208BF704730B54FF0C4
:104B500000050AE050EA010208BF704730B511F0C5
:104B6000004502D5404261EB41014FF4806404F1FD
:104B700032045FEA915C3FF4D8AE4FF003025FEA83
:104B8000DC0C18BF03325FEADC0C18BF033202EB07
:104B9000DC02C2F1200300FA03FC20FA02F001FA61
:104BA00003FE40EA0E0021FA02F11444BDE600BF04
:104BB00070B54FF0FF0C4CF4E06C1CEA11541DBFB3
:104BC0001CEA135594EA0C0F95EA0C0F00F0DEF87E
:104BD0002C4481EA030621EA4C5123EA4C5350EA63
:104BE000013518BF52EA033541F4801143F48013B4
:104BF00038D0A0FB02CE4FF00005E1FB02E506F045
:104C00000042E0FB03E54FF00006E1FB03569CF099
:104C1000000F18BF4EF0010EA4F1FF04B6F5007F9F
:104C200064F5407404D25FEA4E0E6D4146EB060611
:104C300042EAC62141EA55514FEAC52040EA5E509A
:104C40004FEACE2EB4F1FD0C88BFBCF5E06F1ED844
:104C5000BEF1004F08BF5FEA500E50F1000041EB7B
:104C6000045170BD06F0004646EA010140EA020028
:104C700081EA0301B4EB5C04C2BFD4EB0C0541EA4A
:104C8000045170BD41F480114FF0000E013C00F35F
:104C9000AB8014F1360FDEBF002001F0004170BD83
:104CA000C4F10004203C35DA0C341BDC04F114049C
:104CB000C4F1200500FA05F320FA04F001FA05F228
:104CC00040EA020001F0004221F0004110EBD370F5
:104CD00021FA04F642EB06015EEA430E08BF20EA21
:104CE000D37070BDC4F10C04C4F1200500FA04F3C4
:104CF00020FA05F001FA04F240EA020001F0004156
:104D000010EBD37041F100015EEA430E08BF20EAC8
:104D1000D37070BDC4F1200500FA05F24EEA020E10
:104D200020FA04F301FA05F243EA020321FA04F03F
:104D300001F0004121FA04F220EA020000EBD370F6
:104D40005EEA430E08BF20EAD37070BD94F0000FF6
:104D50000FD101F00046400041EB010111F4801F2A
:104D600008BF013CF7D041EA060195F0000F18BFDB
:104D7000704703F00046520043EB030313F4801F17
:104D800008BF013DF7D043EA0603704794EA0C0FD1
:104D90000CEA135518BF95EA0C0F0CD050EA4106E7
:104DA00018BF52EA4306D1D181EA030101F0004164
:104DB0004FF0000070BD50EA410606BF104619468C
:104DC00052EA430619D094EA0C0F02D150EA013698
:104DD00013D195EA0C0F05D152EA03361CBF1046D9
:104DE00019460AD181EA030101F0004141F0FE4178
:104DF00041F470014FF0000070BD41F0FE4141F4FC
:104E0000780170BD70B54FF0FF0C4CF4E06C1CEAFB
:104E100011541DBF1CEA135594EA0C0F95EA0C0FB0
:104E200000F0A7F8A4EB050481EA030E52EA03356B
:104E30004FEA013100F088804FEA03334FF080558C
:104E400045EA131343EA12634FEA022245EA1115B9
:104E500045EA10654FEA00260EF000419D4208BF6A
:104E6000964244F1FD0404F5407402D25B084FEA17
:104E70003202B61A65EB03055B084FEA32024FF4C3
:104E800080104FF4002CB6EB020E75EB030E22BF20
:104E9000B61A754640EA0C005B084FEA3202B6EBE0
:104EA000020E75EB030E22BFB61A754640EA5C008F
:104EB0005B084FEA3202B6EB020E75EB030E22BF1F
:104EC000B61A754640EA9C005B084FEA3202B6EB20
:104ED000020E75EB030E22BFB61A754640EADC00DF
:104EE00055EA060E18D04FEA051545EA16754FEA41
:104EF00006164FEAC30343EA52734FEAC2025FEA5F
:104F00001C1CC0D111F4801F0BD141EA00014FF0ED
:104F100000004FF0004CB6E711F4801F04BF0143BE
:104F20000020B4F1FD0C88BFBCF5E06F3FF6AFAEDA
:104F3000B5EB030C04BFB6EB020C5FEA500C50F16A
:104F4000000041EB045170BD0EF0004E4EEA1131ED
:104F500014EB5C04C2BFD4EB0C0541EA045170BDF4
:104F600041F480114FF0000E013C90E645EA060E38
:104F70008DE60CEA135594EA0C0F08BF95EA0C0F66
:104F80003FF43BAF94EA0C0F0AD150EA01347FF4AE
:104F900034AF95EA0C0F7FF425AF104619462CE785
:104FA00095EA0C0F06D152EA03353FF4FDAE1046E8
:104FB000194622E750EA410618BF52EA43067FF439
:104FC000C5AE50EA41047FF40DAF52EA43057FF4C9
:104FD000EBAE12E74FF0FF3C06E000BF4FF0010CD4
:104FE00002E000BF4FF0010C4DF804CD4FEA410C38
:104FF0007FEA6C5C4FEA430C18BF7FEA6C5C1BD005
:1050000001B050EA410C0CBF52EA430C91EA030F85
:1050100002BF90EA020F0020704710F1000F91EAE2
:10502000030F58BF994208BF90422CBFD8176FEAB0
:10503000E37040F0010070474FEA410C7FEA6C5C7E
:1050400002D150EA013C07D14FEA430C7FEA6C5C85
:10505000D6D152EA033CD3D05DF8040B704700BFB1
:105060008446104662468C461946634600E000BFFF
:1050700001B5FFF7B7FF002848BF10F1000F01BDD1
:105080004DF808EDFFF7F4FF0CBF012000205DF89C
:1050900008FB00BF4DF808EDFFF7EAFF34BF012021
:1050A00000205DF808FB00BF4DF808EDFFF7E0FFBA
:1050B00094BF012000205DF808FB00BF4DF808ED0B
:1050C000FFF7CEFF94BF012000205DF808FB00BF72
:1050D0004DF808EDFFF7C4FF34BF012000205DF854
:1050E00008FB00BF4FEA410C7FEA6C5C02D150EA3A
:1050F000013C0AD14FEA430C7FEA6C5C02D152EAD0
:10510000033C02D14FF0000070474FF001007047A0
:105110004FEA410212F5001215D211D56FF47873DF
:10512000B3EB625212D94FEAC12343F0004343EA82
:10513000505311F0004F23FA02F018BF404270475D
:105140004FF00000704750EA013005D111F00040E7
:1051500008BF6FF0004070474FF00000704700BF7D
:105160004A0011D212F5001211D20DD56FF47873E6
:10517000B3EB62520ED44FEAC12343F0004343EA3B
:10518000505323FA02F070474FF00000704750EA86
:10519000013002D14FF0FF3070474FF000007047F0
:1051A0004FEA4102B2F1E04324BFB3F5001CDCF149
:1051B000FE5C0DD901F0004C4FEAC0024CEA507081
:1051C000B2F1004F40EB830008BF20F001007047B0
:1051D00011F0804F21D113F13872BCBF01F00040B3
:1051E000704741F480114FEA5252C2F11802C2F1E5
:1051F000200C10FA0CF320FA02F018BF40F0010066
:105200004FEAC1234FEAD32303FA0CFC40EA0C0017
:1052100023FA02F34FEA4303CCE77FEA625307D154
:1052200050EA01331EBF4FF0FE4040F4400070478B
:1052300001F0004040F0FE4040F40000704700BF25
:1052400080F0004002E000BF81F0004142001FBF3B
:105250005FEA410392EA030F7FEA226C7FEA236C44
:105260006AD04FEA1262D2EB1363C1BFD218414039
:1052700048404140B8BF5B42192B88BF704710F0CF
:10528000004F40F4000020F07F4018BF404211F072
:10529000004F41F4000121F07F4118BF494292EADA
:1052A000030F3FD0A2F1010241FA03FC10EB0C0006
:1052B000C3F1200301FA03F100F0004302D5494293
:1052C00060EB4000B0F5000F13D3B0F1807F06D340
:1052D00040084FEA310102F10102FE2A51D2B1F138
:1052E000004F40EBC25008BF20F0010040EA03002D
:1052F0007047490040EB0000013A28BFB0F5000FAD
:10530000EDD2B0FA80FCACF1080CB2EB0C0200FA62
:105310000CF0AABF00EBC25052421843BCBFD040B1
:105320001843704792F0000F81F4000106BF80F42B
:1053300000000132013BB5E74FEA41037FEA226CEE
:1053400018BF7FEA236C21D092EA030F04D092F0B9
:10535000000F08BF0846704790EA010F1CBF0020ED
:10536000704712F07F4F04D1400028BF40F000404A
:10537000704712F100723CBF00F50000704700F06A
:10538000004343F0FE4040F4000070477FEA226291
:1053900016BF08467FEA23630146420206BF5FEA62
:1053A000412390EA010F40F4800070474FF0000362
:1053B00004E000BF10F0004348BF40425FEA000C29
:1053C00008BF704743F0964301464FF000001CE0D1
:1053D00050EA010208BF70474FF000030AE000BF27
:1053E00050EA010208BF704711F0004302D5404265
:1053F00061EB41015FEA010C02BF844601460020D7
:1054000043F0B64308BFA3F18053A3F50003BCFAF1
:105410008CF2083AA3EBC25310DB01FA02FC63449E
:1054200000FA02FCC2F12002BCF1004F20FA02F2A5
:1054300043EB020008BF20F00100704702F1200298
:1054400001FA02FCC2F1200250EA4C0021FA02F2F9
:1054500043EB020008BF20EADC7070474FF0FF0CFE
:105460001CEAD0521EBF1CEAD15392EA0C0F93EAF9
:105470000C0F6FD01A4480EA010C400218BF5FEA9B
:1054800041211ED04FF0006343EA501043EA51110E
:10549000A0FB01310CF00040B1F5000F3EBF490008
:1054A00041EAD3715B0040EA010062F17F02FD2A0C
:1054B0001DD8B3F1004F40EBC25008BF20F00100EF
:1054C000704790F0000F0CF0004C08BF49024CEA06
:1054D000502040EA51207F3AC2BFD2F1FF0340EA98
:1054E000C250704740F400004FF00003013A5DDC09
:1054F00012F1190FDCBF00F000407047C2F100024A
:10550000410021FA02F1C2F1200200FA02FC5FEA36
:10551000310040F1000053EA4C0308BF20EADC7080
:10552000704792F0000F00F0004C02BF400010F4F2
:10553000000F013AF9D040EA0C0093F0000F01F09F
:10554000004C02BF490011F4000F013BF9D041EAC1
:105550000C018FE70CEAD15392EA0C0F18BF93EAC3
:105560000C0F0AD030F0004C18BF31F0004CD8D1ED
:1055700080EA010000F00040704790F0000F17BF74
:1055800090F0004F084691F0000F91F0004F14D0BA
:1055900092EA0C0F01D142020FD193EA0C0F03D112
:1055A0004B0218BF084608D180EA010000F0004015
:1055B00040F0FE4040F40000704740F0FE4040F4F0
:1055C000400070474FF0FF0C1CEAD0521EBF1CEA8F
:1055D000D15392EA0C0F93EA0C0F69D0A2EB0302AD
:1055E00080EA010C49024FEA402037D04FF0805347
:1055F00043EA111143EA10130CF000408B4238BF0C
:105600005B0042F17D024FF4000C8B4224BF5B1A19
:1056100040EA0C00B3EB510F24BFA3EB510340EA67
:105620005C00B3EB910F24BFA3EB910340EA9C0015
:10563000B3EBD10F24BFA3EBD10340EADC001B0185
:1056400018BF5FEA1C1CE0D1FD2A3FF650AF8B4229
:1056500040EBC25008BF20F0010070470CF0004C36
:105660004CEA50207F32C2BFD2F1FF0340EAC25061
:10567000704740F400004FF00003013A37E792F022
:10568000000F00F0004C02BF400010F4000F013A80
:10569000F9D040EA0C0093F0000F01F0004C02BF7B
:1056A000490011F4000F013BF9D041EA0C0195E7E4
:1056B0000CEAD15392EA0C0F08D142027FF47DAF7D
:1056C00093EA0C0F7FF470AF084676E793EA0C0F6D
:1056D00004D14B023FF44CAF08466EE730F0004C6B
:1056E00018BF31F0004CCAD130F000427FF45CAFFB
:1056F00031F000437FF43CAF5FE700BF4FF0FF3C69
:1057000006E000BF4FF0010C02E000BF4FF0010CBB
:105710004DF804CD4FEA40024FEA41037FEA226C84
:1057200018BF7FEA236C11D001B052EA530C18BFA6
:1057300090EA010F58BFB2EB030088BFC81738BF0B
:105740006FEAE17018BF40F0010070477FEA226CF9
:1057500002D15FEA402C05D17FEA236CE4D15FEAF5
:10576000412CE1D05DF8040B704700BF8446084629
:105770006146FFE70FB5FFF7C9FF002848BF10F1EA
:10578000000F0FBD4DF808EDFFF7F4FF0CBF01202F
:1057900000205DF808FB00BF4DF808EDFFF7EAFFB9
:1057A00034BF012000205DF808FB00BF4DF808ED74
:1057B000FFF7E0FF94BF012000205DF808FB00BF69
:1057C0004DF808EDFFF7D2FF94BF012000205DF8EF
:1057D00008FB00BF4DF808EDFFF7C8FF34BF0120FC
:1057E00000205DF808FB00BF4FEA40024FEA41038A
:1057F0007FEA226C02D15FEA402C08D17FEA236C59
:1058000002D15FEA412C02D14FF0000070474FF007
:10581000010070474FEA4002B2F1FE4F0FD34FF044
:105820009E03B3EB12620DD94FEA002343F000430D
:1058300010F0004F23FA02F018BF404270474FF0BB
:105840000000704712F1610F01D1420205D110F042
:10585000004008BF6FF0004070474FF000007047F5
:1058600042000ED2B2F1FE4F0BD34FF09E03B3EBCA
:10587000126209D44FEA002343F0004323FA02F0F6
:1058800070474FF00000704712F1610F01D14202E2
:1058900002D14FF0FF3070474FF00000704700BF5B
:1058A0000A22002101F016BD0A22002101F012BDDA
:1058B000024B0146186800F003B800BFC08FFF1FFD
:1058C0002DE9F04F01F10B06162E83B0044624D8C3
:1058D000102900F2BA8000F0A3FA10261822022044
:1058E000B54F3A44A2F1080153688B4200F0BA80E8
:1058F0005A68D96822F003021A449D68E9608D60F5
:10590000516841F001012046516003F1080500F0A3
:105910008DFA284603B0BDE8F08F36F0070600F197
:105920009480B14200F2918000F07AFAB6F5FC7FE3
:10593000C0F09A81730A00F08F80042B00F26F810F
:10594000B30903F1390003F1380CC3009A4F3B440B
:10595000A3F108055B689D4206D10CE0002980F2A6
:105960002781DB689D4206D05A6822F00302911B12
:105970000F29F3DD60463D69DFF840C265457CD004
:105980006A6822F00302931B0F2B00F37B81002B2C
:10599000C7E904CC80F26C81B2F5007F80F01A81F7
:1059A000D308796801334FEA521E012202FA0EF23F
:1059B0000A4357F833E0C5F808E007EBC30108399C
:1059C000E9607A6047F83350CEF80C50831001211B
:1059D0009940914257D8114206D120F00300490066
:1059E000114200F10400FAD007EBC0094D4686468B
:1059F000D5F80C80454508D11DE1002B80F22481AB
:105A0000D8F80C80454500F01681D8F8042022F023
:105A10000302931B0F2BF0DD2046D8E9025408EB5C
:105A2000060146F00106C8F80460EC60A56043F08A
:105A30000104C7E90411C1E902CC4C6048F8023006
:105A400000F0F4F908F1080502E00C2323600025BA
:105A5000284603B0BDE8F08F4FF4007340204FF0AC
:105A60003F0C73E7D3689A4208BF02307FF440AF1F
:105A70003D69DFF848C1654582D17A68831001210C
:105A800099409142A7D9BD686B6823F003094E4540
:105A900003D8A9EB06030F2B7ADCDFF824B1494BBE
:105AA000DBF800201B680132334405EB090A00F0E3
:105AB000338103F580530F3323F47F6828F00F08F8
:105AC0004146204602F03AF8411C024600F0F380BD
:105AD000824500F2EE803C4B19684144196008464B
:105AE00000F04E81DBF80010019301311BBFA2EBE7
:105AF0000A010918CBF80020196012F0070B00F01A
:105B00001781CBF108010A44CBF58051904408314C
:105B1000A1EB0801C1F30B0A51462046009202F0A6
:105B20000DF8421CDDE9002300F04F81801A00EBE4
:105B30000A081968BA6048F001005144BD4250603B
:105B4000196000F02981B9F10F0F40F227816868D0
:105B5000A9F10C0C2CF0070C00F0010040EA0C003D
:105B600068604FF0050E05EB0C00BCF10F0FC0E9AB
:105B700001EE00F2328150681546144B1A688A42D1
:105B800038BF1960124B1A688A4238BF196094E016
:105B9000AA1943F0010346F001066E602046BA6080
:105BA000536000F043F90835284603B0BDE8F08F94
:105BB000D9681A44A1E600BF1889FF1F2089FF1F7A
:105BC000208DFF1FFCA2FF1FCCA2FF1FF4A2FF1F0E
:105BD000F8A2FF1FB2F5206F4FEA522363D3142BB4
:105BE00000F2B78003F15C01C9005B3307EB010EE3
:105BF0007958AEF1080E8E4500F091804B6823F085
:105C00000303934202D989688E45F7D1D1F80CE09D
:105C10007A68C5E9021ECEF80850CD60D6E6142B8E
:105C200059D9542B00F29D80330B03F16F0003F11F
:105C30006E0CC3008AE60EF1010E1EF0030F05F193
:105C400008057FF4D5AE51E0424445465368D8F884
:105C50000C1043F00103536055F8083F2046D9600B
:105C60008B6000F0E3F8F3E6F00806F1080237E68F
:105C70002A442046536843F001035360083500F07E
:105C8000D5F8E5E6A919204646F0010643F00104DF
:105C90006E60C7E90411C1E902CC4C60AB5000F062
:105CA000C5F80835D4E6930903F13901C900383342
:105CB0009CE7BD425FD0BD68686820F00308464598
:105CC000A8EB060302D80F2B3FF762AF204600F087
:105CD000ADF80025BCE603F15C0003F15B0CC300EA
:105CE00034E659F808394B4540F0968010F0030F20
:105CF00000F1FF30F5D17B6823EA01037B604900A6
:105D000099423FF6C0AE19B9BDE649000EF1040E46
:105D10001942FAD0704667E603F11008D0E69A10EF
:105D20004FF001087B6808FA02F21A437A6070E7C4
:105D300002EB08014942C1F30B0A5146204600928A
:105D400001F0FCFE431CDDE900237FF4EFAEDA46F0
:105D5000EFE6542B25D8130B03F16F01C9006E3306
:105D600044E7B3F5AA7F25D8F30B03F1780003F1DC
:105D7000770CC300EAE5294B186840441860B1E687
:105D8000CAF30B0CBCF1000F7FF4ACAEBD68C84485
:105D900048F001006860F0E61546EEE60123536026
:105DA00094E7B3F5AA7F23D8D30B03F17801C90098
:105DB00077331BE740F25452934223D8B30C03F1DC
:105DC0007D0003F17C0CC300C0E5ABF1080BD844A7
:105DD000A8EB02084FF0000AABE605F108012046E7
:105DE000009302F0FFF9BD68009B68681968C4E67B
:105DF00040F254518B420BD8930C03F17D01C90042
:105E00007C33F3E64FF47E737F204FF07E0C9DE5EC
:105E10004FF47E717E23E9E67B6870E7CCA2FF1F1A
:105E2000014801F0E1BE00BF44A4FF1F014801F09A
:105E3000DDBE00BF44A4FF1F2DE9F84F174600291F
:105E400000F098800C4607F10B058046FFF7E8FF4D
:105E5000162D54F8041C5BD810252A46AF425CD896
:105E600021F003069642A4F1080962DABC4BD3F88C
:105E700008C009EB0600844500F09780D0F804C004
:105E80002CF0010303445B68DB0768D42CF0030C9F
:105E900006EB0C03934247DACB0710D454F8083CC6
:105EA000A9EB030ADAF8043023F003018C44B4446C
:105EB000944580F211817318934280F2E88039464C
:105EC0004046FFF7FDFC0746E0B154F8043C23F0E0
:105ED00001034B44A0F10802934200F0D280321F2C
:105EE000242A00F2F580132A00F2AC8003462246F1
:105EF000116819605168596092689A60214640465D
:105F000002F070F94046FFF791FF3846BDE8F88F80
:105F100025F00705002D2A46A0DA0C23C8F800302A
:105F200000273846BDE8F88F1E46D0E90223D3602B
:105F30009A60731B0F2B22D8D9F8043003F00103A9
:105F400033434E44C9F80430736843F0010373606F
:105F500040462746FFF76AFF3846BDE8F88FC90775
:105F6000ADD454F8083CA9EB030ADAF8041021F088
:105F70000301A0E7BDE8F84F1146FFF7A1BCD9F82F
:105F8000042009EB050102F001024E4443F0010335
:105F90002A43C9F804204B60736843F001030831B9
:105FA0007360404602F01EF9D2E7DCF8040020F0EE
:105FB000030B06EB0B0C05F1100084454DDAC90705
:105FC0003FF57DAF54F8081CA9EB010ADAF804107C
:105FD00021F003018B44B34458453FF76CAF57465B
:105FE000DAF80C1057F8080F321F242AC1608860B5
:105FF00000F2DB80132A40F2D6802168CAF808102C
:106000006168CAF80C101B2A00F2DF8008340AF11C
:1060100010022168116061685160A16891600AEB0B
:106020000501ABEB050242F0010299604A60DAF823
:10603000043003F001032B434046CAF80430FFF755
:10604000F5FE6EE723680360636843601B2A68D827
:1060500004F1080200F108034AE709EB05029A601F
:10606000ACEB050343F00103536054F8043C03F028
:1060700001032B43404644F8043CFFF7D7FE274674
:106080004FE750F8043C23F003031E4451E7574602
:10609000DAF80C1057F8080F321F242AC160886004
:1060A0004CD8132A48D92168CAF808106168CAF880
:1060B0000C101B2A56D808340AF110021E46236819
:1060C000136063685360A3689360D1463C4630E731
:1060D000214601F01FFB11E7D0E902135746CB60C0
:1060E000996057F8081FDAF80C30CB60321F242A69
:1060F00099602DD8132A29D92368CAF80830636813
:10610000CAF80C301B2A42D808340AF1100322685E
:106110001A6062685A60A2689A606646D1463C4638
:1061200007E7A3688360E368C360242A26D004F1EC
:10613000100200F11003DBE63A46BFE7214638467D
:106140001E46D14601F0E6FA3C46F2E63B46DEE763
:10615000214638466646D14601F0DCFA3C46E8E680
:106160001889FF1FA168CAF81010E168CAF8141056
:10617000242A20D010340AF118029FE72369036112
:106180006169416104F1180200F11803B0E6A368E7
:10619000CAF81030E368CAF81430242A21D0103429
:1061A0000AF11803B3E73A4633E72146384601F0CF
:1061B000B1FA164B33E72269CAF818206269CAF8A7
:1061C0001C2018340AF1200278E7A168CAF81010E0
:1061D000E168CAF81410242A0DD010340AF118020C
:1061E00017E72369CAF818306369CAF81C301834F5
:1061F0000AF120038BE72269CAF818206269CAF8FD
:106200001C2018340AF1200203E700BF1889FF1F81
:106210002DE9F04FA1B08946002107921C91002280
:106220000021CDE90412804649461B910F4611F822
:10623000012B2D2A5ED801A050F822F0D76302006E
:10624000F5620200F5620200F5620200F5620200EA
:10625000F5620200F5620200F5620200F5620200DA
:106260002B6202002B6202002B6202002B620200F2
:106270002B620200F5620200F5620200F562020084
:10628000F5620200F5620200F5620200F5620200AA
:10629000F5620200F5620200F5620200F56202009A
:1062A000F5620200F5620200F5620200F56202008A
:1062B000F5620200F5620200F56202002B62020044
:1062C000F5620200F5620200F5620200F56202006A
:1062D000F5620200F5620200F5620200F56202005A
:1062E000F5620200F56202007F6A0200F5620200B8
:1062F0006B6A020000210991302A79D000230893AB
:106300002F2A144640F229854FF0000A3846564697
:10631000554612E00130082D1B90C8BF0AEB8A0ACF
:106320000478C6BF02EB4A02A2F1300AA3F130069C
:106330002F2C05F1010522466BDD06EB8603392C77
:1063400002EB4303E6DDA249012201F017FB00281E
:1063500034D11B9B1A4601331B935478002D40F017
:106360009C85302C40F04785C3F101029818013319
:106370001B931C78302CF9D0A4F13103082B00F2C8
:1063800024831B9F431CA4F1300E0A9301253C4635
:106390004FF0000B06EB86060EEB46060020631C52
:1063A0001B936478A4F13001092900F2DC820130EA
:1063B0008E46002940F0AD841B9CF0E70020652C40
:1063C000AB460A90864601D0452C2FD1002D74D1C2
:1063D000089B034370D1079B13B1079BC3F8009040
:1063E0004FF0000BD9465846494621B0BDE8F08F22
:1063F0007A7802F0DF02582A00F06E8401371B978A
:106400003A78302AFAD0002A00F0C7800123089396
:1064100076E76F49012201F0B1FA002800F0D08040
:10642000AB464FF0000ECDF828E0704600230B93EA
:10643000002D00F08E803046FEF740FB02460B46F2
:10644000CDE90423DDE90A23BBF1000F08BFAB4609
:10645000102DA3EB02032C46A8BF1024092D0C938A
:1064600013DD5C4B03EBC40353E91223FEF7A0FBDF
:10647000CDE904015046FEF721FB02460B46DDE95B
:106480000401FEF7DFF9CDE904010F2D00F3A88028
:106490000C9B002B00F013840C9B40F36B83162B9A
:1064A00040F3E4840C9AC5F12503934280F20C85F5
:1064B0000C9B2C1B1C4499E00025DDF86C9009F125
:1064C00001031B9399F801402B2C00F07B822D2CAB
:1064D00000F0198200230C93A4F13003092B00F281
:1064E0000D82302C05D11B9B01331B931C78302C63
:1064F000FAD0A4F13103082B98D81B9A0B92531CA5
:106500001B93A4F1300154782F2C09DC00F033BC2C
:1065100001331B939CF801402F2CA2F1300106DDC2
:1065200001EB8102392C9C4604EB4202F0DD0B9A10
:106530009B1A082B40F31F8444F61F630B930C9B9C
:10654000002B3FF475AF0B9B5B420B93002D7FF448
:1065500072AF089B034320D1BEF1000F7FF43BAF25
:10656000692C00F0268400F31E83492C00F021845E
:106570004E2C7FF430AF18491BA802F045FA0028D2
:106580003FF429AF1B9B1B78282B00F0788513481C
:10659000FAF748FF8346894602E04FF0000BD946E0
:1065A000079A0AB11B9B1360099B002B3FF41BAF9A
:1065B00009F1004399465846494621B0BDE8F08F9D
:1065C0001B9B0A905A1C1B925C78AB46EAE600BF04
:1065D000B8EE020068F20200C8EE02008CF302007E
:1065E0000C9B2C1B1C44002C40F3008314F00F0068
:1065F0000AD0BB4901EBC001DDE90423D1E9000168
:10660000FEF7D6FACDE9040134F00F0340F06382BF
:1066100000230893394600962B465A46404602F01E
:106620007BFB15900746002800F04E83DDE90A3217
:106630009B1A0C9A002AA8BF00230D9322EAE2724B
:1066400000239B4614929A467968404602F0E4FA89
:106650008146002800F022813A690232920007F157
:106660000C010C30F7F730FADDE904010A910B4612
:106670001EA901911DA90B9002460091404602F00F
:10668000F9FE1C90002800F0F8800121404602F03D
:10669000EBFB8246002800F001811D9B002BC0F21D
:1066A000F0800D9A149D9E18089A1E9C9B1A2344F4
:1066B0008C4A013B9342C4F1360480F2A380D21A83
:1066C0001F2AA4EB020400F3FF80012393400F93E1
:1066D00000231093089B25443444A6421D443346AE
:1066E000A8BF2346AB42A8BF2B46002B02DDE41A0D
:1066F000ED1AF61A0D9B002B00F39F80002C00F37F
:10670000B3800C9B002B00F3D580002D00F3BD80DF
:10671000002E08DD51463246404602F0E1FC82463A
:10672000002800F0BB801C994A46404602F070FDEC
:106730008346002800F0B2800026C368C660514638
:106740000E9302F045FDB042C0F24E8400F0D383B8
:106750005146584602F0EEFE00224FF080430446B8
:106760000D46FEF7A1FC002851D00E9B002B00F037
:10677000D7805D4B11935C4D059B10960F930024C1
:106780000F9A5A4E5A4B16409E4200F0F280089BD8
:106790007BB1B6F1D46F0CD8DDE910014EA3D3E97B
:1067A0000023FEF781FC002840F07D8105F1D663CF
:1067B0009D1BDDE90A1002F0D5FD02460B4620467E
:1067C0002946FEF7F5F9DDE90A32FEF73BF8CDE997
:1067D00004010C46089B23B9444B23409E4200F021
:1067E000FD801C99404602F03DFA4946404602F0C1
:1067F00039FA5146404602F035FA5946404602F011
:1068000031FA21E701230020CDE90F3062E7394B4F
:10681000002220462946FEF7CBF9CDE910010B46B0
:106820000E990246002976D103F100431292139388
:10683000059B0F93DDE91245A2E751461A464046F3
:1068400002F0EEFB824648B301461C9A404602F035
:1068500039FB18B30E901C99404602F003FA0E9BC8
:106860001C93002C7FF74DAF1C992246404602F046
:1068700037FC1C9000287FF444AFCDF830905E4682
:1068800010E0149A0D9ED51A0EE749462A46404656
:1068900002F026FC814600287FF43AAFCDF8309014
:1068A0005E461C98DFF844902223C8F800304FF071
:1068B000000BC5E04946149A404602F0B1FB814600
:1068C00000287FF422AFE9E70B4AD31A012202FA2B
:1068D00003F3CDE90F23FDE60000C0FFFFFFDF411A
:1068E00068F2020002FCFFFF0000F03F0000F07FB2
:1068F0000000E07F0000E03FE2FBFFFF0023CDF857
:106900006C900B9394E501230C9309F102031B9304
:1069100099F80240E0E5DDE91023CDE9122387E78D
:10692000DDE90412002940F0AD80C2F313030F9299
:10693000002B40F0AD80A44B002220462946FEF7F4
:10694000A9FB002840F0A082A04B20462946002247
:10695000FEF72EF9CDE9100101F1004318901993CB
:10696000DDE918450CE7652C4FF0010E3FF4A5ADAD
:106970002AE5A2F154730593DDE904231046194674
:1069800002F0F0FC02460B4620462946FEF710F9BD
:10699000DDE90423FDF756FF8D4A8E4B0A409A42EB
:1069A000CDE904017BD90A9A03F154739A4203D1C9
:1069B0000B9B01333FF472AF874A4FF0FF33CDE9B1
:1069C00004320EE700230C939FE7652C00F0E4806F
:1069D000452C00F0E1804FF0010EBAE5109E119DAC
:1069E0003046294607F01CFBFEF7B4F80B4602467A
:1069F00029463046FDF724FF0E9D049E45EA060C0D
:106A0000C4F313065CEA060304460D4600F0A980B1
:106A100067A3D3E90023FEF73DFB48B966A3D3E99A
:106A2000002320462946FEF753FB00283FF4D9AE49
:106A3000DDE904341C98CDF830905E46A1469B46B3
:106A40000146404602F00EF90C99404602F00AF960
:106A50005146404602F006F91599404602F002F907
:106A60003146404602F0FEF89AE501220992791C6F
:106A70001B917A78002A3FF4AEAC0F463CE400222A
:106A80000992F4E7DDE90412012900F07C810F92FC
:106A90004D49524D0023CDE91031002470E601F13B
:106AA0005474059496E6DDE91001FEF759FB0128C0
:106AB00038BF0120FEF702F8CDE910010B460E9910
:106AC0000246002940F0708103F1004316921793AB
:106AD000DDE916456AE6B3F59A7F00F3F580102BE1
:106AE0004FEA23143E4B40F3E082DDE904019A466D
:106AF00008930023994614F0010F09F101094FEAA8
:106B0000640404D0DAE90023FEF752F80123012CD3
:106B10000AF1080AEFD10BB1CDE90401089B03EBA0
:106B2000C90A059BA3F154730593DDE90423DAE94F
:106B30000001FEF73DF8264BCDE904010B400A4663
:106B400028498B4200F2C080A1F580118B4240F2AF
:106B5000448221494FF0FF33CDE9043100230893EB
:106B600058E517A3D3E90023FEF794FA00283FF471
:106B700038AE5DE71633FFF633ADDDE90A329A1A17
:106B8000194B03EBC203DDE90401D3E90023FEF74F
:106B900039F98346894603E54FF0000BCDF828B05C
:106BA0004FF0010E14E46E2C3FF4E5AC13E400BF8B
:106BB0009535A094FFFFDF3F35E5AF350000E03F9E
:106BC0009535A094FFFFCF3F0000F03F0000E03F6D
:106BD0000000F07FFFFF9F7CFFFFEF7F0000F0BF12
:106BE00040F202000000A07C68F202003FF410AD09
:106BF000644214F00F020AD0AA4B03EBC203DDE992
:106C00000401D3E90023FEF7FDF8CDE904012411C6
:106C10003FF4FEAC1F2C35DC14F01003DDE9040159
:106C200018BF6A23DFF8809208930023E20704D597
:106C3000D9E90023FDF7BCFF0123641009F108091D
:106C4000F4D10BB1CDE90401089B93B1DDE9040156
:106C5000C1F30A52C2F16B03002B0ADD1F2B40F374
:106C60004C820020342B049040F360824FF05C7320
:106C70000593DDE9040100220023FEF701FA002854
:106C80003FF4C8AC22234FF0000BC8F80030D946BF
:106C900086E41E9A049203F233421F9B23F480136E
:106CA00043EA02530593E00502D543F00043059300
:106CB0007E4A1A401AB900F069FF22230360DDE919
:106CC00004349B46A1466BE42223DFF8E091C8F828
:106CD00000304FF0000B63E40293099B01931CAB5F
:106CE0000093734A1DAB1BA9404601F0D3FB10F083
:106CF0000F0504463FF451AC062D7FD1079B0137A9
:106D0000002B3FF46DAB4FF0000B1F60D946FFF72F
:106D10006ABB0A9B1B9C03440A93012805F10103EB
:106D20001A4615D0284400F1FF3C03E046009C457C
:106D30000DD001332A46082A1D4606EB8600F5D9F8
:106D4000102BDCBF0AEB8A0A4FEA4A0AEFE702324D
:106D5000082D46DC1546FFF71DBB56490122384673
:106D600000F00CFE002878D04FF0000BDA465E46AB
:106D70005D46FFF756BB44F61F639942A8BF19460C
:106D80000B91FFF7DCBBDDE904340F94002C7FF49A
:106D90007FAECDF830905E4622234FF0000B1C985A
:106DA000C8F80030D9464BE6DDE91023CDE91623BB
:106DB0008EE641491BA801F027FE00283FF40BABEB
:106DC0001B9B3E49013B1BA81B9301F01DFE10B904
:106DD0001B9B01331B93DFF8D4904FF0000BFFF7A0
:106DE000DFBB102ADCBF0AEB8A0A01EB4A0A154610
:106DF0000020FFF7D4BA0020FFF7BEBA1C9A3AB1C0
:106E000035211EA802F0C0FB1C99404601F02AFF64
:106E1000013D1D9B042D00F2A18101A252F825F035
:106E2000936C0200516E02004B6E0200356E020040
:106E3000936C02004FF0FF336FF00045CDE904354D
:106E4000E3057FF53CAF059B2FE7184B0593F7E76C
:106E50001E9B04931F9B059325E71B9B1A4601333A
:106E60001B93547806468246FFF77BBA0C980D496F
:106E700001EBC001DDE90423D1E90001FDF798FE33
:106E800083468946FFF78CBB0D4B0E4C11930E9B2E
:106E900010930023CDE9183462E5AB460A90FFF762
:106EA00081BA00BF68F20200F8EE02000000F07F35
:106EB000CCEE0200B8EE0200BCEE0200C0EE020012
:106EC0000000E03F0000E0BFA54CC5F10F0504EB5A
:106ED000C501DDE90423D1E90001FDF769FE0C9B42
:106EE0005D1B04EBC504D4E90023FDF761FE834676
:106EF0008946FFF755BB0E9BCDF830905E46109F3C
:106F0000DDE90A9B002B00F0AA80DDE90445954BE2
:106F1000C5F3130199422A463BD0002F00F0A88008
:106F2000DDE904231F421C4621D00E9B58464946EA
:106F3000002B00F0BE8002F015FA089D02460B46B9
:106F40007DB1C4F30A54C4F16B04002C09DD24059F
:106F500004F17F53002203F54013FDF729FE02469A
:106F60000B4658464946FDF76DFC83468946089B0B
:106F70006BB17D4B584649460022FDF719FE7B4B0D
:106F80000B408946834613B92223C8F800301C9869
:106F900056E5089B0499002B00F0B780734B2B40FB
:106FA000B3F1D46F00F2B1801B0DC3F16B034FF04E
:106FB000FF3000FA03F39942AFD16D4B9A4200F0D3
:106FC000C8806A4B134003F5801305930023049394
:106FD000DDE904349B46A146C9E702F154730593E9
:106FE00000230893FFF716BBDDE904010E9BCDF8E3
:106FF000309003435D465E46DDE90A9BB7D1C1F39D
:1070000013030C46002BB2D121F000431B0D1B05CE
:10701000B3F1D66FABD96B6913B92B69012BA6DD20
:1070200031460122404602F05BF85146064602F026
:10703000CFF800289BDD089B002B7FD14B4B2340D2
:10704000A3F580136FEA13536FEA035305934FF0D0
:10705000FF330493DDE904349B46A14687E7DDE96D
:107060000412C2F313030B4314467FF456AFE2E756
:10707000DDE904340F9A1A423FF479AF55E73D49F0
:107080001BA81EAA01F0DAFC05287FF480AA1F9B2A
:1070900043F0FF4343F4E00305931E9B0493DDE9B3
:1070A00004349B46A146FFF77BBA08934FF00009D2
:1070B00034E502F057F9089D02460B4645B3C4F388
:1070C0000A54C4F16B04002C09DD240504F17F533C
:1070D0000E9A03F54013FDF76BFD02460B4658462A
:1070E0004946FDF7ADFB0022002383468946FDF7A4
:1070F000C7FF00283FF43DAF4EE64FF0FF3202FAE3
:1071000003F3049A1A400492B3E54FF0FF3352E7B9
:1071100058464946FDF794FB0022002383468946E2
:10712000FDF7AEFF00283FF432AF35E6C2F14B0267
:107130004FF0FF3393400B4005939AE50B4B2340F0
:10714000B3F1D66F3FF77CAFB3F15C7F3FF711AF80
:1071500022E601317FF435AFFFF7A3BB0023A2E5A0
:1071600068F20200FFFF0F00000050390000F07FBE
:10717000FFFFEF7FE0EE020010B4044C044B8446A6
:107180000A46206810BC6146FFF742B8C08FFF1F57
:10719000348DFF1F012B2DE9F84F41D0242B1F46C2
:1071A0003ED880464A488E4675461EF801BB10F808
:1071B0000B4014F00804F7D1BBF12D0F71D0BBF1D7
:1071C0002B0F08BF9EF800B06FF0004908BF05F113
:1071D000020E002B42D0102B55D0B9FBF7F600253C
:1071E000284607FB169A05E033D007FB00C00125AF
:1071F0001EF801BBABF1300CBCF1090F06D9ABF1A5
:10720000410CBCF1190F12D8ABF1370C634517DDF7
:10721000B5F1FF3FECD08642E6D24FF0FF35E7E70D
:1072200000F0B4FC162303600020BDE8F88FABF13A
:10723000610CBCF1190F03D8ABF1570C6345E7DCC7
:107240006B1C25D084B9002AEFD095BB1160BDE836
:10725000F88FE245C9DA4FF0FF35C9E7BBF1300FCF
:1072600004D00A273B46B8E74042ECE79EF80030DE
:1072700003F0DF03582B20D110279EF801B03B46C6
:107280000EF1020EA9E7BBF1300F19D01F46A4E79B
:107290002223C8F8003072B10EF1FF314846116068
:1072A000D5E79EF800B04FF0004905F1020E012429
:1072B0008FE78146F0E74846B7E708273B468CE76B
:1072C0009EF8000000F0DF005828D5D01F4684E764
:1072D00021EF020010B4044C84461346206810BC11
:1072E0000A466146FFF756BFC08FFF1F2DE9F047E2
:1072F00007464C480E46354616F801EB10F80EC00E
:107300001CF0080CF7D1BEF12D0F5AD0BEF12B0F97
:1073100003BF96F800E06446AE1C64465BB1102BD8
:1073200054D04FF0FF38B8FBF3F803FB08FA6FEACC
:107330000A0A994608E0BEF1300F5AD00A23DFF856
:10734000E8804FF0050A99460025284605E02CD034
:1073500009FB00C0012516F801EBAEF1300CBCF1C1
:10736000090F06D9AEF1410CBCF1190F0BD8AEF1E3
:10737000370C634510DDB5F1FF3FECD04045E6D951
:107380004FF0FF35E7E7AEF1610CBCF1190F03D800
:10739000AEF1570C6345EEDC6B1C0BD004B14042E0
:1073A0000AB165B91160BDE8F087D445D0DD4FF072
:1073B000FF35D0E722233B602846002AF3D0711E18
:1073C000F0E796F800E00124AE1CA7E7BEF1300F0D
:1073D00021D1307800F0DF00582816D14FF0100985
:1073E00096F801E04FF00F0A02366FF070484B46F6
:1073F000AAE7337803F0DF03582BEFD008234FF0D0
:10740000070A6FF0604899469EE799466FF070480A
:107410004FF00F0A98E74FF00F0A6FF07048994647
:1074200092E700BF21EF02009999991910B4044C1A
:1074300084461346206810BC0A466146FFF756BFD3
:10744000C08FFF1F13460A460146022000F026BEE9
:1074500070B50C4682B015461E46FDF751FB22461C
:10746000002400962B46019402F0FAF802B070BD99
:10747000024B0344587800F04400704720EF0200AC
:10748000024A0349034800F0BBB800BF288DFF1F24
:10749000A9B20200A08EFF1F0C4B4168994210B5A3
:1074A000044601D003F000FFA168094B994202D0C5
:1074B000204603F0F9FEE168064B994204D02046CD
:1074C000BDE8104003F0F0BE10BD00BF00A3FF1FD9
:1074D00068A3FF1FD0A3FF1F2DE9F8432A4C2B4BB5
:1074E0002B48DFF8B090DFF8B0802C4F18600025F3
:1074F00004230822294604F15C00294E6566C4E98C
:107500000253C4E90055C4E90455A56100F07EF9B1
:10751000244B63670822294604F1C400C4E90749E3
:10752000C4E90987C4E91A55C4E91E55C4F8CC500A
:107530002567C4F88050E66200F068F91A4BC4F879
:10754000DC30294604F16803082204F59670C4F87B
:107550008430C4E92298C4E92476C4E93455C4E9E6
:107560003855C4F83451C4F8D850C4F8E85000F085
:107570004DF904F1D003C4E93C98C4E93E76C4F85F
:10758000EC30BDE8F88300BF00A3FF1F38A4FF1F45
:107590008174020089760200AD760200ED76020069
:1075A0000D770200090001001200020010B5044628
:1075B0000A4800F019FB636B23B9094B094A1B68A1
:1075C000626323B1BDE81040044800F00FBBFFF731
:1075D00083FFBDE81040014800F008BB48A4FF1F2E
:1075E00038A4FF1F99740200014800F0FDBA00BFE3
:1075F00048A4FF1F014800F0F9BA00BF48A4FF1FCC
:107600002DE9F84380460F4616464FF00009D6E9AB
:107610000154013D11D4A389012B05F1FF3508D98F
:10762000B4F90E300133214603D04046B84749EA49
:1076300000096B1C04F16804EDD13668002EE6D118
:107640004846BDE8F88300BF0EB410B59DB06FF09A
:1076500000411FABCDE906010491094953F8042B01
:107660000290084C0868019302A9059402F04AF8B8
:10767000029B00221A701DB0BDE8104003B0704795
:10768000C08FFF1F0802FFFF10B50C46B1F90E10A6
:1076900000F03EFA002803DB236D0344236510BD90
:1076A000A38923F48053A38110BD00BF2DE9F041CD
:1076B0000C46B1F90C101F46CB05054616460BD4F7
:1076C00021F48051A1813B46B4F90E103246284680
:1076D000BDE8F04100F044BAB4F90E1002230022D4
:1076E00000F000FAB4F90C10EAE700BF10B50C4640
:1076F000B1F90E1000F0F6F9A389421C0EBF23F475
:10770000805343F480532065A38110BDB1F90E105E
:1077100000F0D6B988420DD98B1883420AD900EB04
:10772000020CBAB1624613F801CD02F801CD9942BC
:10773000F9D170470F2A0ED8034602F1FF3C4AB137
:107740000CF1010C013B8C4411F8012B03F8012FC3
:107750006145F9D1704740EA01039B0750D1A2F17E
:10776000100370B501F1200C23F00F0501F1100E8C
:1077700000F11004AC441B095EF8105C44F8105C86
:107780005EF80C5C44F80C5C5EF8085C44F8085C3D
:107790005EF8045C44F8045C0EF1100EE64504F15A
:1077A0001004E9D1013312F00C0F01EB031102F0C8
:1077B0000F0400EB031327D0043C24F003064FEA28
:1077C000940C1E441C1F8E465EF8045B44F8045F54
:1077D000B442F9D10CF1010402F0030203EB84037B
:1077E00001EB840102F1FF3C4AB10CF1010C013BB9
:1077F0008C4411F8012B03F8012F6145F9D170BDBC
:1078000002F1FF3C03469BE72246EBE7830730B5D6
:1078100048D0541E002A3FD0CAB2034601E0013CC2
:107820003AD303F8012B9D07F9D1032C2DD9CDB202
:1078300045EA05250F2C45EA054536D9A4F1100285
:1078400022F00F0C03F1200EE6444FEA121C03F164
:10785000100242E9045542E9025510327245F8D14E
:107860000CF1010214F00C0F03EB021204F00F0CE8
:1078700013D0ACF1040323F003030433134442F8A0
:10788000045B9342FBD10CF003042CB1C9B21C443D
:1078900003F8011B9C42FBD130BD64461346002C0B
:1078A000F4D1F9E703461446BFE71A46A446E0E7D9
:1078B00011F0FF01034644D0820732D110B50468AD
:1078C00041EA012E4EEA0E4E8EEA0402A2F1013385
:1078D00023EA0203A4F1013222EA0402134313F063
:1078E000803F0FD150F8044F84EA0E0CA4F101330D
:1078F000ACF1013223EA040322EA0C02134313F031
:10790000803FEFD0037823B936E010F8013F002B19
:1079100032D09942F9D110BD8A4211D09A07184647
:10792000CCD0184613F8012B002AF5D11046704729
:107930009907184607D0184601330278002AF7D174
:1079400070478207F7D10268A2F1013323EA0203EC
:1079500013F0803F08D150F8042FA2F1013323EA3D
:10796000020313F0803FF6D00378002BE8D010F824
:10797000013F002BFBD17047184610BD002A3ED0B6
:1079800040EA01039B0730B584462FD1032A2DD945
:107990000B4608E0043A8446194625D01EF0803F85
:1079A00022D1032A22D90468194653F8045BA4F1B2
:1079B000013EAC4284462EEA040E00F10400E9D0F8
:1079C0009CF800000C78A0421BD1E64668B11EF876
:1079D000010F11F8014FA2EB0E03A04203F1FF3398
:1079E0000FD11CEB0303F1D1002030BD9CF8000047
:1079F0000C78844205D1012AF6D0E646E6E7104627
:107A00007047001B30BD00BF40EA01039B0730B543
:107A100001D1032A0FD8844601F1FF3E07E01EF88A
:107A2000011F03F8011B541EC1B19C462246634648
:107A3000002AF4D130BD0B468446194653F8045B46
:107A4000A5F1013424EA050414F0803FE4D1043A9E
:107A5000032A4CF8045B1946EFD8DDE79444002C68
:107A6000E8D003F8011B6345FBD130BD41EA0002B9
:107A70009207034615D10A68A2F1013020EA0200FC
:107A800010F0803F0DD101F1040C43F8042B614646
:107A90005CF8042BA2F1013020EA020010F0803FD4
:107AA000F3D011F8012B184603F8012B002AF8D166
:107AB000704700BF014B93F828017047348DFF1FBA
:107AC00038B5074D0022044608462A60F6F716F935
:107AD000431C00D038BD2B68002BFBD0236038BD81
:107AE0003CA4FF1F38B50C46084D8446114620467D
:107AF0001A4600232B606446F6F70CF9431C00D0AD
:107B000038BD2B68002BFBD0236038BD3CA4FF1F81
:107B100038B50C46084D8446114620461A460023C7
:107B20002B606446F6F7E8F8431C00D038BD2B689C
:107B3000002BFBD0236038BD3CA4FF1F38B5074D98
:107B40000022044608462A60F6F7C0F8431C00D01D
:107B500038BD2B68002BFBD0236038BD3CA4FF1F31
:107B600038B50C46084D8446114620461A46002377
:107B70002B606446F5F70CFE431C00D038BD2B6823
:107B8000002BFBD0236038BD3CA4FF1F014B1868BD
:107B9000704700BFC08FFF1F70B50D4E0D4D761B97
:107BA000B61006D0002455F8043B01349847A6428D
:107BB000F9D1094E094D761B07F048FCB61006D0E6
:107BC000002455F8043B01349847A642F9D170BD12
:107BD00058F4020058F40200FCF4020058F40200C9
:107BE000704700BF704700BF704700BF704700BFBD
:107BF000FFFFFFFFFFFFFFFFFFFFFFFFFFFFFFFF95
:107C0000A2EB0300704700BF02780B78012A28BF5F
:107C10009A42F5D16DE9044540EA0104CDE90267D5
:107C20006FF0000C4FEA447212B380EA010414F0C2
:107C3000070F6AD100F0070420F0070004F00305E5
:107C400021F007014FEAC505F0E8042314F0040F02
:107C5000F1E804670CFA05F462EA040266EA040635
:107C60000AD063EA0403624667EA0407664603E053
:107C7000F0E80423F1E8046782FA4CF582EA06048E
:107C8000A4FA8CF46CBB83FA4CF583EA0705A5FAD9
:107C90008CF595B950E9022351E9026782FA4CF557
:107CA00082EA0604A4FA8CF483FA4CF583EA070509
:107CB000A5FA8CF52543DBD09CB92DBAB5FA85F42D
:107CC00024F0070427FA04F1DDE9026723FA04F33C
:107CD00003F0FF0001F0FF01FDE80445A0EB010007
:107CE000704724BAB4FA84F424F0070426FA04F1A5
:107CF000DDE9026722FA04F202F0FF0001F0FF0161
:107D0000FDE80445A0EB0100704714F0030F3CD1DF
:107D100010F0030428D150F8082B51F8083B82FAE0
:107D20004CF582EA0305A5FA8CF55DB950F8042CF0
:107D300051F8043C82FA4CF582EA0305A5FA8CF569
:107D4000002DE8D02DBAB5FA85F424F0070423FA03
:107D500004F122FA04F202F0FF0001F0FF01FDE855
:107D60000445A0EB010070474FEAC40420F0030073
:107D700050F8082B21F0030151F8083B0CFA04F4E9
:107D800062EA040263EA0403C9E710F003041AD0AC
:107D9000A1EB040120F00300E40750F8042B06D007
:107DA0000FD28B785FFAA2F4E41A06D12BB1CB780C
:107DB0005FFAB2F4E41A00D11BB920465DF8104B0B
:107DC000704701F1040150F8042BCC0721F00301A6
:107DD00051F8043B48D824D222F07F4482FA4CF573
:107DE00094EA1325A5FA8CF50AD165B951F8043B3C
:107DF00084EA0204B4EB036F0ED150F8042BEBE7D6
:107E00004FEA132355E035F07F454DD10878FDE862
:107E10000445C0F1000070474FEA126203F0FF030F
:107E200047E002EA1C4482FA4CF594EA1345A5FAAD
:107E30008CF50AD165B951F8043B84EA0204B4EB2D
:107E4000034F0CD150F8042BEBE74FEA134330E01B
:107E500015EA1C4528D10B884FEA124229E04FEA67
:107E6000124203EA1C4324E002F0FF0482FA4CF5BC
:107E700094EA1365A5FA8CF50AD165B951F8043B6B
:107E800084EA0204B4EB032F09D150F8042BEBE78A
:107E90004FEA13630DE015F0FF0F05D10B684FEAB1
:107EA000122223F07F4304E04FF00000FDE8044578
:107EB000704712BA1BBA82FA4CF482EA0304A4FA9D
:107EC0008CF5B5FA85F402FA04F203FA04F34FEAEA
:107ED0001260FDE80445A0EB1360704780EA0102E0
:107EE000844612F0030F4FD111F0030F32D14DF839
:107EF000044D11F0040F51F8043B0BD0A3F10132F3
:107F00009A4312F0803F04BF4CF8043B51F8043B05
:107F100016D100BF51F8044BA3F101329A4312F07D
:107F2000803FA4F101320BD14CF8043BA24312F084
:107F3000803F04BF51F8043B4CF8044BEAD0234681
:107F40000CF8013B13F0FF0F4FEA3323F8D15DF833
:107F5000044B704711F0010F06D011F8012B0CF8FB
:107F6000012B002A08BF704711F0020FBFD031F873
:107F7000022B12F0FF0F16BF2CF8022B8CF80020FA
:107F800012F47F4FB3D1704711F8012B0CF8012B7D
:107F9000002AF9D1704700BFFFFFFFFFFFFFFFFF7F
:107FA000FFFFFFFFFFFFFFFFFFFFFFFFFFFFFFFFE1
:107FB000FFFFFFFFFFFFFFFFFFFFFFFFFFFFFFFFD1
:107FC00090F800F06DE9024520F007016FF0000C19
:107FD00010F0070491F820F040F049804FF00004C1
:107FE0006FF00700D1E9002391F840F000F108009C
:107FF00082FA4CF2A4FA8CF283FA4CF3A2FA8CF3D4
:108000004BBBD1E9022382FA4CF200F10800A4FA3A
:108010008CF283FA4CF3A2FA8CF3E3B9D1E904238E
:1080200082FA4CF200F10800A4FA8CF283FA4CF3C5
:10803000A2FA8CF37BB9D1E9062301F1200182FA7F
:108040004CF200F10800A4FA8CF283FA4CF3A2FA85
:108050008CF3002BC6D0002A04BF04301A4612BA93
:10806000B2FA82F2FDE8024500EBD2007047D1E996
:10807000002304F00305C4F100004FEAC50514F025
:10808000040F91F840F00CFA05F562EA05021CBFF6
:1080900063EA050362464FF00004A9E72DE9F047C3
:1080A000DFF874A00646DAF8000098460F469146BD
:1080B000FFF79AFD194B1C6824B365681F2D24DC5B
:1080C0005EB96B1C0235DAF80000636044F8257075
:1080D000FFF78CFD0020BDE8F08704EB850101234C
:1080E000C1F88890D4F88821AB401A43022EC4F816
:1080F0008821C1F80881E4D1D4F88C211A43C4F84E
:108100008C21DEE7064C1C60D7E7DAF80000FFF7A9
:108110006DFD4FF0FF30DEE7C48FFF1FDCA5FF1FB2
:108120004CA4FF1F024B13B1024800F005B8704782
:1081300000000000EDB40200002301461A46184674
:10814000FFF7ACBFF8B5244F0C460646FDF768FEB6
:10815000BB685D68C4F57E610F3125F003054B19DE
:1081600023F47F6323F00F03A3F58054B4F5805FFD
:1081700007DB00213046FFF7E1FCBB682B44984247
:1081800004D03046FDF752FE0020F8BD6142304673
:10819000FFF7D4FC01300DD0104ABB682D1B45F011
:1081A00001055D60136830461B1B1360FDF73EFE42
:1081B0000120F8BD00213046FFF7C0FCBA68831AE1
:1081C0000F2BDEDD43F001035360054B03491B68B1
:1081D000C01A0860D5E700BF1889FF1FCCA2FF1F97
:1081E000208DFF1F002961D0F8B50C460646FDF72B
:1081F00017FE54F8042C7B4FA4F1080522F001016E
:1082000005EB010CB868DCF80430604523F003038B
:1082100000F08B80D207CCF8043032D454F8082C0C
:10822000AD1A1144AA6807F1080082426AD00CEB2B
:108230000304D4F804E0EC68D4601EF0010FA260DF
:1082400000F0978041F001036B60CCF80010B1F5AD
:10825000007F35D27868CB080122490901338A4072
:10826000024357F833107A6007EBC302083AC5E9B6
:10827000021247F83350CD603046BDE8F840FDF7B4
:10828000D5BD0CEB03025268D00710D4194407F196
:108290000800DCF80830834273D0DCF80C20DA6088
:1082A000936041F001036B606950D0E7704741F083
:1082B0000103B1F5007F44F8043CCCF80010C9D3A9
:1082C000B1F5206F4FEA512348D28B0903F13900F1
:1082D00003F13802C300F818FB580838984259D007
:1082E0005A6822F003028A4202D99B689842F7D169
:1082F000D868C5E902308560DD603046BDE8F840E9
:10830000FDF794BD0CEB03025268D20763D40B4413
:10831000DCE90212CA60916043F001026A603046F3
:10832000EB50BDE8F840FDF781BD0B44D10707D401
:1083300054F8082CAD1A1344D5E90212CA609160B2
:1083400043F001026A60284ABD6012689A4293D8DD
:10835000264B30461968FFF7F5FE8DE7142B0AD936
:10836000542B1FD80B0B03F16F0003F16E02C300F7
:10837000B1E719448DE703F15C0003F15B02C30030
:10838000A9E741F00103C7E90455C5E902006B60A4
:10839000695071E779689210012404FA02F20A43E5
:1083A0007A60A6E7B3F5AA7F06D8CB0B03F1780075
:1083B00003F17702C3008EE740F25452934206D88D
:1083C0008B0C03F17D0003F17C02C30083E74FF4C3
:1083D0007E737E227FE741F001036B60CCF80010D2
:1083E0004AE700BF1889FF1F248DFF1FFCA2FF1F53
:1083F0002DE9F0410469B4EB611F2FDD00F1140E8B
:108400004E1111F01F0C0EEB84050EEB86032BD0E2
:108410005EF8261004339D4221FA0CF1CCF12008BD
:1084200018D977461A6802FA08F20A4347F8042B6B
:1084300053F8041B9D4221FA0CF1F3D8A31B9B00B7
:10844000053B9B0801330EEB83044EF82310C9B1A2
:10845000043417E0416174460029F9D10023036117
:1084600000234361BDE8F0819D4288BF00F1100206
:10847000F4D953F8041B42F8041F9D42F9D8A41BF9
:108480000EEB8404A4EB0E039B1074450361E7D04C
:10849000BDE8F0812DE9F04F0C688A46A17885B0DF
:1084A000302900909346029340F0C4816FF00100A0
:1084B000001BE21C8318144612F8011B3029F9D066
:1084C000DFF8C48218F80120002A00F0DE8022784C
:1084D000002718F802203D4626462AB116F8012F3B
:1084E00018F80220002AF9D1A84901930122304648
:1084F000FFF744FA019B814600284CD0002D4DD156
:108500003278A94602F0DF02502A35464FD0CAF829
:108510000060002F68D12B1B013B072B394604DD7F
:108520005B10072B01F10101FADC009800F074FBED
:108530008246002800F05A8200F11406AC420196EF
:1085400080F0C8810027CDF80C909049A1463C46A8
:108550000CE0202F19D0384604372A7818F802206A
:1085600002F00F02824014434D4545D015F8012D0D
:108570002E2AEED14D45ECD301222846FFF7FEF915
:1085800082490028F0D0202FE5D1002046F8044B86
:1085900004270446E1E7002D00F03981327802F02B
:1085A000DF02AD1B502A4FEA85093546AFD16A7804
:1085B0002B2A00F01D812D2A00F09D806E1C0020CA
:1085C00018F802104A1E182A00F29380727818F8E0
:1085D000022010390136002A54D100B149428944A1
:1085E000CAF80060002F96D0002B14BF0025062586
:1085F000284605B0BDE8F08FDDF80C90234646F81C
:10860000043B1846019BF61AB610CAF8106000F039
:10861000DBFB7601DBF80040361AA6426FDCC0F2C5
:10862000E9800027DBF808304B45C0F24A81DBF8CF
:1086300004304B4546DDA3EB09094C457CDCDBF8F7
:108640000C20022A00F05E81032A00F07A81012AC0
:1086500000F068810098514600F004FB50250E9A06
:1086600000232846136005B0BDE8F08F01EB8101BF
:1086700002EB4102A2F1100116F8012F18F80220B6
:10868000002AAAD0192AF1DDA7E740490193012267
:108690002046FFF773F9019B00286BD1617818F829
:1086A0000120651C002A67D030292C4605D114F81A
:1086B000013F302BFBD018F80320B2FA82F77F0974
:1086C000012309E7012557B1DBF80C30022B5FD0FD
:1086D000032B61D0012B00F0828045F010050E9B2A
:1086E000C3F800A0029B2846C3F8009005B0BDE87F
:1086F000F08F2E460BE70120AA78AE1C60E7361BF0
:108700003146504600F06EFF074678B1721E531195
:108710000199012751F8231002F01F0307FA03F310
:108720000B4203D0BA4200F3E080022731465046A4
:10873000B144FFF75DFE75E709F1FF35002F40F00A
:10874000CC80002D40F0CB806B11019A05F01F0505
:1087500052F823200123AB4013424946504618BF2C
:1087600047F00207A4EB0904FFF742FE0225DBF8FD
:108770000490A8E72178254601F0DF01502900F098
:10878000BD80CAF800502FE7E0F00200B8EE02000A
:108790000F9BC3F101030F930F9B002B9DD0DAF8C1
:1087A0001070DDF80480BA004346019208EB8700A0
:1087B000002103E0984243F8041C3ED91E4653F8BA
:1087C000042BB2F1FF3FF5D00132022D326000F0F0
:1087D000BD8014F01F0440F0E38021257FE7BA0735
:1087E0007FF57BAF019B1B681F43FB07D7D474E762
:1087F000002081E7A21B51460098A9EB020900F076
:108800006FFC00F114038246019300270AE7727897
:1088100018F80200711C002800F09F800D4611F826
:10882000012F18F802000028F8D1751B4FEA8509BE
:108830000E4667E60234002342E6DAF808309F422B
:1088400080F28D803B460AEB830201210133022D29
:10885000CAF81030516179D09F42BADA002B40F348
:108860009880DAF8142008EB83030AF11800834299
:108870004FEA520240F2AE804446016842EAC172B9
:1088800044F8042B50F8042B83424FEA5202F4D8E8
:10889000A3EB0A03193B9B08013348F8232008EB9C
:1088A0008303002A40F09A80A3EB0802921043450C
:1088B000CAF8102070D0DBF8083009F101094B45E7
:1088C0008BDA0098514600F0CDF90E9A0023136020
:1088D000A3258DE6019E002391E6012734E7294672
:1088E000504600F07FFE07462EE7B11E504600F0CE
:1088F00079FE00283FF419AF032717E74FF000096E
:10890000012754E60F9A002A7FF4A4AE02990B6067
:10891000019B0122CAF810201A600E9B6225C3F841
:1089200000A065E64C457FF495AE012CEED0611EAB
:10893000504600F057FE00283FF48CAEDBF80430C0
:10894000E4E70F9A002A3FF485AEDFE7DBF800305A
:10895000013BA34232D02225C1E60E46D2E5DAF829
:1089600004100098013100F057F90646C0B3DAF858
:10897000103002339A000AF10C010C30F5F7A4F81C
:108980005146009800F06EF906F114083369B246BA
:1089900059E70023CAF810300023CAF814308AE7D8
:1089A000019B4344C4F1200453F8040C00F00CFA7A
:1089B000A042BFF612AFDAF810304FE7631104F0AF
:1089C0001F0458F823200123A34013420CBF222583
:1089D000212584E6C8F8002043466AB1043363E7E2
:1089E000074B08483246842102F0EAFD044B054853
:1089F0005246E42102F0E4FDCAF81020CCE700BFA3
:108A000068F002007CF0020010B4046809E014F879
:108A1000013FA3F1410CBCF1190F98BF20339342E1
:108A200008D111F8012B002AF1D101340460012092
:108A300010BC7047002010BC704700BF2DE9F04FFC
:108A4000096885B04B1111F01F01029002EB8303FE
:108A5000039140F08F801D1F0193029B01991C68B8
:108A6000002341F8043C61780134002900F098802B
:108A7000DFF87491A846AC469A461E460EE02029BF
:108A800000F28C80564506DDC44501D2072B5BDD24
:108A9000624551D3082314F8011FA1B119F8010050
:108AA0000028ECD00133082B06F101063ADCDCF893
:108AB0000010090100F00F000843CCF8000014F882
:108AC000011F0029EAD1002E6AD0C44501D2072B2C
:108AD00074DD624552D2111F634653F8040B41F80E
:108AE000040FAB42F9D9A5EB0C0323F00303691C77
:108AF00004330CF1010C614538BF042313440021F9
:108B000043F8041BAB42FBD9019B53F8043C2BB93F
:108B1000AA4249D055F8043D002BF9D0052005B0F4
:108B2000BDE8F08F6245B6D200234CF8043C1946EC
:108B3000ACF1040C0123BDE70023ACF104084CF8B0
:108B4000043CB246C446A6E7C3F10801DCF8003095
:108B50008900C1F1200E60469B46476807FA0EF374
:108B600043EA0B0327FA01FB036040F804BF4045CA
:108B7000F3D38DE7191D01911D466EE7039B002B72
:108B8000C2D0039B0198C3F120014FF0FF33CB40CB
:108B900050F8041C0B4040F8043CB8E7292909D0E0
:108BA000042005B0BDE8F08F012305202B6005B03F
:108BB000BDE8F08F029901340C6084E7DCF8001006
:108BC000C3F108039B00C3F12007644608466668AA
:108BD00006FA07F1014326FA03F0216044F8040F76
:108BE0004445F4D375E700BFE0F0020082B049B11C
:108BF0005AB16BB113780B601278101E18BF0120A8
:108C000002B0704701A9002AF3D1104602B07047A4
:108C10006FF00100F4E700BF436C70B505460C46E9
:108C20004BB153F8240080B1026843F8242000239C
:108C3000C0E9033370BD2122042102F0E1FC0346A8
:108C400068640028EDD1002070BD012101FA04F60E
:108C5000721D9200284602F0D3FC0028F3D0C0E930
:108C60000146E4E731B1436C4A6853F822000860DA
:108C700043F82210704700BF2DE9F0410D69074607
:108C80000E461C4601F1140E0020DEF800108BB2D7
:108C900002FB03434FEA134C090C02FB01CC0130E9
:108CA0009BB203EB0C4385424EF8043B4FEA1C4455
:108CB000EBDC3CB1B368AB4207DD06EB8503013565
:108CC0005C6135613046BDE8F0817168384601313C
:108CD000FFF7A2FF8046A8B13269023206F10C010B
:108CE00092000C30F4F7F0FE7B6C726853F822109F
:108CF000316043F82260464606EB850301355C612E
:108D00003561DFE7024B03484246BA2102F058FCC6
:108D100068F00200E0F102002DE9F8431746274A07
:108D20001E4608330C46092E82FB03124FEAE373FA
:108D30000546C3EB620339DD4FF0010C00214FEA19
:108D40004C0C634501F10101F9DC2846FFF764FF93
:108D5000014668B3089B4361092F4FF0010303618B
:108D600012DC0A340927BE420BDDF61B264414F838
:108D7000013B0A22303B2846FFF77EFFA642014610
:108D8000F5D10846BDE8F88304F10909C8463C441A
:108D900018F8013B0A22303B2846FFF76DFFA0453B
:108DA0000146F5D1A7F108044C44DCE70021CCE7EB
:108DB0000A46034B0348D32102F002FC398EE33804
:108DC00068F00200E0F10200020C12040346CAB986
:108DD0000304102013F07F4F04BF1B02083013F070
:108DE000704F04BF1B01043013F0404F04BF9B00C1
:108DF0000230002B05DB13F0804F00F1010008BFAB
:108E0000202070470020E5E7036813F007020146C1
:108E100007D0DA071FD4980721D55B080B60012023
:108E2000704798B2A0B11046DAB20AB908301B0AEE
:108E30001A0704BF1B0904309A0704BF9B080230BD
:108E4000DA0703D45B0800F1010006D00B6070471D
:108E50001B0C1020E8E700207047202070479B087B
:108E60000B600220704700BF38B5436C04460D46C6
:108E70004BB15868B0B102685A6000220123C0E9C2
:108E80000435C26038BD2122042102F0B9FB03463B
:108E900060640028EDD1094B0948002240F24511D9
:108EA00002F08EFB1C220121204602F0A9FB0028C3
:108EB000F1D001220223C0E90123DEE768F00200BD
:108EC000E0F102002DE9F04F0E691569AE4285B060
:108ED0008846144605DB2A46234635460C46164688
:108EE0009846A3686168AF19BB42B8BF0131FFF76C
:108EF00093FE0190002800F08780019B03F1140984
:108F000009EB870AD14505D24B46002243F8042BD2
:108F10009A45FBD808F1140808EB860B04F11403FA
:108F2000D8451A4603EB85055FD22B1B153B23F072
:108F3000030304331534A54238BF0423CDE902A747
:108F4000AC461F46924605E0090C29D1C34509F1FC
:108F5000040948D958F8041B8DB2002DF4D05646A8
:108F60004C46002356F8041B22681FFA81FE90B27B
:108F7000090C05FB0E00120C034405FB012202EB59
:108F800013429BB243EA0243B44544F8043B4FEA20
:108F90001243E7D849F8073058F8041C090CD5D01B
:108FA000D9F8003050461A464C4600260588120C67
:108FB00001FB052216449BB243EA064344F8043BF6
:108FC00050F8045B22682D0C93B201FB053303EBD0
:108FD000164384454FEA1346E8D8C34549F807309D
:108FE00009F10409B6D8DDE902A7002F02DC05E08B
:108FF000013F03D05AF8043D002BF9D0019B1846DD
:109000001F6105B0BDE8F08F034B0448019A4FF48F
:10901000B17102F0D5FA00BF68F00200E0F1020081
:1090200012F003032DE9F0411446064632D10D46F5
:10903000A41020D0D6F84080B8F1000F33D0E30759
:109040004FF0000707D4641015D0D8F80000A8B17D
:109050008046E307F7D5424629463046FFF732FF00
:10906000B5B16968736C641053F821202A6043F825
:1090700021500546E9D12846BDE8F08142464146E7
:109080003046FFF71FFFC8F8000007608046E0E7A2
:109090000546D8E7013B0F4A52F823200023FFF78B
:1090A000EBFD0546C4E701213046FFF7B5FD8046DC
:1090B00040B1012340F27122C0E904320023306440
:1090C0000360BCE7044B0548424640F2451102F0FC
:1090D00077FA00BF30F3020068F00200E0F102000E
:1090E0002DE9F0470C4690462669A368496806EBCF
:1090F0006216751C9D4207464FEA621904DD5B004B
:109100009D4201F10101FADC3846FFF785FD8446F6
:10911000002851D0B9F1000F00F114000EDD09F163
:1091200005024FEA820E03460CEB8202002143F84F
:10913000041B9342FBD1AEF114031844216904F1DE
:10914000140318F01F0803EB81012DD0C8F120098A
:1091500086464FF0000A1A6802FA08F242EA0A024A
:109160004EF8042B53F8042B994222FA09FAF2D84C
:109170000B1B153B23F00303043304F1150291424A
:1091800038BF0423BAF1000F18BF2E4640F803A0E1
:109190007B6C6268CCF8106053F822102160604646
:1091A00043F82240BDE8F087043853F8042B40F818
:1091B000042F9942F9D8EBE7034B044862464FF479
:1091C000EF7102F0FDF900BF68F00200E0F102006B
:1091D0000B6984460069C01A15D10CF1140C1431C6
:1091E0000CEB830210B401EB830301E0944508D239
:1091F00052F8044D53F8041D8C42F7D004D24FF0BE
:10920000FF3010BC70477047012010BC704700BF92
:109210002DE9F84F0F691369FF1A002F0E4690468B
:109220007FD101F11405143202EB830205EB8303B5
:1092300001E09D4278D253F8041D52F8044DA1423A
:10924000F7D069D37168FFF7E7FC8146002877D033
:109250003569D8F81020C76008F1140E06F1140023
:1092600009F1140A06F110010EEB820200EB8507EA
:1092700056464FF0000C5EF8044B51F804BFA3B201
:109280001CFA8BFCACEB03034FEA144CCCEB1B4CED
:109290000CEB234C9BB243EA0C43724546F8043B6B
:1092A0004FEA2C4CE7D8A2EB0801153908F1150854
:1092B000424521F0030404F1040438BF042420448F
:1092C00021F0030238BF002287425244544418D987
:1092D0002646014651F8043B1CFA83FC4FEA2C4217
:1092E00002EB13421FFA8CFC4CEA02438F4246F811
:1092F000043B4FEA224CEDD8013F3F1A27F0030709
:10930000E21923B952F8043D013D002BFAD0C9F807
:1093100010504846BDE8F88F334601274646984628
:1093200090E7F9DB00278DE70021FFF775FC814608
:1093300068B101220023C9E904234846BDE8F88F3B
:10934000064B07484A4640F2452102F039F9034BE3
:1093500003484A4640F2372102F032F968F0020031
:10936000E0F10200114B0B40A3F15073002B03DD21
:1093700000221946104670475B42B3F1A07F4FEAC6
:10938000235206DA4FF400231341002219461046F7
:109390007047A2F114031E2BDABF4FF00042DA40EF
:1093A0000122002319461046704700BF0000F07FDD
:1093B0002DE9F843066900F1140808EB8606A6F1CA
:1093C000040956F8047C3846FFF7FEFCC0F1200380
:1093D0000A280B601CDDC8450CD2B0F10B0356F80F
:1093E000082C2DD147F07F5545F4401510462946ED
:1093F000BDE8F883B0F10B02F4D007FA02F242F0B4
:109400007F5545F44015002210462946BDE8F883F3
:10941000C0F10B0327FA03F2C84542F07F553CBF69
:1094200056F8082CDA4000F1150328BF002207FA8D
:1094300003F345F440151A4310462946BDE8F88366
:10944000C3F120009F4022FA00F10F43A6F108016A
:10945000884502FA03F238BF56F80C3C47F07F55B6
:1094600038BFC34045F4401538BF1A43104629465B
:10947000BDE8F88370B5012182B016461D46FFF79E
:10948000CBFB044600284AD02B46C5F30A55C3F34C
:1094900013030DB143F48013002E019314D101A8DE
:1094A000FFF7B2FC019B636101212030216115B3FC
:1094B000069BA5F2334505441D60079BC0F13500AE
:1094C0001860204602B070BD68460096FFF79CFC0D
:1094D00008B3019B0099C0F1200203FA02F20A438B
:1094E000C34001936261002B14BF02210121A361DB
:1094F0002161002DDCD104EB8102A0F2324310691E
:10950000069A1360FFF760FC079BC0EB41101860E0
:10951000204602B070BDDDE900236261E3E7034B42
:109520000348224640F20F3102F04AF868F0020088
:10953000E0F102002DE9F04383B00E46694607468C
:10954000FFF736FF04460D46304601A9FFF730FF0E
:1095500033693A69D21ADDE900369B1B03EB4213EB
:10956000002B0BDD05EB03594D4602460B4620460A
:109570002946FBF747FC03B0BDE8F083C3EB033398
:1095800001EB03573946F0E70139491101F1010CAC
:10959000116902F1140303EB81018B4200EB8C0C87
:1095A00016D210B5A0F1040E53F8044B4EF8044F38
:1095B0009942F9D88B1A153B23F00303043318445E
:1095C000844504D9002340F8043B8445FBD810BDF2
:1095D000844505D9002340F8043B8445FBD87047F7
:1095E000704700BF03694A11934200F1140009DA81
:1095F00000EB830302E053F8042DBAB98342FAD892
:10960000002070470FDD11F01F010CD010B450F88E
:10961000224000EB820324FA01F28A4094420BD0EC
:10962000012010BC704700EB8203E7E70120704780
:1096300053F8042D002AF3D18342F9D8002010BC3E
:10964000704700BF49B1FF2A02D80A700120704755
:109650008A2303604FF0FF3070470846704700BF11
:109660002DE9F04788B01E46119D254B80461F68A6
:10967000894614466DB3109B019407A904910321F8
:10968000CDE9026300914B464246384602F088F825
:10969000079B31689842C1F100012B460AD2A1EB29
:1096A000000C10F8012B03F8012B079A82420CEBF7
:1096B0000001F6D88C4220DD621A1A44302103F8EA
:1096C000011B9342FBD100231370284608B0BDE86C
:1096D000F087BA6C04F123039A4201DDFD6CCAE7FE
:1096E00004F1240AF96C52463846FCF7A5FB0546FE
:1096F0000028EAD0C7E912A0BDE71A46E3E700BF99
:10970000C08FFF1F2DE9F04FD9B00C460C91904649
:109710000E93824601F0E6FE036819931846FEF7A1
:109720004FFC08221790002128A8FEF76FF8A389A4
:109730001F0603D52369002B00F03F8700232FAAC3
:109740000024CDE92D33CDE91A33CDE91C33139331
:10975000189309930023CDE914342C929146444682
:10976000A046784BD3F8E450FEF7A4F9034628A8A6
:109770000090424624A95046A847002800F0B08037
:10978000C0F2A680249A252A034601D09844E8E72F
:10979000B8EB0407064640F0A78000234FF0FF32E5
:1097A0008DF887309B460B9308F1010898F800303C
:1097B00008922B25202608F10108A3F120025A2A3D
:1097C00000F2C280DFE812F0E602C000C000E10251
:1097D000C000C000C0006A00C000C00008028402CF
:1097E000C0001302C702C000C2025B005B005B0046
:1097F0005B005B005B005B005B005B00C000C000C7
:10980000C000C000C000C000C0004301C00089010A
:109810001D02430143014301C000C000C000C0005D
:109820001802C000C0009602C000C000C000B10114
:10983000C000A902C000C000DD06C000C000C0001A
:10984000C000C000C000C000C0004301C0008901CA
:10985000E2014301430143017702E2017F00C000BE
:109860008902C0005F02DA0632027F00C000B10147
:109870007C00B406C000C000B806C0007C00A3F1A4
:109880003002002118F8013B01EB810102EB41019C
:10989000A3F13002092AF5D90B918EE7504601F069
:1098A00021FE43681C931846FEF78AFB1D9007466D
:1098B000504601F017FE83681A93002F40F0B185DF
:1098C00098F8003077E798F800304BF0200B72E7FB
:1098D0000822002128A8FDF799FF0123984440E7BA
:1098E000B8EB0407064611D02E9B3B442E932D9BCC
:1098F0000133072BC9E900472D9319DC09F1080949
:10990000099B3B440993002E7FF447AF2E9B002B0D
:1099100041F001820C9BB3F90C3013F0400F099B0E
:1099200018BF4FF0FF330993099859B0BDE8F08F85
:109930000C992CAA504602F0D7FE0028EAD10DF16E
:10994000BC09DDE7348DFF1F1093002BDED0002211
:109950008DF8FC3001238DF8872007930D920A9330
:1099600008921292169211923FAC1BF0020302D0A1
:109970000799023107911BF084010F9105D10B99D2
:1099800007980F1A002F00F382832E9E82B10122C6
:10999000C9F804202D9A013201360DF18701072AFA
:1099A0002E962D92C9F8001000F3BD8309F1080925
:1099B00083B12D9B22AA01330236C9F80020072B60
:1099C0004FF002022E962D93C9F8042000F3C083B5
:1099D00009F108090F9B802B00F08182089B0A9AED
:1099E0009F1A002F00F3BC821BF4807F40F01E8280
:1099F0000A9BC9F804301E442D9BC9F8004001336E
:109A0000072B2E962D9300F3378309F108091BF0DD
:109A1000040F05D00B9B079A9C1A002C00F3A4831B
:109A2000099B0B9A07998A42ACBF9B185B18099354
:109A3000002E40F0CA8200232D930D9B1BB10D997F
:109A40005046FEF7CFFB0DF1BC09444688E6109363
:109A50000E9B073323F00701F1E80223CDE914231D
:109A6000DDE9142323F000450E9116461046B34B52
:109A700029464FF0FF32FBF735FB002840F0FC840D
:109A8000AE4B304629464FF0FF32FBF70DFB002866
:109A900040F0F284DDE9140100220023FBF7FAFA1A
:109AA000002841F038809DF88720A54CA54B2BF06D
:109AB000800B10994729C8BF1C46002303210D9332
:109AC00007910A910893129316931193002A3FF479
:109AD0004CAF079B0133079347E7432B109303D009
:109AE0001BF0100F00F051850E9E082200212AA8BD
:109AF0003FACFDF78BFE2AAB56F8042B21465046AF
:109B000002F0AAFD034601330A9001F0C3820A9BCA
:109B10000E9623EAE373079300228DF887200D92B7
:109B200008921292169211921FE70E9F109357F807
:109B3000044B00238DF88730002C00F04D85109BDE
:109B4000532B00F0D4861BF01003119340F0CF8606
:109B5000089B5D1C01F0CC8011991A46204601F04B
:109B6000DFFC0D90002801F051830D9B11999DF8A9
:109B700087200E971B1B0A9323EAE3730793732333
:109B80000891129116910D9110939FE71BF0200FF1
:109B900010930E9B3CD0073323F007031A4611465F
:109BA0005B6851F8082B0E911946002BC0F2018416
:109BB000089B013300F0A88252EA01032BF08005D4
:109BC00040F0A382089B002B40F0A482AB46002308
:109BD00008930A9358ACFFE00E9B53F8042B0B92AA
:109BE000002A80F20C840B9A0E9352420B9298F842
:109BF00000304BF0040BDEE598F800304BF0080B1A
:109C0000D9E54BF0100B1BF0200F10930E9BC2D127
:109C10001BF0100F40F0FE831BF0400F00F0F683A6
:109C200033F9042B0E93D1170B46BEE70E9B53F866
:109C3000042B0E9347F63003ADF888307820424B62
:109C400018934BF002050021022310900020089C7D
:109C50008DF88700601C00F0A88052EA010025F012
:109C6000800B40F0A180002C40F09586002BAED1F7
:109C700015F001030A9300F0C78330238DF85F319C
:109C80000DF25F14A8E01BF0200F40F0E5831BF0FD
:109C9000100F40F086861BF0400F40F07F871BF4CA
:109CA000007F00F07E860E9B099953F8042B0E93DB
:109CB0001170444654E598F80030682B03BF98F8BB
:109CC00001304BF4007B08F101084BF0400B72E5CA
:109CD00098F800308DF887506DE598F800306C2BBF
:109CE00003BF98F801304BF0200B08F101084BF04E
:109CF000100B60E510934BF0100B1BF0200100F0EF
:109D00004A830E9B073323F00703596853F8082B47
:109D10000E932BF48065002398E710934BF0100509
:109D200015F0200100F028830E9B073323F0070372
:109D3000596853F8082B0E93012387E7FFFFEF7F45
:109D40003CF30200ACE9020034E7020098F800306E
:109D50004BF0800B2FE5414611F8013B2A2B01F017
:109D60007F82A3F13002092A884698BF002101F2C0
:109D7000768118F8013B01EB810102EB4101A3F16F
:109D80003002092AF5D9089117E598F800304BF010
:109D9000010B10E59DF88730002B7FF491AD98F80A
:109DA00000308DF8876006E55D46012B00F0AD813F
:109DB000022B58AC1FD1189802F00F031209C35C94
:109DC00004F8013D42EA0172090952EA0103F3D1A4
:109DD00058AB1B1BAB460A930A9908989DF887203D
:109DE00081424FF00003B8BF01460D9307911293D3
:109DF000169311936AE602F00703D20842EA417211
:109E0000C908303352EA0106204604F8013DF2D178
:109E1000E907DDD5302BDBD03023023804F8013CD4
:109E200058AB1B1AAB460A930446D5E7109B652B2B
:109E300040F3DC80DDE9140100220023FBF720F968
:109E4000002800F0C8810123C9F804302D9BBD4AC9
:109E5000C9F8002001330136072B2E962D9300F30D
:109E6000398509F10809239B139A934280F2C28233
:109E7000179B199A1E44C9E900232D9B2E96013386
:109E8000072B2D9300F38D8309F10809139B5C1EAA
:109E9000002C7FF7BCAD102C2D9BAB4D40F35585AE
:109EA000324610270C9E05E009F10809103C102CE1
:109EB00040F34A8501331032072BC9E90057CDE939
:109EC0002D32F1DD2CAA3146504602F00DFC00285F
:109ED00040F08380DDE92D320DF1BC09E6E70B9BF4
:109EE000079A9F1A002F7FF779AD102F2D9B964D63
:109EF00023DD324626460C9C04E0103F102F09F16A
:109F0000080918DD013310321021072BCDE92D325D
:109F1000C9F80050C9F80410EFDD2CAA21465046BC
:109F20000DF1BC0902F0E0FB002856D1103F102FC4
:109F3000DDE92D32E6DC3446164601333E44072B7C
:109F4000CDE92D36C9F80050C9F8047000F3168524
:109F5000089B0A9A9F1A002F09F108097FF744AD60
:109F6000102F2D9B784D22DD324626460C9C04E0B6
:109F7000103F102F09F1080917DD013310321021AD
:109F8000072BCDE92D32C9F80050C9F80410EFDDD8
:109F90002CAA2146504602F0A7FBF0B9103F102F23
:109FA000DDE92D320DF1BC09E7DC344616460133FC
:109FB0003E44072BCDE92D36C9F80050C9F804708E
:109FC00000F3CD8109F108090EE50C992CAA504641
:109FD00002F08AFB00283FF42EAD0D9B002B3FF4CE
:109FE00099AC0D995046FEF7FDF893E4139B012BB5
:109FF00040F36E812D9FC9F8004001231F440136B4
:10A00000072FC9F804302E962D9700F3D98109F156
:10A010000809179B199A01371E44072FC9E9002325
:10A02000CDE92D7600F3D98109F10809DDE91401A4
:10A0300000220023FBF724F8002840F06781139BDF
:10A040000137013B01341E44072FC9F800402D970A
:10A05000C9F804302E9600F34C8109F108091B9BC6
:10A06000C9F8043001371E44072F26ABCDE92D7601
:10A07000C9F800307FF7C9AC0C992CAA504602F001
:10A0800033FB0028A9D12E9E0DF1BC09BFE4102F8F
:10A09000DDE92D212D4D27DDCDE91E381026D046D6
:10A0A000A2460C9C04E0103F102F09F1080916DDB0
:10A0B00001321031072AC9E90056CDE92D21F2DD20
:10A0C0002CAA214640460DF1BC0902F00DFB0028E8
:10A0D00040F0F283103F102FDDE92D21E8DC5446DB
:10A0E0001E9BC246DDF87C80C9F8005001327E1804
:10A0F000072ACDE92D26C9F8047000F3CC839DF81A
:10A10000872009F1080941E45D460A2A71F100033C
:10A1100080F02983303201238DF85F21AB460A930A
:10A120000DF25F1458E60C991E932CAA504602F0CB
:10A13000DBFA00287FF451AF2E9E1E9B0DF1BC0967
:10A1400036E400BFC4E9020070F3020060F30200CD
:10A150000C992CAA504602F0C7FA00287FF43DAFB4
:10A160002E9E0DF1BC0935E4102C2D9BB84D1FDD42
:10A17000DDF830B0102704E0103C102C09F108097C
:10A1800016DD01331036072BC9E90057CDE92D360E
:10A19000F2DD2CAA594650460DF1BC0902F0A4FA92
:10A1A00000287FF41AAF103C102CDDE92D36E8DCD6
:10A1B00001332644072BC9E90054CDE92D367FF73A
:10A1C0002FAC0C992CAA504602F08EFA00287FF48E
:10A1D00004AF2E9E24E42399002940F32783119D88
:10A1E000139B9D42A8BF1D46002D0BDD2D9B013307
:10A1F0002E44072BC9E900452E962D9300F3DD86EA
:10A2000009F10809119F002DA8BF7F1B002F00F343
:10A21000F481119B1BF4806F23440A9340F0148255
:10A22000239B139A934203DB1BF0010F00F0A584DC
:10A23000179A19991644C9E900122D9A2E960132DF
:10A24000072A2D9200F3C68609F10809139AA5186A
:10A25000D41A0A9BED1AA542A8BF2546002D0DDD94
:10A26000C9F800302D9BC9F8045001332E44072B48
:10A270002E962D9300F3BE8609F10809002DA8BF84
:10A28000641B002C7FF7C3AB102C2D9B714D40F34A
:10A290005C83324610270C9E05E009F10809103C4A
:10A2A000102C40F3518301331032072BC9E90057BA
:10A2B000CDE92D32F1DD2CAA3146504602F014FAD8
:10A2C00000287FF48AAEDDE92D320DF1BC09E6E706
:10A2D0001BF0010F7FF48EAE2D9FC9F800400123C3
:10A2E0001F440136072FC9F804302E962D977FF7AB
:10A2F000B4AE0C992CAA504602F0F6F900287FF46F
:10A300006CAEDDE92D760DF1BC09A8E6139B5C1E51
:10A31000002C7FF7A4AE102C4E4D40F34C833246F8
:10A3200010230C9E05E009F10809103C102C40F3A5
:10A33000418301371032072FC9E90053CDE92D724F
:10A34000F1DD2CAA3146504602F0CEF900287FF408
:10A3500044AEDDE92D720DF1BC091023E5E70C993F
:10A360002CAA504602F0C0F900287FF436AE2E9E8B
:10A370000DF1BC09FFF738BB15F0100360D115F0E3
:10A38000400200F073830E9850F8042B0E9019468B
:10A3900092B201235AE41BF0100368D11BF0400273
:10A3A00000F056830E9850F8042B0E90194692B286
:10A3B000AFE4524261EB41015D462D20012346E4AA
:10A3C0000C992CAA504602F08FF900287FF405AEB4
:10A3D000DDE92D760DF1BC091BE60C992CAA50463F
:10A3E00002F082F900287FF4F8ADDDE92D760DF159
:10A3F000BC091BE61BF0010F3FF409AB38E50E93D7
:10A4000098F80030FFF7D7B958ACE5E41BF4007FAB
:10A4100040F0BD8353F8042B0E93D1170B46FFF782
:10A42000C4BB1A9B002B3FF44BAA1A9B1B78002B32
:10A430003FF446AA98F800304BF4806BFFF7BBB9A5
:10A440000E9B53F8042B0E930123FFF7FFBB00BFB5
:10A4500060F3020070F302000E9B099853F8041B8E
:10A460000E93C217C1E900024446FFF779B90E9B6B
:10A4700053F8042B0E934CE4DDE9140102460B461D
:10A48000FAF730FE002840F07586109B612B00F033
:10A490005B85412B00F0AC85089B0133109B23F0BA
:10A4A0002003079300F06384472B04D1089B002B03
:10A4B00008BF01230893DDE914010A46002A4BF482
:10A4C0008073CDF83CB0C0F2E1859B460023164670
:10A4D0001E9307460D93109B413B252B00F267838B
:10A4E000DFE813F0520465036503650349044E0475
:10A4F000650365036503650365036503650365031C
:10A50000650365036503650365036503650365030B
:10A5100065036503650365036503650365036503FB
:10A5200065036503650365036503650349044E041C
:10A5300010935D46FFF7F4BB1093B74B18931BF0D5
:10A54000200100F0FC800E9B073323F007035968BD
:10A5500053F8082B0E931BF0010F0AD052EA0103A7
:10A5600007D0109B8DF8893030234BF0020B8DF80B
:10A5700088302BF480650223FFF768BB1093FFF748
:10A58000BCBB1093A54B1893D9E70E9B012153F840
:10A59000042B07918DF8FC200E930A913FACFFF736
:10A5A000BBBA0C992CAA504602F09EF800287FF402
:10A5B00014AD2E9E0DF1BC0968E440215046FBF716
:10A5C0007FF90C9B18601861002800F060860C9AD7
:10A5D00040235361FFF7B2B8089B0D94062B214628
:10A5E00028BF06230894224607938D4C0E970A93A2
:10A5F000129116911191FFF769BA102F2D9B894D79
:10A6000040F34582324626460C9C05E009F10809D4
:10A61000103F102F40F33982013310321021072BE5
:10A62000CDE92D32C9F80050C9F80410EEDD2CAA8E
:10A630002146504602F058F800287FF4CEACDDE900
:10A640002D320DF1BC09E3E7139B0A9DCDF83C8048
:10A650004A46DDF85890CDF828B0E31808931A9FC1
:10A66000DDF874B0DDF83080129B10943146B9F1FA
:10A67000000F2ED083BB013F09F1FF391C9BC2E9BB
:10A68000003B2D9B01335944072B2E912D935FDC0A
:10A690000832089B38785B1B8342A8BF0346002B17
:10A6A0001E460BDD2D98013019440728C2E90053DE
:10A6B0002E912D9000F3568138780832002EACBFD1
:10A6C000841B0446002C0BDC0544129BB9F1000FDF
:10A6D000D0D1002B00F0D483129B013B1293CDE725
:10A6E000102C2D981DDD102604E0103C102C02F1DA
:10A6F000080216DD01304B4B10310728C2E9003645
:10A70000CDE92D01F1DD2CAA4146504601F0ECFFC8
:10A7100000287FF462AC103C102CDDE92D012FAA3B
:10A72000E8DC01303F4B546021440728CDE92D017E
:10A73000136000F3FB83387808320544C5E71BF04B
:10A74000100300F0BC800E9B53F8042B0E9302E71D
:10A750002CAA4146504601F0C7FF00287FF43DACCB
:10A760002E992FAA95E7CDF834902F4BDDF86890FD
:10A77000CDF81C8005F480674FF0000C58AC4FF00A
:10A78000CC3B0A9505E00A2A71F1000134D3424618
:10A790003146501840F10000A3FB005626F0030597
:10A7A00005EB9605401B151A61F1000E0BFB05F633
:10A7B00003FB0E66A5FB03852E4408F0010E05255C
:10A7C000AEFB055E2D184FEA5808303504F8015CE1
:10A7D00048EAC6780CF1010C013C7608002FD2D073
:10A7E00099F800008445CED1BCF1FF0FCBD00A2AE6
:10A7F00071F1000180F098810A9DCDF8689058AB06
:10A800001B1BDDF81C80DDF83490CDF84CC0AB4646
:10A810000A93FFF7E1BA00BF34E7020044F30200F5
:10A8200058F3020070F30200CDCCCCCC0123C9F860
:10A8300004302D9BBA4AC9F8002001330136072B9A
:10A840002E962D9300F38C8109F10809002940F020
:10A85000BE80139A0BF0010313433FF4D8A8179B53
:10A8600019999A19C9E900132D9B2E920133072BD0
:10A870002D9300F36E8209F108091399C9F800407D
:10A8800001338E18072BCDE92D36C9F804107FF758
:10A89000BCA8FFF7F1BB0C991E932CAA504601F0FF
:10A8A00023FF00287FF499AB9DF887202E9E1E9BE6
:10A8B0000DF1BC09FFF76AB8C246FFF78EBB1BF06B
:10A8C000400200F0B8800E9850F8042B0E90194604
:10A8D00092B240E60C992CAA504601F005FF0028E0
:10A8E0007FF47BAB2E9E0DF1BC09FFF7BCBA2AAEFC
:10A8F0000822002130462594FCF788FF089B5A1C4B
:10A9000000F0D4800025CDF81C80CDF834B0A846E6
:10A910009B460CE03FA9504601F09EFE431C40447C
:10A9200000F0B883584508DC00F035848046259A4D
:10A93000525933460435002AECD1CDF82880DDF891
:10A9400034B0DDF81C80BEE0164601332644072BE8
:10A95000C9F80050C9F80440CDE92D367FF755A855
:10A96000FFF78ABB2CAA4146504601F0BDFE0028E5
:10A970007FF433AB38782E992FAA9FE60C992CAA36
:10A98000504601F0B1FE00287FF427AB2E9E0DF15A
:10A99000BC09FFF723B8012B5D467FF409AAFFF736
:10A9A000B9BB0E9B099953F8042B444611600E93D2
:10A9B000FEF7D6BE164601372644072FCDE92D7681
:10A9C000C9F80050C9F804407FF747AB91E4179BE2
:10A9D00019989A19C9E900032D9B2E920133072B70
:10A9E0002D9300F3B68109F108090029BFF645AFA0
:10A9F0004F4210314B4D80F2888349461026A146C4
:10AA00000C9C04E00831103F102F40F37C8301338D
:10AA10001032072BC1E90056CDE92D32F2DD2CAA08
:10AA20002146504601F060FE00287FF4D6AADDE9F9
:10AA30002D322FA9E7E70E9B1BF400711ABF1146B8
:10AA400053F8042B53F8042B0E9318BFD2B282E5AF
:10AA50000E9B1BF400711ABF114653F8042B53F8D8
:10AA6000042B0E9318BFD2B2FFF753B90E9B15F407
:10AA700000711ABF114653F8042B53F8042B0E93A0
:10AA800018BFD2B20123FFF7E1B8344616460133AE
:10AA90003E44072BCDE92D36C9F80050C9F80470A3
:10AAA00000F34A8109F10809FFF7B3BB00231946F7
:10AAB000009625AA504601F0F5FD034601330A90A1
:10AAC00000F0E88225940A9B002B3DD0632B00F315
:10AAD000298100230D933FAC082200213046FCF76A
:10AAE00095FE0A9D00962B4625AA2146504601F068
:10AAF000D9FD854240F0C4830A990E970023635420
:10AB000021EAE1719DF8872008930791129316932B
:10AB10001193FEF7DBBF2D228DF88720FEF7C5BF0E
:10AB2000C4E9020070F302001D9B1C99E41A1A4646
:10AB30002046FCF769FF99F80120A54B0AB109F1FD
:10AB400001094FF0000C22E60A9B9DF887200E9722
:10AB5000CDE907331293169311930D93FEF7B6BF09
:10AB60000C992CAA504601F0BFFD00287FF435AAAD
:10AB700023992E9E0DF1BC0968E6139A0A99A5182F
:10AB80006D1AD41AA542A8BF2546FFF777BB13F963
:10AB9000042B0E93D1170B46FFF707B80E9B0999AC
:10ABA00053F8042B0E9311804446FEF7D9BD089B41
:10ABB0000A9302232AA9049125A90A9D039123A996
:10ABC00000933A46334601950291504600F0E8FD65
:10ABD000079B472B044600F0A381462B054405D173
:10ABE0000378302B00F0B882239B1D443846314651
:10ABF00000220023FAF744FA002800F066812B4671
:10AC00001B1B1393079B472B00F04A81079B462B86
:10AC100000F00082239B1193119B079A013B412A6C
:10AC2000239300F023829DF840200021002BB8BF21
:10AC3000119B8DF89820BABFC3F101032D222B225E
:10AC4000092B8DF8992040F34F820DF1AF05614E2D
:10AC50002A46104686FB0321DA17C2EBA10202EB5B
:10AC60008201A3EB4101303100F8011C1946632930
:10AC7000134600F1FF32ECDC3033D9B2831E9D4223
:10AC800002F8011C40F2E98213460DF19A0201E03C
:10AC900013F8011B02F8011B9D42F9D10DF1B1031C
:10ACA0000DF19A021B1A134426AA9B1A1B93139B9D
:10ACB0001B9A012B1A440A9240F349820A9B179A65
:10ACC00013440A930F9B0A9A23F4806343F4807B16
:10ACD00022EAE272002312930792169311931E9BAD
:10ACE000002B40F0EB809DF887200893FEF7EEBE26
:10ACF00020460E97FDF764F9119B089320EAE07156
:10AD0000129316930D9373239DF887200A90079151
:10AD10001093FEF7DBBE0C992CAA504601F0E4FC20
:10AD2000FEF7F8BD591C5046FAF7CAFD0446002844
:10AD300000F0B0810D90CFE60C992CAA504601F09E
:10AD4000D3FC00287FF449A92E9E0DF1BC09FFF722
:10AD500060BA0C992CAA504601F0C6FC00287FF47A
:10AD60003CA9DDE92D3223990DF1BC093DE606230E
:10AD70000893FFF7A0BB089B01330A93022319E74E
:10AD8000089B0A93032315E73846314623AAF6F7B2
:10AD9000F1F900224FF07F53F9F70AFF0022002358
:10ADA00006460F46FAF76CF908B1012323930A4BC4
:10ADB0000A93089BCDF84C90013BCDE9118B2546B9
:10ADC000DDF828B0CDF858A098461F940DE000BFDC
:10ADD000CDCCCCCC6766666644F30200002200232B
:10ADE00008F1FF38FAF74CF9E8B9AE4B00223046CB
:10ADF0003946F9F7DDFE0F460646FAF789F90446AB
:10AE0000F9F76CFE0B46024639463046F9F718FD55
:10AE10001BF80430B8F1FF3FAA46C14605F8013BD4
:10AE200006460F46DAD1A04B002230463946DDE90E
:10AE3000118BCDF84490DDF84C90CDE912A4DDF8EB
:10AE400058A01F9CFAF744F9002840F03181964B36
:10AE5000304639460022FAF713F918B1139BDE0782
:10AE600000F12681119B002B07DB119B01332B4442
:10AE7000302205F8012BAB42FBD12B1B1393C1E60B
:10AE8000109C139BDDF828B0DDF83C801A97E3187E
:10AE90009D4228BF1D4691460E460A95FFF7C0B950
:10AEA000239B1193DD1C02DB089A934219DD109B52
:10AEB000023B109323F020030793ADE62D220023DD
:10AEC0008DF887200893FEF704BE2A9BAB42BFF49F
:10AED00097AE30215A1C2A9219702A9B9D42F9D8AC
:10AEE0008EE6119B139A9342C0F2C5800F9B13F01C
:10AEF000010F119B00F04D81179A13440A930F9B89
:10AF0000590503D5119B002B00F356810A9B23EAB8
:10AF1000E373079367231093002312931693DEE6DF
:10AF20000F9BDB0700F19F802A9B69E62CAA414614
:10AF3000504601F0D9FB00287FF44FA838782E99AD
:10AF40002FAA0544FFF7C1BB78238DF88930302341
:10AF50008DF888304BF002030F93089B632B00F3AE
:10AF6000ED8000230D933FACDDE914121346002B56
:10AF70004BF4817B67DB1E46109B23F02003079375
:10AF800000230F461E93109B612B7FF4A4AA384622
:10AF9000314623AAF6F7EEF800224FF07F53F9F777
:10AFA00007FE0022002306460F46FAF769F808B1AB
:10AFB000012323933D4B0A93FBE60C992CAA5046A0
:10AFC00001F092FB00287FF408A82E9E0DF1BC0929
:10AFD000FFF718B90C992CAA504601F085FB002800
:10AFE0007EF4FBAF239B2E9E0DF1BC09FFF72EB91B
:10AFF0005823AAE70C992CAA504601F075FB0028AB
:10B000007EF4EBAF239C139B2E9E1C1B0DF1BC0901
:10B01000FFF734B9239A0F9B1192002A03F0010322
:10B0200040F3088108990B4340F0FD80119B0A937F
:10B03000662310930F9B5A0500F1C0800A9B23EAF8
:10B04000E373079368E7109B23F020030793DDE980
:10B05000142303F100462D2317461E9393E7002285
:10B060000892FEF7AABB0A9D2544BFE5109A0F324D
:10B07000D2B20121DAE5139B179A9A18119B0A9212
:10B08000002B40F38F8067231093D3E79B46002368
:10B090000D93DCE70C9AB2F90C3043F04003938136
:10B0A000FEF73BBC000030400000E03F34E7020008
:10B0B000129B0A9A2A93D17B15F8013C8B422A46AF
:10B0C00009D1302002F8010C2A9A531E2A9312F853
:10B0D000013C9942F6D0392B0BBF0A9B01339B7A76
:10B0E000DBB202F8013CC8E6002940F08C80302237
:10B0F0008DF89A200DF19B02303302F8013B26AB0C
:10B10000D31A1B93D3E54C46894601333A44072BA7
:10B11000CDE92D32C9F80050C9F804707FF7ABAB08
:10B120000C992CAA504601F0DFFA00287EF455AFA6
:10B13000DDE92D320DF1BC09FFF79FBB591C5046CC
:10B14000FAF7BEFB04460028A4D00D900CE70F9B35
:10B15000D8077FF5B7ADB1E5384631460022002368
:10B16000F9F78EFF00287FF43FAD0A9BC3F101037E
:10B1700023933AE5159B4A4C002BB4BF2D229DF832
:10B180008720484BB8BF8DF887202BF0800BFEF747
:10B1900090BC0A93B3E6089BDDF81C80DDF834B060
:10B1A0000A9390E4C3F101031A4422EAE27307937D
:10B1B00067230A921093AFE6672310931A990B78CE
:10B1C000FF2B59D00025119A284603E001300131A8
:10B1D000FF2B08D0934206DAD21A4B78002BF5D118
:10B1E0000B780135F4E711921A9116901295129A84
:10B1F000169B1D9913440A9A01FB03230A9323EA21
:10B20000E37307936BE50DF19A0275E7089B0793CB
:10B210000A9373239DF887200E970890129016903A
:10B220001093FEF753BC179BD518294466230A9147
:10B230001093FFE6089A134305D101236622079372
:10B2400010920A9368E6179B5D1C2A4422EAE27377
:10B25000079366230A9210935EE602231B9326E56A
:10B260000E9A98F80130884652F8041B0E9241EA73
:10B27000E1710891FEF79FBA002312931693B6E787
:10B280000C9A938943F040039381FEF7A6BE0C23EA
:10B29000CAF800304FF0FF330993FEF745BB00BFFB
:10B2A00040F30200A8E9020070B500294BD0064621
:10B2B0000C4610B1436B002B48D0636ED80734D5D1
:10B2C000B4F90C30002B3ED02146304600F050F847
:10B2D000E36A054633B1E169304698470028B8BFB4
:10B2E0004FF0FF35A3891A063CD4216B41B104F11C
:10B2F0004003994202D03046FCF774FF00232363D9
:10B30000616C21B13046FCF76DFF00236364FCF7EC
:10B310006BF9636E0022DB07A2811FD5A06DFCF7DD
:10B3200061FCFCF767F9284670BDA3899905CBD469
:10B33000A06DFCF759FCB4F90C30002BC4D1656E3C
:10B3400015F0010505D00025284670BDFCF72EF943
:10B35000B3E7A06DFCF74AFC284670BDA06DFCF772
:10B3600045FCDBE721693046FCF73CFFBDE700BF49
:10B37000B1F90C20F8B50C461107074642D46368B2
:10B3800042F40062002BA28159DDA56A002D54D041
:10B3900000233E683B6093B212F4805253D1E169BE
:10B3A00001233846A847421C63D0A389A56A5B07DE
:10B3B00005D56368C01A236B0BB1E36BC01AE16952
:10B3C000024600233846A847411C3ED13B68002B6B
:10B3D0003BD01D2B01D0162B52D1A38922692260AC
:10B3E00023F4006300216160A381216B3E6021B3DF
:10B3F00004F14003994202D03846FCF7F3FE0020E6
:10B400002063F8BD2669C6B193B2256826609A0705
:10B410000CBF63690023AD1BA3600CE0D4F824C00B
:10B42000E1692B4632463846E047B0F1000CA5EB07
:10B430000C05664416DD002DF0DC0020F8BDE36B42
:10B44000002BA2DCF9E7206DB1E7B4F90C302269DA
:10B45000226023F40063A3810022DB046260C4D570
:10B460002065C2E7A38943F040034FF0FF30A3817A
:10B47000F8BD3B68002B98D01D2B06D0162B04D0AE
:10B48000A38943F04003A381F8BD3E60D5E700BF28
:10B4900038B50C46054608B1436B03B3B4F90C004C
:10B4A00088B1636EDB0701D481050FD5284621469C
:10B4B000FFF75EFF636EDA07054602D4A3899B059A
:10B4C00008D5284638BD0546284638BDA06DFCF78E
:10B4D0008BFBEBE7A06DFCF789FB284638BDFCF73A
:10B4E00065F8DBE700487047248EFF1F38B5074D2D
:10B4F000074C2C1BA41005D0013C55F8043D98477F
:10B50000002CF9D1BDE8384003F0F8BF000000007E
:10B5100000000000FFFFFFFFFFFFFFFFFFFFFFFF37
:10B5200001F0FF01102A2BDB10F0070F08D010F8F4
:10B53000013B013A8B422DD010F0070F42B3F6D1F8
:10B54000F0B441EA012141EA014122F007047FF011
:10B5500000070023F0E80256083C85EA010586EA68
:10B56000010685FA47F5A3FA87F586FA47F6A5FAA4
:10B5700087F68EB9EED1F0BC01F0FF0102F00702B0
:10B5800032B110F8013B013A83EA010313B1F8D15B
:10B590000020704701387047002D06BF354603383C
:10B5A000073815F0010F07D1013015F4807F02BF75
:10B5B000013015F4C03F0130F0BC0138704700BFC6
:10B5C00000B50B4C25681446EE681A4685B0034654
:10B5D0000D464CB107490095CDE9011430460649A6
:10B5E00001F06EF8F2F7A4FB04490C46F3E700BF44
:10B5F000C08FFF1F80F3020090F302008CF3020063
:10B6000038B5A1FB02148CBBFAF75AF90546E0B134
:10B6100050F8042C22F00302043A242A17D8132AE3
:10B620001AD91B2AC0E900441DD9242A14BF00F1ED
:10B63000100200F118024FF00003C0E9024404BFF9
:10B6400004614461C2E900339360284638BD214655
:10B65000FCF7DCF8284638BD02460023C2E9003377
:10B660009360284638BD00F10802F6E7FCF78EFA31
:10B670000C2300250360E8E72DE9F04F03690C690E
:10B68000A34283B0C0F28880013C01F11405A300FD
:10B6900000F11408009355F8243058F824200133A1
:10B6A0008A469A4208EB8401814605EB84070191A2
:10B6B000B2FBF3F63AD34FF0000CAE46404662467A
:10B6C00063465EF804BB01681FFA8BFC06FB0C3373
:10B6D0004FEA134C4FEA1B4B06FB0BCC9BB2D31A21
:10B6E0001FFA8CF213FA81F3C2EB114202EB2342F0
:10B6F0009BB243EA0243774540F8043B4FEA2242BB
:10B700004FEA1C43DDD2009B58F8033073B9019B0C
:10B71000043B984504D307E0984504F1FF3403D275
:10B7200053F80429002AF7D0C9F81040514648467A
:10B73000FDF74EFD00282BDB01364146002355F86E
:10B74000040BD1F800C082B29A1A030C12FA8CF2E0
:10B75000C3EB1C4303EB224392B242EA0342AF42E3
:10B7600041F8042B4FEA2343E9D258F8242008EB90
:10B7700084036AB9043B984504D307E0984504F173
:10B78000FF3403D253F80429002AF7D0C9F8104037
:10B79000304603B0BDE8F08F002003B0BDE8F08F65
:10B7A0002DE9F04F816B99B090469946CDE9048917
:10B7B000259D044641B1C26B4A60012393408B60D2
:10B7C000FDF750FA0023A363B9F1000AB4BF0123C7
:10B7D00000232B60764BBCBF2AF0004ACDF814A0A2
:10B7E00033EA0A0300F0AB80DDE904231046194672
:10B7F00000220023CDE90A01F9F742FC074678B19F
:10B80000249A01231360269B002B00F0AE83694B22
:10B81000269A1360013B0393039819B0BDE8F08F9B
:10B8200016AB019317AB00932046DDE90A23FDF721
:10B8300021FE5FEA1A56054640F09780DDE916764C
:10B840003E4406F23243202B40F3A683C3F140036B
:10B850000AFA03FA06F2124328FA03F04AEA000051
:10B86000F9F72CF90123013EA1F1F8710F93524B26
:10B870000022F8F7E5FF48A3D3E90023F9F798F988
:10B8800047A3D3E90023F8F7DDFF80463046894619
:10B89000F9F724F944A3D3E90023F9F789F902461B
:10B8A0000B4640464946F8F7CDFF80468946F9F7F2
:10B8B0002FFC00228346002340464946F9F7EAFB65
:10B8C000002840F04583BBF1160F00F234833B4B58
:10B8D00003EBCB03D3E90023DDE90A01F9F7DAFB37
:10B8E000002871D00023BF1B0E937B1E0BF1FF3B82
:10B8F000069300F1278300230993BBF1000F6ADA56
:10B90000099BCDF81CB0A3EB0B030993CBF100030B
:10B910000D93229B092B4FF0000B65D8052B40F3AC
:10B920003983043B22930026229B023B032B00F227
:10B930006786DFE813F04E044B0442042504249A82
:10B94000CAF3130A42F20F735AEA080A13601AD1B3
:10B95000269B002B00F06386194B03930833269A2D
:10B960000398136019B0BDE8F08FDDE90A12C2F345
:10B970001303084643F07F510F97A6F2FF36169F38
:10B9800041F4401173E7269B002B40F0DB830D4B05
:10B99000039341E7AFF3008061436F63A787D23F12
:10B9A000B3C8608B288AC63FFB799F501344D33FAE
:10B9B0000000F07FC5E902000000F83F68F20200D5
:10B9C000C0F30200CCF30200BF1B7B1E069300F104
:10B9D0007E840E900990069B5B44CDE9063B0023D4
:10B9E0000D93229B092B99D90023CDE922330126FF
:10B9F0004FF0FF330C960893089B12930021E163EC
:10BA00002046FDF709F90390002800F00186039B0A
:10BA1000A363089B0E2B00F21381002E00F010810F
:10BA20000799002940F35584AE4B01F00F0203EB58
:10BA3000C2034FEA2118C905D3E9006740F1118418
:10BA4000A94BDDE90A01D3E90823F9F7DBF9CDE9D0
:10BA5000100108F00F084FF0030AB8F1000F13D0DF
:10BA6000DFF8849218F0010F09D030463946D9E941
:10BA70000023F9F79DF80AF1010A06460F465FEA2E
:10BA8000680809F10809EDD1DDE9100132463B46AD
:10BA9000F9F7B8F9804689460E9B43B1934B0022D3
:10BAA00040464946F9F7F6FA002840F02A85504604
:10BAB000F9F714F842464B46F9F77AF88C4B002216
:10BAC000F8F7C0FEA1F15073CDE910011193089B66
:10BAD000002B00F09980079B1493089B13930C9BF9
:10BAE000002B00F0A584139A7E4B8249039E03EB42
:10BAF000C20353E902230020F9F784F9DDE910239A
:10BB0000F8F79EFECDE9100149464046F9F700FBE3
:10BB10000746F8F7E3FF02460B4640464946F8F76A
:10BB20008FFE30378046894602460B4606F8017B79
:10BB3000DDE91001F9F7CCFA002840F02785CDF8AF
:10BB400054B00027DDE910AB1095139D13942AE043
:10BB50000137AF4280F22A85674B50465946002292
:10BB6000F9F726F8644B002282468B464046494648
:10BB7000F9F71EF889468046F9F7CAFA0446F8F73D
:10BB8000ADFF02460B4640464946F8F759FE3034B1
:10BB900006F8014B52465B4680468946F9F77AFA29
:10BBA000002840F0F18442464B4650490020F8F707
:10BBB00047FE52465B46F9F76DFA0028C8D0DDE92A
:10BBC0001343109D039A079302E0B24200F0C6842B
:10BBD000B14616F8013D392BF7D00133DBB2337093
:10BBE000079B0133079392E15046F8F777FF4246EF
:10BBF0004B46F8F7DDFF3E4B0022F8F723FEA1F19C
:10BC00005073CDE9100111933C4B40464946002248
:10BC1000F8F716FEDDE9108942464B4606460F4608
:10BC2000F9F756FA8246002840F0A884424609F106
:10BC3000004330463946F9F72DFA002840F0458395
:10BC4000179B002BC0F28C80079A0E2A00F3888085
:10BC5000244B03EBC203D3E900AB239B002B1BDA7D
:10BC6000089B002B18DC40F02E83244B504600220A
:10BC70005946F8F79DFF02460B46DDE90A01F9F740
:10BC800013FADDF820A05646002800F0B982239B65
:10BC9000DDF80C80DF43BBE2DDE90A7852465B4603
:10BCA00038464146F9F7AEF8F9F732FA814609907D
:10BCB000F8F714FF52465B46F8F77AFF039E0B46EF
:10BCC000024641463846F8F7BBFD09F1300306F855
:10BCD000013B089B012B00F05C830694012704952F
:10BCE0001C462AE068F2020040F202000000F03F29
:10BCF00000001C400000E03F000024400000144011
:10BD000052465B4640464946F9F77CF8F9F700FA97
:10BD10000546F8F7E3FE52465B46F8F749FF013760
:10BD20000B46024649464046F8F78AFD05F13003C6
:10BD3000A74206F8013B00F02983A54B0022F8F743
:10BD400037FF0022002380468946F9F799F9002839
:10BD5000D6D0049D069C079B01330793B146D6E0DD
:10BD60000C9A002A00F00781229A012A40F394825B
:10BD7000089B03F1FF380D9B434580F25E820D9BCB
:10BD8000CDF83480A8EB03039B444FF00008089BD8
:10BD9000002BC0F22F83069A1A440692099A17467E
:10BDA0001A44099201212046FDF75EF8064667B164
:10BDB000069900290B4608DD099AB942A8BF3B46FF
:10BDC000D21AFF1ACB1A099206930D9B63B10C9BF2
:10BDD000002B00F0B682B8F1000F00F331820D9B0A
:10BDE000B3EB080240F0168301212046FDF73CF832
:10BDF000BBF1000F824600F3D480229B012B40F35D
:10BE0000A7814FF000090120BBF1000F40F0D58061
:10BE1000069B184410F01F0000F09881C0F1200329
:10BE2000042B00F3AD8040F02482099B002B05DD3C
:10BE300029461A462046FDF753F90546069B002B76
:10BE400005DD51461A462046FDF74AF982460E9B0B
:10BE5000002B40F05C81089B002B40F343810C9B3E
:10BE6000002B40F0C680079B01330793DDF80C8060
:10BE7000DDF82090012707E0294600230A2220460A
:10BE8000FCF7FAFE0137054651462846FFF7F4FB5A
:10BE9000B94500F1300308F8013BEDDC089A002AAF
:10BEA000C8BF9346039AD8BF4FF0010B93440027B5
:10BEB0002946012220460493FDF712F95146054612
:10BEC000FDF786F9002840F3DC811BF8013C039A5A
:10BED0000BF1FF3B04E05A4500F0EE811BF8013DF9
:10BEE000392B0BF10109F6D001338BF800305146A4
:10BEF0002046FCF7B7FE56B12FB1B74203D0394602
:10BF00002046FCF7AFFE31462046FCF7ABFE294643
:10BF10002046FCF7A7FE002389F80030249B079AEF
:10BF20001A60269B002B3FF477AC0398C3F800906F
:10BF300019B0BDE8F08F0123BF1B0E937B1E069343
:10BF40007FF5D9ACC7F10103099300230693D4E42C
:10BF50005846F8F7C3FD42464B46F9F791F80028DA
:10BF60007FF4B1AC0BF1FF3BADE41A4B03930398A4
:10BF700019B0BDE8F08FDDF83480099F0C9E16E7FC
:10BF8000C0F11C00099B03440993069B034407442A
:10BF900006934AE70126C7E4C3F1200308FA03F039
:10BFA0005EE401465A462046FDF73AF8229B012BF3
:10BFB000824640F3BA814FF00009DAF810300AEBFC
:10BFC00083031869FCF700FFC0F1200020E700BFE1
:10BFD00000002440C4E90200314600230A22204622
:10BFE000FCF74AFE129B002B064640F3F382CDE994
:10BFF0000783002F00F31A81B9F1000F40F0E381AD
:10C00000B046049B039F089903F001027B1E19446C
:10C01000229B0C92134309910A9351462846FFF73D
:10C020002BFB314683462846FDF7D2F8424651465F
:10C0300081462046FDF7ECF8C26801460BF130035B
:10C04000002A42D1069028460893FDF7C1F80699C8
:10C0500004902046FCF706FE049A089B1AB90A9938
:10C06000002900F0A982B9F1000FC0F27181229974
:10C0700049EA01090C9951EA090900F06981002A8D
:10C0800000F3BC81099A3B7007F101099742CB4646
:10C0900000F0BA81294600230A222046FCF7ECFD75
:10C0A0004645054631464FF000034FF00A02204650
:10C0B00012D0FCF7E1FD4146064600230A22204645
:10C0C000FCF7DAFD4F468046A7E720460493FCF7CD
:10C0D000C9FD049B0122C6E7FCF7CEFD4F4606468C
:10C0E00080469AE7229B022B79DC0C9B002B80D1A7
:10C0F000079B5146013328460793FFF7BDFADDF849
:10C100000CB000F130030BF8013B0027D0E651469C
:10C110002846FDF75DF80028BFF69DAE29460023AE
:10C120000A222046FCF7A8FD079B03F1FF380C9B71
:10C130000546002B7FF450AF129B002B40F3438247
:10C14000089393E6B64B0393033308E41C2019E7E6
:10C15000DDE9041200297FF454AEC2F31303002B6F
:10C160007FF44FAEAF4B1340002B00F00B82099BC6
:10C1700001330993069B013306934FF0010942E610
:10C1800001230C93239B079A134412930133012B31
:10C190001F460893B8BF01270021172FE1637FF7DF
:10C1A0002FAC012204235B0003F11400B8421146B6
:10C1B00002F10102F7D9E16322E401230C93239BEE
:10C1C000002B59DD129308931F46E5E700230C93DB
:10C1D000D8E700230C93F2E7129BCDE90783089B75
:10C1E000002B7FF454AD514605222046FCF744FD58
:10C1F000014682462846FCF7EBFF00287FF747AD53
:10C20000039B079F3122984603F8012B01370393C4
:10C2100051462046FCF726FD7B1CDDF80C90079369
:10C22000CDF80C80002E7FF46EAE70E631463A46B3
:10C230002046FCF755FF0646DEE6A3EB0808A6E518
:10C24000314642462046FCF7EBFE2A4601460646AA
:10C250002046FCF737FE294605462046FCF702FD3E
:10C26000BDE5DDE90A234FF0020ACDE91023FFF70F
:10C27000F4BBC0F13C0085E6012323930893FFF74C
:10C28000BBBB03D1049BDB073FF51FAED9461BF8B0
:10C29000013D302BFAD02AE60F9A002A00F02D81BA
:10C2A00003F23343069ADDF834801A440692099A61
:10C2B00017461A44099275E5079B039A01330793C1
:10C2C0003123137013E64FF0000A5646DFE40E9058
:10C2D00038E600F03D81079A534B564206F00F02B4
:10C2E00003EBC203D3E90023DDE90A01F8F760FCA0
:10C2F00036118046894600F078814C4F00234FF07C
:10C30000020AF20706D5D7E90023F8F751FC0AF133
:10C31000010A0123761007F10807F2D1002B3FF440
:10C32000BBAB80468946FFF7B7BB049B002B7FF46D
:10C3300042AEDDE90412C2F31303002B3FF412AF47
:10C3400039E629460D9A2046FCF76AFE05464BE57C
:10C35000002A12DD2946012220460493FCF7C0FE84
:10C3600051460546FCF734FF0028049B40F3188132
:10C37000392B00F0F9800BF13103B94609F8013B84
:10C38000079B0133374607934646B0E50995069C5F
:10C39000049D02460B46F8F755FA52465B46804626
:10C3A0008946F8F795FE60B952465B4640464946D5
:10C3B000F8F766FE00283FF4CEAC099BD9077FF55D
:10C3C000CAAC039A04E471682046FCF725FC0746D2
:10C3D000002800F00E81336902339A0006F10C0147
:10C3E0000C30F1F771FB394601222046FCF778FE4C
:10C3F000804606E6DDE908239F1AD3E4392B00F0D6
:10C40000B380B9460133B9E7079A0132374607923C
:10C4100046464DE529462046FCF702FE0546E3E484
:10C42000CCF302000000F07F68F2020040F202004C
:10C43000DDF84CA0814901EBCA01DDE9102351E987
:10C440000201F8F7B5FBCDE9100149464046F8F77F
:10C450005FFE0646F8F742FB0B4602464946404659
:10C46000F8F7EEF9039F53463036012B07F8016BBE
:10C470008046894600F0B780139E039B1E44704B94
:10C48000002240464946F8F793FB89468046F8F774
:10C490003FFE8246F8F722FB0AF1300A02460B46BD
:10C4A00040464946F8F7CCF907F801ABBE42804652
:10C4B0008946E4D1634B0022DDE91001F8F7C2F9A7
:10C4C00042464B46F8F7E6FD002864D1DDE910232B
:10C4D0005C490020F8F7B4F942464B46F8F7F8FDFE
:10C4E00000283FF4ADABB146013E19F8013C302BBA
:10C4F000F9D0149B0133079309E5169BC3F136036A
:10C50000D0E6089B002B3FF46FAB129B002B7FF70C
:10C5100097AB079A013ACDE913324046484B0022C7
:10C520004946F8F745FB804689460AF10100F8F7CD
:10C53000D5FA42464B46F8F73BFB434B0022F8F74F
:10C5400081F9A1F15073CDE910011193FFF7C7BA3A
:10C55000DDE90A894FF0020AFFF79EBA079B013313
:10C5600007933123FFF73BBB079BBB460133079380
:10C57000392337460BF8013B4646A8E44FF0000A42
:10C5800056463DE699463EE4109D139C149B0133AC
:10C590000793B146BBE4149B039A0793FFF718BBBC
:10C5A0007FF4EBAEDA077FF5E8AEE1E6DDF854B0F4
:10C5B000109D139CFFF744BB392BD5D0B9F1000F68
:10C5C0003FF7D9AED9E6229B022B3FF705AECDF857
:10C5D0001C808DE5229B022B3FF7FEAD129BCDF810
:10C5E0001C80089305E53E4664E74FF0020AFFF71A
:10C5F00053BA164B16483A4640F2EF21FEF7E0FFD9
:10C600000026E66331462046FCF706FB039050B94E
:10C610000E4B0F48002240F2AF11FEF7D1FF0D4B39
:10C620000393FFF7F9B8039BA3634FF0FF33129313
:10C630000893012323960C93FFF702BB68F20200D4
:10C64000000024400000E03F00001C4068F00200B1
:10C65000D0F30200C0F3020070B5054684B05BB1B0
:10C660001C4669B10E4B2846D3F8E0602346B0471C
:10C67000431C0FD004B070BD00F582740029F1D1C5
:10C68000074A2346D2F8E06028460A4601A9B04787
:10C69000431CEFD100228A2322602B6004B070BDBE
:10C6A000348DFF1F00B583B0DDF810C0CDE9003C2C
:10C6B0004FF0FF3301F0B6FB03B05DF804FB00BFA1
:10C6C0000EB410B583B005AB064C53F8042B0193A0
:10C6D0000146206800F0C4F803B0BDE8104003B084
:10C6E000704700BFC08FFF1F2DE9F04F9368176898
:10C6F00083B09246002B70D081468A6808680C4649
:10C70000083743E0A38913F4906F2ED0D4E90416C0
:10C71000A0EB010806EB460606EBD67608F1010011
:10C7200076102844B042324684BF064632465B0546
:10C7300037D511464846F9F7C3F8019000283AD09A
:10C7400042462169F1F7C0F9A289019B22F4906267
:10C7500042F08002A281A6EB080203EB08006661AA
:10C76000A260236120602E46A84642465946FAF749
:10C77000D1FFDAF80830A2682068921B40445B1BA6
:10C78000A2602060CAF808303BB3083757E902B509
:10C79000002DFAD0AA4216469046B3D92E46A84696
:10C7A000E3E74846F9F748FB03460028D3D121695F
:10C7B0004846FBF717FDA3890C2243F04003C9F854
:10C7C00000204FF0FF30A38100220023CAF8082088
:10C7D000CAF8043003B0BDE8F08F00200023CAF887
:10C7E000043003B0BDE8F08F2DE9F84F4B6E9C0488
:10C7F00090462DD59368126843B38B46064602F1E6
:10C80000080959E9025A5FEA9A0715D0043D002445
:10C8100001E0A7420ED055F8041F5A46304601F0F9
:10C8200051FA431C04F10104F3D10023C8E9013398
:10C83000BDE8F88FD8F808302AF0030AA3EB0A0302
:10C84000C8F8083009F10809002BDAD10020ECE71C
:10C8500001F008F80023C8E90133BDE8F88F00BFF4
:10C860002DE9F04FC5B00DF1500A834603911646ED
:10C870000021082250461C460793FAF7C7FFBBF178
:10C88000000F04D0DBF83430002B00F0A186039AAF
:10C89000536EDB0740F11C85B2F90C108AB2950487
:10C8A00009D4039B41F4005199818AB219465B6E09
:10C8B00023F400534B66100740F10481039B1B696E
:10C8C000002B00F0FF8002F01A030A2B00F0088111
:10C8D0000023CDE91933CDE90D331BAA0B93189230
:10C8E00091460C930593B0464446A64BD3F8E450CA
:10C8F000FBF7E0F82246034612A9CDF800A05846FF
:10C90000A847002800F04081C0F23381129A252AFE
:10C91000034601D01C44E8E7B4EB0806054640F0A6
:10C920003781002361788DF8433004F101080693C4
:10C930004FF0FF371E462B2408F10108A1F1200318
:10C940005A2B00F26581DFE813F09F026301630157
:10C950009A026301630163016A0063016301670274
:10C96000770263017202810263017C025B005B005B
:10C970005B005B005B005B005B005B005B006301D6
:10C980006301630163016301630163016301630187
:10C990004602840063016301630163016301630173
:10C9A0006301630163016301E200630163016301E9
:10C9B0001D026301C4026301630194056301630105
:10C9C0006301630163016301630163016301630147
:10C9D00046028600630163016301B70286007F009F
:10C9E0006301AA026301E702E400D7027F0063014A
:10C9F0001D027C00720563016301740563017C0004
:10CA0000A1F13003002218F8011B02EB820203EBB4
:10CA10004202A1F13003092BF5D906928EE7584660
:10CA2000FEF760FD43680D931846FBF7C9FA0E90B8
:10CA300005465846FEF756FD83680C93002D40F0DE
:10CA4000DF8498F8001077E798F8001046F0200689
:10CA500072E746F01006B40640F17881079B073371
:10CA600023F007031A46596852F8083B07920A4612
:10CA70000029C0F27A84791C00F0A78526F0800195
:10CA8000029153EA020100F048840A2B72F100017E
:10CA900080F0498530338DF80F31029E01230493D5
:10CAA0000DF20F14049BBB42B8BF3B460293002318
:10CAB00008939DF84330002B00F0B880029B0133AF
:10CAC0000293B3E0039D5846294601F03FF8002841
:10CAD00040F05686AA8902F01A030A2B7FF4F8AEBA
:10CAE0000399B1F90E30002BFFF6F2AE4B6EDB0767
:10CAF00002D4970540F118860399234632465846DA
:10CB000000F070FE0590059845B0BDE8F08F46F046
:10CB1000100616F0200200F02681079B073323F051
:10CB2000070319465A6851F8083B079126F48061BB
:10CB30000291002100208DF84300781C00F0008253
:10CB4000029820F0800653EA020040F0F881002F9E
:10CB500040F04385002940F0E483029B13F0010379
:10CB6000049300F0208430238DF80F310DF20F1460
:10CB700098E7082200215046FAF748FE01231C449A
:10CB8000B3E600BF348DFF1FB4EB080605461AD08C
:10CB9000199B1A9A01333244072BC9E900861A926D
:10CBA00019931ADD002A00F0B483039918AA584695
:10CBB000FFF71AFED8B90DF16C09059B33440593B4
:10CBC000002D7FF4AEAE1A9B002B40F0CA85039B6C
:10CBD0000022B3F90C3019920CE009F10809ECE7D6
:10CBE000B346089B1BB108995846FBF7FBFA039B19
:10CBF000B3F90C30039A526E12F0010F9AB200F0A2
:10CC00009C80500600F1C885059845B0BDE8F08FBE
:10CC10000029D8D000238DF8433001238DF8AC10C3
:10CC2000029304932BAC002308931F4616F00203D3
:10CC3000099302D0029B0233029316F084030A93F5
:10CC400005D1069B029A9D1A002D00F39482DDE91E
:10CC50001903411C9DF8432082B101220133C9F818
:10CC6000042007290DF14302CDE91913C9F800206A
:10CC700000F36482084609F108090131099ADAB122
:10CC800011AA0233C9F8002007294FF00202CDE9AA
:10CC90001913C9F8042040F36982002B00F058836F
:10CCA000039918AA5846FFF79FFD002899D1DDE99E
:10CCB00019030DF16C09411C0A9A802A00F0828147
:10CCC000049ABD1A002D00F3E081049AC9F80040CF
:10CCD00013440729CDE91913C9F8042040F36C81E6
:10CCE000002B00F09E82039918AA5846FFF77CFD9E
:10CCF00000287FF476AF1A9B0DF16C09750705D5F6
:10CD0000069A0299541A002C00F39582DDE9052158
:10CD100002988142ACBF521812180592002B40F0C5
:10CD2000FE81089900231993002900F04881584694
:10CD3000FBF758FA0DF16C09D6E59C053FF561AF9C
:10CD4000039CA06DFAF752FFA2895AE7F006079AF2
:10CD500000F13E83710640F1388332F9043B0792BB
:10CD6000DA17114684E616F01003079940F028837D
:10CD700016F0400000F020831A4651F8043B07915A
:10CD80009BB2D3E6079B1A4600238DF84330134627
:10CD900053F8044B0293002C00F02D84532900F02B
:10CDA0008A8316F0100540F086837B1C00F0CC844B
:10CDB0003A4629462046FEF7B3FB0890002800F0CB
:10CDC000B884031B029A049323EAE3732F46079265
:10CDD000029308956DE6432902D0F50640F152838F
:10CDE000079D0822002116A82BACFAF70FFD16AB01
:10CDF00055F8042B21465846FFF72EFC0346013315
:10CE0000049000F0CE84049B079523EAE373029319
:10CE100000238DF8433006E7079B53F8042B069256
:10CE2000002A80F2BB82069A5242CDE9062398F886
:10CE3000001046F004067FE598F800108DF8434096
:10CE40007AE598F8001046F0800675E5424612F83B
:10CE5000011B2A2900F0B084A1F13003092B904670
:10CE60004FF000073FF66AAD18F8011B07EB870784
:10CE700003EB4707A1F13003092BF5D95EE598F8DC
:10CE8000001046F0010657E59DF84330002B7FF473
:10CE9000D8AD202398F800108DF843304CE598F871
:10CEA00000106C2903BF98F8011046F0200608F125
:10CEB000010846F010063FE598F80010682903BF06
:10CEC00098F8011046F4007608F1010846F0400693
:10CED00032E546F010030293029B13F0200200F0AB
:10CEE0002582079B073323F0070319465A6851F838
:10CEF000083B079101211DE6079A46F002030293C1
:10CF000052F8043B079247F63002ADF84420A14A9C
:10CF10000B92022100220DE6B70600F16782F506AA
:10CF200000F16183740600F1EE83B00540F15B838C
:10CF3000079B059953F8042B07931170D4E40296CC
:10CF400001293FF4A2AD022944AC11D10B9803F0A2
:10CF50000F011B09415C04F8011D43EA0273120929
:10CF600053EA0201F3D1029E44AB1B1B049399E5E3
:10CF700003F00701DB0843EA4273D208303153EA79
:10CF80000205204604F8011DF2D1029EF307EBD5FD
:10CF90003029E8D03023023804F8013C44AB1B1A96
:10CFA000029E049304467DE5049B1B9401221C937E
:10CFB0001A9319920DF16C0909F108099EE60DF119
:10CFC0006C0991E4069A029D551B002D7FF778AEFF
:10CFD000102D40F3D383194643460994B846039C69
:10CFE00037465E469B4607E000F1020C09F108094E
:10CFF0001046103D102D1FDD674BC9F80030421C54
:10D0000010311023072ACDE91921C9F80430EBDDCE
:10D0100018AA002900F08C80214630460DF16C09D9
:10D02000FFF7E2FB00287FF4DBADDDE91901103DDD
:10D03000102D00F1010CDFDC5A46099CB3460B466B
:10D040003E4647469046544AC9F804502B44BCF12A
:10D05000070FCDE919C3C9F8002040F3A781002BC1
:10D0600000F02C83039918AA5846FFF7BDFB00284F
:10D070007FF4B7AD049ADDE91903BD1A002D00F164
:10D0800001010DF16C097FF720AE102D32DD19463C
:10D0900043460994B046039C5E4610279B4607E032
:10D0A00000F1020C09F108091046103D102D1ADD9F
:10D0B000421C394B1031072AC9E90037CDE9192143
:10D0C000EEDD18AA29B3214630460DF16C09FFF7B1
:10D0D0008BFB00287FF484ADDDE91901103D102D94
:10D0E00000F1010CE4DC5A46099C0B46B34661464C
:10D0F00046469046284AC9F804502B440729CDE9F2
:10D100001913C9F8002000F3F38009F1080901316F
:10D11000DBE54FF0010C08460DF16C09C5E70399FA
:10D1200018AA5846FFF760FB00283FF4FAAD58E50F
:10D130004FF0010C08460DF16C095AE7002B00F086
:10D140000C81039918AA5846FFF74EFB00287FF47C
:10D1500048ADDDE919030DF16C09411C8EE5022390
:10D1600011AA1C931B9201210DF16C09084609F1CB
:10D170000809411CA0E5102D40F3E282DDE91913F6
:10D18000184643460F94B846039C37465E469B4676
:10D190000CE000BF34E702003CF4020001F1020C95
:10D1A00009F108091146103D102D1DDDB24BC9F8DB
:10D1B00000304A1C10301023072ACDE91920C9F885
:10D1C0000430EBDD18AA30B3214630460DF16C096E
:10D1D000FFF70AFB00287FF403ADDDE91910103DCD
:10D1E000102D01F1010CE1DC5A460F9C0346B346B9
:10D1F00060463E46474690469F4AC9F804502B4435
:10D200000728CDE91903C9F8002000F3B68009F119
:10D210000809411C1EE501464FF0010C0DF16C0997
:10D22000C1E7760719934AD5069A0299541A002C39
:10D2300045DD0DF16C09102C40F39D821999039E78
:10D24000102506E0881C09F108091146103C102C35
:10D250001ADD4A1C88481033072AC9E90005CDE9C0
:10D260001923EFDD18AA2BB331465846FFF7BCFA55
:10D2700000287FF4B6ACDDE91913103C102C01F145
:10D2800001000DF16C09E4DC7B4AC9F80440234439
:10D290000728CDE91903C9F800207FF737AD73B12E
:10D2A000039918AA5846FFF79FFA00287FF499AC13
:10D2B0001A9B2BE5012019460DF16C09C6E7DDE943
:10D2C000053202998A42ACBF9B185B18059328E58A
:10D2D000039BB3F90C108F058AB23FF5E0AA1D46F7
:10D2E000986DFAF781FCB5F90C108AB2FFF7D7BA3E
:10D2F000002B3FF459AE039918AA5846FFF774FA69
:10D3000000287FF46EAC19991A9B01310DF16C095C
:10D31000DBE419920DF16C094FE4002F7FF4BAABF6
:10D32000029E0027049744ACFFF7BCBB029B13F09E
:10D33000100354D1029A12F0400000F0678107995F
:10D340001A4651F8043B07919BB20121FFF7F2BB4B
:10D35000012118460DF16C09AEE4099A002A5ED14C
:10D36000184601210DF16C09A6E45B4262EB420212
:10D3700002962D200121FFF7DEBB002B00F08D80EF
:10D38000039918AA5846FFF72FFA00287FF429AC12
:10D39000DDE919030DF16C09411C5BE498F80010FC
:10D3A0000793FFF7C9BA44ACFFF77CBB09F1080942
:10D3B0000CF10101604683E416F4007240F09181A3
:10D3C00051F8043B0791FFF7B1BBB30500F182812F
:10D3D00052F8043B0792DA171146FFF749BB079949
:10D3E00051F8043B07910121FFF7A4BB079B059867
:10D3F00053F8041B0793C217C1E90002FFF774BA80
:10D400000C9B002B3FF41DAB0C9B1B78002B3FF4B7
:10D4100018AB98F8001046F48066FFF78DBA022327
:10D4200011AA1C931B9201200DF16C099FE6029634
:10D4300052E5124B0B9316F020025FD0079B073387
:10D4400023F0070318465A6850F8083B0790F40782
:10D4500009D553EA020006D08DF84510302146F078
:10D4600002068DF8441026F4806102910221FFF734
:10D4700061BB034B0B93DEE72CF4020034E70200A0
:10D4800044F30200079B012153F8042B02918DF80D
:10D49000AC20079304912BACBAE49DF84320002AFA
:10D4A00040F02681099A002A7FF459AE18460121DE
:10D4B0000DF16C0904E40021082216A81394FAF770
:10D4C000A5F9791C00F0B280002507942C460CE0E9
:10D4D0002BA95846FFF7C0F8421C204400F0618198
:10D4E000B84208DC00F065810446139A525916AB25
:10D4F0000435002AECD10494079CA5E016F0100333
:10D5000007980CD116F0400405D01A4650F8043B99
:10D5100007909BB29BE716F4007240F0D58050F85C
:10D52000043B079093E70299CDF8208001F48066D0
:10D53000DDF8308004974FF0000C44AC05E00A2B76
:10D5400072F1000236D33B462A46DFF890E2991882
:10D5500041F10001AEFB010525F0030000EB950051
:10D56000091A581A4FF0CC3562F1000705FB00F597
:10D570000EFB0755A0FB0E70054407F0010E0520B9
:10D58000AEFB000E40187F08303004F8010C47EA6B
:10D59000C5770CF1010C013C6D08002ECFD098F836
:10D5A00000106145CBD1BCF1FF0FC8D00A2B72F13E
:10D5B00000026CD244AB1B1B049FCDF83080029E4E
:10D5C000DDF820800493FFF76DBA0296FFF75DBA8D
:10D5D0005846F9F7EBFFFFF75AB9012902967FF495
:10D5E000B2ACFFF757BA079B059953F8042B1160AB
:10D5F0000793FFF779B9062F3B46029A784C0792BA
:10D6000028BF062304930293FFF70DBB029B0799E3
:10D6100013F4007214BF51F8043B51F8043B079116
:10D620001CBF0246DBB20121FFF784BA16AB0093A0
:10D630000023194613AA5846FFF734F8034601336E
:10D64000049000F0AE801394049B7BB3632B62DCE8
:10D65000002308932BAC0822002116A8FAF7D6F86D
:10D66000049D16AB009313AA2B4621465846FFF79C
:10D6700019F8854240F0AB80029B049A079300237F
:10D68000A3541F4622EAE2730293FFF712BA0E9BDD
:10D690000D99E41A1A462046FAF7B6F998F80130BF
:10D6A0000BB108F101084FF0000C4CE7029B079307
:10D6B000049B02931F460893FFF7FBB9012118460C
:10D6C0000DF16C09FFF7FCBA50F8043B07902246B5
:10D6D000DBB2BCE612F9043B0792DA171146FFF7FA
:10D6E000C7B951F8043B07910246DBB2FFF71EBAF7
:10D6F00001231C9301210DF143031B930DF16C09D0
:10D700000B46FFF7B7BA079B059953F8042B07930D
:10D710001180FFF7E9B8591C5846F8F7D1F80446CC
:10D7200000283ED0089096E7886DFAF75FFAFFF779
:10D73000E3B9029B049702970793089FFFF7B9B9D3
:10D7400019981A9B013057E5029B07932046FAF778
:10D7500037FC20EAE0732F46049002930895FFF708
:10D76000A8B9039918AA5846FFF73EF800283FF4D5
:10D770002EAAFFF73CBA1998013085E58C4662E481
:10D78000039B5B6ED90707D4039B9B899A0503D43F
:10D79000039B986DFAF72AFA4FF0FF330593FFF7D2
:10D7A00033BA039AB2F90C3043F040039381FFF788
:10D7B00021BA079C049747E7079B98F8011053F894
:10D7C000047B0793904647EAE777FFF7B5B8039ADB
:10D7D000938943F040039381FFF703BACDCCCCCCBF
:10D7E00058F30200F0B51F468B89ADF26C4D23F063
:10D7F0000203ADF80C304B6E1993CB89ADF80E30A7
:10D80000CB6907934B6A09931AAB009304934FF4C7
:10D810008063154606460293059316A800230C461E
:10D820000693FAF7DDF92A463B4669463046FFF78C
:10D8300017F8051E07DB69463046FDF729FE00286C
:10D8400018BF4FF0FF35BDF80C305B0603D5A38938
:10D8500043F04003A3811698FAF7C4F928460DF265
:10D860006C4DF0BD9368002B00F081802DE9F04FE6
:10D87000B1F90C300C461907804683B0174698B2B0
:10D8800023D523690BB310F002033D682BD04FF072
:10D89000000ADFF8B4B256465E453346524628BF0A
:10D8A0005B464046002E4FD0E169D4F824C0E047E3
:10D8B000002852DDBB681B1A8244361ABB60002B5D
:10D8C000EAD1002003B0BDE8F08F2146404600F0C9
:10D8D0003DF9002840F03481B4F90C303D6898B22D
:10D8E00010F00203D3D110F0010942D14E463EB3ED
:10D8F0008205D4F808B040F18180B3455A4600F261
:10D90000B18010F4906F40F0BE80206801924946CB
:10D91000F9F700FFA368019AA3EB0B012368A1604C
:10D920001344B24623600026BB68A3EB0A03D1442C
:10D93000BB60002BC5D0B4F90C0080B2002ED7D14B
:10D94000D5E900960835D2E7D5E900A60835A3E762
:10D9500021464046FDF79CFD80B3B4F90C3043F0FE
:10D9600040034FF0FF30A38103B0BDE8F08F0020EB
:10D9700070471E46BA46994618461F4666B388B396
:10D980004A46D4E904C32068A168B24228BF32469F
:10D99000604504D901EB030B5A4500F3A78093427D
:10D9A00064DCE169D4F824C03A464046E047B0F16F
:10D9B000000BD2DDB9EB0B09CAD00120DAF8083030
:10D9C000A3EB0B035F44A6EB0B06CAF80830002B51
:10D9D0003FF477AF002ED2D16E682B460835002E6B
:10D9E000FAD01F6832460A213846FDF799FD002813
:10D9F00000F09D800130A0EB0709C1E72068236992
:10DA0000984217D86269B24214D86FF00043B3420B
:10DA100028BF3346E16993FBF2F3D4F824C002FB3C
:10DA200003F340464A46E047B0F1000A95DDA6EB15
:10DA30000A0679E7B345DA4628BFB2465246494658
:10DA4000F9F768FEA3682268A3EB0A035244A360B7
:10DA50002260002BEBD121464046FDF719FD00283E
:10DA6000E5D07AE72068B34632464FE7394601925F
:10DA7000F9F750FE019AA3689B1AA3602368134428
:10DA80002360934696E723682169A3EB010B636942
:10DA900003EB430A0AEBDA7A0BF101034FEA6A0A55
:10DAA00033445345524684BF9A46524643052CD5CB
:10DAB00011464046F7F704FF00283BD05A4621693B
:10DAC0000190F0F701F8A289019B22F4906242F0E4
:10DAD0008002A28103EB0B002361AAEB0B03C4F8C5
:10DAE00014A0A3602060B34632460FE739465A4679
:10DAF000F9F710FE23685B44236021464046FDF79A
:10DB0000C7FC00283FF456AF27E74046F8F794F9E2
:10DB100003460028DED121694046FAF763FBB4F9D9
:10DB20000C300C2223F08003C8F8002017E7721C89
:10DB3000914626E70C22B4F90C30C8F800200EE715
:10DB40004FF0FF30BEE600BF00FCFF7F38B5314B21
:10DB50001B6805460C4613B15A6B002A4ED0B4F927
:10DB60000C3018079AB21CD5216929B312F00100B4
:10DB700007D00020A06060694042A06139B1002058
:10DB800038BD950758BF6069A0600029F7D112061B
:10DB900058BF0846F4D543F04003A3814FF0FF304F
:10DBA00038BDD1062ED5520714D4216943F008039D
:10DBB000A3819AB20029D9D102F42070B0F5007F78
:10DBC000D4D02146284600F03FF9B4F90C30216941
:10DBD0009AB2CBE7216B51B104F14002914204D0DB
:10DBE0002846FAF7FFFAB4F90C30002222632169C3
:10DBF0000022C4E9001223F02403D7E71846F9F7FE
:10DC0000D5FCACE7092243F040032A604FF0FF3017
:10DC1000A38138BDC08FFF1F2DE9F04383B00746B5
:10DC200088461446F9F746FF012803D108F1FF336F
:10DC3000FE2B37D90DF10409424604F15C03494635
:10DC40003846FEF709FD421C064633D028B39DF83E
:10DC500004C0002509E023685A1C226083F800C034
:10DC60000135B54219D219F801CFA368013B002B49
:10DC7000A360F0DAD4F818E07345614622463846CE
:10DC800002DBBCF10A0FE6D100F04AF9431CE7D1F0
:10DC90000646304603B0BDE8F0834646304603B042
:10DCA000BDE8F0835FFA88FC8DF804C006460DF1EC
:10DCB0000409CEE7A389304643F04003A38103B0B3
:10DCC000BDE8F08330B5536E13F0010FB2F90C309C
:10DCD000144683B005469AB201D198051CD590042C
:10DCE00006D4626E43F4005342F40052A38162668C
:10DCF00022462846FFF790FF636EDA07054602D4F6
:10DD0000A3899B0502D5284603B030BDA06DF9F765
:10DD10006DFF284603B030BDA06D0191F9F764FF97
:10DD2000B4F90C3001999AB2D9E700BF2DE9F04F50
:10DD300089B0DDE9138A129F0191814603921E4644
:10DD4000B8F1000F55D0019B002B57D0039B1D68E5
:10DD5000002F63D0741E2EB3019B0293043D002656
:10DD60000AE0019B13BB2A68002A35D0BC4557D274
:10DD7000013C631C664615D0D8F8003055F8042FD6
:10DD80000093DAF8E0C0D8F804B0434605A9484645
:10DD9000E047421C37D000EB060CBC45E1D9009BA4
:10DDA000C8E9003B304609B0BDE8F08F00280CDD23
:10DDB000029B18445A1E05A900F1FF3E11F8013BD1
:10DDC00002F8013F7245F9D10290039B1A680432B0
:10DDD0001A602A68002AC9D1019B0BB1039B1A6003
:10DDE0000CF1FF3600223046C8F8002009B0BDE82B
:10DDF000F08F019B00F58678002BA7D1039B4FF095
:10DE0000FF371D68A6E706468A2100223046C9F87A
:10DE10000010C8F8002009B0BDE8F08F3E46C1E709
:10DE20006646BFE710B584B0054C06980090079889
:10DE30000190044800680294FFF778FF04B010BD19
:10DE4000348DFF1FC08FFF1F2DE9F0418B890C46D9
:10DE5000990796B008D504F143030122C4E90432BE
:10DE6000236016B0BDE8F081B4F90E100029064613
:10DE700025DB6A4600F0ACF800281FDB019D05F4A5
:10DE80007045A5F50055B5FA85F54FF480686D0924
:10DE90004FF4006741463046F7F712FDE0B1B4F9A0
:10DEA0000C30C4F8148043F0800320602061A3810B
:10DEB00035BB3B43A38116B0BDE8F081A38913F0C5
:10DEC000800519D04FF040080025414630462F46C6
:10DED000F7F7F6FC0028E2D1B4F90C309A05C0D46B
:10DEE00023F0030304F1430243F002030121C4E9D8
:10DEF0000421A3812260B4E74FF480682F46C9E76C
:10DF0000B4F90E10304600F079F810B9B4F90C30BD
:10DF1000CFE7A38923F0030343F001031BB2C8E753
:10DF2000F8B50D461446064610B1436B002B4CD095
:10DF3000B4F90C20A369A360170790B21BD523691D
:10DF4000CBB1EDB281042F4622D522686169D31A84
:10DF5000994229DD0133A1680139A160511C21607A
:10DF6000157062699A4227D0A389DB0701D50A2D73
:10DF700022D03846F8BD21463046FFF7E7FD08BB02
:10DF8000B4F90C20236990B2EDB281042F46DCD4A1
:10DF900042F40052A281626E616922F4005262660C
:10DFA0002268D31A9942D5DC21463046FDF770FA33
:10DFB00040B922680123CEE721463046FDF768FAD2
:10DFC0000028D6D04FF0FF37D3E7F9F7EFFAAFE7E5
:10DFD00070B50C46084D03460026204611461C46E7
:10DFE0002E60EFF78FFE431C00D070BD2B68002B16
:10DFF000FBD0236070BD00BF3CA4FF1F38B5074DA8
:10E000000022044608462A60EFF782FE431C00D037
:10E0100038BD2B68002BFBD0236038BD3CA4FF1F0C
:10E0200038B505460C462846214600220023F7F75E
:10E0300031F828B928462146BDE8384000F00AB832
:10E04000284604F1004100F005F8404261EB41012F
:10E0500038BD00BFD0B50C4B002206460F46F6F780
:10E06000A7FDF7F77DF80446F6F728FD074B0022D9
:10E07000F6F79EFD02460B4630463946F6F7E0FBC2
:10E08000F7F76EF82146D0BD0000F03D0000F041EA
:10E090003A463F2300FFFFFF3A41302C3323000074
:10E0A0003A412A2C332300002A30313233343536BA
:10E0B0003738395043574142000000004500000006
:10E0C0002B2D0000414D5500414344004153555113
:10E0D000000000002B2D674750517353242100008E
:10E0E0004F6F49693A30313233343536373863430C
:10E0F0006D725700783F7E4D564161007473000089
:10E1000041614363446465666747684C4D4E4F50B8
:10E110006D6E6F52725354745658575A0000000077
:10E12000426243464F5051525300000065776E7370
:10E130006700000050534155463F610031324000B6
:10E140002365776E7300000047434D5330313233FF
:10E15000340000002161424365646747684C6D4D9F
:10E160006E4E6F4F72745455587A0000522B2D54D6
:10E17000534C51006564303132000000303132338D
:10E18000000000003F0000005800FFFF3A41452317
:10E19000000000003A434123000000003A434D23B1
:10E1A000000000003A435323000000003A43552387
:10E1B000000000003A4423003A45442300000000D8
:10E1C0003A464123000000003A4656230000000072
:10E1D0003A466123000000003A467E23000000001A
:10E1E0003A472823000000003A4729230000000096
:10E1F0003A474123000000003A4743230000000053
:10E200003A474423000000003A47444C23000000F2
:10E210003A474723000000003A474C230000000023
:10E220003A474D23000000003A474E23000000000B
:10E230003A474F23000000003A47522300000000F5
:10E240003A47524C230000003A4753230000000095
:10E250003A47534C230000003A4754230000000083
:10E260003A475642230000003A4756442300000034
:10E270003A47564E230000003A475650230000000C
:10E280003A475654230000003A47566223000000E4
:10E290003A475723000000003A4758413023000016
:10E2A0003A475841312300003A4758413223000091
:10E2B0003A475841332300003A475841342300007D
:10E2C0003A475841352300003A4758413623000069
:10E2D0003A475841372300003A4758413823000055
:10E2E0003A475841532300003A4758416123000000
:10E2F0003A475841772300003A4758417A230000B3
:10E300003A475843532300003A47584450302300BB
:10E310003A475844503123003A475844503223007A
:10E320003A475844503323003A4758445034230066
:10E330003A475844503523003A4758445036230052
:10E340003A475844503723003A4758445231230043
:10E350003A475844523223003A4758445233230034
:10E360003A475844523423003A4758445235230020
:10E370003A475844523623003A475844572300003E
:10E380003A475844573123003A4758453023000054
:10E390003A475845312300003A4758453223000098
:10E3A0003A475845412300003A4758454423000066
:10E3B0003A4758454F2300003A47584550442300F8
:10E3C0003A475845505223003A47584552230000D7
:10E3D0003A4758455A2300003A47584572442300AB
:10E3E0003A475845725223003A47584C452300009B
:10E3F0003A47584C482300003A47584C4F230000F6
:10E400003A47584C532300003A47584C55230000D4
:10E410003A47584C572300003A47584D424423008E
:10E420003A47584D425223003A47584D434423003F
:10E430003A47584D435223003A47584D474423002A
:10E440003A47584D475223003A47584D4944230014
:10E450003A47584D495223003A47584D4C442300FF
:10E460003A47584D4C5223003A47584D4D442300EB
:10E470003A47584D4D5223003A47584D52442300D5
:10E480003A47584D525223003A47584D53442300BF
:10E490003A47584D535223003A47584D634423009E
:10E4A0003A47584D635223003A47584D6D44230074
:10E4B0003A47584D6D5223003A47584F41230000C8
:10E4C0003A47584F422300003A47584F4323000031
:10E4D0003A47584F492300003A47584F532300000A
:10E4E0003A475850312300003A4758503223000031
:10E4F0003A475850332300003A475850342300001D
:10E500003A475852412300003A47585242230000EC
:10E510003A475852442300003A47585258230000C3
:10E520003A475852652300003A4758526623000084
:10E530003A475852722300003A4758526423000069
:10E540003A475854302300003A47585431230000CA
:10E550003A475854322300003A47585433230000B6
:10E560003A47586C582300003A4758726723000016
:10E570003A475872702300003A47587274230000DB
:10E580003A475A23000000003A4761230000000088
:10E590003A476323000000003A476423000000006C
:10E5A0003A47644C230000003A476523000000000E
:10E5B0003A476623000000003A4767230000000046
:10E5C0003A476823000000003A476D23000000002E
:10E5D0003A476E23000000003A476F230000000016
:10E5E0003A477223000000003A47724C23000000B3
:10E5F0003A477423000000003A573F2300FFFFFF13
:10E60000000000000000000000000000000000000A
:10E6100000000000000000000000000000FFFFFFFD
:10E620004E2F412300FFFFFF25642C252B3036643D
:10E630002C252B3036642300256400FF25303264FE
:10E640002F253032642F2530326423002530382EB8
:10E6500035662300252B30382E3566230000000058
:10E66000252B303464230000252B30352E316623D2
:10E6700000000000252B3032642A230053697465A2
:10E68000202564003F2300002573230025303264D9
:10E690002A230000252B30382E3666230000000088
:10E6A0004F6374202031203230323600312E362E26
:10E6B000390000005465656E417374726F0000008C
:10E6C000556E6976657273616C00000030303A30C7
:10E6D000303A303000000000256423004100000083
:10E6E00050000000470000004C00000054000000F3
:10E6F0004E000000480000003100FFFF25662300A7
:10E7000025642C256423000025752300256C7523C2
:10E7100000000000256C662300000000256C6423C7
:10E7200000000000256C64252523000079230000EB
:10E730006E23000030313233343536373839616278
:10E740006364656600FFFFFF414243444546474816
:10E75000494A4B4C4D4E4F505152535455565758B1
:10E76000595A6162636465666768696A6B6C6D6E4D
:10E770006F707172737475767778797A303132335D
:10E780003435363738392B2F00FFFFFF616C69674E
:10E790006E00FFFFD0070000D0070000B80B00009C
:10E7A000B80B0000706F696E74203100257320096A
:10E7B000205B25662C2025665D000000706F696E69
:10E7C000742032006572726F72000000417A696DC8
:10E7D000757468205074333A2000FFFFFFFFFFFF7D
:10E7E00000000000000000000000000000002440C5
:10E7F00000000000004059404D6F756E7420256484
:10E8000000FFFFFFD0070000D0070000B80B00009A
:10E81000B80B0000D0070000D0070000B80B0000C4
:10E82000B80B00005D5601006156010069560100F9
:10E83000715601001F1C1F1E1F1E1F1F1E1F1E1FA3
:10E840002573253032643A253032643A25303264FB
:10E8500000FFFFFF253032642A253032643A25302C
:10E86000326400002B253032642A253032643A2588
:10E870003032640064634141200000006463414120
:10E88000740000006463484420000000646348444E
:10E8900074000000696E76007465737400000000F7
:10E8A00054696E76000000007500000076000000DC
:10E8B0006469616700FFFFFF646348440000000073
:10E8C0006463414100FFFFFF000000000000000002
:10E8D00085D20100A9D201002DD3010029D3010066
:10E8E00025D3010021D301001DD301004DD2010029
:10E8F00009D3010005D30100FDD20100F5D20100CA
:10E90000EDD20100DDD20100CDD20100C9D201005B
:10E91000C1D20100B9D201002DD2010035D20100CF
:10E920003DD2010045D2010091D2010079D201000F
:10E93000000000000000000069D301008DD3010039
:10E940001DD4010019D4010015D4010011D4010017
:10E950000DD4010031D30100EDD30100E9D3010052
:10E96000E1D30100D9D30100D1D30100C1D301000B
:10E97000B1D30100ADD30100A5D301009DD30100A7
:10E9800041D4010061D4010081D4010021D40100EF
:10E9900075D301005DD30100A5D40100A9D4010005
:10E9A000ADD40100B1D401006E616E00696E6600E5
:10E9B0006F7666006FF07F030370037813F0800FAB
:10E9C000FBD070473000FFFF4008FE4340A00440EA
:10E9D0004408FE4344A004400018FE4300C0044025
:10E9E0003000FE43309004403400FE433490044035
:10E9F0001C18FE431CC004401018FE4310C0044005
:10EA00000818FE4308C004400C18FE430CC0044024
:10EA10000C10FE430CB004401010FE4310B0044034
:10EA20001810FE4318B004401C10FE431CB00440F4
:10EA30001410FE4314B004400418FE4304C0044004
:10EA40000010FE4300B004400008FE4300A0044054
:10EA50000408FE4304A004400C08FE430CA004403C
:10EA60000808FE4308A004401418FE4314C00440E4
:10EA70001818FE4318C004400410FE4304B00440BC
:10EA80000810FE4308B004401400FE4314900440F4
:10EA90004C08FE434CA004400420FE4304D0044034
:10EAA0002410FE4324B004402010FE4320B0044054
:10EAB0002810FE4328B004402C10FE432CB0044024
:10EAC0000020FE4300D004404808FE4348A0044014
:10EAD0001000FE4310900440000000000000000001
:10EAE00001020200F9010200F5010200F101020039
:10EAF000ED010200E9010200E5010200E10102006E
:10EB000000FFFFFF000100006888FF1F12000000E7
:10EB1000000200002488FF1F4300000000030000E3
:10EB20007C88FF1F00000000010309048088FF1F8C
:10EB300000000000020309049888FF1F0000000085
:10EB400003030904B088FF1F00000000000000005C
:10EB5000000000000000000000151915020003006D
:10EB600004000500060008000A000C001000140054
:10EB70001800200028003800400060008000C0001D
:10EB800000018001000280020003FFFF00000080FE
:10EB90000000018000000000000002800000010071
:10EBA000011000000000020001100100032000001D
:10EBB00001000200032001000430000003200200D5
:10EBC000032003000540000005400100065000003E
:10EBD0000650010007600000076001000870000097
:10EBE00007600200087001003C8004400010000033
:10EBF000041A0000FF7F0000111000006D0B0200DE
:10EC00000C08000000020000000200000B070000DA
:10EC100040020000000200000D0E00004002000053
:10EC2000000200000A020906141715160F00000062
:10EC300000020000000200000002000000020000CC
:10EC400000020000000200000002000000020000BC
:10EC50000002000001010202040408081000000084
:10EC60004FBB610567ACDD3F182D4454FB21E93FE4
:10EC70009BF681D20B73EF3F182D4454FB21F93FD3
:10EC8000E2652F227F2B7A3C075C143326A6813C59
:10EC9000BDCBF07A8807703C075C143326A6913C04
:10ECA000182D4454FB21E9BFD221337F7CD9024087
:10ECB000D221337F7CD902C0000000000000008018
:10ECC000182D4454FB210940182D4454FB2109C040
:10ECD00000000000000000000000000000000080B4
:10ECE000FB21F93FFB2109407CD91240FB2119404F
:10ECF0007A6A1F407CD92240BBFD2540FB21294078
:10ED00003A462C407A6A2F405C4731407CD93240E9
:10ED10009C6B3440BBFD3540DB8F3740FB213940D5
:10ED20001BB43A403A463C405AD83D407A6A3F408C
:10ED30004C7E40405C4741406C1042407CD9424090
:10ED40008CA243409C6B4440AC344540BBFD4540E5
:10ED5000CBC64640DB8F4740EB584840FB2149403B
:10ED600083F9A200444E6E00FC291500D1572700FC
:10ED7000DD34F50062DBC0003C9995004190430012
:10ED80006351FE00BBDEAB00B761C5003A6E2400E4
:10ED9000D24D42004906E00009EA2E001C92D10043
:10EDA000EB1DFE0029B11C00E83EA700F5358200EE
:10EDB00044BB2E009CE98400B4267000417E5F00B5
:10EDC000D6913900538339009CF439008B5F84005D
:10EDD00028F9BD00F81F3B00DEFF97000F980500E3
:10EDE000112FEF000A5A8B006D1F6D00CF7E360089
:10EDF00009CB2700464FB7009E663F002DEA5F0013
:10EE0000BA277500E5EBC7003D7BF100F739070035
:10EE100092528A00FB6BEA001FB15F00085D8D0013
:10EE2000300356007BFC4600F0AB6B0020BCCF00EB
:10EE300036F49A00E3A91D005E619100081BE6000C
:10EE400085996500A0145F008D40680080D8FF00A0
:10EE500027734D0006063100CA561500C9A8730075
:10EE60007BE260006B8CC00000000040FB21F93F9A
:10EE7000000000002D44743E000000809846F83CDD
:10EE80000000006051CC783B00000080831BF0390B
:10EE90000000004020257A38000000802282E336FE
:10EEA000000000001DF369350200000003000000AF
:10EEB00004000000060000002E0000006E66000046
:10EEC000696E697479000000616E00FF3500000012
:10EED000CEFBFFFFCB03000001000000000000009C
:10EEE00034000000CEFBFFFFCB0300000100000058
:10EEF00000000000FFFFFFFFBC89D897B2D29C3C06
:10EF000033A7A8D523F649393DA7F444FD0FA53210
:10EF10009D978CCF08BA5B25436FAC6428066811B7
:10EF200000202020202020202020282828282820D9
:10EF300020202020202020202020202020202020D1
:10EF40002088101010101010101010101010101039
:10EF50001004040404040404040404101010101029
:10EF600010104141414141410101010101010101F3
:10EF70000101010101010101010101011010101045
:10EF800010104242424242420202020202020202C5
:10EF90000202020202020202020202021010101019
:10EFA0002000000000000000000000000000000041
:10EFB0000000000000000000000000000000000051
:10EFC0000000000000000000000000000000000041
:10EFD0000000000000000000000000000000000031
:10EFE0000000000000000000000000000000000021
:10EFF0000000000000000000000000000000000011
:10F000000000000000000000000000000000000000
:10F0100000000000000000000000000000000000F0
:10F0200000FFFFFF4C435F434F4C4C4154450000F1
:10F030004C435F4354595045000000004C435F4D22
:10F040004F4E4554415259004C435F4E554D455229
:10F05000494300004C435F54494D45004C435F4DCC
:10F06000455353414745530042616C6C6F632073B5
:10F070007563636565646564000000002F646174F6
:10F08000612F6A656E6B696E732F776F726B737029
:10F090006163652F474E552D746F6F6C63686169AE
:10F0A0006E2F61726D2D31312F7372632F6E657704
:10F0B0006C69622D63796777696E2F6E65776C690D
:10F0C000622F6C6962632F7374646C69622F67646A
:10F0D000746F612D6765746865782E6300FFFFFFAC
:10F0E0000000000000000000000000000000000020
:10F0F0000000000000000000000000000000000010
:10F1000000000000000000000000000000000000FF
:10F110001011121314151617181900000000000022
:10F12000001A1B1C1D1E1F00000000000000000034
:10F1300000000000000000000000000000000000CF
:10F14000001A1B1C1D1E1F00000000000000000014
:10F1500000000000000000000000000000000000AF
:10F16000000000000000000000000000000000009F
:10F17000000000000000000000000000000000008F
:10F18000000000000000000000000000000000007F
:10F19000000000000000000000000000000000006F
:10F1A000000000000000000000000000000000005F
:10F1B000000000000000000000000000000000004F
:10F1C000000000000000000000000000000000003F
:10F1D000000000000000000000000000000000002F
:10F1E0002F646174612F6A656E6B696E732F776F20
:10F1F000726B73706163652F474E552D746F6F6C22
:10F20000636861696E2F61726D2D31312F73726386
:10F210002F6E65776C69622D63796777696E2F6EE3
:10F2200065776C69622F6C6962632F7374646C69B3
:10F23000622F6D707265632E6300FFFFFFFFFFFF9B
:10F240000080E03779C34143176E05B5B5B89346E2
:10F25000F5F93FE9034F384D321D30F94877825AAE
:10F260003CBF737FDD4F1575000000000000F03FCC
:10F270000000000000002440000000000000594091
:10F280000000000000408F40000000000088C340E4
:10F2900000000000006AF8400000000080842E4159
:10F2A00000000000D01263410000000084D79741A5
:10F2B0000000000065CDCD41000000205FA00242AB
:10F2C000000000E876483742000000A2941A6D4220
:10F2D000000040E59C30A2420000901EC4BCD64213
:10F2E00000003426F56B0C430080E03779C34143BE
:10F2F00000A0D8855734764300C84E676DC1AB4334
:10F30000003D9160E458E143408CB5781DAF154451
:10F3100050EFE2D6E41A4B4492D54D06CFF080442C
:10F32000F64AE1C7022DB544B49DD9794378EA4441
:10F3300005000000190000007D000000494E460055
:10F340004E414E0030313233343536373839414250
:10F350004344454600000000286E756C6C2900FF90
:10F36000202020202020202020202020202020209D
:10F37000303030303030303030303030303030308D
:10F380002C2066756E6374696F6E3A200000000071
:10F39000617373657274696F6E2022257322206613
:10F3A00061696C65643A2066696C65202225732268
:10F3B0002C206C696E65202564257325730A00FF77
:10F3C000496E66696E697479000000004E614E00F6
:10F3D0002F646174612F6A656E6B696E732F776F2E
:10F3E000726B73706163652F474E552D746F6F6C30
:10F3F000636861696E2F61726D2D31312F73726395
:10F400002F6E65776C69622D63796777696E2F6EF1
:10F4100065776C69622F6C6962632F7374646C69C1
:10F42000622F64746F612E6300FFFFFF2020202095
:10F43000202020202020202020202020303030308C
:10F44000303030303030303030303030F8B500BF10
:10F45000F8BC08BC9E4670472581020035040000B8
:10F46000350E00003122000091230000252D000000
:10F47000712D0000992D000029320000813200001A
:10F4800001390000C53A0000BD44000015590000D4
:10F49000ED7700006D81000029820000BD82000030
:10F4A000E989000011BB000029C9000055C900000E
:10F4B00079D50000E9D50000C9D60000D1FD0000D3
:10F4C000F1020100C10601003D0A0100F51601002C
:10F4D000611C010001210100C5240100852F0100EC
:10F4E0000D3B0100CD5201005554010009560100A9
:0CF4F0004D5601004D620100B9D601002C
:04F4FC00F8B500BFA0
:08F50000F013FF7F0100000081
:10F50800000000005C99FF1FB099FF1F109BFF1FB0
:10F51800389AFF1F72000000760000007800000093
:10F52800790000007E0000007B0000007A000000E7
:10F538007C0000007F000000870000008B000000B6
:10F548001C99FF1FA099FF1F889AFF1FE899FF1FAA
:10F5580064000000680000006A0000006B00000002
:10F56800700000006D0000006C0000006E000000DC
:10F578007100000082000000860000000101000008
:10F588002C010000D0E8020000000000E8030000A1
:10F598000000000065F8010038E9020000000000E2
:10F5A800E80300000000000069F80100E0A5FF1F63
:10F5B800280000001A000000400000004000000081
:10F5C80001000000280000001A00000040000000B0
:10F5D80009000000280000000A00000028000000C0
:10F5E800400000002800000001010000E0EA0200DD
:10F5F80000000000E803000000000000FFFFFFFF1C
:10F60800010A040009024300020100C03209040093
:10F618000001020201000524001001052401010176
:10F628000424020605240600010705820310004091
:10F6380009040100020A0000000705030240000057
:10F64800070584024000000012011001020000407A
:10F65800C0168304750201020301000004030904B3
:10F6680018035400650065006E007300790064009B
:10F67800750069006E006F001603550053004200C4
:10F688002000530065007200690061006C000000F2
:10F698000C03000000000000000000000000000053
:10F6A800000000000000000000C00240E8EB02007B
:10F6B8000000000000000000000000000000000042
:10F6C8000000000000000000000000000000000032
:10F6D8000000000000000000000000000000000022
:10F6E800000000000000F03F59F3F8C21F6EA501AA
:10F6F8000000803F6042A20D0000000000000000F2
:10F708001889FF1F1889FF1F2089FF1F2089FF1FE5
:10F718002889FF1F2889FF1F3089FF1F3089FF1F95
:10F728003889FF1F3889FF1F4089FF1F4089FF1F45
:10F738004889FF1F4889FF1F5089FF1F5089FF1FF5
:10F748005889FF1F5889FF1F6089FF1F6089FF1FA5
:10F758006889FF1F6889FF1F7089FF1F7089FF1F55
:10F768007889FF1F7889FF1F8089FF1F8089FF1F05
:10F778008889FF1F8889FF1F9089FF1F9089FF1FB5
:10F788009889FF1F9889FF1FA089FF1FA089FF1F65
:10F79800A889FF1FA889FF1FB089FF1FB089FF1F15
:10F7A800B889FF1FB889FF1FC089FF1FC089FF1FC5
:10F7B800C889FF1FC889FF1FD089FF1FD089FF1F75
:10F7C800D889FF1FD889FF1FE089FF1FE089FF1F25
:10F7D800E889FF1FE889FF1FF089FF1FF089FF1FD5
:10F7E800F889FF1FF889FF1F008AFF1F008AFF1F83
:10F7F800088AFF1F088AFF1F108AFF1F108AFF1F31
:10F80800188AFF1F188AFF1F208AFF1F208AFF1FE0
:10F81800288AFF1F288AFF1F308AFF1F308AFF1F90
:10F82800388AFF1F388AFF1F408AFF1F408AFF1F40
:10F83800488AFF1F488AFF1F508AFF1F508AFF1FF0
:10F84800588AFF1F588AFF1F608AFF1F608AFF1FA0
:10F85800688AFF1F688AFF1F708AFF1F708AFF1F50
:10F86800788AFF1F788AFF1F808AFF1F808AFF1F00
:10F87800888AFF1F888AFF1F908AFF1F908AFF1FB0
:10F88800988AFF1F988AFF1FA08AFF1FA08AFF1F60
:10F89800A88AFF1FA88AFF1FB08AFF1FB08AFF1F10
:10F8A800B88AFF1FB88AFF1FC08AFF1FC08AFF1FC0
:10F8B800C88AFF1FC88AFF1FD08AFF1FD08AFF1F70
:10F8C800D88AFF1FD88AFF1FE08AFF1FE08AFF1F20
:10F8D800E88AFF1FE88AFF1FF08AFF1FF08AFF1FD0
:10F8E800F88AFF1FF88AFF1F008BFF1F008BFF1F7E
:10F8F800088BFF1F088BFF1F108BFF1F108BFF1F2C
:10F90800188BFF1F188BFF1F208BFF1F208BFF1FDB
:10F91800288BFF1F288BFF1F308BFF1F308BFF1F8B
:10F92800388BFF1F388BFF1F408BFF1F408BFF1F3B
:10F93800488BFF1F488BFF1F508BFF1F508BFF1FEB
:10F94800588BFF1F588BFF1F608BFF1F608BFF1F9B
:10F95800688BFF1F688BFF1F708BFF1F708BFF1F4B
:10F96800788BFF1F788BFF1F808BFF1F808BFF1FFB
:10F97800888BFF1F888BFF1F908BFF1F908BFF1FAB
:10F98800988BFF1F988BFF1FA08BFF1FA08BFF1F5B
:10F99800A88BFF1FA88BFF1FB08BFF1FB08BFF1F0B
:10F9A800B88BFF1FB88BFF1FC08BFF1FC08BFF1FBB
:10F9B800C88BFF1FC88BFF1FD08BFF1FD08BFF1F6B
:10F9C800D88BFF1FD88BFF1FE08BFF1FE08BFF1F1B
:10F9D800E88BFF1FE88BFF1FF08BFF1FF08BFF1FCB
:10F9E800F88BFF1FF88BFF1F008CFF1F008CFF1F79
:10F9F800088CFF1F088CFF1F108CFF1F108CFF1F27
:10FA0800188CFF1F188CFF1F208CFF1F208CFF1FD6
:10FA1800288CFF1F288CFF1F308CFF1F308CFF1F86
:10FA2800388CFF1F388CFF1F408CFF1F408CFF1F36
:10FA3800488CFF1F488CFF1F508CFF1F508CFF1FE6
:10FA4800588CFF1F588CFF1F608CFF1F608CFF1F96
:10FA5800688CFF1F688CFF1F708CFF1F708CFF1F46
:10FA6800788CFF1F788CFF1F808CFF1F808CFF1FF6
:10FA7800888CFF1F888CFF1F908CFF1F908CFF1FA6
:10FA8800988CFF1F988CFF1FA08CFF1FA08CFF1F56
:10FA9800A88CFF1FA88CFF1FB08CFF1FB08CFF1F06
:10FAA800B88CFF1FB88CFF1FC08CFF1FC08CFF1FB6
:10FAB800C88CFF1FC88CFF1FD08CFF1FD08CFF1F66
:10FAC800D88CFF1FD88CFF1FE08CFF1FE08CFF1F16
:10FAD800E88CFF1FE88CFF1FF08CFF1FF08CFF1FC6
:10FAE800F88CFF1FF88CFF1F008DFF1F008DFF1F74
:10FAF800088DFF1F088DFF1F108DFF1F108DFF1F22
:10FB0800FFFFFFFF000002000000000003000000EC
:10FB180000A3FF1F430000000000000000000000D9
:10FB280000000000000000000000000000000000CD
:10FB3800000000004300000000000000000000007A
:10FB480000000000000000000000000000000000AD
:10FB5800000000004300000000000000000000005A
:10FB6800000000000000000000000000000000008D
:10FB7800000000004300000000000000000000003A
:10FB8800000000000000000000000000000000006D
:10FB9800000000004300000000000000000000001A
:10FBA800000000000000000000000000000000004D
:10FBB80000000000430000000000000000000000FA
:10FBC800000000000000000000000000000000002D
:10FBD80000000000430000000000000000000000DA
:10FBE800000000000000000000000000000000000D
:10FBF8000000000045960200ED8B020000000000A6
:10FC080020EF0200B8EE02008CF302008CF3020031
:10FC18008CF302008CF302008CF302008CF30200D8
:10FC28008CF302008CF302008CF30200FFFFFFFF4D
:10FC3800FFFFFFFFFFFFFFFFFFFF00000100415331
:10FC480043494900000000000000000000000000D7
:10FC58000000000000000000000000000000415308
:10FC680043494900000000000000000000000000B7
:10FC7800000000000000000000000000000000007C
:10FC88000000000000A3FF1F68A3FF1FD0A3FF1FF1
:10FC9800000000000000000000000000000000005C
:10FCA800000000000000000000000000000000004C
:10FCB800000000000000000000000000000000003C
:10FCC800000000000000000000000000000000002C
:10FCD800000000000000000000000000000000001C
:10FCE800000000000000000000000000000000000C
:10FCF80000000000000000000000000000000000FC
:10FD080000000000000000000000000000000000EB
:10FD180000000000000000000100000000000000DA
:10FD28000E33CDAB34126DE6ECDE05000B0000009F
:10FD380000000000000000000000000000000000BB
:10FD480000000000000000000000000000000000AB
:10FD5800000000000000000000000000000000009B
:10FD6800000000000000000000000000000000008B
:10FD7800000000000000000000000000000000007B
:10FD8800000000000000000000000000000000006B
:10FD9800000000000000000000000000000000005B
:08FDA800A08EFF1F40A4FF1F05
:00000001FF
